INFO:root:Initiating Sensing Orchestra...
WARNING:root:Might implement 6GHz in future...
INFO:root:Creating band: WiFiBand.BAND_2_4_GHz channel : 1
INFO:root:Creating band: WiFiBand.BAND_2_4_GHz channel : 2
INFO:root:Creating band: WiFiBand.BAND_2_4_GHz channel : 3
INFO:root:Creating band: WiFiBand.BAND_2_4_GHz channel : 4
INFO:root:Creating band: WiFiBand.BAND_2_4_GHz channel : 5
INFO:root:Creating band: WiFiBand.BAND_2_4_GHz channel : 6
INFO:root:Creating band: WiFiBand.BAND_2_4_GHz channel : 7
INFO:root:Creating band: WiFiBand.BAND_2_4_GHz channel : 8
INFO:root:Creating band: WiFiBand.BAND_2_4_GHz channel : 9
INFO:root:Creating band: WiFiBand.BAND_2_4_GHz channel : 10
INFO:root:Creating band: WiFiBand.BAND_2_4_GHz channel : 11
INFO:root:Creating band: WiFiBand.BAND_2_4_GHz channel : 12
INFO:root:Creating band: WiFiBand.BAND_2_4_GHz channel : 13
INFO:root:Creating band: WiFiBand.BAND_2_4_GHz channel : 14
INFO:root:Creating band: WiFiBand.BAND_5_GHz channel : 36
INFO:root:Creating band: WiFiBand.BAND_5_GHz channel : 40
INFO:root:Creating band: WiFiBand.BAND_5_GHz channel : 44
INFO:root:Creating band: WiFiBand.BAND_5_GHz channel : 48
INFO:root:Creating band: WiFiBand.BAND_5_GHz channel : 52
INFO:root:Creating band: WiFiBand.BAND_5_GHz channel : 56
INFO:root:Creating band: WiFiBand.BAND_5_GHz channel : 60
INFO:root:Creating band: WiFiBand.BAND_5_GHz channel : 64
INFO:root:Creating band: WiFiBand.BAND_5_GHz channel : 100
INFO:root:Creating band: WiFiBand.BAND_5_GHz channel : 104
INFO:root:Creating band: WiFiBand.BAND_5_GHz channel : 108
INFO:root:Creating band: WiFiBand.BAND_5_GHz channel : 112
INFO:root:Creating band: WiFiBand.BAND_5_GHz channel : 116
INFO:root:Creating band: WiFiBand.BAND_5_GHz channel : 120
INFO:root:Creating band: WiFiBand.BAND_5_GHz channel : 124
INFO:root:Creating band: WiFiBand.BAND_5_GHz channel : 128
INFO:root:Creating band: WiFiBand.BAND_5_GHz channel : 132
INFO:root:Creating band: WiFiBand.BAND_5_GHz channel : 136
INFO:root:Creating band: WiFiBand.BAND_5_GHz channel : 140
INFO:root:Creating band: WiFiBand.BAND_5_GHz channel : 144
INFO:root:Creating band: WiFiBand.BAND_5_GHz channel : 149
INFO:root:Creating band: WiFiBand.BAND_5_GHz channel : 153
INFO:root:Creating band: WiFiBand.BAND_5_GHz channel : 157
INFO:root:Creating band: WiFiBand.BAND_5_GHz channel : 161
INFO:root:Initiating MAB...
INFO:root:Initiating MAB...
INFO:root:Serving Client Request...
INFO:root:Scanning channels...
INFO:root:For 2_4GHz...
INFO:root:Noisiest 2_4GHz channel... 1
INFO:root:--------------------------------

INFO:root:[2025-11-10 05:05:40] WiFiBand.BAND_2_4_GHz  BAND:                     WiFiBand.BAND_2_4_GHz
INFO:root:[2025-11-10 05:05:40] WiFiBand.BAND_2_4_GHz  CHANNEL:                  1
INFO:root:[2025-11-10 05:05:40] WiFiBand.BAND_2_4_GHz  NOISE FLOOR (dBm):        -95
INFO:root:[2025-11-10 05:05:40] WiFiBand.BAND_2_4_GHz  AVG CLIENT SNR (dB):      0
INFO:root:[2025-11-10 05:05:40] WiFiBand.BAND_2_4_GHz  AVG COUNT:                0
INFO:root:[2025-11-10 05:05:40] WiFiBand.BAND_2_4_GHz  AVG THROUGHPUT (Mbps):    0
INFO:root:[2025-11-10 05:05:40] WiFiBand.BAND_2_4_GHz  CHANNEL UTILIZATION:      0
INFO:root:[2025-11-10 05:05:40] WiFiBand.BAND_2_4_GHz  INTERFERENCE:             0
INFO:root:[2025-11-10 05:05:40] WiFiBand.BAND_2_4_GHz  CLIENTS:                  set()
INFO:root:[2025-11-10 05:05:40] WiFiBand.BAND_2_4_GHz  QOE:                      0
INFO:root:[2025-11-10 05:05:40] WiFiBand.BAND_2_4_GHz  TX POWER (dBm):           0
INFO:root:[2025-11-10 05:05:40] WiFiBand.BAND_2_4_GHz  CHANNEL WIDTH (MHz):      0
INFO:root:[2025-11-10 05:05:40] WiFiBand.BAND_2_4_GHz  INTERFERENCE WEIGHT:      1
INFO:root:[2025-11-10 05:05:40] WiFiBand.BAND_2_4_GHz  DFS:                      0
INFO:root:
WARNING:root:[ALERT][2025-11-10 05:05:41][Channel 1] Sudden change in SNR: 54.82 (avg=16.45, dev=233.3%)
WARNING:root:[ALERT][2025-11-10 05:05:41][Channel 1] Sudden change in TX_power: 20.00 (avg=6.00, dev=233.3%)
WARNING:root:[ALERT][2025-11-10 05:05:41][Channel 1] Sudden change in Throughput: 51.89 (avg=15.57, dev=233.3%)
WARNING:root:[ALERT][2025-11-10 05:05:41][Channel 1] Sudden change in QoE: 4.11 (avg=1.23, dev=233.3%)
WARNING:root:[ALERT][2025-11-10 05:05:41][Channel 1] Sudden change in P95_retry: 32.25 (avg=9.67, dev=233.3%)
WARNING:root:[ALERT][2025-11-10 05:05:41][Channel 1] Sudden change in P95_PER: 0.00 (avg=0.00, dev=233.3%)
WARNING:root:[CUSUM ALERT][2025-11-10 05:05:41][Channel 1] SNR ↑ shift detected! deviation=38.38
WARNING:root:[CUSUM ALERT][2025-11-10 05:05:41][Channel 1] TX_power ↑ shift detected! deviation=14.00
WARNING:root:[CUSUM ALERT][2025-11-10 05:05:41][Channel 1] Throughput ↑ shift detected! deviation=36.33
WARNING:root:[CUSUM ALERT][2025-11-10 05:05:41][Channel 1] P95_retry ↑ shift detected! deviation=22.57
WARNING:root:[ALERT][2025-11-10 05:05:41][Channel 1] Sudden change in QoE: 4.58 (avg=2.23, dev=104.8%)
WARNING:root:[ALERT][2025-11-10 05:05:41][Channel 1] Sudden change in P95_PER: 0.00 (avg=0.00, dev=119.4%)
WARNING:root:[CUSUM ALERT][2025-11-10 05:05:41][Channel 1] NoiseFloor ↓ shift detected! deviation=-3.04
INFO:root:Scanning channels...
INFO:root:For 5GHz...
INFO:root:Noisiest 5GHz channel... 36
INFO:root:--------------------------------

INFO:root:[2025-11-10 05:05:41] WiFiBand.BAND_5_GHz  BAND:                     WiFiBand.BAND_5_GHz
INFO:root:[2025-11-10 05:05:41] WiFiBand.BAND_5_GHz  CHANNEL:                  36
INFO:root:[2025-11-10 05:05:41] WiFiBand.BAND_5_GHz  NOISE FLOOR (dBm):        -95
INFO:root:[2025-11-10 05:05:41] WiFiBand.BAND_5_GHz  AVG CLIENT SNR (dB):      0
INFO:root:[2025-11-10 05:05:41] WiFiBand.BAND_5_GHz  AVG COUNT:                0
INFO:root:[2025-11-10 05:05:41] WiFiBand.BAND_5_GHz  AVG THROUGHPUT (Mbps):    0
INFO:root:[2025-11-10 05:05:41] WiFiBand.BAND_5_GHz  CHANNEL UTILIZATION:      0
INFO:root:[2025-11-10 05:05:41] WiFiBand.BAND_5_GHz  INTERFERENCE:             0
INFO:root:[2025-11-10 05:05:41] WiFiBand.BAND_5_GHz  CLIENTS:                  set()
INFO:root:[2025-11-10 05:05:41] WiFiBand.BAND_5_GHz  QOE:                      0
INFO:root:[2025-11-10 05:05:41] WiFiBand.BAND_5_GHz  TX POWER (dBm):           0
INFO:root:[2025-11-10 05:05:41] WiFiBand.BAND_5_GHz  CHANNEL WIDTH (MHz):      0
INFO:root:[2025-11-10 05:05:41] WiFiBand.BAND_5_GHz  INTERFERENCE WEIGHT:      1
INFO:root:[2025-11-10 05:05:41] WiFiBand.BAND_5_GHz  DFS:                      0
INFO:root:
WARNING:root:[ALERT][2025-11-10 05:05:41][Channel 36] Sudden change in SNR: 46.81 (avg=14.04, dev=233.3%)
WARNING:root:[ALERT][2025-11-10 05:05:41][Channel 36] Sudden change in TX_power: 21.00 (avg=6.30, dev=233.3%)
WARNING:root:[ALERT][2025-11-10 05:05:41][Channel 36] Sudden change in Throughput: 298.10 (avg=89.43, dev=233.3%)
WARNING:root:[ALERT][2025-11-10 05:05:41][Channel 36] Sudden change in QoE: 4.00 (avg=1.20, dev=233.3%)
WARNING:root:[ALERT][2025-11-10 05:05:41][Channel 36] Sudden change in P95_retry: 36.35 (avg=10.91, dev=233.3%)
WARNING:root:[ALERT][2025-11-10 05:05:41][Channel 36] Sudden change in P95_PER: 0.01 (avg=0.00, dev=233.3%)
WARNING:root:[CUSUM ALERT][2025-11-10 05:05:41][Channel 36] SNR ↑ shift detected! deviation=32.77
WARNING:root:[CUSUM ALERT][2025-11-10 05:05:41][Channel 36] TX_power ↑ shift detected! deviation=14.70
WARNING:root:[CUSUM ALERT][2025-11-10 05:05:41][Channel 36] Throughput ↑ shift detected! deviation=208.67
WARNING:root:[CUSUM ALERT][2025-11-10 05:05:41][Channel 36] P95_retry ↑ shift detected! deviation=25.45
WARNING:root:[ALERT][2025-11-10 05:05:41][Channel 36] Sudden change in QoE: 4.62 (avg=2.23, dev=107.7%)
WARNING:root:[ALERT][2025-11-10 05:05:41][Channel 36] Sudden change in P95_PER: 0.02 (avg=0.01, dev=140.4%)
INFO:root:Serving Client Request...
WARNING:root:[CUSUM ALERT][2025-11-10 05:05:41][Channel 36] NoiseFloor ↑ shift detected! deviation=3.01
INFO:root:Initiating Sensing Orchestra...
WARNING:root:Might implement 6GHz in future...
INFO:root:Creating band: WiFiBand.BAND_2_4_GHz channel : 1
INFO:root:Creating band: WiFiBand.BAND_2_4_GHz channel : 2
INFO:root:Creating band: WiFiBand.BAND_2_4_GHz channel : 3
INFO:root:Creating band: WiFiBand.BAND_2_4_GHz channel : 4
INFO:root:Creating band: WiFiBand.BAND_2_4_GHz channel : 5
INFO:root:Creating band: WiFiBand.BAND_2_4_GHz channel : 6
INFO:root:Creating band: WiFiBand.BAND_2_4_GHz channel : 7
INFO:root:Creating band: WiFiBand.BAND_2_4_GHz channel : 8
INFO:root:Creating band: WiFiBand.BAND_2_4_GHz channel : 9
INFO:root:Creating band: WiFiBand.BAND_2_4_GHz channel : 10
INFO:root:Creating band: WiFiBand.BAND_2_4_GHz channel : 11
INFO:root:Creating band: WiFiBand.BAND_2_4_GHz channel : 12
INFO:root:Creating band: WiFiBand.BAND_2_4_GHz channel : 13
INFO:root:Creating band: WiFiBand.BAND_2_4_GHz channel : 14
INFO:root:Creating band: WiFiBand.BAND_5_GHz channel : 36
INFO:root:Creating band: WiFiBand.BAND_5_GHz channel : 40
INFO:root:Creating band: WiFiBand.BAND_5_GHz channel : 44
INFO:root:Creating band: WiFiBand.BAND_5_GHz channel : 48
INFO:root:Creating band: WiFiBand.BAND_5_GHz channel : 52
INFO:root:Creating band: WiFiBand.BAND_5_GHz channel : 56
INFO:root:Creating band: WiFiBand.BAND_5_GHz channel : 60
INFO:root:Creating band: WiFiBand.BAND_5_GHz channel : 64
INFO:root:Creating band: WiFiBand.BAND_5_GHz channel : 100
INFO:root:Creating band: WiFiBand.BAND_5_GHz channel : 104
INFO:root:Creating band: WiFiBand.BAND_5_GHz channel : 108
INFO:root:Creating band: WiFiBand.BAND_5_GHz channel : 112
INFO:root:Creating band: WiFiBand.BAND_5_GHz channel : 116
INFO:root:Creating band: WiFiBand.BAND_5_GHz channel : 120
INFO:root:Creating band: WiFiBand.BAND_5_GHz channel : 124
INFO:root:Creating band: WiFiBand.BAND_5_GHz channel : 128
INFO:root:Creating band: WiFiBand.BAND_5_GHz channel : 132
INFO:root:Creating band: WiFiBand.BAND_5_GHz channel : 136
INFO:root:Creating band: WiFiBand.BAND_5_GHz channel : 140
INFO:root:Creating band: WiFiBand.BAND_5_GHz channel : 144
INFO:root:Creating band: WiFiBand.BAND_5_GHz channel : 149
INFO:root:Creating band: WiFiBand.BAND_5_GHz channel : 153
INFO:root:Creating band: WiFiBand.BAND_5_GHz channel : 157
INFO:root:Creating band: WiFiBand.BAND_5_GHz channel : 161
INFO:root:Initiating MAB...
INFO:root:Initiating MAB...
INFO:root:Serving Client Request...
INFO:root:Scanning channels...
INFO:root:For 2_4GHz...
INFO:root:Noisiest 2_4GHz channel... 1
INFO:root:--------------------------------

INFO:root:[2025-11-10 05:06:48] WiFiBand.BAND_2_4_GHz  BAND:                     WiFiBand.BAND_2_4_GHz
INFO:root:[2025-11-10 05:06:48] WiFiBand.BAND_2_4_GHz  CHANNEL:                  1
INFO:root:[2025-11-10 05:06:48] WiFiBand.BAND_2_4_GHz  NOISE FLOOR (dBm):        -95
INFO:root:[2025-11-10 05:06:48] WiFiBand.BAND_2_4_GHz  AVG CLIENT SNR (dB):      0
INFO:root:[2025-11-10 05:06:48] WiFiBand.BAND_2_4_GHz  AVG COUNT:                0
INFO:root:[2025-11-10 05:06:48] WiFiBand.BAND_2_4_GHz  AVG THROUGHPUT (Mbps):    0
INFO:root:[2025-11-10 05:06:48] WiFiBand.BAND_2_4_GHz  CHANNEL UTILIZATION:      0
INFO:root:[2025-11-10 05:06:48] WiFiBand.BAND_2_4_GHz  INTERFERENCE:             0
INFO:root:[2025-11-10 05:06:48] WiFiBand.BAND_2_4_GHz  CLIENTS:                  set()
INFO:root:[2025-11-10 05:06:48] WiFiBand.BAND_2_4_GHz  QOE:                      0
INFO:root:[2025-11-10 05:06:48] WiFiBand.BAND_2_4_GHz  TX POWER (dBm):           0
INFO:root:[2025-11-10 05:06:48] WiFiBand.BAND_2_4_GHz  CHANNEL WIDTH (MHz):      0
INFO:root:[2025-11-10 05:06:48] WiFiBand.BAND_2_4_GHz  INTERFERENCE WEIGHT:      1
INFO:root:[2025-11-10 05:06:48] WiFiBand.BAND_2_4_GHz  DFS:                      0
INFO:root:
WARNING:root:[ALERT][2025-11-10 05:06:48][Channel 1] Sudden change in SNR: 54.82 (avg=16.45, dev=233.3%)
WARNING:root:[ALERT][2025-11-10 05:06:48][Channel 1] Sudden change in TX_power: 20.00 (avg=6.00, dev=233.3%)
WARNING:root:[ALERT][2025-11-10 05:06:48][Channel 1] Sudden change in Throughput: 51.89 (avg=15.57, dev=233.3%)
WARNING:root:[ALERT][2025-11-10 05:06:48][Channel 1] Sudden change in QoE: 4.11 (avg=1.23, dev=233.3%)
WARNING:root:[ALERT][2025-11-10 05:06:48][Channel 1] Sudden change in P95_retry: 32.25 (avg=9.67, dev=233.3%)
WARNING:root:[ALERT][2025-11-10 05:06:48][Channel 1] Sudden change in P95_PER: 0.00 (avg=0.00, dev=233.3%)
WARNING:root:[CUSUM ALERT][2025-11-10 05:06:48][Channel 1] SNR ↑ shift detected! deviation=38.38
WARNING:root:[CUSUM ALERT][2025-11-10 05:06:48][Channel 1] TX_power ↑ shift detected! deviation=14.00
WARNING:root:[CUSUM ALERT][2025-11-10 05:06:48][Channel 1] Throughput ↑ shift detected! deviation=36.33
WARNING:root:[CUSUM ALERT][2025-11-10 05:06:48][Channel 1] P95_retry ↑ shift detected! deviation=22.57
WARNING:root:[ALERT][2025-11-10 05:06:48][Channel 1] Sudden change in QoE: 4.58 (avg=2.23, dev=104.8%)
WARNING:root:[ALERT][2025-11-10 05:06:48][Channel 1] Sudden change in P95_PER: 0.00 (avg=0.00, dev=119.4%)
WARNING:root:[CUSUM ALERT][2025-11-10 05:06:48][Channel 1] NoiseFloor ↓ shift detected! deviation=-3.04
INFO:root:Scanning channels...
INFO:root:For 5GHz...
INFO:root:Noisiest 5GHz channel... 36
INFO:root:--------------------------------

INFO:root:[2025-11-10 05:06:48] WiFiBand.BAND_5_GHz  BAND:                     WiFiBand.BAND_5_GHz
INFO:root:[2025-11-10 05:06:48] WiFiBand.BAND_5_GHz  CHANNEL:                  36
INFO:root:[2025-11-10 05:06:48] WiFiBand.BAND_5_GHz  NOISE FLOOR (dBm):        -95
INFO:root:[2025-11-10 05:06:48] WiFiBand.BAND_5_GHz  AVG CLIENT SNR (dB):      0
INFO:root:[2025-11-10 05:06:48] WiFiBand.BAND_5_GHz  AVG COUNT:                0
INFO:root:[2025-11-10 05:06:48] WiFiBand.BAND_5_GHz  AVG THROUGHPUT (Mbps):    0
INFO:root:[2025-11-10 05:06:48] WiFiBand.BAND_5_GHz  CHANNEL UTILIZATION:      0
INFO:root:[2025-11-10 05:06:48] WiFiBand.BAND_5_GHz  INTERFERENCE:             0
INFO:root:[2025-11-10 05:06:48] WiFiBand.BAND_5_GHz  CLIENTS:                  set()
INFO:root:[2025-11-10 05:06:48] WiFiBand.BAND_5_GHz  QOE:                      0
INFO:root:[2025-11-10 05:06:48] WiFiBand.BAND_5_GHz  TX POWER (dBm):           0
INFO:root:[2025-11-10 05:06:48] WiFiBand.BAND_5_GHz  CHANNEL WIDTH (MHz):      0
INFO:root:[2025-11-10 05:06:48] WiFiBand.BAND_5_GHz  INTERFERENCE WEIGHT:      1
INFO:root:[2025-11-10 05:06:48] WiFiBand.BAND_5_GHz  DFS:                      0
INFO:root:
WARNING:root:[ALERT][2025-11-10 05:06:48][Channel 36] Sudden change in SNR: 46.81 (avg=14.04, dev=233.3%)
WARNING:root:[ALERT][2025-11-10 05:06:48][Channel 36] Sudden change in TX_power: 21.00 (avg=6.30, dev=233.3%)
WARNING:root:[ALERT][2025-11-10 05:06:48][Channel 36] Sudden change in Throughput: 298.10 (avg=89.43, dev=233.3%)
WARNING:root:[ALERT][2025-11-10 05:06:48][Channel 36] Sudden change in QoE: 4.00 (avg=1.20, dev=233.3%)
WARNING:root:[ALERT][2025-11-10 05:06:48][Channel 36] Sudden change in P95_retry: 36.35 (avg=10.91, dev=233.3%)
WARNING:root:[ALERT][2025-11-10 05:06:48][Channel 36] Sudden change in P95_PER: 0.01 (avg=0.00, dev=233.3%)
WARNING:root:[CUSUM ALERT][2025-11-10 05:06:48][Channel 36] SNR ↑ shift detected! deviation=32.77
WARNING:root:[CUSUM ALERT][2025-11-10 05:06:48][Channel 36] TX_power ↑ shift detected! deviation=14.70
WARNING:root:[CUSUM ALERT][2025-11-10 05:06:48][Channel 36] Throughput ↑ shift detected! deviation=208.67
WARNING:root:[CUSUM ALERT][2025-11-10 05:06:48][Channel 36] P95_retry ↑ shift detected! deviation=25.45
WARNING:root:[ALERT][2025-11-10 05:06:48][Channel 36] Sudden change in QoE: 4.62 (avg=2.23, dev=107.7%)
WARNING:root:[ALERT][2025-11-10 05:06:48][Channel 36] Sudden change in P95_PER: 0.02 (avg=0.01, dev=140.4%)
INFO:root:Serving Client Request...
WARNING:root:[CUSUM ALERT][2025-11-10 05:06:48][Channel 36] NoiseFloor ↑ shift detected! deviation=3.01
INFO:root:--------------------------------

INFO:root:[2025-11-10 05:06:52] WiFiBand.BAND_2_4_GHz  BAND:                     WiFiBand.BAND_2_4_GHz
INFO:root:[2025-11-10 05:06:52] WiFiBand.BAND_2_4_GHz  CHANNEL:                  1
INFO:root:[2025-11-10 05:06:52] WiFiBand.BAND_2_4_GHz  NOISE FLOOR (dBm):        -94.98158776471328
INFO:root:[2025-11-10 05:06:52] WiFiBand.BAND_2_4_GHz  AVG CLIENT SNR (dB):      53.993060041147814
INFO:root:[2025-11-10 05:06:52] WiFiBand.BAND_2_4_GHz  AVG COUNT:                8640
INFO:root:[2025-11-10 05:06:52] WiFiBand.BAND_2_4_GHz  AVG THROUGHPUT (Mbps):    59.247251241293256
INFO:root:[2025-11-10 05:06:52] WiFiBand.BAND_2_4_GHz  CHANNEL UTILIZATION:      0.472401536708141
INFO:root:[2025-11-10 05:06:52] WiFiBand.BAND_2_4_GHz  INTERFERENCE:             4341
INFO:root:[2025-11-10 05:06:52] WiFiBand.BAND_2_4_GHz  CLIENTS:                  {'AP24_1'}
INFO:root:[2025-11-10 05:06:52] WiFiBand.BAND_2_4_GHz  QOE:                      4.477610882009442
INFO:root:[2025-11-10 05:06:52] WiFiBand.BAND_2_4_GHz  TX POWER (dBm):           19.999998649285086
INFO:root:[2025-11-10 05:06:52] WiFiBand.BAND_2_4_GHz  CHANNEL WIDTH (MHz):      0
INFO:root:[2025-11-10 05:06:52] WiFiBand.BAND_2_4_GHz  INTERFERENCE WEIGHT:      1
INFO:root:[2025-11-10 05:06:52] WiFiBand.BAND_2_4_GHz  DFS:                      0
INFO:root:
INFO:root:--------------------------------

INFO:root:[2025-11-10 05:06:52] WiFiBand.BAND_2_4_GHz  BAND:                     WiFiBand.BAND_2_4_GHz
INFO:root:[2025-11-10 05:06:52] WiFiBand.BAND_2_4_GHz  CHANNEL:                  2
INFO:root:[2025-11-10 05:06:52] WiFiBand.BAND_2_4_GHz  NOISE FLOOR (dBm):        -95
INFO:root:[2025-11-10 05:06:52] WiFiBand.BAND_2_4_GHz  AVG CLIENT SNR (dB):      0
INFO:root:[2025-11-10 05:06:52] WiFiBand.BAND_2_4_GHz  AVG COUNT:                0
INFO:root:[2025-11-10 05:06:52] WiFiBand.BAND_2_4_GHz  AVG THROUGHPUT (Mbps):    0
INFO:root:[2025-11-10 05:06:52] WiFiBand.BAND_2_4_GHz  CHANNEL UTILIZATION:      0
INFO:root:[2025-11-10 05:06:52] WiFiBand.BAND_2_4_GHz  INTERFERENCE:             0
INFO:root:[2025-11-10 05:06:52] WiFiBand.BAND_2_4_GHz  CLIENTS:                  set()
INFO:root:[2025-11-10 05:06:52] WiFiBand.BAND_2_4_GHz  QOE:                      0
INFO:root:[2025-11-10 05:06:52] WiFiBand.BAND_2_4_GHz  TX POWER (dBm):           0
INFO:root:[2025-11-10 05:06:52] WiFiBand.BAND_2_4_GHz  CHANNEL WIDTH (MHz):      0
INFO:root:[2025-11-10 05:06:52] WiFiBand.BAND_2_4_GHz  INTERFERENCE WEIGHT:      1
INFO:root:[2025-11-10 05:06:52] WiFiBand.BAND_2_4_GHz  DFS:                      0
INFO:root:
INFO:root:--------------------------------

INFO:root:[2025-11-10 05:06:52] WiFiBand.BAND_2_4_GHz  BAND:                     WiFiBand.BAND_2_4_GHz
INFO:root:[2025-11-10 05:06:52] WiFiBand.BAND_2_4_GHz  CHANNEL:                  3
INFO:root:[2025-11-10 05:06:52] WiFiBand.BAND_2_4_GHz  NOISE FLOOR (dBm):        -95
INFO:root:[2025-11-10 05:06:52] WiFiBand.BAND_2_4_GHz  AVG CLIENT SNR (dB):      0
INFO:root:[2025-11-10 05:06:52] WiFiBand.BAND_2_4_GHz  AVG COUNT:                0
INFO:root:[2025-11-10 05:06:52] WiFiBand.BAND_2_4_GHz  AVG THROUGHPUT (Mbps):    0
INFO:root:[2025-11-10 05:06:52] WiFiBand.BAND_2_4_GHz  CHANNEL UTILIZATION:      0
INFO:root:[2025-11-10 05:06:52] WiFiBand.BAND_2_4_GHz  INTERFERENCE:             0
INFO:root:[2025-11-10 05:06:52] WiFiBand.BAND_2_4_GHz  CLIENTS:                  set()
INFO:root:[2025-11-10 05:06:52] WiFiBand.BAND_2_4_GHz  QOE:                      0
INFO:root:[2025-11-10 05:06:52] WiFiBand.BAND_2_4_GHz  TX POWER (dBm):           0
INFO:root:[2025-11-10 05:06:52] WiFiBand.BAND_2_4_GHz  CHANNEL WIDTH (MHz):      0
INFO:root:[2025-11-10 05:06:52] WiFiBand.BAND_2_4_GHz  INTERFERENCE WEIGHT:      1
INFO:root:[2025-11-10 05:06:52] WiFiBand.BAND_2_4_GHz  DFS:                      0
INFO:root:
INFO:root:--------------------------------

INFO:root:[2025-11-10 05:06:52] WiFiBand.BAND_2_4_GHz  BAND:                     WiFiBand.BAND_2_4_GHz
INFO:root:[2025-11-10 05:06:52] WiFiBand.BAND_2_4_GHz  CHANNEL:                  4
INFO:root:[2025-11-10 05:06:52] WiFiBand.BAND_2_4_GHz  NOISE FLOOR (dBm):        -95
INFO:root:[2025-11-10 05:06:52] WiFiBand.BAND_2_4_GHz  AVG CLIENT SNR (dB):      0
INFO:root:[2025-11-10 05:06:52] WiFiBand.BAND_2_4_GHz  AVG COUNT:                0
INFO:root:[2025-11-10 05:06:52] WiFiBand.BAND_2_4_GHz  AVG THROUGHPUT (Mbps):    0
INFO:root:[2025-11-10 05:06:52] WiFiBand.BAND_2_4_GHz  CHANNEL UTILIZATION:      0
INFO:root:[2025-11-10 05:06:52] WiFiBand.BAND_2_4_GHz  INTERFERENCE:             0
INFO:root:[2025-11-10 05:06:52] WiFiBand.BAND_2_4_GHz  CLIENTS:                  set()
INFO:root:[2025-11-10 05:06:52] WiFiBand.BAND_2_4_GHz  QOE:                      0
INFO:root:[2025-11-10 05:06:52] WiFiBand.BAND_2_4_GHz  TX POWER (dBm):           0
INFO:root:[2025-11-10 05:06:52] WiFiBand.BAND_2_4_GHz  CHANNEL WIDTH (MHz):      0
INFO:root:[2025-11-10 05:06:52] WiFiBand.BAND_2_4_GHz  INTERFERENCE WEIGHT:      1
INFO:root:[2025-11-10 05:06:52] WiFiBand.BAND_2_4_GHz  DFS:                      0
INFO:root:
INFO:root:--------------------------------

INFO:root:[2025-11-10 05:06:52] WiFiBand.BAND_2_4_GHz  BAND:                     WiFiBand.BAND_2_4_GHz
INFO:root:[2025-11-10 05:06:52] WiFiBand.BAND_2_4_GHz  CHANNEL:                  5
INFO:root:[2025-11-10 05:06:52] WiFiBand.BAND_2_4_GHz  NOISE FLOOR (dBm):        -95
INFO:root:[2025-11-10 05:06:52] WiFiBand.BAND_2_4_GHz  AVG CLIENT SNR (dB):      0
INFO:root:[2025-11-10 05:06:52] WiFiBand.BAND_2_4_GHz  AVG COUNT:                0
INFO:root:[2025-11-10 05:06:52] WiFiBand.BAND_2_4_GHz  AVG THROUGHPUT (Mbps):    0
INFO:root:[2025-11-10 05:06:52] WiFiBand.BAND_2_4_GHz  CHANNEL UTILIZATION:      0
INFO:root:[2025-11-10 05:06:52] WiFiBand.BAND_2_4_GHz  INTERFERENCE:             0
INFO:root:[2025-11-10 05:06:52] WiFiBand.BAND_2_4_GHz  CLIENTS:                  set()
INFO:root:[2025-11-10 05:06:52] WiFiBand.BAND_2_4_GHz  QOE:                      0
INFO:root:[2025-11-10 05:06:52] WiFiBand.BAND_2_4_GHz  TX POWER (dBm):           0
INFO:root:[2025-11-10 05:06:52] WiFiBand.BAND_2_4_GHz  CHANNEL WIDTH (MHz):      0
INFO:root:[2025-11-10 05:06:52] WiFiBand.BAND_2_4_GHz  INTERFERENCE WEIGHT:      1
INFO:root:[2025-11-10 05:06:52] WiFiBand.BAND_2_4_GHz  DFS:                      0
INFO:root:
INFO:root:--------------------------------

INFO:root:[2025-11-10 05:06:52] WiFiBand.BAND_2_4_GHz  BAND:                     WiFiBand.BAND_2_4_GHz
INFO:root:[2025-11-10 05:06:52] WiFiBand.BAND_2_4_GHz  CHANNEL:                  6
INFO:root:[2025-11-10 05:06:52] WiFiBand.BAND_2_4_GHz  NOISE FLOOR (dBm):        -95
INFO:root:[2025-11-10 05:06:52] WiFiBand.BAND_2_4_GHz  AVG CLIENT SNR (dB):      0
INFO:root:[2025-11-10 05:06:52] WiFiBand.BAND_2_4_GHz  AVG COUNT:                0
INFO:root:[2025-11-10 05:06:52] WiFiBand.BAND_2_4_GHz  AVG THROUGHPUT (Mbps):    0
INFO:root:[2025-11-10 05:06:52] WiFiBand.BAND_2_4_GHz  CHANNEL UTILIZATION:      0
INFO:root:[2025-11-10 05:06:52] WiFiBand.BAND_2_4_GHz  INTERFERENCE:             0
INFO:root:[2025-11-10 05:06:52] WiFiBand.BAND_2_4_GHz  CLIENTS:                  set()
INFO:root:[2025-11-10 05:06:52] WiFiBand.BAND_2_4_GHz  QOE:                      0
INFO:root:[2025-11-10 05:06:52] WiFiBand.BAND_2_4_GHz  TX POWER (dBm):           0
INFO:root:[2025-11-10 05:06:52] WiFiBand.BAND_2_4_GHz  CHANNEL WIDTH (MHz):      0
INFO:root:[2025-11-10 05:06:52] WiFiBand.BAND_2_4_GHz  INTERFERENCE WEIGHT:      1
INFO:root:[2025-11-10 05:06:52] WiFiBand.BAND_2_4_GHz  DFS:                      0
INFO:root:
INFO:root:--------------------------------

INFO:root:[2025-11-10 05:06:52] WiFiBand.BAND_2_4_GHz  BAND:                     WiFiBand.BAND_2_4_GHz
INFO:root:[2025-11-10 05:06:52] WiFiBand.BAND_2_4_GHz  CHANNEL:                  7
INFO:root:[2025-11-10 05:06:52] WiFiBand.BAND_2_4_GHz  NOISE FLOOR (dBm):        -95
INFO:root:[2025-11-10 05:06:52] WiFiBand.BAND_2_4_GHz  AVG CLIENT SNR (dB):      0
INFO:root:[2025-11-10 05:06:52] WiFiBand.BAND_2_4_GHz  AVG COUNT:                0
INFO:root:[2025-11-10 05:06:52] WiFiBand.BAND_2_4_GHz  AVG THROUGHPUT (Mbps):    0
INFO:root:[2025-11-10 05:06:52] WiFiBand.BAND_2_4_GHz  CHANNEL UTILIZATION:      0
INFO:root:[2025-11-10 05:06:52] WiFiBand.BAND_2_4_GHz  INTERFERENCE:             0
INFO:root:[2025-11-10 05:06:52] WiFiBand.BAND_2_4_GHz  CLIENTS:                  set()
INFO:root:[2025-11-10 05:06:52] WiFiBand.BAND_2_4_GHz  QOE:                      0
INFO:root:[2025-11-10 05:06:52] WiFiBand.BAND_2_4_GHz  TX POWER (dBm):           0
INFO:root:[2025-11-10 05:06:52] WiFiBand.BAND_2_4_GHz  CHANNEL WIDTH (MHz):      0
INFO:root:[2025-11-10 05:06:52] WiFiBand.BAND_2_4_GHz  INTERFERENCE WEIGHT:      1
INFO:root:[2025-11-10 05:06:52] WiFiBand.BAND_2_4_GHz  DFS:                      0
INFO:root:
INFO:root:--------------------------------

INFO:root:[2025-11-10 05:06:52] WiFiBand.BAND_2_4_GHz  BAND:                     WiFiBand.BAND_2_4_GHz
INFO:root:[2025-11-10 05:06:52] WiFiBand.BAND_2_4_GHz  CHANNEL:                  8
INFO:root:[2025-11-10 05:06:52] WiFiBand.BAND_2_4_GHz  NOISE FLOOR (dBm):        -95
INFO:root:[2025-11-10 05:06:52] WiFiBand.BAND_2_4_GHz  AVG CLIENT SNR (dB):      0
INFO:root:[2025-11-10 05:06:52] WiFiBand.BAND_2_4_GHz  AVG COUNT:                0
INFO:root:[2025-11-10 05:06:52] WiFiBand.BAND_2_4_GHz  AVG THROUGHPUT (Mbps):    0
INFO:root:[2025-11-10 05:06:52] WiFiBand.BAND_2_4_GHz  CHANNEL UTILIZATION:      0
INFO:root:[2025-11-10 05:06:52] WiFiBand.BAND_2_4_GHz  INTERFERENCE:             0
INFO:root:[2025-11-10 05:06:52] WiFiBand.BAND_2_4_GHz  CLIENTS:                  set()
INFO:root:[2025-11-10 05:06:52] WiFiBand.BAND_2_4_GHz  QOE:                      0
INFO:root:[2025-11-10 05:06:52] WiFiBand.BAND_2_4_GHz  TX POWER (dBm):           0
INFO:root:[2025-11-10 05:06:52] WiFiBand.BAND_2_4_GHz  CHANNEL WIDTH (MHz):      0
INFO:root:[2025-11-10 05:06:52] WiFiBand.BAND_2_4_GHz  INTERFERENCE WEIGHT:      1
INFO:root:[2025-11-10 05:06:52] WiFiBand.BAND_2_4_GHz  DFS:                      0
INFO:root:
INFO:root:--------------------------------

INFO:root:[2025-11-10 05:06:52] WiFiBand.BAND_2_4_GHz  BAND:                     WiFiBand.BAND_2_4_GHz
INFO:root:[2025-11-10 05:06:52] WiFiBand.BAND_2_4_GHz  CHANNEL:                  9
INFO:root:[2025-11-10 05:06:52] WiFiBand.BAND_2_4_GHz  NOISE FLOOR (dBm):        -95
INFO:root:[2025-11-10 05:06:52] WiFiBand.BAND_2_4_GHz  AVG CLIENT SNR (dB):      0
INFO:root:[2025-11-10 05:06:52] WiFiBand.BAND_2_4_GHz  AVG COUNT:                0
INFO:root:[2025-11-10 05:06:52] WiFiBand.BAND_2_4_GHz  AVG THROUGHPUT (Mbps):    0
INFO:root:[2025-11-10 05:06:52] WiFiBand.BAND_2_4_GHz  CHANNEL UTILIZATION:      0
INFO:root:[2025-11-10 05:06:52] WiFiBand.BAND_2_4_GHz  INTERFERENCE:             0
INFO:root:[2025-11-10 05:06:52] WiFiBand.BAND_2_4_GHz  CLIENTS:                  set()
INFO:root:[2025-11-10 05:06:52] WiFiBand.BAND_2_4_GHz  QOE:                      0
INFO:root:[2025-11-10 05:06:52] WiFiBand.BAND_2_4_GHz  TX POWER (dBm):           0
INFO:root:[2025-11-10 05:06:52] WiFiBand.BAND_2_4_GHz  CHANNEL WIDTH (MHz):      0
INFO:root:[2025-11-10 05:06:52] WiFiBand.BAND_2_4_GHz  INTERFERENCE WEIGHT:      1
INFO:root:[2025-11-10 05:06:52] WiFiBand.BAND_2_4_GHz  DFS:                      0
INFO:root:
INFO:root:--------------------------------

INFO:root:[2025-11-10 05:06:52] WiFiBand.BAND_2_4_GHz  BAND:                     WiFiBand.BAND_2_4_GHz
INFO:root:[2025-11-10 05:06:52] WiFiBand.BAND_2_4_GHz  CHANNEL:                  10
INFO:root:[2025-11-10 05:06:52] WiFiBand.BAND_2_4_GHz  NOISE FLOOR (dBm):        -95
INFO:root:[2025-11-10 05:06:52] WiFiBand.BAND_2_4_GHz  AVG CLIENT SNR (dB):      0
INFO:root:[2025-11-10 05:06:52] WiFiBand.BAND_2_4_GHz  AVG COUNT:                0
INFO:root:[2025-11-10 05:06:52] WiFiBand.BAND_2_4_GHz  AVG THROUGHPUT (Mbps):    0
INFO:root:[2025-11-10 05:06:52] WiFiBand.BAND_2_4_GHz  CHANNEL UTILIZATION:      0
INFO:root:[2025-11-10 05:06:52] WiFiBand.BAND_2_4_GHz  INTERFERENCE:             0
INFO:root:[2025-11-10 05:06:52] WiFiBand.BAND_2_4_GHz  CLIENTS:                  set()
INFO:root:[2025-11-10 05:06:52] WiFiBand.BAND_2_4_GHz  QOE:                      0
INFO:root:[2025-11-10 05:06:52] WiFiBand.BAND_2_4_GHz  TX POWER (dBm):           0
INFO:root:[2025-11-10 05:06:52] WiFiBand.BAND_2_4_GHz  CHANNEL WIDTH (MHz):      0
INFO:root:[2025-11-10 05:06:52] WiFiBand.BAND_2_4_GHz  INTERFERENCE WEIGHT:      1
INFO:root:[2025-11-10 05:06:52] WiFiBand.BAND_2_4_GHz  DFS:                      0
INFO:root:
INFO:root:--------------------------------

INFO:root:[2025-11-10 05:06:52] WiFiBand.BAND_2_4_GHz  BAND:                     WiFiBand.BAND_2_4_GHz
INFO:root:[2025-11-10 05:06:52] WiFiBand.BAND_2_4_GHz  CHANNEL:                  11
INFO:root:[2025-11-10 05:06:52] WiFiBand.BAND_2_4_GHz  NOISE FLOOR (dBm):        -95
INFO:root:[2025-11-10 05:06:52] WiFiBand.BAND_2_4_GHz  AVG CLIENT SNR (dB):      0
INFO:root:[2025-11-10 05:06:52] WiFiBand.BAND_2_4_GHz  AVG COUNT:                0
INFO:root:[2025-11-10 05:06:52] WiFiBand.BAND_2_4_GHz  AVG THROUGHPUT (Mbps):    0
INFO:root:[2025-11-10 05:06:52] WiFiBand.BAND_2_4_GHz  CHANNEL UTILIZATION:      0
INFO:root:[2025-11-10 05:06:52] WiFiBand.BAND_2_4_GHz  INTERFERENCE:             0
INFO:root:[2025-11-10 05:06:52] WiFiBand.BAND_2_4_GHz  CLIENTS:                  set()
INFO:root:[2025-11-10 05:06:52] WiFiBand.BAND_2_4_GHz  QOE:                      0
INFO:root:[2025-11-10 05:06:52] WiFiBand.BAND_2_4_GHz  TX POWER (dBm):           0
INFO:root:[2025-11-10 05:06:52] WiFiBand.BAND_2_4_GHz  CHANNEL WIDTH (MHz):      0
INFO:root:[2025-11-10 05:06:52] WiFiBand.BAND_2_4_GHz  INTERFERENCE WEIGHT:      1
INFO:root:[2025-11-10 05:06:52] WiFiBand.BAND_2_4_GHz  DFS:                      0
INFO:root:
INFO:root:--------------------------------

INFO:root:[2025-11-10 05:06:52] WiFiBand.BAND_2_4_GHz  BAND:                     WiFiBand.BAND_2_4_GHz
INFO:root:[2025-11-10 05:06:52] WiFiBand.BAND_2_4_GHz  CHANNEL:                  12
INFO:root:[2025-11-10 05:06:52] WiFiBand.BAND_2_4_GHz  NOISE FLOOR (dBm):        -95
INFO:root:[2025-11-10 05:06:52] WiFiBand.BAND_2_4_GHz  AVG CLIENT SNR (dB):      0
INFO:root:[2025-11-10 05:06:52] WiFiBand.BAND_2_4_GHz  AVG COUNT:                0
INFO:root:[2025-11-10 05:06:52] WiFiBand.BAND_2_4_GHz  AVG THROUGHPUT (Mbps):    0
INFO:root:[2025-11-10 05:06:52] WiFiBand.BAND_2_4_GHz  CHANNEL UTILIZATION:      0
INFO:root:[2025-11-10 05:06:52] WiFiBand.BAND_2_4_GHz  INTERFERENCE:             0
INFO:root:[2025-11-10 05:06:52] WiFiBand.BAND_2_4_GHz  CLIENTS:                  set()
INFO:root:[2025-11-10 05:06:52] WiFiBand.BAND_2_4_GHz  QOE:                      0
INFO:root:[2025-11-10 05:06:52] WiFiBand.BAND_2_4_GHz  TX POWER (dBm):           0
INFO:root:[2025-11-10 05:06:52] WiFiBand.BAND_2_4_GHz  CHANNEL WIDTH (MHz):      0
INFO:root:[2025-11-10 05:06:52] WiFiBand.BAND_2_4_GHz  INTERFERENCE WEIGHT:      1
INFO:root:[2025-11-10 05:06:52] WiFiBand.BAND_2_4_GHz  DFS:                      0
INFO:root:
INFO:root:--------------------------------

INFO:root:[2025-11-10 05:06:52] WiFiBand.BAND_2_4_GHz  BAND:                     WiFiBand.BAND_2_4_GHz
INFO:root:[2025-11-10 05:06:52] WiFiBand.BAND_2_4_GHz  CHANNEL:                  13
INFO:root:[2025-11-10 05:06:52] WiFiBand.BAND_2_4_GHz  NOISE FLOOR (dBm):        -95
INFO:root:[2025-11-10 05:06:52] WiFiBand.BAND_2_4_GHz  AVG CLIENT SNR (dB):      0
INFO:root:[2025-11-10 05:06:52] WiFiBand.BAND_2_4_GHz  AVG COUNT:                0
INFO:root:[2025-11-10 05:06:52] WiFiBand.BAND_2_4_GHz  AVG THROUGHPUT (Mbps):    0
INFO:root:[2025-11-10 05:06:52] WiFiBand.BAND_2_4_GHz  CHANNEL UTILIZATION:      0
INFO:root:[2025-11-10 05:06:52] WiFiBand.BAND_2_4_GHz  INTERFERENCE:             0
INFO:root:[2025-11-10 05:06:52] WiFiBand.BAND_2_4_GHz  CLIENTS:                  set()
INFO:root:[2025-11-10 05:06:52] WiFiBand.BAND_2_4_GHz  QOE:                      0
INFO:root:[2025-11-10 05:06:52] WiFiBand.BAND_2_4_GHz  TX POWER (dBm):           0
INFO:root:[2025-11-10 05:06:52] WiFiBand.BAND_2_4_GHz  CHANNEL WIDTH (MHz):      0
INFO:root:[2025-11-10 05:06:52] WiFiBand.BAND_2_4_GHz  INTERFERENCE WEIGHT:      1
INFO:root:[2025-11-10 05:06:52] WiFiBand.BAND_2_4_GHz  DFS:                      0
INFO:root:
INFO:root:--------------------------------

INFO:root:[2025-11-10 05:06:52] WiFiBand.BAND_2_4_GHz  BAND:                     WiFiBand.BAND_2_4_GHz
INFO:root:[2025-11-10 05:06:52] WiFiBand.BAND_2_4_GHz  CHANNEL:                  14
INFO:root:[2025-11-10 05:06:52] WiFiBand.BAND_2_4_GHz  NOISE FLOOR (dBm):        -95
INFO:root:[2025-11-10 05:06:52] WiFiBand.BAND_2_4_GHz  AVG CLIENT SNR (dB):      0
INFO:root:[2025-11-10 05:06:52] WiFiBand.BAND_2_4_GHz  AVG COUNT:                0
INFO:root:[2025-11-10 05:06:52] WiFiBand.BAND_2_4_GHz  AVG THROUGHPUT (Mbps):    0
INFO:root:[2025-11-10 05:06:52] WiFiBand.BAND_2_4_GHz  CHANNEL UTILIZATION:      0
INFO:root:[2025-11-10 05:06:52] WiFiBand.BAND_2_4_GHz  INTERFERENCE:             0
INFO:root:[2025-11-10 05:06:52] WiFiBand.BAND_2_4_GHz  CLIENTS:                  set()
INFO:root:[2025-11-10 05:06:52] WiFiBand.BAND_2_4_GHz  QOE:                      0
INFO:root:[2025-11-10 05:06:52] WiFiBand.BAND_2_4_GHz  TX POWER (dBm):           0
INFO:root:[2025-11-10 05:06:52] WiFiBand.BAND_2_4_GHz  CHANNEL WIDTH (MHz):      0
INFO:root:[2025-11-10 05:06:52] WiFiBand.BAND_2_4_GHz  INTERFERENCE WEIGHT:      1
INFO:root:[2025-11-10 05:06:52] WiFiBand.BAND_2_4_GHz  DFS:                      0
INFO:root:
INFO:root:--------------------------------

INFO:root:[2025-11-10 05:06:52] WiFiBand.BAND_5_GHz  BAND:                     WiFiBand.BAND_5_GHz
INFO:root:[2025-11-10 05:06:52] WiFiBand.BAND_5_GHz  CHANNEL:                  36
INFO:root:[2025-11-10 05:06:52] WiFiBand.BAND_5_GHz  NOISE FLOOR (dBm):        -94.48101453180308
INFO:root:[2025-11-10 05:06:52] WiFiBand.BAND_5_GHz  AVG CLIENT SNR (dB):      48.112084840949414
INFO:root:[2025-11-10 05:06:52] WiFiBand.BAND_5_GHz  AVG COUNT:                8640
INFO:root:[2025-11-10 05:06:52] WiFiBand.BAND_5_GHz  AVG THROUGHPUT (Mbps):    355.01703233724874
INFO:root:[2025-11-10 05:06:52] WiFiBand.BAND_5_GHz  CHANNEL UTILIZATION:      0.4420522256326203
INFO:root:[2025-11-10 05:06:52] WiFiBand.BAND_5_GHz  INTERFERENCE:             0
INFO:root:[2025-11-10 05:06:52] WiFiBand.BAND_5_GHz  CLIENTS:                  {'AP5_36'}
INFO:root:[2025-11-10 05:06:52] WiFiBand.BAND_5_GHz  QOE:                      4.475070368871634
INFO:root:[2025-11-10 05:06:52] WiFiBand.BAND_5_GHz  TX POWER (dBm):           20.999998581749317
INFO:root:[2025-11-10 05:06:52] WiFiBand.BAND_5_GHz  CHANNEL WIDTH (MHz):      0
INFO:root:[2025-11-10 05:06:52] WiFiBand.BAND_5_GHz  INTERFERENCE WEIGHT:      1
INFO:root:[2025-11-10 05:06:52] WiFiBand.BAND_5_GHz  DFS:                      0
INFO:root:
INFO:root:--------------------------------

INFO:root:[2025-11-10 05:06:52] WiFiBand.BAND_5_GHz  BAND:                     WiFiBand.BAND_5_GHz
INFO:root:[2025-11-10 05:06:52] WiFiBand.BAND_5_GHz  CHANNEL:                  40
INFO:root:[2025-11-10 05:06:52] WiFiBand.BAND_5_GHz  NOISE FLOOR (dBm):        -95
INFO:root:[2025-11-10 05:06:52] WiFiBand.BAND_5_GHz  AVG CLIENT SNR (dB):      0
INFO:root:[2025-11-10 05:06:52] WiFiBand.BAND_5_GHz  AVG COUNT:                0
INFO:root:[2025-11-10 05:06:52] WiFiBand.BAND_5_GHz  AVG THROUGHPUT (Mbps):    0
INFO:root:[2025-11-10 05:06:52] WiFiBand.BAND_5_GHz  CHANNEL UTILIZATION:      0
INFO:root:[2025-11-10 05:06:52] WiFiBand.BAND_5_GHz  INTERFERENCE:             0
INFO:root:[2025-11-10 05:06:52] WiFiBand.BAND_5_GHz  CLIENTS:                  set()
INFO:root:[2025-11-10 05:06:52] WiFiBand.BAND_5_GHz  QOE:                      0
INFO:root:[2025-11-10 05:06:52] WiFiBand.BAND_5_GHz  TX POWER (dBm):           0
INFO:root:[2025-11-10 05:06:52] WiFiBand.BAND_5_GHz  CHANNEL WIDTH (MHz):      0
INFO:root:[2025-11-10 05:06:52] WiFiBand.BAND_5_GHz  INTERFERENCE WEIGHT:      1
INFO:root:[2025-11-10 05:06:52] WiFiBand.BAND_5_GHz  DFS:                      0
INFO:root:
INFO:root:--------------------------------

INFO:root:[2025-11-10 05:06:52] WiFiBand.BAND_5_GHz  BAND:                     WiFiBand.BAND_5_GHz
INFO:root:[2025-11-10 05:06:52] WiFiBand.BAND_5_GHz  CHANNEL:                  44
INFO:root:[2025-11-10 05:06:52] WiFiBand.BAND_5_GHz  NOISE FLOOR (dBm):        -95
INFO:root:[2025-11-10 05:06:52] WiFiBand.BAND_5_GHz  AVG CLIENT SNR (dB):      0
INFO:root:[2025-11-10 05:06:52] WiFiBand.BAND_5_GHz  AVG COUNT:                0
INFO:root:[2025-11-10 05:06:52] WiFiBand.BAND_5_GHz  AVG THROUGHPUT (Mbps):    0
INFO:root:[2025-11-10 05:06:52] WiFiBand.BAND_5_GHz  CHANNEL UTILIZATION:      0
INFO:root:[2025-11-10 05:06:52] WiFiBand.BAND_5_GHz  INTERFERENCE:             0
INFO:root:[2025-11-10 05:06:52] WiFiBand.BAND_5_GHz  CLIENTS:                  set()
INFO:root:[2025-11-10 05:06:52] WiFiBand.BAND_5_GHz  QOE:                      0
INFO:root:[2025-11-10 05:06:52] WiFiBand.BAND_5_GHz  TX POWER (dBm):           0
INFO:root:[2025-11-10 05:06:52] WiFiBand.BAND_5_GHz  CHANNEL WIDTH (MHz):      0
INFO:root:[2025-11-10 05:06:52] WiFiBand.BAND_5_GHz  INTERFERENCE WEIGHT:      1
INFO:root:[2025-11-10 05:06:52] WiFiBand.BAND_5_GHz  DFS:                      0
INFO:root:
INFO:root:--------------------------------

INFO:root:[2025-11-10 05:06:52] WiFiBand.BAND_5_GHz  BAND:                     WiFiBand.BAND_5_GHz
INFO:root:[2025-11-10 05:06:52] WiFiBand.BAND_5_GHz  CHANNEL:                  48
INFO:root:[2025-11-10 05:06:52] WiFiBand.BAND_5_GHz  NOISE FLOOR (dBm):        -95
INFO:root:[2025-11-10 05:06:52] WiFiBand.BAND_5_GHz  AVG CLIENT SNR (dB):      0
INFO:root:[2025-11-10 05:06:52] WiFiBand.BAND_5_GHz  AVG COUNT:                0
INFO:root:[2025-11-10 05:06:52] WiFiBand.BAND_5_GHz  AVG THROUGHPUT (Mbps):    0
INFO:root:[2025-11-10 05:06:52] WiFiBand.BAND_5_GHz  CHANNEL UTILIZATION:      0
INFO:root:[2025-11-10 05:06:52] WiFiBand.BAND_5_GHz  INTERFERENCE:             0
INFO:root:[2025-11-10 05:06:52] WiFiBand.BAND_5_GHz  CLIENTS:                  set()
INFO:root:[2025-11-10 05:06:52] WiFiBand.BAND_5_GHz  QOE:                      0
INFO:root:[2025-11-10 05:06:52] WiFiBand.BAND_5_GHz  TX POWER (dBm):           0
INFO:root:[2025-11-10 05:06:52] WiFiBand.BAND_5_GHz  CHANNEL WIDTH (MHz):      0
INFO:root:[2025-11-10 05:06:52] WiFiBand.BAND_5_GHz  INTERFERENCE WEIGHT:      1
INFO:root:[2025-11-10 05:06:52] WiFiBand.BAND_5_GHz  DFS:                      0
INFO:root:
INFO:root:--------------------------------

INFO:root:[2025-11-10 05:06:52] WiFiBand.BAND_5_GHz  BAND:                     WiFiBand.BAND_5_GHz
INFO:root:[2025-11-10 05:06:52] WiFiBand.BAND_5_GHz  CHANNEL:                  52
INFO:root:[2025-11-10 05:06:52] WiFiBand.BAND_5_GHz  NOISE FLOOR (dBm):        -95
INFO:root:[2025-11-10 05:06:52] WiFiBand.BAND_5_GHz  AVG CLIENT SNR (dB):      0
INFO:root:[2025-11-10 05:06:52] WiFiBand.BAND_5_GHz  AVG COUNT:                0
INFO:root:[2025-11-10 05:06:52] WiFiBand.BAND_5_GHz  AVG THROUGHPUT (Mbps):    0
INFO:root:[2025-11-10 05:06:52] WiFiBand.BAND_5_GHz  CHANNEL UTILIZATION:      0
INFO:root:[2025-11-10 05:06:52] WiFiBand.BAND_5_GHz  INTERFERENCE:             0
INFO:root:[2025-11-10 05:06:52] WiFiBand.BAND_5_GHz  CLIENTS:                  set()
INFO:root:[2025-11-10 05:06:52] WiFiBand.BAND_5_GHz  QOE:                      0
INFO:root:[2025-11-10 05:06:52] WiFiBand.BAND_5_GHz  TX POWER (dBm):           0
INFO:root:[2025-11-10 05:06:52] WiFiBand.BAND_5_GHz  CHANNEL WIDTH (MHz):      0
INFO:root:[2025-11-10 05:06:52] WiFiBand.BAND_5_GHz  INTERFERENCE WEIGHT:      1
INFO:root:[2025-11-10 05:06:52] WiFiBand.BAND_5_GHz  DFS:                      1
INFO:root:
INFO:root:--------------------------------

INFO:root:[2025-11-10 05:06:52] WiFiBand.BAND_5_GHz  BAND:                     WiFiBand.BAND_5_GHz
INFO:root:[2025-11-10 05:06:52] WiFiBand.BAND_5_GHz  CHANNEL:                  56
INFO:root:[2025-11-10 05:06:52] WiFiBand.BAND_5_GHz  NOISE FLOOR (dBm):        -95
INFO:root:[2025-11-10 05:06:52] WiFiBand.BAND_5_GHz  AVG CLIENT SNR (dB):      0
INFO:root:[2025-11-10 05:06:52] WiFiBand.BAND_5_GHz  AVG COUNT:                0
INFO:root:[2025-11-10 05:06:52] WiFiBand.BAND_5_GHz  AVG THROUGHPUT (Mbps):    0
INFO:root:[2025-11-10 05:06:52] WiFiBand.BAND_5_GHz  CHANNEL UTILIZATION:      0
INFO:root:[2025-11-10 05:06:52] WiFiBand.BAND_5_GHz  INTERFERENCE:             0
INFO:root:[2025-11-10 05:06:52] WiFiBand.BAND_5_GHz  CLIENTS:                  set()
INFO:root:[2025-11-10 05:06:52] WiFiBand.BAND_5_GHz  QOE:                      0
INFO:root:[2025-11-10 05:06:52] WiFiBand.BAND_5_GHz  TX POWER (dBm):           0
INFO:root:[2025-11-10 05:06:52] WiFiBand.BAND_5_GHz  CHANNEL WIDTH (MHz):      0
INFO:root:[2025-11-10 05:06:52] WiFiBand.BAND_5_GHz  INTERFERENCE WEIGHT:      1
INFO:root:[2025-11-10 05:06:52] WiFiBand.BAND_5_GHz  DFS:                      1
INFO:root:
INFO:root:--------------------------------

INFO:root:[2025-11-10 05:06:52] WiFiBand.BAND_5_GHz  BAND:                     WiFiBand.BAND_5_GHz
INFO:root:[2025-11-10 05:06:52] WiFiBand.BAND_5_GHz  CHANNEL:                  60
INFO:root:[2025-11-10 05:06:52] WiFiBand.BAND_5_GHz  NOISE FLOOR (dBm):        -95
INFO:root:[2025-11-10 05:06:52] WiFiBand.BAND_5_GHz  AVG CLIENT SNR (dB):      0
INFO:root:[2025-11-10 05:06:52] WiFiBand.BAND_5_GHz  AVG COUNT:                0
INFO:root:[2025-11-10 05:06:52] WiFiBand.BAND_5_GHz  AVG THROUGHPUT (Mbps):    0
INFO:root:[2025-11-10 05:06:52] WiFiBand.BAND_5_GHz  CHANNEL UTILIZATION:      0
INFO:root:[2025-11-10 05:06:52] WiFiBand.BAND_5_GHz  INTERFERENCE:             0
INFO:root:[2025-11-10 05:06:52] WiFiBand.BAND_5_GHz  CLIENTS:                  set()
INFO:root:[2025-11-10 05:06:52] WiFiBand.BAND_5_GHz  QOE:                      0
INFO:root:[2025-11-10 05:06:52] WiFiBand.BAND_5_GHz  TX POWER (dBm):           0
INFO:root:[2025-11-10 05:06:52] WiFiBand.BAND_5_GHz  CHANNEL WIDTH (MHz):      0
INFO:root:[2025-11-10 05:06:52] WiFiBand.BAND_5_GHz  INTERFERENCE WEIGHT:      1
INFO:root:[2025-11-10 05:06:52] WiFiBand.BAND_5_GHz  DFS:                      1
INFO:root:
INFO:root:--------------------------------

INFO:root:[2025-11-10 05:06:52] WiFiBand.BAND_5_GHz  BAND:                     WiFiBand.BAND_5_GHz
INFO:root:[2025-11-10 05:06:52] WiFiBand.BAND_5_GHz  CHANNEL:                  64
INFO:root:[2025-11-10 05:06:52] WiFiBand.BAND_5_GHz  NOISE FLOOR (dBm):        -95
INFO:root:[2025-11-10 05:06:52] WiFiBand.BAND_5_GHz  AVG CLIENT SNR (dB):      0
INFO:root:[2025-11-10 05:06:52] WiFiBand.BAND_5_GHz  AVG COUNT:                0
INFO:root:[2025-11-10 05:06:52] WiFiBand.BAND_5_GHz  AVG THROUGHPUT (Mbps):    0
INFO:root:[2025-11-10 05:06:52] WiFiBand.BAND_5_GHz  CHANNEL UTILIZATION:      0
INFO:root:[2025-11-10 05:06:52] WiFiBand.BAND_5_GHz  INTERFERENCE:             0
INFO:root:[2025-11-10 05:06:52] WiFiBand.BAND_5_GHz  CLIENTS:                  set()
INFO:root:[2025-11-10 05:06:52] WiFiBand.BAND_5_GHz  QOE:                      0
INFO:root:[2025-11-10 05:06:52] WiFiBand.BAND_5_GHz  TX POWER (dBm):           0
INFO:root:[2025-11-10 05:06:52] WiFiBand.BAND_5_GHz  CHANNEL WIDTH (MHz):      0
INFO:root:[2025-11-10 05:06:52] WiFiBand.BAND_5_GHz  INTERFERENCE WEIGHT:      1
INFO:root:[2025-11-10 05:06:52] WiFiBand.BAND_5_GHz  DFS:                      1
INFO:root:
INFO:root:--------------------------------

INFO:root:[2025-11-10 05:06:52] WiFiBand.BAND_5_GHz  BAND:                     WiFiBand.BAND_5_GHz
INFO:root:[2025-11-10 05:06:52] WiFiBand.BAND_5_GHz  CHANNEL:                  100
INFO:root:[2025-11-10 05:06:52] WiFiBand.BAND_5_GHz  NOISE FLOOR (dBm):        -95
INFO:root:[2025-11-10 05:06:52] WiFiBand.BAND_5_GHz  AVG CLIENT SNR (dB):      0
INFO:root:[2025-11-10 05:06:52] WiFiBand.BAND_5_GHz  AVG COUNT:                0
INFO:root:[2025-11-10 05:06:52] WiFiBand.BAND_5_GHz  AVG THROUGHPUT (Mbps):    0
INFO:root:[2025-11-10 05:06:52] WiFiBand.BAND_5_GHz  CHANNEL UTILIZATION:      0
INFO:root:[2025-11-10 05:06:52] WiFiBand.BAND_5_GHz  INTERFERENCE:             0
INFO:root:[2025-11-10 05:06:52] WiFiBand.BAND_5_GHz  CLIENTS:                  set()
INFO:root:[2025-11-10 05:06:52] WiFiBand.BAND_5_GHz  QOE:                      0
INFO:root:[2025-11-10 05:06:52] WiFiBand.BAND_5_GHz  TX POWER (dBm):           0
INFO:root:[2025-11-10 05:06:52] WiFiBand.BAND_5_GHz  CHANNEL WIDTH (MHz):      0
INFO:root:[2025-11-10 05:06:52] WiFiBand.BAND_5_GHz  INTERFERENCE WEIGHT:      1
INFO:root:[2025-11-10 05:06:52] WiFiBand.BAND_5_GHz  DFS:                      1
INFO:root:
INFO:root:--------------------------------

INFO:root:[2025-11-10 05:06:52] WiFiBand.BAND_5_GHz  BAND:                     WiFiBand.BAND_5_GHz
INFO:root:[2025-11-10 05:06:52] WiFiBand.BAND_5_GHz  CHANNEL:                  104
INFO:root:[2025-11-10 05:06:52] WiFiBand.BAND_5_GHz  NOISE FLOOR (dBm):        -95
INFO:root:[2025-11-10 05:06:52] WiFiBand.BAND_5_GHz  AVG CLIENT SNR (dB):      0
INFO:root:[2025-11-10 05:06:52] WiFiBand.BAND_5_GHz  AVG COUNT:                0
INFO:root:[2025-11-10 05:06:52] WiFiBand.BAND_5_GHz  AVG THROUGHPUT (Mbps):    0
INFO:root:[2025-11-10 05:06:52] WiFiBand.BAND_5_GHz  CHANNEL UTILIZATION:      0
INFO:root:[2025-11-10 05:06:52] WiFiBand.BAND_5_GHz  INTERFERENCE:             0
INFO:root:[2025-11-10 05:06:52] WiFiBand.BAND_5_GHz  CLIENTS:                  set()
INFO:root:[2025-11-10 05:06:52] WiFiBand.BAND_5_GHz  QOE:                      0
INFO:root:[2025-11-10 05:06:52] WiFiBand.BAND_5_GHz  TX POWER (dBm):           0
INFO:root:[2025-11-10 05:06:52] WiFiBand.BAND_5_GHz  CHANNEL WIDTH (MHz):      0
INFO:root:[2025-11-10 05:06:52] WiFiBand.BAND_5_GHz  INTERFERENCE WEIGHT:      1
INFO:root:[2025-11-10 05:06:52] WiFiBand.BAND_5_GHz  DFS:                      1
INFO:root:
INFO:root:--------------------------------

INFO:root:[2025-11-10 05:06:52] WiFiBand.BAND_5_GHz  BAND:                     WiFiBand.BAND_5_GHz
INFO:root:[2025-11-10 05:06:52] WiFiBand.BAND_5_GHz  CHANNEL:                  108
INFO:root:[2025-11-10 05:06:52] WiFiBand.BAND_5_GHz  NOISE FLOOR (dBm):        -95
INFO:root:[2025-11-10 05:06:52] WiFiBand.BAND_5_GHz  AVG CLIENT SNR (dB):      0
INFO:root:[2025-11-10 05:06:52] WiFiBand.BAND_5_GHz  AVG COUNT:                0
INFO:root:[2025-11-10 05:06:52] WiFiBand.BAND_5_GHz  AVG THROUGHPUT (Mbps):    0
INFO:root:[2025-11-10 05:06:52] WiFiBand.BAND_5_GHz  CHANNEL UTILIZATION:      0
INFO:root:[2025-11-10 05:06:52] WiFiBand.BAND_5_GHz  INTERFERENCE:             0
INFO:root:[2025-11-10 05:06:52] WiFiBand.BAND_5_GHz  CLIENTS:                  set()
INFO:root:[2025-11-10 05:06:52] WiFiBand.BAND_5_GHz  QOE:                      0
INFO:root:[2025-11-10 05:06:52] WiFiBand.BAND_5_GHz  TX POWER (dBm):           0
INFO:root:[2025-11-10 05:06:52] WiFiBand.BAND_5_GHz  CHANNEL WIDTH (MHz):      0
INFO:root:[2025-11-10 05:06:52] WiFiBand.BAND_5_GHz  INTERFERENCE WEIGHT:      1
INFO:root:[2025-11-10 05:06:52] WiFiBand.BAND_5_GHz  DFS:                      1
INFO:root:
INFO:root:--------------------------------

INFO:root:[2025-11-10 05:06:52] WiFiBand.BAND_5_GHz  BAND:                     WiFiBand.BAND_5_GHz
INFO:root:[2025-11-10 05:06:52] WiFiBand.BAND_5_GHz  CHANNEL:                  112
INFO:root:[2025-11-10 05:06:52] WiFiBand.BAND_5_GHz  NOISE FLOOR (dBm):        -95
INFO:root:[2025-11-10 05:06:52] WiFiBand.BAND_5_GHz  AVG CLIENT SNR (dB):      0
INFO:root:[2025-11-10 05:06:52] WiFiBand.BAND_5_GHz  AVG COUNT:                0
INFO:root:[2025-11-10 05:06:52] WiFiBand.BAND_5_GHz  AVG THROUGHPUT (Mbps):    0
INFO:root:[2025-11-10 05:06:52] WiFiBand.BAND_5_GHz  CHANNEL UTILIZATION:      0
INFO:root:[2025-11-10 05:06:52] WiFiBand.BAND_5_GHz  INTERFERENCE:             0
INFO:root:[2025-11-10 05:06:52] WiFiBand.BAND_5_GHz  CLIENTS:                  set()
INFO:root:[2025-11-10 05:06:52] WiFiBand.BAND_5_GHz  QOE:                      0
INFO:root:[2025-11-10 05:06:52] WiFiBand.BAND_5_GHz  TX POWER (dBm):           0
INFO:root:[2025-11-10 05:06:52] WiFiBand.BAND_5_GHz  CHANNEL WIDTH (MHz):      0
INFO:root:[2025-11-10 05:06:52] WiFiBand.BAND_5_GHz  INTERFERENCE WEIGHT:      1
INFO:root:[2025-11-10 05:06:52] WiFiBand.BAND_5_GHz  DFS:                      1
INFO:root:
INFO:root:--------------------------------

INFO:root:[2025-11-10 05:06:52] WiFiBand.BAND_5_GHz  BAND:                     WiFiBand.BAND_5_GHz
INFO:root:[2025-11-10 05:06:52] WiFiBand.BAND_5_GHz  CHANNEL:                  116
INFO:root:[2025-11-10 05:06:52] WiFiBand.BAND_5_GHz  NOISE FLOOR (dBm):        -95
INFO:root:[2025-11-10 05:06:52] WiFiBand.BAND_5_GHz  AVG CLIENT SNR (dB):      0
INFO:root:[2025-11-10 05:06:52] WiFiBand.BAND_5_GHz  AVG COUNT:                0
INFO:root:[2025-11-10 05:06:52] WiFiBand.BAND_5_GHz  AVG THROUGHPUT (Mbps):    0
INFO:root:[2025-11-10 05:06:52] WiFiBand.BAND_5_GHz  CHANNEL UTILIZATION:      0
INFO:root:[2025-11-10 05:06:52] WiFiBand.BAND_5_GHz  INTERFERENCE:             0
INFO:root:[2025-11-10 05:06:52] WiFiBand.BAND_5_GHz  CLIENTS:                  set()
INFO:root:[2025-11-10 05:06:52] WiFiBand.BAND_5_GHz  QOE:                      0
INFO:root:[2025-11-10 05:06:52] WiFiBand.BAND_5_GHz  TX POWER (dBm):           0
INFO:root:[2025-11-10 05:06:52] WiFiBand.BAND_5_GHz  CHANNEL WIDTH (MHz):      0
INFO:root:[2025-11-10 05:06:52] WiFiBand.BAND_5_GHz  INTERFERENCE WEIGHT:      1
INFO:root:[2025-11-10 05:06:52] WiFiBand.BAND_5_GHz  DFS:                      1
INFO:root:
INFO:root:--------------------------------

INFO:root:[2025-11-10 05:06:52] WiFiBand.BAND_5_GHz  BAND:                     WiFiBand.BAND_5_GHz
INFO:root:[2025-11-10 05:06:52] WiFiBand.BAND_5_GHz  CHANNEL:                  120
INFO:root:[2025-11-10 05:06:52] WiFiBand.BAND_5_GHz  NOISE FLOOR (dBm):        -95
INFO:root:[2025-11-10 05:06:52] WiFiBand.BAND_5_GHz  AVG CLIENT SNR (dB):      0
INFO:root:[2025-11-10 05:06:52] WiFiBand.BAND_5_GHz  AVG COUNT:                0
INFO:root:[2025-11-10 05:06:52] WiFiBand.BAND_5_GHz  AVG THROUGHPUT (Mbps):    0
INFO:root:[2025-11-10 05:06:52] WiFiBand.BAND_5_GHz  CHANNEL UTILIZATION:      0
INFO:root:[2025-11-10 05:06:52] WiFiBand.BAND_5_GHz  INTERFERENCE:             0
INFO:root:[2025-11-10 05:06:52] WiFiBand.BAND_5_GHz  CLIENTS:                  set()
INFO:root:[2025-11-10 05:06:52] WiFiBand.BAND_5_GHz  QOE:                      0
INFO:root:[2025-11-10 05:06:52] WiFiBand.BAND_5_GHz  TX POWER (dBm):           0
INFO:root:[2025-11-10 05:06:52] WiFiBand.BAND_5_GHz  CHANNEL WIDTH (MHz):      0
INFO:root:[2025-11-10 05:06:52] WiFiBand.BAND_5_GHz  INTERFERENCE WEIGHT:      1
INFO:root:[2025-11-10 05:06:52] WiFiBand.BAND_5_GHz  DFS:                      1
INFO:root:
INFO:root:--------------------------------

INFO:root:[2025-11-10 05:06:52] WiFiBand.BAND_5_GHz  BAND:                     WiFiBand.BAND_5_GHz
INFO:root:[2025-11-10 05:06:52] WiFiBand.BAND_5_GHz  CHANNEL:                  124
INFO:root:[2025-11-10 05:06:52] WiFiBand.BAND_5_GHz  NOISE FLOOR (dBm):        -95
INFO:root:[2025-11-10 05:06:52] WiFiBand.BAND_5_GHz  AVG CLIENT SNR (dB):      0
INFO:root:[2025-11-10 05:06:52] WiFiBand.BAND_5_GHz  AVG COUNT:                0
INFO:root:[2025-11-10 05:06:52] WiFiBand.BAND_5_GHz  AVG THROUGHPUT (Mbps):    0
INFO:root:[2025-11-10 05:06:52] WiFiBand.BAND_5_GHz  CHANNEL UTILIZATION:      0
INFO:root:[2025-11-10 05:06:52] WiFiBand.BAND_5_GHz  INTERFERENCE:             0
INFO:root:[2025-11-10 05:06:52] WiFiBand.BAND_5_GHz  CLIENTS:                  set()
INFO:root:[2025-11-10 05:06:52] WiFiBand.BAND_5_GHz  QOE:                      0
INFO:root:[2025-11-10 05:06:52] WiFiBand.BAND_5_GHz  TX POWER (dBm):           0
INFO:root:[2025-11-10 05:06:52] WiFiBand.BAND_5_GHz  CHANNEL WIDTH (MHz):      0
INFO:root:[2025-11-10 05:06:52] WiFiBand.BAND_5_GHz  INTERFERENCE WEIGHT:      1
INFO:root:[2025-11-10 05:06:52] WiFiBand.BAND_5_GHz  DFS:                      1
INFO:root:
INFO:root:--------------------------------

INFO:root:[2025-11-10 05:06:52] WiFiBand.BAND_5_GHz  BAND:                     WiFiBand.BAND_5_GHz
INFO:root:[2025-11-10 05:06:52] WiFiBand.BAND_5_GHz  CHANNEL:                  128
INFO:root:[2025-11-10 05:06:52] WiFiBand.BAND_5_GHz  NOISE FLOOR (dBm):        -95
INFO:root:[2025-11-10 05:06:52] WiFiBand.BAND_5_GHz  AVG CLIENT SNR (dB):      0
INFO:root:[2025-11-10 05:06:52] WiFiBand.BAND_5_GHz  AVG COUNT:                0
INFO:root:[2025-11-10 05:06:52] WiFiBand.BAND_5_GHz  AVG THROUGHPUT (Mbps):    0
INFO:root:[2025-11-10 05:06:52] WiFiBand.BAND_5_GHz  CHANNEL UTILIZATION:      0
INFO:root:[2025-11-10 05:06:52] WiFiBand.BAND_5_GHz  INTERFERENCE:             0
INFO:root:[2025-11-10 05:06:52] WiFiBand.BAND_5_GHz  CLIENTS:                  set()
INFO:root:[2025-11-10 05:06:52] WiFiBand.BAND_5_GHz  QOE:                      0
INFO:root:[2025-11-10 05:06:52] WiFiBand.BAND_5_GHz  TX POWER (dBm):           0
INFO:root:[2025-11-10 05:06:52] WiFiBand.BAND_5_GHz  CHANNEL WIDTH (MHz):      0
INFO:root:[2025-11-10 05:06:52] WiFiBand.BAND_5_GHz  INTERFERENCE WEIGHT:      1
INFO:root:[2025-11-10 05:06:52] WiFiBand.BAND_5_GHz  DFS:                      1
INFO:root:
INFO:root:--------------------------------

INFO:root:[2025-11-10 05:06:52] WiFiBand.BAND_5_GHz  BAND:                     WiFiBand.BAND_5_GHz
INFO:root:[2025-11-10 05:06:52] WiFiBand.BAND_5_GHz  CHANNEL:                  132
INFO:root:[2025-11-10 05:06:52] WiFiBand.BAND_5_GHz  NOISE FLOOR (dBm):        -95
INFO:root:[2025-11-10 05:06:52] WiFiBand.BAND_5_GHz  AVG CLIENT SNR (dB):      0
INFO:root:[2025-11-10 05:06:52] WiFiBand.BAND_5_GHz  AVG COUNT:                0
INFO:root:[2025-11-10 05:06:52] WiFiBand.BAND_5_GHz  AVG THROUGHPUT (Mbps):    0
INFO:root:[2025-11-10 05:06:52] WiFiBand.BAND_5_GHz  CHANNEL UTILIZATION:      0
INFO:root:[2025-11-10 05:06:52] WiFiBand.BAND_5_GHz  INTERFERENCE:             0
INFO:root:[2025-11-10 05:06:52] WiFiBand.BAND_5_GHz  CLIENTS:                  set()
INFO:root:[2025-11-10 05:06:52] WiFiBand.BAND_5_GHz  QOE:                      0
INFO:root:[2025-11-10 05:06:52] WiFiBand.BAND_5_GHz  TX POWER (dBm):           0
INFO:root:[2025-11-10 05:06:52] WiFiBand.BAND_5_GHz  CHANNEL WIDTH (MHz):      0
INFO:root:[2025-11-10 05:06:52] WiFiBand.BAND_5_GHz  INTERFERENCE WEIGHT:      1
INFO:root:[2025-11-10 05:06:52] WiFiBand.BAND_5_GHz  DFS:                      1
INFO:root:
INFO:root:--------------------------------

INFO:root:[2025-11-10 05:06:52] WiFiBand.BAND_5_GHz  BAND:                     WiFiBand.BAND_5_GHz
INFO:root:[2025-11-10 05:06:52] WiFiBand.BAND_5_GHz  CHANNEL:                  136
INFO:root:[2025-11-10 05:06:52] WiFiBand.BAND_5_GHz  NOISE FLOOR (dBm):        -95
INFO:root:[2025-11-10 05:06:52] WiFiBand.BAND_5_GHz  AVG CLIENT SNR (dB):      0
INFO:root:[2025-11-10 05:06:52] WiFiBand.BAND_5_GHz  AVG COUNT:                0
INFO:root:[2025-11-10 05:06:52] WiFiBand.BAND_5_GHz  AVG THROUGHPUT (Mbps):    0
INFO:root:[2025-11-10 05:06:52] WiFiBand.BAND_5_GHz  CHANNEL UTILIZATION:      0
INFO:root:[2025-11-10 05:06:52] WiFiBand.BAND_5_GHz  INTERFERENCE:             0
INFO:root:[2025-11-10 05:06:52] WiFiBand.BAND_5_GHz  CLIENTS:                  set()
INFO:root:[2025-11-10 05:06:52] WiFiBand.BAND_5_GHz  QOE:                      0
INFO:root:[2025-11-10 05:06:52] WiFiBand.BAND_5_GHz  TX POWER (dBm):           0
INFO:root:[2025-11-10 05:06:52] WiFiBand.BAND_5_GHz  CHANNEL WIDTH (MHz):      0
INFO:root:[2025-11-10 05:06:52] WiFiBand.BAND_5_GHz  INTERFERENCE WEIGHT:      1
INFO:root:[2025-11-10 05:06:52] WiFiBand.BAND_5_GHz  DFS:                      1
INFO:root:
INFO:root:--------------------------------

INFO:root:[2025-11-10 05:06:52] WiFiBand.BAND_5_GHz  BAND:                     WiFiBand.BAND_5_GHz
INFO:root:[2025-11-10 05:06:52] WiFiBand.BAND_5_GHz  CHANNEL:                  140
INFO:root:[2025-11-10 05:06:52] WiFiBand.BAND_5_GHz  NOISE FLOOR (dBm):        -95
INFO:root:[2025-11-10 05:06:52] WiFiBand.BAND_5_GHz  AVG CLIENT SNR (dB):      0
INFO:root:[2025-11-10 05:06:52] WiFiBand.BAND_5_GHz  AVG COUNT:                0
INFO:root:[2025-11-10 05:06:52] WiFiBand.BAND_5_GHz  AVG THROUGHPUT (Mbps):    0
INFO:root:[2025-11-10 05:06:52] WiFiBand.BAND_5_GHz  CHANNEL UTILIZATION:      0
INFO:root:[2025-11-10 05:06:52] WiFiBand.BAND_5_GHz  INTERFERENCE:             0
INFO:root:[2025-11-10 05:06:52] WiFiBand.BAND_5_GHz  CLIENTS:                  set()
INFO:root:[2025-11-10 05:06:52] WiFiBand.BAND_5_GHz  QOE:                      0
INFO:root:[2025-11-10 05:06:52] WiFiBand.BAND_5_GHz  TX POWER (dBm):           0
INFO:root:[2025-11-10 05:06:52] WiFiBand.BAND_5_GHz  CHANNEL WIDTH (MHz):      0
INFO:root:[2025-11-10 05:06:52] WiFiBand.BAND_5_GHz  INTERFERENCE WEIGHT:      1
INFO:root:[2025-11-10 05:06:52] WiFiBand.BAND_5_GHz  DFS:                      1
INFO:root:
INFO:root:--------------------------------

INFO:root:[2025-11-10 05:06:52] WiFiBand.BAND_5_GHz  BAND:                     WiFiBand.BAND_5_GHz
INFO:root:[2025-11-10 05:06:52] WiFiBand.BAND_5_GHz  CHANNEL:                  144
INFO:root:[2025-11-10 05:06:52] WiFiBand.BAND_5_GHz  NOISE FLOOR (dBm):        -95
INFO:root:[2025-11-10 05:06:52] WiFiBand.BAND_5_GHz  AVG CLIENT SNR (dB):      0
INFO:root:[2025-11-10 05:06:52] WiFiBand.BAND_5_GHz  AVG COUNT:                0
INFO:root:[2025-11-10 05:06:52] WiFiBand.BAND_5_GHz  AVG THROUGHPUT (Mbps):    0
INFO:root:[2025-11-10 05:06:52] WiFiBand.BAND_5_GHz  CHANNEL UTILIZATION:      0
INFO:root:[2025-11-10 05:06:52] WiFiBand.BAND_5_GHz  INTERFERENCE:             0
INFO:root:[2025-11-10 05:06:52] WiFiBand.BAND_5_GHz  CLIENTS:                  set()
INFO:root:[2025-11-10 05:06:52] WiFiBand.BAND_5_GHz  QOE:                      0
INFO:root:[2025-11-10 05:06:52] WiFiBand.BAND_5_GHz  TX POWER (dBm):           0
INFO:root:[2025-11-10 05:06:52] WiFiBand.BAND_5_GHz  CHANNEL WIDTH (MHz):      0
INFO:root:[2025-11-10 05:06:52] WiFiBand.BAND_5_GHz  INTERFERENCE WEIGHT:      1
INFO:root:[2025-11-10 05:06:52] WiFiBand.BAND_5_GHz  DFS:                      1
INFO:root:
INFO:root:--------------------------------

INFO:root:[2025-11-10 05:06:52] WiFiBand.BAND_5_GHz  BAND:                     WiFiBand.BAND_5_GHz
INFO:root:[2025-11-10 05:06:52] WiFiBand.BAND_5_GHz  CHANNEL:                  149
INFO:root:[2025-11-10 05:06:52] WiFiBand.BAND_5_GHz  NOISE FLOOR (dBm):        -95
INFO:root:[2025-11-10 05:06:52] WiFiBand.BAND_5_GHz  AVG CLIENT SNR (dB):      0
INFO:root:[2025-11-10 05:06:52] WiFiBand.BAND_5_GHz  AVG COUNT:                0
INFO:root:[2025-11-10 05:06:52] WiFiBand.BAND_5_GHz  AVG THROUGHPUT (Mbps):    0
INFO:root:[2025-11-10 05:06:52] WiFiBand.BAND_5_GHz  CHANNEL UTILIZATION:      0
INFO:root:[2025-11-10 05:06:52] WiFiBand.BAND_5_GHz  INTERFERENCE:             0
INFO:root:[2025-11-10 05:06:52] WiFiBand.BAND_5_GHz  CLIENTS:                  set()
INFO:root:[2025-11-10 05:06:52] WiFiBand.BAND_5_GHz  QOE:                      0
INFO:root:[2025-11-10 05:06:52] WiFiBand.BAND_5_GHz  TX POWER (dBm):           0
INFO:root:[2025-11-10 05:06:52] WiFiBand.BAND_5_GHz  CHANNEL WIDTH (MHz):      0
INFO:root:[2025-11-10 05:06:52] WiFiBand.BAND_5_GHz  INTERFERENCE WEIGHT:      1
INFO:root:[2025-11-10 05:06:52] WiFiBand.BAND_5_GHz  DFS:                      0
INFO:root:
INFO:root:--------------------------------

INFO:root:[2025-11-10 05:06:52] WiFiBand.BAND_5_GHz  BAND:                     WiFiBand.BAND_5_GHz
INFO:root:[2025-11-10 05:06:52] WiFiBand.BAND_5_GHz  CHANNEL:                  153
INFO:root:[2025-11-10 05:06:52] WiFiBand.BAND_5_GHz  NOISE FLOOR (dBm):        -95
INFO:root:[2025-11-10 05:06:52] WiFiBand.BAND_5_GHz  AVG CLIENT SNR (dB):      0
INFO:root:[2025-11-10 05:06:52] WiFiBand.BAND_5_GHz  AVG COUNT:                0
INFO:root:[2025-11-10 05:06:52] WiFiBand.BAND_5_GHz  AVG THROUGHPUT (Mbps):    0
INFO:root:[2025-11-10 05:06:52] WiFiBand.BAND_5_GHz  CHANNEL UTILIZATION:      0
INFO:root:[2025-11-10 05:06:52] WiFiBand.BAND_5_GHz  INTERFERENCE:             0
INFO:root:[2025-11-10 05:06:52] WiFiBand.BAND_5_GHz  CLIENTS:                  set()
INFO:root:[2025-11-10 05:06:52] WiFiBand.BAND_5_GHz  QOE:                      0
INFO:root:[2025-11-10 05:06:52] WiFiBand.BAND_5_GHz  TX POWER (dBm):           0
INFO:root:[2025-11-10 05:06:52] WiFiBand.BAND_5_GHz  CHANNEL WIDTH (MHz):      0
INFO:root:[2025-11-10 05:06:52] WiFiBand.BAND_5_GHz  INTERFERENCE WEIGHT:      1
INFO:root:[2025-11-10 05:06:52] WiFiBand.BAND_5_GHz  DFS:                      0
INFO:root:
INFO:root:--------------------------------

INFO:root:[2025-11-10 05:06:52] WiFiBand.BAND_5_GHz  BAND:                     WiFiBand.BAND_5_GHz
INFO:root:[2025-11-10 05:06:52] WiFiBand.BAND_5_GHz  CHANNEL:                  157
INFO:root:[2025-11-10 05:06:52] WiFiBand.BAND_5_GHz  NOISE FLOOR (dBm):        -95
INFO:root:[2025-11-10 05:06:52] WiFiBand.BAND_5_GHz  AVG CLIENT SNR (dB):      0
INFO:root:[2025-11-10 05:06:52] WiFiBand.BAND_5_GHz  AVG COUNT:                0
INFO:root:[2025-11-10 05:06:52] WiFiBand.BAND_5_GHz  AVG THROUGHPUT (Mbps):    0
INFO:root:[2025-11-10 05:06:52] WiFiBand.BAND_5_GHz  CHANNEL UTILIZATION:      0
INFO:root:[2025-11-10 05:06:52] WiFiBand.BAND_5_GHz  INTERFERENCE:             0
INFO:root:[2025-11-10 05:06:52] WiFiBand.BAND_5_GHz  CLIENTS:                  set()
INFO:root:[2025-11-10 05:06:52] WiFiBand.BAND_5_GHz  QOE:                      0
INFO:root:[2025-11-10 05:06:52] WiFiBand.BAND_5_GHz  TX POWER (dBm):           0
INFO:root:[2025-11-10 05:06:52] WiFiBand.BAND_5_GHz  CHANNEL WIDTH (MHz):      0
INFO:root:[2025-11-10 05:06:52] WiFiBand.BAND_5_GHz  INTERFERENCE WEIGHT:      1
INFO:root:[2025-11-10 05:06:52] WiFiBand.BAND_5_GHz  DFS:                      0
INFO:root:
INFO:root:--------------------------------

INFO:root:[2025-11-10 05:06:52] WiFiBand.BAND_5_GHz  BAND:                     WiFiBand.BAND_5_GHz
INFO:root:[2025-11-10 05:06:52] WiFiBand.BAND_5_GHz  CHANNEL:                  161
INFO:root:[2025-11-10 05:06:52] WiFiBand.BAND_5_GHz  NOISE FLOOR (dBm):        -95
INFO:root:[2025-11-10 05:06:52] WiFiBand.BAND_5_GHz  AVG CLIENT SNR (dB):      0
INFO:root:[2025-11-10 05:06:52] WiFiBand.BAND_5_GHz  AVG COUNT:                0
INFO:root:[2025-11-10 05:06:52] WiFiBand.BAND_5_GHz  AVG THROUGHPUT (Mbps):    0
INFO:root:[2025-11-10 05:06:52] WiFiBand.BAND_5_GHz  CHANNEL UTILIZATION:      0
INFO:root:[2025-11-10 05:06:52] WiFiBand.BAND_5_GHz  INTERFERENCE:             0
INFO:root:[2025-11-10 05:06:52] WiFiBand.BAND_5_GHz  CLIENTS:                  set()
INFO:root:[2025-11-10 05:06:52] WiFiBand.BAND_5_GHz  QOE:                      0
INFO:root:[2025-11-10 05:06:52] WiFiBand.BAND_5_GHz  TX POWER (dBm):           0
INFO:root:[2025-11-10 05:06:52] WiFiBand.BAND_5_GHz  CHANNEL WIDTH (MHz):      0
INFO:root:[2025-11-10 05:06:52] WiFiBand.BAND_5_GHz  INTERFERENCE WEIGHT:      1
INFO:root:[2025-11-10 05:06:52] WiFiBand.BAND_5_GHz  DFS:                      0
INFO:root:
INFO:root:[INFO] All channel metrics saved to metrics.json
INFO:root:Scanning channels...
INFO:root:For 2_4GHz...
INFO:root:Noisiest 2_4GHz channel... 2
INFO:root:--------------------------------

INFO:root:[2025-11-10 05:06:54] WiFiBand.BAND_2_4_GHz  BAND:                     WiFiBand.BAND_2_4_GHz
INFO:root:[2025-11-10 05:06:54] WiFiBand.BAND_2_4_GHz  CHANNEL:                  2
INFO:root:[2025-11-10 05:06:54] WiFiBand.BAND_2_4_GHz  NOISE FLOOR (dBm):        -95
INFO:root:[2025-11-10 05:06:54] WiFiBand.BAND_2_4_GHz  AVG CLIENT SNR (dB):      0
INFO:root:[2025-11-10 05:06:54] WiFiBand.BAND_2_4_GHz  AVG COUNT:                0
INFO:root:[2025-11-10 05:06:54] WiFiBand.BAND_2_4_GHz  AVG THROUGHPUT (Mbps):    0
INFO:root:[2025-11-10 05:06:54] WiFiBand.BAND_2_4_GHz  CHANNEL UTILIZATION:      0
INFO:root:[2025-11-10 05:06:54] WiFiBand.BAND_2_4_GHz  INTERFERENCE:             0
INFO:root:[2025-11-10 05:06:54] WiFiBand.BAND_2_4_GHz  CLIENTS:                  set()
INFO:root:[2025-11-10 05:06:54] WiFiBand.BAND_2_4_GHz  QOE:                      0
INFO:root:[2025-11-10 05:06:54] WiFiBand.BAND_2_4_GHz  TX POWER (dBm):           0
INFO:root:[2025-11-10 05:06:54] WiFiBand.BAND_2_4_GHz  CHANNEL WIDTH (MHz):      0
INFO:root:[2025-11-10 05:06:54] WiFiBand.BAND_2_4_GHz  INTERFERENCE WEIGHT:      1
INFO:root:[2025-11-10 05:06:54] WiFiBand.BAND_2_4_GHz  DFS:                      0
INFO:root:
WARNING:root:[ALERT][2025-11-10 05:06:54][Channel 2] Sudden change in SNR: 49.82 (avg=14.95, dev=233.3%)
WARNING:root:[ALERT][2025-11-10 05:06:54][Channel 2] Sudden change in TX_power: 17.00 (avg=5.10, dev=233.3%)
WARNING:root:[ALERT][2025-11-10 05:06:54][Channel 2] Sudden change in Throughput: 61.97 (avg=18.59, dev=233.3%)
WARNING:root:[ALERT][2025-11-10 05:06:54][Channel 2] Sudden change in QoE: 4.64 (avg=1.39, dev=233.3%)
WARNING:root:[ALERT][2025-11-10 05:06:54][Channel 2] Sudden change in P95_retry: 15.36 (avg=4.61, dev=233.3%)
WARNING:root:[ALERT][2025-11-10 05:06:54][Channel 2] Sudden change in P95_PER: 0.01 (avg=0.00, dev=233.3%)
WARNING:root:[CUSUM ALERT][2025-11-10 05:06:54][Channel 2] SNR ↑ shift detected! deviation=34.87
WARNING:root:[CUSUM ALERT][2025-11-10 05:06:54][Channel 2] TX_power ↑ shift detected! deviation=11.90
WARNING:root:[CUSUM ALERT][2025-11-10 05:06:54][Channel 2] Throughput ↑ shift detected! deviation=43.38
WARNING:root:[CUSUM ALERT][2025-11-10 05:06:54][Channel 2] P95_retry ↑ shift detected! deviation=10.76
WARNING:root:[ALERT][2025-11-10 05:06:54][Channel 2] Sudden change in QoE: 4.91 (avg=2.45, dev=100.5%)
WARNING:root:[ALERT][2025-11-10 05:06:54][Channel 2] Sudden change in P95_PER: 0.01 (avg=0.00, dev=72.3%)
INFO:root:Scanning channels...
INFO:root:For 5GHz...
WARNING:root:[CUSUM ALERT][2025-11-10 05:06:54][Channel 2] NoiseFloor ↑ shift detected! deviation=3.04
INFO:root:Noisiest 5GHz channel... 40
INFO:root:--------------------------------

INFO:root:[2025-11-10 05:06:54] WiFiBand.BAND_5_GHz  BAND:                     WiFiBand.BAND_5_GHz
INFO:root:[2025-11-10 05:06:54] WiFiBand.BAND_5_GHz  CHANNEL:                  40
INFO:root:[2025-11-10 05:06:54] WiFiBand.BAND_5_GHz  NOISE FLOOR (dBm):        -95
INFO:root:[2025-11-10 05:06:54] WiFiBand.BAND_5_GHz  AVG CLIENT SNR (dB):      0
INFO:root:[2025-11-10 05:06:54] WiFiBand.BAND_5_GHz  AVG COUNT:                0
INFO:root:[2025-11-10 05:06:54] WiFiBand.BAND_5_GHz  AVG THROUGHPUT (Mbps):    0
INFO:root:[2025-11-10 05:06:54] WiFiBand.BAND_5_GHz  CHANNEL UTILIZATION:      0
INFO:root:[2025-11-10 05:06:54] WiFiBand.BAND_5_GHz  INTERFERENCE:             0
INFO:root:[2025-11-10 05:06:54] WiFiBand.BAND_5_GHz  CLIENTS:                  set()
INFO:root:[2025-11-10 05:06:54] WiFiBand.BAND_5_GHz  QOE:                      0
INFO:root:[2025-11-10 05:06:54] WiFiBand.BAND_5_GHz  TX POWER (dBm):           0
INFO:root:[2025-11-10 05:06:54] WiFiBand.BAND_5_GHz  CHANNEL WIDTH (MHz):      0
INFO:root:[2025-11-10 05:06:54] WiFiBand.BAND_5_GHz  INTERFERENCE WEIGHT:      1
INFO:root:[2025-11-10 05:06:54] WiFiBand.BAND_5_GHz  DFS:                      0
INFO:root:
WARNING:root:[ALERT][2025-11-10 05:06:55][Channel 40] Sudden change in SNR: 45.49 (avg=13.65, dev=233.3%)
WARNING:root:[ALERT][2025-11-10 05:06:55][Channel 40] Sudden change in TX_power: 18.00 (avg=5.40, dev=233.3%)
WARNING:root:[ALERT][2025-11-10 05:06:55][Channel 40] Sudden change in Throughput: 360.81 (avg=108.24, dev=233.3%)
WARNING:root:[ALERT][2025-11-10 05:06:55][Channel 40] Sudden change in QoE: 4.52 (avg=1.36, dev=233.3%)
WARNING:root:[ALERT][2025-11-10 05:06:55][Channel 40] Sudden change in P95_retry: 17.82 (avg=5.34, dev=233.3%)
WARNING:root:[ALERT][2025-11-10 05:06:55][Channel 40] Sudden change in P95_PER: 0.05 (avg=0.01, dev=233.3%)
WARNING:root:[CUSUM ALERT][2025-11-10 05:06:55][Channel 40] SNR ↑ shift detected! deviation=31.84
WARNING:root:[CUSUM ALERT][2025-11-10 05:06:55][Channel 40] TX_power ↑ shift detected! deviation=12.60
WARNING:root:[CUSUM ALERT][2025-11-10 05:06:55][Channel 40] Throughput ↑ shift detected! deviation=252.56
WARNING:root:[CUSUM ALERT][2025-11-10 05:06:55][Channel 40] P95_retry ↑ shift detected! deviation=12.47
WARNING:root:[ALERT][2025-11-10 05:06:55][Channel 40] Sudden change in QoE: 4.18 (avg=2.20, dev=89.6%)
WARNING:root:[ALERT][2025-11-10 05:06:55][Channel 40] Sudden change in P95_PER: 0.03 (avg=0.02, dev=61.0%)
INFO:root:Serving Client Request...
WARNING:root:[CUSUM ALERT][2025-11-10 05:06:55][Channel 40] NoiseFloor ↓ shift detected! deviation=-4.07
INFO:root:Initiating Sensing Orchestra...
WARNING:root:Might implement 6GHz in future...
INFO:root:Creating band: WiFiBand.BAND_2_4_GHz channel : 1
INFO:root:Creating band: WiFiBand.BAND_2_4_GHz channel : 2
INFO:root:Creating band: WiFiBand.BAND_2_4_GHz channel : 3
INFO:root:Creating band: WiFiBand.BAND_2_4_GHz channel : 4
INFO:root:Creating band: WiFiBand.BAND_2_4_GHz channel : 5
INFO:root:Creating band: WiFiBand.BAND_2_4_GHz channel : 6
INFO:root:Creating band: WiFiBand.BAND_2_4_GHz channel : 7
INFO:root:Creating band: WiFiBand.BAND_2_4_GHz channel : 8
INFO:root:Creating band: WiFiBand.BAND_2_4_GHz channel : 9
INFO:root:Creating band: WiFiBand.BAND_2_4_GHz channel : 10
INFO:root:Creating band: WiFiBand.BAND_2_4_GHz channel : 11
INFO:root:Creating band: WiFiBand.BAND_2_4_GHz channel : 12
INFO:root:Creating band: WiFiBand.BAND_2_4_GHz channel : 13
INFO:root:Creating band: WiFiBand.BAND_2_4_GHz channel : 14
INFO:root:Creating band: WiFiBand.BAND_5_GHz channel : 36
INFO:root:Creating band: WiFiBand.BAND_5_GHz channel : 40
INFO:root:Creating band: WiFiBand.BAND_5_GHz channel : 44
INFO:root:Creating band: WiFiBand.BAND_5_GHz channel : 48
INFO:root:Creating band: WiFiBand.BAND_5_GHz channel : 52
INFO:root:Creating band: WiFiBand.BAND_5_GHz channel : 56
INFO:root:Creating band: WiFiBand.BAND_5_GHz channel : 60
INFO:root:Creating band: WiFiBand.BAND_5_GHz channel : 64
INFO:root:Creating band: WiFiBand.BAND_5_GHz channel : 100
INFO:root:Creating band: WiFiBand.BAND_5_GHz channel : 104
INFO:root:Creating band: WiFiBand.BAND_5_GHz channel : 108
INFO:root:Creating band: WiFiBand.BAND_5_GHz channel : 112
INFO:root:Creating band: WiFiBand.BAND_5_GHz channel : 116
INFO:root:Creating band: WiFiBand.BAND_5_GHz channel : 120
INFO:root:Creating band: WiFiBand.BAND_5_GHz channel : 124
INFO:root:Creating band: WiFiBand.BAND_5_GHz channel : 128
INFO:root:Creating band: WiFiBand.BAND_5_GHz channel : 132
INFO:root:Creating band: WiFiBand.BAND_5_GHz channel : 136
INFO:root:Creating band: WiFiBand.BAND_5_GHz channel : 140
INFO:root:Creating band: WiFiBand.BAND_5_GHz channel : 144
INFO:root:Creating band: WiFiBand.BAND_5_GHz channel : 149
INFO:root:Creating band: WiFiBand.BAND_5_GHz channel : 153
INFO:root:Creating band: WiFiBand.BAND_5_GHz channel : 157
INFO:root:Creating band: WiFiBand.BAND_5_GHz channel : 161
INFO:root:Initiating MAB...
INFO:root:Initiating MAB...
INFO:root:Serving Client Request...
INFO:root:Scanning channels...
INFO:root:For 2_4GHz...
INFO:root:Noisiest 2_4GHz channel... 1
INFO:root:--------------------------------

INFO:root:[2025-11-10 05:12:23] WiFiBand.BAND_2_4_GHz  BAND:                     WiFiBand.BAND_2_4_GHz
INFO:root:[2025-11-10 05:12:23] WiFiBand.BAND_2_4_GHz  CHANNEL:                  1
INFO:root:[2025-11-10 05:12:23] WiFiBand.BAND_2_4_GHz  NOISE FLOOR (dBm):        -95
INFO:root:[2025-11-10 05:12:23] WiFiBand.BAND_2_4_GHz  AVG CLIENT SNR (dB):      0
INFO:root:[2025-11-10 05:12:23] WiFiBand.BAND_2_4_GHz  AVG COUNT:                0
INFO:root:[2025-11-10 05:12:23] WiFiBand.BAND_2_4_GHz  AVG THROUGHPUT (Mbps):    0
INFO:root:[2025-11-10 05:12:23] WiFiBand.BAND_2_4_GHz  CHANNEL UTILIZATION:      0
INFO:root:[2025-11-10 05:12:23] WiFiBand.BAND_2_4_GHz  INTERFERENCE:             0
INFO:root:[2025-11-10 05:12:23] WiFiBand.BAND_2_4_GHz  CLIENTS:                  set()
INFO:root:[2025-11-10 05:12:23] WiFiBand.BAND_2_4_GHz  QOE:                      0
INFO:root:[2025-11-10 05:12:23] WiFiBand.BAND_2_4_GHz  TX POWER (dBm):           0
INFO:root:[2025-11-10 05:12:23] WiFiBand.BAND_2_4_GHz  CHANNEL WIDTH (MHz):      0
INFO:root:[2025-11-10 05:12:23] WiFiBand.BAND_2_4_GHz  INTERFERENCE WEIGHT:      1
INFO:root:[2025-11-10 05:12:23] WiFiBand.BAND_2_4_GHz  DFS:                      0
INFO:root:
WARNING:root:[ALERT][2025-11-10 05:12:23][Channel 1] Sudden change in SNR: 54.82 (avg=16.45, dev=233.3%)
WARNING:root:[ALERT][2025-11-10 05:12:23][Channel 1] Sudden change in TX_power: 20.00 (avg=6.00, dev=233.3%)
WARNING:root:[ALERT][2025-11-10 05:12:23][Channel 1] Sudden change in Throughput: 51.89 (avg=15.57, dev=233.3%)
WARNING:root:[ALERT][2025-11-10 05:12:23][Channel 1] Sudden change in QoE: 4.11 (avg=1.23, dev=233.3%)
WARNING:root:[ALERT][2025-11-10 05:12:23][Channel 1] Sudden change in P95_retry: 32.25 (avg=9.67, dev=233.3%)
WARNING:root:[ALERT][2025-11-10 05:12:23][Channel 1] Sudden change in P95_PER: 0.00 (avg=0.00, dev=233.3%)
WARNING:root:[CUSUM ALERT][2025-11-10 05:12:23][Channel 1] SNR ↑ shift detected! deviation=38.38
WARNING:root:[CUSUM ALERT][2025-11-10 05:12:23][Channel 1] TX_power ↑ shift detected! deviation=14.00
WARNING:root:[CUSUM ALERT][2025-11-10 05:12:23][Channel 1] Throughput ↑ shift detected! deviation=36.33
WARNING:root:[CUSUM ALERT][2025-11-10 05:12:23][Channel 1] P95_retry ↑ shift detected! deviation=22.57
WARNING:root:[ALERT][2025-11-10 05:12:23][Channel 1] Sudden change in QoE: 4.58 (avg=2.23, dev=104.8%)
WARNING:root:[ALERT][2025-11-10 05:12:23][Channel 1] Sudden change in P95_PER: 0.00 (avg=0.00, dev=119.4%)
WARNING:root:[CUSUM ALERT][2025-11-10 05:12:23][Channel 1] NoiseFloor ↓ shift detected! deviation=-3.04
INFO:root:Scanning channels...
INFO:root:For 5GHz...
INFO:root:Noisiest 5GHz channel... 36
INFO:root:--------------------------------

INFO:root:[2025-11-10 05:12:23] WiFiBand.BAND_5_GHz  BAND:                     WiFiBand.BAND_5_GHz
INFO:root:[2025-11-10 05:12:23] WiFiBand.BAND_5_GHz  CHANNEL:                  36
INFO:root:[2025-11-10 05:12:23] WiFiBand.BAND_5_GHz  NOISE FLOOR (dBm):        -95
INFO:root:[2025-11-10 05:12:23] WiFiBand.BAND_5_GHz  AVG CLIENT SNR (dB):      0
INFO:root:[2025-11-10 05:12:23] WiFiBand.BAND_5_GHz  AVG COUNT:                0
INFO:root:[2025-11-10 05:12:23] WiFiBand.BAND_5_GHz  AVG THROUGHPUT (Mbps):    0
INFO:root:[2025-11-10 05:12:23] WiFiBand.BAND_5_GHz  CHANNEL UTILIZATION:      0
INFO:root:[2025-11-10 05:12:23] WiFiBand.BAND_5_GHz  INTERFERENCE:             0
INFO:root:[2025-11-10 05:12:23] WiFiBand.BAND_5_GHz  CLIENTS:                  set()
INFO:root:[2025-11-10 05:12:23] WiFiBand.BAND_5_GHz  QOE:                      0
INFO:root:[2025-11-10 05:12:23] WiFiBand.BAND_5_GHz  TX POWER (dBm):           0
INFO:root:[2025-11-10 05:12:23] WiFiBand.BAND_5_GHz  CHANNEL WIDTH (MHz):      0
INFO:root:[2025-11-10 05:12:23] WiFiBand.BAND_5_GHz  INTERFERENCE WEIGHT:      1
INFO:root:[2025-11-10 05:12:23] WiFiBand.BAND_5_GHz  DFS:                      0
INFO:root:
WARNING:root:[ALERT][2025-11-10 05:12:23][Channel 36] Sudden change in SNR: 46.81 (avg=14.04, dev=233.3%)
WARNING:root:[ALERT][2025-11-10 05:12:23][Channel 36] Sudden change in TX_power: 21.00 (avg=6.30, dev=233.3%)
WARNING:root:[ALERT][2025-11-10 05:12:23][Channel 36] Sudden change in Throughput: 298.10 (avg=89.43, dev=233.3%)
WARNING:root:[ALERT][2025-11-10 05:12:23][Channel 36] Sudden change in QoE: 4.00 (avg=1.20, dev=233.3%)
WARNING:root:[ALERT][2025-11-10 05:12:23][Channel 36] Sudden change in P95_retry: 36.35 (avg=10.91, dev=233.3%)
WARNING:root:[ALERT][2025-11-10 05:12:23][Channel 36] Sudden change in P95_PER: 0.01 (avg=0.00, dev=233.3%)
WARNING:root:[CUSUM ALERT][2025-11-10 05:12:23][Channel 36] SNR ↑ shift detected! deviation=32.77
WARNING:root:[CUSUM ALERT][2025-11-10 05:12:23][Channel 36] TX_power ↑ shift detected! deviation=14.70
WARNING:root:[CUSUM ALERT][2025-11-10 05:12:23][Channel 36] Throughput ↑ shift detected! deviation=208.67
WARNING:root:[CUSUM ALERT][2025-11-10 05:12:23][Channel 36] P95_retry ↑ shift detected! deviation=25.45
WARNING:root:[ALERT][2025-11-10 05:12:23][Channel 36] Sudden change in QoE: 4.62 (avg=2.23, dev=107.7%)
WARNING:root:[ALERT][2025-11-10 05:12:23][Channel 36] Sudden change in P95_PER: 0.02 (avg=0.01, dev=140.4%)
WARNING:root:[CUSUM ALERT][2025-11-10 05:12:23][Channel 36] NoiseFloor ↑ shift detected! deviation=3.01
INFO:root:Serving Client Request...
INFO:root:Scanning channels...
INFO:root:For 2_4GHz...
INFO:root:Noisiest 2_4GHz channel... 2
INFO:root:--------------------------------

INFO:root:[2025-11-10 05:12:29] WiFiBand.BAND_2_4_GHz  BAND:                     WiFiBand.BAND_2_4_GHz
INFO:root:[2025-11-10 05:12:29] WiFiBand.BAND_2_4_GHz  CHANNEL:                  2
INFO:root:[2025-11-10 05:12:29] WiFiBand.BAND_2_4_GHz  NOISE FLOOR (dBm):        -95
INFO:root:[2025-11-10 05:12:29] WiFiBand.BAND_2_4_GHz  AVG CLIENT SNR (dB):      0
INFO:root:[2025-11-10 05:12:29] WiFiBand.BAND_2_4_GHz  AVG COUNT:                0
INFO:root:[2025-11-10 05:12:29] WiFiBand.BAND_2_4_GHz  AVG THROUGHPUT (Mbps):    0
INFO:root:[2025-11-10 05:12:29] WiFiBand.BAND_2_4_GHz  CHANNEL UTILIZATION:      0
INFO:root:[2025-11-10 05:12:29] WiFiBand.BAND_2_4_GHz  INTERFERENCE:             0
INFO:root:[2025-11-10 05:12:29] WiFiBand.BAND_2_4_GHz  CLIENTS:                  set()
INFO:root:[2025-11-10 05:12:29] WiFiBand.BAND_2_4_GHz  QOE:                      0
INFO:root:[2025-11-10 05:12:29] WiFiBand.BAND_2_4_GHz  TX POWER (dBm):           0
INFO:root:[2025-11-10 05:12:29] WiFiBand.BAND_2_4_GHz  CHANNEL WIDTH (MHz):      0
INFO:root:[2025-11-10 05:12:29] WiFiBand.BAND_2_4_GHz  INTERFERENCE WEIGHT:      1
INFO:root:[2025-11-10 05:12:29] WiFiBand.BAND_2_4_GHz  DFS:                      0
INFO:root:
WARNING:root:[ALERT][2025-11-10 05:12:29][Channel 2] Sudden change in SNR: 49.82 (avg=14.95, dev=233.3%)
WARNING:root:[ALERT][2025-11-10 05:12:29][Channel 2] Sudden change in TX_power: 17.00 (avg=5.10, dev=233.3%)
WARNING:root:[ALERT][2025-11-10 05:12:29][Channel 2] Sudden change in Throughput: 61.97 (avg=18.59, dev=233.3%)
WARNING:root:[ALERT][2025-11-10 05:12:29][Channel 2] Sudden change in QoE: 4.64 (avg=1.39, dev=233.3%)
WARNING:root:[ALERT][2025-11-10 05:12:29][Channel 2] Sudden change in P95_retry: 15.36 (avg=4.61, dev=233.3%)
WARNING:root:[ALERT][2025-11-10 05:12:29][Channel 2] Sudden change in P95_PER: 0.01 (avg=0.00, dev=233.3%)
WARNING:root:[CUSUM ALERT][2025-11-10 05:12:29][Channel 2] SNR ↑ shift detected! deviation=34.87
WARNING:root:[CUSUM ALERT][2025-11-10 05:12:29][Channel 2] TX_power ↑ shift detected! deviation=11.90
WARNING:root:[CUSUM ALERT][2025-11-10 05:12:29][Channel 2] Throughput ↑ shift detected! deviation=43.38
WARNING:root:[CUSUM ALERT][2025-11-10 05:12:29][Channel 2] P95_retry ↑ shift detected! deviation=10.76
WARNING:root:[ALERT][2025-11-10 05:12:29][Channel 2] Sudden change in QoE: 4.91 (avg=2.45, dev=100.5%)
WARNING:root:[ALERT][2025-11-10 05:12:29][Channel 2] Sudden change in P95_PER: 0.01 (avg=0.00, dev=72.3%)
WARNING:root:[CUSUM ALERT][2025-11-10 05:12:29][Channel 2] NoiseFloor ↑ shift detected! deviation=3.04
INFO:root:Scanning channels...
INFO:root:For 5GHz...
INFO:root:Noisiest 5GHz channel... 40
INFO:root:--------------------------------

INFO:root:[2025-11-10 05:12:30] WiFiBand.BAND_5_GHz  BAND:                     WiFiBand.BAND_5_GHz
INFO:root:[2025-11-10 05:12:30] WiFiBand.BAND_5_GHz  CHANNEL:                  40
INFO:root:[2025-11-10 05:12:30] WiFiBand.BAND_5_GHz  NOISE FLOOR (dBm):        -95
INFO:root:[2025-11-10 05:12:30] WiFiBand.BAND_5_GHz  AVG CLIENT SNR (dB):      0
INFO:root:[2025-11-10 05:12:30] WiFiBand.BAND_5_GHz  AVG COUNT:                0
INFO:root:[2025-11-10 05:12:30] WiFiBand.BAND_5_GHz  AVG THROUGHPUT (Mbps):    0
INFO:root:[2025-11-10 05:12:30] WiFiBand.BAND_5_GHz  CHANNEL UTILIZATION:      0
INFO:root:[2025-11-10 05:12:30] WiFiBand.BAND_5_GHz  INTERFERENCE:             0
INFO:root:[2025-11-10 05:12:30] WiFiBand.BAND_5_GHz  CLIENTS:                  set()
INFO:root:[2025-11-10 05:12:30] WiFiBand.BAND_5_GHz  QOE:                      0
INFO:root:[2025-11-10 05:12:30] WiFiBand.BAND_5_GHz  TX POWER (dBm):           0
INFO:root:[2025-11-10 05:12:30] WiFiBand.BAND_5_GHz  CHANNEL WIDTH (MHz):      0
INFO:root:[2025-11-10 05:12:30] WiFiBand.BAND_5_GHz  INTERFERENCE WEIGHT:      1
INFO:root:[2025-11-10 05:12:30] WiFiBand.BAND_5_GHz  DFS:                      0
INFO:root:
WARNING:root:[ALERT][2025-11-10 05:12:30][Channel 40] Sudden change in SNR: 45.49 (avg=13.65, dev=233.3%)
WARNING:root:[ALERT][2025-11-10 05:12:30][Channel 40] Sudden change in TX_power: 18.00 (avg=5.40, dev=233.3%)
WARNING:root:[ALERT][2025-11-10 05:12:30][Channel 40] Sudden change in Throughput: 360.81 (avg=108.24, dev=233.3%)
WARNING:root:[ALERT][2025-11-10 05:12:30][Channel 40] Sudden change in QoE: 4.52 (avg=1.36, dev=233.3%)
WARNING:root:[ALERT][2025-11-10 05:12:30][Channel 40] Sudden change in P95_retry: 17.82 (avg=5.34, dev=233.3%)
WARNING:root:[ALERT][2025-11-10 05:12:30][Channel 40] Sudden change in P95_PER: 0.05 (avg=0.01, dev=233.3%)
WARNING:root:[CUSUM ALERT][2025-11-10 05:12:30][Channel 40] SNR ↑ shift detected! deviation=31.84
WARNING:root:[CUSUM ALERT][2025-11-10 05:12:30][Channel 40] TX_power ↑ shift detected! deviation=12.60
WARNING:root:[CUSUM ALERT][2025-11-10 05:12:30][Channel 40] Throughput ↑ shift detected! deviation=252.56
WARNING:root:[CUSUM ALERT][2025-11-10 05:12:30][Channel 40] P95_retry ↑ shift detected! deviation=12.47
WARNING:root:[ALERT][2025-11-10 05:12:30][Channel 40] Sudden change in QoE: 4.18 (avg=2.20, dev=89.6%)
WARNING:root:[ALERT][2025-11-10 05:12:30][Channel 40] Sudden change in P95_PER: 0.03 (avg=0.02, dev=61.0%)
WARNING:root:[CUSUM ALERT][2025-11-10 05:12:30][Channel 40] NoiseFloor ↓ shift detected! deviation=-4.07
INFO:root:Serving Client Request...
INFO:root:Scanning channels...
INFO:root:For 2_4GHz...
INFO:root:Noisiest 2_4GHz channel... 3
INFO:root:--------------------------------

INFO:root:[2025-11-10 05:12:36] WiFiBand.BAND_2_4_GHz  BAND:                     WiFiBand.BAND_2_4_GHz
INFO:root:[2025-11-10 05:12:36] WiFiBand.BAND_2_4_GHz  CHANNEL:                  3
INFO:root:[2025-11-10 05:12:36] WiFiBand.BAND_2_4_GHz  NOISE FLOOR (dBm):        -95
INFO:root:[2025-11-10 05:12:36] WiFiBand.BAND_2_4_GHz  AVG CLIENT SNR (dB):      0
INFO:root:[2025-11-10 05:12:36] WiFiBand.BAND_2_4_GHz  AVG COUNT:                0
INFO:root:[2025-11-10 05:12:36] WiFiBand.BAND_2_4_GHz  AVG THROUGHPUT (Mbps):    0
INFO:root:[2025-11-10 05:12:36] WiFiBand.BAND_2_4_GHz  CHANNEL UTILIZATION:      0
INFO:root:[2025-11-10 05:12:36] WiFiBand.BAND_2_4_GHz  INTERFERENCE:             0
INFO:root:[2025-11-10 05:12:36] WiFiBand.BAND_2_4_GHz  CLIENTS:                  set()
INFO:root:[2025-11-10 05:12:36] WiFiBand.BAND_2_4_GHz  QOE:                      0
INFO:root:[2025-11-10 05:12:36] WiFiBand.BAND_2_4_GHz  TX POWER (dBm):           0
INFO:root:[2025-11-10 05:12:36] WiFiBand.BAND_2_4_GHz  CHANNEL WIDTH (MHz):      0
INFO:root:[2025-11-10 05:12:36] WiFiBand.BAND_2_4_GHz  INTERFERENCE WEIGHT:      1
INFO:root:[2025-11-10 05:12:36] WiFiBand.BAND_2_4_GHz  DFS:                      0
INFO:root:
WARNING:root:[ALERT][2025-11-10 05:12:36][Channel 3] Sudden change in SNR: 49.50 (avg=14.85, dev=233.3%)
WARNING:root:[ALERT][2025-11-10 05:12:36][Channel 3] Sudden change in TX_power: 18.00 (avg=5.40, dev=233.3%)
WARNING:root:[ALERT][2025-11-10 05:12:36][Channel 3] Sudden change in Throughput: 50.67 (avg=15.20, dev=233.3%)
WARNING:root:[ALERT][2025-11-10 05:12:36][Channel 3] Sudden change in QoE: 4.07 (avg=1.22, dev=233.3%)
WARNING:root:[ALERT][2025-11-10 05:12:36][Channel 3] Sudden change in P95_retry: 34.15 (avg=10.25, dev=233.3%)
WARNING:root:[ALERT][2025-11-10 05:12:36][Channel 3] Sudden change in P95_PER: 0.01 (avg=0.00, dev=233.3%)
WARNING:root:[CUSUM ALERT][2025-11-10 05:12:36][Channel 3] SNR ↑ shift detected! deviation=34.65
WARNING:root:[CUSUM ALERT][2025-11-10 05:12:36][Channel 3] TX_power ↑ shift detected! deviation=12.60
WARNING:root:[CUSUM ALERT][2025-11-10 05:12:36][Channel 3] Throughput ↑ shift detected! deviation=35.47
WARNING:root:[CUSUM ALERT][2025-11-10 05:12:36][Channel 3] P95_retry ↑ shift detected! deviation=23.91
WARNING:root:[ALERT][2025-11-10 05:12:36][Channel 3] Sudden change in QoE: 4.70 (avg=2.26, dev=107.6%)
WARNING:root:[ALERT][2025-11-10 05:12:36][Channel 3] Sudden change in P95_PER: 0.00 (avg=0.00, dev=25.7%)
WARNING:root:[CUSUM ALERT][2025-11-10 05:12:36][Channel 3] NoiseFloor ↓ shift detected! deviation=-3.50
INFO:root:Scanning channels...
INFO:root:For 5GHz...
INFO:root:Noisiest 5GHz channel... 44
INFO:root:--------------------------------

INFO:root:[2025-11-10 05:12:36] WiFiBand.BAND_5_GHz  BAND:                     WiFiBand.BAND_5_GHz
INFO:root:[2025-11-10 05:12:36] WiFiBand.BAND_5_GHz  CHANNEL:                  44
INFO:root:[2025-11-10 05:12:36] WiFiBand.BAND_5_GHz  NOISE FLOOR (dBm):        -95
INFO:root:[2025-11-10 05:12:36] WiFiBand.BAND_5_GHz  AVG CLIENT SNR (dB):      0
INFO:root:[2025-11-10 05:12:36] WiFiBand.BAND_5_GHz  AVG COUNT:                0
INFO:root:[2025-11-10 05:12:36] WiFiBand.BAND_5_GHz  AVG THROUGHPUT (Mbps):    0
INFO:root:[2025-11-10 05:12:36] WiFiBand.BAND_5_GHz  CHANNEL UTILIZATION:      0
INFO:root:[2025-11-10 05:12:36] WiFiBand.BAND_5_GHz  INTERFERENCE:             0
INFO:root:[2025-11-10 05:12:36] WiFiBand.BAND_5_GHz  CLIENTS:                  set()
INFO:root:[2025-11-10 05:12:36] WiFiBand.BAND_5_GHz  QOE:                      0
INFO:root:[2025-11-10 05:12:36] WiFiBand.BAND_5_GHz  TX POWER (dBm):           0
INFO:root:[2025-11-10 05:12:36] WiFiBand.BAND_5_GHz  CHANNEL WIDTH (MHz):      0
INFO:root:[2025-11-10 05:12:36] WiFiBand.BAND_5_GHz  INTERFERENCE WEIGHT:      1
INFO:root:[2025-11-10 05:12:36] WiFiBand.BAND_5_GHz  DFS:                      0
INFO:root:
WARNING:root:[ALERT][2025-11-10 05:12:36][Channel 44] Sudden change in SNR: 42.36 (avg=12.71, dev=233.3%)
WARNING:root:[ALERT][2025-11-10 05:12:36][Channel 44] Sudden change in TX_power: 19.00 (avg=5.70, dev=233.3%)
WARNING:root:[ALERT][2025-11-10 05:12:36][Channel 44] Sudden change in Throughput: 1017.38 (avg=305.21, dev=233.3%)
WARNING:root:[ALERT][2025-11-10 05:12:36][Channel 44] Sudden change in QoE: 4.33 (avg=1.30, dev=233.3%)
WARNING:root:[ALERT][2025-11-10 05:12:36][Channel 44] Sudden change in P95_retry: 24.10 (avg=7.23, dev=233.3%)
WARNING:root:[ALERT][2025-11-10 05:12:36][Channel 44] Sudden change in P95_PER: 0.16 (avg=0.05, dev=233.3%)
WARNING:root:[CUSUM ALERT][2025-11-10 05:12:36][Channel 44] SNR ↑ shift detected! deviation=29.65
WARNING:root:[CUSUM ALERT][2025-11-10 05:12:36][Channel 44] TX_power ↑ shift detected! deviation=13.30
WARNING:root:[CUSUM ALERT][2025-11-10 05:12:36][Channel 44] Throughput ↑ shift detected! deviation=712.16
WARNING:root:[CUSUM ALERT][2025-11-10 05:12:36][Channel 44] P95_retry ↑ shift detected! deviation=16.87
WARNING:root:[ALERT][2025-11-10 05:12:36][Channel 44] Sudden change in QoE: 4.33 (avg=2.21, dev=96.2%)
WARNING:root:[ALERT][2025-11-10 05:12:36][Channel 44] Sudden change in P95_PER: 0.13 (avg=0.07, dev=76.4%)
WARNING:root:[CUSUM ALERT][2025-11-10 05:12:36][Channel 44] NoiseFloor ↑ shift detected! deviation=2.87
INFO:root:Serving Client Request...
INFO:root:Scanning channels...
INFO:root:For 2_4GHz...
INFO:root:Noisiest 2_4GHz channel... 4
INFO:root:--------------------------------

INFO:root:[2025-11-10 05:12:42] WiFiBand.BAND_2_4_GHz  BAND:                     WiFiBand.BAND_2_4_GHz
INFO:root:[2025-11-10 05:12:42] WiFiBand.BAND_2_4_GHz  CHANNEL:                  4
INFO:root:[2025-11-10 05:12:42] WiFiBand.BAND_2_4_GHz  NOISE FLOOR (dBm):        -95
INFO:root:[2025-11-10 05:12:42] WiFiBand.BAND_2_4_GHz  AVG CLIENT SNR (dB):      0
INFO:root:[2025-11-10 05:12:42] WiFiBand.BAND_2_4_GHz  AVG COUNT:                0
INFO:root:[2025-11-10 05:12:42] WiFiBand.BAND_2_4_GHz  AVG THROUGHPUT (Mbps):    0
INFO:root:[2025-11-10 05:12:42] WiFiBand.BAND_2_4_GHz  CHANNEL UTILIZATION:      0
INFO:root:[2025-11-10 05:12:42] WiFiBand.BAND_2_4_GHz  INTERFERENCE:             0
INFO:root:[2025-11-10 05:12:42] WiFiBand.BAND_2_4_GHz  CLIENTS:                  set()
INFO:root:[2025-11-10 05:12:42] WiFiBand.BAND_2_4_GHz  QOE:                      0
INFO:root:[2025-11-10 05:12:42] WiFiBand.BAND_2_4_GHz  TX POWER (dBm):           0
INFO:root:[2025-11-10 05:12:42] WiFiBand.BAND_2_4_GHz  CHANNEL WIDTH (MHz):      0
INFO:root:[2025-11-10 05:12:42] WiFiBand.BAND_2_4_GHz  INTERFERENCE WEIGHT:      1
INFO:root:[2025-11-10 05:12:42] WiFiBand.BAND_2_4_GHz  DFS:                      0
INFO:root:
WARNING:root:[ALERT][2025-11-10 05:12:42][Channel 4] Sudden change in SNR: 52.72 (avg=15.82, dev=233.3%)
WARNING:root:[ALERT][2025-11-10 05:12:42][Channel 4] Sudden change in TX_power: 20.00 (avg=6.00, dev=233.3%)
WARNING:root:[ALERT][2025-11-10 05:12:42][Channel 4] Sudden change in Throughput: 65.66 (avg=19.70, dev=233.3%)
WARNING:root:[ALERT][2025-11-10 05:12:42][Channel 4] Sudden change in QoE: 4.81 (avg=1.44, dev=233.3%)
WARNING:root:[ALERT][2025-11-10 05:12:42][Channel 4] Sudden change in P95_retry: 10.10 (avg=3.03, dev=233.3%)
WARNING:root:[ALERT][2025-11-10 05:12:42][Channel 4] Sudden change in P95_PER: 0.00 (avg=0.00, dev=233.3%)
WARNING:root:[CUSUM ALERT][2025-11-10 05:12:42][Channel 4] SNR ↑ shift detected! deviation=36.91
WARNING:root:[CUSUM ALERT][2025-11-10 05:12:42][Channel 4] TX_power ↑ shift detected! deviation=14.00
WARNING:root:[CUSUM ALERT][2025-11-10 05:12:42][Channel 4] Throughput ↑ shift detected! deviation=45.96
WARNING:root:[CUSUM ALERT][2025-11-10 05:12:42][Channel 4] P95_retry ↑ shift detected! deviation=7.07
WARNING:root:[ALERT][2025-11-10 05:12:42][Channel 4] Sudden change in QoE: 4.68 (avg=2.41, dev=93.8%)
WARNING:root:[ALERT][2025-11-10 05:12:42][Channel 4] Sudden change in P95_PER: 0.00 (avg=0.00, dev=79.4%)
WARNING:root:[CUSUM ALERT][2025-11-10 05:12:42][Channel 4] NoiseFloor ↓ shift detected! deviation=-2.57
INFO:root:Scanning channels...
INFO:root:For 5GHz...
INFO:root:Noisiest 5GHz channel... 48
INFO:root:--------------------------------

INFO:root:[2025-11-10 05:12:42] WiFiBand.BAND_5_GHz  BAND:                     WiFiBand.BAND_5_GHz
INFO:root:[2025-11-10 05:12:42] WiFiBand.BAND_5_GHz  CHANNEL:                  48
INFO:root:[2025-11-10 05:12:42] WiFiBand.BAND_5_GHz  NOISE FLOOR (dBm):        -95
INFO:root:[2025-11-10 05:12:42] WiFiBand.BAND_5_GHz  AVG CLIENT SNR (dB):      0
INFO:root:[2025-11-10 05:12:42] WiFiBand.BAND_5_GHz  AVG COUNT:                0
INFO:root:[2025-11-10 05:12:42] WiFiBand.BAND_5_GHz  AVG THROUGHPUT (Mbps):    0
INFO:root:[2025-11-10 05:12:42] WiFiBand.BAND_5_GHz  CHANNEL UTILIZATION:      0
INFO:root:[2025-11-10 05:12:42] WiFiBand.BAND_5_GHz  INTERFERENCE:             0
INFO:root:[2025-11-10 05:12:42] WiFiBand.BAND_5_GHz  CLIENTS:                  set()
INFO:root:[2025-11-10 05:12:42] WiFiBand.BAND_5_GHz  QOE:                      0
INFO:root:[2025-11-10 05:12:42] WiFiBand.BAND_5_GHz  TX POWER (dBm):           0
INFO:root:[2025-11-10 05:12:42] WiFiBand.BAND_5_GHz  CHANNEL WIDTH (MHz):      0
INFO:root:[2025-11-10 05:12:42] WiFiBand.BAND_5_GHz  INTERFERENCE WEIGHT:      1
INFO:root:[2025-11-10 05:12:42] WiFiBand.BAND_5_GHz  DFS:                      0
INFO:root:
WARNING:root:[ALERT][2025-11-10 05:12:42][Channel 48] Sudden change in SNR: 41.91 (avg=12.57, dev=233.3%)
WARNING:root:[ALERT][2025-11-10 05:12:42][Channel 48] Sudden change in TX_power: 18.00 (avg=5.40, dev=233.3%)
WARNING:root:[ALERT][2025-11-10 05:12:42][Channel 48] Sudden change in Throughput: 349.70 (avg=104.91, dev=233.3%)
WARNING:root:[ALERT][2025-11-10 05:12:42][Channel 48] Sudden change in QoE: 4.43 (avg=1.33, dev=233.3%)
WARNING:root:[ALERT][2025-11-10 05:12:42][Channel 48] Sudden change in P95_retry: 21.64 (avg=6.49, dev=233.3%)
WARNING:root:[ALERT][2025-11-10 05:12:42][Channel 48] Sudden change in P95_PER: 0.05 (avg=0.02, dev=233.3%)
WARNING:root:[CUSUM ALERT][2025-11-10 05:12:42][Channel 48] SNR ↑ shift detected! deviation=29.34
WARNING:root:[CUSUM ALERT][2025-11-10 05:12:42][Channel 48] TX_power ↑ shift detected! deviation=12.60
WARNING:root:[CUSUM ALERT][2025-11-10 05:12:42][Channel 48] Throughput ↑ shift detected! deviation=244.79
WARNING:root:[CUSUM ALERT][2025-11-10 05:12:42][Channel 48] P95_retry ↑ shift detected! deviation=15.15
WARNING:root:[ALERT][2025-11-10 05:12:42][Channel 48] Sudden change in QoE: 4.48 (avg=2.28, dev=97.0%)
WARNING:root:[ALERT][2025-11-10 05:12:42][Channel 48] Sudden change in P95_PER: 0.05 (avg=0.03, dev=85.5%)
WARNING:root:[CUSUM ALERT][2025-11-10 05:12:42][Channel 48] NoiseFloor ↓ shift detected! deviation=-1.91
INFO:root:Serving Client Request...
INFO:root:Scanning channels...
INFO:root:For 2_4GHz...
INFO:root:Noisiest 2_4GHz channel... 5
INFO:root:--------------------------------

INFO:root:[2025-11-10 05:12:49] WiFiBand.BAND_2_4_GHz  BAND:                     WiFiBand.BAND_2_4_GHz
INFO:root:[2025-11-10 05:12:49] WiFiBand.BAND_2_4_GHz  CHANNEL:                  5
INFO:root:[2025-11-10 05:12:49] WiFiBand.BAND_2_4_GHz  NOISE FLOOR (dBm):        -95
INFO:root:[2025-11-10 05:12:49] WiFiBand.BAND_2_4_GHz  AVG CLIENT SNR (dB):      0
INFO:root:[2025-11-10 05:12:49] WiFiBand.BAND_2_4_GHz  AVG COUNT:                0
INFO:root:[2025-11-10 05:12:49] WiFiBand.BAND_2_4_GHz  AVG THROUGHPUT (Mbps):    0
INFO:root:[2025-11-10 05:12:49] WiFiBand.BAND_2_4_GHz  CHANNEL UTILIZATION:      0
INFO:root:[2025-11-10 05:12:49] WiFiBand.BAND_2_4_GHz  INTERFERENCE:             0
INFO:root:[2025-11-10 05:12:49] WiFiBand.BAND_2_4_GHz  CLIENTS:                  set()
INFO:root:[2025-11-10 05:12:49] WiFiBand.BAND_2_4_GHz  QOE:                      0
INFO:root:[2025-11-10 05:12:49] WiFiBand.BAND_2_4_GHz  TX POWER (dBm):           0
INFO:root:[2025-11-10 05:12:49] WiFiBand.BAND_2_4_GHz  CHANNEL WIDTH (MHz):      0
INFO:root:[2025-11-10 05:12:49] WiFiBand.BAND_2_4_GHz  INTERFERENCE WEIGHT:      1
INFO:root:[2025-11-10 05:12:49] WiFiBand.BAND_2_4_GHz  DFS:                      0
INFO:root:
WARNING:root:[ALERT][2025-11-10 05:12:49][Channel 5] Sudden change in SNR: 48.81 (avg=14.64, dev=233.3%)
WARNING:root:[ALERT][2025-11-10 05:12:49][Channel 5] Sudden change in TX_power: 16.00 (avg=4.80, dev=233.3%)
WARNING:root:[ALERT][2025-11-10 05:12:49][Channel 5] Sudden change in Throughput: 60.70 (avg=18.21, dev=233.3%)
WARNING:root:[ALERT][2025-11-10 05:12:49][Channel 5] Sudden change in QoE: 4.55 (avg=1.36, dev=233.3%)
WARNING:root:[ALERT][2025-11-10 05:12:49][Channel 5] Sudden change in P95_retry: 16.75 (avg=5.03, dev=233.3%)
WARNING:root:[ALERT][2025-11-10 05:12:49][Channel 5] Sudden change in P95_PER: 0.01 (avg=0.00, dev=233.3%)
WARNING:root:[CUSUM ALERT][2025-11-10 05:12:49][Channel 5] SNR ↑ shift detected! deviation=34.16
WARNING:root:[CUSUM ALERT][2025-11-10 05:12:49][Channel 5] TX_power ↑ shift detected! deviation=11.20
WARNING:root:[CUSUM ALERT][2025-11-10 05:12:49][Channel 5] Throughput ↑ shift detected! deviation=42.49
WARNING:root:[CUSUM ALERT][2025-11-10 05:12:49][Channel 5] P95_retry ↑ shift detected! deviation=11.73
WARNING:root:[ALERT][2025-11-10 05:12:49][Channel 5] Sudden change in QoE: 4.58 (avg=2.33, dev=96.6%)
WARNING:root:[ALERT][2025-11-10 05:12:49][Channel 5] Sudden change in P95_PER: 0.01 (avg=0.00, dev=80.1%)
WARNING:root:[CUSUM ALERT][2025-11-10 05:12:49][Channel 5] NoiseFloor ↑ shift detected! deviation=3.02
INFO:root:Scanning channels...
INFO:root:For 5GHz...
INFO:root:Noisiest 5GHz channel... 52
INFO:root:--------------------------------

INFO:root:[2025-11-10 05:12:49] WiFiBand.BAND_5_GHz  BAND:                     WiFiBand.BAND_5_GHz
INFO:root:[2025-11-10 05:12:49] WiFiBand.BAND_5_GHz  CHANNEL:                  52
INFO:root:[2025-11-10 05:12:49] WiFiBand.BAND_5_GHz  NOISE FLOOR (dBm):        -95
INFO:root:[2025-11-10 05:12:49] WiFiBand.BAND_5_GHz  AVG CLIENT SNR (dB):      0
INFO:root:[2025-11-10 05:12:49] WiFiBand.BAND_5_GHz  AVG COUNT:                0
INFO:root:[2025-11-10 05:12:49] WiFiBand.BAND_5_GHz  AVG THROUGHPUT (Mbps):    0
INFO:root:[2025-11-10 05:12:49] WiFiBand.BAND_5_GHz  CHANNEL UTILIZATION:      0
INFO:root:[2025-11-10 05:12:49] WiFiBand.BAND_5_GHz  INTERFERENCE:             0
INFO:root:[2025-11-10 05:12:49] WiFiBand.BAND_5_GHz  CLIENTS:                  set()
INFO:root:[2025-11-10 05:12:49] WiFiBand.BAND_5_GHz  QOE:                      0
INFO:root:[2025-11-10 05:12:49] WiFiBand.BAND_5_GHz  TX POWER (dBm):           0
INFO:root:[2025-11-10 05:12:49] WiFiBand.BAND_5_GHz  CHANNEL WIDTH (MHz):      0
INFO:root:[2025-11-10 05:12:49] WiFiBand.BAND_5_GHz  INTERFERENCE WEIGHT:      1
INFO:root:[2025-11-10 05:12:49] WiFiBand.BAND_5_GHz  DFS:                      1
INFO:root:
WARNING:root:[ALERT][2025-11-10 05:12:49][Channel 52] Sudden change in SNR: 49.26 (avg=14.78, dev=233.3%)
WARNING:root:[ALERT][2025-11-10 05:12:49][Channel 52] Sudden change in TX_power: 19.00 (avg=5.70, dev=233.3%)
WARNING:root:[ALERT][2025-11-10 05:12:49][Channel 52] Sudden change in Throughput: 329.16 (avg=98.75, dev=233.3%)
WARNING:root:[ALERT][2025-11-10 05:12:49][Channel 52] Sudden change in QoE: 4.27 (avg=1.28, dev=233.3%)
WARNING:root:[ALERT][2025-11-10 05:12:49][Channel 52] Sudden change in P95_retry: 26.55 (avg=7.97, dev=233.3%)
WARNING:root:[ALERT][2025-11-10 05:12:49][Channel 52] Sudden change in P95_PER: 0.02 (avg=0.01, dev=233.3%)
WARNING:root:[CUSUM ALERT][2025-11-10 05:12:49][Channel 52] SNR ↑ shift detected! deviation=34.48
WARNING:root:[CUSUM ALERT][2025-11-10 05:12:49][Channel 52] TX_power ↑ shift detected! deviation=13.30
WARNING:root:[CUSUM ALERT][2025-11-10 05:12:49][Channel 52] Throughput ↑ shift detected! deviation=230.41
WARNING:root:[CUSUM ALERT][2025-11-10 05:12:49][Channel 52] P95_retry ↑ shift detected! deviation=18.59
WARNING:root:DFS Radar detected...
WARNING:root:DFS detected on channel 4...
INFO:root:[Timer Started] Channel 52
INFO:root:Serving Client Request...
INFO:root:Scanning channels...
INFO:root:For 2_4GHz...
INFO:root:Noisiest 2_4GHz channel... 6
INFO:root:--------------------------------

INFO:root:[2025-11-10 05:12:55] WiFiBand.BAND_2_4_GHz  BAND:                     WiFiBand.BAND_2_4_GHz
INFO:root:[2025-11-10 05:12:55] WiFiBand.BAND_2_4_GHz  CHANNEL:                  6
INFO:root:[2025-11-10 05:12:55] WiFiBand.BAND_2_4_GHz  NOISE FLOOR (dBm):        -95
INFO:root:[2025-11-10 05:12:55] WiFiBand.BAND_2_4_GHz  AVG CLIENT SNR (dB):      0
INFO:root:[2025-11-10 05:12:55] WiFiBand.BAND_2_4_GHz  AVG COUNT:                0
INFO:root:[2025-11-10 05:12:55] WiFiBand.BAND_2_4_GHz  AVG THROUGHPUT (Mbps):    0
INFO:root:[2025-11-10 05:12:55] WiFiBand.BAND_2_4_GHz  CHANNEL UTILIZATION:      0
INFO:root:[2025-11-10 05:12:55] WiFiBand.BAND_2_4_GHz  INTERFERENCE:             0
INFO:root:[2025-11-10 05:12:55] WiFiBand.BAND_2_4_GHz  CLIENTS:                  set()
INFO:root:[2025-11-10 05:12:55] WiFiBand.BAND_2_4_GHz  QOE:                      0
INFO:root:[2025-11-10 05:12:55] WiFiBand.BAND_2_4_GHz  TX POWER (dBm):           0
INFO:root:[2025-11-10 05:12:55] WiFiBand.BAND_2_4_GHz  CHANNEL WIDTH (MHz):      0
INFO:root:[2025-11-10 05:12:55] WiFiBand.BAND_2_4_GHz  INTERFERENCE WEIGHT:      1
INFO:root:[2025-11-10 05:12:55] WiFiBand.BAND_2_4_GHz  DFS:                      0
INFO:root:
WARNING:root:[ALERT][2025-11-10 05:12:55][Channel 6] Sudden change in SNR: 52.73 (avg=15.82, dev=233.3%)
WARNING:root:[ALERT][2025-11-10 05:12:55][Channel 6] Sudden change in TX_power: 18.00 (avg=5.40, dev=233.3%)
WARNING:root:[ALERT][2025-11-10 05:12:55][Channel 6] Sudden change in Throughput: 58.17 (avg=17.45, dev=233.3%)
WARNING:root:[ALERT][2025-11-10 05:12:55][Channel 6] Sudden change in QoE: 4.44 (avg=1.33, dev=233.3%)
WARNING:root:[ALERT][2025-11-10 05:12:55][Channel 6] Sudden change in P95_retry: 22.34 (avg=6.70, dev=233.3%)
WARNING:root:[ALERT][2025-11-10 05:12:55][Channel 6] Sudden change in P95_PER: 0.00 (avg=0.00, dev=233.3%)
WARNING:root:[CUSUM ALERT][2025-11-10 05:12:55][Channel 6] SNR ↑ shift detected! deviation=36.91
WARNING:root:[CUSUM ALERT][2025-11-10 05:12:55][Channel 6] TX_power ↑ shift detected! deviation=12.60
WARNING:root:[CUSUM ALERT][2025-11-10 05:12:55][Channel 6] Throughput ↑ shift detected! deviation=40.72
WARNING:root:[CUSUM ALERT][2025-11-10 05:12:55][Channel 6] P95_retry ↑ shift detected! deviation=15.64
WARNING:root:[ALERT][2025-11-10 05:12:55][Channel 6] Sudden change in QoE: 4.18 (avg=2.19, dev=91.2%)
WARNING:root:[ALERT][2025-11-10 05:12:55][Channel 6] Sudden change in P95_PER: 0.01 (avg=0.00, dev=133.2%)
WARNING:root:[CUSUM ALERT][2025-11-10 05:12:55][Channel 6] NoiseFloor ↓ shift detected! deviation=-1.85
INFO:root:Scanning channels...
INFO:root:For 5GHz...
INFO:root:Noisiest 5GHz channel... 56
INFO:root:--------------------------------

INFO:root:[2025-11-10 05:12:55] WiFiBand.BAND_5_GHz  BAND:                     WiFiBand.BAND_5_GHz
INFO:root:[2025-11-10 05:12:55] WiFiBand.BAND_5_GHz  CHANNEL:                  56
INFO:root:[2025-11-10 05:12:55] WiFiBand.BAND_5_GHz  NOISE FLOOR (dBm):        -95
INFO:root:[2025-11-10 05:12:55] WiFiBand.BAND_5_GHz  AVG CLIENT SNR (dB):      0
INFO:root:[2025-11-10 05:12:55] WiFiBand.BAND_5_GHz  AVG COUNT:                0
INFO:root:[2025-11-10 05:12:55] WiFiBand.BAND_5_GHz  AVG THROUGHPUT (Mbps):    0
INFO:root:[2025-11-10 05:12:55] WiFiBand.BAND_5_GHz  CHANNEL UTILIZATION:      0
INFO:root:[2025-11-10 05:12:55] WiFiBand.BAND_5_GHz  INTERFERENCE:             0
INFO:root:[2025-11-10 05:12:55] WiFiBand.BAND_5_GHz  CLIENTS:                  set()
INFO:root:[2025-11-10 05:12:55] WiFiBand.BAND_5_GHz  QOE:                      0
INFO:root:[2025-11-10 05:12:55] WiFiBand.BAND_5_GHz  TX POWER (dBm):           0
INFO:root:[2025-11-10 05:12:55] WiFiBand.BAND_5_GHz  CHANNEL WIDTH (MHz):      0
INFO:root:[2025-11-10 05:12:55] WiFiBand.BAND_5_GHz  INTERFERENCE WEIGHT:      1
INFO:root:[2025-11-10 05:12:55] WiFiBand.BAND_5_GHz  DFS:                      1
INFO:root:
WARNING:root:DFS Radar detected...
WARNING:root:DFS detected on channel 5...
INFO:root:[Timer Started] Channel 56
INFO:root:Serving Client Request...
INFO:root:Scanning channels...
INFO:root:For 2_4GHz...
INFO:root:Noisiest 2_4GHz channel... 7
INFO:root:--------------------------------

INFO:root:[2025-11-10 05:13:01] WiFiBand.BAND_2_4_GHz  BAND:                     WiFiBand.BAND_2_4_GHz
INFO:root:[2025-11-10 05:13:01] WiFiBand.BAND_2_4_GHz  CHANNEL:                  7
INFO:root:[2025-11-10 05:13:01] WiFiBand.BAND_2_4_GHz  NOISE FLOOR (dBm):        -95
INFO:root:[2025-11-10 05:13:01] WiFiBand.BAND_2_4_GHz  AVG CLIENT SNR (dB):      0
INFO:root:[2025-11-10 05:13:01] WiFiBand.BAND_2_4_GHz  AVG COUNT:                0
INFO:root:[2025-11-10 05:13:01] WiFiBand.BAND_2_4_GHz  AVG THROUGHPUT (Mbps):    0
INFO:root:[2025-11-10 05:13:01] WiFiBand.BAND_2_4_GHz  CHANNEL UTILIZATION:      0
INFO:root:[2025-11-10 05:13:01] WiFiBand.BAND_2_4_GHz  INTERFERENCE:             0
INFO:root:[2025-11-10 05:13:01] WiFiBand.BAND_2_4_GHz  CLIENTS:                  set()
INFO:root:[2025-11-10 05:13:01] WiFiBand.BAND_2_4_GHz  QOE:                      0
INFO:root:[2025-11-10 05:13:01] WiFiBand.BAND_2_4_GHz  TX POWER (dBm):           0
INFO:root:[2025-11-10 05:13:01] WiFiBand.BAND_2_4_GHz  CHANNEL WIDTH (MHz):      0
INFO:root:[2025-11-10 05:13:01] WiFiBand.BAND_2_4_GHz  INTERFERENCE WEIGHT:      1
INFO:root:[2025-11-10 05:13:01] WiFiBand.BAND_2_4_GHz  DFS:                      0
INFO:root:
WARNING:root:[ALERT][2025-11-10 05:13:01][Channel 7] Sudden change in SNR: 51.33 (avg=15.40, dev=233.3%)
WARNING:root:[ALERT][2025-11-10 05:13:01][Channel 7] Sudden change in TX_power: 18.00 (avg=5.40, dev=233.3%)
WARNING:root:[ALERT][2025-11-10 05:13:01][Channel 7] Sudden change in Throughput: 60.22 (avg=18.07, dev=233.3%)
WARNING:root:[ALERT][2025-11-10 05:13:01][Channel 7] Sudden change in QoE: 4.54 (avg=1.36, dev=233.3%)
WARNING:root:[ALERT][2025-11-10 05:13:01][Channel 7] Sudden change in P95_retry: 17.64 (avg=5.29, dev=233.3%)
WARNING:root:[ALERT][2025-11-10 05:13:01][Channel 7] Sudden change in P95_PER: 0.00 (avg=0.00, dev=233.3%)
WARNING:root:[CUSUM ALERT][2025-11-10 05:13:01][Channel 7] SNR ↑ shift detected! deviation=35.93
WARNING:root:[CUSUM ALERT][2025-11-10 05:13:01][Channel 7] TX_power ↑ shift detected! deviation=12.60
WARNING:root:[CUSUM ALERT][2025-11-10 05:13:01][Channel 7] Throughput ↑ shift detected! deviation=42.16
WARNING:root:[CUSUM ALERT][2025-11-10 05:13:01][Channel 7] P95_retry ↑ shift detected! deviation=12.34
WARNING:root:[ALERT][2025-11-10 05:13:01][Channel 7] Sudden change in QoE: 4.25 (avg=2.23, dev=90.7%)
WARNING:root:[ALERT][2025-11-10 05:13:01][Channel 7] Sudden change in P95_PER: 0.00 (avg=0.00, dev=107.2%)
WARNING:root:[CUSUM ALERT][2025-11-10 05:13:01][Channel 7] NoiseFloor ↓ shift detected! deviation=-3.49
INFO:root:Scanning channels...
INFO:root:For 5GHz...
INFO:root:Noisiest 5GHz channel... 60
INFO:root:--------------------------------

INFO:root:[2025-11-10 05:13:02] WiFiBand.BAND_5_GHz  BAND:                     WiFiBand.BAND_5_GHz
INFO:root:[2025-11-10 05:13:02] WiFiBand.BAND_5_GHz  CHANNEL:                  60
INFO:root:[2025-11-10 05:13:02] WiFiBand.BAND_5_GHz  NOISE FLOOR (dBm):        -95
INFO:root:[2025-11-10 05:13:02] WiFiBand.BAND_5_GHz  AVG CLIENT SNR (dB):      0
INFO:root:[2025-11-10 05:13:02] WiFiBand.BAND_5_GHz  AVG COUNT:                0
INFO:root:[2025-11-10 05:13:02] WiFiBand.BAND_5_GHz  AVG THROUGHPUT (Mbps):    0
INFO:root:[2025-11-10 05:13:02] WiFiBand.BAND_5_GHz  CHANNEL UTILIZATION:      0
INFO:root:[2025-11-10 05:13:02] WiFiBand.BAND_5_GHz  INTERFERENCE:             0
INFO:root:[2025-11-10 05:13:02] WiFiBand.BAND_5_GHz  CLIENTS:                  set()
INFO:root:[2025-11-10 05:13:02] WiFiBand.BAND_5_GHz  QOE:                      0
INFO:root:[2025-11-10 05:13:02] WiFiBand.BAND_5_GHz  TX POWER (dBm):           0
INFO:root:[2025-11-10 05:13:02] WiFiBand.BAND_5_GHz  CHANNEL WIDTH (MHz):      0
INFO:root:[2025-11-10 05:13:02] WiFiBand.BAND_5_GHz  INTERFERENCE WEIGHT:      1
INFO:root:[2025-11-10 05:13:02] WiFiBand.BAND_5_GHz  DFS:                      1
INFO:root:
WARNING:root:[ALERT][2025-11-10 05:13:02][Channel 60] Sudden change in SNR: 46.21 (avg=13.86, dev=233.3%)
WARNING:root:[ALERT][2025-11-10 05:13:02][Channel 60] Sudden change in TX_power: 16.00 (avg=4.80, dev=233.3%)
WARNING:root:[ALERT][2025-11-10 05:13:02][Channel 60] Sudden change in Throughput: 378.23 (avg=113.47, dev=233.3%)
WARNING:root:[ALERT][2025-11-10 05:13:02][Channel 60] Sudden change in QoE: 4.69 (avg=1.41, dev=233.3%)
WARNING:root:[ALERT][2025-11-10 05:13:02][Channel 60] Sudden change in P95_retry: 13.98 (avg=4.19, dev=233.3%)
WARNING:root:[ALERT][2025-11-10 05:13:02][Channel 60] Sudden change in P95_PER: 0.04 (avg=0.01, dev=233.3%)
WARNING:root:[CUSUM ALERT][2025-11-10 05:13:02][Channel 60] SNR ↑ shift detected! deviation=32.35
WARNING:root:[CUSUM ALERT][2025-11-10 05:13:02][Channel 60] TX_power ↑ shift detected! deviation=11.20
WARNING:root:[CUSUM ALERT][2025-11-10 05:13:02][Channel 60] Throughput ↑ shift detected! deviation=264.76
WARNING:root:[CUSUM ALERT][2025-11-10 05:13:02][Channel 60] P95_retry ↑ shift detected! deviation=9.79
WARNING:root:[ALERT][2025-11-10 05:13:02][Channel 60] Sudden change in QoE: 4.70 (avg=2.40, dev=96.2%)
WARNING:root:[ALERT][2025-11-10 05:13:02][Channel 60] Sudden change in P95_PER: 0.06 (avg=0.03, dev=117.1%)
WARNING:root:DFS Radar detected...
WARNING:root:DFS detected on channel 6...
INFO:root:[Timer Started] Channel 60
INFO:root:Serving Client Request...
INFO:root:Scanning channels...
INFO:root:For 2_4GHz...
INFO:root:Noisiest 2_4GHz channel... 8
INFO:root:--------------------------------

INFO:root:[2025-11-10 05:13:08] WiFiBand.BAND_2_4_GHz  BAND:                     WiFiBand.BAND_2_4_GHz
INFO:root:[2025-11-10 05:13:08] WiFiBand.BAND_2_4_GHz  CHANNEL:                  8
INFO:root:[2025-11-10 05:13:08] WiFiBand.BAND_2_4_GHz  NOISE FLOOR (dBm):        -95
INFO:root:[2025-11-10 05:13:08] WiFiBand.BAND_2_4_GHz  AVG CLIENT SNR (dB):      0
INFO:root:[2025-11-10 05:13:08] WiFiBand.BAND_2_4_GHz  AVG COUNT:                0
INFO:root:[2025-11-10 05:13:08] WiFiBand.BAND_2_4_GHz  AVG THROUGHPUT (Mbps):    0
INFO:root:[2025-11-10 05:13:08] WiFiBand.BAND_2_4_GHz  CHANNEL UTILIZATION:      0
INFO:root:[2025-11-10 05:13:08] WiFiBand.BAND_2_4_GHz  INTERFERENCE:             0
INFO:root:[2025-11-10 05:13:08] WiFiBand.BAND_2_4_GHz  CLIENTS:                  set()
INFO:root:[2025-11-10 05:13:08] WiFiBand.BAND_2_4_GHz  QOE:                      0
INFO:root:[2025-11-10 05:13:08] WiFiBand.BAND_2_4_GHz  TX POWER (dBm):           0
INFO:root:[2025-11-10 05:13:08] WiFiBand.BAND_2_4_GHz  CHANNEL WIDTH (MHz):      0
INFO:root:[2025-11-10 05:13:08] WiFiBand.BAND_2_4_GHz  INTERFERENCE WEIGHT:      1
INFO:root:[2025-11-10 05:13:08] WiFiBand.BAND_2_4_GHz  DFS:                      0
INFO:root:
WARNING:root:[ALERT][2025-11-10 05:13:08][Channel 8] Sudden change in SNR: 53.98 (avg=16.19, dev=233.3%)
WARNING:root:[ALERT][2025-11-10 05:13:08][Channel 8] Sudden change in TX_power: 20.00 (avg=6.00, dev=233.3%)
WARNING:root:[ALERT][2025-11-10 05:13:08][Channel 8] Sudden change in Throughput: 62.30 (avg=18.69, dev=233.3%)
WARNING:root:[ALERT][2025-11-10 05:13:08][Channel 8] Sudden change in QoE: 4.67 (avg=1.40, dev=233.3%)
WARNING:root:[ALERT][2025-11-10 05:13:08][Channel 8] Sudden change in P95_retry: 14.55 (avg=4.37, dev=233.3%)
WARNING:root:[ALERT][2025-11-10 05:13:08][Channel 8] Sudden change in P95_PER: 0.00 (avg=0.00, dev=233.3%)
WARNING:root:[CUSUM ALERT][2025-11-10 05:13:08][Channel 8] SNR ↑ shift detected! deviation=37.78
WARNING:root:[CUSUM ALERT][2025-11-10 05:13:08][Channel 8] TX_power ↑ shift detected! deviation=14.00
WARNING:root:[CUSUM ALERT][2025-11-10 05:13:08][Channel 8] Throughput ↑ shift detected! deviation=43.61
WARNING:root:[CUSUM ALERT][2025-11-10 05:13:08][Channel 8] P95_retry ↑ shift detected! deviation=10.19
WARNING:root:[ALERT][2025-11-10 05:13:08][Channel 8] Sudden change in QoE: 4.44 (avg=2.31, dev=92.1%)
WARNING:root:[ALERT][2025-11-10 05:13:08][Channel 8] Sudden change in P95_PER: 0.00 (avg=0.00, dev=37.9%)
WARNING:root:[CUSUM ALERT][2025-11-10 05:13:08][Channel 8] NoiseFloor ↓ shift detected! deviation=-1.80
INFO:root:Scanning channels...
INFO:root:For 5GHz...
INFO:root:Noisiest 5GHz channel... 64
INFO:root:--------------------------------

INFO:root:[2025-11-10 05:13:08] WiFiBand.BAND_5_GHz  BAND:                     WiFiBand.BAND_5_GHz
INFO:root:[2025-11-10 05:13:08] WiFiBand.BAND_5_GHz  CHANNEL:                  64
INFO:root:[2025-11-10 05:13:08] WiFiBand.BAND_5_GHz  NOISE FLOOR (dBm):        -95
INFO:root:[2025-11-10 05:13:08] WiFiBand.BAND_5_GHz  AVG CLIENT SNR (dB):      0
INFO:root:[2025-11-10 05:13:08] WiFiBand.BAND_5_GHz  AVG COUNT:                0
INFO:root:[2025-11-10 05:13:08] WiFiBand.BAND_5_GHz  AVG THROUGHPUT (Mbps):    0
INFO:root:[2025-11-10 05:13:08] WiFiBand.BAND_5_GHz  CHANNEL UTILIZATION:      0
INFO:root:[2025-11-10 05:13:08] WiFiBand.BAND_5_GHz  INTERFERENCE:             0
INFO:root:[2025-11-10 05:13:08] WiFiBand.BAND_5_GHz  CLIENTS:                  set()
INFO:root:[2025-11-10 05:13:08] WiFiBand.BAND_5_GHz  QOE:                      0
INFO:root:[2025-11-10 05:13:08] WiFiBand.BAND_5_GHz  TX POWER (dBm):           0
INFO:root:[2025-11-10 05:13:08] WiFiBand.BAND_5_GHz  CHANNEL WIDTH (MHz):      0
INFO:root:[2025-11-10 05:13:08] WiFiBand.BAND_5_GHz  INTERFERENCE WEIGHT:      1
INFO:root:[2025-11-10 05:13:08] WiFiBand.BAND_5_GHz  DFS:                      1
INFO:root:
WARNING:root:[ALERT][2025-11-10 05:13:08][Channel 64] Sudden change in SNR: 44.82 (avg=13.45, dev=233.3%)
WARNING:root:[ALERT][2025-11-10 05:13:08][Channel 64] Sudden change in TX_power: 17.00 (avg=5.10, dev=233.3%)
WARNING:root:[ALERT][2025-11-10 05:13:08][Channel 64] Sudden change in Throughput: 321.16 (avg=96.35, dev=233.3%)
WARNING:root:[ALERT][2025-11-10 05:13:08][Channel 64] Sudden change in QoE: 4.19 (avg=1.26, dev=233.3%)
WARNING:root:[ALERT][2025-11-10 05:13:08][Channel 64] Sudden change in P95_retry: 29.50 (avg=8.85, dev=233.3%)
WARNING:root:[ALERT][2025-11-10 05:13:08][Channel 64] Sudden change in P95_PER: 0.03 (avg=0.01, dev=233.3%)
WARNING:root:[CUSUM ALERT][2025-11-10 05:13:08][Channel 64] SNR ↑ shift detected! deviation=31.38
WARNING:root:[CUSUM ALERT][2025-11-10 05:13:08][Channel 64] TX_power ↑ shift detected! deviation=11.90
WARNING:root:[CUSUM ALERT][2025-11-10 05:13:08][Channel 64] Throughput ↑ shift detected! deviation=224.81
WARNING:root:[CUSUM ALERT][2025-11-10 05:13:08][Channel 64] P95_retry ↑ shift detected! deviation=20.65
WARNING:root:[ALERT][2025-11-10 05:13:08][Channel 64] Sudden change in QoE: 4.26 (avg=2.16, dev=97.4%)
WARNING:root:[ALERT][2025-11-10 05:13:08][Channel 64] Sudden change in P95_PER: 0.06 (avg=0.02, dev=148.5%)
WARNING:root:DFS Radar detected...
WARNING:root:DFS detected on channel 7...
INFO:root:[Timer Started] Channel 64
INFO:root:Serving Client Request...
INFO:root:Scanning channels...
INFO:root:For 2_4GHz...
INFO:root:Noisiest 2_4GHz channel... 9
INFO:root:--------------------------------

INFO:root:[2025-11-10 05:13:14] WiFiBand.BAND_2_4_GHz  BAND:                     WiFiBand.BAND_2_4_GHz
INFO:root:[2025-11-10 05:13:14] WiFiBand.BAND_2_4_GHz  CHANNEL:                  9
INFO:root:[2025-11-10 05:13:14] WiFiBand.BAND_2_4_GHz  NOISE FLOOR (dBm):        -95
INFO:root:[2025-11-10 05:13:14] WiFiBand.BAND_2_4_GHz  AVG CLIENT SNR (dB):      0
INFO:root:[2025-11-10 05:13:14] WiFiBand.BAND_2_4_GHz  AVG COUNT:                0
INFO:root:[2025-11-10 05:13:14] WiFiBand.BAND_2_4_GHz  AVG THROUGHPUT (Mbps):    0
INFO:root:[2025-11-10 05:13:14] WiFiBand.BAND_2_4_GHz  CHANNEL UTILIZATION:      0
INFO:root:[2025-11-10 05:13:14] WiFiBand.BAND_2_4_GHz  INTERFERENCE:             0
INFO:root:[2025-11-10 05:13:14] WiFiBand.BAND_2_4_GHz  CLIENTS:                  set()
INFO:root:[2025-11-10 05:13:14] WiFiBand.BAND_2_4_GHz  QOE:                      0
INFO:root:[2025-11-10 05:13:14] WiFiBand.BAND_2_4_GHz  TX POWER (dBm):           0
INFO:root:[2025-11-10 05:13:14] WiFiBand.BAND_2_4_GHz  CHANNEL WIDTH (MHz):      0
INFO:root:[2025-11-10 05:13:14] WiFiBand.BAND_2_4_GHz  INTERFERENCE WEIGHT:      1
INFO:root:[2025-11-10 05:13:14] WiFiBand.BAND_2_4_GHz  DFS:                      0
INFO:root:
WARNING:root:[ALERT][2025-11-10 05:13:14][Channel 9] Sudden change in SNR: 52.30 (avg=15.69, dev=233.3%)
WARNING:root:[ALERT][2025-11-10 05:13:14][Channel 9] Sudden change in TX_power: 15.00 (avg=4.50, dev=233.3%)
WARNING:root:[ALERT][2025-11-10 05:13:14][Channel 9] Sudden change in Throughput: 54.54 (avg=16.36, dev=233.3%)
WARNING:root:[ALERT][2025-11-10 05:13:14][Channel 9] Sudden change in QoE: 4.21 (avg=1.26, dev=233.3%)
WARNING:root:[ALERT][2025-11-10 05:13:14][Channel 9] Sudden change in P95_retry: 29.40 (avg=8.82, dev=233.3%)
WARNING:root:[ALERT][2025-11-10 05:13:14][Channel 9] Sudden change in P95_PER: 0.02 (avg=0.00, dev=233.3%)
WARNING:root:[CUSUM ALERT][2025-11-10 05:13:14][Channel 9] SNR ↑ shift detected! deviation=36.61
WARNING:root:[CUSUM ALERT][2025-11-10 05:13:14][Channel 9] TX_power ↑ shift detected! deviation=10.50
WARNING:root:[CUSUM ALERT][2025-11-10 05:13:14][Channel 9] Throughput ↑ shift detected! deviation=38.18
WARNING:root:[CUSUM ALERT][2025-11-10 05:13:14][Channel 9] P95_retry ↑ shift detected! deviation=20.58
WARNING:root:[ALERT][2025-11-10 05:13:14][Channel 9] Sudden change in QoE: 4.32 (avg=2.18, dev=98.2%)
WARNING:root:[ALERT][2025-11-10 05:13:14][Channel 9] Sudden change in P95_PER: 0.00 (avg=0.00, dev=28.9%)
WARNING:root:[CUSUM ALERT][2025-11-10 05:13:14][Channel 9] NoiseFloor ↓ shift detected! deviation=-1.66
INFO:root:Scanning channels...
INFO:root:For 5GHz...
INFO:root:Noisiest 5GHz channel... 100
INFO:root:--------------------------------

INFO:root:[2025-11-10 05:13:14] WiFiBand.BAND_5_GHz  BAND:                     WiFiBand.BAND_5_GHz
INFO:root:[2025-11-10 05:13:14] WiFiBand.BAND_5_GHz  CHANNEL:                  100
INFO:root:[2025-11-10 05:13:14] WiFiBand.BAND_5_GHz  NOISE FLOOR (dBm):        -95
INFO:root:[2025-11-10 05:13:14] WiFiBand.BAND_5_GHz  AVG CLIENT SNR (dB):      0
INFO:root:[2025-11-10 05:13:14] WiFiBand.BAND_5_GHz  AVG COUNT:                0
INFO:root:[2025-11-10 05:13:14] WiFiBand.BAND_5_GHz  AVG THROUGHPUT (Mbps):    0
INFO:root:[2025-11-10 05:13:14] WiFiBand.BAND_5_GHz  CHANNEL UTILIZATION:      0
INFO:root:[2025-11-10 05:13:14] WiFiBand.BAND_5_GHz  INTERFERENCE:             0
INFO:root:[2025-11-10 05:13:14] WiFiBand.BAND_5_GHz  CLIENTS:                  set()
INFO:root:[2025-11-10 05:13:14] WiFiBand.BAND_5_GHz  QOE:                      0
INFO:root:[2025-11-10 05:13:14] WiFiBand.BAND_5_GHz  TX POWER (dBm):           0
INFO:root:[2025-11-10 05:13:14] WiFiBand.BAND_5_GHz  CHANNEL WIDTH (MHz):      0
INFO:root:[2025-11-10 05:13:14] WiFiBand.BAND_5_GHz  INTERFERENCE WEIGHT:      1
INFO:root:[2025-11-10 05:13:14] WiFiBand.BAND_5_GHz  DFS:                      1
INFO:root:
WARNING:root:[ALERT][2025-11-10 05:13:14][Channel 100] Sudden change in SNR: 41.82 (avg=12.55, dev=233.3%)
WARNING:root:[ALERT][2025-11-10 05:13:14][Channel 100] Sudden change in TX_power: 16.00 (avg=4.80, dev=233.3%)
WARNING:root:[ALERT][2025-11-10 05:13:14][Channel 100] Sudden change in Throughput: 360.69 (avg=108.21, dev=233.3%)
WARNING:root:[ALERT][2025-11-10 05:13:14][Channel 100] Sudden change in QoE: 4.51 (avg=1.35, dev=233.3%)
WARNING:root:[ALERT][2025-11-10 05:13:14][Channel 100] Sudden change in P95_retry: 17.88 (avg=5.37, dev=233.3%)
WARNING:root:[ALERT][2025-11-10 05:13:14][Channel 100] Sudden change in P95_PER: 0.17 (avg=0.05, dev=233.3%)
WARNING:root:[CUSUM ALERT][2025-11-10 05:13:14][Channel 100] SNR ↑ shift detected! deviation=29.27
WARNING:root:[CUSUM ALERT][2025-11-10 05:13:14][Channel 100] TX_power ↑ shift detected! deviation=11.20
WARNING:root:[CUSUM ALERT][2025-11-10 05:13:14][Channel 100] Throughput ↑ shift detected! deviation=252.48
WARNING:root:[CUSUM ALERT][2025-11-10 05:13:14][Channel 100] P95_retry ↑ shift detected! deviation=12.52
WARNING:root:DFS Radar detected...
WARNING:root:DFS detected on channel 8...
INFO:root:[Timer Started] Channel 100
INFO:root:Serving Client Request...
INFO:root:Scanning channels...
INFO:root:For 2_4GHz...
INFO:root:Noisiest 2_4GHz channel... 10
INFO:root:--------------------------------

INFO:root:[2025-11-10 05:13:21] WiFiBand.BAND_2_4_GHz  BAND:                     WiFiBand.BAND_2_4_GHz
INFO:root:[2025-11-10 05:13:21] WiFiBand.BAND_2_4_GHz  CHANNEL:                  10
INFO:root:[2025-11-10 05:13:21] WiFiBand.BAND_2_4_GHz  NOISE FLOOR (dBm):        -95
INFO:root:[2025-11-10 05:13:21] WiFiBand.BAND_2_4_GHz  AVG CLIENT SNR (dB):      0
INFO:root:[2025-11-10 05:13:21] WiFiBand.BAND_2_4_GHz  AVG COUNT:                0
INFO:root:[2025-11-10 05:13:21] WiFiBand.BAND_2_4_GHz  AVG THROUGHPUT (Mbps):    0
INFO:root:[2025-11-10 05:13:21] WiFiBand.BAND_2_4_GHz  CHANNEL UTILIZATION:      0
INFO:root:[2025-11-10 05:13:21] WiFiBand.BAND_2_4_GHz  INTERFERENCE:             0
INFO:root:[2025-11-10 05:13:21] WiFiBand.BAND_2_4_GHz  CLIENTS:                  set()
INFO:root:[2025-11-10 05:13:21] WiFiBand.BAND_2_4_GHz  QOE:                      0
INFO:root:[2025-11-10 05:13:21] WiFiBand.BAND_2_4_GHz  TX POWER (dBm):           0
INFO:root:[2025-11-10 05:13:21] WiFiBand.BAND_2_4_GHz  CHANNEL WIDTH (MHz):      0
INFO:root:[2025-11-10 05:13:21] WiFiBand.BAND_2_4_GHz  INTERFERENCE WEIGHT:      1
INFO:root:[2025-11-10 05:13:21] WiFiBand.BAND_2_4_GHz  DFS:                      0
INFO:root:
WARNING:root:[ALERT][2025-11-10 05:13:21][Channel 10] Sudden change in SNR: 51.84 (avg=15.55, dev=233.3%)
WARNING:root:[ALERT][2025-11-10 05:13:21][Channel 10] Sudden change in TX_power: 16.00 (avg=4.80, dev=233.3%)
WARNING:root:[ALERT][2025-11-10 05:13:21][Channel 10] Sudden change in Throughput: 64.73 (avg=19.42, dev=233.3%)
WARNING:root:[ALERT][2025-11-10 05:13:21][Channel 10] Sudden change in QoE: 4.77 (avg=1.43, dev=233.3%)
WARNING:root:[ALERT][2025-11-10 05:13:21][Channel 10] Sudden change in P95_retry: 10.54 (avg=3.16, dev=233.3%)
WARNING:root:[ALERT][2025-11-10 05:13:21][Channel 10] Sudden change in P95_PER: 0.00 (avg=0.00, dev=233.3%)
WARNING:root:[CUSUM ALERT][2025-11-10 05:13:21][Channel 10] SNR ↑ shift detected! deviation=36.29
WARNING:root:[CUSUM ALERT][2025-11-10 05:13:21][Channel 10] TX_power ↑ shift detected! deviation=11.20
WARNING:root:[CUSUM ALERT][2025-11-10 05:13:21][Channel 10] Throughput ↑ shift detected! deviation=45.31
WARNING:root:[CUSUM ALERT][2025-11-10 05:13:21][Channel 10] P95_retry ↑ shift detected! deviation=7.38
WARNING:root:[ALERT][2025-11-10 05:13:21][Channel 10] Sudden change in QoE: 4.83 (avg=2.45, dev=97.1%)
WARNING:root:[ALERT][2025-11-10 05:13:21][Channel 10] Sudden change in P95_PER: 0.00 (avg=0.00, dev=74.1%)
WARNING:root:[CUSUM ALERT][2025-11-10 05:13:21][Channel 10] NoiseFloor ↑ shift detected! deviation=4.10
INFO:root:Scanning channels...
INFO:root:For 5GHz...
INFO:root:Noisiest 5GHz channel... 104
INFO:root:--------------------------------

INFO:root:[2025-11-10 05:13:21] WiFiBand.BAND_5_GHz  BAND:                     WiFiBand.BAND_5_GHz
INFO:root:[2025-11-10 05:13:21] WiFiBand.BAND_5_GHz  CHANNEL:                  104
INFO:root:[2025-11-10 05:13:21] WiFiBand.BAND_5_GHz  NOISE FLOOR (dBm):        -95
INFO:root:[2025-11-10 05:13:21] WiFiBand.BAND_5_GHz  AVG CLIENT SNR (dB):      0
INFO:root:[2025-11-10 05:13:21] WiFiBand.BAND_5_GHz  AVG COUNT:                0
INFO:root:[2025-11-10 05:13:21] WiFiBand.BAND_5_GHz  AVG THROUGHPUT (Mbps):    0
INFO:root:[2025-11-10 05:13:21] WiFiBand.BAND_5_GHz  CHANNEL UTILIZATION:      0
INFO:root:[2025-11-10 05:13:21] WiFiBand.BAND_5_GHz  INTERFERENCE:             0
INFO:root:[2025-11-10 05:13:21] WiFiBand.BAND_5_GHz  CLIENTS:                  set()
INFO:root:[2025-11-10 05:13:21] WiFiBand.BAND_5_GHz  QOE:                      0
INFO:root:[2025-11-10 05:13:21] WiFiBand.BAND_5_GHz  TX POWER (dBm):           0
INFO:root:[2025-11-10 05:13:21] WiFiBand.BAND_5_GHz  CHANNEL WIDTH (MHz):      0
INFO:root:[2025-11-10 05:13:21] WiFiBand.BAND_5_GHz  INTERFERENCE WEIGHT:      1
INFO:root:[2025-11-10 05:13:21] WiFiBand.BAND_5_GHz  DFS:                      1
INFO:root:
WARNING:root:DFS Radar detected...
WARNING:root:DFS detected on channel 9...
INFO:root:[Timer Started] Channel 104
INFO:root:Serving Client Request...
INFO:root:Scanning channels...
INFO:root:For 2_4GHz...
INFO:root:Noisiest 2_4GHz channel... 11
INFO:root:--------------------------------

INFO:root:[2025-11-10 05:13:27] WiFiBand.BAND_2_4_GHz  BAND:                     WiFiBand.BAND_2_4_GHz
INFO:root:[2025-11-10 05:13:27] WiFiBand.BAND_2_4_GHz  CHANNEL:                  11
INFO:root:[2025-11-10 05:13:27] WiFiBand.BAND_2_4_GHz  NOISE FLOOR (dBm):        -95
INFO:root:[2025-11-10 05:13:27] WiFiBand.BAND_2_4_GHz  AVG CLIENT SNR (dB):      0
INFO:root:[2025-11-10 05:13:27] WiFiBand.BAND_2_4_GHz  AVG COUNT:                0
INFO:root:[2025-11-10 05:13:27] WiFiBand.BAND_2_4_GHz  AVG THROUGHPUT (Mbps):    0
INFO:root:[2025-11-10 05:13:27] WiFiBand.BAND_2_4_GHz  CHANNEL UTILIZATION:      0
INFO:root:[2025-11-10 05:13:27] WiFiBand.BAND_2_4_GHz  INTERFERENCE:             0
INFO:root:[2025-11-10 05:13:27] WiFiBand.BAND_2_4_GHz  CLIENTS:                  set()
INFO:root:[2025-11-10 05:13:27] WiFiBand.BAND_2_4_GHz  QOE:                      0
INFO:root:[2025-11-10 05:13:27] WiFiBand.BAND_2_4_GHz  TX POWER (dBm):           0
INFO:root:[2025-11-10 05:13:27] WiFiBand.BAND_2_4_GHz  CHANNEL WIDTH (MHz):      0
INFO:root:[2025-11-10 05:13:27] WiFiBand.BAND_2_4_GHz  INTERFERENCE WEIGHT:      1
INFO:root:[2025-11-10 05:13:27] WiFiBand.BAND_2_4_GHz  DFS:                      0
INFO:root:
WARNING:root:[ALERT][2025-11-10 05:13:27][Channel 11] Sudden change in SNR: 52.49 (avg=15.75, dev=233.3%)
WARNING:root:[ALERT][2025-11-10 05:13:27][Channel 11] Sudden change in TX_power: 20.00 (avg=6.00, dev=233.3%)
WARNING:root:[ALERT][2025-11-10 05:13:27][Channel 11] Sudden change in Throughput: 54.61 (avg=16.38, dev=233.3%)
WARNING:root:[ALERT][2025-11-10 05:13:27][Channel 11] Sudden change in QoE: 4.25 (avg=1.28, dev=233.3%)
WARNING:root:[ALERT][2025-11-10 05:13:27][Channel 11] Sudden change in P95_retry: 27.83 (avg=8.35, dev=233.3%)
WARNING:root:[ALERT][2025-11-10 05:13:27][Channel 11] Sudden change in P95_PER: 0.01 (avg=0.00, dev=233.3%)
WARNING:root:[CUSUM ALERT][2025-11-10 05:13:27][Channel 11] SNR ↑ shift detected! deviation=36.75
WARNING:root:[CUSUM ALERT][2025-11-10 05:13:27][Channel 11] TX_power ↑ shift detected! deviation=14.00
WARNING:root:[CUSUM ALERT][2025-11-10 05:13:27][Channel 11] Throughput ↑ shift detected! deviation=38.23
WARNING:root:[CUSUM ALERT][2025-11-10 05:13:27][Channel 11] P95_retry ↑ shift detected! deviation=19.48
WARNING:root:[ALERT][2025-11-10 05:13:27][Channel 11] Sudden change in QoE: 4.10 (avg=2.12, dev=93.2%)
WARNING:root:[ALERT][2025-11-10 05:13:27][Channel 11] Sudden change in P95_PER: 0.01 (avg=0.00, dev=85.7%)
WARNING:root:[CUSUM ALERT][2025-11-10 05:13:27][Channel 11] NoiseFloor ↓ shift detected! deviation=-1.75
INFO:root:Scanning channels...
INFO:root:For 5GHz...
INFO:root:Noisiest 5GHz channel... 108
INFO:root:--------------------------------

INFO:root:[2025-11-10 05:13:27] WiFiBand.BAND_5_GHz  BAND:                     WiFiBand.BAND_5_GHz
INFO:root:[2025-11-10 05:13:27] WiFiBand.BAND_5_GHz  CHANNEL:                  108
INFO:root:[2025-11-10 05:13:27] WiFiBand.BAND_5_GHz  NOISE FLOOR (dBm):        -95
INFO:root:[2025-11-10 05:13:27] WiFiBand.BAND_5_GHz  AVG CLIENT SNR (dB):      0
INFO:root:[2025-11-10 05:13:27] WiFiBand.BAND_5_GHz  AVG COUNT:                0
INFO:root:[2025-11-10 05:13:27] WiFiBand.BAND_5_GHz  AVG THROUGHPUT (Mbps):    0
INFO:root:[2025-11-10 05:13:27] WiFiBand.BAND_5_GHz  CHANNEL UTILIZATION:      0
INFO:root:[2025-11-10 05:13:27] WiFiBand.BAND_5_GHz  INTERFERENCE:             0
INFO:root:[2025-11-10 05:13:27] WiFiBand.BAND_5_GHz  CLIENTS:                  set()
INFO:root:[2025-11-10 05:13:27] WiFiBand.BAND_5_GHz  QOE:                      0
INFO:root:[2025-11-10 05:13:27] WiFiBand.BAND_5_GHz  TX POWER (dBm):           0
INFO:root:[2025-11-10 05:13:27] WiFiBand.BAND_5_GHz  CHANNEL WIDTH (MHz):      0
INFO:root:[2025-11-10 05:13:27] WiFiBand.BAND_5_GHz  INTERFERENCE WEIGHT:      1
INFO:root:[2025-11-10 05:13:27] WiFiBand.BAND_5_GHz  DFS:                      1
INFO:root:
WARNING:root:DFS Radar detected...
WARNING:root:DFS detected on channel 10...
INFO:root:[Timer Started] Channel 108
INFO:root:Serving Client Request...
INFO:root:Scanning channels...
INFO:root:For 2_4GHz...
INFO:root:Noisiest 2_4GHz channel... 12
INFO:root:--------------------------------

INFO:root:[2025-11-10 05:13:33] WiFiBand.BAND_2_4_GHz  BAND:                     WiFiBand.BAND_2_4_GHz
INFO:root:[2025-11-10 05:13:33] WiFiBand.BAND_2_4_GHz  CHANNEL:                  12
INFO:root:[2025-11-10 05:13:33] WiFiBand.BAND_2_4_GHz  NOISE FLOOR (dBm):        -95
INFO:root:[2025-11-10 05:13:33] WiFiBand.BAND_2_4_GHz  AVG CLIENT SNR (dB):      0
INFO:root:[2025-11-10 05:13:33] WiFiBand.BAND_2_4_GHz  AVG COUNT:                0
INFO:root:[2025-11-10 05:13:33] WiFiBand.BAND_2_4_GHz  AVG THROUGHPUT (Mbps):    0
INFO:root:[2025-11-10 05:13:33] WiFiBand.BAND_2_4_GHz  CHANNEL UTILIZATION:      0
INFO:root:[2025-11-10 05:13:33] WiFiBand.BAND_2_4_GHz  INTERFERENCE:             0
INFO:root:[2025-11-10 05:13:33] WiFiBand.BAND_2_4_GHz  CLIENTS:                  set()
INFO:root:[2025-11-10 05:13:33] WiFiBand.BAND_2_4_GHz  QOE:                      0
INFO:root:[2025-11-10 05:13:33] WiFiBand.BAND_2_4_GHz  TX POWER (dBm):           0
INFO:root:[2025-11-10 05:13:33] WiFiBand.BAND_2_4_GHz  CHANNEL WIDTH (MHz):      0
INFO:root:[2025-11-10 05:13:33] WiFiBand.BAND_2_4_GHz  INTERFERENCE WEIGHT:      1
INFO:root:[2025-11-10 05:13:33] WiFiBand.BAND_2_4_GHz  DFS:                      0
INFO:root:
WARNING:root:[ALERT][2025-11-10 05:13:33][Channel 12] Sudden change in SNR: 50.75 (avg=15.22, dev=233.3%)
WARNING:root:[ALERT][2025-11-10 05:13:33][Channel 12] Sudden change in TX_power: 16.00 (avg=4.80, dev=233.3%)
WARNING:root:[ALERT][2025-11-10 05:13:33][Channel 12] Sudden change in Throughput: 62.63 (avg=18.79, dev=233.3%)
WARNING:root:[ALERT][2025-11-10 05:13:33][Channel 12] Sudden change in QoE: 4.66 (avg=1.40, dev=233.3%)
WARNING:root:[ALERT][2025-11-10 05:13:33][Channel 12] Sudden change in P95_retry: 14.46 (avg=4.34, dev=233.3%)
WARNING:root:[ALERT][2025-11-10 05:13:33][Channel 12] Sudden change in P95_PER: 0.00 (avg=0.00, dev=233.3%)
WARNING:root:[CUSUM ALERT][2025-11-10 05:13:33][Channel 12] SNR ↑ shift detected! deviation=35.52
WARNING:root:[CUSUM ALERT][2025-11-10 05:13:33][Channel 12] TX_power ↑ shift detected! deviation=11.20
WARNING:root:[CUSUM ALERT][2025-11-10 05:13:33][Channel 12] Throughput ↑ shift detected! deviation=43.84
WARNING:root:[CUSUM ALERT][2025-11-10 05:13:33][Channel 12] P95_retry ↑ shift detected! deviation=10.12
WARNING:root:[ALERT][2025-11-10 05:13:33][Channel 12] Sudden change in QoE: 4.62 (avg=2.36, dev=95.2%)
WARNING:root:[ALERT][2025-11-10 05:13:33][Channel 12] Sudden change in P95_PER: 0.01 (avg=0.00, dev=115.7%)
WARNING:root:[CUSUM ALERT][2025-11-10 05:13:33][Channel 12] NoiseFloor ↓ shift detected! deviation=-3.89
INFO:root:Scanning channels...
INFO:root:For 5GHz...
INFO:root:Noisiest 5GHz channel... 112
INFO:root:--------------------------------

INFO:root:[2025-11-10 05:13:33] WiFiBand.BAND_5_GHz  BAND:                     WiFiBand.BAND_5_GHz
INFO:root:[2025-11-10 05:13:33] WiFiBand.BAND_5_GHz  CHANNEL:                  112
INFO:root:[2025-11-10 05:13:33] WiFiBand.BAND_5_GHz  NOISE FLOOR (dBm):        -95
INFO:root:[2025-11-10 05:13:33] WiFiBand.BAND_5_GHz  AVG CLIENT SNR (dB):      0
INFO:root:[2025-11-10 05:13:33] WiFiBand.BAND_5_GHz  AVG COUNT:                0
INFO:root:[2025-11-10 05:13:33] WiFiBand.BAND_5_GHz  AVG THROUGHPUT (Mbps):    0
INFO:root:[2025-11-10 05:13:33] WiFiBand.BAND_5_GHz  CHANNEL UTILIZATION:      0
INFO:root:[2025-11-10 05:13:33] WiFiBand.BAND_5_GHz  INTERFERENCE:             0
INFO:root:[2025-11-10 05:13:33] WiFiBand.BAND_5_GHz  CLIENTS:                  set()
INFO:root:[2025-11-10 05:13:33] WiFiBand.BAND_5_GHz  QOE:                      0
INFO:root:[2025-11-10 05:13:33] WiFiBand.BAND_5_GHz  TX POWER (dBm):           0
INFO:root:[2025-11-10 05:13:33] WiFiBand.BAND_5_GHz  CHANNEL WIDTH (MHz):      0
INFO:root:[2025-11-10 05:13:33] WiFiBand.BAND_5_GHz  INTERFERENCE WEIGHT:      1
INFO:root:[2025-11-10 05:13:33] WiFiBand.BAND_5_GHz  DFS:                      1
INFO:root:
WARNING:root:[ALERT][2025-11-10 05:13:34][Channel 112] Sudden change in SNR: 48.02 (avg=14.41, dev=233.3%)
WARNING:root:[ALERT][2025-11-10 05:13:34][Channel 112] Sudden change in TX_power: 22.00 (avg=6.60, dev=233.3%)
WARNING:root:[ALERT][2025-11-10 05:13:34][Channel 112] Sudden change in Throughput: 410.67 (avg=123.20, dev=233.3%)
WARNING:root:[ALERT][2025-11-10 05:13:34][Channel 112] Sudden change in QoE: 4.93 (avg=1.48, dev=233.3%)
WARNING:root:[ALERT][2025-11-10 05:13:34][Channel 112] Sudden change in P95_retry: 4.76 (avg=1.43, dev=233.3%)
WARNING:root:[ALERT][2025-11-10 05:13:34][Channel 112] Sudden change in P95_PER: 0.01 (avg=0.00, dev=233.3%)
WARNING:root:[CUSUM ALERT][2025-11-10 05:13:34][Channel 112] SNR ↑ shift detected! deviation=33.62
WARNING:root:[CUSUM ALERT][2025-11-10 05:13:34][Channel 112] TX_power ↑ shift detected! deviation=15.40
WARNING:root:[CUSUM ALERT][2025-11-10 05:13:34][Channel 112] Throughput ↑ shift detected! deviation=287.47
WARNING:root:DFS Radar detected...
WARNING:root:DFS detected on channel 11...
INFO:root:[Timer Started] Channel 112
INFO:root:Serving Client Request...
INFO:root:Scanning channels...
INFO:root:For 2_4GHz...
INFO:root:Noisiest 2_4GHz channel... 13
INFO:root:--------------------------------

INFO:root:[2025-11-10 05:13:40] WiFiBand.BAND_2_4_GHz  BAND:                     WiFiBand.BAND_2_4_GHz
INFO:root:[2025-11-10 05:13:40] WiFiBand.BAND_2_4_GHz  CHANNEL:                  13
INFO:root:[2025-11-10 05:13:40] WiFiBand.BAND_2_4_GHz  NOISE FLOOR (dBm):        -95
INFO:root:[2025-11-10 05:13:40] WiFiBand.BAND_2_4_GHz  AVG CLIENT SNR (dB):      0
INFO:root:[2025-11-10 05:13:40] WiFiBand.BAND_2_4_GHz  AVG COUNT:                0
INFO:root:[2025-11-10 05:13:40] WiFiBand.BAND_2_4_GHz  AVG THROUGHPUT (Mbps):    0
INFO:root:[2025-11-10 05:13:40] WiFiBand.BAND_2_4_GHz  CHANNEL UTILIZATION:      0
INFO:root:[2025-11-10 05:13:40] WiFiBand.BAND_2_4_GHz  INTERFERENCE:             0
INFO:root:[2025-11-10 05:13:40] WiFiBand.BAND_2_4_GHz  CLIENTS:                  set()
INFO:root:[2025-11-10 05:13:40] WiFiBand.BAND_2_4_GHz  QOE:                      0
INFO:root:[2025-11-10 05:13:40] WiFiBand.BAND_2_4_GHz  TX POWER (dBm):           0
INFO:root:[2025-11-10 05:13:40] WiFiBand.BAND_2_4_GHz  CHANNEL WIDTH (MHz):      0
INFO:root:[2025-11-10 05:13:40] WiFiBand.BAND_2_4_GHz  INTERFERENCE WEIGHT:      1
INFO:root:[2025-11-10 05:13:40] WiFiBand.BAND_2_4_GHz  DFS:                      0
INFO:root:
WARNING:root:[ALERT][2025-11-10 05:13:40][Channel 13] Sudden change in SNR: 50.57 (avg=15.17, dev=233.3%)
WARNING:root:[ALERT][2025-11-10 05:13:40][Channel 13] Sudden change in TX_power: 16.00 (avg=4.80, dev=233.3%)
WARNING:root:[ALERT][2025-11-10 05:13:40][Channel 13] Sudden change in Throughput: 67.54 (avg=20.26, dev=233.3%)
WARNING:root:[ALERT][2025-11-10 05:13:40][Channel 13] Sudden change in QoE: 4.94 (avg=1.48, dev=233.3%)
WARNING:root:[ALERT][2025-11-10 05:13:40][Channel 13] Sudden change in P95_retry: 3.76 (avg=1.13, dev=233.3%)
WARNING:root:[ALERT][2025-11-10 05:13:40][Channel 13] Sudden change in P95_PER: 0.01 (avg=0.00, dev=233.3%)
WARNING:root:[CUSUM ALERT][2025-11-10 05:13:40][Channel 13] SNR ↑ shift detected! deviation=35.40
WARNING:root:[CUSUM ALERT][2025-11-10 05:13:40][Channel 13] TX_power ↑ shift detected! deviation=11.20
WARNING:root:[CUSUM ALERT][2025-11-10 05:13:40][Channel 13] Throughput ↑ shift detected! deviation=47.27
WARNING:root:[ALERT][2025-11-10 05:13:40][Channel 13] Sudden change in QoE: 4.37 (avg=2.35, dev=86.1%)
WARNING:root:[ALERT][2025-11-10 05:13:40][Channel 13] Sudden change in P95_retry: 22.67 (avg=7.59, dev=198.6%)
WARNING:root:[ALERT][2025-11-10 05:13:40][Channel 13] Sudden change in P95_PER: 0.01 (avg=0.01, dev=39.9%)
WARNING:root:[CUSUM ALERT][2025-11-10 05:13:40][Channel 13] NoiseFloor ↑ shift detected! deviation=3.29
INFO:root:Scanning channels...
INFO:root:For 5GHz...
INFO:root:Noisiest 5GHz channel... 116
INFO:root:--------------------------------

INFO:root:[2025-11-10 05:13:40] WiFiBand.BAND_5_GHz  BAND:                     WiFiBand.BAND_5_GHz
INFO:root:[2025-11-10 05:13:40] WiFiBand.BAND_5_GHz  CHANNEL:                  116
INFO:root:[2025-11-10 05:13:40] WiFiBand.BAND_5_GHz  NOISE FLOOR (dBm):        -95
INFO:root:[2025-11-10 05:13:40] WiFiBand.BAND_5_GHz  AVG CLIENT SNR (dB):      0
INFO:root:[2025-11-10 05:13:40] WiFiBand.BAND_5_GHz  AVG COUNT:                0
INFO:root:[2025-11-10 05:13:40] WiFiBand.BAND_5_GHz  AVG THROUGHPUT (Mbps):    0
INFO:root:[2025-11-10 05:13:40] WiFiBand.BAND_5_GHz  CHANNEL UTILIZATION:      0
INFO:root:[2025-11-10 05:13:40] WiFiBand.BAND_5_GHz  INTERFERENCE:             0
INFO:root:[2025-11-10 05:13:40] WiFiBand.BAND_5_GHz  CLIENTS:                  set()
INFO:root:[2025-11-10 05:13:40] WiFiBand.BAND_5_GHz  QOE:                      0
INFO:root:[2025-11-10 05:13:40] WiFiBand.BAND_5_GHz  TX POWER (dBm):           0
INFO:root:[2025-11-10 05:13:40] WiFiBand.BAND_5_GHz  CHANNEL WIDTH (MHz):      0
INFO:root:[2025-11-10 05:13:40] WiFiBand.BAND_5_GHz  INTERFERENCE WEIGHT:      1
INFO:root:[2025-11-10 05:13:40] WiFiBand.BAND_5_GHz  DFS:                      1
INFO:root:
WARNING:root:[ALERT][2025-11-10 05:13:40][Channel 116] Sudden change in SNR: 43.64 (avg=13.09, dev=233.3%)
WARNING:root:[ALERT][2025-11-10 05:13:40][Channel 116] Sudden change in TX_power: 22.00 (avg=6.60, dev=233.3%)
WARNING:root:[ALERT][2025-11-10 05:13:40][Channel 116] Sudden change in Throughput: 500.99 (avg=150.30, dev=233.3%)
WARNING:root:[ALERT][2025-11-10 05:13:40][Channel 116] Sudden change in QoE: 3.94 (avg=1.18, dev=233.3%)
WARNING:root:[ALERT][2025-11-10 05:13:40][Channel 116] Sudden change in P95_retry: 39.84 (avg=11.95, dev=233.3%)
WARNING:root:[ALERT][2025-11-10 05:13:40][Channel 116] Sudden change in P95_PER: 0.08 (avg=0.02, dev=233.3%)
WARNING:root:[CUSUM ALERT][2025-11-10 05:13:40][Channel 116] SNR ↑ shift detected! deviation=30.55
WARNING:root:[CUSUM ALERT][2025-11-10 05:13:40][Channel 116] TX_power ↑ shift detected! deviation=15.40
WARNING:root:[CUSUM ALERT][2025-11-10 05:13:40][Channel 116] Throughput ↑ shift detected! deviation=350.69
WARNING:root:[CUSUM ALERT][2025-11-10 05:13:40][Channel 116] P95_retry ↑ shift detected! deviation=27.89
WARNING:root:DFS Radar detected...
WARNING:root:DFS detected on channel 12...
INFO:root:[Timer Started] Channel 116
INFO:root:Serving Client Request...
INFO:root:Scanning channels...
INFO:root:For 2_4GHz...
INFO:root:Noisiest 2_4GHz channel... 14
INFO:root:--------------------------------

INFO:root:[2025-11-10 05:13:46] WiFiBand.BAND_2_4_GHz  BAND:                     WiFiBand.BAND_2_4_GHz
INFO:root:[2025-11-10 05:13:46] WiFiBand.BAND_2_4_GHz  CHANNEL:                  14
INFO:root:[2025-11-10 05:13:46] WiFiBand.BAND_2_4_GHz  NOISE FLOOR (dBm):        -95
INFO:root:[2025-11-10 05:13:46] WiFiBand.BAND_2_4_GHz  AVG CLIENT SNR (dB):      0
INFO:root:[2025-11-10 05:13:46] WiFiBand.BAND_2_4_GHz  AVG COUNT:                0
INFO:root:[2025-11-10 05:13:46] WiFiBand.BAND_2_4_GHz  AVG THROUGHPUT (Mbps):    0
INFO:root:[2025-11-10 05:13:46] WiFiBand.BAND_2_4_GHz  CHANNEL UTILIZATION:      0
INFO:root:[2025-11-10 05:13:46] WiFiBand.BAND_2_4_GHz  INTERFERENCE:             0
INFO:root:[2025-11-10 05:13:46] WiFiBand.BAND_2_4_GHz  CLIENTS:                  set()
INFO:root:[2025-11-10 05:13:46] WiFiBand.BAND_2_4_GHz  QOE:                      0
INFO:root:[2025-11-10 05:13:46] WiFiBand.BAND_2_4_GHz  TX POWER (dBm):           0
INFO:root:[2025-11-10 05:13:46] WiFiBand.BAND_2_4_GHz  CHANNEL WIDTH (MHz):      0
INFO:root:[2025-11-10 05:13:46] WiFiBand.BAND_2_4_GHz  INTERFERENCE WEIGHT:      1
INFO:root:[2025-11-10 05:13:46] WiFiBand.BAND_2_4_GHz  DFS:                      0
INFO:root:
WARNING:root:[ALERT][2025-11-10 05:13:46][Channel 14] Sudden change in SNR: 53.19 (avg=15.96, dev=233.3%)
WARNING:root:[ALERT][2025-11-10 05:13:46][Channel 14] Sudden change in TX_power: 18.00 (avg=5.40, dev=233.3%)
WARNING:root:[ALERT][2025-11-10 05:13:46][Channel 14] Sudden change in Throughput: 68.84 (avg=20.65, dev=233.3%)
WARNING:root:[ALERT][2025-11-10 05:13:46][Channel 14] Sudden change in QoE: 4.97 (avg=1.49, dev=233.3%)
WARNING:root:[ALERT][2025-11-10 05:13:46][Channel 14] Sudden change in P95_retry: 3.06 (avg=0.92, dev=233.3%)
WARNING:root:[ALERT][2025-11-10 05:13:46][Channel 14] Sudden change in P95_PER: 0.01 (avg=0.00, dev=233.3%)
WARNING:root:[CUSUM ALERT][2025-11-10 05:13:46][Channel 14] SNR ↑ shift detected! deviation=37.23
WARNING:root:[CUSUM ALERT][2025-11-10 05:13:46][Channel 14] TX_power ↑ shift detected! deviation=12.60
WARNING:root:[CUSUM ALERT][2025-11-10 05:13:46][Channel 14] Throughput ↑ shift detected! deviation=48.19
WARNING:root:[ALERT][2025-11-10 05:13:46][Channel 14] Sudden change in QoE: 4.44 (avg=2.37, dev=86.8%)
WARNING:root:[ALERT][2025-11-10 05:13:46][Channel 14] Sudden change in P95_retry: 21.12 (avg=6.98, dev=202.7%)
WARNING:root:[ALERT][2025-11-10 05:13:46][Channel 14] Sudden change in P95_PER: 0.00 (avg=0.00, dev=54.3%)
WARNING:root:[CUSUM ALERT][2025-11-10 05:13:46][Channel 14] NoiseFloor ↑ shift detected! deviation=3.08
INFO:root:Scanning channels...
INFO:root:For 5GHz...
INFO:root:Noisiest 5GHz channel... 120
INFO:root:--------------------------------

INFO:root:[2025-11-10 05:13:46] WiFiBand.BAND_5_GHz  BAND:                     WiFiBand.BAND_5_GHz
INFO:root:[2025-11-10 05:13:46] WiFiBand.BAND_5_GHz  CHANNEL:                  120
INFO:root:[2025-11-10 05:13:46] WiFiBand.BAND_5_GHz  NOISE FLOOR (dBm):        -95
INFO:root:[2025-11-10 05:13:46] WiFiBand.BAND_5_GHz  AVG CLIENT SNR (dB):      0
INFO:root:[2025-11-10 05:13:46] WiFiBand.BAND_5_GHz  AVG COUNT:                0
INFO:root:[2025-11-10 05:13:46] WiFiBand.BAND_5_GHz  AVG THROUGHPUT (Mbps):    0
INFO:root:[2025-11-10 05:13:46] WiFiBand.BAND_5_GHz  CHANNEL UTILIZATION:      0
INFO:root:[2025-11-10 05:13:46] WiFiBand.BAND_5_GHz  INTERFERENCE:             0
INFO:root:[2025-11-10 05:13:46] WiFiBand.BAND_5_GHz  CLIENTS:                  set()
INFO:root:[2025-11-10 05:13:46] WiFiBand.BAND_5_GHz  QOE:                      0
INFO:root:[2025-11-10 05:13:46] WiFiBand.BAND_5_GHz  TX POWER (dBm):           0
INFO:root:[2025-11-10 05:13:46] WiFiBand.BAND_5_GHz  CHANNEL WIDTH (MHz):      0
INFO:root:[2025-11-10 05:13:46] WiFiBand.BAND_5_GHz  INTERFERENCE WEIGHT:      1
INFO:root:[2025-11-10 05:13:46] WiFiBand.BAND_5_GHz  DFS:                      1
INFO:root:
WARNING:root:[ALERT][2025-11-10 05:13:46][Channel 120] Sudden change in SNR: 41.09 (avg=12.33, dev=233.3%)
WARNING:root:[ALERT][2025-11-10 05:13:46][Channel 120] Sudden change in TX_power: 15.00 (avg=4.50, dev=233.3%)
WARNING:root:[ALERT][2025-11-10 05:13:46][Channel 120] Sudden change in Throughput: 411.29 (avg=123.39, dev=233.3%)
WARNING:root:[ALERT][2025-11-10 05:13:46][Channel 120] Sudden change in QoE: 4.95 (avg=1.48, dev=233.3%)
WARNING:root:[ALERT][2025-11-10 05:13:46][Channel 120] Sudden change in P95_retry: 2.42 (avg=0.73, dev=233.3%)
WARNING:root:[ALERT][2025-11-10 05:13:46][Channel 120] Sudden change in P95_PER: 0.13 (avg=0.04, dev=233.3%)
WARNING:root:[CUSUM ALERT][2025-11-10 05:13:46][Channel 120] SNR ↑ shift detected! deviation=28.76
WARNING:root:[CUSUM ALERT][2025-11-10 05:13:46][Channel 120] TX_power ↑ shift detected! deviation=10.50
WARNING:root:[CUSUM ALERT][2025-11-10 05:13:46][Channel 120] Throughput ↑ shift detected! deviation=287.91
WARNING:root:[ALERT][2025-11-10 05:13:46][Channel 120] Sudden change in QoE: 4.83 (avg=2.49, dev=94.0%)
WARNING:root:[ALERT][2025-11-10 05:13:46][Channel 120] Sudden change in P95_retry: 7.87 (avg=2.87, dev=174.2%)
WARNING:root:[ALERT][2025-11-10 05:13:46][Channel 120] Sudden change in P95_PER: 0.14 (avg=0.07, dev=104.1%)
WARNING:root:DFS Radar detected...
WARNING:root:DFS detected on channel 13...
INFO:root:[Timer Started] Channel 120
INFO:root:Serving Client Request...
INFO:root:Scanning channels...
INFO:root:For 2_4GHz...
INFO:root:Noisiest 2_4GHz channel... 1
INFO:root:--------------------------------

INFO:root:[2025-11-10 05:13:52] WiFiBand.BAND_2_4_GHz  BAND:                     WiFiBand.BAND_2_4_GHz
INFO:root:[2025-11-10 05:13:52] WiFiBand.BAND_2_4_GHz  CHANNEL:                  1
INFO:root:[2025-11-10 05:13:52] WiFiBand.BAND_2_4_GHz  NOISE FLOOR (dBm):        -94.98158776471328
INFO:root:[2025-11-10 05:13:52] WiFiBand.BAND_2_4_GHz  AVG CLIENT SNR (dB):      53.993060041147814
INFO:root:[2025-11-10 05:13:52] WiFiBand.BAND_2_4_GHz  AVG COUNT:                8640
INFO:root:[2025-11-10 05:13:52] WiFiBand.BAND_2_4_GHz  AVG THROUGHPUT (Mbps):    59.247251241293256
INFO:root:[2025-11-10 05:13:52] WiFiBand.BAND_2_4_GHz  CHANNEL UTILIZATION:      0.472401536708141
INFO:root:[2025-11-10 05:13:52] WiFiBand.BAND_2_4_GHz  INTERFERENCE:             4341
INFO:root:[2025-11-10 05:13:52] WiFiBand.BAND_2_4_GHz  CLIENTS:                  {'AP24_1'}
INFO:root:[2025-11-10 05:13:52] WiFiBand.BAND_2_4_GHz  QOE:                      4.477610882009442
INFO:root:[2025-11-10 05:13:52] WiFiBand.BAND_2_4_GHz  TX POWER (dBm):           19.999998649285086
INFO:root:[2025-11-10 05:13:52] WiFiBand.BAND_2_4_GHz  CHANNEL WIDTH (MHz):      0
INFO:root:[2025-11-10 05:13:52] WiFiBand.BAND_2_4_GHz  INTERFERENCE WEIGHT:      1
INFO:root:[2025-11-10 05:13:52] WiFiBand.BAND_2_4_GHz  DFS:                      0
INFO:root:
WARNING:root:[ALERT][2025-11-10 05:13:52][Channel 1] Sudden change in P95_retry: 32.25 (avg=20.24, dev=59.4%)
WARNING:root:[CUSUM ALERT][2025-11-10 05:13:52][Channel 1] Throughput ↓ shift detected! deviation=-7.35
WARNING:root:[ALERT][2025-11-10 05:13:52][Channel 1] Sudden change in P95_PER: 0.00 (avg=0.00, dev=24.7%)
WARNING:root:[CUSUM ALERT][2025-11-10 05:13:52][Channel 1] SNR ↑ shift detected! deviation=1.84
WARNING:root:[CUSUM ALERT][2025-11-10 05:13:52][Channel 1] NoiseFloor ↓ shift detected! deviation=-3.49
INFO:root:Scanning channels...
INFO:root:For 5GHz...
INFO:root:Noisiest 5GHz channel... 124
INFO:root:--------------------------------

INFO:root:[2025-11-10 05:13:53] WiFiBand.BAND_5_GHz  BAND:                     WiFiBand.BAND_5_GHz
INFO:root:[2025-11-10 05:13:53] WiFiBand.BAND_5_GHz  CHANNEL:                  124
INFO:root:[2025-11-10 05:13:53] WiFiBand.BAND_5_GHz  NOISE FLOOR (dBm):        -95
INFO:root:[2025-11-10 05:13:53] WiFiBand.BAND_5_GHz  AVG CLIENT SNR (dB):      0
INFO:root:[2025-11-10 05:13:53] WiFiBand.BAND_5_GHz  AVG COUNT:                0
INFO:root:[2025-11-10 05:13:53] WiFiBand.BAND_5_GHz  AVG THROUGHPUT (Mbps):    0
INFO:root:[2025-11-10 05:13:53] WiFiBand.BAND_5_GHz  CHANNEL UTILIZATION:      0
INFO:root:[2025-11-10 05:13:53] WiFiBand.BAND_5_GHz  INTERFERENCE:             0
INFO:root:[2025-11-10 05:13:53] WiFiBand.BAND_5_GHz  CLIENTS:                  set()
INFO:root:[2025-11-10 05:13:53] WiFiBand.BAND_5_GHz  QOE:                      0
INFO:root:[2025-11-10 05:13:53] WiFiBand.BAND_5_GHz  TX POWER (dBm):           0
INFO:root:[2025-11-10 05:13:53] WiFiBand.BAND_5_GHz  CHANNEL WIDTH (MHz):      0
INFO:root:[2025-11-10 05:13:53] WiFiBand.BAND_5_GHz  INTERFERENCE WEIGHT:      1
INFO:root:[2025-11-10 05:13:53] WiFiBand.BAND_5_GHz  DFS:                      1
INFO:root:
WARNING:root:[ALERT][2025-11-10 05:13:53][Channel 124] Sudden change in SNR: 45.45 (avg=13.63, dev=233.3%)
WARNING:root:[ALERT][2025-11-10 05:13:53][Channel 124] Sudden change in TX_power: 20.00 (avg=6.00, dev=233.3%)
WARNING:root:[ALERT][2025-11-10 05:13:53][Channel 124] Sudden change in Throughput: 348.59 (avg=104.58, dev=233.3%)
WARNING:root:[ALERT][2025-11-10 05:13:53][Channel 124] Sudden change in QoE: 4.39 (avg=1.32, dev=233.3%)
WARNING:root:[ALERT][2025-11-10 05:13:53][Channel 124] Sudden change in P95_retry: 22.83 (avg=6.85, dev=233.3%)
WARNING:root:[ALERT][2025-11-10 05:13:53][Channel 124] Sudden change in P95_PER: 0.03 (avg=0.01, dev=233.3%)
WARNING:root:[CUSUM ALERT][2025-11-10 05:13:53][Channel 124] SNR ↑ shift detected! deviation=31.81
WARNING:root:[CUSUM ALERT][2025-11-10 05:13:53][Channel 124] TX_power ↑ shift detected! deviation=14.00
WARNING:root:[CUSUM ALERT][2025-11-10 05:13:53][Channel 124] Throughput ↑ shift detected! deviation=244.02
WARNING:root:[CUSUM ALERT][2025-11-10 05:13:53][Channel 124] P95_retry ↑ shift detected! deviation=15.98
WARNING:root:[ALERT][2025-11-10 05:13:53][Channel 124] Sudden change in QoE: 4.18 (avg=2.18, dev=92.0%)
WARNING:root:[ALERT][2025-11-10 05:13:53][Channel 124] Sudden change in P95_PER: 0.03 (avg=0.01, dev=97.3%)
WARNING:root:DFS Radar detected...
WARNING:root:DFS detected on channel 14...
INFO:root:[Timer Started] Channel 124
INFO:root:Serving Client Request...
INFO:root:--------------------------------

INFO:root:[2025-11-10 05:13:57] WiFiBand.BAND_2_4_GHz  BAND:                     WiFiBand.BAND_2_4_GHz
INFO:root:[2025-11-10 05:13:57] WiFiBand.BAND_2_4_GHz  CHANNEL:                  1
INFO:root:[2025-11-10 05:13:57] WiFiBand.BAND_2_4_GHz  NOISE FLOOR (dBm):        -94.98863438798583
INFO:root:[2025-11-10 05:13:57] WiFiBand.BAND_2_4_GHz  AVG CLIENT SNR (dB):      53.998960331075004
INFO:root:[2025-11-10 05:13:57] WiFiBand.BAND_2_4_GHz  AVG COUNT:                17280
INFO:root:[2025-11-10 05:13:57] WiFiBand.BAND_2_4_GHz  AVG THROUGHPUT (Mbps):    59.24033491681046
INFO:root:[2025-11-10 05:13:57] WiFiBand.BAND_2_4_GHz  CHANNEL UTILIZATION:      0.4546441898012651
INFO:root:[2025-11-10 05:13:57] WiFiBand.BAND_2_4_GHz  INTERFERENCE:             8682
INFO:root:[2025-11-10 05:13:57] WiFiBand.BAND_2_4_GHz  CLIENTS:                  {'AP24_1'}
INFO:root:[2025-11-10 05:13:57] WiFiBand.BAND_2_4_GHz  QOE:                      4.4772417136199
INFO:root:[2025-11-10 05:13:57] WiFiBand.BAND_2_4_GHz  TX POWER (dBm):           19.999999662301782
INFO:root:[2025-11-10 05:13:57] WiFiBand.BAND_2_4_GHz  CHANNEL WIDTH (MHz):      0
INFO:root:[2025-11-10 05:13:57] WiFiBand.BAND_2_4_GHz  INTERFERENCE WEIGHT:      1
INFO:root:[2025-11-10 05:13:57] WiFiBand.BAND_2_4_GHz  DFS:                      0
INFO:root:
INFO:root:--------------------------------

INFO:root:[2025-11-10 05:13:57] WiFiBand.BAND_2_4_GHz  BAND:                     WiFiBand.BAND_2_4_GHz
INFO:root:[2025-11-10 05:13:57] WiFiBand.BAND_2_4_GHz  CHANNEL:                  2
INFO:root:[2025-11-10 05:13:57] WiFiBand.BAND_2_4_GHz  NOISE FLOOR (dBm):        -94.9879094435747
INFO:root:[2025-11-10 05:13:57] WiFiBand.BAND_2_4_GHz  AVG CLIENT SNR (dB):      51.06503906948076
INFO:root:[2025-11-10 05:13:57] WiFiBand.BAND_2_4_GHz  AVG COUNT:                8640
INFO:root:[2025-11-10 05:13:57] WiFiBand.BAND_2_4_GHz  AVG THROUGHPUT (Mbps):    59.20625305310319
INFO:root:[2025-11-10 05:13:57] WiFiBand.BAND_2_4_GHz  CHANNEL UTILIZATION:      0.4718404678276779
INFO:root:[2025-11-10 05:13:57] WiFiBand.BAND_2_4_GHz  INTERFERENCE:             4334
INFO:root:[2025-11-10 05:13:57] WiFiBand.BAND_2_4_GHz  CLIENTS:                  {'AP24_2'}
INFO:root:[2025-11-10 05:13:57] WiFiBand.BAND_2_4_GHz  QOE:                      4.47549742443073
INFO:root:[2025-11-10 05:13:57] WiFiBand.BAND_2_4_GHz  TX POWER (dBm):           16.999998851892144
INFO:root:[2025-11-10 05:13:57] WiFiBand.BAND_2_4_GHz  CHANNEL WIDTH (MHz):      0
INFO:root:[2025-11-10 05:13:57] WiFiBand.BAND_2_4_GHz  INTERFERENCE WEIGHT:      1
INFO:root:[2025-11-10 05:13:57] WiFiBand.BAND_2_4_GHz  DFS:                      0
INFO:root:
INFO:root:--------------------------------

INFO:root:[2025-11-10 05:13:57] WiFiBand.BAND_2_4_GHz  BAND:                     WiFiBand.BAND_2_4_GHz
INFO:root:[2025-11-10 05:13:57] WiFiBand.BAND_2_4_GHz  CHANNEL:                  3
INFO:root:[2025-11-10 05:13:57] WiFiBand.BAND_2_4_GHz  NOISE FLOOR (dBm):        -95.00462347728389
INFO:root:[2025-11-10 05:13:57] WiFiBand.BAND_2_4_GHz  AVG CLIENT SNR (dB):      52.24322876606148
INFO:root:[2025-11-10 05:13:57] WiFiBand.BAND_2_4_GHz  AVG COUNT:                8640
INFO:root:[2025-11-10 05:13:57] WiFiBand.BAND_2_4_GHz  AVG THROUGHPUT (Mbps):    59.206943645574015
INFO:root:[2025-11-10 05:13:57] WiFiBand.BAND_2_4_GHz  CHANNEL UTILIZATION:      0.47120296240587434
INFO:root:[2025-11-10 05:13:57] WiFiBand.BAND_2_4_GHz  INTERFERENCE:             4331
INFO:root:[2025-11-10 05:13:57] WiFiBand.BAND_2_4_GHz  CLIENTS:                  {'AP24_3'}
INFO:root:[2025-11-10 05:13:57] WiFiBand.BAND_2_4_GHz  QOE:                      4.4754096357829045
INFO:root:[2025-11-10 05:13:57] WiFiBand.BAND_2_4_GHz  TX POWER (dBm):           17.999998784356485
INFO:root:[2025-11-10 05:13:57] WiFiBand.BAND_2_4_GHz  CHANNEL WIDTH (MHz):      0
INFO:root:[2025-11-10 05:13:57] WiFiBand.BAND_2_4_GHz  INTERFERENCE WEIGHT:      1
INFO:root:[2025-11-10 05:13:57] WiFiBand.BAND_2_4_GHz  DFS:                      0
INFO:root:
INFO:root:--------------------------------

INFO:root:[2025-11-10 05:13:57] WiFiBand.BAND_2_4_GHz  BAND:                     WiFiBand.BAND_2_4_GHz
INFO:root:[2025-11-10 05:13:57] WiFiBand.BAND_2_4_GHz  CHANNEL:                  4
INFO:root:[2025-11-10 05:13:57] WiFiBand.BAND_2_4_GHz  NOISE FLOOR (dBm):        -94.98200782979762
INFO:root:[2025-11-10 05:13:57] WiFiBand.BAND_2_4_GHz  AVG CLIENT SNR (dB):      52.53355628655897
INFO:root:[2025-11-10 05:13:57] WiFiBand.BAND_2_4_GHz  AVG COUNT:                8640
INFO:root:[2025-11-10 05:13:57] WiFiBand.BAND_2_4_GHz  AVG THROUGHPUT (Mbps):    59.33490839869827
INFO:root:[2025-11-10 05:13:57] WiFiBand.BAND_2_4_GHz  CHANNEL UTILIZATION:      0.4711320239631622
INFO:root:[2025-11-10 05:13:57] WiFiBand.BAND_2_4_GHz  INTERFERENCE:             4303
INFO:root:[2025-11-10 05:13:57] WiFiBand.BAND_2_4_GHz  CLIENTS:                  {'AP24_4'}
INFO:root:[2025-11-10 05:13:57] WiFiBand.BAND_2_4_GHz  QOE:                      4.4819199893821295
INFO:root:[2025-11-10 05:13:57] WiFiBand.BAND_2_4_GHz  TX POWER (dBm):           19.999998649285086
INFO:root:[2025-11-10 05:13:57] WiFiBand.BAND_2_4_GHz  CHANNEL WIDTH (MHz):      0
INFO:root:[2025-11-10 05:13:57] WiFiBand.BAND_2_4_GHz  INTERFERENCE WEIGHT:      1
INFO:root:[2025-11-10 05:13:57] WiFiBand.BAND_2_4_GHz  DFS:                      0
INFO:root:
INFO:root:--------------------------------

INFO:root:[2025-11-10 05:13:57] WiFiBand.BAND_2_4_GHz  BAND:                     WiFiBand.BAND_2_4_GHz
INFO:root:[2025-11-10 05:13:57] WiFiBand.BAND_2_4_GHz  CHANNEL:                  5
INFO:root:[2025-11-10 05:13:57] WiFiBand.BAND_2_4_GHz  NOISE FLOOR (dBm):        -94.95007673349771
INFO:root:[2025-11-10 05:13:57] WiFiBand.BAND_2_4_GHz  AVG CLIENT SNR (dB):      50.46052078273435
INFO:root:[2025-11-10 05:13:57] WiFiBand.BAND_2_4_GHz  AVG COUNT:                8640
INFO:root:[2025-11-10 05:13:57] WiFiBand.BAND_2_4_GHz  AVG THROUGHPUT (Mbps):    59.146304912861446
INFO:root:[2025-11-10 05:13:57] WiFiBand.BAND_2_4_GHz  CHANNEL UTILIZATION:      0.4738865192036302
INFO:root:[2025-11-10 05:13:57] WiFiBand.BAND_2_4_GHz  INTERFERENCE:             4439
INFO:root:[2025-11-10 05:13:57] WiFiBand.BAND_2_4_GHz  CLIENTS:                  {'AP24_5'}
INFO:root:[2025-11-10 05:13:57] WiFiBand.BAND_2_4_GHz  QOE:                      4.47156583961879
INFO:root:[2025-11-10 05:13:57] WiFiBand.BAND_2_4_GHz  TX POWER (dBm):           15.999998919428055
INFO:root:[2025-11-10 05:13:57] WiFiBand.BAND_2_4_GHz  CHANNEL WIDTH (MHz):      0
INFO:root:[2025-11-10 05:13:57] WiFiBand.BAND_2_4_GHz  INTERFERENCE WEIGHT:      1
INFO:root:[2025-11-10 05:13:57] WiFiBand.BAND_2_4_GHz  DFS:                      0
INFO:root:
INFO:root:--------------------------------

INFO:root:[2025-11-10 05:13:57] WiFiBand.BAND_2_4_GHz  BAND:                     WiFiBand.BAND_2_4_GHz
INFO:root:[2025-11-10 05:13:57] WiFiBand.BAND_2_4_GHz  CHANNEL:                  6
INFO:root:[2025-11-10 05:13:57] WiFiBand.BAND_2_4_GHz  NOISE FLOOR (dBm):        -95.00885837505952
INFO:root:[2025-11-10 05:13:57] WiFiBand.BAND_2_4_GHz  AVG CLIENT SNR (dB):      53.55646089287153
INFO:root:[2025-11-10 05:13:57] WiFiBand.BAND_2_4_GHz  AVG COUNT:                8640
INFO:root:[2025-11-10 05:13:57] WiFiBand.BAND_2_4_GHz  AVG THROUGHPUT (Mbps):    59.37992724258815
INFO:root:[2025-11-10 05:13:57] WiFiBand.BAND_2_4_GHz  CHANNEL UTILIZATION:      0.4729969635845919
INFO:root:[2025-11-10 05:13:57] WiFiBand.BAND_2_4_GHz  INTERFERENCE:             4378
INFO:root:[2025-11-10 05:13:57] WiFiBand.BAND_2_4_GHz  CLIENTS:                  {'AP24_6'}
INFO:root:[2025-11-10 05:13:57] WiFiBand.BAND_2_4_GHz  QOE:                      4.48425667312953
INFO:root:[2025-11-10 05:13:57] WiFiBand.BAND_2_4_GHz  TX POWER (dBm):           17.999998784356485
INFO:root:[2025-11-10 05:13:57] WiFiBand.BAND_2_4_GHz  CHANNEL WIDTH (MHz):      0
INFO:root:[2025-11-10 05:13:57] WiFiBand.BAND_2_4_GHz  INTERFERENCE WEIGHT:      1
INFO:root:[2025-11-10 05:13:57] WiFiBand.BAND_2_4_GHz  DFS:                      0
INFO:root:
INFO:root:--------------------------------

INFO:root:[2025-11-10 05:13:57] WiFiBand.BAND_2_4_GHz  BAND:                     WiFiBand.BAND_2_4_GHz
INFO:root:[2025-11-10 05:13:57] WiFiBand.BAND_2_4_GHz  CHANNEL:                  7
INFO:root:[2025-11-10 05:13:57] WiFiBand.BAND_2_4_GHz  NOISE FLOOR (dBm):        -94.99375209543366
INFO:root:[2025-11-10 05:13:57] WiFiBand.BAND_2_4_GHz  AVG CLIENT SNR (dB):      51.74074973246082
INFO:root:[2025-11-10 05:13:57] WiFiBand.BAND_2_4_GHz  AVG COUNT:                8640
INFO:root:[2025-11-10 05:13:57] WiFiBand.BAND_2_4_GHz  AVG THROUGHPUT (Mbps):    59.19714638142391
INFO:root:[2025-11-10 05:13:57] WiFiBand.BAND_2_4_GHz  CHANNEL UTILIZATION:      0.47305599694198214
INFO:root:[2025-11-10 05:13:57] WiFiBand.BAND_2_4_GHz  INTERFERENCE:             4263
INFO:root:[2025-11-10 05:13:57] WiFiBand.BAND_2_4_GHz  CLIENTS:                  {'AP24_7'}
INFO:root:[2025-11-10 05:13:57] WiFiBand.BAND_2_4_GHz  QOE:                      4.474531370261232
INFO:root:[2025-11-10 05:13:57] WiFiBand.BAND_2_4_GHz  TX POWER (dBm):           17.999998784356485
INFO:root:[2025-11-10 05:13:57] WiFiBand.BAND_2_4_GHz  CHANNEL WIDTH (MHz):      0
INFO:root:[2025-11-10 05:13:57] WiFiBand.BAND_2_4_GHz  INTERFERENCE WEIGHT:      1
INFO:root:[2025-11-10 05:13:57] WiFiBand.BAND_2_4_GHz  DFS:                      0
INFO:root:
INFO:root:--------------------------------

INFO:root:[2025-11-10 05:13:57] WiFiBand.BAND_2_4_GHz  BAND:                     WiFiBand.BAND_2_4_GHz
INFO:root:[2025-11-10 05:13:57] WiFiBand.BAND_2_4_GHz  CHANNEL:                  8
INFO:root:[2025-11-10 05:13:57] WiFiBand.BAND_2_4_GHz  NOISE FLOOR (dBm):        -95.01098372482917
INFO:root:[2025-11-10 05:13:57] WiFiBand.BAND_2_4_GHz  AVG CLIENT SNR (dB):      55.2056759419278
INFO:root:[2025-11-10 05:13:57] WiFiBand.BAND_2_4_GHz  AVG COUNT:                8640
INFO:root:[2025-11-10 05:13:57] WiFiBand.BAND_2_4_GHz  AVG THROUGHPUT (Mbps):    59.216127504780786
INFO:root:[2025-11-10 05:13:57] WiFiBand.BAND_2_4_GHz  CHANNEL UTILIZATION:      0.47184220941061966
INFO:root:[2025-11-10 05:13:57] WiFiBand.BAND_2_4_GHz  INTERFERENCE:             4402
INFO:root:[2025-11-10 05:13:57] WiFiBand.BAND_2_4_GHz  CLIENTS:                  {'AP24_8'}
INFO:root:[2025-11-10 05:13:57] WiFiBand.BAND_2_4_GHz  QOE:                      4.475348100909821
INFO:root:[2025-11-10 05:13:57] WiFiBand.BAND_2_4_GHz  TX POWER (dBm):           19.999998649285086
INFO:root:[2025-11-10 05:13:57] WiFiBand.BAND_2_4_GHz  CHANNEL WIDTH (MHz):      0
INFO:root:[2025-11-10 05:13:57] WiFiBand.BAND_2_4_GHz  INTERFERENCE WEIGHT:      1
INFO:root:[2025-11-10 05:13:57] WiFiBand.BAND_2_4_GHz  DFS:                      0
INFO:root:
INFO:root:--------------------------------

INFO:root:[2025-11-10 05:13:57] WiFiBand.BAND_2_4_GHz  BAND:                     WiFiBand.BAND_2_4_GHz
INFO:root:[2025-11-10 05:13:57] WiFiBand.BAND_2_4_GHz  CHANNEL:                  9
INFO:root:[2025-11-10 05:13:57] WiFiBand.BAND_2_4_GHz  NOISE FLOOR (dBm):        -94.97686645608124
INFO:root:[2025-11-10 05:13:57] WiFiBand.BAND_2_4_GHz  AVG CLIENT SNR (dB):      52.199886284924986
INFO:root:[2025-11-10 05:13:57] WiFiBand.BAND_2_4_GHz  AVG COUNT:                8640
INFO:root:[2025-11-10 05:13:57] WiFiBand.BAND_2_4_GHz  AVG THROUGHPUT (Mbps):    59.144310555214545
INFO:root:[2025-11-10 05:13:57] WiFiBand.BAND_2_4_GHz  CHANNEL UTILIZATION:      0.47115272979977224
INFO:root:[2025-11-10 05:13:57] WiFiBand.BAND_2_4_GHz  INTERFERENCE:             4231
INFO:root:[2025-11-10 05:13:57] WiFiBand.BAND_2_4_GHz  CLIENTS:                  {'AP24_9'}
INFO:root:[2025-11-10 05:13:57] WiFiBand.BAND_2_4_GHz  QOE:                      4.47177194169927
INFO:root:[2025-11-10 05:13:57] WiFiBand.BAND_2_4_GHz  TX POWER (dBm):           14.999998986963769
INFO:root:[2025-11-10 05:13:57] WiFiBand.BAND_2_4_GHz  CHANNEL WIDTH (MHz):      0
INFO:root:[2025-11-10 05:13:57] WiFiBand.BAND_2_4_GHz  INTERFERENCE WEIGHT:      1
INFO:root:[2025-11-10 05:13:57] WiFiBand.BAND_2_4_GHz  DFS:                      0
INFO:root:
INFO:root:--------------------------------

INFO:root:[2025-11-10 05:13:57] WiFiBand.BAND_2_4_GHz  BAND:                     WiFiBand.BAND_2_4_GHz
INFO:root:[2025-11-10 05:13:57] WiFiBand.BAND_2_4_GHz  CHANNEL:                  10
INFO:root:[2025-11-10 05:13:57] WiFiBand.BAND_2_4_GHz  NOISE FLOOR (dBm):        -94.97795402540375
INFO:root:[2025-11-10 05:13:57] WiFiBand.BAND_2_4_GHz  AVG CLIENT SNR (dB):      48.85828364555152
INFO:root:[2025-11-10 05:13:57] WiFiBand.BAND_2_4_GHz  AVG COUNT:                8640
INFO:root:[2025-11-10 05:13:57] WiFiBand.BAND_2_4_GHz  AVG THROUGHPUT (Mbps):    59.32004563624581
INFO:root:[2025-11-10 05:13:57] WiFiBand.BAND_2_4_GHz  CHANNEL UTILIZATION:      0.472588620784972
INFO:root:[2025-11-10 05:13:57] WiFiBand.BAND_2_4_GHz  INTERFERENCE:             4257
INFO:root:[2025-11-10 05:13:57] WiFiBand.BAND_2_4_GHz  CLIENTS:                  {'AP24_10'}
INFO:root:[2025-11-10 05:13:57] WiFiBand.BAND_2_4_GHz  QOE:                      4.4815455930285895
INFO:root:[2025-11-10 05:13:57] WiFiBand.BAND_2_4_GHz  TX POWER (dBm):           15.999998919428055
INFO:root:[2025-11-10 05:13:57] WiFiBand.BAND_2_4_GHz  CHANNEL WIDTH (MHz):      0
INFO:root:[2025-11-10 05:13:57] WiFiBand.BAND_2_4_GHz  INTERFERENCE WEIGHT:      1
INFO:root:[2025-11-10 05:13:57] WiFiBand.BAND_2_4_GHz  DFS:                      0
INFO:root:
INFO:root:--------------------------------

INFO:root:[2025-11-10 05:13:57] WiFiBand.BAND_2_4_GHz  BAND:                     WiFiBand.BAND_2_4_GHz
INFO:root:[2025-11-10 05:13:57] WiFiBand.BAND_2_4_GHz  CHANNEL:                  11
INFO:root:[2025-11-10 05:13:57] WiFiBand.BAND_2_4_GHz  NOISE FLOOR (dBm):        -95.00696721972766
INFO:root:[2025-11-10 05:13:57] WiFiBand.BAND_2_4_GHz  AVG CLIENT SNR (dB):      52.583342899411
INFO:root:[2025-11-10 05:13:57] WiFiBand.BAND_2_4_GHz  AVG COUNT:                8640
INFO:root:[2025-11-10 05:13:57] WiFiBand.BAND_2_4_GHz  AVG THROUGHPUT (Mbps):    59.28316025668325
INFO:root:[2025-11-10 05:13:57] WiFiBand.BAND_2_4_GHz  CHANNEL UTILIZATION:      0.47174922402491154
INFO:root:[2025-11-10 05:13:57] WiFiBand.BAND_2_4_GHz  INTERFERENCE:             4306
INFO:root:[2025-11-10 05:13:57] WiFiBand.BAND_2_4_GHz  CLIENTS:                  {'AP24_11'}
INFO:root:[2025-11-10 05:13:57] WiFiBand.BAND_2_4_GHz  QOE:                      4.479069653095331
INFO:root:[2025-11-10 05:13:57] WiFiBand.BAND_2_4_GHz  TX POWER (dBm):           19.999998649285086
INFO:root:[2025-11-10 05:13:57] WiFiBand.BAND_2_4_GHz  CHANNEL WIDTH (MHz):      0
INFO:root:[2025-11-10 05:13:57] WiFiBand.BAND_2_4_GHz  INTERFERENCE WEIGHT:      1
INFO:root:[2025-11-10 05:13:57] WiFiBand.BAND_2_4_GHz  DFS:                      0
INFO:root:
INFO:root:--------------------------------

INFO:root:[2025-11-10 05:13:57] WiFiBand.BAND_2_4_GHz  BAND:                     WiFiBand.BAND_2_4_GHz
INFO:root:[2025-11-10 05:13:57] WiFiBand.BAND_2_4_GHz  CHANNEL:                  12
INFO:root:[2025-11-10 05:13:57] WiFiBand.BAND_2_4_GHz  NOISE FLOOR (dBm):        -94.96891105244157
INFO:root:[2025-11-10 05:13:57] WiFiBand.BAND_2_4_GHz  AVG CLIENT SNR (dB):      50.2159378535146
INFO:root:[2025-11-10 05:13:57] WiFiBand.BAND_2_4_GHz  AVG COUNT:                8640
INFO:root:[2025-11-10 05:13:57] WiFiBand.BAND_2_4_GHz  AVG THROUGHPUT (Mbps):    59.22765801907715
INFO:root:[2025-11-10 05:13:57] WiFiBand.BAND_2_4_GHz  CHANNEL UTILIZATION:      0.4714117098235231
INFO:root:[2025-11-10 05:13:57] WiFiBand.BAND_2_4_GHz  INTERFERENCE:             4350
INFO:root:[2025-11-10 05:13:57] WiFiBand.BAND_2_4_GHz  CLIENTS:                  {'AP24_12'}
INFO:root:[2025-11-10 05:13:57] WiFiBand.BAND_2_4_GHz  QOE:                      4.476256946985468
INFO:root:[2025-11-10 05:13:57] WiFiBand.BAND_2_4_GHz  TX POWER (dBm):           15.999998919428055
INFO:root:[2025-11-10 05:13:57] WiFiBand.BAND_2_4_GHz  CHANNEL WIDTH (MHz):      0
INFO:root:[2025-11-10 05:13:57] WiFiBand.BAND_2_4_GHz  INTERFERENCE WEIGHT:      1
INFO:root:[2025-11-10 05:13:57] WiFiBand.BAND_2_4_GHz  DFS:                      0
INFO:root:
INFO:root:--------------------------------

INFO:root:[2025-11-10 05:13:57] WiFiBand.BAND_2_4_GHz  BAND:                     WiFiBand.BAND_2_4_GHz
INFO:root:[2025-11-10 05:13:57] WiFiBand.BAND_2_4_GHz  CHANNEL:                  13
INFO:root:[2025-11-10 05:13:57] WiFiBand.BAND_2_4_GHz  NOISE FLOOR (dBm):        -94.98519199880833
INFO:root:[2025-11-10 05:13:57] WiFiBand.BAND_2_4_GHz  AVG CLIENT SNR (dB):      52.302413829517036
INFO:root:[2025-11-10 05:13:57] WiFiBand.BAND_2_4_GHz  AVG COUNT:                8640
INFO:root:[2025-11-10 05:13:57] WiFiBand.BAND_2_4_GHz  AVG THROUGHPUT (Mbps):    59.22894518726729
INFO:root:[2025-11-10 05:13:57] WiFiBand.BAND_2_4_GHz  CHANNEL UTILIZATION:      0.47353870422664324
INFO:root:[2025-11-10 05:13:57] WiFiBand.BAND_2_4_GHz  INTERFERENCE:             4314
INFO:root:[2025-11-10 05:13:57] WiFiBand.BAND_2_4_GHz  CLIENTS:                  {'AP24_13'}
INFO:root:[2025-11-10 05:13:57] WiFiBand.BAND_2_4_GHz  QOE:                      4.476492085488707
INFO:root:[2025-11-10 05:13:57] WiFiBand.BAND_2_4_GHz  TX POWER (dBm):           15.999998919428055
INFO:root:[2025-11-10 05:13:57] WiFiBand.BAND_2_4_GHz  CHANNEL WIDTH (MHz):      0
INFO:root:[2025-11-10 05:13:57] WiFiBand.BAND_2_4_GHz  INTERFERENCE WEIGHT:      1
INFO:root:[2025-11-10 05:13:57] WiFiBand.BAND_2_4_GHz  DFS:                      0
INFO:root:
INFO:root:--------------------------------

INFO:root:[2025-11-10 05:13:57] WiFiBand.BAND_2_4_GHz  BAND:                     WiFiBand.BAND_2_4_GHz
INFO:root:[2025-11-10 05:13:57] WiFiBand.BAND_2_4_GHz  CHANNEL:                  14
INFO:root:[2025-11-10 05:13:57] WiFiBand.BAND_2_4_GHz  NOISE FLOOR (dBm):        -95.00463652921829
INFO:root:[2025-11-10 05:13:57] WiFiBand.BAND_2_4_GHz  AVG CLIENT SNR (dB):      54.698634414194906
INFO:root:[2025-11-10 05:13:57] WiFiBand.BAND_2_4_GHz  AVG COUNT:                8640
INFO:root:[2025-11-10 05:13:57] WiFiBand.BAND_2_4_GHz  AVG THROUGHPUT (Mbps):    59.07254916343908
INFO:root:[2025-11-10 05:13:57] WiFiBand.BAND_2_4_GHz  CHANNEL UTILIZATION:      0.47192220597354695
INFO:root:[2025-11-10 05:13:57] WiFiBand.BAND_2_4_GHz  INTERFERENCE:             4412
INFO:root:[2025-11-10 05:13:57] WiFiBand.BAND_2_4_GHz  CLIENTS:                  {'AP24_14'}
INFO:root:[2025-11-10 05:13:57] WiFiBand.BAND_2_4_GHz  QOE:                      4.46882732265296
INFO:root:[2025-11-10 05:13:57] WiFiBand.BAND_2_4_GHz  TX POWER (dBm):           17.999998784356485
INFO:root:[2025-11-10 05:13:57] WiFiBand.BAND_2_4_GHz  CHANNEL WIDTH (MHz):      0
INFO:root:[2025-11-10 05:13:57] WiFiBand.BAND_2_4_GHz  INTERFERENCE WEIGHT:      1
INFO:root:[2025-11-10 05:13:57] WiFiBand.BAND_2_4_GHz  DFS:                      0
INFO:root:
INFO:root:--------------------------------

INFO:root:[2025-11-10 05:13:57] WiFiBand.BAND_5_GHz  BAND:                     WiFiBand.BAND_5_GHz
INFO:root:[2025-11-10 05:13:57] WiFiBand.BAND_5_GHz  CHANNEL:                  36
INFO:root:[2025-11-10 05:13:57] WiFiBand.BAND_5_GHz  NOISE FLOOR (dBm):        -94.48101453180308
INFO:root:[2025-11-10 05:13:57] WiFiBand.BAND_5_GHz  AVG CLIENT SNR (dB):      48.112084840949414
INFO:root:[2025-11-10 05:13:57] WiFiBand.BAND_5_GHz  AVG COUNT:                8640
INFO:root:[2025-11-10 05:13:57] WiFiBand.BAND_5_GHz  AVG THROUGHPUT (Mbps):    355.01703233724874
INFO:root:[2025-11-10 05:13:57] WiFiBand.BAND_5_GHz  CHANNEL UTILIZATION:      0.4420522256326203
INFO:root:[2025-11-10 05:13:57] WiFiBand.BAND_5_GHz  INTERFERENCE:             0
INFO:root:[2025-11-10 05:13:57] WiFiBand.BAND_5_GHz  CLIENTS:                  {'AP5_36'}
INFO:root:[2025-11-10 05:13:57] WiFiBand.BAND_5_GHz  QOE:                      4.475070368871634
INFO:root:[2025-11-10 05:13:57] WiFiBand.BAND_5_GHz  TX POWER (dBm):           20.999998581749317
INFO:root:[2025-11-10 05:13:57] WiFiBand.BAND_5_GHz  CHANNEL WIDTH (MHz):      0
INFO:root:[2025-11-10 05:13:57] WiFiBand.BAND_5_GHz  INTERFERENCE WEIGHT:      1
INFO:root:[2025-11-10 05:13:57] WiFiBand.BAND_5_GHz  DFS:                      0
INFO:root:
INFO:root:--------------------------------

INFO:root:[2025-11-10 05:13:57] WiFiBand.BAND_5_GHz  BAND:                     WiFiBand.BAND_5_GHz
INFO:root:[2025-11-10 05:13:57] WiFiBand.BAND_5_GHz  CHANNEL:                  40
INFO:root:[2025-11-10 05:13:57] WiFiBand.BAND_5_GHz  NOISE FLOOR (dBm):        -94.52668058368074
INFO:root:[2025-11-10 05:13:57] WiFiBand.BAND_5_GHz  AVG CLIENT SNR (dB):      46.07329390927109
INFO:root:[2025-11-10 05:13:57] WiFiBand.BAND_5_GHz  AVG COUNT:                8640
INFO:root:[2025-11-10 05:13:57] WiFiBand.BAND_5_GHz  AVG THROUGHPUT (Mbps):    354.26439282703546
INFO:root:[2025-11-10 05:13:57] WiFiBand.BAND_5_GHz  CHANNEL UTILIZATION:      0.44187878332042974
INFO:root:[2025-11-10 05:13:57] WiFiBand.BAND_5_GHz  INTERFERENCE:             0
INFO:root:[2025-11-10 05:13:57] WiFiBand.BAND_5_GHz  CLIENTS:                  {'AP5_40'}
INFO:root:[2025-11-10 05:13:57] WiFiBand.BAND_5_GHz  QOE:                      4.467712158022361
INFO:root:[2025-11-10 05:13:57] WiFiBand.BAND_5_GHz  TX POWER (dBm):           17.999998784356485
INFO:root:[2025-11-10 05:13:57] WiFiBand.BAND_5_GHz  CHANNEL WIDTH (MHz):      0
INFO:root:[2025-11-10 05:13:57] WiFiBand.BAND_5_GHz  INTERFERENCE WEIGHT:      1
INFO:root:[2025-11-10 05:13:57] WiFiBand.BAND_5_GHz  DFS:                      0
INFO:root:
INFO:root:--------------------------------

INFO:root:[2025-11-10 05:13:57] WiFiBand.BAND_5_GHz  BAND:                     WiFiBand.BAND_5_GHz
INFO:root:[2025-11-10 05:13:57] WiFiBand.BAND_5_GHz  CHANNEL:                  44
INFO:root:[2025-11-10 05:13:57] WiFiBand.BAND_5_GHz  NOISE FLOOR (dBm):        -88.43560025028269
INFO:root:[2025-11-10 05:13:57] WiFiBand.BAND_5_GHz  AVG CLIENT SNR (dB):      41.82560430226775
INFO:root:[2025-11-10 05:13:57] WiFiBand.BAND_5_GHz  AVG COUNT:                8640
INFO:root:[2025-11-10 05:13:57] WiFiBand.BAND_5_GHz  AVG THROUGHPUT (Mbps):    1053.6243994082654
INFO:root:[2025-11-10 05:13:57] WiFiBand.BAND_5_GHz  CHANNEL UTILIZATION:      0.44741906739103887
INFO:root:[2025-11-10 05:13:57] WiFiBand.BAND_5_GHz  INTERFERENCE:             0
INFO:root:[2025-11-10 05:13:57] WiFiBand.BAND_5_GHz  CLIENTS:                  {'AP5_44'}
INFO:root:[2025-11-10 05:13:57] WiFiBand.BAND_5_GHz  QOE:                      4.437365911587407
INFO:root:[2025-11-10 05:13:57] WiFiBand.BAND_5_GHz  TX POWER (dBm):           18.999998716820915
INFO:root:[2025-11-10 05:13:57] WiFiBand.BAND_5_GHz  CHANNEL WIDTH (MHz):      0
INFO:root:[2025-11-10 05:13:57] WiFiBand.BAND_5_GHz  INTERFERENCE WEIGHT:      1
INFO:root:[2025-11-10 05:13:57] WiFiBand.BAND_5_GHz  DFS:                      0
INFO:root:
INFO:root:--------------------------------

INFO:root:[2025-11-10 05:13:57] WiFiBand.BAND_5_GHz  BAND:                     WiFiBand.BAND_5_GHz
INFO:root:[2025-11-10 05:13:57] WiFiBand.BAND_5_GHz  CHANNEL:                  48
INFO:root:[2025-11-10 05:13:57] WiFiBand.BAND_5_GHz  NOISE FLOOR (dBm):        -94.52864765162978
INFO:root:[2025-11-10 05:13:57] WiFiBand.BAND_5_GHz  AVG CLIENT SNR (dB):      44.19904311060752
INFO:root:[2025-11-10 05:13:57] WiFiBand.BAND_5_GHz  AVG COUNT:                8640
INFO:root:[2025-11-10 05:13:57] WiFiBand.BAND_5_GHz  AVG THROUGHPUT (Mbps):    354.0921329552694
INFO:root:[2025-11-10 05:13:57] WiFiBand.BAND_5_GHz  CHANNEL UTILIZATION:      0.44241626163764536
INFO:root:[2025-11-10 05:13:57] WiFiBand.BAND_5_GHz  INTERFERENCE:             0
INFO:root:[2025-11-10 05:13:57] WiFiBand.BAND_5_GHz  CLIENTS:                  {'AP5_48'}
INFO:root:[2025-11-10 05:13:57] WiFiBand.BAND_5_GHz  QOE:                      4.466320042132606
INFO:root:[2025-11-10 05:13:57] WiFiBand.BAND_5_GHz  TX POWER (dBm):           17.999998784356485
INFO:root:[2025-11-10 05:13:57] WiFiBand.BAND_5_GHz  CHANNEL WIDTH (MHz):      0
INFO:root:[2025-11-10 05:13:57] WiFiBand.BAND_5_GHz  INTERFERENCE WEIGHT:      1
INFO:root:[2025-11-10 05:13:57] WiFiBand.BAND_5_GHz  DFS:                      0
INFO:root:
INFO:root:--------------------------------

INFO:root:[2025-11-10 05:13:57] WiFiBand.BAND_5_GHz  BAND:                     WiFiBand.BAND_5_GHz
INFO:root:[2025-11-10 05:13:57] WiFiBand.BAND_5_GHz  CHANNEL:                  52
INFO:root:[2025-11-10 05:13:57] WiFiBand.BAND_5_GHz  NOISE FLOOR (dBm):        -94.82617321164616
INFO:root:[2025-11-10 05:13:57] WiFiBand.BAND_5_GHz  AVG CLIENT SNR (dB):      14.777425547596085
INFO:root:[2025-11-10 05:13:57] WiFiBand.BAND_5_GHz  AVG COUNT:                1
INFO:root:[2025-11-10 05:13:57] WiFiBand.BAND_5_GHz  AVG THROUGHPUT (Mbps):    98.74668930299605
INFO:root:[2025-11-10 05:13:57] WiFiBand.BAND_5_GHz  CHANNEL UTILIZATION:      0.06315107421669781
INFO:root:[2025-11-10 05:13:57] WiFiBand.BAND_5_GHz  INTERFERENCE:             0
INFO:root:[2025-11-10 05:13:57] WiFiBand.BAND_5_GHz  CLIENTS:                  {'AP5_52'}
INFO:root:[2025-11-10 05:13:57] WiFiBand.BAND_5_GHz  QOE:                      1.2815830205627738
INFO:root:[2025-11-10 05:13:57] WiFiBand.BAND_5_GHz  TX POWER (dBm):           5.7
INFO:root:[2025-11-10 05:13:57] WiFiBand.BAND_5_GHz  CHANNEL WIDTH (MHz):      0
INFO:root:[2025-11-10 05:13:57] WiFiBand.BAND_5_GHz  INTERFERENCE WEIGHT:      1
INFO:root:[2025-11-10 05:13:57] WiFiBand.BAND_5_GHz  DFS:                      1
INFO:root:
INFO:root:--------------------------------

INFO:root:[2025-11-10 05:13:57] WiFiBand.BAND_5_GHz  BAND:                     WiFiBand.BAND_5_GHz
INFO:root:[2025-11-10 05:13:57] WiFiBand.BAND_5_GHz  CHANNEL:                  56
INFO:root:[2025-11-10 05:13:57] WiFiBand.BAND_5_GHz  NOISE FLOOR (dBm):        -95
INFO:root:[2025-11-10 05:13:57] WiFiBand.BAND_5_GHz  AVG CLIENT SNR (dB):      0
INFO:root:[2025-11-10 05:13:57] WiFiBand.BAND_5_GHz  AVG COUNT:                0
INFO:root:[2025-11-10 05:13:57] WiFiBand.BAND_5_GHz  AVG THROUGHPUT (Mbps):    0
INFO:root:[2025-11-10 05:13:57] WiFiBand.BAND_5_GHz  CHANNEL UTILIZATION:      0
INFO:root:[2025-11-10 05:13:57] WiFiBand.BAND_5_GHz  INTERFERENCE:             0
INFO:root:[2025-11-10 05:13:57] WiFiBand.BAND_5_GHz  CLIENTS:                  set()
INFO:root:[2025-11-10 05:13:57] WiFiBand.BAND_5_GHz  QOE:                      0
INFO:root:[2025-11-10 05:13:57] WiFiBand.BAND_5_GHz  TX POWER (dBm):           0
INFO:root:[2025-11-10 05:13:57] WiFiBand.BAND_5_GHz  CHANNEL WIDTH (MHz):      0
INFO:root:[2025-11-10 05:13:57] WiFiBand.BAND_5_GHz  INTERFERENCE WEIGHT:      1
INFO:root:[2025-11-10 05:13:57] WiFiBand.BAND_5_GHz  DFS:                      1
INFO:root:
INFO:root:--------------------------------

INFO:root:[2025-11-10 05:13:57] WiFiBand.BAND_5_GHz  BAND:                     WiFiBand.BAND_5_GHz
INFO:root:[2025-11-10 05:13:57] WiFiBand.BAND_5_GHz  CHANNEL:                  60
INFO:root:[2025-11-10 05:13:57] WiFiBand.BAND_5_GHz  NOISE FLOOR (dBm):        -95.04357108852727
INFO:root:[2025-11-10 05:13:57] WiFiBand.BAND_5_GHz  AVG CLIENT SNR (dB):      22.922835708961088
INFO:root:[2025-11-10 05:13:57] WiFiBand.BAND_5_GHz  AVG COUNT:                2
INFO:root:[2025-11-10 05:13:57] WiFiBand.BAND_5_GHz  AVG THROUGHPUT (Mbps):    194.3383723056511
INFO:root:[2025-11-10 05:13:57] WiFiBand.BAND_5_GHz  CHANNEL UTILIZATION:      0.11003335149878418
INFO:root:[2025-11-10 05:13:57] WiFiBand.BAND_5_GHz  INTERFERENCE:             0
INFO:root:[2025-11-10 05:13:57] WiFiBand.BAND_5_GHz  CLIENTS:                  {'AP5_60'}
INFO:root:[2025-11-10 05:13:57] WiFiBand.BAND_5_GHz  QOE:                      2.3969970615201985
INFO:root:[2025-11-10 05:13:57] WiFiBand.BAND_5_GHz  TX POWER (dBm):           8.16
INFO:root:[2025-11-10 05:13:57] WiFiBand.BAND_5_GHz  CHANNEL WIDTH (MHz):      0
INFO:root:[2025-11-10 05:13:57] WiFiBand.BAND_5_GHz  INTERFERENCE WEIGHT:      1
INFO:root:[2025-11-10 05:13:57] WiFiBand.BAND_5_GHz  DFS:                      1
INFO:root:
INFO:root:--------------------------------

INFO:root:[2025-11-10 05:13:57] WiFiBand.BAND_5_GHz  BAND:                     WiFiBand.BAND_5_GHz
INFO:root:[2025-11-10 05:13:57] WiFiBand.BAND_5_GHz  CHANNEL:                  64
INFO:root:[2025-11-10 05:13:57] WiFiBand.BAND_5_GHz  NOISE FLOOR (dBm):        -94.89069073370692
INFO:root:[2025-11-10 05:13:57] WiFiBand.BAND_5_GHz  AVG CLIENT SNR (dB):      22.589907620361863
INFO:root:[2025-11-10 05:13:57] WiFiBand.BAND_5_GHz  AVG COUNT:                2
INFO:root:[2025-11-10 05:13:57] WiFiBand.BAND_5_GHz  AVG THROUGHPUT (Mbps):    167.39226375611747
INFO:root:[2025-11-10 05:13:57] WiFiBand.BAND_5_GHz  CHANNEL UTILIZATION:      0.10885306820386363
INFO:root:[2025-11-10 05:13:57] WiFiBand.BAND_5_GHz  INTERFERENCE:             0
INFO:root:[2025-11-10 05:13:57] WiFiBand.BAND_5_GHz  CLIENTS:                  {'AP5_64'}
INFO:root:[2025-11-10 05:13:57] WiFiBand.BAND_5_GHz  QOE:                      2.15862984530256
INFO:root:[2025-11-10 05:13:57] WiFiBand.BAND_5_GHz  TX POWER (dBm):           8.669999999999998
INFO:root:[2025-11-10 05:13:57] WiFiBand.BAND_5_GHz  CHANNEL WIDTH (MHz):      0
INFO:root:[2025-11-10 05:13:57] WiFiBand.BAND_5_GHz  INTERFERENCE WEIGHT:      1
INFO:root:[2025-11-10 05:13:57] WiFiBand.BAND_5_GHz  DFS:                      1
INFO:root:
INFO:root:--------------------------------

INFO:root:[2025-11-10 05:13:57] WiFiBand.BAND_5_GHz  BAND:                     WiFiBand.BAND_5_GHz
INFO:root:[2025-11-10 05:13:57] WiFiBand.BAND_5_GHz  CHANNEL:                  100
INFO:root:[2025-11-10 05:13:57] WiFiBand.BAND_5_GHz  NOISE FLOOR (dBm):        -94.65550925087466
INFO:root:[2025-11-10 05:13:57] WiFiBand.BAND_5_GHz  AVG CLIENT SNR (dB):      12.545704724622333
INFO:root:[2025-11-10 05:13:57] WiFiBand.BAND_5_GHz  AVG COUNT:                1
INFO:root:[2025-11-10 05:13:57] WiFiBand.BAND_5_GHz  AVG THROUGHPUT (Mbps):    108.20581984203338
INFO:root:[2025-11-10 05:13:57] WiFiBand.BAND_5_GHz  CHANNEL UTILIZATION:      0.08046600841408176
INFO:root:[2025-11-10 05:13:57] WiFiBand.BAND_5_GHz  INTERFERENCE:             0
INFO:root:[2025-11-10 05:13:57] WiFiBand.BAND_5_GHz  CLIENTS:                  {'AP5_100'}
INFO:root:[2025-11-10 05:13:57] WiFiBand.BAND_5_GHz  QOE:                      1.3527820089828122
INFO:root:[2025-11-10 05:13:57] WiFiBand.BAND_5_GHz  TX POWER (dBm):           4.8
INFO:root:[2025-11-10 05:13:57] WiFiBand.BAND_5_GHz  CHANNEL WIDTH (MHz):      0
INFO:root:[2025-11-10 05:13:57] WiFiBand.BAND_5_GHz  INTERFERENCE WEIGHT:      1
INFO:root:[2025-11-10 05:13:57] WiFiBand.BAND_5_GHz  DFS:                      1
INFO:root:
INFO:root:--------------------------------

INFO:root:[2025-11-10 05:13:57] WiFiBand.BAND_5_GHz  BAND:                     WiFiBand.BAND_5_GHz
INFO:root:[2025-11-10 05:13:57] WiFiBand.BAND_5_GHz  CHANNEL:                  104
INFO:root:[2025-11-10 05:13:57] WiFiBand.BAND_5_GHz  NOISE FLOOR (dBm):        -95
INFO:root:[2025-11-10 05:13:57] WiFiBand.BAND_5_GHz  AVG CLIENT SNR (dB):      0
INFO:root:[2025-11-10 05:13:57] WiFiBand.BAND_5_GHz  AVG COUNT:                0
INFO:root:[2025-11-10 05:13:57] WiFiBand.BAND_5_GHz  AVG THROUGHPUT (Mbps):    0
INFO:root:[2025-11-10 05:13:57] WiFiBand.BAND_5_GHz  CHANNEL UTILIZATION:      0
INFO:root:[2025-11-10 05:13:57] WiFiBand.BAND_5_GHz  INTERFERENCE:             0
INFO:root:[2025-11-10 05:13:57] WiFiBand.BAND_5_GHz  CLIENTS:                  set()
INFO:root:[2025-11-10 05:13:57] WiFiBand.BAND_5_GHz  QOE:                      0
INFO:root:[2025-11-10 05:13:57] WiFiBand.BAND_5_GHz  TX POWER (dBm):           0
INFO:root:[2025-11-10 05:13:57] WiFiBand.BAND_5_GHz  CHANNEL WIDTH (MHz):      0
INFO:root:[2025-11-10 05:13:57] WiFiBand.BAND_5_GHz  INTERFERENCE WEIGHT:      1
INFO:root:[2025-11-10 05:13:57] WiFiBand.BAND_5_GHz  DFS:                      1
INFO:root:
INFO:root:--------------------------------

INFO:root:[2025-11-10 05:13:57] WiFiBand.BAND_5_GHz  BAND:                     WiFiBand.BAND_5_GHz
INFO:root:[2025-11-10 05:13:57] WiFiBand.BAND_5_GHz  CHANNEL:                  108
INFO:root:[2025-11-10 05:13:57] WiFiBand.BAND_5_GHz  NOISE FLOOR (dBm):        -95
INFO:root:[2025-11-10 05:13:57] WiFiBand.BAND_5_GHz  AVG CLIENT SNR (dB):      0
INFO:root:[2025-11-10 05:13:57] WiFiBand.BAND_5_GHz  AVG COUNT:                0
INFO:root:[2025-11-10 05:13:57] WiFiBand.BAND_5_GHz  AVG THROUGHPUT (Mbps):    0
INFO:root:[2025-11-10 05:13:57] WiFiBand.BAND_5_GHz  CHANNEL UTILIZATION:      0
INFO:root:[2025-11-10 05:13:57] WiFiBand.BAND_5_GHz  INTERFERENCE:             0
INFO:root:[2025-11-10 05:13:57] WiFiBand.BAND_5_GHz  CLIENTS:                  set()
INFO:root:[2025-11-10 05:13:57] WiFiBand.BAND_5_GHz  QOE:                      0
INFO:root:[2025-11-10 05:13:57] WiFiBand.BAND_5_GHz  TX POWER (dBm):           0
INFO:root:[2025-11-10 05:13:57] WiFiBand.BAND_5_GHz  CHANNEL WIDTH (MHz):      0
INFO:root:[2025-11-10 05:13:57] WiFiBand.BAND_5_GHz  INTERFERENCE WEIGHT:      1
INFO:root:[2025-11-10 05:13:57] WiFiBand.BAND_5_GHz  DFS:                      1
INFO:root:
INFO:root:--------------------------------

INFO:root:[2025-11-10 05:13:57] WiFiBand.BAND_5_GHz  BAND:                     WiFiBand.BAND_5_GHz
INFO:root:[2025-11-10 05:13:57] WiFiBand.BAND_5_GHz  CHANNEL:                  112
INFO:root:[2025-11-10 05:13:57] WiFiBand.BAND_5_GHz  NOISE FLOOR (dBm):        -94.92768717768334
INFO:root:[2025-11-10 05:13:57] WiFiBand.BAND_5_GHz  AVG CLIENT SNR (dB):      14.407401460090052
INFO:root:[2025-11-10 05:13:57] WiFiBand.BAND_5_GHz  AVG COUNT:                1
INFO:root:[2025-11-10 05:13:57] WiFiBand.BAND_5_GHz  AVG THROUGHPUT (Mbps):    123.20206200959598
INFO:root:[2025-11-10 05:13:57] WiFiBand.BAND_5_GHz  CHANNEL UTILIZATION:      0.05748112044874627
INFO:root:[2025-11-10 05:13:57] WiFiBand.BAND_5_GHz  INTERFERENCE:             0
INFO:root:[2025-11-10 05:13:57] WiFiBand.BAND_5_GHz  CLIENTS:                  {'AP5_112'}
INFO:root:[2025-11-10 05:13:57] WiFiBand.BAND_5_GHz  QOE:                      1.4799710201018297
INFO:root:[2025-11-10 05:13:57] WiFiBand.BAND_5_GHz  TX POWER (dBm):           6.6
INFO:root:[2025-11-10 05:13:57] WiFiBand.BAND_5_GHz  CHANNEL WIDTH (MHz):      0
INFO:root:[2025-11-10 05:13:57] WiFiBand.BAND_5_GHz  INTERFERENCE WEIGHT:      1
INFO:root:[2025-11-10 05:13:57] WiFiBand.BAND_5_GHz  DFS:                      1
INFO:root:
INFO:root:--------------------------------

INFO:root:[2025-11-10 05:13:57] WiFiBand.BAND_5_GHz  BAND:                     WiFiBand.BAND_5_GHz
INFO:root:[2025-11-10 05:13:57] WiFiBand.BAND_5_GHz  CHANNEL:                  116
INFO:root:[2025-11-10 05:13:57] WiFiBand.BAND_5_GHz  NOISE FLOOR (dBm):        -93.55782183947053
INFO:root:[2025-11-10 05:13:57] WiFiBand.BAND_5_GHz  AVG CLIENT SNR (dB):      13.093172610927219
INFO:root:[2025-11-10 05:13:57] WiFiBand.BAND_5_GHz  AVG COUNT:                1
INFO:root:[2025-11-10 05:13:57] WiFiBand.BAND_5_GHz  AVG THROUGHPUT (Mbps):    150.29608377503848
INFO:root:[2025-11-10 05:13:57] WiFiBand.BAND_5_GHz  CHANNEL UTILIZATION:      0.06960786388400139
INFO:root:[2025-11-10 05:13:57] WiFiBand.BAND_5_GHz  INTERFERENCE:             0
INFO:root:[2025-11-10 05:13:57] WiFiBand.BAND_5_GHz  CLIENTS:                  {'AP5_116'}
INFO:root:[2025-11-10 05:13:57] WiFiBand.BAND_5_GHz  QOE:                      1.1818797182395537
INFO:root:[2025-11-10 05:13:57] WiFiBand.BAND_5_GHz  TX POWER (dBm):           6.6
INFO:root:[2025-11-10 05:13:57] WiFiBand.BAND_5_GHz  CHANNEL WIDTH (MHz):      0
INFO:root:[2025-11-10 05:13:57] WiFiBand.BAND_5_GHz  INTERFERENCE WEIGHT:      1
INFO:root:[2025-11-10 05:13:57] WiFiBand.BAND_5_GHz  DFS:                      1
INFO:root:
INFO:root:--------------------------------

INFO:root:[2025-11-10 05:13:57] WiFiBand.BAND_5_GHz  BAND:                     WiFiBand.BAND_5_GHz
INFO:root:[2025-11-10 05:13:57] WiFiBand.BAND_5_GHz  CHANNEL:                  120
INFO:root:[2025-11-10 05:13:57] WiFiBand.BAND_5_GHz  NOISE FLOOR (dBm):        -94.54973971661687
INFO:root:[2025-11-10 05:13:57] WiFiBand.BAND_5_GHz  AVG CLIENT SNR (dB):      20.726447248109118
INFO:root:[2025-11-10 05:13:57] WiFiBand.BAND_5_GHz  AVG COUNT:                2
INFO:root:[2025-11-10 05:13:57] WiFiBand.BAND_5_GHz  AVG THROUGHPUT (Mbps):    203.70569485394242
INFO:root:[2025-11-10 05:13:57] WiFiBand.BAND_5_GHz  CHANNEL UTILIZATION:      0.11165025557118498
INFO:root:[2025-11-10 05:13:57] WiFiBand.BAND_5_GHz  INTERFERENCE:             0
INFO:root:[2025-11-10 05:13:57] WiFiBand.BAND_5_GHz  CLIENTS:                  {'AP5_120'}
INFO:root:[2025-11-10 05:13:57] WiFiBand.BAND_5_GHz  QOE:                      2.487522393958336
INFO:root:[2025-11-10 05:13:57] WiFiBand.BAND_5_GHz  TX POWER (dBm):           7.65
INFO:root:[2025-11-10 05:13:57] WiFiBand.BAND_5_GHz  CHANNEL WIDTH (MHz):      0
INFO:root:[2025-11-10 05:13:57] WiFiBand.BAND_5_GHz  INTERFERENCE WEIGHT:      1
INFO:root:[2025-11-10 05:13:57] WiFiBand.BAND_5_GHz  DFS:                      1
INFO:root:
INFO:root:--------------------------------

INFO:root:[2025-11-10 05:13:57] WiFiBand.BAND_5_GHz  BAND:                     WiFiBand.BAND_5_GHz
INFO:root:[2025-11-10 05:13:57] WiFiBand.BAND_5_GHz  CHANNEL:                  124
INFO:root:[2025-11-10 05:13:57] WiFiBand.BAND_5_GHz  NOISE FLOOR (dBm):        -94.24380682922
INFO:root:[2025-11-10 05:13:57] WiFiBand.BAND_5_GHz  AVG CLIENT SNR (dB):      41.79705901065823
INFO:root:[2025-11-10 05:13:57] WiFiBand.BAND_5_GHz  AVG COUNT:                7
INFO:root:[2025-11-10 05:13:57] WiFiBand.BAND_5_GHz  AVG THROUGHPUT (Mbps):    332.11688456764097
INFO:root:[2025-11-10 05:13:57] WiFiBand.BAND_5_GHz  CHANNEL UTILIZATION:      0.21140693227436969
INFO:root:[2025-11-10 05:13:57] WiFiBand.BAND_5_GHz  INTERFERENCE:             0
INFO:root:[2025-11-10 05:13:57] WiFiBand.BAND_5_GHz  CLIENTS:                  {'AP5_124'}
INFO:root:[2025-11-10 05:13:57] WiFiBand.BAND_5_GHz  QOE:                      4.1518714666791805
INFO:root:[2025-11-10 05:13:57] WiFiBand.BAND_5_GHz  TX POWER (dBm):           18.19925
INFO:root:[2025-11-10 05:13:57] WiFiBand.BAND_5_GHz  CHANNEL WIDTH (MHz):      0
INFO:root:[2025-11-10 05:13:57] WiFiBand.BAND_5_GHz  INTERFERENCE WEIGHT:      1
INFO:root:[2025-11-10 05:13:57] WiFiBand.BAND_5_GHz  DFS:                      1
INFO:root:
INFO:root:--------------------------------

INFO:root:[2025-11-10 05:13:57] WiFiBand.BAND_5_GHz  BAND:                     WiFiBand.BAND_5_GHz
INFO:root:[2025-11-10 05:13:57] WiFiBand.BAND_5_GHz  CHANNEL:                  128
INFO:root:[2025-11-10 05:13:57] WiFiBand.BAND_5_GHz  NOISE FLOOR (dBm):        -95
INFO:root:[2025-11-10 05:13:57] WiFiBand.BAND_5_GHz  AVG CLIENT SNR (dB):      0
INFO:root:[2025-11-10 05:13:57] WiFiBand.BAND_5_GHz  AVG COUNT:                0
INFO:root:[2025-11-10 05:13:57] WiFiBand.BAND_5_GHz  AVG THROUGHPUT (Mbps):    0
INFO:root:[2025-11-10 05:13:57] WiFiBand.BAND_5_GHz  CHANNEL UTILIZATION:      0
INFO:root:[2025-11-10 05:13:57] WiFiBand.BAND_5_GHz  INTERFERENCE:             0
INFO:root:[2025-11-10 05:13:57] WiFiBand.BAND_5_GHz  CLIENTS:                  set()
INFO:root:[2025-11-10 05:13:57] WiFiBand.BAND_5_GHz  QOE:                      0
INFO:root:[2025-11-10 05:13:57] WiFiBand.BAND_5_GHz  TX POWER (dBm):           0
INFO:root:[2025-11-10 05:13:57] WiFiBand.BAND_5_GHz  CHANNEL WIDTH (MHz):      0
INFO:root:[2025-11-10 05:13:57] WiFiBand.BAND_5_GHz  INTERFERENCE WEIGHT:      1
INFO:root:[2025-11-10 05:13:57] WiFiBand.BAND_5_GHz  DFS:                      1
INFO:root:
INFO:root:--------------------------------

INFO:root:[2025-11-10 05:13:57] WiFiBand.BAND_5_GHz  BAND:                     WiFiBand.BAND_5_GHz
INFO:root:[2025-11-10 05:13:57] WiFiBand.BAND_5_GHz  CHANNEL:                  132
INFO:root:[2025-11-10 05:13:57] WiFiBand.BAND_5_GHz  NOISE FLOOR (dBm):        -95
INFO:root:[2025-11-10 05:13:57] WiFiBand.BAND_5_GHz  AVG CLIENT SNR (dB):      0
INFO:root:[2025-11-10 05:13:57] WiFiBand.BAND_5_GHz  AVG COUNT:                0
INFO:root:[2025-11-10 05:13:57] WiFiBand.BAND_5_GHz  AVG THROUGHPUT (Mbps):    0
INFO:root:[2025-11-10 05:13:57] WiFiBand.BAND_5_GHz  CHANNEL UTILIZATION:      0
INFO:root:[2025-11-10 05:13:57] WiFiBand.BAND_5_GHz  INTERFERENCE:             0
INFO:root:[2025-11-10 05:13:57] WiFiBand.BAND_5_GHz  CLIENTS:                  set()
INFO:root:[2025-11-10 05:13:57] WiFiBand.BAND_5_GHz  QOE:                      0
INFO:root:[2025-11-10 05:13:57] WiFiBand.BAND_5_GHz  TX POWER (dBm):           0
INFO:root:[2025-11-10 05:13:57] WiFiBand.BAND_5_GHz  CHANNEL WIDTH (MHz):      0
INFO:root:[2025-11-10 05:13:57] WiFiBand.BAND_5_GHz  INTERFERENCE WEIGHT:      1
INFO:root:[2025-11-10 05:13:57] WiFiBand.BAND_5_GHz  DFS:                      1
INFO:root:
INFO:root:--------------------------------

INFO:root:[2025-11-10 05:13:57] WiFiBand.BAND_5_GHz  BAND:                     WiFiBand.BAND_5_GHz
INFO:root:[2025-11-10 05:13:57] WiFiBand.BAND_5_GHz  CHANNEL:                  136
INFO:root:[2025-11-10 05:13:57] WiFiBand.BAND_5_GHz  NOISE FLOOR (dBm):        -95
INFO:root:[2025-11-10 05:13:57] WiFiBand.BAND_5_GHz  AVG CLIENT SNR (dB):      0
INFO:root:[2025-11-10 05:13:57] WiFiBand.BAND_5_GHz  AVG COUNT:                0
INFO:root:[2025-11-10 05:13:57] WiFiBand.BAND_5_GHz  AVG THROUGHPUT (Mbps):    0
INFO:root:[2025-11-10 05:13:57] WiFiBand.BAND_5_GHz  CHANNEL UTILIZATION:      0
INFO:root:[2025-11-10 05:13:57] WiFiBand.BAND_5_GHz  INTERFERENCE:             0
INFO:root:[2025-11-10 05:13:57] WiFiBand.BAND_5_GHz  CLIENTS:                  set()
INFO:root:[2025-11-10 05:13:57] WiFiBand.BAND_5_GHz  QOE:                      0
INFO:root:[2025-11-10 05:13:57] WiFiBand.BAND_5_GHz  TX POWER (dBm):           0
INFO:root:[2025-11-10 05:13:57] WiFiBand.BAND_5_GHz  CHANNEL WIDTH (MHz):      0
INFO:root:[2025-11-10 05:13:57] WiFiBand.BAND_5_GHz  INTERFERENCE WEIGHT:      1
INFO:root:[2025-11-10 05:13:57] WiFiBand.BAND_5_GHz  DFS:                      1
INFO:root:
INFO:root:--------------------------------

INFO:root:[2025-11-10 05:13:57] WiFiBand.BAND_5_GHz  BAND:                     WiFiBand.BAND_5_GHz
INFO:root:[2025-11-10 05:13:57] WiFiBand.BAND_5_GHz  CHANNEL:                  140
INFO:root:[2025-11-10 05:13:57] WiFiBand.BAND_5_GHz  NOISE FLOOR (dBm):        -95
INFO:root:[2025-11-10 05:13:57] WiFiBand.BAND_5_GHz  AVG CLIENT SNR (dB):      0
INFO:root:[2025-11-10 05:13:57] WiFiBand.BAND_5_GHz  AVG COUNT:                0
INFO:root:[2025-11-10 05:13:57] WiFiBand.BAND_5_GHz  AVG THROUGHPUT (Mbps):    0
INFO:root:[2025-11-10 05:13:57] WiFiBand.BAND_5_GHz  CHANNEL UTILIZATION:      0
INFO:root:[2025-11-10 05:13:57] WiFiBand.BAND_5_GHz  INTERFERENCE:             0
INFO:root:[2025-11-10 05:13:57] WiFiBand.BAND_5_GHz  CLIENTS:                  set()
INFO:root:[2025-11-10 05:13:57] WiFiBand.BAND_5_GHz  QOE:                      0
INFO:root:[2025-11-10 05:13:57] WiFiBand.BAND_5_GHz  TX POWER (dBm):           0
INFO:root:[2025-11-10 05:13:57] WiFiBand.BAND_5_GHz  CHANNEL WIDTH (MHz):      0
INFO:root:[2025-11-10 05:13:57] WiFiBand.BAND_5_GHz  INTERFERENCE WEIGHT:      1
INFO:root:[2025-11-10 05:13:57] WiFiBand.BAND_5_GHz  DFS:                      1
INFO:root:
INFO:root:--------------------------------

INFO:root:[2025-11-10 05:13:57] WiFiBand.BAND_5_GHz  BAND:                     WiFiBand.BAND_5_GHz
INFO:root:[2025-11-10 05:13:57] WiFiBand.BAND_5_GHz  CHANNEL:                  144
INFO:root:[2025-11-10 05:13:57] WiFiBand.BAND_5_GHz  NOISE FLOOR (dBm):        -95
INFO:root:[2025-11-10 05:13:57] WiFiBand.BAND_5_GHz  AVG CLIENT SNR (dB):      0
INFO:root:[2025-11-10 05:13:57] WiFiBand.BAND_5_GHz  AVG COUNT:                0
INFO:root:[2025-11-10 05:13:57] WiFiBand.BAND_5_GHz  AVG THROUGHPUT (Mbps):    0
INFO:root:[2025-11-10 05:13:57] WiFiBand.BAND_5_GHz  CHANNEL UTILIZATION:      0
INFO:root:[2025-11-10 05:13:57] WiFiBand.BAND_5_GHz  INTERFERENCE:             0
INFO:root:[2025-11-10 05:13:57] WiFiBand.BAND_5_GHz  CLIENTS:                  set()
INFO:root:[2025-11-10 05:13:57] WiFiBand.BAND_5_GHz  QOE:                      0
INFO:root:[2025-11-10 05:13:57] WiFiBand.BAND_5_GHz  TX POWER (dBm):           0
INFO:root:[2025-11-10 05:13:57] WiFiBand.BAND_5_GHz  CHANNEL WIDTH (MHz):      0
INFO:root:[2025-11-10 05:13:57] WiFiBand.BAND_5_GHz  INTERFERENCE WEIGHT:      1
INFO:root:[2025-11-10 05:13:57] WiFiBand.BAND_5_GHz  DFS:                      1
INFO:root:
INFO:root:--------------------------------

INFO:root:[2025-11-10 05:13:57] WiFiBand.BAND_5_GHz  BAND:                     WiFiBand.BAND_5_GHz
INFO:root:[2025-11-10 05:13:57] WiFiBand.BAND_5_GHz  CHANNEL:                  149
INFO:root:[2025-11-10 05:13:57] WiFiBand.BAND_5_GHz  NOISE FLOOR (dBm):        -95
INFO:root:[2025-11-10 05:13:57] WiFiBand.BAND_5_GHz  AVG CLIENT SNR (dB):      0
INFO:root:[2025-11-10 05:13:57] WiFiBand.BAND_5_GHz  AVG COUNT:                0
INFO:root:[2025-11-10 05:13:57] WiFiBand.BAND_5_GHz  AVG THROUGHPUT (Mbps):    0
INFO:root:[2025-11-10 05:13:57] WiFiBand.BAND_5_GHz  CHANNEL UTILIZATION:      0
INFO:root:[2025-11-10 05:13:57] WiFiBand.BAND_5_GHz  INTERFERENCE:             0
INFO:root:[2025-11-10 05:13:57] WiFiBand.BAND_5_GHz  CLIENTS:                  set()
INFO:root:[2025-11-10 05:13:57] WiFiBand.BAND_5_GHz  QOE:                      0
INFO:root:[2025-11-10 05:13:57] WiFiBand.BAND_5_GHz  TX POWER (dBm):           0
INFO:root:[2025-11-10 05:13:57] WiFiBand.BAND_5_GHz  CHANNEL WIDTH (MHz):      0
INFO:root:[2025-11-10 05:13:57] WiFiBand.BAND_5_GHz  INTERFERENCE WEIGHT:      1
INFO:root:[2025-11-10 05:13:57] WiFiBand.BAND_5_GHz  DFS:                      0
INFO:root:
INFO:root:--------------------------------

INFO:root:[2025-11-10 05:13:57] WiFiBand.BAND_5_GHz  BAND:                     WiFiBand.BAND_5_GHz
INFO:root:[2025-11-10 05:13:57] WiFiBand.BAND_5_GHz  CHANNEL:                  153
INFO:root:[2025-11-10 05:13:57] WiFiBand.BAND_5_GHz  NOISE FLOOR (dBm):        -95
INFO:root:[2025-11-10 05:13:57] WiFiBand.BAND_5_GHz  AVG CLIENT SNR (dB):      0
INFO:root:[2025-11-10 05:13:57] WiFiBand.BAND_5_GHz  AVG COUNT:                0
INFO:root:[2025-11-10 05:13:57] WiFiBand.BAND_5_GHz  AVG THROUGHPUT (Mbps):    0
INFO:root:[2025-11-10 05:13:57] WiFiBand.BAND_5_GHz  CHANNEL UTILIZATION:      0
INFO:root:[2025-11-10 05:13:57] WiFiBand.BAND_5_GHz  INTERFERENCE:             0
INFO:root:[2025-11-10 05:13:57] WiFiBand.BAND_5_GHz  CLIENTS:                  set()
INFO:root:[2025-11-10 05:13:57] WiFiBand.BAND_5_GHz  QOE:                      0
INFO:root:[2025-11-10 05:13:57] WiFiBand.BAND_5_GHz  TX POWER (dBm):           0
INFO:root:[2025-11-10 05:13:57] WiFiBand.BAND_5_GHz  CHANNEL WIDTH (MHz):      0
INFO:root:[2025-11-10 05:13:57] WiFiBand.BAND_5_GHz  INTERFERENCE WEIGHT:      1
INFO:root:[2025-11-10 05:13:57] WiFiBand.BAND_5_GHz  DFS:                      0
INFO:root:
INFO:root:--------------------------------

INFO:root:[2025-11-10 05:13:57] WiFiBand.BAND_5_GHz  BAND:                     WiFiBand.BAND_5_GHz
INFO:root:[2025-11-10 05:13:57] WiFiBand.BAND_5_GHz  CHANNEL:                  157
INFO:root:[2025-11-10 05:13:57] WiFiBand.BAND_5_GHz  NOISE FLOOR (dBm):        -95
INFO:root:[2025-11-10 05:13:57] WiFiBand.BAND_5_GHz  AVG CLIENT SNR (dB):      0
INFO:root:[2025-11-10 05:13:57] WiFiBand.BAND_5_GHz  AVG COUNT:                0
INFO:root:[2025-11-10 05:13:57] WiFiBand.BAND_5_GHz  AVG THROUGHPUT (Mbps):    0
INFO:root:[2025-11-10 05:13:57] WiFiBand.BAND_5_GHz  CHANNEL UTILIZATION:      0
INFO:root:[2025-11-10 05:13:57] WiFiBand.BAND_5_GHz  INTERFERENCE:             0
INFO:root:[2025-11-10 05:13:57] WiFiBand.BAND_5_GHz  CLIENTS:                  set()
INFO:root:[2025-11-10 05:13:57] WiFiBand.BAND_5_GHz  QOE:                      0
INFO:root:[2025-11-10 05:13:57] WiFiBand.BAND_5_GHz  TX POWER (dBm):           0
INFO:root:[2025-11-10 05:13:57] WiFiBand.BAND_5_GHz  CHANNEL WIDTH (MHz):      0
INFO:root:[2025-11-10 05:13:57] WiFiBand.BAND_5_GHz  INTERFERENCE WEIGHT:      1
INFO:root:[2025-11-10 05:13:57] WiFiBand.BAND_5_GHz  DFS:                      0
INFO:root:
INFO:root:--------------------------------

INFO:root:[2025-11-10 05:13:57] WiFiBand.BAND_5_GHz  BAND:                     WiFiBand.BAND_5_GHz
INFO:root:[2025-11-10 05:13:57] WiFiBand.BAND_5_GHz  CHANNEL:                  161
INFO:root:[2025-11-10 05:13:57] WiFiBand.BAND_5_GHz  NOISE FLOOR (dBm):        -95
INFO:root:[2025-11-10 05:13:57] WiFiBand.BAND_5_GHz  AVG CLIENT SNR (dB):      0
INFO:root:[2025-11-10 05:13:57] WiFiBand.BAND_5_GHz  AVG COUNT:                0
INFO:root:[2025-11-10 05:13:57] WiFiBand.BAND_5_GHz  AVG THROUGHPUT (Mbps):    0
INFO:root:[2025-11-10 05:13:57] WiFiBand.BAND_5_GHz  CHANNEL UTILIZATION:      0
INFO:root:[2025-11-10 05:13:57] WiFiBand.BAND_5_GHz  INTERFERENCE:             0
INFO:root:[2025-11-10 05:13:57] WiFiBand.BAND_5_GHz  CLIENTS:                  set()
INFO:root:[2025-11-10 05:13:57] WiFiBand.BAND_5_GHz  QOE:                      0
INFO:root:[2025-11-10 05:13:57] WiFiBand.BAND_5_GHz  TX POWER (dBm):           0
INFO:root:[2025-11-10 05:13:57] WiFiBand.BAND_5_GHz  CHANNEL WIDTH (MHz):      0
INFO:root:[2025-11-10 05:13:57] WiFiBand.BAND_5_GHz  INTERFERENCE WEIGHT:      1
INFO:root:[2025-11-10 05:13:57] WiFiBand.BAND_5_GHz  DFS:                      0
INFO:root:
INFO:root:[INFO] All channel metrics saved to metrics.json
INFO:root:Scanning channels...
INFO:root:For 2_4GHz...
INFO:root:Noisiest 2_4GHz channel... 2
INFO:root:--------------------------------

INFO:root:[2025-11-10 05:13:59] WiFiBand.BAND_2_4_GHz  BAND:                     WiFiBand.BAND_2_4_GHz
INFO:root:[2025-11-10 05:13:59] WiFiBand.BAND_2_4_GHz  CHANNEL:                  2
INFO:root:[2025-11-10 05:13:59] WiFiBand.BAND_2_4_GHz  NOISE FLOOR (dBm):        -94.9879094435747
INFO:root:[2025-11-10 05:13:59] WiFiBand.BAND_2_4_GHz  AVG CLIENT SNR (dB):      51.06503906948076
INFO:root:[2025-11-10 05:13:59] WiFiBand.BAND_2_4_GHz  AVG COUNT:                8640
INFO:root:[2025-11-10 05:13:59] WiFiBand.BAND_2_4_GHz  AVG THROUGHPUT (Mbps):    59.20625305310319
INFO:root:[2025-11-10 05:13:59] WiFiBand.BAND_2_4_GHz  CHANNEL UTILIZATION:      0.4718404678276779
INFO:root:[2025-11-10 05:13:59] WiFiBand.BAND_2_4_GHz  INTERFERENCE:             4334
INFO:root:[2025-11-10 05:13:59] WiFiBand.BAND_2_4_GHz  CLIENTS:                  {'AP24_2'}
INFO:root:[2025-11-10 05:13:59] WiFiBand.BAND_2_4_GHz  QOE:                      4.47549742443073
INFO:root:[2025-11-10 05:13:59] WiFiBand.BAND_2_4_GHz  TX POWER (dBm):           16.999998851892144
INFO:root:[2025-11-10 05:13:59] WiFiBand.BAND_2_4_GHz  CHANNEL WIDTH (MHz):      0
INFO:root:[2025-11-10 05:13:59] WiFiBand.BAND_2_4_GHz  INTERFERENCE WEIGHT:      1
INFO:root:[2025-11-10 05:13:59] WiFiBand.BAND_2_4_GHz  DFS:                      0
INFO:root:
WARNING:root:[ALERT][2025-11-10 05:13:59][Channel 2] Sudden change in P95_retry: 15.36 (avg=20.32, dev=24.4%)
WARNING:root:[ALERT][2025-11-10 05:13:59][Channel 2] Sudden change in P95_PER: 0.01 (avg=0.01, dev=42.2%)
WARNING:root:[CUSUM ALERT][2025-11-10 05:13:59][Channel 2] Throughput ↑ shift detected! deviation=2.77
WARNING:root:[CUSUM ALERT][2025-11-10 05:13:59][Channel 2] SNR ↑ shift detected! deviation=2.54
WARNING:root:[CUSUM ALERT][2025-11-10 05:13:59][Channel 2] NoiseFloor ↑ shift detected! deviation=3.10
INFO:root:Scanning channels...
INFO:root:For 5GHz...
INFO:root:Noisiest 5GHz channel... 128
INFO:root:--------------------------------

INFO:root:[2025-11-10 05:13:59] WiFiBand.BAND_5_GHz  BAND:                     WiFiBand.BAND_5_GHz
INFO:root:[2025-11-10 05:13:59] WiFiBand.BAND_5_GHz  CHANNEL:                  128
INFO:root:[2025-11-10 05:13:59] WiFiBand.BAND_5_GHz  NOISE FLOOR (dBm):        -95
INFO:root:[2025-11-10 05:13:59] WiFiBand.BAND_5_GHz  AVG CLIENT SNR (dB):      0
INFO:root:[2025-11-10 05:13:59] WiFiBand.BAND_5_GHz  AVG COUNT:                0
INFO:root:[2025-11-10 05:13:59] WiFiBand.BAND_5_GHz  AVG THROUGHPUT (Mbps):    0
INFO:root:[2025-11-10 05:13:59] WiFiBand.BAND_5_GHz  CHANNEL UTILIZATION:      0
INFO:root:[2025-11-10 05:13:59] WiFiBand.BAND_5_GHz  INTERFERENCE:             0
INFO:root:[2025-11-10 05:13:59] WiFiBand.BAND_5_GHz  CLIENTS:                  set()
INFO:root:[2025-11-10 05:13:59] WiFiBand.BAND_5_GHz  QOE:                      0
INFO:root:[2025-11-10 05:13:59] WiFiBand.BAND_5_GHz  TX POWER (dBm):           0
INFO:root:[2025-11-10 05:13:59] WiFiBand.BAND_5_GHz  CHANNEL WIDTH (MHz):      0
INFO:root:[2025-11-10 05:13:59] WiFiBand.BAND_5_GHz  INTERFERENCE WEIGHT:      1
INFO:root:[2025-11-10 05:13:59] WiFiBand.BAND_5_GHz  DFS:                      1
INFO:root:
WARNING:root:[ALERT][2025-11-10 05:13:59][Channel 128] Sudden change in SNR: 45.84 (avg=13.75, dev=233.3%)
WARNING:root:[ALERT][2025-11-10 05:13:59][Channel 128] Sudden change in TX_power: 21.00 (avg=6.30, dev=233.3%)
WARNING:root:[ALERT][2025-11-10 05:13:59][Channel 128] Sudden change in Throughput: 345.57 (avg=103.67, dev=233.3%)
WARNING:root:[ALERT][2025-11-10 05:13:59][Channel 128] Sudden change in QoE: 4.42 (avg=1.33, dev=233.3%)
WARNING:root:[ALERT][2025-11-10 05:13:59][Channel 128] Sudden change in P95_retry: 21.33 (avg=6.40, dev=233.3%)
WARNING:root:[ALERT][2025-11-10 05:13:59][Channel 128] Sudden change in P95_PER: 0.03 (avg=0.01, dev=233.3%)
WARNING:root:[CUSUM ALERT][2025-11-10 05:13:59][Channel 128] SNR ↑ shift detected! deviation=32.09
WARNING:root:[CUSUM ALERT][2025-11-10 05:13:59][Channel 128] TX_power ↑ shift detected! deviation=14.70
WARNING:root:[CUSUM ALERT][2025-11-10 05:13:59][Channel 128] Throughput ↑ shift detected! deviation=241.90
WARNING:root:[CUSUM ALERT][2025-11-10 05:13:59][Channel 128] P95_retry ↑ shift detected! deviation=14.93
WARNING:root:[ALERT][2025-11-10 05:13:59][Channel 128] Sudden change in QoE: 4.58 (avg=2.30, dev=98.9%)
WARNING:root:DFS Radar detected...
WARNING:root:DFS detected on channel 15...
INFO:root:[Timer Started] Channel 128
INFO:root:Initiating Sensing Orchestra...
WARNING:root:Might implement 6GHz in future...
INFO:root:Creating band: WiFiBand.BAND_2_4_GHz channel : 1
INFO:root:Creating band: WiFiBand.BAND_2_4_GHz channel : 2
INFO:root:Creating band: WiFiBand.BAND_2_4_GHz channel : 3
INFO:root:Creating band: WiFiBand.BAND_2_4_GHz channel : 4
INFO:root:Creating band: WiFiBand.BAND_2_4_GHz channel : 5
INFO:root:Creating band: WiFiBand.BAND_2_4_GHz channel : 6
INFO:root:Creating band: WiFiBand.BAND_2_4_GHz channel : 7
INFO:root:Creating band: WiFiBand.BAND_2_4_GHz channel : 8
INFO:root:Creating band: WiFiBand.BAND_2_4_GHz channel : 9
INFO:root:Creating band: WiFiBand.BAND_2_4_GHz channel : 10
INFO:root:Creating band: WiFiBand.BAND_2_4_GHz channel : 11
INFO:root:Creating band: WiFiBand.BAND_2_4_GHz channel : 12
INFO:root:Creating band: WiFiBand.BAND_2_4_GHz channel : 13
INFO:root:Creating band: WiFiBand.BAND_2_4_GHz channel : 14
INFO:root:Creating band: WiFiBand.BAND_5_GHz channel : 36
INFO:root:Creating band: WiFiBand.BAND_5_GHz channel : 40
INFO:root:Creating band: WiFiBand.BAND_5_GHz channel : 44
INFO:root:Creating band: WiFiBand.BAND_5_GHz channel : 48
INFO:root:Creating band: WiFiBand.BAND_5_GHz channel : 52
INFO:root:Creating band: WiFiBand.BAND_5_GHz channel : 56
INFO:root:Creating band: WiFiBand.BAND_5_GHz channel : 60
INFO:root:Creating band: WiFiBand.BAND_5_GHz channel : 64
INFO:root:Creating band: WiFiBand.BAND_5_GHz channel : 100
INFO:root:Creating band: WiFiBand.BAND_5_GHz channel : 104
INFO:root:Creating band: WiFiBand.BAND_5_GHz channel : 108
INFO:root:Creating band: WiFiBand.BAND_5_GHz channel : 112
INFO:root:Creating band: WiFiBand.BAND_5_GHz channel : 116
INFO:root:Creating band: WiFiBand.BAND_5_GHz channel : 120
INFO:root:Creating band: WiFiBand.BAND_5_GHz channel : 124
INFO:root:Creating band: WiFiBand.BAND_5_GHz channel : 128
INFO:root:Creating band: WiFiBand.BAND_5_GHz channel : 132
INFO:root:Creating band: WiFiBand.BAND_5_GHz channel : 136
INFO:root:Creating band: WiFiBand.BAND_5_GHz channel : 140
INFO:root:Creating band: WiFiBand.BAND_5_GHz channel : 144
INFO:root:Creating band: WiFiBand.BAND_5_GHz channel : 149
INFO:root:Creating band: WiFiBand.BAND_5_GHz channel : 153
INFO:root:Creating band: WiFiBand.BAND_5_GHz channel : 157
INFO:root:Creating band: WiFiBand.BAND_5_GHz channel : 161
INFO:root:Initiating MAB...
INFO:root:Initiating MAB...
INFO:root:Serving Client Request...
INFO:root:Scanning channels...
INFO:root:For 2_4GHz...
INFO:root:Noisiest 2_4GHz channel... 1
INFO:root:--------------------------------

INFO:root:[2025-11-10 05:17:03] WiFiBand.BAND_2_4_GHz  BAND:                     WiFiBand.BAND_2_4_GHz
INFO:root:[2025-11-10 05:17:03] WiFiBand.BAND_2_4_GHz  CHANNEL:                  1
INFO:root:[2025-11-10 05:17:03] WiFiBand.BAND_2_4_GHz  NOISE FLOOR (dBm):        -95
INFO:root:[2025-11-10 05:17:03] WiFiBand.BAND_2_4_GHz  AVG CLIENT SNR (dB):      0
INFO:root:[2025-11-10 05:17:03] WiFiBand.BAND_2_4_GHz  AVG COUNT:                0
INFO:root:[2025-11-10 05:17:03] WiFiBand.BAND_2_4_GHz  AVG THROUGHPUT (Mbps):    0
INFO:root:[2025-11-10 05:17:03] WiFiBand.BAND_2_4_GHz  CHANNEL UTILIZATION:      0
INFO:root:[2025-11-10 05:17:03] WiFiBand.BAND_2_4_GHz  INTERFERENCE:             0
INFO:root:[2025-11-10 05:17:03] WiFiBand.BAND_2_4_GHz  CLIENTS:                  set()
INFO:root:[2025-11-10 05:17:03] WiFiBand.BAND_2_4_GHz  QOE:                      0
INFO:root:[2025-11-10 05:17:03] WiFiBand.BAND_2_4_GHz  TX POWER (dBm):           0
INFO:root:[2025-11-10 05:17:03] WiFiBand.BAND_2_4_GHz  CHANNEL WIDTH (MHz):      0
INFO:root:[2025-11-10 05:17:03] WiFiBand.BAND_2_4_GHz  INTERFERENCE WEIGHT:      1
INFO:root:[2025-11-10 05:17:03] WiFiBand.BAND_2_4_GHz  DFS:                      0
INFO:root:
WARNING:root:[ALERT][2025-11-10 05:17:03][Channel 1] Sudden change in SNR: 54.82 (avg=16.45, dev=233.3%)
WARNING:root:[ALERT][2025-11-10 05:17:03][Channel 1] Sudden change in TX_power: 20.00 (avg=6.00, dev=233.3%)
WARNING:root:[ALERT][2025-11-10 05:17:03][Channel 1] Sudden change in Throughput: 51.89 (avg=15.57, dev=233.3%)
WARNING:root:[ALERT][2025-11-10 05:17:03][Channel 1] Sudden change in QoE: 4.11 (avg=1.23, dev=233.3%)
WARNING:root:[ALERT][2025-11-10 05:17:03][Channel 1] Sudden change in P95_retry: 32.25 (avg=9.67, dev=233.3%)
WARNING:root:[ALERT][2025-11-10 05:17:03][Channel 1] Sudden change in P95_PER: 0.00 (avg=0.00, dev=233.3%)
WARNING:root:[CUSUM ALERT][2025-11-10 05:17:03][Channel 1] SNR ↑ shift detected! deviation=38.38
WARNING:root:[CUSUM ALERT][2025-11-10 05:17:03][Channel 1] TX_power ↑ shift detected! deviation=14.00
WARNING:root:[CUSUM ALERT][2025-11-10 05:17:03][Channel 1] Throughput ↑ shift detected! deviation=36.33
WARNING:root:[CUSUM ALERT][2025-11-10 05:17:03][Channel 1] P95_retry ↑ shift detected! deviation=22.57
WARNING:root:[ALERT][2025-11-10 05:17:03][Channel 1] Sudden change in QoE: 4.58 (avg=2.23, dev=104.8%)
WARNING:root:[ALERT][2025-11-10 05:17:03][Channel 1] Sudden change in P95_PER: 0.00 (avg=0.00, dev=119.4%)
WARNING:root:[CUSUM ALERT][2025-11-10 05:17:03][Channel 1] NoiseFloor ↓ shift detected! deviation=-3.04
INFO:root:Scanning channels...
INFO:root:For 5GHz...
INFO:root:Noisiest 5GHz channel... 36
INFO:root:--------------------------------

INFO:root:[2025-11-10 05:17:03] WiFiBand.BAND_5_GHz  BAND:                     WiFiBand.BAND_5_GHz
INFO:root:[2025-11-10 05:17:03] WiFiBand.BAND_5_GHz  CHANNEL:                  36
INFO:root:[2025-11-10 05:17:03] WiFiBand.BAND_5_GHz  NOISE FLOOR (dBm):        -95
INFO:root:[2025-11-10 05:17:03] WiFiBand.BAND_5_GHz  AVG CLIENT SNR (dB):      0
INFO:root:[2025-11-10 05:17:03] WiFiBand.BAND_5_GHz  AVG COUNT:                0
INFO:root:[2025-11-10 05:17:03] WiFiBand.BAND_5_GHz  AVG THROUGHPUT (Mbps):    0
INFO:root:[2025-11-10 05:17:03] WiFiBand.BAND_5_GHz  CHANNEL UTILIZATION:      0
INFO:root:[2025-11-10 05:17:03] WiFiBand.BAND_5_GHz  INTERFERENCE:             0
INFO:root:[2025-11-10 05:17:03] WiFiBand.BAND_5_GHz  CLIENTS:                  set()
INFO:root:[2025-11-10 05:17:03] WiFiBand.BAND_5_GHz  QOE:                      0
INFO:root:[2025-11-10 05:17:03] WiFiBand.BAND_5_GHz  TX POWER (dBm):           0
INFO:root:[2025-11-10 05:17:03] WiFiBand.BAND_5_GHz  CHANNEL WIDTH (MHz):      0
INFO:root:[2025-11-10 05:17:03] WiFiBand.BAND_5_GHz  INTERFERENCE WEIGHT:      1
INFO:root:[2025-11-10 05:17:03] WiFiBand.BAND_5_GHz  DFS:                      0
INFO:root:
WARNING:root:[ALERT][2025-11-10 05:17:03][Channel 36] Sudden change in SNR: 46.81 (avg=14.04, dev=233.3%)
WARNING:root:[ALERT][2025-11-10 05:17:03][Channel 36] Sudden change in TX_power: 21.00 (avg=6.30, dev=233.3%)
WARNING:root:[ALERT][2025-11-10 05:17:03][Channel 36] Sudden change in Throughput: 298.10 (avg=89.43, dev=233.3%)
WARNING:root:[ALERT][2025-11-10 05:17:03][Channel 36] Sudden change in QoE: 4.00 (avg=1.20, dev=233.3%)
WARNING:root:[ALERT][2025-11-10 05:17:03][Channel 36] Sudden change in P95_retry: 36.35 (avg=10.91, dev=233.3%)
WARNING:root:[ALERT][2025-11-10 05:17:03][Channel 36] Sudden change in P95_PER: 0.01 (avg=0.00, dev=233.3%)
WARNING:root:[CUSUM ALERT][2025-11-10 05:17:03][Channel 36] SNR ↑ shift detected! deviation=32.77
WARNING:root:[CUSUM ALERT][2025-11-10 05:17:03][Channel 36] TX_power ↑ shift detected! deviation=14.70
WARNING:root:[CUSUM ALERT][2025-11-10 05:17:03][Channel 36] Throughput ↑ shift detected! deviation=208.67
WARNING:root:[CUSUM ALERT][2025-11-10 05:17:03][Channel 36] P95_retry ↑ shift detected! deviation=25.45
WARNING:root:[ALERT][2025-11-10 05:17:03][Channel 36] Sudden change in QoE: 4.62 (avg=2.23, dev=107.7%)
WARNING:root:[ALERT][2025-11-10 05:17:03][Channel 36] Sudden change in P95_PER: 0.02 (avg=0.01, dev=140.4%)
WARNING:root:[CUSUM ALERT][2025-11-10 05:17:03][Channel 36] NoiseFloor ↑ shift detected! deviation=3.01
INFO:root:Serving Client Request...
INFO:root:--------------------------------

INFO:root:[2025-11-10 05:17:07] WiFiBand.BAND_2_4_GHz  BAND:                     WiFiBand.BAND_2_4_GHz
INFO:root:[2025-11-10 05:17:07] WiFiBand.BAND_2_4_GHz  CHANNEL:                  1
INFO:root:[2025-11-10 05:17:07] WiFiBand.BAND_2_4_GHz  NOISE FLOOR (dBm):        -94.98158776471328
INFO:root:[2025-11-10 05:17:07] WiFiBand.BAND_2_4_GHz  AVG CLIENT SNR (dB):      53.993060041147814
INFO:root:[2025-11-10 05:17:07] WiFiBand.BAND_2_4_GHz  AVG COUNT:                8640
INFO:root:[2025-11-10 05:17:07] WiFiBand.BAND_2_4_GHz  AVG THROUGHPUT (Mbps):    59.247251241293256
INFO:root:[2025-11-10 05:17:07] WiFiBand.BAND_2_4_GHz  CHANNEL UTILIZATION:      0.472401536708141
INFO:root:[2025-11-10 05:17:07] WiFiBand.BAND_2_4_GHz  INTERFERENCE:             4341
INFO:root:[2025-11-10 05:17:07] WiFiBand.BAND_2_4_GHz  CLIENTS:                  {'AP24_1'}
INFO:root:[2025-11-10 05:17:07] WiFiBand.BAND_2_4_GHz  QOE:                      4.477610882009442
INFO:root:[2025-11-10 05:17:07] WiFiBand.BAND_2_4_GHz  TX POWER (dBm):           19.999998649285086
INFO:root:[2025-11-10 05:17:07] WiFiBand.BAND_2_4_GHz  CHANNEL WIDTH (MHz):      0
INFO:root:[2025-11-10 05:17:07] WiFiBand.BAND_2_4_GHz  INTERFERENCE WEIGHT:      1
INFO:root:[2025-11-10 05:17:07] WiFiBand.BAND_2_4_GHz  DFS:                      0
INFO:root:
INFO:root:--------------------------------

INFO:root:[2025-11-10 05:17:07] WiFiBand.BAND_2_4_GHz  BAND:                     WiFiBand.BAND_2_4_GHz
INFO:root:[2025-11-10 05:17:07] WiFiBand.BAND_2_4_GHz  CHANNEL:                  2
INFO:root:[2025-11-10 05:17:07] WiFiBand.BAND_2_4_GHz  NOISE FLOOR (dBm):        -95
INFO:root:[2025-11-10 05:17:07] WiFiBand.BAND_2_4_GHz  AVG CLIENT SNR (dB):      0
INFO:root:[2025-11-10 05:17:07] WiFiBand.BAND_2_4_GHz  AVG COUNT:                0
INFO:root:[2025-11-10 05:17:07] WiFiBand.BAND_2_4_GHz  AVG THROUGHPUT (Mbps):    0
INFO:root:[2025-11-10 05:17:07] WiFiBand.BAND_2_4_GHz  CHANNEL UTILIZATION:      0
INFO:root:[2025-11-10 05:17:07] WiFiBand.BAND_2_4_GHz  INTERFERENCE:             0
INFO:root:[2025-11-10 05:17:07] WiFiBand.BAND_2_4_GHz  CLIENTS:                  set()
INFO:root:[2025-11-10 05:17:07] WiFiBand.BAND_2_4_GHz  QOE:                      0
INFO:root:[2025-11-10 05:17:07] WiFiBand.BAND_2_4_GHz  TX POWER (dBm):           0
INFO:root:[2025-11-10 05:17:07] WiFiBand.BAND_2_4_GHz  CHANNEL WIDTH (MHz):      0
INFO:root:[2025-11-10 05:17:07] WiFiBand.BAND_2_4_GHz  INTERFERENCE WEIGHT:      1
INFO:root:[2025-11-10 05:17:07] WiFiBand.BAND_2_4_GHz  DFS:                      0
INFO:root:
INFO:root:--------------------------------

INFO:root:[2025-11-10 05:17:07] WiFiBand.BAND_2_4_GHz  BAND:                     WiFiBand.BAND_2_4_GHz
INFO:root:[2025-11-10 05:17:07] WiFiBand.BAND_2_4_GHz  CHANNEL:                  3
INFO:root:[2025-11-10 05:17:07] WiFiBand.BAND_2_4_GHz  NOISE FLOOR (dBm):        -95
INFO:root:[2025-11-10 05:17:07] WiFiBand.BAND_2_4_GHz  AVG CLIENT SNR (dB):      0
INFO:root:[2025-11-10 05:17:07] WiFiBand.BAND_2_4_GHz  AVG COUNT:                0
INFO:root:[2025-11-10 05:17:07] WiFiBand.BAND_2_4_GHz  AVG THROUGHPUT (Mbps):    0
INFO:root:[2025-11-10 05:17:07] WiFiBand.BAND_2_4_GHz  CHANNEL UTILIZATION:      0
INFO:root:[2025-11-10 05:17:07] WiFiBand.BAND_2_4_GHz  INTERFERENCE:             0
INFO:root:[2025-11-10 05:17:07] WiFiBand.BAND_2_4_GHz  CLIENTS:                  set()
INFO:root:[2025-11-10 05:17:07] WiFiBand.BAND_2_4_GHz  QOE:                      0
INFO:root:[2025-11-10 05:17:07] WiFiBand.BAND_2_4_GHz  TX POWER (dBm):           0
INFO:root:[2025-11-10 05:17:07] WiFiBand.BAND_2_4_GHz  CHANNEL WIDTH (MHz):      0
INFO:root:[2025-11-10 05:17:07] WiFiBand.BAND_2_4_GHz  INTERFERENCE WEIGHT:      1
INFO:root:[2025-11-10 05:17:07] WiFiBand.BAND_2_4_GHz  DFS:                      0
INFO:root:
INFO:root:--------------------------------

INFO:root:[2025-11-10 05:17:07] WiFiBand.BAND_2_4_GHz  BAND:                     WiFiBand.BAND_2_4_GHz
INFO:root:[2025-11-10 05:17:07] WiFiBand.BAND_2_4_GHz  CHANNEL:                  4
INFO:root:[2025-11-10 05:17:07] WiFiBand.BAND_2_4_GHz  NOISE FLOOR (dBm):        -95
INFO:root:[2025-11-10 05:17:07] WiFiBand.BAND_2_4_GHz  AVG CLIENT SNR (dB):      0
INFO:root:[2025-11-10 05:17:07] WiFiBand.BAND_2_4_GHz  AVG COUNT:                0
INFO:root:[2025-11-10 05:17:07] WiFiBand.BAND_2_4_GHz  AVG THROUGHPUT (Mbps):    0
INFO:root:[2025-11-10 05:17:07] WiFiBand.BAND_2_4_GHz  CHANNEL UTILIZATION:      0
INFO:root:[2025-11-10 05:17:07] WiFiBand.BAND_2_4_GHz  INTERFERENCE:             0
INFO:root:[2025-11-10 05:17:07] WiFiBand.BAND_2_4_GHz  CLIENTS:                  set()
INFO:root:[2025-11-10 05:17:07] WiFiBand.BAND_2_4_GHz  QOE:                      0
INFO:root:[2025-11-10 05:17:07] WiFiBand.BAND_2_4_GHz  TX POWER (dBm):           0
INFO:root:[2025-11-10 05:17:07] WiFiBand.BAND_2_4_GHz  CHANNEL WIDTH (MHz):      0
INFO:root:[2025-11-10 05:17:07] WiFiBand.BAND_2_4_GHz  INTERFERENCE WEIGHT:      1
INFO:root:[2025-11-10 05:17:07] WiFiBand.BAND_2_4_GHz  DFS:                      0
INFO:root:
INFO:root:--------------------------------

INFO:root:[2025-11-10 05:17:07] WiFiBand.BAND_2_4_GHz  BAND:                     WiFiBand.BAND_2_4_GHz
INFO:root:[2025-11-10 05:17:07] WiFiBand.BAND_2_4_GHz  CHANNEL:                  5
INFO:root:[2025-11-10 05:17:07] WiFiBand.BAND_2_4_GHz  NOISE FLOOR (dBm):        -95
INFO:root:[2025-11-10 05:17:07] WiFiBand.BAND_2_4_GHz  AVG CLIENT SNR (dB):      0
INFO:root:[2025-11-10 05:17:07] WiFiBand.BAND_2_4_GHz  AVG COUNT:                0
INFO:root:[2025-11-10 05:17:07] WiFiBand.BAND_2_4_GHz  AVG THROUGHPUT (Mbps):    0
INFO:root:[2025-11-10 05:17:07] WiFiBand.BAND_2_4_GHz  CHANNEL UTILIZATION:      0
INFO:root:[2025-11-10 05:17:07] WiFiBand.BAND_2_4_GHz  INTERFERENCE:             0
INFO:root:[2025-11-10 05:17:07] WiFiBand.BAND_2_4_GHz  CLIENTS:                  set()
INFO:root:[2025-11-10 05:17:07] WiFiBand.BAND_2_4_GHz  QOE:                      0
INFO:root:[2025-11-10 05:17:07] WiFiBand.BAND_2_4_GHz  TX POWER (dBm):           0
INFO:root:[2025-11-10 05:17:07] WiFiBand.BAND_2_4_GHz  CHANNEL WIDTH (MHz):      0
INFO:root:[2025-11-10 05:17:07] WiFiBand.BAND_2_4_GHz  INTERFERENCE WEIGHT:      1
INFO:root:[2025-11-10 05:17:07] WiFiBand.BAND_2_4_GHz  DFS:                      0
INFO:root:
INFO:root:--------------------------------

INFO:root:[2025-11-10 05:17:07] WiFiBand.BAND_2_4_GHz  BAND:                     WiFiBand.BAND_2_4_GHz
INFO:root:[2025-11-10 05:17:07] WiFiBand.BAND_2_4_GHz  CHANNEL:                  6
INFO:root:[2025-11-10 05:17:07] WiFiBand.BAND_2_4_GHz  NOISE FLOOR (dBm):        -95
INFO:root:[2025-11-10 05:17:07] WiFiBand.BAND_2_4_GHz  AVG CLIENT SNR (dB):      0
INFO:root:[2025-11-10 05:17:07] WiFiBand.BAND_2_4_GHz  AVG COUNT:                0
INFO:root:[2025-11-10 05:17:07] WiFiBand.BAND_2_4_GHz  AVG THROUGHPUT (Mbps):    0
INFO:root:[2025-11-10 05:17:07] WiFiBand.BAND_2_4_GHz  CHANNEL UTILIZATION:      0
INFO:root:[2025-11-10 05:17:07] WiFiBand.BAND_2_4_GHz  INTERFERENCE:             0
INFO:root:[2025-11-10 05:17:07] WiFiBand.BAND_2_4_GHz  CLIENTS:                  set()
INFO:root:[2025-11-10 05:17:07] WiFiBand.BAND_2_4_GHz  QOE:                      0
INFO:root:[2025-11-10 05:17:07] WiFiBand.BAND_2_4_GHz  TX POWER (dBm):           0
INFO:root:[2025-11-10 05:17:07] WiFiBand.BAND_2_4_GHz  CHANNEL WIDTH (MHz):      0
INFO:root:[2025-11-10 05:17:07] WiFiBand.BAND_2_4_GHz  INTERFERENCE WEIGHT:      1
INFO:root:[2025-11-10 05:17:07] WiFiBand.BAND_2_4_GHz  DFS:                      0
INFO:root:
INFO:root:--------------------------------

INFO:root:[2025-11-10 05:17:07] WiFiBand.BAND_2_4_GHz  BAND:                     WiFiBand.BAND_2_4_GHz
INFO:root:[2025-11-10 05:17:07] WiFiBand.BAND_2_4_GHz  CHANNEL:                  7
INFO:root:[2025-11-10 05:17:07] WiFiBand.BAND_2_4_GHz  NOISE FLOOR (dBm):        -95
INFO:root:[2025-11-10 05:17:07] WiFiBand.BAND_2_4_GHz  AVG CLIENT SNR (dB):      0
INFO:root:[2025-11-10 05:17:07] WiFiBand.BAND_2_4_GHz  AVG COUNT:                0
INFO:root:[2025-11-10 05:17:07] WiFiBand.BAND_2_4_GHz  AVG THROUGHPUT (Mbps):    0
INFO:root:[2025-11-10 05:17:07] WiFiBand.BAND_2_4_GHz  CHANNEL UTILIZATION:      0
INFO:root:[2025-11-10 05:17:07] WiFiBand.BAND_2_4_GHz  INTERFERENCE:             0
INFO:root:[2025-11-10 05:17:07] WiFiBand.BAND_2_4_GHz  CLIENTS:                  set()
INFO:root:[2025-11-10 05:17:07] WiFiBand.BAND_2_4_GHz  QOE:                      0
INFO:root:[2025-11-10 05:17:07] WiFiBand.BAND_2_4_GHz  TX POWER (dBm):           0
INFO:root:[2025-11-10 05:17:07] WiFiBand.BAND_2_4_GHz  CHANNEL WIDTH (MHz):      0
INFO:root:[2025-11-10 05:17:07] WiFiBand.BAND_2_4_GHz  INTERFERENCE WEIGHT:      1
INFO:root:[2025-11-10 05:17:07] WiFiBand.BAND_2_4_GHz  DFS:                      0
INFO:root:
INFO:root:--------------------------------

INFO:root:[2025-11-10 05:17:07] WiFiBand.BAND_2_4_GHz  BAND:                     WiFiBand.BAND_2_4_GHz
INFO:root:[2025-11-10 05:17:07] WiFiBand.BAND_2_4_GHz  CHANNEL:                  8
INFO:root:[2025-11-10 05:17:07] WiFiBand.BAND_2_4_GHz  NOISE FLOOR (dBm):        -95
INFO:root:[2025-11-10 05:17:07] WiFiBand.BAND_2_4_GHz  AVG CLIENT SNR (dB):      0
INFO:root:[2025-11-10 05:17:07] WiFiBand.BAND_2_4_GHz  AVG COUNT:                0
INFO:root:[2025-11-10 05:17:07] WiFiBand.BAND_2_4_GHz  AVG THROUGHPUT (Mbps):    0
INFO:root:[2025-11-10 05:17:07] WiFiBand.BAND_2_4_GHz  CHANNEL UTILIZATION:      0
INFO:root:[2025-11-10 05:17:07] WiFiBand.BAND_2_4_GHz  INTERFERENCE:             0
INFO:root:[2025-11-10 05:17:07] WiFiBand.BAND_2_4_GHz  CLIENTS:                  set()
INFO:root:[2025-11-10 05:17:07] WiFiBand.BAND_2_4_GHz  QOE:                      0
INFO:root:[2025-11-10 05:17:07] WiFiBand.BAND_2_4_GHz  TX POWER (dBm):           0
INFO:root:[2025-11-10 05:17:07] WiFiBand.BAND_2_4_GHz  CHANNEL WIDTH (MHz):      0
INFO:root:[2025-11-10 05:17:07] WiFiBand.BAND_2_4_GHz  INTERFERENCE WEIGHT:      1
INFO:root:[2025-11-10 05:17:07] WiFiBand.BAND_2_4_GHz  DFS:                      0
INFO:root:
INFO:root:--------------------------------

INFO:root:[2025-11-10 05:17:07] WiFiBand.BAND_2_4_GHz  BAND:                     WiFiBand.BAND_2_4_GHz
INFO:root:[2025-11-10 05:17:07] WiFiBand.BAND_2_4_GHz  CHANNEL:                  9
INFO:root:[2025-11-10 05:17:07] WiFiBand.BAND_2_4_GHz  NOISE FLOOR (dBm):        -95
INFO:root:[2025-11-10 05:17:07] WiFiBand.BAND_2_4_GHz  AVG CLIENT SNR (dB):      0
INFO:root:[2025-11-10 05:17:07] WiFiBand.BAND_2_4_GHz  AVG COUNT:                0
INFO:root:[2025-11-10 05:17:07] WiFiBand.BAND_2_4_GHz  AVG THROUGHPUT (Mbps):    0
INFO:root:[2025-11-10 05:17:07] WiFiBand.BAND_2_4_GHz  CHANNEL UTILIZATION:      0
INFO:root:[2025-11-10 05:17:07] WiFiBand.BAND_2_4_GHz  INTERFERENCE:             0
INFO:root:[2025-11-10 05:17:07] WiFiBand.BAND_2_4_GHz  CLIENTS:                  set()
INFO:root:[2025-11-10 05:17:07] WiFiBand.BAND_2_4_GHz  QOE:                      0
INFO:root:[2025-11-10 05:17:07] WiFiBand.BAND_2_4_GHz  TX POWER (dBm):           0
INFO:root:[2025-11-10 05:17:07] WiFiBand.BAND_2_4_GHz  CHANNEL WIDTH (MHz):      0
INFO:root:[2025-11-10 05:17:07] WiFiBand.BAND_2_4_GHz  INTERFERENCE WEIGHT:      1
INFO:root:[2025-11-10 05:17:07] WiFiBand.BAND_2_4_GHz  DFS:                      0
INFO:root:
INFO:root:--------------------------------

INFO:root:[2025-11-10 05:17:07] WiFiBand.BAND_2_4_GHz  BAND:                     WiFiBand.BAND_2_4_GHz
INFO:root:[2025-11-10 05:17:07] WiFiBand.BAND_2_4_GHz  CHANNEL:                  10
INFO:root:[2025-11-10 05:17:07] WiFiBand.BAND_2_4_GHz  NOISE FLOOR (dBm):        -95
INFO:root:[2025-11-10 05:17:07] WiFiBand.BAND_2_4_GHz  AVG CLIENT SNR (dB):      0
INFO:root:[2025-11-10 05:17:07] WiFiBand.BAND_2_4_GHz  AVG COUNT:                0
INFO:root:[2025-11-10 05:17:07] WiFiBand.BAND_2_4_GHz  AVG THROUGHPUT (Mbps):    0
INFO:root:[2025-11-10 05:17:07] WiFiBand.BAND_2_4_GHz  CHANNEL UTILIZATION:      0
INFO:root:[2025-11-10 05:17:07] WiFiBand.BAND_2_4_GHz  INTERFERENCE:             0
INFO:root:[2025-11-10 05:17:07] WiFiBand.BAND_2_4_GHz  CLIENTS:                  set()
INFO:root:[2025-11-10 05:17:07] WiFiBand.BAND_2_4_GHz  QOE:                      0
INFO:root:[2025-11-10 05:17:07] WiFiBand.BAND_2_4_GHz  TX POWER (dBm):           0
INFO:root:[2025-11-10 05:17:07] WiFiBand.BAND_2_4_GHz  CHANNEL WIDTH (MHz):      0
INFO:root:[2025-11-10 05:17:07] WiFiBand.BAND_2_4_GHz  INTERFERENCE WEIGHT:      1
INFO:root:[2025-11-10 05:17:07] WiFiBand.BAND_2_4_GHz  DFS:                      0
INFO:root:
INFO:root:--------------------------------

INFO:root:[2025-11-10 05:17:07] WiFiBand.BAND_2_4_GHz  BAND:                     WiFiBand.BAND_2_4_GHz
INFO:root:[2025-11-10 05:17:07] WiFiBand.BAND_2_4_GHz  CHANNEL:                  11
INFO:root:[2025-11-10 05:17:07] WiFiBand.BAND_2_4_GHz  NOISE FLOOR (dBm):        -95
INFO:root:[2025-11-10 05:17:07] WiFiBand.BAND_2_4_GHz  AVG CLIENT SNR (dB):      0
INFO:root:[2025-11-10 05:17:07] WiFiBand.BAND_2_4_GHz  AVG COUNT:                0
INFO:root:[2025-11-10 05:17:07] WiFiBand.BAND_2_4_GHz  AVG THROUGHPUT (Mbps):    0
INFO:root:[2025-11-10 05:17:07] WiFiBand.BAND_2_4_GHz  CHANNEL UTILIZATION:      0
INFO:root:[2025-11-10 05:17:07] WiFiBand.BAND_2_4_GHz  INTERFERENCE:             0
INFO:root:[2025-11-10 05:17:07] WiFiBand.BAND_2_4_GHz  CLIENTS:                  set()
INFO:root:[2025-11-10 05:17:07] WiFiBand.BAND_2_4_GHz  QOE:                      0
INFO:root:[2025-11-10 05:17:07] WiFiBand.BAND_2_4_GHz  TX POWER (dBm):           0
INFO:root:[2025-11-10 05:17:07] WiFiBand.BAND_2_4_GHz  CHANNEL WIDTH (MHz):      0
INFO:root:[2025-11-10 05:17:07] WiFiBand.BAND_2_4_GHz  INTERFERENCE WEIGHT:      1
INFO:root:[2025-11-10 05:17:07] WiFiBand.BAND_2_4_GHz  DFS:                      0
INFO:root:
INFO:root:--------------------------------

INFO:root:[2025-11-10 05:17:07] WiFiBand.BAND_2_4_GHz  BAND:                     WiFiBand.BAND_2_4_GHz
INFO:root:[2025-11-10 05:17:07] WiFiBand.BAND_2_4_GHz  CHANNEL:                  12
INFO:root:[2025-11-10 05:17:07] WiFiBand.BAND_2_4_GHz  NOISE FLOOR (dBm):        -95
INFO:root:[2025-11-10 05:17:07] WiFiBand.BAND_2_4_GHz  AVG CLIENT SNR (dB):      0
INFO:root:[2025-11-10 05:17:07] WiFiBand.BAND_2_4_GHz  AVG COUNT:                0
INFO:root:[2025-11-10 05:17:07] WiFiBand.BAND_2_4_GHz  AVG THROUGHPUT (Mbps):    0
INFO:root:[2025-11-10 05:17:07] WiFiBand.BAND_2_4_GHz  CHANNEL UTILIZATION:      0
INFO:root:[2025-11-10 05:17:07] WiFiBand.BAND_2_4_GHz  INTERFERENCE:             0
INFO:root:[2025-11-10 05:17:07] WiFiBand.BAND_2_4_GHz  CLIENTS:                  set()
INFO:root:[2025-11-10 05:17:07] WiFiBand.BAND_2_4_GHz  QOE:                      0
INFO:root:[2025-11-10 05:17:07] WiFiBand.BAND_2_4_GHz  TX POWER (dBm):           0
INFO:root:[2025-11-10 05:17:07] WiFiBand.BAND_2_4_GHz  CHANNEL WIDTH (MHz):      0
INFO:root:[2025-11-10 05:17:07] WiFiBand.BAND_2_4_GHz  INTERFERENCE WEIGHT:      1
INFO:root:[2025-11-10 05:17:07] WiFiBand.BAND_2_4_GHz  DFS:                      0
INFO:root:
INFO:root:--------------------------------

INFO:root:[2025-11-10 05:17:07] WiFiBand.BAND_2_4_GHz  BAND:                     WiFiBand.BAND_2_4_GHz
INFO:root:[2025-11-10 05:17:07] WiFiBand.BAND_2_4_GHz  CHANNEL:                  13
INFO:root:[2025-11-10 05:17:07] WiFiBand.BAND_2_4_GHz  NOISE FLOOR (dBm):        -95
INFO:root:[2025-11-10 05:17:07] WiFiBand.BAND_2_4_GHz  AVG CLIENT SNR (dB):      0
INFO:root:[2025-11-10 05:17:07] WiFiBand.BAND_2_4_GHz  AVG COUNT:                0
INFO:root:[2025-11-10 05:17:07] WiFiBand.BAND_2_4_GHz  AVG THROUGHPUT (Mbps):    0
INFO:root:[2025-11-10 05:17:07] WiFiBand.BAND_2_4_GHz  CHANNEL UTILIZATION:      0
INFO:root:[2025-11-10 05:17:07] WiFiBand.BAND_2_4_GHz  INTERFERENCE:             0
INFO:root:[2025-11-10 05:17:07] WiFiBand.BAND_2_4_GHz  CLIENTS:                  set()
INFO:root:[2025-11-10 05:17:07] WiFiBand.BAND_2_4_GHz  QOE:                      0
INFO:root:[2025-11-10 05:17:07] WiFiBand.BAND_2_4_GHz  TX POWER (dBm):           0
INFO:root:[2025-11-10 05:17:07] WiFiBand.BAND_2_4_GHz  CHANNEL WIDTH (MHz):      0
INFO:root:[2025-11-10 05:17:07] WiFiBand.BAND_2_4_GHz  INTERFERENCE WEIGHT:      1
INFO:root:[2025-11-10 05:17:07] WiFiBand.BAND_2_4_GHz  DFS:                      0
INFO:root:
INFO:root:--------------------------------

INFO:root:[2025-11-10 05:17:07] WiFiBand.BAND_2_4_GHz  BAND:                     WiFiBand.BAND_2_4_GHz
INFO:root:[2025-11-10 05:17:07] WiFiBand.BAND_2_4_GHz  CHANNEL:                  14
INFO:root:[2025-11-10 05:17:07] WiFiBand.BAND_2_4_GHz  NOISE FLOOR (dBm):        -95
INFO:root:[2025-11-10 05:17:07] WiFiBand.BAND_2_4_GHz  AVG CLIENT SNR (dB):      0
INFO:root:[2025-11-10 05:17:07] WiFiBand.BAND_2_4_GHz  AVG COUNT:                0
INFO:root:[2025-11-10 05:17:07] WiFiBand.BAND_2_4_GHz  AVG THROUGHPUT (Mbps):    0
INFO:root:[2025-11-10 05:17:07] WiFiBand.BAND_2_4_GHz  CHANNEL UTILIZATION:      0
INFO:root:[2025-11-10 05:17:07] WiFiBand.BAND_2_4_GHz  INTERFERENCE:             0
INFO:root:[2025-11-10 05:17:07] WiFiBand.BAND_2_4_GHz  CLIENTS:                  set()
INFO:root:[2025-11-10 05:17:07] WiFiBand.BAND_2_4_GHz  QOE:                      0
INFO:root:[2025-11-10 05:17:07] WiFiBand.BAND_2_4_GHz  TX POWER (dBm):           0
INFO:root:[2025-11-10 05:17:07] WiFiBand.BAND_2_4_GHz  CHANNEL WIDTH (MHz):      0
INFO:root:[2025-11-10 05:17:07] WiFiBand.BAND_2_4_GHz  INTERFERENCE WEIGHT:      1
INFO:root:[2025-11-10 05:17:07] WiFiBand.BAND_2_4_GHz  DFS:                      0
INFO:root:
INFO:root:--------------------------------

INFO:root:[2025-11-10 05:17:07] WiFiBand.BAND_5_GHz  BAND:                     WiFiBand.BAND_5_GHz
INFO:root:[2025-11-10 05:17:07] WiFiBand.BAND_5_GHz  CHANNEL:                  36
INFO:root:[2025-11-10 05:17:07] WiFiBand.BAND_5_GHz  NOISE FLOOR (dBm):        -94.48101453180308
INFO:root:[2025-11-10 05:17:07] WiFiBand.BAND_5_GHz  AVG CLIENT SNR (dB):      48.112084840949414
INFO:root:[2025-11-10 05:17:07] WiFiBand.BAND_5_GHz  AVG COUNT:                8640
INFO:root:[2025-11-10 05:17:07] WiFiBand.BAND_5_GHz  AVG THROUGHPUT (Mbps):    355.01703233724874
INFO:root:[2025-11-10 05:17:07] WiFiBand.BAND_5_GHz  CHANNEL UTILIZATION:      0.4420522256326203
INFO:root:[2025-11-10 05:17:07] WiFiBand.BAND_5_GHz  INTERFERENCE:             0
INFO:root:[2025-11-10 05:17:07] WiFiBand.BAND_5_GHz  CLIENTS:                  {'AP5_36'}
INFO:root:[2025-11-10 05:17:07] WiFiBand.BAND_5_GHz  QOE:                      4.475070368871634
INFO:root:[2025-11-10 05:17:07] WiFiBand.BAND_5_GHz  TX POWER (dBm):           20.999998581749317
INFO:root:[2025-11-10 05:17:07] WiFiBand.BAND_5_GHz  CHANNEL WIDTH (MHz):      0
INFO:root:[2025-11-10 05:17:07] WiFiBand.BAND_5_GHz  INTERFERENCE WEIGHT:      1
INFO:root:[2025-11-10 05:17:07] WiFiBand.BAND_5_GHz  DFS:                      0
INFO:root:
INFO:root:--------------------------------

INFO:root:[2025-11-10 05:17:07] WiFiBand.BAND_5_GHz  BAND:                     WiFiBand.BAND_5_GHz
INFO:root:[2025-11-10 05:17:07] WiFiBand.BAND_5_GHz  CHANNEL:                  40
INFO:root:[2025-11-10 05:17:07] WiFiBand.BAND_5_GHz  NOISE FLOOR (dBm):        -95
INFO:root:[2025-11-10 05:17:07] WiFiBand.BAND_5_GHz  AVG CLIENT SNR (dB):      0
INFO:root:[2025-11-10 05:17:07] WiFiBand.BAND_5_GHz  AVG COUNT:                0
INFO:root:[2025-11-10 05:17:07] WiFiBand.BAND_5_GHz  AVG THROUGHPUT (Mbps):    0
INFO:root:[2025-11-10 05:17:07] WiFiBand.BAND_5_GHz  CHANNEL UTILIZATION:      0
INFO:root:[2025-11-10 05:17:07] WiFiBand.BAND_5_GHz  INTERFERENCE:             0
INFO:root:[2025-11-10 05:17:07] WiFiBand.BAND_5_GHz  CLIENTS:                  set()
INFO:root:[2025-11-10 05:17:07] WiFiBand.BAND_5_GHz  QOE:                      0
INFO:root:[2025-11-10 05:17:07] WiFiBand.BAND_5_GHz  TX POWER (dBm):           0
INFO:root:[2025-11-10 05:17:07] WiFiBand.BAND_5_GHz  CHANNEL WIDTH (MHz):      0
INFO:root:[2025-11-10 05:17:07] WiFiBand.BAND_5_GHz  INTERFERENCE WEIGHT:      1
INFO:root:[2025-11-10 05:17:07] WiFiBand.BAND_5_GHz  DFS:                      0
INFO:root:
INFO:root:--------------------------------

INFO:root:[2025-11-10 05:17:07] WiFiBand.BAND_5_GHz  BAND:                     WiFiBand.BAND_5_GHz
INFO:root:[2025-11-10 05:17:07] WiFiBand.BAND_5_GHz  CHANNEL:                  44
INFO:root:[2025-11-10 05:17:07] WiFiBand.BAND_5_GHz  NOISE FLOOR (dBm):        -95
INFO:root:[2025-11-10 05:17:07] WiFiBand.BAND_5_GHz  AVG CLIENT SNR (dB):      0
INFO:root:[2025-11-10 05:17:07] WiFiBand.BAND_5_GHz  AVG COUNT:                0
INFO:root:[2025-11-10 05:17:07] WiFiBand.BAND_5_GHz  AVG THROUGHPUT (Mbps):    0
INFO:root:[2025-11-10 05:17:07] WiFiBand.BAND_5_GHz  CHANNEL UTILIZATION:      0
INFO:root:[2025-11-10 05:17:07] WiFiBand.BAND_5_GHz  INTERFERENCE:             0
INFO:root:[2025-11-10 05:17:07] WiFiBand.BAND_5_GHz  CLIENTS:                  set()
INFO:root:[2025-11-10 05:17:07] WiFiBand.BAND_5_GHz  QOE:                      0
INFO:root:[2025-11-10 05:17:07] WiFiBand.BAND_5_GHz  TX POWER (dBm):           0
INFO:root:[2025-11-10 05:17:07] WiFiBand.BAND_5_GHz  CHANNEL WIDTH (MHz):      0
INFO:root:[2025-11-10 05:17:07] WiFiBand.BAND_5_GHz  INTERFERENCE WEIGHT:      1
INFO:root:[2025-11-10 05:17:07] WiFiBand.BAND_5_GHz  DFS:                      0
INFO:root:
INFO:root:--------------------------------

INFO:root:[2025-11-10 05:17:07] WiFiBand.BAND_5_GHz  BAND:                     WiFiBand.BAND_5_GHz
INFO:root:[2025-11-10 05:17:07] WiFiBand.BAND_5_GHz  CHANNEL:                  48
INFO:root:[2025-11-10 05:17:07] WiFiBand.BAND_5_GHz  NOISE FLOOR (dBm):        -95
INFO:root:[2025-11-10 05:17:07] WiFiBand.BAND_5_GHz  AVG CLIENT SNR (dB):      0
INFO:root:[2025-11-10 05:17:07] WiFiBand.BAND_5_GHz  AVG COUNT:                0
INFO:root:[2025-11-10 05:17:07] WiFiBand.BAND_5_GHz  AVG THROUGHPUT (Mbps):    0
INFO:root:[2025-11-10 05:17:07] WiFiBand.BAND_5_GHz  CHANNEL UTILIZATION:      0
INFO:root:[2025-11-10 05:17:07] WiFiBand.BAND_5_GHz  INTERFERENCE:             0
INFO:root:[2025-11-10 05:17:07] WiFiBand.BAND_5_GHz  CLIENTS:                  set()
INFO:root:[2025-11-10 05:17:07] WiFiBand.BAND_5_GHz  QOE:                      0
INFO:root:[2025-11-10 05:17:07] WiFiBand.BAND_5_GHz  TX POWER (dBm):           0
INFO:root:[2025-11-10 05:17:07] WiFiBand.BAND_5_GHz  CHANNEL WIDTH (MHz):      0
INFO:root:[2025-11-10 05:17:07] WiFiBand.BAND_5_GHz  INTERFERENCE WEIGHT:      1
INFO:root:[2025-11-10 05:17:07] WiFiBand.BAND_5_GHz  DFS:                      0
INFO:root:
INFO:root:--------------------------------

INFO:root:[2025-11-10 05:17:07] WiFiBand.BAND_5_GHz  BAND:                     WiFiBand.BAND_5_GHz
INFO:root:[2025-11-10 05:17:07] WiFiBand.BAND_5_GHz  CHANNEL:                  52
INFO:root:[2025-11-10 05:17:07] WiFiBand.BAND_5_GHz  NOISE FLOOR (dBm):        -95
INFO:root:[2025-11-10 05:17:07] WiFiBand.BAND_5_GHz  AVG CLIENT SNR (dB):      0
INFO:root:[2025-11-10 05:17:07] WiFiBand.BAND_5_GHz  AVG COUNT:                0
INFO:root:[2025-11-10 05:17:07] WiFiBand.BAND_5_GHz  AVG THROUGHPUT (Mbps):    0
INFO:root:[2025-11-10 05:17:07] WiFiBand.BAND_5_GHz  CHANNEL UTILIZATION:      0
INFO:root:[2025-11-10 05:17:07] WiFiBand.BAND_5_GHz  INTERFERENCE:             0
INFO:root:[2025-11-10 05:17:07] WiFiBand.BAND_5_GHz  CLIENTS:                  set()
INFO:root:[2025-11-10 05:17:07] WiFiBand.BAND_5_GHz  QOE:                      0
INFO:root:[2025-11-10 05:17:07] WiFiBand.BAND_5_GHz  TX POWER (dBm):           0
INFO:root:[2025-11-10 05:17:07] WiFiBand.BAND_5_GHz  CHANNEL WIDTH (MHz):      0
INFO:root:[2025-11-10 05:17:07] WiFiBand.BAND_5_GHz  INTERFERENCE WEIGHT:      1
INFO:root:[2025-11-10 05:17:07] WiFiBand.BAND_5_GHz  DFS:                      1
INFO:root:
INFO:root:--------------------------------

INFO:root:[2025-11-10 05:17:07] WiFiBand.BAND_5_GHz  BAND:                     WiFiBand.BAND_5_GHz
INFO:root:[2025-11-10 05:17:07] WiFiBand.BAND_5_GHz  CHANNEL:                  56
INFO:root:[2025-11-10 05:17:07] WiFiBand.BAND_5_GHz  NOISE FLOOR (dBm):        -95
INFO:root:[2025-11-10 05:17:07] WiFiBand.BAND_5_GHz  AVG CLIENT SNR (dB):      0
INFO:root:[2025-11-10 05:17:07] WiFiBand.BAND_5_GHz  AVG COUNT:                0
INFO:root:[2025-11-10 05:17:07] WiFiBand.BAND_5_GHz  AVG THROUGHPUT (Mbps):    0
INFO:root:[2025-11-10 05:17:07] WiFiBand.BAND_5_GHz  CHANNEL UTILIZATION:      0
INFO:root:[2025-11-10 05:17:07] WiFiBand.BAND_5_GHz  INTERFERENCE:             0
INFO:root:[2025-11-10 05:17:07] WiFiBand.BAND_5_GHz  CLIENTS:                  set()
INFO:root:[2025-11-10 05:17:07] WiFiBand.BAND_5_GHz  QOE:                      0
INFO:root:[2025-11-10 05:17:07] WiFiBand.BAND_5_GHz  TX POWER (dBm):           0
INFO:root:[2025-11-10 05:17:07] WiFiBand.BAND_5_GHz  CHANNEL WIDTH (MHz):      0
INFO:root:[2025-11-10 05:17:07] WiFiBand.BAND_5_GHz  INTERFERENCE WEIGHT:      1
INFO:root:[2025-11-10 05:17:07] WiFiBand.BAND_5_GHz  DFS:                      1
INFO:root:
INFO:root:--------------------------------

INFO:root:[2025-11-10 05:17:07] WiFiBand.BAND_5_GHz  BAND:                     WiFiBand.BAND_5_GHz
INFO:root:[2025-11-10 05:17:07] WiFiBand.BAND_5_GHz  CHANNEL:                  60
INFO:root:[2025-11-10 05:17:07] WiFiBand.BAND_5_GHz  NOISE FLOOR (dBm):        -95
INFO:root:[2025-11-10 05:17:07] WiFiBand.BAND_5_GHz  AVG CLIENT SNR (dB):      0
INFO:root:[2025-11-10 05:17:07] WiFiBand.BAND_5_GHz  AVG COUNT:                0
INFO:root:[2025-11-10 05:17:07] WiFiBand.BAND_5_GHz  AVG THROUGHPUT (Mbps):    0
INFO:root:[2025-11-10 05:17:07] WiFiBand.BAND_5_GHz  CHANNEL UTILIZATION:      0
INFO:root:[2025-11-10 05:17:07] WiFiBand.BAND_5_GHz  INTERFERENCE:             0
INFO:root:[2025-11-10 05:17:07] WiFiBand.BAND_5_GHz  CLIENTS:                  set()
INFO:root:[2025-11-10 05:17:07] WiFiBand.BAND_5_GHz  QOE:                      0
INFO:root:[2025-11-10 05:17:07] WiFiBand.BAND_5_GHz  TX POWER (dBm):           0
INFO:root:[2025-11-10 05:17:07] WiFiBand.BAND_5_GHz  CHANNEL WIDTH (MHz):      0
INFO:root:[2025-11-10 05:17:07] WiFiBand.BAND_5_GHz  INTERFERENCE WEIGHT:      1
INFO:root:[2025-11-10 05:17:07] WiFiBand.BAND_5_GHz  DFS:                      1
INFO:root:
INFO:root:--------------------------------

INFO:root:[2025-11-10 05:17:07] WiFiBand.BAND_5_GHz  BAND:                     WiFiBand.BAND_5_GHz
INFO:root:[2025-11-10 05:17:07] WiFiBand.BAND_5_GHz  CHANNEL:                  64
INFO:root:[2025-11-10 05:17:07] WiFiBand.BAND_5_GHz  NOISE FLOOR (dBm):        -95
INFO:root:[2025-11-10 05:17:07] WiFiBand.BAND_5_GHz  AVG CLIENT SNR (dB):      0
INFO:root:[2025-11-10 05:17:07] WiFiBand.BAND_5_GHz  AVG COUNT:                0
INFO:root:[2025-11-10 05:17:07] WiFiBand.BAND_5_GHz  AVG THROUGHPUT (Mbps):    0
INFO:root:[2025-11-10 05:17:07] WiFiBand.BAND_5_GHz  CHANNEL UTILIZATION:      0
INFO:root:[2025-11-10 05:17:07] WiFiBand.BAND_5_GHz  INTERFERENCE:             0
INFO:root:[2025-11-10 05:17:07] WiFiBand.BAND_5_GHz  CLIENTS:                  set()
INFO:root:[2025-11-10 05:17:07] WiFiBand.BAND_5_GHz  QOE:                      0
INFO:root:[2025-11-10 05:17:07] WiFiBand.BAND_5_GHz  TX POWER (dBm):           0
INFO:root:[2025-11-10 05:17:07] WiFiBand.BAND_5_GHz  CHANNEL WIDTH (MHz):      0
INFO:root:[2025-11-10 05:17:07] WiFiBand.BAND_5_GHz  INTERFERENCE WEIGHT:      1
INFO:root:[2025-11-10 05:17:07] WiFiBand.BAND_5_GHz  DFS:                      1
INFO:root:
INFO:root:--------------------------------

INFO:root:[2025-11-10 05:17:07] WiFiBand.BAND_5_GHz  BAND:                     WiFiBand.BAND_5_GHz
INFO:root:[2025-11-10 05:17:07] WiFiBand.BAND_5_GHz  CHANNEL:                  100
INFO:root:[2025-11-10 05:17:07] WiFiBand.BAND_5_GHz  NOISE FLOOR (dBm):        -95
INFO:root:[2025-11-10 05:17:07] WiFiBand.BAND_5_GHz  AVG CLIENT SNR (dB):      0
INFO:root:[2025-11-10 05:17:07] WiFiBand.BAND_5_GHz  AVG COUNT:                0
INFO:root:[2025-11-10 05:17:07] WiFiBand.BAND_5_GHz  AVG THROUGHPUT (Mbps):    0
INFO:root:[2025-11-10 05:17:07] WiFiBand.BAND_5_GHz  CHANNEL UTILIZATION:      0
INFO:root:[2025-11-10 05:17:07] WiFiBand.BAND_5_GHz  INTERFERENCE:             0
INFO:root:[2025-11-10 05:17:07] WiFiBand.BAND_5_GHz  CLIENTS:                  set()
INFO:root:[2025-11-10 05:17:07] WiFiBand.BAND_5_GHz  QOE:                      0
INFO:root:[2025-11-10 05:17:07] WiFiBand.BAND_5_GHz  TX POWER (dBm):           0
INFO:root:[2025-11-10 05:17:07] WiFiBand.BAND_5_GHz  CHANNEL WIDTH (MHz):      0
INFO:root:[2025-11-10 05:17:07] WiFiBand.BAND_5_GHz  INTERFERENCE WEIGHT:      1
INFO:root:[2025-11-10 05:17:07] WiFiBand.BAND_5_GHz  DFS:                      1
INFO:root:
INFO:root:--------------------------------

INFO:root:[2025-11-10 05:17:07] WiFiBand.BAND_5_GHz  BAND:                     WiFiBand.BAND_5_GHz
INFO:root:[2025-11-10 05:17:07] WiFiBand.BAND_5_GHz  CHANNEL:                  104
INFO:root:[2025-11-10 05:17:07] WiFiBand.BAND_5_GHz  NOISE FLOOR (dBm):        -95
INFO:root:[2025-11-10 05:17:07] WiFiBand.BAND_5_GHz  AVG CLIENT SNR (dB):      0
INFO:root:[2025-11-10 05:17:07] WiFiBand.BAND_5_GHz  AVG COUNT:                0
INFO:root:[2025-11-10 05:17:07] WiFiBand.BAND_5_GHz  AVG THROUGHPUT (Mbps):    0
INFO:root:[2025-11-10 05:17:07] WiFiBand.BAND_5_GHz  CHANNEL UTILIZATION:      0
INFO:root:[2025-11-10 05:17:07] WiFiBand.BAND_5_GHz  INTERFERENCE:             0
INFO:root:[2025-11-10 05:17:07] WiFiBand.BAND_5_GHz  CLIENTS:                  set()
INFO:root:[2025-11-10 05:17:07] WiFiBand.BAND_5_GHz  QOE:                      0
INFO:root:[2025-11-10 05:17:07] WiFiBand.BAND_5_GHz  TX POWER (dBm):           0
INFO:root:[2025-11-10 05:17:07] WiFiBand.BAND_5_GHz  CHANNEL WIDTH (MHz):      0
INFO:root:[2025-11-10 05:17:07] WiFiBand.BAND_5_GHz  INTERFERENCE WEIGHT:      1
INFO:root:[2025-11-10 05:17:07] WiFiBand.BAND_5_GHz  DFS:                      1
INFO:root:
INFO:root:--------------------------------

INFO:root:[2025-11-10 05:17:07] WiFiBand.BAND_5_GHz  BAND:                     WiFiBand.BAND_5_GHz
INFO:root:[2025-11-10 05:17:07] WiFiBand.BAND_5_GHz  CHANNEL:                  108
INFO:root:[2025-11-10 05:17:07] WiFiBand.BAND_5_GHz  NOISE FLOOR (dBm):        -95
INFO:root:[2025-11-10 05:17:07] WiFiBand.BAND_5_GHz  AVG CLIENT SNR (dB):      0
INFO:root:[2025-11-10 05:17:07] WiFiBand.BAND_5_GHz  AVG COUNT:                0
INFO:root:[2025-11-10 05:17:07] WiFiBand.BAND_5_GHz  AVG THROUGHPUT (Mbps):    0
INFO:root:[2025-11-10 05:17:07] WiFiBand.BAND_5_GHz  CHANNEL UTILIZATION:      0
INFO:root:[2025-11-10 05:17:07] WiFiBand.BAND_5_GHz  INTERFERENCE:             0
INFO:root:[2025-11-10 05:17:07] WiFiBand.BAND_5_GHz  CLIENTS:                  set()
INFO:root:[2025-11-10 05:17:07] WiFiBand.BAND_5_GHz  QOE:                      0
INFO:root:[2025-11-10 05:17:07] WiFiBand.BAND_5_GHz  TX POWER (dBm):           0
INFO:root:[2025-11-10 05:17:07] WiFiBand.BAND_5_GHz  CHANNEL WIDTH (MHz):      0
INFO:root:[2025-11-10 05:17:07] WiFiBand.BAND_5_GHz  INTERFERENCE WEIGHT:      1
INFO:root:[2025-11-10 05:17:07] WiFiBand.BAND_5_GHz  DFS:                      1
INFO:root:
INFO:root:--------------------------------

INFO:root:[2025-11-10 05:17:07] WiFiBand.BAND_5_GHz  BAND:                     WiFiBand.BAND_5_GHz
INFO:root:[2025-11-10 05:17:07] WiFiBand.BAND_5_GHz  CHANNEL:                  112
INFO:root:[2025-11-10 05:17:07] WiFiBand.BAND_5_GHz  NOISE FLOOR (dBm):        -95
INFO:root:[2025-11-10 05:17:07] WiFiBand.BAND_5_GHz  AVG CLIENT SNR (dB):      0
INFO:root:[2025-11-10 05:17:07] WiFiBand.BAND_5_GHz  AVG COUNT:                0
INFO:root:[2025-11-10 05:17:07] WiFiBand.BAND_5_GHz  AVG THROUGHPUT (Mbps):    0
INFO:root:[2025-11-10 05:17:07] WiFiBand.BAND_5_GHz  CHANNEL UTILIZATION:      0
INFO:root:[2025-11-10 05:17:07] WiFiBand.BAND_5_GHz  INTERFERENCE:             0
INFO:root:[2025-11-10 05:17:07] WiFiBand.BAND_5_GHz  CLIENTS:                  set()
INFO:root:[2025-11-10 05:17:07] WiFiBand.BAND_5_GHz  QOE:                      0
INFO:root:[2025-11-10 05:17:07] WiFiBand.BAND_5_GHz  TX POWER (dBm):           0
INFO:root:[2025-11-10 05:17:07] WiFiBand.BAND_5_GHz  CHANNEL WIDTH (MHz):      0
INFO:root:[2025-11-10 05:17:07] WiFiBand.BAND_5_GHz  INTERFERENCE WEIGHT:      1
INFO:root:[2025-11-10 05:17:07] WiFiBand.BAND_5_GHz  DFS:                      1
INFO:root:
INFO:root:--------------------------------

INFO:root:[2025-11-10 05:17:07] WiFiBand.BAND_5_GHz  BAND:                     WiFiBand.BAND_5_GHz
INFO:root:[2025-11-10 05:17:07] WiFiBand.BAND_5_GHz  CHANNEL:                  116
INFO:root:[2025-11-10 05:17:07] WiFiBand.BAND_5_GHz  NOISE FLOOR (dBm):        -95
INFO:root:[2025-11-10 05:17:07] WiFiBand.BAND_5_GHz  AVG CLIENT SNR (dB):      0
INFO:root:[2025-11-10 05:17:07] WiFiBand.BAND_5_GHz  AVG COUNT:                0
INFO:root:[2025-11-10 05:17:07] WiFiBand.BAND_5_GHz  AVG THROUGHPUT (Mbps):    0
INFO:root:[2025-11-10 05:17:07] WiFiBand.BAND_5_GHz  CHANNEL UTILIZATION:      0
INFO:root:[2025-11-10 05:17:07] WiFiBand.BAND_5_GHz  INTERFERENCE:             0
INFO:root:[2025-11-10 05:17:07] WiFiBand.BAND_5_GHz  CLIENTS:                  set()
INFO:root:[2025-11-10 05:17:07] WiFiBand.BAND_5_GHz  QOE:                      0
INFO:root:[2025-11-10 05:17:07] WiFiBand.BAND_5_GHz  TX POWER (dBm):           0
INFO:root:[2025-11-10 05:17:07] WiFiBand.BAND_5_GHz  CHANNEL WIDTH (MHz):      0
INFO:root:[2025-11-10 05:17:07] WiFiBand.BAND_5_GHz  INTERFERENCE WEIGHT:      1
INFO:root:[2025-11-10 05:17:07] WiFiBand.BAND_5_GHz  DFS:                      1
INFO:root:
INFO:root:--------------------------------

INFO:root:[2025-11-10 05:17:07] WiFiBand.BAND_5_GHz  BAND:                     WiFiBand.BAND_5_GHz
INFO:root:[2025-11-10 05:17:07] WiFiBand.BAND_5_GHz  CHANNEL:                  120
INFO:root:[2025-11-10 05:17:07] WiFiBand.BAND_5_GHz  NOISE FLOOR (dBm):        -95
INFO:root:[2025-11-10 05:17:07] WiFiBand.BAND_5_GHz  AVG CLIENT SNR (dB):      0
INFO:root:[2025-11-10 05:17:07] WiFiBand.BAND_5_GHz  AVG COUNT:                0
INFO:root:[2025-11-10 05:17:07] WiFiBand.BAND_5_GHz  AVG THROUGHPUT (Mbps):    0
INFO:root:[2025-11-10 05:17:07] WiFiBand.BAND_5_GHz  CHANNEL UTILIZATION:      0
INFO:root:[2025-11-10 05:17:07] WiFiBand.BAND_5_GHz  INTERFERENCE:             0
INFO:root:[2025-11-10 05:17:07] WiFiBand.BAND_5_GHz  CLIENTS:                  set()
INFO:root:[2025-11-10 05:17:07] WiFiBand.BAND_5_GHz  QOE:                      0
INFO:root:[2025-11-10 05:17:07] WiFiBand.BAND_5_GHz  TX POWER (dBm):           0
INFO:root:[2025-11-10 05:17:07] WiFiBand.BAND_5_GHz  CHANNEL WIDTH (MHz):      0
INFO:root:[2025-11-10 05:17:07] WiFiBand.BAND_5_GHz  INTERFERENCE WEIGHT:      1
INFO:root:[2025-11-10 05:17:07] WiFiBand.BAND_5_GHz  DFS:                      1
INFO:root:
INFO:root:--------------------------------

INFO:root:[2025-11-10 05:17:07] WiFiBand.BAND_5_GHz  BAND:                     WiFiBand.BAND_5_GHz
INFO:root:[2025-11-10 05:17:07] WiFiBand.BAND_5_GHz  CHANNEL:                  124
INFO:root:[2025-11-10 05:17:07] WiFiBand.BAND_5_GHz  NOISE FLOOR (dBm):        -95
INFO:root:[2025-11-10 05:17:07] WiFiBand.BAND_5_GHz  AVG CLIENT SNR (dB):      0
INFO:root:[2025-11-10 05:17:07] WiFiBand.BAND_5_GHz  AVG COUNT:                0
INFO:root:[2025-11-10 05:17:07] WiFiBand.BAND_5_GHz  AVG THROUGHPUT (Mbps):    0
INFO:root:[2025-11-10 05:17:07] WiFiBand.BAND_5_GHz  CHANNEL UTILIZATION:      0
INFO:root:[2025-11-10 05:17:07] WiFiBand.BAND_5_GHz  INTERFERENCE:             0
INFO:root:[2025-11-10 05:17:07] WiFiBand.BAND_5_GHz  CLIENTS:                  set()
INFO:root:[2025-11-10 05:17:07] WiFiBand.BAND_5_GHz  QOE:                      0
INFO:root:[2025-11-10 05:17:07] WiFiBand.BAND_5_GHz  TX POWER (dBm):           0
INFO:root:[2025-11-10 05:17:07] WiFiBand.BAND_5_GHz  CHANNEL WIDTH (MHz):      0
INFO:root:[2025-11-10 05:17:07] WiFiBand.BAND_5_GHz  INTERFERENCE WEIGHT:      1
INFO:root:[2025-11-10 05:17:07] WiFiBand.BAND_5_GHz  DFS:                      1
INFO:root:
INFO:root:--------------------------------

INFO:root:[2025-11-10 05:17:07] WiFiBand.BAND_5_GHz  BAND:                     WiFiBand.BAND_5_GHz
INFO:root:[2025-11-10 05:17:07] WiFiBand.BAND_5_GHz  CHANNEL:                  128
INFO:root:[2025-11-10 05:17:07] WiFiBand.BAND_5_GHz  NOISE FLOOR (dBm):        -95
INFO:root:[2025-11-10 05:17:07] WiFiBand.BAND_5_GHz  AVG CLIENT SNR (dB):      0
INFO:root:[2025-11-10 05:17:07] WiFiBand.BAND_5_GHz  AVG COUNT:                0
INFO:root:[2025-11-10 05:17:07] WiFiBand.BAND_5_GHz  AVG THROUGHPUT (Mbps):    0
INFO:root:[2025-11-10 05:17:07] WiFiBand.BAND_5_GHz  CHANNEL UTILIZATION:      0
INFO:root:[2025-11-10 05:17:07] WiFiBand.BAND_5_GHz  INTERFERENCE:             0
INFO:root:[2025-11-10 05:17:07] WiFiBand.BAND_5_GHz  CLIENTS:                  set()
INFO:root:[2025-11-10 05:17:07] WiFiBand.BAND_5_GHz  QOE:                      0
INFO:root:[2025-11-10 05:17:07] WiFiBand.BAND_5_GHz  TX POWER (dBm):           0
INFO:root:[2025-11-10 05:17:07] WiFiBand.BAND_5_GHz  CHANNEL WIDTH (MHz):      0
INFO:root:[2025-11-10 05:17:07] WiFiBand.BAND_5_GHz  INTERFERENCE WEIGHT:      1
INFO:root:[2025-11-10 05:17:07] WiFiBand.BAND_5_GHz  DFS:                      1
INFO:root:
INFO:root:--------------------------------

INFO:root:[2025-11-10 05:17:07] WiFiBand.BAND_5_GHz  BAND:                     WiFiBand.BAND_5_GHz
INFO:root:[2025-11-10 05:17:07] WiFiBand.BAND_5_GHz  CHANNEL:                  132
INFO:root:[2025-11-10 05:17:07] WiFiBand.BAND_5_GHz  NOISE FLOOR (dBm):        -95
INFO:root:[2025-11-10 05:17:07] WiFiBand.BAND_5_GHz  AVG CLIENT SNR (dB):      0
INFO:root:[2025-11-10 05:17:07] WiFiBand.BAND_5_GHz  AVG COUNT:                0
INFO:root:[2025-11-10 05:17:07] WiFiBand.BAND_5_GHz  AVG THROUGHPUT (Mbps):    0
INFO:root:[2025-11-10 05:17:07] WiFiBand.BAND_5_GHz  CHANNEL UTILIZATION:      0
INFO:root:[2025-11-10 05:17:07] WiFiBand.BAND_5_GHz  INTERFERENCE:             0
INFO:root:[2025-11-10 05:17:07] WiFiBand.BAND_5_GHz  CLIENTS:                  set()
INFO:root:[2025-11-10 05:17:07] WiFiBand.BAND_5_GHz  QOE:                      0
INFO:root:[2025-11-10 05:17:07] WiFiBand.BAND_5_GHz  TX POWER (dBm):           0
INFO:root:[2025-11-10 05:17:07] WiFiBand.BAND_5_GHz  CHANNEL WIDTH (MHz):      0
INFO:root:[2025-11-10 05:17:07] WiFiBand.BAND_5_GHz  INTERFERENCE WEIGHT:      1
INFO:root:[2025-11-10 05:17:07] WiFiBand.BAND_5_GHz  DFS:                      1
INFO:root:
INFO:root:--------------------------------

INFO:root:[2025-11-10 05:17:07] WiFiBand.BAND_5_GHz  BAND:                     WiFiBand.BAND_5_GHz
INFO:root:[2025-11-10 05:17:07] WiFiBand.BAND_5_GHz  CHANNEL:                  136
INFO:root:[2025-11-10 05:17:07] WiFiBand.BAND_5_GHz  NOISE FLOOR (dBm):        -95
INFO:root:[2025-11-10 05:17:07] WiFiBand.BAND_5_GHz  AVG CLIENT SNR (dB):      0
INFO:root:[2025-11-10 05:17:07] WiFiBand.BAND_5_GHz  AVG COUNT:                0
INFO:root:[2025-11-10 05:17:07] WiFiBand.BAND_5_GHz  AVG THROUGHPUT (Mbps):    0
INFO:root:[2025-11-10 05:17:07] WiFiBand.BAND_5_GHz  CHANNEL UTILIZATION:      0
INFO:root:[2025-11-10 05:17:07] WiFiBand.BAND_5_GHz  INTERFERENCE:             0
INFO:root:[2025-11-10 05:17:07] WiFiBand.BAND_5_GHz  CLIENTS:                  set()
INFO:root:[2025-11-10 05:17:07] WiFiBand.BAND_5_GHz  QOE:                      0
INFO:root:[2025-11-10 05:17:07] WiFiBand.BAND_5_GHz  TX POWER (dBm):           0
INFO:root:[2025-11-10 05:17:07] WiFiBand.BAND_5_GHz  CHANNEL WIDTH (MHz):      0
INFO:root:[2025-11-10 05:17:07] WiFiBand.BAND_5_GHz  INTERFERENCE WEIGHT:      1
INFO:root:[2025-11-10 05:17:07] WiFiBand.BAND_5_GHz  DFS:                      1
INFO:root:
INFO:root:--------------------------------

INFO:root:[2025-11-10 05:17:07] WiFiBand.BAND_5_GHz  BAND:                     WiFiBand.BAND_5_GHz
INFO:root:[2025-11-10 05:17:07] WiFiBand.BAND_5_GHz  CHANNEL:                  140
INFO:root:[2025-11-10 05:17:07] WiFiBand.BAND_5_GHz  NOISE FLOOR (dBm):        -95
INFO:root:[2025-11-10 05:17:07] WiFiBand.BAND_5_GHz  AVG CLIENT SNR (dB):      0
INFO:root:[2025-11-10 05:17:07] WiFiBand.BAND_5_GHz  AVG COUNT:                0
INFO:root:[2025-11-10 05:17:07] WiFiBand.BAND_5_GHz  AVG THROUGHPUT (Mbps):    0
INFO:root:[2025-11-10 05:17:07] WiFiBand.BAND_5_GHz  CHANNEL UTILIZATION:      0
INFO:root:[2025-11-10 05:17:07] WiFiBand.BAND_5_GHz  INTERFERENCE:             0
INFO:root:[2025-11-10 05:17:07] WiFiBand.BAND_5_GHz  CLIENTS:                  set()
INFO:root:[2025-11-10 05:17:07] WiFiBand.BAND_5_GHz  QOE:                      0
INFO:root:[2025-11-10 05:17:07] WiFiBand.BAND_5_GHz  TX POWER (dBm):           0
INFO:root:[2025-11-10 05:17:07] WiFiBand.BAND_5_GHz  CHANNEL WIDTH (MHz):      0
INFO:root:[2025-11-10 05:17:07] WiFiBand.BAND_5_GHz  INTERFERENCE WEIGHT:      1
INFO:root:[2025-11-10 05:17:07] WiFiBand.BAND_5_GHz  DFS:                      1
INFO:root:
INFO:root:--------------------------------

INFO:root:[2025-11-10 05:17:07] WiFiBand.BAND_5_GHz  BAND:                     WiFiBand.BAND_5_GHz
INFO:root:[2025-11-10 05:17:07] WiFiBand.BAND_5_GHz  CHANNEL:                  144
INFO:root:[2025-11-10 05:17:07] WiFiBand.BAND_5_GHz  NOISE FLOOR (dBm):        -95
INFO:root:[2025-11-10 05:17:07] WiFiBand.BAND_5_GHz  AVG CLIENT SNR (dB):      0
INFO:root:[2025-11-10 05:17:07] WiFiBand.BAND_5_GHz  AVG COUNT:                0
INFO:root:[2025-11-10 05:17:07] WiFiBand.BAND_5_GHz  AVG THROUGHPUT (Mbps):    0
INFO:root:[2025-11-10 05:17:07] WiFiBand.BAND_5_GHz  CHANNEL UTILIZATION:      0
INFO:root:[2025-11-10 05:17:07] WiFiBand.BAND_5_GHz  INTERFERENCE:             0
INFO:root:[2025-11-10 05:17:07] WiFiBand.BAND_5_GHz  CLIENTS:                  set()
INFO:root:[2025-11-10 05:17:07] WiFiBand.BAND_5_GHz  QOE:                      0
INFO:root:[2025-11-10 05:17:07] WiFiBand.BAND_5_GHz  TX POWER (dBm):           0
INFO:root:[2025-11-10 05:17:07] WiFiBand.BAND_5_GHz  CHANNEL WIDTH (MHz):      0
INFO:root:[2025-11-10 05:17:07] WiFiBand.BAND_5_GHz  INTERFERENCE WEIGHT:      1
INFO:root:[2025-11-10 05:17:07] WiFiBand.BAND_5_GHz  DFS:                      1
INFO:root:
INFO:root:--------------------------------

INFO:root:[2025-11-10 05:17:07] WiFiBand.BAND_5_GHz  BAND:                     WiFiBand.BAND_5_GHz
INFO:root:[2025-11-10 05:17:07] WiFiBand.BAND_5_GHz  CHANNEL:                  149
INFO:root:[2025-11-10 05:17:07] WiFiBand.BAND_5_GHz  NOISE FLOOR (dBm):        -95
INFO:root:[2025-11-10 05:17:07] WiFiBand.BAND_5_GHz  AVG CLIENT SNR (dB):      0
INFO:root:[2025-11-10 05:17:07] WiFiBand.BAND_5_GHz  AVG COUNT:                0
INFO:root:[2025-11-10 05:17:07] WiFiBand.BAND_5_GHz  AVG THROUGHPUT (Mbps):    0
INFO:root:[2025-11-10 05:17:07] WiFiBand.BAND_5_GHz  CHANNEL UTILIZATION:      0
INFO:root:[2025-11-10 05:17:07] WiFiBand.BAND_5_GHz  INTERFERENCE:             0
INFO:root:[2025-11-10 05:17:07] WiFiBand.BAND_5_GHz  CLIENTS:                  set()
INFO:root:[2025-11-10 05:17:07] WiFiBand.BAND_5_GHz  QOE:                      0
INFO:root:[2025-11-10 05:17:07] WiFiBand.BAND_5_GHz  TX POWER (dBm):           0
INFO:root:[2025-11-10 05:17:07] WiFiBand.BAND_5_GHz  CHANNEL WIDTH (MHz):      0
INFO:root:[2025-11-10 05:17:07] WiFiBand.BAND_5_GHz  INTERFERENCE WEIGHT:      1
INFO:root:[2025-11-10 05:17:07] WiFiBand.BAND_5_GHz  DFS:                      0
INFO:root:
INFO:root:--------------------------------

INFO:root:[2025-11-10 05:17:07] WiFiBand.BAND_5_GHz  BAND:                     WiFiBand.BAND_5_GHz
INFO:root:[2025-11-10 05:17:07] WiFiBand.BAND_5_GHz  CHANNEL:                  153
INFO:root:[2025-11-10 05:17:07] WiFiBand.BAND_5_GHz  NOISE FLOOR (dBm):        -95
INFO:root:[2025-11-10 05:17:07] WiFiBand.BAND_5_GHz  AVG CLIENT SNR (dB):      0
INFO:root:[2025-11-10 05:17:07] WiFiBand.BAND_5_GHz  AVG COUNT:                0
INFO:root:[2025-11-10 05:17:07] WiFiBand.BAND_5_GHz  AVG THROUGHPUT (Mbps):    0
INFO:root:[2025-11-10 05:17:07] WiFiBand.BAND_5_GHz  CHANNEL UTILIZATION:      0
INFO:root:[2025-11-10 05:17:07] WiFiBand.BAND_5_GHz  INTERFERENCE:             0
INFO:root:[2025-11-10 05:17:07] WiFiBand.BAND_5_GHz  CLIENTS:                  set()
INFO:root:[2025-11-10 05:17:07] WiFiBand.BAND_5_GHz  QOE:                      0
INFO:root:[2025-11-10 05:17:07] WiFiBand.BAND_5_GHz  TX POWER (dBm):           0
INFO:root:[2025-11-10 05:17:07] WiFiBand.BAND_5_GHz  CHANNEL WIDTH (MHz):      0
INFO:root:[2025-11-10 05:17:07] WiFiBand.BAND_5_GHz  INTERFERENCE WEIGHT:      1
INFO:root:[2025-11-10 05:17:07] WiFiBand.BAND_5_GHz  DFS:                      0
INFO:root:
INFO:root:--------------------------------

INFO:root:[2025-11-10 05:17:07] WiFiBand.BAND_5_GHz  BAND:                     WiFiBand.BAND_5_GHz
INFO:root:[2025-11-10 05:17:07] WiFiBand.BAND_5_GHz  CHANNEL:                  157
INFO:root:[2025-11-10 05:17:07] WiFiBand.BAND_5_GHz  NOISE FLOOR (dBm):        -95
INFO:root:[2025-11-10 05:17:07] WiFiBand.BAND_5_GHz  AVG CLIENT SNR (dB):      0
INFO:root:[2025-11-10 05:17:07] WiFiBand.BAND_5_GHz  AVG COUNT:                0
INFO:root:[2025-11-10 05:17:07] WiFiBand.BAND_5_GHz  AVG THROUGHPUT (Mbps):    0
INFO:root:[2025-11-10 05:17:07] WiFiBand.BAND_5_GHz  CHANNEL UTILIZATION:      0
INFO:root:[2025-11-10 05:17:07] WiFiBand.BAND_5_GHz  INTERFERENCE:             0
INFO:root:[2025-11-10 05:17:07] WiFiBand.BAND_5_GHz  CLIENTS:                  set()
INFO:root:[2025-11-10 05:17:07] WiFiBand.BAND_5_GHz  QOE:                      0
INFO:root:[2025-11-10 05:17:07] WiFiBand.BAND_5_GHz  TX POWER (dBm):           0
INFO:root:[2025-11-10 05:17:07] WiFiBand.BAND_5_GHz  CHANNEL WIDTH (MHz):      0
INFO:root:[2025-11-10 05:17:07] WiFiBand.BAND_5_GHz  INTERFERENCE WEIGHT:      1
INFO:root:[2025-11-10 05:17:07] WiFiBand.BAND_5_GHz  DFS:                      0
INFO:root:
INFO:root:--------------------------------

INFO:root:[2025-11-10 05:17:07] WiFiBand.BAND_5_GHz  BAND:                     WiFiBand.BAND_5_GHz
INFO:root:[2025-11-10 05:17:07] WiFiBand.BAND_5_GHz  CHANNEL:                  161
INFO:root:[2025-11-10 05:17:07] WiFiBand.BAND_5_GHz  NOISE FLOOR (dBm):        -95
INFO:root:[2025-11-10 05:17:07] WiFiBand.BAND_5_GHz  AVG CLIENT SNR (dB):      0
INFO:root:[2025-11-10 05:17:07] WiFiBand.BAND_5_GHz  AVG COUNT:                0
INFO:root:[2025-11-10 05:17:07] WiFiBand.BAND_5_GHz  AVG THROUGHPUT (Mbps):    0
INFO:root:[2025-11-10 05:17:07] WiFiBand.BAND_5_GHz  CHANNEL UTILIZATION:      0
INFO:root:[2025-11-10 05:17:07] WiFiBand.BAND_5_GHz  INTERFERENCE:             0
INFO:root:[2025-11-10 05:17:07] WiFiBand.BAND_5_GHz  CLIENTS:                  set()
INFO:root:[2025-11-10 05:17:07] WiFiBand.BAND_5_GHz  QOE:                      0
INFO:root:[2025-11-10 05:17:07] WiFiBand.BAND_5_GHz  TX POWER (dBm):           0
INFO:root:[2025-11-10 05:17:07] WiFiBand.BAND_5_GHz  CHANNEL WIDTH (MHz):      0
INFO:root:[2025-11-10 05:17:07] WiFiBand.BAND_5_GHz  INTERFERENCE WEIGHT:      1
INFO:root:[2025-11-10 05:17:07] WiFiBand.BAND_5_GHz  DFS:                      0
INFO:root:
INFO:root:[INFO] All channel metrics saved to metrics.json
INFO:root:[All DFS Timers Cancelled]
INFO:root:Scanning channels...
INFO:root:For 2_4GHz...
INFO:root:Noisiest 2_4GHz channel... 2
INFO:root:--------------------------------

INFO:root:[2025-11-10 05:17:10] WiFiBand.BAND_2_4_GHz  BAND:                     WiFiBand.BAND_2_4_GHz
INFO:root:[2025-11-10 05:17:10] WiFiBand.BAND_2_4_GHz  CHANNEL:                  2
INFO:root:[2025-11-10 05:17:10] WiFiBand.BAND_2_4_GHz  NOISE FLOOR (dBm):        -95
INFO:root:[2025-11-10 05:17:10] WiFiBand.BAND_2_4_GHz  AVG CLIENT SNR (dB):      0
INFO:root:[2025-11-10 05:17:10] WiFiBand.BAND_2_4_GHz  AVG COUNT:                0
INFO:root:[2025-11-10 05:17:10] WiFiBand.BAND_2_4_GHz  AVG THROUGHPUT (Mbps):    0
INFO:root:[2025-11-10 05:17:10] WiFiBand.BAND_2_4_GHz  CHANNEL UTILIZATION:      0
INFO:root:[2025-11-10 05:17:10] WiFiBand.BAND_2_4_GHz  INTERFERENCE:             0
INFO:root:[2025-11-10 05:17:10] WiFiBand.BAND_2_4_GHz  CLIENTS:                  set()
INFO:root:[2025-11-10 05:17:10] WiFiBand.BAND_2_4_GHz  QOE:                      0
INFO:root:[2025-11-10 05:17:10] WiFiBand.BAND_2_4_GHz  TX POWER (dBm):           0
INFO:root:[2025-11-10 05:17:10] WiFiBand.BAND_2_4_GHz  CHANNEL WIDTH (MHz):      0
INFO:root:[2025-11-10 05:17:10] WiFiBand.BAND_2_4_GHz  INTERFERENCE WEIGHT:      1
INFO:root:[2025-11-10 05:17:10] WiFiBand.BAND_2_4_GHz  DFS:                      0
INFO:root:
WARNING:root:[ALERT][2025-11-10 05:17:10][Channel 2] Sudden change in SNR: 49.82 (avg=14.95, dev=233.3%)
WARNING:root:[ALERT][2025-11-10 05:17:10][Channel 2] Sudden change in TX_power: 17.00 (avg=5.10, dev=233.3%)
WARNING:root:[ALERT][2025-11-10 05:17:10][Channel 2] Sudden change in Throughput: 61.97 (avg=18.59, dev=233.3%)
WARNING:root:[ALERT][2025-11-10 05:17:10][Channel 2] Sudden change in QoE: 4.64 (avg=1.39, dev=233.3%)
WARNING:root:[ALERT][2025-11-10 05:17:10][Channel 2] Sudden change in P95_retry: 15.36 (avg=4.61, dev=233.3%)
WARNING:root:[ALERT][2025-11-10 05:17:10][Channel 2] Sudden change in P95_PER: 0.01 (avg=0.00, dev=233.3%)
WARNING:root:[CUSUM ALERT][2025-11-10 05:17:10][Channel 2] SNR ↑ shift detected! deviation=34.87
WARNING:root:[CUSUM ALERT][2025-11-10 05:17:10][Channel 2] TX_power ↑ shift detected! deviation=11.90
WARNING:root:[CUSUM ALERT][2025-11-10 05:17:10][Channel 2] Throughput ↑ shift detected! deviation=43.38
WARNING:root:[CUSUM ALERT][2025-11-10 05:17:10][Channel 2] P95_retry ↑ shift detected! deviation=10.76
WARNING:root:[ALERT][2025-11-10 05:17:10][Channel 2] Sudden change in QoE: 4.91 (avg=2.45, dev=100.5%)
WARNING:root:[ALERT][2025-11-10 05:17:10][Channel 2] Sudden change in P95_PER: 0.01 (avg=0.00, dev=72.3%)
WARNING:root:[CUSUM ALERT][2025-11-10 05:17:10][Channel 2] NoiseFloor ↑ shift detected! deviation=3.04
INFO:root:Scanning channels...
INFO:root:For 5GHz...
INFO:root:Noisiest 5GHz channel... 40
INFO:root:--------------------------------

INFO:root:[2025-11-10 05:17:10] WiFiBand.BAND_5_GHz  BAND:                     WiFiBand.BAND_5_GHz
INFO:root:[2025-11-10 05:17:10] WiFiBand.BAND_5_GHz  CHANNEL:                  40
INFO:root:[2025-11-10 05:17:10] WiFiBand.BAND_5_GHz  NOISE FLOOR (dBm):        -95
INFO:root:[2025-11-10 05:17:10] WiFiBand.BAND_5_GHz  AVG CLIENT SNR (dB):      0
INFO:root:[2025-11-10 05:17:10] WiFiBand.BAND_5_GHz  AVG COUNT:                0
INFO:root:[2025-11-10 05:17:10] WiFiBand.BAND_5_GHz  AVG THROUGHPUT (Mbps):    0
INFO:root:[2025-11-10 05:17:10] WiFiBand.BAND_5_GHz  CHANNEL UTILIZATION:      0
INFO:root:[2025-11-10 05:17:10] WiFiBand.BAND_5_GHz  INTERFERENCE:             0
INFO:root:[2025-11-10 05:17:10] WiFiBand.BAND_5_GHz  CLIENTS:                  set()
INFO:root:[2025-11-10 05:17:10] WiFiBand.BAND_5_GHz  QOE:                      0
INFO:root:[2025-11-10 05:17:10] WiFiBand.BAND_5_GHz  TX POWER (dBm):           0
INFO:root:[2025-11-10 05:17:10] WiFiBand.BAND_5_GHz  CHANNEL WIDTH (MHz):      0
INFO:root:[2025-11-10 05:17:10] WiFiBand.BAND_5_GHz  INTERFERENCE WEIGHT:      1
INFO:root:[2025-11-10 05:17:10] WiFiBand.BAND_5_GHz  DFS:                      0
INFO:root:
WARNING:root:[ALERT][2025-11-10 05:17:10][Channel 40] Sudden change in SNR: 45.49 (avg=13.65, dev=233.3%)
WARNING:root:[ALERT][2025-11-10 05:17:10][Channel 40] Sudden change in TX_power: 18.00 (avg=5.40, dev=233.3%)
WARNING:root:[ALERT][2025-11-10 05:17:10][Channel 40] Sudden change in Throughput: 360.81 (avg=108.24, dev=233.3%)
WARNING:root:[ALERT][2025-11-10 05:17:10][Channel 40] Sudden change in QoE: 4.52 (avg=1.36, dev=233.3%)
WARNING:root:[ALERT][2025-11-10 05:17:10][Channel 40] Sudden change in P95_retry: 17.82 (avg=5.34, dev=233.3%)
WARNING:root:[ALERT][2025-11-10 05:17:10][Channel 40] Sudden change in P95_PER: 0.05 (avg=0.01, dev=233.3%)
WARNING:root:[CUSUM ALERT][2025-11-10 05:17:10][Channel 40] SNR ↑ shift detected! deviation=31.84
WARNING:root:[CUSUM ALERT][2025-11-10 05:17:10][Channel 40] TX_power ↑ shift detected! deviation=12.60
WARNING:root:[CUSUM ALERT][2025-11-10 05:17:10][Channel 40] Throughput ↑ shift detected! deviation=252.56
WARNING:root:[CUSUM ALERT][2025-11-10 05:17:10][Channel 40] P95_retry ↑ shift detected! deviation=12.47
WARNING:root:[ALERT][2025-11-10 05:17:10][Channel 40] Sudden change in QoE: 4.18 (avg=2.20, dev=89.6%)
WARNING:root:[ALERT][2025-11-10 05:17:10][Channel 40] Sudden change in P95_PER: 0.03 (avg=0.02, dev=61.0%)
WARNING:root:[CUSUM ALERT][2025-11-10 05:17:10][Channel 40] NoiseFloor ↓ shift detected! deviation=-4.07
INFO:root:Initiating Sensing Orchestra...
WARNING:root:Might implement 6GHz in future...
INFO:root:Creating band: WiFiBand.BAND_2_4_GHz channel : 1
INFO:root:Creating band: WiFiBand.BAND_2_4_GHz channel : 2
INFO:root:Creating band: WiFiBand.BAND_2_4_GHz channel : 3
INFO:root:Creating band: WiFiBand.BAND_2_4_GHz channel : 4
INFO:root:Creating band: WiFiBand.BAND_2_4_GHz channel : 5
INFO:root:Creating band: WiFiBand.BAND_2_4_GHz channel : 6
INFO:root:Creating band: WiFiBand.BAND_2_4_GHz channel : 7
INFO:root:Creating band: WiFiBand.BAND_2_4_GHz channel : 8
INFO:root:Creating band: WiFiBand.BAND_2_4_GHz channel : 9
INFO:root:Creating band: WiFiBand.BAND_2_4_GHz channel : 10
INFO:root:Creating band: WiFiBand.BAND_2_4_GHz channel : 11
INFO:root:Creating band: WiFiBand.BAND_2_4_GHz channel : 12
INFO:root:Creating band: WiFiBand.BAND_2_4_GHz channel : 13
INFO:root:Creating band: WiFiBand.BAND_2_4_GHz channel : 14
INFO:root:Creating band: WiFiBand.BAND_5_GHz channel : 36
INFO:root:Creating band: WiFiBand.BAND_5_GHz channel : 40
INFO:root:Creating band: WiFiBand.BAND_5_GHz channel : 44
INFO:root:Creating band: WiFiBand.BAND_5_GHz channel : 48
INFO:root:Creating band: WiFiBand.BAND_5_GHz channel : 52
INFO:root:Creating band: WiFiBand.BAND_5_GHz channel : 56
INFO:root:Creating band: WiFiBand.BAND_5_GHz channel : 60
INFO:root:Creating band: WiFiBand.BAND_5_GHz channel : 64
INFO:root:Creating band: WiFiBand.BAND_5_GHz channel : 100
INFO:root:Creating band: WiFiBand.BAND_5_GHz channel : 104
INFO:root:Creating band: WiFiBand.BAND_5_GHz channel : 108
INFO:root:Creating band: WiFiBand.BAND_5_GHz channel : 112
INFO:root:Creating band: WiFiBand.BAND_5_GHz channel : 116
INFO:root:Creating band: WiFiBand.BAND_5_GHz channel : 120
INFO:root:Creating band: WiFiBand.BAND_5_GHz channel : 124
INFO:root:Creating band: WiFiBand.BAND_5_GHz channel : 128
INFO:root:Creating band: WiFiBand.BAND_5_GHz channel : 132
INFO:root:Creating band: WiFiBand.BAND_5_GHz channel : 136
INFO:root:Creating band: WiFiBand.BAND_5_GHz channel : 140
INFO:root:Creating band: WiFiBand.BAND_5_GHz channel : 144
INFO:root:Creating band: WiFiBand.BAND_5_GHz channel : 149
INFO:root:Creating band: WiFiBand.BAND_5_GHz channel : 153
INFO:root:Creating band: WiFiBand.BAND_5_GHz channel : 157
INFO:root:Creating band: WiFiBand.BAND_5_GHz channel : 161
INFO:root:Initiating MAB...
INFO:root:Initiating MAB...
INFO:root:Serving Client Request...
INFO:root:Scanning channels...
INFO:root:For 2_4GHz...
INFO:root:Noisiest 2_4GHz channel... 1
INFO:root:--------------------------------

INFO:root:[2025-11-10 05:17:26] WiFiBand.BAND_2_4_GHz  BAND:                     WiFiBand.BAND_2_4_GHz
INFO:root:[2025-11-10 05:17:26] WiFiBand.BAND_2_4_GHz  CHANNEL:                  1
INFO:root:[2025-11-10 05:17:26] WiFiBand.BAND_2_4_GHz  NOISE FLOOR (dBm):        -95
INFO:root:[2025-11-10 05:17:26] WiFiBand.BAND_2_4_GHz  AVG CLIENT SNR (dB):      0
INFO:root:[2025-11-10 05:17:26] WiFiBand.BAND_2_4_GHz  AVG COUNT:                0
INFO:root:[2025-11-10 05:17:26] WiFiBand.BAND_2_4_GHz  AVG THROUGHPUT (Mbps):    0
INFO:root:[2025-11-10 05:17:26] WiFiBand.BAND_2_4_GHz  CHANNEL UTILIZATION:      0
INFO:root:[2025-11-10 05:17:26] WiFiBand.BAND_2_4_GHz  INTERFERENCE:             0
INFO:root:[2025-11-10 05:17:26] WiFiBand.BAND_2_4_GHz  CLIENTS:                  set()
INFO:root:[2025-11-10 05:17:26] WiFiBand.BAND_2_4_GHz  QOE:                      0
INFO:root:[2025-11-10 05:17:26] WiFiBand.BAND_2_4_GHz  TX POWER (dBm):           0
INFO:root:[2025-11-10 05:17:26] WiFiBand.BAND_2_4_GHz  CHANNEL WIDTH (MHz):      0
INFO:root:[2025-11-10 05:17:26] WiFiBand.BAND_2_4_GHz  INTERFERENCE WEIGHT:      1
INFO:root:[2025-11-10 05:17:26] WiFiBand.BAND_2_4_GHz  DFS:                      0
INFO:root:
WARNING:root:[ALERT][2025-11-10 05:17:26][Channel 1] Sudden change in SNR: 54.82 (avg=16.45, dev=233.3%)
WARNING:root:[ALERT][2025-11-10 05:17:26][Channel 1] Sudden change in TX_power: 20.00 (avg=6.00, dev=233.3%)
WARNING:root:[ALERT][2025-11-10 05:17:26][Channel 1] Sudden change in Throughput: 51.89 (avg=15.57, dev=233.3%)
WARNING:root:[ALERT][2025-11-10 05:17:26][Channel 1] Sudden change in QoE: 4.11 (avg=1.23, dev=233.3%)
WARNING:root:[ALERT][2025-11-10 05:17:26][Channel 1] Sudden change in P95_retry: 32.25 (avg=9.67, dev=233.3%)
WARNING:root:[ALERT][2025-11-10 05:17:26][Channel 1] Sudden change in P95_PER: 0.00 (avg=0.00, dev=233.3%)
WARNING:root:[CUSUM ALERT][2025-11-10 05:17:26][Channel 1] SNR ↑ shift detected! deviation=38.38
WARNING:root:[CUSUM ALERT][2025-11-10 05:17:26][Channel 1] TX_power ↑ shift detected! deviation=14.00
WARNING:root:[CUSUM ALERT][2025-11-10 05:17:26][Channel 1] Throughput ↑ shift detected! deviation=36.33
WARNING:root:[CUSUM ALERT][2025-11-10 05:17:26][Channel 1] P95_retry ↑ shift detected! deviation=22.57
WARNING:root:[ALERT][2025-11-10 05:17:26][Channel 1] Sudden change in QoE: 4.58 (avg=2.23, dev=104.8%)
WARNING:root:[ALERT][2025-11-10 05:17:26][Channel 1] Sudden change in P95_PER: 0.00 (avg=0.00, dev=119.4%)
WARNING:root:[CUSUM ALERT][2025-11-10 05:17:26][Channel 1] NoiseFloor ↓ shift detected! deviation=-3.04
INFO:root:Scanning channels...
INFO:root:For 5GHz...
INFO:root:Noisiest 5GHz channel... 36
INFO:root:--------------------------------

INFO:root:[2025-11-10 05:17:26] WiFiBand.BAND_5_GHz  BAND:                     WiFiBand.BAND_5_GHz
INFO:root:[2025-11-10 05:17:26] WiFiBand.BAND_5_GHz  CHANNEL:                  36
INFO:root:[2025-11-10 05:17:26] WiFiBand.BAND_5_GHz  NOISE FLOOR (dBm):        -95
INFO:root:[2025-11-10 05:17:26] WiFiBand.BAND_5_GHz  AVG CLIENT SNR (dB):      0
INFO:root:[2025-11-10 05:17:26] WiFiBand.BAND_5_GHz  AVG COUNT:                0
INFO:root:[2025-11-10 05:17:26] WiFiBand.BAND_5_GHz  AVG THROUGHPUT (Mbps):    0
INFO:root:[2025-11-10 05:17:26] WiFiBand.BAND_5_GHz  CHANNEL UTILIZATION:      0
INFO:root:[2025-11-10 05:17:26] WiFiBand.BAND_5_GHz  INTERFERENCE:             0
INFO:root:[2025-11-10 05:17:26] WiFiBand.BAND_5_GHz  CLIENTS:                  set()
INFO:root:[2025-11-10 05:17:26] WiFiBand.BAND_5_GHz  QOE:                      0
INFO:root:[2025-11-10 05:17:26] WiFiBand.BAND_5_GHz  TX POWER (dBm):           0
INFO:root:[2025-11-10 05:17:26] WiFiBand.BAND_5_GHz  CHANNEL WIDTH (MHz):      0
INFO:root:[2025-11-10 05:17:26] WiFiBand.BAND_5_GHz  INTERFERENCE WEIGHT:      1
INFO:root:[2025-11-10 05:17:26] WiFiBand.BAND_5_GHz  DFS:                      0
INFO:root:
WARNING:root:[ALERT][2025-11-10 05:17:26][Channel 36] Sudden change in SNR: 46.81 (avg=14.04, dev=233.3%)
WARNING:root:[ALERT][2025-11-10 05:17:26][Channel 36] Sudden change in TX_power: 21.00 (avg=6.30, dev=233.3%)
WARNING:root:[ALERT][2025-11-10 05:17:26][Channel 36] Sudden change in Throughput: 298.10 (avg=89.43, dev=233.3%)
WARNING:root:[ALERT][2025-11-10 05:17:26][Channel 36] Sudden change in QoE: 4.00 (avg=1.20, dev=233.3%)
WARNING:root:[ALERT][2025-11-10 05:17:26][Channel 36] Sudden change in P95_retry: 36.35 (avg=10.91, dev=233.3%)
WARNING:root:[ALERT][2025-11-10 05:17:26][Channel 36] Sudden change in P95_PER: 0.01 (avg=0.00, dev=233.3%)
WARNING:root:[CUSUM ALERT][2025-11-10 05:17:26][Channel 36] SNR ↑ shift detected! deviation=32.77
WARNING:root:[CUSUM ALERT][2025-11-10 05:17:26][Channel 36] TX_power ↑ shift detected! deviation=14.70
WARNING:root:[CUSUM ALERT][2025-11-10 05:17:26][Channel 36] Throughput ↑ shift detected! deviation=208.67
WARNING:root:[CUSUM ALERT][2025-11-10 05:17:26][Channel 36] P95_retry ↑ shift detected! deviation=25.45
WARNING:root:[ALERT][2025-11-10 05:17:26][Channel 36] Sudden change in QoE: 4.62 (avg=2.23, dev=107.7%)
WARNING:root:[ALERT][2025-11-10 05:17:26][Channel 36] Sudden change in P95_PER: 0.02 (avg=0.01, dev=140.4%)
WARNING:root:[CUSUM ALERT][2025-11-10 05:17:26][Channel 36] NoiseFloor ↑ shift detected! deviation=3.01
INFO:root:Serving Client Request...
INFO:root:Scanning channels...
INFO:root:For 2_4GHz...
INFO:root:Noisiest 2_4GHz channel... 2
INFO:root:--------------------------------

INFO:root:[2025-11-10 05:17:32] WiFiBand.BAND_2_4_GHz  BAND:                     WiFiBand.BAND_2_4_GHz
INFO:root:[2025-11-10 05:17:32] WiFiBand.BAND_2_4_GHz  CHANNEL:                  2
INFO:root:[2025-11-10 05:17:32] WiFiBand.BAND_2_4_GHz  NOISE FLOOR (dBm):        -95
INFO:root:[2025-11-10 05:17:32] WiFiBand.BAND_2_4_GHz  AVG CLIENT SNR (dB):      0
INFO:root:[2025-11-10 05:17:32] WiFiBand.BAND_2_4_GHz  AVG COUNT:                0
INFO:root:[2025-11-10 05:17:32] WiFiBand.BAND_2_4_GHz  AVG THROUGHPUT (Mbps):    0
INFO:root:[2025-11-10 05:17:32] WiFiBand.BAND_2_4_GHz  CHANNEL UTILIZATION:      0
INFO:root:[2025-11-10 05:17:32] WiFiBand.BAND_2_4_GHz  INTERFERENCE:             0
INFO:root:[2025-11-10 05:17:32] WiFiBand.BAND_2_4_GHz  CLIENTS:                  set()
INFO:root:[2025-11-10 05:17:32] WiFiBand.BAND_2_4_GHz  QOE:                      0
INFO:root:[2025-11-10 05:17:32] WiFiBand.BAND_2_4_GHz  TX POWER (dBm):           0
INFO:root:[2025-11-10 05:17:32] WiFiBand.BAND_2_4_GHz  CHANNEL WIDTH (MHz):      0
INFO:root:[2025-11-10 05:17:32] WiFiBand.BAND_2_4_GHz  INTERFERENCE WEIGHT:      1
INFO:root:[2025-11-10 05:17:32] WiFiBand.BAND_2_4_GHz  DFS:                      0
INFO:root:
WARNING:root:[ALERT][2025-11-10 05:17:32][Channel 2] Sudden change in SNR: 49.82 (avg=14.95, dev=233.3%)
WARNING:root:[ALERT][2025-11-10 05:17:32][Channel 2] Sudden change in TX_power: 17.00 (avg=5.10, dev=233.3%)
WARNING:root:[ALERT][2025-11-10 05:17:32][Channel 2] Sudden change in Throughput: 61.97 (avg=18.59, dev=233.3%)
WARNING:root:[ALERT][2025-11-10 05:17:32][Channel 2] Sudden change in QoE: 4.64 (avg=1.39, dev=233.3%)
WARNING:root:[ALERT][2025-11-10 05:17:32][Channel 2] Sudden change in P95_retry: 15.36 (avg=4.61, dev=233.3%)
WARNING:root:[ALERT][2025-11-10 05:17:32][Channel 2] Sudden change in P95_PER: 0.01 (avg=0.00, dev=233.3%)
WARNING:root:[CUSUM ALERT][2025-11-10 05:17:32][Channel 2] SNR ↑ shift detected! deviation=34.87
WARNING:root:[CUSUM ALERT][2025-11-10 05:17:32][Channel 2] TX_power ↑ shift detected! deviation=11.90
WARNING:root:[CUSUM ALERT][2025-11-10 05:17:32][Channel 2] Throughput ↑ shift detected! deviation=43.38
WARNING:root:[CUSUM ALERT][2025-11-10 05:17:32][Channel 2] P95_retry ↑ shift detected! deviation=10.76
WARNING:root:[ALERT][2025-11-10 05:17:32][Channel 2] Sudden change in QoE: 4.91 (avg=2.45, dev=100.5%)
WARNING:root:[ALERT][2025-11-10 05:17:32][Channel 2] Sudden change in P95_PER: 0.01 (avg=0.00, dev=72.3%)
WARNING:root:[CUSUM ALERT][2025-11-10 05:17:32][Channel 2] NoiseFloor ↑ shift detected! deviation=3.04
INFO:root:Scanning channels...
INFO:root:For 5GHz...
INFO:root:Noisiest 5GHz channel... 40
INFO:root:--------------------------------

INFO:root:[2025-11-10 05:17:32] WiFiBand.BAND_5_GHz  BAND:                     WiFiBand.BAND_5_GHz
INFO:root:[2025-11-10 05:17:32] WiFiBand.BAND_5_GHz  CHANNEL:                  40
INFO:root:[2025-11-10 05:17:32] WiFiBand.BAND_5_GHz  NOISE FLOOR (dBm):        -95
INFO:root:[2025-11-10 05:17:32] WiFiBand.BAND_5_GHz  AVG CLIENT SNR (dB):      0
INFO:root:[2025-11-10 05:17:32] WiFiBand.BAND_5_GHz  AVG COUNT:                0
INFO:root:[2025-11-10 05:17:32] WiFiBand.BAND_5_GHz  AVG THROUGHPUT (Mbps):    0
INFO:root:[2025-11-10 05:17:32] WiFiBand.BAND_5_GHz  CHANNEL UTILIZATION:      0
INFO:root:[2025-11-10 05:17:32] WiFiBand.BAND_5_GHz  INTERFERENCE:             0
INFO:root:[2025-11-10 05:17:32] WiFiBand.BAND_5_GHz  CLIENTS:                  set()
INFO:root:[2025-11-10 05:17:32] WiFiBand.BAND_5_GHz  QOE:                      0
INFO:root:[2025-11-10 05:17:32] WiFiBand.BAND_5_GHz  TX POWER (dBm):           0
INFO:root:[2025-11-10 05:17:32] WiFiBand.BAND_5_GHz  CHANNEL WIDTH (MHz):      0
INFO:root:[2025-11-10 05:17:32] WiFiBand.BAND_5_GHz  INTERFERENCE WEIGHT:      1
INFO:root:[2025-11-10 05:17:32] WiFiBand.BAND_5_GHz  DFS:                      0
INFO:root:
WARNING:root:[ALERT][2025-11-10 05:17:32][Channel 40] Sudden change in SNR: 45.49 (avg=13.65, dev=233.3%)
WARNING:root:[ALERT][2025-11-10 05:17:32][Channel 40] Sudden change in TX_power: 18.00 (avg=5.40, dev=233.3%)
WARNING:root:[ALERT][2025-11-10 05:17:32][Channel 40] Sudden change in Throughput: 360.81 (avg=108.24, dev=233.3%)
WARNING:root:[ALERT][2025-11-10 05:17:32][Channel 40] Sudden change in QoE: 4.52 (avg=1.36, dev=233.3%)
WARNING:root:[ALERT][2025-11-10 05:17:32][Channel 40] Sudden change in P95_retry: 17.82 (avg=5.34, dev=233.3%)
WARNING:root:[ALERT][2025-11-10 05:17:32][Channel 40] Sudden change in P95_PER: 0.05 (avg=0.01, dev=233.3%)
WARNING:root:[CUSUM ALERT][2025-11-10 05:17:32][Channel 40] SNR ↑ shift detected! deviation=31.84
WARNING:root:[CUSUM ALERT][2025-11-10 05:17:32][Channel 40] TX_power ↑ shift detected! deviation=12.60
WARNING:root:[CUSUM ALERT][2025-11-10 05:17:32][Channel 40] Throughput ↑ shift detected! deviation=252.56
WARNING:root:[CUSUM ALERT][2025-11-10 05:17:32][Channel 40] P95_retry ↑ shift detected! deviation=12.47
WARNING:root:[ALERT][2025-11-10 05:17:32][Channel 40] Sudden change in QoE: 4.18 (avg=2.20, dev=89.6%)
WARNING:root:[ALERT][2025-11-10 05:17:32][Channel 40] Sudden change in P95_PER: 0.03 (avg=0.02, dev=61.0%)
WARNING:root:[CUSUM ALERT][2025-11-10 05:17:32][Channel 40] NoiseFloor ↓ shift detected! deviation=-4.07
INFO:root:Serving Client Request...
INFO:root:Scanning channels...
INFO:root:For 2_4GHz...
INFO:root:Noisiest 2_4GHz channel... 3
INFO:root:--------------------------------

INFO:root:[2025-11-10 05:17:39] WiFiBand.BAND_2_4_GHz  BAND:                     WiFiBand.BAND_2_4_GHz
INFO:root:[2025-11-10 05:17:39] WiFiBand.BAND_2_4_GHz  CHANNEL:                  3
INFO:root:[2025-11-10 05:17:39] WiFiBand.BAND_2_4_GHz  NOISE FLOOR (dBm):        -95
INFO:root:[2025-11-10 05:17:39] WiFiBand.BAND_2_4_GHz  AVG CLIENT SNR (dB):      0
INFO:root:[2025-11-10 05:17:39] WiFiBand.BAND_2_4_GHz  AVG COUNT:                0
INFO:root:[2025-11-10 05:17:39] WiFiBand.BAND_2_4_GHz  AVG THROUGHPUT (Mbps):    0
INFO:root:[2025-11-10 05:17:39] WiFiBand.BAND_2_4_GHz  CHANNEL UTILIZATION:      0
INFO:root:[2025-11-10 05:17:39] WiFiBand.BAND_2_4_GHz  INTERFERENCE:             0
INFO:root:[2025-11-10 05:17:39] WiFiBand.BAND_2_4_GHz  CLIENTS:                  set()
INFO:root:[2025-11-10 05:17:39] WiFiBand.BAND_2_4_GHz  QOE:                      0
INFO:root:[2025-11-10 05:17:39] WiFiBand.BAND_2_4_GHz  TX POWER (dBm):           0
INFO:root:[2025-11-10 05:17:39] WiFiBand.BAND_2_4_GHz  CHANNEL WIDTH (MHz):      0
INFO:root:[2025-11-10 05:17:39] WiFiBand.BAND_2_4_GHz  INTERFERENCE WEIGHT:      1
INFO:root:[2025-11-10 05:17:39] WiFiBand.BAND_2_4_GHz  DFS:                      0
INFO:root:
WARNING:root:[ALERT][2025-11-10 05:17:39][Channel 3] Sudden change in SNR: 49.50 (avg=14.85, dev=233.3%)
WARNING:root:[ALERT][2025-11-10 05:17:39][Channel 3] Sudden change in TX_power: 18.00 (avg=5.40, dev=233.3%)
WARNING:root:[ALERT][2025-11-10 05:17:39][Channel 3] Sudden change in Throughput: 50.67 (avg=15.20, dev=233.3%)
WARNING:root:[ALERT][2025-11-10 05:17:39][Channel 3] Sudden change in QoE: 4.07 (avg=1.22, dev=233.3%)
WARNING:root:[ALERT][2025-11-10 05:17:39][Channel 3] Sudden change in P95_retry: 34.15 (avg=10.25, dev=233.3%)
WARNING:root:[ALERT][2025-11-10 05:17:39][Channel 3] Sudden change in P95_PER: 0.01 (avg=0.00, dev=233.3%)
WARNING:root:[CUSUM ALERT][2025-11-10 05:17:39][Channel 3] SNR ↑ shift detected! deviation=34.65
WARNING:root:[CUSUM ALERT][2025-11-10 05:17:39][Channel 3] TX_power ↑ shift detected! deviation=12.60
WARNING:root:[CUSUM ALERT][2025-11-10 05:17:39][Channel 3] Throughput ↑ shift detected! deviation=35.47
WARNING:root:[CUSUM ALERT][2025-11-10 05:17:39][Channel 3] P95_retry ↑ shift detected! deviation=23.91
WARNING:root:[ALERT][2025-11-10 05:17:39][Channel 3] Sudden change in QoE: 4.70 (avg=2.26, dev=107.6%)
WARNING:root:[ALERT][2025-11-10 05:17:39][Channel 3] Sudden change in P95_PER: 0.00 (avg=0.00, dev=25.7%)
WARNING:root:[CUSUM ALERT][2025-11-10 05:17:39][Channel 3] NoiseFloor ↓ shift detected! deviation=-3.50
INFO:root:Scanning channels...
INFO:root:For 5GHz...
INFO:root:Noisiest 5GHz channel... 44
INFO:root:--------------------------------

INFO:root:[2025-11-10 05:17:39] WiFiBand.BAND_5_GHz  BAND:                     WiFiBand.BAND_5_GHz
INFO:root:[2025-11-10 05:17:39] WiFiBand.BAND_5_GHz  CHANNEL:                  44
INFO:root:[2025-11-10 05:17:39] WiFiBand.BAND_5_GHz  NOISE FLOOR (dBm):        -95
INFO:root:[2025-11-10 05:17:39] WiFiBand.BAND_5_GHz  AVG CLIENT SNR (dB):      0
INFO:root:[2025-11-10 05:17:39] WiFiBand.BAND_5_GHz  AVG COUNT:                0
INFO:root:[2025-11-10 05:17:39] WiFiBand.BAND_5_GHz  AVG THROUGHPUT (Mbps):    0
INFO:root:[2025-11-10 05:17:39] WiFiBand.BAND_5_GHz  CHANNEL UTILIZATION:      0
INFO:root:[2025-11-10 05:17:39] WiFiBand.BAND_5_GHz  INTERFERENCE:             0
INFO:root:[2025-11-10 05:17:39] WiFiBand.BAND_5_GHz  CLIENTS:                  set()
INFO:root:[2025-11-10 05:17:39] WiFiBand.BAND_5_GHz  QOE:                      0
INFO:root:[2025-11-10 05:17:39] WiFiBand.BAND_5_GHz  TX POWER (dBm):           0
INFO:root:[2025-11-10 05:17:39] WiFiBand.BAND_5_GHz  CHANNEL WIDTH (MHz):      0
INFO:root:[2025-11-10 05:17:39] WiFiBand.BAND_5_GHz  INTERFERENCE WEIGHT:      1
INFO:root:[2025-11-10 05:17:39] WiFiBand.BAND_5_GHz  DFS:                      0
INFO:root:
WARNING:root:[ALERT][2025-11-10 05:17:39][Channel 44] Sudden change in SNR: 42.36 (avg=12.71, dev=233.3%)
WARNING:root:[ALERT][2025-11-10 05:17:39][Channel 44] Sudden change in TX_power: 19.00 (avg=5.70, dev=233.3%)
WARNING:root:[ALERT][2025-11-10 05:17:39][Channel 44] Sudden change in Throughput: 1017.38 (avg=305.21, dev=233.3%)
WARNING:root:[ALERT][2025-11-10 05:17:39][Channel 44] Sudden change in QoE: 4.33 (avg=1.30, dev=233.3%)
WARNING:root:[ALERT][2025-11-10 05:17:39][Channel 44] Sudden change in P95_retry: 24.10 (avg=7.23, dev=233.3%)
WARNING:root:[ALERT][2025-11-10 05:17:39][Channel 44] Sudden change in P95_PER: 0.16 (avg=0.05, dev=233.3%)
WARNING:root:[CUSUM ALERT][2025-11-10 05:17:39][Channel 44] SNR ↑ shift detected! deviation=29.65
WARNING:root:[CUSUM ALERT][2025-11-10 05:17:39][Channel 44] TX_power ↑ shift detected! deviation=13.30
WARNING:root:[CUSUM ALERT][2025-11-10 05:17:39][Channel 44] Throughput ↑ shift detected! deviation=712.16
WARNING:root:[CUSUM ALERT][2025-11-10 05:17:39][Channel 44] P95_retry ↑ shift detected! deviation=16.87
WARNING:root:[ALERT][2025-11-10 05:17:39][Channel 44] Sudden change in QoE: 4.33 (avg=2.21, dev=96.2%)
WARNING:root:[ALERT][2025-11-10 05:17:39][Channel 44] Sudden change in P95_PER: 0.13 (avg=0.07, dev=76.4%)
WARNING:root:[CUSUM ALERT][2025-11-10 05:17:39][Channel 44] NoiseFloor ↑ shift detected! deviation=2.87
INFO:root:Serving Client Request...
INFO:root:Scanning channels...
INFO:root:For 2_4GHz...
INFO:root:Noisiest 2_4GHz channel... 4
INFO:root:--------------------------------

INFO:root:[2025-11-10 05:17:45] WiFiBand.BAND_2_4_GHz  BAND:                     WiFiBand.BAND_2_4_GHz
INFO:root:[2025-11-10 05:17:45] WiFiBand.BAND_2_4_GHz  CHANNEL:                  4
INFO:root:[2025-11-10 05:17:45] WiFiBand.BAND_2_4_GHz  NOISE FLOOR (dBm):        -95
INFO:root:[2025-11-10 05:17:45] WiFiBand.BAND_2_4_GHz  AVG CLIENT SNR (dB):      0
INFO:root:[2025-11-10 05:17:45] WiFiBand.BAND_2_4_GHz  AVG COUNT:                0
INFO:root:[2025-11-10 05:17:45] WiFiBand.BAND_2_4_GHz  AVG THROUGHPUT (Mbps):    0
INFO:root:[2025-11-10 05:17:45] WiFiBand.BAND_2_4_GHz  CHANNEL UTILIZATION:      0
INFO:root:[2025-11-10 05:17:45] WiFiBand.BAND_2_4_GHz  INTERFERENCE:             0
INFO:root:[2025-11-10 05:17:45] WiFiBand.BAND_2_4_GHz  CLIENTS:                  set()
INFO:root:[2025-11-10 05:17:45] WiFiBand.BAND_2_4_GHz  QOE:                      0
INFO:root:[2025-11-10 05:17:45] WiFiBand.BAND_2_4_GHz  TX POWER (dBm):           0
INFO:root:[2025-11-10 05:17:45] WiFiBand.BAND_2_4_GHz  CHANNEL WIDTH (MHz):      0
INFO:root:[2025-11-10 05:17:45] WiFiBand.BAND_2_4_GHz  INTERFERENCE WEIGHT:      1
INFO:root:[2025-11-10 05:17:45] WiFiBand.BAND_2_4_GHz  DFS:                      0
INFO:root:
WARNING:root:[ALERT][2025-11-10 05:17:45][Channel 4] Sudden change in SNR: 52.72 (avg=15.82, dev=233.3%)
WARNING:root:[ALERT][2025-11-10 05:17:45][Channel 4] Sudden change in TX_power: 20.00 (avg=6.00, dev=233.3%)
WARNING:root:[ALERT][2025-11-10 05:17:45][Channel 4] Sudden change in Throughput: 65.66 (avg=19.70, dev=233.3%)
WARNING:root:[ALERT][2025-11-10 05:17:45][Channel 4] Sudden change in QoE: 4.81 (avg=1.44, dev=233.3%)
WARNING:root:[ALERT][2025-11-10 05:17:45][Channel 4] Sudden change in P95_retry: 10.10 (avg=3.03, dev=233.3%)
WARNING:root:[ALERT][2025-11-10 05:17:45][Channel 4] Sudden change in P95_PER: 0.00 (avg=0.00, dev=233.3%)
WARNING:root:[CUSUM ALERT][2025-11-10 05:17:45][Channel 4] SNR ↑ shift detected! deviation=36.91
WARNING:root:[CUSUM ALERT][2025-11-10 05:17:45][Channel 4] TX_power ↑ shift detected! deviation=14.00
WARNING:root:[CUSUM ALERT][2025-11-10 05:17:45][Channel 4] Throughput ↑ shift detected! deviation=45.96
WARNING:root:[CUSUM ALERT][2025-11-10 05:17:45][Channel 4] P95_retry ↑ shift detected! deviation=7.07
WARNING:root:[ALERT][2025-11-10 05:17:45][Channel 4] Sudden change in QoE: 4.68 (avg=2.41, dev=93.8%)
WARNING:root:[ALERT][2025-11-10 05:17:45][Channel 4] Sudden change in P95_PER: 0.00 (avg=0.00, dev=79.4%)
WARNING:root:[CUSUM ALERT][2025-11-10 05:17:45][Channel 4] NoiseFloor ↓ shift detected! deviation=-2.57
INFO:root:Scanning channels...
INFO:root:For 5GHz...
INFO:root:Noisiest 5GHz channel... 48
INFO:root:--------------------------------

INFO:root:[2025-11-10 05:17:45] WiFiBand.BAND_5_GHz  BAND:                     WiFiBand.BAND_5_GHz
INFO:root:[2025-11-10 05:17:45] WiFiBand.BAND_5_GHz  CHANNEL:                  48
INFO:root:[2025-11-10 05:17:45] WiFiBand.BAND_5_GHz  NOISE FLOOR (dBm):        -95
INFO:root:[2025-11-10 05:17:45] WiFiBand.BAND_5_GHz  AVG CLIENT SNR (dB):      0
INFO:root:[2025-11-10 05:17:45] WiFiBand.BAND_5_GHz  AVG COUNT:                0
INFO:root:[2025-11-10 05:17:45] WiFiBand.BAND_5_GHz  AVG THROUGHPUT (Mbps):    0
INFO:root:[2025-11-10 05:17:45] WiFiBand.BAND_5_GHz  CHANNEL UTILIZATION:      0
INFO:root:[2025-11-10 05:17:45] WiFiBand.BAND_5_GHz  INTERFERENCE:             0
INFO:root:[2025-11-10 05:17:45] WiFiBand.BAND_5_GHz  CLIENTS:                  set()
INFO:root:[2025-11-10 05:17:45] WiFiBand.BAND_5_GHz  QOE:                      0
INFO:root:[2025-11-10 05:17:45] WiFiBand.BAND_5_GHz  TX POWER (dBm):           0
INFO:root:[2025-11-10 05:17:45] WiFiBand.BAND_5_GHz  CHANNEL WIDTH (MHz):      0
INFO:root:[2025-11-10 05:17:45] WiFiBand.BAND_5_GHz  INTERFERENCE WEIGHT:      1
INFO:root:[2025-11-10 05:17:45] WiFiBand.BAND_5_GHz  DFS:                      0
INFO:root:
WARNING:root:[ALERT][2025-11-10 05:17:45][Channel 48] Sudden change in SNR: 41.91 (avg=12.57, dev=233.3%)
WARNING:root:[ALERT][2025-11-10 05:17:45][Channel 48] Sudden change in TX_power: 18.00 (avg=5.40, dev=233.3%)
WARNING:root:[ALERT][2025-11-10 05:17:45][Channel 48] Sudden change in Throughput: 349.70 (avg=104.91, dev=233.3%)
WARNING:root:[ALERT][2025-11-10 05:17:45][Channel 48] Sudden change in QoE: 4.43 (avg=1.33, dev=233.3%)
WARNING:root:[ALERT][2025-11-10 05:17:45][Channel 48] Sudden change in P95_retry: 21.64 (avg=6.49, dev=233.3%)
WARNING:root:[ALERT][2025-11-10 05:17:45][Channel 48] Sudden change in P95_PER: 0.05 (avg=0.02, dev=233.3%)
WARNING:root:[CUSUM ALERT][2025-11-10 05:17:45][Channel 48] SNR ↑ shift detected! deviation=29.34
WARNING:root:[CUSUM ALERT][2025-11-10 05:17:45][Channel 48] TX_power ↑ shift detected! deviation=12.60
WARNING:root:[CUSUM ALERT][2025-11-10 05:17:45][Channel 48] Throughput ↑ shift detected! deviation=244.79
WARNING:root:[CUSUM ALERT][2025-11-10 05:17:45][Channel 48] P95_retry ↑ shift detected! deviation=15.15
WARNING:root:[ALERT][2025-11-10 05:17:45][Channel 48] Sudden change in QoE: 4.48 (avg=2.28, dev=97.0%)
WARNING:root:[ALERT][2025-11-10 05:17:45][Channel 48] Sudden change in P95_PER: 0.05 (avg=0.03, dev=85.5%)
WARNING:root:[CUSUM ALERT][2025-11-10 05:17:45][Channel 48] NoiseFloor ↓ shift detected! deviation=-1.91
INFO:root:Serving Client Request...
INFO:root:Scanning channels...
INFO:root:For 2_4GHz...
INFO:root:Noisiest 2_4GHz channel... 5
INFO:root:--------------------------------

INFO:root:[2025-11-10 05:17:51] WiFiBand.BAND_2_4_GHz  BAND:                     WiFiBand.BAND_2_4_GHz
INFO:root:[2025-11-10 05:17:51] WiFiBand.BAND_2_4_GHz  CHANNEL:                  5
INFO:root:[2025-11-10 05:17:51] WiFiBand.BAND_2_4_GHz  NOISE FLOOR (dBm):        -95
INFO:root:[2025-11-10 05:17:51] WiFiBand.BAND_2_4_GHz  AVG CLIENT SNR (dB):      0
INFO:root:[2025-11-10 05:17:51] WiFiBand.BAND_2_4_GHz  AVG COUNT:                0
INFO:root:[2025-11-10 05:17:51] WiFiBand.BAND_2_4_GHz  AVG THROUGHPUT (Mbps):    0
INFO:root:[2025-11-10 05:17:51] WiFiBand.BAND_2_4_GHz  CHANNEL UTILIZATION:      0
INFO:root:[2025-11-10 05:17:51] WiFiBand.BAND_2_4_GHz  INTERFERENCE:             0
INFO:root:[2025-11-10 05:17:51] WiFiBand.BAND_2_4_GHz  CLIENTS:                  set()
INFO:root:[2025-11-10 05:17:51] WiFiBand.BAND_2_4_GHz  QOE:                      0
INFO:root:[2025-11-10 05:17:51] WiFiBand.BAND_2_4_GHz  TX POWER (dBm):           0
INFO:root:[2025-11-10 05:17:52] WiFiBand.BAND_2_4_GHz  CHANNEL WIDTH (MHz):      0
INFO:root:[2025-11-10 05:17:52] WiFiBand.BAND_2_4_GHz  INTERFERENCE WEIGHT:      1
INFO:root:[2025-11-10 05:17:52] WiFiBand.BAND_2_4_GHz  DFS:                      0
INFO:root:
WARNING:root:[ALERT][2025-11-10 05:17:52][Channel 5] Sudden change in SNR: 48.81 (avg=14.64, dev=233.3%)
WARNING:root:[ALERT][2025-11-10 05:17:52][Channel 5] Sudden change in TX_power: 16.00 (avg=4.80, dev=233.3%)
WARNING:root:[ALERT][2025-11-10 05:17:52][Channel 5] Sudden change in Throughput: 60.70 (avg=18.21, dev=233.3%)
WARNING:root:[ALERT][2025-11-10 05:17:52][Channel 5] Sudden change in QoE: 4.55 (avg=1.36, dev=233.3%)
WARNING:root:[ALERT][2025-11-10 05:17:52][Channel 5] Sudden change in P95_retry: 16.75 (avg=5.03, dev=233.3%)
WARNING:root:[ALERT][2025-11-10 05:17:52][Channel 5] Sudden change in P95_PER: 0.01 (avg=0.00, dev=233.3%)
WARNING:root:[CUSUM ALERT][2025-11-10 05:17:52][Channel 5] SNR ↑ shift detected! deviation=34.16
WARNING:root:[CUSUM ALERT][2025-11-10 05:17:52][Channel 5] TX_power ↑ shift detected! deviation=11.20
WARNING:root:[CUSUM ALERT][2025-11-10 05:17:52][Channel 5] Throughput ↑ shift detected! deviation=42.49
WARNING:root:[CUSUM ALERT][2025-11-10 05:17:52][Channel 5] P95_retry ↑ shift detected! deviation=11.73
WARNING:root:[ALERT][2025-11-10 05:17:52][Channel 5] Sudden change in QoE: 4.58 (avg=2.33, dev=96.6%)
WARNING:root:[ALERT][2025-11-10 05:17:52][Channel 5] Sudden change in P95_PER: 0.01 (avg=0.00, dev=80.1%)
WARNING:root:[CUSUM ALERT][2025-11-10 05:17:52][Channel 5] NoiseFloor ↑ shift detected! deviation=3.02
INFO:root:Scanning channels...
INFO:root:For 5GHz...
INFO:root:Noisiest 5GHz channel... 52
INFO:root:--------------------------------

INFO:root:[2025-11-10 05:17:52] WiFiBand.BAND_5_GHz  BAND:                     WiFiBand.BAND_5_GHz
INFO:root:[2025-11-10 05:17:52] WiFiBand.BAND_5_GHz  CHANNEL:                  52
INFO:root:[2025-11-10 05:17:52] WiFiBand.BAND_5_GHz  NOISE FLOOR (dBm):        -95
INFO:root:[2025-11-10 05:17:52] WiFiBand.BAND_5_GHz  AVG CLIENT SNR (dB):      0
INFO:root:[2025-11-10 05:17:52] WiFiBand.BAND_5_GHz  AVG COUNT:                0
INFO:root:[2025-11-10 05:17:52] WiFiBand.BAND_5_GHz  AVG THROUGHPUT (Mbps):    0
INFO:root:[2025-11-10 05:17:52] WiFiBand.BAND_5_GHz  CHANNEL UTILIZATION:      0
INFO:root:[2025-11-10 05:17:52] WiFiBand.BAND_5_GHz  INTERFERENCE:             0
INFO:root:[2025-11-10 05:17:52] WiFiBand.BAND_5_GHz  CLIENTS:                  set()
INFO:root:[2025-11-10 05:17:52] WiFiBand.BAND_5_GHz  QOE:                      0
INFO:root:[2025-11-10 05:17:52] WiFiBand.BAND_5_GHz  TX POWER (dBm):           0
INFO:root:[2025-11-10 05:17:52] WiFiBand.BAND_5_GHz  CHANNEL WIDTH (MHz):      0
INFO:root:[2025-11-10 05:17:52] WiFiBand.BAND_5_GHz  INTERFERENCE WEIGHT:      1
INFO:root:[2025-11-10 05:17:52] WiFiBand.BAND_5_GHz  DFS:                      1
INFO:root:
WARNING:root:[ALERT][2025-11-10 05:17:52][Channel 52] Sudden change in SNR: 49.26 (avg=14.78, dev=233.3%)
WARNING:root:[ALERT][2025-11-10 05:17:52][Channel 52] Sudden change in TX_power: 19.00 (avg=5.70, dev=233.3%)
WARNING:root:[ALERT][2025-11-10 05:17:52][Channel 52] Sudden change in Throughput: 329.16 (avg=98.75, dev=233.3%)
WARNING:root:[ALERT][2025-11-10 05:17:52][Channel 52] Sudden change in QoE: 4.27 (avg=1.28, dev=233.3%)
WARNING:root:[ALERT][2025-11-10 05:17:52][Channel 52] Sudden change in P95_retry: 26.55 (avg=7.97, dev=233.3%)
WARNING:root:[ALERT][2025-11-10 05:17:52][Channel 52] Sudden change in P95_PER: 0.02 (avg=0.01, dev=233.3%)
WARNING:root:[CUSUM ALERT][2025-11-10 05:17:52][Channel 52] SNR ↑ shift detected! deviation=34.48
WARNING:root:[CUSUM ALERT][2025-11-10 05:17:52][Channel 52] TX_power ↑ shift detected! deviation=13.30
WARNING:root:[CUSUM ALERT][2025-11-10 05:17:52][Channel 52] Throughput ↑ shift detected! deviation=230.41
WARNING:root:[CUSUM ALERT][2025-11-10 05:17:52][Channel 52] P95_retry ↑ shift detected! deviation=18.59
WARNING:root:DFS Radar detected...
WARNING:root:DFS detected on channel 4...
INFO:root:[Timer Started] Channel 52
INFO:root:Serving Client Request...
INFO:root:Scanning channels...
INFO:root:For 2_4GHz...
INFO:root:Noisiest 2_4GHz channel... 6
INFO:root:--------------------------------

INFO:root:[2025-11-10 05:17:58] WiFiBand.BAND_2_4_GHz  BAND:                     WiFiBand.BAND_2_4_GHz
INFO:root:[2025-11-10 05:17:58] WiFiBand.BAND_2_4_GHz  CHANNEL:                  6
INFO:root:[2025-11-10 05:17:58] WiFiBand.BAND_2_4_GHz  NOISE FLOOR (dBm):        -95
INFO:root:[2025-11-10 05:17:58] WiFiBand.BAND_2_4_GHz  AVG CLIENT SNR (dB):      0
INFO:root:[2025-11-10 05:17:58] WiFiBand.BAND_2_4_GHz  AVG COUNT:                0
INFO:root:[2025-11-10 05:17:58] WiFiBand.BAND_2_4_GHz  AVG THROUGHPUT (Mbps):    0
INFO:root:[2025-11-10 05:17:58] WiFiBand.BAND_2_4_GHz  CHANNEL UTILIZATION:      0
INFO:root:[2025-11-10 05:17:58] WiFiBand.BAND_2_4_GHz  INTERFERENCE:             0
INFO:root:[2025-11-10 05:17:58] WiFiBand.BAND_2_4_GHz  CLIENTS:                  set()
INFO:root:[2025-11-10 05:17:58] WiFiBand.BAND_2_4_GHz  QOE:                      0
INFO:root:[2025-11-10 05:17:58] WiFiBand.BAND_2_4_GHz  TX POWER (dBm):           0
INFO:root:[2025-11-10 05:17:58] WiFiBand.BAND_2_4_GHz  CHANNEL WIDTH (MHz):      0
INFO:root:[2025-11-10 05:17:58] WiFiBand.BAND_2_4_GHz  INTERFERENCE WEIGHT:      1
INFO:root:[2025-11-10 05:17:58] WiFiBand.BAND_2_4_GHz  DFS:                      0
INFO:root:
WARNING:root:[ALERT][2025-11-10 05:17:58][Channel 6] Sudden change in SNR: 52.73 (avg=15.82, dev=233.3%)
WARNING:root:[ALERT][2025-11-10 05:17:58][Channel 6] Sudden change in TX_power: 18.00 (avg=5.40, dev=233.3%)
WARNING:root:[ALERT][2025-11-10 05:17:58][Channel 6] Sudden change in Throughput: 58.17 (avg=17.45, dev=233.3%)
WARNING:root:[ALERT][2025-11-10 05:17:58][Channel 6] Sudden change in QoE: 4.44 (avg=1.33, dev=233.3%)
WARNING:root:[ALERT][2025-11-10 05:17:58][Channel 6] Sudden change in P95_retry: 22.34 (avg=6.70, dev=233.3%)
WARNING:root:[ALERT][2025-11-10 05:17:58][Channel 6] Sudden change in P95_PER: 0.00 (avg=0.00, dev=233.3%)
WARNING:root:[CUSUM ALERT][2025-11-10 05:17:58][Channel 6] SNR ↑ shift detected! deviation=36.91
WARNING:root:[CUSUM ALERT][2025-11-10 05:17:58][Channel 6] TX_power ↑ shift detected! deviation=12.60
WARNING:root:[CUSUM ALERT][2025-11-10 05:17:58][Channel 6] Throughput ↑ shift detected! deviation=40.72
WARNING:root:[CUSUM ALERT][2025-11-10 05:17:58][Channel 6] P95_retry ↑ shift detected! deviation=15.64
WARNING:root:[ALERT][2025-11-10 05:17:58][Channel 6] Sudden change in QoE: 4.18 (avg=2.19, dev=91.2%)
WARNING:root:[ALERT][2025-11-10 05:17:58][Channel 6] Sudden change in P95_PER: 0.01 (avg=0.00, dev=133.2%)
WARNING:root:[CUSUM ALERT][2025-11-10 05:17:58][Channel 6] NoiseFloor ↓ shift detected! deviation=-1.85
INFO:root:Scanning channels...
INFO:root:For 5GHz...
INFO:root:Noisiest 5GHz channel... 56
INFO:root:--------------------------------

INFO:root:[2025-11-10 05:17:58] WiFiBand.BAND_5_GHz  BAND:                     WiFiBand.BAND_5_GHz
INFO:root:[2025-11-10 05:17:58] WiFiBand.BAND_5_GHz  CHANNEL:                  56
INFO:root:[2025-11-10 05:17:58] WiFiBand.BAND_5_GHz  NOISE FLOOR (dBm):        -95
INFO:root:[2025-11-10 05:17:58] WiFiBand.BAND_5_GHz  AVG CLIENT SNR (dB):      0
INFO:root:[2025-11-10 05:17:58] WiFiBand.BAND_5_GHz  AVG COUNT:                0
INFO:root:[2025-11-10 05:17:58] WiFiBand.BAND_5_GHz  AVG THROUGHPUT (Mbps):    0
INFO:root:[2025-11-10 05:17:58] WiFiBand.BAND_5_GHz  CHANNEL UTILIZATION:      0
INFO:root:[2025-11-10 05:17:58] WiFiBand.BAND_5_GHz  INTERFERENCE:             0
INFO:root:[2025-11-10 05:17:58] WiFiBand.BAND_5_GHz  CLIENTS:                  set()
INFO:root:[2025-11-10 05:17:58] WiFiBand.BAND_5_GHz  QOE:                      0
INFO:root:[2025-11-10 05:17:58] WiFiBand.BAND_5_GHz  TX POWER (dBm):           0
INFO:root:[2025-11-10 05:17:58] WiFiBand.BAND_5_GHz  CHANNEL WIDTH (MHz):      0
INFO:root:[2025-11-10 05:17:58] WiFiBand.BAND_5_GHz  INTERFERENCE WEIGHT:      1
INFO:root:[2025-11-10 05:17:58] WiFiBand.BAND_5_GHz  DFS:                      1
INFO:root:
WARNING:root:DFS Radar detected...
WARNING:root:DFS detected on channel 5...
INFO:root:[Timer Started] Channel 56
INFO:root:Serving Client Request...
INFO:root:Scanning channels...
INFO:root:For 2_4GHz...
INFO:root:Noisiest 2_4GHz channel... 7
INFO:root:--------------------------------

INFO:root:[2025-11-10 05:18:04] WiFiBand.BAND_2_4_GHz  BAND:                     WiFiBand.BAND_2_4_GHz
INFO:root:[2025-11-10 05:18:04] WiFiBand.BAND_2_4_GHz  CHANNEL:                  7
INFO:root:[2025-11-10 05:18:04] WiFiBand.BAND_2_4_GHz  NOISE FLOOR (dBm):        -95
INFO:root:[2025-11-10 05:18:04] WiFiBand.BAND_2_4_GHz  AVG CLIENT SNR (dB):      0
INFO:root:[2025-11-10 05:18:04] WiFiBand.BAND_2_4_GHz  AVG COUNT:                0
INFO:root:[2025-11-10 05:18:04] WiFiBand.BAND_2_4_GHz  AVG THROUGHPUT (Mbps):    0
INFO:root:[2025-11-10 05:18:04] WiFiBand.BAND_2_4_GHz  CHANNEL UTILIZATION:      0
INFO:root:[2025-11-10 05:18:04] WiFiBand.BAND_2_4_GHz  INTERFERENCE:             0
INFO:root:[2025-11-10 05:18:04] WiFiBand.BAND_2_4_GHz  CLIENTS:                  set()
INFO:root:[2025-11-10 05:18:04] WiFiBand.BAND_2_4_GHz  QOE:                      0
INFO:root:[2025-11-10 05:18:04] WiFiBand.BAND_2_4_GHz  TX POWER (dBm):           0
INFO:root:[2025-11-10 05:18:04] WiFiBand.BAND_2_4_GHz  CHANNEL WIDTH (MHz):      0
INFO:root:[2025-11-10 05:18:04] WiFiBand.BAND_2_4_GHz  INTERFERENCE WEIGHT:      1
INFO:root:[2025-11-10 05:18:04] WiFiBand.BAND_2_4_GHz  DFS:                      0
INFO:root:
WARNING:root:[ALERT][2025-11-10 05:18:04][Channel 7] Sudden change in SNR: 51.33 (avg=15.40, dev=233.3%)
WARNING:root:[ALERT][2025-11-10 05:18:04][Channel 7] Sudden change in TX_power: 18.00 (avg=5.40, dev=233.3%)
WARNING:root:[ALERT][2025-11-10 05:18:04][Channel 7] Sudden change in Throughput: 60.22 (avg=18.07, dev=233.3%)
WARNING:root:[ALERT][2025-11-10 05:18:04][Channel 7] Sudden change in QoE: 4.54 (avg=1.36, dev=233.3%)
WARNING:root:[ALERT][2025-11-10 05:18:04][Channel 7] Sudden change in P95_retry: 17.64 (avg=5.29, dev=233.3%)
WARNING:root:[ALERT][2025-11-10 05:18:04][Channel 7] Sudden change in P95_PER: 0.00 (avg=0.00, dev=233.3%)
WARNING:root:[CUSUM ALERT][2025-11-10 05:18:04][Channel 7] SNR ↑ shift detected! deviation=35.93
WARNING:root:[CUSUM ALERT][2025-11-10 05:18:04][Channel 7] TX_power ↑ shift detected! deviation=12.60
WARNING:root:[CUSUM ALERT][2025-11-10 05:18:04][Channel 7] Throughput ↑ shift detected! deviation=42.16
WARNING:root:[CUSUM ALERT][2025-11-10 05:18:04][Channel 7] P95_retry ↑ shift detected! deviation=12.34
WARNING:root:[ALERT][2025-11-10 05:18:04][Channel 7] Sudden change in QoE: 4.25 (avg=2.23, dev=90.7%)
WARNING:root:[ALERT][2025-11-10 05:18:04][Channel 7] Sudden change in P95_PER: 0.00 (avg=0.00, dev=107.2%)
WARNING:root:[CUSUM ALERT][2025-11-10 05:18:04][Channel 7] NoiseFloor ↓ shift detected! deviation=-3.49
INFO:root:Scanning channels...
INFO:root:For 5GHz...
INFO:root:Noisiest 5GHz channel... 60
INFO:root:--------------------------------

INFO:root:[2025-11-10 05:18:04] WiFiBand.BAND_5_GHz  BAND:                     WiFiBand.BAND_5_GHz
INFO:root:[2025-11-10 05:18:04] WiFiBand.BAND_5_GHz  CHANNEL:                  60
INFO:root:[2025-11-10 05:18:04] WiFiBand.BAND_5_GHz  NOISE FLOOR (dBm):        -95
INFO:root:[2025-11-10 05:18:04] WiFiBand.BAND_5_GHz  AVG CLIENT SNR (dB):      0
INFO:root:[2025-11-10 05:18:04] WiFiBand.BAND_5_GHz  AVG COUNT:                0
INFO:root:[2025-11-10 05:18:04] WiFiBand.BAND_5_GHz  AVG THROUGHPUT (Mbps):    0
INFO:root:[2025-11-10 05:18:04] WiFiBand.BAND_5_GHz  CHANNEL UTILIZATION:      0
INFO:root:[2025-11-10 05:18:04] WiFiBand.BAND_5_GHz  INTERFERENCE:             0
INFO:root:[2025-11-10 05:18:04] WiFiBand.BAND_5_GHz  CLIENTS:                  set()
INFO:root:[2025-11-10 05:18:04] WiFiBand.BAND_5_GHz  QOE:                      0
INFO:root:[2025-11-10 05:18:04] WiFiBand.BAND_5_GHz  TX POWER (dBm):           0
INFO:root:[2025-11-10 05:18:04] WiFiBand.BAND_5_GHz  CHANNEL WIDTH (MHz):      0
INFO:root:[2025-11-10 05:18:04] WiFiBand.BAND_5_GHz  INTERFERENCE WEIGHT:      1
INFO:root:[2025-11-10 05:18:04] WiFiBand.BAND_5_GHz  DFS:                      1
INFO:root:
WARNING:root:[ALERT][2025-11-10 05:18:04][Channel 60] Sudden change in SNR: 46.21 (avg=13.86, dev=233.3%)
WARNING:root:[ALERT][2025-11-10 05:18:04][Channel 60] Sudden change in TX_power: 16.00 (avg=4.80, dev=233.3%)
WARNING:root:[ALERT][2025-11-10 05:18:04][Channel 60] Sudden change in Throughput: 378.23 (avg=113.47, dev=233.3%)
WARNING:root:[ALERT][2025-11-10 05:18:04][Channel 60] Sudden change in QoE: 4.69 (avg=1.41, dev=233.3%)
WARNING:root:[ALERT][2025-11-10 05:18:04][Channel 60] Sudden change in P95_retry: 13.98 (avg=4.19, dev=233.3%)
WARNING:root:[ALERT][2025-11-10 05:18:04][Channel 60] Sudden change in P95_PER: 0.04 (avg=0.01, dev=233.3%)
WARNING:root:[CUSUM ALERT][2025-11-10 05:18:04][Channel 60] SNR ↑ shift detected! deviation=32.35
WARNING:root:[CUSUM ALERT][2025-11-10 05:18:04][Channel 60] TX_power ↑ shift detected! deviation=11.20
WARNING:root:[CUSUM ALERT][2025-11-10 05:18:04][Channel 60] Throughput ↑ shift detected! deviation=264.76
WARNING:root:[CUSUM ALERT][2025-11-10 05:18:04][Channel 60] P95_retry ↑ shift detected! deviation=9.79
WARNING:root:[ALERT][2025-11-10 05:18:04][Channel 60] Sudden change in QoE: 4.70 (avg=2.40, dev=96.2%)
WARNING:root:[ALERT][2025-11-10 05:18:04][Channel 60] Sudden change in P95_PER: 0.06 (avg=0.03, dev=117.1%)
WARNING:root:DFS Radar detected...
WARNING:root:DFS detected on channel 6...
INFO:root:[Timer Started] Channel 60
INFO:root:Serving Client Request...
INFO:root:Scanning channels...
INFO:root:For 2_4GHz...
INFO:root:Noisiest 2_4GHz channel... 8
INFO:root:--------------------------------

INFO:root:[2025-11-10 05:18:11] WiFiBand.BAND_2_4_GHz  BAND:                     WiFiBand.BAND_2_4_GHz
INFO:root:[2025-11-10 05:18:11] WiFiBand.BAND_2_4_GHz  CHANNEL:                  8
INFO:root:[2025-11-10 05:18:11] WiFiBand.BAND_2_4_GHz  NOISE FLOOR (dBm):        -95
INFO:root:[2025-11-10 05:18:11] WiFiBand.BAND_2_4_GHz  AVG CLIENT SNR (dB):      0
INFO:root:[2025-11-10 05:18:11] WiFiBand.BAND_2_4_GHz  AVG COUNT:                0
INFO:root:[2025-11-10 05:18:11] WiFiBand.BAND_2_4_GHz  AVG THROUGHPUT (Mbps):    0
INFO:root:[2025-11-10 05:18:11] WiFiBand.BAND_2_4_GHz  CHANNEL UTILIZATION:      0
INFO:root:[2025-11-10 05:18:11] WiFiBand.BAND_2_4_GHz  INTERFERENCE:             0
INFO:root:[2025-11-10 05:18:11] WiFiBand.BAND_2_4_GHz  CLIENTS:                  set()
INFO:root:[2025-11-10 05:18:11] WiFiBand.BAND_2_4_GHz  QOE:                      0
INFO:root:[2025-11-10 05:18:11] WiFiBand.BAND_2_4_GHz  TX POWER (dBm):           0
INFO:root:[2025-11-10 05:18:11] WiFiBand.BAND_2_4_GHz  CHANNEL WIDTH (MHz):      0
INFO:root:[2025-11-10 05:18:11] WiFiBand.BAND_2_4_GHz  INTERFERENCE WEIGHT:      1
INFO:root:[2025-11-10 05:18:11] WiFiBand.BAND_2_4_GHz  DFS:                      0
INFO:root:
WARNING:root:[ALERT][2025-11-10 05:18:11][Channel 8] Sudden change in SNR: 53.98 (avg=16.19, dev=233.3%)
WARNING:root:[ALERT][2025-11-10 05:18:11][Channel 8] Sudden change in TX_power: 20.00 (avg=6.00, dev=233.3%)
WARNING:root:[ALERT][2025-11-10 05:18:11][Channel 8] Sudden change in Throughput: 62.30 (avg=18.69, dev=233.3%)
WARNING:root:[ALERT][2025-11-10 05:18:11][Channel 8] Sudden change in QoE: 4.67 (avg=1.40, dev=233.3%)
WARNING:root:[ALERT][2025-11-10 05:18:11][Channel 8] Sudden change in P95_retry: 14.55 (avg=4.37, dev=233.3%)
WARNING:root:[ALERT][2025-11-10 05:18:11][Channel 8] Sudden change in P95_PER: 0.00 (avg=0.00, dev=233.3%)
WARNING:root:[CUSUM ALERT][2025-11-10 05:18:11][Channel 8] SNR ↑ shift detected! deviation=37.78
WARNING:root:[CUSUM ALERT][2025-11-10 05:18:11][Channel 8] TX_power ↑ shift detected! deviation=14.00
WARNING:root:[CUSUM ALERT][2025-11-10 05:18:11][Channel 8] Throughput ↑ shift detected! deviation=43.61
WARNING:root:[CUSUM ALERT][2025-11-10 05:18:11][Channel 8] P95_retry ↑ shift detected! deviation=10.19
WARNING:root:[ALERT][2025-11-10 05:18:11][Channel 8] Sudden change in QoE: 4.44 (avg=2.31, dev=92.1%)
WARNING:root:[ALERT][2025-11-10 05:18:11][Channel 8] Sudden change in P95_PER: 0.00 (avg=0.00, dev=37.9%)
WARNING:root:[CUSUM ALERT][2025-11-10 05:18:11][Channel 8] NoiseFloor ↓ shift detected! deviation=-1.80
INFO:root:Scanning channels...
INFO:root:For 5GHz...
INFO:root:Noisiest 5GHz channel... 64
INFO:root:--------------------------------

INFO:root:[2025-11-10 05:18:11] WiFiBand.BAND_5_GHz  BAND:                     WiFiBand.BAND_5_GHz
INFO:root:[2025-11-10 05:18:11] WiFiBand.BAND_5_GHz  CHANNEL:                  64
INFO:root:[2025-11-10 05:18:11] WiFiBand.BAND_5_GHz  NOISE FLOOR (dBm):        -95
INFO:root:[2025-11-10 05:18:11] WiFiBand.BAND_5_GHz  AVG CLIENT SNR (dB):      0
INFO:root:[2025-11-10 05:18:11] WiFiBand.BAND_5_GHz  AVG COUNT:                0
INFO:root:[2025-11-10 05:18:11] WiFiBand.BAND_5_GHz  AVG THROUGHPUT (Mbps):    0
INFO:root:[2025-11-10 05:18:11] WiFiBand.BAND_5_GHz  CHANNEL UTILIZATION:      0
INFO:root:[2025-11-10 05:18:11] WiFiBand.BAND_5_GHz  INTERFERENCE:             0
INFO:root:[2025-11-10 05:18:11] WiFiBand.BAND_5_GHz  CLIENTS:                  set()
INFO:root:[2025-11-10 05:18:11] WiFiBand.BAND_5_GHz  QOE:                      0
INFO:root:[2025-11-10 05:18:11] WiFiBand.BAND_5_GHz  TX POWER (dBm):           0
INFO:root:[2025-11-10 05:18:11] WiFiBand.BAND_5_GHz  CHANNEL WIDTH (MHz):      0
INFO:root:[2025-11-10 05:18:11] WiFiBand.BAND_5_GHz  INTERFERENCE WEIGHT:      1
INFO:root:[2025-11-10 05:18:11] WiFiBand.BAND_5_GHz  DFS:                      1
INFO:root:
WARNING:root:[ALERT][2025-11-10 05:18:11][Channel 64] Sudden change in SNR: 44.82 (avg=13.45, dev=233.3%)
WARNING:root:[ALERT][2025-11-10 05:18:11][Channel 64] Sudden change in TX_power: 17.00 (avg=5.10, dev=233.3%)
WARNING:root:[ALERT][2025-11-10 05:18:11][Channel 64] Sudden change in Throughput: 321.16 (avg=96.35, dev=233.3%)
WARNING:root:[ALERT][2025-11-10 05:18:11][Channel 64] Sudden change in QoE: 4.19 (avg=1.26, dev=233.3%)
WARNING:root:[ALERT][2025-11-10 05:18:11][Channel 64] Sudden change in P95_retry: 29.50 (avg=8.85, dev=233.3%)
WARNING:root:[ALERT][2025-11-10 05:18:11][Channel 64] Sudden change in P95_PER: 0.03 (avg=0.01, dev=233.3%)
WARNING:root:[CUSUM ALERT][2025-11-10 05:18:11][Channel 64] SNR ↑ shift detected! deviation=31.38
WARNING:root:[CUSUM ALERT][2025-11-10 05:18:11][Channel 64] TX_power ↑ shift detected! deviation=11.90
WARNING:root:[CUSUM ALERT][2025-11-10 05:18:11][Channel 64] Throughput ↑ shift detected! deviation=224.81
WARNING:root:[CUSUM ALERT][2025-11-10 05:18:11][Channel 64] P95_retry ↑ shift detected! deviation=20.65
WARNING:root:[ALERT][2025-11-10 05:18:11][Channel 64] Sudden change in QoE: 4.26 (avg=2.16, dev=97.4%)
WARNING:root:[ALERT][2025-11-10 05:18:11][Channel 64] Sudden change in P95_PER: 0.06 (avg=0.02, dev=148.5%)
WARNING:root:DFS Radar detected...
WARNING:root:DFS detected on channel 7...
INFO:root:[Timer Started] Channel 64
INFO:root:Serving Client Request...
INFO:root:Scanning channels...
INFO:root:For 2_4GHz...
INFO:root:Noisiest 2_4GHz channel... 9
INFO:root:--------------------------------

INFO:root:[2025-11-10 05:18:17] WiFiBand.BAND_2_4_GHz  BAND:                     WiFiBand.BAND_2_4_GHz
INFO:root:[2025-11-10 05:18:17] WiFiBand.BAND_2_4_GHz  CHANNEL:                  9
INFO:root:[2025-11-10 05:18:17] WiFiBand.BAND_2_4_GHz  NOISE FLOOR (dBm):        -95
INFO:root:[2025-11-10 05:18:17] WiFiBand.BAND_2_4_GHz  AVG CLIENT SNR (dB):      0
INFO:root:[2025-11-10 05:18:17] WiFiBand.BAND_2_4_GHz  AVG COUNT:                0
INFO:root:[2025-11-10 05:18:17] WiFiBand.BAND_2_4_GHz  AVG THROUGHPUT (Mbps):    0
INFO:root:[2025-11-10 05:18:17] WiFiBand.BAND_2_4_GHz  CHANNEL UTILIZATION:      0
INFO:root:[2025-11-10 05:18:17] WiFiBand.BAND_2_4_GHz  INTERFERENCE:             0
INFO:root:[2025-11-10 05:18:17] WiFiBand.BAND_2_4_GHz  CLIENTS:                  set()
INFO:root:[2025-11-10 05:18:17] WiFiBand.BAND_2_4_GHz  QOE:                      0
INFO:root:[2025-11-10 05:18:17] WiFiBand.BAND_2_4_GHz  TX POWER (dBm):           0
INFO:root:[2025-11-10 05:18:17] WiFiBand.BAND_2_4_GHz  CHANNEL WIDTH (MHz):      0
INFO:root:[2025-11-10 05:18:17] WiFiBand.BAND_2_4_GHz  INTERFERENCE WEIGHT:      1
INFO:root:[2025-11-10 05:18:17] WiFiBand.BAND_2_4_GHz  DFS:                      0
INFO:root:
WARNING:root:[ALERT][2025-11-10 05:18:17][Channel 9] Sudden change in SNR: 52.30 (avg=15.69, dev=233.3%)
WARNING:root:[ALERT][2025-11-10 05:18:17][Channel 9] Sudden change in TX_power: 15.00 (avg=4.50, dev=233.3%)
WARNING:root:[ALERT][2025-11-10 05:18:17][Channel 9] Sudden change in Throughput: 54.54 (avg=16.36, dev=233.3%)
WARNING:root:[ALERT][2025-11-10 05:18:17][Channel 9] Sudden change in QoE: 4.21 (avg=1.26, dev=233.3%)
WARNING:root:[ALERT][2025-11-10 05:18:17][Channel 9] Sudden change in P95_retry: 29.40 (avg=8.82, dev=233.3%)
WARNING:root:[ALERT][2025-11-10 05:18:17][Channel 9] Sudden change in P95_PER: 0.02 (avg=0.00, dev=233.3%)
WARNING:root:[CUSUM ALERT][2025-11-10 05:18:17][Channel 9] SNR ↑ shift detected! deviation=36.61
WARNING:root:[CUSUM ALERT][2025-11-10 05:18:17][Channel 9] TX_power ↑ shift detected! deviation=10.50
WARNING:root:[CUSUM ALERT][2025-11-10 05:18:17][Channel 9] Throughput ↑ shift detected! deviation=38.18
WARNING:root:[CUSUM ALERT][2025-11-10 05:18:17][Channel 9] P95_retry ↑ shift detected! deviation=20.58
WARNING:root:[ALERT][2025-11-10 05:18:17][Channel 9] Sudden change in QoE: 4.32 (avg=2.18, dev=98.2%)
WARNING:root:[ALERT][2025-11-10 05:18:17][Channel 9] Sudden change in P95_PER: 0.00 (avg=0.00, dev=28.9%)
WARNING:root:[CUSUM ALERT][2025-11-10 05:18:17][Channel 9] NoiseFloor ↓ shift detected! deviation=-1.66
INFO:root:Scanning channels...
INFO:root:For 5GHz...
INFO:root:Noisiest 5GHz channel... 100
INFO:root:--------------------------------

INFO:root:[2025-11-10 05:18:17] WiFiBand.BAND_5_GHz  BAND:                     WiFiBand.BAND_5_GHz
INFO:root:[2025-11-10 05:18:17] WiFiBand.BAND_5_GHz  CHANNEL:                  100
INFO:root:[2025-11-10 05:18:17] WiFiBand.BAND_5_GHz  NOISE FLOOR (dBm):        -95
INFO:root:[2025-11-10 05:18:17] WiFiBand.BAND_5_GHz  AVG CLIENT SNR (dB):      0
INFO:root:[2025-11-10 05:18:17] WiFiBand.BAND_5_GHz  AVG COUNT:                0
INFO:root:[2025-11-10 05:18:17] WiFiBand.BAND_5_GHz  AVG THROUGHPUT (Mbps):    0
INFO:root:[2025-11-10 05:18:17] WiFiBand.BAND_5_GHz  CHANNEL UTILIZATION:      0
INFO:root:[2025-11-10 05:18:17] WiFiBand.BAND_5_GHz  INTERFERENCE:             0
INFO:root:[2025-11-10 05:18:17] WiFiBand.BAND_5_GHz  CLIENTS:                  set()
INFO:root:[2025-11-10 05:18:17] WiFiBand.BAND_5_GHz  QOE:                      0
INFO:root:[2025-11-10 05:18:17] WiFiBand.BAND_5_GHz  TX POWER (dBm):           0
INFO:root:[2025-11-10 05:18:17] WiFiBand.BAND_5_GHz  CHANNEL WIDTH (MHz):      0
INFO:root:[2025-11-10 05:18:17] WiFiBand.BAND_5_GHz  INTERFERENCE WEIGHT:      1
INFO:root:[2025-11-10 05:18:17] WiFiBand.BAND_5_GHz  DFS:                      1
INFO:root:
WARNING:root:[ALERT][2025-11-10 05:18:17][Channel 100] Sudden change in SNR: 41.82 (avg=12.55, dev=233.3%)
WARNING:root:[ALERT][2025-11-10 05:18:17][Channel 100] Sudden change in TX_power: 16.00 (avg=4.80, dev=233.3%)
WARNING:root:[ALERT][2025-11-10 05:18:17][Channel 100] Sudden change in Throughput: 360.69 (avg=108.21, dev=233.3%)
WARNING:root:[ALERT][2025-11-10 05:18:17][Channel 100] Sudden change in QoE: 4.51 (avg=1.35, dev=233.3%)
WARNING:root:[ALERT][2025-11-10 05:18:17][Channel 100] Sudden change in P95_retry: 17.88 (avg=5.37, dev=233.3%)
WARNING:root:[ALERT][2025-11-10 05:18:17][Channel 100] Sudden change in P95_PER: 0.17 (avg=0.05, dev=233.3%)
WARNING:root:[CUSUM ALERT][2025-11-10 05:18:17][Channel 100] SNR ↑ shift detected! deviation=29.27
WARNING:root:[CUSUM ALERT][2025-11-10 05:18:17][Channel 100] TX_power ↑ shift detected! deviation=11.20
WARNING:root:[CUSUM ALERT][2025-11-10 05:18:17][Channel 100] Throughput ↑ shift detected! deviation=252.48
WARNING:root:[CUSUM ALERT][2025-11-10 05:18:17][Channel 100] P95_retry ↑ shift detected! deviation=12.52
WARNING:root:DFS Radar detected...
WARNING:root:DFS detected on channel 8...
INFO:root:[Timer Started] Channel 100
INFO:root:Serving Client Request...
INFO:root:Scanning channels...
INFO:root:For 2_4GHz...
INFO:root:Noisiest 2_4GHz channel... 10
INFO:root:--------------------------------

INFO:root:[2025-11-10 05:18:23] WiFiBand.BAND_2_4_GHz  BAND:                     WiFiBand.BAND_2_4_GHz
INFO:root:[2025-11-10 05:18:23] WiFiBand.BAND_2_4_GHz  CHANNEL:                  10
INFO:root:[2025-11-10 05:18:23] WiFiBand.BAND_2_4_GHz  NOISE FLOOR (dBm):        -95
INFO:root:[2025-11-10 05:18:23] WiFiBand.BAND_2_4_GHz  AVG CLIENT SNR (dB):      0
INFO:root:[2025-11-10 05:18:23] WiFiBand.BAND_2_4_GHz  AVG COUNT:                0
INFO:root:[2025-11-10 05:18:23] WiFiBand.BAND_2_4_GHz  AVG THROUGHPUT (Mbps):    0
INFO:root:[2025-11-10 05:18:23] WiFiBand.BAND_2_4_GHz  CHANNEL UTILIZATION:      0
INFO:root:[2025-11-10 05:18:23] WiFiBand.BAND_2_4_GHz  INTERFERENCE:             0
INFO:root:[2025-11-10 05:18:23] WiFiBand.BAND_2_4_GHz  CLIENTS:                  set()
INFO:root:[2025-11-10 05:18:23] WiFiBand.BAND_2_4_GHz  QOE:                      0
INFO:root:[2025-11-10 05:18:23] WiFiBand.BAND_2_4_GHz  TX POWER (dBm):           0
INFO:root:[2025-11-10 05:18:23] WiFiBand.BAND_2_4_GHz  CHANNEL WIDTH (MHz):      0
INFO:root:[2025-11-10 05:18:23] WiFiBand.BAND_2_4_GHz  INTERFERENCE WEIGHT:      1
INFO:root:[2025-11-10 05:18:23] WiFiBand.BAND_2_4_GHz  DFS:                      0
INFO:root:
WARNING:root:[ALERT][2025-11-10 05:18:23][Channel 10] Sudden change in SNR: 51.84 (avg=15.55, dev=233.3%)
WARNING:root:[ALERT][2025-11-10 05:18:23][Channel 10] Sudden change in TX_power: 16.00 (avg=4.80, dev=233.3%)
WARNING:root:[ALERT][2025-11-10 05:18:23][Channel 10] Sudden change in Throughput: 64.73 (avg=19.42, dev=233.3%)
WARNING:root:[ALERT][2025-11-10 05:18:23][Channel 10] Sudden change in QoE: 4.77 (avg=1.43, dev=233.3%)
WARNING:root:[ALERT][2025-11-10 05:18:23][Channel 10] Sudden change in P95_retry: 10.54 (avg=3.16, dev=233.3%)
WARNING:root:[ALERT][2025-11-10 05:18:23][Channel 10] Sudden change in P95_PER: 0.00 (avg=0.00, dev=233.3%)
WARNING:root:[CUSUM ALERT][2025-11-10 05:18:23][Channel 10] SNR ↑ shift detected! deviation=36.29
WARNING:root:[CUSUM ALERT][2025-11-10 05:18:23][Channel 10] TX_power ↑ shift detected! deviation=11.20
WARNING:root:[CUSUM ALERT][2025-11-10 05:18:23][Channel 10] Throughput ↑ shift detected! deviation=45.31
WARNING:root:[CUSUM ALERT][2025-11-10 05:18:23][Channel 10] P95_retry ↑ shift detected! deviation=7.38
WARNING:root:[ALERT][2025-11-10 05:18:23][Channel 10] Sudden change in QoE: 4.83 (avg=2.45, dev=97.1%)
WARNING:root:[ALERT][2025-11-10 05:18:23][Channel 10] Sudden change in P95_PER: 0.00 (avg=0.00, dev=74.1%)
WARNING:root:[CUSUM ALERT][2025-11-10 05:18:23][Channel 10] NoiseFloor ↑ shift detected! deviation=4.10
INFO:root:Scanning channels...
INFO:root:For 5GHz...
INFO:root:Noisiest 5GHz channel... 104
INFO:root:--------------------------------

INFO:root:[2025-11-10 05:18:24] WiFiBand.BAND_5_GHz  BAND:                     WiFiBand.BAND_5_GHz
INFO:root:[2025-11-10 05:18:24] WiFiBand.BAND_5_GHz  CHANNEL:                  104
INFO:root:[2025-11-10 05:18:24] WiFiBand.BAND_5_GHz  NOISE FLOOR (dBm):        -95
INFO:root:[2025-11-10 05:18:24] WiFiBand.BAND_5_GHz  AVG CLIENT SNR (dB):      0
INFO:root:[2025-11-10 05:18:24] WiFiBand.BAND_5_GHz  AVG COUNT:                0
INFO:root:[2025-11-10 05:18:24] WiFiBand.BAND_5_GHz  AVG THROUGHPUT (Mbps):    0
INFO:root:[2025-11-10 05:18:24] WiFiBand.BAND_5_GHz  CHANNEL UTILIZATION:      0
INFO:root:[2025-11-10 05:18:24] WiFiBand.BAND_5_GHz  INTERFERENCE:             0
INFO:root:[2025-11-10 05:18:24] WiFiBand.BAND_5_GHz  CLIENTS:                  set()
INFO:root:[2025-11-10 05:18:24] WiFiBand.BAND_5_GHz  QOE:                      0
INFO:root:[2025-11-10 05:18:24] WiFiBand.BAND_5_GHz  TX POWER (dBm):           0
INFO:root:[2025-11-10 05:18:24] WiFiBand.BAND_5_GHz  CHANNEL WIDTH (MHz):      0
INFO:root:[2025-11-10 05:18:24] WiFiBand.BAND_5_GHz  INTERFERENCE WEIGHT:      1
INFO:root:[2025-11-10 05:18:24] WiFiBand.BAND_5_GHz  DFS:                      1
INFO:root:
WARNING:root:DFS Radar detected...
WARNING:root:DFS detected on channel 9...
INFO:root:[Timer Started] Channel 104
INFO:root:Serving Client Request...
INFO:root:Scanning channels...
INFO:root:For 2_4GHz...
INFO:root:Noisiest 2_4GHz channel... 11
INFO:root:--------------------------------

INFO:root:[2025-11-10 05:18:30] WiFiBand.BAND_2_4_GHz  BAND:                     WiFiBand.BAND_2_4_GHz
INFO:root:[2025-11-10 05:18:30] WiFiBand.BAND_2_4_GHz  CHANNEL:                  11
INFO:root:[2025-11-10 05:18:30] WiFiBand.BAND_2_4_GHz  NOISE FLOOR (dBm):        -95
INFO:root:[2025-11-10 05:18:30] WiFiBand.BAND_2_4_GHz  AVG CLIENT SNR (dB):      0
INFO:root:[2025-11-10 05:18:30] WiFiBand.BAND_2_4_GHz  AVG COUNT:                0
INFO:root:[2025-11-10 05:18:30] WiFiBand.BAND_2_4_GHz  AVG THROUGHPUT (Mbps):    0
INFO:root:[2025-11-10 05:18:30] WiFiBand.BAND_2_4_GHz  CHANNEL UTILIZATION:      0
INFO:root:[2025-11-10 05:18:30] WiFiBand.BAND_2_4_GHz  INTERFERENCE:             0
INFO:root:[2025-11-10 05:18:30] WiFiBand.BAND_2_4_GHz  CLIENTS:                  set()
INFO:root:[2025-11-10 05:18:30] WiFiBand.BAND_2_4_GHz  QOE:                      0
INFO:root:[2025-11-10 05:18:30] WiFiBand.BAND_2_4_GHz  TX POWER (dBm):           0
INFO:root:[2025-11-10 05:18:30] WiFiBand.BAND_2_4_GHz  CHANNEL WIDTH (MHz):      0
INFO:root:[2025-11-10 05:18:30] WiFiBand.BAND_2_4_GHz  INTERFERENCE WEIGHT:      1
INFO:root:[2025-11-10 05:18:30] WiFiBand.BAND_2_4_GHz  DFS:                      0
INFO:root:
WARNING:root:[ALERT][2025-11-10 05:18:30][Channel 11] Sudden change in SNR: 52.49 (avg=15.75, dev=233.3%)
WARNING:root:[ALERT][2025-11-10 05:18:30][Channel 11] Sudden change in TX_power: 20.00 (avg=6.00, dev=233.3%)
WARNING:root:[ALERT][2025-11-10 05:18:30][Channel 11] Sudden change in Throughput: 54.61 (avg=16.38, dev=233.3%)
WARNING:root:[ALERT][2025-11-10 05:18:30][Channel 11] Sudden change in QoE: 4.25 (avg=1.28, dev=233.3%)
WARNING:root:[ALERT][2025-11-10 05:18:30][Channel 11] Sudden change in P95_retry: 27.83 (avg=8.35, dev=233.3%)
WARNING:root:[ALERT][2025-11-10 05:18:30][Channel 11] Sudden change in P95_PER: 0.01 (avg=0.00, dev=233.3%)
WARNING:root:[CUSUM ALERT][2025-11-10 05:18:30][Channel 11] SNR ↑ shift detected! deviation=36.75
WARNING:root:[CUSUM ALERT][2025-11-10 05:18:30][Channel 11] TX_power ↑ shift detected! deviation=14.00
WARNING:root:[CUSUM ALERT][2025-11-10 05:18:30][Channel 11] Throughput ↑ shift detected! deviation=38.23
WARNING:root:[CUSUM ALERT][2025-11-10 05:18:30][Channel 11] P95_retry ↑ shift detected! deviation=19.48
WARNING:root:[ALERT][2025-11-10 05:18:30][Channel 11] Sudden change in QoE: 4.10 (avg=2.12, dev=93.2%)
WARNING:root:[ALERT][2025-11-10 05:18:30][Channel 11] Sudden change in P95_PER: 0.01 (avg=0.00, dev=85.7%)
WARNING:root:[CUSUM ALERT][2025-11-10 05:18:30][Channel 11] NoiseFloor ↓ shift detected! deviation=-1.75
INFO:root:Scanning channels...
INFO:root:For 5GHz...
INFO:root:Noisiest 5GHz channel... 108
INFO:root:--------------------------------

INFO:root:[2025-11-10 05:18:30] WiFiBand.BAND_5_GHz  BAND:                     WiFiBand.BAND_5_GHz
INFO:root:[2025-11-10 05:18:30] WiFiBand.BAND_5_GHz  CHANNEL:                  108
INFO:root:[2025-11-10 05:18:30] WiFiBand.BAND_5_GHz  NOISE FLOOR (dBm):        -95
INFO:root:[2025-11-10 05:18:30] WiFiBand.BAND_5_GHz  AVG CLIENT SNR (dB):      0
INFO:root:[2025-11-10 05:18:30] WiFiBand.BAND_5_GHz  AVG COUNT:                0
INFO:root:[2025-11-10 05:18:30] WiFiBand.BAND_5_GHz  AVG THROUGHPUT (Mbps):    0
INFO:root:[2025-11-10 05:18:30] WiFiBand.BAND_5_GHz  CHANNEL UTILIZATION:      0
INFO:root:[2025-11-10 05:18:30] WiFiBand.BAND_5_GHz  INTERFERENCE:             0
INFO:root:[2025-11-10 05:18:30] WiFiBand.BAND_5_GHz  CLIENTS:                  set()
INFO:root:[2025-11-10 05:18:30] WiFiBand.BAND_5_GHz  QOE:                      0
INFO:root:[2025-11-10 05:18:30] WiFiBand.BAND_5_GHz  TX POWER (dBm):           0
INFO:root:[2025-11-10 05:18:30] WiFiBand.BAND_5_GHz  CHANNEL WIDTH (MHz):      0
INFO:root:[2025-11-10 05:18:30] WiFiBand.BAND_5_GHz  INTERFERENCE WEIGHT:      1
INFO:root:[2025-11-10 05:18:30] WiFiBand.BAND_5_GHz  DFS:                      1
INFO:root:
WARNING:root:DFS Radar detected...
WARNING:root:DFS detected on channel 10...
INFO:root:[Timer Started] Channel 108
INFO:root:Serving Client Request...
INFO:root:Scanning channels...
INFO:root:For 2_4GHz...
INFO:root:Noisiest 2_4GHz channel... 12
INFO:root:--------------------------------

INFO:root:[2025-11-10 05:18:36] WiFiBand.BAND_2_4_GHz  BAND:                     WiFiBand.BAND_2_4_GHz
INFO:root:[2025-11-10 05:18:36] WiFiBand.BAND_2_4_GHz  CHANNEL:                  12
INFO:root:[2025-11-10 05:18:36] WiFiBand.BAND_2_4_GHz  NOISE FLOOR (dBm):        -95
INFO:root:[2025-11-10 05:18:36] WiFiBand.BAND_2_4_GHz  AVG CLIENT SNR (dB):      0
INFO:root:[2025-11-10 05:18:36] WiFiBand.BAND_2_4_GHz  AVG COUNT:                0
INFO:root:[2025-11-10 05:18:36] WiFiBand.BAND_2_4_GHz  AVG THROUGHPUT (Mbps):    0
INFO:root:[2025-11-10 05:18:36] WiFiBand.BAND_2_4_GHz  CHANNEL UTILIZATION:      0
INFO:root:[2025-11-10 05:18:36] WiFiBand.BAND_2_4_GHz  INTERFERENCE:             0
INFO:root:[2025-11-10 05:18:36] WiFiBand.BAND_2_4_GHz  CLIENTS:                  set()
INFO:root:[2025-11-10 05:18:36] WiFiBand.BAND_2_4_GHz  QOE:                      0
INFO:root:[2025-11-10 05:18:36] WiFiBand.BAND_2_4_GHz  TX POWER (dBm):           0
INFO:root:[2025-11-10 05:18:36] WiFiBand.BAND_2_4_GHz  CHANNEL WIDTH (MHz):      0
INFO:root:[2025-11-10 05:18:36] WiFiBand.BAND_2_4_GHz  INTERFERENCE WEIGHT:      1
INFO:root:[2025-11-10 05:18:36] WiFiBand.BAND_2_4_GHz  DFS:                      0
INFO:root:
WARNING:root:[ALERT][2025-11-10 05:18:36][Channel 12] Sudden change in SNR: 50.75 (avg=15.22, dev=233.3%)
WARNING:root:[ALERT][2025-11-10 05:18:36][Channel 12] Sudden change in TX_power: 16.00 (avg=4.80, dev=233.3%)
WARNING:root:[ALERT][2025-11-10 05:18:36][Channel 12] Sudden change in Throughput: 62.63 (avg=18.79, dev=233.3%)
WARNING:root:[ALERT][2025-11-10 05:18:36][Channel 12] Sudden change in QoE: 4.66 (avg=1.40, dev=233.3%)
WARNING:root:[ALERT][2025-11-10 05:18:36][Channel 12] Sudden change in P95_retry: 14.46 (avg=4.34, dev=233.3%)
WARNING:root:[ALERT][2025-11-10 05:18:36][Channel 12] Sudden change in P95_PER: 0.00 (avg=0.00, dev=233.3%)
WARNING:root:[CUSUM ALERT][2025-11-10 05:18:36][Channel 12] SNR ↑ shift detected! deviation=35.52
WARNING:root:[CUSUM ALERT][2025-11-10 05:18:36][Channel 12] TX_power ↑ shift detected! deviation=11.20
WARNING:root:[CUSUM ALERT][2025-11-10 05:18:36][Channel 12] Throughput ↑ shift detected! deviation=43.84
WARNING:root:[CUSUM ALERT][2025-11-10 05:18:36][Channel 12] P95_retry ↑ shift detected! deviation=10.12
WARNING:root:[ALERT][2025-11-10 05:18:36][Channel 12] Sudden change in QoE: 4.62 (avg=2.36, dev=95.2%)
WARNING:root:[ALERT][2025-11-10 05:18:36][Channel 12] Sudden change in P95_PER: 0.01 (avg=0.00, dev=115.7%)
WARNING:root:[CUSUM ALERT][2025-11-10 05:18:36][Channel 12] NoiseFloor ↓ shift detected! deviation=-3.89
INFO:root:Scanning channels...
INFO:root:For 5GHz...
INFO:root:Noisiest 5GHz channel... 112
INFO:root:--------------------------------

INFO:root:[2025-11-10 05:18:36] WiFiBand.BAND_5_GHz  BAND:                     WiFiBand.BAND_5_GHz
INFO:root:[2025-11-10 05:18:36] WiFiBand.BAND_5_GHz  CHANNEL:                  112
INFO:root:[2025-11-10 05:18:36] WiFiBand.BAND_5_GHz  NOISE FLOOR (dBm):        -95
INFO:root:[2025-11-10 05:18:36] WiFiBand.BAND_5_GHz  AVG CLIENT SNR (dB):      0
INFO:root:[2025-11-10 05:18:36] WiFiBand.BAND_5_GHz  AVG COUNT:                0
INFO:root:[2025-11-10 05:18:36] WiFiBand.BAND_5_GHz  AVG THROUGHPUT (Mbps):    0
INFO:root:[2025-11-10 05:18:36] WiFiBand.BAND_5_GHz  CHANNEL UTILIZATION:      0
INFO:root:[2025-11-10 05:18:36] WiFiBand.BAND_5_GHz  INTERFERENCE:             0
INFO:root:[2025-11-10 05:18:36] WiFiBand.BAND_5_GHz  CLIENTS:                  set()
INFO:root:[2025-11-10 05:18:36] WiFiBand.BAND_5_GHz  QOE:                      0
INFO:root:[2025-11-10 05:18:36] WiFiBand.BAND_5_GHz  TX POWER (dBm):           0
INFO:root:[2025-11-10 05:18:36] WiFiBand.BAND_5_GHz  CHANNEL WIDTH (MHz):      0
INFO:root:[2025-11-10 05:18:36] WiFiBand.BAND_5_GHz  INTERFERENCE WEIGHT:      1
INFO:root:[2025-11-10 05:18:36] WiFiBand.BAND_5_GHz  DFS:                      1
INFO:root:
WARNING:root:[ALERT][2025-11-10 05:18:36][Channel 112] Sudden change in SNR: 48.02 (avg=14.41, dev=233.3%)
WARNING:root:[ALERT][2025-11-10 05:18:36][Channel 112] Sudden change in TX_power: 22.00 (avg=6.60, dev=233.3%)
WARNING:root:[ALERT][2025-11-10 05:18:36][Channel 112] Sudden change in Throughput: 410.67 (avg=123.20, dev=233.3%)
WARNING:root:[ALERT][2025-11-10 05:18:36][Channel 112] Sudden change in QoE: 4.93 (avg=1.48, dev=233.3%)
WARNING:root:[ALERT][2025-11-10 05:18:36][Channel 112] Sudden change in P95_retry: 4.76 (avg=1.43, dev=233.3%)
WARNING:root:[ALERT][2025-11-10 05:18:36][Channel 112] Sudden change in P95_PER: 0.01 (avg=0.00, dev=233.3%)
WARNING:root:[CUSUM ALERT][2025-11-10 05:18:36][Channel 112] SNR ↑ shift detected! deviation=33.62
WARNING:root:[CUSUM ALERT][2025-11-10 05:18:36][Channel 112] TX_power ↑ shift detected! deviation=15.40
WARNING:root:[CUSUM ALERT][2025-11-10 05:18:36][Channel 112] Throughput ↑ shift detected! deviation=287.47
WARNING:root:DFS Radar detected...
WARNING:root:DFS detected on channel 11...
INFO:root:[Timer Started] Channel 112
INFO:root:Serving Client Request...
INFO:root:Scanning channels...
INFO:root:For 2_4GHz...
INFO:root:Noisiest 2_4GHz channel... 13
INFO:root:--------------------------------

INFO:root:[2025-11-10 05:18:42] WiFiBand.BAND_2_4_GHz  BAND:                     WiFiBand.BAND_2_4_GHz
INFO:root:[2025-11-10 05:18:42] WiFiBand.BAND_2_4_GHz  CHANNEL:                  13
INFO:root:[2025-11-10 05:18:42] WiFiBand.BAND_2_4_GHz  NOISE FLOOR (dBm):        -95
INFO:root:[2025-11-10 05:18:42] WiFiBand.BAND_2_4_GHz  AVG CLIENT SNR (dB):      0
INFO:root:[2025-11-10 05:18:42] WiFiBand.BAND_2_4_GHz  AVG COUNT:                0
INFO:root:[2025-11-10 05:18:42] WiFiBand.BAND_2_4_GHz  AVG THROUGHPUT (Mbps):    0
INFO:root:[2025-11-10 05:18:42] WiFiBand.BAND_2_4_GHz  CHANNEL UTILIZATION:      0
INFO:root:[2025-11-10 05:18:42] WiFiBand.BAND_2_4_GHz  INTERFERENCE:             0
INFO:root:[2025-11-10 05:18:42] WiFiBand.BAND_2_4_GHz  CLIENTS:                  set()
INFO:root:[2025-11-10 05:18:42] WiFiBand.BAND_2_4_GHz  QOE:                      0
INFO:root:[2025-11-10 05:18:42] WiFiBand.BAND_2_4_GHz  TX POWER (dBm):           0
INFO:root:[2025-11-10 05:18:42] WiFiBand.BAND_2_4_GHz  CHANNEL WIDTH (MHz):      0
INFO:root:[2025-11-10 05:18:42] WiFiBand.BAND_2_4_GHz  INTERFERENCE WEIGHT:      1
INFO:root:[2025-11-10 05:18:42] WiFiBand.BAND_2_4_GHz  DFS:                      0
INFO:root:
WARNING:root:[ALERT][2025-11-10 05:18:42][Channel 13] Sudden change in SNR: 50.57 (avg=15.17, dev=233.3%)
WARNING:root:[ALERT][2025-11-10 05:18:42][Channel 13] Sudden change in TX_power: 16.00 (avg=4.80, dev=233.3%)
WARNING:root:[ALERT][2025-11-10 05:18:42][Channel 13] Sudden change in Throughput: 67.54 (avg=20.26, dev=233.3%)
WARNING:root:[ALERT][2025-11-10 05:18:42][Channel 13] Sudden change in QoE: 4.94 (avg=1.48, dev=233.3%)
WARNING:root:[ALERT][2025-11-10 05:18:42][Channel 13] Sudden change in P95_retry: 3.76 (avg=1.13, dev=233.3%)
WARNING:root:[ALERT][2025-11-10 05:18:42][Channel 13] Sudden change in P95_PER: 0.01 (avg=0.00, dev=233.3%)
WARNING:root:[CUSUM ALERT][2025-11-10 05:18:42][Channel 13] SNR ↑ shift detected! deviation=35.40
WARNING:root:[CUSUM ALERT][2025-11-10 05:18:42][Channel 13] TX_power ↑ shift detected! deviation=11.20
WARNING:root:[CUSUM ALERT][2025-11-10 05:18:42][Channel 13] Throughput ↑ shift detected! deviation=47.27
WARNING:root:[ALERT][2025-11-10 05:18:42][Channel 13] Sudden change in QoE: 4.37 (avg=2.35, dev=86.1%)
WARNING:root:[ALERT][2025-11-10 05:18:42][Channel 13] Sudden change in P95_retry: 22.67 (avg=7.59, dev=198.6%)
WARNING:root:[ALERT][2025-11-10 05:18:42][Channel 13] Sudden change in P95_PER: 0.01 (avg=0.01, dev=39.9%)
WARNING:root:[CUSUM ALERT][2025-11-10 05:18:42][Channel 13] NoiseFloor ↑ shift detected! deviation=3.29
INFO:root:Scanning channels...
INFO:root:For 5GHz...
INFO:root:Noisiest 5GHz channel... 116
INFO:root:--------------------------------

INFO:root:[2025-11-10 05:18:43] WiFiBand.BAND_5_GHz  BAND:                     WiFiBand.BAND_5_GHz
INFO:root:[2025-11-10 05:18:43] WiFiBand.BAND_5_GHz  CHANNEL:                  116
INFO:root:[2025-11-10 05:18:43] WiFiBand.BAND_5_GHz  NOISE FLOOR (dBm):        -95
INFO:root:[2025-11-10 05:18:43] WiFiBand.BAND_5_GHz  AVG CLIENT SNR (dB):      0
INFO:root:[2025-11-10 05:18:43] WiFiBand.BAND_5_GHz  AVG COUNT:                0
INFO:root:[2025-11-10 05:18:43] WiFiBand.BAND_5_GHz  AVG THROUGHPUT (Mbps):    0
INFO:root:[2025-11-10 05:18:43] WiFiBand.BAND_5_GHz  CHANNEL UTILIZATION:      0
INFO:root:[2025-11-10 05:18:43] WiFiBand.BAND_5_GHz  INTERFERENCE:             0
INFO:root:[2025-11-10 05:18:43] WiFiBand.BAND_5_GHz  CLIENTS:                  set()
INFO:root:[2025-11-10 05:18:43] WiFiBand.BAND_5_GHz  QOE:                      0
INFO:root:[2025-11-10 05:18:43] WiFiBand.BAND_5_GHz  TX POWER (dBm):           0
INFO:root:[2025-11-10 05:18:43] WiFiBand.BAND_5_GHz  CHANNEL WIDTH (MHz):      0
INFO:root:[2025-11-10 05:18:43] WiFiBand.BAND_5_GHz  INTERFERENCE WEIGHT:      1
INFO:root:[2025-11-10 05:18:43] WiFiBand.BAND_5_GHz  DFS:                      1
INFO:root:
WARNING:root:[ALERT][2025-11-10 05:18:43][Channel 116] Sudden change in SNR: 43.64 (avg=13.09, dev=233.3%)
WARNING:root:[ALERT][2025-11-10 05:18:43][Channel 116] Sudden change in TX_power: 22.00 (avg=6.60, dev=233.3%)
WARNING:root:[ALERT][2025-11-10 05:18:43][Channel 116] Sudden change in Throughput: 500.99 (avg=150.30, dev=233.3%)
WARNING:root:[ALERT][2025-11-10 05:18:43][Channel 116] Sudden change in QoE: 3.94 (avg=1.18, dev=233.3%)
WARNING:root:[ALERT][2025-11-10 05:18:43][Channel 116] Sudden change in P95_retry: 39.84 (avg=11.95, dev=233.3%)
WARNING:root:[ALERT][2025-11-10 05:18:43][Channel 116] Sudden change in P95_PER: 0.08 (avg=0.02, dev=233.3%)
WARNING:root:[CUSUM ALERT][2025-11-10 05:18:43][Channel 116] SNR ↑ shift detected! deviation=30.55
WARNING:root:[CUSUM ALERT][2025-11-10 05:18:43][Channel 116] TX_power ↑ shift detected! deviation=15.40
WARNING:root:[CUSUM ALERT][2025-11-10 05:18:43][Channel 116] Throughput ↑ shift detected! deviation=350.69
WARNING:root:[CUSUM ALERT][2025-11-10 05:18:43][Channel 116] P95_retry ↑ shift detected! deviation=27.89
WARNING:root:DFS Radar detected...
WARNING:root:DFS detected on channel 12...
INFO:root:[Timer Started] Channel 116
INFO:root:Serving Client Request...
INFO:root:Scanning channels...
INFO:root:For 2_4GHz...
INFO:root:Noisiest 2_4GHz channel... 14
INFO:root:--------------------------------

INFO:root:[2025-11-10 05:18:49] WiFiBand.BAND_2_4_GHz  BAND:                     WiFiBand.BAND_2_4_GHz
INFO:root:[2025-11-10 05:18:49] WiFiBand.BAND_2_4_GHz  CHANNEL:                  14
INFO:root:[2025-11-10 05:18:49] WiFiBand.BAND_2_4_GHz  NOISE FLOOR (dBm):        -95
INFO:root:[2025-11-10 05:18:49] WiFiBand.BAND_2_4_GHz  AVG CLIENT SNR (dB):      0
INFO:root:[2025-11-10 05:18:49] WiFiBand.BAND_2_4_GHz  AVG COUNT:                0
INFO:root:[2025-11-10 05:18:49] WiFiBand.BAND_2_4_GHz  AVG THROUGHPUT (Mbps):    0
INFO:root:[2025-11-10 05:18:49] WiFiBand.BAND_2_4_GHz  CHANNEL UTILIZATION:      0
INFO:root:[2025-11-10 05:18:49] WiFiBand.BAND_2_4_GHz  INTERFERENCE:             0
INFO:root:[2025-11-10 05:18:49] WiFiBand.BAND_2_4_GHz  CLIENTS:                  set()
INFO:root:[2025-11-10 05:18:49] WiFiBand.BAND_2_4_GHz  QOE:                      0
INFO:root:[2025-11-10 05:18:49] WiFiBand.BAND_2_4_GHz  TX POWER (dBm):           0
INFO:root:[2025-11-10 05:18:49] WiFiBand.BAND_2_4_GHz  CHANNEL WIDTH (MHz):      0
INFO:root:[2025-11-10 05:18:49] WiFiBand.BAND_2_4_GHz  INTERFERENCE WEIGHT:      1
INFO:root:[2025-11-10 05:18:49] WiFiBand.BAND_2_4_GHz  DFS:                      0
INFO:root:
WARNING:root:[ALERT][2025-11-10 05:18:49][Channel 14] Sudden change in SNR: 53.19 (avg=15.96, dev=233.3%)
WARNING:root:[ALERT][2025-11-10 05:18:49][Channel 14] Sudden change in TX_power: 18.00 (avg=5.40, dev=233.3%)
WARNING:root:[ALERT][2025-11-10 05:18:49][Channel 14] Sudden change in Throughput: 68.84 (avg=20.65, dev=233.3%)
WARNING:root:[ALERT][2025-11-10 05:18:49][Channel 14] Sudden change in QoE: 4.97 (avg=1.49, dev=233.3%)
WARNING:root:[ALERT][2025-11-10 05:18:49][Channel 14] Sudden change in P95_retry: 3.06 (avg=0.92, dev=233.3%)
WARNING:root:[ALERT][2025-11-10 05:18:49][Channel 14] Sudden change in P95_PER: 0.01 (avg=0.00, dev=233.3%)
WARNING:root:[CUSUM ALERT][2025-11-10 05:18:49][Channel 14] SNR ↑ shift detected! deviation=37.23
WARNING:root:[CUSUM ALERT][2025-11-10 05:18:49][Channel 14] TX_power ↑ shift detected! deviation=12.60
WARNING:root:[CUSUM ALERT][2025-11-10 05:18:49][Channel 14] Throughput ↑ shift detected! deviation=48.19
WARNING:root:[ALERT][2025-11-10 05:18:49][Channel 14] Sudden change in QoE: 4.44 (avg=2.37, dev=86.8%)
WARNING:root:[ALERT][2025-11-10 05:18:49][Channel 14] Sudden change in P95_retry: 21.12 (avg=6.98, dev=202.7%)
WARNING:root:[ALERT][2025-11-10 05:18:49][Channel 14] Sudden change in P95_PER: 0.00 (avg=0.00, dev=54.3%)
WARNING:root:[CUSUM ALERT][2025-11-10 05:18:49][Channel 14] NoiseFloor ↑ shift detected! deviation=3.08
INFO:root:Scanning channels...
INFO:root:For 5GHz...
INFO:root:Noisiest 5GHz channel... 120
INFO:root:--------------------------------

INFO:root:[2025-11-10 05:18:49] WiFiBand.BAND_5_GHz  BAND:                     WiFiBand.BAND_5_GHz
INFO:root:[2025-11-10 05:18:49] WiFiBand.BAND_5_GHz  CHANNEL:                  120
INFO:root:[2025-11-10 05:18:49] WiFiBand.BAND_5_GHz  NOISE FLOOR (dBm):        -95
INFO:root:[2025-11-10 05:18:49] WiFiBand.BAND_5_GHz  AVG CLIENT SNR (dB):      0
INFO:root:[2025-11-10 05:18:49] WiFiBand.BAND_5_GHz  AVG COUNT:                0
INFO:root:[2025-11-10 05:18:49] WiFiBand.BAND_5_GHz  AVG THROUGHPUT (Mbps):    0
INFO:root:[2025-11-10 05:18:49] WiFiBand.BAND_5_GHz  CHANNEL UTILIZATION:      0
INFO:root:[2025-11-10 05:18:49] WiFiBand.BAND_5_GHz  INTERFERENCE:             0
INFO:root:[2025-11-10 05:18:49] WiFiBand.BAND_5_GHz  CLIENTS:                  set()
INFO:root:[2025-11-10 05:18:49] WiFiBand.BAND_5_GHz  QOE:                      0
INFO:root:[2025-11-10 05:18:49] WiFiBand.BAND_5_GHz  TX POWER (dBm):           0
INFO:root:[2025-11-10 05:18:49] WiFiBand.BAND_5_GHz  CHANNEL WIDTH (MHz):      0
INFO:root:[2025-11-10 05:18:49] WiFiBand.BAND_5_GHz  INTERFERENCE WEIGHT:      1
INFO:root:[2025-11-10 05:18:49] WiFiBand.BAND_5_GHz  DFS:                      1
INFO:root:
WARNING:root:[ALERT][2025-11-10 05:18:49][Channel 120] Sudden change in SNR: 41.09 (avg=12.33, dev=233.3%)
WARNING:root:[ALERT][2025-11-10 05:18:49][Channel 120] Sudden change in TX_power: 15.00 (avg=4.50, dev=233.3%)
WARNING:root:[ALERT][2025-11-10 05:18:49][Channel 120] Sudden change in Throughput: 411.29 (avg=123.39, dev=233.3%)
WARNING:root:[ALERT][2025-11-10 05:18:49][Channel 120] Sudden change in QoE: 4.95 (avg=1.48, dev=233.3%)
WARNING:root:[ALERT][2025-11-10 05:18:49][Channel 120] Sudden change in P95_retry: 2.42 (avg=0.73, dev=233.3%)
WARNING:root:[ALERT][2025-11-10 05:18:49][Channel 120] Sudden change in P95_PER: 0.13 (avg=0.04, dev=233.3%)
WARNING:root:[CUSUM ALERT][2025-11-10 05:18:49][Channel 120] SNR ↑ shift detected! deviation=28.76
WARNING:root:[CUSUM ALERT][2025-11-10 05:18:49][Channel 120] TX_power ↑ shift detected! deviation=10.50
WARNING:root:[CUSUM ALERT][2025-11-10 05:18:49][Channel 120] Throughput ↑ shift detected! deviation=287.91
WARNING:root:[ALERT][2025-11-10 05:18:49][Channel 120] Sudden change in QoE: 4.83 (avg=2.49, dev=94.0%)
WARNING:root:[ALERT][2025-11-10 05:18:49][Channel 120] Sudden change in P95_retry: 7.87 (avg=2.87, dev=174.2%)
WARNING:root:[ALERT][2025-11-10 05:18:49][Channel 120] Sudden change in P95_PER: 0.14 (avg=0.07, dev=104.1%)
WARNING:root:DFS Radar detected...
WARNING:root:DFS detected on channel 13...
INFO:root:[Timer Started] Channel 120
INFO:root:Serving Client Request...
INFO:root:Scanning channels...
INFO:root:For 2_4GHz...
INFO:root:Noisiest 2_4GHz channel... 1
INFO:root:--------------------------------

INFO:root:[2025-11-10 05:18:55] WiFiBand.BAND_2_4_GHz  BAND:                     WiFiBand.BAND_2_4_GHz
INFO:root:[2025-11-10 05:18:55] WiFiBand.BAND_2_4_GHz  CHANNEL:                  1
INFO:root:[2025-11-10 05:18:55] WiFiBand.BAND_2_4_GHz  NOISE FLOOR (dBm):        -94.98158776471328
INFO:root:[2025-11-10 05:18:55] WiFiBand.BAND_2_4_GHz  AVG CLIENT SNR (dB):      53.993060041147814
INFO:root:[2025-11-10 05:18:55] WiFiBand.BAND_2_4_GHz  AVG COUNT:                8640
INFO:root:[2025-11-10 05:18:55] WiFiBand.BAND_2_4_GHz  AVG THROUGHPUT (Mbps):    59.247251241293256
INFO:root:[2025-11-10 05:18:55] WiFiBand.BAND_2_4_GHz  CHANNEL UTILIZATION:      0.472401536708141
INFO:root:[2025-11-10 05:18:55] WiFiBand.BAND_2_4_GHz  INTERFERENCE:             4341
INFO:root:[2025-11-10 05:18:55] WiFiBand.BAND_2_4_GHz  CLIENTS:                  {'AP24_1'}
INFO:root:[2025-11-10 05:18:55] WiFiBand.BAND_2_4_GHz  QOE:                      4.477610882009442
INFO:root:[2025-11-10 05:18:55] WiFiBand.BAND_2_4_GHz  TX POWER (dBm):           19.999998649285086
INFO:root:[2025-11-10 05:18:55] WiFiBand.BAND_2_4_GHz  CHANNEL WIDTH (MHz):      0
INFO:root:[2025-11-10 05:18:55] WiFiBand.BAND_2_4_GHz  INTERFERENCE WEIGHT:      1
INFO:root:[2025-11-10 05:18:55] WiFiBand.BAND_2_4_GHz  DFS:                      0
INFO:root:
WARNING:root:[ALERT][2025-11-10 05:18:55][Channel 1] Sudden change in P95_retry: 32.25 (avg=20.24, dev=59.4%)
WARNING:root:[CUSUM ALERT][2025-11-10 05:18:55][Channel 1] Throughput ↓ shift detected! deviation=-7.35
WARNING:root:[ALERT][2025-11-10 05:18:55][Channel 1] Sudden change in P95_PER: 0.00 (avg=0.00, dev=24.7%)
WARNING:root:[CUSUM ALERT][2025-11-10 05:18:55][Channel 1] SNR ↑ shift detected! deviation=1.84
WARNING:root:[CUSUM ALERT][2025-11-10 05:18:55][Channel 1] NoiseFloor ↓ shift detected! deviation=-3.49
INFO:root:Scanning channels...
INFO:root:For 5GHz...
INFO:root:Noisiest 5GHz channel... 124
INFO:root:--------------------------------

INFO:root:[2025-11-10 05:18:55] WiFiBand.BAND_5_GHz  BAND:                     WiFiBand.BAND_5_GHz
INFO:root:[2025-11-10 05:18:55] WiFiBand.BAND_5_GHz  CHANNEL:                  124
INFO:root:[2025-11-10 05:18:55] WiFiBand.BAND_5_GHz  NOISE FLOOR (dBm):        -95
INFO:root:[2025-11-10 05:18:55] WiFiBand.BAND_5_GHz  AVG CLIENT SNR (dB):      0
INFO:root:[2025-11-10 05:18:55] WiFiBand.BAND_5_GHz  AVG COUNT:                0
INFO:root:[2025-11-10 05:18:55] WiFiBand.BAND_5_GHz  AVG THROUGHPUT (Mbps):    0
INFO:root:[2025-11-10 05:18:55] WiFiBand.BAND_5_GHz  CHANNEL UTILIZATION:      0
INFO:root:[2025-11-10 05:18:55] WiFiBand.BAND_5_GHz  INTERFERENCE:             0
INFO:root:[2025-11-10 05:18:55] WiFiBand.BAND_5_GHz  CLIENTS:                  set()
INFO:root:[2025-11-10 05:18:55] WiFiBand.BAND_5_GHz  QOE:                      0
INFO:root:[2025-11-10 05:18:55] WiFiBand.BAND_5_GHz  TX POWER (dBm):           0
INFO:root:[2025-11-10 05:18:55] WiFiBand.BAND_5_GHz  CHANNEL WIDTH (MHz):      0
INFO:root:[2025-11-10 05:18:55] WiFiBand.BAND_5_GHz  INTERFERENCE WEIGHT:      1
INFO:root:[2025-11-10 05:18:55] WiFiBand.BAND_5_GHz  DFS:                      1
INFO:root:
WARNING:root:[ALERT][2025-11-10 05:18:55][Channel 124] Sudden change in SNR: 45.45 (avg=13.63, dev=233.3%)
WARNING:root:[ALERT][2025-11-10 05:18:55][Channel 124] Sudden change in TX_power: 20.00 (avg=6.00, dev=233.3%)
WARNING:root:[ALERT][2025-11-10 05:18:55][Channel 124] Sudden change in Throughput: 348.59 (avg=104.58, dev=233.3%)
WARNING:root:[ALERT][2025-11-10 05:18:55][Channel 124] Sudden change in QoE: 4.39 (avg=1.32, dev=233.3%)
WARNING:root:[ALERT][2025-11-10 05:18:55][Channel 124] Sudden change in P95_retry: 22.83 (avg=6.85, dev=233.3%)
WARNING:root:[ALERT][2025-11-10 05:18:55][Channel 124] Sudden change in P95_PER: 0.03 (avg=0.01, dev=233.3%)
WARNING:root:[CUSUM ALERT][2025-11-10 05:18:55][Channel 124] SNR ↑ shift detected! deviation=31.81
WARNING:root:[CUSUM ALERT][2025-11-10 05:18:55][Channel 124] TX_power ↑ shift detected! deviation=14.00
WARNING:root:[CUSUM ALERT][2025-11-10 05:18:55][Channel 124] Throughput ↑ shift detected! deviation=244.02
WARNING:root:[CUSUM ALERT][2025-11-10 05:18:55][Channel 124] P95_retry ↑ shift detected! deviation=15.98
WARNING:root:[ALERT][2025-11-10 05:18:55][Channel 124] Sudden change in QoE: 4.18 (avg=2.18, dev=92.0%)
WARNING:root:[ALERT][2025-11-10 05:18:55][Channel 124] Sudden change in P95_PER: 0.03 (avg=0.01, dev=97.3%)
WARNING:root:DFS Radar detected...
WARNING:root:DFS detected on channel 14...
INFO:root:[Timer Started] Channel 124
INFO:root:Serving Client Request...
INFO:root:--------------------------------

INFO:root:[2025-11-10 05:19:00] WiFiBand.BAND_2_4_GHz  BAND:                     WiFiBand.BAND_2_4_GHz
INFO:root:[2025-11-10 05:19:00] WiFiBand.BAND_2_4_GHz  CHANNEL:                  1
INFO:root:[2025-11-10 05:19:00] WiFiBand.BAND_2_4_GHz  NOISE FLOOR (dBm):        -94.98863438798583
INFO:root:[2025-11-10 05:19:00] WiFiBand.BAND_2_4_GHz  AVG CLIENT SNR (dB):      53.998960331075004
INFO:root:[2025-11-10 05:19:00] WiFiBand.BAND_2_4_GHz  AVG COUNT:                17280
INFO:root:[2025-11-10 05:19:00] WiFiBand.BAND_2_4_GHz  AVG THROUGHPUT (Mbps):    59.24033491681046
INFO:root:[2025-11-10 05:19:00] WiFiBand.BAND_2_4_GHz  CHANNEL UTILIZATION:      0.4546441898012651
INFO:root:[2025-11-10 05:19:00] WiFiBand.BAND_2_4_GHz  INTERFERENCE:             8682
INFO:root:[2025-11-10 05:19:00] WiFiBand.BAND_2_4_GHz  CLIENTS:                  {'AP24_1'}
INFO:root:[2025-11-10 05:19:00] WiFiBand.BAND_2_4_GHz  QOE:                      4.4772417136199
INFO:root:[2025-11-10 05:19:00] WiFiBand.BAND_2_4_GHz  TX POWER (dBm):           19.999999662301782
INFO:root:[2025-11-10 05:19:00] WiFiBand.BAND_2_4_GHz  CHANNEL WIDTH (MHz):      0
INFO:root:[2025-11-10 05:19:00] WiFiBand.BAND_2_4_GHz  INTERFERENCE WEIGHT:      1
INFO:root:[2025-11-10 05:19:00] WiFiBand.BAND_2_4_GHz  DFS:                      0
INFO:root:
INFO:root:--------------------------------

INFO:root:[2025-11-10 05:19:00] WiFiBand.BAND_2_4_GHz  BAND:                     WiFiBand.BAND_2_4_GHz
INFO:root:[2025-11-10 05:19:00] WiFiBand.BAND_2_4_GHz  CHANNEL:                  2
INFO:root:[2025-11-10 05:19:00] WiFiBand.BAND_2_4_GHz  NOISE FLOOR (dBm):        -94.9879094435747
INFO:root:[2025-11-10 05:19:00] WiFiBand.BAND_2_4_GHz  AVG CLIENT SNR (dB):      51.06503906948076
INFO:root:[2025-11-10 05:19:00] WiFiBand.BAND_2_4_GHz  AVG COUNT:                8640
INFO:root:[2025-11-10 05:19:00] WiFiBand.BAND_2_4_GHz  AVG THROUGHPUT (Mbps):    59.20625305310319
INFO:root:[2025-11-10 05:19:00] WiFiBand.BAND_2_4_GHz  CHANNEL UTILIZATION:      0.4718404678276779
INFO:root:[2025-11-10 05:19:00] WiFiBand.BAND_2_4_GHz  INTERFERENCE:             4334
INFO:root:[2025-11-10 05:19:00] WiFiBand.BAND_2_4_GHz  CLIENTS:                  {'AP24_2'}
INFO:root:[2025-11-10 05:19:00] WiFiBand.BAND_2_4_GHz  QOE:                      4.47549742443073
INFO:root:[2025-11-10 05:19:00] WiFiBand.BAND_2_4_GHz  TX POWER (dBm):           16.999998851892144
INFO:root:[2025-11-10 05:19:00] WiFiBand.BAND_2_4_GHz  CHANNEL WIDTH (MHz):      0
INFO:root:[2025-11-10 05:19:00] WiFiBand.BAND_2_4_GHz  INTERFERENCE WEIGHT:      1
INFO:root:[2025-11-10 05:19:00] WiFiBand.BAND_2_4_GHz  DFS:                      0
INFO:root:
INFO:root:--------------------------------

INFO:root:[2025-11-10 05:19:00] WiFiBand.BAND_2_4_GHz  BAND:                     WiFiBand.BAND_2_4_GHz
INFO:root:[2025-11-10 05:19:00] WiFiBand.BAND_2_4_GHz  CHANNEL:                  3
INFO:root:[2025-11-10 05:19:00] WiFiBand.BAND_2_4_GHz  NOISE FLOOR (dBm):        -95.00462347728389
INFO:root:[2025-11-10 05:19:00] WiFiBand.BAND_2_4_GHz  AVG CLIENT SNR (dB):      52.24322876606148
INFO:root:[2025-11-10 05:19:00] WiFiBand.BAND_2_4_GHz  AVG COUNT:                8640
INFO:root:[2025-11-10 05:19:00] WiFiBand.BAND_2_4_GHz  AVG THROUGHPUT (Mbps):    59.206943645574015
INFO:root:[2025-11-10 05:19:00] WiFiBand.BAND_2_4_GHz  CHANNEL UTILIZATION:      0.47120296240587434
INFO:root:[2025-11-10 05:19:00] WiFiBand.BAND_2_4_GHz  INTERFERENCE:             4331
INFO:root:[2025-11-10 05:19:00] WiFiBand.BAND_2_4_GHz  CLIENTS:                  {'AP24_3'}
INFO:root:[2025-11-10 05:19:00] WiFiBand.BAND_2_4_GHz  QOE:                      4.4754096357829045
INFO:root:[2025-11-10 05:19:00] WiFiBand.BAND_2_4_GHz  TX POWER (dBm):           17.999998784356485
INFO:root:[2025-11-10 05:19:00] WiFiBand.BAND_2_4_GHz  CHANNEL WIDTH (MHz):      0
INFO:root:[2025-11-10 05:19:00] WiFiBand.BAND_2_4_GHz  INTERFERENCE WEIGHT:      1
INFO:root:[2025-11-10 05:19:00] WiFiBand.BAND_2_4_GHz  DFS:                      0
INFO:root:
INFO:root:--------------------------------

INFO:root:[2025-11-10 05:19:00] WiFiBand.BAND_2_4_GHz  BAND:                     WiFiBand.BAND_2_4_GHz
INFO:root:[2025-11-10 05:19:00] WiFiBand.BAND_2_4_GHz  CHANNEL:                  4
INFO:root:[2025-11-10 05:19:00] WiFiBand.BAND_2_4_GHz  NOISE FLOOR (dBm):        -94.98200782979762
INFO:root:[2025-11-10 05:19:00] WiFiBand.BAND_2_4_GHz  AVG CLIENT SNR (dB):      52.53355628655897
INFO:root:[2025-11-10 05:19:00] WiFiBand.BAND_2_4_GHz  AVG COUNT:                8640
INFO:root:[2025-11-10 05:19:00] WiFiBand.BAND_2_4_GHz  AVG THROUGHPUT (Mbps):    59.33490839869827
INFO:root:[2025-11-10 05:19:00] WiFiBand.BAND_2_4_GHz  CHANNEL UTILIZATION:      0.4711320239631622
INFO:root:[2025-11-10 05:19:00] WiFiBand.BAND_2_4_GHz  INTERFERENCE:             4303
INFO:root:[2025-11-10 05:19:00] WiFiBand.BAND_2_4_GHz  CLIENTS:                  {'AP24_4'}
INFO:root:[2025-11-10 05:19:00] WiFiBand.BAND_2_4_GHz  QOE:                      4.4819199893821295
INFO:root:[2025-11-10 05:19:00] WiFiBand.BAND_2_4_GHz  TX POWER (dBm):           19.999998649285086
INFO:root:[2025-11-10 05:19:00] WiFiBand.BAND_2_4_GHz  CHANNEL WIDTH (MHz):      0
INFO:root:[2025-11-10 05:19:00] WiFiBand.BAND_2_4_GHz  INTERFERENCE WEIGHT:      1
INFO:root:[2025-11-10 05:19:00] WiFiBand.BAND_2_4_GHz  DFS:                      0
INFO:root:
INFO:root:--------------------------------

INFO:root:[2025-11-10 05:19:00] WiFiBand.BAND_2_4_GHz  BAND:                     WiFiBand.BAND_2_4_GHz
INFO:root:[2025-11-10 05:19:00] WiFiBand.BAND_2_4_GHz  CHANNEL:                  5
INFO:root:[2025-11-10 05:19:00] WiFiBand.BAND_2_4_GHz  NOISE FLOOR (dBm):        -94.95007673349771
INFO:root:[2025-11-10 05:19:00] WiFiBand.BAND_2_4_GHz  AVG CLIENT SNR (dB):      50.46052078273435
INFO:root:[2025-11-10 05:19:00] WiFiBand.BAND_2_4_GHz  AVG COUNT:                8640
INFO:root:[2025-11-10 05:19:00] WiFiBand.BAND_2_4_GHz  AVG THROUGHPUT (Mbps):    59.146304912861446
INFO:root:[2025-11-10 05:19:00] WiFiBand.BAND_2_4_GHz  CHANNEL UTILIZATION:      0.4738865192036302
INFO:root:[2025-11-10 05:19:00] WiFiBand.BAND_2_4_GHz  INTERFERENCE:             4439
INFO:root:[2025-11-10 05:19:00] WiFiBand.BAND_2_4_GHz  CLIENTS:                  {'AP24_5'}
INFO:root:[2025-11-10 05:19:00] WiFiBand.BAND_2_4_GHz  QOE:                      4.47156583961879
INFO:root:[2025-11-10 05:19:00] WiFiBand.BAND_2_4_GHz  TX POWER (dBm):           15.999998919428055
INFO:root:[2025-11-10 05:19:00] WiFiBand.BAND_2_4_GHz  CHANNEL WIDTH (MHz):      0
INFO:root:[2025-11-10 05:19:00] WiFiBand.BAND_2_4_GHz  INTERFERENCE WEIGHT:      1
INFO:root:[2025-11-10 05:19:00] WiFiBand.BAND_2_4_GHz  DFS:                      0
INFO:root:
INFO:root:--------------------------------

INFO:root:[2025-11-10 05:19:00] WiFiBand.BAND_2_4_GHz  BAND:                     WiFiBand.BAND_2_4_GHz
INFO:root:[2025-11-10 05:19:00] WiFiBand.BAND_2_4_GHz  CHANNEL:                  6
INFO:root:[2025-11-10 05:19:00] WiFiBand.BAND_2_4_GHz  NOISE FLOOR (dBm):        -95.00885837505952
INFO:root:[2025-11-10 05:19:00] WiFiBand.BAND_2_4_GHz  AVG CLIENT SNR (dB):      53.55646089287153
INFO:root:[2025-11-10 05:19:00] WiFiBand.BAND_2_4_GHz  AVG COUNT:                8640
INFO:root:[2025-11-10 05:19:00] WiFiBand.BAND_2_4_GHz  AVG THROUGHPUT (Mbps):    59.37992724258815
INFO:root:[2025-11-10 05:19:00] WiFiBand.BAND_2_4_GHz  CHANNEL UTILIZATION:      0.4729969635845919
INFO:root:[2025-11-10 05:19:00] WiFiBand.BAND_2_4_GHz  INTERFERENCE:             4378
INFO:root:[2025-11-10 05:19:00] WiFiBand.BAND_2_4_GHz  CLIENTS:                  {'AP24_6'}
INFO:root:[2025-11-10 05:19:00] WiFiBand.BAND_2_4_GHz  QOE:                      4.48425667312953
INFO:root:[2025-11-10 05:19:00] WiFiBand.BAND_2_4_GHz  TX POWER (dBm):           17.999998784356485
INFO:root:[2025-11-10 05:19:00] WiFiBand.BAND_2_4_GHz  CHANNEL WIDTH (MHz):      0
INFO:root:[2025-11-10 05:19:00] WiFiBand.BAND_2_4_GHz  INTERFERENCE WEIGHT:      1
INFO:root:[2025-11-10 05:19:00] WiFiBand.BAND_2_4_GHz  DFS:                      0
INFO:root:
INFO:root:--------------------------------

INFO:root:[2025-11-10 05:19:00] WiFiBand.BAND_2_4_GHz  BAND:                     WiFiBand.BAND_2_4_GHz
INFO:root:[2025-11-10 05:19:00] WiFiBand.BAND_2_4_GHz  CHANNEL:                  7
INFO:root:[2025-11-10 05:19:00] WiFiBand.BAND_2_4_GHz  NOISE FLOOR (dBm):        -94.99375209543366
INFO:root:[2025-11-10 05:19:00] WiFiBand.BAND_2_4_GHz  AVG CLIENT SNR (dB):      51.74074973246082
INFO:root:[2025-11-10 05:19:00] WiFiBand.BAND_2_4_GHz  AVG COUNT:                8640
INFO:root:[2025-11-10 05:19:00] WiFiBand.BAND_2_4_GHz  AVG THROUGHPUT (Mbps):    59.19714638142391
INFO:root:[2025-11-10 05:19:00] WiFiBand.BAND_2_4_GHz  CHANNEL UTILIZATION:      0.47305599694198214
INFO:root:[2025-11-10 05:19:00] WiFiBand.BAND_2_4_GHz  INTERFERENCE:             4263
INFO:root:[2025-11-10 05:19:00] WiFiBand.BAND_2_4_GHz  CLIENTS:                  {'AP24_7'}
INFO:root:[2025-11-10 05:19:00] WiFiBand.BAND_2_4_GHz  QOE:                      4.474531370261232
INFO:root:[2025-11-10 05:19:00] WiFiBand.BAND_2_4_GHz  TX POWER (dBm):           17.999998784356485
INFO:root:[2025-11-10 05:19:00] WiFiBand.BAND_2_4_GHz  CHANNEL WIDTH (MHz):      0
INFO:root:[2025-11-10 05:19:00] WiFiBand.BAND_2_4_GHz  INTERFERENCE WEIGHT:      1
INFO:root:[2025-11-10 05:19:00] WiFiBand.BAND_2_4_GHz  DFS:                      0
INFO:root:
INFO:root:--------------------------------

INFO:root:[2025-11-10 05:19:00] WiFiBand.BAND_2_4_GHz  BAND:                     WiFiBand.BAND_2_4_GHz
INFO:root:[2025-11-10 05:19:00] WiFiBand.BAND_2_4_GHz  CHANNEL:                  8
INFO:root:[2025-11-10 05:19:00] WiFiBand.BAND_2_4_GHz  NOISE FLOOR (dBm):        -95.01098372482917
INFO:root:[2025-11-10 05:19:00] WiFiBand.BAND_2_4_GHz  AVG CLIENT SNR (dB):      55.2056759419278
INFO:root:[2025-11-10 05:19:00] WiFiBand.BAND_2_4_GHz  AVG COUNT:                8640
INFO:root:[2025-11-10 05:19:00] WiFiBand.BAND_2_4_GHz  AVG THROUGHPUT (Mbps):    59.216127504780786
INFO:root:[2025-11-10 05:19:00] WiFiBand.BAND_2_4_GHz  CHANNEL UTILIZATION:      0.47184220941061966
INFO:root:[2025-11-10 05:19:00] WiFiBand.BAND_2_4_GHz  INTERFERENCE:             4402
INFO:root:[2025-11-10 05:19:00] WiFiBand.BAND_2_4_GHz  CLIENTS:                  {'AP24_8'}
INFO:root:[2025-11-10 05:19:00] WiFiBand.BAND_2_4_GHz  QOE:                      4.475348100909821
INFO:root:[2025-11-10 05:19:00] WiFiBand.BAND_2_4_GHz  TX POWER (dBm):           19.999998649285086
INFO:root:[2025-11-10 05:19:00] WiFiBand.BAND_2_4_GHz  CHANNEL WIDTH (MHz):      0
INFO:root:[2025-11-10 05:19:00] WiFiBand.BAND_2_4_GHz  INTERFERENCE WEIGHT:      1
INFO:root:[2025-11-10 05:19:00] WiFiBand.BAND_2_4_GHz  DFS:                      0
INFO:root:
INFO:root:--------------------------------

INFO:root:[2025-11-10 05:19:00] WiFiBand.BAND_2_4_GHz  BAND:                     WiFiBand.BAND_2_4_GHz
INFO:root:[2025-11-10 05:19:00] WiFiBand.BAND_2_4_GHz  CHANNEL:                  9
INFO:root:[2025-11-10 05:19:00] WiFiBand.BAND_2_4_GHz  NOISE FLOOR (dBm):        -94.97686645608124
INFO:root:[2025-11-10 05:19:00] WiFiBand.BAND_2_4_GHz  AVG CLIENT SNR (dB):      52.199886284924986
INFO:root:[2025-11-10 05:19:00] WiFiBand.BAND_2_4_GHz  AVG COUNT:                8640
INFO:root:[2025-11-10 05:19:00] WiFiBand.BAND_2_4_GHz  AVG THROUGHPUT (Mbps):    59.144310555214545
INFO:root:[2025-11-10 05:19:00] WiFiBand.BAND_2_4_GHz  CHANNEL UTILIZATION:      0.47115272979977224
INFO:root:[2025-11-10 05:19:00] WiFiBand.BAND_2_4_GHz  INTERFERENCE:             4231
INFO:root:[2025-11-10 05:19:00] WiFiBand.BAND_2_4_GHz  CLIENTS:                  {'AP24_9'}
INFO:root:[2025-11-10 05:19:00] WiFiBand.BAND_2_4_GHz  QOE:                      4.47177194169927
INFO:root:[2025-11-10 05:19:00] WiFiBand.BAND_2_4_GHz  TX POWER (dBm):           14.999998986963769
INFO:root:[2025-11-10 05:19:00] WiFiBand.BAND_2_4_GHz  CHANNEL WIDTH (MHz):      0
INFO:root:[2025-11-10 05:19:00] WiFiBand.BAND_2_4_GHz  INTERFERENCE WEIGHT:      1
INFO:root:[2025-11-10 05:19:00] WiFiBand.BAND_2_4_GHz  DFS:                      0
INFO:root:
INFO:root:--------------------------------

INFO:root:[2025-11-10 05:19:00] WiFiBand.BAND_2_4_GHz  BAND:                     WiFiBand.BAND_2_4_GHz
INFO:root:[2025-11-10 05:19:00] WiFiBand.BAND_2_4_GHz  CHANNEL:                  10
INFO:root:[2025-11-10 05:19:00] WiFiBand.BAND_2_4_GHz  NOISE FLOOR (dBm):        -94.97795402540375
INFO:root:[2025-11-10 05:19:00] WiFiBand.BAND_2_4_GHz  AVG CLIENT SNR (dB):      48.85828364555152
INFO:root:[2025-11-10 05:19:00] WiFiBand.BAND_2_4_GHz  AVG COUNT:                8640
INFO:root:[2025-11-10 05:19:00] WiFiBand.BAND_2_4_GHz  AVG THROUGHPUT (Mbps):    59.32004563624581
INFO:root:[2025-11-10 05:19:00] WiFiBand.BAND_2_4_GHz  CHANNEL UTILIZATION:      0.472588620784972
INFO:root:[2025-11-10 05:19:00] WiFiBand.BAND_2_4_GHz  INTERFERENCE:             4257
INFO:root:[2025-11-10 05:19:00] WiFiBand.BAND_2_4_GHz  CLIENTS:                  {'AP24_10'}
INFO:root:[2025-11-10 05:19:00] WiFiBand.BAND_2_4_GHz  QOE:                      4.4815455930285895
INFO:root:[2025-11-10 05:19:00] WiFiBand.BAND_2_4_GHz  TX POWER (dBm):           15.999998919428055
INFO:root:[2025-11-10 05:19:00] WiFiBand.BAND_2_4_GHz  CHANNEL WIDTH (MHz):      0
INFO:root:[2025-11-10 05:19:00] WiFiBand.BAND_2_4_GHz  INTERFERENCE WEIGHT:      1
INFO:root:[2025-11-10 05:19:00] WiFiBand.BAND_2_4_GHz  DFS:                      0
INFO:root:
INFO:root:--------------------------------

INFO:root:[2025-11-10 05:19:00] WiFiBand.BAND_2_4_GHz  BAND:                     WiFiBand.BAND_2_4_GHz
INFO:root:[2025-11-10 05:19:00] WiFiBand.BAND_2_4_GHz  CHANNEL:                  11
INFO:root:[2025-11-10 05:19:00] WiFiBand.BAND_2_4_GHz  NOISE FLOOR (dBm):        -95.00696721972766
INFO:root:[2025-11-10 05:19:00] WiFiBand.BAND_2_4_GHz  AVG CLIENT SNR (dB):      52.583342899411
INFO:root:[2025-11-10 05:19:00] WiFiBand.BAND_2_4_GHz  AVG COUNT:                8640
INFO:root:[2025-11-10 05:19:00] WiFiBand.BAND_2_4_GHz  AVG THROUGHPUT (Mbps):    59.28316025668325
INFO:root:[2025-11-10 05:19:00] WiFiBand.BAND_2_4_GHz  CHANNEL UTILIZATION:      0.47174922402491154
INFO:root:[2025-11-10 05:19:00] WiFiBand.BAND_2_4_GHz  INTERFERENCE:             4306
INFO:root:[2025-11-10 05:19:00] WiFiBand.BAND_2_4_GHz  CLIENTS:                  {'AP24_11'}
INFO:root:[2025-11-10 05:19:00] WiFiBand.BAND_2_4_GHz  QOE:                      4.479069653095331
INFO:root:[2025-11-10 05:19:00] WiFiBand.BAND_2_4_GHz  TX POWER (dBm):           19.999998649285086
INFO:root:[2025-11-10 05:19:00] WiFiBand.BAND_2_4_GHz  CHANNEL WIDTH (MHz):      0
INFO:root:[2025-11-10 05:19:00] WiFiBand.BAND_2_4_GHz  INTERFERENCE WEIGHT:      1
INFO:root:[2025-11-10 05:19:00] WiFiBand.BAND_2_4_GHz  DFS:                      0
INFO:root:
INFO:root:--------------------------------

INFO:root:[2025-11-10 05:19:00] WiFiBand.BAND_2_4_GHz  BAND:                     WiFiBand.BAND_2_4_GHz
INFO:root:[2025-11-10 05:19:00] WiFiBand.BAND_2_4_GHz  CHANNEL:                  12
INFO:root:[2025-11-10 05:19:00] WiFiBand.BAND_2_4_GHz  NOISE FLOOR (dBm):        -94.96891105244157
INFO:root:[2025-11-10 05:19:00] WiFiBand.BAND_2_4_GHz  AVG CLIENT SNR (dB):      50.2159378535146
INFO:root:[2025-11-10 05:19:00] WiFiBand.BAND_2_4_GHz  AVG COUNT:                8640
INFO:root:[2025-11-10 05:19:00] WiFiBand.BAND_2_4_GHz  AVG THROUGHPUT (Mbps):    59.22765801907715
INFO:root:[2025-11-10 05:19:00] WiFiBand.BAND_2_4_GHz  CHANNEL UTILIZATION:      0.4714117098235231
INFO:root:[2025-11-10 05:19:00] WiFiBand.BAND_2_4_GHz  INTERFERENCE:             4350
INFO:root:[2025-11-10 05:19:00] WiFiBand.BAND_2_4_GHz  CLIENTS:                  {'AP24_12'}
INFO:root:[2025-11-10 05:19:00] WiFiBand.BAND_2_4_GHz  QOE:                      4.476256946985468
INFO:root:[2025-11-10 05:19:00] WiFiBand.BAND_2_4_GHz  TX POWER (dBm):           15.999998919428055
INFO:root:[2025-11-10 05:19:00] WiFiBand.BAND_2_4_GHz  CHANNEL WIDTH (MHz):      0
INFO:root:[2025-11-10 05:19:00] WiFiBand.BAND_2_4_GHz  INTERFERENCE WEIGHT:      1
INFO:root:[2025-11-10 05:19:00] WiFiBand.BAND_2_4_GHz  DFS:                      0
INFO:root:
INFO:root:--------------------------------

INFO:root:[2025-11-10 05:19:00] WiFiBand.BAND_2_4_GHz  BAND:                     WiFiBand.BAND_2_4_GHz
INFO:root:[2025-11-10 05:19:00] WiFiBand.BAND_2_4_GHz  CHANNEL:                  13
INFO:root:[2025-11-10 05:19:00] WiFiBand.BAND_2_4_GHz  NOISE FLOOR (dBm):        -94.98519199880833
INFO:root:[2025-11-10 05:19:00] WiFiBand.BAND_2_4_GHz  AVG CLIENT SNR (dB):      52.302413829517036
INFO:root:[2025-11-10 05:19:00] WiFiBand.BAND_2_4_GHz  AVG COUNT:                8640
INFO:root:[2025-11-10 05:19:00] WiFiBand.BAND_2_4_GHz  AVG THROUGHPUT (Mbps):    59.22894518726729
INFO:root:[2025-11-10 05:19:00] WiFiBand.BAND_2_4_GHz  CHANNEL UTILIZATION:      0.47353870422664324
INFO:root:[2025-11-10 05:19:00] WiFiBand.BAND_2_4_GHz  INTERFERENCE:             4314
INFO:root:[2025-11-10 05:19:00] WiFiBand.BAND_2_4_GHz  CLIENTS:                  {'AP24_13'}
INFO:root:[2025-11-10 05:19:00] WiFiBand.BAND_2_4_GHz  QOE:                      4.476492085488707
INFO:root:[2025-11-10 05:19:00] WiFiBand.BAND_2_4_GHz  TX POWER (dBm):           15.999998919428055
INFO:root:[2025-11-10 05:19:00] WiFiBand.BAND_2_4_GHz  CHANNEL WIDTH (MHz):      0
INFO:root:[2025-11-10 05:19:00] WiFiBand.BAND_2_4_GHz  INTERFERENCE WEIGHT:      1
INFO:root:[2025-11-10 05:19:00] WiFiBand.BAND_2_4_GHz  DFS:                      0
INFO:root:
INFO:root:--------------------------------

INFO:root:[2025-11-10 05:19:00] WiFiBand.BAND_2_4_GHz  BAND:                     WiFiBand.BAND_2_4_GHz
INFO:root:[2025-11-10 05:19:00] WiFiBand.BAND_2_4_GHz  CHANNEL:                  14
INFO:root:[2025-11-10 05:19:00] WiFiBand.BAND_2_4_GHz  NOISE FLOOR (dBm):        -95.00463652921829
INFO:root:[2025-11-10 05:19:00] WiFiBand.BAND_2_4_GHz  AVG CLIENT SNR (dB):      54.698634414194906
INFO:root:[2025-11-10 05:19:00] WiFiBand.BAND_2_4_GHz  AVG COUNT:                8640
INFO:root:[2025-11-10 05:19:00] WiFiBand.BAND_2_4_GHz  AVG THROUGHPUT (Mbps):    59.07254916343908
INFO:root:[2025-11-10 05:19:00] WiFiBand.BAND_2_4_GHz  CHANNEL UTILIZATION:      0.47192220597354695
INFO:root:[2025-11-10 05:19:00] WiFiBand.BAND_2_4_GHz  INTERFERENCE:             4412
INFO:root:[2025-11-10 05:19:00] WiFiBand.BAND_2_4_GHz  CLIENTS:                  {'AP24_14'}
INFO:root:[2025-11-10 05:19:00] WiFiBand.BAND_2_4_GHz  QOE:                      4.46882732265296
INFO:root:[2025-11-10 05:19:00] WiFiBand.BAND_2_4_GHz  TX POWER (dBm):           17.999998784356485
INFO:root:[2025-11-10 05:19:00] WiFiBand.BAND_2_4_GHz  CHANNEL WIDTH (MHz):      0
INFO:root:[2025-11-10 05:19:00] WiFiBand.BAND_2_4_GHz  INTERFERENCE WEIGHT:      1
INFO:root:[2025-11-10 05:19:00] WiFiBand.BAND_2_4_GHz  DFS:                      0
INFO:root:
INFO:root:--------------------------------

INFO:root:[2025-11-10 05:19:00] WiFiBand.BAND_5_GHz  BAND:                     WiFiBand.BAND_5_GHz
INFO:root:[2025-11-10 05:19:00] WiFiBand.BAND_5_GHz  CHANNEL:                  36
INFO:root:[2025-11-10 05:19:00] WiFiBand.BAND_5_GHz  NOISE FLOOR (dBm):        -94.48101453180308
INFO:root:[2025-11-10 05:19:00] WiFiBand.BAND_5_GHz  AVG CLIENT SNR (dB):      48.112084840949414
INFO:root:[2025-11-10 05:19:00] WiFiBand.BAND_5_GHz  AVG COUNT:                8640
INFO:root:[2025-11-10 05:19:00] WiFiBand.BAND_5_GHz  AVG THROUGHPUT (Mbps):    355.01703233724874
INFO:root:[2025-11-10 05:19:00] WiFiBand.BAND_5_GHz  CHANNEL UTILIZATION:      0.4420522256326203
INFO:root:[2025-11-10 05:19:00] WiFiBand.BAND_5_GHz  INTERFERENCE:             0
INFO:root:[2025-11-10 05:19:00] WiFiBand.BAND_5_GHz  CLIENTS:                  {'AP5_36'}
INFO:root:[2025-11-10 05:19:00] WiFiBand.BAND_5_GHz  QOE:                      4.475070368871634
INFO:root:[2025-11-10 05:19:00] WiFiBand.BAND_5_GHz  TX POWER (dBm):           20.999998581749317
INFO:root:[2025-11-10 05:19:00] WiFiBand.BAND_5_GHz  CHANNEL WIDTH (MHz):      0
INFO:root:[2025-11-10 05:19:00] WiFiBand.BAND_5_GHz  INTERFERENCE WEIGHT:      1
INFO:root:[2025-11-10 05:19:00] WiFiBand.BAND_5_GHz  DFS:                      0
INFO:root:
INFO:root:--------------------------------

INFO:root:[2025-11-10 05:19:00] WiFiBand.BAND_5_GHz  BAND:                     WiFiBand.BAND_5_GHz
INFO:root:[2025-11-10 05:19:00] WiFiBand.BAND_5_GHz  CHANNEL:                  40
INFO:root:[2025-11-10 05:19:00] WiFiBand.BAND_5_GHz  NOISE FLOOR (dBm):        -94.52668058368074
INFO:root:[2025-11-10 05:19:00] WiFiBand.BAND_5_GHz  AVG CLIENT SNR (dB):      46.07329390927109
INFO:root:[2025-11-10 05:19:00] WiFiBand.BAND_5_GHz  AVG COUNT:                8640
INFO:root:[2025-11-10 05:19:00] WiFiBand.BAND_5_GHz  AVG THROUGHPUT (Mbps):    354.26439282703546
INFO:root:[2025-11-10 05:19:00] WiFiBand.BAND_5_GHz  CHANNEL UTILIZATION:      0.44187878332042974
INFO:root:[2025-11-10 05:19:00] WiFiBand.BAND_5_GHz  INTERFERENCE:             0
INFO:root:[2025-11-10 05:19:00] WiFiBand.BAND_5_GHz  CLIENTS:                  {'AP5_40'}
INFO:root:[2025-11-10 05:19:00] WiFiBand.BAND_5_GHz  QOE:                      4.467712158022361
INFO:root:[2025-11-10 05:19:00] WiFiBand.BAND_5_GHz  TX POWER (dBm):           17.999998784356485
INFO:root:[2025-11-10 05:19:00] WiFiBand.BAND_5_GHz  CHANNEL WIDTH (MHz):      0
INFO:root:[2025-11-10 05:19:00] WiFiBand.BAND_5_GHz  INTERFERENCE WEIGHT:      1
INFO:root:[2025-11-10 05:19:00] WiFiBand.BAND_5_GHz  DFS:                      0
INFO:root:
INFO:root:--------------------------------

INFO:root:[2025-11-10 05:19:00] WiFiBand.BAND_5_GHz  BAND:                     WiFiBand.BAND_5_GHz
INFO:root:[2025-11-10 05:19:00] WiFiBand.BAND_5_GHz  CHANNEL:                  44
INFO:root:[2025-11-10 05:19:00] WiFiBand.BAND_5_GHz  NOISE FLOOR (dBm):        -88.43560025028269
INFO:root:[2025-11-10 05:19:00] WiFiBand.BAND_5_GHz  AVG CLIENT SNR (dB):      41.82560430226775
INFO:root:[2025-11-10 05:19:00] WiFiBand.BAND_5_GHz  AVG COUNT:                8640
INFO:root:[2025-11-10 05:19:00] WiFiBand.BAND_5_GHz  AVG THROUGHPUT (Mbps):    1053.6243994082654
INFO:root:[2025-11-10 05:19:00] WiFiBand.BAND_5_GHz  CHANNEL UTILIZATION:      0.44741906739103887
INFO:root:[2025-11-10 05:19:00] WiFiBand.BAND_5_GHz  INTERFERENCE:             0
INFO:root:[2025-11-10 05:19:00] WiFiBand.BAND_5_GHz  CLIENTS:                  {'AP5_44'}
INFO:root:[2025-11-10 05:19:00] WiFiBand.BAND_5_GHz  QOE:                      4.437365911587407
INFO:root:[2025-11-10 05:19:00] WiFiBand.BAND_5_GHz  TX POWER (dBm):           18.999998716820915
INFO:root:[2025-11-10 05:19:00] WiFiBand.BAND_5_GHz  CHANNEL WIDTH (MHz):      0
INFO:root:[2025-11-10 05:19:00] WiFiBand.BAND_5_GHz  INTERFERENCE WEIGHT:      1
INFO:root:[2025-11-10 05:19:00] WiFiBand.BAND_5_GHz  DFS:                      0
INFO:root:
INFO:root:--------------------------------

INFO:root:[2025-11-10 05:19:00] WiFiBand.BAND_5_GHz  BAND:                     WiFiBand.BAND_5_GHz
INFO:root:[2025-11-10 05:19:00] WiFiBand.BAND_5_GHz  CHANNEL:                  48
INFO:root:[2025-11-10 05:19:00] WiFiBand.BAND_5_GHz  NOISE FLOOR (dBm):        -94.52864765162978
INFO:root:[2025-11-10 05:19:00] WiFiBand.BAND_5_GHz  AVG CLIENT SNR (dB):      44.19904311060752
INFO:root:[2025-11-10 05:19:00] WiFiBand.BAND_5_GHz  AVG COUNT:                8640
INFO:root:[2025-11-10 05:19:00] WiFiBand.BAND_5_GHz  AVG THROUGHPUT (Mbps):    354.0921329552694
INFO:root:[2025-11-10 05:19:00] WiFiBand.BAND_5_GHz  CHANNEL UTILIZATION:      0.44241626163764536
INFO:root:[2025-11-10 05:19:00] WiFiBand.BAND_5_GHz  INTERFERENCE:             0
INFO:root:[2025-11-10 05:19:00] WiFiBand.BAND_5_GHz  CLIENTS:                  {'AP5_48'}
INFO:root:[2025-11-10 05:19:00] WiFiBand.BAND_5_GHz  QOE:                      4.466320042132606
INFO:root:[2025-11-10 05:19:00] WiFiBand.BAND_5_GHz  TX POWER (dBm):           17.999998784356485
INFO:root:[2025-11-10 05:19:00] WiFiBand.BAND_5_GHz  CHANNEL WIDTH (MHz):      0
INFO:root:[2025-11-10 05:19:00] WiFiBand.BAND_5_GHz  INTERFERENCE WEIGHT:      1
INFO:root:[2025-11-10 05:19:00] WiFiBand.BAND_5_GHz  DFS:                      0
INFO:root:
INFO:root:--------------------------------

INFO:root:[2025-11-10 05:19:00] WiFiBand.BAND_5_GHz  BAND:                     WiFiBand.BAND_5_GHz
INFO:root:[2025-11-10 05:19:00] WiFiBand.BAND_5_GHz  CHANNEL:                  52
INFO:root:[2025-11-10 05:19:00] WiFiBand.BAND_5_GHz  NOISE FLOOR (dBm):        -94.82617321164616
INFO:root:[2025-11-10 05:19:00] WiFiBand.BAND_5_GHz  AVG CLIENT SNR (dB):      14.777425547596085
INFO:root:[2025-11-10 05:19:00] WiFiBand.BAND_5_GHz  AVG COUNT:                1
INFO:root:[2025-11-10 05:19:00] WiFiBand.BAND_5_GHz  AVG THROUGHPUT (Mbps):    98.74668930299605
INFO:root:[2025-11-10 05:19:00] WiFiBand.BAND_5_GHz  CHANNEL UTILIZATION:      0.06315107421669781
INFO:root:[2025-11-10 05:19:00] WiFiBand.BAND_5_GHz  INTERFERENCE:             0
INFO:root:[2025-11-10 05:19:00] WiFiBand.BAND_5_GHz  CLIENTS:                  {'AP5_52'}
INFO:root:[2025-11-10 05:19:00] WiFiBand.BAND_5_GHz  QOE:                      1.2815830205627738
INFO:root:[2025-11-10 05:19:00] WiFiBand.BAND_5_GHz  TX POWER (dBm):           5.7
INFO:root:[2025-11-10 05:19:00] WiFiBand.BAND_5_GHz  CHANNEL WIDTH (MHz):      0
INFO:root:[2025-11-10 05:19:00] WiFiBand.BAND_5_GHz  INTERFERENCE WEIGHT:      1
INFO:root:[2025-11-10 05:19:00] WiFiBand.BAND_5_GHz  DFS:                      1
INFO:root:
INFO:root:--------------------------------

INFO:root:[2025-11-10 05:19:00] WiFiBand.BAND_5_GHz  BAND:                     WiFiBand.BAND_5_GHz
INFO:root:[2025-11-10 05:19:00] WiFiBand.BAND_5_GHz  CHANNEL:                  56
INFO:root:[2025-11-10 05:19:00] WiFiBand.BAND_5_GHz  NOISE FLOOR (dBm):        -95
INFO:root:[2025-11-10 05:19:00] WiFiBand.BAND_5_GHz  AVG CLIENT SNR (dB):      0
INFO:root:[2025-11-10 05:19:00] WiFiBand.BAND_5_GHz  AVG COUNT:                0
INFO:root:[2025-11-10 05:19:00] WiFiBand.BAND_5_GHz  AVG THROUGHPUT (Mbps):    0
INFO:root:[2025-11-10 05:19:00] WiFiBand.BAND_5_GHz  CHANNEL UTILIZATION:      0
INFO:root:[2025-11-10 05:19:00] WiFiBand.BAND_5_GHz  INTERFERENCE:             0
INFO:root:[2025-11-10 05:19:00] WiFiBand.BAND_5_GHz  CLIENTS:                  set()
INFO:root:[2025-11-10 05:19:00] WiFiBand.BAND_5_GHz  QOE:                      0
INFO:root:[2025-11-10 05:19:00] WiFiBand.BAND_5_GHz  TX POWER (dBm):           0
INFO:root:[2025-11-10 05:19:00] WiFiBand.BAND_5_GHz  CHANNEL WIDTH (MHz):      0
INFO:root:[2025-11-10 05:19:00] WiFiBand.BAND_5_GHz  INTERFERENCE WEIGHT:      1
INFO:root:[2025-11-10 05:19:00] WiFiBand.BAND_5_GHz  DFS:                      1
INFO:root:
INFO:root:--------------------------------

INFO:root:[2025-11-10 05:19:00] WiFiBand.BAND_5_GHz  BAND:                     WiFiBand.BAND_5_GHz
INFO:root:[2025-11-10 05:19:00] WiFiBand.BAND_5_GHz  CHANNEL:                  60
INFO:root:[2025-11-10 05:19:00] WiFiBand.BAND_5_GHz  NOISE FLOOR (dBm):        -95.04357108852727
INFO:root:[2025-11-10 05:19:00] WiFiBand.BAND_5_GHz  AVG CLIENT SNR (dB):      22.922835708961088
INFO:root:[2025-11-10 05:19:00] WiFiBand.BAND_5_GHz  AVG COUNT:                2
INFO:root:[2025-11-10 05:19:00] WiFiBand.BAND_5_GHz  AVG THROUGHPUT (Mbps):    194.3383723056511
INFO:root:[2025-11-10 05:19:00] WiFiBand.BAND_5_GHz  CHANNEL UTILIZATION:      0.11003335149878418
INFO:root:[2025-11-10 05:19:00] WiFiBand.BAND_5_GHz  INTERFERENCE:             0
INFO:root:[2025-11-10 05:19:00] WiFiBand.BAND_5_GHz  CLIENTS:                  {'AP5_60'}
INFO:root:[2025-11-10 05:19:00] WiFiBand.BAND_5_GHz  QOE:                      2.3969970615201985
INFO:root:[2025-11-10 05:19:00] WiFiBand.BAND_5_GHz  TX POWER (dBm):           8.16
INFO:root:[2025-11-10 05:19:00] WiFiBand.BAND_5_GHz  CHANNEL WIDTH (MHz):      0
INFO:root:[2025-11-10 05:19:00] WiFiBand.BAND_5_GHz  INTERFERENCE WEIGHT:      1
INFO:root:[2025-11-10 05:19:00] WiFiBand.BAND_5_GHz  DFS:                      1
INFO:root:
INFO:root:--------------------------------

INFO:root:[2025-11-10 05:19:00] WiFiBand.BAND_5_GHz  BAND:                     WiFiBand.BAND_5_GHz
INFO:root:[2025-11-10 05:19:00] WiFiBand.BAND_5_GHz  CHANNEL:                  64
INFO:root:[2025-11-10 05:19:00] WiFiBand.BAND_5_GHz  NOISE FLOOR (dBm):        -94.89069073370692
INFO:root:[2025-11-10 05:19:00] WiFiBand.BAND_5_GHz  AVG CLIENT SNR (dB):      22.589907620361863
INFO:root:[2025-11-10 05:19:00] WiFiBand.BAND_5_GHz  AVG COUNT:                2
INFO:root:[2025-11-10 05:19:00] WiFiBand.BAND_5_GHz  AVG THROUGHPUT (Mbps):    167.39226375611747
INFO:root:[2025-11-10 05:19:00] WiFiBand.BAND_5_GHz  CHANNEL UTILIZATION:      0.10885306820386363
INFO:root:[2025-11-10 05:19:00] WiFiBand.BAND_5_GHz  INTERFERENCE:             0
INFO:root:[2025-11-10 05:19:00] WiFiBand.BAND_5_GHz  CLIENTS:                  {'AP5_64'}
INFO:root:[2025-11-10 05:19:00] WiFiBand.BAND_5_GHz  QOE:                      2.15862984530256
INFO:root:[2025-11-10 05:19:00] WiFiBand.BAND_5_GHz  TX POWER (dBm):           8.669999999999998
INFO:root:[2025-11-10 05:19:00] WiFiBand.BAND_5_GHz  CHANNEL WIDTH (MHz):      0
INFO:root:[2025-11-10 05:19:00] WiFiBand.BAND_5_GHz  INTERFERENCE WEIGHT:      1
INFO:root:[2025-11-10 05:19:00] WiFiBand.BAND_5_GHz  DFS:                      1
INFO:root:
INFO:root:--------------------------------

INFO:root:[2025-11-10 05:19:00] WiFiBand.BAND_5_GHz  BAND:                     WiFiBand.BAND_5_GHz
INFO:root:[2025-11-10 05:19:00] WiFiBand.BAND_5_GHz  CHANNEL:                  100
INFO:root:[2025-11-10 05:19:00] WiFiBand.BAND_5_GHz  NOISE FLOOR (dBm):        -94.65550925087466
INFO:root:[2025-11-10 05:19:00] WiFiBand.BAND_5_GHz  AVG CLIENT SNR (dB):      12.545704724622333
INFO:root:[2025-11-10 05:19:00] WiFiBand.BAND_5_GHz  AVG COUNT:                1
INFO:root:[2025-11-10 05:19:00] WiFiBand.BAND_5_GHz  AVG THROUGHPUT (Mbps):    108.20581984203338
INFO:root:[2025-11-10 05:19:00] WiFiBand.BAND_5_GHz  CHANNEL UTILIZATION:      0.08046600841408176
INFO:root:[2025-11-10 05:19:00] WiFiBand.BAND_5_GHz  INTERFERENCE:             0
INFO:root:[2025-11-10 05:19:00] WiFiBand.BAND_5_GHz  CLIENTS:                  {'AP5_100'}
INFO:root:[2025-11-10 05:19:00] WiFiBand.BAND_5_GHz  QOE:                      1.3527820089828122
INFO:root:[2025-11-10 05:19:00] WiFiBand.BAND_5_GHz  TX POWER (dBm):           4.8
INFO:root:[2025-11-10 05:19:00] WiFiBand.BAND_5_GHz  CHANNEL WIDTH (MHz):      0
INFO:root:[2025-11-10 05:19:00] WiFiBand.BAND_5_GHz  INTERFERENCE WEIGHT:      1
INFO:root:[2025-11-10 05:19:00] WiFiBand.BAND_5_GHz  DFS:                      1
INFO:root:
INFO:root:--------------------------------

INFO:root:[2025-11-10 05:19:00] WiFiBand.BAND_5_GHz  BAND:                     WiFiBand.BAND_5_GHz
INFO:root:[2025-11-10 05:19:00] WiFiBand.BAND_5_GHz  CHANNEL:                  104
INFO:root:[2025-11-10 05:19:00] WiFiBand.BAND_5_GHz  NOISE FLOOR (dBm):        -95
INFO:root:[2025-11-10 05:19:00] WiFiBand.BAND_5_GHz  AVG CLIENT SNR (dB):      0
INFO:root:[2025-11-10 05:19:00] WiFiBand.BAND_5_GHz  AVG COUNT:                0
INFO:root:[2025-11-10 05:19:00] WiFiBand.BAND_5_GHz  AVG THROUGHPUT (Mbps):    0
INFO:root:[2025-11-10 05:19:00] WiFiBand.BAND_5_GHz  CHANNEL UTILIZATION:      0
INFO:root:[2025-11-10 05:19:00] WiFiBand.BAND_5_GHz  INTERFERENCE:             0
INFO:root:[2025-11-10 05:19:00] WiFiBand.BAND_5_GHz  CLIENTS:                  set()
INFO:root:[2025-11-10 05:19:00] WiFiBand.BAND_5_GHz  QOE:                      0
INFO:root:[2025-11-10 05:19:00] WiFiBand.BAND_5_GHz  TX POWER (dBm):           0
INFO:root:[2025-11-10 05:19:00] WiFiBand.BAND_5_GHz  CHANNEL WIDTH (MHz):      0
INFO:root:[2025-11-10 05:19:00] WiFiBand.BAND_5_GHz  INTERFERENCE WEIGHT:      1
INFO:root:[2025-11-10 05:19:00] WiFiBand.BAND_5_GHz  DFS:                      1
INFO:root:
INFO:root:--------------------------------

INFO:root:[2025-11-10 05:19:00] WiFiBand.BAND_5_GHz  BAND:                     WiFiBand.BAND_5_GHz
INFO:root:[2025-11-10 05:19:00] WiFiBand.BAND_5_GHz  CHANNEL:                  108
INFO:root:[2025-11-10 05:19:00] WiFiBand.BAND_5_GHz  NOISE FLOOR (dBm):        -95
INFO:root:[2025-11-10 05:19:00] WiFiBand.BAND_5_GHz  AVG CLIENT SNR (dB):      0
INFO:root:[2025-11-10 05:19:00] WiFiBand.BAND_5_GHz  AVG COUNT:                0
INFO:root:[2025-11-10 05:19:00] WiFiBand.BAND_5_GHz  AVG THROUGHPUT (Mbps):    0
INFO:root:[2025-11-10 05:19:00] WiFiBand.BAND_5_GHz  CHANNEL UTILIZATION:      0
INFO:root:[2025-11-10 05:19:00] WiFiBand.BAND_5_GHz  INTERFERENCE:             0
INFO:root:[2025-11-10 05:19:00] WiFiBand.BAND_5_GHz  CLIENTS:                  set()
INFO:root:[2025-11-10 05:19:00] WiFiBand.BAND_5_GHz  QOE:                      0
INFO:root:[2025-11-10 05:19:00] WiFiBand.BAND_5_GHz  TX POWER (dBm):           0
INFO:root:[2025-11-10 05:19:00] WiFiBand.BAND_5_GHz  CHANNEL WIDTH (MHz):      0
INFO:root:[2025-11-10 05:19:00] WiFiBand.BAND_5_GHz  INTERFERENCE WEIGHT:      1
INFO:root:[2025-11-10 05:19:00] WiFiBand.BAND_5_GHz  DFS:                      1
INFO:root:
INFO:root:--------------------------------

INFO:root:[2025-11-10 05:19:00] WiFiBand.BAND_5_GHz  BAND:                     WiFiBand.BAND_5_GHz
INFO:root:[2025-11-10 05:19:00] WiFiBand.BAND_5_GHz  CHANNEL:                  112
INFO:root:[2025-11-10 05:19:00] WiFiBand.BAND_5_GHz  NOISE FLOOR (dBm):        -94.92768717768334
INFO:root:[2025-11-10 05:19:00] WiFiBand.BAND_5_GHz  AVG CLIENT SNR (dB):      14.407401460090052
INFO:root:[2025-11-10 05:19:00] WiFiBand.BAND_5_GHz  AVG COUNT:                1
INFO:root:[2025-11-10 05:19:00] WiFiBand.BAND_5_GHz  AVG THROUGHPUT (Mbps):    123.20206200959598
INFO:root:[2025-11-10 05:19:00] WiFiBand.BAND_5_GHz  CHANNEL UTILIZATION:      0.05748112044874627
INFO:root:[2025-11-10 05:19:00] WiFiBand.BAND_5_GHz  INTERFERENCE:             0
INFO:root:[2025-11-10 05:19:00] WiFiBand.BAND_5_GHz  CLIENTS:                  {'AP5_112'}
INFO:root:[2025-11-10 05:19:00] WiFiBand.BAND_5_GHz  QOE:                      1.4799710201018297
INFO:root:[2025-11-10 05:19:00] WiFiBand.BAND_5_GHz  TX POWER (dBm):           6.6
INFO:root:[2025-11-10 05:19:00] WiFiBand.BAND_5_GHz  CHANNEL WIDTH (MHz):      0
INFO:root:[2025-11-10 05:19:00] WiFiBand.BAND_5_GHz  INTERFERENCE WEIGHT:      1
INFO:root:[2025-11-10 05:19:00] WiFiBand.BAND_5_GHz  DFS:                      1
INFO:root:
INFO:root:--------------------------------

INFO:root:[2025-11-10 05:19:00] WiFiBand.BAND_5_GHz  BAND:                     WiFiBand.BAND_5_GHz
INFO:root:[2025-11-10 05:19:00] WiFiBand.BAND_5_GHz  CHANNEL:                  116
INFO:root:[2025-11-10 05:19:00] WiFiBand.BAND_5_GHz  NOISE FLOOR (dBm):        -93.55782183947053
INFO:root:[2025-11-10 05:19:00] WiFiBand.BAND_5_GHz  AVG CLIENT SNR (dB):      13.093172610927219
INFO:root:[2025-11-10 05:19:00] WiFiBand.BAND_5_GHz  AVG COUNT:                1
INFO:root:[2025-11-10 05:19:00] WiFiBand.BAND_5_GHz  AVG THROUGHPUT (Mbps):    150.29608377503848
INFO:root:[2025-11-10 05:19:00] WiFiBand.BAND_5_GHz  CHANNEL UTILIZATION:      0.06960786388400139
INFO:root:[2025-11-10 05:19:00] WiFiBand.BAND_5_GHz  INTERFERENCE:             0
INFO:root:[2025-11-10 05:19:00] WiFiBand.BAND_5_GHz  CLIENTS:                  {'AP5_116'}
INFO:root:[2025-11-10 05:19:00] WiFiBand.BAND_5_GHz  QOE:                      1.1818797182395537
INFO:root:[2025-11-10 05:19:00] WiFiBand.BAND_5_GHz  TX POWER (dBm):           6.6
INFO:root:[2025-11-10 05:19:00] WiFiBand.BAND_5_GHz  CHANNEL WIDTH (MHz):      0
INFO:root:[2025-11-10 05:19:00] WiFiBand.BAND_5_GHz  INTERFERENCE WEIGHT:      1
INFO:root:[2025-11-10 05:19:00] WiFiBand.BAND_5_GHz  DFS:                      1
INFO:root:
INFO:root:--------------------------------

INFO:root:[2025-11-10 05:19:00] WiFiBand.BAND_5_GHz  BAND:                     WiFiBand.BAND_5_GHz
INFO:root:[2025-11-10 05:19:00] WiFiBand.BAND_5_GHz  CHANNEL:                  120
INFO:root:[2025-11-10 05:19:00] WiFiBand.BAND_5_GHz  NOISE FLOOR (dBm):        -94.54973971661687
INFO:root:[2025-11-10 05:19:00] WiFiBand.BAND_5_GHz  AVG CLIENT SNR (dB):      20.726447248109118
INFO:root:[2025-11-10 05:19:00] WiFiBand.BAND_5_GHz  AVG COUNT:                2
INFO:root:[2025-11-10 05:19:00] WiFiBand.BAND_5_GHz  AVG THROUGHPUT (Mbps):    203.70569485394242
INFO:root:[2025-11-10 05:19:00] WiFiBand.BAND_5_GHz  CHANNEL UTILIZATION:      0.11165025557118498
INFO:root:[2025-11-10 05:19:00] WiFiBand.BAND_5_GHz  INTERFERENCE:             0
INFO:root:[2025-11-10 05:19:00] WiFiBand.BAND_5_GHz  CLIENTS:                  {'AP5_120'}
INFO:root:[2025-11-10 05:19:00] WiFiBand.BAND_5_GHz  QOE:                      2.487522393958336
INFO:root:[2025-11-10 05:19:00] WiFiBand.BAND_5_GHz  TX POWER (dBm):           7.65
INFO:root:[2025-11-10 05:19:00] WiFiBand.BAND_5_GHz  CHANNEL WIDTH (MHz):      0
INFO:root:[2025-11-10 05:19:00] WiFiBand.BAND_5_GHz  INTERFERENCE WEIGHT:      1
INFO:root:[2025-11-10 05:19:00] WiFiBand.BAND_5_GHz  DFS:                      1
INFO:root:
INFO:root:--------------------------------

INFO:root:[2025-11-10 05:19:00] WiFiBand.BAND_5_GHz  BAND:                     WiFiBand.BAND_5_GHz
INFO:root:[2025-11-10 05:19:00] WiFiBand.BAND_5_GHz  CHANNEL:                  124
INFO:root:[2025-11-10 05:19:00] WiFiBand.BAND_5_GHz  NOISE FLOOR (dBm):        -94.24380682922
INFO:root:[2025-11-10 05:19:00] WiFiBand.BAND_5_GHz  AVG CLIENT SNR (dB):      41.79705901065823
INFO:root:[2025-11-10 05:19:00] WiFiBand.BAND_5_GHz  AVG COUNT:                7
INFO:root:[2025-11-10 05:19:00] WiFiBand.BAND_5_GHz  AVG THROUGHPUT (Mbps):    332.11688456764097
INFO:root:[2025-11-10 05:19:00] WiFiBand.BAND_5_GHz  CHANNEL UTILIZATION:      0.21140693227436969
INFO:root:[2025-11-10 05:19:00] WiFiBand.BAND_5_GHz  INTERFERENCE:             0
INFO:root:[2025-11-10 05:19:00] WiFiBand.BAND_5_GHz  CLIENTS:                  {'AP5_124'}
INFO:root:[2025-11-10 05:19:00] WiFiBand.BAND_5_GHz  QOE:                      4.1518714666791805
INFO:root:[2025-11-10 05:19:00] WiFiBand.BAND_5_GHz  TX POWER (dBm):           18.19925
INFO:root:[2025-11-10 05:19:00] WiFiBand.BAND_5_GHz  CHANNEL WIDTH (MHz):      0
INFO:root:[2025-11-10 05:19:00] WiFiBand.BAND_5_GHz  INTERFERENCE WEIGHT:      1
INFO:root:[2025-11-10 05:19:00] WiFiBand.BAND_5_GHz  DFS:                      1
INFO:root:
INFO:root:--------------------------------

INFO:root:[2025-11-10 05:19:00] WiFiBand.BAND_5_GHz  BAND:                     WiFiBand.BAND_5_GHz
INFO:root:[2025-11-10 05:19:00] WiFiBand.BAND_5_GHz  CHANNEL:                  128
INFO:root:[2025-11-10 05:19:00] WiFiBand.BAND_5_GHz  NOISE FLOOR (dBm):        -95
INFO:root:[2025-11-10 05:19:00] WiFiBand.BAND_5_GHz  AVG CLIENT SNR (dB):      0
INFO:root:[2025-11-10 05:19:00] WiFiBand.BAND_5_GHz  AVG COUNT:                0
INFO:root:[2025-11-10 05:19:00] WiFiBand.BAND_5_GHz  AVG THROUGHPUT (Mbps):    0
INFO:root:[2025-11-10 05:19:00] WiFiBand.BAND_5_GHz  CHANNEL UTILIZATION:      0
INFO:root:[2025-11-10 05:19:00] WiFiBand.BAND_5_GHz  INTERFERENCE:             0
INFO:root:[2025-11-10 05:19:00] WiFiBand.BAND_5_GHz  CLIENTS:                  set()
INFO:root:[2025-11-10 05:19:00] WiFiBand.BAND_5_GHz  QOE:                      0
INFO:root:[2025-11-10 05:19:00] WiFiBand.BAND_5_GHz  TX POWER (dBm):           0
INFO:root:[2025-11-10 05:19:00] WiFiBand.BAND_5_GHz  CHANNEL WIDTH (MHz):      0
INFO:root:[2025-11-10 05:19:00] WiFiBand.BAND_5_GHz  INTERFERENCE WEIGHT:      1
INFO:root:[2025-11-10 05:19:00] WiFiBand.BAND_5_GHz  DFS:                      1
INFO:root:
INFO:root:--------------------------------

INFO:root:[2025-11-10 05:19:00] WiFiBand.BAND_5_GHz  BAND:                     WiFiBand.BAND_5_GHz
INFO:root:[2025-11-10 05:19:00] WiFiBand.BAND_5_GHz  CHANNEL:                  132
INFO:root:[2025-11-10 05:19:00] WiFiBand.BAND_5_GHz  NOISE FLOOR (dBm):        -95
INFO:root:[2025-11-10 05:19:00] WiFiBand.BAND_5_GHz  AVG CLIENT SNR (dB):      0
INFO:root:[2025-11-10 05:19:00] WiFiBand.BAND_5_GHz  AVG COUNT:                0
INFO:root:[2025-11-10 05:19:00] WiFiBand.BAND_5_GHz  AVG THROUGHPUT (Mbps):    0
INFO:root:[2025-11-10 05:19:00] WiFiBand.BAND_5_GHz  CHANNEL UTILIZATION:      0
INFO:root:[2025-11-10 05:19:00] WiFiBand.BAND_5_GHz  INTERFERENCE:             0
INFO:root:[2025-11-10 05:19:00] WiFiBand.BAND_5_GHz  CLIENTS:                  set()
INFO:root:[2025-11-10 05:19:00] WiFiBand.BAND_5_GHz  QOE:                      0
INFO:root:[2025-11-10 05:19:00] WiFiBand.BAND_5_GHz  TX POWER (dBm):           0
INFO:root:[2025-11-10 05:19:00] WiFiBand.BAND_5_GHz  CHANNEL WIDTH (MHz):      0
INFO:root:[2025-11-10 05:19:00] WiFiBand.BAND_5_GHz  INTERFERENCE WEIGHT:      1
INFO:root:[2025-11-10 05:19:00] WiFiBand.BAND_5_GHz  DFS:                      1
INFO:root:
INFO:root:--------------------------------

INFO:root:[2025-11-10 05:19:00] WiFiBand.BAND_5_GHz  BAND:                     WiFiBand.BAND_5_GHz
INFO:root:[2025-11-10 05:19:00] WiFiBand.BAND_5_GHz  CHANNEL:                  136
INFO:root:[2025-11-10 05:19:00] WiFiBand.BAND_5_GHz  NOISE FLOOR (dBm):        -95
INFO:root:[2025-11-10 05:19:00] WiFiBand.BAND_5_GHz  AVG CLIENT SNR (dB):      0
INFO:root:[2025-11-10 05:19:00] WiFiBand.BAND_5_GHz  AVG COUNT:                0
INFO:root:[2025-11-10 05:19:00] WiFiBand.BAND_5_GHz  AVG THROUGHPUT (Mbps):    0
INFO:root:[2025-11-10 05:19:00] WiFiBand.BAND_5_GHz  CHANNEL UTILIZATION:      0
INFO:root:[2025-11-10 05:19:00] WiFiBand.BAND_5_GHz  INTERFERENCE:             0
INFO:root:[2025-11-10 05:19:00] WiFiBand.BAND_5_GHz  CLIENTS:                  set()
INFO:root:[2025-11-10 05:19:00] WiFiBand.BAND_5_GHz  QOE:                      0
INFO:root:[2025-11-10 05:19:00] WiFiBand.BAND_5_GHz  TX POWER (dBm):           0
INFO:root:[2025-11-10 05:19:00] WiFiBand.BAND_5_GHz  CHANNEL WIDTH (MHz):      0
INFO:root:[2025-11-10 05:19:00] WiFiBand.BAND_5_GHz  INTERFERENCE WEIGHT:      1
INFO:root:[2025-11-10 05:19:00] WiFiBand.BAND_5_GHz  DFS:                      1
INFO:root:
INFO:root:--------------------------------

INFO:root:[2025-11-10 05:19:00] WiFiBand.BAND_5_GHz  BAND:                     WiFiBand.BAND_5_GHz
INFO:root:[2025-11-10 05:19:00] WiFiBand.BAND_5_GHz  CHANNEL:                  140
INFO:root:[2025-11-10 05:19:00] WiFiBand.BAND_5_GHz  NOISE FLOOR (dBm):        -95
INFO:root:[2025-11-10 05:19:00] WiFiBand.BAND_5_GHz  AVG CLIENT SNR (dB):      0
INFO:root:[2025-11-10 05:19:00] WiFiBand.BAND_5_GHz  AVG COUNT:                0
INFO:root:[2025-11-10 05:19:00] WiFiBand.BAND_5_GHz  AVG THROUGHPUT (Mbps):    0
INFO:root:[2025-11-10 05:19:00] WiFiBand.BAND_5_GHz  CHANNEL UTILIZATION:      0
INFO:root:[2025-11-10 05:19:00] WiFiBand.BAND_5_GHz  INTERFERENCE:             0
INFO:root:[2025-11-10 05:19:00] WiFiBand.BAND_5_GHz  CLIENTS:                  set()
INFO:root:[2025-11-10 05:19:00] WiFiBand.BAND_5_GHz  QOE:                      0
INFO:root:[2025-11-10 05:19:00] WiFiBand.BAND_5_GHz  TX POWER (dBm):           0
INFO:root:[2025-11-10 05:19:00] WiFiBand.BAND_5_GHz  CHANNEL WIDTH (MHz):      0
INFO:root:[2025-11-10 05:19:00] WiFiBand.BAND_5_GHz  INTERFERENCE WEIGHT:      1
INFO:root:[2025-11-10 05:19:00] WiFiBand.BAND_5_GHz  DFS:                      1
INFO:root:
INFO:root:--------------------------------

INFO:root:[2025-11-10 05:19:00] WiFiBand.BAND_5_GHz  BAND:                     WiFiBand.BAND_5_GHz
INFO:root:[2025-11-10 05:19:00] WiFiBand.BAND_5_GHz  CHANNEL:                  144
INFO:root:[2025-11-10 05:19:00] WiFiBand.BAND_5_GHz  NOISE FLOOR (dBm):        -95
INFO:root:[2025-11-10 05:19:00] WiFiBand.BAND_5_GHz  AVG CLIENT SNR (dB):      0
INFO:root:[2025-11-10 05:19:00] WiFiBand.BAND_5_GHz  AVG COUNT:                0
INFO:root:[2025-11-10 05:19:00] WiFiBand.BAND_5_GHz  AVG THROUGHPUT (Mbps):    0
INFO:root:[2025-11-10 05:19:00] WiFiBand.BAND_5_GHz  CHANNEL UTILIZATION:      0
INFO:root:[2025-11-10 05:19:00] WiFiBand.BAND_5_GHz  INTERFERENCE:             0
INFO:root:[2025-11-10 05:19:00] WiFiBand.BAND_5_GHz  CLIENTS:                  set()
INFO:root:[2025-11-10 05:19:00] WiFiBand.BAND_5_GHz  QOE:                      0
INFO:root:[2025-11-10 05:19:00] WiFiBand.BAND_5_GHz  TX POWER (dBm):           0
INFO:root:[2025-11-10 05:19:00] WiFiBand.BAND_5_GHz  CHANNEL WIDTH (MHz):      0
INFO:root:[2025-11-10 05:19:00] WiFiBand.BAND_5_GHz  INTERFERENCE WEIGHT:      1
INFO:root:[2025-11-10 05:19:00] WiFiBand.BAND_5_GHz  DFS:                      1
INFO:root:
INFO:root:--------------------------------

INFO:root:[2025-11-10 05:19:00] WiFiBand.BAND_5_GHz  BAND:                     WiFiBand.BAND_5_GHz
INFO:root:[2025-11-10 05:19:00] WiFiBand.BAND_5_GHz  CHANNEL:                  149
INFO:root:[2025-11-10 05:19:00] WiFiBand.BAND_5_GHz  NOISE FLOOR (dBm):        -95
INFO:root:[2025-11-10 05:19:00] WiFiBand.BAND_5_GHz  AVG CLIENT SNR (dB):      0
INFO:root:[2025-11-10 05:19:00] WiFiBand.BAND_5_GHz  AVG COUNT:                0
INFO:root:[2025-11-10 05:19:00] WiFiBand.BAND_5_GHz  AVG THROUGHPUT (Mbps):    0
INFO:root:[2025-11-10 05:19:00] WiFiBand.BAND_5_GHz  CHANNEL UTILIZATION:      0
INFO:root:[2025-11-10 05:19:00] WiFiBand.BAND_5_GHz  INTERFERENCE:             0
INFO:root:[2025-11-10 05:19:00] WiFiBand.BAND_5_GHz  CLIENTS:                  set()
INFO:root:[2025-11-10 05:19:00] WiFiBand.BAND_5_GHz  QOE:                      0
INFO:root:[2025-11-10 05:19:00] WiFiBand.BAND_5_GHz  TX POWER (dBm):           0
INFO:root:[2025-11-10 05:19:00] WiFiBand.BAND_5_GHz  CHANNEL WIDTH (MHz):      0
INFO:root:[2025-11-10 05:19:00] WiFiBand.BAND_5_GHz  INTERFERENCE WEIGHT:      1
INFO:root:[2025-11-10 05:19:00] WiFiBand.BAND_5_GHz  DFS:                      0
INFO:root:
INFO:root:--------------------------------

INFO:root:[2025-11-10 05:19:00] WiFiBand.BAND_5_GHz  BAND:                     WiFiBand.BAND_5_GHz
INFO:root:[2025-11-10 05:19:00] WiFiBand.BAND_5_GHz  CHANNEL:                  153
INFO:root:[2025-11-10 05:19:00] WiFiBand.BAND_5_GHz  NOISE FLOOR (dBm):        -95
INFO:root:[2025-11-10 05:19:00] WiFiBand.BAND_5_GHz  AVG CLIENT SNR (dB):      0
INFO:root:[2025-11-10 05:19:00] WiFiBand.BAND_5_GHz  AVG COUNT:                0
INFO:root:[2025-11-10 05:19:00] WiFiBand.BAND_5_GHz  AVG THROUGHPUT (Mbps):    0
INFO:root:[2025-11-10 05:19:00] WiFiBand.BAND_5_GHz  CHANNEL UTILIZATION:      0
INFO:root:[2025-11-10 05:19:00] WiFiBand.BAND_5_GHz  INTERFERENCE:             0
INFO:root:[2025-11-10 05:19:00] WiFiBand.BAND_5_GHz  CLIENTS:                  set()
INFO:root:[2025-11-10 05:19:00] WiFiBand.BAND_5_GHz  QOE:                      0
INFO:root:[2025-11-10 05:19:00] WiFiBand.BAND_5_GHz  TX POWER (dBm):           0
INFO:root:[2025-11-10 05:19:00] WiFiBand.BAND_5_GHz  CHANNEL WIDTH (MHz):      0
INFO:root:[2025-11-10 05:19:00] WiFiBand.BAND_5_GHz  INTERFERENCE WEIGHT:      1
INFO:root:[2025-11-10 05:19:00] WiFiBand.BAND_5_GHz  DFS:                      0
INFO:root:
INFO:root:--------------------------------

INFO:root:[2025-11-10 05:19:00] WiFiBand.BAND_5_GHz  BAND:                     WiFiBand.BAND_5_GHz
INFO:root:[2025-11-10 05:19:00] WiFiBand.BAND_5_GHz  CHANNEL:                  157
INFO:root:[2025-11-10 05:19:00] WiFiBand.BAND_5_GHz  NOISE FLOOR (dBm):        -95
INFO:root:[2025-11-10 05:19:00] WiFiBand.BAND_5_GHz  AVG CLIENT SNR (dB):      0
INFO:root:[2025-11-10 05:19:00] WiFiBand.BAND_5_GHz  AVG COUNT:                0
INFO:root:[2025-11-10 05:19:00] WiFiBand.BAND_5_GHz  AVG THROUGHPUT (Mbps):    0
INFO:root:[2025-11-10 05:19:00] WiFiBand.BAND_5_GHz  CHANNEL UTILIZATION:      0
INFO:root:[2025-11-10 05:19:00] WiFiBand.BAND_5_GHz  INTERFERENCE:             0
INFO:root:[2025-11-10 05:19:00] WiFiBand.BAND_5_GHz  CLIENTS:                  set()
INFO:root:[2025-11-10 05:19:00] WiFiBand.BAND_5_GHz  QOE:                      0
INFO:root:[2025-11-10 05:19:00] WiFiBand.BAND_5_GHz  TX POWER (dBm):           0
INFO:root:[2025-11-10 05:19:00] WiFiBand.BAND_5_GHz  CHANNEL WIDTH (MHz):      0
INFO:root:[2025-11-10 05:19:00] WiFiBand.BAND_5_GHz  INTERFERENCE WEIGHT:      1
INFO:root:[2025-11-10 05:19:00] WiFiBand.BAND_5_GHz  DFS:                      0
INFO:root:
INFO:root:--------------------------------

INFO:root:[2025-11-10 05:19:00] WiFiBand.BAND_5_GHz  BAND:                     WiFiBand.BAND_5_GHz
INFO:root:[2025-11-10 05:19:00] WiFiBand.BAND_5_GHz  CHANNEL:                  161
INFO:root:[2025-11-10 05:19:00] WiFiBand.BAND_5_GHz  NOISE FLOOR (dBm):        -95
INFO:root:[2025-11-10 05:19:00] WiFiBand.BAND_5_GHz  AVG CLIENT SNR (dB):      0
INFO:root:[2025-11-10 05:19:00] WiFiBand.BAND_5_GHz  AVG COUNT:                0
INFO:root:[2025-11-10 05:19:00] WiFiBand.BAND_5_GHz  AVG THROUGHPUT (Mbps):    0
INFO:root:[2025-11-10 05:19:00] WiFiBand.BAND_5_GHz  CHANNEL UTILIZATION:      0
INFO:root:[2025-11-10 05:19:00] WiFiBand.BAND_5_GHz  INTERFERENCE:             0
INFO:root:[2025-11-10 05:19:00] WiFiBand.BAND_5_GHz  CLIENTS:                  set()
INFO:root:[2025-11-10 05:19:00] WiFiBand.BAND_5_GHz  QOE:                      0
INFO:root:[2025-11-10 05:19:00] WiFiBand.BAND_5_GHz  TX POWER (dBm):           0
INFO:root:[2025-11-10 05:19:00] WiFiBand.BAND_5_GHz  CHANNEL WIDTH (MHz):      0
INFO:root:[2025-11-10 05:19:00] WiFiBand.BAND_5_GHz  INTERFERENCE WEIGHT:      1
INFO:root:[2025-11-10 05:19:00] WiFiBand.BAND_5_GHz  DFS:                      0
INFO:root:
INFO:root:[INFO] All channel metrics saved to metrics.json
INFO:root:[All DFS Timers Cancelled]
INFO:root:Scanning channels...
INFO:root:For 2_4GHz...
INFO:root:Noisiest 2_4GHz channel... 2
INFO:root:--------------------------------

INFO:root:[2025-11-10 05:19:02] WiFiBand.BAND_2_4_GHz  BAND:                     WiFiBand.BAND_2_4_GHz
INFO:root:[2025-11-10 05:19:02] WiFiBand.BAND_2_4_GHz  CHANNEL:                  2
INFO:root:[2025-11-10 05:19:02] WiFiBand.BAND_2_4_GHz  NOISE FLOOR (dBm):        -94.9879094435747
INFO:root:[2025-11-10 05:19:02] WiFiBand.BAND_2_4_GHz  AVG CLIENT SNR (dB):      51.06503906948076
INFO:root:[2025-11-10 05:19:02] WiFiBand.BAND_2_4_GHz  AVG COUNT:                8640
INFO:root:[2025-11-10 05:19:02] WiFiBand.BAND_2_4_GHz  AVG THROUGHPUT (Mbps):    59.20625305310319
INFO:root:[2025-11-10 05:19:02] WiFiBand.BAND_2_4_GHz  CHANNEL UTILIZATION:      0.4718404678276779
INFO:root:[2025-11-10 05:19:02] WiFiBand.BAND_2_4_GHz  INTERFERENCE:             4334
INFO:root:[2025-11-10 05:19:02] WiFiBand.BAND_2_4_GHz  CLIENTS:                  {'AP24_2'}
INFO:root:[2025-11-10 05:19:02] WiFiBand.BAND_2_4_GHz  QOE:                      4.47549742443073
INFO:root:[2025-11-10 05:19:02] WiFiBand.BAND_2_4_GHz  TX POWER (dBm):           16.999998851892144
INFO:root:[2025-11-10 05:19:02] WiFiBand.BAND_2_4_GHz  CHANNEL WIDTH (MHz):      0
INFO:root:[2025-11-10 05:19:02] WiFiBand.BAND_2_4_GHz  INTERFERENCE WEIGHT:      1
INFO:root:[2025-11-10 05:19:02] WiFiBand.BAND_2_4_GHz  DFS:                      0
INFO:root:
WARNING:root:[ALERT][2025-11-10 05:19:02][Channel 2] Sudden change in P95_retry: 15.36 (avg=20.32, dev=24.4%)
WARNING:root:[ALERT][2025-11-10 05:19:02][Channel 2] Sudden change in P95_PER: 0.01 (avg=0.01, dev=42.2%)
WARNING:root:[CUSUM ALERT][2025-11-10 05:19:02][Channel 2] Throughput ↑ shift detected! deviation=2.77
WARNING:root:[CUSUM ALERT][2025-11-10 05:19:02][Channel 2] SNR ↑ shift detected! deviation=2.54
WARNING:root:[CUSUM ALERT][2025-11-10 05:19:02][Channel 2] NoiseFloor ↑ shift detected! deviation=3.10
INFO:root:Scanning channels...
INFO:root:For 5GHz...
INFO:root:Noisiest 5GHz channel... 128
INFO:root:--------------------------------

INFO:root:[2025-11-10 05:19:02] WiFiBand.BAND_5_GHz  BAND:                     WiFiBand.BAND_5_GHz
INFO:root:[2025-11-10 05:19:02] WiFiBand.BAND_5_GHz  CHANNEL:                  128
INFO:root:[2025-11-10 05:19:02] WiFiBand.BAND_5_GHz  NOISE FLOOR (dBm):        -95
INFO:root:[2025-11-10 05:19:02] WiFiBand.BAND_5_GHz  AVG CLIENT SNR (dB):      0
INFO:root:[2025-11-10 05:19:02] WiFiBand.BAND_5_GHz  AVG COUNT:                0
INFO:root:[2025-11-10 05:19:02] WiFiBand.BAND_5_GHz  AVG THROUGHPUT (Mbps):    0
INFO:root:[2025-11-10 05:19:02] WiFiBand.BAND_5_GHz  CHANNEL UTILIZATION:      0
INFO:root:[2025-11-10 05:19:02] WiFiBand.BAND_5_GHz  INTERFERENCE:             0
INFO:root:[2025-11-10 05:19:02] WiFiBand.BAND_5_GHz  CLIENTS:                  set()
INFO:root:[2025-11-10 05:19:02] WiFiBand.BAND_5_GHz  QOE:                      0
INFO:root:[2025-11-10 05:19:02] WiFiBand.BAND_5_GHz  TX POWER (dBm):           0
INFO:root:[2025-11-10 05:19:02] WiFiBand.BAND_5_GHz  CHANNEL WIDTH (MHz):      0
INFO:root:[2025-11-10 05:19:02] WiFiBand.BAND_5_GHz  INTERFERENCE WEIGHT:      1
INFO:root:[2025-11-10 05:19:02] WiFiBand.BAND_5_GHz  DFS:                      1
INFO:root:
WARNING:root:[ALERT][2025-11-10 05:19:02][Channel 128] Sudden change in SNR: 45.84 (avg=13.75, dev=233.3%)
WARNING:root:[ALERT][2025-11-10 05:19:02][Channel 128] Sudden change in TX_power: 21.00 (avg=6.30, dev=233.3%)
WARNING:root:[ALERT][2025-11-10 05:19:02][Channel 128] Sudden change in Throughput: 345.57 (avg=103.67, dev=233.3%)
WARNING:root:[ALERT][2025-11-10 05:19:02][Channel 128] Sudden change in QoE: 4.42 (avg=1.33, dev=233.3%)
WARNING:root:[ALERT][2025-11-10 05:19:02][Channel 128] Sudden change in P95_retry: 21.33 (avg=6.40, dev=233.3%)
WARNING:root:[ALERT][2025-11-10 05:19:02][Channel 128] Sudden change in P95_PER: 0.03 (avg=0.01, dev=233.3%)
WARNING:root:[CUSUM ALERT][2025-11-10 05:19:02][Channel 128] SNR ↑ shift detected! deviation=32.09
WARNING:root:[CUSUM ALERT][2025-11-10 05:19:02][Channel 128] TX_power ↑ shift detected! deviation=14.70
WARNING:root:[CUSUM ALERT][2025-11-10 05:19:02][Channel 128] Throughput ↑ shift detected! deviation=241.90
WARNING:root:[CUSUM ALERT][2025-11-10 05:19:02][Channel 128] P95_retry ↑ shift detected! deviation=14.93
WARNING:root:[ALERT][2025-11-10 05:19:02][Channel 128] Sudden change in QoE: 4.58 (avg=2.30, dev=98.9%)
WARNING:root:DFS Radar detected...
WARNING:root:DFS detected on channel 15...
INFO:root:[Timer Started] Channel 128
INFO:root:Initiating Sensing Orchestra...
WARNING:root:Might implement 6GHz in future...
INFO:root:Creating band: WiFiBand.BAND_2_4_GHz channel : 1
INFO:root:Creating band: WiFiBand.BAND_2_4_GHz channel : 2
INFO:root:Creating band: WiFiBand.BAND_2_4_GHz channel : 3
INFO:root:Creating band: WiFiBand.BAND_2_4_GHz channel : 4
INFO:root:Creating band: WiFiBand.BAND_2_4_GHz channel : 5
INFO:root:Creating band: WiFiBand.BAND_2_4_GHz channel : 6
INFO:root:Creating band: WiFiBand.BAND_2_4_GHz channel : 7
INFO:root:Creating band: WiFiBand.BAND_2_4_GHz channel : 8
INFO:root:Creating band: WiFiBand.BAND_2_4_GHz channel : 9
INFO:root:Creating band: WiFiBand.BAND_2_4_GHz channel : 10
INFO:root:Creating band: WiFiBand.BAND_2_4_GHz channel : 11
INFO:root:Creating band: WiFiBand.BAND_2_4_GHz channel : 12
INFO:root:Creating band: WiFiBand.BAND_2_4_GHz channel : 13
INFO:root:Creating band: WiFiBand.BAND_2_4_GHz channel : 14
INFO:root:Creating band: WiFiBand.BAND_5_GHz channel : 36
INFO:root:Creating band: WiFiBand.BAND_5_GHz channel : 40
INFO:root:Creating band: WiFiBand.BAND_5_GHz channel : 44
INFO:root:Creating band: WiFiBand.BAND_5_GHz channel : 48
INFO:root:Creating band: WiFiBand.BAND_5_GHz channel : 52
INFO:root:Creating band: WiFiBand.BAND_5_GHz channel : 56
INFO:root:Creating band: WiFiBand.BAND_5_GHz channel : 60
INFO:root:Creating band: WiFiBand.BAND_5_GHz channel : 64
INFO:root:Creating band: WiFiBand.BAND_5_GHz channel : 100
INFO:root:Creating band: WiFiBand.BAND_5_GHz channel : 104
INFO:root:Creating band: WiFiBand.BAND_5_GHz channel : 108
INFO:root:Creating band: WiFiBand.BAND_5_GHz channel : 112
INFO:root:Creating band: WiFiBand.BAND_5_GHz channel : 116
INFO:root:Creating band: WiFiBand.BAND_5_GHz channel : 120
INFO:root:Creating band: WiFiBand.BAND_5_GHz channel : 124
INFO:root:Creating band: WiFiBand.BAND_5_GHz channel : 128
INFO:root:Creating band: WiFiBand.BAND_5_GHz channel : 132
INFO:root:Creating band: WiFiBand.BAND_5_GHz channel : 136
INFO:root:Creating band: WiFiBand.BAND_5_GHz channel : 140
INFO:root:Creating band: WiFiBand.BAND_5_GHz channel : 144
INFO:root:Creating band: WiFiBand.BAND_5_GHz channel : 149
INFO:root:Creating band: WiFiBand.BAND_5_GHz channel : 153
INFO:root:Creating band: WiFiBand.BAND_5_GHz channel : 157
INFO:root:Creating band: WiFiBand.BAND_5_GHz channel : 161
INFO:root:Initiating MAB...
INFO:root:Initiating MAB...
INFO:root:Serving Client Request...
INFO:root:Scanning channels...
INFO:root:For 2_4GHz...
INFO:root:Noisiest 2_4GHz channel... 1
INFO:root:--------------------------------

INFO:root:[2025-11-10 05:30:22] WiFiBand.BAND_2_4_GHz  BAND:                     WiFiBand.BAND_2_4_GHz
INFO:root:[2025-11-10 05:30:22] WiFiBand.BAND_2_4_GHz  CHANNEL:                  1
INFO:root:[2025-11-10 05:30:22] WiFiBand.BAND_2_4_GHz  NOISE FLOOR (dBm):        -95
INFO:root:[2025-11-10 05:30:22] WiFiBand.BAND_2_4_GHz  AVG CLIENT SNR (dB):      0
INFO:root:[2025-11-10 05:30:22] WiFiBand.BAND_2_4_GHz  AVG COUNT:                0
INFO:root:[2025-11-10 05:30:22] WiFiBand.BAND_2_4_GHz  AVG THROUGHPUT (Mbps):    0
INFO:root:[2025-11-10 05:30:22] WiFiBand.BAND_2_4_GHz  CHANNEL UTILIZATION:      0
INFO:root:[2025-11-10 05:30:22] WiFiBand.BAND_2_4_GHz  INTERFERENCE:             0
INFO:root:[2025-11-10 05:30:22] WiFiBand.BAND_2_4_GHz  CLIENTS:                  set()
INFO:root:[2025-11-10 05:30:22] WiFiBand.BAND_2_4_GHz  QOE:                      0
INFO:root:[2025-11-10 05:30:22] WiFiBand.BAND_2_4_GHz  TX POWER (dBm):           0
INFO:root:[2025-11-10 05:30:22] WiFiBand.BAND_2_4_GHz  CHANNEL WIDTH (MHz):      0
INFO:root:[2025-11-10 05:30:22] WiFiBand.BAND_2_4_GHz  INTERFERENCE WEIGHT:      1
INFO:root:[2025-11-10 05:30:22] WiFiBand.BAND_2_4_GHz  DFS:                      0
INFO:root:
WARNING:root:[ALERT][2025-11-10 05:30:22][Channel 1] Sudden change in SNR: 54.82 (avg=16.45, dev=233.3%)
WARNING:root:[ALERT][2025-11-10 05:30:22][Channel 1] Sudden change in TX_power: 20.00 (avg=6.00, dev=233.3%)
WARNING:root:[ALERT][2025-11-10 05:30:22][Channel 1] Sudden change in Throughput: 51.89 (avg=15.57, dev=233.3%)
WARNING:root:[ALERT][2025-11-10 05:30:22][Channel 1] Sudden change in QoE: 4.11 (avg=1.23, dev=233.3%)
WARNING:root:[ALERT][2025-11-10 05:30:22][Channel 1] Sudden change in P95_retry: 32.25 (avg=9.67, dev=233.3%)
WARNING:root:[ALERT][2025-11-10 05:30:22][Channel 1] Sudden change in P95_PER: 0.00 (avg=0.00, dev=233.3%)
WARNING:root:[CUSUM ALERT][2025-11-10 05:30:22][Channel 1] SNR ↑ shift detected! deviation=38.38
WARNING:root:[CUSUM ALERT][2025-11-10 05:30:22][Channel 1] TX_power ↑ shift detected! deviation=14.00
WARNING:root:[CUSUM ALERT][2025-11-10 05:30:22][Channel 1] Throughput ↑ shift detected! deviation=36.33
WARNING:root:[CUSUM ALERT][2025-11-10 05:30:22][Channel 1] P95_retry ↑ shift detected! deviation=22.57
WARNING:root:[ALERT][2025-11-10 05:30:22][Channel 1] Sudden change in QoE: 4.58 (avg=2.23, dev=104.8%)
WARNING:root:[ALERT][2025-11-10 05:30:22][Channel 1] Sudden change in P95_PER: 0.00 (avg=0.00, dev=119.4%)
WARNING:root:[CUSUM ALERT][2025-11-10 05:30:22][Channel 1] NoiseFloor ↓ shift detected! deviation=-3.04
INFO:root:Scanning channels...
INFO:root:For 5GHz...
INFO:root:Noisiest 5GHz channel... 36
INFO:root:--------------------------------

INFO:root:[2025-11-10 05:30:23] WiFiBand.BAND_5_GHz  BAND:                     WiFiBand.BAND_5_GHz
INFO:root:[2025-11-10 05:30:23] WiFiBand.BAND_5_GHz  CHANNEL:                  36
INFO:root:[2025-11-10 05:30:23] WiFiBand.BAND_5_GHz  NOISE FLOOR (dBm):        -95
INFO:root:[2025-11-10 05:30:23] WiFiBand.BAND_5_GHz  AVG CLIENT SNR (dB):      0
INFO:root:[2025-11-10 05:30:23] WiFiBand.BAND_5_GHz  AVG COUNT:                0
INFO:root:[2025-11-10 05:30:23] WiFiBand.BAND_5_GHz  AVG THROUGHPUT (Mbps):    0
INFO:root:[2025-11-10 05:30:23] WiFiBand.BAND_5_GHz  CHANNEL UTILIZATION:      0
INFO:root:[2025-11-10 05:30:23] WiFiBand.BAND_5_GHz  INTERFERENCE:             0
INFO:root:[2025-11-10 05:30:23] WiFiBand.BAND_5_GHz  CLIENTS:                  set()
INFO:root:[2025-11-10 05:30:23] WiFiBand.BAND_5_GHz  QOE:                      0
INFO:root:[2025-11-10 05:30:23] WiFiBand.BAND_5_GHz  TX POWER (dBm):           0
INFO:root:[2025-11-10 05:30:23] WiFiBand.BAND_5_GHz  CHANNEL WIDTH (MHz):      0
INFO:root:[2025-11-10 05:30:23] WiFiBand.BAND_5_GHz  INTERFERENCE WEIGHT:      1
INFO:root:[2025-11-10 05:30:23] WiFiBand.BAND_5_GHz  DFS:                      0
INFO:root:
WARNING:root:[ALERT][2025-11-10 05:30:23][Channel 36] Sudden change in SNR: 46.81 (avg=14.04, dev=233.3%)
WARNING:root:[ALERT][2025-11-10 05:30:23][Channel 36] Sudden change in TX_power: 21.00 (avg=6.30, dev=233.3%)
WARNING:root:[ALERT][2025-11-10 05:30:23][Channel 36] Sudden change in Throughput: 298.10 (avg=89.43, dev=233.3%)
WARNING:root:[ALERT][2025-11-10 05:30:23][Channel 36] Sudden change in QoE: 4.00 (avg=1.20, dev=233.3%)
WARNING:root:[ALERT][2025-11-10 05:30:23][Channel 36] Sudden change in P95_retry: 36.35 (avg=10.91, dev=233.3%)
WARNING:root:[ALERT][2025-11-10 05:30:23][Channel 36] Sudden change in P95_PER: 0.01 (avg=0.00, dev=233.3%)
WARNING:root:[CUSUM ALERT][2025-11-10 05:30:23][Channel 36] SNR ↑ shift detected! deviation=32.77
WARNING:root:[CUSUM ALERT][2025-11-10 05:30:23][Channel 36] TX_power ↑ shift detected! deviation=14.70
WARNING:root:[CUSUM ALERT][2025-11-10 05:30:23][Channel 36] Throughput ↑ shift detected! deviation=208.67
WARNING:root:[CUSUM ALERT][2025-11-10 05:30:23][Channel 36] P95_retry ↑ shift detected! deviation=25.45
WARNING:root:[ALERT][2025-11-10 05:30:23][Channel 36] Sudden change in QoE: 4.62 (avg=2.23, dev=107.7%)
WARNING:root:[ALERT][2025-11-10 05:30:23][Channel 36] Sudden change in P95_PER: 0.02 (avg=0.01, dev=140.4%)
WARNING:root:[CUSUM ALERT][2025-11-10 05:30:23][Channel 36] NoiseFloor ↑ shift detected! deviation=3.01
INFO:root:Serving Client Request...
INFO:root:Scanning channels...
INFO:root:For 2_4GHz...
INFO:root:Noisiest 2_4GHz channel... 2
INFO:root:--------------------------------

INFO:root:[2025-11-10 05:30:29] WiFiBand.BAND_2_4_GHz  BAND:                     WiFiBand.BAND_2_4_GHz
INFO:root:[2025-11-10 05:30:29] WiFiBand.BAND_2_4_GHz  CHANNEL:                  2
INFO:root:[2025-11-10 05:30:29] WiFiBand.BAND_2_4_GHz  NOISE FLOOR (dBm):        -95
INFO:root:[2025-11-10 05:30:29] WiFiBand.BAND_2_4_GHz  AVG CLIENT SNR (dB):      0
INFO:root:[2025-11-10 05:30:29] WiFiBand.BAND_2_4_GHz  AVG COUNT:                0
INFO:root:[2025-11-10 05:30:29] WiFiBand.BAND_2_4_GHz  AVG THROUGHPUT (Mbps):    0
INFO:root:[2025-11-10 05:30:29] WiFiBand.BAND_2_4_GHz  CHANNEL UTILIZATION:      0
INFO:root:[2025-11-10 05:30:29] WiFiBand.BAND_2_4_GHz  INTERFERENCE:             0
INFO:root:[2025-11-10 05:30:29] WiFiBand.BAND_2_4_GHz  CLIENTS:                  set()
INFO:root:[2025-11-10 05:30:29] WiFiBand.BAND_2_4_GHz  QOE:                      0
INFO:root:[2025-11-10 05:30:29] WiFiBand.BAND_2_4_GHz  TX POWER (dBm):           0
INFO:root:[2025-11-10 05:30:29] WiFiBand.BAND_2_4_GHz  CHANNEL WIDTH (MHz):      0
INFO:root:[2025-11-10 05:30:29] WiFiBand.BAND_2_4_GHz  INTERFERENCE WEIGHT:      1
INFO:root:[2025-11-10 05:30:29] WiFiBand.BAND_2_4_GHz  DFS:                      0
INFO:root:
WARNING:root:[ALERT][2025-11-10 05:30:29][Channel 2] Sudden change in SNR: 49.82 (avg=14.95, dev=233.3%)
WARNING:root:[ALERT][2025-11-10 05:30:29][Channel 2] Sudden change in TX_power: 17.00 (avg=5.10, dev=233.3%)
WARNING:root:[ALERT][2025-11-10 05:30:29][Channel 2] Sudden change in Throughput: 61.97 (avg=18.59, dev=233.3%)
WARNING:root:[ALERT][2025-11-10 05:30:29][Channel 2] Sudden change in QoE: 4.64 (avg=1.39, dev=233.3%)
WARNING:root:[ALERT][2025-11-10 05:30:29][Channel 2] Sudden change in P95_retry: 15.36 (avg=4.61, dev=233.3%)
WARNING:root:[ALERT][2025-11-10 05:30:29][Channel 2] Sudden change in P95_PER: 0.01 (avg=0.00, dev=233.3%)
WARNING:root:[CUSUM ALERT][2025-11-10 05:30:29][Channel 2] SNR ↑ shift detected! deviation=34.87
WARNING:root:[CUSUM ALERT][2025-11-10 05:30:29][Channel 2] TX_power ↑ shift detected! deviation=11.90
WARNING:root:[CUSUM ALERT][2025-11-10 05:30:29][Channel 2] Throughput ↑ shift detected! deviation=43.38
WARNING:root:[CUSUM ALERT][2025-11-10 05:30:29][Channel 2] P95_retry ↑ shift detected! deviation=10.76
WARNING:root:[ALERT][2025-11-10 05:30:29][Channel 2] Sudden change in QoE: 4.91 (avg=2.45, dev=100.5%)
WARNING:root:[ALERT][2025-11-10 05:30:29][Channel 2] Sudden change in P95_PER: 0.01 (avg=0.00, dev=72.3%)
WARNING:root:[CUSUM ALERT][2025-11-10 05:30:29][Channel 2] NoiseFloor ↑ shift detected! deviation=3.04
INFO:root:Scanning channels...
INFO:root:For 5GHz...
INFO:root:Noisiest 5GHz channel... 40
INFO:root:--------------------------------

INFO:root:[2025-11-10 05:30:29] WiFiBand.BAND_5_GHz  BAND:                     WiFiBand.BAND_5_GHz
INFO:root:[2025-11-10 05:30:29] WiFiBand.BAND_5_GHz  CHANNEL:                  40
INFO:root:[2025-11-10 05:30:29] WiFiBand.BAND_5_GHz  NOISE FLOOR (dBm):        -95
INFO:root:[2025-11-10 05:30:29] WiFiBand.BAND_5_GHz  AVG CLIENT SNR (dB):      0
INFO:root:[2025-11-10 05:30:29] WiFiBand.BAND_5_GHz  AVG COUNT:                0
INFO:root:[2025-11-10 05:30:29] WiFiBand.BAND_5_GHz  AVG THROUGHPUT (Mbps):    0
INFO:root:[2025-11-10 05:30:29] WiFiBand.BAND_5_GHz  CHANNEL UTILIZATION:      0
INFO:root:[2025-11-10 05:30:29] WiFiBand.BAND_5_GHz  INTERFERENCE:             0
INFO:root:[2025-11-10 05:30:29] WiFiBand.BAND_5_GHz  CLIENTS:                  set()
INFO:root:[2025-11-10 05:30:29] WiFiBand.BAND_5_GHz  QOE:                      0
INFO:root:[2025-11-10 05:30:29] WiFiBand.BAND_5_GHz  TX POWER (dBm):           0
INFO:root:[2025-11-10 05:30:29] WiFiBand.BAND_5_GHz  CHANNEL WIDTH (MHz):      0
INFO:root:[2025-11-10 05:30:29] WiFiBand.BAND_5_GHz  INTERFERENCE WEIGHT:      1
INFO:root:[2025-11-10 05:30:29] WiFiBand.BAND_5_GHz  DFS:                      0
INFO:root:
WARNING:root:[ALERT][2025-11-10 05:30:29][Channel 40] Sudden change in SNR: 45.49 (avg=13.65, dev=233.3%)
WARNING:root:[ALERT][2025-11-10 05:30:29][Channel 40] Sudden change in TX_power: 18.00 (avg=5.40, dev=233.3%)
WARNING:root:[ALERT][2025-11-10 05:30:29][Channel 40] Sudden change in Throughput: 360.81 (avg=108.24, dev=233.3%)
WARNING:root:[ALERT][2025-11-10 05:30:29][Channel 40] Sudden change in QoE: 4.52 (avg=1.36, dev=233.3%)
WARNING:root:[ALERT][2025-11-10 05:30:29][Channel 40] Sudden change in P95_retry: 17.82 (avg=5.34, dev=233.3%)
WARNING:root:[ALERT][2025-11-10 05:30:29][Channel 40] Sudden change in P95_PER: 0.05 (avg=0.01, dev=233.3%)
WARNING:root:[CUSUM ALERT][2025-11-10 05:30:29][Channel 40] SNR ↑ shift detected! deviation=31.84
WARNING:root:[CUSUM ALERT][2025-11-10 05:30:29][Channel 40] TX_power ↑ shift detected! deviation=12.60
WARNING:root:[CUSUM ALERT][2025-11-10 05:30:29][Channel 40] Throughput ↑ shift detected! deviation=252.56
WARNING:root:[CUSUM ALERT][2025-11-10 05:30:29][Channel 40] P95_retry ↑ shift detected! deviation=12.47
WARNING:root:[ALERT][2025-11-10 05:30:29][Channel 40] Sudden change in QoE: 4.18 (avg=2.20, dev=89.6%)
WARNING:root:[ALERT][2025-11-10 05:30:29][Channel 40] Sudden change in P95_PER: 0.03 (avg=0.02, dev=61.0%)
WARNING:root:[CUSUM ALERT][2025-11-10 05:30:29][Channel 40] NoiseFloor ↓ shift detected! deviation=-4.07
INFO:root:Serving Client Request...
INFO:root:--------------------------------

INFO:root:[2025-11-10 05:30:31] WiFiBand.BAND_2_4_GHz  BAND:                     WiFiBand.BAND_2_4_GHz
INFO:root:[2025-11-10 05:30:31] WiFiBand.BAND_2_4_GHz  CHANNEL:                  1
INFO:root:[2025-11-10 05:30:31] WiFiBand.BAND_2_4_GHz  NOISE FLOOR (dBm):        -94.98158776471328
INFO:root:[2025-11-10 05:30:31] WiFiBand.BAND_2_4_GHz  AVG CLIENT SNR (dB):      53.993060041147814
INFO:root:[2025-11-10 05:30:31] WiFiBand.BAND_2_4_GHz  AVG COUNT:                8640
INFO:root:[2025-11-10 05:30:31] WiFiBand.BAND_2_4_GHz  AVG THROUGHPUT (Mbps):    59.247251241293256
INFO:root:[2025-11-10 05:30:31] WiFiBand.BAND_2_4_GHz  CHANNEL UTILIZATION:      0.472401536708141
INFO:root:[2025-11-10 05:30:31] WiFiBand.BAND_2_4_GHz  INTERFERENCE:             4341
INFO:root:[2025-11-10 05:30:31] WiFiBand.BAND_2_4_GHz  CLIENTS:                  {'AP24_1'}
INFO:root:[2025-11-10 05:30:31] WiFiBand.BAND_2_4_GHz  QOE:                      4.477610882009442
INFO:root:[2025-11-10 05:30:31] WiFiBand.BAND_2_4_GHz  TX POWER (dBm):           19.999998649285086
INFO:root:[2025-11-10 05:30:31] WiFiBand.BAND_2_4_GHz  CHANNEL WIDTH (MHz):      0
INFO:root:[2025-11-10 05:30:31] WiFiBand.BAND_2_4_GHz  INTERFERENCE WEIGHT:      1
INFO:root:[2025-11-10 05:30:31] WiFiBand.BAND_2_4_GHz  DFS:                      0
INFO:root:
INFO:root:--------------------------------

INFO:root:[2025-11-10 05:30:31] WiFiBand.BAND_2_4_GHz  BAND:                     WiFiBand.BAND_2_4_GHz
INFO:root:[2025-11-10 05:30:31] WiFiBand.BAND_2_4_GHz  CHANNEL:                  2
INFO:root:[2025-11-10 05:30:31] WiFiBand.BAND_2_4_GHz  NOISE FLOOR (dBm):        -94.9879094435747
INFO:root:[2025-11-10 05:30:31] WiFiBand.BAND_2_4_GHz  AVG CLIENT SNR (dB):      51.06503906948076
INFO:root:[2025-11-10 05:30:31] WiFiBand.BAND_2_4_GHz  AVG COUNT:                8640
INFO:root:[2025-11-10 05:30:31] WiFiBand.BAND_2_4_GHz  AVG THROUGHPUT (Mbps):    59.20625305310319
INFO:root:[2025-11-10 05:30:31] WiFiBand.BAND_2_4_GHz  CHANNEL UTILIZATION:      0.4718404678276779
INFO:root:[2025-11-10 05:30:31] WiFiBand.BAND_2_4_GHz  INTERFERENCE:             4334
INFO:root:[2025-11-10 05:30:31] WiFiBand.BAND_2_4_GHz  CLIENTS:                  {'AP24_2'}
INFO:root:[2025-11-10 05:30:31] WiFiBand.BAND_2_4_GHz  QOE:                      4.47549742443073
INFO:root:[2025-11-10 05:30:31] WiFiBand.BAND_2_4_GHz  TX POWER (dBm):           16.999998851892144
INFO:root:[2025-11-10 05:30:31] WiFiBand.BAND_2_4_GHz  CHANNEL WIDTH (MHz):      0
INFO:root:[2025-11-10 05:30:31] WiFiBand.BAND_2_4_GHz  INTERFERENCE WEIGHT:      1
INFO:root:[2025-11-10 05:30:31] WiFiBand.BAND_2_4_GHz  DFS:                      0
INFO:root:
INFO:root:--------------------------------

INFO:root:[2025-11-10 05:30:31] WiFiBand.BAND_2_4_GHz  BAND:                     WiFiBand.BAND_2_4_GHz
INFO:root:[2025-11-10 05:30:31] WiFiBand.BAND_2_4_GHz  CHANNEL:                  3
INFO:root:[2025-11-10 05:30:31] WiFiBand.BAND_2_4_GHz  NOISE FLOOR (dBm):        -95
INFO:root:[2025-11-10 05:30:31] WiFiBand.BAND_2_4_GHz  AVG CLIENT SNR (dB):      0
INFO:root:[2025-11-10 05:30:31] WiFiBand.BAND_2_4_GHz  AVG COUNT:                0
INFO:root:[2025-11-10 05:30:31] WiFiBand.BAND_2_4_GHz  AVG THROUGHPUT (Mbps):    0
INFO:root:[2025-11-10 05:30:31] WiFiBand.BAND_2_4_GHz  CHANNEL UTILIZATION:      0
INFO:root:[2025-11-10 05:30:31] WiFiBand.BAND_2_4_GHz  INTERFERENCE:             0
INFO:root:[2025-11-10 05:30:31] WiFiBand.BAND_2_4_GHz  CLIENTS:                  set()
INFO:root:[2025-11-10 05:30:31] WiFiBand.BAND_2_4_GHz  QOE:                      0
INFO:root:[2025-11-10 05:30:31] WiFiBand.BAND_2_4_GHz  TX POWER (dBm):           0
INFO:root:[2025-11-10 05:30:31] WiFiBand.BAND_2_4_GHz  CHANNEL WIDTH (MHz):      0
INFO:root:[2025-11-10 05:30:31] WiFiBand.BAND_2_4_GHz  INTERFERENCE WEIGHT:      1
INFO:root:[2025-11-10 05:30:31] WiFiBand.BAND_2_4_GHz  DFS:                      0
INFO:root:
INFO:root:--------------------------------

INFO:root:[2025-11-10 05:30:31] WiFiBand.BAND_2_4_GHz  BAND:                     WiFiBand.BAND_2_4_GHz
INFO:root:[2025-11-10 05:30:31] WiFiBand.BAND_2_4_GHz  CHANNEL:                  4
INFO:root:[2025-11-10 05:30:31] WiFiBand.BAND_2_4_GHz  NOISE FLOOR (dBm):        -95
INFO:root:[2025-11-10 05:30:31] WiFiBand.BAND_2_4_GHz  AVG CLIENT SNR (dB):      0
INFO:root:[2025-11-10 05:30:31] WiFiBand.BAND_2_4_GHz  AVG COUNT:                0
INFO:root:[2025-11-10 05:30:31] WiFiBand.BAND_2_4_GHz  AVG THROUGHPUT (Mbps):    0
INFO:root:[2025-11-10 05:30:31] WiFiBand.BAND_2_4_GHz  CHANNEL UTILIZATION:      0
INFO:root:[2025-11-10 05:30:31] WiFiBand.BAND_2_4_GHz  INTERFERENCE:             0
INFO:root:[2025-11-10 05:30:31] WiFiBand.BAND_2_4_GHz  CLIENTS:                  set()
INFO:root:[2025-11-10 05:30:31] WiFiBand.BAND_2_4_GHz  QOE:                      0
INFO:root:[2025-11-10 05:30:31] WiFiBand.BAND_2_4_GHz  TX POWER (dBm):           0
INFO:root:[2025-11-10 05:30:31] WiFiBand.BAND_2_4_GHz  CHANNEL WIDTH (MHz):      0
INFO:root:[2025-11-10 05:30:31] WiFiBand.BAND_2_4_GHz  INTERFERENCE WEIGHT:      1
INFO:root:[2025-11-10 05:30:31] WiFiBand.BAND_2_4_GHz  DFS:                      0
INFO:root:
INFO:root:--------------------------------

INFO:root:[2025-11-10 05:30:31] WiFiBand.BAND_2_4_GHz  BAND:                     WiFiBand.BAND_2_4_GHz
INFO:root:[2025-11-10 05:30:31] WiFiBand.BAND_2_4_GHz  CHANNEL:                  5
INFO:root:[2025-11-10 05:30:31] WiFiBand.BAND_2_4_GHz  NOISE FLOOR (dBm):        -95
INFO:root:[2025-11-10 05:30:31] WiFiBand.BAND_2_4_GHz  AVG CLIENT SNR (dB):      0
INFO:root:[2025-11-10 05:30:31] WiFiBand.BAND_2_4_GHz  AVG COUNT:                0
INFO:root:[2025-11-10 05:30:31] WiFiBand.BAND_2_4_GHz  AVG THROUGHPUT (Mbps):    0
INFO:root:[2025-11-10 05:30:31] WiFiBand.BAND_2_4_GHz  CHANNEL UTILIZATION:      0
INFO:root:[2025-11-10 05:30:31] WiFiBand.BAND_2_4_GHz  INTERFERENCE:             0
INFO:root:[2025-11-10 05:30:31] WiFiBand.BAND_2_4_GHz  CLIENTS:                  set()
INFO:root:[2025-11-10 05:30:31] WiFiBand.BAND_2_4_GHz  QOE:                      0
INFO:root:[2025-11-10 05:30:31] WiFiBand.BAND_2_4_GHz  TX POWER (dBm):           0
INFO:root:[2025-11-10 05:30:31] WiFiBand.BAND_2_4_GHz  CHANNEL WIDTH (MHz):      0
INFO:root:[2025-11-10 05:30:31] WiFiBand.BAND_2_4_GHz  INTERFERENCE WEIGHT:      1
INFO:root:[2025-11-10 05:30:31] WiFiBand.BAND_2_4_GHz  DFS:                      0
INFO:root:
INFO:root:--------------------------------

INFO:root:[2025-11-10 05:30:31] WiFiBand.BAND_2_4_GHz  BAND:                     WiFiBand.BAND_2_4_GHz
INFO:root:[2025-11-10 05:30:31] WiFiBand.BAND_2_4_GHz  CHANNEL:                  6
INFO:root:[2025-11-10 05:30:31] WiFiBand.BAND_2_4_GHz  NOISE FLOOR (dBm):        -95
INFO:root:[2025-11-10 05:30:31] WiFiBand.BAND_2_4_GHz  AVG CLIENT SNR (dB):      0
INFO:root:[2025-11-10 05:30:31] WiFiBand.BAND_2_4_GHz  AVG COUNT:                0
INFO:root:[2025-11-10 05:30:31] WiFiBand.BAND_2_4_GHz  AVG THROUGHPUT (Mbps):    0
INFO:root:[2025-11-10 05:30:31] WiFiBand.BAND_2_4_GHz  CHANNEL UTILIZATION:      0
INFO:root:[2025-11-10 05:30:31] WiFiBand.BAND_2_4_GHz  INTERFERENCE:             0
INFO:root:[2025-11-10 05:30:31] WiFiBand.BAND_2_4_GHz  CLIENTS:                  set()
INFO:root:[2025-11-10 05:30:31] WiFiBand.BAND_2_4_GHz  QOE:                      0
INFO:root:[2025-11-10 05:30:31] WiFiBand.BAND_2_4_GHz  TX POWER (dBm):           0
INFO:root:[2025-11-10 05:30:31] WiFiBand.BAND_2_4_GHz  CHANNEL WIDTH (MHz):      0
INFO:root:[2025-11-10 05:30:31] WiFiBand.BAND_2_4_GHz  INTERFERENCE WEIGHT:      1
INFO:root:[2025-11-10 05:30:31] WiFiBand.BAND_2_4_GHz  DFS:                      0
INFO:root:
INFO:root:--------------------------------

INFO:root:[2025-11-10 05:30:31] WiFiBand.BAND_2_4_GHz  BAND:                     WiFiBand.BAND_2_4_GHz
INFO:root:[2025-11-10 05:30:31] WiFiBand.BAND_2_4_GHz  CHANNEL:                  7
INFO:root:[2025-11-10 05:30:31] WiFiBand.BAND_2_4_GHz  NOISE FLOOR (dBm):        -95
INFO:root:[2025-11-10 05:30:31] WiFiBand.BAND_2_4_GHz  AVG CLIENT SNR (dB):      0
INFO:root:[2025-11-10 05:30:31] WiFiBand.BAND_2_4_GHz  AVG COUNT:                0
INFO:root:[2025-11-10 05:30:31] WiFiBand.BAND_2_4_GHz  AVG THROUGHPUT (Mbps):    0
INFO:root:[2025-11-10 05:30:31] WiFiBand.BAND_2_4_GHz  CHANNEL UTILIZATION:      0
INFO:root:[2025-11-10 05:30:31] WiFiBand.BAND_2_4_GHz  INTERFERENCE:             0
INFO:root:[2025-11-10 05:30:31] WiFiBand.BAND_2_4_GHz  CLIENTS:                  set()
INFO:root:[2025-11-10 05:30:31] WiFiBand.BAND_2_4_GHz  QOE:                      0
INFO:root:[2025-11-10 05:30:31] WiFiBand.BAND_2_4_GHz  TX POWER (dBm):           0
INFO:root:[2025-11-10 05:30:31] WiFiBand.BAND_2_4_GHz  CHANNEL WIDTH (MHz):      0
INFO:root:[2025-11-10 05:30:31] WiFiBand.BAND_2_4_GHz  INTERFERENCE WEIGHT:      1
INFO:root:[2025-11-10 05:30:31] WiFiBand.BAND_2_4_GHz  DFS:                      0
INFO:root:
INFO:root:--------------------------------

INFO:root:[2025-11-10 05:30:31] WiFiBand.BAND_2_4_GHz  BAND:                     WiFiBand.BAND_2_4_GHz
INFO:root:[2025-11-10 05:30:31] WiFiBand.BAND_2_4_GHz  CHANNEL:                  8
INFO:root:[2025-11-10 05:30:31] WiFiBand.BAND_2_4_GHz  NOISE FLOOR (dBm):        -95
INFO:root:[2025-11-10 05:30:31] WiFiBand.BAND_2_4_GHz  AVG CLIENT SNR (dB):      0
INFO:root:[2025-11-10 05:30:31] WiFiBand.BAND_2_4_GHz  AVG COUNT:                0
INFO:root:[2025-11-10 05:30:31] WiFiBand.BAND_2_4_GHz  AVG THROUGHPUT (Mbps):    0
INFO:root:[2025-11-10 05:30:31] WiFiBand.BAND_2_4_GHz  CHANNEL UTILIZATION:      0
INFO:root:[2025-11-10 05:30:31] WiFiBand.BAND_2_4_GHz  INTERFERENCE:             0
INFO:root:[2025-11-10 05:30:31] WiFiBand.BAND_2_4_GHz  CLIENTS:                  set()
INFO:root:[2025-11-10 05:30:31] WiFiBand.BAND_2_4_GHz  QOE:                      0
INFO:root:[2025-11-10 05:30:31] WiFiBand.BAND_2_4_GHz  TX POWER (dBm):           0
INFO:root:[2025-11-10 05:30:31] WiFiBand.BAND_2_4_GHz  CHANNEL WIDTH (MHz):      0
INFO:root:[2025-11-10 05:30:31] WiFiBand.BAND_2_4_GHz  INTERFERENCE WEIGHT:      1
INFO:root:[2025-11-10 05:30:31] WiFiBand.BAND_2_4_GHz  DFS:                      0
INFO:root:
INFO:root:--------------------------------

INFO:root:[2025-11-10 05:30:31] WiFiBand.BAND_2_4_GHz  BAND:                     WiFiBand.BAND_2_4_GHz
INFO:root:[2025-11-10 05:30:31] WiFiBand.BAND_2_4_GHz  CHANNEL:                  9
INFO:root:[2025-11-10 05:30:31] WiFiBand.BAND_2_4_GHz  NOISE FLOOR (dBm):        -95
INFO:root:[2025-11-10 05:30:31] WiFiBand.BAND_2_4_GHz  AVG CLIENT SNR (dB):      0
INFO:root:[2025-11-10 05:30:31] WiFiBand.BAND_2_4_GHz  AVG COUNT:                0
INFO:root:[2025-11-10 05:30:31] WiFiBand.BAND_2_4_GHz  AVG THROUGHPUT (Mbps):    0
INFO:root:[2025-11-10 05:30:31] WiFiBand.BAND_2_4_GHz  CHANNEL UTILIZATION:      0
INFO:root:[2025-11-10 05:30:31] WiFiBand.BAND_2_4_GHz  INTERFERENCE:             0
INFO:root:[2025-11-10 05:30:31] WiFiBand.BAND_2_4_GHz  CLIENTS:                  set()
INFO:root:[2025-11-10 05:30:31] WiFiBand.BAND_2_4_GHz  QOE:                      0
INFO:root:[2025-11-10 05:30:31] WiFiBand.BAND_2_4_GHz  TX POWER (dBm):           0
INFO:root:[2025-11-10 05:30:31] WiFiBand.BAND_2_4_GHz  CHANNEL WIDTH (MHz):      0
INFO:root:[2025-11-10 05:30:31] WiFiBand.BAND_2_4_GHz  INTERFERENCE WEIGHT:      1
INFO:root:[2025-11-10 05:30:31] WiFiBand.BAND_2_4_GHz  DFS:                      0
INFO:root:
INFO:root:--------------------------------

INFO:root:[2025-11-10 05:30:31] WiFiBand.BAND_2_4_GHz  BAND:                     WiFiBand.BAND_2_4_GHz
INFO:root:[2025-11-10 05:30:31] WiFiBand.BAND_2_4_GHz  CHANNEL:                  10
INFO:root:[2025-11-10 05:30:31] WiFiBand.BAND_2_4_GHz  NOISE FLOOR (dBm):        -95
INFO:root:[2025-11-10 05:30:31] WiFiBand.BAND_2_4_GHz  AVG CLIENT SNR (dB):      0
INFO:root:[2025-11-10 05:30:31] WiFiBand.BAND_2_4_GHz  AVG COUNT:                0
INFO:root:[2025-11-10 05:30:31] WiFiBand.BAND_2_4_GHz  AVG THROUGHPUT (Mbps):    0
INFO:root:[2025-11-10 05:30:31] WiFiBand.BAND_2_4_GHz  CHANNEL UTILIZATION:      0
INFO:root:[2025-11-10 05:30:31] WiFiBand.BAND_2_4_GHz  INTERFERENCE:             0
INFO:root:[2025-11-10 05:30:31] WiFiBand.BAND_2_4_GHz  CLIENTS:                  set()
INFO:root:[2025-11-10 05:30:31] WiFiBand.BAND_2_4_GHz  QOE:                      0
INFO:root:[2025-11-10 05:30:31] WiFiBand.BAND_2_4_GHz  TX POWER (dBm):           0
INFO:root:[2025-11-10 05:30:31] WiFiBand.BAND_2_4_GHz  CHANNEL WIDTH (MHz):      0
INFO:root:[2025-11-10 05:30:31] WiFiBand.BAND_2_4_GHz  INTERFERENCE WEIGHT:      1
INFO:root:[2025-11-10 05:30:31] WiFiBand.BAND_2_4_GHz  DFS:                      0
INFO:root:
INFO:root:--------------------------------

INFO:root:[2025-11-10 05:30:31] WiFiBand.BAND_2_4_GHz  BAND:                     WiFiBand.BAND_2_4_GHz
INFO:root:[2025-11-10 05:30:31] WiFiBand.BAND_2_4_GHz  CHANNEL:                  11
INFO:root:[2025-11-10 05:30:31] WiFiBand.BAND_2_4_GHz  NOISE FLOOR (dBm):        -95
INFO:root:[2025-11-10 05:30:31] WiFiBand.BAND_2_4_GHz  AVG CLIENT SNR (dB):      0
INFO:root:[2025-11-10 05:30:31] WiFiBand.BAND_2_4_GHz  AVG COUNT:                0
INFO:root:[2025-11-10 05:30:31] WiFiBand.BAND_2_4_GHz  AVG THROUGHPUT (Mbps):    0
INFO:root:[2025-11-10 05:30:31] WiFiBand.BAND_2_4_GHz  CHANNEL UTILIZATION:      0
INFO:root:[2025-11-10 05:30:31] WiFiBand.BAND_2_4_GHz  INTERFERENCE:             0
INFO:root:[2025-11-10 05:30:31] WiFiBand.BAND_2_4_GHz  CLIENTS:                  set()
INFO:root:[2025-11-10 05:30:31] WiFiBand.BAND_2_4_GHz  QOE:                      0
INFO:root:[2025-11-10 05:30:31] WiFiBand.BAND_2_4_GHz  TX POWER (dBm):           0
INFO:root:[2025-11-10 05:30:31] WiFiBand.BAND_2_4_GHz  CHANNEL WIDTH (MHz):      0
INFO:root:[2025-11-10 05:30:31] WiFiBand.BAND_2_4_GHz  INTERFERENCE WEIGHT:      1
INFO:root:[2025-11-10 05:30:31] WiFiBand.BAND_2_4_GHz  DFS:                      0
INFO:root:
INFO:root:--------------------------------

INFO:root:[2025-11-10 05:30:31] WiFiBand.BAND_2_4_GHz  BAND:                     WiFiBand.BAND_2_4_GHz
INFO:root:[2025-11-10 05:30:31] WiFiBand.BAND_2_4_GHz  CHANNEL:                  12
INFO:root:[2025-11-10 05:30:31] WiFiBand.BAND_2_4_GHz  NOISE FLOOR (dBm):        -95
INFO:root:[2025-11-10 05:30:31] WiFiBand.BAND_2_4_GHz  AVG CLIENT SNR (dB):      0
INFO:root:[2025-11-10 05:30:31] WiFiBand.BAND_2_4_GHz  AVG COUNT:                0
INFO:root:[2025-11-10 05:30:31] WiFiBand.BAND_2_4_GHz  AVG THROUGHPUT (Mbps):    0
INFO:root:[2025-11-10 05:30:31] WiFiBand.BAND_2_4_GHz  CHANNEL UTILIZATION:      0
INFO:root:[2025-11-10 05:30:31] WiFiBand.BAND_2_4_GHz  INTERFERENCE:             0
INFO:root:[2025-11-10 05:30:31] WiFiBand.BAND_2_4_GHz  CLIENTS:                  set()
INFO:root:[2025-11-10 05:30:31] WiFiBand.BAND_2_4_GHz  QOE:                      0
INFO:root:[2025-11-10 05:30:31] WiFiBand.BAND_2_4_GHz  TX POWER (dBm):           0
INFO:root:[2025-11-10 05:30:31] WiFiBand.BAND_2_4_GHz  CHANNEL WIDTH (MHz):      0
INFO:root:[2025-11-10 05:30:31] WiFiBand.BAND_2_4_GHz  INTERFERENCE WEIGHT:      1
INFO:root:[2025-11-10 05:30:31] WiFiBand.BAND_2_4_GHz  DFS:                      0
INFO:root:
INFO:root:--------------------------------

INFO:root:[2025-11-10 05:30:31] WiFiBand.BAND_2_4_GHz  BAND:                     WiFiBand.BAND_2_4_GHz
INFO:root:[2025-11-10 05:30:31] WiFiBand.BAND_2_4_GHz  CHANNEL:                  13
INFO:root:[2025-11-10 05:30:31] WiFiBand.BAND_2_4_GHz  NOISE FLOOR (dBm):        -95
INFO:root:[2025-11-10 05:30:31] WiFiBand.BAND_2_4_GHz  AVG CLIENT SNR (dB):      0
INFO:root:[2025-11-10 05:30:31] WiFiBand.BAND_2_4_GHz  AVG COUNT:                0
INFO:root:[2025-11-10 05:30:31] WiFiBand.BAND_2_4_GHz  AVG THROUGHPUT (Mbps):    0
INFO:root:[2025-11-10 05:30:31] WiFiBand.BAND_2_4_GHz  CHANNEL UTILIZATION:      0
INFO:root:[2025-11-10 05:30:31] WiFiBand.BAND_2_4_GHz  INTERFERENCE:             0
INFO:root:[2025-11-10 05:30:31] WiFiBand.BAND_2_4_GHz  CLIENTS:                  set()
INFO:root:[2025-11-10 05:30:31] WiFiBand.BAND_2_4_GHz  QOE:                      0
INFO:root:[2025-11-10 05:30:31] WiFiBand.BAND_2_4_GHz  TX POWER (dBm):           0
INFO:root:[2025-11-10 05:30:31] WiFiBand.BAND_2_4_GHz  CHANNEL WIDTH (MHz):      0
INFO:root:[2025-11-10 05:30:31] WiFiBand.BAND_2_4_GHz  INTERFERENCE WEIGHT:      1
INFO:root:[2025-11-10 05:30:31] WiFiBand.BAND_2_4_GHz  DFS:                      0
INFO:root:
INFO:root:--------------------------------

INFO:root:[2025-11-10 05:30:31] WiFiBand.BAND_2_4_GHz  BAND:                     WiFiBand.BAND_2_4_GHz
INFO:root:[2025-11-10 05:30:31] WiFiBand.BAND_2_4_GHz  CHANNEL:                  14
INFO:root:[2025-11-10 05:30:31] WiFiBand.BAND_2_4_GHz  NOISE FLOOR (dBm):        -95
INFO:root:[2025-11-10 05:30:31] WiFiBand.BAND_2_4_GHz  AVG CLIENT SNR (dB):      0
INFO:root:[2025-11-10 05:30:31] WiFiBand.BAND_2_4_GHz  AVG COUNT:                0
INFO:root:[2025-11-10 05:30:31] WiFiBand.BAND_2_4_GHz  AVG THROUGHPUT (Mbps):    0
INFO:root:[2025-11-10 05:30:31] WiFiBand.BAND_2_4_GHz  CHANNEL UTILIZATION:      0
INFO:root:[2025-11-10 05:30:31] WiFiBand.BAND_2_4_GHz  INTERFERENCE:             0
INFO:root:[2025-11-10 05:30:31] WiFiBand.BAND_2_4_GHz  CLIENTS:                  set()
INFO:root:[2025-11-10 05:30:31] WiFiBand.BAND_2_4_GHz  QOE:                      0
INFO:root:[2025-11-10 05:30:31] WiFiBand.BAND_2_4_GHz  TX POWER (dBm):           0
INFO:root:[2025-11-10 05:30:31] WiFiBand.BAND_2_4_GHz  CHANNEL WIDTH (MHz):      0
INFO:root:[2025-11-10 05:30:31] WiFiBand.BAND_2_4_GHz  INTERFERENCE WEIGHT:      1
INFO:root:[2025-11-10 05:30:31] WiFiBand.BAND_2_4_GHz  DFS:                      0
INFO:root:
INFO:root:--------------------------------

INFO:root:[2025-11-10 05:30:31] WiFiBand.BAND_5_GHz  BAND:                     WiFiBand.BAND_5_GHz
INFO:root:[2025-11-10 05:30:31] WiFiBand.BAND_5_GHz  CHANNEL:                  36
INFO:root:[2025-11-10 05:30:31] WiFiBand.BAND_5_GHz  NOISE FLOOR (dBm):        -94.48101453180308
INFO:root:[2025-11-10 05:30:31] WiFiBand.BAND_5_GHz  AVG CLIENT SNR (dB):      48.112084840949414
INFO:root:[2025-11-10 05:30:31] WiFiBand.BAND_5_GHz  AVG COUNT:                8640
INFO:root:[2025-11-10 05:30:31] WiFiBand.BAND_5_GHz  AVG THROUGHPUT (Mbps):    355.01703233724874
INFO:root:[2025-11-10 05:30:31] WiFiBand.BAND_5_GHz  CHANNEL UTILIZATION:      0.4420522256326203
INFO:root:[2025-11-10 05:30:31] WiFiBand.BAND_5_GHz  INTERFERENCE:             0
INFO:root:[2025-11-10 05:30:31] WiFiBand.BAND_5_GHz  CLIENTS:                  {'AP5_36'}
INFO:root:[2025-11-10 05:30:31] WiFiBand.BAND_5_GHz  QOE:                      4.475070368871634
INFO:root:[2025-11-10 05:30:31] WiFiBand.BAND_5_GHz  TX POWER (dBm):           20.999998581749317
INFO:root:[2025-11-10 05:30:31] WiFiBand.BAND_5_GHz  CHANNEL WIDTH (MHz):      0
INFO:root:[2025-11-10 05:30:31] WiFiBand.BAND_5_GHz  INTERFERENCE WEIGHT:      1
INFO:root:[2025-11-10 05:30:31] WiFiBand.BAND_5_GHz  DFS:                      0
INFO:root:
INFO:root:--------------------------------

INFO:root:[2025-11-10 05:30:31] WiFiBand.BAND_5_GHz  BAND:                     WiFiBand.BAND_5_GHz
INFO:root:[2025-11-10 05:30:31] WiFiBand.BAND_5_GHz  CHANNEL:                  40
INFO:root:[2025-11-10 05:30:31] WiFiBand.BAND_5_GHz  NOISE FLOOR (dBm):        -94.52668058368074
INFO:root:[2025-11-10 05:30:31] WiFiBand.BAND_5_GHz  AVG CLIENT SNR (dB):      46.07329390927109
INFO:root:[2025-11-10 05:30:31] WiFiBand.BAND_5_GHz  AVG COUNT:                8640
INFO:root:[2025-11-10 05:30:31] WiFiBand.BAND_5_GHz  AVG THROUGHPUT (Mbps):    354.26439282703546
INFO:root:[2025-11-10 05:30:31] WiFiBand.BAND_5_GHz  CHANNEL UTILIZATION:      0.44187878332042974
INFO:root:[2025-11-10 05:30:31] WiFiBand.BAND_5_GHz  INTERFERENCE:             0
INFO:root:[2025-11-10 05:30:31] WiFiBand.BAND_5_GHz  CLIENTS:                  {'AP5_40'}
INFO:root:[2025-11-10 05:30:31] WiFiBand.BAND_5_GHz  QOE:                      4.467712158022361
INFO:root:[2025-11-10 05:30:31] WiFiBand.BAND_5_GHz  TX POWER (dBm):           17.999998784356485
INFO:root:[2025-11-10 05:30:31] WiFiBand.BAND_5_GHz  CHANNEL WIDTH (MHz):      0
INFO:root:[2025-11-10 05:30:31] WiFiBand.BAND_5_GHz  INTERFERENCE WEIGHT:      1
INFO:root:[2025-11-10 05:30:31] WiFiBand.BAND_5_GHz  DFS:                      0
INFO:root:
INFO:root:--------------------------------

INFO:root:[2025-11-10 05:30:31] WiFiBand.BAND_5_GHz  BAND:                     WiFiBand.BAND_5_GHz
INFO:root:[2025-11-10 05:30:31] WiFiBand.BAND_5_GHz  CHANNEL:                  44
INFO:root:[2025-11-10 05:30:31] WiFiBand.BAND_5_GHz  NOISE FLOOR (dBm):        -95
INFO:root:[2025-11-10 05:30:31] WiFiBand.BAND_5_GHz  AVG CLIENT SNR (dB):      0
INFO:root:[2025-11-10 05:30:31] WiFiBand.BAND_5_GHz  AVG COUNT:                0
INFO:root:[2025-11-10 05:30:31] WiFiBand.BAND_5_GHz  AVG THROUGHPUT (Mbps):    0
INFO:root:[2025-11-10 05:30:31] WiFiBand.BAND_5_GHz  CHANNEL UTILIZATION:      0
INFO:root:[2025-11-10 05:30:31] WiFiBand.BAND_5_GHz  INTERFERENCE:             0
INFO:root:[2025-11-10 05:30:31] WiFiBand.BAND_5_GHz  CLIENTS:                  set()
INFO:root:[2025-11-10 05:30:31] WiFiBand.BAND_5_GHz  QOE:                      0
INFO:root:[2025-11-10 05:30:31] WiFiBand.BAND_5_GHz  TX POWER (dBm):           0
INFO:root:[2025-11-10 05:30:31] WiFiBand.BAND_5_GHz  CHANNEL WIDTH (MHz):      0
INFO:root:[2025-11-10 05:30:31] WiFiBand.BAND_5_GHz  INTERFERENCE WEIGHT:      1
INFO:root:[2025-11-10 05:30:31] WiFiBand.BAND_5_GHz  DFS:                      0
INFO:root:
INFO:root:--------------------------------

INFO:root:[2025-11-10 05:30:31] WiFiBand.BAND_5_GHz  BAND:                     WiFiBand.BAND_5_GHz
INFO:root:[2025-11-10 05:30:31] WiFiBand.BAND_5_GHz  CHANNEL:                  48
INFO:root:[2025-11-10 05:30:31] WiFiBand.BAND_5_GHz  NOISE FLOOR (dBm):        -95
INFO:root:[2025-11-10 05:30:31] WiFiBand.BAND_5_GHz  AVG CLIENT SNR (dB):      0
INFO:root:[2025-11-10 05:30:31] WiFiBand.BAND_5_GHz  AVG COUNT:                0
INFO:root:[2025-11-10 05:30:31] WiFiBand.BAND_5_GHz  AVG THROUGHPUT (Mbps):    0
INFO:root:[2025-11-10 05:30:31] WiFiBand.BAND_5_GHz  CHANNEL UTILIZATION:      0
INFO:root:[2025-11-10 05:30:31] WiFiBand.BAND_5_GHz  INTERFERENCE:             0
INFO:root:[2025-11-10 05:30:31] WiFiBand.BAND_5_GHz  CLIENTS:                  set()
INFO:root:[2025-11-10 05:30:31] WiFiBand.BAND_5_GHz  QOE:                      0
INFO:root:[2025-11-10 05:30:31] WiFiBand.BAND_5_GHz  TX POWER (dBm):           0
INFO:root:[2025-11-10 05:30:31] WiFiBand.BAND_5_GHz  CHANNEL WIDTH (MHz):      0
INFO:root:[2025-11-10 05:30:31] WiFiBand.BAND_5_GHz  INTERFERENCE WEIGHT:      1
INFO:root:[2025-11-10 05:30:31] WiFiBand.BAND_5_GHz  DFS:                      0
INFO:root:
INFO:root:--------------------------------

INFO:root:[2025-11-10 05:30:31] WiFiBand.BAND_5_GHz  BAND:                     WiFiBand.BAND_5_GHz
INFO:root:[2025-11-10 05:30:31] WiFiBand.BAND_5_GHz  CHANNEL:                  52
INFO:root:[2025-11-10 05:30:31] WiFiBand.BAND_5_GHz  NOISE FLOOR (dBm):        -95
INFO:root:[2025-11-10 05:30:31] WiFiBand.BAND_5_GHz  AVG CLIENT SNR (dB):      0
INFO:root:[2025-11-10 05:30:31] WiFiBand.BAND_5_GHz  AVG COUNT:                0
INFO:root:[2025-11-10 05:30:31] WiFiBand.BAND_5_GHz  AVG THROUGHPUT (Mbps):    0
INFO:root:[2025-11-10 05:30:31] WiFiBand.BAND_5_GHz  CHANNEL UTILIZATION:      0
INFO:root:[2025-11-10 05:30:31] WiFiBand.BAND_5_GHz  INTERFERENCE:             0
INFO:root:[2025-11-10 05:30:31] WiFiBand.BAND_5_GHz  CLIENTS:                  set()
INFO:root:[2025-11-10 05:30:31] WiFiBand.BAND_5_GHz  QOE:                      0
INFO:root:[2025-11-10 05:30:31] WiFiBand.BAND_5_GHz  TX POWER (dBm):           0
INFO:root:[2025-11-10 05:30:31] WiFiBand.BAND_5_GHz  CHANNEL WIDTH (MHz):      0
INFO:root:[2025-11-10 05:30:31] WiFiBand.BAND_5_GHz  INTERFERENCE WEIGHT:      1
INFO:root:[2025-11-10 05:30:31] WiFiBand.BAND_5_GHz  DFS:                      1
INFO:root:
INFO:root:--------------------------------

INFO:root:[2025-11-10 05:30:31] WiFiBand.BAND_5_GHz  BAND:                     WiFiBand.BAND_5_GHz
INFO:root:[2025-11-10 05:30:31] WiFiBand.BAND_5_GHz  CHANNEL:                  56
INFO:root:[2025-11-10 05:30:31] WiFiBand.BAND_5_GHz  NOISE FLOOR (dBm):        -95
INFO:root:[2025-11-10 05:30:31] WiFiBand.BAND_5_GHz  AVG CLIENT SNR (dB):      0
INFO:root:[2025-11-10 05:30:31] WiFiBand.BAND_5_GHz  AVG COUNT:                0
INFO:root:[2025-11-10 05:30:31] WiFiBand.BAND_5_GHz  AVG THROUGHPUT (Mbps):    0
INFO:root:[2025-11-10 05:30:31] WiFiBand.BAND_5_GHz  CHANNEL UTILIZATION:      0
INFO:root:[2025-11-10 05:30:31] WiFiBand.BAND_5_GHz  INTERFERENCE:             0
INFO:root:[2025-11-10 05:30:31] WiFiBand.BAND_5_GHz  CLIENTS:                  set()
INFO:root:[2025-11-10 05:30:31] WiFiBand.BAND_5_GHz  QOE:                      0
INFO:root:[2025-11-10 05:30:31] WiFiBand.BAND_5_GHz  TX POWER (dBm):           0
INFO:root:[2025-11-10 05:30:31] WiFiBand.BAND_5_GHz  CHANNEL WIDTH (MHz):      0
INFO:root:[2025-11-10 05:30:31] WiFiBand.BAND_5_GHz  INTERFERENCE WEIGHT:      1
INFO:root:[2025-11-10 05:30:31] WiFiBand.BAND_5_GHz  DFS:                      1
INFO:root:
INFO:root:--------------------------------

INFO:root:[2025-11-10 05:30:31] WiFiBand.BAND_5_GHz  BAND:                     WiFiBand.BAND_5_GHz
INFO:root:[2025-11-10 05:30:31] WiFiBand.BAND_5_GHz  CHANNEL:                  60
INFO:root:[2025-11-10 05:30:31] WiFiBand.BAND_5_GHz  NOISE FLOOR (dBm):        -95
INFO:root:[2025-11-10 05:30:31] WiFiBand.BAND_5_GHz  AVG CLIENT SNR (dB):      0
INFO:root:[2025-11-10 05:30:31] WiFiBand.BAND_5_GHz  AVG COUNT:                0
INFO:root:[2025-11-10 05:30:31] WiFiBand.BAND_5_GHz  AVG THROUGHPUT (Mbps):    0
INFO:root:[2025-11-10 05:30:31] WiFiBand.BAND_5_GHz  CHANNEL UTILIZATION:      0
INFO:root:[2025-11-10 05:30:31] WiFiBand.BAND_5_GHz  INTERFERENCE:             0
INFO:root:[2025-11-10 05:30:31] WiFiBand.BAND_5_GHz  CLIENTS:                  set()
INFO:root:[2025-11-10 05:30:31] WiFiBand.BAND_5_GHz  QOE:                      0
INFO:root:[2025-11-10 05:30:31] WiFiBand.BAND_5_GHz  TX POWER (dBm):           0
INFO:root:[2025-11-10 05:30:31] WiFiBand.BAND_5_GHz  CHANNEL WIDTH (MHz):      0
INFO:root:[2025-11-10 05:30:31] WiFiBand.BAND_5_GHz  INTERFERENCE WEIGHT:      1
INFO:root:[2025-11-10 05:30:31] WiFiBand.BAND_5_GHz  DFS:                      1
INFO:root:
INFO:root:--------------------------------

INFO:root:[2025-11-10 05:30:31] WiFiBand.BAND_5_GHz  BAND:                     WiFiBand.BAND_5_GHz
INFO:root:[2025-11-10 05:30:31] WiFiBand.BAND_5_GHz  CHANNEL:                  64
INFO:root:[2025-11-10 05:30:31] WiFiBand.BAND_5_GHz  NOISE FLOOR (dBm):        -95
INFO:root:[2025-11-10 05:30:31] WiFiBand.BAND_5_GHz  AVG CLIENT SNR (dB):      0
INFO:root:[2025-11-10 05:30:31] WiFiBand.BAND_5_GHz  AVG COUNT:                0
INFO:root:[2025-11-10 05:30:31] WiFiBand.BAND_5_GHz  AVG THROUGHPUT (Mbps):    0
INFO:root:[2025-11-10 05:30:31] WiFiBand.BAND_5_GHz  CHANNEL UTILIZATION:      0
INFO:root:[2025-11-10 05:30:31] WiFiBand.BAND_5_GHz  INTERFERENCE:             0
INFO:root:[2025-11-10 05:30:31] WiFiBand.BAND_5_GHz  CLIENTS:                  set()
INFO:root:[2025-11-10 05:30:31] WiFiBand.BAND_5_GHz  QOE:                      0
INFO:root:[2025-11-10 05:30:31] WiFiBand.BAND_5_GHz  TX POWER (dBm):           0
INFO:root:[2025-11-10 05:30:31] WiFiBand.BAND_5_GHz  CHANNEL WIDTH (MHz):      0
INFO:root:[2025-11-10 05:30:31] WiFiBand.BAND_5_GHz  INTERFERENCE WEIGHT:      1
INFO:root:[2025-11-10 05:30:31] WiFiBand.BAND_5_GHz  DFS:                      1
INFO:root:
INFO:root:--------------------------------

INFO:root:[2025-11-10 05:30:31] WiFiBand.BAND_5_GHz  BAND:                     WiFiBand.BAND_5_GHz
INFO:root:[2025-11-10 05:30:31] WiFiBand.BAND_5_GHz  CHANNEL:                  100
INFO:root:[2025-11-10 05:30:31] WiFiBand.BAND_5_GHz  NOISE FLOOR (dBm):        -95
INFO:root:[2025-11-10 05:30:31] WiFiBand.BAND_5_GHz  AVG CLIENT SNR (dB):      0
INFO:root:[2025-11-10 05:30:31] WiFiBand.BAND_5_GHz  AVG COUNT:                0
INFO:root:[2025-11-10 05:30:31] WiFiBand.BAND_5_GHz  AVG THROUGHPUT (Mbps):    0
INFO:root:[2025-11-10 05:30:31] WiFiBand.BAND_5_GHz  CHANNEL UTILIZATION:      0
INFO:root:[2025-11-10 05:30:31] WiFiBand.BAND_5_GHz  INTERFERENCE:             0
INFO:root:[2025-11-10 05:30:31] WiFiBand.BAND_5_GHz  CLIENTS:                  set()
INFO:root:[2025-11-10 05:30:31] WiFiBand.BAND_5_GHz  QOE:                      0
INFO:root:[2025-11-10 05:30:31] WiFiBand.BAND_5_GHz  TX POWER (dBm):           0
INFO:root:[2025-11-10 05:30:31] WiFiBand.BAND_5_GHz  CHANNEL WIDTH (MHz):      0
INFO:root:[2025-11-10 05:30:31] WiFiBand.BAND_5_GHz  INTERFERENCE WEIGHT:      1
INFO:root:[2025-11-10 05:30:31] WiFiBand.BAND_5_GHz  DFS:                      1
INFO:root:
INFO:root:--------------------------------

INFO:root:[2025-11-10 05:30:31] WiFiBand.BAND_5_GHz  BAND:                     WiFiBand.BAND_5_GHz
INFO:root:[2025-11-10 05:30:31] WiFiBand.BAND_5_GHz  CHANNEL:                  104
INFO:root:[2025-11-10 05:30:31] WiFiBand.BAND_5_GHz  NOISE FLOOR (dBm):        -95
INFO:root:[2025-11-10 05:30:31] WiFiBand.BAND_5_GHz  AVG CLIENT SNR (dB):      0
INFO:root:[2025-11-10 05:30:31] WiFiBand.BAND_5_GHz  AVG COUNT:                0
INFO:root:[2025-11-10 05:30:31] WiFiBand.BAND_5_GHz  AVG THROUGHPUT (Mbps):    0
INFO:root:[2025-11-10 05:30:31] WiFiBand.BAND_5_GHz  CHANNEL UTILIZATION:      0
INFO:root:[2025-11-10 05:30:31] WiFiBand.BAND_5_GHz  INTERFERENCE:             0
INFO:root:[2025-11-10 05:30:31] WiFiBand.BAND_5_GHz  CLIENTS:                  set()
INFO:root:[2025-11-10 05:30:31] WiFiBand.BAND_5_GHz  QOE:                      0
INFO:root:[2025-11-10 05:30:31] WiFiBand.BAND_5_GHz  TX POWER (dBm):           0
INFO:root:[2025-11-10 05:30:31] WiFiBand.BAND_5_GHz  CHANNEL WIDTH (MHz):      0
INFO:root:[2025-11-10 05:30:31] WiFiBand.BAND_5_GHz  INTERFERENCE WEIGHT:      1
INFO:root:[2025-11-10 05:30:31] WiFiBand.BAND_5_GHz  DFS:                      1
INFO:root:
INFO:root:--------------------------------

INFO:root:[2025-11-10 05:30:31] WiFiBand.BAND_5_GHz  BAND:                     WiFiBand.BAND_5_GHz
INFO:root:[2025-11-10 05:30:31] WiFiBand.BAND_5_GHz  CHANNEL:                  108
INFO:root:[2025-11-10 05:30:31] WiFiBand.BAND_5_GHz  NOISE FLOOR (dBm):        -95
INFO:root:[2025-11-10 05:30:31] WiFiBand.BAND_5_GHz  AVG CLIENT SNR (dB):      0
INFO:root:[2025-11-10 05:30:31] WiFiBand.BAND_5_GHz  AVG COUNT:                0
INFO:root:[2025-11-10 05:30:31] WiFiBand.BAND_5_GHz  AVG THROUGHPUT (Mbps):    0
INFO:root:[2025-11-10 05:30:31] WiFiBand.BAND_5_GHz  CHANNEL UTILIZATION:      0
INFO:root:[2025-11-10 05:30:31] WiFiBand.BAND_5_GHz  INTERFERENCE:             0
INFO:root:[2025-11-10 05:30:31] WiFiBand.BAND_5_GHz  CLIENTS:                  set()
INFO:root:[2025-11-10 05:30:31] WiFiBand.BAND_5_GHz  QOE:                      0
INFO:root:[2025-11-10 05:30:31] WiFiBand.BAND_5_GHz  TX POWER (dBm):           0
INFO:root:[2025-11-10 05:30:31] WiFiBand.BAND_5_GHz  CHANNEL WIDTH (MHz):      0
INFO:root:[2025-11-10 05:30:31] WiFiBand.BAND_5_GHz  INTERFERENCE WEIGHT:      1
INFO:root:[2025-11-10 05:30:31] WiFiBand.BAND_5_GHz  DFS:                      1
INFO:root:
INFO:root:--------------------------------

INFO:root:[2025-11-10 05:30:31] WiFiBand.BAND_5_GHz  BAND:                     WiFiBand.BAND_5_GHz
INFO:root:[2025-11-10 05:30:31] WiFiBand.BAND_5_GHz  CHANNEL:                  112
INFO:root:[2025-11-10 05:30:31] WiFiBand.BAND_5_GHz  NOISE FLOOR (dBm):        -95
INFO:root:[2025-11-10 05:30:31] WiFiBand.BAND_5_GHz  AVG CLIENT SNR (dB):      0
INFO:root:[2025-11-10 05:30:31] WiFiBand.BAND_5_GHz  AVG COUNT:                0
INFO:root:[2025-11-10 05:30:31] WiFiBand.BAND_5_GHz  AVG THROUGHPUT (Mbps):    0
INFO:root:[2025-11-10 05:30:31] WiFiBand.BAND_5_GHz  CHANNEL UTILIZATION:      0
INFO:root:[2025-11-10 05:30:31] WiFiBand.BAND_5_GHz  INTERFERENCE:             0
INFO:root:[2025-11-10 05:30:31] WiFiBand.BAND_5_GHz  CLIENTS:                  set()
INFO:root:[2025-11-10 05:30:31] WiFiBand.BAND_5_GHz  QOE:                      0
INFO:root:[2025-11-10 05:30:31] WiFiBand.BAND_5_GHz  TX POWER (dBm):           0
INFO:root:[2025-11-10 05:30:31] WiFiBand.BAND_5_GHz  CHANNEL WIDTH (MHz):      0
INFO:root:[2025-11-10 05:30:31] WiFiBand.BAND_5_GHz  INTERFERENCE WEIGHT:      1
INFO:root:[2025-11-10 05:30:31] WiFiBand.BAND_5_GHz  DFS:                      1
INFO:root:
INFO:root:--------------------------------

INFO:root:[2025-11-10 05:30:31] WiFiBand.BAND_5_GHz  BAND:                     WiFiBand.BAND_5_GHz
INFO:root:[2025-11-10 05:30:31] WiFiBand.BAND_5_GHz  CHANNEL:                  116
INFO:root:[2025-11-10 05:30:31] WiFiBand.BAND_5_GHz  NOISE FLOOR (dBm):        -95
INFO:root:[2025-11-10 05:30:31] WiFiBand.BAND_5_GHz  AVG CLIENT SNR (dB):      0
INFO:root:[2025-11-10 05:30:31] WiFiBand.BAND_5_GHz  AVG COUNT:                0
INFO:root:[2025-11-10 05:30:31] WiFiBand.BAND_5_GHz  AVG THROUGHPUT (Mbps):    0
INFO:root:[2025-11-10 05:30:31] WiFiBand.BAND_5_GHz  CHANNEL UTILIZATION:      0
INFO:root:[2025-11-10 05:30:31] WiFiBand.BAND_5_GHz  INTERFERENCE:             0
INFO:root:[2025-11-10 05:30:31] WiFiBand.BAND_5_GHz  CLIENTS:                  set()
INFO:root:[2025-11-10 05:30:31] WiFiBand.BAND_5_GHz  QOE:                      0
INFO:root:[2025-11-10 05:30:31] WiFiBand.BAND_5_GHz  TX POWER (dBm):           0
INFO:root:[2025-11-10 05:30:31] WiFiBand.BAND_5_GHz  CHANNEL WIDTH (MHz):      0
INFO:root:[2025-11-10 05:30:31] WiFiBand.BAND_5_GHz  INTERFERENCE WEIGHT:      1
INFO:root:[2025-11-10 05:30:31] WiFiBand.BAND_5_GHz  DFS:                      1
INFO:root:
INFO:root:--------------------------------

INFO:root:[2025-11-10 05:30:31] WiFiBand.BAND_5_GHz  BAND:                     WiFiBand.BAND_5_GHz
INFO:root:[2025-11-10 05:30:31] WiFiBand.BAND_5_GHz  CHANNEL:                  120
INFO:root:[2025-11-10 05:30:31] WiFiBand.BAND_5_GHz  NOISE FLOOR (dBm):        -95
INFO:root:[2025-11-10 05:30:31] WiFiBand.BAND_5_GHz  AVG CLIENT SNR (dB):      0
INFO:root:[2025-11-10 05:30:31] WiFiBand.BAND_5_GHz  AVG COUNT:                0
INFO:root:[2025-11-10 05:30:31] WiFiBand.BAND_5_GHz  AVG THROUGHPUT (Mbps):    0
INFO:root:[2025-11-10 05:30:31] WiFiBand.BAND_5_GHz  CHANNEL UTILIZATION:      0
INFO:root:[2025-11-10 05:30:31] WiFiBand.BAND_5_GHz  INTERFERENCE:             0
INFO:root:[2025-11-10 05:30:31] WiFiBand.BAND_5_GHz  CLIENTS:                  set()
INFO:root:[2025-11-10 05:30:31] WiFiBand.BAND_5_GHz  QOE:                      0
INFO:root:[2025-11-10 05:30:31] WiFiBand.BAND_5_GHz  TX POWER (dBm):           0
INFO:root:[2025-11-10 05:30:31] WiFiBand.BAND_5_GHz  CHANNEL WIDTH (MHz):      0
INFO:root:[2025-11-10 05:30:31] WiFiBand.BAND_5_GHz  INTERFERENCE WEIGHT:      1
INFO:root:[2025-11-10 05:30:31] WiFiBand.BAND_5_GHz  DFS:                      1
INFO:root:
INFO:root:--------------------------------

INFO:root:[2025-11-10 05:30:31] WiFiBand.BAND_5_GHz  BAND:                     WiFiBand.BAND_5_GHz
INFO:root:[2025-11-10 05:30:31] WiFiBand.BAND_5_GHz  CHANNEL:                  124
INFO:root:[2025-11-10 05:30:31] WiFiBand.BAND_5_GHz  NOISE FLOOR (dBm):        -95
INFO:root:[2025-11-10 05:30:31] WiFiBand.BAND_5_GHz  AVG CLIENT SNR (dB):      0
INFO:root:[2025-11-10 05:30:31] WiFiBand.BAND_5_GHz  AVG COUNT:                0
INFO:root:[2025-11-10 05:30:31] WiFiBand.BAND_5_GHz  AVG THROUGHPUT (Mbps):    0
INFO:root:[2025-11-10 05:30:31] WiFiBand.BAND_5_GHz  CHANNEL UTILIZATION:      0
INFO:root:[2025-11-10 05:30:31] WiFiBand.BAND_5_GHz  INTERFERENCE:             0
INFO:root:[2025-11-10 05:30:31] WiFiBand.BAND_5_GHz  CLIENTS:                  set()
INFO:root:[2025-11-10 05:30:31] WiFiBand.BAND_5_GHz  QOE:                      0
INFO:root:[2025-11-10 05:30:31] WiFiBand.BAND_5_GHz  TX POWER (dBm):           0
INFO:root:[2025-11-10 05:30:31] WiFiBand.BAND_5_GHz  CHANNEL WIDTH (MHz):      0
INFO:root:[2025-11-10 05:30:31] WiFiBand.BAND_5_GHz  INTERFERENCE WEIGHT:      1
INFO:root:[2025-11-10 05:30:31] WiFiBand.BAND_5_GHz  DFS:                      1
INFO:root:
INFO:root:--------------------------------

INFO:root:[2025-11-10 05:30:31] WiFiBand.BAND_5_GHz  BAND:                     WiFiBand.BAND_5_GHz
INFO:root:[2025-11-10 05:30:31] WiFiBand.BAND_5_GHz  CHANNEL:                  128
INFO:root:[2025-11-10 05:30:31] WiFiBand.BAND_5_GHz  NOISE FLOOR (dBm):        -95
INFO:root:[2025-11-10 05:30:31] WiFiBand.BAND_5_GHz  AVG CLIENT SNR (dB):      0
INFO:root:[2025-11-10 05:30:31] WiFiBand.BAND_5_GHz  AVG COUNT:                0
INFO:root:[2025-11-10 05:30:31] WiFiBand.BAND_5_GHz  AVG THROUGHPUT (Mbps):    0
INFO:root:[2025-11-10 05:30:31] WiFiBand.BAND_5_GHz  CHANNEL UTILIZATION:      0
INFO:root:[2025-11-10 05:30:31] WiFiBand.BAND_5_GHz  INTERFERENCE:             0
INFO:root:[2025-11-10 05:30:31] WiFiBand.BAND_5_GHz  CLIENTS:                  set()
INFO:root:[2025-11-10 05:30:31] WiFiBand.BAND_5_GHz  QOE:                      0
INFO:root:[2025-11-10 05:30:31] WiFiBand.BAND_5_GHz  TX POWER (dBm):           0
INFO:root:[2025-11-10 05:30:31] WiFiBand.BAND_5_GHz  CHANNEL WIDTH (MHz):      0
INFO:root:[2025-11-10 05:30:31] WiFiBand.BAND_5_GHz  INTERFERENCE WEIGHT:      1
INFO:root:[2025-11-10 05:30:31] WiFiBand.BAND_5_GHz  DFS:                      1
INFO:root:
INFO:root:--------------------------------

INFO:root:[2025-11-10 05:30:31] WiFiBand.BAND_5_GHz  BAND:                     WiFiBand.BAND_5_GHz
INFO:root:[2025-11-10 05:30:31] WiFiBand.BAND_5_GHz  CHANNEL:                  132
INFO:root:[2025-11-10 05:30:31] WiFiBand.BAND_5_GHz  NOISE FLOOR (dBm):        -95
INFO:root:[2025-11-10 05:30:31] WiFiBand.BAND_5_GHz  AVG CLIENT SNR (dB):      0
INFO:root:[2025-11-10 05:30:31] WiFiBand.BAND_5_GHz  AVG COUNT:                0
INFO:root:[2025-11-10 05:30:31] WiFiBand.BAND_5_GHz  AVG THROUGHPUT (Mbps):    0
INFO:root:[2025-11-10 05:30:31] WiFiBand.BAND_5_GHz  CHANNEL UTILIZATION:      0
INFO:root:[2025-11-10 05:30:31] WiFiBand.BAND_5_GHz  INTERFERENCE:             0
INFO:root:[2025-11-10 05:30:31] WiFiBand.BAND_5_GHz  CLIENTS:                  set()
INFO:root:[2025-11-10 05:30:31] WiFiBand.BAND_5_GHz  QOE:                      0
INFO:root:[2025-11-10 05:30:31] WiFiBand.BAND_5_GHz  TX POWER (dBm):           0
INFO:root:[2025-11-10 05:30:31] WiFiBand.BAND_5_GHz  CHANNEL WIDTH (MHz):      0
INFO:root:[2025-11-10 05:30:31] WiFiBand.BAND_5_GHz  INTERFERENCE WEIGHT:      1
INFO:root:[2025-11-10 05:30:31] WiFiBand.BAND_5_GHz  DFS:                      1
INFO:root:
INFO:root:--------------------------------

INFO:root:[2025-11-10 05:30:31] WiFiBand.BAND_5_GHz  BAND:                     WiFiBand.BAND_5_GHz
INFO:root:[2025-11-10 05:30:31] WiFiBand.BAND_5_GHz  CHANNEL:                  136
INFO:root:[2025-11-10 05:30:31] WiFiBand.BAND_5_GHz  NOISE FLOOR (dBm):        -95
INFO:root:[2025-11-10 05:30:31] WiFiBand.BAND_5_GHz  AVG CLIENT SNR (dB):      0
INFO:root:[2025-11-10 05:30:31] WiFiBand.BAND_5_GHz  AVG COUNT:                0
INFO:root:[2025-11-10 05:30:31] WiFiBand.BAND_5_GHz  AVG THROUGHPUT (Mbps):    0
INFO:root:[2025-11-10 05:30:31] WiFiBand.BAND_5_GHz  CHANNEL UTILIZATION:      0
INFO:root:[2025-11-10 05:30:31] WiFiBand.BAND_5_GHz  INTERFERENCE:             0
INFO:root:[2025-11-10 05:30:31] WiFiBand.BAND_5_GHz  CLIENTS:                  set()
INFO:root:[2025-11-10 05:30:31] WiFiBand.BAND_5_GHz  QOE:                      0
INFO:root:[2025-11-10 05:30:31] WiFiBand.BAND_5_GHz  TX POWER (dBm):           0
INFO:root:[2025-11-10 05:30:31] WiFiBand.BAND_5_GHz  CHANNEL WIDTH (MHz):      0
INFO:root:[2025-11-10 05:30:31] WiFiBand.BAND_5_GHz  INTERFERENCE WEIGHT:      1
INFO:root:[2025-11-10 05:30:31] WiFiBand.BAND_5_GHz  DFS:                      1
INFO:root:
INFO:root:--------------------------------

INFO:root:[2025-11-10 05:30:31] WiFiBand.BAND_5_GHz  BAND:                     WiFiBand.BAND_5_GHz
INFO:root:[2025-11-10 05:30:31] WiFiBand.BAND_5_GHz  CHANNEL:                  140
INFO:root:[2025-11-10 05:30:31] WiFiBand.BAND_5_GHz  NOISE FLOOR (dBm):        -95
INFO:root:[2025-11-10 05:30:31] WiFiBand.BAND_5_GHz  AVG CLIENT SNR (dB):      0
INFO:root:[2025-11-10 05:30:31] WiFiBand.BAND_5_GHz  AVG COUNT:                0
INFO:root:[2025-11-10 05:30:31] WiFiBand.BAND_5_GHz  AVG THROUGHPUT (Mbps):    0
INFO:root:[2025-11-10 05:30:31] WiFiBand.BAND_5_GHz  CHANNEL UTILIZATION:      0
INFO:root:[2025-11-10 05:30:31] WiFiBand.BAND_5_GHz  INTERFERENCE:             0
INFO:root:[2025-11-10 05:30:31] WiFiBand.BAND_5_GHz  CLIENTS:                  set()
INFO:root:[2025-11-10 05:30:31] WiFiBand.BAND_5_GHz  QOE:                      0
INFO:root:[2025-11-10 05:30:31] WiFiBand.BAND_5_GHz  TX POWER (dBm):           0
INFO:root:[2025-11-10 05:30:31] WiFiBand.BAND_5_GHz  CHANNEL WIDTH (MHz):      0
INFO:root:[2025-11-10 05:30:31] WiFiBand.BAND_5_GHz  INTERFERENCE WEIGHT:      1
INFO:root:[2025-11-10 05:30:31] WiFiBand.BAND_5_GHz  DFS:                      1
INFO:root:
INFO:root:--------------------------------

INFO:root:[2025-11-10 05:30:31] WiFiBand.BAND_5_GHz  BAND:                     WiFiBand.BAND_5_GHz
INFO:root:[2025-11-10 05:30:31] WiFiBand.BAND_5_GHz  CHANNEL:                  144
INFO:root:[2025-11-10 05:30:31] WiFiBand.BAND_5_GHz  NOISE FLOOR (dBm):        -95
INFO:root:[2025-11-10 05:30:31] WiFiBand.BAND_5_GHz  AVG CLIENT SNR (dB):      0
INFO:root:[2025-11-10 05:30:31] WiFiBand.BAND_5_GHz  AVG COUNT:                0
INFO:root:[2025-11-10 05:30:31] WiFiBand.BAND_5_GHz  AVG THROUGHPUT (Mbps):    0
INFO:root:[2025-11-10 05:30:31] WiFiBand.BAND_5_GHz  CHANNEL UTILIZATION:      0
INFO:root:[2025-11-10 05:30:31] WiFiBand.BAND_5_GHz  INTERFERENCE:             0
INFO:root:[2025-11-10 05:30:31] WiFiBand.BAND_5_GHz  CLIENTS:                  set()
INFO:root:[2025-11-10 05:30:31] WiFiBand.BAND_5_GHz  QOE:                      0
INFO:root:[2025-11-10 05:30:31] WiFiBand.BAND_5_GHz  TX POWER (dBm):           0
INFO:root:[2025-11-10 05:30:31] WiFiBand.BAND_5_GHz  CHANNEL WIDTH (MHz):      0
INFO:root:[2025-11-10 05:30:31] WiFiBand.BAND_5_GHz  INTERFERENCE WEIGHT:      1
INFO:root:[2025-11-10 05:30:31] WiFiBand.BAND_5_GHz  DFS:                      1
INFO:root:
INFO:root:--------------------------------

INFO:root:[2025-11-10 05:30:31] WiFiBand.BAND_5_GHz  BAND:                     WiFiBand.BAND_5_GHz
INFO:root:[2025-11-10 05:30:31] WiFiBand.BAND_5_GHz  CHANNEL:                  149
INFO:root:[2025-11-10 05:30:31] WiFiBand.BAND_5_GHz  NOISE FLOOR (dBm):        -95
INFO:root:[2025-11-10 05:30:31] WiFiBand.BAND_5_GHz  AVG CLIENT SNR (dB):      0
INFO:root:[2025-11-10 05:30:31] WiFiBand.BAND_5_GHz  AVG COUNT:                0
INFO:root:[2025-11-10 05:30:31] WiFiBand.BAND_5_GHz  AVG THROUGHPUT (Mbps):    0
INFO:root:[2025-11-10 05:30:31] WiFiBand.BAND_5_GHz  CHANNEL UTILIZATION:      0
INFO:root:[2025-11-10 05:30:31] WiFiBand.BAND_5_GHz  INTERFERENCE:             0
INFO:root:[2025-11-10 05:30:31] WiFiBand.BAND_5_GHz  CLIENTS:                  set()
INFO:root:[2025-11-10 05:30:31] WiFiBand.BAND_5_GHz  QOE:                      0
INFO:root:[2025-11-10 05:30:31] WiFiBand.BAND_5_GHz  TX POWER (dBm):           0
INFO:root:[2025-11-10 05:30:31] WiFiBand.BAND_5_GHz  CHANNEL WIDTH (MHz):      0
INFO:root:[2025-11-10 05:30:31] WiFiBand.BAND_5_GHz  INTERFERENCE WEIGHT:      1
INFO:root:[2025-11-10 05:30:31] WiFiBand.BAND_5_GHz  DFS:                      0
INFO:root:
INFO:root:--------------------------------

INFO:root:[2025-11-10 05:30:31] WiFiBand.BAND_5_GHz  BAND:                     WiFiBand.BAND_5_GHz
INFO:root:[2025-11-10 05:30:31] WiFiBand.BAND_5_GHz  CHANNEL:                  153
INFO:root:[2025-11-10 05:30:31] WiFiBand.BAND_5_GHz  NOISE FLOOR (dBm):        -95
INFO:root:[2025-11-10 05:30:31] WiFiBand.BAND_5_GHz  AVG CLIENT SNR (dB):      0
INFO:root:[2025-11-10 05:30:31] WiFiBand.BAND_5_GHz  AVG COUNT:                0
INFO:root:[2025-11-10 05:30:31] WiFiBand.BAND_5_GHz  AVG THROUGHPUT (Mbps):    0
INFO:root:[2025-11-10 05:30:31] WiFiBand.BAND_5_GHz  CHANNEL UTILIZATION:      0
INFO:root:[2025-11-10 05:30:31] WiFiBand.BAND_5_GHz  INTERFERENCE:             0
INFO:root:[2025-11-10 05:30:31] WiFiBand.BAND_5_GHz  CLIENTS:                  set()
INFO:root:[2025-11-10 05:30:31] WiFiBand.BAND_5_GHz  QOE:                      0
INFO:root:[2025-11-10 05:30:31] WiFiBand.BAND_5_GHz  TX POWER (dBm):           0
INFO:root:[2025-11-10 05:30:31] WiFiBand.BAND_5_GHz  CHANNEL WIDTH (MHz):      0
INFO:root:[2025-11-10 05:30:31] WiFiBand.BAND_5_GHz  INTERFERENCE WEIGHT:      1
INFO:root:[2025-11-10 05:30:31] WiFiBand.BAND_5_GHz  DFS:                      0
INFO:root:
INFO:root:--------------------------------

INFO:root:[2025-11-10 05:30:31] WiFiBand.BAND_5_GHz  BAND:                     WiFiBand.BAND_5_GHz
INFO:root:[2025-11-10 05:30:31] WiFiBand.BAND_5_GHz  CHANNEL:                  157
INFO:root:[2025-11-10 05:30:31] WiFiBand.BAND_5_GHz  NOISE FLOOR (dBm):        -95
INFO:root:[2025-11-10 05:30:31] WiFiBand.BAND_5_GHz  AVG CLIENT SNR (dB):      0
INFO:root:[2025-11-10 05:30:31] WiFiBand.BAND_5_GHz  AVG COUNT:                0
INFO:root:[2025-11-10 05:30:31] WiFiBand.BAND_5_GHz  AVG THROUGHPUT (Mbps):    0
INFO:root:[2025-11-10 05:30:31] WiFiBand.BAND_5_GHz  CHANNEL UTILIZATION:      0
INFO:root:[2025-11-10 05:30:31] WiFiBand.BAND_5_GHz  INTERFERENCE:             0
INFO:root:[2025-11-10 05:30:31] WiFiBand.BAND_5_GHz  CLIENTS:                  set()
INFO:root:[2025-11-10 05:30:31] WiFiBand.BAND_5_GHz  QOE:                      0
INFO:root:[2025-11-10 05:30:31] WiFiBand.BAND_5_GHz  TX POWER (dBm):           0
INFO:root:[2025-11-10 05:30:31] WiFiBand.BAND_5_GHz  CHANNEL WIDTH (MHz):      0
INFO:root:[2025-11-10 05:30:31] WiFiBand.BAND_5_GHz  INTERFERENCE WEIGHT:      1
INFO:root:[2025-11-10 05:30:31] WiFiBand.BAND_5_GHz  DFS:                      0
INFO:root:
INFO:root:--------------------------------

INFO:root:[2025-11-10 05:30:31] WiFiBand.BAND_5_GHz  BAND:                     WiFiBand.BAND_5_GHz
INFO:root:[2025-11-10 05:30:31] WiFiBand.BAND_5_GHz  CHANNEL:                  161
INFO:root:[2025-11-10 05:30:31] WiFiBand.BAND_5_GHz  NOISE FLOOR (dBm):        -95
INFO:root:[2025-11-10 05:30:31] WiFiBand.BAND_5_GHz  AVG CLIENT SNR (dB):      0
INFO:root:[2025-11-10 05:30:31] WiFiBand.BAND_5_GHz  AVG COUNT:                0
INFO:root:[2025-11-10 05:30:31] WiFiBand.BAND_5_GHz  AVG THROUGHPUT (Mbps):    0
INFO:root:[2025-11-10 05:30:31] WiFiBand.BAND_5_GHz  CHANNEL UTILIZATION:      0
INFO:root:[2025-11-10 05:30:31] WiFiBand.BAND_5_GHz  INTERFERENCE:             0
INFO:root:[2025-11-10 05:30:31] WiFiBand.BAND_5_GHz  CLIENTS:                  set()
INFO:root:[2025-11-10 05:30:31] WiFiBand.BAND_5_GHz  QOE:                      0
INFO:root:[2025-11-10 05:30:31] WiFiBand.BAND_5_GHz  TX POWER (dBm):           0
INFO:root:[2025-11-10 05:30:31] WiFiBand.BAND_5_GHz  CHANNEL WIDTH (MHz):      0
INFO:root:[2025-11-10 05:30:31] WiFiBand.BAND_5_GHz  INTERFERENCE WEIGHT:      1
INFO:root:[2025-11-10 05:30:31] WiFiBand.BAND_5_GHz  DFS:                      0
INFO:root:
INFO:root:[INFO] All channel metrics saved to metrics.json
INFO:root:[All DFS Timers Cancelled]
INFO:root:Scanning channels...
INFO:root:For 2_4GHz...
INFO:root:Noisiest 2_4GHz channel... 3
INFO:root:--------------------------------

INFO:root:[2025-11-10 05:30:35] WiFiBand.BAND_2_4_GHz  BAND:                     WiFiBand.BAND_2_4_GHz
INFO:root:[2025-11-10 05:30:35] WiFiBand.BAND_2_4_GHz  CHANNEL:                  3
INFO:root:[2025-11-10 05:30:35] WiFiBand.BAND_2_4_GHz  NOISE FLOOR (dBm):        -95
INFO:root:[2025-11-10 05:30:35] WiFiBand.BAND_2_4_GHz  AVG CLIENT SNR (dB):      0
INFO:root:[2025-11-10 05:30:35] WiFiBand.BAND_2_4_GHz  AVG COUNT:                0
INFO:root:[2025-11-10 05:30:35] WiFiBand.BAND_2_4_GHz  AVG THROUGHPUT (Mbps):    0
INFO:root:[2025-11-10 05:30:35] WiFiBand.BAND_2_4_GHz  CHANNEL UTILIZATION:      0
INFO:root:[2025-11-10 05:30:35] WiFiBand.BAND_2_4_GHz  INTERFERENCE:             0
INFO:root:[2025-11-10 05:30:35] WiFiBand.BAND_2_4_GHz  CLIENTS:                  set()
INFO:root:[2025-11-10 05:30:35] WiFiBand.BAND_2_4_GHz  QOE:                      0
INFO:root:[2025-11-10 05:30:35] WiFiBand.BAND_2_4_GHz  TX POWER (dBm):           0
INFO:root:[2025-11-10 05:30:35] WiFiBand.BAND_2_4_GHz  CHANNEL WIDTH (MHz):      0
INFO:root:[2025-11-10 05:30:35] WiFiBand.BAND_2_4_GHz  INTERFERENCE WEIGHT:      1
INFO:root:[2025-11-10 05:30:35] WiFiBand.BAND_2_4_GHz  DFS:                      0
INFO:root:
WARNING:root:[ALERT][2025-11-10 05:30:35][Channel 3] Sudden change in SNR: 49.50 (avg=14.85, dev=233.3%)
WARNING:root:[ALERT][2025-11-10 05:30:35][Channel 3] Sudden change in TX_power: 18.00 (avg=5.40, dev=233.3%)
WARNING:root:[ALERT][2025-11-10 05:30:35][Channel 3] Sudden change in Throughput: 50.67 (avg=15.20, dev=233.3%)
WARNING:root:[ALERT][2025-11-10 05:30:35][Channel 3] Sudden change in QoE: 4.07 (avg=1.22, dev=233.3%)
WARNING:root:[ALERT][2025-11-10 05:30:35][Channel 3] Sudden change in P95_retry: 34.15 (avg=10.25, dev=233.3%)
WARNING:root:[ALERT][2025-11-10 05:30:35][Channel 3] Sudden change in P95_PER: 0.01 (avg=0.00, dev=233.3%)
WARNING:root:[CUSUM ALERT][2025-11-10 05:30:35][Channel 3] SNR ↑ shift detected! deviation=34.65
WARNING:root:[CUSUM ALERT][2025-11-10 05:30:35][Channel 3] TX_power ↑ shift detected! deviation=12.60
WARNING:root:[CUSUM ALERT][2025-11-10 05:30:35][Channel 3] Throughput ↑ shift detected! deviation=35.47
WARNING:root:[CUSUM ALERT][2025-11-10 05:30:35][Channel 3] P95_retry ↑ shift detected! deviation=23.91
WARNING:root:[ALERT][2025-11-10 05:30:35][Channel 3] Sudden change in QoE: 4.70 (avg=2.26, dev=107.6%)
WARNING:root:[ALERT][2025-11-10 05:30:35][Channel 3] Sudden change in P95_PER: 0.00 (avg=0.00, dev=25.7%)
WARNING:root:[CUSUM ALERT][2025-11-10 05:30:35][Channel 3] NoiseFloor ↓ shift detected! deviation=-3.50
INFO:root:Scanning channels...
INFO:root:For 5GHz...
INFO:root:Noisiest 5GHz channel... 44
INFO:root:--------------------------------

INFO:root:[2025-11-10 05:30:35] WiFiBand.BAND_5_GHz  BAND:                     WiFiBand.BAND_5_GHz
INFO:root:[2025-11-10 05:30:36] WiFiBand.BAND_5_GHz  CHANNEL:                  44
INFO:root:[2025-11-10 05:30:36] WiFiBand.BAND_5_GHz  NOISE FLOOR (dBm):        -95
INFO:root:[2025-11-10 05:30:36] WiFiBand.BAND_5_GHz  AVG CLIENT SNR (dB):      0
INFO:root:[2025-11-10 05:30:36] WiFiBand.BAND_5_GHz  AVG COUNT:                0
INFO:root:[2025-11-10 05:30:36] WiFiBand.BAND_5_GHz  AVG THROUGHPUT (Mbps):    0
INFO:root:[2025-11-10 05:30:36] WiFiBand.BAND_5_GHz  CHANNEL UTILIZATION:      0
INFO:root:[2025-11-10 05:30:36] WiFiBand.BAND_5_GHz  INTERFERENCE:             0
INFO:root:[2025-11-10 05:30:36] WiFiBand.BAND_5_GHz  CLIENTS:                  set()
INFO:root:[2025-11-10 05:30:36] WiFiBand.BAND_5_GHz  QOE:                      0
INFO:root:[2025-11-10 05:30:36] WiFiBand.BAND_5_GHz  TX POWER (dBm):           0
INFO:root:[2025-11-10 05:30:36] WiFiBand.BAND_5_GHz  CHANNEL WIDTH (MHz):      0
INFO:root:[2025-11-10 05:30:36] WiFiBand.BAND_5_GHz  INTERFERENCE WEIGHT:      1
INFO:root:[2025-11-10 05:30:36] WiFiBand.BAND_5_GHz  DFS:                      0
INFO:root:
WARNING:root:[ALERT][2025-11-10 05:30:36][Channel 44] Sudden change in SNR: 42.36 (avg=12.71, dev=233.3%)
WARNING:root:[ALERT][2025-11-10 05:30:36][Channel 44] Sudden change in TX_power: 19.00 (avg=5.70, dev=233.3%)
WARNING:root:[ALERT][2025-11-10 05:30:36][Channel 44] Sudden change in Throughput: 1017.38 (avg=305.21, dev=233.3%)
WARNING:root:[ALERT][2025-11-10 05:30:36][Channel 44] Sudden change in QoE: 4.33 (avg=1.30, dev=233.3%)
WARNING:root:[ALERT][2025-11-10 05:30:36][Channel 44] Sudden change in P95_retry: 24.10 (avg=7.23, dev=233.3%)
WARNING:root:[ALERT][2025-11-10 05:30:36][Channel 44] Sudden change in P95_PER: 0.16 (avg=0.05, dev=233.3%)
WARNING:root:[CUSUM ALERT][2025-11-10 05:30:36][Channel 44] SNR ↑ shift detected! deviation=29.65
WARNING:root:[CUSUM ALERT][2025-11-10 05:30:36][Channel 44] TX_power ↑ shift detected! deviation=13.30
WARNING:root:[CUSUM ALERT][2025-11-10 05:30:36][Channel 44] Throughput ↑ shift detected! deviation=712.16
WARNING:root:[CUSUM ALERT][2025-11-10 05:30:36][Channel 44] P95_retry ↑ shift detected! deviation=16.87
WARNING:root:[ALERT][2025-11-10 05:30:36][Channel 44] Sudden change in QoE: 4.33 (avg=2.21, dev=96.2%)
WARNING:root:[ALERT][2025-11-10 05:30:36][Channel 44] Sudden change in P95_PER: 0.13 (avg=0.07, dev=76.4%)
WARNING:root:[CUSUM ALERT][2025-11-10 05:30:36][Channel 44] NoiseFloor ↑ shift detected! deviation=2.87
INFO:root:Initiating Sensing Orchestra...
WARNING:root:Might implement 6GHz in future...
INFO:root:Creating band: WiFiBand.BAND_2_4_GHz channel : 1
INFO:root:Creating band: WiFiBand.BAND_2_4_GHz channel : 2
INFO:root:Creating band: WiFiBand.BAND_2_4_GHz channel : 3
INFO:root:Creating band: WiFiBand.BAND_2_4_GHz channel : 4
INFO:root:Creating band: WiFiBand.BAND_2_4_GHz channel : 5
INFO:root:Creating band: WiFiBand.BAND_2_4_GHz channel : 6
INFO:root:Creating band: WiFiBand.BAND_2_4_GHz channel : 7
INFO:root:Creating band: WiFiBand.BAND_2_4_GHz channel : 8
INFO:root:Creating band: WiFiBand.BAND_2_4_GHz channel : 9
INFO:root:Creating band: WiFiBand.BAND_2_4_GHz channel : 10
INFO:root:Creating band: WiFiBand.BAND_2_4_GHz channel : 11
INFO:root:Creating band: WiFiBand.BAND_2_4_GHz channel : 12
INFO:root:Creating band: WiFiBand.BAND_2_4_GHz channel : 13
INFO:root:Creating band: WiFiBand.BAND_2_4_GHz channel : 14
INFO:root:Creating band: WiFiBand.BAND_5_GHz channel : 36
INFO:root:Creating band: WiFiBand.BAND_5_GHz channel : 40
INFO:root:Creating band: WiFiBand.BAND_5_GHz channel : 44
INFO:root:Creating band: WiFiBand.BAND_5_GHz channel : 48
INFO:root:Creating band: WiFiBand.BAND_5_GHz channel : 52
INFO:root:Creating band: WiFiBand.BAND_5_GHz channel : 56
INFO:root:Creating band: WiFiBand.BAND_5_GHz channel : 60
INFO:root:Creating band: WiFiBand.BAND_5_GHz channel : 64
INFO:root:Creating band: WiFiBand.BAND_5_GHz channel : 100
INFO:root:Creating band: WiFiBand.BAND_5_GHz channel : 104
INFO:root:Creating band: WiFiBand.BAND_5_GHz channel : 108
INFO:root:Creating band: WiFiBand.BAND_5_GHz channel : 112
INFO:root:Creating band: WiFiBand.BAND_5_GHz channel : 116
INFO:root:Creating band: WiFiBand.BAND_5_GHz channel : 120
INFO:root:Creating band: WiFiBand.BAND_5_GHz channel : 124
INFO:root:Creating band: WiFiBand.BAND_5_GHz channel : 128
INFO:root:Creating band: WiFiBand.BAND_5_GHz channel : 132
INFO:root:Creating band: WiFiBand.BAND_5_GHz channel : 136
INFO:root:Creating band: WiFiBand.BAND_5_GHz channel : 140
INFO:root:Creating band: WiFiBand.BAND_5_GHz channel : 144
INFO:root:Creating band: WiFiBand.BAND_5_GHz channel : 149
INFO:root:Creating band: WiFiBand.BAND_5_GHz channel : 153
INFO:root:Creating band: WiFiBand.BAND_5_GHz channel : 157
INFO:root:Creating band: WiFiBand.BAND_5_GHz channel : 161
INFO:root:Initiating MAB...
INFO:root:Initiating MAB...
INFO:root:Serving Client Request...
INFO:root:Scanning channels...
INFO:root:For 2_4GHz...
INFO:root:Noisiest 2_4GHz channel... 1
INFO:root:--------------------------------

INFO:root:[2025-11-10 05:32:27] WiFiBand.BAND_2_4_GHz  BAND:                     WiFiBand.BAND_2_4_GHz
INFO:root:[2025-11-10 05:32:27] WiFiBand.BAND_2_4_GHz  CHANNEL:                  1
INFO:root:[2025-11-10 05:32:27] WiFiBand.BAND_2_4_GHz  NOISE FLOOR (dBm):        -95
INFO:root:[2025-11-10 05:32:27] WiFiBand.BAND_2_4_GHz  AVG CLIENT SNR (dB):      0
INFO:root:[2025-11-10 05:32:27] WiFiBand.BAND_2_4_GHz  AVG COUNT:                0
INFO:root:[2025-11-10 05:32:27] WiFiBand.BAND_2_4_GHz  AVG THROUGHPUT (Mbps):    0
INFO:root:[2025-11-10 05:32:27] WiFiBand.BAND_2_4_GHz  CHANNEL UTILIZATION:      0
INFO:root:[2025-11-10 05:32:27] WiFiBand.BAND_2_4_GHz  INTERFERENCE:             0
INFO:root:[2025-11-10 05:32:27] WiFiBand.BAND_2_4_GHz  CLIENTS:                  set()
INFO:root:[2025-11-10 05:32:27] WiFiBand.BAND_2_4_GHz  QOE:                      0
INFO:root:[2025-11-10 05:32:27] WiFiBand.BAND_2_4_GHz  TX POWER (dBm):           0
INFO:root:[2025-11-10 05:32:27] WiFiBand.BAND_2_4_GHz  CHANNEL WIDTH (MHz):      0
INFO:root:[2025-11-10 05:32:27] WiFiBand.BAND_2_4_GHz  INTERFERENCE WEIGHT:      1
INFO:root:[2025-11-10 05:32:27] WiFiBand.BAND_2_4_GHz  DFS:                      0
INFO:root:
WARNING:root:[ALERT][2025-11-10 05:32:27][Channel 1] Sudden change in SNR: 54.82 (avg=16.45, dev=233.3%)
WARNING:root:[ALERT][2025-11-10 05:32:27][Channel 1] Sudden change in TX_power: 20.00 (avg=6.00, dev=233.3%)
WARNING:root:[ALERT][2025-11-10 05:32:27][Channel 1] Sudden change in Throughput: 51.89 (avg=15.57, dev=233.3%)
WARNING:root:[ALERT][2025-11-10 05:32:27][Channel 1] Sudden change in QoE: 4.11 (avg=1.23, dev=233.3%)
WARNING:root:[ALERT][2025-11-10 05:32:27][Channel 1] Sudden change in P95_retry: 32.25 (avg=9.67, dev=233.3%)
WARNING:root:[ALERT][2025-11-10 05:32:27][Channel 1] Sudden change in P95_PER: 0.00 (avg=0.00, dev=233.3%)
WARNING:root:[CUSUM ALERT][2025-11-10 05:32:27][Channel 1] SNR ↑ shift detected! deviation=38.38
WARNING:root:[CUSUM ALERT][2025-11-10 05:32:27][Channel 1] TX_power ↑ shift detected! deviation=14.00
WARNING:root:[CUSUM ALERT][2025-11-10 05:32:27][Channel 1] Throughput ↑ shift detected! deviation=36.33
WARNING:root:[CUSUM ALERT][2025-11-10 05:32:27][Channel 1] P95_retry ↑ shift detected! deviation=22.57
WARNING:root:[ALERT][2025-11-10 05:32:27][Channel 1] Sudden change in QoE: 4.58 (avg=2.23, dev=104.8%)
WARNING:root:[ALERT][2025-11-10 05:32:27][Channel 1] Sudden change in P95_PER: 0.00 (avg=0.00, dev=119.4%)
WARNING:root:[CUSUM ALERT][2025-11-10 05:32:27][Channel 1] NoiseFloor ↓ shift detected! deviation=-3.04
INFO:root:Scanning channels...
INFO:root:For 5GHz...
INFO:root:Noisiest 5GHz channel... 36
INFO:root:--------------------------------

INFO:root:[2025-11-10 05:32:27] WiFiBand.BAND_5_GHz  BAND:                     WiFiBand.BAND_5_GHz
INFO:root:[2025-11-10 05:32:27] WiFiBand.BAND_5_GHz  CHANNEL:                  36
INFO:root:[2025-11-10 05:32:27] WiFiBand.BAND_5_GHz  NOISE FLOOR (dBm):        -95
INFO:root:[2025-11-10 05:32:27] WiFiBand.BAND_5_GHz  AVG CLIENT SNR (dB):      0
INFO:root:[2025-11-10 05:32:27] WiFiBand.BAND_5_GHz  AVG COUNT:                0
INFO:root:[2025-11-10 05:32:27] WiFiBand.BAND_5_GHz  AVG THROUGHPUT (Mbps):    0
INFO:root:[2025-11-10 05:32:27] WiFiBand.BAND_5_GHz  CHANNEL UTILIZATION:      0
INFO:root:[2025-11-10 05:32:27] WiFiBand.BAND_5_GHz  INTERFERENCE:             0
INFO:root:[2025-11-10 05:32:27] WiFiBand.BAND_5_GHz  CLIENTS:                  set()
INFO:root:[2025-11-10 05:32:27] WiFiBand.BAND_5_GHz  QOE:                      0
INFO:root:[2025-11-10 05:32:27] WiFiBand.BAND_5_GHz  TX POWER (dBm):           0
INFO:root:[2025-11-10 05:32:27] WiFiBand.BAND_5_GHz  CHANNEL WIDTH (MHz):      0
INFO:root:[2025-11-10 05:32:27] WiFiBand.BAND_5_GHz  INTERFERENCE WEIGHT:      1
INFO:root:[2025-11-10 05:32:27] WiFiBand.BAND_5_GHz  DFS:                      0
INFO:root:
WARNING:root:[ALERT][2025-11-10 05:32:27][Channel 36] Sudden change in SNR: 46.81 (avg=14.04, dev=233.3%)
WARNING:root:[ALERT][2025-11-10 05:32:27][Channel 36] Sudden change in TX_power: 21.00 (avg=6.30, dev=233.3%)
WARNING:root:[ALERT][2025-11-10 05:32:27][Channel 36] Sudden change in Throughput: 298.10 (avg=89.43, dev=233.3%)
WARNING:root:[ALERT][2025-11-10 05:32:27][Channel 36] Sudden change in QoE: 4.00 (avg=1.20, dev=233.3%)
WARNING:root:[ALERT][2025-11-10 05:32:27][Channel 36] Sudden change in P95_retry: 36.35 (avg=10.91, dev=233.3%)
WARNING:root:[ALERT][2025-11-10 05:32:27][Channel 36] Sudden change in P95_PER: 0.01 (avg=0.00, dev=233.3%)
WARNING:root:[CUSUM ALERT][2025-11-10 05:32:27][Channel 36] SNR ↑ shift detected! deviation=32.77
WARNING:root:[CUSUM ALERT][2025-11-10 05:32:27][Channel 36] TX_power ↑ shift detected! deviation=14.70
WARNING:root:[CUSUM ALERT][2025-11-10 05:32:27][Channel 36] Throughput ↑ shift detected! deviation=208.67
WARNING:root:[CUSUM ALERT][2025-11-10 05:32:27][Channel 36] P95_retry ↑ shift detected! deviation=25.45
WARNING:root:[ALERT][2025-11-10 05:32:27][Channel 36] Sudden change in QoE: 4.62 (avg=2.23, dev=107.7%)
WARNING:root:[ALERT][2025-11-10 05:32:27][Channel 36] Sudden change in P95_PER: 0.02 (avg=0.01, dev=140.4%)
WARNING:root:[CUSUM ALERT][2025-11-10 05:32:27][Channel 36] NoiseFloor ↑ shift detected! deviation=3.01
INFO:root:Serving Client Request...
INFO:root:Scanning channels...
INFO:root:For 2_4GHz...
INFO:root:Noisiest 2_4GHz channel... 2
INFO:root:--------------------------------

INFO:root:[2025-11-10 05:32:34] WiFiBand.BAND_2_4_GHz  BAND:                     WiFiBand.BAND_2_4_GHz
INFO:root:[2025-11-10 05:32:34] WiFiBand.BAND_2_4_GHz  CHANNEL:                  2
INFO:root:[2025-11-10 05:32:34] WiFiBand.BAND_2_4_GHz  NOISE FLOOR (dBm):        -95
INFO:root:[2025-11-10 05:32:34] WiFiBand.BAND_2_4_GHz  AVG CLIENT SNR (dB):      0
INFO:root:[2025-11-10 05:32:34] WiFiBand.BAND_2_4_GHz  AVG COUNT:                0
INFO:root:[2025-11-10 05:32:34] WiFiBand.BAND_2_4_GHz  AVG THROUGHPUT (Mbps):    0
INFO:root:[2025-11-10 05:32:34] WiFiBand.BAND_2_4_GHz  CHANNEL UTILIZATION:      0
INFO:root:[2025-11-10 05:32:34] WiFiBand.BAND_2_4_GHz  INTERFERENCE:             0
INFO:root:[2025-11-10 05:32:34] WiFiBand.BAND_2_4_GHz  CLIENTS:                  set()
INFO:root:[2025-11-10 05:32:34] WiFiBand.BAND_2_4_GHz  QOE:                      0
INFO:root:[2025-11-10 05:32:34] WiFiBand.BAND_2_4_GHz  TX POWER (dBm):           0
INFO:root:[2025-11-10 05:32:34] WiFiBand.BAND_2_4_GHz  CHANNEL WIDTH (MHz):      0
INFO:root:[2025-11-10 05:32:34] WiFiBand.BAND_2_4_GHz  INTERFERENCE WEIGHT:      1
INFO:root:[2025-11-10 05:32:34] WiFiBand.BAND_2_4_GHz  DFS:                      0
INFO:root:
WARNING:root:[ALERT][2025-11-10 05:32:34][Channel 2] Sudden change in SNR: 49.82 (avg=14.95, dev=233.3%)
WARNING:root:[ALERT][2025-11-10 05:32:34][Channel 2] Sudden change in TX_power: 17.00 (avg=5.10, dev=233.3%)
WARNING:root:[ALERT][2025-11-10 05:32:34][Channel 2] Sudden change in Throughput: 61.97 (avg=18.59, dev=233.3%)
WARNING:root:[ALERT][2025-11-10 05:32:34][Channel 2] Sudden change in QoE: 4.64 (avg=1.39, dev=233.3%)
WARNING:root:[ALERT][2025-11-10 05:32:34][Channel 2] Sudden change in P95_retry: 15.36 (avg=4.61, dev=233.3%)
WARNING:root:[ALERT][2025-11-10 05:32:34][Channel 2] Sudden change in P95_PER: 0.01 (avg=0.00, dev=233.3%)
WARNING:root:[CUSUM ALERT][2025-11-10 05:32:34][Channel 2] SNR ↑ shift detected! deviation=34.87
WARNING:root:[CUSUM ALERT][2025-11-10 05:32:34][Channel 2] TX_power ↑ shift detected! deviation=11.90
WARNING:root:[CUSUM ALERT][2025-11-10 05:32:34][Channel 2] Throughput ↑ shift detected! deviation=43.38
WARNING:root:[CUSUM ALERT][2025-11-10 05:32:34][Channel 2] P95_retry ↑ shift detected! deviation=10.76
WARNING:root:[ALERT][2025-11-10 05:32:34][Channel 2] Sudden change in QoE: 4.91 (avg=2.45, dev=100.5%)
WARNING:root:[ALERT][2025-11-10 05:32:34][Channel 2] Sudden change in P95_PER: 0.01 (avg=0.00, dev=72.3%)
WARNING:root:[CUSUM ALERT][2025-11-10 05:32:34][Channel 2] NoiseFloor ↑ shift detected! deviation=3.04
INFO:root:Scanning channels...
INFO:root:For 5GHz...
INFO:root:Noisiest 5GHz channel... 40
INFO:root:--------------------------------

INFO:root:[2025-11-10 05:32:34] WiFiBand.BAND_5_GHz  BAND:                     WiFiBand.BAND_5_GHz
INFO:root:[2025-11-10 05:32:34] WiFiBand.BAND_5_GHz  CHANNEL:                  40
INFO:root:[2025-11-10 05:32:34] WiFiBand.BAND_5_GHz  NOISE FLOOR (dBm):        -95
INFO:root:[2025-11-10 05:32:34] WiFiBand.BAND_5_GHz  AVG CLIENT SNR (dB):      0
INFO:root:[2025-11-10 05:32:34] WiFiBand.BAND_5_GHz  AVG COUNT:                0
INFO:root:[2025-11-10 05:32:34] WiFiBand.BAND_5_GHz  AVG THROUGHPUT (Mbps):    0
INFO:root:[2025-11-10 05:32:34] WiFiBand.BAND_5_GHz  CHANNEL UTILIZATION:      0
INFO:root:[2025-11-10 05:32:34] WiFiBand.BAND_5_GHz  INTERFERENCE:             0
INFO:root:[2025-11-10 05:32:34] WiFiBand.BAND_5_GHz  CLIENTS:                  set()
INFO:root:[2025-11-10 05:32:34] WiFiBand.BAND_5_GHz  QOE:                      0
INFO:root:[2025-11-10 05:32:34] WiFiBand.BAND_5_GHz  TX POWER (dBm):           0
INFO:root:[2025-11-10 05:32:34] WiFiBand.BAND_5_GHz  CHANNEL WIDTH (MHz):      0
INFO:root:[2025-11-10 05:32:34] WiFiBand.BAND_5_GHz  INTERFERENCE WEIGHT:      1
INFO:root:[2025-11-10 05:32:34] WiFiBand.BAND_5_GHz  DFS:                      0
INFO:root:
WARNING:root:[ALERT][2025-11-10 05:32:34][Channel 40] Sudden change in SNR: 45.49 (avg=13.65, dev=233.3%)
WARNING:root:[ALERT][2025-11-10 05:32:34][Channel 40] Sudden change in TX_power: 18.00 (avg=5.40, dev=233.3%)
WARNING:root:[ALERT][2025-11-10 05:32:34][Channel 40] Sudden change in Throughput: 360.81 (avg=108.24, dev=233.3%)
WARNING:root:[ALERT][2025-11-10 05:32:34][Channel 40] Sudden change in QoE: 4.52 (avg=1.36, dev=233.3%)
WARNING:root:[ALERT][2025-11-10 05:32:34][Channel 40] Sudden change in P95_retry: 17.82 (avg=5.34, dev=233.3%)
WARNING:root:[ALERT][2025-11-10 05:32:34][Channel 40] Sudden change in P95_PER: 0.05 (avg=0.01, dev=233.3%)
WARNING:root:[CUSUM ALERT][2025-11-10 05:32:34][Channel 40] SNR ↑ shift detected! deviation=31.84
WARNING:root:[CUSUM ALERT][2025-11-10 05:32:34][Channel 40] TX_power ↑ shift detected! deviation=12.60
WARNING:root:[CUSUM ALERT][2025-11-10 05:32:34][Channel 40] Throughput ↑ shift detected! deviation=252.56
WARNING:root:[CUSUM ALERT][2025-11-10 05:32:34][Channel 40] P95_retry ↑ shift detected! deviation=12.47
WARNING:root:[ALERT][2025-11-10 05:32:34][Channel 40] Sudden change in QoE: 4.18 (avg=2.20, dev=89.6%)
WARNING:root:[ALERT][2025-11-10 05:32:34][Channel 40] Sudden change in P95_PER: 0.03 (avg=0.02, dev=61.0%)
WARNING:root:[CUSUM ALERT][2025-11-10 05:32:34][Channel 40] NoiseFloor ↓ shift detected! deviation=-4.07
INFO:root:Serving Client Request...
INFO:root:Scanning channels...
INFO:root:For 2_4GHz...
INFO:root:Noisiest 2_4GHz channel... 3
INFO:root:--------------------------------

INFO:root:[2025-11-10 05:32:40] WiFiBand.BAND_2_4_GHz  BAND:                     WiFiBand.BAND_2_4_GHz
INFO:root:[2025-11-10 05:32:40] WiFiBand.BAND_2_4_GHz  CHANNEL:                  3
INFO:root:[2025-11-10 05:32:40] WiFiBand.BAND_2_4_GHz  NOISE FLOOR (dBm):        -95
INFO:root:[2025-11-10 05:32:40] WiFiBand.BAND_2_4_GHz  AVG CLIENT SNR (dB):      0
INFO:root:[2025-11-10 05:32:40] WiFiBand.BAND_2_4_GHz  AVG COUNT:                0
INFO:root:[2025-11-10 05:32:40] WiFiBand.BAND_2_4_GHz  AVG THROUGHPUT (Mbps):    0
INFO:root:[2025-11-10 05:32:40] WiFiBand.BAND_2_4_GHz  CHANNEL UTILIZATION:      0
INFO:root:[2025-11-10 05:32:40] WiFiBand.BAND_2_4_GHz  INTERFERENCE:             0
INFO:root:[2025-11-10 05:32:40] WiFiBand.BAND_2_4_GHz  CLIENTS:                  set()
INFO:root:[2025-11-10 05:32:40] WiFiBand.BAND_2_4_GHz  QOE:                      0
INFO:root:[2025-11-10 05:32:40] WiFiBand.BAND_2_4_GHz  TX POWER (dBm):           0
INFO:root:[2025-11-10 05:32:40] WiFiBand.BAND_2_4_GHz  CHANNEL WIDTH (MHz):      0
INFO:root:[2025-11-10 05:32:40] WiFiBand.BAND_2_4_GHz  INTERFERENCE WEIGHT:      1
INFO:root:[2025-11-10 05:32:40] WiFiBand.BAND_2_4_GHz  DFS:                      0
INFO:root:
WARNING:root:[ALERT][2025-11-10 05:32:40][Channel 3] Sudden change in SNR: 49.50 (avg=14.85, dev=233.3%)
WARNING:root:[ALERT][2025-11-10 05:32:40][Channel 3] Sudden change in TX_power: 18.00 (avg=5.40, dev=233.3%)
WARNING:root:[ALERT][2025-11-10 05:32:40][Channel 3] Sudden change in Throughput: 50.67 (avg=15.20, dev=233.3%)
WARNING:root:[ALERT][2025-11-10 05:32:40][Channel 3] Sudden change in QoE: 4.07 (avg=1.22, dev=233.3%)
WARNING:root:[ALERT][2025-11-10 05:32:40][Channel 3] Sudden change in P95_retry: 34.15 (avg=10.25, dev=233.3%)
WARNING:root:[ALERT][2025-11-10 05:32:40][Channel 3] Sudden change in P95_PER: 0.01 (avg=0.00, dev=233.3%)
WARNING:root:[CUSUM ALERT][2025-11-10 05:32:40][Channel 3] SNR ↑ shift detected! deviation=34.65
WARNING:root:[CUSUM ALERT][2025-11-10 05:32:40][Channel 3] TX_power ↑ shift detected! deviation=12.60
WARNING:root:[CUSUM ALERT][2025-11-10 05:32:40][Channel 3] Throughput ↑ shift detected! deviation=35.47
WARNING:root:[CUSUM ALERT][2025-11-10 05:32:40][Channel 3] P95_retry ↑ shift detected! deviation=23.91
WARNING:root:[ALERT][2025-11-10 05:32:40][Channel 3] Sudden change in QoE: 4.70 (avg=2.26, dev=107.6%)
WARNING:root:[ALERT][2025-11-10 05:32:40][Channel 3] Sudden change in P95_PER: 0.00 (avg=0.00, dev=25.7%)
WARNING:root:[CUSUM ALERT][2025-11-10 05:32:40][Channel 3] NoiseFloor ↓ shift detected! deviation=-3.50
INFO:root:Scanning channels...
INFO:root:For 5GHz...
INFO:root:Noisiest 5GHz channel... 44
INFO:root:--------------------------------

INFO:root:[2025-11-10 05:32:40] WiFiBand.BAND_5_GHz  BAND:                     WiFiBand.BAND_5_GHz
INFO:root:[2025-11-10 05:32:40] WiFiBand.BAND_5_GHz  CHANNEL:                  44
INFO:root:[2025-11-10 05:32:40] WiFiBand.BAND_5_GHz  NOISE FLOOR (dBm):        -95
INFO:root:[2025-11-10 05:32:40] WiFiBand.BAND_5_GHz  AVG CLIENT SNR (dB):      0
INFO:root:[2025-11-10 05:32:40] WiFiBand.BAND_5_GHz  AVG COUNT:                0
INFO:root:[2025-11-10 05:32:40] WiFiBand.BAND_5_GHz  AVG THROUGHPUT (Mbps):    0
INFO:root:[2025-11-10 05:32:40] WiFiBand.BAND_5_GHz  CHANNEL UTILIZATION:      0
INFO:root:[2025-11-10 05:32:40] WiFiBand.BAND_5_GHz  INTERFERENCE:             0
INFO:root:[2025-11-10 05:32:40] WiFiBand.BAND_5_GHz  CLIENTS:                  set()
INFO:root:[2025-11-10 05:32:40] WiFiBand.BAND_5_GHz  QOE:                      0
INFO:root:[2025-11-10 05:32:40] WiFiBand.BAND_5_GHz  TX POWER (dBm):           0
INFO:root:[2025-11-10 05:32:40] WiFiBand.BAND_5_GHz  CHANNEL WIDTH (MHz):      0
INFO:root:[2025-11-10 05:32:40] WiFiBand.BAND_5_GHz  INTERFERENCE WEIGHT:      1
INFO:root:[2025-11-10 05:32:40] WiFiBand.BAND_5_GHz  DFS:                      0
INFO:root:
WARNING:root:[ALERT][2025-11-10 05:32:40][Channel 44] Sudden change in SNR: 42.36 (avg=12.71, dev=233.3%)
WARNING:root:[ALERT][2025-11-10 05:32:40][Channel 44] Sudden change in TX_power: 19.00 (avg=5.70, dev=233.3%)
WARNING:root:[ALERT][2025-11-10 05:32:40][Channel 44] Sudden change in Throughput: 1017.38 (avg=305.21, dev=233.3%)
WARNING:root:[ALERT][2025-11-10 05:32:40][Channel 44] Sudden change in QoE: 4.33 (avg=1.30, dev=233.3%)
WARNING:root:[ALERT][2025-11-10 05:32:40][Channel 44] Sudden change in P95_retry: 24.10 (avg=7.23, dev=233.3%)
WARNING:root:[ALERT][2025-11-10 05:32:40][Channel 44] Sudden change in P95_PER: 0.16 (avg=0.05, dev=233.3%)
WARNING:root:[CUSUM ALERT][2025-11-10 05:32:40][Channel 44] SNR ↑ shift detected! deviation=29.65
WARNING:root:[CUSUM ALERT][2025-11-10 05:32:40][Channel 44] TX_power ↑ shift detected! deviation=13.30
WARNING:root:[CUSUM ALERT][2025-11-10 05:32:40][Channel 44] Throughput ↑ shift detected! deviation=712.16
WARNING:root:[CUSUM ALERT][2025-11-10 05:32:40][Channel 44] P95_retry ↑ shift detected! deviation=16.87
WARNING:root:[ALERT][2025-11-10 05:32:40][Channel 44] Sudden change in QoE: 4.33 (avg=2.21, dev=96.2%)
WARNING:root:[ALERT][2025-11-10 05:32:40][Channel 44] Sudden change in P95_PER: 0.13 (avg=0.07, dev=76.4%)
WARNING:root:[CUSUM ALERT][2025-11-10 05:32:40][Channel 44] NoiseFloor ↑ shift detected! deviation=2.87
INFO:root:Serving Client Request...
INFO:root:Scanning channels...
INFO:root:For 2_4GHz...
INFO:root:Noisiest 2_4GHz channel... 4
INFO:root:--------------------------------

INFO:root:[2025-11-10 05:32:47] WiFiBand.BAND_2_4_GHz  BAND:                     WiFiBand.BAND_2_4_GHz
INFO:root:[2025-11-10 05:32:47] WiFiBand.BAND_2_4_GHz  CHANNEL:                  4
INFO:root:[2025-11-10 05:32:47] WiFiBand.BAND_2_4_GHz  NOISE FLOOR (dBm):        -95
INFO:root:[2025-11-10 05:32:47] WiFiBand.BAND_2_4_GHz  AVG CLIENT SNR (dB):      0
INFO:root:[2025-11-10 05:32:47] WiFiBand.BAND_2_4_GHz  AVG COUNT:                0
INFO:root:[2025-11-10 05:32:47] WiFiBand.BAND_2_4_GHz  AVG THROUGHPUT (Mbps):    0
INFO:root:[2025-11-10 05:32:47] WiFiBand.BAND_2_4_GHz  CHANNEL UTILIZATION:      0
INFO:root:[2025-11-10 05:32:47] WiFiBand.BAND_2_4_GHz  INTERFERENCE:             0
INFO:root:[2025-11-10 05:32:47] WiFiBand.BAND_2_4_GHz  CLIENTS:                  set()
INFO:root:[2025-11-10 05:32:47] WiFiBand.BAND_2_4_GHz  QOE:                      0
INFO:root:[2025-11-10 05:32:47] WiFiBand.BAND_2_4_GHz  TX POWER (dBm):           0
INFO:root:[2025-11-10 05:32:47] WiFiBand.BAND_2_4_GHz  CHANNEL WIDTH (MHz):      0
INFO:root:[2025-11-10 05:32:47] WiFiBand.BAND_2_4_GHz  INTERFERENCE WEIGHT:      1
INFO:root:[2025-11-10 05:32:47] WiFiBand.BAND_2_4_GHz  DFS:                      0
INFO:root:
WARNING:root:[ALERT][2025-11-10 05:32:47][Channel 4] Sudden change in SNR: 52.72 (avg=15.82, dev=233.3%)
WARNING:root:[ALERT][2025-11-10 05:32:47][Channel 4] Sudden change in TX_power: 20.00 (avg=6.00, dev=233.3%)
WARNING:root:[ALERT][2025-11-10 05:32:47][Channel 4] Sudden change in Throughput: 65.66 (avg=19.70, dev=233.3%)
WARNING:root:[ALERT][2025-11-10 05:32:47][Channel 4] Sudden change in QoE: 4.81 (avg=1.44, dev=233.3%)
WARNING:root:[ALERT][2025-11-10 05:32:47][Channel 4] Sudden change in P95_retry: 10.10 (avg=3.03, dev=233.3%)
WARNING:root:[ALERT][2025-11-10 05:32:47][Channel 4] Sudden change in P95_PER: 0.00 (avg=0.00, dev=233.3%)
WARNING:root:[CUSUM ALERT][2025-11-10 05:32:47][Channel 4] SNR ↑ shift detected! deviation=36.91
WARNING:root:[CUSUM ALERT][2025-11-10 05:32:47][Channel 4] TX_power ↑ shift detected! deviation=14.00
WARNING:root:[CUSUM ALERT][2025-11-10 05:32:47][Channel 4] Throughput ↑ shift detected! deviation=45.96
WARNING:root:[CUSUM ALERT][2025-11-10 05:32:47][Channel 4] P95_retry ↑ shift detected! deviation=7.07
WARNING:root:[ALERT][2025-11-10 05:32:47][Channel 4] Sudden change in QoE: 4.68 (avg=2.41, dev=93.8%)
WARNING:root:[ALERT][2025-11-10 05:32:47][Channel 4] Sudden change in P95_PER: 0.00 (avg=0.00, dev=79.4%)
WARNING:root:[CUSUM ALERT][2025-11-10 05:32:47][Channel 4] NoiseFloor ↓ shift detected! deviation=-2.57
INFO:root:Scanning channels...
INFO:root:For 5GHz...
INFO:root:Noisiest 5GHz channel... 48
INFO:root:--------------------------------

INFO:root:[2025-11-10 05:32:47] WiFiBand.BAND_5_GHz  BAND:                     WiFiBand.BAND_5_GHz
INFO:root:[2025-11-10 05:32:47] WiFiBand.BAND_5_GHz  CHANNEL:                  48
INFO:root:[2025-11-10 05:32:47] WiFiBand.BAND_5_GHz  NOISE FLOOR (dBm):        -95
INFO:root:[2025-11-10 05:32:47] WiFiBand.BAND_5_GHz  AVG CLIENT SNR (dB):      0
INFO:root:[2025-11-10 05:32:47] WiFiBand.BAND_5_GHz  AVG COUNT:                0
INFO:root:[2025-11-10 05:32:47] WiFiBand.BAND_5_GHz  AVG THROUGHPUT (Mbps):    0
INFO:root:[2025-11-10 05:32:47] WiFiBand.BAND_5_GHz  CHANNEL UTILIZATION:      0
INFO:root:[2025-11-10 05:32:47] WiFiBand.BAND_5_GHz  INTERFERENCE:             0
INFO:root:[2025-11-10 05:32:47] WiFiBand.BAND_5_GHz  CLIENTS:                  set()
INFO:root:[2025-11-10 05:32:47] WiFiBand.BAND_5_GHz  QOE:                      0
INFO:root:[2025-11-10 05:32:47] WiFiBand.BAND_5_GHz  TX POWER (dBm):           0
INFO:root:[2025-11-10 05:32:47] WiFiBand.BAND_5_GHz  CHANNEL WIDTH (MHz):      0
INFO:root:[2025-11-10 05:32:47] WiFiBand.BAND_5_GHz  INTERFERENCE WEIGHT:      1
INFO:root:[2025-11-10 05:32:47] WiFiBand.BAND_5_GHz  DFS:                      0
INFO:root:
WARNING:root:[ALERT][2025-11-10 05:32:47][Channel 48] Sudden change in SNR: 41.91 (avg=12.57, dev=233.3%)
WARNING:root:[ALERT][2025-11-10 05:32:47][Channel 48] Sudden change in TX_power: 18.00 (avg=5.40, dev=233.3%)
WARNING:root:[ALERT][2025-11-10 05:32:47][Channel 48] Sudden change in Throughput: 349.70 (avg=104.91, dev=233.3%)
WARNING:root:[ALERT][2025-11-10 05:32:47][Channel 48] Sudden change in QoE: 4.43 (avg=1.33, dev=233.3%)
WARNING:root:[ALERT][2025-11-10 05:32:47][Channel 48] Sudden change in P95_retry: 21.64 (avg=6.49, dev=233.3%)
WARNING:root:[ALERT][2025-11-10 05:32:47][Channel 48] Sudden change in P95_PER: 0.05 (avg=0.02, dev=233.3%)
WARNING:root:[CUSUM ALERT][2025-11-10 05:32:47][Channel 48] SNR ↑ shift detected! deviation=29.34
WARNING:root:[CUSUM ALERT][2025-11-10 05:32:47][Channel 48] TX_power ↑ shift detected! deviation=12.60
WARNING:root:[CUSUM ALERT][2025-11-10 05:32:47][Channel 48] Throughput ↑ shift detected! deviation=244.79
WARNING:root:[CUSUM ALERT][2025-11-10 05:32:47][Channel 48] P95_retry ↑ shift detected! deviation=15.15
WARNING:root:[ALERT][2025-11-10 05:32:47][Channel 48] Sudden change in QoE: 4.48 (avg=2.28, dev=97.0%)
WARNING:root:[ALERT][2025-11-10 05:32:47][Channel 48] Sudden change in P95_PER: 0.05 (avg=0.03, dev=85.5%)
WARNING:root:[CUSUM ALERT][2025-11-10 05:32:47][Channel 48] NoiseFloor ↓ shift detected! deviation=-1.91
INFO:root:Serving Client Request...
INFO:root:Scanning channels...
INFO:root:For 2_4GHz...
INFO:root:Noisiest 2_4GHz channel... 5
INFO:root:--------------------------------

INFO:root:[2025-11-10 05:32:53] WiFiBand.BAND_2_4_GHz  BAND:                     WiFiBand.BAND_2_4_GHz
INFO:root:[2025-11-10 05:32:53] WiFiBand.BAND_2_4_GHz  CHANNEL:                  5
INFO:root:[2025-11-10 05:32:53] WiFiBand.BAND_2_4_GHz  NOISE FLOOR (dBm):        -95
INFO:root:[2025-11-10 05:32:53] WiFiBand.BAND_2_4_GHz  AVG CLIENT SNR (dB):      0
INFO:root:[2025-11-10 05:32:53] WiFiBand.BAND_2_4_GHz  AVG COUNT:                0
INFO:root:[2025-11-10 05:32:53] WiFiBand.BAND_2_4_GHz  AVG THROUGHPUT (Mbps):    0
INFO:root:[2025-11-10 05:32:53] WiFiBand.BAND_2_4_GHz  CHANNEL UTILIZATION:      0
INFO:root:[2025-11-10 05:32:53] WiFiBand.BAND_2_4_GHz  INTERFERENCE:             0
INFO:root:[2025-11-10 05:32:53] WiFiBand.BAND_2_4_GHz  CLIENTS:                  set()
INFO:root:[2025-11-10 05:32:53] WiFiBand.BAND_2_4_GHz  QOE:                      0
INFO:root:[2025-11-10 05:32:53] WiFiBand.BAND_2_4_GHz  TX POWER (dBm):           0
INFO:root:[2025-11-10 05:32:53] WiFiBand.BAND_2_4_GHz  CHANNEL WIDTH (MHz):      0
INFO:root:[2025-11-10 05:32:53] WiFiBand.BAND_2_4_GHz  INTERFERENCE WEIGHT:      1
INFO:root:[2025-11-10 05:32:53] WiFiBand.BAND_2_4_GHz  DFS:                      0
INFO:root:
WARNING:root:[ALERT][2025-11-10 05:32:53][Channel 5] Sudden change in SNR: 48.81 (avg=14.64, dev=233.3%)
WARNING:root:[ALERT][2025-11-10 05:32:53][Channel 5] Sudden change in TX_power: 16.00 (avg=4.80, dev=233.3%)
WARNING:root:[ALERT][2025-11-10 05:32:53][Channel 5] Sudden change in Throughput: 60.70 (avg=18.21, dev=233.3%)
WARNING:root:[ALERT][2025-11-10 05:32:53][Channel 5] Sudden change in QoE: 4.55 (avg=1.36, dev=233.3%)
WARNING:root:[ALERT][2025-11-10 05:32:53][Channel 5] Sudden change in P95_retry: 16.75 (avg=5.03, dev=233.3%)
WARNING:root:[ALERT][2025-11-10 05:32:53][Channel 5] Sudden change in P95_PER: 0.01 (avg=0.00, dev=233.3%)
WARNING:root:[CUSUM ALERT][2025-11-10 05:32:53][Channel 5] SNR ↑ shift detected! deviation=34.16
WARNING:root:[CUSUM ALERT][2025-11-10 05:32:53][Channel 5] TX_power ↑ shift detected! deviation=11.20
WARNING:root:[CUSUM ALERT][2025-11-10 05:32:53][Channel 5] Throughput ↑ shift detected! deviation=42.49
WARNING:root:[CUSUM ALERT][2025-11-10 05:32:53][Channel 5] P95_retry ↑ shift detected! deviation=11.73
WARNING:root:[ALERT][2025-11-10 05:32:53][Channel 5] Sudden change in QoE: 4.58 (avg=2.33, dev=96.6%)
WARNING:root:[ALERT][2025-11-10 05:32:53][Channel 5] Sudden change in P95_PER: 0.01 (avg=0.00, dev=80.1%)
WARNING:root:[CUSUM ALERT][2025-11-10 05:32:53][Channel 5] NoiseFloor ↑ shift detected! deviation=3.02
INFO:root:Scanning channels...
INFO:root:For 5GHz...
INFO:root:Noisiest 5GHz channel... 52
INFO:root:--------------------------------

INFO:root:[2025-11-10 05:32:53] WiFiBand.BAND_5_GHz  BAND:                     WiFiBand.BAND_5_GHz
INFO:root:[2025-11-10 05:32:53] WiFiBand.BAND_5_GHz  CHANNEL:                  52
INFO:root:[2025-11-10 05:32:53] WiFiBand.BAND_5_GHz  NOISE FLOOR (dBm):        -95
INFO:root:[2025-11-10 05:32:53] WiFiBand.BAND_5_GHz  AVG CLIENT SNR (dB):      0
INFO:root:[2025-11-10 05:32:53] WiFiBand.BAND_5_GHz  AVG COUNT:                0
INFO:root:[2025-11-10 05:32:53] WiFiBand.BAND_5_GHz  AVG THROUGHPUT (Mbps):    0
INFO:root:[2025-11-10 05:32:53] WiFiBand.BAND_5_GHz  CHANNEL UTILIZATION:      0
INFO:root:[2025-11-10 05:32:53] WiFiBand.BAND_5_GHz  INTERFERENCE:             0
INFO:root:[2025-11-10 05:32:53] WiFiBand.BAND_5_GHz  CLIENTS:                  set()
INFO:root:[2025-11-10 05:32:53] WiFiBand.BAND_5_GHz  QOE:                      0
INFO:root:[2025-11-10 05:32:53] WiFiBand.BAND_5_GHz  TX POWER (dBm):           0
INFO:root:[2025-11-10 05:32:53] WiFiBand.BAND_5_GHz  CHANNEL WIDTH (MHz):      0
INFO:root:[2025-11-10 05:32:53] WiFiBand.BAND_5_GHz  INTERFERENCE WEIGHT:      1
INFO:root:[2025-11-10 05:32:53] WiFiBand.BAND_5_GHz  DFS:                      1
INFO:root:
WARNING:root:[ALERT][2025-11-10 05:32:53][Channel 52] Sudden change in SNR: 49.26 (avg=14.78, dev=233.3%)
WARNING:root:[ALERT][2025-11-10 05:32:53][Channel 52] Sudden change in TX_power: 19.00 (avg=5.70, dev=233.3%)
WARNING:root:[ALERT][2025-11-10 05:32:53][Channel 52] Sudden change in Throughput: 329.16 (avg=98.75, dev=233.3%)
WARNING:root:[ALERT][2025-11-10 05:32:53][Channel 52] Sudden change in QoE: 4.27 (avg=1.28, dev=233.3%)
WARNING:root:[ALERT][2025-11-10 05:32:53][Channel 52] Sudden change in P95_retry: 26.55 (avg=7.97, dev=233.3%)
WARNING:root:[ALERT][2025-11-10 05:32:53][Channel 52] Sudden change in P95_PER: 0.02 (avg=0.01, dev=233.3%)
WARNING:root:[CUSUM ALERT][2025-11-10 05:32:53][Channel 52] SNR ↑ shift detected! deviation=34.48
WARNING:root:[CUSUM ALERT][2025-11-10 05:32:53][Channel 52] TX_power ↑ shift detected! deviation=13.30
WARNING:root:[CUSUM ALERT][2025-11-10 05:32:53][Channel 52] Throughput ↑ shift detected! deviation=230.41
WARNING:root:[CUSUM ALERT][2025-11-10 05:32:53][Channel 52] P95_retry ↑ shift detected! deviation=18.59
WARNING:root:DFS Radar detected...
WARNING:root:DFS detected on channel 4...
INFO:root:[Timer Started] Channel 52
INFO:root:Serving Client Request...
INFO:root:Scanning channels...
INFO:root:For 2_4GHz...
INFO:root:Noisiest 2_4GHz channel... 6
INFO:root:--------------------------------

INFO:root:[2025-11-10 05:32:59] WiFiBand.BAND_2_4_GHz  BAND:                     WiFiBand.BAND_2_4_GHz
INFO:root:[2025-11-10 05:32:59] WiFiBand.BAND_2_4_GHz  CHANNEL:                  6
INFO:root:[2025-11-10 05:32:59] WiFiBand.BAND_2_4_GHz  NOISE FLOOR (dBm):        -95
INFO:root:[2025-11-10 05:32:59] WiFiBand.BAND_2_4_GHz  AVG CLIENT SNR (dB):      0
INFO:root:[2025-11-10 05:32:59] WiFiBand.BAND_2_4_GHz  AVG COUNT:                0
INFO:root:[2025-11-10 05:32:59] WiFiBand.BAND_2_4_GHz  AVG THROUGHPUT (Mbps):    0
INFO:root:[2025-11-10 05:32:59] WiFiBand.BAND_2_4_GHz  CHANNEL UTILIZATION:      0
INFO:root:[2025-11-10 05:32:59] WiFiBand.BAND_2_4_GHz  INTERFERENCE:             0
INFO:root:[2025-11-10 05:32:59] WiFiBand.BAND_2_4_GHz  CLIENTS:                  set()
INFO:root:[2025-11-10 05:32:59] WiFiBand.BAND_2_4_GHz  QOE:                      0
INFO:root:[2025-11-10 05:32:59] WiFiBand.BAND_2_4_GHz  TX POWER (dBm):           0
INFO:root:[2025-11-10 05:32:59] WiFiBand.BAND_2_4_GHz  CHANNEL WIDTH (MHz):      0
INFO:root:[2025-11-10 05:32:59] WiFiBand.BAND_2_4_GHz  INTERFERENCE WEIGHT:      1
INFO:root:[2025-11-10 05:32:59] WiFiBand.BAND_2_4_GHz  DFS:                      0
INFO:root:
WARNING:root:[ALERT][2025-11-10 05:32:59][Channel 6] Sudden change in SNR: 52.73 (avg=15.82, dev=233.3%)
WARNING:root:[ALERT][2025-11-10 05:32:59][Channel 6] Sudden change in TX_power: 18.00 (avg=5.40, dev=233.3%)
WARNING:root:[ALERT][2025-11-10 05:32:59][Channel 6] Sudden change in Throughput: 58.17 (avg=17.45, dev=233.3%)
WARNING:root:[ALERT][2025-11-10 05:32:59][Channel 6] Sudden change in QoE: 4.44 (avg=1.33, dev=233.3%)
WARNING:root:[ALERT][2025-11-10 05:32:59][Channel 6] Sudden change in P95_retry: 22.34 (avg=6.70, dev=233.3%)
WARNING:root:[ALERT][2025-11-10 05:32:59][Channel 6] Sudden change in P95_PER: 0.00 (avg=0.00, dev=233.3%)
WARNING:root:[CUSUM ALERT][2025-11-10 05:32:59][Channel 6] SNR ↑ shift detected! deviation=36.91
WARNING:root:[CUSUM ALERT][2025-11-10 05:32:59][Channel 6] TX_power ↑ shift detected! deviation=12.60
WARNING:root:[CUSUM ALERT][2025-11-10 05:32:59][Channel 6] Throughput ↑ shift detected! deviation=40.72
WARNING:root:[CUSUM ALERT][2025-11-10 05:32:59][Channel 6] P95_retry ↑ shift detected! deviation=15.64
WARNING:root:[ALERT][2025-11-10 05:32:59][Channel 6] Sudden change in QoE: 4.18 (avg=2.19, dev=91.2%)
WARNING:root:[ALERT][2025-11-10 05:32:59][Channel 6] Sudden change in P95_PER: 0.01 (avg=0.00, dev=133.2%)
WARNING:root:[CUSUM ALERT][2025-11-10 05:32:59][Channel 6] NoiseFloor ↓ shift detected! deviation=-1.85
INFO:root:Scanning channels...
INFO:root:For 5GHz...
INFO:root:Noisiest 5GHz channel... 56
INFO:root:--------------------------------

INFO:root:[2025-11-10 05:33:00] WiFiBand.BAND_5_GHz  BAND:                     WiFiBand.BAND_5_GHz
INFO:root:[2025-11-10 05:33:00] WiFiBand.BAND_5_GHz  CHANNEL:                  56
INFO:root:[2025-11-10 05:33:00] WiFiBand.BAND_5_GHz  NOISE FLOOR (dBm):        -95
INFO:root:[2025-11-10 05:33:00] WiFiBand.BAND_5_GHz  AVG CLIENT SNR (dB):      0
INFO:root:[2025-11-10 05:33:00] WiFiBand.BAND_5_GHz  AVG COUNT:                0
INFO:root:[2025-11-10 05:33:00] WiFiBand.BAND_5_GHz  AVG THROUGHPUT (Mbps):    0
INFO:root:[2025-11-10 05:33:00] WiFiBand.BAND_5_GHz  CHANNEL UTILIZATION:      0
INFO:root:[2025-11-10 05:33:00] WiFiBand.BAND_5_GHz  INTERFERENCE:             0
INFO:root:[2025-11-10 05:33:00] WiFiBand.BAND_5_GHz  CLIENTS:                  set()
INFO:root:[2025-11-10 05:33:00] WiFiBand.BAND_5_GHz  QOE:                      0
INFO:root:[2025-11-10 05:33:00] WiFiBand.BAND_5_GHz  TX POWER (dBm):           0
INFO:root:[2025-11-10 05:33:00] WiFiBand.BAND_5_GHz  CHANNEL WIDTH (MHz):      0
INFO:root:[2025-11-10 05:33:00] WiFiBand.BAND_5_GHz  INTERFERENCE WEIGHT:      1
INFO:root:[2025-11-10 05:33:00] WiFiBand.BAND_5_GHz  DFS:                      1
INFO:root:
WARNING:root:DFS Radar detected...
WARNING:root:DFS detected on channel 5...
INFO:root:[Timer Started] Channel 56
INFO:root:Serving Client Request...
INFO:root:Scanning channels...
INFO:root:For 2_4GHz...
INFO:root:Noisiest 2_4GHz channel... 7
INFO:root:--------------------------------

INFO:root:[2025-11-10 05:33:06] WiFiBand.BAND_2_4_GHz  BAND:                     WiFiBand.BAND_2_4_GHz
INFO:root:[2025-11-10 05:33:06] WiFiBand.BAND_2_4_GHz  CHANNEL:                  7
INFO:root:[2025-11-10 05:33:06] WiFiBand.BAND_2_4_GHz  NOISE FLOOR (dBm):        -95
INFO:root:[2025-11-10 05:33:06] WiFiBand.BAND_2_4_GHz  AVG CLIENT SNR (dB):      0
INFO:root:[2025-11-10 05:33:06] WiFiBand.BAND_2_4_GHz  AVG COUNT:                0
INFO:root:[2025-11-10 05:33:06] WiFiBand.BAND_2_4_GHz  AVG THROUGHPUT (Mbps):    0
INFO:root:[2025-11-10 05:33:06] WiFiBand.BAND_2_4_GHz  CHANNEL UTILIZATION:      0
INFO:root:[2025-11-10 05:33:06] WiFiBand.BAND_2_4_GHz  INTERFERENCE:             0
INFO:root:[2025-11-10 05:33:06] WiFiBand.BAND_2_4_GHz  CLIENTS:                  set()
INFO:root:[2025-11-10 05:33:06] WiFiBand.BAND_2_4_GHz  QOE:                      0
INFO:root:[2025-11-10 05:33:06] WiFiBand.BAND_2_4_GHz  TX POWER (dBm):           0
INFO:root:[2025-11-10 05:33:06] WiFiBand.BAND_2_4_GHz  CHANNEL WIDTH (MHz):      0
INFO:root:[2025-11-10 05:33:06] WiFiBand.BAND_2_4_GHz  INTERFERENCE WEIGHT:      1
INFO:root:[2025-11-10 05:33:06] WiFiBand.BAND_2_4_GHz  DFS:                      0
INFO:root:
WARNING:root:[ALERT][2025-11-10 05:33:06][Channel 7] Sudden change in SNR: 51.33 (avg=15.40, dev=233.3%)
WARNING:root:[ALERT][2025-11-10 05:33:06][Channel 7] Sudden change in TX_power: 18.00 (avg=5.40, dev=233.3%)
WARNING:root:[ALERT][2025-11-10 05:33:06][Channel 7] Sudden change in Throughput: 60.22 (avg=18.07, dev=233.3%)
WARNING:root:[ALERT][2025-11-10 05:33:06][Channel 7] Sudden change in QoE: 4.54 (avg=1.36, dev=233.3%)
WARNING:root:[ALERT][2025-11-10 05:33:06][Channel 7] Sudden change in P95_retry: 17.64 (avg=5.29, dev=233.3%)
WARNING:root:[ALERT][2025-11-10 05:33:06][Channel 7] Sudden change in P95_PER: 0.00 (avg=0.00, dev=233.3%)
WARNING:root:[CUSUM ALERT][2025-11-10 05:33:06][Channel 7] SNR ↑ shift detected! deviation=35.93
WARNING:root:[CUSUM ALERT][2025-11-10 05:33:06][Channel 7] TX_power ↑ shift detected! deviation=12.60
WARNING:root:[CUSUM ALERT][2025-11-10 05:33:06][Channel 7] Throughput ↑ shift detected! deviation=42.16
WARNING:root:[CUSUM ALERT][2025-11-10 05:33:06][Channel 7] P95_retry ↑ shift detected! deviation=12.34
WARNING:root:[ALERT][2025-11-10 05:33:06][Channel 7] Sudden change in QoE: 4.25 (avg=2.23, dev=90.7%)
WARNING:root:[ALERT][2025-11-10 05:33:06][Channel 7] Sudden change in P95_PER: 0.00 (avg=0.00, dev=107.2%)
WARNING:root:[CUSUM ALERT][2025-11-10 05:33:06][Channel 7] NoiseFloor ↓ shift detected! deviation=-3.49
INFO:root:Scanning channels...
INFO:root:For 5GHz...
INFO:root:Noisiest 5GHz channel... 60
INFO:root:--------------------------------

INFO:root:[2025-11-10 05:33:06] WiFiBand.BAND_5_GHz  BAND:                     WiFiBand.BAND_5_GHz
INFO:root:[2025-11-10 05:33:06] WiFiBand.BAND_5_GHz  CHANNEL:                  60
INFO:root:[2025-11-10 05:33:06] WiFiBand.BAND_5_GHz  NOISE FLOOR (dBm):        -95
INFO:root:[2025-11-10 05:33:06] WiFiBand.BAND_5_GHz  AVG CLIENT SNR (dB):      0
INFO:root:[2025-11-10 05:33:06] WiFiBand.BAND_5_GHz  AVG COUNT:                0
INFO:root:[2025-11-10 05:33:06] WiFiBand.BAND_5_GHz  AVG THROUGHPUT (Mbps):    0
INFO:root:[2025-11-10 05:33:06] WiFiBand.BAND_5_GHz  CHANNEL UTILIZATION:      0
INFO:root:[2025-11-10 05:33:06] WiFiBand.BAND_5_GHz  INTERFERENCE:             0
INFO:root:[2025-11-10 05:33:06] WiFiBand.BAND_5_GHz  CLIENTS:                  set()
INFO:root:[2025-11-10 05:33:06] WiFiBand.BAND_5_GHz  QOE:                      0
INFO:root:[2025-11-10 05:33:06] WiFiBand.BAND_5_GHz  TX POWER (dBm):           0
INFO:root:[2025-11-10 05:33:06] WiFiBand.BAND_5_GHz  CHANNEL WIDTH (MHz):      0
INFO:root:[2025-11-10 05:33:06] WiFiBand.BAND_5_GHz  INTERFERENCE WEIGHT:      1
INFO:root:[2025-11-10 05:33:06] WiFiBand.BAND_5_GHz  DFS:                      1
INFO:root:
WARNING:root:[ALERT][2025-11-10 05:33:06][Channel 60] Sudden change in SNR: 46.21 (avg=13.86, dev=233.3%)
WARNING:root:[ALERT][2025-11-10 05:33:06][Channel 60] Sudden change in TX_power: 16.00 (avg=4.80, dev=233.3%)
WARNING:root:[ALERT][2025-11-10 05:33:06][Channel 60] Sudden change in Throughput: 378.23 (avg=113.47, dev=233.3%)
WARNING:root:[ALERT][2025-11-10 05:33:06][Channel 60] Sudden change in QoE: 4.69 (avg=1.41, dev=233.3%)
WARNING:root:[ALERT][2025-11-10 05:33:06][Channel 60] Sudden change in P95_retry: 13.98 (avg=4.19, dev=233.3%)
WARNING:root:[ALERT][2025-11-10 05:33:06][Channel 60] Sudden change in P95_PER: 0.04 (avg=0.01, dev=233.3%)
WARNING:root:[CUSUM ALERT][2025-11-10 05:33:06][Channel 60] SNR ↑ shift detected! deviation=32.35
WARNING:root:[CUSUM ALERT][2025-11-10 05:33:06][Channel 60] TX_power ↑ shift detected! deviation=11.20
WARNING:root:[CUSUM ALERT][2025-11-10 05:33:06][Channel 60] Throughput ↑ shift detected! deviation=264.76
WARNING:root:[CUSUM ALERT][2025-11-10 05:33:06][Channel 60] P95_retry ↑ shift detected! deviation=9.79
WARNING:root:[ALERT][2025-11-10 05:33:06][Channel 60] Sudden change in QoE: 4.70 (avg=2.40, dev=96.2%)
WARNING:root:[ALERT][2025-11-10 05:33:06][Channel 60] Sudden change in P95_PER: 0.06 (avg=0.03, dev=117.1%)
WARNING:root:DFS Radar detected...
WARNING:root:DFS detected on channel 6...
INFO:root:[Timer Started] Channel 60
INFO:root:Serving Client Request...
INFO:root:Scanning channels...
INFO:root:For 2_4GHz...
INFO:root:Noisiest 2_4GHz channel... 8
INFO:root:--------------------------------

INFO:root:[2025-11-10 05:33:12] WiFiBand.BAND_2_4_GHz  BAND:                     WiFiBand.BAND_2_4_GHz
INFO:root:[2025-11-10 05:33:12] WiFiBand.BAND_2_4_GHz  CHANNEL:                  8
INFO:root:[2025-11-10 05:33:12] WiFiBand.BAND_2_4_GHz  NOISE FLOOR (dBm):        -95
INFO:root:[2025-11-10 05:33:12] WiFiBand.BAND_2_4_GHz  AVG CLIENT SNR (dB):      0
INFO:root:[2025-11-10 05:33:12] WiFiBand.BAND_2_4_GHz  AVG COUNT:                0
INFO:root:[2025-11-10 05:33:12] WiFiBand.BAND_2_4_GHz  AVG THROUGHPUT (Mbps):    0
INFO:root:[2025-11-10 05:33:12] WiFiBand.BAND_2_4_GHz  CHANNEL UTILIZATION:      0
INFO:root:[2025-11-10 05:33:12] WiFiBand.BAND_2_4_GHz  INTERFERENCE:             0
INFO:root:[2025-11-10 05:33:12] WiFiBand.BAND_2_4_GHz  CLIENTS:                  set()
INFO:root:[2025-11-10 05:33:12] WiFiBand.BAND_2_4_GHz  QOE:                      0
INFO:root:[2025-11-10 05:33:12] WiFiBand.BAND_2_4_GHz  TX POWER (dBm):           0
INFO:root:[2025-11-10 05:33:12] WiFiBand.BAND_2_4_GHz  CHANNEL WIDTH (MHz):      0
INFO:root:[2025-11-10 05:33:12] WiFiBand.BAND_2_4_GHz  INTERFERENCE WEIGHT:      1
INFO:root:[2025-11-10 05:33:12] WiFiBand.BAND_2_4_GHz  DFS:                      0
INFO:root:
WARNING:root:[ALERT][2025-11-10 05:33:12][Channel 8] Sudden change in SNR: 53.98 (avg=16.19, dev=233.3%)
WARNING:root:[ALERT][2025-11-10 05:33:12][Channel 8] Sudden change in TX_power: 20.00 (avg=6.00, dev=233.3%)
WARNING:root:[ALERT][2025-11-10 05:33:12][Channel 8] Sudden change in Throughput: 62.30 (avg=18.69, dev=233.3%)
WARNING:root:[ALERT][2025-11-10 05:33:12][Channel 8] Sudden change in QoE: 4.67 (avg=1.40, dev=233.3%)
WARNING:root:[ALERT][2025-11-10 05:33:12][Channel 8] Sudden change in P95_retry: 14.55 (avg=4.37, dev=233.3%)
WARNING:root:[ALERT][2025-11-10 05:33:12][Channel 8] Sudden change in P95_PER: 0.00 (avg=0.00, dev=233.3%)
WARNING:root:[CUSUM ALERT][2025-11-10 05:33:12][Channel 8] SNR ↑ shift detected! deviation=37.78
WARNING:root:[CUSUM ALERT][2025-11-10 05:33:12][Channel 8] TX_power ↑ shift detected! deviation=14.00
WARNING:root:[CUSUM ALERT][2025-11-10 05:33:12][Channel 8] Throughput ↑ shift detected! deviation=43.61
WARNING:root:[CUSUM ALERT][2025-11-10 05:33:12][Channel 8] P95_retry ↑ shift detected! deviation=10.19
WARNING:root:[ALERT][2025-11-10 05:33:12][Channel 8] Sudden change in QoE: 4.44 (avg=2.31, dev=92.1%)
WARNING:root:[ALERT][2025-11-10 05:33:12][Channel 8] Sudden change in P95_PER: 0.00 (avg=0.00, dev=37.9%)
WARNING:root:[CUSUM ALERT][2025-11-10 05:33:12][Channel 8] NoiseFloor ↓ shift detected! deviation=-1.80
INFO:root:Scanning channels...
INFO:root:For 5GHz...
INFO:root:Noisiest 5GHz channel... 64
INFO:root:--------------------------------

INFO:root:[2025-11-10 05:33:12] WiFiBand.BAND_5_GHz  BAND:                     WiFiBand.BAND_5_GHz
INFO:root:[2025-11-10 05:33:12] WiFiBand.BAND_5_GHz  CHANNEL:                  64
INFO:root:[2025-11-10 05:33:12] WiFiBand.BAND_5_GHz  NOISE FLOOR (dBm):        -95
INFO:root:[2025-11-10 05:33:12] WiFiBand.BAND_5_GHz  AVG CLIENT SNR (dB):      0
INFO:root:[2025-11-10 05:33:12] WiFiBand.BAND_5_GHz  AVG COUNT:                0
INFO:root:[2025-11-10 05:33:12] WiFiBand.BAND_5_GHz  AVG THROUGHPUT (Mbps):    0
INFO:root:[2025-11-10 05:33:12] WiFiBand.BAND_5_GHz  CHANNEL UTILIZATION:      0
INFO:root:[2025-11-10 05:33:12] WiFiBand.BAND_5_GHz  INTERFERENCE:             0
INFO:root:[2025-11-10 05:33:12] WiFiBand.BAND_5_GHz  CLIENTS:                  set()
INFO:root:[2025-11-10 05:33:12] WiFiBand.BAND_5_GHz  QOE:                      0
INFO:root:[2025-11-10 05:33:12] WiFiBand.BAND_5_GHz  TX POWER (dBm):           0
INFO:root:[2025-11-10 05:33:12] WiFiBand.BAND_5_GHz  CHANNEL WIDTH (MHz):      0
INFO:root:[2025-11-10 05:33:12] WiFiBand.BAND_5_GHz  INTERFERENCE WEIGHT:      1
INFO:root:[2025-11-10 05:33:12] WiFiBand.BAND_5_GHz  DFS:                      1
INFO:root:
WARNING:root:[ALERT][2025-11-10 05:33:12][Channel 64] Sudden change in SNR: 44.82 (avg=13.45, dev=233.3%)
WARNING:root:[ALERT][2025-11-10 05:33:12][Channel 64] Sudden change in TX_power: 17.00 (avg=5.10, dev=233.3%)
WARNING:root:[ALERT][2025-11-10 05:33:12][Channel 64] Sudden change in Throughput: 321.16 (avg=96.35, dev=233.3%)
WARNING:root:[ALERT][2025-11-10 05:33:12][Channel 64] Sudden change in QoE: 4.19 (avg=1.26, dev=233.3%)
WARNING:root:[ALERT][2025-11-10 05:33:12][Channel 64] Sudden change in P95_retry: 29.50 (avg=8.85, dev=233.3%)
WARNING:root:[ALERT][2025-11-10 05:33:12][Channel 64] Sudden change in P95_PER: 0.03 (avg=0.01, dev=233.3%)
WARNING:root:[CUSUM ALERT][2025-11-10 05:33:12][Channel 64] SNR ↑ shift detected! deviation=31.38
WARNING:root:[CUSUM ALERT][2025-11-10 05:33:12][Channel 64] TX_power ↑ shift detected! deviation=11.90
WARNING:root:[CUSUM ALERT][2025-11-10 05:33:12][Channel 64] Throughput ↑ shift detected! deviation=224.81
WARNING:root:[CUSUM ALERT][2025-11-10 05:33:12][Channel 64] P95_retry ↑ shift detected! deviation=20.65
WARNING:root:[ALERT][2025-11-10 05:33:12][Channel 64] Sudden change in QoE: 4.26 (avg=2.16, dev=97.4%)
WARNING:root:[ALERT][2025-11-10 05:33:12][Channel 64] Sudden change in P95_PER: 0.06 (avg=0.02, dev=148.5%)
WARNING:root:DFS Radar detected...
WARNING:root:DFS detected on channel 7...
INFO:root:[Timer Started] Channel 64
INFO:root:Serving Client Request...
INFO:root:Scanning channels...
INFO:root:For 2_4GHz...
INFO:root:Noisiest 2_4GHz channel... 9
INFO:root:--------------------------------

INFO:root:[2025-11-10 05:33:18] WiFiBand.BAND_2_4_GHz  BAND:                     WiFiBand.BAND_2_4_GHz
INFO:root:[2025-11-10 05:33:18] WiFiBand.BAND_2_4_GHz  CHANNEL:                  9
INFO:root:[2025-11-10 05:33:18] WiFiBand.BAND_2_4_GHz  NOISE FLOOR (dBm):        -95
INFO:root:[2025-11-10 05:33:18] WiFiBand.BAND_2_4_GHz  AVG CLIENT SNR (dB):      0
INFO:root:[2025-11-10 05:33:18] WiFiBand.BAND_2_4_GHz  AVG COUNT:                0
INFO:root:[2025-11-10 05:33:18] WiFiBand.BAND_2_4_GHz  AVG THROUGHPUT (Mbps):    0
INFO:root:[2025-11-10 05:33:18] WiFiBand.BAND_2_4_GHz  CHANNEL UTILIZATION:      0
INFO:root:[2025-11-10 05:33:18] WiFiBand.BAND_2_4_GHz  INTERFERENCE:             0
INFO:root:[2025-11-10 05:33:18] WiFiBand.BAND_2_4_GHz  CLIENTS:                  set()
INFO:root:[2025-11-10 05:33:18] WiFiBand.BAND_2_4_GHz  QOE:                      0
INFO:root:[2025-11-10 05:33:18] WiFiBand.BAND_2_4_GHz  TX POWER (dBm):           0
INFO:root:[2025-11-10 05:33:18] WiFiBand.BAND_2_4_GHz  CHANNEL WIDTH (MHz):      0
INFO:root:[2025-11-10 05:33:18] WiFiBand.BAND_2_4_GHz  INTERFERENCE WEIGHT:      1
INFO:root:[2025-11-10 05:33:18] WiFiBand.BAND_2_4_GHz  DFS:                      0
INFO:root:
WARNING:root:[ALERT][2025-11-10 05:33:19][Channel 9] Sudden change in SNR: 52.30 (avg=15.69, dev=233.3%)
WARNING:root:[ALERT][2025-11-10 05:33:19][Channel 9] Sudden change in TX_power: 15.00 (avg=4.50, dev=233.3%)
WARNING:root:[ALERT][2025-11-10 05:33:19][Channel 9] Sudden change in Throughput: 54.54 (avg=16.36, dev=233.3%)
WARNING:root:[ALERT][2025-11-10 05:33:19][Channel 9] Sudden change in QoE: 4.21 (avg=1.26, dev=233.3%)
WARNING:root:[ALERT][2025-11-10 05:33:19][Channel 9] Sudden change in P95_retry: 29.40 (avg=8.82, dev=233.3%)
WARNING:root:[ALERT][2025-11-10 05:33:19][Channel 9] Sudden change in P95_PER: 0.02 (avg=0.00, dev=233.3%)
WARNING:root:[CUSUM ALERT][2025-11-10 05:33:19][Channel 9] SNR ↑ shift detected! deviation=36.61
WARNING:root:[CUSUM ALERT][2025-11-10 05:33:19][Channel 9] TX_power ↑ shift detected! deviation=10.50
WARNING:root:[CUSUM ALERT][2025-11-10 05:33:19][Channel 9] Throughput ↑ shift detected! deviation=38.18
WARNING:root:[CUSUM ALERT][2025-11-10 05:33:19][Channel 9] P95_retry ↑ shift detected! deviation=20.58
WARNING:root:[ALERT][2025-11-10 05:33:19][Channel 9] Sudden change in QoE: 4.32 (avg=2.18, dev=98.2%)
WARNING:root:[ALERT][2025-11-10 05:33:19][Channel 9] Sudden change in P95_PER: 0.00 (avg=0.00, dev=28.9%)
WARNING:root:[CUSUM ALERT][2025-11-10 05:33:19][Channel 9] NoiseFloor ↓ shift detected! deviation=-1.66
INFO:root:Scanning channels...
INFO:root:For 5GHz...
INFO:root:Noisiest 5GHz channel... 100
INFO:root:--------------------------------

INFO:root:[2025-11-10 05:33:19] WiFiBand.BAND_5_GHz  BAND:                     WiFiBand.BAND_5_GHz
INFO:root:[2025-11-10 05:33:19] WiFiBand.BAND_5_GHz  CHANNEL:                  100
INFO:root:[2025-11-10 05:33:19] WiFiBand.BAND_5_GHz  NOISE FLOOR (dBm):        -95
INFO:root:[2025-11-10 05:33:19] WiFiBand.BAND_5_GHz  AVG CLIENT SNR (dB):      0
INFO:root:[2025-11-10 05:33:19] WiFiBand.BAND_5_GHz  AVG COUNT:                0
INFO:root:[2025-11-10 05:33:19] WiFiBand.BAND_5_GHz  AVG THROUGHPUT (Mbps):    0
INFO:root:[2025-11-10 05:33:19] WiFiBand.BAND_5_GHz  CHANNEL UTILIZATION:      0
INFO:root:[2025-11-10 05:33:19] WiFiBand.BAND_5_GHz  INTERFERENCE:             0
INFO:root:[2025-11-10 05:33:19] WiFiBand.BAND_5_GHz  CLIENTS:                  set()
INFO:root:[2025-11-10 05:33:19] WiFiBand.BAND_5_GHz  QOE:                      0
INFO:root:[2025-11-10 05:33:19] WiFiBand.BAND_5_GHz  TX POWER (dBm):           0
INFO:root:[2025-11-10 05:33:19] WiFiBand.BAND_5_GHz  CHANNEL WIDTH (MHz):      0
INFO:root:[2025-11-10 05:33:19] WiFiBand.BAND_5_GHz  INTERFERENCE WEIGHT:      1
INFO:root:[2025-11-10 05:33:19] WiFiBand.BAND_5_GHz  DFS:                      1
INFO:root:
WARNING:root:[ALERT][2025-11-10 05:33:19][Channel 100] Sudden change in SNR: 41.82 (avg=12.55, dev=233.3%)
WARNING:root:[ALERT][2025-11-10 05:33:19][Channel 100] Sudden change in TX_power: 16.00 (avg=4.80, dev=233.3%)
WARNING:root:[ALERT][2025-11-10 05:33:19][Channel 100] Sudden change in Throughput: 360.69 (avg=108.21, dev=233.3%)
WARNING:root:[ALERT][2025-11-10 05:33:19][Channel 100] Sudden change in QoE: 4.51 (avg=1.35, dev=233.3%)
WARNING:root:[ALERT][2025-11-10 05:33:19][Channel 100] Sudden change in P95_retry: 17.88 (avg=5.37, dev=233.3%)
WARNING:root:[ALERT][2025-11-10 05:33:19][Channel 100] Sudden change in P95_PER: 0.17 (avg=0.05, dev=233.3%)
WARNING:root:[CUSUM ALERT][2025-11-10 05:33:19][Channel 100] SNR ↑ shift detected! deviation=29.27
WARNING:root:[CUSUM ALERT][2025-11-10 05:33:19][Channel 100] TX_power ↑ shift detected! deviation=11.20
WARNING:root:[CUSUM ALERT][2025-11-10 05:33:19][Channel 100] Throughput ↑ shift detected! deviation=252.48
WARNING:root:[CUSUM ALERT][2025-11-10 05:33:19][Channel 100] P95_retry ↑ shift detected! deviation=12.52
WARNING:root:DFS Radar detected...
WARNING:root:DFS detected on channel 8...
INFO:root:[Timer Started] Channel 100
INFO:root:Serving Client Request...
INFO:root:Scanning channels...
INFO:root:For 2_4GHz...
INFO:root:Noisiest 2_4GHz channel... 10
INFO:root:--------------------------------

INFO:root:[2025-11-10 05:33:25] WiFiBand.BAND_2_4_GHz  BAND:                     WiFiBand.BAND_2_4_GHz
INFO:root:[2025-11-10 05:33:25] WiFiBand.BAND_2_4_GHz  CHANNEL:                  10
INFO:root:[2025-11-10 05:33:25] WiFiBand.BAND_2_4_GHz  NOISE FLOOR (dBm):        -95
INFO:root:[2025-11-10 05:33:25] WiFiBand.BAND_2_4_GHz  AVG CLIENT SNR (dB):      0
INFO:root:[2025-11-10 05:33:25] WiFiBand.BAND_2_4_GHz  AVG COUNT:                0
INFO:root:[2025-11-10 05:33:25] WiFiBand.BAND_2_4_GHz  AVG THROUGHPUT (Mbps):    0
INFO:root:[2025-11-10 05:33:25] WiFiBand.BAND_2_4_GHz  CHANNEL UTILIZATION:      0
INFO:root:[2025-11-10 05:33:25] WiFiBand.BAND_2_4_GHz  INTERFERENCE:             0
INFO:root:[2025-11-10 05:33:25] WiFiBand.BAND_2_4_GHz  CLIENTS:                  set()
INFO:root:[2025-11-10 05:33:25] WiFiBand.BAND_2_4_GHz  QOE:                      0
INFO:root:[2025-11-10 05:33:25] WiFiBand.BAND_2_4_GHz  TX POWER (dBm):           0
INFO:root:[2025-11-10 05:33:25] WiFiBand.BAND_2_4_GHz  CHANNEL WIDTH (MHz):      0
INFO:root:[2025-11-10 05:33:25] WiFiBand.BAND_2_4_GHz  INTERFERENCE WEIGHT:      1
INFO:root:[2025-11-10 05:33:25] WiFiBand.BAND_2_4_GHz  DFS:                      0
INFO:root:
WARNING:root:[ALERT][2025-11-10 05:33:25][Channel 10] Sudden change in SNR: 51.84 (avg=15.55, dev=233.3%)
WARNING:root:[ALERT][2025-11-10 05:33:25][Channel 10] Sudden change in TX_power: 16.00 (avg=4.80, dev=233.3%)
WARNING:root:[ALERT][2025-11-10 05:33:25][Channel 10] Sudden change in Throughput: 64.73 (avg=19.42, dev=233.3%)
WARNING:root:[ALERT][2025-11-10 05:33:25][Channel 10] Sudden change in QoE: 4.77 (avg=1.43, dev=233.3%)
WARNING:root:[ALERT][2025-11-10 05:33:25][Channel 10] Sudden change in P95_retry: 10.54 (avg=3.16, dev=233.3%)
WARNING:root:[ALERT][2025-11-10 05:33:25][Channel 10] Sudden change in P95_PER: 0.00 (avg=0.00, dev=233.3%)
WARNING:root:[CUSUM ALERT][2025-11-10 05:33:25][Channel 10] SNR ↑ shift detected! deviation=36.29
WARNING:root:[CUSUM ALERT][2025-11-10 05:33:25][Channel 10] TX_power ↑ shift detected! deviation=11.20
WARNING:root:[CUSUM ALERT][2025-11-10 05:33:25][Channel 10] Throughput ↑ shift detected! deviation=45.31
WARNING:root:[CUSUM ALERT][2025-11-10 05:33:25][Channel 10] P95_retry ↑ shift detected! deviation=7.38
WARNING:root:[ALERT][2025-11-10 05:33:25][Channel 10] Sudden change in QoE: 4.83 (avg=2.45, dev=97.1%)
WARNING:root:[ALERT][2025-11-10 05:33:25][Channel 10] Sudden change in P95_PER: 0.00 (avg=0.00, dev=74.1%)
WARNING:root:[CUSUM ALERT][2025-11-10 05:33:25][Channel 10] NoiseFloor ↑ shift detected! deviation=4.10
INFO:root:Scanning channels...
INFO:root:For 5GHz...
INFO:root:Noisiest 5GHz channel... 104
INFO:root:--------------------------------

INFO:root:[2025-11-10 05:33:25] WiFiBand.BAND_5_GHz  BAND:                     WiFiBand.BAND_5_GHz
INFO:root:[2025-11-10 05:33:25] WiFiBand.BAND_5_GHz  CHANNEL:                  104
INFO:root:[2025-11-10 05:33:25] WiFiBand.BAND_5_GHz  NOISE FLOOR (dBm):        -95
INFO:root:[2025-11-10 05:33:25] WiFiBand.BAND_5_GHz  AVG CLIENT SNR (dB):      0
INFO:root:[2025-11-10 05:33:25] WiFiBand.BAND_5_GHz  AVG COUNT:                0
INFO:root:[2025-11-10 05:33:25] WiFiBand.BAND_5_GHz  AVG THROUGHPUT (Mbps):    0
INFO:root:[2025-11-10 05:33:25] WiFiBand.BAND_5_GHz  CHANNEL UTILIZATION:      0
INFO:root:[2025-11-10 05:33:25] WiFiBand.BAND_5_GHz  INTERFERENCE:             0
INFO:root:[2025-11-10 05:33:25] WiFiBand.BAND_5_GHz  CLIENTS:                  set()
INFO:root:[2025-11-10 05:33:25] WiFiBand.BAND_5_GHz  QOE:                      0
INFO:root:[2025-11-10 05:33:25] WiFiBand.BAND_5_GHz  TX POWER (dBm):           0
INFO:root:[2025-11-10 05:33:25] WiFiBand.BAND_5_GHz  CHANNEL WIDTH (MHz):      0
INFO:root:[2025-11-10 05:33:25] WiFiBand.BAND_5_GHz  INTERFERENCE WEIGHT:      1
INFO:root:[2025-11-10 05:33:25] WiFiBand.BAND_5_GHz  DFS:                      1
INFO:root:
WARNING:root:DFS Radar detected...
WARNING:root:DFS detected on channel 9...
INFO:root:[Timer Started] Channel 104
INFO:root:Serving Client Request...
INFO:root:Scanning channels...
INFO:root:For 2_4GHz...
INFO:root:Noisiest 2_4GHz channel... 11
INFO:root:--------------------------------

INFO:root:[2025-11-10 05:33:31] WiFiBand.BAND_2_4_GHz  BAND:                     WiFiBand.BAND_2_4_GHz
INFO:root:[2025-11-10 05:33:31] WiFiBand.BAND_2_4_GHz  CHANNEL:                  11
INFO:root:[2025-11-10 05:33:31] WiFiBand.BAND_2_4_GHz  NOISE FLOOR (dBm):        -95
INFO:root:[2025-11-10 05:33:31] WiFiBand.BAND_2_4_GHz  AVG CLIENT SNR (dB):      0
INFO:root:[2025-11-10 05:33:31] WiFiBand.BAND_2_4_GHz  AVG COUNT:                0
INFO:root:[2025-11-10 05:33:31] WiFiBand.BAND_2_4_GHz  AVG THROUGHPUT (Mbps):    0
INFO:root:[2025-11-10 05:33:31] WiFiBand.BAND_2_4_GHz  CHANNEL UTILIZATION:      0
INFO:root:[2025-11-10 05:33:31] WiFiBand.BAND_2_4_GHz  INTERFERENCE:             0
INFO:root:[2025-11-10 05:33:31] WiFiBand.BAND_2_4_GHz  CLIENTS:                  set()
INFO:root:[2025-11-10 05:33:31] WiFiBand.BAND_2_4_GHz  QOE:                      0
INFO:root:[2025-11-10 05:33:31] WiFiBand.BAND_2_4_GHz  TX POWER (dBm):           0
INFO:root:[2025-11-10 05:33:31] WiFiBand.BAND_2_4_GHz  CHANNEL WIDTH (MHz):      0
INFO:root:[2025-11-10 05:33:31] WiFiBand.BAND_2_4_GHz  INTERFERENCE WEIGHT:      1
INFO:root:[2025-11-10 05:33:31] WiFiBand.BAND_2_4_GHz  DFS:                      0
INFO:root:
WARNING:root:[ALERT][2025-11-10 05:33:31][Channel 11] Sudden change in SNR: 52.49 (avg=15.75, dev=233.3%)
WARNING:root:[ALERT][2025-11-10 05:33:31][Channel 11] Sudden change in TX_power: 20.00 (avg=6.00, dev=233.3%)
WARNING:root:[ALERT][2025-11-10 05:33:31][Channel 11] Sudden change in Throughput: 54.61 (avg=16.38, dev=233.3%)
WARNING:root:[ALERT][2025-11-10 05:33:31][Channel 11] Sudden change in QoE: 4.25 (avg=1.28, dev=233.3%)
WARNING:root:[ALERT][2025-11-10 05:33:31][Channel 11] Sudden change in P95_retry: 27.83 (avg=8.35, dev=233.3%)
WARNING:root:[ALERT][2025-11-10 05:33:31][Channel 11] Sudden change in P95_PER: 0.01 (avg=0.00, dev=233.3%)
WARNING:root:[CUSUM ALERT][2025-11-10 05:33:31][Channel 11] SNR ↑ shift detected! deviation=36.75
WARNING:root:[CUSUM ALERT][2025-11-10 05:33:31][Channel 11] TX_power ↑ shift detected! deviation=14.00
WARNING:root:[CUSUM ALERT][2025-11-10 05:33:31][Channel 11] Throughput ↑ shift detected! deviation=38.23
WARNING:root:[CUSUM ALERT][2025-11-10 05:33:31][Channel 11] P95_retry ↑ shift detected! deviation=19.48
WARNING:root:[ALERT][2025-11-10 05:33:31][Channel 11] Sudden change in QoE: 4.10 (avg=2.12, dev=93.2%)
WARNING:root:[ALERT][2025-11-10 05:33:31][Channel 11] Sudden change in P95_PER: 0.01 (avg=0.00, dev=85.7%)
WARNING:root:[CUSUM ALERT][2025-11-10 05:33:31][Channel 11] NoiseFloor ↓ shift detected! deviation=-1.75
INFO:root:Scanning channels...
INFO:root:For 5GHz...
INFO:root:Noisiest 5GHz channel... 108
INFO:root:--------------------------------

INFO:root:[2025-11-10 05:33:31] WiFiBand.BAND_5_GHz  BAND:                     WiFiBand.BAND_5_GHz
INFO:root:[2025-11-10 05:33:31] WiFiBand.BAND_5_GHz  CHANNEL:                  108
INFO:root:[2025-11-10 05:33:31] WiFiBand.BAND_5_GHz  NOISE FLOOR (dBm):        -95
INFO:root:[2025-11-10 05:33:31] WiFiBand.BAND_5_GHz  AVG CLIENT SNR (dB):      0
INFO:root:[2025-11-10 05:33:31] WiFiBand.BAND_5_GHz  AVG COUNT:                0
INFO:root:[2025-11-10 05:33:31] WiFiBand.BAND_5_GHz  AVG THROUGHPUT (Mbps):    0
INFO:root:[2025-11-10 05:33:31] WiFiBand.BAND_5_GHz  CHANNEL UTILIZATION:      0
INFO:root:[2025-11-10 05:33:31] WiFiBand.BAND_5_GHz  INTERFERENCE:             0
INFO:root:[2025-11-10 05:33:31] WiFiBand.BAND_5_GHz  CLIENTS:                  set()
INFO:root:[2025-11-10 05:33:31] WiFiBand.BAND_5_GHz  QOE:                      0
INFO:root:[2025-11-10 05:33:31] WiFiBand.BAND_5_GHz  TX POWER (dBm):           0
INFO:root:[2025-11-10 05:33:31] WiFiBand.BAND_5_GHz  CHANNEL WIDTH (MHz):      0
INFO:root:[2025-11-10 05:33:31] WiFiBand.BAND_5_GHz  INTERFERENCE WEIGHT:      1
INFO:root:[2025-11-10 05:33:31] WiFiBand.BAND_5_GHz  DFS:                      1
INFO:root:
WARNING:root:DFS Radar detected...
WARNING:root:DFS detected on channel 10...
INFO:root:[Timer Started] Channel 108
INFO:root:Serving Client Request...
INFO:root:Scanning channels...
INFO:root:For 2_4GHz...
INFO:root:Noisiest 2_4GHz channel... 12
INFO:root:--------------------------------

INFO:root:[2025-11-10 05:33:38] WiFiBand.BAND_2_4_GHz  BAND:                     WiFiBand.BAND_2_4_GHz
INFO:root:[2025-11-10 05:33:38] WiFiBand.BAND_2_4_GHz  CHANNEL:                  12
INFO:root:[2025-11-10 05:33:38] WiFiBand.BAND_2_4_GHz  NOISE FLOOR (dBm):        -95
INFO:root:[2025-11-10 05:33:38] WiFiBand.BAND_2_4_GHz  AVG CLIENT SNR (dB):      0
INFO:root:[2025-11-10 05:33:38] WiFiBand.BAND_2_4_GHz  AVG COUNT:                0
INFO:root:[2025-11-10 05:33:38] WiFiBand.BAND_2_4_GHz  AVG THROUGHPUT (Mbps):    0
INFO:root:[2025-11-10 05:33:38] WiFiBand.BAND_2_4_GHz  CHANNEL UTILIZATION:      0
INFO:root:[2025-11-10 05:33:38] WiFiBand.BAND_2_4_GHz  INTERFERENCE:             0
INFO:root:[2025-11-10 05:33:38] WiFiBand.BAND_2_4_GHz  CLIENTS:                  set()
INFO:root:[2025-11-10 05:33:38] WiFiBand.BAND_2_4_GHz  QOE:                      0
INFO:root:[2025-11-10 05:33:38] WiFiBand.BAND_2_4_GHz  TX POWER (dBm):           0
INFO:root:[2025-11-10 05:33:38] WiFiBand.BAND_2_4_GHz  CHANNEL WIDTH (MHz):      0
INFO:root:[2025-11-10 05:33:38] WiFiBand.BAND_2_4_GHz  INTERFERENCE WEIGHT:      1
INFO:root:[2025-11-10 05:33:38] WiFiBand.BAND_2_4_GHz  DFS:                      0
INFO:root:
WARNING:root:[ALERT][2025-11-10 05:33:38][Channel 12] Sudden change in SNR: 50.75 (avg=15.22, dev=233.3%)
WARNING:root:[ALERT][2025-11-10 05:33:38][Channel 12] Sudden change in TX_power: 16.00 (avg=4.80, dev=233.3%)
WARNING:root:[ALERT][2025-11-10 05:33:38][Channel 12] Sudden change in Throughput: 62.63 (avg=18.79, dev=233.3%)
WARNING:root:[ALERT][2025-11-10 05:33:38][Channel 12] Sudden change in QoE: 4.66 (avg=1.40, dev=233.3%)
WARNING:root:[ALERT][2025-11-10 05:33:38][Channel 12] Sudden change in P95_retry: 14.46 (avg=4.34, dev=233.3%)
WARNING:root:[ALERT][2025-11-10 05:33:38][Channel 12] Sudden change in P95_PER: 0.00 (avg=0.00, dev=233.3%)
WARNING:root:[CUSUM ALERT][2025-11-10 05:33:38][Channel 12] SNR ↑ shift detected! deviation=35.52
WARNING:root:[CUSUM ALERT][2025-11-10 05:33:38][Channel 12] TX_power ↑ shift detected! deviation=11.20
WARNING:root:[CUSUM ALERT][2025-11-10 05:33:38][Channel 12] Throughput ↑ shift detected! deviation=43.84
WARNING:root:[CUSUM ALERT][2025-11-10 05:33:38][Channel 12] P95_retry ↑ shift detected! deviation=10.12
WARNING:root:[ALERT][2025-11-10 05:33:38][Channel 12] Sudden change in QoE: 4.62 (avg=2.36, dev=95.2%)
WARNING:root:[ALERT][2025-11-10 05:33:38][Channel 12] Sudden change in P95_PER: 0.01 (avg=0.00, dev=115.7%)
WARNING:root:[CUSUM ALERT][2025-11-10 05:33:38][Channel 12] NoiseFloor ↓ shift detected! deviation=-3.89
INFO:root:Scanning channels...
INFO:root:For 5GHz...
INFO:root:Noisiest 5GHz channel... 112
INFO:root:--------------------------------

INFO:root:[2025-11-10 05:33:38] WiFiBand.BAND_5_GHz  BAND:                     WiFiBand.BAND_5_GHz
INFO:root:[2025-11-10 05:33:38] WiFiBand.BAND_5_GHz  CHANNEL:                  112
INFO:root:[2025-11-10 05:33:38] WiFiBand.BAND_5_GHz  NOISE FLOOR (dBm):        -95
INFO:root:[2025-11-10 05:33:38] WiFiBand.BAND_5_GHz  AVG CLIENT SNR (dB):      0
INFO:root:[2025-11-10 05:33:38] WiFiBand.BAND_5_GHz  AVG COUNT:                0
INFO:root:[2025-11-10 05:33:38] WiFiBand.BAND_5_GHz  AVG THROUGHPUT (Mbps):    0
INFO:root:[2025-11-10 05:33:38] WiFiBand.BAND_5_GHz  CHANNEL UTILIZATION:      0
INFO:root:[2025-11-10 05:33:38] WiFiBand.BAND_5_GHz  INTERFERENCE:             0
INFO:root:[2025-11-10 05:33:38] WiFiBand.BAND_5_GHz  CLIENTS:                  set()
INFO:root:[2025-11-10 05:33:38] WiFiBand.BAND_5_GHz  QOE:                      0
INFO:root:[2025-11-10 05:33:38] WiFiBand.BAND_5_GHz  TX POWER (dBm):           0
INFO:root:[2025-11-10 05:33:38] WiFiBand.BAND_5_GHz  CHANNEL WIDTH (MHz):      0
INFO:root:[2025-11-10 05:33:38] WiFiBand.BAND_5_GHz  INTERFERENCE WEIGHT:      1
INFO:root:[2025-11-10 05:33:38] WiFiBand.BAND_5_GHz  DFS:                      1
INFO:root:
WARNING:root:[ALERT][2025-11-10 05:33:38][Channel 112] Sudden change in SNR: 48.02 (avg=14.41, dev=233.3%)
WARNING:root:[ALERT][2025-11-10 05:33:38][Channel 112] Sudden change in TX_power: 22.00 (avg=6.60, dev=233.3%)
WARNING:root:[ALERT][2025-11-10 05:33:38][Channel 112] Sudden change in Throughput: 410.67 (avg=123.20, dev=233.3%)
WARNING:root:[ALERT][2025-11-10 05:33:38][Channel 112] Sudden change in QoE: 4.93 (avg=1.48, dev=233.3%)
WARNING:root:[ALERT][2025-11-10 05:33:38][Channel 112] Sudden change in P95_retry: 4.76 (avg=1.43, dev=233.3%)
WARNING:root:[ALERT][2025-11-10 05:33:38][Channel 112] Sudden change in P95_PER: 0.01 (avg=0.00, dev=233.3%)
WARNING:root:[CUSUM ALERT][2025-11-10 05:33:38][Channel 112] SNR ↑ shift detected! deviation=33.62
WARNING:root:[CUSUM ALERT][2025-11-10 05:33:38][Channel 112] TX_power ↑ shift detected! deviation=15.40
WARNING:root:[CUSUM ALERT][2025-11-10 05:33:38][Channel 112] Throughput ↑ shift detected! deviation=287.47
WARNING:root:DFS Radar detected...
WARNING:root:DFS detected on channel 11...
INFO:root:[Timer Started] Channel 112
INFO:root:Serving Client Request...
INFO:root:Scanning channels...
INFO:root:For 2_4GHz...
INFO:root:Noisiest 2_4GHz channel... 13
INFO:root:--------------------------------

INFO:root:[2025-11-10 05:33:44] WiFiBand.BAND_2_4_GHz  BAND:                     WiFiBand.BAND_2_4_GHz
INFO:root:[2025-11-10 05:33:44] WiFiBand.BAND_2_4_GHz  CHANNEL:                  13
INFO:root:[2025-11-10 05:33:44] WiFiBand.BAND_2_4_GHz  NOISE FLOOR (dBm):        -95
INFO:root:[2025-11-10 05:33:44] WiFiBand.BAND_2_4_GHz  AVG CLIENT SNR (dB):      0
INFO:root:[2025-11-10 05:33:44] WiFiBand.BAND_2_4_GHz  AVG COUNT:                0
INFO:root:[2025-11-10 05:33:44] WiFiBand.BAND_2_4_GHz  AVG THROUGHPUT (Mbps):    0
INFO:root:[2025-11-10 05:33:44] WiFiBand.BAND_2_4_GHz  CHANNEL UTILIZATION:      0
INFO:root:[2025-11-10 05:33:44] WiFiBand.BAND_2_4_GHz  INTERFERENCE:             0
INFO:root:[2025-11-10 05:33:44] WiFiBand.BAND_2_4_GHz  CLIENTS:                  set()
INFO:root:[2025-11-10 05:33:44] WiFiBand.BAND_2_4_GHz  QOE:                      0
INFO:root:[2025-11-10 05:33:44] WiFiBand.BAND_2_4_GHz  TX POWER (dBm):           0
INFO:root:[2025-11-10 05:33:44] WiFiBand.BAND_2_4_GHz  CHANNEL WIDTH (MHz):      0
INFO:root:[2025-11-10 05:33:44] WiFiBand.BAND_2_4_GHz  INTERFERENCE WEIGHT:      1
INFO:root:[2025-11-10 05:33:44] WiFiBand.BAND_2_4_GHz  DFS:                      0
INFO:root:
WARNING:root:[ALERT][2025-11-10 05:33:44][Channel 13] Sudden change in SNR: 50.57 (avg=15.17, dev=233.3%)
WARNING:root:[ALERT][2025-11-10 05:33:44][Channel 13] Sudden change in TX_power: 16.00 (avg=4.80, dev=233.3%)
WARNING:root:[ALERT][2025-11-10 05:33:44][Channel 13] Sudden change in Throughput: 67.54 (avg=20.26, dev=233.3%)
WARNING:root:[ALERT][2025-11-10 05:33:44][Channel 13] Sudden change in QoE: 4.94 (avg=1.48, dev=233.3%)
WARNING:root:[ALERT][2025-11-10 05:33:44][Channel 13] Sudden change in P95_retry: 3.76 (avg=1.13, dev=233.3%)
WARNING:root:[ALERT][2025-11-10 05:33:44][Channel 13] Sudden change in P95_PER: 0.01 (avg=0.00, dev=233.3%)
WARNING:root:[CUSUM ALERT][2025-11-10 05:33:44][Channel 13] SNR ↑ shift detected! deviation=35.40
WARNING:root:[CUSUM ALERT][2025-11-10 05:33:44][Channel 13] TX_power ↑ shift detected! deviation=11.20
WARNING:root:[CUSUM ALERT][2025-11-10 05:33:44][Channel 13] Throughput ↑ shift detected! deviation=47.27
WARNING:root:[ALERT][2025-11-10 05:33:44][Channel 13] Sudden change in QoE: 4.37 (avg=2.35, dev=86.1%)
WARNING:root:[ALERT][2025-11-10 05:33:44][Channel 13] Sudden change in P95_retry: 22.67 (avg=7.59, dev=198.6%)
WARNING:root:[ALERT][2025-11-10 05:33:44][Channel 13] Sudden change in P95_PER: 0.01 (avg=0.01, dev=39.9%)
WARNING:root:[CUSUM ALERT][2025-11-10 05:33:44][Channel 13] NoiseFloor ↑ shift detected! deviation=3.29
INFO:root:Scanning channels...
INFO:root:For 5GHz...
INFO:root:Noisiest 5GHz channel... 116
INFO:root:--------------------------------

INFO:root:[2025-11-10 05:33:44] WiFiBand.BAND_5_GHz  BAND:                     WiFiBand.BAND_5_GHz
INFO:root:[2025-11-10 05:33:44] WiFiBand.BAND_5_GHz  CHANNEL:                  116
INFO:root:[2025-11-10 05:33:44] WiFiBand.BAND_5_GHz  NOISE FLOOR (dBm):        -95
INFO:root:[2025-11-10 05:33:44] WiFiBand.BAND_5_GHz  AVG CLIENT SNR (dB):      0
INFO:root:[2025-11-10 05:33:44] WiFiBand.BAND_5_GHz  AVG COUNT:                0
INFO:root:[2025-11-10 05:33:44] WiFiBand.BAND_5_GHz  AVG THROUGHPUT (Mbps):    0
INFO:root:[2025-11-10 05:33:44] WiFiBand.BAND_5_GHz  CHANNEL UTILIZATION:      0
INFO:root:[2025-11-10 05:33:44] WiFiBand.BAND_5_GHz  INTERFERENCE:             0
INFO:root:[2025-11-10 05:33:44] WiFiBand.BAND_5_GHz  CLIENTS:                  set()
INFO:root:[2025-11-10 05:33:44] WiFiBand.BAND_5_GHz  QOE:                      0
INFO:root:[2025-11-10 05:33:44] WiFiBand.BAND_5_GHz  TX POWER (dBm):           0
INFO:root:[2025-11-10 05:33:44] WiFiBand.BAND_5_GHz  CHANNEL WIDTH (MHz):      0
INFO:root:[2025-11-10 05:33:44] WiFiBand.BAND_5_GHz  INTERFERENCE WEIGHT:      1
INFO:root:[2025-11-10 05:33:44] WiFiBand.BAND_5_GHz  DFS:                      1
INFO:root:
WARNING:root:[ALERT][2025-11-10 05:33:44][Channel 116] Sudden change in SNR: 43.64 (avg=13.09, dev=233.3%)
WARNING:root:[ALERT][2025-11-10 05:33:44][Channel 116] Sudden change in TX_power: 22.00 (avg=6.60, dev=233.3%)
WARNING:root:[ALERT][2025-11-10 05:33:44][Channel 116] Sudden change in Throughput: 500.99 (avg=150.30, dev=233.3%)
WARNING:root:[ALERT][2025-11-10 05:33:44][Channel 116] Sudden change in QoE: 3.94 (avg=1.18, dev=233.3%)
WARNING:root:[ALERT][2025-11-10 05:33:44][Channel 116] Sudden change in P95_retry: 39.84 (avg=11.95, dev=233.3%)
WARNING:root:[ALERT][2025-11-10 05:33:44][Channel 116] Sudden change in P95_PER: 0.08 (avg=0.02, dev=233.3%)
WARNING:root:[CUSUM ALERT][2025-11-10 05:33:44][Channel 116] SNR ↑ shift detected! deviation=30.55
WARNING:root:[CUSUM ALERT][2025-11-10 05:33:44][Channel 116] TX_power ↑ shift detected! deviation=15.40
WARNING:root:[CUSUM ALERT][2025-11-10 05:33:44][Channel 116] Throughput ↑ shift detected! deviation=350.69
WARNING:root:[CUSUM ALERT][2025-11-10 05:33:44][Channel 116] P95_retry ↑ shift detected! deviation=27.89
WARNING:root:DFS Radar detected...
WARNING:root:DFS detected on channel 12...
INFO:root:[Timer Started] Channel 116
INFO:root:Serving Client Request...
INFO:root:Scanning channels...
INFO:root:For 2_4GHz...
INFO:root:Noisiest 2_4GHz channel... 14
INFO:root:--------------------------------

INFO:root:[2025-11-10 05:33:50] WiFiBand.BAND_2_4_GHz  BAND:                     WiFiBand.BAND_2_4_GHz
INFO:root:[2025-11-10 05:33:50] WiFiBand.BAND_2_4_GHz  CHANNEL:                  14
INFO:root:[2025-11-10 05:33:50] WiFiBand.BAND_2_4_GHz  NOISE FLOOR (dBm):        -95
INFO:root:[2025-11-10 05:33:50] WiFiBand.BAND_2_4_GHz  AVG CLIENT SNR (dB):      0
INFO:root:[2025-11-10 05:33:50] WiFiBand.BAND_2_4_GHz  AVG COUNT:                0
INFO:root:[2025-11-10 05:33:50] WiFiBand.BAND_2_4_GHz  AVG THROUGHPUT (Mbps):    0
INFO:root:[2025-11-10 05:33:50] WiFiBand.BAND_2_4_GHz  CHANNEL UTILIZATION:      0
INFO:root:[2025-11-10 05:33:50] WiFiBand.BAND_2_4_GHz  INTERFERENCE:             0
INFO:root:[2025-11-10 05:33:50] WiFiBand.BAND_2_4_GHz  CLIENTS:                  set()
INFO:root:[2025-11-10 05:33:50] WiFiBand.BAND_2_4_GHz  QOE:                      0
INFO:root:[2025-11-10 05:33:50] WiFiBand.BAND_2_4_GHz  TX POWER (dBm):           0
INFO:root:[2025-11-10 05:33:50] WiFiBand.BAND_2_4_GHz  CHANNEL WIDTH (MHz):      0
INFO:root:[2025-11-10 05:33:50] WiFiBand.BAND_2_4_GHz  INTERFERENCE WEIGHT:      1
INFO:root:[2025-11-10 05:33:50] WiFiBand.BAND_2_4_GHz  DFS:                      0
INFO:root:
WARNING:root:[ALERT][2025-11-10 05:33:50][Channel 14] Sudden change in SNR: 53.19 (avg=15.96, dev=233.3%)
WARNING:root:[ALERT][2025-11-10 05:33:50][Channel 14] Sudden change in TX_power: 18.00 (avg=5.40, dev=233.3%)
WARNING:root:[ALERT][2025-11-10 05:33:50][Channel 14] Sudden change in Throughput: 68.84 (avg=20.65, dev=233.3%)
WARNING:root:[ALERT][2025-11-10 05:33:50][Channel 14] Sudden change in QoE: 4.97 (avg=1.49, dev=233.3%)
WARNING:root:[ALERT][2025-11-10 05:33:50][Channel 14] Sudden change in P95_retry: 3.06 (avg=0.92, dev=233.3%)
WARNING:root:[ALERT][2025-11-10 05:33:50][Channel 14] Sudden change in P95_PER: 0.01 (avg=0.00, dev=233.3%)
WARNING:root:[CUSUM ALERT][2025-11-10 05:33:50][Channel 14] SNR ↑ shift detected! deviation=37.23
WARNING:root:[CUSUM ALERT][2025-11-10 05:33:50][Channel 14] TX_power ↑ shift detected! deviation=12.60
WARNING:root:[CUSUM ALERT][2025-11-10 05:33:50][Channel 14] Throughput ↑ shift detected! deviation=48.19
WARNING:root:[ALERT][2025-11-10 05:33:50][Channel 14] Sudden change in QoE: 4.44 (avg=2.37, dev=86.8%)
WARNING:root:[ALERT][2025-11-10 05:33:50][Channel 14] Sudden change in P95_retry: 21.12 (avg=6.98, dev=202.7%)
WARNING:root:[ALERT][2025-11-10 05:33:50][Channel 14] Sudden change in P95_PER: 0.00 (avg=0.00, dev=54.3%)
WARNING:root:[CUSUM ALERT][2025-11-10 05:33:50][Channel 14] NoiseFloor ↑ shift detected! deviation=3.08
INFO:root:Scanning channels...
INFO:root:For 5GHz...
INFO:root:Noisiest 5GHz channel... 120
INFO:root:--------------------------------

INFO:root:[2025-11-10 05:33:51] WiFiBand.BAND_5_GHz  BAND:                     WiFiBand.BAND_5_GHz
INFO:root:[2025-11-10 05:33:51] WiFiBand.BAND_5_GHz  CHANNEL:                  120
INFO:root:[2025-11-10 05:33:51] WiFiBand.BAND_5_GHz  NOISE FLOOR (dBm):        -95
INFO:root:[2025-11-10 05:33:51] WiFiBand.BAND_5_GHz  AVG CLIENT SNR (dB):      0
INFO:root:[2025-11-10 05:33:51] WiFiBand.BAND_5_GHz  AVG COUNT:                0
INFO:root:[2025-11-10 05:33:51] WiFiBand.BAND_5_GHz  AVG THROUGHPUT (Mbps):    0
INFO:root:[2025-11-10 05:33:51] WiFiBand.BAND_5_GHz  CHANNEL UTILIZATION:      0
INFO:root:[2025-11-10 05:33:51] WiFiBand.BAND_5_GHz  INTERFERENCE:             0
INFO:root:[2025-11-10 05:33:51] WiFiBand.BAND_5_GHz  CLIENTS:                  set()
INFO:root:[2025-11-10 05:33:51] WiFiBand.BAND_5_GHz  QOE:                      0
INFO:root:[2025-11-10 05:33:51] WiFiBand.BAND_5_GHz  TX POWER (dBm):           0
INFO:root:[2025-11-10 05:33:51] WiFiBand.BAND_5_GHz  CHANNEL WIDTH (MHz):      0
INFO:root:[2025-11-10 05:33:51] WiFiBand.BAND_5_GHz  INTERFERENCE WEIGHT:      1
INFO:root:[2025-11-10 05:33:51] WiFiBand.BAND_5_GHz  DFS:                      1
INFO:root:
WARNING:root:[ALERT][2025-11-10 05:33:51][Channel 120] Sudden change in SNR: 41.09 (avg=12.33, dev=233.3%)
WARNING:root:[ALERT][2025-11-10 05:33:51][Channel 120] Sudden change in TX_power: 15.00 (avg=4.50, dev=233.3%)
WARNING:root:[ALERT][2025-11-10 05:33:51][Channel 120] Sudden change in Throughput: 411.29 (avg=123.39, dev=233.3%)
WARNING:root:[ALERT][2025-11-10 05:33:51][Channel 120] Sudden change in QoE: 4.95 (avg=1.48, dev=233.3%)
WARNING:root:[ALERT][2025-11-10 05:33:51][Channel 120] Sudden change in P95_retry: 2.42 (avg=0.73, dev=233.3%)
WARNING:root:[ALERT][2025-11-10 05:33:51][Channel 120] Sudden change in P95_PER: 0.13 (avg=0.04, dev=233.3%)
WARNING:root:[CUSUM ALERT][2025-11-10 05:33:51][Channel 120] SNR ↑ shift detected! deviation=28.76
WARNING:root:[CUSUM ALERT][2025-11-10 05:33:51][Channel 120] TX_power ↑ shift detected! deviation=10.50
WARNING:root:[CUSUM ALERT][2025-11-10 05:33:51][Channel 120] Throughput ↑ shift detected! deviation=287.91
WARNING:root:[ALERT][2025-11-10 05:33:51][Channel 120] Sudden change in QoE: 4.83 (avg=2.49, dev=94.0%)
WARNING:root:[ALERT][2025-11-10 05:33:51][Channel 120] Sudden change in P95_retry: 7.87 (avg=2.87, dev=174.2%)
WARNING:root:[ALERT][2025-11-10 05:33:51][Channel 120] Sudden change in P95_PER: 0.14 (avg=0.07, dev=104.1%)
WARNING:root:DFS Radar detected...
WARNING:root:DFS detected on channel 13...
INFO:root:[Timer Started] Channel 120
INFO:root:Serving Client Request...
INFO:root:Scanning channels...
INFO:root:For 2_4GHz...
INFO:root:Noisiest 2_4GHz channel... 1
INFO:root:--------------------------------

INFO:root:[2025-11-10 05:33:57] WiFiBand.BAND_2_4_GHz  BAND:                     WiFiBand.BAND_2_4_GHz
INFO:root:[2025-11-10 05:33:57] WiFiBand.BAND_2_4_GHz  CHANNEL:                  1
INFO:root:[2025-11-10 05:33:57] WiFiBand.BAND_2_4_GHz  NOISE FLOOR (dBm):        -94.98158776471328
INFO:root:[2025-11-10 05:33:57] WiFiBand.BAND_2_4_GHz  AVG CLIENT SNR (dB):      53.993060041147814
INFO:root:[2025-11-10 05:33:57] WiFiBand.BAND_2_4_GHz  AVG COUNT:                8640
INFO:root:[2025-11-10 05:33:57] WiFiBand.BAND_2_4_GHz  AVG THROUGHPUT (Mbps):    59.247251241293256
INFO:root:[2025-11-10 05:33:57] WiFiBand.BAND_2_4_GHz  CHANNEL UTILIZATION:      0.472401536708141
INFO:root:[2025-11-10 05:33:57] WiFiBand.BAND_2_4_GHz  INTERFERENCE:             4341
INFO:root:[2025-11-10 05:33:57] WiFiBand.BAND_2_4_GHz  CLIENTS:                  {'AP24_1'}
INFO:root:[2025-11-10 05:33:57] WiFiBand.BAND_2_4_GHz  QOE:                      4.477610882009442
INFO:root:[2025-11-10 05:33:57] WiFiBand.BAND_2_4_GHz  TX POWER (dBm):           19.999998649285086
INFO:root:[2025-11-10 05:33:57] WiFiBand.BAND_2_4_GHz  CHANNEL WIDTH (MHz):      0
INFO:root:[2025-11-10 05:33:57] WiFiBand.BAND_2_4_GHz  INTERFERENCE WEIGHT:      1
INFO:root:[2025-11-10 05:33:57] WiFiBand.BAND_2_4_GHz  DFS:                      0
INFO:root:
WARNING:root:[ALERT][2025-11-10 05:33:57][Channel 1] Sudden change in P95_retry: 32.25 (avg=20.24, dev=59.4%)
WARNING:root:[CUSUM ALERT][2025-11-10 05:33:57][Channel 1] Throughput ↓ shift detected! deviation=-7.35
WARNING:root:[ALERT][2025-11-10 05:33:57][Channel 1] Sudden change in P95_PER: 0.00 (avg=0.00, dev=24.7%)
WARNING:root:[CUSUM ALERT][2025-11-10 05:33:57][Channel 1] SNR ↑ shift detected! deviation=1.84
WARNING:root:[CUSUM ALERT][2025-11-10 05:33:57][Channel 1] NoiseFloor ↓ shift detected! deviation=-3.49
INFO:root:Scanning channels...
INFO:root:For 5GHz...
INFO:root:Noisiest 5GHz channel... 124
INFO:root:--------------------------------

INFO:root:[2025-11-10 05:33:57] WiFiBand.BAND_5_GHz  BAND:                     WiFiBand.BAND_5_GHz
INFO:root:[2025-11-10 05:33:57] WiFiBand.BAND_5_GHz  CHANNEL:                  124
INFO:root:[2025-11-10 05:33:57] WiFiBand.BAND_5_GHz  NOISE FLOOR (dBm):        -95
INFO:root:[2025-11-10 05:33:57] WiFiBand.BAND_5_GHz  AVG CLIENT SNR (dB):      0
INFO:root:[2025-11-10 05:33:57] WiFiBand.BAND_5_GHz  AVG COUNT:                0
INFO:root:[2025-11-10 05:33:57] WiFiBand.BAND_5_GHz  AVG THROUGHPUT (Mbps):    0
INFO:root:[2025-11-10 05:33:57] WiFiBand.BAND_5_GHz  CHANNEL UTILIZATION:      0
INFO:root:[2025-11-10 05:33:57] WiFiBand.BAND_5_GHz  INTERFERENCE:             0
INFO:root:[2025-11-10 05:33:57] WiFiBand.BAND_5_GHz  CLIENTS:                  set()
INFO:root:[2025-11-10 05:33:57] WiFiBand.BAND_5_GHz  QOE:                      0
INFO:root:[2025-11-10 05:33:57] WiFiBand.BAND_5_GHz  TX POWER (dBm):           0
INFO:root:[2025-11-10 05:33:57] WiFiBand.BAND_5_GHz  CHANNEL WIDTH (MHz):      0
INFO:root:[2025-11-10 05:33:57] WiFiBand.BAND_5_GHz  INTERFERENCE WEIGHT:      1
INFO:root:[2025-11-10 05:33:57] WiFiBand.BAND_5_GHz  DFS:                      1
INFO:root:
WARNING:root:[ALERT][2025-11-10 05:33:57][Channel 124] Sudden change in SNR: 45.45 (avg=13.63, dev=233.3%)
WARNING:root:[ALERT][2025-11-10 05:33:57][Channel 124] Sudden change in TX_power: 20.00 (avg=6.00, dev=233.3%)
WARNING:root:[ALERT][2025-11-10 05:33:57][Channel 124] Sudden change in Throughput: 348.59 (avg=104.58, dev=233.3%)
WARNING:root:[ALERT][2025-11-10 05:33:57][Channel 124] Sudden change in QoE: 4.39 (avg=1.32, dev=233.3%)
WARNING:root:[ALERT][2025-11-10 05:33:57][Channel 124] Sudden change in P95_retry: 22.83 (avg=6.85, dev=233.3%)
WARNING:root:[ALERT][2025-11-10 05:33:57][Channel 124] Sudden change in P95_PER: 0.03 (avg=0.01, dev=233.3%)
WARNING:root:[CUSUM ALERT][2025-11-10 05:33:57][Channel 124] SNR ↑ shift detected! deviation=31.81
WARNING:root:[CUSUM ALERT][2025-11-10 05:33:57][Channel 124] TX_power ↑ shift detected! deviation=14.00
WARNING:root:[CUSUM ALERT][2025-11-10 05:33:57][Channel 124] Throughput ↑ shift detected! deviation=244.02
WARNING:root:[CUSUM ALERT][2025-11-10 05:33:57][Channel 124] P95_retry ↑ shift detected! deviation=15.98
WARNING:root:[ALERT][2025-11-10 05:33:57][Channel 124] Sudden change in QoE: 4.18 (avg=2.18, dev=92.0%)
WARNING:root:[ALERT][2025-11-10 05:33:57][Channel 124] Sudden change in P95_PER: 0.03 (avg=0.01, dev=97.3%)
WARNING:root:DFS Radar detected...
WARNING:root:DFS detected on channel 14...
INFO:root:[Timer Started] Channel 124
INFO:root:Serving Client Request...
INFO:root:--------------------------------

INFO:root:[2025-11-10 05:34:01] WiFiBand.BAND_2_4_GHz  BAND:                     WiFiBand.BAND_2_4_GHz
INFO:root:[2025-11-10 05:34:01] WiFiBand.BAND_2_4_GHz  CHANNEL:                  1
INFO:root:[2025-11-10 05:34:01] WiFiBand.BAND_2_4_GHz  NOISE FLOOR (dBm):        -94.98863438798583
INFO:root:[2025-11-10 05:34:01] WiFiBand.BAND_2_4_GHz  AVG CLIENT SNR (dB):      53.998960331075004
INFO:root:[2025-11-10 05:34:01] WiFiBand.BAND_2_4_GHz  AVG COUNT:                17280
INFO:root:[2025-11-10 05:34:01] WiFiBand.BAND_2_4_GHz  AVG THROUGHPUT (Mbps):    59.24033491681046
INFO:root:[2025-11-10 05:34:01] WiFiBand.BAND_2_4_GHz  CHANNEL UTILIZATION:      0.4546441898012651
INFO:root:[2025-11-10 05:34:01] WiFiBand.BAND_2_4_GHz  INTERFERENCE:             8682
INFO:root:[2025-11-10 05:34:01] WiFiBand.BAND_2_4_GHz  CLIENTS:                  {'AP24_1'}
INFO:root:[2025-11-10 05:34:01] WiFiBand.BAND_2_4_GHz  QOE:                      4.4772417136199
INFO:root:[2025-11-10 05:34:01] WiFiBand.BAND_2_4_GHz  TX POWER (dBm):           19.999999662301782
INFO:root:[2025-11-10 05:34:01] WiFiBand.BAND_2_4_GHz  CHANNEL WIDTH (MHz):      0
INFO:root:[2025-11-10 05:34:01] WiFiBand.BAND_2_4_GHz  INTERFERENCE WEIGHT:      1
INFO:root:[2025-11-10 05:34:01] WiFiBand.BAND_2_4_GHz  DFS:                      0
INFO:root:
INFO:root:--------------------------------

INFO:root:[2025-11-10 05:34:01] WiFiBand.BAND_2_4_GHz  BAND:                     WiFiBand.BAND_2_4_GHz
INFO:root:[2025-11-10 05:34:01] WiFiBand.BAND_2_4_GHz  CHANNEL:                  2
INFO:root:[2025-11-10 05:34:01] WiFiBand.BAND_2_4_GHz  NOISE FLOOR (dBm):        -94.9879094435747
INFO:root:[2025-11-10 05:34:01] WiFiBand.BAND_2_4_GHz  AVG CLIENT SNR (dB):      51.06503906948076
INFO:root:[2025-11-10 05:34:01] WiFiBand.BAND_2_4_GHz  AVG COUNT:                8640
INFO:root:[2025-11-10 05:34:01] WiFiBand.BAND_2_4_GHz  AVG THROUGHPUT (Mbps):    59.20625305310319
INFO:root:[2025-11-10 05:34:01] WiFiBand.BAND_2_4_GHz  CHANNEL UTILIZATION:      0.4718404678276779
INFO:root:[2025-11-10 05:34:01] WiFiBand.BAND_2_4_GHz  INTERFERENCE:             4334
INFO:root:[2025-11-10 05:34:01] WiFiBand.BAND_2_4_GHz  CLIENTS:                  {'AP24_2'}
INFO:root:[2025-11-10 05:34:01] WiFiBand.BAND_2_4_GHz  QOE:                      4.47549742443073
INFO:root:[2025-11-10 05:34:01] WiFiBand.BAND_2_4_GHz  TX POWER (dBm):           16.999998851892144
INFO:root:[2025-11-10 05:34:01] WiFiBand.BAND_2_4_GHz  CHANNEL WIDTH (MHz):      0
INFO:root:[2025-11-10 05:34:01] WiFiBand.BAND_2_4_GHz  INTERFERENCE WEIGHT:      1
INFO:root:[2025-11-10 05:34:01] WiFiBand.BAND_2_4_GHz  DFS:                      0
INFO:root:
INFO:root:--------------------------------

INFO:root:[2025-11-10 05:34:01] WiFiBand.BAND_2_4_GHz  BAND:                     WiFiBand.BAND_2_4_GHz
INFO:root:[2025-11-10 05:34:01] WiFiBand.BAND_2_4_GHz  CHANNEL:                  3
INFO:root:[2025-11-10 05:34:01] WiFiBand.BAND_2_4_GHz  NOISE FLOOR (dBm):        -95.00462347728389
INFO:root:[2025-11-10 05:34:01] WiFiBand.BAND_2_4_GHz  AVG CLIENT SNR (dB):      52.24322876606148
INFO:root:[2025-11-10 05:34:01] WiFiBand.BAND_2_4_GHz  AVG COUNT:                8640
INFO:root:[2025-11-10 05:34:01] WiFiBand.BAND_2_4_GHz  AVG THROUGHPUT (Mbps):    59.206943645574015
INFO:root:[2025-11-10 05:34:01] WiFiBand.BAND_2_4_GHz  CHANNEL UTILIZATION:      0.47120296240587434
INFO:root:[2025-11-10 05:34:01] WiFiBand.BAND_2_4_GHz  INTERFERENCE:             4331
INFO:root:[2025-11-10 05:34:01] WiFiBand.BAND_2_4_GHz  CLIENTS:                  {'AP24_3'}
INFO:root:[2025-11-10 05:34:01] WiFiBand.BAND_2_4_GHz  QOE:                      4.4754096357829045
INFO:root:[2025-11-10 05:34:01] WiFiBand.BAND_2_4_GHz  TX POWER (dBm):           17.999998784356485
INFO:root:[2025-11-10 05:34:01] WiFiBand.BAND_2_4_GHz  CHANNEL WIDTH (MHz):      0
INFO:root:[2025-11-10 05:34:01] WiFiBand.BAND_2_4_GHz  INTERFERENCE WEIGHT:      1
INFO:root:[2025-11-10 05:34:01] WiFiBand.BAND_2_4_GHz  DFS:                      0
INFO:root:
INFO:root:--------------------------------

INFO:root:[2025-11-10 05:34:01] WiFiBand.BAND_2_4_GHz  BAND:                     WiFiBand.BAND_2_4_GHz
INFO:root:[2025-11-10 05:34:01] WiFiBand.BAND_2_4_GHz  CHANNEL:                  4
INFO:root:[2025-11-10 05:34:01] WiFiBand.BAND_2_4_GHz  NOISE FLOOR (dBm):        -94.98200782979762
INFO:root:[2025-11-10 05:34:01] WiFiBand.BAND_2_4_GHz  AVG CLIENT SNR (dB):      52.53355628655897
INFO:root:[2025-11-10 05:34:01] WiFiBand.BAND_2_4_GHz  AVG COUNT:                8640
INFO:root:[2025-11-10 05:34:01] WiFiBand.BAND_2_4_GHz  AVG THROUGHPUT (Mbps):    59.33490839869827
INFO:root:[2025-11-10 05:34:01] WiFiBand.BAND_2_4_GHz  CHANNEL UTILIZATION:      0.4711320239631622
INFO:root:[2025-11-10 05:34:01] WiFiBand.BAND_2_4_GHz  INTERFERENCE:             4303
INFO:root:[2025-11-10 05:34:01] WiFiBand.BAND_2_4_GHz  CLIENTS:                  {'AP24_4'}
INFO:root:[2025-11-10 05:34:01] WiFiBand.BAND_2_4_GHz  QOE:                      4.4819199893821295
INFO:root:[2025-11-10 05:34:01] WiFiBand.BAND_2_4_GHz  TX POWER (dBm):           19.999998649285086
INFO:root:[2025-11-10 05:34:01] WiFiBand.BAND_2_4_GHz  CHANNEL WIDTH (MHz):      0
INFO:root:[2025-11-10 05:34:01] WiFiBand.BAND_2_4_GHz  INTERFERENCE WEIGHT:      1
INFO:root:[2025-11-10 05:34:01] WiFiBand.BAND_2_4_GHz  DFS:                      0
INFO:root:
INFO:root:--------------------------------

INFO:root:[2025-11-10 05:34:01] WiFiBand.BAND_2_4_GHz  BAND:                     WiFiBand.BAND_2_4_GHz
INFO:root:[2025-11-10 05:34:01] WiFiBand.BAND_2_4_GHz  CHANNEL:                  5
INFO:root:[2025-11-10 05:34:01] WiFiBand.BAND_2_4_GHz  NOISE FLOOR (dBm):        -94.95007673349771
INFO:root:[2025-11-10 05:34:01] WiFiBand.BAND_2_4_GHz  AVG CLIENT SNR (dB):      50.46052078273435
INFO:root:[2025-11-10 05:34:01] WiFiBand.BAND_2_4_GHz  AVG COUNT:                8640
INFO:root:[2025-11-10 05:34:01] WiFiBand.BAND_2_4_GHz  AVG THROUGHPUT (Mbps):    59.146304912861446
INFO:root:[2025-11-10 05:34:01] WiFiBand.BAND_2_4_GHz  CHANNEL UTILIZATION:      0.4738865192036302
INFO:root:[2025-11-10 05:34:01] WiFiBand.BAND_2_4_GHz  INTERFERENCE:             4439
INFO:root:[2025-11-10 05:34:01] WiFiBand.BAND_2_4_GHz  CLIENTS:                  {'AP24_5'}
INFO:root:[2025-11-10 05:34:01] WiFiBand.BAND_2_4_GHz  QOE:                      4.47156583961879
INFO:root:[2025-11-10 05:34:01] WiFiBand.BAND_2_4_GHz  TX POWER (dBm):           15.999998919428055
INFO:root:[2025-11-10 05:34:01] WiFiBand.BAND_2_4_GHz  CHANNEL WIDTH (MHz):      0
INFO:root:[2025-11-10 05:34:01] WiFiBand.BAND_2_4_GHz  INTERFERENCE WEIGHT:      1
INFO:root:[2025-11-10 05:34:01] WiFiBand.BAND_2_4_GHz  DFS:                      0
INFO:root:
INFO:root:--------------------------------

INFO:root:[2025-11-10 05:34:01] WiFiBand.BAND_2_4_GHz  BAND:                     WiFiBand.BAND_2_4_GHz
INFO:root:[2025-11-10 05:34:01] WiFiBand.BAND_2_4_GHz  CHANNEL:                  6
INFO:root:[2025-11-10 05:34:01] WiFiBand.BAND_2_4_GHz  NOISE FLOOR (dBm):        -95.00885837505952
INFO:root:[2025-11-10 05:34:01] WiFiBand.BAND_2_4_GHz  AVG CLIENT SNR (dB):      53.55646089287153
INFO:root:[2025-11-10 05:34:01] WiFiBand.BAND_2_4_GHz  AVG COUNT:                8640
INFO:root:[2025-11-10 05:34:01] WiFiBand.BAND_2_4_GHz  AVG THROUGHPUT (Mbps):    59.37992724258815
INFO:root:[2025-11-10 05:34:01] WiFiBand.BAND_2_4_GHz  CHANNEL UTILIZATION:      0.4729969635845919
INFO:root:[2025-11-10 05:34:01] WiFiBand.BAND_2_4_GHz  INTERFERENCE:             4378
INFO:root:[2025-11-10 05:34:01] WiFiBand.BAND_2_4_GHz  CLIENTS:                  {'AP24_6'}
INFO:root:[2025-11-10 05:34:01] WiFiBand.BAND_2_4_GHz  QOE:                      4.48425667312953
INFO:root:[2025-11-10 05:34:01] WiFiBand.BAND_2_4_GHz  TX POWER (dBm):           17.999998784356485
INFO:root:[2025-11-10 05:34:01] WiFiBand.BAND_2_4_GHz  CHANNEL WIDTH (MHz):      0
INFO:root:[2025-11-10 05:34:01] WiFiBand.BAND_2_4_GHz  INTERFERENCE WEIGHT:      1
INFO:root:[2025-11-10 05:34:01] WiFiBand.BAND_2_4_GHz  DFS:                      0
INFO:root:
INFO:root:--------------------------------

INFO:root:[2025-11-10 05:34:01] WiFiBand.BAND_2_4_GHz  BAND:                     WiFiBand.BAND_2_4_GHz
INFO:root:[2025-11-10 05:34:01] WiFiBand.BAND_2_4_GHz  CHANNEL:                  7
INFO:root:[2025-11-10 05:34:01] WiFiBand.BAND_2_4_GHz  NOISE FLOOR (dBm):        -94.99375209543366
INFO:root:[2025-11-10 05:34:01] WiFiBand.BAND_2_4_GHz  AVG CLIENT SNR (dB):      51.74074973246082
INFO:root:[2025-11-10 05:34:01] WiFiBand.BAND_2_4_GHz  AVG COUNT:                8640
INFO:root:[2025-11-10 05:34:01] WiFiBand.BAND_2_4_GHz  AVG THROUGHPUT (Mbps):    59.19714638142391
INFO:root:[2025-11-10 05:34:01] WiFiBand.BAND_2_4_GHz  CHANNEL UTILIZATION:      0.47305599694198214
INFO:root:[2025-11-10 05:34:01] WiFiBand.BAND_2_4_GHz  INTERFERENCE:             4263
INFO:root:[2025-11-10 05:34:01] WiFiBand.BAND_2_4_GHz  CLIENTS:                  {'AP24_7'}
INFO:root:[2025-11-10 05:34:01] WiFiBand.BAND_2_4_GHz  QOE:                      4.474531370261232
INFO:root:[2025-11-10 05:34:01] WiFiBand.BAND_2_4_GHz  TX POWER (dBm):           17.999998784356485
INFO:root:[2025-11-10 05:34:01] WiFiBand.BAND_2_4_GHz  CHANNEL WIDTH (MHz):      0
INFO:root:[2025-11-10 05:34:01] WiFiBand.BAND_2_4_GHz  INTERFERENCE WEIGHT:      1
INFO:root:[2025-11-10 05:34:01] WiFiBand.BAND_2_4_GHz  DFS:                      0
INFO:root:
INFO:root:--------------------------------

INFO:root:[2025-11-10 05:34:01] WiFiBand.BAND_2_4_GHz  BAND:                     WiFiBand.BAND_2_4_GHz
INFO:root:[2025-11-10 05:34:01] WiFiBand.BAND_2_4_GHz  CHANNEL:                  8
INFO:root:[2025-11-10 05:34:01] WiFiBand.BAND_2_4_GHz  NOISE FLOOR (dBm):        -95.01098372482917
INFO:root:[2025-11-10 05:34:01] WiFiBand.BAND_2_4_GHz  AVG CLIENT SNR (dB):      55.2056759419278
INFO:root:[2025-11-10 05:34:01] WiFiBand.BAND_2_4_GHz  AVG COUNT:                8640
INFO:root:[2025-11-10 05:34:01] WiFiBand.BAND_2_4_GHz  AVG THROUGHPUT (Mbps):    59.216127504780786
INFO:root:[2025-11-10 05:34:01] WiFiBand.BAND_2_4_GHz  CHANNEL UTILIZATION:      0.47184220941061966
INFO:root:[2025-11-10 05:34:01] WiFiBand.BAND_2_4_GHz  INTERFERENCE:             4402
INFO:root:[2025-11-10 05:34:01] WiFiBand.BAND_2_4_GHz  CLIENTS:                  {'AP24_8'}
INFO:root:[2025-11-10 05:34:01] WiFiBand.BAND_2_4_GHz  QOE:                      4.475348100909821
INFO:root:[2025-11-10 05:34:01] WiFiBand.BAND_2_4_GHz  TX POWER (dBm):           19.999998649285086
INFO:root:[2025-11-10 05:34:01] WiFiBand.BAND_2_4_GHz  CHANNEL WIDTH (MHz):      0
INFO:root:[2025-11-10 05:34:01] WiFiBand.BAND_2_4_GHz  INTERFERENCE WEIGHT:      1
INFO:root:[2025-11-10 05:34:01] WiFiBand.BAND_2_4_GHz  DFS:                      0
INFO:root:
INFO:root:--------------------------------

INFO:root:[2025-11-10 05:34:01] WiFiBand.BAND_2_4_GHz  BAND:                     WiFiBand.BAND_2_4_GHz
INFO:root:[2025-11-10 05:34:01] WiFiBand.BAND_2_4_GHz  CHANNEL:                  9
INFO:root:[2025-11-10 05:34:01] WiFiBand.BAND_2_4_GHz  NOISE FLOOR (dBm):        -94.97686645608124
INFO:root:[2025-11-10 05:34:01] WiFiBand.BAND_2_4_GHz  AVG CLIENT SNR (dB):      52.199886284924986
INFO:root:[2025-11-10 05:34:01] WiFiBand.BAND_2_4_GHz  AVG COUNT:                8640
INFO:root:[2025-11-10 05:34:01] WiFiBand.BAND_2_4_GHz  AVG THROUGHPUT (Mbps):    59.144310555214545
INFO:root:[2025-11-10 05:34:01] WiFiBand.BAND_2_4_GHz  CHANNEL UTILIZATION:      0.47115272979977224
INFO:root:[2025-11-10 05:34:01] WiFiBand.BAND_2_4_GHz  INTERFERENCE:             4231
INFO:root:[2025-11-10 05:34:01] WiFiBand.BAND_2_4_GHz  CLIENTS:                  {'AP24_9'}
INFO:root:[2025-11-10 05:34:01] WiFiBand.BAND_2_4_GHz  QOE:                      4.47177194169927
INFO:root:[2025-11-10 05:34:01] WiFiBand.BAND_2_4_GHz  TX POWER (dBm):           14.999998986963769
INFO:root:[2025-11-10 05:34:01] WiFiBand.BAND_2_4_GHz  CHANNEL WIDTH (MHz):      0
INFO:root:[2025-11-10 05:34:01] WiFiBand.BAND_2_4_GHz  INTERFERENCE WEIGHT:      1
INFO:root:[2025-11-10 05:34:01] WiFiBand.BAND_2_4_GHz  DFS:                      0
INFO:root:
INFO:root:--------------------------------

INFO:root:[2025-11-10 05:34:01] WiFiBand.BAND_2_4_GHz  BAND:                     WiFiBand.BAND_2_4_GHz
INFO:root:[2025-11-10 05:34:01] WiFiBand.BAND_2_4_GHz  CHANNEL:                  10
INFO:root:[2025-11-10 05:34:01] WiFiBand.BAND_2_4_GHz  NOISE FLOOR (dBm):        -94.97795402540375
INFO:root:[2025-11-10 05:34:01] WiFiBand.BAND_2_4_GHz  AVG CLIENT SNR (dB):      48.85828364555152
INFO:root:[2025-11-10 05:34:01] WiFiBand.BAND_2_4_GHz  AVG COUNT:                8640
INFO:root:[2025-11-10 05:34:01] WiFiBand.BAND_2_4_GHz  AVG THROUGHPUT (Mbps):    59.32004563624581
INFO:root:[2025-11-10 05:34:01] WiFiBand.BAND_2_4_GHz  CHANNEL UTILIZATION:      0.472588620784972
INFO:root:[2025-11-10 05:34:01] WiFiBand.BAND_2_4_GHz  INTERFERENCE:             4257
INFO:root:[2025-11-10 05:34:01] WiFiBand.BAND_2_4_GHz  CLIENTS:                  {'AP24_10'}
INFO:root:[2025-11-10 05:34:01] WiFiBand.BAND_2_4_GHz  QOE:                      4.4815455930285895
INFO:root:[2025-11-10 05:34:01] WiFiBand.BAND_2_4_GHz  TX POWER (dBm):           15.999998919428055
INFO:root:[2025-11-10 05:34:01] WiFiBand.BAND_2_4_GHz  CHANNEL WIDTH (MHz):      0
INFO:root:[2025-11-10 05:34:01] WiFiBand.BAND_2_4_GHz  INTERFERENCE WEIGHT:      1
INFO:root:[2025-11-10 05:34:01] WiFiBand.BAND_2_4_GHz  DFS:                      0
INFO:root:
INFO:root:--------------------------------

INFO:root:[2025-11-10 05:34:01] WiFiBand.BAND_2_4_GHz  BAND:                     WiFiBand.BAND_2_4_GHz
INFO:root:[2025-11-10 05:34:01] WiFiBand.BAND_2_4_GHz  CHANNEL:                  11
INFO:root:[2025-11-10 05:34:01] WiFiBand.BAND_2_4_GHz  NOISE FLOOR (dBm):        -95.00696721972766
INFO:root:[2025-11-10 05:34:01] WiFiBand.BAND_2_4_GHz  AVG CLIENT SNR (dB):      52.583342899411
INFO:root:[2025-11-10 05:34:01] WiFiBand.BAND_2_4_GHz  AVG COUNT:                8640
INFO:root:[2025-11-10 05:34:01] WiFiBand.BAND_2_4_GHz  AVG THROUGHPUT (Mbps):    59.28316025668325
INFO:root:[2025-11-10 05:34:01] WiFiBand.BAND_2_4_GHz  CHANNEL UTILIZATION:      0.47174922402491154
INFO:root:[2025-11-10 05:34:01] WiFiBand.BAND_2_4_GHz  INTERFERENCE:             4306
INFO:root:[2025-11-10 05:34:01] WiFiBand.BAND_2_4_GHz  CLIENTS:                  {'AP24_11'}
INFO:root:[2025-11-10 05:34:01] WiFiBand.BAND_2_4_GHz  QOE:                      4.479069653095331
INFO:root:[2025-11-10 05:34:01] WiFiBand.BAND_2_4_GHz  TX POWER (dBm):           19.999998649285086
INFO:root:[2025-11-10 05:34:01] WiFiBand.BAND_2_4_GHz  CHANNEL WIDTH (MHz):      0
INFO:root:[2025-11-10 05:34:01] WiFiBand.BAND_2_4_GHz  INTERFERENCE WEIGHT:      1
INFO:root:[2025-11-10 05:34:01] WiFiBand.BAND_2_4_GHz  DFS:                      0
INFO:root:
INFO:root:--------------------------------

INFO:root:[2025-11-10 05:34:01] WiFiBand.BAND_2_4_GHz  BAND:                     WiFiBand.BAND_2_4_GHz
INFO:root:[2025-11-10 05:34:01] WiFiBand.BAND_2_4_GHz  CHANNEL:                  12
INFO:root:[2025-11-10 05:34:01] WiFiBand.BAND_2_4_GHz  NOISE FLOOR (dBm):        -94.96891105244157
INFO:root:[2025-11-10 05:34:01] WiFiBand.BAND_2_4_GHz  AVG CLIENT SNR (dB):      50.2159378535146
INFO:root:[2025-11-10 05:34:01] WiFiBand.BAND_2_4_GHz  AVG COUNT:                8640
INFO:root:[2025-11-10 05:34:01] WiFiBand.BAND_2_4_GHz  AVG THROUGHPUT (Mbps):    59.22765801907715
INFO:root:[2025-11-10 05:34:01] WiFiBand.BAND_2_4_GHz  CHANNEL UTILIZATION:      0.4714117098235231
INFO:root:[2025-11-10 05:34:01] WiFiBand.BAND_2_4_GHz  INTERFERENCE:             4350
INFO:root:[2025-11-10 05:34:01] WiFiBand.BAND_2_4_GHz  CLIENTS:                  {'AP24_12'}
INFO:root:[2025-11-10 05:34:01] WiFiBand.BAND_2_4_GHz  QOE:                      4.476256946985468
INFO:root:[2025-11-10 05:34:01] WiFiBand.BAND_2_4_GHz  TX POWER (dBm):           15.999998919428055
INFO:root:[2025-11-10 05:34:01] WiFiBand.BAND_2_4_GHz  CHANNEL WIDTH (MHz):      0
INFO:root:[2025-11-10 05:34:01] WiFiBand.BAND_2_4_GHz  INTERFERENCE WEIGHT:      1
INFO:root:[2025-11-10 05:34:01] WiFiBand.BAND_2_4_GHz  DFS:                      0
INFO:root:
INFO:root:--------------------------------

INFO:root:[2025-11-10 05:34:01] WiFiBand.BAND_2_4_GHz  BAND:                     WiFiBand.BAND_2_4_GHz
INFO:root:[2025-11-10 05:34:01] WiFiBand.BAND_2_4_GHz  CHANNEL:                  13
INFO:root:[2025-11-10 05:34:01] WiFiBand.BAND_2_4_GHz  NOISE FLOOR (dBm):        -94.98519199880833
INFO:root:[2025-11-10 05:34:01] WiFiBand.BAND_2_4_GHz  AVG CLIENT SNR (dB):      52.302413829517036
INFO:root:[2025-11-10 05:34:01] WiFiBand.BAND_2_4_GHz  AVG COUNT:                8640
INFO:root:[2025-11-10 05:34:01] WiFiBand.BAND_2_4_GHz  AVG THROUGHPUT (Mbps):    59.22894518726729
INFO:root:[2025-11-10 05:34:01] WiFiBand.BAND_2_4_GHz  CHANNEL UTILIZATION:      0.47353870422664324
INFO:root:[2025-11-10 05:34:01] WiFiBand.BAND_2_4_GHz  INTERFERENCE:             4314
INFO:root:[2025-11-10 05:34:01] WiFiBand.BAND_2_4_GHz  CLIENTS:                  {'AP24_13'}
INFO:root:[2025-11-10 05:34:01] WiFiBand.BAND_2_4_GHz  QOE:                      4.476492085488707
INFO:root:[2025-11-10 05:34:01] WiFiBand.BAND_2_4_GHz  TX POWER (dBm):           15.999998919428055
INFO:root:[2025-11-10 05:34:01] WiFiBand.BAND_2_4_GHz  CHANNEL WIDTH (MHz):      0
INFO:root:[2025-11-10 05:34:01] WiFiBand.BAND_2_4_GHz  INTERFERENCE WEIGHT:      1
INFO:root:[2025-11-10 05:34:01] WiFiBand.BAND_2_4_GHz  DFS:                      0
INFO:root:
INFO:root:--------------------------------

INFO:root:[2025-11-10 05:34:01] WiFiBand.BAND_2_4_GHz  BAND:                     WiFiBand.BAND_2_4_GHz
INFO:root:[2025-11-10 05:34:01] WiFiBand.BAND_2_4_GHz  CHANNEL:                  14
INFO:root:[2025-11-10 05:34:01] WiFiBand.BAND_2_4_GHz  NOISE FLOOR (dBm):        -95.00463652921829
INFO:root:[2025-11-10 05:34:01] WiFiBand.BAND_2_4_GHz  AVG CLIENT SNR (dB):      54.698634414194906
INFO:root:[2025-11-10 05:34:01] WiFiBand.BAND_2_4_GHz  AVG COUNT:                8640
INFO:root:[2025-11-10 05:34:01] WiFiBand.BAND_2_4_GHz  AVG THROUGHPUT (Mbps):    59.07254916343908
INFO:root:[2025-11-10 05:34:01] WiFiBand.BAND_2_4_GHz  CHANNEL UTILIZATION:      0.47192220597354695
INFO:root:[2025-11-10 05:34:01] WiFiBand.BAND_2_4_GHz  INTERFERENCE:             4412
INFO:root:[2025-11-10 05:34:01] WiFiBand.BAND_2_4_GHz  CLIENTS:                  {'AP24_14'}
INFO:root:[2025-11-10 05:34:01] WiFiBand.BAND_2_4_GHz  QOE:                      4.46882732265296
INFO:root:[2025-11-10 05:34:01] WiFiBand.BAND_2_4_GHz  TX POWER (dBm):           17.999998784356485
INFO:root:[2025-11-10 05:34:01] WiFiBand.BAND_2_4_GHz  CHANNEL WIDTH (MHz):      0
INFO:root:[2025-11-10 05:34:01] WiFiBand.BAND_2_4_GHz  INTERFERENCE WEIGHT:      1
INFO:root:[2025-11-10 05:34:01] WiFiBand.BAND_2_4_GHz  DFS:                      0
INFO:root:
INFO:root:--------------------------------

INFO:root:[2025-11-10 05:34:01] WiFiBand.BAND_5_GHz  BAND:                     WiFiBand.BAND_5_GHz
INFO:root:[2025-11-10 05:34:01] WiFiBand.BAND_5_GHz  CHANNEL:                  36
INFO:root:[2025-11-10 05:34:01] WiFiBand.BAND_5_GHz  NOISE FLOOR (dBm):        -94.48101453180308
INFO:root:[2025-11-10 05:34:01] WiFiBand.BAND_5_GHz  AVG CLIENT SNR (dB):      48.112084840949414
INFO:root:[2025-11-10 05:34:01] WiFiBand.BAND_5_GHz  AVG COUNT:                8640
INFO:root:[2025-11-10 05:34:01] WiFiBand.BAND_5_GHz  AVG THROUGHPUT (Mbps):    355.01703233724874
INFO:root:[2025-11-10 05:34:01] WiFiBand.BAND_5_GHz  CHANNEL UTILIZATION:      0.4420522256326203
INFO:root:[2025-11-10 05:34:01] WiFiBand.BAND_5_GHz  INTERFERENCE:             0
INFO:root:[2025-11-10 05:34:01] WiFiBand.BAND_5_GHz  CLIENTS:                  {'AP5_36'}
INFO:root:[2025-11-10 05:34:01] WiFiBand.BAND_5_GHz  QOE:                      4.475070368871634
INFO:root:[2025-11-10 05:34:01] WiFiBand.BAND_5_GHz  TX POWER (dBm):           20.999998581749317
INFO:root:[2025-11-10 05:34:01] WiFiBand.BAND_5_GHz  CHANNEL WIDTH (MHz):      0
INFO:root:[2025-11-10 05:34:01] WiFiBand.BAND_5_GHz  INTERFERENCE WEIGHT:      1
INFO:root:[2025-11-10 05:34:01] WiFiBand.BAND_5_GHz  DFS:                      0
INFO:root:
INFO:root:--------------------------------

INFO:root:[2025-11-10 05:34:01] WiFiBand.BAND_5_GHz  BAND:                     WiFiBand.BAND_5_GHz
INFO:root:[2025-11-10 05:34:01] WiFiBand.BAND_5_GHz  CHANNEL:                  40
INFO:root:[2025-11-10 05:34:01] WiFiBand.BAND_5_GHz  NOISE FLOOR (dBm):        -94.52668058368074
INFO:root:[2025-11-10 05:34:01] WiFiBand.BAND_5_GHz  AVG CLIENT SNR (dB):      46.07329390927109
INFO:root:[2025-11-10 05:34:01] WiFiBand.BAND_5_GHz  AVG COUNT:                8640
INFO:root:[2025-11-10 05:34:01] WiFiBand.BAND_5_GHz  AVG THROUGHPUT (Mbps):    354.26439282703546
INFO:root:[2025-11-10 05:34:01] WiFiBand.BAND_5_GHz  CHANNEL UTILIZATION:      0.44187878332042974
INFO:root:[2025-11-10 05:34:01] WiFiBand.BAND_5_GHz  INTERFERENCE:             0
INFO:root:[2025-11-10 05:34:01] WiFiBand.BAND_5_GHz  CLIENTS:                  {'AP5_40'}
INFO:root:[2025-11-10 05:34:01] WiFiBand.BAND_5_GHz  QOE:                      4.467712158022361
INFO:root:[2025-11-10 05:34:01] WiFiBand.BAND_5_GHz  TX POWER (dBm):           17.999998784356485
INFO:root:[2025-11-10 05:34:01] WiFiBand.BAND_5_GHz  CHANNEL WIDTH (MHz):      0
INFO:root:[2025-11-10 05:34:01] WiFiBand.BAND_5_GHz  INTERFERENCE WEIGHT:      1
INFO:root:[2025-11-10 05:34:01] WiFiBand.BAND_5_GHz  DFS:                      0
INFO:root:
INFO:root:--------------------------------

INFO:root:[2025-11-10 05:34:01] WiFiBand.BAND_5_GHz  BAND:                     WiFiBand.BAND_5_GHz
INFO:root:[2025-11-10 05:34:01] WiFiBand.BAND_5_GHz  CHANNEL:                  44
INFO:root:[2025-11-10 05:34:01] WiFiBand.BAND_5_GHz  NOISE FLOOR (dBm):        -88.43560025028269
INFO:root:[2025-11-10 05:34:01] WiFiBand.BAND_5_GHz  AVG CLIENT SNR (dB):      41.82560430226775
INFO:root:[2025-11-10 05:34:01] WiFiBand.BAND_5_GHz  AVG COUNT:                8640
INFO:root:[2025-11-10 05:34:01] WiFiBand.BAND_5_GHz  AVG THROUGHPUT (Mbps):    1053.6243994082654
INFO:root:[2025-11-10 05:34:01] WiFiBand.BAND_5_GHz  CHANNEL UTILIZATION:      0.44741906739103887
INFO:root:[2025-11-10 05:34:01] WiFiBand.BAND_5_GHz  INTERFERENCE:             0
INFO:root:[2025-11-10 05:34:01] WiFiBand.BAND_5_GHz  CLIENTS:                  {'AP5_44'}
INFO:root:[2025-11-10 05:34:01] WiFiBand.BAND_5_GHz  QOE:                      4.437365911587407
INFO:root:[2025-11-10 05:34:01] WiFiBand.BAND_5_GHz  TX POWER (dBm):           18.999998716820915
INFO:root:[2025-11-10 05:34:01] WiFiBand.BAND_5_GHz  CHANNEL WIDTH (MHz):      0
INFO:root:[2025-11-10 05:34:01] WiFiBand.BAND_5_GHz  INTERFERENCE WEIGHT:      1
INFO:root:[2025-11-10 05:34:01] WiFiBand.BAND_5_GHz  DFS:                      0
INFO:root:
INFO:root:--------------------------------

INFO:root:[2025-11-10 05:34:01] WiFiBand.BAND_5_GHz  BAND:                     WiFiBand.BAND_5_GHz
INFO:root:[2025-11-10 05:34:01] WiFiBand.BAND_5_GHz  CHANNEL:                  48
INFO:root:[2025-11-10 05:34:01] WiFiBand.BAND_5_GHz  NOISE FLOOR (dBm):        -94.52864765162978
INFO:root:[2025-11-10 05:34:01] WiFiBand.BAND_5_GHz  AVG CLIENT SNR (dB):      44.19904311060752
INFO:root:[2025-11-10 05:34:01] WiFiBand.BAND_5_GHz  AVG COUNT:                8640
INFO:root:[2025-11-10 05:34:01] WiFiBand.BAND_5_GHz  AVG THROUGHPUT (Mbps):    354.0921329552694
INFO:root:[2025-11-10 05:34:01] WiFiBand.BAND_5_GHz  CHANNEL UTILIZATION:      0.44241626163764536
INFO:root:[2025-11-10 05:34:01] WiFiBand.BAND_5_GHz  INTERFERENCE:             0
INFO:root:[2025-11-10 05:34:01] WiFiBand.BAND_5_GHz  CLIENTS:                  {'AP5_48'}
INFO:root:[2025-11-10 05:34:01] WiFiBand.BAND_5_GHz  QOE:                      4.466320042132606
INFO:root:[2025-11-10 05:34:01] WiFiBand.BAND_5_GHz  TX POWER (dBm):           17.999998784356485
INFO:root:[2025-11-10 05:34:01] WiFiBand.BAND_5_GHz  CHANNEL WIDTH (MHz):      0
INFO:root:[2025-11-10 05:34:01] WiFiBand.BAND_5_GHz  INTERFERENCE WEIGHT:      1
INFO:root:[2025-11-10 05:34:01] WiFiBand.BAND_5_GHz  DFS:                      0
INFO:root:
INFO:root:--------------------------------

INFO:root:[2025-11-10 05:34:01] WiFiBand.BAND_5_GHz  BAND:                     WiFiBand.BAND_5_GHz
INFO:root:[2025-11-10 05:34:01] WiFiBand.BAND_5_GHz  CHANNEL:                  52
INFO:root:[2025-11-10 05:34:01] WiFiBand.BAND_5_GHz  NOISE FLOOR (dBm):        -94.82617321164616
INFO:root:[2025-11-10 05:34:01] WiFiBand.BAND_5_GHz  AVG CLIENT SNR (dB):      14.777425547596085
INFO:root:[2025-11-10 05:34:01] WiFiBand.BAND_5_GHz  AVG COUNT:                1
INFO:root:[2025-11-10 05:34:01] WiFiBand.BAND_5_GHz  AVG THROUGHPUT (Mbps):    98.74668930299605
INFO:root:[2025-11-10 05:34:01] WiFiBand.BAND_5_GHz  CHANNEL UTILIZATION:      0.06315107421669781
INFO:root:[2025-11-10 05:34:01] WiFiBand.BAND_5_GHz  INTERFERENCE:             0
INFO:root:[2025-11-10 05:34:01] WiFiBand.BAND_5_GHz  CLIENTS:                  {'AP5_52'}
INFO:root:[2025-11-10 05:34:01] WiFiBand.BAND_5_GHz  QOE:                      1.2815830205627738
INFO:root:[2025-11-10 05:34:01] WiFiBand.BAND_5_GHz  TX POWER (dBm):           5.7
INFO:root:[2025-11-10 05:34:01] WiFiBand.BAND_5_GHz  CHANNEL WIDTH (MHz):      0
INFO:root:[2025-11-10 05:34:01] WiFiBand.BAND_5_GHz  INTERFERENCE WEIGHT:      1
INFO:root:[2025-11-10 05:34:01] WiFiBand.BAND_5_GHz  DFS:                      1
INFO:root:
INFO:root:--------------------------------

INFO:root:[2025-11-10 05:34:01] WiFiBand.BAND_5_GHz  BAND:                     WiFiBand.BAND_5_GHz
INFO:root:[2025-11-10 05:34:01] WiFiBand.BAND_5_GHz  CHANNEL:                  56
INFO:root:[2025-11-10 05:34:01] WiFiBand.BAND_5_GHz  NOISE FLOOR (dBm):        -95
INFO:root:[2025-11-10 05:34:01] WiFiBand.BAND_5_GHz  AVG CLIENT SNR (dB):      0
INFO:root:[2025-11-10 05:34:01] WiFiBand.BAND_5_GHz  AVG COUNT:                0
INFO:root:[2025-11-10 05:34:01] WiFiBand.BAND_5_GHz  AVG THROUGHPUT (Mbps):    0
INFO:root:[2025-11-10 05:34:01] WiFiBand.BAND_5_GHz  CHANNEL UTILIZATION:      0
INFO:root:[2025-11-10 05:34:01] WiFiBand.BAND_5_GHz  INTERFERENCE:             0
INFO:root:[2025-11-10 05:34:01] WiFiBand.BAND_5_GHz  CLIENTS:                  set()
INFO:root:[2025-11-10 05:34:01] WiFiBand.BAND_5_GHz  QOE:                      0
INFO:root:[2025-11-10 05:34:01] WiFiBand.BAND_5_GHz  TX POWER (dBm):           0
INFO:root:[2025-11-10 05:34:01] WiFiBand.BAND_5_GHz  CHANNEL WIDTH (MHz):      0
INFO:root:[2025-11-10 05:34:01] WiFiBand.BAND_5_GHz  INTERFERENCE WEIGHT:      1
INFO:root:[2025-11-10 05:34:01] WiFiBand.BAND_5_GHz  DFS:                      1
INFO:root:
INFO:root:--------------------------------

INFO:root:[2025-11-10 05:34:01] WiFiBand.BAND_5_GHz  BAND:                     WiFiBand.BAND_5_GHz
INFO:root:[2025-11-10 05:34:01] WiFiBand.BAND_5_GHz  CHANNEL:                  60
INFO:root:[2025-11-10 05:34:01] WiFiBand.BAND_5_GHz  NOISE FLOOR (dBm):        -95.04357108852727
INFO:root:[2025-11-10 05:34:01] WiFiBand.BAND_5_GHz  AVG CLIENT SNR (dB):      22.922835708961088
INFO:root:[2025-11-10 05:34:01] WiFiBand.BAND_5_GHz  AVG COUNT:                2
INFO:root:[2025-11-10 05:34:01] WiFiBand.BAND_5_GHz  AVG THROUGHPUT (Mbps):    194.3383723056511
INFO:root:[2025-11-10 05:34:01] WiFiBand.BAND_5_GHz  CHANNEL UTILIZATION:      0.11003335149878418
INFO:root:[2025-11-10 05:34:01] WiFiBand.BAND_5_GHz  INTERFERENCE:             0
INFO:root:[2025-11-10 05:34:01] WiFiBand.BAND_5_GHz  CLIENTS:                  {'AP5_60'}
INFO:root:[2025-11-10 05:34:01] WiFiBand.BAND_5_GHz  QOE:                      2.3969970615201985
INFO:root:[2025-11-10 05:34:01] WiFiBand.BAND_5_GHz  TX POWER (dBm):           8.16
INFO:root:[2025-11-10 05:34:01] WiFiBand.BAND_5_GHz  CHANNEL WIDTH (MHz):      0
INFO:root:[2025-11-10 05:34:01] WiFiBand.BAND_5_GHz  INTERFERENCE WEIGHT:      1
INFO:root:[2025-11-10 05:34:01] WiFiBand.BAND_5_GHz  DFS:                      1
INFO:root:
INFO:root:--------------------------------

INFO:root:[2025-11-10 05:34:01] WiFiBand.BAND_5_GHz  BAND:                     WiFiBand.BAND_5_GHz
INFO:root:[2025-11-10 05:34:01] WiFiBand.BAND_5_GHz  CHANNEL:                  64
INFO:root:[2025-11-10 05:34:01] WiFiBand.BAND_5_GHz  NOISE FLOOR (dBm):        -94.89069073370692
INFO:root:[2025-11-10 05:34:01] WiFiBand.BAND_5_GHz  AVG CLIENT SNR (dB):      22.589907620361863
INFO:root:[2025-11-10 05:34:01] WiFiBand.BAND_5_GHz  AVG COUNT:                2
INFO:root:[2025-11-10 05:34:01] WiFiBand.BAND_5_GHz  AVG THROUGHPUT (Mbps):    167.39226375611747
INFO:root:[2025-11-10 05:34:01] WiFiBand.BAND_5_GHz  CHANNEL UTILIZATION:      0.10885306820386363
INFO:root:[2025-11-10 05:34:01] WiFiBand.BAND_5_GHz  INTERFERENCE:             0
INFO:root:[2025-11-10 05:34:01] WiFiBand.BAND_5_GHz  CLIENTS:                  {'AP5_64'}
INFO:root:[2025-11-10 05:34:01] WiFiBand.BAND_5_GHz  QOE:                      2.15862984530256
INFO:root:[2025-11-10 05:34:01] WiFiBand.BAND_5_GHz  TX POWER (dBm):           8.669999999999998
INFO:root:[2025-11-10 05:34:01] WiFiBand.BAND_5_GHz  CHANNEL WIDTH (MHz):      0
INFO:root:[2025-11-10 05:34:01] WiFiBand.BAND_5_GHz  INTERFERENCE WEIGHT:      1
INFO:root:[2025-11-10 05:34:01] WiFiBand.BAND_5_GHz  DFS:                      1
INFO:root:
INFO:root:--------------------------------

INFO:root:[2025-11-10 05:34:01] WiFiBand.BAND_5_GHz  BAND:                     WiFiBand.BAND_5_GHz
INFO:root:[2025-11-10 05:34:01] WiFiBand.BAND_5_GHz  CHANNEL:                  100
INFO:root:[2025-11-10 05:34:01] WiFiBand.BAND_5_GHz  NOISE FLOOR (dBm):        -94.65550925087466
INFO:root:[2025-11-10 05:34:01] WiFiBand.BAND_5_GHz  AVG CLIENT SNR (dB):      12.545704724622333
INFO:root:[2025-11-10 05:34:01] WiFiBand.BAND_5_GHz  AVG COUNT:                1
INFO:root:[2025-11-10 05:34:01] WiFiBand.BAND_5_GHz  AVG THROUGHPUT (Mbps):    108.20581984203338
INFO:root:[2025-11-10 05:34:01] WiFiBand.BAND_5_GHz  CHANNEL UTILIZATION:      0.08046600841408176
INFO:root:[2025-11-10 05:34:01] WiFiBand.BAND_5_GHz  INTERFERENCE:             0
INFO:root:[2025-11-10 05:34:01] WiFiBand.BAND_5_GHz  CLIENTS:                  {'AP5_100'}
INFO:root:[2025-11-10 05:34:01] WiFiBand.BAND_5_GHz  QOE:                      1.3527820089828122
INFO:root:[2025-11-10 05:34:01] WiFiBand.BAND_5_GHz  TX POWER (dBm):           4.8
INFO:root:[2025-11-10 05:34:01] WiFiBand.BAND_5_GHz  CHANNEL WIDTH (MHz):      0
INFO:root:[2025-11-10 05:34:01] WiFiBand.BAND_5_GHz  INTERFERENCE WEIGHT:      1
INFO:root:[2025-11-10 05:34:01] WiFiBand.BAND_5_GHz  DFS:                      1
INFO:root:
INFO:root:--------------------------------

INFO:root:[2025-11-10 05:34:01] WiFiBand.BAND_5_GHz  BAND:                     WiFiBand.BAND_5_GHz
INFO:root:[2025-11-10 05:34:01] WiFiBand.BAND_5_GHz  CHANNEL:                  104
INFO:root:[2025-11-10 05:34:01] WiFiBand.BAND_5_GHz  NOISE FLOOR (dBm):        -95
INFO:root:[2025-11-10 05:34:01] WiFiBand.BAND_5_GHz  AVG CLIENT SNR (dB):      0
INFO:root:[2025-11-10 05:34:01] WiFiBand.BAND_5_GHz  AVG COUNT:                0
INFO:root:[2025-11-10 05:34:01] WiFiBand.BAND_5_GHz  AVG THROUGHPUT (Mbps):    0
INFO:root:[2025-11-10 05:34:01] WiFiBand.BAND_5_GHz  CHANNEL UTILIZATION:      0
INFO:root:[2025-11-10 05:34:01] WiFiBand.BAND_5_GHz  INTERFERENCE:             0
INFO:root:[2025-11-10 05:34:01] WiFiBand.BAND_5_GHz  CLIENTS:                  set()
INFO:root:[2025-11-10 05:34:01] WiFiBand.BAND_5_GHz  QOE:                      0
INFO:root:[2025-11-10 05:34:01] WiFiBand.BAND_5_GHz  TX POWER (dBm):           0
INFO:root:[2025-11-10 05:34:01] WiFiBand.BAND_5_GHz  CHANNEL WIDTH (MHz):      0
INFO:root:[2025-11-10 05:34:01] WiFiBand.BAND_5_GHz  INTERFERENCE WEIGHT:      1
INFO:root:[2025-11-10 05:34:01] WiFiBand.BAND_5_GHz  DFS:                      1
INFO:root:
INFO:root:--------------------------------

INFO:root:[2025-11-10 05:34:01] WiFiBand.BAND_5_GHz  BAND:                     WiFiBand.BAND_5_GHz
INFO:root:[2025-11-10 05:34:01] WiFiBand.BAND_5_GHz  CHANNEL:                  108
INFO:root:[2025-11-10 05:34:01] WiFiBand.BAND_5_GHz  NOISE FLOOR (dBm):        -95
INFO:root:[2025-11-10 05:34:01] WiFiBand.BAND_5_GHz  AVG CLIENT SNR (dB):      0
INFO:root:[2025-11-10 05:34:01] WiFiBand.BAND_5_GHz  AVG COUNT:                0
INFO:root:[2025-11-10 05:34:01] WiFiBand.BAND_5_GHz  AVG THROUGHPUT (Mbps):    0
INFO:root:[2025-11-10 05:34:01] WiFiBand.BAND_5_GHz  CHANNEL UTILIZATION:      0
INFO:root:[2025-11-10 05:34:01] WiFiBand.BAND_5_GHz  INTERFERENCE:             0
INFO:root:[2025-11-10 05:34:01] WiFiBand.BAND_5_GHz  CLIENTS:                  set()
INFO:root:[2025-11-10 05:34:01] WiFiBand.BAND_5_GHz  QOE:                      0
INFO:root:[2025-11-10 05:34:01] WiFiBand.BAND_5_GHz  TX POWER (dBm):           0
INFO:root:[2025-11-10 05:34:01] WiFiBand.BAND_5_GHz  CHANNEL WIDTH (MHz):      0
INFO:root:[2025-11-10 05:34:01] WiFiBand.BAND_5_GHz  INTERFERENCE WEIGHT:      1
INFO:root:[2025-11-10 05:34:01] WiFiBand.BAND_5_GHz  DFS:                      1
INFO:root:
INFO:root:--------------------------------

INFO:root:[2025-11-10 05:34:01] WiFiBand.BAND_5_GHz  BAND:                     WiFiBand.BAND_5_GHz
INFO:root:[2025-11-10 05:34:01] WiFiBand.BAND_5_GHz  CHANNEL:                  112
INFO:root:[2025-11-10 05:34:01] WiFiBand.BAND_5_GHz  NOISE FLOOR (dBm):        -94.92768717768334
INFO:root:[2025-11-10 05:34:01] WiFiBand.BAND_5_GHz  AVG CLIENT SNR (dB):      14.407401460090052
INFO:root:[2025-11-10 05:34:01] WiFiBand.BAND_5_GHz  AVG COUNT:                1
INFO:root:[2025-11-10 05:34:01] WiFiBand.BAND_5_GHz  AVG THROUGHPUT (Mbps):    123.20206200959598
INFO:root:[2025-11-10 05:34:01] WiFiBand.BAND_5_GHz  CHANNEL UTILIZATION:      0.05748112044874627
INFO:root:[2025-11-10 05:34:01] WiFiBand.BAND_5_GHz  INTERFERENCE:             0
INFO:root:[2025-11-10 05:34:01] WiFiBand.BAND_5_GHz  CLIENTS:                  {'AP5_112'}
INFO:root:[2025-11-10 05:34:01] WiFiBand.BAND_5_GHz  QOE:                      1.4799710201018297
INFO:root:[2025-11-10 05:34:01] WiFiBand.BAND_5_GHz  TX POWER (dBm):           6.6
INFO:root:[2025-11-10 05:34:01] WiFiBand.BAND_5_GHz  CHANNEL WIDTH (MHz):      0
INFO:root:[2025-11-10 05:34:01] WiFiBand.BAND_5_GHz  INTERFERENCE WEIGHT:      1
INFO:root:[2025-11-10 05:34:01] WiFiBand.BAND_5_GHz  DFS:                      1
INFO:root:
INFO:root:--------------------------------

INFO:root:[2025-11-10 05:34:01] WiFiBand.BAND_5_GHz  BAND:                     WiFiBand.BAND_5_GHz
INFO:root:[2025-11-10 05:34:01] WiFiBand.BAND_5_GHz  CHANNEL:                  116
INFO:root:[2025-11-10 05:34:01] WiFiBand.BAND_5_GHz  NOISE FLOOR (dBm):        -93.55782183947053
INFO:root:[2025-11-10 05:34:01] WiFiBand.BAND_5_GHz  AVG CLIENT SNR (dB):      13.093172610927219
INFO:root:[2025-11-10 05:34:01] WiFiBand.BAND_5_GHz  AVG COUNT:                1
INFO:root:[2025-11-10 05:34:01] WiFiBand.BAND_5_GHz  AVG THROUGHPUT (Mbps):    150.29608377503848
INFO:root:[2025-11-10 05:34:01] WiFiBand.BAND_5_GHz  CHANNEL UTILIZATION:      0.06960786388400139
INFO:root:[2025-11-10 05:34:01] WiFiBand.BAND_5_GHz  INTERFERENCE:             0
INFO:root:[2025-11-10 05:34:01] WiFiBand.BAND_5_GHz  CLIENTS:                  {'AP5_116'}
INFO:root:[2025-11-10 05:34:01] WiFiBand.BAND_5_GHz  QOE:                      1.1818797182395537
INFO:root:[2025-11-10 05:34:01] WiFiBand.BAND_5_GHz  TX POWER (dBm):           6.6
INFO:root:[2025-11-10 05:34:01] WiFiBand.BAND_5_GHz  CHANNEL WIDTH (MHz):      0
INFO:root:[2025-11-10 05:34:01] WiFiBand.BAND_5_GHz  INTERFERENCE WEIGHT:      1
INFO:root:[2025-11-10 05:34:01] WiFiBand.BAND_5_GHz  DFS:                      1
INFO:root:
INFO:root:--------------------------------

INFO:root:[2025-11-10 05:34:01] WiFiBand.BAND_5_GHz  BAND:                     WiFiBand.BAND_5_GHz
INFO:root:[2025-11-10 05:34:01] WiFiBand.BAND_5_GHz  CHANNEL:                  120
INFO:root:[2025-11-10 05:34:01] WiFiBand.BAND_5_GHz  NOISE FLOOR (dBm):        -94.54973971661687
INFO:root:[2025-11-10 05:34:01] WiFiBand.BAND_5_GHz  AVG CLIENT SNR (dB):      20.726447248109118
INFO:root:[2025-11-10 05:34:01] WiFiBand.BAND_5_GHz  AVG COUNT:                2
INFO:root:[2025-11-10 05:34:01] WiFiBand.BAND_5_GHz  AVG THROUGHPUT (Mbps):    203.70569485394242
INFO:root:[2025-11-10 05:34:01] WiFiBand.BAND_5_GHz  CHANNEL UTILIZATION:      0.11165025557118498
INFO:root:[2025-11-10 05:34:01] WiFiBand.BAND_5_GHz  INTERFERENCE:             0
INFO:root:[2025-11-10 05:34:01] WiFiBand.BAND_5_GHz  CLIENTS:                  {'AP5_120'}
INFO:root:[2025-11-10 05:34:01] WiFiBand.BAND_5_GHz  QOE:                      2.487522393958336
INFO:root:[2025-11-10 05:34:01] WiFiBand.BAND_5_GHz  TX POWER (dBm):           7.65
INFO:root:[2025-11-10 05:34:01] WiFiBand.BAND_5_GHz  CHANNEL WIDTH (MHz):      0
INFO:root:[2025-11-10 05:34:01] WiFiBand.BAND_5_GHz  INTERFERENCE WEIGHT:      1
INFO:root:[2025-11-10 05:34:01] WiFiBand.BAND_5_GHz  DFS:                      1
INFO:root:
INFO:root:--------------------------------

INFO:root:[2025-11-10 05:34:01] WiFiBand.BAND_5_GHz  BAND:                     WiFiBand.BAND_5_GHz
INFO:root:[2025-11-10 05:34:01] WiFiBand.BAND_5_GHz  CHANNEL:                  124
INFO:root:[2025-11-10 05:34:01] WiFiBand.BAND_5_GHz  NOISE FLOOR (dBm):        -94.24380682922
INFO:root:[2025-11-10 05:34:01] WiFiBand.BAND_5_GHz  AVG CLIENT SNR (dB):      41.79705901065823
INFO:root:[2025-11-10 05:34:01] WiFiBand.BAND_5_GHz  AVG COUNT:                7
INFO:root:[2025-11-10 05:34:01] WiFiBand.BAND_5_GHz  AVG THROUGHPUT (Mbps):    332.11688456764097
INFO:root:[2025-11-10 05:34:01] WiFiBand.BAND_5_GHz  CHANNEL UTILIZATION:      0.21140693227436969
INFO:root:[2025-11-10 05:34:01] WiFiBand.BAND_5_GHz  INTERFERENCE:             0
INFO:root:[2025-11-10 05:34:01] WiFiBand.BAND_5_GHz  CLIENTS:                  {'AP5_124'}
INFO:root:[2025-11-10 05:34:01] WiFiBand.BAND_5_GHz  QOE:                      4.1518714666791805
INFO:root:[2025-11-10 05:34:01] WiFiBand.BAND_5_GHz  TX POWER (dBm):           18.19925
INFO:root:[2025-11-10 05:34:01] WiFiBand.BAND_5_GHz  CHANNEL WIDTH (MHz):      0
INFO:root:[2025-11-10 05:34:01] WiFiBand.BAND_5_GHz  INTERFERENCE WEIGHT:      1
INFO:root:[2025-11-10 05:34:01] WiFiBand.BAND_5_GHz  DFS:                      1
INFO:root:
INFO:root:--------------------------------

INFO:root:[2025-11-10 05:34:01] WiFiBand.BAND_5_GHz  BAND:                     WiFiBand.BAND_5_GHz
INFO:root:[2025-11-10 05:34:01] WiFiBand.BAND_5_GHz  CHANNEL:                  128
INFO:root:[2025-11-10 05:34:01] WiFiBand.BAND_5_GHz  NOISE FLOOR (dBm):        -95
INFO:root:[2025-11-10 05:34:01] WiFiBand.BAND_5_GHz  AVG CLIENT SNR (dB):      0
INFO:root:[2025-11-10 05:34:01] WiFiBand.BAND_5_GHz  AVG COUNT:                0
INFO:root:[2025-11-10 05:34:01] WiFiBand.BAND_5_GHz  AVG THROUGHPUT (Mbps):    0
INFO:root:[2025-11-10 05:34:01] WiFiBand.BAND_5_GHz  CHANNEL UTILIZATION:      0
INFO:root:[2025-11-10 05:34:01] WiFiBand.BAND_5_GHz  INTERFERENCE:             0
INFO:root:[2025-11-10 05:34:01] WiFiBand.BAND_5_GHz  CLIENTS:                  set()
INFO:root:[2025-11-10 05:34:01] WiFiBand.BAND_5_GHz  QOE:                      0
INFO:root:[2025-11-10 05:34:01] WiFiBand.BAND_5_GHz  TX POWER (dBm):           0
INFO:root:[2025-11-10 05:34:01] WiFiBand.BAND_5_GHz  CHANNEL WIDTH (MHz):      0
INFO:root:[2025-11-10 05:34:01] WiFiBand.BAND_5_GHz  INTERFERENCE WEIGHT:      1
INFO:root:[2025-11-10 05:34:01] WiFiBand.BAND_5_GHz  DFS:                      1
INFO:root:
INFO:root:--------------------------------

INFO:root:[2025-11-10 05:34:01] WiFiBand.BAND_5_GHz  BAND:                     WiFiBand.BAND_5_GHz
INFO:root:[2025-11-10 05:34:01] WiFiBand.BAND_5_GHz  CHANNEL:                  132
INFO:root:[2025-11-10 05:34:01] WiFiBand.BAND_5_GHz  NOISE FLOOR (dBm):        -95
INFO:root:[2025-11-10 05:34:01] WiFiBand.BAND_5_GHz  AVG CLIENT SNR (dB):      0
INFO:root:[2025-11-10 05:34:01] WiFiBand.BAND_5_GHz  AVG COUNT:                0
INFO:root:[2025-11-10 05:34:01] WiFiBand.BAND_5_GHz  AVG THROUGHPUT (Mbps):    0
INFO:root:[2025-11-10 05:34:01] WiFiBand.BAND_5_GHz  CHANNEL UTILIZATION:      0
INFO:root:[2025-11-10 05:34:01] WiFiBand.BAND_5_GHz  INTERFERENCE:             0
INFO:root:[2025-11-10 05:34:01] WiFiBand.BAND_5_GHz  CLIENTS:                  set()
INFO:root:[2025-11-10 05:34:01] WiFiBand.BAND_5_GHz  QOE:                      0
INFO:root:[2025-11-10 05:34:01] WiFiBand.BAND_5_GHz  TX POWER (dBm):           0
INFO:root:[2025-11-10 05:34:01] WiFiBand.BAND_5_GHz  CHANNEL WIDTH (MHz):      0
INFO:root:[2025-11-10 05:34:01] WiFiBand.BAND_5_GHz  INTERFERENCE WEIGHT:      1
INFO:root:[2025-11-10 05:34:01] WiFiBand.BAND_5_GHz  DFS:                      1
INFO:root:
INFO:root:--------------------------------

INFO:root:[2025-11-10 05:34:01] WiFiBand.BAND_5_GHz  BAND:                     WiFiBand.BAND_5_GHz
INFO:root:[2025-11-10 05:34:01] WiFiBand.BAND_5_GHz  CHANNEL:                  136
INFO:root:[2025-11-10 05:34:01] WiFiBand.BAND_5_GHz  NOISE FLOOR (dBm):        -95
INFO:root:[2025-11-10 05:34:01] WiFiBand.BAND_5_GHz  AVG CLIENT SNR (dB):      0
INFO:root:[2025-11-10 05:34:01] WiFiBand.BAND_5_GHz  AVG COUNT:                0
INFO:root:[2025-11-10 05:34:01] WiFiBand.BAND_5_GHz  AVG THROUGHPUT (Mbps):    0
INFO:root:[2025-11-10 05:34:01] WiFiBand.BAND_5_GHz  CHANNEL UTILIZATION:      0
INFO:root:[2025-11-10 05:34:01] WiFiBand.BAND_5_GHz  INTERFERENCE:             0
INFO:root:[2025-11-10 05:34:01] WiFiBand.BAND_5_GHz  CLIENTS:                  set()
INFO:root:[2025-11-10 05:34:01] WiFiBand.BAND_5_GHz  QOE:                      0
INFO:root:[2025-11-10 05:34:01] WiFiBand.BAND_5_GHz  TX POWER (dBm):           0
INFO:root:[2025-11-10 05:34:01] WiFiBand.BAND_5_GHz  CHANNEL WIDTH (MHz):      0
INFO:root:[2025-11-10 05:34:01] WiFiBand.BAND_5_GHz  INTERFERENCE WEIGHT:      1
INFO:root:[2025-11-10 05:34:01] WiFiBand.BAND_5_GHz  DFS:                      1
INFO:root:
INFO:root:--------------------------------

INFO:root:[2025-11-10 05:34:01] WiFiBand.BAND_5_GHz  BAND:                     WiFiBand.BAND_5_GHz
INFO:root:[2025-11-10 05:34:01] WiFiBand.BAND_5_GHz  CHANNEL:                  140
INFO:root:[2025-11-10 05:34:01] WiFiBand.BAND_5_GHz  NOISE FLOOR (dBm):        -95
INFO:root:[2025-11-10 05:34:01] WiFiBand.BAND_5_GHz  AVG CLIENT SNR (dB):      0
INFO:root:[2025-11-10 05:34:01] WiFiBand.BAND_5_GHz  AVG COUNT:                0
INFO:root:[2025-11-10 05:34:01] WiFiBand.BAND_5_GHz  AVG THROUGHPUT (Mbps):    0
INFO:root:[2025-11-10 05:34:01] WiFiBand.BAND_5_GHz  CHANNEL UTILIZATION:      0
INFO:root:[2025-11-10 05:34:01] WiFiBand.BAND_5_GHz  INTERFERENCE:             0
INFO:root:[2025-11-10 05:34:01] WiFiBand.BAND_5_GHz  CLIENTS:                  set()
INFO:root:[2025-11-10 05:34:01] WiFiBand.BAND_5_GHz  QOE:                      0
INFO:root:[2025-11-10 05:34:01] WiFiBand.BAND_5_GHz  TX POWER (dBm):           0
INFO:root:[2025-11-10 05:34:01] WiFiBand.BAND_5_GHz  CHANNEL WIDTH (MHz):      0
INFO:root:[2025-11-10 05:34:01] WiFiBand.BAND_5_GHz  INTERFERENCE WEIGHT:      1
INFO:root:[2025-11-10 05:34:01] WiFiBand.BAND_5_GHz  DFS:                      1
INFO:root:
INFO:root:--------------------------------

INFO:root:[2025-11-10 05:34:01] WiFiBand.BAND_5_GHz  BAND:                     WiFiBand.BAND_5_GHz
INFO:root:[2025-11-10 05:34:01] WiFiBand.BAND_5_GHz  CHANNEL:                  144
INFO:root:[2025-11-10 05:34:01] WiFiBand.BAND_5_GHz  NOISE FLOOR (dBm):        -95
INFO:root:[2025-11-10 05:34:01] WiFiBand.BAND_5_GHz  AVG CLIENT SNR (dB):      0
INFO:root:[2025-11-10 05:34:01] WiFiBand.BAND_5_GHz  AVG COUNT:                0
INFO:root:[2025-11-10 05:34:01] WiFiBand.BAND_5_GHz  AVG THROUGHPUT (Mbps):    0
INFO:root:[2025-11-10 05:34:01] WiFiBand.BAND_5_GHz  CHANNEL UTILIZATION:      0
INFO:root:[2025-11-10 05:34:01] WiFiBand.BAND_5_GHz  INTERFERENCE:             0
INFO:root:[2025-11-10 05:34:01] WiFiBand.BAND_5_GHz  CLIENTS:                  set()
INFO:root:[2025-11-10 05:34:01] WiFiBand.BAND_5_GHz  QOE:                      0
INFO:root:[2025-11-10 05:34:01] WiFiBand.BAND_5_GHz  TX POWER (dBm):           0
INFO:root:[2025-11-10 05:34:01] WiFiBand.BAND_5_GHz  CHANNEL WIDTH (MHz):      0
INFO:root:[2025-11-10 05:34:01] WiFiBand.BAND_5_GHz  INTERFERENCE WEIGHT:      1
INFO:root:[2025-11-10 05:34:01] WiFiBand.BAND_5_GHz  DFS:                      1
INFO:root:
INFO:root:--------------------------------

INFO:root:[2025-11-10 05:34:01] WiFiBand.BAND_5_GHz  BAND:                     WiFiBand.BAND_5_GHz
INFO:root:[2025-11-10 05:34:01] WiFiBand.BAND_5_GHz  CHANNEL:                  149
INFO:root:[2025-11-10 05:34:01] WiFiBand.BAND_5_GHz  NOISE FLOOR (dBm):        -95
INFO:root:[2025-11-10 05:34:01] WiFiBand.BAND_5_GHz  AVG CLIENT SNR (dB):      0
INFO:root:[2025-11-10 05:34:01] WiFiBand.BAND_5_GHz  AVG COUNT:                0
INFO:root:[2025-11-10 05:34:01] WiFiBand.BAND_5_GHz  AVG THROUGHPUT (Mbps):    0
INFO:root:[2025-11-10 05:34:01] WiFiBand.BAND_5_GHz  CHANNEL UTILIZATION:      0
INFO:root:[2025-11-10 05:34:01] WiFiBand.BAND_5_GHz  INTERFERENCE:             0
INFO:root:[2025-11-10 05:34:01] WiFiBand.BAND_5_GHz  CLIENTS:                  set()
INFO:root:[2025-11-10 05:34:01] WiFiBand.BAND_5_GHz  QOE:                      0
INFO:root:[2025-11-10 05:34:01] WiFiBand.BAND_5_GHz  TX POWER (dBm):           0
INFO:root:[2025-11-10 05:34:01] WiFiBand.BAND_5_GHz  CHANNEL WIDTH (MHz):      0
INFO:root:[2025-11-10 05:34:01] WiFiBand.BAND_5_GHz  INTERFERENCE WEIGHT:      1
INFO:root:[2025-11-10 05:34:01] WiFiBand.BAND_5_GHz  DFS:                      0
INFO:root:
INFO:root:--------------------------------

INFO:root:[2025-11-10 05:34:01] WiFiBand.BAND_5_GHz  BAND:                     WiFiBand.BAND_5_GHz
INFO:root:[2025-11-10 05:34:01] WiFiBand.BAND_5_GHz  CHANNEL:                  153
INFO:root:[2025-11-10 05:34:01] WiFiBand.BAND_5_GHz  NOISE FLOOR (dBm):        -95
INFO:root:[2025-11-10 05:34:01] WiFiBand.BAND_5_GHz  AVG CLIENT SNR (dB):      0
INFO:root:[2025-11-10 05:34:01] WiFiBand.BAND_5_GHz  AVG COUNT:                0
INFO:root:[2025-11-10 05:34:01] WiFiBand.BAND_5_GHz  AVG THROUGHPUT (Mbps):    0
INFO:root:[2025-11-10 05:34:01] WiFiBand.BAND_5_GHz  CHANNEL UTILIZATION:      0
INFO:root:[2025-11-10 05:34:01] WiFiBand.BAND_5_GHz  INTERFERENCE:             0
INFO:root:[2025-11-10 05:34:01] WiFiBand.BAND_5_GHz  CLIENTS:                  set()
INFO:root:[2025-11-10 05:34:01] WiFiBand.BAND_5_GHz  QOE:                      0
INFO:root:[2025-11-10 05:34:01] WiFiBand.BAND_5_GHz  TX POWER (dBm):           0
INFO:root:[2025-11-10 05:34:01] WiFiBand.BAND_5_GHz  CHANNEL WIDTH (MHz):      0
INFO:root:[2025-11-10 05:34:01] WiFiBand.BAND_5_GHz  INTERFERENCE WEIGHT:      1
INFO:root:[2025-11-10 05:34:01] WiFiBand.BAND_5_GHz  DFS:                      0
INFO:root:
INFO:root:--------------------------------

INFO:root:[2025-11-10 05:34:01] WiFiBand.BAND_5_GHz  BAND:                     WiFiBand.BAND_5_GHz
INFO:root:[2025-11-10 05:34:01] WiFiBand.BAND_5_GHz  CHANNEL:                  157
INFO:root:[2025-11-10 05:34:01] WiFiBand.BAND_5_GHz  NOISE FLOOR (dBm):        -95
INFO:root:[2025-11-10 05:34:01] WiFiBand.BAND_5_GHz  AVG CLIENT SNR (dB):      0
INFO:root:[2025-11-10 05:34:01] WiFiBand.BAND_5_GHz  AVG COUNT:                0
INFO:root:[2025-11-10 05:34:01] WiFiBand.BAND_5_GHz  AVG THROUGHPUT (Mbps):    0
INFO:root:[2025-11-10 05:34:01] WiFiBand.BAND_5_GHz  CHANNEL UTILIZATION:      0
INFO:root:[2025-11-10 05:34:01] WiFiBand.BAND_5_GHz  INTERFERENCE:             0
INFO:root:[2025-11-10 05:34:01] WiFiBand.BAND_5_GHz  CLIENTS:                  set()
INFO:root:[2025-11-10 05:34:01] WiFiBand.BAND_5_GHz  QOE:                      0
INFO:root:[2025-11-10 05:34:01] WiFiBand.BAND_5_GHz  TX POWER (dBm):           0
INFO:root:[2025-11-10 05:34:01] WiFiBand.BAND_5_GHz  CHANNEL WIDTH (MHz):      0
INFO:root:[2025-11-10 05:34:01] WiFiBand.BAND_5_GHz  INTERFERENCE WEIGHT:      1
INFO:root:[2025-11-10 05:34:01] WiFiBand.BAND_5_GHz  DFS:                      0
INFO:root:
INFO:root:--------------------------------

INFO:root:[2025-11-10 05:34:01] WiFiBand.BAND_5_GHz  BAND:                     WiFiBand.BAND_5_GHz
INFO:root:[2025-11-10 05:34:01] WiFiBand.BAND_5_GHz  CHANNEL:                  161
INFO:root:[2025-11-10 05:34:01] WiFiBand.BAND_5_GHz  NOISE FLOOR (dBm):        -95
INFO:root:[2025-11-10 05:34:01] WiFiBand.BAND_5_GHz  AVG CLIENT SNR (dB):      0
INFO:root:[2025-11-10 05:34:01] WiFiBand.BAND_5_GHz  AVG COUNT:                0
INFO:root:[2025-11-10 05:34:01] WiFiBand.BAND_5_GHz  AVG THROUGHPUT (Mbps):    0
INFO:root:[2025-11-10 05:34:01] WiFiBand.BAND_5_GHz  CHANNEL UTILIZATION:      0
INFO:root:[2025-11-10 05:34:01] WiFiBand.BAND_5_GHz  INTERFERENCE:             0
INFO:root:[2025-11-10 05:34:01] WiFiBand.BAND_5_GHz  CLIENTS:                  set()
INFO:root:[2025-11-10 05:34:01] WiFiBand.BAND_5_GHz  QOE:                      0
INFO:root:[2025-11-10 05:34:01] WiFiBand.BAND_5_GHz  TX POWER (dBm):           0
INFO:root:[2025-11-10 05:34:01] WiFiBand.BAND_5_GHz  CHANNEL WIDTH (MHz):      0
INFO:root:[2025-11-10 05:34:01] WiFiBand.BAND_5_GHz  INTERFERENCE WEIGHT:      1
INFO:root:[2025-11-10 05:34:01] WiFiBand.BAND_5_GHz  DFS:                      0
INFO:root:
INFO:root:[INFO] All channel metrics saved to metrics.json
INFO:root:[All DFS Timers Cancelled]
INFO:root:Scanning channels...
INFO:root:For 2_4GHz...
INFO:root:Noisiest 2_4GHz channel... 2
INFO:root:--------------------------------

INFO:root:[2025-11-10 05:34:03] WiFiBand.BAND_2_4_GHz  BAND:                     WiFiBand.BAND_2_4_GHz
INFO:root:[2025-11-10 05:34:03] WiFiBand.BAND_2_4_GHz  CHANNEL:                  2
INFO:root:[2025-11-10 05:34:03] WiFiBand.BAND_2_4_GHz  NOISE FLOOR (dBm):        -94.9879094435747
INFO:root:[2025-11-10 05:34:03] WiFiBand.BAND_2_4_GHz  AVG CLIENT SNR (dB):      51.06503906948076
INFO:root:[2025-11-10 05:34:03] WiFiBand.BAND_2_4_GHz  AVG COUNT:                8640
INFO:root:[2025-11-10 05:34:03] WiFiBand.BAND_2_4_GHz  AVG THROUGHPUT (Mbps):    59.20625305310319
INFO:root:[2025-11-10 05:34:03] WiFiBand.BAND_2_4_GHz  CHANNEL UTILIZATION:      0.4718404678276779
INFO:root:[2025-11-10 05:34:03] WiFiBand.BAND_2_4_GHz  INTERFERENCE:             4334
INFO:root:[2025-11-10 05:34:03] WiFiBand.BAND_2_4_GHz  CLIENTS:                  {'AP24_2'}
INFO:root:[2025-11-10 05:34:03] WiFiBand.BAND_2_4_GHz  QOE:                      4.47549742443073
INFO:root:[2025-11-10 05:34:03] WiFiBand.BAND_2_4_GHz  TX POWER (dBm):           16.999998851892144
INFO:root:[2025-11-10 05:34:03] WiFiBand.BAND_2_4_GHz  CHANNEL WIDTH (MHz):      0
INFO:root:[2025-11-10 05:34:03] WiFiBand.BAND_2_4_GHz  INTERFERENCE WEIGHT:      1
INFO:root:[2025-11-10 05:34:03] WiFiBand.BAND_2_4_GHz  DFS:                      0
INFO:root:
WARNING:root:[ALERT][2025-11-10 05:34:03][Channel 2] Sudden change in P95_retry: 15.36 (avg=20.32, dev=24.4%)
WARNING:root:[ALERT][2025-11-10 05:34:03][Channel 2] Sudden change in P95_PER: 0.01 (avg=0.01, dev=42.2%)
WARNING:root:[CUSUM ALERT][2025-11-10 05:34:03][Channel 2] Throughput ↑ shift detected! deviation=2.77
WARNING:root:[CUSUM ALERT][2025-11-10 05:34:03][Channel 2] SNR ↑ shift detected! deviation=2.54
WARNING:root:[CUSUM ALERT][2025-11-10 05:34:03][Channel 2] NoiseFloor ↑ shift detected! deviation=3.10
INFO:root:Scanning channels...
INFO:root:For 5GHz...
INFO:root:Noisiest 5GHz channel... 128
INFO:root:--------------------------------

INFO:root:[2025-11-10 05:34:03] WiFiBand.BAND_5_GHz  BAND:                     WiFiBand.BAND_5_GHz
INFO:root:[2025-11-10 05:34:03] WiFiBand.BAND_5_GHz  CHANNEL:                  128
INFO:root:[2025-11-10 05:34:03] WiFiBand.BAND_5_GHz  NOISE FLOOR (dBm):        -95
INFO:root:[2025-11-10 05:34:03] WiFiBand.BAND_5_GHz  AVG CLIENT SNR (dB):      0
INFO:root:[2025-11-10 05:34:03] WiFiBand.BAND_5_GHz  AVG COUNT:                0
INFO:root:[2025-11-10 05:34:03] WiFiBand.BAND_5_GHz  AVG THROUGHPUT (Mbps):    0
INFO:root:[2025-11-10 05:34:03] WiFiBand.BAND_5_GHz  CHANNEL UTILIZATION:      0
INFO:root:[2025-11-10 05:34:03] WiFiBand.BAND_5_GHz  INTERFERENCE:             0
INFO:root:[2025-11-10 05:34:03] WiFiBand.BAND_5_GHz  CLIENTS:                  set()
INFO:root:[2025-11-10 05:34:03] WiFiBand.BAND_5_GHz  QOE:                      0
INFO:root:[2025-11-10 05:34:03] WiFiBand.BAND_5_GHz  TX POWER (dBm):           0
INFO:root:[2025-11-10 05:34:03] WiFiBand.BAND_5_GHz  CHANNEL WIDTH (MHz):      0
INFO:root:[2025-11-10 05:34:03] WiFiBand.BAND_5_GHz  INTERFERENCE WEIGHT:      1
INFO:root:[2025-11-10 05:34:03] WiFiBand.BAND_5_GHz  DFS:                      1
INFO:root:
WARNING:root:[ALERT][2025-11-10 05:34:03][Channel 128] Sudden change in SNR: 45.84 (avg=13.75, dev=233.3%)
WARNING:root:[ALERT][2025-11-10 05:34:03][Channel 128] Sudden change in TX_power: 21.00 (avg=6.30, dev=233.3%)
WARNING:root:[ALERT][2025-11-10 05:34:03][Channel 128] Sudden change in Throughput: 345.57 (avg=103.67, dev=233.3%)
WARNING:root:[ALERT][2025-11-10 05:34:03][Channel 128] Sudden change in QoE: 4.42 (avg=1.33, dev=233.3%)
WARNING:root:[ALERT][2025-11-10 05:34:03][Channel 128] Sudden change in P95_retry: 21.33 (avg=6.40, dev=233.3%)
WARNING:root:[ALERT][2025-11-10 05:34:03][Channel 128] Sudden change in P95_PER: 0.03 (avg=0.01, dev=233.3%)
WARNING:root:[CUSUM ALERT][2025-11-10 05:34:03][Channel 128] SNR ↑ shift detected! deviation=32.09
WARNING:root:[CUSUM ALERT][2025-11-10 05:34:03][Channel 128] TX_power ↑ shift detected! deviation=14.70
WARNING:root:[CUSUM ALERT][2025-11-10 05:34:03][Channel 128] Throughput ↑ shift detected! deviation=241.90
WARNING:root:[CUSUM ALERT][2025-11-10 05:34:03][Channel 128] P95_retry ↑ shift detected! deviation=14.93
WARNING:root:[ALERT][2025-11-10 05:34:03][Channel 128] Sudden change in QoE: 4.58 (avg=2.30, dev=98.9%)
WARNING:root:DFS Radar detected...
WARNING:root:DFS detected on channel 15...
INFO:root:[Timer Started] Channel 128
