timestamp,ap_id,band,channel,label,center_mhz,bw_mhz,duty,power_dbm,fft_bin_0,fft_bin_1,fft_bin_2,fft_bin_3,fft_bin_4,fft_bin_5,fft_bin_6,fft_bin_7,fft_bin_8,fft_bin_9,fft_bin_10,fft_bin_11,fft_bin_12,fft_bin_13,fft_bin_14,fft_bin_15,fft_bin_16,fft_bin_17,fft_bin_18,fft_bin_19,fft_bin_20,fft_bin_21,fft_bin_22,fft_bin_23,fft_bin_24,fft_bin_25,fft_bin_26,fft_bin_27,fft_bin_28,fft_bin_29,fft_bin_30,fft_bin_31,fft_bin_32,fft_bin_33,fft_bin_34,fft_bin_35,fft_bin_36,fft_bin_37,fft_bin_38,fft_bin_39,fft_bin_40,fft_bin_41,fft_bin_42,fft_bin_43,fft_bin_44,fft_bin_45,fft_bin_46,fft_bin_47,fft_bin_48,fft_bin_49,fft_bin_50,fft_bin_51,fft_bin_52,fft_bin_53,fft_bin_54,fft_bin_55,fft_bin_56,fft_bin_57,fft_bin_58,fft_bin_59,fft_bin_60,fft_bin_61,fft_bin_62,fft_bin_63
2025-11-02T00:00:00,AP_24_10,2.4,10,wifi,2457.0,0.0,0.0,-103.90494194263503,-89.83747839784058,-96.99176713957932,-95.75194006469481,-95.70636767449963,-98.0077283411156,-99.08766298809921,-90.53991698743721,-93.89532433378179,-94.439130339309,-95.1760743674804,-99.9148941137201,-93.07235136741421,-99.43433991667028,-96.0550815481831,-101.82311165902874,-103.02751849457759,-95.95006833467569,-99.33223974421976,-102.87244465652685,-95.2831134337938,-90.54469962948266,-92.73626116689485,-97.67689559843205,-96.8784060225442,-94.24182317228329,-93.53855788313031,-97.93554909911214,-96.80240879546132,-96.00309752234142,-95.24331298179854,-97.30417126866884,-97.26519767784127,-92.76544495337187,-93.27637983530637,-95.47271022232677,-91.74761473256625,-98.06427922931428,-92.03602159674689,-95.27739561202839,-87.09186357599127,-100.48238772298247,-98.97297769928706,-95.64854845803339,-95.71323978369806,-91.05452499010998,-98.91006599253363,-94.19018638655338,-93.41755292858905,-94.79099844597309,-99.78793096840799,-92.68166552687244,-93.2169671486888,-95.1061883832639,-96.29189888100817,-96.22661791250192,-97.14114931935316,-94.9825865398771,-96.8115373838001,-99.45051686869296,-100.05071687711781,-99.16105070359191,-96.23854521498667,-96.98580945194065,-96.25891056276879
2025-11-02T00:00:10,AP_24_10,2.4,10,wifi,2457.0,0.0,0.0,-104.20804022646277,-102.7101870377761,-95.70311032938099,-97.96805745821926,-99.13000495197007,-98.04166734793156,-95.2059114949625,-95.03446944440108,-96.64998885915851,-93.9298162770929,-93.40154124116104,-94.75891240061092,-98.84661757990443,-95.72471557882415,-95.71043824904706,-99.65493452740243,-101.91635690862554,-103.27636709058643,-96.99847375612632,-96.31392108186202,-100.75338495942002,-94.06994322880868,-96.75138577857354,-93.1596823817167,-96.096432616512,-100.40704094210022,-95.83319658659232,-95.19770814184646,-98.85091098412379,-101.5343192183924,-96.90715203354296,-100.21057413241132,-93.84537723727938,-98.42957026774255,-92.03423690698287,-103.58051622901928,-96.80365341402732,-92.9198623061588,-99.87895317412466,-97.68564303334388,-98.4171473695549,-99.25934315291961,-96.47417230311993,-101.09430502946009,-97.54094657045344,-95.66005751340904,-97.8533213606227,-100.20865282642009,-94.11748403065826,-95.01726934161222,-100.331601740374,-101.0903629215304,-100.06381347444425,-95.57222073000112,-96.38132152957513,-94.83779208912563,-98.18649088061461,-99.9822429389631,-94.45150076121928,-98.86838576681626,-96.64839605890083,-101.85781474380889,-98.91747149943117,-94.17985126363823,-99.35686392647234
2025-11-02T00:00:20,AP_24_10,2.4,10,wifi,2457.0,0.0,0.0,-104.1451840971069,-97.40661868160987,-100.69420270406988,-104.30559401763745,-92.57538870859682,-96.40106949140294,-93.64478093873349,-94.35917679902556,-95.35464361874817,-98.10919616254812,-95.67588332018953,-92.84757325799474,-96.89615131228564,-91.44008096390934,-101.64344975650748,-101.96590993089424,-94.18095845354873,-99.60141290666954,-91.01517333582056,-93.13315998340808,-92.38246957683278,-94.49187518045315,-99.9099349681178,-102.12320889751248,-92.65930008953984,-101.64388871514308,-92.39052703392434,-95.13633981641884,-97.37394205856721,-95.81904104410097,-95.74931129075961,-97.75241526286814,-92.86812239234897,-92.97098151530831,-96.67820619164408,-98.94516725720781,-93.22732196389403,-103.21286523752336,-95.81350627607294,-94.92645877248015,-99.63023960144095,-94.22382763479396,-97.22434168105679,-98.78228446295427,-94.2555140781159,-100.40223738320016,-94.53760408741527,-103.09222273856467,-96.28807075691331,-97.01365222846643,-98.76427139770419,-95.97630949343987,-97.38389448521026,-93.98109721519026,-95.4647311306966,-95.78710139848384,-96.2696004864263,-98.56168346674804,-98.050594747034,-96.40053657644424,-97.66526255842831,-93.81082560580792,-96.86483352847564,-96.01728427363152,-101.35323589879359
2025-11-02T00:00:30,AP_24_10,2.4,10,wifi,2457.0,0.0,0.0,-104.7320654596631,-99.15007036051367,-101.89917084703569,-99.30701157641197,-95.7730052011046,-100.12658783692586,-96.82546729306179,-96.0444141392381,-101.35886758590206,-99.42317211244578,-96.68515288104891,-95.62482897965256,-99.34841751896602,-97.27674852891901,-98.58387420890038,-95.54851494726132,-96.17382472216629,-98.85251450525013,-96.29673390607464,-98.9698605750412,-96.35997959659367,-96.31818182362935,-90.61892587395758,-98.74085218597544,-98.15587092055358,-99.67376026083947,-100.83053655303068,-99.10144694044037,-95.7367633739994,-95.51968086561519,-96.84502592560112,-98.61936010125284,-99.21219041745553,-100.48255699104918,-99.40272826255212,-101.61744963705993,-93.65849052403611,-92.22061100069698,-103.53965372016289,-96.86427454611128,-96.91398959359502,-97.10563909089271,-99.51029842330213,-94.66452358339603,-96.50063355492742,-94.62970019777161,-99.94460139790152,-101.8816138736369,-96.42734887091704,-100.62089663711787,-94.56826664216149,-104.1119294027936,-99.13768514436968,-99.5798310026223,-98.7291953851596,-96.94876824377349,-96.54335825165892,-95.81285265271902,-95.46710636679421,-98.24664226167839,-91.40595237454373,-93.57079445779213,-98.6680301066472,-98.14268653608904,-98.73120883776386
2025-11-02T00:00:40,AP_24_10,2.4,10,wifi,2457.0,0.0,0.0,-104.36226415046944,-94.9748925977761,-100.12019441446934,-93.4316037179167,-94.21868973530883,-96.65659619885598,-96.82437650235936,-94.39439869982058,-96.53857208118045,-98.5756493323671,-101.90578582244923,-94.48556496221767,-96.26294714934588,-89.0952839196529,-97.6499976199655,-96.45615599121733,-96.38575347893226,-95.40999507642444,-100.26290092965344,-97.59390990880438,-94.87928589383426,-98.36055443572772,-94.99169791911076,-97.0721162465482,-96.15665094780466,-93.90885490972101,-98.04433093562383,-101.71781778272918,-98.16128394155237,-99.83892969373227,-103.73947230503306,-97.68230903198716,-96.76517217332102,-94.2999801220435,-100.78019551923741,-97.09668607690391,-93.97799015431816,-99.08620576060886,-95.75359887262847,-92.56911012541059,-102.9495069802179,-96.5443011873752,-93.87359451638268,-98.4144026720212,-93.20198423680559,-95.45959879608269,-92.05419265513088,-95.6148696758138,-91.80464804354959,-96.46226406457367,-101.46565105258395,-99.25526529113027,-94.30717375499691,-94.36619523855545,-98.29406849960476,-91.9493617052912,-98.42416706413174,-95.97633317487858,-96.05941440005338,-101.35367473005599,-97.69373991906633,-90.2212754222692,-100.12906481872534,-95.48679141861697,-100.82541183835286
2025-11-02T00:00:50,AP_24_10,2.4,10,wifi,2457.0,0.0,0.0,-103.38753151368617,-92.3397346891059,-95.3928316106141,-95.35067915869418,-92.34889531817177,-101.11416366504031,-90.90546602717491,-98.59547651985939,-95.60569057130762,-97.87629061517102,-99.85555941047423,-95.00276008257417,-95.67792443192168,-96.70371063138431,-96.84552820593706,-91.8096903396186,-89.80912224322766,-92.62882379870337,-95.55530584110191,-101.29933189790135,-94.50606442263461,-94.37336045582259,-94.07353272547083,-99.81047434128314,-93.83733961626946,-91.7027729354572,-99.33539841103469,-94.33355962064982,-98.82286143303928,-96.70034053844978,-99.23360512077016,-97.43966844864146,-97.41640748852235,-95.15070667648058,-93.71645652097811,-92.73899867001043,-98.34342961045519,-95.30792597591382,-99.68202471007258,-96.71959562527778,-96.25930895421357,-99.15514208377543,-94.71021425987115,-96.8547953623445,-95.9244239133425,-92.7140059342224,-97.67056159207038,-93.8369366941752,-92.05889692549766,-92.24272100834153,-96.95193710244955,-99.30551804911246,-98.5173264877156,-101.14757911346841,-94.32947537034191,-94.14327425138315,-96.03533556162334,-100.5159391601382,-97.4833844611309,-92.2467540532011,-94.55853956289572,-94.03838692401462,-86.46335353812182,-95.4033075142147,-102.8634937692906
2025-11-02T00:01:00,AP_24_10,2.4,10,wifi,2457.0,0.0,0.0,-105.70807087405542,-97.9527854272475,-95.89376880666984,-99.07393467713686,-95.80142916595004,-98.87196324984863,-98.34944264928399,-98.46405492931135,-96.74223775973725,-97.08287578494239,-102.047248439579,-98.05700644741843,-97.08608609907228,-94.32287810764983,-101.73404086652984,-97.09273064635208,-99.75172387065811,-98.13249862301424,-101.92856423876385,-98.7482185710472,-97.75129398175199,-101.61845045859553,-94.36178813511198,-103.34073754822732,-97.09540098206412,-105.993388657092,-99.47302120586977,-97.26916030794295,-96.57018533041918,-99.02418996921277,-99.43294463160781,-97.00574134837497,-95.85608324279794,-94.56923036548426,-102.58051114288833,-99.31000820317306,-105.28866683863171,-102.81057346481359,-100.82042720397354,-96.11303494084501,-100.15075010877432,-99.57496527207395,-97.80797885533184,-100.71975458392541,-104.69209856298701,-100.945850288898,-99.07024074179445,-97.30268246491401,-99.32723780425333,-97.35257018440032,-95.93395261277232,-95.3463835319313,-98.19114268946589,-102.11955097434863,-102.44311613442508,-102.16367545042512,-101.9327301132658,-98.40985342776625,-93.04574306609629,-98.07235498638768,-98.96005526583615,-95.8223989891911,-101.19376204840924,-95.58196592253053,-95.80432719566234
2025-11-02T00:01:10,AP_24_10,2.4,10,wifi,2457.0,0.0,0.0,-103.76678995704853,-91.508322740648,-95.41848830320276,-96.11370279048799,-90.66058451538366,-102.63468901977092,-97.04283701604348,-98.99063400723693,-97.48201699411254,-94.95486573203516,-93.82480135227419,-98.32799339716964,-94.75939460131127,-99.4597241591256,-100.60825217596145,-96.55421860241951,-97.42240824374903,-92.29518884837346,-90.38143775058131,-98.59243985888342,-102.2013733354091,-100.86831136336347,-99.27388454820574,-96.14487368743524,-97.55036563531533,-100.54232123925902,-91.40837588725581,-94.77821342035074,-91.48973183043083,-102.17006660135809,-92.9487565412185,-97.21387367886666,-97.94230166064898,-96.69380099597218,-98.86527897413633,-97.19577411627431,-93.9275222808531,-102.65582250758051,-92.2748513131623,-95.58961742197931,-97.09744257362128,-93.95994943893851,-95.6753467160451,-98.20652151492654,-99.08535982898483,-92.26814001060302,-101.2038623335652,-97.35750981671383,-100.99804288117878,-95.3034270487064,-97.0579274740925,-100.51535102280818,-99.37378507042999,-96.633565922631,-95.91156201707282,-102.57830082409616,-98.88306589216144,-96.28543113703908,-93.1373176491417,-94.24900806271198,-98.1316689260115,-93.76950840239985,-97.71199069525528,-106.13396402520816,-92.44416243720485
2025-11-02T00:01:20,AP_24_10,2.4,10,wifi,2457.0,0.0,0.0,-103.23068506739344,-99.17009070555444,-95.60268814156834,-94.02317003536429,-97.23912370057,-96.8506530241514,-96.56639950197534,-98.97886447570657,-97.37104163238249,-101.08312355815595,-94.02434006737938,-87.86592954580058,-96.05043829381522,-92.65750703325763,-97.01561695476802,-100.27002448660018,-89.47711270086701,-98.76765012651641,-93.38945947047571,-95.58250984779097,-92.66915777408299,-96.43192634043763,-99.72221572321668,-98.22478223345038,-89.17399281142887,-95.27164916909891,-89.69844812901152,-97.33337813118112,-94.08922180827551,-100.08242070304038,-96.14136274552587,-89.56138702178797,-98.58213126194627,-98.30181472617458,-93.74790514487275,-95.88684702033359,-90.54230063426738,-96.95349947364944,-96.02431131562166,-95.2801278287389,-99.45797788067564,-100.1265309813201,-100.39998216128112,-106.15423762605691,-96.4857790512337,-100.13279219012321,-97.84771659401993,-93.17045134106334,-99.06836023135652,-94.16124761488445,-100.97128379793989,-98.28569579303871,-91.00749320207004,-97.51416088044942,-92.36725207113939,-89.16445671358031,-97.48724325624741,-98.22787616825227,-102.71145153700265,-95.35527535121038,-95.09289997306783,-93.91848502081773,-92.0566341425758,-99.30842734483593,-90.61737156802992
2025-11-02T00:01:30,AP_24_10,2.4,10,wifi,2457.0,0.0,0.0,-102.83405320622387,-101.4427456988852,-96.00392588215684,-95.10224592395402,-96.99629005437141,-101.41657753647243,-93.18315304595077,-93.98056799613707,-97.69604521846115,-93.29728356174095,-95.46105349452557,-93.9325955775305,-98.57726204688446,-95.11806409923966,-95.08633224649992,-96.5286070543415,-103.85580415792163,-95.31876704897576,-95.11456820969823,-98.67093818704204,-94.11726075208729,-95.10006259398924,-94.60553793188612,-96.96643484392993,-100.96030583932288,-100.89385400674857,-93.77156527051723,-99.11569355725065,-98.22809458939159,-93.31517830787759,-102.2433268518527,-100.65365886319798,-93.46667874366611,-95.58117709031136,-101.81454261394461,-97.15285037471531,-95.30608751705384,-99.13983238896023,-100.17198240067479,-100.8999009943894,-93.29496673027317,-92.70416354302347,-93.5699653216548,-92.1371405967339,-91.99278541502727,-100.382153323195,-92.8301676089625,-95.49743062890944,-90.13539645405868,-85.67629471116611,-96.42092892345077,-96.74900999393112,-96.98517103505658,-95.61829593657023,-95.13815320489802,-87.91981632851443,-95.40454901522466,-97.12294429121714,-95.79476883681028,-98.30892083289449,-100.86835323425801,-96.27804057783138,-88.833813281635,-93.16894268662743,-97.27311949782937
2025-11-02T00:01:40,AP_24_10,2.4,10,wifi,2457.0,0.0,0.0,-104.75182547326453,-100.79904834114572,-95.1848267840192,-98.30366988018068,-102.80354051153073,-94.70805778654147,-102.2833921164967,-99.39725530838705,-98.3839448375122,-101.03916461569435,-102.84233420305735,-95.31160017007713,-95.79627897562986,-97.59037252505463,-96.65583158247739,-102.8551386740554,-96.18598111395258,-96.51099639037496,-96.42479974436664,-96.43541403072054,-94.76911657135769,-98.09982689876401,-97.56294819756066,-101.75639263763445,-95.69477750160479,-99.75782854799975,-99.54196034566709,-98.9787569737348,-100.96869058419162,-98.07139268828941,-95.27923386028384,-101.08725420667668,-97.801572121895,-95.75260223933515,-105.19226989663251,-92.18887185858597,-99.13778735045321,-100.55674337209047,-97.50719275889307,-99.77658815826851,-97.96378884665828,-99.99891789096395,-94.3711856846481,-89.70034459376211,-95.58289668134563,-97.1531201761454,-99.40802808716508,-94.56809044560978,-100.05647378836431,-96.79606015043957,-99.3120781849696,-101.5211969734588,-98.39093804523428,-100.70773325076604,-93.32503664992286,-100.0141853421955,-98.14239757753117,-99.70035050761157,-101.45780771057987,-95.69853914060613,-98.03562756662804,-90.72211518664587,-94.60946423674817,-97.54168062561278,-96.65087314679408
2025-11-02T00:01:50,AP_24_10,2.4,10,wifi,2457.0,0.0,0.0,-102.52403898983141,-93.93348147457839,-96.0683639033788,-96.55252605872991,-96.33536513977647,-98.38333856641678,-101.13701729970322,-97.437648617601,-97.45209239466354,-98.79364875823929,-93.77791605282684,-94.7917989267194,-97.30149332178935,-96.45845427980143,-94.85476632644087,-97.70465899877321,-103.18683041403496,-91.93475729296436,-95.86783979004679,-94.71330070859496,-95.00795109319033,-99.85294594051318,-97.58495605544906,-95.56404504245589,-96.12157425582785,-98.92749148375061,-94.4963126657505,-93.81622889102647,-96.6660915615651,-92.51657304938523,-93.92537725695895,-94.36437402180755,-97.02240953271404,-96.03322422155846,-93.02421405447404,-99.87198367585367,-99.67721248572647,-96.74737375553694,-95.5846982835501,-95.8165710202227,-93.95785798315593,-94.79930463871962,-95.46141752604389,-96.42936598910006,-93.07384457161385,-91.92354089689388,-96.41233886808519,-94.3560775193556,-96.29701840940287,-99.15295187908278,-100.52548759916007,-91.99624345071861,-93.1249538312342,-94.3167917488613,-92.52931899395637,-97.92664658180479,-92.85206380887855,-94.4785992168689,-96.81667891398516,-102.43697397968849,-99.81373989135786,-90.36499875053045,-90.46798650123174,-99.77809871281838,-101.51446339950938
2025-11-02T00:02:00,AP_24_10,2.4,10,wifi,2457.0,0.0,0.0,-104.52552125695925,-100.57059117918772,-100.2869050432212,-98.85863005348556,-100.38631466110738,-98.05893606241732,-97.96628027853139,-103.98916692194632,-100.74441717739387,-96.87626771974297,-97.85861967984802,-102.79876579803779,-95.11061439987654,-95.70438409580692,-90.53635895716543,-92.23527964751676,-100.08455000161607,-97.90809158423556,-97.43046841100745,-93.69959168952563,-98.38303766763516,-93.48824782535613,-96.6743906210516,-99.92074547554418,-101.06268048631628,-94.47289603081471,-94.62248503813275,-94.24400711732395,-105.26962353742024,-97.91594077880461,-93.76521509568735,-101.81712481193792,-95.82009713647095,-99.1863510867146,-100.34932749060606,-99.70660536810976,-92.78553764226773,-94.83879584284435,-97.8776117861508,-90.92321409112816,-102.90039097614893,-99.44504368860073,-92.72576539534823,-98.06486337831123,-98.14757538138662,-97.88884363684328,-98.89860747881616,-94.74012093579303,-100.00268222935114,-89.45898475769569,-101.76898658777336,-92.44967649620514,-95.04944662502442,-99.57257594890743,-96.75421764307171,-94.99156618920829,-95.64729863656996,-103.22982501004805,-96.36651295594183,-101.69052432190594,-94.38105839314709,-94.3157541186064,-101.63337766702014,-103.45435153410594,-98.4403299704119
2025-11-02T00:02:10,AP_24_10,2.4,10,wifi,2457.0,0.0,0.0,-105.07328629683363,-94.74750610919274,-98.57220247499468,-99.75457419945917,-97.04357526072644,-97.94511928646683,-100.85642967792079,-99.2229661497226,-97.41850019840598,-105.3544818507247,-97.94261856845114,-100.78883096002455,-98.85433784300939,-101.88555088578455,-99.15348796340807,-92.68328930531285,-101.13312627840507,-100.07791246315277,-99.2032444858253,-104.47708142137536,-103.3141284427123,-96.45197953338972,-99.88301059074102,-92.71413296899163,-100.92172275307071,-92.53263219937489,-103.36814126543486,-98.59852020970743,-100.81077677721338,-95.8211380316661,-100.08746830615017,-99.7405372448465,-98.4261440044019,-90.44433908244174,-93.97118650469169,-99.51555893405173,-101.00715282767153,-100.77309479859393,-101.44623454950712,-95.0333984500425,-100.35107989494625,-94.49787740939836,-94.52241412083086,-98.58723983798112,-102.5813048011656,-95.78257897910201,-101.88026038456694,-98.08563071021624,-93.57523364239127,-105.38392306752858,-98.93621138260309,-100.04609430807301,-99.49342253433488,-102.35133291378173,-91.84963543065005,-97.58559740759459,-104.2322787187835,-96.97142358318457,-94.69713834001871,-98.3050687274888,-93.18894734722429,-104.34382606514245,-94.6621463769075,-98.84025043829133,-100.77267462570641
2025-11-02T00:02:20,AP_24_10,2.4,10,wifi,2457.0,0.0,0.0,-104.98284942846914,-98.60401906349281,-97.8449473801187,-101.99699922735783,-98.23009596093414,-103.06027395672004,-97.66882971175633,-101.83236305680683,-94.11866756815655,-92.2858473170712,-100.02742411165133,-102.77906197082449,-99.43671223050572,-103.037841195129,-99.12849220941207,-100.74092786766805,-94.65077054572787,-104.30494685631773,-102.01160997904985,-95.45390881416103,-99.87795668917501,-93.49795061982759,-97.93982303464648,-97.36784833982988,-97.09140102679126,-96.83455569414838,-98.64835912602835,-98.51084856703206,-94.36484902792063,-100.24071142672828,-97.5026542036178,-99.23060508192171,-96.08051518184901,-94.16602161478323,-99.58300803909349,-100.95692270050763,-100.25508615045239,-95.2384993815881,-97.24728113981114,-98.22390549969161,-98.57011890350593,-100.11805177627497,-95.41613969687145,-97.46639673791094,-92.647172480606,-98.08090162604918,-97.21209353717673,-99.38068225819165,-99.92819364779976,-98.1967742043445,-94.40946442967987,-99.39553046250536,-99.44726455035294,-102.27247287723408,-90.55571702764034,-99.77620809464683,-102.27833030505529,-97.45864376266364,-97.2487993056249,-95.620707550421,-97.41782128515958,-103.2549404702022,-100.26977250637934,-94.79283086476846,-95.20350035484887
2025-11-02T00:02:30,AP_24_10,2.4,10,wifi,2457.0,0.0,0.0,-105.63948272566942,-99.92748900409742,-98.11780476411445,-96.74936456382896,-95.30311402002891,-96.3462907138728,-98.88431641514578,-97.44514277927524,-102.32650993060008,-101.32065621114741,-93.67870966003639,-95.67169699161447,-103.18596888811746,-100.88724653377892,-93.23773560482506,-101.09696254347605,-104.32828782607582,-100.3186050952297,-100.24046028247471,-95.33048676093443,-96.16090146433984,-100.14270398266967,-98.87614359798637,-97.79317189602108,-96.48614242605989,-99.77044113400635,-97.77071383383452,-94.35488700103417,-99.07986997185694,-98.22300791473926,-96.81160951062365,-100.35266057425915,-101.29289637271656,-97.4570491794698,-96.89379222171047,-98.88426825178522,-100.54922118154406,-100.03623122404024,-97.85831942924423,-102.16916537100099,-95.49913154567076,-93.9444280890901,-103.14182052611162,-96.97173515324569,-96.26007981582424,-96.02050572883061,-103.5960022176471,-99.61113342693545,-100.34485753968987,-99.37040412211925,-102.34382423278514,-93.46309632574994,-97.33056401052804,-101.6891652482906,-100.29362461049969,-94.43454809257439,-98.94056547981891,-94.80256910510214,-96.61224159900057,-102.7119624194599,-101.60778468690854,-102.15926914137405,-97.24019093284738,-92.92027626490986,-98.12009164677919
2025-11-02T00:02:40,AP_24_10,2.4,10,wifi,2457.0,0.0,0.0,-105.83719430594127,-90.43323473046132,-104.99282826125379,-95.23650602254324,-97.85591664778491,-100.69002446792364,-99.88293674533139,-91.0435101397036,-96.04578897102174,-99.1188585503881,-101.02191456457454,-95.95348688453706,-99.601478398266,-101.35935327791769,-99.32898008354424,-97.35834748168074,-99.22159721342392,-93.296921836322,-96.2370456179714,-99.5858355752236,-96.29178769113274,-99.61561823465729,-99.23318072202437,-98.70027074451991,-100.15254733836092,-95.3344089802714,-95.51790157684077,-101.64815522813132,-93.62709146263944,-97.22791247152453,-105.10750019737404,-98.11276091345594,-96.89568965499313,-100.87883305197599,-91.58825077729594,-101.48517063081242,-97.12828680972314,-100.88288073751364,-100.73830947554673,-98.47569341804018,-101.26870278739872,-99.86990693593167,-100.82759928652779,-103.61890205629291,-99.7904665769635,-92.5664434416753,-100.55452837794118,-99.01763759628149,-98.54459343423358,-93.58914332119242,-97.50619558277303,-101.5415573639672,-103.95951839630885,-101.64417524147126,-98.46995025992588,-102.3819693976635,-94.8540479923577,-99.86758802381487,-94.79512512474673,-100.01049676242486,-101.35381394050725,-101.76409045629461,-97.33200772874126,-95.0139677522706,-97.4933529257546
2025-11-02T00:02:50,AP_24_10,2.4,10,wifi,2457.0,0.0,0.0,-102.35026390025952,-95.220649005507,-92.96597990649252,-94.14052971752257,-90.88864935029697,-101.26063857039846,-97.1975266926406,-95.5883459705118,-93.75058981180668,-95.98914484239428,-96.22530242110503,-95.68749918088602,-96.27895236073476,-91.47223819685935,-94.19041474808022,-95.77687907614813,-94.3275061821638,-99.13641168925797,-97.01082521170208,-96.95235997342832,-91.94432076484583,-91.14911561122365,-97.29226605507019,-91.63800818917903,-94.61859912576915,-95.98612353831476,-96.87304117286719,-96.06538184895132,-95.78680062631467,-99.51906186272026,-95.98086270788059,-95.2212128510745,-99.10493621209116,-96.75464972666212,-96.61108055350277,-99.36497545379758,-91.72425521368378,-95.3020489345626,-100.35852930114628,-93.47790713900258,-97.45935060382587,-99.34228416759257,-95.63012204176388,-90.12188241904488,-95.42264853140081,-97.20840248864944,-93.25997636540279,-97.70602134421516,-90.7296301441993,-95.60419662461136,-93.34745136662525,-100.46311122964,-95.25945007666374,-98.64126386644907,-96.25460688604598,-94.72112292143323,-96.71123725962767,-96.79454448206081,-91.1638096783072,-102.14694526155921,-93.07049625035818,-96.04371857002957,-97.36177136735704,-96.99972579630199,-94.58612262135732
2025-11-02T00:03:00,AP_24_10,2.4,10,wifi,2457.0,0.0,0.0,-104.21504736626953,-97.54814587450245,-97.35107870952282,-98.38867152148705,-97.58682429245573,-96.4431787790262,-96.72920849636292,-97.40621898538548,-97.97153954782002,-95.45720717536342,-99.09524383041088,-102.37876121876855,-97.44737896906946,-94.46928460646122,-95.65849932353063,-94.7409400741522,-98.38636105309456,-95.85144239776413,-90.94423558497826,-100.72165110675213,-95.70040082892487,-98.26783620135559,-93.27519235923022,-97.19744610817779,-98.01921170184315,-101.37936859095554,-99.99688588711442,-98.28958882623573,-94.39153320120082,-92.55983498569586,-97.58517562334158,-98.20185517228732,-96.11136317553837,-96.54963587031455,-97.70150028387222,-97.28451924193139,-96.31584696080516,-93.64592119093642,-99.29391377205796,-101.07116262239784,-96.6356861344375,-99.92541917245319,-92.92589160984117,-96.10134734930128,-97.5826187253725,-97.31353490794045,-95.97168754277595,-95.33336803553703,-89.72508242632539,-100.36330045703535,-94.26705185042113,-90.42916868843642,-96.02976191356716,-96.9632410613864,-98.26624015310469,-97.41582180306634,-97.28209494313492,-93.6348468028012,-93.37232156390671,-98.69922299072601,-93.2662165768102,-96.60701199392346,-96.45010684916244,-94.33492727916288,-97.78629967402819
2025-11-02T00:03:10,AP_24_10,2.4,10,wifi,2457.0,0.0,0.0,-104.64915952329615,-98.89825353420997,-91.97807483767647,-101.3354866975222,-92.081097439418,-99.41352980257894,-97.67277966310718,-97.58764092120396,-97.20038330258578,-102.17959352966031,-90.16735731856635,-95.45217282194352,-95.15203815315071,-97.32234387134528,-96.84599814789344,-96.2313338032422,-96.5730269725872,-100.2837588933869,-99.58963631584365,-94.6868453257684,-93.39456354208212,-100.01323250394364,-98.32816323389542,-98.42791737654504,-94.96773698102315,-98.02735324469538,-98.60935136553178,-99.99691368623105,-94.7906765833555,-97.81929743166627,-98.5793759674186,-97.86144607796896,-92.79922393451263,-96.77338502824568,-93.08343130416758,-100.45450745051261,-97.1733296418588,-97.92499539684061,-89.59532120254258,-97.55919598545496,-100.17959562303767,-96.53182861161744,-95.9442398499419,-92.92677791612432,-98.74849459456902,-93.58237973724121,-97.06298365952821,-96.01799850662788,-95.51127819766862,-97.75362950143506,-101.8555005057302,-96.89934929782375,-99.02590026570329,-100.9824887436655,-96.99338988622864,-100.37635179665367,-97.0377241951695,-97.3850897918413,-98.07893417576159,-100.40286126844998,-101.74212305474516,-96.98037962729771,-93.81703865843566,-95.2110617136725,-101.37072307422855
2025-11-02T00:03:20,AP_24_10,2.4,10,wifi,2457.0,0.0,0.0,-103.58424117565168,-95.9644055757003,-98.9329377936027,-100.83903185302407,-92.63479486323264,-98.04343586647855,-98.58240443503854,-95.077775772343,-97.93770116195289,-95.85548468955776,-98.90640167922672,-95.13606661987386,-93.63890487565607,-96.00512177217827,-99.69236620217319,-95.40023684127166,-98.80007023667912,-95.92007014168465,-102.35181799910825,-93.78877226935046,-95.7534137433435,-95.98172469051235,-93.57047925816501,-101.64802146567247,-99.01651811671883,-97.73322238528178,-103.40808008726404,-95.84046959187812,-99.79986043601863,-92.87276842546103,-99.22615813767267,-93.24674235616959,-99.5573947024866,-93.06151761792403,-97.32796684747103,-98.67694947355119,-91.2122749663535,-93.73151496096986,-97.08001896107477,-101.6564142080281,-99.4880514301592,-96.22594510788761,-98.33326386327332,-99.48698855276132,-97.04329430663263,-93.93625854804196,-91.16673846061234,-99.30832907764517,-98.5232731248266,-93.4017749112011,-99.70192788693669,-98.16979516339366,-96.1588200871196,-93.19400673756753,-101.25083386644899,-97.13325159023827,-99.71860551276352,-93.05353203941216,-95.41861921548588,-97.21055653533442,-97.27989493930573,-95.10831650253442,-98.7147625638639,-97.4117353500973,-97.9297891125515
2025-11-02T00:03:30,AP_24_10,2.4,10,wifi,2457.0,0.0,0.0,-104.41138132662263,-99.13773862670352,-97.27811509612373,-95.19710330937497,-95.70502736724228,-92.76087554695079,-96.02418878280095,-95.6966110193978,-96.75614339757482,-99.23860737058459,-98.99361439504358,-100.57486142093471,-102.68985154047802,-95.74806569694017,-96.61219969804122,-100.98070969855445,-96.47729410651877,-96.56250878706564,-95.34922116212289,-98.56477443392143,-99.5221228739446,-99.35536026883264,-95.02418848178361,-94.78007911779521,-99.96631815390613,-97.35206416021403,-98.5410312738082,-99.09481551439717,-96.2016493211169,-96.98149550178108,-104.58687531701767,-96.77296218462493,-93.03394325460981,-97.34364756186658,-93.18210803712142,-96.51923290536763,-91.45856912004429,-91.41078808367048,-91.41459302401158,-95.36403475433387,-96.68667294991042,-101.13584769307376,-101.49549058089198,-93.22507617863391,-99.96170961268024,-92.81067802458706,-99.63525214802436,-103.60516969266216,-99.98420040421227,-101.64443250946695,-93.05128653352041,-98.22914078188931,-98.32239377664388,-98.98910244792944,-97.4779923578832,-96.55400092344577,-99.10397873076478,-102.29168536668979,-102.13236701048726,-100.25698956711426,-101.88376124812825,-93.53304612723902,-98.799978161279,-102.61286561756694,-96.16096228275165
2025-11-02T00:03:40,AP_24_10,2.4,10,wifi,2457.0,0.0,0.0,-103.89307266893182,-94.57928128523544,-94.75870718320769,-104.27319180505472,-97.07947311553937,-97.67152294515603,-100.17998619539267,-96.04472621698028,-95.49744415360664,-99.36865358594885,-94.21955372441349,-101.63166691579916,-99.4870491611367,-94.26207431433241,-94.77191134773128,-94.35053972047778,-95.51296027340332,-97.0936904807987,-99.09004796172445,-97.6031116633762,-91.45297266838845,-91.1912190084422,-97.80616198942428,-91.50158917974035,-88.8359730422784,-100.87239888222656,-97.08549447554941,-99.81922562815973,-91.46000958162061,-99.86137310047226,-97.73578584714917,-95.88852267225688,-97.05598071774347,-100.13554582514891,-99.21925725309498,-98.89413992546383,-100.43315340743366,-94.91678435694138,-95.19822700685617,-98.09129608437902,-97.74885241077675,-98.29014351784161,-101.02346701785015,-96.85403041019576,-95.44489003754315,-101.11279302669996,-99.28420286902761,-92.49870606202589,-94.82639565105652,-96.90571771968324,-96.62989545087855,-97.42908644096786,-93.86361848816651,-98.80389735864922,-98.52595175803258,-97.79087961622575,-95.92741997457503,-92.38165439482925,-102.24345468623598,-97.09707673441883,-99.93655240537134,-94.12803726998285,-100.00896999879558,-92.39076746837844,-95.36173754396832
2025-11-02T00:03:50,AP_24_10,2.4,10,wifi,2457.0,0.0,0.0,-106.35629132046981,-98.93859535425452,-97.72355905964255,-93.74135602445975,-96.29827816566119,-95.3892363121737,-98.11364147221965,-92.67929397376224,-97.80102097483513,-103.37629843430034,-103.95695354451868,-96.66451589978726,-101.92470820472,-98.70070828244015,-97.37825958694245,-100.28543245967916,-102.62783171574712,-102.61389622448694,-100.2102590333491,-97.81307424379666,-102.98777971871748,-93.01021534422068,-97.6253789201155,-98.06994437935974,-99.44449122985274,-98.94580089811457,-98.09821422048846,-98.8201982401475,-95.1168453740682,-95.34017650579247,-98.55030840092111,-101.34875548156246,-101.90449299567315,-99.19661059376897,-99.8990022658148,-97.38676078944064,-94.04028228832962,-98.2146129212168,-101.24319198801815,-102.97588094810354,-99.61257722412472,-98.41739450068596,-102.13390355823469,-99.22916899663882,-95.44380541537895,-100.54981563684379,-99.72326753466298,-96.84573682111977,-94.4938290004737,-97.10633175380751,-103.55502296125354,-94.870749605823,-101.19930226525068,-100.6882180091578,-103.19249692394129,-100.77190262002964,-98.3214982929536,-102.74353143005482,-99.76607951789804,-103.97548075362126,-97.53625509652511,-100.60866409012016,-98.6008668290677,-100.99711362905616,-98.72875770534218
2025-11-02T00:04:00,AP_24_10,2.4,10,wifi,2457.0,0.0,0.0,-104.23469011856008,-95.04634872625618,-95.35700524650238,-93.6658496427773,-100.92209301701338,-103.5371038420771,-97.0317817015762,-98.8129146245118,-93.82158888031962,-97.67538901476833,-90.91822994294249,-93.17173006820435,-94.89791514724837,-93.68295410418001,-100.22984577448912,-99.7785902574102,-100.7534146201413,-98.2171698665914,-102.18689216451425,-100.9997372249365,-98.96096635041425,-103.48636332171505,-97.92710295516578,-102.13016003083257,-98.89822532700286,-102.99227964451374,-93.7367114166926,-93.9071001028434,-100.29844362847409,-97.57531613504186,-92.62552728709241,-92.49587107420035,-98.42613742638555,-100.07075802235194,-91.31211733616156,-100.8327748914004,-94.96519166876496,-98.34921728855818,-98.44956160025085,-99.34763974606443,-96.17908069597127,-97.24063173179866,-101.4481274445345,-97.35975368615298,-99.43758486457538,-97.63004220853882,-95.74302798050316,-98.74503360634823,-98.15352772864205,-99.37248227949024,-96.01081382202857,-97.53894424448642,-96.03609543506289,-96.98364151570719,-91.67982412865254,-96.00994139428208,-96.96493922647859,-96.7188737177928,-92.12593365064666,-93.33601225626855,-93.10249511886025,-97.26102755411247,-95.00794456629666,-97.53655720769761,-95.19586870552489
2025-11-02T00:04:10,AP_24_10,2.4,10,wifi,2457.0,0.0,0.0,-103.42890128433471,-99.05045421990184,-96.70011463090721,-91.37036493552804,-98.11618053688115,-94.0808077677471,-100.40733402493973,-97.27882865991668,-101.70382929237704,-95.76726246701969,-98.60146958268385,-95.84366291596247,-98.61775127929366,-92.28262904054861,-97.37683317045605,-97.32226147980259,-97.90346769434261,-96.03956338292708,-95.62602850148393,-98.90074043287011,-97.04940056847265,-95.15569092273057,-92.09974349388621,-93.61765315799136,-95.19163288127754,-92.64594809714369,-100.22273078609471,-92.36949705533205,-96.11919797040959,-98.17311240828866,-97.3279152197436,-93.86897488784948,-97.67804937727273,-96.16144566470899,-95.12515280110422,-93.79527159012802,-100.53443111343994,-97.39282407411963,-94.03105351972968,-92.4172413566362,-98.33281665567293,-91.30683643264369,-95.96256949046224,-100.47355615399289,-95.09078318288879,-97.27590807944182,-98.75745997962176,-101.07956660568564,-96.69302865283285,-95.14735472420483,-95.61761502084336,-97.47989782639863,-100.37065874968872,-92.96364696648197,-95.41781809889918,-106.90782275136748,-98.46912731134853,-94.44076140443514,-92.71431005310492,-93.57798338000745,-95.37288955365946,-98.86574263772464,-92.55766306211181,-93.884089209913,-96.63852804886643
2025-11-02T00:04:20,AP_24_10,2.4,10,wifi,2457.0,0.0,0.0,-105.9957506160297,-98.85698739916091,-96.67076332506889,-97.48883207086344,-100.3617295232657,-99.00169181149988,-97.71867737396967,-97.18368993958507,-106.38741587874844,-93.71702878931046,-100.25993880290208,-95.3564358251466,-102.92067839078855,-98.16234088752799,-99.35917096390831,-97.24926737066176,-98.26096848415867,-101.37554981157774,-99.53058190262772,-102.45989437753106,-103.99598764738232,-98.33219264883712,-100.16744090234515,-102.96163113184872,-100.58871078816381,-100.4764446191706,-96.49893307792867,-99.8493523812542,-100.08068224935113,-99.91165948895443,-102.25810020004101,-97.38698577271134,-99.06441953115012,-97.60591796449542,-101.63236703597072,-99.6387272266929,-103.49216090293295,-100.94314815552202,-99.95856937654408,-99.43453538608577,-97.90523326910437,-97.59299662921545,-96.65440228560036,-92.7505543683815,-105.22249797193501,-97.42525778477234,-101.1258831453168,-98.18240959310933,-101.12380175743876,-96.83089431854835,-99.90899395823273,-94.63667923466055,-97.73499180121198,-97.88481072195468,-105.14139776911675,-101.70280013714934,-95.90584620751741,-96.35869110355628,-100.82450408525538,-99.16328192912424,-102.44061119619715,-98.92404908886787,-100.13654079444606,-96.77565202268316,-97.71617905532781
2025-11-02T00:04:30,AP_24_10,2.4,10,wifi,2457.0,0.0,0.0,-101.31384674274018,-95.51565445253058,-90.40072040281741,-88.6401103203379,-94.90044545970716,-95.43139978659349,-93.98898704627081,-93.97782193835911,-93.78544793540435,-94.73354139692839,-93.08173874845504,-96.16648733700602,-90.64463672457828,-93.32719787618157,-94.05124083848628,-92.33151781233174,-89.87539681678427,-98.12157032594395,-95.83743419254961,-103.18430833496977,-99.02600586473045,-93.17063867450764,-92.62465572218146,-94.95306916814367,-90.6122055965739,-93.73699071152566,-93.07520533807244,-89.83836462525257,-95.48774489106236,-95.27892221640143,-98.0303941747826,-95.17766791879221,-102.69999108913993,-95.438655983406,-97.44009737124983,-93.59858215650284,-91.8457789705056,-93.43390129380882,-95.64058407326696,-92.45805209509354,-93.05517016886422,-93.5739510364956,-92.64427532072378,-90.30600692937675,-95.12094649032754,-93.71323807950196,-95.00627307375997,-87.7448380611555,-95.52083357135523,-94.32920491355026,-96.54682371076586,-93.13145928129686,-94.13070332848002,-97.49508287922973,-98.51813716975391,-96.5790013756352,-91.42997474185113,-95.56279594461543,-95.75069878765248,-99.25431494690415,-95.50364072387484,-91.62785309899704,-88.05820036577863,-92.91108706066969,-94.56453935046315
2025-11-02T00:04:40,AP_24_10,2.4,10,wifi,2457.0,0.0,0.0,-102.55454172355714,-92.57086187814511,-96.21114748970689,-95.59721364472749,-93.61856550515593,-94.30804747243891,-93.15627548750201,-103.07256375182943,-94.82761606081958,-97.82144206887463,-95.48429625447223,-93.25130250957673,-100.58137089500362,-92.23394631256375,-96.73877768848783,-99.32224144290035,-101.22772027504986,-90.18367860006948,-98.12325023173699,-95.66868809919993,-94.81000867391995,-96.9296453597283,-101.36132826959967,-95.04942731812243,-91.88444452075316,-96.79636484876082,-92.91597651817095,-90.97976792053763,-101.5778559880806,-91.4195353789874,-90.55261331084253,-94.35303908088046,-94.04090254902624,-89.16876789126626,-94.69991527163461,-89.3082422639353,-92.64064624031906,-98.43787403356076,-97.42925280712572,-93.24821422544471,-98.89850120401746,-91.82556643940184,-93.38493734239368,-94.14245071085051,-100.78035609490487,-94.39861307247246,-96.3566142432537,-94.73273153937475,-96.72067633197396,-99.37992825711795,-95.95378456828296,-97.32761133975683,-101.03923140313505,-89.95322814378709,-97.34615622806042,-97.79090279025627,-97.73181831565903,-95.02659785436849,-95.12229433292758,-98.51373430165356,-99.86147390759146,-91.8045979363942,-99.8194487251021,-96.5224516242934,-93.3205244128037
2025-11-02T00:04:50,AP_24_10,2.4,10,wifi,2457.0,0.0,0.0,-105.41040645220048,-97.44620411953211,-100.33404824590045,-97.3672429159075,-95.60534577168293,-103.5881802924304,-97.72708746210728,-100.01615206824523,-100.01894509788781,-92.34719378631024,-99.12151556599522,-95.79624625180315,-98.55935052578195,-100.33170715223142,-101.46054414334294,-97.3180565387296,-99.14565719807231,-93.41482163109897,-98.99037042363402,-101.31890812630701,-96.21476392883108,-98.7181951140435,-98.28875322253381,-97.67445293526973,-104.09567314792402,-93.11056226198723,-95.72125908949795,-98.53878088979152,-96.15238953013385,-100.40603226799361,-96.13505492568991,-98.34753249415994,-102.23683040526842,-100.27345335056788,-99.77599340816701,-101.57734919656865,-93.81526599072252,-94.68682503914941,-101.39567815688368,-101.31264545795928,-100.15970394021318,-99.48108770821796,-105.1499642973452,-99.27736177850493,-94.57331474633088,-98.09602762688635,-102.66433306538009,-103.15662672410838,-93.15270134477588,-95.94781566299172,-97.3504715338081,-93.28869003155138,-98.15627927131679,-94.34504570681517,-93.74610562151268,-97.26900962723133,-96.32538899290547,-98.3486970279896,-99.24551012758509,-99.88011213058529,-99.09594873774591,-99.2883424906152,-98.96531563993851,-99.14724192223167,-98.80950620085339
2025-11-02T00:05:00,AP_24_10,2.4,10,wifi,2457.0,0.0,0.0,-103.71135769939902,-99.39997360879548,-97.53601266251606,-93.1171329059574,-97.24538501177915,-97.80320135457441,-95.37821529619796,-100.23371967263421,-98.86297608335973,-91.68401325705597,-96.77195203013424,-96.69812206014582,-91.66502938997135,-101.73611365922689,-98.53872056553492,-95.250268885928,-97.86225772309868,-96.22864516927402,-96.43330931979352,-97.1112273863056,-97.75376614988511,-94.30250624737162,-100.04189720922851,-101.19227425326552,-99.21953694693447,-99.13944056267958,-99.39509960477483,-100.50002961647832,-95.47809350330864,-94.78737580362979,-96.03138543237404,-95.41828667811087,-94.72153452585708,-97.30047062598518,-97.57652284639242,-94.79552574473163,-96.71562900848485,-100.8765354728461,-96.38708107417135,-94.02985172072606,-96.38397167201549,-97.12672409065176,-102.00523139690242,-95.00618350028384,-99.51257978998224,-94.38760196526424,-96.22612176011786,-92.65165838210986,-94.58467949326011,-96.258615064277,-96.41423903811881,-96.43945276871754,-98.86882122967742,-90.7173508787899,-98.48339293747024,-95.70839722430875,-98.45936672978833,-98.29077324665735,-97.06549771467719,-93.1121367655333,-94.79838817542287,-96.41147239772614,-91.96628553509201,-101.44227457718907,-94.84189447414947
2025-11-02T00:05:10,AP_24_10,2.4,10,wifi,2457.0,0.0,0.0,-103.86333235910008,-98.28188910373565,-91.44240073174431,-100.24446556030954,-99.01863364127192,-99.26512211242932,-97.07947637839722,-92.14616976616838,-91.86322667382744,-100.27643484200809,-100.20660346900563,-102.85754529341098,-94.84905503666612,-92.77465311998321,-97.45473800469823,-96.45771698769872,-95.19974421082878,-100.49634556869803,-97.26090265133575,-100.96111116004961,-94.67985427304288,-97.14801754112906,-97.94824255310422,-97.04281187791302,-98.63638393415023,-96.72552598159697,-98.60835368504617,-93.30508082937482,-101.13086309025603,-92.06078289229676,-95.79123525710143,-94.81612325451079,-105.11150887439173,-97.31193919508286,-101.39046979367724,-96.60551250971506,-101.7684425503316,-93.59152346057614,-94.0296387224327,-96.2705054707728,-99.82189900794593,-96.2950152310319,-97.10753548716683,-101.90489353473296,-96.43751399162822,-99.39547223766348,-95.5448004986023,-94.18467794435459,-100.04446959660403,-100.29934755041246,-95.82313355326637,-100.69914138489091,-95.27421418163813,-96.59909153858521,-97.7290446840801,-95.85525385916924,-97.88705140038299,-101.69310197191163,-99.76601554306357,-93.7990731365787,-96.38506464147814,-94.75059515201912,-96.92682162271498,-98.85408468581046,-95.01826433995261
2025-11-02T00:05:20,AP_24_10,2.4,10,wifi,2457.0,0.0,0.0,-104.43892726849984,-99.6550340234949,-102.33038461161509,-95.52558236818766,-98.65032660935803,-97.92802412367054,-92.48838680197147,-101.05733281334915,-98.91286509353476,-96.25382924938022,-95.7086338302715,-98.71205217261893,-97.20404069485728,-104.85361427966302,-100.83753578803656,-95.84042401631596,-98.88288225911701,-98.02543851746003,-96.48548517827226,-95.82600761226139,-99.7909388984425,-98.45506276952219,-100.28874282419073,-96.97748656766834,-102.04595202657127,-95.88393263066294,-99.14750533954877,-97.48345839991251,-97.58385987832912,-94.33531539184011,-95.75690518212296,-98.73107502590584,-96.93296865464983,-100.55496550506855,-101.48238691600731,-92.98454784191065,-99.2248255380149,-97.61239130327365,-97.23593048656463,-93.3208015241413,-92.4337547958707,-97.92723039092417,-99.0056877693687,-101.24543879747914,-99.85378997358809,-97.28721437661304,-101.19881909645373,-95.2803690132127,-96.0625432278611,-100.60638366256511,-97.73611239515813,-97.85029998736258,-99.67442406212542,-94.96402466646965,-93.21153231959818,-97.4412213652399,-96.08113174737409,-99.43830776920171,-92.43244414109654,-97.47130760721063,-90.51599296672953,-99.10838632150549,-96.18196326600838,-98.61690673558847,-98.27247352845659
2025-11-02T00:05:30,AP_24_10,2.4,10,wifi,2457.0,0.0,0.0,-105.14863090111874,-94.97258331776342,-102.31229413999921,-99.20538038383904,-93.80286513021028,-103.38408856395317,-97.80536767795387,-100.42820693037966,-99.75035939554301,-102.27911560689104,-93.68872498473782,-97.56360381012084,-100.94804474830836,-99.78660316713902,-102.21237226903723,-100.15799355252855,-97.64767284496804,-101.32504122425841,-102.32670663883674,-97.33643360481335,-99.56903154013763,-95.81540363590354,-97.19665572251698,-98.8792032194569,-98.11018201126691,-98.36141246025045,-96.59766774615626,-101.42903783135031,-95.52450040496258,-96.13018740560386,-98.84547310414423,-96.756062779297,-96.38102231148243,-98.65393719409434,-96.78335880848486,-98.44310202844257,-99.0086909940659,-97.20033623632179,-94.17180264407126,-102.73062110545112,-94.79777798401186,-97.87910571939075,-98.45293257035817,-96.66819940629033,-100.91375052275251,-103.87945425205612,-106.03643412146984,-95.50209877910459,-98.0716031908583,-97.79679227278636,-94.38537623273744,-97.81764220993696,-95.20003228639261,-100.48083095303869,-97.24818022652222,-99.96265520733351,-98.16616273490114,-100.06189674570435,-95.0924153692379,-99.858795196817,-101.89688931834019,-96.6384991176195,-98.41442934104035,-95.16691097476583,-98.23489175764912
2025-11-02T00:05:40,AP_24_10,2.4,10,wifi,2457.0,0.0,0.0,-104.55692900545198,-93.05436565216208,-95.75551014843023,-99.4096171939155,-99.32597727817782,-94.31655342670929,-100.19468587725666,-94.93594714987343,-97.576294776106,-97.72688607486381,-101.24200403778154,-95.22253230391559,-94.3446084150738,-104.53746550514386,-92.06066799308178,-97.69192560326636,-93.78195515759992,-96.44099059771497,-92.83760406648116,-89.07971957242884,-96.77753256184486,-92.82640217583335,-96.48047789944928,-95.01746460713558,-102.43776168081769,-96.83568764889078,-97.63848957860763,-98.58664984087737,-97.30971165445347,-96.85780770676948,-98.42386975367243,-96.1812188587414,-99.2522190935304,-104.10452039754136,-100.93764083127759,-109.82558468069956,-100.03162684233841,-94.81216973990104,-96.12087581203292,-96.42685734678253,-93.94211523051796,-100.80351565427964,-98.75071542464485,-93.97872053217739,-99.57344366765085,-93.98316180690767,-96.42628817730227,-98.141475967871,-97.35159139334712,-98.08697756877551,-98.39658906061348,-98.66824492484521,-96.19163231027687,-94.74537429691645,-98.01929712364391,-96.37968756184584,-97.76294632915075,-95.23071285914274,-99.02350930785262,-99.35749448490508,-94.35356469163341,-95.39548955147967,-95.47537592585223,-94.78453023147416,-98.88264756783398
2025-11-02T00:05:50,AP_24_10,2.4,10,wifi,2457.0,0.0,0.0,-103.72987321505683,-97.15112832352362,-97.55381068188484,-95.37962117421549,-95.99450120216702,-97.10284586626796,-97.25613039603789,-97.87981720535328,-92.56419488040133,-95.1292757468354,-92.2252958381806,-94.94669162822923,-97.15979940825443,-98.72850046121052,-97.85839810441718,-96.16211635349228,-93.7783525989969,-98.87627131906376,-95.84113088077092,-99.03440000533075,-97.10350305433464,-94.75582958553848,-94.2731629966276,-103.61507197213412,-96.18273566275042,-94.47060556792373,-98.68691522680753,-97.0274209607658,-94.87983743327565,-97.43893463774275,-99.97854800661209,-96.16872388692633,-95.86410679065521,-96.7271868615772,-98.21326619177519,-98.81517277067627,-98.84997919972963,-102.91660014693394,-96.52986667226291,-98.22606374274126,-94.17709489910084,-95.77089814874326,-96.96415571105656,-99.19590958764444,-97.66635012998529,-96.15668173731503,-95.42446377554604,-96.19684558076118,-100.31800446962883,-94.13158028869067,-102.75923144445822,-97.49722539808222,-100.74861756954675,-97.61070798820593,-95.26054624632499,-98.21801415966551,-95.53128551385113,-96.89711409182895,-98.66506592964953,-94.37642548353651,-98.05218210241985,-96.67168476475813,-94.62790837060521,-98.22956895592567,-92.8001578350261
2025-11-02T00:06:00,AP_24_10,2.4,10,wifi,2457.0,0.0,0.0,-104.05413031992181,-96.49432780203642,-99.90167040607346,-105.5748998486406,-96.4303926053139,-97.15610972267638,-94.44847319931962,-100.92907271550739,-97.28709633240672,-103.23390067609552,-94.17619380570329,-97.64378052616745,-96.44829503104617,-93.66667050393629,-96.62726945919562,-100.63606995244544,-98.03628399965717,-97.0349880303569,-99.04636106132108,-95.57637953287013,-92.47529011039826,-97.72866356774317,-100.10937343995198,-95.5772165243838,-102.18290125799592,-96.43873086715702,-97.8294009653863,-99.79695671328277,-95.16594130516891,-97.7016463768819,-101.26509908302151,-97.16448282411883,-90.93066945592614,-96.85969026645049,-98.00903851015075,-97.394649222746,-98.18746921907807,-96.68343732633303,-94.63089379533933,-94.92225298105757,-101.84298837488878,-102.72630931350999,-96.55166352260419,-102.86512480150827,-98.27563716072191,-97.86833478224017,-93.66442211131577,-96.24289224466924,-102.11964236175051,-98.92526461820911,-97.46949727594519,-100.11938178796726,-101.58765345999059,-94.95685854773369,-100.27030942378902,-97.6464082773311,-97.3499784655675,-97.99445178311122,-92.00157031921474,-98.27092749685012,-96.39468018075442,-99.95600645897643,-100.17930562642772,-94.47461965450361,-94.30815081103516
2025-11-02T00:06:10,AP_24_10,2.4,10,wifi,2457.0,0.0,0.0,-104.60321380481794,-99.78413436962443,-99.58950028313367,-94.0260703959118,-94.05854401883278,-95.12248599060807,-105.96449315691856,-97.96868668414713,-96.70290401927434,-101.51955548085657,-100.33519928460676,-92.00332717545689,-91.6164713374182,-95.24328226934543,-97.69081656116579,-97.33539613214346,-92.66199116547776,-99.53832557799922,-95.1987916430909,-94.10369107682838,-100.17298488905756,-96.61410683145579,-103.72693786114928,-96.00544249481952,-100.86086098556379,-93.73572102483348,-103.01135305359043,-100.08200822134019,-102.41743158144708,-94.71272450316656,-98.7932742181046,-94.40742457975524,-98.82376514495537,-102.33875348295146,-96.50838733822872,-96.24586713759997,-93.74687180557305,-99.83197285343029,-97.37880065866663,-100.64062406214346,-98.26516118764722,-96.25701840170356,-99.81386742335673,-95.74613046990292,-98.04343927652684,-104.54619515994017,-98.0635157810318,-102.96773649136233,-97.91558099307952,-96.25816656704487,-98.69135121074927,-96.68297145661987,-97.06182320562343,-91.76824143345044,-103.82521679362166,-101.7449755686871,-95.02116110918783,-91.92337032212478,-99.10038101048366,-90.4641305381699,-98.27575993373328,-99.19051377155016,-97.25068463637463,-97.98076605342327,-94.2618636978599
2025-11-02T00:06:20,AP_24_10,2.4,10,wifi,2457.0,0.0,0.0,-102.92493896118863,-95.56984759556839,-97.31139637888143,-96.15251568128308,-94.50032441215487,-98.74159797831803,-96.62975415036532,-100.25070767013588,-99.89817155642463,-91.39145104421486,-95.67525731270065,-100.94757414969457,-91.6210389987777,-104.58652428272538,-95.78002078596215,-101.32778131921408,-98.62113394252442,-97.31951346774258,-89.80200079171154,-95.90472168274955,-101.37562291444043,-95.90190488980421,-96.89830461714439,-96.21906250246275,-95.73505215812823,-97.87000245575683,-99.4028580671677,-96.76312149122711,-94.69173875746736,-95.54432333472253,-91.85241663395576,-93.72602128308175,-97.00855648761097,-95.18495336020352,-98.15902056701032,-92.15149784132068,-95.98283383733924,-97.80819500063258,-92.47416462050415,-92.38521724998503,-98.95725803761515,-91.79869892329724,-98.55107614489542,-98.92751170375098,-97.20321335314618,-99.53513955654823,-95.27001476030607,-98.68269497565942,-95.51296918623694,-94.25145838604651,-90.2536895840432,-98.75941525104678,-90.69627611610582,-96.70384234863553,-97.11825400018472,-91.02658585535481,-94.11616006612107,-90.82437625953727,-95.96904827635007,-94.70693534602066,-99.99968204898524,-96.34657971309598,-97.08165228221105,-92.95943899136661,-97.67209703938754
2025-11-02T00:06:30,AP_24_10,2.4,10,wifi,2457.0,0.0,0.0,-102.3435512929336,-95.57721248522624,-99.44291510499052,-93.32155065101257,-98.65532100082497,-93.97351313546103,-96.62772319874716,-96.53794178408978,-95.01611039691578,-95.32891201335559,-96.58313535634899,-93.7187311542322,-91.33475763703885,-98.25814257229698,-97.0204668513789,-96.59605724342818,-96.76535957112901,-89.19521787422151,-96.82647400328452,-90.78073705843363,-97.92269021434858,-99.04423354069638,-95.1199474506593,-95.10397964762984,-95.01425275936172,-93.81704064311191,-93.72601701039014,-95.91415474070516,-92.26748897848336,-94.40720947394422,-89.16949906182137,-101.25384326983718,-94.73633558001532,-90.99529269208176,-92.82282333914077,-92.77168546427184,-91.30881149654938,-95.54778767533122,-96.01102313691612,-93.46410722995971,-97.11823366777766,-98.42983345626863,-92.44038967660059,-91.82585918604266,-94.74158505687083,-94.32283606237317,-93.4168382276188,-90.82799720157946,-99.15158984151653,-95.88016843717605,-97.07281702095355,-89.58052324610894,-88.64248010151226,-89.9183887362012,-99.2738360922329,-101.67960176440143,-96.21967153868832,-95.54196267567775,-95.35033759557564,-96.52064813194144,-93.83794506660253,-90.21987235776398,-98.66314556459695,-93.8230205857975,-96.0197668599472
2025-11-02T00:06:40,AP_24_10,2.4,10,wifi,2457.0,0.0,0.0,-104.19741386054916,-97.72053547496222,-98.95597803883621,-95.98360445862663,-99.22837451958907,-91.65957663581474,-96.32832411283755,-94.09787961914188,-99.74031761566204,-99.87426663305065,-95.70223615641261,-96.44743316573407,-96.52060082182138,-98.02297728456192,-100.56790441329392,-98.72631291669991,-97.40083723861635,-95.22771207037064,-97.21095786163615,-97.85531773377923,-95.541317896555,-96.39480167418552,-91.07517279475478,-101.76720751415036,-92.29130301374397,-96.91778013234777,-97.5171606860885,-95.7007853228648,-100.46589960758182,-97.17995370474594,-97.5706678224885,-95.53081951194126,-95.87842833283848,-96.26985732538573,-97.03676087068662,-94.86232888043642,-97.35828552340159,-94.49800421715759,-100.80288700821981,-99.72069985857507,-95.49042589461737,-99.21129769897723,-98.91851219222846,-101.97247453069858,-100.13408158915675,-98.73369768472979,-99.53188772131709,-95.85588479115542,-94.62078682741019,-99.77028513541784,-91.22654460960722,-99.60872138630809,-102.03169338480258,-90.97291248389821,-95.73440760475309,-99.91171858543565,-94.60964399528487,-93.77378252574212,-95.84027286475333,-95.34775630726594,-95.04129020714797,-100.94255303921136,-99.04701732965255,-99.79220384916901,-101.94024449317092
2025-11-02T00:06:50,AP_24_10,2.4,10,wifi,2457.0,0.0,0.0,-103.78330181301797,-93.68486726682772,-93.39807855375656,-101.69605019482609,-99.11735149951005,-94.42910964667504,-96.03038429305793,-92.54803400396048,-100.6602425064251,-95.15350281289089,-96.62084547564226,-98.99936313694592,-98.95482466114609,-96.82262051323981,-99.83971524296315,-97.35496338623503,-97.35547300671514,-92.64047568532267,-92.79745374939061,-93.38882305597583,-94.82583003217958,-98.43063217064598,-95.56027849633355,-98.14117956783822,-96.12648825564983,-97.34135320410594,-97.17901120124233,-98.71989560993286,-95.1707293264997,-97.81251747905792,-90.14161608893711,-94.26408011531416,-95.78717122059454,-93.84348588958903,-90.10899993792674,-96.62031777516971,-95.34033667708046,-95.87614862656687,-96.34909860019621,-95.48665299853204,-96.70202062747794,-95.9330994035652,-100.21547299461452,-98.93292727179313,-97.00001414084177,-102.18325985898896,-99.91898862852307,-97.96716939252754,-99.5251515069082,-96.04261208430891,-93.50419555863064,-100.6106922329212,-99.55452346023198,-97.22450076311657,-99.18394281038859,-98.69547256114856,-96.80342672126964,-89.4197491074676,-100.53541767754285,-94.3870111980405,-97.52030412528109,-97.32650657609216,-99.24937315404247,-95.9013864046575,-97.01811352528263
2025-11-02T00:07:00,AP_24_10,2.4,10,wifi,2457.0,0.0,0.0,-104.54217104865626,-95.73633252473194,-100.20763071800717,-94.9986307277987,-94.13054074173587,-100.60186210698136,-100.3816254666221,-98.56004794310964,-91.60731273710704,-96.41228494718308,-95.06490059144039,-98.95932681394304,-104.4669938426627,-98.77282214417562,-99.15307915733852,-97.14857932768214,-102.31403828051606,-96.57647938831828,-93.81775932038063,-98.04052129909412,-96.63928530887459,-101.55720535635317,-97.62465383949147,-95.75010570484606,-96.51424418965867,-92.38665838411009,-93.69046770599265,-95.61131123146778,-96.99977180015941,-99.63231251555246,-100.00217328405994,-100.5018592381431,-99.60028453820897,-97.28826031000611,-100.74378488197374,-98.92735543007977,-98.04841908238356,-95.29196308787942,-100.45872816106092,-96.82048715496364,-102.40040547369918,-99.47061096030643,-97.81151615631272,-100.86707892131514,-102.10386799749202,-97.05066761430356,-102.5350850045922,-98.25017513039003,-101.36033568081896,-96.96366577291282,-98.51400765240471,-97.32808335501088,-95.28075394840094,-96.60041666018599,-101.27707027128635,-94.60401094224679,-97.3692947399469,-97.37611834770226,-90.16321758175434,-101.93638708675982,-93.59083011840985,-101.86355274798166,-96.2975664468774,-98.03583686063853,-96.64160576219618
2025-11-02T00:07:10,AP_24_10,2.4,10,wifi,2457.0,0.0,0.0,-102.40462118820027,-96.64818428132149,-93.92365684477575,-104.9179651025535,-94.11271577887722,-100.49515901932875,-103.52696307627237,-97.36101901507135,-97.71481940379273,-91.98661926561333,-95.51785309758687,-94.79993002150222,-94.76788768280107,-100.14091763387216,-92.7177976580446,-102.56134321437906,-95.10059400082724,-97.89205166155442,-96.02327875843889,-95.44656621489762,-91.49719389981841,-97.00490704636964,-95.00604726766734,-90.99856532901543,-95.16172309910498,-94.90054055886566,-95.49273337755031,-99.77123395939005,-90.25350779594449,-93.44250267153028,-96.48433312066564,-96.75746445382777,-92.34770721711118,-97.3742122232,-90.13891923629694,-93.31935249812429,-95.59986390294024,-98.3972845811157,-91.69177418630132,-94.88480379475568,-89.3900133475845,-101.17610374165662,-92.67189859559103,-96.54726238998671,-92.28206224910085,-94.22449357349468,-98.02571053710192,-96.16659028500976,-96.42192389444146,-95.57940184650045,-95.2729198855921,-91.77951545964157,-94.39950782876248,-92.18521175206388,-93.76597850143558,-94.15297394890204,-94.20557977090643,-99.93057739345664,-97.15800031863684,-96.64115831414007,-99.28134962447005,-95.65430772640349,-92.89896284966558,-97.50342703938009,-97.09296096928043
2025-11-02T00:07:20,AP_24_10,2.4,10,wifi,2457.0,0.0,0.0,-103.53870408002462,-96.81335636951933,-97.90374606767612,-103.42836766558842,-99.62077555889944,-97.6127587579932,-95.76887342287712,-100.00075175972019,-97.03629689096975,-94.93287963218883,-99.57706698111598,-96.64886058455953,-98.13380379206042,-96.67950872860784,-96.15546844549041,-98.46529445109323,-92.8734869285884,-94.54455548167199,-95.63581668346288,-96.29756395338242,-94.1539413596594,-96.1069368215117,-97.83619314321805,-95.76322315435218,-98.67669935932682,-95.19887378092707,-98.90682829666105,-99.93977665171464,-96.41153939449164,-95.61613181105562,-99.04581921698093,-93.382357600281,-96.74298492187364,-96.95782164008406,-93.55906440575635,-96.61932801872832,-97.20979021896001,-98.745263355701,-100.61198729146899,-101.24608462722045,-95.67169730752823,-92.17181274398095,-98.1554033367479,-98.18203600546323,-97.1590184121444,-98.33443978445321,-95.5986958703829,-94.13389339451382,-94.60613975027904,-92.24184230079736,-98.90564618299801,-96.99075703146896,-95.06778625009784,-87.95445337813304,-94.95909626832,-95.79088003932998,-93.61604090888173,-91.69809116922369,-96.5351720640447,-97.67844141860606,-99.37036287223849,-93.74762311414635,-99.05057691950834,-93.99905748657606,-96.98690837594401
2025-11-02T00:07:30,AP_24_10,2.4,10,wifi,2457.0,0.0,0.0,-104.37994180260107,-97.98204706157861,-96.69844073498551,-98.87346914683896,-91.87356149400806,-89.35866602705389,-99.26742463245581,-94.54215419108931,-94.75123963615542,-100.49812734798898,-97.18249429446249,-94.66227383445614,-98.07867878967723,-88.76647843879694,-94.02854740265381,-96.97954277957245,-96.37210084994922,-95.91980782582228,-96.85888425074005,-102.57470341194058,-101.01663699562604,-98.60821589614689,-98.23838424113214,-96.90673660225282,-102.08921875057234,-92.88694554732575,-97.79610913394202,-95.68670429538524,-100.44713906051582,-99.68726045242411,-98.72408792011392,-98.3827281864917,-97.84663177811478,-98.75999626102401,-98.32823829683056,-96.67363010159355,-98.75037641906917,-100.67166063766749,-93.06564450040877,-95.74743680930278,-99.75819892332945,-97.18891873995298,-96.40165626368037,-99.49938726907914,-98.870238796802,-96.50910550910264,-96.51069002817582,-99.37271397621495,-94.80439115231577,-98.60172384701538,-97.6332403708704,-89.81154018092124,-92.56788638931883,-93.65729999656804,-99.652254107704,-98.18025949392768,-98.33382134756694,-90.99732410240013,-104.26573702435022,-101.0432483582225,-92.0026218627455,-99.32754071554974,-93.23132370540716,-95.15137144036353,-94.4344996718133
2025-11-02T00:07:40,AP_24_10,2.4,10,wifi,2457.0,0.0,0.0,-104.30616704218097,-98.31009605318141,-94.33972296340565,-95.53279117097983,-96.97397319567739,-95.38551310225948,-93.91749111779887,-98.79299787106642,-99.48802650141712,-101.27961689411674,-94.14235871848612,-97.43958882426294,-95.80877207839859,-100.9544203604101,-95.53284830983799,-96.01145666221039,-92.13820000910678,-99.80508514704921,-97.8295821723078,-102.85268066955413,-98.8278356854195,-95.12741583695049,-94.73457645198484,-93.54304209010584,-95.2607489379715,-94.08344701998351,-100.07824571500026,-96.15233237374053,-94.52164299208503,-99.50870062384757,-96.87959454900958,-101.55064677024106,-94.86747040169978,-101.39506740748612,-94.09631259521869,-99.89482876688997,-91.53043690086923,-97.80373654429505,-102.34443710145527,-96.25272890927084,-96.66408100307223,-100.51516100115823,-97.18743794694981,-94.84802573946901,-96.3709619982977,-98.33752351182643,-98.2263070367177,-102.77769628150331,-100.72601588861001,-97.63630904603198,-99.80224766575729,-99.16641581595532,-99.68017381480405,-95.35208129305953,-92.93293722400198,-98.84935081902734,-97.91289027571774,-104.21071374614385,-99.92516136473691,-91.07532127695826,-92.21366259143932,-91.14089049295268,-94.4572933654304,-95.04600510909603,-98.98806999245612
2025-11-02T00:07:50,AP_24_10,2.4,10,wifi,2457.0,0.0,0.0,-104.81872205344197,-104.57014165444424,-101.57560240105771,-95.88102046567492,-101.24095857437119,-93.05826285073312,-100.25324793981216,-100.51517895139814,-93.40548887664713,-99.0013125938118,-96.82159205215727,-96.89382934212358,-97.85916204251001,-94.42195303998942,-96.18598761779867,-96.37712506933373,-97.69704237192744,-93.89234614501899,-102.00719612176461,-98.82102055252285,-94.44193901491104,-102.92300733453628,-92.91168180184685,-104.11441255460439,-97.72494382573478,-99.19893280905865,-95.22783163890273,-98.57508210349705,-107.00795964966441,-95.18616475070876,-95.22463546196525,-97.06132853109311,-98.55387154850553,-95.48713196107147,-98.47636893227907,-95.29515766735736,-96.32565987469988,-94.91972366412215,-94.6405636715299,-100.9176319782889,-96.94176302289358,-97.26902792918305,-98.28951120955465,-93.71710180235998,-98.66758366767495,-100.35995361089572,-100.2182174011343,-95.87144912246558,-96.69265879791332,-98.88766995210898,-95.38538614772892,-97.9775401899957,-93.92465606856773,-101.10546919190949,-96.18837156793033,-102.7941073507799,-109.65316211803383,-99.23532532801649,-98.08726071732735,-99.31522714844306,-98.14878174882557,-98.11410304051957,-100.18119556307798,-98.06102444906982,-98.13154473556659
2025-11-02T00:08:00,AP_24_10,2.4,10,wifi,2457.0,0.0,0.0,-103.7061324073948,-94.64814591499609,-103.21359149211852,-95.79326917212285,-95.3444316572246,-97.18303364938198,-102.56119608328063,-93.40581014966364,-98.10475408317656,-92.65481578920634,-97.08830688950326,-95.85668412109567,-98.12609810693729,-103.920276490095,-99.0172869914365,-91.3979942846951,-103.691876749022,-96.0774759238239,-98.50694829043847,-96.52963499277419,-96.21398422153186,-98.57403653058817,-94.4252024950134,-97.30124777938391,-101.83385423955282,-99.19884666384544,-96.28234422943046,-100.10091378753106,-96.73851654471152,-100.1423229071316,-99.7407572025689,-96.4343930322264,-96.36602599705897,-95.11456968082263,-96.51134108761276,-97.23487029663443,-93.850835274313,-99.53934273506252,-96.15224300017516,-100.5584402282927,-97.2678438472379,-97.18480597562329,-97.74962313608069,-99.09843384600981,-101.97383239664671,-92.69920849734092,-97.93224674127029,-100.00814727905565,-99.725144136493,-94.97941324609845,-101.27212250283175,-95.68950314479778,-95.08470932554916,-94.48464800805998,-100.28646733413187,-94.90827590487821,-95.286271122985,-96.50270580063497,-94.0057345292365,-97.77273464283853,-98.6632442614591,-95.27026774587569,-95.77898689057379,-97.48952454818797,-98.30362346139606
2025-11-02T00:08:10,AP_24_10,2.4,10,wifi,2457.0,0.0,0.0,-102.9195240381685,-98.27788658373339,-89.02477029465034,-96.74071713663692,-99.07732634044662,-97.3044437378082,-93.98863584060501,-93.02212831588112,-93.59466392937946,-98.52893695576827,-101.41354534393602,-97.85119692872178,-93.23825774656827,-97.38315736786,-92.99462250268243,-100.76558213029423,-97.39292432905286,-94.65811926355637,-92.17512834754298,-98.4929251012578,-96.89220189223593,-95.97706473310632,-98.13247143769311,-94.96445075514843,-96.51141646744136,-89.89554158071218,-98.86687223522188,-96.67875134807096,-94.45205090649745,-97.88815058368334,-101.23271639848035,-92.95855070424055,-99.30353516668085,-95.50003167667315,-98.19321575869111,-91.51260668266644,-94.95810804327223,-90.1007803158439,-92.88356440240685,-98.72397802896565,-91.99230123085833,-100.98454741351183,-95.01626826335168,-93.0977288451276,-92.8740125525258,-96.41982667676317,-100.6004533341208,-99.25537023102645,-93.83155831823275,-97.21551324125643,-95.99001791740842,-98.8051883123082,-99.30702003483874,-101.9377687037197,-97.29581815122935,-96.31273353802989,-96.3621154129133,-95.02294260674464,-99.5252714416064,-90.29224921046834,-94.57629104513305,-90.01933181647028,-98.05262407081236,-94.74484471052799,-93.91152622185473
2025-11-02T00:08:20,AP_24_10,2.4,10,wifi,2457.0,0.0,0.0,-105.35946962158684,-97.52828058326249,-105.21244561706094,-100.17892431289471,-103.30064595617526,-99.84134502730997,-98.59924085036485,-95.06232611944975,-96.46605847914167,-100.94773493742613,-94.8748912409939,-98.86270697563326,-104.19135633109946,-95.90390348138499,-96.45027895986156,-97.44624439207925,-101.53055026281916,-102.05468358728177,-101.51703642388003,-91.71848439631779,-93.01991488265921,-93.84777395751574,-101.89028919461413,-101.17453576637605,-99.12722264655758,-90.08027113302944,-98.40296164636983,-102.88385610398939,-103.59151671421597,-101.9463024725867,-96.54385093785896,-100.49365518234556,-97.75226503296417,-104.12825476639028,-99.57911636180185,-101.81925634277646,-95.45293427937038,-102.96099499762094,-100.10913488663158,-95.95617156749698,-99.44158023320604,-94.34930870702608,-102.03730796064211,-95.68364894053705,-98.31123973140262,-99.4690276373934,-97.56388210459212,-105.37213189090089,-96.42397171904277,-100.44981242817,-98.45043167727064,-95.82773880214967,-96.98867818911424,-103.31099330355866,-94.09859181180194,-96.95056277030847,-94.16383304238185,-97.12180950968929,-100.41290199563933,-97.95482257011867,-98.81453659130642,-99.49564014078791,-92.13887614175162,-99.39013552747676,-89.81319758955568
2025-11-02T00:08:30,AP_24_10,2.4,10,wifi,2457.0,0.0,0.0,-103.00410974148252,-91.71403462177723,-97.00146329106316,-98.29634698623244,-94.93215687413888,-96.15781092444854,-101.86768493725232,-97.03121824935472,-96.4284349626894,-93.6161503898955,-95.23946718406133,-93.37173189848234,-97.57510342761077,-90.98886408284251,-93.18383137077826,-100.51906801786981,-93.27552609031844,-94.29391814571235,-96.86234015144345,-90.23233345805217,-99.37982821097177,-92.45660876753831,-96.6023279372122,-100.45254968063006,-98.85121254650107,-100.66610896454331,-94.3428409687292,-94.42661629578824,-98.1141830927099,-101.15624223822974,-100.48564012324427,-94.66884408209644,-101.73643190759198,-101.38331205231181,-95.9986035209156,-94.5023618710219,-95.79712101039495,-94.3857837664474,-96.27334627827993,-93.33826361685432,-99.11492185410371,-90.62337651204294,-93.58726709752928,-89.47986956378196,-98.98576854303676,-97.86994436444172,-97.58951342656202,-100.20540669177251,-94.08515952417548,-100.82472271028374,-98.88891346794009,-92.7982243812536,-94.02097830408215,-94.03842621037552,-98.02971272445804,-95.52371150570636,-96.97826502346317,-97.56012036440333,-91.04227860033373,-100.45222212556008,-94.74363106984974,-95.00041989846333,-94.41675725708711,-98.6632107014353,-95.05519619938332
2025-11-02T00:08:40,AP_24_10,2.4,10,wifi,2457.0,0.0,0.0,-104.21406284923036,-99.60981963248275,-97.0173683192994,-93.29581981098057,-93.65220870902844,-103.43927903453746,-98.76115882801459,-99.22853841867015,-100.46401901597689,-101.6524187447573,-93.38291999765553,-97.12065566628587,-101.46795419064519,-99.83481170454422,-98.9539441746678,-96.35278070816882,-98.42795231229377,-98.44300857546587,-91.45905253267844,-92.9064100171668,-94.42591003336354,-105.09739615021711,-101.5473958890882,-97.14985474445503,-98.52177303692741,-99.2679296266315,-96.24268655835861,-94.24793289601124,-90.42889115845607,-99.20805102442361,-92.39203113414685,-96.13073689185555,-101.47624995814833,-97.30700816420436,-94.69142872357251,-97.74103214240698,-97.56089942673734,-96.18357480293683,-99.21904443372047,-97.75504108279239,-104.22929616770666,-97.01823858809506,-97.92518587802644,-96.79520833833772,-97.80077447917739,-99.39510709821407,-99.27761399808621,-99.20153107586084,-97.46252673638135,-94.24517758384117,-96.32878551979856,-98.5877992149991,-90.7158463225047,-96.65275052854487,-99.35442292623156,-96.76647631215049,-102.60894079930793,-93.17789753240545,-97.0257653042888,-99.80399975927287,-102.03628195464752,-95.93905880824498,-96.22132798425531,-98.8098652064894,-97.16506928794726
2025-11-02T00:08:50,AP_24_10,2.4,10,wifi,2457.0,0.0,0.0,-104.25174158962645,-95.94408593692216,-98.98902572062494,-98.21892735317438,-101.1937397578633,-94.85411065187296,-104.38165418584839,-94.04795245111868,-104.11424076813584,-103.25453912736658,-101.4446220087856,-92.76822327527097,-94.1129361432546,-96.79934959514556,-90.91579075189176,-93.55977302012973,-97.08818471904483,-96.74509808224497,-97.08348289174432,-96.81236773344447,-93.73788263092432,-95.48571616226839,-94.18109316783661,-96.19797823600628,-98.14142244429262,-93.27797329402978,-97.26237180616134,-96.22752032988633,-93.02958584764964,-97.12801991902005,-95.06937948224031,-97.67271089363177,-98.30305115586738,-96.38412468943795,-96.62459330378158,-91.6531677337419,-96.03208162343665,-100.35582190777578,-99.17677457996994,-93.07720443617609,-94.84084356935516,-100.46399675016897,-94.68673031986307,-94.94273282664925,-86.73260163571776,-94.12803767970048,-97.43252059519268,-99.70954602905486,-99.10638335138272,-94.29160621695573,-97.66019366988276,-93.9110805169437,-99.25590067932099,-96.75470558352225,-100.77913338107706,-95.2029013375575,-93.54637581105602,-91.34137570835422,-94.40197048688867,-100.81684803748705,-90.32440053174865,-96.30615411362169,-100.62112443944204,-95.7240222402661,-97.15324437685946
2025-11-02T00:09:00,AP_24_10,2.4,10,wifi,2457.0,0.0,0.0,-105.57670735897312,-97.60863840921424,-95.37817443671011,-94.48567727484189,-105.07518468792442,-98.33935264390247,-97.65967729702918,-100.11804860733554,-97.67624212005809,-95.56183401472175,-94.59629696979563,-101.45115300077154,-101.93605951836275,-96.51381894035622,-97.3695973699152,-98.47697739611809,-96.76917238985506,-99.95938667224623,-94.87677626795015,-94.464178128514,-100.13665395866894,-94.20294413575085,-105.96966796442398,-97.68398072892403,-101.98428516847643,-98.27279124778605,-99.89596909157089,-98.73245722370721,-99.21668120149215,-101.35375255882562,-101.70153676547811,-97.93966661523048,-98.63021328941444,-96.76557893564825,-102.21913966467649,-97.02532949516127,-94.21786421211146,-98.2383908973109,-99.8176489188881,-100.36859115315687,-104.15574386080111,-103.09643943065367,-101.02524505889957,-98.25948863408256,-96.15671379728198,-100.08743737963937,-95.94023352420656,-105.08544280071033,-99.22918424261222,-99.30610665336368,-96.84700594943888,-101.65924196422618,-102.19228737661051,-100.39452550345862,-96.94198481174313,-97.07879579810042,-100.62062317588861,-98.7562316171587,-92.89659748291064,-101.37928895659265,-101.39819305595198,-96.92885295863623,-95.59504040005154,-93.74629515334185,-99.35776801731573
2025-11-02T00:09:10,AP_24_10,2.4,10,wifi,2457.0,0.0,0.0,-103.555538853071,-95.3170400245146,-93.31164203247408,-98.21091201517342,-97.49429496931245,-95.37000233885266,-96.2273796268945,-89.64210981983805,-94.22988940920766,-105.28569686030815,-97.91674001677436,-99.0542218832693,-99.8032180229539,-98.47105431007482,-91.44853983854452,-99.60945901561672,-98.66965854315261,-96.111800648132,-93.066423966272,-95.23471763072645,-92.69910604841873,-97.06846933460112,-96.83970633590657,-95.50376188531844,-92.87423998876812,-100.16206341693058,-98.73548794302518,-104.70357233860126,-97.20936262327488,-91.80748275989787,-93.06707804000544,-93.28422411897624,-99.19754607483493,-95.96106565577335,-93.80419303066017,-98.70510000482345,-95.38300633425538,-97.79958619495919,-92.804793397668,-98.26621560211888,-99.41790476701087,-93.49678590830838,-95.61236951501579,-100.48540393694492,-94.8492412622945,-97.05299552864648,-97.96624252623981,-99.69876355473124,-97.72854782817743,-95.0809978205239,-97.40296643490599,-91.11000577060248,-94.67819948913811,-96.78300994339628,-96.79671784519418,-92.17216851796142,-98.28797996613292,-95.03219896878566,-98.32376312416821,-94.58845129411611,-92.35389298595688,-91.8200766373973,-90.70523047487278,-97.3124118161934,-96.3859106262739
2025-11-02T00:09:20,AP_24_10,2.4,10,wifi,2457.0,0.0,0.0,-100.90678701495328,-96.01422833842497,-91.70261179794096,-97.14846640176302,-92.77692416845949,-97.67008743182649,-89.76410297570064,-92.77214677952453,-95.64578344890327,-95.06201461181391,-90.1292309018876,-97.1108839143321,-100.39731531023948,-95.18997964864117,-98.72410845632525,-93.82090505852875,-89.26856351880835,-96.50265827504006,-90.5579515227654,-93.51257346779364,-93.24664657556988,-98.51767877020279,-90.97375625418304,-94.27264567535539,-99.47100928655759,-99.03374941066218,-93.43787244394447,-97.69891596190328,-95.19635697821583,-90.65165023835384,-95.70344510463103,-94.99271275081125,-91.83198879439354,-94.56517605939341,-92.57007462103994,-93.79568801529382,-97.41707318211321,-98.02378796938333,-96.44433208796731,-94.76966470614884,-92.91393849926746,-89.63113241850778,-96.103162549684,-97.90989414360988,-98.85073956914748,-97.75951165994655,-95.3667800622585,-89.59425439544603,-97.11801365824842,-98.42427662852316,-90.01817843147919,-93.36014097157127,-94.67686941749466,-91.07188270059982,-97.49885418560302,-95.06770329278265,-93.7174082130868,-92.32450938719289,-93.16099833314851,-92.09589996791716,-95.764949905972,-96.52063190476821,-90.3120595037135,-89.28304210186978,-95.31293489403053
2025-11-02T00:09:30,AP_24_10,2.4,10,wifi,2457.0,0.0,0.0,-102.80082240513373,-93.82782761946022,-94.19426402686561,-103.69296109108302,-96.71124901834084,-92.63630565892801,-97.43819824937741,-91.26981162667785,-96.4536372588452,-93.52115204476024,-97.27763148560095,-92.98203836270108,-99.17783882333838,-93.05239721120059,-89.6864781936781,-98.39773189601381,-93.83960552069105,-100.70176318902404,-96.64735540676233,-96.76038447265427,-99.07394397733758,-92.96129161155426,-92.69408627239098,-97.34768079732125,-95.75634399518137,-97.74237584386361,-97.60360257321051,-91.94607518563825,-97.12395776205642,-97.71463782857776,-96.31152152925532,-97.05682538217269,-90.48819113581266,-97.92589224369345,-90.2830503100169,-94.63571025339364,-96.75059052256019,-96.668203508178,-102.79711691321012,-94.81364413074586,-92.87958744235807,-93.88473272264474,-96.35866731132948,-99.66599652623249,-97.84640654488064,-97.40120999851149,-96.66463119021908,-98.19277117863889,-92.33450999518165,-97.85128226960921,-99.41614611554274,-98.02008321277405,-93.96934804814265,-104.52292584579942,-100.53535298985899,-100.6283112256919,-101.60726120064888,-96.48770582200606,-99.21516211870782,-99.52078195260319,-97.78654301374776,-97.51168676698755,-95.77612716674008,-101.11194845035742,-95.9834020487483
2025-11-02T00:09:40,AP_24_10,2.4,10,wifi,2457.0,0.0,0.0,-105.72969988004756,-102.73228447946067,-98.02607758818144,-103.14461481605527,-91.15336338307742,-97.73915965160083,-103.63057513833205,-97.57178110409436,-99.44354333676682,-98.34016448027842,-93.63230762615323,-100.99501446296613,-105.12297236813448,-98.29136446091482,-92.15526686162067,-100.31156406453802,-99.39279808897626,-102.66560461018534,-100.93259618933125,-92.83603521504651,-96.12821207086967,-97.55883007974876,-102.80084721782652,-100.19148773405115,-95.99722623321477,-99.96469828791014,-95.92507447001651,-104.55722039593871,-101.94063337884494,-99.19857379188052,-98.62548896296418,-103.35354551905002,-97.85065306293122,-99.95109352477294,-96.90633086912808,-98.17721239664183,-99.662381387964,-99.63993148259617,-94.65121906656285,-96.22322041633763,-96.25171345605523,-99.14132505199434,-101.29536982578257,-95.58769532063394,-97.56426654128336,-98.18907621518395,-95.33031880133316,-97.61166420626843,-97.84173182785099,-100.91278606535657,-99.28213521285879,-99.7661658480441,-98.77691169304234,-101.15151307825136,-96.32887949003741,-97.85331607545102,-100.633824303066,-104.6493844583873,-99.63970506957438,-99.1305165462802,-93.94496157868784,-100.85172237949914,-98.37243810764836,-104.38654786933974,-96.41513998311987
2025-11-02T00:09:50,AP_24_10,2.4,10,wifi,2457.0,0.0,0.0,-103.73446256942302,-96.16116508058629,-95.98079506136068,-99.98949479542262,-100.68194665239155,-96.02229761034552,-96.56799931390033,-94.80330392991279,-96.93694958165757,-93.85400585647126,-97.87376459324051,-99.63071133584735,-96.2743789867024,-99.40470217998823,-100.65095273674476,-93.71865049503812,-95.93857738294912,-94.24947287964724,-101.8069870531724,-99.32575254265328,-96.7522631545606,-98.09237629766062,-93.2181134797854,-95.88427304853346,-96.65397139939508,-93.45792167643287,-95.02158172340924,-95.55663872820666,-92.4481320509697,-99.40621149535784,-94.57773501901964,-94.90563795257714,-96.98471742029085,-91.93734472556159,-93.27376218551821,-92.22647429912595,-95.84966914465154,-99.0175029106317,-93.07337052324053,-95.14085732580554,-96.33745274228755,-99.97810437565401,-96.49431562942131,-91.12507916478498,-97.13723736657977,-104.02367002590087,-96.13792518947163,-95.22592133039201,-95.21936475664317,-96.24594891295604,-100.4314497112049,-96.58310763849305,-92.47587417345767,-92.21559712623716,-97.04827457719271,-94.62646152555794,-101.70643310431664,-96.84998348197072,-93.93142965607495,-95.60476837896533,-93.94203843292857,-98.57289861373819,-97.1404079020441,-97.70135718273106,-97.77568382470199
2025-11-02T00:10:00,AP_24_10,2.4,10,wifi,2457.0,0.0,0.0,-103.65267415563392,-93.19153470874463,-97.9932088504491,-98.03887705524241,-94.31678589850937,-100.80699421532152,-99.16003803715053,-94.02842722310456,-98.44327480417118,-95.13510371548247,-94.46541960898622,-96.68699676745837,-98.44219955749416,-93.17390785274313,-100.70134362537834,-99.18436927830435,-94.78554473263553,-94.57269250407926,-90.76611470516387,-95.32088905185677,-96.48733613150671,-100.61272499437122,-99.34339742121644,-98.95392921007435,-94.67727418800736,-92.92878754329121,-93.73548621167288,-96.0521382969244,-98.12255285634976,-99.08005322441089,-95.12173486351723,-99.1912576932905,-93.44795675857526,-99.43895975752355,-93.44415274366436,-91.06440903172509,-99.04531066127977,-92.31175686427255,-88.65823524644136,-94.14870137363971,-97.51760489858304,-96.42503376131387,-100.0471029795581,-100.57412257748112,-98.1259004428993,-98.75533243670372,-98.34935872779677,-99.19190202145178,-98.95409399693857,-93.951287205695,-98.67789175798853,-97.05194007766207,-95.96035209911493,-95.2035247187076,-101.90478786024342,-97.58728816313983,-92.62796729538017,-96.63605741464318,-93.21956574322756,-97.92003016149789,-98.26281324905837,-96.48096037027568,-92.08485249507237,-95.93904562407627,-92.39781948878692
2025-11-02T00:10:10,AP_24_10,2.4,10,wifi,2457.0,0.0,0.0,-105.53883032822228,-101.53704087678213,-95.26117993478852,-100.41998130439053,-102.41456654061504,-103.37293070856805,-100.98543152826068,-99.55396353445579,-98.22733641540006,-96.0076580822542,-96.45801251240482,-94.151508698933,-99.7105299914436,-98.33230015937869,-98.78634975940064,-100.69188488382932,-96.15726855296163,-97.8110502352044,-103.8485912051383,-100.15305265528039,-98.11752690159445,-101.14918574947946,-96.95937632827213,-100.3174697014275,-96.76170694848182,-97.25541720082954,-104.483991743774,-99.61646362747193,-100.08201876627044,-95.11073631153462,-96.83939727760952,-95.52114709331676,-99.33492624322791,-103.4697218148812,-92.65649832845538,-95.97995038115519,-102.07788067700706,-102.78067664159636,-95.59777690668888,-98.54373778012726,-100.52341835470601,-105.24892620738237,-100.95507583207008,-103.37422318073116,-103.2526725367668,-93.75922512257651,-94.54818390140639,-99.04209596504627,-98.50916929614726,-103.3806700084463,-102.40040690137249,-96.30579489783753,-103.33584568530873,-97.76536486932605,-101.15757630009016,-100.85337820805509,-97.20392885322016,-92.16733201530036,-99.94291293600303,-96.5971720182418,-99.88078047496506,-98.98629909599097,-97.86503454313124,-92.51458284151968,-96.36872257930914
2025-11-02T00:10:20,AP_24_10,2.4,10,wifi,2457.0,0.0,0.0,-103.67705812774864,-100.30969644284455,-95.98970121154234,-101.37073246602147,-96.02436695906883,-93.10106815726466,-93.6226322600759,-98.00051680863629,-90.1116038684462,-97.50164184024253,-94.60136686396946,-100.27879171744472,-94.8766336362416,-105.74438013459184,-98.1488365003234,-93.8558686689226,-97.2723680621231,-95.8719055660541,-95.64433568671006,-97.74149240408407,-99.45276890674538,-97.04225464033397,-98.84372954814145,-97.16457280057026,-95.43119435046958,-92.31773999827766,-95.5426238806203,-97.00993118031055,-102.29491346141435,-99.58324928693601,-99.71962029232769,-91.64918070412949,-94.92378109730151,-95.41730685837321,-100.9647903132334,-93.87854103756513,-98.50945896139788,-98.35634171691551,-93.23457951452029,-93.56764925411258,-93.3974181754513,-103.11403554871144,-90.96263914828488,-93.28793642648735,-99.27588119088938,-98.94728461051673,-97.22852774543192,-97.4663834882531,-99.64132493108123,-94.07385643650558,-102.55264706278348,-98.74755360577284,-95.99954951750475,-100.62056080423851,-97.71865684741292,-93.72065630800982,-97.24586741651562,-95.81450591518544,-100.47126191518758,-97.51088770947923,-96.23701891486921,-98.4723318280965,-102.69803141337829,-96.28013075498716,-100.25661072768503
2025-11-02T00:10:30,AP_24_10,2.4,10,wifi,2457.0,0.0,0.0,-104.54555983994355,-98.20770040806806,-96.38796762964421,-97.71741583703991,-96.90632747214683,-88.01600441207799,-93.51281243472303,-100.02292184692197,-99.6864836188768,-95.73191421667107,-97.84618021042785,-96.03374399074302,-98.73282842429582,-98.19376331951581,-101.1356732548687,-102.00092236983282,-104.08640701109913,-91.9907106397454,-99.05230624516814,-97.28139615303638,-95.68291156441458,-99.99197684523784,-98.58131184824987,-97.95061545735646,-98.32920843921283,-97.04279774885822,-99.62479858058009,-95.05855007595457,-98.46047313351605,-101.22423135160477,-95.66896644275549,-97.85300902034503,-98.32553769584044,-100.9626371736465,-96.11023320711948,-93.68195198698793,-94.94393392678953,-101.53786727446324,-95.43001005694424,-98.79914505517343,-96.19032622796823,-94.33872166766285,-96.44433165570139,-98.92200685700809,-98.9184071548711,-101.01778114864251,-97.38286618736969,-94.30484815931935,-99.69697828952448,-100.94086715551325,-101.5204344832385,-92.66529308427877,-95.47242278236808,-100.29315510432073,-101.54008638199703,-97.64391142705392,-92.77158167011287,-95.41728001371706,-92.52128414560552,-96.08306179665026,-98.34318747223479,-99.79547454350102,-92.30742349847365,-97.23857841258746,-101.63476403970049
2025-11-02T00:10:40,AP_24_10,2.4,10,wifi,2457.0,0.0,0.0,-104.21421796901065,-96.3420911681847,-100.16038388828429,-98.79110653490217,-102.38413485923496,-100.02520353407841,-91.9439313725264,-94.93669819588612,-88.43243499372898,-98.3914637268097,-95.96149418265902,-95.92028902189872,-100.79077250287948,-102.23808316525175,-98.00473924476263,-96.45742372673,-98.94057965889992,-99.13438422294232,-94.94858400873382,-95.85865097448863,-102.2808989228047,-95.96350788738303,-91.12797118558976,-93.9447958882819,-97.71354738828065,-98.8390996017148,-95.83754066131662,-93.48949812525002,-97.42462566867002,-99.43075782927649,-95.04946770715308,-95.57906049208759,-97.66107045566642,-101.7144030777077,-97.82121809223142,-99.45999033315684,-96.6209764391161,-94.83506434767324,-97.6173824275646,-97.94607457231868,-95.0460934923864,-93.5435786979688,-99.46270255598291,-96.96521982975534,-96.3246254421508,-99.74761477996951,-101.23561478335482,-92.5868643935469,-96.31259730371416,-95.84457478313207,-97.90055133657589,-103.19674222470161,-95.00171348776486,-102.99491998242247,-99.92182663405977,-96.54150141863751,-101.87725973967811,-98.02228315154873,-97.16316769923412,-96.19677521574556,-95.74742826894493,-95.25258270166704,-97.40970751567696,-100.55391149925282,-94.48001297609517
2025-11-02T00:10:50,AP_24_10,2.4,10,wifi,2457.0,0.0,0.0,-103.88322364331627,-89.45007196255828,-96.44532537751455,-93.0534511923757,-96.6385657944919,-95.1524186453599,-93.6164113123904,-97.2275309287896,-99.4303855145316,-96.8174056741806,-99.34094656216143,-102.39736409531395,-98.78474153302767,-97.85322706978474,-98.29967841664138,-92.4963764636095,-90.8820425048066,-97.18228380088694,-98.75065478330733,-93.28412772756596,-95.97223358928721,-97.06812323558827,-93.52883638907926,-99.08192490651145,-101.57088786136515,-88.64661480640076,-104.04130891050502,-94.28456435050903,-96.09669310632714,-96.1733395900714,-97.11621638028392,-93.44817065782807,-99.33828358802255,-95.14124870494281,-95.81305138776557,-94.44501346886152,-96.89088364205227,-99.42899360380929,-99.16772313999891,-97.71649338179128,-93.48677383148053,-93.83209989586135,-98.67316893677942,-98.75745188281024,-103.08588788332392,-95.4770249247043,-99.83787209031178,-95.1208523083417,-90.35995941123137,-98.11694950626136,-94.58253371824154,-98.43745647327925,-99.69834298866596,-92.74517254980366,-98.69249474774762,-99.39408360897478,-101.01335634942653,-98.57171750787568,-94.20259480488559,-99.32825710321978,-91.3308213129897,-99.27443045703889,-97.6351955182705,-100.61276077181617,-90.74058851139642
2025-11-02T00:11:00,AP_24_10,2.4,10,wifi,2457.0,0.0,0.0,-104.12437680086666,-97.61695499618742,-89.17016437060386,-96.81300888063532,-95.62779093707867,-94.7161347720402,-99.86175436768895,-91.57366230744819,-97.12212455149249,-95.5042984054217,-91.98663831754179,-93.6826036694734,-98.1257905127668,-100.89277739936654,-98.0928657498483,-95.1833080886922,-101.90477392669794,-104.41321496264665,-88.30218333842473,-100.38639900005178,-99.34232144062743,-98.8407454957621,-102.89452132246257,-93.65649410833689,-91.93015418945699,-97.1091074607873,-102.5692308017807,-96.93433909624451,-102.91019958642863,-96.13631838687728,-95.83030875025058,-96.96667526967411,-96.9902373265564,-100.5574984888389,-95.0058175864735,-90.16443701816556,-98.05548016948792,-95.75213998122882,-96.60348636723211,-98.87523660349059,-92.4968051266387,-96.43237993254822,-98.43793576613983,-99.72509750206036,-97.15687499294535,-95.05557146681734,-93.19325953311238,-102.07574816833676,-94.99599564352005,-94.81138885794932,-99.39073997924244,-95.64901552452713,-97.48976307277472,-97.6928848937259,-97.35125802756328,-97.12940951528653,-97.79508669545177,-99.4294404913216,-88.01018756706242,-94.0010660200092,-100.70689452493788,-100.87204962766133,-96.21410202248846,-93.49091176162092,-97.25753844610985
2025-11-02T00:11:10,AP_24_10,2.4,10,wifi,2457.0,0.0,0.0,-104.14421409854936,-94.59541629133383,-97.51495649580167,-97.95398270054336,-93.89021008621165,-93.99442106869532,-96.08919940308304,-99.41037140051905,-94.23009928005702,-98.22796861497378,-93.54570083787743,-94.23784005980573,-88.15444529847906,-103.87130061981276,-97.69790809577,-99.67186190024313,-98.48227756985474,-95.07491974223497,-98.10768022773962,-100.68484684122966,-102.10422908331958,-94.57161113935888,-93.10220963440493,-96.44652841496716,-102.37623833754574,-93.4044990559824,-98.19965041337521,-95.81751432756306,-102.69454891512778,-92.0197407899976,-99.7846315379436,-93.69607532623917,-99.44301572265712,-94.3527343272581,-100.05630313821034,-98.53696344558034,-92.35280333478563,-99.76287146030474,-97.59836490768106,-101.18499033242564,-94.81920714865979,-96.1024443927359,-96.34803417706294,-98.78227779087952,-98.9889250683425,-92.53860506636968,-96.51451005744796,-99.4412179444792,-94.24664066129765,-98.18589549045514,-94.75474945953867,-99.11666418054588,-95.0522463489535,-95.18042834975635,-93.05398965642007,-99.63169325870489,-97.33135191901522,-96.45675742681078,-95.89671412972777,-99.42738302959484,-94.15008141880638,-93.27641182162785,-95.20691446978648,-94.2211508705714,-93.81304655627171
2025-11-02T00:11:20,AP_24_10,2.4,10,wifi,2457.0,0.0,0.0,-103.00926165156525,-95.53603432914647,-94.41874275584517,-96.21639150910423,-100.55571317516912,-97.88744576489252,-94.75489561579387,-97.67356104185971,-94.46509032350151,-98.59263818368899,-97.56303760921126,-90.887550528369,-99.53076925145552,-96.52491482072136,-96.08107434074441,-97.25091359788044,-98.74205566970106,-99.38204477400396,-97.54723790722994,-93.84324451608924,-95.62022818766505,-95.84287234162225,-93.56301487678697,-101.51423345354951,-96.27507671630951,-95.98578215044232,-101.3721306446053,-92.1737972381573,-97.83667929056878,-93.28782899668077,-95.60575824532725,-96.04006706371189,-92.56368190742779,-91.77017894732154,-97.21954986468808,-98.23452922044102,-90.9081314174921,-98.01284667021602,-98.7935814438582,-98.07753861252662,-95.64587690630496,-100.72320019558491,-95.07804278549115,-91.98158789752178,-96.56898001787731,-93.57160788256468,-99.21841113521344,-94.22451610234715,-95.27403312670538,-98.68544359219952,-97.68952653787824,-96.29364437277131,-94.39550658493732,-99.5300366024549,-96.7736742782591,-93.80258705242854,-93.86102463527433,-97.37239884650069,-99.65475568423697,-98.22718389264672,-95.53100117457431,-93.54127443167947,-94.0637184605569,-93.88835764824873,-97.58175420263669
2025-11-02T00:11:30,AP_24_10,2.4,10,wifi,2457.0,0.0,0.0,-107.09678040981645,-98.90749315569204,-99.77565076652303,-101.51657321445026,-98.7906869867104,-95.41205230724702,-102.92374233074824,-96.76228808132784,-104.33988990550783,-100.30149612567661,-97.43139999118718,-102.0390740128831,-101.66679041195563,-99.60366362262974,-101.77961021279128,-99.5872648540976,-104.74012669767166,-103.51161230196388,-101.66705346245094,-102.98420745599125,-99.64388769415177,-104.92371470958416,-96.26735791911842,-96.49357469147624,-104.24005330425888,-100.83138022128577,-101.41876044578898,-95.50668034982701,-96.61958626195607,-98.29871930664993,-99.47065147963839,-100.02296225519704,-97.373726774653,-96.26473612647546,-100.98713424029258,-96.64493123188248,-104.15805025140256,-97.89839100937239,-105.45725207441963,-97.39270387589933,-99.45432623547822,-98.75985650606924,-98.70143417955173,-101.1327092486726,-104.5280439220921,-104.1135427300153,-98.46221473380392,-105.68107947103731,-106.52563429680343,-102.9987518789126,-101.85016061252594,-101.5324634792547,-97.96202561516506,-100.10433635440509,-98.76684490364195,-101.85419639503877,-101.52225414644978,-103.35859630328744,-97.09217233042958,-103.8209870955641,-102.26776059987809,-99.04938739478276,-104.05565333641378,-98.36187189740079,-102.19781495533358
2025-11-02T00:11:40,AP_24_10,2.4,10,wifi,2457.0,0.0,0.0,-102.04242032055704,-99.54854628948442,-96.5797207850369,-92.14395703209959,-92.333959663382,-98.83318793846236,-95.25680974531159,-91.74761661555982,-98.90670453525145,-90.21884290986577,-90.80281019442708,-96.69587297455467,-95.16293636705173,-94.35893022425256,-87.89638934709973,-101.77186745050889,-91.31917816957952,-90.45586338341371,-96.94637410575825,-97.42692943218918,-93.35151394896877,-92.07554189965283,-97.99576754727426,-93.3899258936176,-99.73805782640079,-99.01746784013413,-93.86119014088214,-91.79724342822591,-98.76726323004722,-98.05937130986287,-96.09736710682456,-93.45971350652391,-97.74687012518262,-92.61914950588212,-93.99911285650352,-96.39760921634071,-96.4003046944814,-96.01277263088352,-95.8452489884602,-94.3355174231247,-98.82594148415949,-97.28302361427968,-94.12488657682138,-97.25843513209439,-98.49491478859969,-95.30898675164259,-95.74792908013666,-95.69656978772868,-97.27585180876912,-94.62523436819495,-92.94628610266327,-95.83755852973701,-91.5455809912814,-94.92435343934258,-93.25235135894177,-95.40350114264022,-95.92159744277082,-96.89785515049168,-95.19963943950616,-98.22675253684068,-96.142387575327,-95.04010025809625,-92.46405634253867,-93.60995037100675,-92.88296642174289
2025-11-02T00:11:50,AP_24_10,2.4,10,wifi,2457.0,0.0,0.0,-104.96830302652484,-92.48548396065193,-97.07619818689805,-101.521080330318,-97.87778687362504,-98.73783363480001,-95.90818968541443,-101.32641249115545,-98.57713239357982,-98.10482528079643,-96.54615230157422,-100.0557816507138,-97.62075232741255,-98.67031196012134,-97.39668812008766,-101.98931205280637,-92.45611657910757,-100.64861295305181,-99.91994885582783,-97.78811472161226,-97.01680659394616,-95.1148470135845,-95.03837740428617,-101.54359045903283,-99.97837741560298,-103.35875316870086,-96.36312712203348,-101.21821811832123,-96.38529378118103,-97.10858641813965,-97.64311214505184,-95.73699654329731,-97.03760087814325,-96.98060857919789,-102.51531238595415,-98.74496275152111,-96.98820855378433,-100.30916097038336,-95.35513090454143,-93.64003333879421,-93.81951553822518,-99.26477911342145,-100.74058736411021,-94.50725084060329,-95.70884767434252,-93.95154551557444,-100.33616952957628,-96.62334401336253,-101.43849421244386,-93.80690167492598,-96.9734310891472,-98.0188009595373,-98.65705854617303,-98.66768030831525,-99.28030117582745,-100.4666526160767,-99.12380842589218,-94.35275020212578,-94.66633012471664,-96.41849132750974,-99.51440850968856,-94.59166053391671,-99.10816778337684,-98.28731118391707,-98.28227009690842
2025-11-02T00:12:00,AP_24_10,2.4,10,wifi,2457.0,0.0,0.0,-104.59754342303984,-94.63134391062289,-98.15128510819328,-92.67151233204099,-89.51463041248726,-91.31750440786082,-96.27838263219637,-97.78427400749538,-97.37583180986122,-100.40501155822801,-91.24043354243024,-97.76079510767286,-100.46071460109295,-99.09061897818347,-98.34277727553163,-99.72574263213028,-98.62826452667677,-96.90761456569506,-94.72413320942923,-97.60255475116446,-98.01241525841397,-96.46538545312784,-100.73751378620206,-100.3290951794462,-102.56713421732891,-100.19765355755581,-98.63650949662463,-101.98271241373276,-95.74701475905657,-98.40012592476093,-99.55267942632412,-101.61142685172453,-103.01995044800046,-97.23403892248771,-96.02109763070892,-96.8104243366083,-95.64628055310676,-98.25479504953964,-98.54851837088938,-97.51652791000127,-98.52662576201242,-99.1177205265963,-99.13685293213322,-98.59449433572242,-101.47991461001116,-94.9026715507988,-94.31812574957374,-99.00355338030872,-102.34060280836796,-99.23072845901638,-93.47010879256237,-94.55345579061554,-96.46226746027395,-96.29116759770902,-101.02764626301257,-101.49946564196442,-99.794567970741,-100.09388641354332,-99.54423669823777,-92.4654811581645,-95.51098853673291,-102.65019341076567,-92.77465858188452,-96.5046826584039,-97.63654745262515
2025-11-02T00:12:10,AP_24_10,2.4,10,wifi,2457.0,0.0,0.0,-104.97156434379896,-98.2966250028076,-97.26926904427546,-90.71221201164143,-95.07051597394658,-98.04964801257726,-102.10938727702826,-102.73849809924839,-101.33685215214476,-101.72761002182678,-93.47141037015533,-96.12491915580569,-103.82575275260209,-95.36035297377742,-97.9489621805321,-103.1346101889354,-97.86524880580487,-94.46413490322533,-100.10508903936754,-98.70109577458717,-103.28954497415083,-96.47267460723646,-99.85420063162539,-95.18597643713665,-96.17776474015534,-99.15919401058096,-96.86562768423931,-97.79508871782778,-101.38417332149471,-101.86170302711993,-97.16824037083207,-98.04133113533662,-91.5227837993026,-102.36822414673861,-99.98601968677441,-93.8439693604876,-94.25616486149386,-98.44968421249416,-95.92954449683502,-97.51150229722437,-101.43971344381988,-90.20228144222104,-94.86628655090666,-101.1874441458729,-96.87991178962164,-100.25918549036261,-99.4474188811762,-95.00387045366267,-99.27676049345861,-94.40433215128125,-96.41930057412878,-96.25456179025065,-96.17383927441873,-99.53207998559714,-100.25133829743852,-93.32462177506595,-94.3349921953921,-92.59527741145558,-96.48694536583223,-98.14974341768112,-95.4647426754468,-95.29677651610007,-102.68454526409069,-98.54888933321143,-98.22669157805984
2025-11-02T00:12:20,AP_24_10,2.4,10,wifi,2457.0,0.0,0.0,-105.89492912555946,-96.8032007671542,-99.56323032674591,-99.58483845182887,-97.56339444239505,-97.0028915442895,-94.66340207504118,-94.06317212177397,-99.59483631214997,-94.11315322082467,-99.53184155507695,-97.49295064410146,-95.93233198201787,-98.09312382373295,-101.98488452030581,-100.75975615012887,-101.08698155333687,-95.97814680439575,-97.69043548626685,-99.25690663295447,-102.39778851315161,-95.99954914227715,-103.14538120364851,-100.23150264413347,-95.32739164954319,-102.93761357924446,-98.24640493661349,-102.5257160168093,-96.00600932029256,-95.34147743089225,-95.98261825301262,-96.76732450474239,-100.50019547163853,-97.54822300554787,-95.08553562610336,-96.27234899854372,-101.14649899760694,-98.24739277511125,-103.44912625158597,-106.44723868359391,-98.88074444145455,-99.24733281516255,-99.97485173934884,-100.37425462189758,-100.54980183757314,-102.51747375123192,-97.51495394866637,-101.58282097822142,-96.44464415458206,-101.48759916210557,-99.05682982370993,-93.68497310144798,-96.6516555691787,-98.7139017248053,-102.98898257041361,-100.17352788469152,-92.01166327542303,-97.54346761944157,-101.16246550165786,-98.45065098750486,-100.69552563706482,-97.13625952346955,-100.41473430273597,-100.68144416131233,-103.57780334047708
2025-11-02T00:12:30,AP_24_10,2.4,10,wifi,2457.0,0.0,0.0,-103.26883817591488,-87.89134167932839,-99.63440117083951,-96.40964025617237,-97.7611732175564,-96.6625310805421,-99.53070752670264,-97.6067147849881,-93.04895629321287,-96.69877927507049,-96.07330330496345,-94.89289073444623,-95.43829269772597,-95.55497735718316,-98.92624238412868,-97.22266884024933,-98.74485461956526,-89.52455630517683,-96.39867689323869,-98.93090344937467,-97.78826690947983,-101.1870472352902,-98.82980289510063,-99.75268007068128,-97.755165376287,-97.60035243111318,-95.77495258745257,-94.51784589105665,-95.58456731535487,-94.31607039196224,-99.24946027245365,-97.67142962091029,-96.7433698824118,-102.51334592810869,-90.88582870987325,-97.30537955581924,-100.0931207894802,-93.04059663379712,-99.84293242631391,-99.12420416182385,-99.57457375088603,-93.5855777839926,-95.65473123635411,-100.76321433119925,-96.48642306987169,-93.94193371395129,-94.80355806397493,-98.30145652665891,-96.42612214903879,-98.34715129273073,-92.73801309523303,-97.12118380895198,-93.97372387003692,-94.11780443891487,-93.21806662014596,-95.53965246828972,-98.31722140166009,-97.6344058902398,-90.97768700764354,-100.41379870128547,-94.52012822215853,-95.0614911668066,-97.72062339824626,-97.18786401278778,-101.86031874431367
2025-11-02T00:12:40,AP_24_10,2.4,10,wifi,2457.0,0.0,0.0,-102.95903925627819,-103.12352075620626,-91.47113833336283,-96.72906126660108,-98.46665269226054,-94.92122494246344,-100.9692936580281,-91.62201558794322,-94.51277042444619,-98.30883125676664,-96.71139552202078,-98.64818670245512,-95.31628229809289,-90.66241003781269,-91.93990861510687,-92.1844648483678,-95.01644463428536,-100.33472332931214,-91.73772304969478,-91.48084862784312,-95.87858693164533,-102.51205180932743,-96.67684479370098,-96.2132791227251,-93.58977399748983,-94.61224419450106,-94.77734500445337,-92.72985604605003,-96.21859681898107,-95.00974483356148,-97.11691361106821,-91.4538603991597,-96.35510139742848,-97.0072448649374,-95.73425531686283,-96.50638650073994,-96.11256291523311,-94.58413036365835,-98.71705368032367,-97.0280521145564,-102.89645632578052,-95.52869886570102,-97.13308921376458,-99.36996456627914,-97.25215522040457,-95.79938163163125,-96.11659038080386,-96.77296832716219,-95.63142419746698,-93.53173482509656,-100.04350210733782,-90.52331205152696,-94.53653353565907,-98.75535805325131,-97.04716987767839,-90.86517682517979,-97.46401431104492,-95.91939352172167,-98.00928711336336,-92.16522148320011,-93.44609164833886,-89.50395164060875,-97.40965353499136,-90.86619356008835,-99.06485764537828
2025-11-02T00:12:50,AP_24_10,2.4,10,wifi,2457.0,0.0,0.0,-103.61615733759231,-101.6245858358931,-99.64146303159252,-100.70251301999554,-96.26895350482633,-100.78259404303628,-99.15490456284064,-93.77616520718198,-99.80840109480538,-98.71399462352713,-96.24731926605851,-97.37996018108218,-102.53730482252982,-100.18254283148607,-92.19411770258627,-94.40883641815259,-99.72298052832778,-99.72768553398107,-96.99953596239476,-99.82552438790923,-88.13958666426522,-97.63045065413712,-97.1388575418072,-94.84285477571021,-92.66871804085079,-101.56450506839015,-95.38837700061583,-97.94862204548362,-97.02485004570455,-94.00839610564032,-95.14041955194696,-103.57027057606751,-99.40650359432766,-98.08308263979633,-99.37332707714934,-98.88626707618211,-100.75480566738455,-93.57422609405681,-89.86136733496537,-98.37808141425558,-96.20314353355647,-97.52976032255309,-96.32899344732523,-89.94391372058226,-99.40171406122643,-97.6407879938795,-93.0433128887279,-92.60672421556254,-101.4460895248387,-99.94236190070477,-96.23820197003369,-97.0440803341162,-96.03533913609051,-96.67056206374617,-98.53422480841859,-99.01954036676145,-95.4916388460018,-96.6152345535784,-94.1133714709131,-99.20954508459192,-99.31729551420813,-97.46789041973575,-96.45025561829385,-96.78162384389263,-96.20687793006401
2025-11-02T00:13:00,AP_24_10,2.4,10,wifi,2457.0,0.0,0.0,-103.31847529076498,-90.60793578826598,-96.1289052162533,-94.36632264780609,-94.8523642495154,-92.95304375526558,-101.25013292288986,-93.46760510957901,-94.28882205205576,-92.95785987603216,-97.02206993116765,-93.28354405572766,-91.96361896158696,-94.90228472014117,-94.22194031732091,-96.99742533205843,-95.58548804509151,-97.80160672517235,-95.13270425082455,-96.33792391449569,-100.84462447761814,-99.58935146771086,-92.0898189483119,-97.07389668231426,-96.80474716660925,-95.89366324045785,-97.51963788985528,-98.31208199081044,-95.58342246982906,-95.59690837369338,-91.78539787539891,-98.15862312921452,-94.51972424278453,-97.33376067717141,-93.50022028049523,-101.25930801186571,-95.99751823245253,-95.63288552065379,-91.14812804415736,-99.43392317494857,-92.61208111122168,-96.29780831161838,-98.63157281092812,-94.16890945233361,-95.06235002843131,-98.45440684077906,-100.83124081047376,-94.43154665183171,-96.66153764592273,-97.47057046555027,-97.08458841025069,-97.22587907737334,-97.23027425259721,-100.49739147167855,-98.89410247531764,-101.06583613743099,-94.13183084767726,-96.6021306706515,-98.78205248782801,-97.50095744007253,-94.90837310239084,-92.3602965413004,-94.28373969112072,-92.2541173249415,-94.2711058740152
2025-11-02T00:13:10,AP_24_10,2.4,10,wifi,2457.0,0.0,0.0,-101.94093376072155,-94.57727809448885,-92.64914991461396,-91.51555810475082,-95.34024111210348,-92.43947626167676,-95.28363031683823,-90.89991048916684,-94.76451127627408,-98.67888658831002,-99.59058772318703,-95.03156993697219,-98.584315990689,-95.16268616353162,-94.47688346121667,-96.43573080407577,-93.24582633249713,-92.84580297404842,-97.85478726771103,-98.01156959921747,-91.14096382714465,-92.45140146067884,-92.93407248648798,-98.00924090350364,-91.93754878759114,-98.46688724410657,-102.70294230352451,-93.45624830127943,-93.8428927021722,-90.79978976930693,-92.57179944083504,-94.80755157037966,-93.38413262071143,-93.19536212101865,-98.23614948766061,-95.4673420083601,-95.44993299521543,-95.75112245532623,-93.43155710466695,-96.14638203238268,-99.59502951785254,-96.55499193698508,-100.64161145226024,-95.11748477699204,-101.72654378214162,-98.34303551096002,-94.86146758384841,-95.19490021987762,-93.17915422792953,-96.66460277799246,-92.07987730465129,-94.20130764948924,-91.66482826216048,-92.83813073515027,-94.96065956597747,-95.14643092211041,-97.92861038728009,-96.6050715301164,-96.87857510637352,-99.65695600965495,-93.26575880562451,-94.6212583417392,-97.81994688502061,-97.98152938963821,-100.96490496490652
2025-11-02T00:13:20,AP_24_10,2.4,10,wifi,2457.0,0.0,0.0,-103.17773020468245,-96.04164527617108,-93.38011789443922,-92.31016190737326,-91.52133557640586,-98.48132112921267,-97.05351592023118,-101.2311644605069,-97.68710055266938,-96.19561150869129,-100.34531264747645,-91.98509492707696,-93.37255814611412,-94.93556552013428,-100.12563762049476,-97.70975451216776,-97.82855005742196,-97.58919373000819,-93.98297811018806,-97.09095100715197,-98.79238152217769,-95.32831353543939,-95.8514445765643,-98.65686078370146,-91.81341261075089,-96.55380528589005,-92.66899978075469,-100.45171520162835,-94.74143496487953,-97.23874254595722,-99.4475100869306,-97.46767628247665,-96.98621569533206,-100.46595317831748,-95.10420627375672,-97.11368648966636,-97.2942275744787,-99.76732855926726,-98.0344605383174,-95.9189617610911,-92.13114316918686,-97.356943902533,-101.65356110191618,-97.1222121206482,-92.51468357132944,-94.48684493229266,-97.52203015591206,-103.4376528764251,-91.00062678237654,-93.99844924550774,-97.03173814536163,-98.32660661675855,-91.56075532960915,-98.75277244118287,-93.5892895074666,-97.26908595035445,-95.02368657160581,-92.55822630103984,-89.85823326471797,-97.33710539179428,-100.68847762106208,-93.84047090195243,-95.3825253722406,-91.60495919247366,-94.77454632889273
2025-11-02T00:13:30,AP_24_10,2.4,10,wifi,2457.0,0.0,0.0,-102.27974250154479,-95.93113374599024,-92.5390756447652,-106.1576450390156,-92.29776158077281,-95.29668119898128,-95.21957278960032,-96.23190961204801,-91.80599304709901,-96.30588598578545,-91.14397774786214,-94.65331121592531,-94.07092593354353,-91.59233984373864,-97.36780539801033,-98.03371864954796,-94.8304940354467,-100.75534254843836,-100.13231702718838,-93.05082261535033,-96.87926896478518,-91.57460888184299,-93.36584495284532,-98.16629740817581,-95.56884513868724,-96.66957138250562,-94.91114451899429,-94.74972139968895,-89.92529145367526,-96.06282857582353,-95.24424592123657,-86.51397878377436,-86.84277273336201,-90.71859529473261,-92.68708875802821,-96.37953563140066,-92.83429627845084,-93.8890463438974,-92.30231784978973,-89.88772819384486,-93.89901424600845,-90.37458017734463,-96.29475469538203,-98.0204417653114,-99.1969299737778,-92.2576419245723,-94.66014283182076,-95.40965781709188,-96.15144890045816,-97.51984208009019,-93.16938108468223,-98.27431563660116,-95.48184532770273,-91.78206860562028,-92.98365280317083,-90.25109604185943,-99.93852914930736,-93.96735415772753,-96.17356264072606,-94.03360685741703,-95.65444946058065,-96.07363935999439,-92.05645639254335,-98.59754132875486,-100.39648049210453
2025-11-02T00:13:40,AP_24_10,2.4,10,wifi,2457.0,0.0,0.0,-105.75799827374404,-99.12619944454636,-97.68258784199391,-98.06103071941935,-96.25250806624997,-90.13915837063185,-95.01246596553119,-94.4135733066718,-96.18163204942195,-105.13561949239856,-99.40999179681187,-95.04150059179165,-103.8432943172903,-101.50466004879529,-97.78096132920251,-102.33544699107448,-99.25945838205294,-100.39309615121225,-92.71367108247566,-102.60171086835517,-98.53743129423611,-99.84466596397989,-97.20010071838783,-101.19398831339791,-104.97967543798954,-99.24764417334933,-99.86549074408357,-97.93032352598945,-97.74776108604915,-98.35107967584204,-99.31342539657687,-105.07426658290379,-95.70529585102416,-100.61375950586607,-103.15429985417644,-102.3966439855022,-99.10837851972666,-96.22205566238209,-100.46100301106384,-100.00345600405923,-98.10497447395103,-104.35603098294973,-103.76710637114746,-100.33646326100595,-100.44836716169067,-101.88429464490866,-93.86534844576329,-96.56210770871928,-93.0571683030047,-98.45130462996437,-97.53631527854596,-98.17502574152047,-93.7813851462144,-98.15208244979645,-103.11127383763417,-98.09798510454763,-97.85926290639718,-97.06092298492594,-101.90260848321066,-100.92995582925063,-102.2016405383521,-98.86219738977756,-97.18333070704982,-100.95141462485641,-96.28405589920526
2025-11-02T00:13:50,AP_24_10,2.4,10,wifi,2457.0,0.0,0.0,-101.43136184763054,-91.9066353000135,-95.20255024815054,-88.76499069612076,-94.48217654147786,-94.56781370560016,-93.37341318075076,-94.60819695175118,-97.33531309419378,-93.53290538715892,-95.99154981006447,-99.0042999150878,-94.53808663645646,-94.19975281577723,-93.15830203558154,-94.88336092130288,-98.52154310604033,-98.5625739021234,-91.9997313351416,-92.24969068877911,-90.7499393617217,-93.19401335791211,-95.4196364280033,-104.81719964517129,-101.08866411375564,-93.7897854189139,-89.97594695132767,-94.36149081229937,-93.36453125899241,-91.02500692262123,-94.87573235446432,-89.60285324897859,-93.39656184831941,-100.10606821606801,-91.15790857749676,-93.39983885935565,-91.67433476882152,-94.38004044606335,-94.93505528655822,-99.34551609349933,-90.81580331824188,-91.88794398920659,-95.01618126702218,-94.74470208617021,-96.65671450010086,-92.52369722883957,-96.99099157225852,-95.55990003168911,-95.97886267228733,-94.61636615868437,-96.29512522614526,-91.04557047064263,-96.29730960228949,-94.01711711040201,-95.52524593128592,-93.3976927137806,-93.91768108544417,-93.78303535244198,-87.67694797123397,-92.06816475183055,-99.51295995428477,-98.98876824757855,-95.33071115569452,-85.77015971616785,-92.42908936865048
2025-11-02T00:14:00,AP_24_10,2.4,10,wifi,2457.0,0.0,0.0,-102.88355502937748,-98.1649961749604,-94.60505457270162,-92.3922333181359,-93.69210034822186,-100.34546290379903,-93.82285791329917,-95.35075478750343,-93.35518991840314,-97.57812593620005,-90.72627428478964,-99.55982072096037,-97.87142230592688,-99.14020375392816,-95.90589423601749,-95.6608126375377,-97.81424383252292,-96.38409029699226,-94.19012393659541,-94.1518461617306,-98.16149784153949,-98.11183362689941,-93.52484763350057,-93.91246237205085,-90.60990219401495,-99.7185998899355,-93.84739762652518,-95.02673329097792,-89.35817666223592,-95.54042294796197,-92.75739629373327,-95.01894701193326,-94.84410594140266,-95.00484797695319,-93.63404930130501,-96.48912028704449,-99.16708031945406,-93.61917986009999,-93.73489151050772,-89.36715704829048,-94.63075910182378,-95.33318494631463,-97.19060806295721,-97.69639114668108,-95.43962145050904,-93.54351680393316,-102.21872285755512,-100.3439192620451,-98.31103242573082,-99.07754634951854,-95.60356340475884,-92.24248457402184,-101.63198352229696,-95.71364280206109,-100.33350219870385,-93.59269261018298,-95.89597826390244,-97.55637333450325,-98.3178367825332,-99.68082180753925,-99.73116514929617,-94.30105699194375,-97.89085721061517,-94.95604981323112,-93.675998229678
2025-11-02T00:14:10,AP_24_10,2.4,10,wifi,2457.0,0.0,0.0,-105.47895988290675,-99.91765866966254,-98.4179224902648,-98.05875947928348,-100.27919082572912,-94.5193834477926,-97.00656244402893,-99.09427223860736,-98.07022777051037,-96.68120061736396,-99.02963893242696,-97.51748505700785,-94.92803451014103,-99.98501741808577,-99.35952375289634,-99.66506631402237,-97.98981504929606,-97.1345738929224,-100.2961984430726,-93.54496269637933,-100.73914574028404,-96.77734246832514,-95.91342964149474,-97.19840563716171,-96.46881466654237,-95.86328945743715,-100.95959166644333,-98.31632080627699,-99.53301388664948,-99.43533639808196,-100.39696905520549,-103.76344647532056,-96.9380220126531,-95.80226664311354,-94.4062960814976,-95.88424788717953,-105.42787132716019,-93.00219751276168,-99.32628170926834,-103.94269126005659,-94.77707408170441,-96.32462519341509,-94.2956113397768,-95.90468355690565,-102.00570555396538,-99.0192938691657,-103.33889625229459,-95.19145332138346,-102.02652725424295,-100.51607825840406,-98.21006174164273,-94.91024277690549,-104.70118362714243,-96.18881399533913,-99.74721074574585,-101.419507221552,-100.69127910333373,-92.24376532293292,-97.83807367100749,-104.25453402226009,-96.82905877123021,-95.80301666403601,-100.36554147474318,-96.04438091408552,-99.64064111608278
2025-11-02T00:14:20,AP_24_10,2.4,10,wifi,2457.0,0.0,0.0,-104.09991147348194,-96.24092581228591,-99.1729608523207,-97.28575596070982,-99.89127574390827,-94.13793726463074,-97.38307236946197,-99.27748220407916,-92.41326041707511,-98.9747791394472,-104.51539194171772,-100.35244036430697,-101.1642769644241,-94.59996917125149,-96.56171195623546,-94.19692485639574,-98.6930746458108,-101.27752317394372,-102.54462645760418,-100.4294827138035,-98.09623402801891,-94.72847478924997,-101.68591771762637,-95.63213632980356,-93.2828275318657,-95.65014550487395,-98.04130030059214,-86.84415788505555,-96.13350893944313,-96.67821781201451,-100.08763473643673,-93.86195754682701,-99.11877401725323,-102.30765634989247,-100.48872486212613,-97.95261467581481,-97.47686724098145,-98.10471161580331,-99.96029002885356,-98.09033677863117,-98.27779512255776,-97.98200505276962,-97.6035181492691,-98.17569933311434,-100.34962456524427,-92.05779632407763,-92.58717934979333,-100.39271914431755,-100.75457774485862,-95.92504235798232,-101.1602525663053,-96.32581776392348,-94.83565569996226,-100.14040460833417,-100.03496109955707,-102.28557517049175,-92.76304078954055,-98.12793593707417,-97.64880084452693,-94.02657048871687,-102.00610836519299,-95.95452989404825,-91.75425623150194,-97.59683837940568,-97.69278209215187
2025-11-02T00:14:30,AP_24_10,2.4,10,wifi,2457.0,0.0,0.0,-102.14191736376966,-90.87138907737935,-91.95010234307031,-99.6067602851442,-92.934476451541,-93.9673985395409,-95.3332934644099,-93.8261105703376,-95.19951639995057,-94.23457665602716,-98.00001262222173,-87.3219884141756,-92.68111627183707,-93.44375322324585,-97.91838470820252,-96.78085682202833,-97.28636191750819,-92.82841436655721,-93.89508748006571,-94.17344172647961,-96.69119563397437,-102.71454880979351,-95.8123599820944,-97.18711711238907,-92.17625374446962,-100.84749625237286,-94.84559803498588,-91.87176225259383,-97.7322258957602,-99.91802273697594,-89.78758162888445,-97.84446131848372,-91.24727553023126,-94.43922938172675,-99.30875295929121,-99.83367734033077,-92.19669998907324,-91.47700451553008,-99.9485617001129,-95.36932137313228,-93.07758380702856,-89.43995980974836,-96.2194206072437,-95.71629678847164,-95.29865757682892,-91.90346845768782,-97.06164439128885,-96.53272659736604,-95.70289430189995,-96.5307490906102,-100.50963260685437,-94.46424846362304,-97.4789473433168,-96.4167909904647,-93.816375770925,-100.3922940163784,-93.1737451700281,-101.14180768926299,-95.62942331704534,-93.25640875081587,-98.18474932318165,-89.64393300342007,-100.29333824315539,-93.96757374995663,-88.58901744249641
2025-11-02T00:14:40,AP_24_10,2.4,10,wifi,2457.0,0.0,0.0,-105.36667019200934,-101.99895464919823,-98.18619552769083,-96.29657929533974,-105.39607845390572,-97.47310777371852,-95.71100368548458,-95.82368143143773,-96.3085008017007,-95.97511527875157,-98.8922955977037,-102.16210514533445,-98.99559249999712,-99.0548257842891,-100.52112300051651,-98.22834227265521,-101.20166104213523,-97.9381790035316,-90.77551637820727,-103.51679648759273,-100.07201256616233,-100.66928791653466,-95.59003138327796,-97.885525257441,-97.67979319060855,-94.88977137675373,-95.93675600785157,-95.1016286487221,-98.06388287998706,-101.22823557892676,-103.8798539101474,-97.01467020668527,-100.70556845254711,-97.61914284316578,-96.71979790193156,-98.57308338345432,-94.9418609071842,-97.45807941768811,-97.99114109038314,-96.54184821664978,-97.06797270694646,-97.45328854887715,-98.49160025987287,-94.50647387284204,-99.00044653878456,-98.03157202565467,-102.22663201963094,-97.1578182083189,-99.23522456189333,-93.46259696546718,-96.21778836013635,-100.11147623450223,-95.7645608777828,-98.9681792300626,-101.03706777530866,-98.59885868058716,-101.12067689324256,-97.81242386112027,-98.50291064986554,-101.44591433662058,-97.68402530528635,-99.50249543097358,-103.47454525594753,-96.34061707100528,-98.53977154684463
2025-11-02T00:14:50,AP_24_10,2.4,10,wifi,2457.0,0.0,0.0,-106.39095758040014,-97.73403472468513,-106.92721765264375,-99.54559458185878,-94.36722080345172,-94.81848825050947,-104.45276106003901,-99.34844753738963,-99.5811572010277,-97.55000484316314,-100.04712719561391,-97.7406027431479,-98.59824851326559,-101.06204572846546,-96.51212273916151,-93.5268309039935,-94.81044349790447,-100.15845385262658,-102.39712270240508,-97.60016634634802,-97.99063775002999,-101.42815025351712,-95.79258315744302,-97.60775743441447,-102.38012672056274,-100.86367916700048,-98.42348569403606,-96.12339264108749,-101.38247382561183,-94.78480737904964,-91.84190629844538,-100.56734356078509,-97.6824111139907,-99.787814590299,-94.6963131699371,-96.53462037715599,-102.96218388883798,-103.47410126758678,-99.7927418665188,-98.06029291075593,-96.30623979505762,-97.49519151322058,-99.42807377637509,-97.60881081991592,-99.4381802092315,-97.00893822513106,-105.9579995735863,-97.61290296242376,-95.65890752072231,-103.32766317434175,-97.28910617991428,-99.42779841865324,-97.1036151095744,-97.35015408578907,-96.76138402326818,-99.22822316238349,-99.98637804562202,-98.62766794583065,-93.48784911177862,-95.46654577815855,-96.04284794995108,-100.15521809419845,-98.42650919071653,-96.57389214208811,-99.444520436416
2025-11-02T00:15:00,AP_24_10,2.4,10,wifi,2457.0,0.0,0.0,-105.93226297549951,-97.04839670734499,-94.64594535924672,-101.86211671213823,-106.83810265422592,-96.14266680984493,-98.30882439606431,-102.05187967286152,-98.91966033899,-102.79288653117968,-96.60943087636134,-100.2890655540118,-96.60391356456451,-102.96273070934296,-93.95913454528292,-101.82638258280038,-101.28128949803454,-100.35220061631762,-96.63330623497619,-96.06532836384736,-98.40003035128453,-95.2480506181586,-97.10287611047578,-103.11999015350018,-101.00904157504563,-101.73037997371972,-101.19105717051806,-99.00586319139653,-99.27640952552153,-99.63646563103195,-100.63947129562544,-96.6017740303128,-102.6397556659511,-95.05098892831154,-100.44528008184669,-98.95167208351143,-97.46583535678539,-98.62531207798305,-96.57137215295383,-101.19373487800445,-98.09385521563443,-97.09211783561162,-98.82703364291312,-99.48430120348328,-96.24668875148777,-100.18989238628781,-100.4571221889728,-103.20720932451366,-93.864336391797,-96.70600205441798,-100.94479287765525,-100.16825121366105,-98.96725972263735,-98.84645296516511,-98.15778423554262,-94.66444096788413,-98.15330425498703,-98.17109812731711,-102.60091274578222,-101.77678839598404,-99.76974004170656,-99.29561612273591,-95.02000932489089,-101.40951136232661,-96.42890874294542
2025-11-02T00:15:10,AP_24_10,2.4,10,wifi,2457.0,0.0,0.0,-102.74086615977194,-101.00648991260152,-90.736522154474,-94.27783496820292,-96.68242300569352,-94.06780081314312,-95.15954469958308,-96.24611050572427,-103.96581047271147,-97.51156395703748,-97.60386376263612,-98.59447754001987,-100.04636513901123,-95.04358337843925,-90.4793597974216,-90.55113385662855,-87.23650529375757,-99.94812979264202,-94.50606495751323,-94.43751137413598,-95.99196422380636,-97.16930950558572,-95.35657019376366,-103.17006897507581,-98.24523812390342,-92.51078733927015,-95.82548291210861,-92.22657192449775,-94.87225737693774,-90.97313135815895,-95.63048604893368,-97.36498702602707,-91.81364625883833,-96.58503228172266,-94.2904263769119,-97.00620975566792,-95.0108658023801,-92.84133657348345,-100.23591998330805,-96.57624600630174,-95.30708811194482,-94.52672532396475,-90.37406409650968,-95.56550651155305,-97.09178401108164,-100.08887675444248,-95.88599828951074,-98.43489741781713,-95.30614077717328,-93.90323358667989,-96.17725924915557,-99.29297529880148,-98.35880362630418,-92.27300708666488,-98.8659939686304,-96.55530111111268,-94.61165037853178,-97.01150946023908,-101.23887833742751,-98.4758456150717,-91.70666842366961,-96.8331423832417,-93.91516973513316,-90.99241308938912,-94.7336761408521
2025-11-02T00:15:20,AP_24_10,2.4,10,wifi,2457.0,0.0,0.0,-104.28572072236832,-97.98390509813744,-96.16154467144223,-98.78976107216518,-96.02968521601449,-104.43598350781097,-98.08397371095899,-93.60858792282198,-97.4305387984647,-94.29031673725346,-91.01205779089132,-97.2284334414307,-91.25151920278797,-93.4309076106651,-97.33020093314013,-97.76863131649392,-93.17431354836393,-100.50038370742132,-97.63227482215476,-95.6416794600032,-96.31020223414352,-92.04063775061627,-94.10763052138074,-98.0994088330251,-93.16049419419822,-97.71282856983122,-93.06975878750316,-96.06367041378765,-99.04748578119211,-98.4300764809718,-93.46862394786933,-100.46660895540526,-95.22188195812997,-96.8252611043031,-101.55244123553565,-89.55714375677375,-95.88464704253292,-97.68491050448132,-94.69580657500669,-99.20800723804497,-98.43992499666932,-95.73922321982442,-100.42818000978053,-92.02793541197349,-100.00967490503392,-95.8433006938283,-98.58473855347542,-99.94107985694825,-100.69595458393468,-94.99952113046915,-97.7720279457765,-96.26959559678812,-99.75499139662158,-99.73611648365485,-101.5579455930436,-92.53897235260867,-95.68153736442234,-96.1259399330919,-95.15261313022702,-98.8140980590281,-95.39912529362076,-93.72987525092279,-95.74343305049676,-96.80515872460597,-100.03014117253481
2025-11-02T00:15:30,AP_24_10,2.4,10,wifi,2457.0,0.0,0.0,-103.20549693326747,-98.64154428017619,-93.12690494681081,-92.28789499613666,-95.95738106703666,-98.00902034898004,-92.00934053457965,-95.73271372431275,-99.47162306214229,-90.36100739115315,-96.18124367908747,-91.20483742249688,-100.11386833335013,-92.82913808658621,-96.26604387633977,-95.9465756893529,-94.2889393705994,-97.27374334849456,-97.66007981480935,-95.49912558147417,-95.5672220604791,-99.24427454787556,-93.11953280190517,-101.06916633259493,-95.91832383711548,-95.13693920580008,-94.72595991930605,-92.56689178852325,-89.91570523953052,-96.37732770563451,-96.64026675697049,-90.5263701518417,-96.96859784119177,-94.5001477602823,-98.46645987680006,-89.94354015130037,-97.94115161514549,-96.05893236967843,-96.59519810508421,-94.54489140934679,-97.791564880836,-95.71393789678267,-98.14132331193647,-98.79590961867868,-102.06553938749644,-93.35378924566682,-95.48054561545224,-93.63669315129029,-98.53926711248376,-94.37864323119356,-98.78234294747118,-98.53502158748965,-96.46820485301157,-97.0296997258395,-98.1958314224733,-95.38985723017227,-95.68936806212513,-94.30603034456006,-92.60857887867297,-99.1589628889923,-99.15452208058102,-96.89429508024436,-101.43179013029102,-95.12839975182688,-92.21080547911075
2025-11-02T00:15:40,AP_24_10,2.4,10,wifi,2457.0,0.0,0.0,-103.7152636065186,-92.92139051545661,-97.24926297925607,-92.6521853745462,-96.9766865233248,-99.24694873576883,-96.39268418792193,-101.07097539299347,-97.12765202519782,-101.60655593243382,-91.95593703531745,-97.82073299927137,-101.67462489299763,-98.31642525282267,-96.43493474211783,-95.26890005833681,-93.987784864141,-91.92302410765511,-95.10156946867444,-94.82479620139362,-96.18797394609898,-100.62338181345632,-92.7143519817599,-92.36472594472009,-100.26682726930434,-96.68634883444815,-103.90558828931097,-92.49994390207176,-94.97715134421642,-99.93440637412176,-100.73074471675213,-101.67470825851686,-95.74176639606456,-98.0188557177029,-95.02522614048658,-96.86398201525522,-94.41248866217086,-99.01625561678709,-97.24479637463384,-100.87418052847296,-99.2462999248992,-95.3165486725305,-96.92081398492209,-92.6781353520414,-97.89944746966283,-99.76044072446706,-94.68683054519005,-100.68027111387471,-101.84784910717156,-96.29892549670649,-100.67322831552619,-100.2876890047537,-98.7042774341204,-97.80217643771618,-93.6325568025045,-97.73576186054193,-95.17016699349907,-88.22920777049829,-96.51201081989191,-96.74479443658811,-98.05081555263473,-95.42744760063088,-102.3791177611277,-98.08654278411909,-96.73302245449138
2025-11-02T00:15:50,AP_24_10,2.4,10,wifi,2457.0,0.0,0.0,-104.51281816738994,-98.9861532991948,-98.182742393931,-99.3077999435076,-100.37615808348609,-100.59662869321002,-98.92518353852283,-102.1505140519489,-92.49375695032647,-97.99949831666285,-97.05979032266185,-91.78730337317324,-98.36099821098784,-97.97029232971909,-98.02850747826207,-96.87544832745037,-102.37542243205868,-96.4900095995245,-90.1838971536583,-95.52217406010253,-99.27780539258858,-97.50755220871297,-96.6355598245156,-101.48399787537633,-95.26878909558802,-100.47445321564071,-96.35030572605856,-97.55697297139034,-100.25792010218207,-96.44516188629214,-95.40471264819908,-98.51808096182673,-99.65308784411108,-94.64755582143755,-94.9897831140829,-97.55126722669911,-97.25337153801627,-98.561746666132,-96.20346517081198,-100.2572008480242,-99.4745553132887,-94.50217677372588,-90.43351015064798,-95.2123773674517,-92.68767541372375,-91.45890471295017,-99.22864602864611,-98.66121738519047,-99.98524483464183,-100.32619368029276,-97.26044895635424,-100.68104021648129,-100.06152412560748,-94.18474486769477,-95.48000349206599,-99.44745612107033,-97.0654802717451,-99.90929560461217,-96.22506301256624,-98.17922906032197,-95.91480066190783,-98.09859314113282,-92.39989846701415,-97.2551047208069,-98.24400782681992
2025-11-02T00:16:00,AP_24_10,2.4,10,wifi,2457.0,0.0,0.0,-104.87189591833494,-99.07779525576382,-97.32727660035492,-99.1225894763623,-95.46468457754968,-97.93163111868878,-102.43550757967955,-98.43526344505167,-92.0310909442689,-102.35049304296527,-95.18676368641644,-99.7617066369273,-94.54008862045046,-99.21925902303349,-91.80189017902326,-93.59514721303661,-98.09141837283124,-101.0631582888401,-98.34798153061047,-102.45607898264976,-95.99404239135819,-94.37925247279772,-95.82674654581228,-95.46704653038755,-93.3413512132575,-90.62640363148154,-98.14551900268764,-94.07551291937538,-102.40483015584545,-101.23865032158541,-92.24734745573323,-99.42065720599274,-95.52066462426309,-100.6704357670669,-96.51293485106893,-93.2519970108046,-100.08991717558355,-97.7681214077041,-93.06662063063487,-92.5232640881502,-98.0668926850832,-95.28457699311683,-100.09029101412622,-99.50369179025226,-96.08376774682802,-99.23262170390561,-93.04019000293904,-97.3819378635178,-100.42466317112915,-98.76681789070463,-97.57637108853442,-99.87970100445213,-99.12123715203629,-98.09283121220001,-97.65645538963295,-95.5955528815487,-96.76583944684879,-98.7336382819194,-93.94649864752466,-101.76930924826792,-99.16880218079842,-98.43439502400356,-98.49015649761931,-96.06918253128572,-97.91413873130138
2025-11-02T00:16:10,AP_24_10,2.4,10,wifi,2457.0,0.0,0.0,-104.93984232008997,-95.67923840456538,-97.93909869934647,-95.31225420196371,-95.90251329010411,-96.52760522119986,-98.24589966535316,-101.00208327626895,-97.67035143725155,-99.70710199825575,-95.41506990779786,-95.59489948471986,-102.27843627484177,-96.65421999064388,-91.43878428214714,-99.9858102640172,-94.48601227700007,-96.21749297142357,-96.44947808511785,-103.17291487197052,-101.33964624288967,-93.53248513700613,-99.40260282905277,-98.68973330371779,-99.01626631972042,-95.61189369750177,-99.3980510407297,-99.38731950301234,-96.6422647957964,-101.96612638905438,-98.78227604051321,-98.75890185161099,-98.98856177029053,-97.27418800547885,-91.3718944725838,-95.5592163530135,-97.38958576272194,-94.2030304638802,-97.09582989836308,-100.90502361409024,-96.0147485446288,-100.18604033119554,-101.05035736480785,-99.88698045676476,-98.32545690342367,-95.4606903324292,-95.8114745824954,-93.93820930978552,-98.02426194356023,-96.44777954388547,-100.40610470614303,-97.05826493366227,-95.74305526380104,-97.44702456867502,-106.64911808300864,-102.48991218479654,-98.44564529624998,-98.39510271495993,-100.73560927987674,-98.57254571615817,-94.2966452151901,-100.7563545855226,-98.87716621228809,-97.83132103228581,-94.79668060609325
2025-11-02T00:16:20,AP_24_10,2.4,10,wifi,2457.0,0.0,0.0,-105.56801945477253,-96.45920079351143,-98.28916609750267,-96.04042145673804,-97.27227677202308,-97.29512954932726,-95.96039773079002,-101.79337922247981,-103.69868372963887,-96.93941012241824,-97.46532447772915,-97.84892272991884,-99.11747984981166,-100.26488109765513,-102.01790338263997,-98.46386367868818,-98.46343764101957,-96.32262278538829,-102.43837282809906,-94.54307930708319,-101.87057065574545,-99.90047912827247,-99.07265271060926,-101.58059840162245,-99.4491553429156,-105.6629859625417,-98.97246420193778,-94.19734927399678,-96.05071889444069,-102.31412330259603,-96.37958003081329,-95.45950536685709,-95.41846350689991,-96.77182078015328,-98.23607032925365,-103.69852721242623,-95.4803277440246,-97.77254143195705,-96.87262054557884,-103.85176935622103,-95.80235139964618,-95.26514002289589,-97.02780390898775,-101.10013685607942,-102.87268939963475,-102.12725366788138,-101.46089615119628,-102.04435831940295,-93.84740803233484,-99.5158159088039,-96.0657067268019,-97.44860224274488,-94.85168472455605,-101.9558848701089,-98.7417778246937,-98.6243203885524,-93.81707286193998,-93.16282596709391,-99.99043382213286,-99.23226531808221,-98.44792747287393,-99.89405518045302,-95.87982631853795,-99.79074494206901,-102.34512773123971
2025-11-02T00:16:30,AP_24_10,2.4,10,wifi,2457.0,0.0,0.0,-103.23205312670403,-95.7770011838369,-97.08921936108017,-99.08869426276092,-93.40896474809512,-96.90323038541959,-93.27599271308613,-99.31762046423002,-96.27512879789185,-91.85857911558927,-100.18203363933,-94.60952880325064,-97.41624771292925,-96.25981946085054,-99.02663045797743,-99.65010742312928,-93.17804230579476,-97.50353106169418,-91.94004155418814,-94.99978251579532,-100.42654774033815,-98.60616139029123,-93.57714322111643,-99.50837042600375,-98.88018650014168,-90.91393273884128,-95.22117901523809,-91.22600052776424,-93.8074904868734,-97.30644235133856,-95.67272874299415,-103.82383038676275,-95.48283846654671,-99.8234861717638,-93.27988817339897,-95.33212899462266,-96.3395767723655,-97.29307910291097,-97.51867147633257,-93.64935778322767,-100.58604096706159,-98.75759554871625,-92.60969189858477,-100.31041257132499,-98.08826357150409,-103.46751571436587,-94.25851849523107,-97.84705821055285,-96.88183889123245,-98.13809785060056,-97.55616955549722,-101.20454344075534,-96.38844468404213,-94.20750826144487,-93.0860118701043,-95.25658326632671,-96.02456659707929,-93.72503230191101,-100.97225525097022,-95.77263484021267,-97.52461116014848,-95.87313435910882,-101.52645123821854,-97.20406036108574,-92.56742732909498
2025-11-02T00:16:40,AP_24_10,2.4,10,wifi,2457.0,0.0,0.0,-103.7197476974027,-100.14750423483888,-94.47464584122197,-90.45205095782487,-97.51358347721987,-95.45370944034724,-99.86448830831232,-92.51887450035674,-95.94203664618996,-98.69983285156863,-97.434088706894,-94.62376337050605,-97.73240012945566,-97.86332320983284,-97.65908949344474,-95.6719173636235,-100.93200402539499,-94.22390625772181,-96.13071768758198,-97.0604651571209,-92.69311721573084,-98.54059894474314,-100.16863379438209,-94.56987602931372,-96.20811448204026,-96.81100167900904,-96.34327686009412,-101.00357318969104,-92.34240391387605,-94.38905246673471,-90.44447090440897,-102.9857816180888,-98.4743790386691,-97.24587732367523,-99.8908762597428,-96.84683274205752,-98.52144970090949,-94.15395064407494,-95.9590944371028,-98.7935696005385,-95.82260019584648,-94.4395916817985,-88.717435018887,-99.41190015643403,-95.38216377840358,-94.59809805149015,-101.92123379004,-95.40949025823855,-95.39316421061822,-99.26998592879922,-98.44035512184786,-97.92044526946425,-99.63460293418157,-97.41053797646838,-100.77701006936587,-97.25179663863142,-92.7875622040608,-98.12240749505914,-104.33405229094936,-97.17970010038256,-95.26185358307006,-94.65113606977347,-91.8478090304772,-92.33907594298229,-98.3311592841375
2025-11-02T00:16:50,AP_24_10,2.4,10,wifi,2457.0,0.0,0.0,-104.22862889734516,-92.2782925459834,-96.38761291691985,-94.51090225302137,-93.5878568480142,-99.29406683003856,-100.70897734370884,-95.34124123516534,-96.05629322137251,-98.38320648300878,-87.86600352447587,-102.02581859363885,-98.5686660450855,-99.23585982330552,-98.32720342576347,-97.15045361596614,-100.06420068620781,-93.99112389345416,-94.46120012933413,-102.64700468895077,-93.56295459546962,-99.4455736686585,-93.08760635459004,-95.5676959309027,-99.11249275243746,-93.36500281794811,-96.06183584563426,-99.08880097660206,-95.76688131567138,-100.17718323151159,-99.6708740752474,-103.24306767540025,-97.78760017055731,-98.0925791601719,-98.70593774207562,-96.03671964498855,-99.05041609953888,-95.39765774279185,-99.04021570010012,-99.22586931171553,-94.74446276221622,-99.2983089604372,-97.71637236624522,-98.512924161996,-99.93452125231714,-95.75742899574851,-97.7870504561472,-98.73556211301577,-95.06027386797737,-97.81707452685171,-92.82136046679352,-100.87076868052316,-94.39924973028047,-99.60635423961007,-95.44060566031878,-96.17792983822709,-92.19377100320897,-99.04849537202445,-95.90000517707739,-93.73680511608288,-100.94045195603697,-98.20806832785836,-99.70112487608436,-97.73314252457708,-91.60275961263699
2025-11-02T00:17:00,AP_24_10,2.4,10,wifi,2457.0,0.0,0.0,-104.81336669485901,-97.72012241209656,-97.96867957758988,-98.73522998778145,-98.40936811293872,-103.35664395675084,-95.43907604712601,-95.07569318353887,-98.46219709460397,-92.30373699540722,-97.78274612015998,-94.11940328574865,-99.14824569610262,-98.95126414311201,-97.98878335737136,-99.20269558894118,-104.51572756992208,-96.8127030474849,-98.8494721940114,-93.86156460310316,-97.25327980210491,-97.06721159023846,-96.76953180847482,-99.94808891765524,-97.60029798701393,-98.43729351980542,-95.70041939800808,-92.9733042479864,-97.30050101586718,-100.74471694519049,-98.49531070539885,-97.61409410969355,-96.39354966573256,-98.48060450980404,-98.40516240565616,-97.61455571927645,-98.25786213957068,-99.50028286183709,-98.23193736288115,-95.35417738453727,-99.97213557013305,-94.75075177267415,-97.59029664682767,-92.63915077159072,-102.75555350259492,-104.9655424817684,-98.36553256425039,-97.64590765025766,-97.71976110358591,-98.7522219047684,-95.81187556640604,-100.10341882968561,-96.1985225976185,-98.25464110054224,-92.76700201420094,-93.533897496145,-100.25254899540873,-98.00357972282586,-97.955721973083,-105.0241820491743,-96.4190651880915,-90.97081988814512,-100.23592433410963,-96.68164872929519,-102.20305382345764
2025-11-02T00:17:10,AP_24_10,2.4,10,wifi,2457.0,0.0,0.0,-103.71342388558774,-94.32186060461336,-98.07716320832682,-96.67058747220102,-97.7087264900325,-98.87734112233402,-94.6807959750709,-96.8520727029886,-99.31074273639629,-98.10047227564397,-97.62467310672146,-100.13512210213673,-96.24875571941584,-101.02216220811573,-93.7534512524185,-103.49780559532527,-93.0312674028328,-93.73799159870666,-93.80390613811323,-89.42500441437313,-99.91980957118761,-97.43436954212844,-94.01123437054414,-97.02002542960369,-94.01174733464306,-99.23086194602729,-96.35499984119342,-94.11564916428053,-101.7904492214388,-97.0902925046966,-97.00148814610672,-89.64918305804547,-94.62334712047276,-94.1160900823409,-96.26110805311816,-98.85278295347214,-98.5364849887532,-98.14679559230441,-96.34349701118295,-93.8927872467477,-96.77834009236759,-93.7094981950213,-95.32146464521425,-98.4581126480218,-96.31481560205802,-97.46886026532327,-94.92327573952188,-93.66360632929015,-90.85728065698405,-96.61283874171062,-99.20910941021353,-97.48595377632357,-96.03315836549072,-92.27077224957111,-98.76989460913032,-91.45300528000605,-95.19224887076169,-97.33461417570547,-101.35225700728334,-100.57609162911963,-93.65513470173076,-99.77100096667132,-97.52033454748408,-93.77603628822413,-94.83592421874859
2025-11-02T00:17:20,AP_24_10,2.4,10,wifi,2457.0,0.0,0.0,-102.77909921334685,-98.00956964777137,-92.75270862977423,-93.81808601954351,-94.78327520701856,-94.87330688798056,-97.13696422400464,-90.68573557077183,-94.6278612725342,-94.06056748334528,-92.45625726952736,-96.16794018761908,-98.89618878042236,-94.4671777903524,-90.43765931112847,-94.49776442089234,-96.95945819870047,-94.3415927319237,-92.17561298189504,-100.07478132245937,-96.63245893142216,-96.08326100112069,-93.15634120908334,-96.01578625389483,-92.71726971807553,-94.71225865670687,-95.79721627546746,-96.68266904639711,-94.04856788055561,-95.01653263336314,-91.3415936517999,-93.6525474605907,-90.81081442567097,-97.63105899845988,-93.10678273988572,-86.60525984336681,-97.03763974070827,-94.66265839158328,-96.11115804211649,-97.36727621309623,-97.36343052142222,-92.76072670371776,-96.48220418425666,-93.45648352706142,-100.40306786620553,-100.30997223547435,-96.99145446508153,-94.90858769947192,-96.47547148522986,-97.0261792004865,-96.8609220123551,-91.7302926926046,-95.14535286672754,-99.69341548200379,-92.94306896345707,-93.54721471680551,-97.56301754110709,-95.25256995224034,-98.9861105409815,-101.57847887942891,-95.28537078033521,-94.01340270226385,-101.96910293498338,-98.57700696366277,-93.97178959131007
2025-11-02T00:17:30,AP_24_10,2.4,10,wifi,2457.0,0.0,0.0,-102.4106644302908,-90.3772605858963,-95.61060016846753,-92.45124071780972,-94.74790166201142,-96.98245244298548,-92.6602027965882,-96.81037376667712,-94.58248884066258,-94.86212558708581,-90.19027101661418,-100.55404102727937,-97.84830697726728,-96.64343443381235,-92.00662129079379,-88.40311611647786,-96.526135059293,-101.1265470706771,-92.23485358334472,-99.12829464344053,-98.03428511823118,-95.47891507716443,-102.13025573250275,-98.76605329627874,-97.19052428608617,-96.01556311555231,-93.13586830462458,-96.07871194107217,-96.19962330095035,-90.30079291249353,-90.98180737406139,-98.31702303770945,-97.474446322565,-101.54823891095336,-92.94575611932763,-98.3259053023568,-94.09885897420413,-96.39034635821136,-94.64734799438918,-97.49638001382235,-96.06135940374709,-95.10303395619268,-94.18480681143541,-102.79317199922384,-97.82623813336133,-90.78374522474314,-95.84152797015699,-103.35104996461209,-95.91595522839182,-96.82785810800837,-94.75950342717765,-87.27047286126472,-99.79764097488491,-94.37008764706714,-93.54493678773292,-94.11899850933942,-97.8199062070816,-96.00683777354458,-100.88687237096435,-96.55538715428979,-101.67589929565261,-94.27894288624542,-92.75612816705545,-93.90647385726132,-96.23091931592131
2025-11-02T00:17:40,AP_24_10,2.4,10,wifi,2457.0,0.0,0.0,-103.21618417397214,-95.10726459362994,-96.56784574743239,-99.31860998805298,-94.59920379117989,-101.61132967440686,-91.96051945221724,-102.48594889782468,-92.84486426668069,-100.04028266342209,-97.68929272399994,-96.02022253404834,-97.03817143488135,-91.97446715940916,-94.69952192633372,-96.24912594116,-94.25469771228296,-96.88570499648213,-93.81302497764578,-94.47361852431841,-92.35441320842165,-97.80732065513797,-95.21539461779037,-93.66587578337837,-92.25835625972177,-89.51414255173658,-98.61694133235062,-95.79120067815545,-91.78806205229336,-92.7033473176316,-97.52472138499877,-99.0191908943519,-96.16913486819108,-103.24429666522246,-100.09778794949877,-96.19011227670471,-97.20819326271045,-91.84388119463024,-96.25032776223212,-96.08392570107841,-92.39341531867322,-98.73318722034578,-95.59840448336982,-99.17744416026062,-95.6868003536333,-99.5445733233891,-90.67600534426785,-96.66180685720987,-94.24976270074407,-93.62112331933572,-98.12905769958144,-92.14061157192765,-91.0140693839909,-92.3368676480852,-97.14474144004387,-90.9653269860456,-87.25869565169691,-94.26732459520595,-90.7971822226129,-98.32657101764349,-86.0710831796454,-93.98943905971596,-93.51395931324545,-94.27462759992557,-98.22878192594864
2025-11-02T00:17:50,AP_24_10,2.4,10,wifi,2457.0,0.0,0.0,-102.00764136686628,-96.47976161208767,-96.5400457722446,-99.57908549444078,-94.16032452681547,-97.654359694097,-100.41942184240456,-91.54353707504089,-92.07977451935716,-92.986873616639,-99.37669488679471,-95.7543071970273,-98.02553905328438,-93.86353963779933,-90.57841706904291,-93.92830089194487,-96.57400957686946,-98.64459300767076,-99.06018291595801,-95.07485991086875,-91.92239341214756,-93.38152506908516,-97.22373381044856,-94.87430131222548,-92.34434673596145,-97.55992943279448,-89.96740382036947,-90.36333120629779,-94.87360348291378,-95.94647528168743,-97.65947057284457,-99.67250698777278,-97.62601037050219,-94.32632857201163,-95.16844573875846,-94.84240601882794,-92.41962460934417,-97.25519079655433,-95.19597602819346,-92.049100346376,-94.81436449627216,-93.61876046258364,-95.45701007906928,-90.73364654496031,-97.49085046958726,-97.18361130301882,-96.43340387646452,-92.76564772551588,-92.6030170599482,-95.89797930196264,-100.93194444994342,-91.0623849341756,-95.16585081014712,-87.5575066299436,-95.50694771825394,-100.12490826509207,-99.61220794365826,-96.38017420543812,-94.82752983784658,-92.1903849206733,-97.36185327441957,-92.09859863454324,-90.00166371130517,-92.42915232660418,-87.40976815046506
2025-11-02T00:18:00,AP_24_10,2.4,10,wifi,2457.0,0.0,0.0,-103.39767924349952,-97.80788689617118,-96.77357695634527,-94.19593498240437,-97.17487822148703,-95.2701475718219,-93.08063036850746,-93.82153430265444,-100.08910576365516,-95.23230461192384,-98.31791966396686,-94.07729964975229,-99.31209544619188,-88.25660060908868,-98.82890773760025,-97.77144720579564,-93.5719542937071,-100.439442222582,-97.27528247731766,-101.33301691067439,-93.02526082854789,-91.9142844377602,-91.99755681810691,-99.86345734605813,-95.47060626691803,-96.37134019877075,-101.08418798294397,-93.01630588553891,-98.41894447602218,-91.88912700141285,-100.35543034495396,-97.89192770076998,-93.75967901502423,-95.0178869439949,-95.71917895614621,-97.36542559542416,-97.21432628045405,-96.52387441725223,-96.46528727152378,-96.73188482933718,-98.53144872620763,-100.48324188665482,-99.78477574451489,-97.44382467650343,-99.39565157631023,-96.83211060698942,-100.82792708724693,-95.98231649874384,-96.79212401332865,-91.10793513240216,-95.99374135170528,-92.07066383028898,-96.66019397071118,-101.22610628284208,-90.26989423472394,-102.2612868433795,-96.97061022999812,-94.57011809065912,-99.56281668561772,-102.7454661192385,-94.369679069261,-95.5444032834568,-98.04931728190823,-99.73266847650923,-93.11623913108082
2025-11-02T00:18:10,AP_24_10,2.4,10,wifi,2457.0,0.0,0.0,-102.612459095917,-93.56187904162795,-95.16060551182147,-96.09252967334578,-95.92093584628711,-89.58142722886703,-97.02945436903482,-97.41673954328965,-95.40804893413195,-94.24927114231825,-92.74610045857965,-88.22794023176556,-98.85912606057767,-98.39298479871051,-96.57251689989278,-98.62167936205566,-95.65471705990772,-91.97014200751663,-95.1286513427075,-95.89341399037808,-98.8125538737683,-88.91959690095365,-92.80481986539657,-99.96230258485751,-86.97446085672354,-98.64204567292212,-97.07778666065734,-94.65899558117053,-97.2019299235632,-95.81349520282687,-96.37840360210473,-100.71663948067177,-92.13737002300728,-92.09940037166949,-98.71815927661594,-95.50202144552401,-94.7924953347856,-94.50364603913935,-96.05596538912401,-94.61132177547609,-97.45750117885026,-95.86431689775225,-101.0797240110017,-95.67579274373747,-94.39217108769624,-96.90618733900294,-94.48687880658782,-94.00425803747227,-96.34094493740352,-90.03769073274401,-100.3445448932828,-93.94189229450457,-101.97914371245548,-100.2061633341785,-94.18605796945096,-97.58440093027575,-92.90352111167358,-95.36485308230324,-94.5417621171444,-95.76004458563587,-92.23474438893724,-103.2967089447924,-100.58779033532853,-96.69717574318277,-95.72785313110391
2025-11-02T00:18:20,AP_24_10,2.4,10,wifi,2457.0,0.0,0.0,-104.52225241767596,-98.11451681167357,-96.85653806423542,-94.6195302247383,-103.24165398228826,-94.41097892892839,-97.59363378397367,-93.65034238176914,-96.83420746052204,-101.15998634641394,-100.12462746789822,-95.04996088875966,-101.54615898475568,-102.36999261552243,-98.80650379094185,-101.97325211460793,-100.23736334281008,-93.12255750012429,-98.99447015221736,-93.87140467787908,-103.87451747430224,-97.06857855540679,-99.20140865696239,-92.72072489346628,-98.74560412968437,-99.55455339444897,-92.88953622083132,-92.82468675927457,-97.58561852047941,-96.44430426897553,-98.68384853476198,-99.26936031630298,-97.34843184258374,-103.50034601989047,-96.12986787237605,-95.98171636930971,-97.69361361046585,-95.29423565539446,-98.52763257811775,-97.41401493673484,-100.54237108881485,-95.72026590848544,-101.40930367755917,-94.82957779457803,-98.55286165087621,-103.97246800107547,-97.32847089095532,-102.63410678786217,-98.63140428894465,-96.10494729681847,-99.79110048726292,-103.9635406471053,-94.21449845846469,-98.70650900622877,-95.54275582149414,-106.0686204140608,-91.79488379417135,-94.87050027958853,-98.74356007757733,-97.26235131820046,-97.9098012932531,-92.81552685103819,-100.1097541508518,-93.94818780285206,-98.36277765973927
2025-11-02T00:18:30,AP_24_10,2.4,10,wifi,2457.0,0.0,0.0,-103.49691155915801,-95.89937673296363,-92.49359156815434,-93.87689955395491,-92.53318039584862,-100.9954293395607,-100.80999924821553,-94.99966579290268,-96.0355016291281,-96.95824156937125,-100.46430855954306,-98.29463302668678,-92.6716556121827,-93.18174484149621,-98.5292803399748,-95.14005241954311,-95.33635600318406,-94.18542951157922,-98.92835953241529,-102.57503152170733,-92.57500670343624,-90.71705936133432,-93.33576426196856,-94.10143769906833,-90.50840931259894,-93.34830010034466,-97.64196120806005,-103.17009072603753,-96.17419896255198,-95.7097284764095,-93.6235113260365,-95.6146448438432,-101.80309675716303,-98.42509429681293,-99.86025012618678,-98.42170605323923,-97.03376464079128,-92.39855586526993,-94.32742498828576,-92.65371442544382,-95.94549452418697,-95.05378105244895,-96.55420560551684,-98.26858297187721,-93.7809352603233,-96.69876557192636,-93.02416773646381,-92.78544203401732,-97.3054030518203,-96.72480942193144,-92.19403631799952,-93.48009963937646,-99.17704895834541,-98.83184795732409,-95.28212558274751,-99.53073328465885,-92.17548220842785,-97.69781362926685,-94.1981733482915,-94.01923388500012,-97.78385888077273,-93.46124291511157,-100.7129418291699,-94.76908911325944,-96.77109185394369
2025-11-02T00:18:40,AP_24_10,2.4,10,wifi,2457.0,0.0,0.0,-103.17086919562348,-97.86423225440961,-98.73320108152153,-92.75150813936403,-96.54580975234501,-99.85040551944233,-96.80789647948005,-101.58057242416109,-94.61910383501626,-99.85508365399643,-97.35188250253,-97.15205060715813,-97.34442816909812,-94.90907986055167,-95.17148677229063,-105.48147910894998,-91.96541216269695,-99.73437555492053,-95.06464996930762,-96.93960590701532,-98.86880168221974,-99.77069567205668,-96.65841445085884,-101.87515439952088,-97.27370646968964,-98.76868225204939,-95.87596117936793,-94.29391538265784,-93.73848334873466,-97.29374455307472,-97.19002150994098,-97.89896481963312,-92.50646549262942,-92.47775939218789,-96.93002166168571,-94.90334130084882,-96.11764471507072,-94.22907017639383,-100.45594581458676,-96.64148142954124,-96.83452999447314,-94.4573522529803,-96.6274451035945,-88.20717436073417,-89.27972200834638,-98.23816262923417,-94.33849930691063,-95.4985051895994,-93.62944951622417,-96.70802086532326,-95.241357577528,-97.37445660434706,-94.53014646581252,-95.17500139282156,-89.44592529344006,-100.44510840075127,-92.62443405794505,-89.09760232871305,-92.77644664905863,-95.90299230540572,-94.23179504428514,-100.24530580321449,-98.04010928985568,-94.29259134775451,-99.11917095377369
2025-11-02T00:18:50,AP_24_10,2.4,10,wifi,2457.0,0.0,0.0,-105.62358915074975,-101.37577344036787,-96.47691607354652,-102.63383860830984,-96.04572314353454,-95.37893591885471,-90.2513656901851,-97.95023287394002,-101.62286081136759,-95.30863137514045,-98.31619894561409,-97.9066433374115,-100.17271476221477,-97.81276686705877,-101.96300318121908,-95.24429872485265,-98.85737127654815,-99.32964809952594,-101.83799512994105,-100.39739652588419,-104.77683511122842,-95.4263928540526,-97.65531706113086,-100.2082200857397,-98.44185166267285,-97.59723207382744,-103.63903676475579,-107.30164434567462,-98.47506330730138,-96.67612121939159,-100.06815739467788,-95.78566518781274,-99.68762860043252,-98.06024525197661,-99.59930636546758,-97.62228983113789,-98.68738252967006,-104.05954864451873,-95.32663533264156,-97.17341592565927,-100.30235001912436,-94.10540941837081,-95.15920718036213,-102.41488893642959,-99.9471299301557,-102.45173175404132,-94.81545902243658,-93.78085675201302,-101.17127928711345,-93.0790355885244,-101.78156658805061,-100.17528615030157,-100.99570234086828,-100.34829722803124,-98.65979179579794,-98.69051686910657,-101.29298247692648,-99.26279853150996,-99.58455219683387,-99.61873665194523,-98.13184019607853,-100.24526701133637,-102.28773137786548,-97.00167510447716,-103.16152012076603
2025-11-02T00:19:00,AP_24_10,2.4,10,wifi,2457.0,0.0,0.0,-102.66799318195355,-90.70154347069224,-94.7614865467902,-95.65719101259899,-91.86555102204949,-97.5027698120494,-96.30189427925642,-94.8306191966332,-97.63745599985413,-97.11026664649573,-95.52225300951254,-97.14398054943403,-87.32576297946834,-97.92981462734821,-93.85110545814665,-96.27193143476813,-98.2045357439569,-95.3172795413142,-95.83791670667989,-94.11229933496631,-98.0482684352593,-94.5323964407062,-98.06228106964636,-99.11103780112207,-92.52113818479789,-92.61128316291529,-93.85986996781547,-93.60606283447088,-97.54625830649162,-96.19121283677583,-96.93500190765123,-94.77862078491597,-98.72215525447004,-91.34450846751828,-95.59830684111753,-97.25282124652479,-97.6800872918189,-93.2374942880899,-95.00321291611537,-96.55844588777498,-96.78601970438348,-98.47203726843854,-93.92357243954834,-93.19679556757549,-96.93069089699593,-95.56359255367765,-92.40347977068046,-96.54182912287017,-96.34025661812275,-97.13047593529849,-94.86454341882717,-94.3644560602288,-93.07793128513296,-95.91399841307947,-93.9609573707466,-98.03778937489979,-95.01645381324069,-95.44407920200636,-94.07145878013318,-94.98060710136394,-97.20058233119096,-92.76426629885816,-100.65959634230964,-91.93412069472825,-98.04338554000108
2025-11-02T00:19:10,AP_24_10,2.4,10,wifi,2457.0,0.0,0.0,-104.32584717146449,-102.36870470595868,-96.45187666581836,-97.54741045528004,-94.4341003026277,-96.72199649594653,-102.30984937891137,-100.78042382354927,-98.9993369972789,-94.67062951970567,-97.9031738961078,-100.73869089160677,-101.60471322140121,-100.04047035544384,-95.77360148688832,-97.05898070006504,-94.9151943660969,-95.30956697310559,-97.06842534581439,-95.34909323844239,-97.23513433754579,-95.92855495319407,-96.86927090786024,-99.35405074113795,-95.14065641108571,-97.27390600428407,-93.61800412734972,-99.10024467937474,-98.36996255174095,-102.37257737158428,-97.56409544657133,-99.67232967599196,-98.30992236397354,-93.6110911005788,-98.06503948888577,-94.24550919491027,-94.68274935577311,-100.9914399179615,-95.19991742255543,-93.33555094499864,-101.11962651629726,-100.66135588106005,-94.15312586037011,-95.74550983807102,-97.23554148207191,-96.52919500899597,-94.82618649386885,-94.71699553973134,-102.54207995670737,-99.01142015009016,-91.80736983373075,-96.91369763724572,-99.74002482414926,-98.71132466038553,-100.16889164814692,-98.9714632923624,-98.26966765773186,-96.14478199430165,-95.95513541841208,-98.26067241521424,-100.88461743392294,-99.47964401253854,-93.6336087720098,-95.6544190517069,-95.32758704395776
2025-11-02T00:19:20,AP_24_10,2.4,10,wifi,2457.0,0.0,0.0,-104.9589964370131,-98.06250353989634,-93.3487529737496,-96.38883993860793,-97.2731599340921,-99.12751112043888,-96.28855228715173,-93.90397319458157,-101.01295598088603,-94.25141249163747,-96.46881304915101,-93.84426279074108,-94.49566946089693,-94.47252457811813,-105.26588317273658,-100.68867030432631,-102.5648326227033,-97.77786937499417,-97.79542411429117,-100.73351077127737,-97.39786883936598,-97.22118188428799,-98.68852033689829,-97.26575798960612,-98.44678378347156,-98.91666192007557,-98.14788485569487,-103.26235161351659,-98.3757449208685,-99.04661067744848,-97.20795556515142,-96.98829449606214,-103.98038502249676,-94.4287682165583,-94.47650741711487,-99.49372934683566,-98.86697625996618,-100.47873465016077,-97.08020797912847,-96.2311921659231,-95.70599964428936,-98.89437119479558,-89.96478748280096,-95.90870983987526,-110.30419213372646,-100.86520042442542,-96.8821187950002,-99.85624277925795,-96.69416596333299,-101.2066202979721,-99.18600966573469,-95.81668189553906,-100.48677368895356,-97.38094602476693,-94.9085616204008,-96.20328679658179,-99.20640616914578,-100.61072376619894,-98.07884931931576,-98.84765742299294,-97.36004427926981,-104.09777403508302,-95.18999474520709,-104.0876524212049,-98.4660108627075
2025-11-02T00:19:30,AP_24_10,2.4,10,wifi,2457.0,0.0,0.0,-104.74495417474154,-97.7501145634205,-100.26347290931643,-100.48861151345082,-94.93356232833536,-97.51580015241423,-98.0960077079741,-96.43691917106291,-96.71528600401989,-93.8107657070966,-95.05717057378114,-95.42347064072732,-101.15105772903769,-95.50572676660327,-96.44309263865954,-99.46596987408863,-97.96451353220162,-95.61620657700341,-101.33142314956926,-96.67980312920552,-96.89648225366929,-92.1372420177378,-96.19064228304671,-98.23924218202792,-96.54143807955839,-102.36619242810075,-98.60278462111145,-94.40701424648073,-97.24354647922843,-102.69769075534907,-96.25838803805203,-99.26604704290834,-97.76440087728689,-93.90015806892198,-94.68146434210006,-101.26910903470083,-101.78796197002234,-96.33650297744255,-99.61518235713552,-100.09880802496937,-100.0737589506224,-98.7757441895226,-94.60584297649103,-102.34537895190364,-105.18897834958074,-92.8286920588307,-98.72061643980955,-95.21177999476151,-92.55178861063861,-100.79739685890074,-94.95196398616153,-98.50823025603852,-100.53490626706123,-95.14835422688111,-97.97328132549379,-101.1919316430502,-98.36732569161671,-94.42420007306113,-102.89210714603993,-101.25310606960981,-96.62081014244151,-97.14150306209488,-100.91376816189207,-101.5481371144997,-97.90610061971192
2025-11-02T00:19:40,AP_24_10,2.4,10,wifi,2457.0,0.0,0.0,-104.79857501920957,-95.80835471221016,-100.6096145748613,-97.74779180431798,-93.8949470425211,-98.19290037247146,-101.67423823611537,-94.56619494755965,-101.24824300528765,-97.0391167104606,-96.52312277831375,-98.01035942216666,-90.6601659588633,-95.85265966716193,-99.13723812980793,-100.97787721965449,-96.39425271872604,-97.25472796180583,-95.43115242156237,-97.57029106306874,-96.3269737892276,-95.06493572595072,-103.11653048598122,-94.98012543103414,-93.10728312092914,-100.86117637275294,-102.49010836091841,-100.2455982060019,-92.76521008342843,-94.18400437538682,-95.33124534502866,-99.08827581904949,-100.63961176485266,-100.03174625622594,-101.04741470606996,-98.74035171414123,-99.21963316158214,-98.0984031059951,-97.3731650943431,-98.95982617058698,-92.93335927476512,-102.33392159352042,-96.68413641067899,-92.37735340040041,-99.14824033508398,-100.49380822835101,-96.64788068293555,-95.75420215795533,-98.57832516947025,-100.59255430293749,-95.65659235017402,-100.41829572871148,-97.56398041755075,-99.98815150579699,-96.58694059494111,-100.66842364561231,-102.02572723531749,-103.61622347978113,-99.73967660796643,-99.18208246817285,-106.17647909473996,-93.55320476470723,-98.22879947719014,-97.97251422147787,-97.75371795451353
2025-11-02T00:19:50,AP_24_10,2.4,10,wifi,2457.0,0.0,0.0,-102.89553406300493,-94.02953956432575,-94.02403938720458,-92.02197825875726,-91.13821062316336,-97.21987010034607,-94.92387219023361,-95.20826809091488,-97.68811381420501,-93.05790872573796,-97.13840976592935,-96.32307033226304,-94.64014527887947,-93.25832023977252,-95.15299354125905,-91.34863119050004,-95.78875775763683,-91.21338205506643,-94.41020005732709,-96.3973482614565,-97.63305952965531,-97.11093328459553,-90.85236907772521,-100.12497649582144,-93.78593247890092,-94.90597882565628,-99.05519695902862,-93.17279630222963,-96.31371644554564,-100.69420371461557,-98.5293112721989,-98.45657483224912,-96.96571591552132,-99.18148173620278,-90.89170002866263,-89.04227979562447,-89.3465240039049,-100.84009789485572,-99.12299631865167,-91.48014872431555,-92.68723443900997,-91.01149513586225,-95.63427982911047,-93.05647542554195,-104.76477627703242,-94.17648433085057,-96.88520402108234,-94.06074554776933,-97.65418950280049,-89.74933656416633,-93.75252040046381,-100.78013543125972,-95.99141951428405,-94.90487261241361,-92.1374507191929,-90.91977342650047,-92.92195466682179,-86.55530921321257,-95.25137157885555,-94.39453333240998,-91.49548440123678,-94.63266201531223,-100.93559913006985,-97.77101729925677,-92.92712694053036
2025-11-02T00:20:00,AP_24_10,2.4,10,wifi,2457.0,0.0,0.0,-103.30718476236632,-92.42061408814618,-97.14347126764464,-95.490635075257,-98.31894048896346,-100.14292947727573,-98.57830295090095,-91.23037402602787,-98.02861694806408,-100.10050175711999,-95.27354509799312,-99.78562065317858,-92.14098068145381,-101.43324978699711,-95.31855643690535,-93.28222784748255,-96.44142650729573,-99.68717915552347,-97.34767506102222,-100.61261531884591,-92.4262031408095,-97.12132511636155,-92.2938330274855,-99.30298860357871,-95.51662868020055,-96.78041755723544,-94.64954408312985,-97.19435741998878,-93.81152997457657,-98.19156961149807,-95.89296460562214,-91.68058768909144,-95.43993672863752,-97.49746005603953,-91.95542935947643,-93.61642910464961,-104.41517996312315,-99.0180589513705,-98.21937124705892,-98.25093899246566,-91.97328020117416,-99.7130495133286,-99.5956365371449,-97.43759702805522,-97.65193048097885,-95.89686377273065,-92.13568535192066,-98.68497942840399,-97.49012613410802,-97.29274916074957,-97.12249028133711,-98.6647984510029,-93.91970295160576,-96.25649373244406,-93.75562880031387,-99.65537661666515,-94.32197946924191,-97.64338961634785,-93.76669481066781,-90.60677046407675,-92.89739573410381,-95.97939192128308,-95.35387910740941,-95.62962289684359,-98.78394760734709
2025-11-02T00:20:10,AP_24_10,2.4,10,wifi,2457.0,0.0,0.0,-104.85029357388434,-94.83743781833626,-99.42332141123966,-95.40974845636607,-96.86401995163723,-97.05677505125932,-98.25639386488814,-97.36141754565965,-98.58979583619704,-95.12932173075353,-95.2600378210003,-101.38561128801938,-96.78014595511327,-102.7128575687581,-95.2678429056169,-94.31886866601617,-97.92917591319635,-94.01192313976912,-91.9059149153856,-98.95644673908886,-94.36186664716368,-98.53566281000921,-102.34492323642601,-97.02005829902363,-106.10767242655375,-99.54561495706578,-98.45349410386447,-96.53995845462377,-103.6586141570509,-94.09195724815758,-98.38296504293177,-97.55710432260364,-102.25227110367756,-91.94388441097769,-97.33678613423348,-97.14564960661197,-97.92587283142004,-101.8943287414675,-101.4013103503262,-99.93896071222858,-97.06372667786218,-99.45173503770052,-93.716899502583,-96.93935963078675,-103.41804006472358,-96.74500733543444,-98.68976195156272,-99.02910027664116,-98.35438753722539,-92.36437940239803,-98.39360429475326,-97.73595792312173,-98.39643429393692,-97.29889327429073,-101.7133624707601,-93.58622223082281,-101.20204332098054,-99.45069040345068,-95.1634726439416,-99.48497935062048,-100.56488168388486,-91.48111417489758,-99.79451384893436,-93.57237945084805,-98.54175828990034
2025-11-02T00:20:20,AP_24_10,2.4,10,wifi,2457.0,0.0,0.0,-102.54424902204038,-97.20624699561981,-94.56380376113273,-93.63316820773932,-93.36155388606822,-97.67599203362965,-97.47443106005873,-99.28168759854546,-94.32820262857285,-93.71233565402936,-91.03586073558681,-97.72511585078932,-96.40249374388277,-90.78057915472677,-97.83897497276942,-91.03047857160128,-93.43755135594836,-98.30660365912216,-98.13744811323035,-92.93855664218215,-89.98757107568203,-99.26966314859888,-94.15426729159078,-97.31144252444162,-94.53926087515659,-92.15444785013236,-91.44059529114111,-95.4947250369706,-94.29609664131966,-98.55160251401227,-93.6480183442804,-96.46694119229173,-95.55724322602828,-97.0172730030527,-96.74098227898061,-96.30191499374635,-96.58531902171296,-97.80520538362248,-99.51349082394104,-96.71702567552242,-101.88079949702865,-91.15812134188347,-90.99647287113729,-99.07433630936475,-96.41001572266761,-99.13636155042492,-92.89156912405467,-97.24156657757891,-91.66363330599054,-95.81750842824778,-91.35958947749191,-102.72287970684698,-96.62988833814988,-95.71489149063426,-90.7310313109132,-95.2932187491103,-95.35615292963355,-92.04064655187044,-92.62559547288296,-98.67025476232021,-90.47276621783502,-90.81256620934137,-98.53626388229263,-94.19435897029302,-94.00557321938383
2025-11-02T00:20:30,AP_24_10,2.4,10,wifi,2457.0,0.0,0.0,-105.38009811918441,-96.37696367977051,-100.39976621468055,-100.98807988216797,-99.71692946952318,-96.1606988133248,-98.21057670156803,-98.3902954252494,-100.50098772451354,-95.73224650837591,-100.8351836129061,-100.17917562317463,-94.92380069811739,-96.14336854864095,-103.16817543346687,-95.47133529418282,-98.60519255561836,-96.10286011918116,-104.5461404746026,-102.4718125602942,-103.05187613369755,-102.99472931750041,-95.09659977963483,-102.68903809077005,-104.69434270097894,-97.67227896599702,-95.04139345968515,-90.45592549319306,-97.88680778870241,-92.68915463800803,-96.29879837280274,-93.90739725983485,-101.20398001722852,-102.24360943350672,-94.74303090904709,-99.95970499246123,-95.3471017364084,-98.68183729950731,-102.81064353392044,-98.34295361935487,-97.84753637190458,-101.27173159796072,-102.43280648767407,-98.58207189279017,-98.77882461283225,-95.01967227232737,-97.98802598254942,-104.33934307673356,-100.1585943926029,-100.17179703840357,-103.20045798858295,-96.49713536159707,-93.7504373479574,-98.10931819229516,-98.85592721317325,-107.1597334151762,-99.47417493067728,-98.68470045421157,-101.58563347340917,-100.26969266285278,-95.68900134867668,-97.19345441620372,-99.71599455293116,-93.26039454514468,-99.14591649733977
2025-11-02T00:20:40,AP_24_10,2.4,10,wifi,2457.0,0.0,0.0,-104.28613053354437,-87.9808695138977,-99.786526265157,-89.89712377884456,-94.39651912506166,-98.15636418286229,-95.22902629094243,-102.39008578050424,-93.81782468755692,-93.34955898752386,-98.87264780654942,-95.99273402024545,-97.35224539007201,-94.05048989831849,-96.06430949169362,-95.6085795376464,-95.91507311436355,-93.90357316936324,-94.08485305247243,-92.16787197259707,-95.09276457914011,-102.8036205546107,-97.57397058500105,-97.86475426795118,-93.27737750137848,-97.82003727563682,-99.8418721857574,-97.18602308870345,-100.15858768676829,-90.27126148339447,-99.6771305109361,-97.47178181477493,-95.8157827597784,-95.3546262774038,-99.04227117139031,-98.58162140847507,-96.44684565928459,-102.20183560223035,-96.67529278583035,-92.69093204871123,-91.88475470181199,-95.90342105601508,-94.94413512808495,-93.72878655600377,-99.39898076502594,-98.25099765193559,-93.61825108127984,-97.96505040003788,-100.62044461048201,-97.54953129116248,-99.5671194024161,-97.57074794986138,-99.29529169484879,-93.81137294772665,-97.02286819903243,-94.94078366460039,-98.63317235042851,-100.23697089075294,-98.64065440279339,-96.48239935976025,-100.24055527052438,-95.08004619877583,-97.77666900364586,-102.08983986639402,-96.51143834581119
2025-11-02T00:20:50,AP_24_10,2.4,10,wifi,2457.0,0.0,0.0,-105.86745162125656,-95.386377435358,-99.74187975825932,-99.42389894117258,-91.58694282483762,-98.11603105830085,-96.51654648213892,-99.99770637426701,-100.10672820399054,-104.64552428347727,-97.44696449313669,-97.60069863190405,-103.84388726277251,-100.18950394053286,-98.7762425544791,-98.70941172502069,-95.97936998541145,-95.37588044780311,-96.77175249192615,-97.77832180487931,-97.18560622438953,-102.76970722748806,-102.04905860492272,-96.7884059346462,-101.79215860780758,-96.86693224266763,-96.38038518245308,-97.88699978788291,-100.02877977631451,-98.68475042687318,-94.27544402047518,-100.9980081829744,-94.58762198008456,-100.94451768560803,-98.94737552728886,-96.60263800899564,-99.13461576343336,-98.62920221599708,-98.80673196502285,-102.26229689883269,-101.42760789457873,-95.28828969934013,-104.51955994021999,-98.28515335511885,-100.91549180786879,-94.43343584918932,-95.49532009315438,-94.28241669756268,-96.58374910540955,-100.12719415433048,-98.49850207934887,-97.85692991762045,-95.39180457262053,-94.66809437847766,-99.46546628065681,-96.1731393029112,-99.59867667784944,-101.63787540220716,-97.28000371151835,-95.81649201775201,-100.69955398483673,-96.84179244350118,-95.21011543481187,-99.0872555069199,-93.14338036339025
2025-11-02T00:21:00,AP_24_10,2.4,10,wifi,2457.0,0.0,0.0,-104.28580214085358,-96.99557322993209,-98.92132802908543,-95.9195395425548,-99.10006217931834,-97.23603712215507,-91.08354314801143,-94.12823761194797,-99.70311483895527,-97.06336911803872,-100.47989073421971,-95.78763833720868,-95.1481340407401,-97.91570637599351,-98.872427448626,-97.3114853620082,-96.19393385401348,-98.56078526133382,-95.48519038703829,-97.88537117854773,-99.12669430577343,-99.33928100005487,-95.22185613331958,-98.29760010471915,-96.3297488800515,-94.77165039690634,-94.1524207361392,-100.26308617722981,-96.56540893497544,-95.72183652028684,-95.80199982217118,-98.41735423307802,-99.12800246222965,-94.99507766688943,-97.76689061095769,-101.80556869316516,-98.86539017453129,-99.50496183883735,-98.40476454517707,-96.37643235140257,-96.86648102946275,-99.49808181199586,-94.98155513920992,-102.77045037305578,-97.37193895231886,-95.91827834767292,-99.90346697550906,-98.51844603921413,-97.53793726210448,-100.81888769519905,-95.29246779661821,-94.7531750234829,-102.11127459510472,-102.24107898982953,-94.81868677894116,-102.97777559926533,-94.54922348080022,-97.74031487585337,-100.6438610299055,-103.3992292002047,-98.93052737633752,-98.32992229306404,-98.97020018337345,-102.15329820832707,-102.29039181872398
2025-11-02T00:21:10,AP_24_10,2.4,10,wifi,2457.0,0.0,0.0,-103.65345443747086,-98.32101060517881,-95.53177085088531,-96.0353208544421,-97.56627144339375,-94.93297753446714,-88.74490145189979,-97.94928304334134,-92.52608486536555,-97.99879538529896,-95.09019671436984,-93.47599132304823,-97.64860160752178,-94.95690671532648,-94.44817661784482,-98.53479390981242,-95.70882904745083,-98.04858160232443,-97.97231937209227,-99.06358556335542,-95.35678026510197,-97.94636339180092,-96.11308906100265,-99.32385574880797,-94.47883261057143,-98.39719144112533,-94.7989501081567,-101.23519672164997,-100.78915815015769,-98.79690577131933,-93.07612427272804,-100.47820337628382,-99.05747103235252,-97.361963055435,-99.42931025989307,-96.01038983535537,-95.47776116854489,-99.51080817419196,-90.27874267437932,-97.55742173216494,-94.81586559299905,-92.47443737005948,-101.11368358221539,-96.22318999930668,-96.2524909762344,-96.7710659176712,-99.56668166766195,-95.11590236238361,-97.19322294617336,-97.39485009079345,-94.76224845292761,-96.04040712241107,-97.99273759272823,-101.30911253622152,-96.41795519540192,-98.99515694366109,-94.32429799259519,-94.37729699523854,-101.37762519862513,-93.63588144743753,-97.13314312290368,-96.77971018073451,-97.23363922561796,-98.77586222250588,-96.17352352795145
2025-11-02T00:21:20,AP_24_10,2.4,10,wifi,2457.0,0.0,0.0,-104.4240433193436,-97.93376409109445,-95.42939680727605,-90.23362718143204,-101.58399374290985,-95.79098253666776,-98.48504810533943,-103.34604570276045,-99.40662379694383,-96.19231585805436,-94.93539088957469,-96.71803517066775,-95.26386748299403,-98.47399761861124,-96.00562334048277,-101.40217432800418,-96.46954973422862,-95.85990964410372,-94.47622528562458,-90.98391314759424,-92.62319765309823,-97.99502529741503,-99.74815535322242,-92.49598108014298,-97.37273969529565,-95.01360928214358,-98.48380508184461,-99.79187046069245,-99.4956202770475,-93.88885473623377,-98.83185136677464,-92.73912213511473,-98.44611227446948,-103.42566798760873,-102.24321273696546,-99.36426997180182,-96.83890081933781,-98.94640759108394,-101.74796261801129,-101.57889605881375,-93.83767171845682,-95.35609565420246,-98.61251052666846,-94.12378225556505,-96.9262293601674,-94.48323101266438,-95.77441986814634,-100.126128390483,-93.38291962424087,-94.52907396990061,-99.41418782095342,-96.93326563012417,-99.4663771079785,-95.91857691649362,-100.36612337214166,-96.81776950832547,-95.8447743151092,-93.83621338551951,-94.33160277977692,-107.38316428989391,-102.34323333258916,-98.97428838475662,-94.68067426512663,-94.08312410535318,-97.28709763458258
2025-11-02T00:21:30,AP_24_10,2.4,10,wifi,2457.0,0.0,0.0,-103.82833592746695,-98.59813193228321,-95.76347251683619,-92.65558715936275,-96.07182307183544,-92.88518635122298,-97.35762392920799,-94.62552426911817,-103.47075540307384,-99.17132803579094,-101.22052388633237,-91.2640740846946,-101.83546915809868,-94.64469266990638,-101.74862953533842,-94.2603050549355,-103.24121145870208,-94.44551840553343,-96.3899872066197,-91.49659295303812,-99.74859989362398,-99.21371849668742,-100.18461830655178,-96.00542118311218,-96.06860135046675,-93.84573630649507,-94.40544913153244,-98.91367434177971,-96.62669425406877,-97.15529711217674,-97.6709695173533,-99.20045977769502,-94.5153487006254,-93.75860322079546,-96.48408368654503,-99.44556857858049,-93.35883445930945,-99.42277722077894,-100.56608699156945,-100.23601446695639,-97.29981807643364,-97.78741844713119,-88.6458340983207,-99.39874743004405,-96.92557838703193,-97.6981966791911,-98.3151866213443,-98.38271201134638,-102.87834788666892,-94.57646629728846,-95.9256406839911,-95.48624548399508,-97.51172651672103,-97.1996232191363,-102.51244611338778,-100.1655773139251,-96.67493466050041,-95.42682299323492,-99.83985789788213,-96.0844377381296,-100.86795035991425,-99.01596274104456,-101.3146853733287,-92.03451375220347,-96.82996188725754
2025-11-02T00:21:40,AP_24_10,2.4,10,wifi,2457.0,0.0,0.0,-104.88733200677227,-97.13312078462515,-102.16337657166723,-94.06861476704353,-95.24051711625799,-95.67450261808806,-104.02281570039835,-104.52518892680528,-94.21255338198563,-105.82069390956863,-104.4337897529696,-102.02221942133376,-101.11253723211945,-92.83741811686117,-99.19249666746258,-106.20782879997248,-104.06440899755185,-97.54744978198377,-100.90879700949425,-94.49300781270844,-93.13973169200959,-104.24932224103028,-91.86847341681613,-92.5797326192159,-95.01689486257665,-93.96175903233005,-105.771231159868,-99.57270575366091,-103.26901750596326,-96.62093393611133,-103.21941906160676,-96.88897756766725,-92.87050727199512,-95.00512517099126,-94.14286832218126,-100.35311645834776,-97.41210790787075,-92.19025223655414,-98.2137146875454,-101.29420193597082,-97.87104162266736,-98.10923392617703,-99.11757738593214,-100.92843993432598,-96.7418657420984,-100.90608311485437,-94.7753060854871,-94.56831659599472,-96.2842900601947,-95.0153675606982,-100.504587495862,-93.72879487285459,-99.00650136157297,-99.56538774551393,-102.47852429370894,-98.65842442301087,-102.95718409740122,-96.6194106418249,-95.67182374769101,-95.47862948364781,-99.53878248355053,-92.46907797858466,-96.97465666060184,-103.90456515068726,-98.2668754860972
2025-11-02T00:21:50,AP_24_10,2.4,10,wifi,2457.0,0.0,0.0,-103.26108367301158,-98.98604092951578,-99.23401272323802,-102.46161132525218,-95.16420416903559,-96.5202177245562,-98.06182409243229,-92.27640760132527,-103.09804661655859,-95.76374261537994,-94.43241732870912,-101.32948468650085,-98.61043415864408,-100.82106899611635,-93.0514253088346,-92.9859838498193,-95.76661516693672,-96.29806036293301,-100.87658078597606,-96.43035120748935,-99.98018840878943,-97.22669918252033,-91.57024845939593,-96.6619975011643,-100.82456938949126,-98.0967618440499,-94.58576594885784,-93.46057389750302,-94.52642307731811,-95.33238659320497,-99.17114956272563,-98.91637483035805,-95.13109672117548,-95.27975567272667,-91.75024809816202,-96.5810914971375,-99.68186247110002,-97.90696915388772,-93.29973346254702,-95.94447960086127,-90.39624251457458,-94.36989133065617,-105.05539558611271,-97.73378202649,-95.56964557145379,-92.91071389540384,-100.60949565128467,-92.18196237084115,-94.56969230365425,-96.90790031103829,-99.11640468129099,-97.51088811130201,-94.14726334627241,-102.41464335157751,-95.43477567929352,-89.12346701967121,-99.26740849572704,-99.68527018118563,-97.11472019541,-100.80928390876171,-100.02380822458974,-97.7491216660669,-97.82839932187817,-98.87714540503903,-98.5208093974265
2025-11-02T00:22:00,AP_24_10,2.4,10,wifi,2457.0,0.0,0.0,-103.33220877711365,-94.9971361719743,-96.9957396004508,-100.31892997262109,-93.18939659780509,-96.73141402650522,-100.42628602058026,-98.6835835378837,-97.04517463137701,-95.20715541888627,-99.08196001373823,-93.5853051844628,-92.26055221653407,-97.67154423890558,-98.4450061424343,-97.18385569525556,-95.8759107052265,-95.2458459996875,-96.45348487027904,-96.52618255056348,-95.05472544187677,-93.2298445683179,-96.34127749322903,-94.3409104043337,-96.45511179387559,-93.00597754090671,-98.4379844955501,-97.12475090056121,-99.97604631097694,-91.82907465732703,-98.81346702881888,-99.16925500035353,-91.161740700427,-94.9773689965503,-95.1275605832382,-97.05823805216404,-94.47560747336536,-96.56341143029,-102.50426391422215,-94.87544845734573,-98.33262568814193,-95.96624438971217,-96.17430860962884,-95.01635155352632,-97.71656196132764,-98.3601269897313,-96.61487626029742,-98.88556484657902,-94.13551250803955,-100.14524930751702,-97.41401900429648,-93.53339627310164,-89.33405170291404,-98.43358687422766,-94.06765142850145,-93.80528524558662,-96.96143654572873,-94.2540836738314,-99.23668599965912,-96.90050915263207,-100.38044121314644,-94.70910705890381,-90.18015708720566,-91.74654915935233,-97.129241364509
2025-11-02T00:22:10,AP_24_10,2.4,10,wifi,2457.0,0.0,0.0,-101.88471108177166,-90.47410131949432,-90.70811701410074,-95.41781381744886,-96.4197110788391,-93.02281339501258,-96.49443461040279,-95.82975412584022,-93.10889526655102,-95.78256043323844,-92.24068997185996,-98.57481848645045,-95.87118918192492,-96.62483434216286,-93.11148885247788,-96.18350258448288,-96.2025563423742,-88.9495967830208,-92.7484498480211,-95.1882936958024,-87.97100353085968,-94.20524191847889,-97.02963572927393,-93.29579495056667,-92.53267130137871,-93.83328703718915,-96.85209582296453,-92.07234757340345,-95.93237210615571,-93.8991339027662,-95.81742438538062,-101.83263048622139,-93.92852270731605,-94.96324458581378,-94.80483106619522,-92.58044505799265,-97.0353137613974,-96.81413737368811,-99.74547126827473,-91.40860982639651,-94.67530984340874,-92.34882557637597,-96.11981962131792,-96.66822038997216,-89.40089281988885,-92.60188073636922,-97.33932351398913,-94.05803676999106,-96.92698173575833,-96.10880255335094,-93.97373479729072,-95.70226237286313,-95.46985446751155,-95.47304335315923,-96.33797362191338,-89.45563976288064,-97.93784380312931,-101.62062977443543,-92.81623528954518,-94.58530344576302,-93.932960890108,-102.43188600297566,-91.01728184421802,-95.93233168070843,-97.05993524329187
2025-11-02T00:22:20,AP_24_10,2.4,10,wifi,2457.0,0.0,0.0,-104.31990308724819,-100.89110741416086,-100.01209899275455,-90.09823131068524,-95.96583793285387,-94.70288043665863,-98.90507113311853,-95.21074990632393,-98.35337676518877,-102.41926058491566,-99.27130723411916,-97.90217029958124,-100.81347089256718,-99.26398047613547,-105.74463992712634,-96.78059582108833,-97.75744148048246,-94.86710348569608,-96.75243427074861,-96.02565322752238,-100.1949492489059,-98.1978804218971,-99.41771188884364,-98.13446218353407,-92.74742173727809,-93.88317898992038,-97.14669539014899,-100.77612734338832,-96.18338739307173,-92.03126993071265,-96.24747378526655,-100.77564623745744,-95.6885407399788,-101.7309513088108,-99.74782627606186,-94.84063350978532,-101.85923551535913,-102.2196940210331,-96.93807367416302,-97.48044584181855,-94.17086261156722,-100.06251708315448,-93.8680726213068,-97.0171653446948,-97.46136355838564,-95.2940877401551,-101.1509695845427,-95.48739826760195,-97.6746323181617,-98.08801371743841,-99.87458829558761,-98.06944866092613,-99.55103810834687,-97.55330017993138,-95.08533852498238,-92.71622097604993,-98.36166839409267,-95.114684436233,-91.04987685805659,-99.02194381172121,-94.08121435186733,-98.58718376583367,-99.03205425763318,-98.80894385572928,-94.02798695561223
2025-11-02T00:22:30,AP_24_10,2.4,10,FHSS,2472.7697433029693,9.425134921911603,0.7390721806335079,-63.529043201809614,-98.06316450967249,-98.5827094563057,-100.75485166256244,-96.29926904558441,-99.51319703867348,-92.29327705772884,-96.99456067185288,-94.19119503693412,-92.89694623435993,-93.76480908468206,-96.56016311096437,-97.64689196403383,-97.88976190954166,-94.65170934012222,-95.62762944902575,-94.78913108950367,-98.8239533987262,-92.16650261974311,-94.41436247833101,-93.12933112275094,-100.76775736141806,-101.63402864627486,-94.60047813752186,-92.66792965442826,-94.59642961423829,-100.89078596521742,-94.06965917778896,-102.10859400268276,-97.72279968501219,-100.4439188341885,-98.81701087931629,-99.27746339376435,-93.64724176882898,-100.80262560031038,-98.60428914976715,-93.39279551231583,-100.95225193306086,-98.80133801103366,-98.72924262737921,-96.10307548177735,-92.18133186845527,-94.6612409941988,-102.57847099106465,-90.66879553951256,-91.96765810162412,-92.113439143588,-95.15100244246193,-95.83056904746053,-95.94502029892952,-97.2831815859782,-100.52193915015978,-96.1783056483518,-93.78226850154881,-96.35589288875612,-98.77584471694942,-100.57290550915398,-95.28261629310049,-98.7234228796596,-98.33399348764868,-96.72357868328614,-97.40777986519772,-98.9147683912028,-102.49788175592877,-93.82988534748533
2025-11-02T00:22:40,AP_24_10,2.4,10,Microwave,2468.636915858364,2.2466016344329907,0.33437828033184547,-56.91525430954465,-94.63789347089951,-100.70868873455706,-94.33532277284772,-95.94456993320001,-98.01519847541229,-91.24473757135688,-100.64012277908165,-98.48213996828457,-103.62452900479721,-95.01582927514252,-96.85813275593321,-94.7061813070593,-98.59510183915351,-97.95816951653853,-98.96879753196484,-100.01966208324217,-96.03906807249825,-99.07749911084267,-98.60671978066392,-100.94619093080621,-97.35993335660197,-97.3608696241377,-99.84148822847666,-95.38362908692588,-94.56956364675753,-98.93474082734731,-98.11215593448745,-91.16939561901324,-102.71699350534925,-96.57282999037426,-100.94565987530194,-101.63361675179306,-99.27652119501663,-100.43124115937069,-102.15619157121003,-94.54026713248372,-100.16513961928648,-99.2908780452582,-102.78133541950949,-96.31810483002721,-97.60963935494405,-96.40994068071448,-96.93414358435231,-97.45913966767709,-105.51700784603179,-95.82790590732526,-100.25734986295178,-98.75918284822242,-101.63477862502083,-99.35219285186291,-97.87208874103538,-96.11913892779621,-93.15393477065162,-95.49951823026356,-96.64309970926911,-96.4783009593699,-98.05188441223237,-98.8429857000638,-100.14397670178164,-96.76975710996807,-97.26687592152663,-98.0720900269989,-94.3435161161617,-91.56617467020057
2025-11-02T00:22:50,AP_24_10,2.4,10,ZigBee,2459.842476672117,3.0102664208418415,0.7784973592211291,-66.49189493730258,-100.72156360822262,-99.8291545207363,-97.64352902911011,-96.61188903515215,-99.62847839872553,-91.61566527071072,-100.54157962204675,-96.07380348589119,-95.31346482596321,-97.47199533209212,-94.5644491203559,-105.31738697453774,-96.47340087259276,-103.99018105380243,-100.42984293534955,-97.20240143665396,-99.62141248936422,-100.56918104246209,-97.93033337610836,-100.34460395590673,-96.80616617959949,-102.53903095782016,-92.01965147619202,-96.31757850479535,-94.58356396046013,-97.88271512385624,-98.65967648907775,-99.70632287627255,-96.11291201958255,-94.57480758946055,-96.14255691335862,-97.98792714327055,-101.39246778006229,-96.79697571306941,-97.33893597859993,-98.19284416864585,-95.08321924763234,-93.6220583734621,-93.60430213216287,-102.51889852009643,-99.5300945835188,-97.79572049264308,-91.05257976439843,-99.41869013764976,-94.66612663479464,-93.78827648947704,-101.31384660227933,-97.63022131301177,-94.90376489598827,-96.12758331881338,-94.91757272880224,-95.9141471338769,-96.95987548378575,-98.90533778213315,-100.08418797777378,-96.89312278967446,-93.43008328685585,-97.35111837883471,-99.85496356761139,-95.67930961868439,-97.3478458666927,-91.95158650989202,-99.76294045861704,-106.89883336564392
2025-11-02T00:23:00,AP_24_10,2.4,10,BLE,2456.7695441974697,7.377586921828572,0.6536819239539656,-55.80751499508264,-97.67927724742745,-96.76669005595849,-96.90185552451398,-95.0469641280063,-96.07290979284986,-94.02368761069116,-94.55846566437968,-100.14513195280749,-95.16767693007218,-92.97105754203618,-93.4920787920467,-97.11397371917823,-92.48866126404893,-99.89051698812197,-91.17968280883632,-104.93880941694023,-91.70954234812015,-95.37687668942745,-95.54995997461701,-95.064951367374,-96.43726168309185,-101.06917637880017,-91.53564883158045,-96.3979104749683,-92.48144920057108,-96.89709488574339,-94.53294701175886,-89.97151891971616,-90.83927794380483,-94.99645231929365,-88.67363519500978,-95.4197408540362,-96.2257635152927,-94.5871385857449,-92.40587289781246,-97.19597888278798,-92.88334764643233,-96.4863321948144,-96.58965849774711,-97.67545431219587,-98.33622587527846,-97.08213027931977,-95.43387394687305,-96.8229363724333,-97.21592749620068,-90.56907204923745,-97.15857955601297,-90.68548306206596,-98.55239643496829,-101.70436625310418,-94.45862287622738,-101.08152663754632,-98.81541786622792,-94.98301957212975,-94.20685155586122,-98.16580055742166,-92.8707791153317,-93.33961956029658,-99.61965275102006,-98.05269205709459,-101.01596977301458,-97.10904306710667,-92.06593350517414,-96.2335040928197
2025-11-02T00:23:10,AP_24_10,2.4,10,wifi,2457.0,0.0,0.0,-104.0408585747541,-94.02868587438536,-99.87543838379834,-99.38421633710199,-101.55999407227587,-97.08410613360988,-103.78009270666743,-101.51129275516533,-92.15979750301773,-95.6169721548572,-96.44673800735661,-94.71612665024213,-99.39271431400813,-99.32897279657661,-99.33967768790397,-94.45462311946591,-93.71791378919357,-95.78857241413246,-100.5214047549323,-90.86858123728699,-101.23606101411177,-92.17071784133589,-101.27019523457228,-97.69296339281176,-94.01407620581115,-98.27913784572398,-100.08896724788913,-94.14247863962346,-105.10139793777682,-97.1521717074517,-96.18106519608052,-96.27610555490246,-95.97523193699386,-96.1361496820414,-98.58645349431153,-93.49166097273974,-94.51562921875708,-94.06399071115386,-96.59056750034962,-95.83540871445155,-98.48407425730275,-97.10172017223003,-97.22764093355448,-98.33766376085552,-96.8492293334164,-99.96750196153862,-97.98644782590515,-98.16154397115069,-98.16257913268417,-98.3477783722562,-99.08429417329431,-91.66570907921246,-96.48727991311924,-98.12037490203181,-93.73483540603229,-92.91516316349052,-97.42475497342349,-97.28289120137127,-96.2139094794177,-96.04582248920089,-96.1791883067828,-94.2609528229087,-95.15772065203129,-95.10843888331672,-96.90863168038722
2025-11-02T00:23:20,AP_24_10,2.4,10,FHSS,2444.7453466741736,6.447868680824637,0.5574212176703318,-68.90082924573302,-97.9538467865848,-94.66783797873498,-104.84473882044988,-92.0016654187102,-97.1301791824285,-98.55342856343287,-93.58346319532534,-96.02019190197952,-99.43735200775544,-96.70575367256548,-95.91275035796288,-98.11132658531584,-94.29827931182068,-94.2609306807752,-94.8657471425659,-99.93406717595474,-97.59138826190708,-94.56030973625393,-96.55925471871076,-96.42847253582507,-98.50278832164835,-93.49039662141799,-92.66964858937864,-99.07620672351885,-94.30078494927407,-97.02762252736822,-93.22147132462531,-93.12751375570107,-99.10175932508079,-96.24676091086862,-93.49313351264463,-94.80281237296683,-96.21278699127033,-95.4739359486933,-95.87681871460215,-88.63492556815811,-93.1851506598903,-94.03942886281565,-99.98977055986622,-102.01025594338348,-98.02628063922477,-95.96758598753,-91.94285856932277,-95.8201976020818,-97.1988150760332,-97.58257280756588,-101.10302598952663,-91.1649017870003,-95.36613814507707,-98.34022597450428,-94.9849988418849,-99.71684860501607,-93.0351703472179,-97.48904211879625,-97.252190189417,-97.0383000595088,-92.110226304678,-96.49344860080612,-96.65131612668202,-98.6874780274012,-98.85537353453752,-93.17550479573859,-91.04887335483461,-99.98722598138393
2025-11-02T00:23:30,AP_24_10,2.4,10,Microwave,2459.0904228792815,9.988702616224085,0.23622320931114837,-50.26114172268332,-96.22741447240732,-96.88471611430877,-95.94792315777416,-95.71448099891155,-102.0429262854403,-98.92349686144313,-95.92137881214015,-94.26415990342215,-93.26167623613897,-95.3270928329371,-97.15130889284758,-94.52971642322589,-93.1016917678836,-97.68162784717654,-96.3918402005496,-97.49909689185951,-97.794171636911,-98.70518659547584,-98.73007674591781,-101.04549177175905,-98.23875391942413,-102.51900342975581,-100.30288642043594,-94.06062732153183,-102.61798292219216,-100.66807272080324,-96.46040241738532,-95.8538053527536,-98.9583177382614,-96.9349767419127,-95.95809565928478,-96.23518174075045,-97.35462059589207,-96.47733331001267,-97.68245736782217,-98.15379821384639,-90.71578510567694,-97.30754426741375,-104.42871201490925,-100.38831385701177,-98.06357819121469,-95.0331747451436,-90.0998308825767,-100.04558471412732,-100.89296425973919,-90.93723882996576,-100.57589994650792,-96.53443276349813,-97.03446668646366,-98.61320672937245,-97.80955414753406,-95.28782831850195,-96.38703214959642,-93.50690273812532,-97.19585575345138,-96.6888656027718,-99.66965547802225,-94.27287539009828,-93.16152456707297,-100.50994480634506,-102.31032320731475,-91.63506352659995,-97.65758504310097,-96.35636488769104
2025-11-02T00:23:40,AP_24_10,2.4,10,ZigBee,2468.3229703699058,10.994994261527944,0.6468761258501967,-65.4101783656623,-97.5310045674252,-96.88285873243325,-98.64787591898599,-99.21444020867341,-93.22672098178579,-99.90959529786187,-99.82988510776134,-97.34151933311627,-101.63664012906604,-97.40405346294007,-98.20653830848903,-99.70078306095583,-99.47172117884742,-101.87333859042027,-98.02423312044543,-99.39608637880937,-101.31875158133259,-100.38136437451753,-92.30697578155058,-97.88164279419976,-94.23857488956455,-94.37405916873645,-98.40806509440509,-100.7850599699439,-97.58165247934645,-97.83865890257064,-102.06447523252355,-96.53804649911633,-96.65684685798256,-96.00041319973182,-92.46645097944267,-93.70867654658329,-99.42503213315253,-98.70136462495711,-96.5369625774899,-97.52077170326864,-95.38503286101556,-97.54939240325473,-101.0552880535399,-93.41598011020562,-93.45956993545701,-99.65863071359539,-97.52086072459868,-93.28692336337399,-96.97366592895756,-99.18405381391689,-90.09763230517026,-94.91740465375365,-97.03301951521144,-95.85735906058595,-94.48139162627481,-97.50592365194427,-97.4385456087287,-90.82848033728807,-94.61561340657668,-96.68222107199476,-94.85397488161638,-100.12581537042504,-92.18876342638356,-98.33302972283792,-98.8031398930851,-96.97601710478608,-100.75287805735357,-96.70351334486429
2025-11-02T00:23:50,AP_24_10,2.4,10,BLE,2440.0410439595453,16.14822475064041,0.6530101874910106,-59.32386468398495,-102.06188186279446,-100.00652005903672,-97.128462765394,-101.16174008755421,-102.67287665999183,-99.12235955292674,-95.73153963921395,-99.6118873540181,-102.17250264246623,-96.43232365337477,-102.45448333579299,-97.03121549391103,-103.45571928725681,-98.9118664570237,-100.97139918172222,-101.00029901853667,-95.00687302391705,-98.11525943116395,-101.0958230319688,-98.75828722949991,-97.71153439561144,-95.80750470718286,-97.12065790075933,-99.97787987807854,-99.52170488474478,-100.05406555385973,-102.2086310122897,-102.21094296217714,-103.4929528644853,-101.33339895528131,-98.71383638426335,-105.13348631891488,-97.57727416058358,-97.24946739694346,-96.34346247046757,-95.18275953525337,-95.17007517755627,-94.17624155739469,-101.41171392105653,-97.49004893426788,-98.63591731118329,-96.60496893010574,-96.98414344016567,-96.64275667075367,-95.32362836662729,-101.46603410950024,-102.67056375049259,-101.17725378834129,-98.11720769689354,-99.15040226560424,-98.76890868328776,-99.1799806604011,-102.33829160897797,-96.26991056476962,-95.7935966550514,-100.46591686425066,-97.60481185246262,-96.32948121884935,-102.3246725474421,-96.08010948421504,-102.93501893344394,-98.61116036226693,-94.94443010359491,-96.86719332316733
2025-11-02T00:24:00,AP_24_10,2.4,10,wifi,2457.0,0.0,0.0,-103.84470290753777,-94.45409354061057,-96.51150185069677,-98.30575670833153,-90.31602161183659,-99.31854254539142,-98.79352390885019,-99.89183258839883,-98.92351274825027,-92.16730486438803,-96.5559132459347,-97.21856295414975,-101.73598321836229,-94.45290354899353,-95.08378080081168,-100.61911223653682,-97.90206134947805,-100.65601605442431,-99.62575714317728,-95.31886735436309,-98.34321131858435,-99.64531228031852,-96.92347612566836,-90.86996223767275,-96.27592631496472,-87.08079193221846,-101.48623663450074,-102.58706657654739,-95.72837652174367,-95.87933698692778,-96.20540380752662,-95.13375042975487,-96.62683453718431,-98.27688907564234,-96.08468889120678,-94.20567496970665,-92.02541506177391,-94.57630540650273,-97.73923694632295,-98.05032013265352,-94.8592056823018,-97.90202319795405,-96.20745651461768,-96.85257283448183,-97.5697151280904,-97.98106464015048,-99.24220522909523,-98.66187983563306,-98.0717585779252,-103.73764043086902,-95.25921946248022,-96.50907602781946,-93.56128557543644,-98.03234679770412,-99.24984766775587,-99.26493988288911,-101.10213559329982,-99.38115184706163,-100.70015236506543,-100.0646601479853,-98.90996193430996,-100.07293789374317,-100.33022016410702,-99.87959344500959,-97.16061024053919
2025-11-02T00:24:10,AP_24_10,2.4,10,FHSS,2471.0862050125825,7.325377751771146,0.49476772738604197,-66.96224100985518,-94.40220570775699,-96.20211560990299,-90.74989420771531,-97.37371935262132,-101.50503751510878,-92.61671752128322,-97.55195960403198,-92.88900624110323,-98.0368272946247,-95.66315235925123,-91.24682726770382,-93.13772333978288,-96.75856873545465,-92.64930638923892,-98.5809265483828,-93.63181961040873,-94.13921694465024,-92.097566729423,-95.07004354377605,-97.25501256635805,-97.81017541363634,-90.32235578138918,-98.5153877319921,-98.58759224164923,-95.99487366033087,-93.4964844040665,-94.56600423749332,-96.24929169943749,-94.47502950586176,-92.62284372809069,-95.25346832547828,-95.0420554645811,-92.47455117431767,-93.8682994245436,-96.9051018334713,-90.91120436807816,-99.91714148821198,-91.87700155615853,-96.9752161430788,-89.06402843951658,-93.35020317895781,-91.89507166123525,-96.40053957779294,-92.72325751107827,-97.96833684701865,-99.33712143505107,-93.20349031978635,-95.33984541116612,-95.50537995283896,-98.77665071798023,-97.73139943545554,-94.56955650815488,-94.43934359000534,-99.08886891960938,-96.46514568284545,-90.33190983123177,-94.96690481862454,-97.15086090692228,-93.05905160905414,-94.4544843622389,-97.29826654039434,-99.32680205051263,-95.01093640837392,-100.517419321689
2025-11-02T00:24:20,AP_24_10,2.4,10,Microwave,2465.272499744306,10.38466626279064,0.6550037189874901,-55.4953451496753,-97.29101085768626,-90.1684617828206,-97.34143599230858,-103.49429699343713,-95.55156516621659,-96.15821422089076,-92.86833422187738,-92.42509785323759,-98.41769410136908,-94.10595239790189,-100.60301120155572,-100.37482362190542,-98.06669344589763,-102.10229810898004,-90.71032590850093,-96.08292665712845,-93.90556443435985,-96.49236292080839,-99.24717257653995,-97.61441294556869,-99.05338572180848,-98.9197946141869,-97.06674863677247,-96.93417723416452,-93.07710049112082,-96.53823593813728,-96.80782007690999,-93.79755503641773,-97.34141269344406,-95.46513116096172,-95.44931017763197,-89.27924056090488,-96.64166854035112,-95.1704338475623,-96.87797181494737,-94.75585337365439,-97.10025002171093,-97.05521583665431,-96.1588259217875,-92.80821227481195,-95.23301582698721,-97.55348225696376,-96.26173969341804,-98.01741494405438,-95.16890256792843,-96.00012158826198,-95.05497180066808,-99.85049949738209,-93.11067579547213,-92.4658014818893,-92.2180953948074,-98.6094051999913,-100.29049078782876,-91.1815850297639,-95.64810463879678,-100.3835396869686,-93.44523486941932,-99.15318581563966,-94.65153367424148,-96.47896632215358,-98.68495800109812,-100.53940477296052,-93.76669079850711,-98.47088980468736
2025-11-02T00:24:30,AP_24_10,2.4,10,ZigBee,2446.5683355455585,10.69806987184475,0.6290312534759895,-51.93528400189314,-98.13165775260822,-98.75856387061101,-98.37050017181981,-92.91472075101798,-98.28712300023983,-99.78644346144402,-92.00251491447052,-98.05814574145593,-98.11110153667877,-95.80102465879335,-97.40137488355013,-95.67120112702379,-105.27023613157665,-97.80681874309921,-96.13474429691756,-95.34530825146132,-97.89034631050829,-101.43328763866975,-95.18537925434154,-98.2879365355363,-94.83859295059942,-101.42423834276745,-96.58789602138754,-97.75018217515674,-97.71543555888982,-97.48577911262298,-97.30674941376485,-102.84012389850699,-95.67897782683669,-98.82478390149598,-102.70217484301278,-99.25362053821293,-101.5437481912535,-96.17753142865074,-99.05284236098468,-95.042813739394,-97.67517038551432,-98.36641268516966,-100.11593649776422,-98.29626177412953,-94.32847004125591,-99.01972765485505,-97.8911158887706,-97.62065700705702,-104.73151478707472,-98.0003955229889,-97.23983822543659,-99.14383306715315,-104.22688847784808,-96.1114039344674,-96.73336654418428,-96.88482414875797,-96.76136496082482,-93.92557557616229,-94.81683129727686,-99.9802880731322,-102.82713980494948,-96.33027431468695,-95.50012327962118,-101.90699052044519,-100.52831989076168,-97.44240339140102,-98.6932100240147,-98.30456592231853
2025-11-02T00:24:40,AP_24_10,2.4,10,BLE,2453.9300904930988,17.044548279268774,0.24696357943352337,-63.73134332714669,-103.28215730415216,-96.74852250899436,-98.58090057269126,-97.98053743045357,-95.97617788805226,-100.7397501770574,-92.27096719062484,-101.99232356247245,-101.4341057148868,-96.60445501672349,-100.05243744521587,-100.85899686032053,-95.76573472114396,-102.34736166671308,-95.01547930797146,-92.40646338505543,-98.5247772517292,-94.99306482128804,-96.37991595519671,-95.20057268564923,-97.54341614866308,-99.03157195530198,-97.42094670573044,-100.69220278213417,-100.88220414162978,-101.82545959496233,-97.22989722378976,-96.98351632178488,-90.80068532834586,-99.56582772664932,-95.62471406419856,-97.85895072547054,-98.35576978719128,-94.35611649228625,-95.47275779364188,-95.00736374004504,-98.19301884928005,-101.22117554949386,-95.46701038725037,-97.56238613226175,-100.59661602622882,-96.04044211740157,-95.39889079985097,-96.59352466494882,-95.56050088902656,-91.84967703219228,-89.18003041422345,-97.13741098298095,-99.32480373486209,-98.42393411873742,-99.36859731890885,-99.60608091999285,-95.22210869133635,-99.62183685212958,-98.76719840589348,-99.70172700751623,-101.38706882787477,-99.45559861497532,-97.62008537137183,-97.983973025597,-94.76704240378749,-100.809796147116,-95.4473352820676,-101.5357271289489
2025-11-02T00:24:50,AP_24_10,2.4,10,wifi,2457.0,0.0,0.0,-104.14522422050244,-100.33961597852092,-94.30707360251508,-99.6144006358361,-97.9424287887083,-98.8790858098129,-93.58722186212565,-94.41723949070963,-95.30488046986683,-92.47282444182505,-101.69793086386971,-100.69649232047297,-100.76591758370736,-99.31576740125332,-96.98597410397186,-97.37876416020006,-95.05659328045303,-97.23542127301431,-99.18622713927309,-101.22079368538019,-95.45355578122393,-93.38681390582086,-99.21209407448085,-99.33748913140684,-95.63793202762653,-93.84956052307335,-96.21396056632662,-97.46730180880327,-97.54692636757038,-95.29356702838005,-97.87678479689257,-88.90253785625512,-101.2948350126324,-95.18200926504855,-98.95797108364499,-96.98452869519849,-97.9086067194408,-100.89378421439305,-97.67568807521222,-105.7015194810151,-98.66233494819473,-96.8610356025105,-95.47365645980823,-93.85640628728936,-91.26127543839432,-101.22603683730865,-101.06302601948539,-103.36929966420288,-99.2533723369174,-98.53654411152915,-94.90980301150401,-95.69890678745269,-98.27652050312186,-98.67395360969985,-91.72580246261593,-98.45368768522017,-97.22709111433102,-95.8260243164245,-95.6330942492626,-98.13971198685003,-95.61790460287132,-102.14649331124404,-99.37034057244928,-96.75817277874391,-93.78271279349319
2025-11-02T00:25:00,AP_24_10,2.4,10,FHSS,2471.556573252941,11.011490669677476,0.3704018780743853,-69.18687598860846,-100.00107711507212,-100.42680979705679,-105.97664025431527,-93.5695090281712,-93.94855855102688,-95.70914970733075,-100.35079817334704,-93.76450340016419,-101.27178878143079,-97.61288643128174,-99.79803317949029,-104.15926563507865,-93.50941481521971,-98.6375615923335,-97.45489186580282,-96.73884245975292,-94.45851572224275,-102.67998103587566,-97.49357907762963,-95.11873570846855,-96.91061810300374,-95.18747363263415,-91.27449203817216,-92.01640120936777,-99.04614569541978,-95.37666682305733,-100.7674018419928,-98.03140130745834,-100.25421656872321,-93.73565473181593,-95.59369578288346,-96.19026680289713,-93.4566971048253,-93.34661071027395,-89.33462166867444,-101.1410388320367,-95.10474309598189,-98.49830414854341,-94.0681629388202,-95.77300776274772,-104.11224079677632,-93.75277197885119,-103.00802197434399,-97.67865096763404,-103.1420485607078,-94.55712460873593,-98.84004147572482,-98.32207307106846,-95.32662514777701,-99.97237536922819,-94.49910785847116,-99.81265170804255,-101.08101813014068,-92.33347692319857,-98.63916504041313,-99.28481444374324,-91.47386485484886,-98.44929081807032,-99.0934651078699,-98.89961598459317,-97.3512792460025,-96.73747498422573,-95.04303348183619,-103.34230512075429
2025-11-02T00:25:10,AP_24_10,2.4,10,Microwave,2443.864240443338,14.520352847065054,0.39292906433988783,-71.51788302441994,-95.04496244122585,-101.78590577547911,-97.46586035622606,-97.66567386011954,-99.53635691865243,-94.4747136355838,-100.9885431242409,-101.81071385885464,-89.44274210871838,-95.06970071915543,-99.05330158568123,-98.90681133356559,-96.41520681797715,-97.9305426766824,-91.40172631912364,-99.77382907102704,-102.08546516883948,-95.581019128548,-101.21067785393313,-97.2852543281446,-99.99766980242055,-96.12860629866965,-95.36877416920497,-100.42676558183847,-98.86927847535712,-99.51605393337701,-95.90396356416841,-96.18151145096114,-95.06535509050259,-97.80967238555306,-97.48830806437786,-100.68694994265957,-95.94396740106086,-94.57429422683327,-98.90751004452633,-92.9740185893383,-96.1171878648586,-96.01102283544374,-95.16032916617792,-91.42306578624954,-101.63567818611529,-100.45949705637838,-91.83321158882578,-97.40413495620142,-98.53670524776072,-90.50709110985241,-99.57403303048783,-96.94993929565666,-102.83962032378534,-99.71590997180158,-100.84687701803477,-97.11976440312127,-100.69348933309738,-99.85417026831767,-100.3495816510442,-93.95154270674475,-93.43745085740687,-99.2415299612417,-96.10555571243606,-104.96028030443267,-95.15713948428443,-90.72717087619087,-101.64397998751859,-96.53085099376943
2025-11-02T00:25:20,AP_24_10,2.4,10,ZigBee,2455.311292233096,18.31216534719677,0.37460533888523706,-70.71852535481503,-96.37102925966836,-95.2589110941116,-95.88655464072177,-97.03456344418291,-104.57714000594807,-98.49706995594218,-96.71410958171678,-97.05017631416288,-99.1721077899527,-98.26281354602014,-101.32940340935873,-98.83893257511473,-96.33415813131904,-95.52581017780274,-97.9008682546953,-97.25408433627751,-93.30998338446845,-91.99887109785871,-97.34986092314715,-94.36891305984074,-97.66820265221536,-97.78651881493334,-99.55137366803051,-94.15855098329519,-93.08262441981718,-95.74045791451495,-100.5517675393298,-98.61721534001451,-102.4707714078094,-94.91836039580365,-96.01238306365406,-100.96561703516505,-97.59082095206274,-98.19227156449199,-99.62386360721247,-100.03107614624919,-98.012069900802,-98.47771053176712,-91.53143802669996,-96.60938152471283,-93.47572016482277,-91.10998207120802,-96.34763416053187,-98.24702748499314,-95.79347686690888,-94.25621147049434,-93.54570265799158,-97.81071712138635,-96.09567037834113,-91.85078455057882,-96.84112841958867,-98.12126841879336,-100.52766973207554,-92.15051705534738,-95.41914618560939,-98.32348442398974,-98.35899534291337,-94.96885303647464,-94.43905693132018,-93.863611011535,-93.95317360833899,-98.35863687897759,-95.91275497587532,-96.88432255741274
2025-11-02T00:25:30,AP_24_10,2.4,10,BLE,2448.1614218404025,18.740065422472068,0.43427293085078655,-58.40896988018208,-98.71117366262929,-99.84277019842658,-97.543192041498,-102.70951764194984,-101.94240344536573,-95.00080137782199,-95.37632584506669,-96.52736211772773,-98.3133238737203,-94.47914653093882,-96.95293849870555,-98.72722096662876,-99.2165733469619,-100.68971840870552,-96.69664922890054,-100.71507078587352,-93.74790672212241,-98.11058189804261,-100.83113911530076,-99.10677250724001,-99.73391849096319,-98.08003734934861,-98.90274660073895,-96.23923171520568,-95.1547521173438,-95.243956547842,-99.09329764805402,-105.01303589908541,-96.90724896012651,-100.65559188715993,-98.06929414005737,-97.67183429832762,-97.2719814640943,-97.90955047765901,-99.9080077169342,-99.23397518475484,-96.35112198187637,-100.27278163401412,-95.12522658923876,-94.67191730233267,-98.93801894667679,-90.37820611485414,-99.99382882553182,-95.92818240471736,-92.02297189404261,-96.92942687962437,-99.55628309469037,-96.15514408300297,-92.73905471911833,-99.39022449887787,-99.93983849454285,-95.00553171848584,-100.3158550228086,-105.52675270123551,-94.01602342218735,-96.05693811292018,-97.73594121039963,-94.07033661155678,-97.98031951552301,-100.45245204254864,-96.26232819033774,-95.44117259332309,-91.19573199912685,-91.44138706884252
2025-11-02T00:25:40,AP_24_10,2.4,10,wifi,2457.0,0.0,0.0,-103.80566738447789,-95.22310352237339,-98.36384973348719,-98.55944215375256,-96.54263354339143,-96.37141509361872,-96.17834759941627,-98.57560740115872,-99.92043111256837,-101.9312331341911,-93.58554576753275,-93.77544484951295,-95.25872577591244,-95.53164377800748,-103.62595618306428,-98.41999400575422,-95.84867220264746,-94.80476949991244,-96.75518274581145,-94.82301424178463,-101.84088143013794,-98.84604675092096,-99.32882458792778,-97.59798148490732,-92.59640929017259,-93.67955688046547,-92.58239361877423,-97.60396219295721,-96.7273438163768,-98.9154653247501,-99.47073500861855,-95.0414590195767,-100.23148055230752,-95.72423312791953,-96.04519498648483,-96.77873633183847,-101.4698940830872,-99.24347046409541,-97.09634680275633,-99.18844994962619,-97.22123015450086,-94.2656367096929,-101.56419024269408,-97.28346863810684,-99.03670348720581,-95.5458204325737,-94.66007510668943,-89.83741018211177,-96.23486724897623,-97.02880066705066,-95.44242498762766,-98.52037081353197,-98.27263978987008,-100.67486435638058,-93.62974240632549,-91.52792145083642,-97.55950118491707,-93.86324125951027,-93.3107556099801,-98.40598964935215,-94.9557348859812,-97.84754159534398,-105.68143185766075,-90.27589754217779,-100.1151588284235
2025-11-02T00:25:50,AP_24_10,2.4,10,FHSS,2457.1108508201783,18.3891780461445,0.6401053775803293,-54.46872931783503,-95.8972987070211,-101.30292507813519,-97.30003456244515,-101.53541099602037,-94.55133970136806,-97.01859581092775,-94.66533609643453,-95.12257881309102,-92.61411968990866,-99.37626800601866,-95.68638005959257,-99.67023998963317,-101.09390133764134,-95.8543381922763,-96.79876988781011,-98.71723346450031,-98.55426391165673,-90.38085442756093,-96.82304162455263,-98.921376489662,-99.84369599221465,-94.77981866096653,-97.37683047346125,-93.97641868045608,-94.29867614464585,-100.35987406802624,-95.22641799783379,-98.68993288416904,-97.24161081597195,-96.48856278645667,-100.26177344664409,-102.50925080844662,-98.31207588429751,-91.28605465257617,-97.93953074997006,-93.60937993089004,-94.5287813850797,-96.7007567123968,-98.75900079791577,-98.09307925260826,-95.14650671688857,-95.92700369311383,-97.32083602749427,-93.91079453983737,-95.94686942800713,-89.90848470571306,-95.27113018938792,-98.70498774198398,-97.08386853132974,-91.88881224708621,-91.97290636980149,-92.74669529640173,-95.68394871170605,-93.45613296311811,-94.1329116893611,-94.81120774714333,-92.80158389410803,-90.8137392391489,-99.17675426138474,-100.97970561020686,-98.5279335344124,-93.29181768178242,-98.06840992444118,-96.65069132755994
2025-11-02T00:26:00,AP_24_10,2.4,10,Microwave,2459.0299208464667,13.385417728536737,0.7398019159016505,-59.58081118465037,-98.77639402559849,-90.61302632953895,-90.87829051070992,-98.13503946925535,-96.36690674874474,-94.75541300115657,-93.4483169955248,-93.56486028877374,-100.34175188903701,-95.73658606322991,-94.98090514745766,-98.4279924483618,-100.93869046802732,-99.5787814209659,-94.89065733363897,-99.38081159508356,-97.88924442005008,-95.04718887389627,-97.30813353023782,-99.84031776010826,-100.01045738670919,-97.36379665376268,-93.21009418211364,-95.47397919588599,-101.98921884955847,-95.29117586969161,-100.61890082438711,-97.44408216047589,-97.44808130865832,-95.45622955843801,-95.93728776844281,-96.7746180369309,-102.18603269711892,-97.40518237827487,-93.35162321382911,-94.7262931764298,-97.20060454960255,-98.32487282058084,-97.69916207467205,-96.12215113860934,-99.68559639671395,-102.45692363283071,-96.35527334984249,-106.20633948650722,-98.23868397804765,-92.88501012298515,-97.6785227698695,-98.16952099758552,-96.1373083130269,-97.1077910339511,-94.9341054776805,-93.48890255942584,-97.66315448545632,-94.32376695715362,-93.82199233436334,-101.62043924634649,-98.46559429282317,-98.08567673616643,-98.22584623500335,-97.72959611446545,-96.7546612195177,-93.16670282352005,-98.411794303292,-98.99768613774414
2025-11-02T00:26:10,AP_24_10,2.4,10,ZigBee,2453.3272999423943,17.84573236103591,0.6771015282809294,-61.822372042070484,-102.21061716810664,-100.61044837303915,-96.21116380273939,-97.16571149462426,-94.23908458632506,-96.75910183464882,-96.33705777314333,-96.98980553814188,-103.46858180714385,-100.18433801697442,-99.57694140224422,-95.69448301245231,-99.53485217376928,-100.17037634872507,-96.96354612667817,-99.39586574118691,-102.3078674344022,-96.0658990712041,-97.0143949902844,-97.58550899817126,-97.00819566977387,-97.20802112309612,-100.3107762751095,-92.82627931221475,-96.1239455031091,-106.08148928105074,-100.08286523758323,-97.56353510317662,-101.3130040249824,-98.46589701865408,-98.53573475816718,-95.08586143353914,-95.83409151362706,-102.79460525655783,-100.2258334136023,-94.9571859585635,-99.07049347441895,-92.78467324163738,-96.87399986589074,-96.219338001893,-104.25697080091098,-99.09040523107396,-96.97298908449278,-95.27459581036007,-100.07110287527271,-100.44218645042177,-96.73294197740415,-94.9540536426161,-91.25124344930077,-94.19747993883873,-97.58650509750808,-98.76040198490543,-95.65791067823675,-97.5482082184197,-99.03647547887932,-96.55893782130792,-98.58319634548634,-102.20884470528605,-98.80069997076524,-94.42010615955918,-103.86613572708576,-97.57348239224501,-97.82205255113999,-99.6830873193651
2025-11-02T00:26:20,AP_24_10,2.4,10,BLE,2475.3016339776173,4.072684261075166,0.38319001668116726,-71.28512655883085,-95.58135410193933,-95.00015445774831,-96.35279012959673,-99.35577413158633,-101.19322828979661,-95.19078517049039,-99.98979876687756,-97.53016102844072,-92.30968873626077,-92.47744863326365,-93.70804885720221,-100.42655323454933,-99.51907762532156,-93.2759900309395,-96.4711272156015,-94.70151121791324,-95.39348211922771,-95.84832082932813,-96.70100763894278,-99.7789630923714,-94.48119353420019,-91.97203646884543,-93.97788073495707,-96.50062790894697,-93.27551739704164,-100.56765579425297,-101.00797881025133,-95.11832047347733,-92.73428919461924,-96.11598686408941,-97.0703738251777,-98.28609619259217,-95.720841387433,-96.08484749030684,-101.21660392845155,-98.1023398305684,-98.52934636606729,-97.6961386065545,-91.91710910339064,-95.17473071034064,-94.75851133575117,-94.04524015586267,-101.46418287195742,-101.15194275966839,-92.38098643618812,-97.51069402603902,-97.72594112384155,-91.02868046169868,-97.77015053531618,-100.58013792752271,-99.85311775217745,-101.26523804981308,-97.7464596319328,-99.36395283352829,-96.471044590382,-92.99659255971592,-96.5154051080958,-97.8394446229706,-92.36398692037976,-95.77565025993405,-98.00562744540312,-94.66762235166283,-96.77389705890249,-99.30032140847176
2025-11-02T00:26:30,AP_24_10,2.4,10,wifi,2457.0,0.0,0.0,-104.2981491273422,-97.59765040355924,-94.47800572110346,-93.2397018583575,-96.91397052877188,-94.49037105096988,-95.10263917971635,-101.1640056626199,-95.34068377803571,-98.91304028122572,-96.12356156102416,-96.54223880603047,-97.76672023698204,-97.6084327019065,-98.36244440119947,-95.89732802418595,-93.09036150909665,-100.88691535489163,-92.029164181869,-101.16435500686919,-94.67677435040132,-97.18288802108763,-97.93047367050471,-101.44312438036721,-96.37165691848777,-96.28068923071605,-95.00690213829142,-103.13773225393753,-97.04140011331484,-94.43912839604072,-93.05267569013044,-95.38350420133483,-98.40192850117712,-96.64293143145666,-95.79154239168444,-98.48584636963903,-99.73919082906234,-98.17593478443789,-93.01877967884174,-102.33320288231515,-101.91378614842034,-97.00711073547981,-95.51957593379008,-97.32947008654764,-98.34023509260736,-103.06523022308501,-100.05541290115394,-96.36066882058613,-104.11717554947636,-95.11684769802874,-96.5242013372342,-92.59060318653138,-96.59842268425102,-94.87954847908553,-97.83816921589275,-98.55076719964146,-97.5665163834044,-96.4547881993169,-97.12237070667706,-92.09132206851642,-98.03951534516054,-100.19557236549186,-94.1885911254255,-98.66234761445261,-97.8050372529886
2025-11-02T00:26:40,AP_24_10,2.4,10,FHSS,2456.8835561086294,5.77441647460486,0.30699545755930385,-67.5495109549098,-93.82895603284796,-92.24723813501524,-93.67642078497711,-101.35190928025595,-100.61310818769158,-92.6245117034625,-96.66405261976047,-91.6863778907777,-96.24457879109572,-95.38207782391875,-93.76663395299023,-92.46975524786707,-94.03416411816073,-98.6176209541392,-96.38344443529242,-98.40624628149425,-100.79078506696062,-101.46295510716865,-101.82509041647944,-99.16555847002849,-91.85977817254101,-89.88783258217498,-95.52887218693046,-93.55571976513342,-96.08909641799106,-98.15284960243805,-94.75650718980727,-93.30389069545303,-97.98114384147969,-96.78383059791659,-93.17134468659799,-96.22193273699273,-98.72714780820348,-97.01581271346957,-99.22626986269074,-99.57666213977346,-95.5633670114883,-101.65962638160359,-96.11339040396035,-94.29939959749771,-95.50788854389752,-97.80153792891092,-100.11185914849769,-92.8668249205595,-95.36537945746217,-89.23858540360779,-95.53811731714774,-95.30442531949646,-88.7609069773761,-89.607786543119,-91.44792997283072,-91.76300134472159,-98.60737207058213,-96.67506712394754,-103.58569687181568,-98.8291690494766,-94.67285363329968,-98.1088965838546,-97.07871397261607,-94.88689805724374,-92.57245276476883,-93.9591677051929,-96.8729642923767,-95.87330182804786
2025-11-02T00:26:50,AP_24_10,2.4,10,Microwave,2459.7219171289003,19.064952833379547,0.4202371044547757,-68.07953575648342,-104.77009005669971,-97.8756426460472,-97.05693044682182,-95.98086690769777,-96.11775679903538,-100.28026190746094,-97.65830870507116,-103.63595296729909,-92.29862891332121,-91.38957682657991,-96.67917221000219,-97.4959801408951,-98.51465276429659,-103.28646801705895,-100.05513652936705,-99.00470084335274,-99.38509258861254,-102.59448652290214,-97.46020490178691,-96.63512727252328,-96.86298251895367,-99.5259982306449,-104.20173079953251,-97.53188230639034,-99.81151304729943,-94.01369666055346,-99.21288344857211,-98.2323850401123,-94.7510306715586,-98.22982448392202,-104.80176262023309,-99.91802898845044,-103.03763122374632,-96.19339197858923,-99.54208711736057,-101.00531596091065,-100.36301851386041,-99.38991091027748,-100.61034825107292,-100.03815233549511,-99.42479941754742,-95.51676648827382,-96.98848047513145,-97.07109719877293,-99.65014179136854,-100.49157367299142,-93.85279106396361,-95.65326320164333,-96.81761267017195,-98.27551491360404,-104.11295807592928,-99.68200931077871,-97.83918822884026,-98.88738468720877,-95.47243427898574,-102.19480913684367,-98.32078362224458,-100.05972564761008,-101.76282779121101,-97.75078341857945,-98.44587698898758,-99.68110435537777,-98.88763943633245,-97.41164968796781
2025-11-02T00:27:00,AP_24_10,2.4,10,ZigBee,2455.1989615824755,11.191374723447952,0.5690134430728238,-53.69887472007382,-92.92147247808654,-97.58682042350324,-98.73134131063281,-98.48339730461691,-89.0312025655987,-93.09470869396847,-96.04010502606852,-98.74050638531355,-97.30405236673288,-95.39712265647178,-96.92933954795276,-94.88187385326525,-98.0490535514781,-96.34413122975559,-96.08486815910398,-96.25576527473675,-95.4354039284476,-94.86580424224627,-95.93058009851616,-96.76603676577096,-91.68936223310588,-99.43471272664367,-89.62106353665966,-95.78155377534358,-88.42165907083609,-87.19315500173113,-99.96336505379391,-95.47679476411624,-94.22826078497616,-100.83092097042602,-92.12650922221646,-90.92520391241673,-92.78951814013368,-95.23118210082437,-100.15464651123165,-98.18566308861699,-95.90862309409339,-95.26858871942926,-97.02811271020737,-95.9231889289621,-95.28692487357841,-91.65837262669983,-97.10507626158382,-92.06288009198616,-95.17686200818429,-94.00578325243342,-98.74693282386177,-93.79644355149985,-95.46012393693536,-97.25986849575128,-91.08816725922313,-88.17547183799068,-97.95789504276556,-93.45336366276962,-98.8254819669087,-97.49488399606514,-96.90389394153291,-95.49040572292593,-94.42104457835403,-91.66720332694206,-95.00888248654024,-98.07810867116562,-101.60630687146232,-95.12209202876552
2025-11-02T00:27:10,AP_24_10,2.4,10,BLE,2445.180549098408,5.0283223673898725,0.4440117245431502,-54.58061278667874,-99.22637698412561,-94.0073425633672,-93.09141991065246,-93.36607452454278,-98.48952289400312,-92.15977709259927,-95.69428114139495,-102.43467622323645,-92.46202532499987,-98.17805885738181,-93.55790137686719,-101.16131823236735,-96.05643509515856,-96.41786778872176,-96.93572282986358,-94.58511821574653,-92.92526277715271,-96.51831331446422,-93.43594070089182,-96.27127139944265,-95.7845915537205,-97.22943527284536,-98.6930094802426,-97.40299191277511,-99.16058534813763,-92.9087582939272,-100.51867121475868,-94.60045834565861,-92.80006905333217,-100.88671333681178,-93.84554078953947,-85.6304730510295,-94.68991781986276,-92.23865338730774,-99.75770094563511,-96.5925694003192,-96.87605285070478,-96.76202793941535,-99.76816519445268,-94.96590178861301,-97.48601893128883,-99.24441068728001,-96.00305814003178,-94.44781401329179,-97.62916277447512,-95.58070848161506,-95.07759353858441,-103.6609981140918,-96.83351825064571,-98.90557947149316,-99.84048160421573,-96.32073799135054,-94.39328530813376,-96.73617693990201,-94.26183000609478,-97.45505318870217,-96.21516262145897,-102.28118343518847,-95.92440492750264,-95.54704341104727,-103.25696868975591,-93.8201955333017,-99.91126965525554,-98.09710078302147
2025-11-02T00:27:20,AP_24_10,2.4,10,wifi,2457.0,0.0,0.0,-104.03523042212416,-102.18132564996259,-99.95218951295655,-93.9088439273033,-95.92233836611923,-93.88324859353455,-97.72126764266011,-95.69675886303315,-99.40229883937755,-93.96937969203161,-97.38945306243927,-100.46422479998205,-91.13426017807218,-97.51506128258326,-89.77006494686665,-96.58513253518895,-99.82456081119204,-94.89839547758311,-100.39059593369882,-93.33964349643392,-95.72996185570148,-97.68329357578737,-92.5843848736319,-99.10739464351848,-92.61590964478239,-101.6162694444085,-95.30183894729768,-94.00601029643443,-99.62503157157062,-98.83118948840095,-97.65698790156556,-99.00738686675159,-93.6601542557687,-96.54384902225905,-94.85145475850244,-86.32930457120644,-98.81948168926108,-93.91733198097744,-96.98743729370534,-98.80073184106631,-98.60917964782428,-92.89914883377827,-97.32253842683407,-94.51311642683783,-95.41878407748362,-94.12804001479121,-102.44684651743177,-93.1854790731974,-97.70953460021056,-96.52308091526115,-97.49077408225124,-95.02719826819315,-99.57525088027468,-100.8583398580944,-97.89301884057924,-93.72188457800286,-102.41210752431347,-97.1301049050443,-98.11672980051469,-97.42052289034176,-89.36618555866238,-97.7970615431527,-100.34625336450256,-92.70929380064601,-95.66023394728067
2025-11-02T00:27:30,AP_24_10,2.4,10,FHSS,2449.9570374971313,5.863499530211466,0.31373791101325976,-50.6170069800164,-95.88458422308942,-91.59321442619827,-89.43472748600938,-99.77807369221199,-97.96826086539542,-90.69084675879691,-99.6608829800564,-100.22194056606148,-97.28460991595114,-94.3852030670409,-89.56228659714142,-98.33264917394852,-91.27871697908671,-97.78688864700405,-98.56518707149485,-94.72002740704482,-92.81198699684528,-85.84045404930777,-98.07716772288055,-100.63994647464732,-96.32777498262641,-94.85907571676391,-90.58634407844986,-95.35836868549531,-95.77879152426314,-97.69965437014852,-92.16883822472724,-100.39612750412469,-98.16621236356727,-98.63221927175617,-92.62059029860472,-93.33445255199088,-97.18533380763171,-95.63908223072548,-95.08077470395241,-94.17802925930344,-98.74735646852858,-90.19999746711028,-95.17929544885892,-100.60634157671487,-98.89781511913776,-92.63109530847106,-97.29754093054545,-97.19656904250849,-100.05577392345845,-100.65287756316557,-98.73353191685071,-97.24232652225754,-98.06916644884978,-91.73924417818846,-97.48216995342547,-91.0089661435931,-102.52361378924296,-97.62870557679683,-90.6648487272076,-96.9370239445962,-95.82716860289644,-94.0507444096172,-98.07991831800342,-95.7297623230176,-99.38913312582473,-97.31079685382588,-96.81757678565843,-88.26156661015385
2025-11-02T00:27:40,AP_24_10,2.4,10,Microwave,2463.5824485029525,13.828024725517015,0.26879802651934354,-59.07461585468741,-91.7082637056336,-98.30804719779492,-97.90328167166756,-92.4056999403981,-93.33216431981951,-98.03461524446732,-97.01988013784754,-97.00987954406547,-94.94369717617074,-99.11269012110417,-92.85679939249704,-94.50403959322348,-90.65553022260748,-95.87109373792639,-91.99311574338842,-103.57219866855975,-98.67663247695917,-93.84078649222167,-102.37350111151393,-101.11443450147843,-96.61637349713943,-91.67490267186996,-95.35848055722056,-92.74835706423083,-96.38962533897511,-98.6438411351242,-97.24944677448518,-91.84414350409494,-93.38917062255936,-98.87303857735435,-100.64858201517796,-92.69450575505044,-98.69055682158373,-96.31851418603301,-98.22686497628145,-93.50576157322264,-99.5877820048855,-94.94567102438246,-103.28025911544479,-99.53838493549556,-95.14327478624719,-98.14173675832085,-98.20352704929482,-92.48736547141152,-97.09410476344883,-92.27746299874902,-91.35419881625221,-101.23763936425794,-99.86936502778123,-100.61463753135068,-97.53649721776819,-96.49898319217483,-98.66502836538662,-95.42790706690285,-101.48975313853548,-100.06032437314443,-101.3734627240639,-95.51323563696899,-91.3505218870975,-97.24107242760306,-99.17270634482395,-97.21013077957106,-98.72051072985222,-97.64692342043706
2025-11-02T00:27:50,AP_24_10,2.4,10,ZigBee,2443.077814199096,7.464917101747286,0.7555309013026279,-54.896422392210454,-92.50366014764745,-94.10617211590139,-101.53470620830622,-95.74471100147353,-102.02686641762824,-85.3790621254252,-91.2349815403577,-91.65230096039232,-95.65618414755309,-92.5997851019984,-98.98897816700027,-92.73780323883942,-94.51105610743484,-98.54336259843501,-97.5592187001457,-95.06077329708422,-97.57600307665005,-94.83958672617948,-95.21725740106291,-95.63478015281567,-97.29104909984865,-98.12000231375833,-98.74628633508873,-92.43493978181307,-93.7895524469727,-100.19172161471526,-86.63655911158979,-91.48462003439032,-94.81003651093195,-93.12167834754221,-91.14846020386862,-95.22192708410839,-92.41263342622817,-94.72032679359282,-91.42971578689539,-92.75138733039951,-97.03394400972601,-95.99057006584829,-95.0308932424556,-94.07792555615707,-95.1336050025998,-95.86105706234748,-96.78226501093097,-94.56512572476151,-91.56579345377511,-95.1483433759945,-94.05273567138082,-94.11600425650332,-99.34779405384471,-94.85021121769398,-95.92913299639734,-100.9422041360794,-105.08416672731997,-94.02263326796908,-98.67876151885751,-98.98484353273658,-96.91357828663884,-94.25997406035219,-92.647042497855,-94.73830207516893,-98.53102148395529,-97.67366701875554,-96.82063744571677,-100.25309408230555
2025-11-02T00:28:00,AP_24_10,2.4,10,BLE,2454.585142279306,4.453678614112432,0.2687790635199777,-70.87406536068588,-93.14368921349943,-94.16498335294466,-98.69766404061536,-99.77855729018553,-97.57916225790895,-93.1124300140303,-89.38058223920908,-92.14457616165733,-91.60761412184682,-96.82628458474036,-94.58379929678576,-101.19827101515561,-94.63257562147592,-98.94768146631888,-97.20645044626856,-99.35067337332165,-98.1711283845583,-98.08281401792992,-90.0670473106453,-93.20992805536497,-99.59579671659262,-93.81622488370292,-101.68356714114282,-96.26047235972403,-93.27456150861353,-94.91963934408975,-86.9433044426415,-93.28082018099548,-88.43541177380483,-98.77762902415209,-95.05489103204275,-96.12533930101094,-92.48298589390582,-91.68062864912032,-94.43835828766738,-95.55209898612807,-92.21565912175659,-99.2024988297739,-97.36780461822879,-99.7559809276602,-92.50215802722325,-96.99363004311219,-95.31289257089617,-95.80230099062322,-97.41848255020766,-99.04123442389437,-96.67652700769898,-101.37154435904911,-93.00640117197752,-92.47972611431135,-95.02720210794969,-95.60321001035673,-96.77829944735697,-99.47379929974868,-99.17993994646083,-92.2757601351471,-97.02580738498067,-90.01376698394401,-96.95369690830991,-97.29458464648883,-95.50510904260979,-88.28972260766913,-98.60354776665444,-101.34819795145636
2025-11-02T00:28:10,AP_24_10,2.4,10,wifi,2457.0,0.0,0.0,-104.98399255711978,-96.54031727842364,-104.97435757474136,-97.75362219290795,-97.26018363931078,-99.94657356910533,-95.32847689185165,-98.28735809223879,-95.2201334840706,-94.74592662264735,-96.58595649779394,-98.02756568330626,-99.18369077952319,-95.53568642174932,-99.81715551597469,-93.54551415071232,-96.2005539777151,-97.47043555335387,-97.8680961641303,-97.5998048587274,-99.17827880567289,-93.85306059442415,-97.28911737163027,-99.56235285417696,-96.25940013014566,-98.92810697423829,-93.32369059247293,-93.03449619688136,-94.99428853924209,-102.33347224849823,-97.07646355184157,-96.28975648241747,-103.75884396732182,-92.6406454707884,-95.19308072629327,-101.2283169579245,-100.05633902141723,-93.60150499791253,-103.2037786594939,-96.76915300480825,-98.50719782406799,-100.89048795151251,-96.93548223326576,-100.24735733511818,-100.04378269880239,-95.44573616434174,-97.31265500777971,-99.12261120946144,-104.719750566312,-100.64267644565726,-97.20245188714601,-93.74634082188497,-95.89338649708081,-98.96614732625723,-100.63381967322461,-102.36726338572252,-99.47644850249917,-99.3303334944157,-102.58775671498893,-97.53530354881406,-92.13831014180893,-99.79537072026956,-97.55333296936583,-100.97986771426788,-98.0391428990621
2025-11-02T00:28:20,AP_24_10,2.4,10,FHSS,2461.919311526318,3.8867808313666634,0.564373455933576,-67.10164336409534,-95.4606921295222,-103.29152303276462,-98.41756766808555,-94.8076135941196,-100.57421102092998,-97.78710104039004,-95.08532669097787,-95.85792135146312,-96.0084002365231,-96.48956213356891,-95.63774884030151,-94.06038151750485,-92.61913805196168,-95.45907511823954,-98.16314567428014,-101.91980541599528,-100.5503571513578,-95.1757721297632,-96.42048288777639,-87.45257942129538,-98.868611495983,-101.4575956842787,-95.41811064028181,-102.17047465008568,-94.70960910091267,-98.16921509565805,-100.54806556950292,-98.68346190732673,-100.67847387413406,-96.259026724651,-99.9251054543785,-106.09727126793565,-96.85481286846895,-95.60686413005196,-94.71514553229288,-92.75634480272,-97.99242531060646,-93.975080436686,-100.52522340505801,-93.51079996889108,-94.08049106722783,-100.07819512060215,-94.25146465265777,-100.28300884708437,-95.79421787682313,-98.49048749904858,-98.08402711844128,-98.53265143319658,-100.081435572783,-94.21030702521524,-98.43615110239693,-98.27203774603102,-90.26135881906094,-98.61807918373654,-96.84831553224627,-96.01862525535553,-99.2223563053514,-96.19184302473764,-95.90218710065972,-93.64611945526285,-102.68424383389122,-95.94096264239731,-100.82881569870419,-97.79825600505683
2025-11-02T00:28:30,AP_24_10,2.4,10,Microwave,2472.7477375209614,4.935502908243713,0.2994291389134655,-71.2528330204529,-101.39692944398018,-94.20348676647028,-97.111663748874,-99.45937408369353,-92.42416483396153,-103.96407234404434,-95.61649750918114,-99.37165060722792,-95.26027508832435,-100.69927740659507,-96.50516438199833,-99.10259095722662,-99.88648200941267,-95.91632640002237,-101.84205854910124,-95.82459300743119,-103.8021113471798,-96.0614376795581,-99.83572574021339,-96.01268124507833,-100.37411242692782,-104.26009059388014,-99.32651083052555,-96.4180106064842,-96.40469501740456,-101.04450813569055,-99.32207163701261,-98.87901984018445,-97.45329716876027,-98.70425299372917,-97.16158476051794,-96.97718502939762,-98.80487599083547,-97.50636328886557,-98.80537303483817,-95.43222931934713,-92.86009423734023,-97.4974249113795,-97.70541157631133,-94.29863167460067,-95.69106150739893,-98.95719671897446,-99.26202559304619,-100.16487023246387,-98.74290753954332,-97.19398479768346,-98.12813516550933,-94.93920016107428,-97.49587632286327,-96.92296902259235,-99.6054268351787,-103.08875867789295,-99.4656069883473,-99.42990196934605,-99.63124592406909,-97.21851885211544,-97.2068736040023,-96.541092245821,-92.33930235045445,-95.46557125522321,-96.3615286210879,-98.7865677000858,-93.1059610540487,-94.62825168039068
2025-11-02T00:28:40,AP_24_10,2.4,10,ZigBee,2451.3323592328097,15.969900966176258,0.4468855779577012,-57.37700115867067,-91.62938859312425,-97.94551615742988,-97.02301753828293,-99.64727809822394,-91.54003522607236,-92.84789716167232,-95.0475145384177,-89.68560982513364,-102.19234883508632,-102.05863348396346,-98.79272602618549,-95.13012499698985,-95.48756905982812,-89.19246117186893,-98.83390271191448,-92.05894242808976,-99.85610124476004,-96.79333577696578,-94.67886327660322,-91.82440251566324,-98.38881607096742,-96.82831804208658,-96.43570722404034,-97.65262436589346,-96.22417531702787,-96.11506329938472,-103.56831064658176,-94.20945075353339,-93.18460493118673,-92.84407330705241,-93.52347430048746,-89.78172056123739,-93.0037249748921,-89.42879454357869,-99.68035956389208,-90.56235494566484,-96.3474057389072,-97.21105421563972,-96.63975514316984,-95.68867512901026,-102.39911732151946,-96.89007133986352,-93.16187097288821,-93.5811146551862,-97.61802179091279,-100.37321712551531,-100.7358010906137,-91.53479063695598,-92.12349499668173,-94.91949067062811,-99.8811661609826,-92.50310711899101,-98.70666166668745,-99.46367395712085,-89.28036554753449,-91.67914442265149,-99.36767563397382,-99.87428044361039,-102.90837520994506,-97.51835035819474,-96.7781221580866,-93.81540664885777,-96.70827695973847,-92.49404804619995
2025-11-02T00:28:50,AP_24_10,2.4,10,BLE,2472.5785526032514,6.926912931258279,0.4128125225154532,-56.81428154847484,-91.10843916633327,-100.84950771699275,-100.23029891076631,-93.60926471563835,-99.33053763183004,-94.54050203497623,-99.66005029118895,-99.3113164361979,-95.03727771729132,-96.91622198120193,-95.65349529218635,-93.54275944932158,-98.63165541590658,-96.79585660516202,-93.73228307373878,-96.27172297347973,-95.47774251386708,-101.7062613805534,-94.40196044531531,-95.02889403172092,-97.41595011652285,-95.2471739846304,-95.05194451438634,-97.38742588308732,-94.34496017737945,-99.55665666472079,-97.46238843998678,-92.95723894489032,-90.5613227714582,-95.5126541409671,-95.99835062330268,-91.42907065805267,-98.1781803633044,-96.81491986237499,-96.6285222828459,-97.86804461119107,-95.51544719020075,-95.09554967167766,-94.70797236337853,-96.97152111294045,-97.82021974579592,-93.02813248215354,-95.1610530207051,-90.92244341499143,-91.95510256895648,-93.84063037710358,-97.03544585028665,-101.89624692934312,-100.03241842742717,-93.15153207820045,-93.42440080824178,-98.15050239329484,-96.8756730365309,-97.19396790591932,-96.61998421994198,-98.30819446868021,-90.4895934966052,-93.5073725943468,-91.92435603578436,-101.01514646957862,-92.32983143746823,-89.12240113155016,-96.04319315254737,-101.0161725935793
2025-11-02T00:29:00,AP_24_10,2.4,10,wifi,2457.0,0.0,0.0,-102.13353490506546,-96.99538192641222,-92.74769600287806,-95.5939614047972,-92.3035847951482,-96.79259642346463,-97.29066567939104,-94.9613139593572,-95.86685141775374,-96.50269333378112,-89.50651376262906,-92.45429816851616,-92.15493416426277,-97.73072154294152,-94.31136795542673,-93.95604965296091,-96.21856341482162,-95.59036308711137,-91.00823519316842,-91.74332527695958,-97.2394724648056,-94.47492185795961,-90.53383814892172,-92.35627356171888,-93.62170456738481,-93.08468936881523,-97.93674918970447,-92.32579032733939,-93.98056533123597,-98.346781390989,-100.4076917515277,-93.65964062617007,-99.30124871741194,-90.79438650510991,-96.61667262683177,-99.89824196245164,-91.81933597057048,-95.91053425276638,-93.49408247888759,-94.25083986967297,-98.690175952352,-99.53442496521258,-95.07174418679507,-96.38045744989412,-88.85857094083038,-93.3841629047561,-93.43101274543689,-93.75229197427231,-95.57335269910382,-93.30763069510758,-95.72731379046968,-97.96777136635588,-93.40102053535472,-96.38722477984639,-94.79286299898473,-92.00538377052153,-96.39704146579192,-91.92696186692663,-98.96511313957153,-94.73841740809793,-92.49362769041419,-99.30500470487488,-92.5391863255415,-95.63989795884301,-92.68429779824278
2025-11-02T00:29:10,AP_24_10,2.4,10,FHSS,2458.07754785673,8.484930192825054,0.3556361213038874,-59.429208255097585,-102.20087669070921,-102.13830876405898,-101.08345189517176,-96.70808244338129,-96.85643574316812,-94.38424899810694,-98.33210650183099,-97.52919312891365,-97.28619145801736,-97.3776971956211,-97.0314999524283,-94.41224059862331,-91.76378647821412,-98.19241147106531,-95.26309596218736,-99.28780559806644,-93.00389489414064,-97.84478983892589,-95.73782007685661,-96.34468760356867,-96.58560425852752,-101.2712700410932,-93.26740967159415,-99.29512779248121,-98.08548509105884,-98.21432146722692,-96.9880325399808,-97.93273201519932,-104.65819184584907,-95.37911160240155,-95.84675084286151,-95.61609315224321,-95.59540250706482,-100.95076063869088,-101.58904502115024,-100.01668705011585,-95.53888990266414,-97.4568156934225,-96.60917466816079,-98.59372456668413,-101.13766880455333,-96.33903800699854,-94.63300877435799,-99.28667718104936,-96.96106900439162,-97.33648999996932,-97.05897169468386,-91.08024044390372,-95.91992856572828,-96.20378027912788,-95.5214157367703,-93.40785051924742,-96.20073299717468,-93.26461851749303,-100.3000520744046,-93.41737172769601,-95.1925725546919,-95.4753094467953,-92.95269675031481,-100.50586339205533,-101.88941191267125,-98.84791706397489,-94.67568554040704,-101.86919386834016
2025-11-02T00:29:20,AP_24_10,2.4,10,Microwave,2476.4211962207223,3.819153256461365,0.30370490904958763,-51.0935371762763,-97.65766864130153,-101.21801878391096,-96.32955859646083,-100.44008363896181,-92.7243434841497,-97.61345561130669,-96.28308492022512,-97.08468977869683,-91.30469556792053,-87.98130553013489,-93.6760306940577,-99.69535275117063,-94.42389601588256,-95.61632676469058,-92.70852340441297,-97.50394065642205,-100.29029082659149,-92.08091343853634,-102.1394998961143,-99.59792866088924,-97.67471827237391,-93.56032029091621,-96.24904531530846,-91.47293784494418,-97.55493600703846,-102.27137942412733,-97.45731192274448,-95.03177532350799,-90.9899891781429,-94.05577851822633,-90.73644234929908,-97.01647129664467,-105.90473001087288,-97.91665947122003,-99.31686681928417,-101.2714537346495,-100.32908382221366,-91.23538377131275,-96.14344934512746,-100.77733724712574,-95.06919255539943,-97.99391501673406,-95.5657191467869,-102.56637396549517,-96.70955479535027,-91.9812927800344,-95.00342897503131,-102.16975109048187,-95.2300750443244,-95.3137261898671,-97.51190345697125,-93.55987452095412,-95.25813984384301,-99.49372967848619,-95.216683992943,-98.23392434965943,-95.34118610223379,-95.15854827612098,-86.34790977033535,-95.37523214499559,-91.1653428442601,-93.38909131733249,-97.87431369156572,-94.83194261691382
2025-11-02T00:29:30,AP_24_10,2.4,10,ZigBee,2443.7380123417192,18.449361202062825,0.402300626113955,-56.62655334111673,-99.25087287047351,-102.90279206566038,-97.73209245361508,-94.87258124832721,-94.37036837054715,-97.47887460810959,-105.70490971998368,-97.17586400352013,-94.43022685306622,-94.10937718597205,-96.95033956460867,-95.04099203697591,-96.94546500311422,-98.1955770874291,-101.76491507116599,-100.83573564887934,-102.34300509597215,-90.20883413397995,-102.35159523876122,-97.32804792442099,-101.78935656063851,-98.77064707411424,-95.81575373185159,-100.85515174496986,-97.44129554272952,-93.94232956477336,-95.55917799423318,-97.4290458627233,-89.2553411048776,-100.1232948785089,-90.83175669324058,-94.96301389378054,-92.77290915780617,-96.59276658843555,-95.77012932498165,-95.73716115893765,-101.34388329109744,-99.08872475010503,-100.19464849770283,-98.96813654244204,-95.89920676187998,-98.44567484346392,-98.02172590926742,-99.39803555744297,-93.44017180363177,-96.06833129249264,-94.03611607104668,-99.75780040104695,-98.7085817059878,-99.13625976942957,-98.1651071947917,-100.64422030021481,-98.77169009450472,-99.31409410000768,-96.4564728180354,-101.16917987338044,-101.79840603994307,-99.97157104115988,-101.13649830786449,-97.92031993704356,-96.12880103590713,-101.65698629301437,-93.19220218088444,-94.70221677436335
2025-11-02T00:29:40,AP_24_10,2.4,10,BLE,2466.574878390837,7.638560246614672,0.4583920312457653,-52.921513897008246,-99.63222752685729,-98.12319341472113,-99.74237520342844,-100.93283060518681,-102.65086697790008,-95.29002172556157,-93.40066600807701,-97.62228447362762,-99.20065884081815,-93.57176873650504,-98.47341675470567,-97.98722431490526,-98.32918306951676,-99.42188385876105,-100.29488470614453,-103.52366284503027,-99.09215718665943,-94.71201416065924,-96.33319069764724,-97.5523467136438,-100.97261559304745,-102.60954910799254,-99.57239472575748,-97.20117651239357,-98.41672820142374,-93.83979073151808,-97.28161645226346,-96.33826073715882,-99.83963822158806,-96.05043899665564,-94.56833147009328,-96.95541730576144,-95.96423702797439,-99.05161549238154,-97.77491153828412,-95.78029931561774,-94.12616198213173,-99.16910943723121,-102.76677036470285,-97.08607351274047,-92.43566321565831,-95.66984755880726,-99.05472971228978,-95.14122203954993,-96.83834408202519,-98.72323961016137,-91.03320982378723,-104.27839579379267,-95.37203229822659,-100.92769116018682,-95.53484122939291,-101.6016739669493,-102.67478343374306,-99.16678233134036,-97.0652693096937,-98.7365713608792,-93.67557462605215,-95.59325150661539,-102.68581307124822,-98.69036590500882,-98.2687881154702,-102.19723934374214,-97.8307466976209,-92.09978950252454
2025-11-02T00:29:50,AP_24_10,2.4,10,wifi,2457.0,0.0,0.0,-103.7020589350882,-97.82575636630075,-101.06601357010288,-95.8101372049424,-93.4664552930358,-94.84419087822621,-98.65667274697158,-94.13042914736964,-91.90230375113286,-103.04036375381489,-95.32163171236175,-99.71187015112322,-96.11311892792406,-96.25639196433296,-97.52983464722351,-99.15326903196883,-90.83113954307811,-95.44193275992285,-100.54128367705694,-99.02604447835053,-104.58940504240044,-98.64815653724912,-99.06707852082442,-98.1164932012541,-95.37802308296062,-92.89577525087425,-95.44252024756685,-94.29550303630676,-101.1878041799452,-102.83813860991512,-100.30475667314384,-96.69480756200169,-89.54222576669612,-97.84532123412548,-100.7479331554886,-95.7721010553226,-99.06574929062076,-97.95537125404582,-95.90888635199737,-97.91313547819502,-96.53813792050175,-96.1118484876981,-94.00681182713882,-96.78413516259496,-100.67020804519939,-94.83715805024852,-94.27592662487582,-97.94676707482081,-98.6904281240317,-94.86311102587405,-100.44478823821595,-98.61895872548374,-97.26925280915533,-96.6522307210716,-99.94947655733527,-98.62542171796854,-95.56600684799535,-101.94514664976398,-96.87604507221437,-93.90516656401853,-100.00481586136281,-99.96716345703278,-93.6379218167816,-99.11136197633878,-90.81949266394116
2025-11-02T00:30:00,AP_24_10,2.4,10,FHSS,2454.3421268810107,6.645215980597751,0.2885679528784508,-64.55751993589736,-92.07597233731946,-99.74058548794551,-100.49987217280972,-96.13153973967763,-96.92592440379416,-99.65090314938308,-98.37135189108191,-95.91225059342895,-94.78827440093666,-95.59376222560566,-93.74508112814765,-95.75782469634304,-95.37052415995062,-100.13970988965961,-98.2796706986827,-99.09117512223737,-94.33917167080823,-97.45001600068088,-95.10377980125789,-95.18916794987848,-96.11362081672651,-99.30843301203046,-98.52186429595722,-94.93173030314087,-96.30186165740997,-96.4399402615902,-97.92474425003603,-92.09790622745416,-96.67476431356032,-93.33470155968385,-97.61343480423707,-101.49977745725815,-96.13179550386592,-101.50746974382521,-100.56530705122695,-96.28927385011336,-92.4408841571827,-91.19321511221465,-97.17927288900297,-94.37178737697235,-94.61238339360614,-93.89287817056108,-97.29865504290484,-97.47790605956207,-95.72067289696112,-101.1673427185225,-96.60377477258595,-98.59503580358623,-101.84817791581202,-95.87871219596713,-94.07984165812097,-94.1258626812005,-95.78166786951434,-93.49670113737353,-94.75100885628463,-96.63643490650682,-99.18372200156097,-97.9951168505293,-92.35563751746876,-94.62833900464031,-96.3764516146819,-92.27802738804861,-95.486428763829,-93.87010599211928
2025-11-02T00:30:10,AP_24_10,2.4,10,Microwave,2463.804796182626,19.947945037293472,0.21021481084965046,-54.91694019003573,-99.69928381449566,-93.1011425139429,-98.6203276068074,-97.26335182552207,-96.5021948124949,-100.75862493310449,-97.20084353297116,-96.23568558374518,-99.86027429219372,-104.21621238740086,-95.56303948652273,-100.47621341134571,-90.34663696404418,-100.41381927692481,-100.44243214013206,-96.66186239165897,-97.73086102085894,-95.53533916029717,-92.99811459925068,-99.02292209523668,-98.55104557770062,-99.3147707640383,-100.8145612625716,-98.20988496172326,-92.7495150002718,-94.52306126007394,-100.12213347762746,-99.81824772573121,-98.84922000266332,-97.41469277074516,-96.41544891279767,-91.5174442180709,-97.20035384802293,-93.47181425666307,-100.89877870309944,-97.51872562615898,-91.12827790159373,-94.91066263085591,-95.50182452824694,-94.96960999998787,-95.77128950855908,-96.88409211710461,-94.76723934300018,-93.58749286762627,-98.47469317516168,-92.28546477968194,-97.8586712201748,-95.11056166673904,-96.74083978891991,-99.56326951009744,-95.20643657072644,-92.16738168782994,-96.97595199838982,-95.64216603561707,-91.26658228810402,-95.32951069979995,-94.10720665836307,-100.05526721711594,-96.64303892192494,-97.7441582841078,-101.35717040139284,-96.93726001261302,-95.60873003478902,-100.09550270805809
2025-11-02T00:30:20,AP_24_10,2.4,10,ZigBee,2460.662709306162,15.289703048584041,0.502523786546434,-71.20850713832199,-95.47291931648205,-97.4150121985895,-94.38985558258705,-97.78053852161129,-99.63683417863123,-96.80564577342032,-97.55621288301803,-95.09931881864738,-97.4544668985204,-97.86692216264547,-96.971451407569,-98.38782526085413,-96.82049666576474,-96.93155024699318,-98.33173197943246,-101.06764207932648,-96.4439151915257,-93.1396593983732,-99.81015865852793,-94.32332416193704,-102.3259786865029,-96.56181251573209,-99.14262822545776,-99.6153657698831,-103.58540436310507,-98.58396317922106,-99.20450774103531,-94.47753454865034,-99.50630218944974,-95.71828675942783,-97.99435661546399,-93.49262124144418,-96.03621127214684,-98.7466709471676,-99.34771350075934,-95.45945234674724,-97.64979512713417,-101.79928465371148,-92.89860797531212,-96.53186363406012,-99.20782776552834,-101.7004213191683,-93.00634940692981,-92.24037123228025,-93.28996727448663,-95.17244879481906,-103.17432603452195,-99.68062140670214,-100.91510123926813,-102.04971004787406,-93.54849782911077,-99.69303685646263,-97.51413047564122,-98.7520567213486,-93.0068497334534,-100.4803947028892,-94.86590170362614,-96.19047050887738,-93.32707998760604,-97.67476141521318,-97.78403345288862,-101.44764259951549,-97.57635414581921,-98.2959549629598
2025-11-02T00:30:30,AP_24_10,2.4,10,BLE,2449.193721939762,7.088703811458492,0.7256245078472667,-54.97667924116764,-95.86341751647251,-100.35417958955111,-96.22683608534537,-97.91307900186311,-97.099856490813,-98.38040298437366,-94.85467828078187,-95.90842605172487,-98.55636780250532,-96.30657873557321,-94.15361110032131,-95.55765413061066,-94.6701887527222,-98.28963110893703,-94.47028790279109,-95.8410453853396,-97.63545176108964,-92.1582418867855,-94.80991988916143,-94.14290087592416,-101.0242917398681,-98.49260121160968,-93.26371302636454,-99.84390504306567,-90.69991618084266,-92.78193623275658,-97.5474754567163,-98.94763804397223,-96.66164032736523,-100.69146065837376,-100.02669861374576,-96.33919798073364,-94.93772371265906,-94.72708657574809,-100.0417574634314,-97.05013412285714,-96.39884623180974,-97.24114988016562,-95.66857657799694,-96.76607121684361,-100.89305669399916,-94.04566372321456,-96.19070797396635,-95.88887930864678,-91.39841787795369,-94.23229364430237,-96.92339978942627,-93.35847221892298,-88.32865313568368,-96.13345880400938,-99.30597611647082,-93.80008041636796,-99.53133578280445,-100.01923467942358,-94.35863079698383,-94.93636313200388,-95.00914714322631,-100.38752279344621,-101.74835783827456,-99.7180389062789,-96.55257877889358,-97.94718385313598,-99.7817042239237,-97.47235860218845
2025-11-02T00:30:40,AP_24_10,2.4,10,wifi,2457.0,0.0,0.0,-103.6341011507513,-97.78102215172235,-96.73430747195674,-96.18205389221139,-95.35527075532848,-96.19965532427538,-95.10870528847661,-95.67384462188066,-101.57356218771348,-88.07372408741432,-97.33838512950344,-90.67903017963701,-97.48043689589332,-94.98000076062584,-98.5678741115253,-103.17226488929407,-94.5114436906056,-97.09319077692577,-94.7156311921429,-97.72066518159127,-97.93002890183988,-100.27919099868791,-97.16065254721421,-93.95716834503206,-88.3647792283601,-94.74400558243845,-94.2870818079289,-92.05784435347867,-98.81840520234863,-100.80001496755212,-95.49949969112448,-93.70037145678663,-91.53383093895565,-100.41796969596689,-95.50566227730734,-99.97123458411593,-95.40031992578093,-94.09866335134909,-97.08960799630825,-97.66535812613046,-98.38305649148914,-96.78974433204563,-93.78159682208424,-99.82576091067722,-99.15580094805533,-97.65581839482796,-92.90192217721709,-97.51394079447923,-100.8047640309863,-99.96042994763323,-98.95321537437871,-94.9301445686198,-99.31974579124157,-96.06782505917661,-98.7822136791345,-98.2595495290552,-97.80488436794803,-95.28561102015951,-98.64177690967841,-99.2089316794837,-95.29150886658792,-94.96602451348598,-92.65450201261206,-98.07933803116822,-96.53213081523249
2025-11-02T00:30:50,AP_24_10,2.4,10,FHSS,2469.1449324248983,7.292288525436133,0.722525261959365,-65.9926211371625,-92.23152077419631,-97.62183158406596,-93.49184123870998,-90.79782003067938,-96.11212861890236,-96.31844577754656,-99.50080993314607,-97.84355121417599,-101.30347708148467,-96.4238683661547,-98.57080469217519,-96.52851150878432,-95.92920896387525,-96.60125791944839,-96.623267755318,-96.51459739899721,-98.83454639300095,-93.37475428901679,-100.83837194652028,-100.2744578954783,-94.98451043608551,-96.23594306919698,-98.35898059300092,-98.67087924009036,-95.66322760222336,-95.97169573898675,-96.95478087869483,-103.26090332685175,-98.52885799458315,-95.65617056724088,-93.01446419043515,-94.44738435058443,-94.08124220977145,-93.72950999272535,-100.52230317848974,-100.76903093382238,-97.91487459396318,-95.87862211482992,-95.88311910570559,-98.39211045878449,-87.08035630145257,-94.06923135013571,-101.89857168626072,-99.46297597900866,-93.65754573777731,-99.99497882914696,-97.51047391641366,-96.09246744727953,-96.86978528604854,-98.15352137031206,-98.0468029174196,-98.22971766409593,-92.41974853422144,-97.0408550211786,-99.17204788859127,-99.04753553708036,-98.12502435442778,-98.8604159531512,-91.88874233587205,-93.83837044168813,-98.99385179038845,-96.18842510560737,-98.27747402672699,-95.45141807986491
2025-11-02T00:31:00,AP_24_10,2.4,10,Microwave,2441.9428423898835,3.702585779136676,0.49745532449914653,-57.42981473161067,-94.67633239370605,-99.60954094836787,-99.60254738135609,-96.5998769375762,-93.3846801685641,-96.36738240012441,-99.74620879955086,-94.75853837639549,-94.88707191480982,-95.53869218919016,-96.81721322442502,-96.35589313385674,-94.57250425562948,-96.3155788205742,-98.83579831592981,-99.09734339575397,-100.36767343243022,-99.64810856124569,-95.84441886296257,-97.05895451193307,-95.07775991733142,-97.49155358822554,-93.3880862611648,-96.2865404622147,-102.26225010690669,-93.14859720219762,-99.69127880905869,-100.70437106977775,-101.01497026418667,-97.51305334152927,-98.31226305914566,-97.44384177493225,-98.87299552752255,-99.27727956616464,-98.47876689288579,-96.72493692349558,-99.260015561472,-97.97220062449676,-97.8026345057005,-97.69533669771033,-98.58184025273106,-96.51194870767091,-103.67247414593633,-97.6948602256346,-95.74104812041487,-95.55682455093516,-98.09828132114056,-99.38935940078635,-92.76199901563439,-98.32577940948474,-100.34582584040369,-102.31453324764323,-99.1213104349025,-101.26693376287795,-95.15969585584251,-98.8078052705836,-95.58107622226133,-98.35649285628794,-93.58822219490646,-97.81436306114703,-96.03015079339735,-99.45975630522837,-92.02834534508462,-96.69971459682648
2025-11-02T00:31:10,AP_24_10,2.4,10,ZigBee,2451.313905383481,3.6786938133080973,0.789232377718214,-57.77110962771829,-100.13903291641051,-97.7926309862245,-93.71043756218455,-94.1287119181809,-97.16229599412743,-96.54763397987628,-95.99645064967422,-98.57393814306707,-94.10851679384584,-96.01592080011785,-95.03421252119239,-99.72218935751737,-94.98671883541158,-93.55049797393329,-92.07281276311117,-92.33378922324852,-94.81526830971583,-91.97729338900285,-90.43189642585222,-93.2558483690564,-90.11588343541982,-96.23174733800968,-93.61495543534937,-97.63462361206423,-92.06421228333772,-97.40538492143631,-90.50111111730403,-93.78900978236364,-92.94696591371651,-99.67295564210366,-97.68381822311224,-93.43970922263632,-94.45131400410297,-91.82522834482754,-92.55310144554942,-94.12117248217157,-97.81925827847701,-96.4299812550842,-99.29100552645755,-92.78543996988041,-90.04765662571205,-95.11580529457527,-100.26421075298472,-97.483277557218,-91.86019343753487,-95.42648658208779,-95.07414228879594,-98.71797003192842,-92.7365804026909,-97.03137928012563,-97.34944211013332,-89.70893044006598,-91.89613331895056,-92.01967728381044,-96.04924056271929,-94.70618223050327,-92.60994735262582,-93.30734944329005,-92.25238506323775,-99.70011450404908,-91.30292630732094,-96.37403352853784,-89.36517224886043,-97.754562987144
2025-11-02T00:31:20,AP_24_10,2.4,10,BLE,2458.817252765133,11.979751651067904,0.7666908247378375,-53.65900639408518,-91.71314636576591,-101.95097126282245,-98.48901971368564,-100.57871491563179,-99.14343441275707,-94.888433603579,-98.93804442836024,-96.62271886014153,-102.63125540457659,-100.27214917047284,-98.23436113402519,-91.90638576864599,-96.67859125750796,-98.27804946751935,-101.47017912688963,-98.0676949147624,-96.07138097769436,-101.41659507246275,-96.511883878034,-92.85457203204248,-95.17703492558327,-102.923052961132,-95.11693928356536,-91.31398218415133,-93.607119678149,-102.12200613055208,-93.21538954061694,-97.57626506997146,-101.52173495477207,-101.63633047259891,-99.41146343409994,-99.56392288699705,-100.33125122033377,-100.74692635637646,-98.95988797282195,-99.27543543454976,-102.09664540628302,-97.80149502592272,-96.00949924810368,-99.08606238832995,-99.32619195101682,-96.80285076951964,-97.74962811272269,-97.3420309023042,-93.5881066448433,-98.36665037162679,-98.11772724911195,-93.9529729463499,-105.08129354858119,-97.03512748994058,-96.20419301989266,-101.90241338021515,-93.53030901777583,-97.48325950211613,-100.87852191461214,-99.06280483020947,-98.64285892950427,-100.61224336369226,-98.88898649421361,-97.75724277805361,-99.40096490806167,-98.6357768728944,-93.82307234576975,-94.3786469412981
2025-11-02T00:31:30,AP_24_10,2.4,10,wifi,2457.0,0.0,0.0,-104.20365978459922,-92.3076795380341,-94.81075978545388,-102.80106619264359,-103.56934901379337,-96.85387241979286,-100.24751094840474,-91.29052219589204,-96.36041987200194,-100.67977744592027,-94.95579959435887,-97.2920816227346,-96.93892627617959,-94.84262495977089,-94.34593968327295,-97.02450422161651,-102.6346660820231,-98.94660720320233,-94.04689586865081,-102.05308760080506,-98.59421215192828,-97.7101503361658,-91.95180370771565,-95.16160026416502,-99.26639064804296,-93.29555259485082,-91.93904014511037,-95.103748754628,-97.56996267531973,-103.94116182510331,-96.15971722939275,-93.70074836052072,-96.50137925841925,-100.97355684389453,-92.5977857853041,-98.55927593571684,-104.92887477039874,-90.98945048677835,-96.37259430276775,-98.11922640412476,-97.52355495052876,-99.54255361275875,-97.10392144763578,-94.94297304683579,-104.39115769524703,-98.54975942116504,-93.25582710627305,-92.36762532863025,-96.26647461209882,-97.42229674436055,-90.93456300136651,-98.15799312724002,-99.76130180415197,-97.80558251835413,-97.14351965574598,-92.67862655553756,-93.20065015534675,-95.11527963080363,-98.07640588856007,-97.25125969316431,-91.6269784417181,-99.6109237973514,-97.89724169182155,-92.55164364332117,-99.93513343716559
2025-11-02T00:31:40,AP_24_10,2.4,10,FHSS,2444.1713448395485,14.687341264156178,0.436826980584517,-59.55635579476692,-100.86124191586788,-101.27573003158243,-99.7886773277893,-97.25428460175517,-96.33860392555884,-91.55801547646588,-94.16321252160593,-92.92622196885158,-92.5151532198651,-95.75545180853739,-92.94486608503456,-89.67903426215145,-92.60041163026975,-93.88218036435761,-94.85478510537197,-93.45958019283728,-99.00029132292727,-94.23151829617704,-92.58658672442944,-101.47743820053965,-93.61985391434332,-93.01083805070336,-95.4239911267903,-96.85044143747875,-96.80034907705414,-93.29665742485285,-97.71218850533039,-96.17740267167797,-94.67315389553563,-101.41896313820655,-101.32135735792292,-94.43914446621974,-91.95109907485538,-95.0682805006492,-95.07570738225556,-99.85120538210815,-96.10068635992116,-97.6034696837098,-94.40341025638048,-90.7295456538373,-97.76318921064822,-94.33709724721535,-95.3555332390776,-95.40650031820631,-100.56952334219147,-95.50287985921977,-96.29042983704863,-98.43327431510279,-96.63973301561494,-90.91580584699511,-95.19659678552478,-98.43218595436537,-91.63274617142586,-93.73217646523342,-94.15778780985028,-88.56352190277778,-100.28909446376584,-93.97759915413228,-97.86862480284641,-96.88563712431221,-98.066127515111,-93.56110081501897,-98.42589007556992,-95.91561757434799
2025-11-02T00:31:50,AP_24_10,2.4,10,Microwave,2452.217510500168,7.2269211948421335,0.37621204687502297,-68.98700478765815,-93.92014470150575,-91.71240146262457,-97.56611143598045,-93.48490716500588,-95.02389604441699,-93.56180299519652,-95.00860536451862,-99.22068724725985,-96.79143303134518,-94.35794754779947,-93.89699594478006,-93.58648548772311,-101.28658602844095,-93.18065835733188,-91.5418414593025,-95.3102924479509,-94.55758912683191,-89.4915035065006,-92.52890072759,-97.03596720048803,-95.58308054129753,-93.9552690101199,-94.48102905688242,-95.03431162689449,-93.57639064358607,-96.9099270185874,-99.13163608519183,-94.15050516660085,-91.60723275193088,-96.98221001182375,-92.66215225353929,-93.50546164527826,-95.1411456628511,-93.50696973775032,-95.52883327737833,-98.30576479467364,-93.89582804013644,-95.61062218975336,-97.61817081472398,-93.55904923706767,-91.23419416738265,-92.14690453068516,-93.85756425772404,-92.97226753743054,-96.42870844220717,-97.64657204052293,-101.7483797459747,-100.3585007123634,-93.51336091250383,-91.80838014795758,-95.70790190359745,-94.3851668778535,-97.89427551448973,-93.91196854271203,-86.59113313003353,-95.79309261441804,-92.20066709092622,-93.839182471637,-92.16592695716568,-96.7474266873855,-97.1530551169332,-98.18117551712524,-98.58136822351723,-97.32444639358518
2025-11-02T00:32:00,AP_24_10,2.4,10,ZigBee,2465.204285152886,2.71200818391385,0.40208288007731285,-63.90360306233621,-94.48774760477335,-99.22685669078753,-97.76191699174812,-91.04547073464566,-95.90483142523422,-94.68656393167532,-92.53858439359595,-96.052383642784,-98.2271717600618,-91.2300510696615,-87.81796075310594,-94.09189565270478,-92.52295852161949,-92.44365027684549,-95.67968829920162,-94.3766670412731,-89.04687793305008,-104.32557986817147,-94.23370832493747,-96.40513608717701,-97.44185711674159,-93.06504160083747,-98.48443251226517,-93.902056702576,-94.20717860949867,-96.74010826662257,-98.82011450866878,-91.86467057931533,-91.55695328091264,-95.29830538501623,-91.56259171521394,-94.53897717567423,-98.436590556841,-98.75741086051387,-94.69687085211537,-94.66221002139069,-93.53200822571121,-98.53908488810454,-89.66805211879287,-94.30954610201843,-93.61789385914035,-92.93733915934455,-86.95377355571556,-91.60907646993687,-89.64175463733515,-96.2246862350526,-94.2137644856656,-95.14909881078479,-90.48401917759152,-88.9140578415576,-95.56138644963768,-100.03879385651102,-93.14069236361061,-95.165866656125,-92.5232757179375,-90.40966804354548,-88.88957198509372,-97.34454950081995,-90.76089092849146,-94.7227347489476,-98.33994424155009,-95.17569693644795,-93.08662283917528,-95.83988436676414
2025-11-02T00:32:10,AP_24_10,2.4,10,BLE,2448.76314299708,19.366079089878752,0.5284297515203477,-55.784841457132345,-99.42543891260041,-93.94313173413748,-97.00258653830767,-98.25281325514695,-95.90336087899259,-102.71840282670182,-93.82147739182255,-100.21972039108577,-96.30823389097398,-101.04861279644884,-94.41493986666745,-105.10342807404876,-92.27292402607178,-96.5470274169137,-95.90119611950466,-90.27900390470843,-92.28304204051025,-95.84620924551169,-94.86482207705643,-102.25218103257568,-96.50262088940129,-97.08005549840992,-94.64957092038128,-96.85123341564696,-96.86966557123968,-94.41811848750999,-93.72699335579752,-96.6713700650539,-97.58421392482022,-96.68218931475994,-100.32357840851485,-99.64793085147716,-94.17157394630118,-101.86077759821839,-96.53433920280054,-99.21591852515733,-100.37814803651288,-100.10772377830429,-94.4116692335547,-90.45937865723735,-103.01544087894658,-94.6430634497392,-94.16196473178432,-91.73518385476817,-98.74023774831934,-97.6142965032959,-100.20117114579978,-100.75307068531991,-97.42741461765473,-100.53454262976713,-101.78228773140492,-97.120305517713,-96.54019430267041,-102.02393251554749,-97.5424786832568,-94.81786940611974,-100.55920434043728,-94.09728137092895,-95.28602006116348,-101.76254561153583,-97.34434737235865,-95.11068954765064,-98.24687895300119,-96.96646903813733
2025-11-02T00:32:20,AP_24_10,2.4,10,wifi,2457.0,0.0,0.0,-105.44390761014344,-94.54838476173715,-101.86043100093039,-94.7819387844622,-96.81278737236384,-97.41238286406272,-102.81276670814287,-104.00624843676549,-102.18906996009447,-97.74852493405045,-104.957072892198,-97.86944276613424,-99.44672047038345,-98.69375698482474,-100.29776502991879,-97.06443105138497,-104.21255100006731,-101.19850407413817,-100.62721278356815,-96.00501813761159,-99.10095746787579,-102.62962836893541,-96.01055088023914,-103.76989435490563,-98.98619033347376,-97.06079090596108,-98.10042509979608,-97.41190954959004,-97.19324724733369,-98.18230652133178,-98.24849950148287,-93.651041878738,-104.16975715098623,-94.07453782922558,-97.29366761499078,-99.26626163270559,-95.85749603367196,-99.54740419446372,-95.02882406843577,-89.44954552150683,-97.43779325948331,-99.88469275766683,-91.80984382280788,-94.76939271610628,-100.71827705550663,-103.79098522898623,-103.32967098811515,-99.38910502855158,-101.8174097310006,-100.15702776283133,-92.53135850321998,-103.63905599869679,-97.35360592959401,-99.71488802003155,-93.98901776116686,-103.41936146740125,-97.67405208795165,-96.96853286893126,-100.95488942257653,-98.43697024807157,-94.68798467975833,-98.9447002238832,-102.5930912522282,-93.18917157266621,-105.40801428036758
2025-11-02T00:32:30,AP_24_10,2.4,10,FHSS,2440.5456855282578,14.095909487416757,0.25332773015691923,-69.18917007427218,-97.87326265569804,-95.08248784588903,-93.07458670471374,-95.26589904195438,-95.5724925516798,-94.83978594761365,-96.2830303293666,-98.0381832288576,-93.8477869790348,-90.41178530985164,-90.96265099246783,-98.11264949323608,-86.73964896997602,-96.73761826477015,-99.05458198146852,-90.17013349797602,-88.9994725400264,-97.14599234779226,-88.0431456116056,-97.85784562621734,-99.65538916019042,-98.39849333810324,-97.50327189798419,-95.10226513917742,-100.45596920916078,-98.06118980149056,-90.25338850237003,-98.15775468468138,-97.46142411149633,-93.81866900284014,-95.41626950750067,-94.41675687765273,-90.44436863228941,-98.38664099651108,-95.22649954327845,-97.3674765162791,-98.97757984705568,-94.31144841026635,-91.10406194327291,-95.00150492311451,-97.36121716037032,-95.86643192900283,-101.84613788230341,-91.21022350795769,-98.58902176440705,-100.47363800232381,-96.01535689498779,-96.4033188083881,-95.95596720584727,-92.71196113220401,-97.35172559707044,-99.97995365734008,-98.69545750710604,-94.05582454710166,-90.94406365427695,-95.48353685747475,-98.00218826817722,-94.64306648100202,-97.18779970881623,-94.70992949857927,-92.37633706067992,-90.87130606670571,-93.44474344214119,-96.6499602967172
2025-11-02T00:32:40,AP_24_10,2.4,10,Microwave,2452.0097555867787,17.183335396260397,0.38908488508529937,-57.099950890089545,-100.62796496399085,-92.32209118923637,-92.43709838891573,-102.02782876225389,-98.50932946730686,-94.82574363196973,-101.25591184732299,-96.87731757852097,-100.51390622079927,-101.06480406699177,-97.19167308202803,-96.41549086231876,-101.03751130011389,-98.0103849392217,-99.51371330317441,-98.74665405186718,-102.88731657158664,-101.5751778430695,-98.67131665632333,-97.77236276225423,-99.82996482418646,-99.08526929705408,-97.2825274817135,-98.89192492755802,-98.93899638803526,-95.14908827748172,-103.78429528568958,-96.37095327585284,-101.7053925240301,-100.26289939400515,-98.4914776988145,-103.26662527235445,-99.23545202047572,-101.96855529622583,-102.65055504360905,-98.65656119247745,-96.43012422290342,-99.83036848829927,-102.21138251451474,-93.99813789855286,-99.0291412960981,-97.59736121624128,-98.69095706526126,-93.83477071032836,-96.57385941722592,-99.23113673265087,-98.09546775195615,-100.25414819976059,-99.29827251950609,-97.00047550513597,-96.6393040564714,-102.93267135906258,-95.72844531166974,-99.41038000021622,-99.9605374130261,-96.32967222647447,-96.23459828431344,-104.09925313739161,-96.92161716803413,-98.05441882455969,-102.04420554448538,-97.61414680256978,-101.55208018026691,-103.11996709521122
2025-11-02T00:32:50,AP_24_10,2.4,10,ZigBee,2451.7119660524904,1.4632304854479052,0.7451234850104944,-50.26952264493167,-98.67871311889702,-99.8174140234236,-91.83826276178765,-99.87087624769005,-95.04194043247274,-99.28175139559144,-93.14220461551098,-97.05886775589086,-104.05119619313791,-96.57691800191287,-97.02094824046735,-95.28123484475385,-94.83840869861876,-101.63082847533015,-97.62921038062252,-98.68726777444063,-102.49519698403098,-96.32773565052865,-101.21269252956871,-99.9204745972852,-96.13077449729573,-94.45473313108637,-89.77503555423365,-96.1913368966012,-99.42979509556946,-96.63803199699196,-101.59420598455796,-96.59140490989226,-100.37566034049362,-90.80607815053634,-99.24729491233661,-102.68046217835162,-100.80478761375976,-97.7824967238328,-95.03268285218653,-99.5341303483926,-98.98616401044977,-95.1494232376394,-100.64730581186811,-92.89312526715044,-94.46707999273481,-97.80308945165731,-94.19488074631636,-97.25143592034892,-96.05879080930474,-100.68317333651629,-97.03471367379713,-96.07186547835177,-97.44631764428205,-100.21796857782438,-95.52480798967424,-96.90439316725805,-95.21012517227248,-98.92690367572912,-95.64899517510815,-97.17279955753621,-100.42588111511579,-97.29525960629533,-94.74124029580601,-93.87299270732267,-98.43450472854543,-94.96259086435765,-96.25106213578499,-97.75081961367547
2025-11-02T00:33:00,AP_24_10,2.4,10,BLE,2446.2036568146227,3.6500764500961127,0.672714791505934,-59.62414885679961,-98.29021017449983,-97.41449643107508,-96.72551820617818,-101.30181391519967,-96.88240182190891,-97.27425109980487,-97.38361114246844,-97.26227259559694,-101.57924347681411,-92.04367434284141,-96.13116359638893,-95.21397703081112,-99.55455398962962,-95.84930847413577,-93.69429671990797,-101.1587670481178,-105.07514873195849,-100.7792962839903,-100.15531623859538,-98.17396743524655,-98.81048624245712,-90.66132820962274,-94.55384082586335,-96.00471212332114,-98.88712083205289,-99.32931511161027,-102.28394966755384,-93.83145990230463,-89.56724689651472,-96.62320935686701,-88.92620275417562,-99.22163147726212,-99.83537261323504,-99.83424304254589,-100.01728101605443,-93.39053550933285,-95.04321265259549,-97.49526921902616,-97.06859683235815,-97.18915832701694,-94.46003246704586,-98.23713431432326,-95.32704583206554,-91.91558350794023,-94.0758406841968,-98.42081723903782,-96.08994408534464,-101.2628246485751,-93.66770536396491,-95.42216243478845,-98.58704504082358,-96.02029841772045,-97.45430893498768,-93.32108286916286,-99.41795742539045,-93.77008217089201,-100.56252200752465,-97.95549673415444,-95.9485445379433,-98.80564546793892,-95.35587044578355,-102.7489261801237,-100.74512194674347,-101.58136738046598
2025-11-02T00:33:10,AP_24_10,2.4,10,wifi,2457.0,0.0,0.0,-102.6833524386729,-93.95036245337916,-95.48971767260434,-91.8867295257105,-93.45081663964545,-98.56932603269817,-97.08191552556765,-96.85741170941019,-92.9125007618226,-99.67027188658032,-97.58314826217155,-103.70513051807558,-97.68165985788659,-90.74297244575934,-98.41336895839518,-95.0598972325875,-91.93105564344411,-96.21958477956896,-94.71912426598234,-96.20972451065985,-95.82547733910407,-97.02195380274318,-92.71109792969538,-99.32048508721213,-94.18740019236314,-91.36652611973885,-100.69201322027305,-90.9920146555105,-97.16825540042973,-96.97253711753174,-90.27319915115072,-96.47584638169762,-91.60687376524145,-94.46686810788236,-95.75393597666167,-91.2733668880454,-92.25544566969674,-95.09222238382526,-95.43302963986446,-95.84009502905897,-98.71713103446831,-91.39886357379075,-87.54385673308724,-100.03123075989922,-95.96694717272355,-99.08252963693772,-91.2898754724884,-95.58471273186069,-94.60509706192748,-98.60074426881518,-96.92215451987039,-88.99754531479125,-96.41759280892954,-102.02474587247008,-97.709730556015,-97.35536139065302,-98.76826498988375,-91.77182603790435,-93.6360325879693,-96.77548679742301,-101.37347816127972,-91.87031641761,-92.61692998016304,-94.98017160338651,-94.01966532030178
2025-11-02T00:33:20,AP_24_10,2.4,10,FHSS,2450.0889639028046,13.123636926188695,0.3056613588003,-51.96414966857067,-98.93949644244269,-96.73440646539434,-96.87744160442719,-100.27329070097235,-95.25145637603721,-93.83770219725626,-99.37393402422886,-94.80842150944322,-88.86777330259686,-93.10815368817873,-97.82353516817312,-95.16651238605803,-96.1966784005782,-95.84826488941727,-96.13849253857704,-92.82480818972489,-98.43419391662886,-95.74387618696595,-100.36946606797007,-97.96247262371674,-95.00921565192303,-97.37108253009926,-96.66540942235105,-95.17008522515246,-100.50573819072933,-95.15522390096437,-93.57863443789316,-99.30413353226996,-92.52229986772522,-89.01161721658943,-99.75103510447073,-96.19400976551438,-94.75692387489242,-95.20232909140734,-96.86038505195894,-95.4856209131182,-101.41230202739135,-92.20337679007804,-97.84397202708688,-92.97511607858887,-93.84376484364535,-102.15049499397236,-99.33276008842581,-99.91781986527242,-96.8553761218613,-94.37879383502585,-95.55459090940603,-96.99989457192295,-96.25985299920782,-92.53604036005015,-95.34504960260868,-89.2647024637428,-102.30395627656631,-95.5081147095976,-92.97427316490344,-95.99362641223816,-96.05463719973315,-95.6823966393534,-94.01225241244558,-94.40996706490033,-97.03727466908705,-97.0840132166683,-95.67698720921662,-96.79471469766224
2025-11-02T00:33:30,AP_24_10,2.4,10,Microwave,2437.660963514144,14.176188532310814,0.7549168133708382,-68.19580855222554,-95.83420286765895,-95.3146666738384,-99.2763761622854,-96.98971008183624,-97.01691487206608,-95.85442764755331,-96.53243783657487,-98.90990498268806,-96.11602975885886,-95.09453082516364,-98.1807984595123,-101.02250179597405,-92.74410654915158,-100.95740500065139,-99.05088437719664,-98.38244195544196,-96.91085621853125,-102.57952739458588,-97.68658634352288,-94.7730015661371,-101.88315771057353,-99.47471778489835,-97.52462548577546,-96.93283729771503,-99.45837775217079,-97.95618267397181,-93.80948714305741,-96.32634406660547,-100.2468069118614,-99.53369964788668,-96.28721985820742,-99.00830789848631,-91.64597252074084,-101.32560756637415,-99.23053544181039,-97.67895757908664,-93.0363885995554,-92.34961618205598,-100.81469337646683,-96.80549273395194,-95.78342308431485,-100.38322950750751,-98.6185762780652,-96.42102484634734,-100.01652072858624,-100.11731650235505,-95.86891659114858,-95.74176010662866,-101.59891526509278,-93.63445649594262,-98.11525479574466,-100.36357917408799,-94.77495060760752,-95.7876697940331,-99.45144328397018,-96.55530581207019,-98.0479652426701,-98.1661128020307,-97.82272769794598,-95.47745345797489,-98.80401348714567,-97.03307040363836,-96.7242649127461,-91.1488509760041
2025-11-02T00:33:40,AP_24_10,2.4,10,ZigBee,2445.7583493453844,12.386596389579402,0.36001204503747597,-57.35582427674058,-99.57133387953732,-96.86021975267076,-101.52019963752896,-94.25124197028727,-95.71565797745563,-99.79246675949767,-100.01989128369631,-100.18768615522492,-100.91777592551469,-93.8106235113173,-100.83336839984578,-94.69589134866428,-97.4788015113794,-102.2488302716519,-93.93398602373378,-99.26987882498418,-98.1130579923188,-97.67332763690018,-97.78577146829228,-95.8991860078786,-100.89643459970553,-99.2192154208625,-96.68471903600822,-96.85026648314697,-97.03308595760458,-102.26352358695576,-94.44967872452237,-98.89475463757574,-95.34464112303937,-98.72242550738434,-96.29935695540453,-96.62392989591338,-92.97984552415551,-94.09523299586071,-97.572860863939,-100.50595749010036,-100.22128522029982,-96.3036734427369,-91.27945450196712,-96.69596183455536,-100.11898275182025,-90.98964450847897,-99.16010796911102,-98.32660992105114,-92.18839251988021,-93.6244679758352,-102.22594885402006,-94.68143495660581,-93.93617876716277,-100.27603736970363,-96.95563339134293,-100.49744725573909,-97.9068201626159,-95.28759963204634,-94.73282425789216,-98.24905444937862,-97.1835991440473,-100.40983412239105,-96.92826064851448,-98.95389714352147,-93.50551456343221,-98.02876104016295,-96.99899303054636,-97.60820030299793
2025-11-02T00:33:50,AP_24_10,2.4,10,BLE,2438.6156571437955,12.56070869730587,0.46013671631758674,-55.04261848375943,-94.54030094637996,-92.86744323109924,-104.21764959760448,-95.25424254673493,-96.63615734782591,-99.82114245383951,-91.50918332504996,-104.45258069884551,-98.35399759535095,-105.18629911341262,-102.00520781851647,-98.6701108296799,-97.62886477540444,-100.46689352030955,-98.82584711086542,-101.74350838769202,-99.39072082721873,-102.78857112261322,-103.85344686137776,-93.64477154855705,-104.0119987297737,-100.47849851038097,-99.48377615709798,-93.44643454115027,-103.19093680296118,-103.54233546354804,-99.08509837381852,-96.13478816276435,-96.97310002776916,-97.5780289746674,-94.42621968131905,-104.49613849436504,-103.79513978880158,-97.09109299447778,-100.18352866810285,-98.64842490498116,-91.95504284952601,-104.83201297959411,-100.09383244049432,-98.7836490213023,-100.26915588253046,-100.05002604257626,-98.91511324886864,-97.80579258516168,-92.89868181246845,-98.92098056502039,-98.61311759023106,-102.14151652652832,-103.3206724677719,-96.17956294956682,-104.08387201638894,-92.26492819666814,-94.18527660704208,-99.35654179160424,-106.18897930710797,-102.51422598703557,-98.84177065858205,-101.8338949999586,-96.16453986747251,-97.4866456991323,-92.33085431743048,-96.17914374217003,-99.86038025620661,-102.00798280060009
2025-11-02T00:34:00,AP_24_10,2.4,10,wifi,2457.0,0.0,0.0,-102.48300776429612,-98.3950798485199,-97.39117385816635,-99.2671335036182,-94.44455415196167,-96.16869016355542,-93.07767674189027,-95.77113393846024,-96.87330892600477,-102.83975882210996,-93.13601059377102,-96.23854542331836,-97.6147943815396,-97.59294572139937,-97.52045761840273,-89.95842642518546,-94.69653572535918,-94.55703212017261,-96.50958483427027,-94.06096198848128,-94.11306751676236,-89.79402942589965,-95.0215940369232,-98.22754259567138,-94.7087153935769,-94.02460905395581,-95.4329747447271,-94.47311649923988,-97.41845047359378,-95.75212370501598,-96.68300713411047,-97.50262742337615,-95.40075323525163,-99.61724678376717,-93.81206076077282,-95.93372405797001,-98.11091638604755,-96.19961239998098,-95.91861000569936,-99.39755729345555,-95.67259277098285,-97.30977121751262,-92.42301689360917,-99.15806951292541,-95.32906442953175,-90.6329383188946,-94.99255779991944,-95.29698963692864,-91.79954462944801,-95.89523546880771,-94.04353433983977,-95.94699779925102,-98.17532067515153,-95.83620884624277,-98.86182705568926,-97.65648929130883,-93.91739479709295,-96.99245829780887,-96.65097931025394,-96.62176602481827,-97.2253130980887,-93.27855026590419,-101.66789739248266,-90.8543561543913,-99.04203854420828
2025-11-02T00:34:10,AP_24_10,2.4,10,FHSS,2447.745263668851,1.2161938993178942,0.43702072851082513,-69.1837094749637,-94.01827493431226,-87.17746860245829,-100.84591962671192,-95.79380722526297,-92.980279118414,-101.4080234960374,-95.65554654136638,-95.87270377062153,-98.40067285957537,-94.0164275940673,-100.06488441070638,-100.24920081360574,-97.72484040352482,-97.29876526787399,-96.1392082217316,-97.57094609018627,-99.02613076501373,-93.72437427346654,-95.09931380081025,-99.77147559646231,-92.09198987950774,-98.34373101980587,-102.69446693988182,-93.03394428351581,-91.91744785438479,-94.00249301207141,-100.07192653494178,-99.64683010756818,-97.36784973669346,-104.68938647662459,-97.64584520415978,-92.0472589319895,-99.32371894616314,-99.63581668461184,-97.90926156212831,-91.45693131009766,-99.25333510823607,-97.96427900367424,-95.39561559867221,-94.85677379689606,-89.95360630118819,-90.77597270419118,-96.13660290602323,-98.77412285909656,-98.88000357951394,-98.76688735178969,-92.23116286689852,-99.01947388474292,-96.75037502871442,-94.75463957136269,-99.06264766136414,-97.31208214932846,-90.2317100252494,-93.39381588686028,-100.23923527667529,-99.22522202952257,-93.98576671054087,-93.75506793766948,-91.7019938330403,-95.56149683548722,-95.86037304244279,-101.16862711111136,-97.4072436625068,-95.91807293586373
2025-11-02T00:34:20,AP_24_10,2.4,10,Microwave,2476.457403357032,6.8596590690416495,0.24244200153118048,-58.722747361501646,-94.52015444869309,-94.2996083733687,-95.36109845822713,-99.6762262911602,-97.3125034391739,-101.13099421397145,-90.70292467784094,-92.81820985789315,-97.79024895351307,-91.6355611810812,-94.19476004155324,-99.24052883145153,-91.83978926575068,-96.22854118497422,-93.93446780721104,-96.32375757875863,-94.84325787133587,-98.54551475317498,-97.92462596858375,-101.3348481869864,-92.27652708235685,-98.46034254528074,-94.04448580180068,-98.69033269246496,-91.8687838754931,-95.91431819167119,-91.3306142639819,-95.1395451988756,-95.21876594460453,-96.12364684021613,-98.73879959897477,-98.86684038280474,-94.7473003302123,-101.58125148123021,-94.44712708014904,-96.4356029964852,-103.78797447709417,-101.64229090793974,-103.73463272055659,-98.32752551145731,-98.35610369313572,-97.39331819399467,-99.59718605566005,-96.62367024125695,-100.65495512526869,-100.68605516166315,-92.35103467248815,-97.8981072793318,-94.43004942848464,-98.24187789071306,-97.58031704354097,-96.08855343415063,-97.67190832016873,-98.61397887629805,-98.47083871337533,-99.44089926484065,-101.40035680986347,-89.57899733403042,-98.55608166264656,-99.51183413808624,-93.20806330005699,-97.43716048394306,-98.92104490123957,-92.5798410338329
2025-11-02T00:34:30,AP_24_10,2.4,10,ZigBee,2473.9362298364995,7.114037125852706,0.41140853630154395,-53.596808793873855,-103.39014055829877,-99.7294780358358,-98.3633168212495,-99.77561955301998,-93.19283656241194,-95.60923858165998,-99.94968759058578,-100.22294965573381,-97.05348289146286,-96.90886428751394,-91.46655506606905,-98.95298600522153,-92.7867274601774,-100.28075744841075,-98.08063335809365,-100.0674254495428,-95.83574280871939,-96.31659020898817,-97.9178753583993,-93.50877120415706,-99.63450102142036,-98.12900699654685,-96.20181663623092,-95.15517029935573,-96.39611930693323,-95.88902707429368,-101.2798152778464,-94.10165789689498,-99.7494889642906,-93.41197892538972,-95.15832567717565,-97.92379350443916,-94.45897760342517,-95.52977901534906,-93.2734667076163,-92.45593319613477,-97.36328217047969,-94.16026157344753,-97.7006617314558,-95.67741015983243,-90.55359047177798,-90.95077182728046,-95.83464521773425,-95.17560948459094,-97.20058768074671,-98.43194796947033,-96.48490223406259,-94.9296005015351,-94.13675786521358,-98.22053898385725,-100.29072850794978,-93.63774624261258,-97.07164895075266,-94.28878476069445,-100.18805310640693,-96.8812654097163,-105.02690162486228,-98.28996023884297,-96.36655596359492,-97.24102289635454,-92.71051051854424,-100.63495584233078,-101.21479631448182,-98.01567562603299
2025-11-02T00:34:40,AP_24_10,2.4,10,BLE,2473.8242401178823,10.800765736762047,0.3463715606288945,-71.29826640888896,-94.40163504472956,-93.80307388678025,-92.83634266993991,-92.25490471180794,-99.64381963360363,-99.12947045690125,-100.48500084156264,-89.36326274292662,-93.83834365022939,-98.62554058228318,-91.64054893580611,-90.48029472927146,-90.63569811350625,-96.7206331207499,-93.84797290388059,-94.94185371762154,-102.55228690885383,-93.59851305843247,-98.81867664032173,-96.0919347633286,-98.30015942771296,-95.31524323239637,-96.92096136008242,-96.35584216473002,-95.97701667084579,-95.96937702331861,-95.65530623538159,-92.99387745723243,-94.58636572318888,-95.21149240155894,-94.87431729204259,-97.00066942799555,-97.40006683901042,-94.80181333781071,-106.64193509547218,-101.702126712339,-102.55259761787491,-101.1731081455317,-99.52239402124113,-94.08268370755306,-97.90232101233335,-99.48780695500504,-97.48478289673255,-95.25400655054786,-96.52991812269995,-97.39362622158154,-94.2772731851926,-96.71253998423958,-97.5301696416179,-95.50917130967126,-97.53744512540692,-92.3155650882879,-92.81470651648755,-90.63864319568849,-96.61935808235599,-102.71945814765824,-97.71025228884115,-94.5072134880877,-94.82696143106384,-101.35066476342102,-94.92555458596516,-97.26414871037012,-94.04657275220262,-91.44900764021953
2025-11-02T00:34:50,AP_24_10,2.4,10,wifi,2457.0,0.0,0.0,-102.98246390098915,-98.50983721094731,-95.9755675869673,-99.76598450422544,-102.3043932215606,-93.50092055918105,-96.68306034313812,-102.71244282539126,-95.12465247486504,-94.3423216625979,-92.49517839788727,-96.66376017067556,-95.32901201644044,-94.93588116371225,-94.39611943598814,-93.66557127017964,-99.16421772338587,-98.52643793303298,-95.3141941482706,-99.26337374047213,-98.58584913525165,-97.1008218964225,-98.9542514981759,-91.75102027640209,-94.42590041737823,-98.64764379605623,-97.4482473053484,-96.68322010623884,-98.39982139230436,-88.9799174400269,-95.193742058138,-97.04970055209733,-93.1874293278179,-89.10514620833729,-92.93804334404703,-94.56522395062144,-97.7315594081576,-96.94067993291232,-97.88246314142509,-97.44753536500016,-93.65388378192665,-96.13770034830688,-99.13989278161618,-97.48918372310749,-92.43934602504362,-100.74592631473112,-91.6887357791333,-100.40344876308548,-96.91562525760554,-95.63570723134981,-102.63667407165981,-97.17297710097154,-93.6109827277121,-94.96868600283342,-96.23012305515404,-96.42056550750863,-98.23984259234174,-97.85270969037612,-95.98462817072932,-95.29314491704022,-96.06958804756752,-98.38102523152034,-98.08445060667162,-96.74118220100598,-96.74232534782824
2025-11-02T00:35:00,AP_24_10,2.4,10,FHSS,2448.7395894375054,12.442833389020118,0.6288441252405356,-69.48748290342401,-99.54010603770357,-95.50314279112244,-100.9135781800094,-90.80302230604573,-94.37261624379296,-96.59552009559302,-95.72887533617697,-99.74108613011111,-97.61703995194397,-103.77279681430483,-101.8842600035495,-97.9948936198244,-94.94454787953089,-101.55016871502147,-94.96599626702988,-97.08424160415564,-99.38358588573571,-101.50602254813919,-97.09728133275264,-98.05246826684963,-102.34437857654902,-94.13298946149592,-95.337501918652,-95.89550107010716,-96.76190134276635,-99.79653578592605,-96.21664464371003,-95.6495301331496,-100.71767418114658,-99.95063785749329,-96.31372077368076,-94.85732236465019,-99.68685579211413,-100.5434145978705,-94.6909327750551,-103.5832767860938,-100.05441670210908,-100.25596765823451,-93.14501652714462,-93.15825109986662,-95.79367183905447,-99.9989610686237,-100.01676613211028,-99.02105654346448,-97.37978921526006,-103.15729292826853,-98.35100459327491,-97.28629917046598,-98.78313006377037,-96.42134215663526,-99.10805335843982,-105.68105250898819,-95.65749632718683,-101.32266169328592,-95.00259822142286,-93.98992700953048,-98.27202232884031,-93.34545959479652,-98.17567566301888,-96.21282043366877,-100.34325745986466,-98.4987017557303,-100.86587053478675,-102.32661687455234
2025-11-02T00:35:10,AP_24_10,2.4,10,Microwave,2470.7445174940603,2.149998053494556,0.35799459762985175,-52.13698720524022,-98.34656474475389,-95.8014104522334,-92.36309561674702,-102.01027528192981,-99.22772386205746,-94.2426796531975,-97.35621041893704,-96.1717049401685,-97.20314847342888,-95.69110028293859,-95.70165547807233,-90.924213971633,-99.04634216532129,-96.26632746436363,-94.41306942303675,-99.14528946928534,-91.91410446001102,-94.79463864332712,-98.7052534593109,-93.31527337650746,-96.79218455357416,-101.20921956955098,-96.60188586444882,-88.81623422875981,-98.44856965863097,-96.79088986167362,-96.16689341315657,-94.59159080614187,-100.82238582957957,-103.18654991081729,-97.34587613041566,-92.79773118276027,-97.07914912065495,-95.88667928877487,-99.50463442700514,-91.71837592775975,-102.11562315663014,-101.3125795406553,-104.36200160434929,-98.51093366475884,-95.19685987507818,-98.57343414644511,-98.01339989169865,-94.83959712579473,-101.56255361645114,-101.04079212463445,-103.15284656686559,-94.71253562920748,-99.56656813666002,-98.34395803508944,-103.21747821962593,-94.56868306766084,-100.92106914969779,-98.68035655468076,-103.98834982255104,-97.8783604809302,-100.57962252170151,-99.2881055421098,-98.53523079176458,-93.95418721288281,-97.3885745087491,-94.4331782852416,-98.47057579116607,-97.40271592808969
2025-11-02T00:35:20,AP_24_10,2.4,10,ZigBee,2454.320497026468,15.647120953283316,0.6336551574664133,-51.66040983118866,-95.75760432566437,-92.00488284381747,-95.5843380699031,-95.61406056933518,-99.55968265236474,-99.43066580053309,-98.44326484972495,-100.40737923105463,-95.63429694994001,-98.23348804633416,-103.57378667695733,-98.29436756931547,-95.95997410471725,-97.24489473383161,-98.1914434712692,-101.4442881050942,-98.172027311758,-101.92595802961056,-97.767635880599,-97.1123887331584,-98.91118265495278,-98.35270760137027,-102.00225224196392,-96.43332348386582,-93.10366464039873,-98.55342657802841,-94.51586882165542,-98.86380388780883,-104.36039174729184,-101.18088629792072,-100.19286315768193,-93.72557661419144,-101.42402193539908,-102.6970064464088,-99.08333652418087,-99.44435512068266,-100.55432121553991,-99.86440639055809,-94.03672771522838,-100.29558656033608,-98.72199221672325,-96.61520451818748,-98.0478397877994,-101.40066080586702,-94.85840834045172,-96.78880605660501,-103.14837610255022,-97.25188057546123,-95.22905882694364,-97.1981547651278,-98.38245114949679,-98.7412536425191,-98.98294095835384,-100.9104582413358,-99.84230572178079,-95.53609352476288,-99.66107024567938,-98.91280542438415,-97.35571662987451,-106.80312707727427,-99.86709362726269,-102.11258985886438,-98.46967186920394,-92.59500185273718
2025-11-02T00:35:30,AP_24_10,2.4,10,BLE,2454.755332437548,16.25364572316576,0.4861881591946096,-60.93722656527318,-96.05759351727295,-96.42641236648657,-95.03008391440643,-96.52259593902698,-96.53347865518617,-96.0355692629023,-96.23105797295631,-98.00020443859029,-102.32565340194357,-97.41045739365977,-96.81119950791592,-98.05028343874739,-89.34892742293822,-97.23643315150441,-95.51351705126692,-93.4312636453194,-99.30156853787038,-99.47848085921086,-90.55738793910201,-96.87756720411004,-96.86942797726726,-94.74768185245405,-99.3464220219523,-91.76375472498711,-102.46847913784644,-99.65422376543319,-97.52715058703245,-98.33209418263596,-101.74786018610406,-97.0987854733719,-91.37895510811428,-100.52225777173514,-101.28712494957466,-99.19825813186773,-94.88107109478172,-98.1278772089364,-99.55345056082395,-94.44013957644852,-97.5084312758038,-95.33175070317004,-99.04203174312582,-98.93974569669396,-97.8924127090842,-92.71081982164894,-96.89756878709824,-94.94826489487765,-94.7730030448867,-97.27534462814523,-97.92401577234418,-96.84083776673334,-96.81128359802992,-97.0004410541071,-97.58930480278394,-103.25641682373062,-101.29551790700641,-99.8049953564234,-96.94043612912986,-101.41661210990696,-97.38992976667079,-98.3456207372193,-94.57908628766394,-93.6286879718429,-101.29262785317944,-98.38814561828279
2025-11-02T00:35:40,AP_24_10,2.4,10,wifi,2457.0,0.0,0.0,-103.4975222802637,-101.34709249916442,-97.4636604109609,-94.11614824615516,-99.53701389159272,-99.47069988609144,-93.72561053290788,-99.83196137137699,-96.75556390967047,-98.86090603338529,-101.98608125909423,-98.568012888045,-102.21613500726191,-97.49322247422954,-96.48901056580353,-95.4647389819108,-95.00810632040093,-90.87623984989293,-93.26841839923925,-93.76929707954736,-93.48733747529738,-90.0454218076344,-98.45468779489552,-97.29473237988066,-92.78529787364482,-94.8746966557828,-101.87566056637255,-93.78101993895073,-95.48752419515345,-91.03124585424658,-97.07657472605388,-94.37071902015515,-94.94146193663299,-96.83165178306106,-99.6097392717611,-93.19798777378743,-98.32214896596639,-98.96033319029362,-98.01330645482658,-95.19220745157459,-92.91473255484462,-94.97289563318076,-93.80333861109479,-92.08825606561629,-95.8129185424074,-98.54045186212045,-94.74107839672742,-95.21242881754834,-88.36241285511474,-94.04409444785611,-93.60244280400579,-99.23257680508695,-94.68719265135913,-99.57178995500448,-94.52650733951168,-98.83196878248283,-95.75654881416932,-99.873873555503,-96.32465960471707,-93.83154058990267,-97.13500073948488,-102.96115784196869,-96.12073545949006,-101.47715956887222,-98.73177484000206
2025-11-02T00:35:50,AP_24_10,2.4,10,FHSS,2446.4736503246063,4.019026002783631,0.35556425366287103,-69.56179157388445,-95.63413679613095,-95.60964679142523,-98.04162480457109,-104.30847628903979,-97.98263591192854,-96.64780888173466,-95.33011122467468,-94.30948109306979,-95.47458240232382,-95.89698793757053,-101.01653243038992,-101.49308427886078,-101.86273806747641,-95.45495340209952,-93.90033047039955,-96.60135444905451,-94.72583149286991,-99.85640758842533,-98.89933642853016,-96.81342763756733,-98.69854734616388,-95.65823278375024,-98.93220318616586,-103.08818862161002,-97.95428511632404,-98.23314924112636,-99.95299509575176,-97.22467466436382,-102.16722968184305,-95.75592320798532,-92.65309896330763,-99.21303251054636,-95.9949198545761,-99.47839589392487,-95.0880363272566,-98.80310523120899,-90.71337784115045,-96.68652863625897,-93.93338663050461,-97.7465273628012,-95.26261933283827,-89.70913382120735,-98.6296540071158,-98.88829948202896,-97.20641806437628,-93.23552704865718,-97.6381482439691,-96.50953820217443,-98.13455581205427,-96.75521495790429,-99.5810968746484,-91.67474772573556,-96.35271405717366,-97.40366381966827,-98.26449137670124,-96.31226696979586,-93.58389314121743,-92.84380119876903,-98.10087773741859,-96.13926781821803,-97.76947055145185,-96.96502078011453,-95.40134829020035,-100.13675432147242
2025-11-02T00:36:00,AP_24_10,2.4,10,Microwave,2468.9457353640837,5.663949723670734,0.7192351588477501,-64.56567321457437,-96.1443439678194,-94.34520553107473,-95.11978168732648,-94.53711099402274,-97.28352805938336,-97.23654862542314,-95.6307928096922,-96.43974264301224,-89.58488413179934,-94.41313460031022,-95.41466155939038,-94.49417404235527,-94.1536135378551,-102.2982301720035,-93.89496105857941,-98.85453474755506,-98.96557507450387,-93.93164231871724,-91.70244656601149,-92.40890463744955,-93.2539838943434,-98.89729339016579,-94.09826628753355,-92.55408765259777,-97.99928787381678,-93.9296227708384,-97.66252327077935,-96.9367971389847,-92.51452868035769,-94.43588652403096,-98.01548115339082,-94.84279206741354,-96.45603011611834,-89.77341001562074,-95.6220944507797,-95.70606826642187,-100.97416222474575,-98.75499673993407,-94.18703880287907,-91.44932937312417,-96.37812182858562,-95.2017722593127,-92.31881841962814,-96.39676787491399,-97.81245302252289,-94.04779963459582,-90.48009767025314,-97.11793318786876,-97.45635076610036,-92.98876684371723,-97.72077820650986,-94.77730947874112,-98.14979961598577,-96.83327144905263,-96.59203055229835,-94.25464022490361,-96.59747382079392,-92.91162915274387,-94.7882326974017,-89.57206570243785,-94.33592954774369,-98.91628445921305,-92.2787634182846,-89.57851343573994
2025-11-02T00:36:10,AP_24_10,2.4,10,ZigBee,2467.571093225669,5.303658071942317,0.64493387364876,-52.74263584081527,-98.70197476247189,-97.32441882985123,-97.25810406322859,-95.84685998409422,-99.48389538141637,-90.57612513611402,-93.54502637897687,-99.03420430523641,-95.42215395081553,-101.17358078815575,-93.89914442689616,-93.24246662203689,-96.22258815450913,-96.21257851062362,-95.76283714669175,-93.5190505583966,-93.24660446976306,-100.82070466561397,-96.30039602448997,-96.71057244142374,-98.05215738914146,-95.83808750371433,-99.19665064239754,-97.09807417224775,-96.60252712570748,-93.88612039795962,-94.05049333689804,-95.96088968515579,-98.217983468051,-95.49889050763062,-96.98654826710508,-95.94795419684844,-93.2011496294616,-96.12775628491742,-99.4858231982584,-93.29739017918527,-95.42345467092994,-94.65658996975205,-94.73825809393442,-95.20427930164324,-98.44671251634996,-98.6685983951469,-97.57544281023877,-95.6969116989872,-95.2376913506909,-92.15920085901801,-96.07873918310395,-98.0202286931106,-93.20862846591695,-98.18336861062295,-97.7394344336377,-98.87879430799019,-96.11977999426419,-97.11402695790396,-99.2513714401511,-93.94540351359208,-94.78951808231376,-94.93800697188621,-94.11222274463725,-93.89924497826034,-94.33666876227082,-98.07950675389048,-97.60404407178422,-93.88554392204192
2025-11-02T00:36:20,AP_24_10,2.4,10,BLE,2461.8837983322646,3.0062601528497583,0.2646789300161159,-57.31324262227623,-101.65326819047937,-91.86393011769258,-97.47815622723085,-100.85737838245764,-98.41444619583694,-101.92674111041349,-98.35295164390611,-103.12361774461776,-98.63318842246741,-94.95359330062503,-99.93341741407937,-94.66496148351571,-96.62092845029356,-97.43602510914499,-99.0639073227661,-99.3340227349712,-100.8918640640423,-97.22374569828827,-96.88630551796471,-104.09756767007066,-99.98953851334313,-97.97127208469135,-101.71206905486856,-98.56459132109016,-99.701192282875,-102.28422742675951,-97.78604971997015,-102.17782673826378,-96.26009932728226,-95.4146891986476,-98.44720522059292,-97.21788655858536,-92.64238570151282,-101.3982978299425,-98.64151967757904,-95.85114520715823,-99.75429721686555,-94.81497107980789,-96.7213903979896,-102.61829134290127,-101.66352771571172,-98.75025628454664,-96.29131517919559,-103.90941557215373,-98.92189255620451,-101.79670222033111,-97.4534876450203,-98.43101811751508,-98.32341927050011,-94.19080654598031,-100.27861338704108,-102.23534532464001,-90.58844923728569,-95.5729184905088,-105.01197749755717,-103.4143381514286,-94.54433818331756,-95.99774462000958,-103.39810492757202,-98.2350860053404,-95.9410187317416,-99.30852222503165,-99.91867214166214,-95.66352901456246
2025-11-02T00:36:30,AP_24_10,2.4,10,wifi,2457.0,0.0,0.0,-103.57162402246615,-96.31353810534227,-95.2430878944419,-93.67775522876188,-93.32191163083459,-102.6659838475697,-95.0664882429505,-98.97512433607145,-96.88924677145673,-101.4978345730357,-93.09724460047609,-97.93619188173679,-95.72065744488577,-93.98543425655014,-98.96965413195021,-94.3646644031588,-99.39987666692892,-92.72936429043543,-91.86551287757754,-104.07607836669776,-94.13546189747463,-98.70926702224102,-101.20538855498306,-96.47583124567747,-99.31497235426092,-92.36105186775178,-96.63883910352148,-96.75307743588483,-95.07026524584126,-86.98992415922592,-94.07448875159815,-98.4856590273053,-96.75839316009298,-101.57473555464509,-90.9103099194963,-98.52011115855954,-97.24957947387514,-99.7117084980409,-100.97513822160789,-95.97533635161388,-100.08946912080674,-97.22022670093199,-97.94280654008084,-94.35543325403304,-97.38667024950557,-96.51046848657076,-93.12498524747299,-97.67751207549654,-97.13706852169146,-100.89298650914141,-95.83465842243768,-98.76217542049606,-97.7121816609718,-99.01585612526823,-96.9922675269663,-94.95966337811899,-97.16742291336698,-98.16973032930605,-100.22649378809204,-93.84054356548286,-91.73168728831807,-96.59658714389595,-97.46993062977795,-95.61966060866645,-99.57264385072835
2025-11-02T00:36:40,AP_24_10,2.4,10,FHSS,2452.275346273775,8.415972734522564,0.3662591968106904,-71.6472683104479,-94.00108184375799,-96.09292240499923,-96.19827565182064,-94.98035274293804,-95.7575510117805,-96.47894248613,-99.57343951783348,-97.07084164682593,-93.40052461456423,-94.82356374862408,-98.11688039618065,-96.79025296168469,-97.2203774335663,-94.80529659272437,-88.5147539149857,-92.27113256868546,-97.17089675040405,-89.23468308117677,-95.8112860720799,-97.34440436636426,-97.54339403116914,-97.31751885845269,-97.26412726712731,-90.96346892102703,-93.34073269248772,-101.17425379686469,-93.06425950781028,-94.81933606955575,-90.16754873626329,-94.83432968064852,-92.16417737316685,-98.6531310416367,-91.26807327648822,-94.76220041405787,-90.16074446344464,-94.33503148549369,-96.12965425989276,-94.9249203434551,-93.98792128151376,-96.54945895521605,-92.39841197565607,-91.0960639924808,-98.19373236872282,-96.23130912110338,-93.03572303695967,-94.6080092474616,-99.30622781357293,-95.2576474116831,-92.29861190194188,-95.10130213936804,-96.85937823423636,-93.71935363285704,-98.15324581974335,-97.08539072344237,-97.85067584291764,-99.98441730360759,-98.59120642037578,-94.22220598641331,-97.34291335804166,-99.87990316497287,-93.70677963853802,-93.05380527973894,-92.20293350437167,-95.6644860024475
2025-11-02T00:36:50,AP_24_10,2.4,10,Microwave,2440.4796475365765,19.513987250120163,0.42249634255654867,-69.00330869433228,-98.74765295574105,-96.09291217555992,-98.71951730611156,-92.11497468121667,-94.42942858705163,-96.30995264912882,-100.0351148583656,-92.27042126471505,-98.46704865635411,-98.79285124259737,-88.54508764714548,-98.50919184994531,-98.63962338445096,-98.57142994556162,-95.01639695194926,-99.39873113385666,-93.1898146377706,-91.44383978734027,-101.19199758342015,-95.74058030595309,-97.69906857280871,-98.6539658624543,-101.23755522559692,-100.70159860334972,-95.00289300351119,-98.44966905943997,-96.7771328612221,-100.33442072992365,-98.28144873248695,-98.49313264472345,-94.70175665977885,-96.25332640655985,-94.84923047842022,-95.39279113015657,-94.47925029375115,-93.47970685838308,-96.06595507481616,-99.13029498131837,-96.67460790364863,-98.88616595524086,-96.33087441725,-91.301509610002,-92.53103878411075,-95.56868915416118,-94.88962109124692,-94.8487860342063,-100.05961710509303,-96.13669981424633,-96.9693529750212,-98.14653008831317,-99.01570267821698,-96.38455165775297,-98.04994060353482,-97.11005941035198,-100.73356285799073,-99.03961007338341,-97.13995072807876,-103.52661857057903,-98.0262059094063,-95.83233251264318,-93.88902940106827,-91.0263875097796,-95.45276608438674,-96.8040515878852
2025-11-02T00:37:00,AP_24_10,2.4,10,ZigBee,2461.801695214446,18.502208614751197,0.7304238559561138,-53.11043924842477,-98.07965455232568,-98.4357711990241,-94.61651927110657,-102.45021088039735,-95.35165523398643,-97.4150160977007,-98.59012213741627,-97.53111995011587,-101.24825816317225,-104.68824231700138,-101.15119454482014,-97.7355110936485,-99.34797522574816,-97.72221840032125,-96.78741893668771,-97.62883545096444,-99.23021129412416,-97.16178118057705,-93.82186964468372,-95.74100576920452,-96.9729514405537,-94.0038392425482,-93.59807037570346,-95.13551517393213,-97.7448539415232,-96.32679988868232,-94.35905726583022,-101.23146251098929,-97.83608201102649,-103.09098829301863,-99.16339929220678,-100.35688774989194,-96.13348958345624,-98.16273322551254,-97.02399993288302,-93.91866769705423,-96.92431697386709,-99.76796910979745,-94.4768115194758,-95.78880200811359,-96.8349778230549,-97.61265129899586,-97.02540109894717,-96.71568610206067,-92.77412091231629,-96.22235819316901,-97.9787208120262,-99.05120945154025,-94.72935929178075,-96.56023957427564,-97.91127255563177,-93.10546889442055,-96.22008662603591,-97.99672432097233,-96.71030835352722,-94.46950171822697,-98.89268411876004,-93.37435655694458,-94.2911077168767,-103.51822411970471,-96.955677480728,-97.82713856984154,-94.22591345571618,-100.46175349810972
2025-11-02T00:37:10,AP_24_10,2.4,10,BLE,2474.8109777363475,8.917563539971082,0.5108438112495015,-70.20918075300577,-93.73552839156838,-97.64487958975648,-101.77201837412119,-98.36791792356541,-92.27330957396127,-101.92609387859572,-101.76230147813833,-102.24965097006434,-100.9618844639999,-96.9323824737318,-102.96937162055215,-99.8842446292162,-102.2200053442978,-96.15003247738599,-95.58163735100946,-96.65871437935017,-92.93092081839016,-96.3927615782542,-99.393622713832,-97.74724796703524,-100.76861604997397,-94.77626017588815,-92.00059195730132,-90.02275400150916,-96.43196556495192,-95.6041102020581,-93.96849246206452,-91.54631372945404,-91.35582413469848,-98.95340767484772,-98.4015386198533,-97.71420648026633,-96.94177914753966,-97.18163707092549,-95.78537837548781,-103.78528553893025,-92.66047725397104,-97.85532522264711,-98.95897582407282,-93.17143867048402,-96.75292127243587,-96.04835001588245,-93.95321459203892,-95.7238391527528,-92.44066772237473,-91.32727930836698,-96.65841902207953,-93.85618494867545,-95.87698596583479,-101.67229051449951,-98.02278001057834,-101.38595389057106,-93.00700510700148,-94.05321785651354,-100.13238137657648,-89.88611963697292,-98.6810116877909,-100.88789157236391,-96.68234395925118,-91.5017112925279,-98.14062141656046,-92.23617943142749,-93.52354249256405,-101.62893651009401
2025-11-02T00:37:20,AP_24_10,2.4,10,wifi,2457.0,0.0,0.0,-102.59774362509256,-97.69099197088947,-93.77383603483622,-95.52008917579022,-95.2294951088746,-96.06581414736026,-101.69042363793683,-99.18059791924318,-94.99785414355217,-93.76088040667973,-97.3154114933913,-92.14642430249783,-95.7683455196521,-90.70520190815213,-91.55880365111068,-96.61515734373616,-97.67248431851748,-94.70566366728372,-98.97655737891914,-95.92719391409884,-93.54111290218715,-97.01282060937636,-90.24505183061234,-94.79115938382371,-97.09579089784394,-89.98565006506668,-97.68206734068028,-93.425091307416,-99.564307024698,-99.03840864367004,-95.96374231847399,-92.92051619368533,-92.38159322998467,-99.60369889030277,-94.9134570599447,-91.97419336031503,-92.62673953076579,-95.25638826568176,-96.26610854978334,-95.80871256349363,-92.63511990151932,-90.07804492151566,-95.20317891895311,-94.55931392505197,-92.52807552888065,-93.4077556176637,-102.14738408874432,-99.40042844655305,-90.61109472350952,-91.73172226751807,-89.96819175741459,-89.23441175088152,-95.18887172471568,-96.69907343689336,-97.03902283865985,-93.73558770759959,-94.79333466225862,-97.00977653020551,-98.47192145789256,-98.45194815371937,-94.96179868630847,-97.49823910141446,-96.43232771130552,-96.45260105387088,-92.8322871612167
2025-11-02T00:37:30,AP_24_10,2.4,10,FHSS,2445.9688116029456,11.109408434501884,0.5166707201621462,-69.71154079176033,-92.7457599273983,-102.02246188743702,-101.48251257997865,-101.22332784430633,-95.47182916136278,-100.52970276169648,-92.73069131653273,-92.83357237461152,-95.27511243066465,-97.25398156021129,-92.53590373918414,-96.57136503199575,-99.04878265310364,-96.22597392945846,-97.70194281313715,-99.0874218379437,-94.43297251822139,-99.15437208686488,-96.77017855289529,-99.18438988917575,-101.01680799308313,-100.4444829451551,-96.56066280154188,-97.97065932000176,-100.49013052511019,-94.45303775058784,-103.15859061952989,-97.89855000987262,-94.2053845719463,-101.09328612503634,-98.15892762723583,-103.81443003982714,-96.28300976408067,-102.40122513865877,-98.65896689445596,-98.51977294304184,-94.60718535639693,-97.79045658048564,-96.5890110112735,-93.88457180746425,-98.48169713873818,-95.11254842183058,-100.21388433486146,-95.98806974803931,-94.97395202177819,-99.53736979750173,-99.86511602522654,-100.20391034947,-99.10014671332658,-100.30091757469125,-95.6923231906269,-98.44985495154202,-106.94373822525904,-99.50007249654838,-97.83332850589736,-98.85996637505669,-97.73675641136569,-100.89891120174856,-97.12390509669972,-101.12432063070246,-100.09558718420288,-99.94264241849088,-97.95960642787949,-95.54377208474679
2025-11-02T00:37:40,AP_24_10,2.4,10,Microwave,2453.7927268296403,5.244449331389472,0.39238792452280935,-62.397379596975895,-99.15892900331946,-95.69197848724822,-95.63859250419567,-98.71300568424368,-92.82231264054055,-90.95796966132602,-96.58144371509084,-97.22030794878138,-95.28956585859538,-92.29705281523417,-92.08846846202049,-93.3567347464314,-96.18886870682395,-93.63759576288027,-98.65586796972482,-93.36520599771085,-97.87199609896501,-95.14218569197568,-101.87426083190275,-96.24097693765638,-97.5630166060902,-95.28322614174729,-105.45446615947488,-95.52013396603753,-94.59026373665682,-100.94869740914062,-98.13359590729718,-93.16748418979071,-100.40175625015526,-99.23080413366006,-102.03084420294185,-92.93807584341604,-94.2372705305271,-93.28307687427916,-99.44036257023625,-95.56983529091684,-94.67646108776438,-96.6141368157669,-96.89473406512934,-90.53055390626537,-92.61633194006542,-91.18013002424478,-94.33913944049101,-93.35182431341208,-95.80341033688829,-93.17731067792492,-93.61447200356889,-94.1856142544905,-102.20529310832427,-97.45105919921335,-92.82638955423994,-97.22064823220401,-94.89694124463328,-95.669714392547,-99.02242733861574,-93.50373167103861,-91.2009894859803,-95.78135702096613,-95.77258095943836,-90.67374302056956,-97.47397100118893,-90.57420267757563,-94.59777758330758,-94.74747561022984
2025-11-02T00:37:50,AP_24_10,2.4,10,ZigBee,2444.780065581707,4.665732086549692,0.6031207767468317,-69.65164053810969,-98.22037960500242,-101.0545910288064,-99.55010783517409,-100.00918656120496,-101.89041635388668,-101.36565777851406,-101.69593145570373,-98.54155231854165,-101.50846648268181,-98.16620695824511,-100.05415378863948,-92.03157453747613,-98.2694309323048,-106.25843991324624,-100.09436009151739,-95.67867644250191,-98.65812825841688,-96.75925140056849,-104.9390823211267,-100.90230030654223,-95.72506603191624,-102.6060288338139,-99.04194534755636,-98.10402554860492,-100.4604316059912,-98.36101927570415,-98.22878295519106,-96.94415538498765,-96.15134560857153,-98.24936545493601,-94.6138589252,-96.46781650082457,-100.09260299646796,-96.05109537988127,-95.29371857647438,-101.21451302858343,-96.42747892078339,-97.31883587974872,-101.88842471411554,-104.02432808398851,-95.54306809016497,-103.09872718797223,-101.61382585934626,-98.82745897144743,-97.72484540470758,-97.71531127853115,-101.9602184130944,-99.6112601678955,-100.83789864548062,-100.7758294442079,-98.21183125072332,-103.7343786032655,-97.3100198031214,-102.54184117180684,-94.83665401439596,-100.96397418186324,-99.8543992757417,-100.58512164324915,-103.42217336396465,-96.90776577360639,-89.85129574821178,-96.22673093413248,-96.560114876959,-106.3030502510911
2025-11-02T00:38:00,AP_24_10,2.4,10,BLE,2469.7457757448647,10.969216203095813,0.5017022771477706,-63.72205117527416,-101.95896770010451,-100.02905849281527,-98.11946895028888,-103.55040037397261,-96.82581519190538,-98.87959499707569,-97.33074485491673,-93.09984450504083,-98.704595989307,-98.13354997716738,-102.97906682966713,-99.09126019475386,-100.237154774673,-101.06327465196208,-101.56519229479125,-95.98557015031943,-95.74539621733614,-103.5071470608023,-98.59045417858721,-101.96661974530805,-98.07508581955122,-105.75044342581211,-101.28248533065555,-101.91811788284328,-104.63463246024425,-102.82913110272989,-98.31502360863223,-99.71234118876659,-102.47351388891707,-102.11091995445028,-99.8764477628844,-105.65907532673626,-103.42394376444034,-103.608753866348,-102.55733608750931,-102.7677772658399,-105.33291863892853,-100.62903545665337,-102.70926254373092,-97.2477292226269,-102.4349908235093,-97.49670004160357,-102.74452748196757,-98.9411061967329,-100.40168147158191,-99.15148076423249,-99.28673342973434,-100.71366979807709,-99.55954644480425,-100.33250306832063,-96.30020500452892,-101.07832262329795,-94.36192293628181,-94.20766012338186,-91.80148639530657,-98.25351832508888,-95.97228547810163,-99.89510307070107,-98.81943918426168,-99.4208572763533,-100.04700754027687,-102.20388783802608,-98.85901137825482,-96.84791559932889
2025-11-02T00:38:10,AP_24_10,2.4,10,wifi,2457.0,0.0,0.0,-104.63991363034245,-97.89922266555133,-95.1007449042551,-95.89400163333222,-94.62291447197904,-94.07187620517055,-98.43292674761194,-93.19294573789422,-101.81071169958328,-97.08972992238029,-98.40231130068864,-96.01490672470347,-96.91782523823369,-97.25083102834296,-96.57523508307393,-97.07734054462449,-98.08947632499832,-99.35190594756108,-94.5365321357593,-97.30555142288729,-95.64059275361197,-97.4085279071182,-96.82015177863542,-96.45174698143428,-94.70803440665857,-98.25542494046783,-100.62264761396047,-97.95927924520177,-95.73632034638823,-92.38471335017586,-99.50129805472865,-98.97609779438727,-97.52289173115594,-98.95028514478695,-97.43663269669322,-100.45774563821396,-97.55784018301009,-98.90003167050985,-97.54563757233034,-96.02930264323861,-94.43638562970169,-96.13234285417657,-96.75807774645382,-98.5172796156429,-101.07271623380622,-98.56531009445901,-96.1116698124351,-95.6950778554002,-98.52696430352536,-98.25996689915817,-95.01486896519705,-99.8589735737667,-96.53206603290349,-96.86037060839459,-98.848056695753,-90.9580526751178,-98.14806647957957,-99.43628687037432,-95.87435158083483,-100.62258582978839,-101.06044747395953,-98.06768621411545,-97.5070012320968,-90.2151549214698,-102.24532741748956
2025-11-02T00:38:20,AP_24_10,2.4,10,FHSS,2469.151465770605,7.31632834620805,0.27692239353126974,-56.602696466966904,-96.22142419198552,-96.02899133946092,-96.3347581136712,-94.87556511281711,-90.88210459915616,-92.77709898211334,-96.00910853980653,-94.98679639982363,-89.94562234171627,-99.63898358894467,-98.69187280470602,-99.8441580409131,-96.5340579024976,-97.73346404262759,-96.71571449032119,-97.00726086642396,-92.21180477247498,-91.37874995442743,-94.3137721448354,-95.09880953139944,-98.43108162377852,-91.21691856535529,-99.63133271937956,-95.59104641602285,-95.03874904225216,-100.38413750410244,-98.41630117842598,-99.06642088013886,-99.79433891925997,-95.10289721264004,-93.66304253308743,-99.64304081414707,-97.53335176039182,-95.87645481126748,-94.83086343888503,-95.81714702158985,-92.09060473640231,-101.73445587225926,-93.56056127384453,-98.19025151740794,-97.95164944732554,-99.84798266041733,-93.6124704616717,-101.29483700410952,-92.24386693858064,-100.20793846826764,-94.47506508671513,-96.41711910366568,-94.37800463874913,-98.13576272844591,-95.88423148384695,-91.9341456450427,-96.2927249797383,-92.62449695108043,-97.02535592135652,-98.18557753530072,-99.46589032139798,-95.37297885368048,-94.90209598099817,-96.53059979706791,-100.4340085225595,-97.93916308778147,-97.30672097270212,-97.40408751689831
2025-11-02T00:38:30,AP_24_10,2.4,10,Microwave,2439.6572125918537,1.200471579624083,0.3704378876262846,-50.52662535221905,-98.28743682482934,-94.36672521739085,-96.75212532763871,-93.35383404710214,-97.86468519117663,-89.57450861969922,-92.07953000481932,-93.58027646102802,-97.49542605433743,-99.13399422980459,-97.4290063713301,-94.60710837466314,-98.39407546280353,-98.42923126736403,-97.46821805104926,-95.00597379321712,-93.00310796732512,-92.10899759520315,-100.73278749246992,-98.43188408164133,-98.82466584467245,-98.9804838636372,-97.28869855766845,-97.77277980700184,-98.90635559512062,-94.75995524554098,-96.64565525282383,-100.83410686473127,-93.05297532852109,-101.75865719843151,-98.66991725870865,-94.06068349393247,-97.74510413259532,-97.65420708917291,-96.6655908978347,-99.63127371356424,-99.0560394703025,-98.03911897091764,-98.39384666781021,-100.89751894796665,-96.50804716199899,-101.2682604294034,-98.75348127277107,-102.05633504851394,-99.73504140085542,-98.99387454720727,-93.53203377233689,-93.83558425257796,-100.73647324342322,-95.95332664272601,-97.28295624611756,-94.28262051630632,-102.3418528131018,-99.36189257716485,-96.56245213591262,-100.67883977211467,-101.17306385292046,-94.7609499605643,-95.65122553237225,-96.0052630980171,-95.09520415170992,-98.38276149912095,-97.5518690354846,-95.16223872202225
2025-11-02T00:38:40,AP_24_10,2.4,10,ZigBee,2444.3694150384185,9.04042628440816,0.7883877479312649,-51.407752220504776,-94.74762852843206,-94.4016317561689,-91.47569701656424,-92.13093545608339,-102.83721359718774,-96.37311710632247,-96.3832524504743,-99.078694624278,-95.51162200469639,-93.8642247151392,-96.67728974495913,-94.14561251575326,-98.37368173964208,-99.5176321374888,-100.88435773152783,-93.3755550972431,-92.37258297182355,-94.02494409944879,-91.79671040331668,-95.779776114429,-99.90941514785375,-95.74794994018157,-99.59857561719888,-95.60857336492667,-97.28076375044375,-95.68159016697335,-95.45701049975871,-94.09294508179158,-100.20024176560196,-98.0100858079185,-95.66826125094893,-89.01077499962646,-102.95677030402392,-97.06074064154731,-95.28809280141209,-94.12341149520282,-101.74569206388635,-86.80948479460395,-96.89624308930783,-103.54395378905535,-97.14921388602521,-100.32341459462052,-99.02790091125178,-97.097667697979,-93.77697848769057,-97.93958695894757,-96.97513450024549,-92.97448454088821,-92.1438406728818,-99.01516643354725,-96.72011827380413,-93.32636816856613,-98.85028500120856,-94.72876523319347,-103.30037571759705,-97.19675641447203,-94.78719181609857,-93.92362806660003,-99.08492824775631,-96.25673032593576,-98.30993375875578,-102.1137597718049,-93.8627095759004,-94.00938465186407
2025-11-02T00:38:50,AP_24_10,2.4,10,BLE,2442.320537065986,15.13359625276091,0.26755517029580655,-50.95160103421631,-98.5090229259036,-98.95953791206404,-98.81996493604055,-96.91167750878381,-96.50464943075224,-94.53636757412129,-97.84929211125143,-98.69923719178989,-91.19166742461985,-96.45864364596663,-98.45735704417115,-92.88029671137853,-95.12722241725741,-96.38995705065533,-95.01194812104302,-101.00854056014748,-94.20456006136855,-97.63707763556849,-100.7165667413329,-100.15800344316116,-99.40903685447043,-95.25928989750099,-96.98287644832982,-99.4127483638709,-98.60212496643574,-92.05747700705587,-94.21554763523164,-95.3178240641491,-97.08326596524505,-98.62303131641278,-97.42735254936507,-96.15504184739088,-100.50039294778921,-96.27717041926434,-98.78458476874904,-96.57697261199847,-92.69415240669105,-96.20754714960135,-100.55230398720335,-100.16638865108548,-97.61419391413949,-98.82457601871528,-101.41249360836022,-102.94439972899028,-99.62838618289354,-98.50059104118255,-97.58384193635915,-94.90071554096293,-94.36133034446625,-92.28345283141434,-95.1176059115747,-97.76774896086322,-95.89818603369608,-95.60251623327055,-101.20134878757578,-96.64262893540234,-97.5228185223039,-101.3396542457048,-94.85397761445225,-93.52350720858173,-93.49450397347474,-99.59218814387602,-102.3414354424005,-95.81433126069378
2025-11-02T00:39:00,AP_24_10,2.4,10,wifi,2457.0,0.0,0.0,-104.0405954874114,-97.29842853357579,-97.19935717813703,-97.97663817693149,-102.10301822319836,-99.17024085901433,-96.89380866371481,-94.33386742249085,-100.70775897459481,-98.05038361033235,-103.61747978131002,-104.75635332112907,-95.1796663412777,-105.64568742841496,-99.55612906185448,-93.6318646858247,-94.90386714246962,-100.61717064672298,-98.38083313063781,-96.3449004558258,-94.42122736077879,-102.5254421145693,-91.77293314702851,-97.12482092130412,-93.61818885253837,-100.28233985205847,-97.55014655320366,-93.60745672639034,-100.57862422350865,-99.50094919968728,-96.32847342455355,-93.31613575590553,-95.68865850013745,-95.8083541436285,-99.11579030038249,-96.26448465437461,-95.90688141262879,-98.23622136615103,-97.46659341487945,-96.52904958937678,-97.70949953751791,-96.54628951761688,-101.65716509082596,-99.27282450887012,-95.92955732166665,-97.91430478012215,-100.43803166040364,-100.12561794006362,-98.40414718968725,-96.0710844829629,-91.57082966671837,-97.46664842927687,-99.53213598468395,-95.43236505954465,-97.00970866713386,-95.08702181660226,-94.60034513170719,-95.21155935110255,-95.47210935483149,-104.0559295880917,-98.55222088559869,-96.2300688755956,-95.42674756906261,-93.5862035855417,-102.34645413932977
2025-11-02T00:39:10,AP_24_10,2.4,10,FHSS,2471.5883795838463,4.503678085749863,0.3400927277673531,-64.88680844615482,-99.82748123827017,-102.09104600168821,-93.53346856864549,-96.34955246548341,-98.92345390259291,-98.4233746190681,-94.23203388752877,-98.35653248733267,-96.35915916583666,-93.4420926107842,-100.67518403706211,-98.83348075059813,-94.10975444675115,-96.31439045315031,-93.93489681763198,-90.18158471350017,-95.45959666462542,-105.93049582102108,-98.32316184718958,-102.61589853702979,-94.36756882485352,-99.08588005846285,-95.66897414830498,-97.65227525143226,-99.55682964406458,-100.95174046930387,-99.05545598781359,-99.86998979141222,-96.4916275687255,-94.94129738729829,-98.82644191475435,-94.95144072820818,-94.93584483102339,-100.03966601918476,-99.28448119054748,-100.1529561689307,-94.84422320790298,-94.20058170298118,-100.51022561157825,-99.5567027733494,-95.9945672170499,-100.3144564039006,-92.66730220992102,-98.55523545313929,-98.73000954469283,-97.05448430852302,-95.03371747821724,-95.0878599406738,-100.33305533686924,-96.87080766405603,-100.99964021018,-94.88269198977291,-90.65657465001827,-96.50784146640129,-98.21117684833918,-96.34718883247854,-98.58239142692703,-100.57845948455159,-100.66596018713781,-99.46732328616991,-97.64589254582671,-97.72087796328744,-96.00914756997805,-98.7914036300062
2025-11-02T00:39:20,AP_24_10,2.4,10,Microwave,2445.9168268882972,13.600978704291862,0.7479509806659084,-55.58499912944218,-95.93178149659269,-100.33400164437697,-99.18990468101654,-101.20198070497844,-93.37602482547064,-93.77880606300606,-96.94067268028492,-97.347010472887,-96.2388920192768,-94.18073549411427,-93.6897974723068,-93.12861881320181,-93.89712239330586,-101.22655855663979,-95.72773399471062,-98.14120570877654,-99.26030111506614,-100.92389135259788,-97.75791608508402,-100.87648122830883,-90.52985276398076,-94.2405686470413,-99.66922475477985,-98.28515612358686,-99.78222754174847,-99.07877246506877,-95.04420603640695,-98.09429818261268,-96.38970800950781,-98.21657573979418,-95.69857231145434,-98.5977791527187,-100.0487808207272,-101.0871955667176,-95.37389410282509,-98.72586221404713,-95.35645444644149,-95.62119479387297,-93.57704989464145,-93.55705322761851,-96.86827237112402,-94.6165382974315,-97.53621979559217,-96.31162873781003,-97.24734119920562,-96.42536314092274,-100.88138483876051,-95.86459966263942,-93.44986777347755,-99.72121006600453,-96.95001571997325,-97.3860042351663,-95.6729225755461,-93.15709725293601,-97.69538780096893,-100.35769639010243,-96.11027260114527,-103.41944460434931,-94.4951170001651,-99.78436362110993,-97.35975909746604,-101.50284575171449,-97.37738984678568,-94.77386064366543
2025-11-02T00:39:30,AP_24_10,2.4,10,ZigBee,2456.9974558779095,17.554876039905412,0.7158534619476706,-70.84559194427173,-94.20357990372308,-90.8145853577139,-89.56679830818968,-94.38119158041012,-100.59481226838925,-93.26124121529226,-91.87142723340352,-95.77345865423418,-97.574453824985,-101.016327311749,-92.44114739887308,-93.74066507190498,-92.97275159898092,-89.8895991965104,-96.91254858965569,-92.8627074091743,-100.01075582591803,-94.31500617561484,-94.88631367108991,-91.19387564846998,-95.33354939496425,-93.59106434446979,-91.49020178930975,-93.8144281436554,-96.7337767992122,-97.45123863328408,-97.08486694912,-98.01829141953131,-98.1288441883792,-96.87171981439514,-96.76022547664263,-97.41080633607274,-92.40701812109643,-94.90456738459174,-98.51422767705886,-93.74414961280068,-94.98896376941521,-96.25791445020162,-100.61310634579921,-95.61454332683242,-94.70754409655919,-94.82570781108635,-93.11771565859472,-88.40182352604862,-97.16762839610334,-95.26645757782133,-98.16151827186543,-94.42766381957419,-90.71538105800526,-96.34858891751146,-93.99000081997302,-96.61388928253471,-93.10963209790489,-97.29084691338282,-92.93814274177889,-90.85835152302654,-96.38416118397588,-93.2235263381103,-102.16637082456528,-99.92411209441974,-95.28076021196817,-92.9285301955915,-93.49295016731529,-95.01097444070449
2025-11-02T00:39:40,AP_24_10,2.4,10,BLE,2453.25860585991,17.00275105677512,0.3336408519013655,-54.915671861719915,-101.61994563833356,-99.71992828393937,-89.82201103246851,-103.44979348345669,-101.15158058801147,-98.844297471227,-95.89553657442981,-96.87812131359728,-100.07231931048736,-92.3173250938358,-96.45290067486502,-101.421620461143,-96.66176818757451,-95.26112851466094,-93.04031827218242,-99.03878094090128,-96.75342491113263,-98.40381111388596,-95.62793978307,-89.22984730237877,-96.19111986256405,-103.62734703967274,-93.84907787881082,-96.48133488381266,-95.08489578946164,-94.69595555953175,-96.35846757280576,-99.73185066930903,-98.92436770188334,-92.2941890191222,-91.38985488156953,-99.39543075044467,-100.12656489946725,-99.58325348029231,-101.89350310615724,-99.09460577184902,-96.68456377183927,-96.95128792784783,-99.06411574444105,-98.37232879315252,-94.44341220555172,-94.23157780013412,-87.44066265311423,-94.55642913789117,-93.90654781269707,-95.82297446971374,-100.86651174121569,-90.96784875797941,-93.7690675693722,-97.1321619280454,-96.83531130502907,-103.16052522215429,-100.43314006688253,-98.02306478968538,-97.55146574702354,-100.45550383166162,-96.8859979061902,-100.71936515988475,-94.8293979720378,-98.64946395394986,-94.9840936952939,-97.97389634432602,-96.82717123560465,-95.25815243670047
2025-11-02T00:39:50,AP_24_10,2.4,10,wifi,2457.0,0.0,0.0,-103.97610503581461,-96.16317841761183,-96.01742660579983,-97.78128513002022,-97.4665749500152,-96.25896226261769,-100.84328049866473,-99.0313207179477,-95.96621691407675,-98.95245793610984,-97.50062071429481,-95.36510948030923,-100.09561215529989,-97.84411370811655,-99.3340202128562,-98.79681376730127,-96.63732348961713,-95.73853344344629,-92.03992105247816,-95.04452035315379,-96.28001339736433,-91.77144513282329,-104.58469289861327,-92.6977402900233,-95.98045980600817,-99.10358858073297,-98.95660854817524,-95.01470821370916,-99.57166255145314,-100.4584795776275,-97.49600117591278,-96.9570490802332,-95.92467578008876,-97.00935137587754,-94.64529065296541,-99.17289614355674,-98.80735236000656,-98.93595531418342,-102.38607901906536,-98.82770717176118,-100.89898393444713,-93.46350418621066,-92.57962838212762,-99.34816667203751,-95.58695879696131,-96.12693510461877,-97.51214376757594,-94.54546456789446,-90.6937512603625,-97.9660969490299,-99.75970294850214,-97.51606104369256,-95.21156068117935,-96.6178630517612,-98.22981849034966,-93.19279108851485,-101.36224918372059,-96.19362953550139,-94.54141019634625,-100.50413547601163,-97.77663981219288,-100.14170210380611,-96.85187106103935,-96.21323752706616,-98.76069446764596
2025-11-02T00:40:00,AP_24_10,2.4,10,FHSS,2447.83491769606,10.971076928471415,0.29329613727827597,-71.81525722883295,-92.54484095788779,-101.34571651336637,-98.8278486057178,-90.52343274128978,-94.02721004020097,-98.61190058884928,-97.70385328535781,-97.57514100756252,-95.16296219725896,-98.40209334900567,-94.79695369203418,-99.95023902866143,-97.81177253225013,-95.55942868868763,-95.61836268772811,-96.7139111481573,-96.85299123425294,-95.23736115237483,-99.14678737189037,-95.69047890038144,-94.272804536141,-99.6409830011037,-94.17190209888597,-97.57065924687163,-94.47456943714279,-99.05977480585877,-96.93074843635556,-94.92631501441338,-96.92537499237362,-98.59317258780436,-97.83835893474269,-93.96464845037845,-96.57743619411393,-94.66911529485222,-96.44407868153907,-95.54976148310612,-96.28463553066508,-94.41604731013783,-95.34384168906065,-100.95609296636616,-97.27053149532922,-101.7638438072646,-97.96176697353283,-97.56206552038827,-102.11430143492343,-94.90990004278913,-98.61031803770658,-96.66351820745992,-100.17451405639046,-96.07749931055814,-95.99081705773547,-101.00035161336352,-96.28153172636623,-99.10496506594738,-98.33607105093537,-98.2945485740807,-95.27805303783735,-99.2198696397783,-97.03196443769782,-94.28844115890026,-97.29872979822028,-102.17291690192391,-96.41606326766222,-95.61049293204454
2025-11-02T00:40:10,AP_24_10,2.4,10,Microwave,2463.823774873463,9.458047538774489,0.27687055301283187,-54.21886057166427,-94.82508047202955,-98.91636547635427,-98.64799438982142,-97.77422251455121,-99.95113533229278,-90.26373155905091,-99.35145247368195,-91.15447352317257,-105.05803067633265,-96.60735721088315,-95.52720526351052,-98.53377522852857,-98.27840287941238,-98.60394982454822,-97.3128309466461,-101.27827117801736,-97.31066189563765,-93.06504773619601,-96.93695202464332,-96.34700355731661,-101.8900067203721,-97.60703007954066,-98.66028535062932,-100.16620891212997,-96.62389179378135,-98.4576271174716,-93.34413346668047,-93.68133437274355,-96.59720563418541,-101.77043081049462,-101.82716451149913,-104.8146129047315,-95.57225989961262,-93.21557370943995,-94.80487277791994,-96.46810398857205,-95.30376170474105,-95.12227686000794,-101.50818251519321,-93.71140985209703,-97.07056806075629,-101.99578745885275,-97.44646986157217,-93.51367853668113,-97.99472932116409,-94.99145076974257,-98.35253612985424,-97.36635788880817,-100.09121710113284,-95.45565805501909,-96.76040635499452,-100.2587685260853,-94.92336303525951,-98.61953045738441,-95.50400724337977,-96.13419792094138,-96.85026055634538,-92.01233130161003,-92.98783052643664,-100.51921072771178,-102.36662746363422,-95.92154957213194,-101.6570100484618,-99.41547583031696
2025-11-02T00:40:20,AP_24_10,2.4,10,ZigBee,2438.8986276240917,14.809810049617674,0.3898009124533276,-56.90675174152905,-88.72897168706983,-90.71271038914692,-102.2219479822838,-97.01314374352187,-97.76086505168549,-98.1485258179344,-101.40378154952556,-97.76643531110699,-99.76910007774642,-94.06493610018923,-99.29231450260414,-101.85932692507527,-94.69029252627377,-96.21785504936871,-96.34139399587843,-99.26202177651632,-100.66032322733678,-97.78914499233075,-96.38893579775578,-95.1065994716719,-97.32069297218703,-102.39616119656253,-97.75691871893663,-102.75215670057663,-95.71108422224295,-95.2447749854911,-93.47991856080175,-95.84168016170298,-90.7327336301258,-94.2716858840611,-100.83755394123213,-98.74847488953033,-97.9319694822966,-100.70575169423451,-96.69721996934474,-100.17815001748657,-95.63071005576654,-91.78891282236067,-96.99084325262147,-93.43040415352289,-94.64056389677854,-99.78594422751998,-97.08228059074625,-98.07858563520091,-98.12232081831282,-96.35703473263534,-95.45282027310856,-93.62412830310747,-100.06257666979863,-100.37965017867946,-90.97421667489571,-98.97254351735268,-100.68717749255363,-96.4595630883739,-97.36173565019526,-94.88336345000191,-98.44746948592427,-95.18329226438394,-96.99447833762942,-99.04206169377925,-97.30671494728614,-94.87122097397625,-98.64844756387765,-99.67900795636207
2025-11-02T00:40:30,AP_24_10,2.4,10,BLE,2460.6514692821825,14.492836684779219,0.2417735737592925,-66.15692599818114,-102.7727738266654,-97.02071672351187,-96.89358052518227,-103.8496390336372,-102.5996512364058,-96.13302032783955,-98.03505957451738,-98.830796824707,-101.61703814526308,-95.96051075282803,-97.1319548584927,-103.3221172986896,-96.41080703748,-92.90633453189989,-102.45271397673825,-92.42566299080985,-98.33230370297665,-98.46644512685755,-97.69569463334348,-99.893244413157,-94.52000810795553,-94.48901062170667,-91.35610386356474,-96.56769716850246,-99.51259575513245,-91.28890436480512,-95.04768779842479,-101.71263992958164,-100.66365214995402,-98.87020157456863,-100.44699794516546,-95.20425060962255,-93.32871947172649,-93.23329819100647,-102.59671936412205,-95.19430321051902,-104.47584196878665,-95.16604361695443,-103.7629212262029,-98.92183607083491,-98.45211828616686,-101.39590420749889,-99.84870960301228,-94.87504222015752,-95.59114202916628,-91.23995857764581,-98.84535866700841,-96.55907192353222,-94.02003610943167,-95.95629133087974,-96.54202300085312,-96.84595509395112,-100.52626568407186,-96.06829815499417,-97.72491298826341,-95.24731445028559,-99.8063511879871,-96.71288551577436,-95.13276831014011,-96.85802472478922,-103.13112954189529,-95.3908030300671,-99.0593302560779,-95.97694506536064
2025-11-02T00:40:40,AP_24_10,2.4,10,wifi,2457.0,0.0,0.0,-103.57413196138599,-97.78997917841329,-90.58563116025739,-94.61088508052504,-94.44762307882223,-95.41509313010609,-97.63511096368977,-98.8426248875051,-98.60102056195332,-99.38391488557713,-97.24603227220298,-94.14015854564393,-90.55015069567864,-98.04259792080278,-92.3331028120631,-93.48286950778295,-99.228319006202,-93.75650893857383,-94.02407876459228,-97.70193642912562,-97.24319474577612,-96.80735020329035,-99.31825234672996,-92.80626216196333,-99.58591540417852,-97.6437604965892,-99.82910287036974,-98.56011958478526,-95.6829420135767,-90.58169520401329,-97.96054063767035,-98.81989981420432,-96.91415047729986,-92.22841399787212,-104.40576649994009,-98.14850329405368,-95.09473897317322,-92.7404476318731,-98.35453877435835,-97.39405360255205,-94.20270965234313,-97.51481751016212,-98.39591634729605,-95.45044786910711,-95.5141842523326,-94.27340384834618,-99.29564189169645,-95.87372624271977,-97.26422704579608,-96.03922103104377,-101.78578048269122,-97.89903556656535,-96.79064594738333,-97.17166819141299,-97.9881833102184,-97.03228789164979,-97.5014734720187,-93.53547022490386,-93.95850909292291,-95.32594561205697,-93.30245202948451,-95.1070615496265,-95.12054337626323,-94.10521384104263,-92.71335580751192
2025-11-02T00:40:50,AP_24_10,2.4,10,FHSS,2467.5169183084913,14.389362737310426,0.7968850818050732,-55.071726108692715,-95.15855427374899,-91.03121890458138,-92.69582434422614,-99.72221869753004,-89.9189547201641,-97.22350039054473,-98.89638658138253,-101.34545113058279,-97.1206378611317,-103.34813981316574,-96.21557887517176,-99.27159942908709,-95.83675398319453,-91.55879948069968,-101.18878323365077,-94.24211593816794,-97.76373531916201,-103.60363987215942,-91.75398700291683,-96.63602812972968,-97.2526595545477,-97.99034742627518,-95.02605421686727,-92.20959771749185,-97.76246339896376,-98.65729148691445,-90.75595499040232,-92.92676250434494,-102.01239997505938,-96.55298392583977,-94.46110377804358,-95.14378465861631,-99.34543962671393,-89.90065790735437,-97.66051586104722,-93.47648119982466,-92.09025144164748,-95.7860684329702,-93.37223710476458,-94.50722476127234,-101.7581348523314,-98.4526140640866,-92.49053925175053,-99.94418873032336,-98.16800865312202,-95.28734002080311,-93.40991232479857,-95.19255718902963,-95.11577832078724,-92.55783720229647,-98.64753495402944,-100.60726942513752,-98.28760254135943,-96.36228029606715,-92.61818813347273,-97.21590224240235,-95.36260965368419,-97.90725851728894,-97.49379177178623,-95.26400008418024,-90.72913711615449,-91.99792820202887,-92.86667491316526,-98.08384066268916
2025-11-02T00:41:00,AP_24_10,2.4,10,Microwave,2451.588604653877,7.838804014231145,0.7826357348541217,-61.174578022384644,-95.84206226399937,-96.90189271937274,-103.71655603889795,-96.38367568380272,-97.20367861820706,-97.25501823677982,-94.23234251613297,-100.58270810090895,-100.17522568489217,-99.36217204135728,-100.97880917097193,-95.01157048961267,-99.32594278224559,-99.5086958990838,-96.27978316193614,-96.76614135983279,-98.08144546626393,-92.7212510309648,-99.1371149262578,-101.03010347189642,-97.6333344321235,-96.56749858198529,-98.2960588238717,-95.17903502189814,-97.24856542583684,-99.4007805781381,-96.55760854078362,-95.66270529195567,-97.30851246057345,-103.81667192389473,-103.10210762251194,-95.3988894025662,-101.99336669152733,-100.11196514796609,-100.64915901127537,-93.74829385062779,-102.18883423774275,-97.52424997563645,-100.21247559595174,-93.41960819113861,-97.11870508906874,-95.51359884609894,-98.62281278195994,-98.10299340634916,-95.76684771663606,-98.61518259449807,-99.37114722553096,-102.66140622700843,-104.1234880613635,-97.89903249574465,-96.85588382086968,-99.87732129284258,-94.8692064535883,-98.95830037680689,-100.77497411471941,-98.91574451014357,-100.87726163563764,-90.44638428154181,-100.25918385210308,-89.89114947398137,-96.42871265009006,-93.98601921580041,-98.6618121872169,-91.64104850567932
2025-11-02T00:41:10,AP_24_10,2.4,10,ZigBee,2471.412237279746,5.62701190994704,0.21981195975423407,-57.98914184158111,-94.99809929845458,-93.31889808141742,-97.85666042616006,-96.77112000798681,-95.54280214046537,-92.9946605232948,-95.75790081945925,-100.0330469449213,-102.48994095688445,-100.63837917717247,-97.61600868745948,-95.82975571798697,-96.09982173283288,-101.31198751340563,-100.74009972928718,-94.04608255594425,-98.31947498102541,-94.72710734471342,-97.52905759446368,-92.92844910862661,-96.43931397681914,-97.06328152650902,-99.14859596419998,-90.02472732427319,-89.34294071059725,-99.8614425002958,-96.77801219108832,-100.02083907817341,-91.00713903165925,-96.45603740966175,-95.66006972523107,-96.48800294740948,-93.19805162690074,-97.485312140072,-94.81277135126433,-96.45075076918339,-97.97221675409959,-94.14043560173036,-91.50769041483879,-98.44276044838617,-95.11875523348067,-97.37460021945755,-96.72314839700391,-93.9472634199588,-94.7120944758892,-94.84187841148436,-95.44801869851311,-94.98576561866112,-92.64035151905237,-97.57475654134915,-92.44167625533372,-94.38640146159551,-93.68809630879637,-96.80286992731733,-99.61926958445456,-96.32250748039444,-94.99898197794882,-96.85261942991308,-100.39494550749441,-94.64852712004198,-92.32942635077013,-102.13764667183608,-94.40655848818233,-94.66696006072847
2025-11-02T00:41:20,AP_24_10,2.4,10,BLE,2449.614884530715,17.21752447152314,0.60301060213326,-51.13539186832749,-93.74292057448903,-95.57582007461708,-96.83007122924536,-95.9224815054115,-98.22494701265111,-94.26624221310956,-98.38330560179115,-93.65557131190579,-97.30510646689876,-95.50875168133284,-95.07999064545936,-89.37995818975979,-92.71821737661665,-94.7430708376606,-97.04508418245818,-95.12155951803628,-96.46458122404194,-102.03436267854327,-97.65058821145799,-94.31803283382261,-94.13068881989395,-98.70733818967136,-93.11969221436108,-99.39773102990719,-100.40047801441732,-93.29065586830662,-92.72346331341174,-96.03963740161151,-94.08083897793412,-101.33740201849265,-97.00396848136934,-95.41690454401552,-97.90891928424682,-101.24921038430999,-96.46267733719974,-95.44858273095132,-96.52568549854406,-96.86202204479629,-91.77405847113796,-93.47224072765813,-94.7836755588835,-98.92648806072539,-97.51486360574583,-93.35650578304326,-93.91332102588913,-95.53693417540943,-92.33619823350442,-96.35239724526782,-99.97368653413902,-97.70875316191648,-94.24142975162462,-95.10335649482609,-93.76558020496431,-102.36074370748312,-91.04679374213205,-96.74868271485664,-100.50471821151352,-97.13514247747935,-93.3883009582247,-95.83421511501616,-97.76267391882608,-93.92710821854332,-96.86217104270297,-95.92179931452432
2025-11-02T00:41:30,AP_24_10,2.4,10,wifi,2457.0,0.0,0.0,-104.6305200594344,-98.29680873364262,-101.38130579290394,-95.82620027777726,-97.26158779702872,-93.13567260842909,-96.10389024409913,-92.81995683985703,-99.58778718019411,-93.16260459464144,-97.7453873999182,-100.09323870994629,-100.48093517418316,-97.32295158702748,-99.92348770208757,-99.10818107009966,-99.04784140029936,-95.49844071986676,-97.42332605652832,-99.59899037233826,-100.90982664291693,-101.56022105727435,-98.41487153109269,-99.91449084767261,-98.58704213589361,-99.24027098173748,-101.18559877139823,-99.89377040207208,-98.09194820396196,-93.77852647766167,-93.45424794107481,-99.37549612783681,-104.31773269949001,-94.29290943551999,-99.83240581143222,-97.28517740848928,-101.50444120121132,-93.25511290470216,-97.35481590462874,-96.36376313568964,-102.37653803171166,-99.85977042042809,-99.82904042659337,-94.64319169096798,-100.84511977816916,-98.14191307487006,-94.1520540097156,-95.86308602728094,-99.73520989475114,-98.70835736363757,-100.17821877733506,-97.50614994239766,-98.43110376789654,-101.37042301081553,-98.24494499186588,-100.58536737972751,-97.98283448214407,-91.7526478501748,-97.9337929350414,-93.34829239440177,-102.15438507787754,-98.94381575164468,-95.7558178249352,-98.95136618801598,-100.54667433152157
2025-11-02T00:41:40,AP_24_10,2.4,10,FHSS,2441.4089032232932,1.6096474613278258,0.7734313711678851,-58.24181682493757,-99.05665937059169,-98.85451593722253,-90.87280174380474,-95.82898714238104,-95.48210139077602,-96.1747260176398,-93.70546370409588,-95.17496625918157,-96.00361272148196,-95.38945849718233,-96.71700843156373,-96.06531992951834,-92.44233781680111,-97.52797183638741,-93.43586318478312,-97.20780473259921,-96.65328207868217,-95.63543718562586,-97.10206815854217,-93.38116629295902,-101.19890105814855,-96.99323005606676,-95.58716112219905,-93.23971505386349,-92.81737066822782,-98.41516190490387,-94.36071538457949,-94.31856908500401,-93.40191801590574,-94.47155712790192,-97.99730910683417,-90.19715885407298,-96.91457371219654,-99.23785359789461,-95.87241043568552,-93.39547108859792,-103.80715806386492,-92.41958923876932,-96.45984437956538,-89.06215520776088,-94.92747276245932,-89.71315059434515,-94.6807570655538,-92.43637918645729,-94.42153335286804,-94.52410663996694,-95.47439245851051,-95.35479133477435,-93.83570894059514,-95.58091137787106,-91.92573022579357,-97.21803220230902,-95.09042426511257,-91.66389779689852,-91.92170822125163,-100.1667430699846,-93.2060423611257,-95.12411870150524,-89.37678073692726,-101.07189357367342,-98.82749038304011,-98.08215538486701,-94.86437265052021,-87.2665810794418
2025-11-02T00:41:50,AP_24_10,2.4,10,Microwave,2447.7693617719174,13.117428352084685,0.31161746648032684,-69.02708441729503,-92.96060778709112,-93.39180706504999,-97.20044040648003,-96.1276506668284,-96.68554689442337,-100.77318778189753,-99.15399915127703,-94.17051753762419,-99.17627126055541,-98.78785326041957,-97.24078684874497,-97.2661213562875,-98.04180354257474,-101.87563584607544,-95.50762626055851,-91.80591179938446,-96.1963392398942,-97.16858089657968,-101.3561844005292,-100.15938569287601,-95.18151929735846,-96.63019209372231,-93.85831832138379,-99.03771931592082,-101.3334146364146,-95.91455645152602,-102.02687094797963,-97.22325665377878,-95.82711910744077,-97.92960584694346,-93.29394558651937,-94.72814634600793,-96.84403756454154,-95.77067214634344,-97.46434918805271,-99.73014337017526,-94.61190717971402,-96.40294758961072,-102.25630328816958,-96.52712922860741,-104.97256558590936,-94.64927866255032,-93.39987199118849,-93.9256246751181,-98.43085813354453,-97.64773101236416,-98.57090074605848,-98.75353711330267,-93.3072857438074,-98.9460883136553,-94.20651394325068,-100.80864637241771,-91.75065545307034,-93.49329518969512,-90.23317806492192,-96.81938238671684,-95.71360403810517,-99.16876185569411,-98.70020061672938,-99.20317870290327,-97.88096182086709,-94.4491628880632,-101.16399600031139,-98.39362321783302
2025-11-02T00:42:00,AP_24_10,2.4,10,ZigBee,2475.9163484207616,17.786300778292613,0.3357996854503451,-54.399015906526806,-102.57250062710479,-99.97196045548203,-93.79467935495167,-97.91215732844942,-100.25733928278675,-93.53204989379282,-96.00486911049231,-93.76900090338621,-90.0685627460974,-97.46255908537411,-97.41849706179654,-98.37455658123575,-101.62894409035046,-96.97016677547255,-98.06343281470122,-97.05317262792742,-94.48733419435509,-98.46506745450793,-97.6090237828919,-94.23872069209322,-92.6610143981555,-101.73865232507846,-100.01160670795886,-90.99237146760541,-100.69978444795554,-94.63705346213307,-97.33195281396632,-93.83761579569769,-95.18044460304883,-92.30093492529855,-101.97620177975176,-100.12933794623741,-99.51177921450103,-96.12126438738788,-97.51918923054059,-104.20579926670808,-95.90467630107247,-90.33015252462381,-100.56331317718198,-96.45389144439761,-97.47587566015555,-102.39599123588448,-93.34134656614526,-96.64030324764187,-97.93988122453973,-92.76880767079994,-95.2626090105492,-96.91886636143079,-95.35640733403929,-95.27919024360602,-100.2926817164684,-94.12101099832526,-102.78748581018228,-98.47997931415215,-102.91786488446118,-98.31039946056585,-95.58336103097588,-93.90092445153762,-92.59352646792271,-98.69524749432433,-94.71573285978279,-91.58415066908762,-98.26169109568343,-91.61109413677974
2025-11-02T00:42:10,AP_24_10,2.4,10,BLE,2443.8379497579763,9.43107703744253,0.5170341302702546,-51.34037971570291,-91.83989499711487,-90.17948408197788,-94.66735886444555,-95.3892738197687,-88.71177695244894,-95.26054951577946,-94.80055131901734,-91.4274741570517,-99.71324086594514,-96.37580006199366,-89.2953637329446,-91.13516491201625,-99.42470537211662,-93.08976767427805,-93.61468822684722,-96.27056941401183,-95.20922848609189,-92.84205489576937,-86.94978478843231,-93.54501892982911,-100.7108500758559,-88.91150056824205,-96.04371611455682,-93.95915323848973,-97.50711560832308,-91.15215982185785,-94.81691442216076,-98.65279654340516,-93.66830329646606,-93.22495083181474,-97.07280212057674,-93.55931257936979,-94.61038485661093,-91.42278482356195,-96.36084015432755,-94.41779914919584,-92.9791921146361,-93.67922660932432,-94.26509645432061,-90.79856781203408,-93.2088972031112,-96.03054604514901,-96.31634791989642,-90.35007472433031,-96.66189451527445,-91.66099532809196,-96.94660361154888,-96.95937663086511,-96.79422240921498,-90.38527143883358,-94.41225474827526,-94.02646425384648,-93.68824671034986,-97.36022488821911,-98.77076369779954,-96.20634332238778,-92.6901939382141,-95.853788160927,-93.31083147908599,-95.81590733116683,-93.80862722942594,-95.68521247595264,-95.1506592685127,-97.43581414330257
2025-11-02T00:42:20,AP_24_10,2.4,10,wifi,2457.0,0.0,0.0,-104.56611025646363,-95.43048680036716,-93.1462708189831,-93.40420175138678,-96.16867241537872,-98.68092677681965,-89.4538609820532,-95.80610536873198,-101.04092331569919,-97.69318591320648,-99.42629304043245,-95.72856628332119,-94.21561452610962,-94.37098140675175,-97.98133716787281,-101.11456561327807,-95.39591976168549,-97.4794887075465,-95.38667696504255,-97.10928020773474,-97.30604884431187,-104.95050822841635,-96.80782499023111,-99.04030270957391,-103.40227278360936,-94.39150477307062,-92.93389792993507,-101.22757603458767,-101.17087043869428,-98.61491206694255,-99.89641369139918,-103.96259350363869,-91.60572194816334,-100.75189870308955,-94.71222619251165,-96.90750364972617,-96.10559933668445,-93.16720595740645,-93.43950722410288,-104.10465717770475,-101.16674830059242,-98.36199839514087,-103.6059513906516,-98.85796053930365,-93.31353829906368,-100.15005427029062,-97.00299009136954,-100.72499844820821,-93.85127536592805,-100.07991209566315,-99.13371496237039,-97.88321518817523,-93.70650425815163,-94.81248244409211,-99.8800765984194,-95.19732493053564,-98.05715822442157,-97.90601378136196,-100.88616253694558,-100.17216780020739,-98.53450011234062,-94.69422172707341,-102.65071275319761,-99.47235288326556,-98.09907332723203
2025-11-02T00:42:30,AP_24_10,2.4,10,FHSS,2453.326132664224,11.237252293791192,0.4763096146123605,-62.82001295502895,-97.27921787048123,-91.87872400837999,-90.88282810490854,-97.93652598936,-96.00163536820126,-95.04055113550311,-98.06865321686513,-92.74849020046763,-101.1356573404112,-97.53008969520039,-95.0977388200009,-95.38375387028631,-87.96711355631354,-97.90587193890387,-97.5018417549541,-95.46244952917314,-92.8978700134997,-95.48505706976934,-97.49614549599416,-99.25225668486813,-90.99470685769718,-91.76074234211671,-93.63895866233774,-100.47747102670337,-97.23192186245467,-93.01044843886436,-92.80672053775533,-97.22834357160455,-93.95150833099233,-95.00137433867131,-90.5307486420749,-100.28453846151338,-92.85463001272947,-93.84860078190555,-101.03058847696565,-92.3546344561441,-94.85722545785512,-98.52537521874675,-96.84620715682932,-97.58701544451789,-95.68647452149582,-89.84096067252767,-97.43933588361243,-96.15207993111008,-98.66550149861786,-93.98100437644443,-97.42262010750882,-96.664945928464,-85.64065893250248,-95.50337616612296,-97.66880908542667,-95.393875598335,-93.9305189168008,-99.81742822260391,-98.62208676275941,-96.03245993134477,-94.13665554975594,-93.67643104426256,-97.82188795152209,-95.96562623884411,-95.96005295741668,-92.45291487152556,-97.46526536989037,-91.00196315142219
2025-11-02T00:42:40,AP_24_10,2.4,10,Microwave,2472.8602830752993,3.4196972178604303,0.45872457147520385,-60.16177175444985,-103.09033588844633,-97.380626465357,-98.66166064086217,-98.99876931524527,-97.14613075753974,-101.03817718747632,-94.51394629015624,-96.25812029447316,-99.8330659848916,-100.76921441804554,-95.00528735415449,-95.32727275668628,-96.66963029647209,-102.1816313996806,-96.78995840324802,-97.06907426425637,-99.14606299613033,-102.83437755630207,-102.34431716136702,-106.08107679584533,-100.23605146810081,-103.14143524369962,-99.39797578182697,-97.76942833300181,-94.52447256600384,-95.21780744884022,-101.58366125342765,-100.15839809487402,-99.30449896803356,-99.1041766951983,-98.94891667523544,-102.2346169094292,-100.63827365716412,-101.63467631972296,-101.33157001704488,-97.58103296477955,-95.45787503267108,-97.88287369733492,-95.70343565505803,-98.36886310705563,-102.98897360432841,-98.26458232179421,-100.452525728575,-98.4384805546363,-100.0910340481539,-97.63412941124957,-103.17552407906354,-96.36374458528032,-92.53550968581098,-95.78597419221444,-99.93823812702345,-101.01074572685755,-99.3792488089096,-94.58623703812594,-99.05193695307257,-102.11274880284496,-96.39300127470021,-101.08434916081465,-96.22141195727187,-99.38695247732105,-99.94721394174982,-95.19116200542948,-97.03584226930076,-97.63045963067376
2025-11-02T00:42:50,AP_24_10,2.4,10,ZigBee,2473.0016148762393,11.881370769302922,0.2305187859049469,-64.5799518533735,-90.92796067735343,-95.56630364913978,-93.35028435869116,-91.34604510200673,-94.77915281998476,-98.23832946080583,-92.87611648505539,-97.55045770901823,-98.00073573966964,-94.83053010621313,-100.65136915102353,-95.81552463372147,-90.54842774285783,-90.97389635209892,-97.49065417894023,-89.12236021146629,-99.08559173790536,-94.88538939924418,-96.75965620957112,-96.71533312235019,-90.67721137454588,-97.71365026390869,-99.6293260985768,-92.63834298205191,-101.99831830012671,-95.67688856119808,-94.57271189990867,-99.85435607351248,-91.9292054762441,-98.82422686337927,-99.32313584970721,-92.33189025812366,-96.81722028726679,-98.49874561402058,-92.93099824515096,-93.9787418456152,-96.26014351639027,-97.20572154347111,-102.76966232822234,-93.98998530325831,-98.6756771833711,-94.80762003220731,-94.05043200413067,-98.3265509641173,-91.14242869503586,-98.45146768161011,-100.92219841793641,-95.1401550459873,-96.1307723056458,-97.57935995487958,-95.31566724786086,-90.7541014537539,-99.02014171239405,-97.3093718351698,-96.44760931416181,-98.15482828604507,-94.68219726094763,-94.56333442751104,-97.78868166041057,-97.43118068159225,-92.50540210038163,-99.96904628706817,-94.03726444166678,-95.13027462010348
2025-11-02T00:43:00,AP_24_10,2.4,10,BLE,2444.4767060846993,1.5377195049356378,0.22051910326386182,-51.11208054892597,-100.97987044332547,-104.28215026083294,-101.25120690727647,-97.62521543112528,-102.31523724309405,-98.95558634187879,-98.54552686817759,-94.18470541458635,-95.44694712044581,-95.35939965661287,-100.28446266724443,-97.4667609346652,-98.36616466475229,-96.80466250000634,-103.4239998387688,-98.06467631606498,-99.01911625334135,-93.5007158954697,-97.62566699707028,-97.1572788321944,-96.04450974020116,-96.27753129647563,-98.72078081530078,-100.59750390177153,-96.49894880066206,-100.12552166917985,-102.58439389622407,-94.87128807452157,-91.59857310304623,-100.95331287727488,-96.78743392765911,-98.40782688387665,-100.53438459156186,-95.31191633924176,-103.07577789166736,-93.78174517750998,-104.3713278450005,-102.20228475894295,-97.47302056325628,-96.36668808267974,-98.04899242723931,-101.87357304485619,-98.08975534264742,-104.35936509836398,-96.4936374404459,-95.291445595097,-100.0870310206743,-96.57785307923963,-98.11068791251327,-96.3808024886754,-93.84461783796854,-96.11639170382503,-91.59398971717064,-101.12039826527285,-99.09592180654158,-93.30394890800562,-94.29595142682001,-98.25081937286777,-97.13433868461713,-101.78499862985846,-94.62804563442081,-99.43274081495127,-96.66179968085979,-94.9899243527953
2025-11-02T00:43:10,AP_24_10,2.4,10,wifi,2457.0,0.0,0.0,-102.93317577776256,-95.23180004077555,-95.02225239743183,-98.49123822636047,-93.10288328146594,-97.36414774265388,-94.87912385365814,-101.11450771161735,-99.72517661999926,-96.56960655448711,-99.25471514955764,-96.43418012992493,-93.95609572954173,-93.56983482949943,-95.1586417882618,-98.11303736788548,-96.73222189108954,-94.92495242172964,-93.51017752939212,-97.19591462328945,-96.0793461182275,-94.17138382954732,-94.05308767085543,-92.11851579023866,-93.37186484891804,-94.12095217268654,-94.20981963835217,-93.57204107714479,-92.80518271262615,-92.74813904482178,-92.92076864885871,-99.5402686708969,-95.2888363110377,-96.77168560498384,-92.40027266537662,-93.15391683446424,-89.26991788470663,-94.70617117794552,-96.54249550026192,-94.84232362456589,-98.84634029228931,-85.12113389993439,-98.17574374872189,-93.46444932648183,-93.90562570938955,-96.26458805128001,-100.48777838926662,-99.16790420700352,-101.08976647233214,-92.67733784020196,-95.33602241720588,-94.33904574526309,-94.61265097221317,-92.90626809020692,-95.7367225747586,-97.87352076659838,-97.51926855510958,-97.48605077279079,-99.15609501351554,-95.16329298327608,-102.86214736562663,-98.61541640777841,-101.43209981624986,-92.96634904073748,-94.9528040179726
2025-11-02T00:43:20,AP_24_10,2.4,10,FHSS,2461.294116410999,18.040837958702486,0.26310551020929074,-60.61006031962924,-98.01506561453269,-92.86264585128609,-100.69685711350475,-93.64905923024497,-98.99182323887666,-96.7437726276886,-92.98259878024535,-95.55508950506885,-91.63136997277361,-92.53309928929322,-94.47132472138364,-96.06932119425728,-95.90044272640459,-96.05355644678103,-102.13038162334144,-93.84896101677252,-96.47849617488,-98.56194038508754,-95.56905637592523,-95.4869315220627,-97.01209741375129,-96.27381694704574,-89.16331363316158,-90.75107060157517,-91.23236478922404,-95.27891248264359,-93.91252506431509,-97.53797279408083,-92.43238276319872,-92.79744951027334,-103.32084980882473,-90.34011596527117,-103.43736279318959,-96.0526490179835,-97.72438686618082,-98.58124744956405,-99.49981532659977,-99.74690927846844,-94.16532375420492,-98.19749616578332,-95.9007118846622,-96.81526450875683,-94.39466327483704,-98.78756870264174,-97.54373211501952,-96.5993532470211,-98.11680046440036,-95.5480058211032,-94.95417739843452,-96.91215028932616,-91.4485317304796,-92.68770589273585,-93.76802347333444,-96.91206956728833,-97.69561022102378,-96.05880019083253,-92.55131040226823,-98.12539809210371,-97.53000274209967,-96.86529114612719,-95.0845234227746,-93.693859651338,-93.10966417161683,-97.99922723283045
2025-11-02T00:43:30,AP_24_10,2.4,10,Microwave,2439.7700085520237,5.194999768416106,0.2933335155054908,-61.91400014695556,-88.38597249040566,-95.78201410484508,-94.32865753591116,-91.43684953979519,-97.27075880638259,-96.69307506538404,-94.66569037342198,-98.95019873492768,-90.40660779374163,-95.48636583685594,-99.37567705274496,-94.31867599993137,-97.46733351994675,-93.92164095149225,-91.92969358937779,-99.93393906376964,-90.32546076236471,-97.9731762560317,-94.81324721296201,-94.18376682969742,-90.87164977213763,-90.64547867083533,-98.66877570371913,-96.94740693380722,-94.70957669079698,-91.68754525265716,-97.64377447056471,-93.95139992353306,-88.5278800716853,-96.56641498217965,-93.29077943376046,-89.81853057017841,-94.30544718496631,-97.66895485210752,-94.92583759065809,-96.51657181200095,-96.96061535513718,-92.32589968534575,-94.34204907582223,-95.20051553880714,-95.03026974992845,-98.23145577144635,-98.86342751147141,-96.38107668865136,-89.37376533671132,-102.19172204224222,-99.35145820538557,-92.82653064409722,-96.42421658487429,-97.82489796146096,-95.4453869622486,-96.39046173463049,-98.22862563651577,-91.5685640482856,-96.03942967260248,-92.6088096409817,-95.2777809675119,-96.00860906516237,-93.80100924488832,-96.51783298392945,-96.91088942808558,-91.66171002101538,-93.78911122978562,-95.38711291553346
2025-11-02T00:43:40,AP_24_10,2.4,10,ZigBee,2453.204427712474,7.958106671805178,0.26683328436277476,-54.08694765035435,-99.79794703906927,-98.52687149236634,-94.8486350763296,-95.12218755641742,-100.31551184664863,-92.69785803274934,-95.29272012140832,-98.77970152206552,-100.55787922333973,-96.06680617200362,-99.32729798087367,-100.80038304661767,-96.77945012782122,-100.87056382832763,-93.42018919066622,-91.12805541671709,-100.70027104979468,-94.10145514328734,-98.57536561496215,-100.14152436935046,-94.61474304670391,-96.10569730013067,-97.8814265360227,-99.88711786590684,-101.61924899000662,-95.56240723638103,-93.77175100766746,-101.76036846862421,-96.77042115670552,-100.14845845818269,-95.97659847377687,-95.90200113594855,-98.8835487573685,-96.62395575016497,-95.27873154599311,-95.33858694083335,-93.59498537476068,-95.56849670484672,-95.60470627907617,-99.34023013049209,-96.11005099564336,-95.66626184713601,-97.95361553378875,-99.82556379221344,-99.98265209777811,-97.19852345337786,-97.23436005158577,-99.04883469385614,-94.35968008558703,-96.42712337828982,-97.36320970454754,-96.88656895556544,-97.37144034664527,-97.18804430994504,-102.65880401208783,-93.4022057567853,-91.06653832291612,-101.44803462391233,-97.91205729304995,-92.43233469526177,-94.80084215734243,-100.29082593494137,-93.00413668810614,-98.85166004734502
2025-11-02T00:43:50,AP_24_10,2.4,10,BLE,2440.214505813949,18.114790197250123,0.5785948665691296,-53.24578589056361,-98.77647546968235,-96.3400564939434,-97.03418085145607,-95.26715423050052,-99.45159541964922,-97.97784982569692,-99.56711103860526,-94.90562925265208,-96.36352411737464,-96.37261337563783,-93.65917213474683,-93.5913284457967,-89.95955222247976,-96.25365287142039,-93.06342319918033,-94.63494526080032,-92.59817128468136,-93.87273214309246,-96.95158024787659,-95.28698566308415,-91.63138594318004,-96.90977615356782,-97.77784525772813,-95.35464136425493,-91.52339530657154,-100.04718249487723,-92.7843962692609,-93.64304779307345,-98.35110538212363,-91.27186537800833,-96.657245655613,-98.15841661923669,-97.6631758508434,-93.22760291396627,-92.68205089434366,-95.73801012164478,-95.56549555216343,-96.9559922910069,-99.20723721353428,-86.76688823976868,-97.1180810331302,-94.57735629813405,-93.87721873669139,-96.77439524610149,-99.45688389970998,-94.40262864769268,-96.72631024990626,-95.7043575758193,-92.24278808038221,-100.1464444854718,-95.42962077142553,-99.11857474301519,-93.89485368021039,-100.33086576344041,-98.50385268444698,-95.93836622380918,-94.67806064723749,-99.51298479219949,-97.47544098073897,-96.70357394078101,-97.69582047428506,-94.1726786556486,-94.19199646555614,-98.48245718888329
2025-11-02T00:44:00,AP_24_10,2.4,10,wifi,2457.0,0.0,0.0,-104.23915089931229,-98.15344974591588,-100.21486524196254,-94.86070135618547,-94.97306400169789,-90.7951460823619,-95.79053094479451,-92.74058633122321,-94.80087267487475,-98.78378597342635,-100.06985101369239,-100.46836945708816,-100.48278601841946,-99.93601782138941,-93.56436775406146,-95.86771826542407,-98.98803836681279,-94.23947629037254,-98.69715464806039,-97.12067622843307,-100.0837274201828,-98.67955059895488,-97.00714738219622,-101.50266146849337,-93.9719775508792,-94.12324074782038,-96.10928066121684,-96.43673386932564,-92.87799336477283,-101.11656672202832,-97.29605986231896,-98.7151199607839,-98.84905389343798,-96.27304762860071,-96.25099243006854,-94.76967100365006,-96.71976134328071,-94.4140381183189,-100.29127110939416,-95.19495116294284,-96.03878870109611,-97.92736708097702,-92.98772267597566,-95.32558796017874,-103.67041623995543,-95.9852608529607,-98.33413681138725,-94.90757476027667,-93.95220356580027,-102.4685738063078,-97.04270404569415,-99.10649016080686,-97.63583253236078,-100.02368571996477,-100.68323309487103,-95.47664265176263,-96.34368142969258,-92.55841920745557,-96.43785778369597,-95.8959644226156,-90.87874919803919,-99.88014803363869,-89.38757763900506,-97.88639224443796,-98.48296682780621
2025-11-02T00:44:10,AP_24_10,2.4,10,FHSS,2441.681106978181,9.55704205609189,0.7721957974014251,-54.85845786401701,-99.98283113076954,-103.79778875207404,-95.87260027150818,-99.72512516131465,-98.43292014728843,-99.50408967033013,-97.23202560616504,-96.23988663343282,-98.11423895170732,-94.70887878754493,-93.1745179747388,-97.04500769730623,-101.39978721236733,-99.74632277839365,-98.07554650088466,-96.95545294042147,-96.3510612611178,-100.14251755097973,-100.39819952904384,-105.9652885250561,-96.89260948803141,-94.17135747707758,-98.81841558217869,-92.29115625407194,-95.33588243786619,-99.13175768093058,-97.33302088284529,-101.82630883284368,-93.05706280352129,-92.0655548147157,-98.71855397015574,-103.33270468539203,-99.5750914467224,-100.0626080972181,-93.58548824363473,-96.7002963513137,-95.50906681262276,-99.94000735488504,-92.10913181093159,-100.16412201601185,-93.24631002540517,-100.44016077486268,-99.21403609543206,-93.601319047018,-95.81047273740059,-96.36695840952552,-98.39972086156041,-95.26660142030842,-96.98883131674744,-95.48445792055898,-95.83026115657702,-97.89435079489654,-100.77198839115954,-97.47644144811021,-100.46852061250303,-88.0265362487127,-94.77613476139729,-99.89759385924725,-93.23092719617293,-96.79437630760283,-100.22804135090006,-99.9175553729533,-94.0837201721389,-98.47004052172096
2025-11-02T00:44:20,AP_24_10,2.4,10,Microwave,2439.15470325375,6.497001212171003,0.4745574184412048,-69.44011803332687,-98.83991512484145,-94.5418560364789,-94.20853524496374,-97.20603410426786,-100.16857638697255,-101.34240298802091,-94.04424710557717,-97.36030590701715,-102.98729521458941,-102.69924200352052,-97.04575998296565,-96.82689163176843,-95.6241473728102,-91.89404787945799,-101.17183728427928,-94.97859138761923,-93.81706279323781,-100.29974463547856,-103.22585028385927,-99.96929653941028,-96.86637060935585,-100.37360067840179,-97.18274713228809,-99.73513343356487,-97.03491150649876,-94.44456134098675,-93.56694406720808,-102.19647864974353,-99.92196423364997,-97.39018450975286,-95.59582139542907,-101.56733326666124,-93.66306907144765,-100.5440358578569,-94.35813697583279,-93.65941902499863,-98.25579523501365,-94.75374626443664,-100.14925019063273,-93.49288633191523,-96.54265375511113,-103.43156052169454,-91.95495811952627,-98.69380292242957,-96.35484796485866,-96.04025008759668,-94.1616421041022,-98.43231015886515,-100.41780418973636,-100.19410268829071,-91.34982352494676,-98.19342411957456,-98.61212336855613,-95.0789208908554,-98.31815026284414,-93.7272070311844,-101.97166612570972,-95.09875024139482,-99.7952357041722,-101.96399145264283,-98.51264575562466,-98.43956186622616,-91.24224814347484,-97.34011484538395
2025-11-02T00:44:30,AP_24_10,2.4,10,ZigBee,2456.0413358811115,4.341508955942265,0.4305085431654308,-55.33583808728261,-99.59375272450475,-96.88986390049274,-101.53882410870258,-99.94582691679283,-98.93451603092763,-97.21613490828031,-98.49468613410085,-100.82525692723736,-96.78613193854898,-99.52307132685979,-91.88893604074887,-103.2143077701886,-98.40642518144855,-95.62960398791913,-93.83800258335917,-96.58974673085565,-97.39673719778992,-93.61753994802568,-98.12485096368236,-94.92002919801213,-98.45557101224456,-91.04456822859709,-94.34001725415033,-95.53156363316745,-88.91321805578691,-102.53914460112951,-94.10626508570516,-97.97428776354032,-98.09248131098462,-94.25518619655104,-95.0283166888565,-97.12014823126015,-100.2779037213068,-99.81276713937235,-95.31057697708674,-100.6711780263083,-96.84616082761073,-99.59566427471793,-102.80111510858967,-95.56587117644999,-91.08857515111687,-97.45638029663469,-95.41854965538566,-99.8949543192064,-100.37868439965352,-94.74722789626232,-96.24629087419721,-94.67747700050121,-94.54713901171641,-95.64407640522487,-96.81519871666994,-97.83347531923373,-96.42982250523413,-95.4010900588889,-93.50623824694621,-102.86757261123223,-96.73754526201387,-90.55970519609629,-98.69621904247487,-99.56689234127185,-95.99271280919862,-98.98727733742139,-98.5669559438865,-96.72698603466016
2025-11-02T00:44:40,AP_24_10,2.4,10,BLE,2438.898515532611,6.9376661045508285,0.5047383323119145,-70.19206377871554,-94.59627883241617,-95.54274025218409,-96.16396020122363,-94.4888482491106,-89.34542687247132,-97.54723846403218,-97.01972287987915,-96.68122770713667,-97.38017980427948,-96.3322043531914,-99.08374381919707,-97.5763724152398,-93.75807730774922,-99.42929908660432,-94.35893362533604,-93.99531690622281,-91.7248803912205,-92.9971697248188,-95.50417174160198,-89.66603923363031,-97.3505940445875,-94.70897342233002,-94.21722929744487,-89.70017274202688,-98.14564220338619,-101.11678545654702,-96.82984275687986,-92.98922676458668,-97.83956726587327,-95.519196745799,-98.8625653411199,-95.35291418832102,-92.9437913512505,-99.02224969798534,-98.5495251508975,-91.4701099393188,-93.2308033597118,-91.63872101309174,-98.63776235678695,-95.29254204464189,-93.71841458066248,-93.45226947863418,-97.63356945505866,-91.82924835047356,-94.86092848277875,-98.47393630269902,-96.83031333911777,-92.25699823418397,-92.48043353373296,-93.14069972636973,-97.66719397216077,-103.81550216642584,-93.0588356370539,-96.49295710347812,-98.31009700607787,-95.94904398142778,-95.92733752742008,-96.40879555770489,-96.54829259333751,-98.68138188129069,-91.81982276480315,-101.07602076774806,-90.78544473360132,-94.95136158684751
2025-11-02T00:44:50,AP_24_10,2.4,10,wifi,2457.0,0.0,0.0,-104.84414165704752,-98.00697353495369,-97.25079625820722,-99.43454012893353,-98.41020250357019,-96.99483924172507,-97.85414203988024,-102.94941392384072,-97.9579769997663,-96.46050708311863,-94.55306731523937,-93.27705754209858,-98.3648663914883,-101.97688767484566,-98.09213810795319,-100.0696697726643,-99.89807364446993,-97.56169368379209,-95.54912766873736,-94.7142754797518,-99.02813807128065,-97.87945555172315,-95.67943213988123,-92.82349843792126,-97.49325865260565,-99.65589917057167,-93.50682887311703,-96.24619484589819,-97.60938307240268,-97.76355706867788,-100.58929653729763,-97.7097258525763,-102.14029921435392,-101.02100897157742,-92.87618621314434,-98.28679647074013,-98.32478798769694,-98.20942666927127,-103.45325091665077,-97.40387414576004,-101.2959316651633,-98.03797021582308,-95.80891305720405,-97.49845248291601,-96.18135545402573,-100.12206191899946,-101.88353402083342,-94.30173538205538,-98.51558713784,-100.63228242179666,-96.57476453414267,-101.52027022106773,-102.53712363742757,-96.73375291164996,-102.82108186340629,-95.74546726243919,-96.80989730019405,-96.70747348655081,-98.22109170323542,-92.46713122516324,-97.09497693004052,-98.6648740812488,-97.68104318981301,-97.7926621009928,-92.51504807171256
2025-11-02T00:45:00,AP_24_10,2.4,10,FHSS,2461.2968333134845,19.984397594954107,0.38016461678353775,-56.083284500340156,-94.91043566922586,-100.1519816563507,-94.21493009110291,-95.4055907264513,-93.23616848301958,-97.5545783576913,-96.29086397975365,-97.93555471237202,-95.0287823283489,-92.40573305902959,-90.84361504424103,-87.16213387636662,-96.17069177298657,-94.56071727170463,-92.911252251741,-93.59813863502282,-95.79381994078773,-94.09351050701086,-94.04647809101169,-95.81688661725755,-94.55013765210683,-97.15847741769663,-95.6132159287522,-95.98809170762418,-95.1008977366083,-90.11455216028864,-89.63132235749366,-89.86283559120311,-94.44707844299661,-100.76365866349039,-95.09583219835967,-93.24904742516188,-94.11970359341578,-90.50408497366053,-92.90434336958613,-97.3512534058559,-85.75485246338901,-92.28289696795858,-93.4582669781342,-97.31156584376748,-90.00082138943367,-97.92506335796732,-98.48156031713438,-98.53167865545024,-94.34963565486179,-95.36485015224413,-96.61687297674965,-91.48833814997371,-90.75524683898558,-94.77112728739112,-90.63506139941828,-94.94001962701132,-94.1297382366328,-95.6976938609082,-90.9735888550428,-91.25995079930895,-95.25765751759364,-93.10497777224697,-97.00092273899025,-93.81941956445337,-96.04466802970194,-98.02974390575804,-93.5913966875169,-95.32916104113045
2025-11-02T00:45:10,AP_24_10,2.4,10,Microwave,2464.8914390955088,13.553779293388532,0.36644074760948264,-64.4671811661129,-102.78750411569801,-100.15909946552657,-97.45955561753756,-94.27591764138236,-95.89309106729978,-95.75427307567011,-96.14971594559697,-91.94728473130795,-92.24436810246101,-92.37098925693755,-96.318858161422,-99.27421242236771,-98.04252069009331,-93.47732160369154,-99.26962535909581,-92.78108199991513,-99.20635126910244,-95.94806054494914,-97.22229908425281,-95.10593480718994,-99.73359268289235,-99.52902732773634,-92.75830371336573,-96.53080563118614,-103.85668491690684,-97.13933183383492,-97.01977565090932,-91.3712762382392,-101.69256328513565,-95.05107796822661,-97.42464764033781,-95.76900218986553,-95.51755120834218,-94.87395691744369,-95.94968230112516,-96.07818876566559,-101.35571187766247,-96.8457070632155,-95.43064942088606,-96.56088841447483,-98.58539650777013,-94.36620230178539,-97.7237437879028,-98.98789807818531,-96.11827684694076,-102.31084920441029,-92.71969579707265,-97.44907304347797,-96.31345139577915,-92.05701301583193,-101.6237351569153,-94.90245726133149,-101.08560020745972,-101.06765032751376,-88.08533310658419,-94.94417817677845,-96.90063677731222,-93.79494927897267,-92.68124935818125,-99.97124498799518,-101.19969663872149,-97.57844537627986,-95.23812927902472,-95.19108225368922
2025-11-02T00:45:20,AP_24_10,2.4,10,ZigBee,2446.3506323919646,11.215555296746713,0.5684890669833241,-51.154272821360884,-88.38741029442227,-92.00235674293434,-96.00664814279243,-95.08383517470924,-103.19044410711966,-96.45569041463477,-97.5360006339025,-100.1679982942126,-101.04577094867497,-97.75092225496707,-96.8807705635859,-96.70574408759907,-99.17499332683427,-99.57489959903931,-90.08160805681494,-99.04541003249687,-96.42179548708627,-97.17505118889409,-97.78342069688607,-96.3640205015783,-97.48002014857043,-99.18911503178892,-96.9240233098814,-92.7755858976773,-94.50748238386586,-101.42062212437783,-100.55146051809385,-96.3672632541719,-96.14869627444548,-94.97981160520452,-94.4113709806515,-88.29165939016342,-98.91454556266312,-96.21998157114369,-97.12091344808397,-96.28577673654878,-97.01394232168717,-99.15623080856635,-91.84891139527339,-94.76162086533502,-95.43930653531633,-93.55791154168519,-95.7612521808195,-96.32654670150721,-95.48835938556324,-99.28629222999724,-89.51800300772538,-96.29334868916176,-98.86422467631172,-104.23331639256786,-97.68707374482439,-95.15002332869183,-96.92936848784973,-90.85867129315548,-96.13518904077715,-100.19386492792519,-90.2541761767523,-95.91377870116351,-97.55288395867217,-94.71552818066388,-97.68124340304531,-97.43376160464365,-96.43646854663147,-95.34671133058468
2025-11-02T00:45:30,AP_24_10,2.4,10,BLE,2447.3595282812507,13.114453958482917,0.22636744699036634,-65.77520662052416,-98.71482543428898,-95.66434623834209,-96.7066016378967,-93.37050957585348,-97.06858361362103,-98.28020897978148,-97.9493199661349,-92.01154785091458,-99.88213363423,-98.45549234995632,-95.05856496620464,-96.46800268016442,-100.41541236160415,-100.16614780696541,-94.17899765764747,-104.90117238079401,-94.17838771181148,-99.76308262555322,-99.87198552925658,-102.12561542817457,-103.36696818126723,-104.17938714757,-100.33588253713116,-99.21289241665337,-96.21798053116703,-99.98726896580729,-101.58553601534295,-101.6441866747989,-102.14028724354284,-104.02185838009518,-96.08322842581552,-96.41692363503311,-95.86946786457446,-100.42649446174745,-96.00105307818058,-101.6070065038854,-97.34863216299989,-97.87975168297889,-99.14141304686207,-99.20395553675758,-99.15891904236562,-102.08184163892535,-98.25942176513257,-100.18245741245802,-97.01875471114107,-95.51070764806126,-99.33975416875066,-98.03567794066778,-97.29315797120985,-99.84160923838016,-98.03584644946135,-98.50989225050833,-95.27255303172991,-98.076276453358,-103.43939793132735,-94.10691384999963,-100.49877261580258,-98.74642443443338,-94.94464905079484,-100.03837831844747,-92.78176674413885,-99.83802139999474,-99.35125223163097,-98.17722408101265
2025-11-02T00:45:40,AP_24_10,2.4,10,wifi,2457.0,0.0,0.0,-103.33313188306526,-94.88775077697642,-91.83962258767578,-97.79916508887004,-97.25458200424528,-95.44715373831315,-94.15111140626007,-94.73380043345153,-90.23260198186858,-93.80431898780625,-94.63931513936858,-95.03459292879809,-104.15000834221888,-90.3776338293866,-103.97673888610981,-103.57349120140707,-96.62835927562023,-97.02104889025499,-96.05387328272404,-89.65037294023577,-100.50333943995147,-91.90912549330041,-93.0512621557647,-98.50181120684734,-95.93862478598959,-96.6345571085456,-94.33784831459168,-95.66761775111961,-99.13275516449828,-98.394423645526,-102.53585369120528,-94.19952437621482,-96.06447880154087,-93.90692060094791,-92.80267374148121,-96.72489542849188,-98.09606517984989,-101.33570755281485,-89.54137717639978,-99.45282776257683,-93.5553153960854,-96.91217801662805,-94.13599426692363,-97.5791880545934,-91.5433613579615,-95.38328770213,-96.33071240560528,-98.5020376384559,-94.0327269697031,-94.02500738005705,-97.04625078437624,-94.35108396962208,-94.50547695132236,-92.08328062887412,-98.64812768836616,-100.42286681642962,-94.85536834939938,-96.69895203402373,-97.70268606741149,-98.38934737930191,-99.50895324423165,-98.16722664417625,-90.67942719520563,-96.7865296510667,-100.26049561526818
2025-11-02T00:45:50,AP_24_10,2.4,10,FHSS,2467.888891298636,15.961135747110891,0.7903889187285447,-51.019897677004295,-101.70014737513355,-99.32495136524152,-95.69969493688671,-97.41253548718895,-96.40432681566983,-105.12948492165981,-98.74604915647978,-94.02775678843236,-95.19795446638136,-97.5472389057883,-98.1419348238534,-96.47933435235375,-96.40181106541701,-100.17224953637475,-99.85309417715334,-100.05867066456214,-95.94208775773768,-94.4828536548932,-99.77673359905981,-99.52942443941059,-92.94397888171278,-95.2400420614645,-94.07835013486323,-100.93768093740967,-99.08147233810519,-94.77086331503253,-97.86268713660907,-97.27750216397158,-97.49376524388255,-95.34013236738272,-97.55850943366814,-96.35311658882554,-103.81608364673359,-98.04535559518044,-95.62096765058581,-102.12228231895328,-94.8681694725386,-99.98741015660967,-95.42564039151263,-101.07097694336956,-97.68083226289205,-99.40090858765731,-103.00990101048109,-98.99075438338996,-97.6733784523842,-103.02139121903161,-95.83859587509232,-97.44446350520714,-102.39044315762024,-96.88268585330461,-96.94060840954232,-98.8269429467512,-97.83842391278003,-102.37669584164969,-93.86217367457702,-100.79819742313107,-92.12911497897014,-96.0664478184919,-91.8862321072752,-98.25452838474298,-95.78817694860852,-93.66072794552605,-95.84927134539113,-97.56375035753305
2025-11-02T00:46:00,AP_24_10,2.4,10,Microwave,2469.8993971649384,2.0034592328031007,0.3179162503638342,-61.43745640199602,-98.88191602411796,-99.28429585848626,-92.8464292163101,-95.89771115427436,-88.95819131346197,-96.32237034678863,-97.74153148059276,-95.38224140328333,-101.24767532901431,-99.5765193889977,-93.65831810860176,-98.854672925361,-97.88206013728883,-95.96243843751846,-105.03932831127162,-99.13231933416633,-101.3673633863635,-96.58531283432679,-102.95684776552955,-98.94101069937162,-97.04212693143404,-100.69573713682162,-96.52444605986116,-99.84564348692254,-101.19511699675478,-96.14335510624446,-97.76462514332349,-96.43264289638998,-96.4365282138062,-98.31169306620889,-96.54666750711867,-96.79849713359145,-96.8321696908151,-100.34409461588426,-106.31406668526876,-100.91180303663798,-101.06318327674553,-95.12109001822989,-96.81974862881216,-101.33283048321402,-96.73309044124021,-97.93785806225745,-95.94619262431684,-98.67008483216186,-94.53065836447966,-95.75557868309774,-97.16421314780442,-103.19195091721039,-95.48386811242484,-97.29628352535336,-97.80862114718882,-99.61479093782236,-97.77745106192813,-94.86685753167231,-96.28487093433418,-96.86015523210015,-99.50679157784657,-97.97055293796443,-99.04599683458032,-95.9696014365707,-95.37928280504455,-94.25746103419942,-90.05878402807625,-101.7151093107797
2025-11-02T00:46:10,AP_24_10,2.4,10,ZigBee,2446.081246905144,14.331886045422877,0.4323119745133149,-53.17981969871387,-100.29374733849674,-90.02528256383043,-94.91474834242587,-94.54781338397504,-99.17274237377465,-100.90150569448183,-92.97489939297937,-96.38459150972216,-95.38529698078673,-97.03468989555512,-95.88318554469943,-95.57223622221154,-99.00781856496631,-91.93098555157646,-96.15166258292392,-94.81733000080713,-89.12677983220308,-97.52214666395888,-90.27950791698034,-93.79549108398102,-99.0566527115209,-95.16093362687236,-88.66383175984507,-92.58861172531145,-94.45799167627746,-97.21312049628284,-96.27152222300384,-95.60353619893715,-95.60678442633304,-94.64644926674467,-90.8073590495918,-87.58944656582341,-102.14283072333879,-95.1674122218971,-94.9343102470609,-95.02328065283083,-101.14314728006158,-93.76205471775174,-96.08297997634467,-93.83207127574619,-96.11491526789932,-97.84940485171559,-94.57933063054521,-95.18062147115262,-93.94625365101496,-99.92330180357608,-95.13936260101615,-89.23711410753815,-102.03513027388547,-97.36305303370385,-95.86760631966476,-98.30767657501848,-98.29929761601774,-101.3681846657042,-94.69347713404284,-97.69219574608132,-95.95229206321177,-96.69042348653863,-93.49229745425482,-93.1179437847452,-96.9828794581774,-97.58187675599896,-96.44773486196974,-96.80899654227605
2025-11-02T00:46:20,AP_24_10,2.4,10,BLE,2454.2702637364487,15.885804814520558,0.749438161698561,-56.476129565217164,-91.60026897600734,-100.56678063011591,-98.4127976216796,-99.72508165769186,-99.81860867562742,-97.68218929388847,-105.7952479769776,-100.91746549121974,-103.15938069481582,-97.72356070152442,-98.86955296574806,-97.30053530913999,-98.78525554020813,-105.08975660430727,-98.94034293978325,-100.24506441966282,-100.0907919672263,-100.49497277389963,-101.23156329094276,-98.52062143491804,-99.85751116574446,-98.9198102526474,-97.47306313477154,-98.03661745909449,-92.71738414309365,-99.32315296169027,-98.63651928869575,-100.72762382115032,-94.9566698276012,-102.02899679821368,-96.50118017411926,-98.28403607650469,-94.94268274970065,-98.07335182039874,-95.43362767134047,-102.29863694239309,-100.9613484880326,-101.59846938537882,-100.41996297978572,-93.73730774268667,-97.87110555926358,-104.27294084467597,-93.02040449262843,-98.09986334151068,-96.80694542813416,-99.05900636444028,-100.2046812587196,-97.15301521338374,-100.01677327646935,-99.33184711907799,-96.44565058677273,-98.66770001899431,-99.5351805874765,-99.45512381597422,-93.39306323591958,-100.28514294135218,-105.42632747870321,-98.74874847385044,-96.62666965130893,-97.35256816313822,-100.02343007134414,-101.8429951864402,-100.07627686829807,-98.17362081181355
2025-11-02T00:46:30,AP_24_10,2.4,10,wifi,2457.0,0.0,0.0,-101.36829863670664,-92.18114376202098,-89.4916554920755,-97.23860655099381,-96.52958701607267,-99.72716700421431,-95.59750553492768,-90.63442286162699,-90.6188297878353,-97.65962288264537,-94.8941279376072,-94.90925465883714,-97.49953890378455,-93.19613603545422,-95.31930671195241,-95.36724177615082,-96.23555021162534,-94.98581486020456,-91.36558997044534,-92.16221114930528,-92.70077881317413,-98.18915581113139,-102.72295398907549,-91.79365538480171,-96.87992399976059,-93.51165505142858,-97.43161586614957,-91.24424121658349,-97.9916257997862,-90.25763832235477,-92.13762389082247,-93.6363707715513,-95.6091824331051,-91.89220505614306,-91.30853492976684,-87.42090604918108,-89.8015468123788,-97.19922191914249,-98.92273815516255,-92.65657274151701,-93.97040834197077,-94.26766116012506,-92.43607501136633,-95.76420830279682,-94.15743296398361,-87.80016025952787,-96.59418752342702,-93.12593293838852,-97.12604167836373,-92.98026326816418,-90.72239880101,-94.65907345961415,-84.70357803421967,-89.68243543665297,-83.64710615341758,-95.33163475446547,-93.14936998343863,-102.43230558242487,-92.73054640241618,-96.67955867242107,-97.63679677118328,-93.77957296704241,-97.57427688249146,-88.92075751215832,-90.58121532690856
2025-11-02T00:46:40,AP_24_10,2.4,10,FHSS,2447.7501749437633,2.159989005285029,0.5367847078904668,-55.83557039312833,-99.51269274670125,-96.75307136357995,-96.1226363386583,-99.01278472687777,-95.52744455661713,-98.12618501843787,-97.93775663534484,-97.83920569415429,-98.41811024883894,-100.44928767572706,-96.61092431437729,-99.28717176004142,-92.25044288737743,-95.95220630305111,-93.15463259875739,-99.7671695093334,-96.82904235489974,-96.47524348644318,-99.329236335501,-93.72178014751145,-101.49316953674514,-100.65069871637174,-97.14196811155753,-93.95052354779492,-97.1140327954128,-97.54522035949347,-96.87325832269138,-100.66614532065913,-94.76440742761747,-98.08357376914896,-99.75721526392381,-97.85031218763518,-90.35700026028387,-99.14055105169446,-96.30548452132427,-97.86851433434336,-101.25876355564465,-100.99179152876553,-95.23884561840342,-95.9464541691642,-95.85092288134796,-97.95677458837199,-99.80590742493189,-102.87535667347953,-92.94151060579301,-96.68122191416283,-96.90128529674182,-98.28347579819693,-92.38876994174049,-98.28543025101042,-92.33957813628828,-98.90137676754817,-95.28220400454042,-96.53384849892653,-95.42750718341519,-94.58921543236639,-99.1542199128052,-97.23113508553516,-94.71417170199298,-93.16960444147117,-98.12022970509743,-97.4814336719476,-94.37952411621147,-96.0330030378309
2025-11-02T00:46:50,AP_24_10,2.4,10,Microwave,2468.7017423798916,12.816813591144003,0.5703898281223714,-63.40703145938288,-99.69907594778759,-102.96429849269764,-100.32665357937789,-96.26906940486366,-99.34255382937037,-98.90479047811324,-99.47786895592209,-97.27053860544213,-100.10851764833812,-98.9969225781082,-100.16830444682975,-95.34222477972085,-104.90399893661781,-102.7878174380888,-99.01721491960753,-102.30137171804208,-102.69956161286521,-95.19740514010655,-97.66575424066531,-96.36917193279038,-99.26584279255304,-97.66373722637061,-99.99670880642127,-102.77754202725293,-97.7964325210783,-100.26255730431825,-101.30155589564475,-99.28287482688094,-105.14485439376466,-102.59577063742378,-93.77067682584013,-99.5305499321102,-97.14357852701647,-101.72803736907666,-96.24244744854184,-91.74114818110573,-97.3813000732214,-101.81171848894256,-92.16777973498462,-104.24333665332317,-96.09168875870758,-97.91624922215571,-95.774938486206,-96.06781012761732,-99.41551954381848,-97.78808134522478,-101.1746869690271,-97.19895480415384,-103.20319404720301,-93.43893580654458,-93.40893332525448,-98.49935513167515,-93.21307758460848,-100.06870603558814,-96.63576250506878,-91.48566720560126,-100.82798724722338,-101.825275567425,-99.18947182448997,-102.19751767817262,-97.9919527546037,-94.44156673325084,-100.40841304876804,-98.83486395241229
2025-11-02T00:47:00,AP_24_10,2.4,10,ZigBee,2470.130962757529,11.7390720979515,0.3446471815020341,-52.80900633659236,-100.85502490506158,-95.60176550641016,-93.10745795158377,-96.44613553153829,-96.80856503884695,-91.94032556347427,-98.21733600208785,-98.67221578413262,-94.14371479500987,-96.78708846663379,-105.14404044419342,-96.27939821897903,-99.70869103804935,-97.62086895276865,-95.20335342360607,-95.66620615388281,-98.3239150328734,-93.49918450280848,-93.90213328156342,-86.71410117100424,-91.82650627384339,-92.11769875627992,-94.68958122971651,-96.7665157870112,-99.5825903176576,-99.35816349736086,-94.74435334532609,-92.15098018925659,-93.16813416746953,-97.7491143213404,-92.91486066450265,-92.56584277959111,-92.18166678383594,-93.11719253708199,-92.70625362222874,-93.52533276675588,-92.2189789442505,-93.29183922179486,-91.74064520124709,-97.04231432436293,-94.40060937304452,-92.30555937777314,-94.21260687500576,-94.49742387276564,-92.31645768669232,-97.72713299806986,-93.64029912013383,-97.31243720046078,-96.39989279048214,-97.763153243833,-99.09038945847526,-97.60192346044929,-98.13879511206778,-95.89150650961993,-98.0021008653857,-95.23140513947152,-89.15047755288484,-98.34452193201984,-99.04564452734303,-104.08249183515454,-97.42553867847775,-89.46783863371589,-100.9488334635179,-93.16831129134091
2025-11-02T00:47:10,AP_24_10,2.4,10,BLE,2453.3108113571993,18.614262661037042,0.7936338425827125,-52.414414066147,-93.26434648601172,-90.59929193421918,-94.48009112345214,-99.16334904330347,-93.69187066057931,-101.35954999765086,-97.7231096680782,-96.97054688280093,-95.37112315172126,-94.27046592321622,-97.54938265984443,-95.9887581948387,-93.2343121158467,-96.64506567156403,-90.0290394773521,-97.004290316715,-99.90909107949537,-94.83813294581651,-94.91348374855181,-91.83235462934555,-94.3663919379569,-96.64496405010968,-97.82854108532689,-97.1339007894294,-95.20101721006569,-100.18342052349152,-90.44392411771382,-101.48979536407604,-99.20237998933683,-99.01180563230658,-96.8190108855549,-103.72416173257281,-96.34264520520506,-92.38261361522152,-92.67237561836279,-95.66375202180005,-94.0998575210802,-98.92357445521262,-94.30301580330631,-93.56018881051817,-86.19710187424855,-95.47527586913273,-92.23682195827111,-94.91107065319409,-94.88007208756378,-99.2405289832357,-95.25040965536435,-94.96832729643744,-89.75745238154084,-93.70279554638073,-94.9310676053597,-93.35312875975987,-89.09342775211415,-96.46884560713718,-93.93070920670858,-95.28407943330707,-92.03298246783714,-96.62423401479595,-96.95645168438993,-100.09343183452546,-96.82351992493413,-95.28002008099337,-95.79843212223867,-91.38130818020028
2025-11-02T00:47:20,AP_24_10,2.4,10,wifi,2457.0,0.0,0.0,-105.34667319764633,-99.82942106632592,-96.88176211730459,-95.54692679134202,-97.31538613099956,-96.2056692474016,-97.4512240908979,-99.99390591067896,-92.18845519454855,-101.25332142495334,-96.41158592486792,-103.11970158682762,-102.93934714319097,-96.49646020378172,-98.40487195849416,-100.4981111531525,-93.6881275334029,-100.16185141268885,-97.52653671020595,-97.86880584335773,-96.44482782463074,-93.57852920994517,-95.94774363194006,-101.58295816434683,-96.47273016622471,-100.54232279262864,-100.28668796855185,-98.56685862323751,-97.18059467495895,-98.63835339952044,-96.58152608514251,-99.49830835931913,-102.50879823059526,-96.95537499323021,-96.556157126608,-98.80403738215459,-98.1698471648577,-96.75387578536679,-100.19780575712254,-96.85991540683165,-98.5231963921451,-97.82388120545258,-98.72790799572795,-96.11724728900698,-96.26831241566018,-96.53012615045486,-98.35210636067866,-99.16602552378579,-96.40719809609723,-93.77551283725525,-101.84827222975254,-95.47769974096155,-92.40315319120715,-96.6434069863947,-96.1433147637318,-102.91137684808714,-95.42275460191085,-95.80177955215055,-101.40587028919306,-91.34700579647917,-101.51077541256434,-96.40019264488429,-100.32072068502669,-102.33695452408764,-99.96753303566149
2025-11-02T00:47:30,AP_24_10,2.4,10,FHSS,2469.4575802673785,5.081834119508358,0.645376463598407,-64.60072558872052,-98.14373564901082,-97.132580005785,-90.82378188965572,-98.51325803051115,-95.72282235414912,-95.08470939354991,-95.58585441210155,-97.05864098349718,-95.74177020402097,-100.29979206243624,-92.75197161260091,-95.45047144291462,-97.78030589835393,-91.54598850060484,-95.64506890354009,-96.75483507451482,-95.23558269070641,-94.56877229552776,-96.21519761053794,-95.58207183872226,-96.9596042842471,-91.44628710704947,-101.58428997761035,-96.79213490169047,-101.12362583679825,-94.71697045896707,-98.81114057596503,-98.68152012677895,-98.82294262620213,-93.25442001373293,-93.64598362651002,-95.8953020086729,-97.69645514998709,-91.25811897819116,-94.09218091056194,-92.1641230348342,-98.17947732022964,-97.5245376627689,-94.2524690484794,-100.00594710044788,-98.4895341300583,-100.19946198474642,-100.14847742533995,-94.2576895169942,-98.61428024208249,-95.07995454582195,-96.88854222585037,-92.53679933501117,-96.91346232178805,-95.48839639134566,-99.57544762705388,-103.11803413721255,-97.77445751701502,-95.1200310142709,-93.15181265626566,-97.02453325290205,-94.27173763949055,-94.56465244187105,-97.863653427218,-94.09569577949647,-93.04309055706022,-96.65891498700061,-96.34263492726326,-100.51598375666077
2025-11-02T00:47:40,AP_24_10,2.4,10,Microwave,2457.684739324307,8.65623831077799,0.7318645244149729,-57.96155828277987,-94.11567423915845,-98.71379299043907,-99.54266552708268,-99.40950445016315,-99.55934553361092,-98.247913565289,-98.85200311456413,-96.20941104509885,-96.17068480270956,-96.31072246785078,-97.53576317439686,-95.34076215296108,-94.05876985226405,-96.23191131525518,-93.07070813810822,-95.66055437454762,-94.42876059552522,-93.3963668082613,-99.39241284054289,-96.44098174510869,-97.65973574950013,-97.92166118923906,-101.2415071466885,-97.71294106304201,-99.89791094244416,-95.37407057882967,-96.60033731433417,-99.85184795866918,-101.16676756346588,-97.31347405188913,-97.40627728209111,-95.32394518525892,-96.8038459022605,-105.78255676796537,-98.53684965251674,-98.44489474579659,-98.27748778995812,-94.67162206271091,-99.60164952949913,-101.39589913819046,-96.31783889019437,-99.6981423019664,-100.15658932135774,-100.28383830485228,-103.96587500190975,-98.75891384609096,-92.21385551079024,-96.7069478329006,-96.52568982410614,-89.46633532918372,-97.62056593420199,-102.67586942788246,-104.4272862534638,-94.3851319058179,-95.26725819544978,-102.73662154961468,-95.57121212716307,-93.70663144307335,-93.93905107344438,-99.31227952548686,-100.05328155936607,-101.0195371131244,-98.0821684974411,-93.4482055186007
2025-11-02T00:47:50,AP_24_10,2.4,10,ZigBee,2463.1256670731736,15.002015715255855,0.6414209545084693,-65.76555036445296,-95.00501089258044,-95.20331739974901,-96.33361869292789,-94.52073334372888,-98.11634096351821,-94.92259350441272,-97.1296366603942,-92.24681033344012,-97.74345040155906,-103.66831794277982,-94.91295482918457,-95.94500646195586,-92.62603850804199,-97.0243489510005,-98.49492451177993,-96.44938448338004,-93.76213862039067,-91.6254728791387,-92.20095973826932,-99.74928418466332,-98.78692990200399,-99.82911924997308,-98.08394296054071,-99.1274486410445,-98.60559996731949,-100.00613323545137,-96.90699801211791,-95.36709945196952,-94.65397795674201,-98.26165386822801,-91.45450116012508,-98.70085463404985,-92.69715574543997,-90.43635293847879,-98.62481961576205,-96.80006455619554,-95.86336197952694,-92.36809804999476,-103.00708281718317,-96.2768863025635,-96.72618939156763,-94.91615742926669,-97.30846508157722,-95.3547285587051,-92.45020891050868,-100.66297519827576,-96.96092705904556,-97.08029236867779,-101.08249678135125,-101.25834004774231,-99.39328699909382,-100.03739244895436,-102.05061925393613,-95.16411682805808,-96.37984948754075,-97.34502679267099,-95.11096005478932,-98.36112598380879,-96.40646810433154,-93.41895951968233,-99.99141603044946,-100.49482001203538,-98.57988194704207,-103.22359799640027
2025-11-02T00:48:00,AP_24_10,2.4,10,BLE,2439.050172701635,14.165711393930128,0.6462469539544468,-69.2637039200703,-102.13622162011984,-94.34244700331342,-99.49014272756555,-92.3932720485236,-94.21136706974886,-92.42520983527311,-97.56493146327679,-98.01826283027576,-99.01971120400736,-92.37329512498438,-95.4697861832228,-100.48097830973202,-97.82275367741495,-94.59862516810871,-100.60502243959515,-100.14982063060981,-97.12077942885225,-98.51600212841643,-94.11887354058575,-98.07348074167317,-92.14265316094595,-97.60150396643556,-95.8767466870292,-97.30184914232557,-94.45372881574438,-94.52808309478029,-96.35052934665289,-91.31175500166074,-101.78074645747569,-100.44050557235244,-101.93283024499422,-92.40434483160368,-96.97633824483783,-96.70465590766206,-94.44640254176593,-92.31436805225894,-94.24927156725022,-96.50935605720657,-97.0462233456849,-99.89026527313172,-103.82146692548733,-99.05208671807857,-95.36165084277125,-95.5014886354659,-91.57507274754754,-102.00165730517193,-99.9858407876822,-96.11462964803465,-98.92857872826298,-98.49224147665022,-96.3342054241146,-97.04665421286676,-98.02271858232456,-98.51713300936291,-92.62668282753651,-96.73387477752203,-96.05086438958914,-91.77578960067004,-94.44087137679752,-94.85521027440718,-99.27584388956011,-93.77239005937648,-89.11023146126429,-98.67280854452909
2025-11-02T00:48:10,AP_24_10,2.4,10,wifi,2457.0,0.0,0.0,-102.47859740548006,-93.65715967960602,-93.78569593978212,-93.37014711707278,-92.80715774908353,-90.60797719852333,-94.05545819639254,-89.58957870206685,-95.53542534563276,-92.27536136281351,-92.82330001596154,-97.36093418192011,-90.93267079004465,-93.85724672305031,-95.30123835897042,-95.13109813269196,-98.38267368039702,-97.19029004124556,-97.20789804463183,-99.98347493833148,-97.90891977728464,-97.41826383624914,-99.60521284790562,-92.25760539976045,-101.64854311333636,-95.02857583820514,-98.72192311209704,-97.30779902208114,-95.07878830897702,-90.54792069620794,-100.54203954716307,-98.82337919975512,-96.4991276326326,-98.3709022781564,-91.56351674578178,-97.19638849486194,-100.85885762104749,-92.54106798840554,-99.82071947229588,-102.21427952909188,-97.11631241786594,-99.64748589997761,-93.61557465551041,-95.21757546425826,-94.27803837040109,-88.2222010643247,-92.82367283534613,-94.70664920330177,-96.72079002466977,-94.21928894468363,-93.36268584202206,-97.12852855071458,-93.55832132022948,-102.9874581136839,-98.13492858284894,-95.9249080915574,-93.66280804751906,-91.29546153965482,-99.28850479066878,-96.15496307141082,-92.18518220730674,-96.63269351787832,-93.44920158969849,-97.2283564157241,-94.80695671829837
2025-11-02T00:48:20,AP_24_10,2.4,10,FHSS,2458.9043589862135,7.403748872295715,0.7257369980684407,-60.40093076563502,-99.29126457381547,-102.85544402267521,-95.30633172141377,-93.82154077268734,-91.77098505928934,-96.50429140664441,-98.34943021364269,-95.45944308343674,-96.79835970838188,-96.54550078655762,-96.58119072206527,-93.29242285840802,-100.37118477621947,-96.75482801833088,-95.32994423596553,-97.5232676291744,-95.08435085908499,-95.25062550417958,-98.80425836949736,-98.12781473989459,-99.44838559118611,-104.18743335401236,-93.68952186017027,-97.25272684604683,-94.82470983416141,-99.92146583278107,-99.20072810270455,-100.16654088028106,-96.1497850922274,-101.97371593832631,-98.16238014495738,-97.92975171369781,-94.31603032085935,-92.55702683991562,-93.65776531668888,-95.22337122401305,-98.45111203314522,-98.75035876024523,-103.9891668821816,-98.42004026208652,-100.17676567091455,-98.76006738515862,-100.969842999058,-97.72500140882998,-96.53168105347876,-95.76151738047618,-98.07928761910856,-93.27842326825545,-102.05288053382624,-98.98325231387037,-94.8956412864071,-96.44465632744348,-95.55297724898811,-96.72822068723036,-97.8565962138807,-91.43462390284154,-103.03946913996035,-89.7733327200999,-101.58386013165706,-104.53630342054024,-99.95007649473567,-99.4303567249513,-95.5070169871069,-94.95962881862636
2025-11-02T00:48:30,AP_24_10,2.4,10,Microwave,2441.7023712191303,14.41190583960942,0.4861804295367232,-53.406855272639916,-91.92582790962838,-91.06035933344258,-95.74678276614895,-94.88143161182472,-101.97270666994162,-101.77149555486335,-99.56575079060444,-102.06518464053688,-97.7434116625717,-93.62882364215127,-99.29354620309991,-100.40259002103217,-93.25148775205191,-97.7578125025585,-100.02377816297358,-94.64266392755081,-97.98522841962578,-97.78036075751106,-95.77422712311036,-95.17565365167457,-96.11400218794418,-97.1161263367779,-91.15689712253754,-103.4673791531412,-98.49037526270362,-99.31540165987929,-95.0136331829464,-100.8268278144198,-96.30000060016208,-95.41267836317027,-100.01287947726699,-97.34831529278792,-97.56867125728262,-93.46175424243977,-97.37647236600148,-96.99954777681288,-95.4514520664298,-94.31957236338894,-91.58636856230892,-93.02456495138644,-91.21219319226205,-89.22849020903155,-98.00955260246154,-93.74444223956317,-100.91179634328435,-100.48083029961366,-96.3071398718526,-96.38023180373415,-98.292794267391,-93.96176470508496,-95.57148294506091,-97.84253086326783,-96.19453683315162,-98.61016686143553,-99.63453892655988,-91.63974235900625,-99.63560736545074,-95.18687276773437,-94.70054607049835,-96.60966825648728,-96.88622209585616,-99.0556757060162,-95.91704783670151,-94.92442567789992
2025-11-02T00:48:40,AP_24_10,2.4,10,ZigBee,2451.423958983204,9.407746538690951,0.20551600987932672,-55.79453832750018,-96.29527587175765,-91.86088535790137,-97.30032767348993,-101.93979817375157,-98.99185559735726,-99.1658357801912,-97.17482315833678,-101.33396070933547,-96.65588278896541,-96.93860747312587,-100.31376206787736,-103.36437702254138,-98.81782504019439,-93.47005204249547,-92.97360236532795,-101.53805871147726,-95.66091490670864,-94.02057987095425,-96.98748121273292,-99.34435935004896,-98.50280420280815,-97.48444901382247,-95.63398855926516,-97.7863449758756,-95.96176595564938,-94.07457375778104,-95.15777015830818,-96.31096319369911,-97.17638442373074,-102.0371425268043,-94.12935092456756,-102.96019727087108,-96.48445947642823,-94.31961259381984,-95.3589736635393,-98.14161195212054,-96.00102874411711,-94.72422425305759,-96.24634019252672,-93.01217672855832,-97.00297837139848,-91.3155446511256,-93.54953514696277,-92.43814985334619,-104.82385995319827,-95.1358535821542,-99.00922222183826,-95.21058264061563,-98.04797603954022,-103.9345441180644,-96.93139031795937,-102.04135716773311,-96.29323967793802,-95.6336014935423,-100.97660922552674,-93.69749084812764,-97.98222128243849,-95.84781448190483,-97.20935575103809,-93.49167634626976,-97.55803133852795,-99.38978769237436,-95.24022123578708,-102.92386652850199
2025-11-02T00:48:50,AP_24_10,2.4,10,BLE,2473.580196383311,6.834238209457664,0.3190531442117488,-66.1735878604752,-98.86104576240186,-98.6747742843859,-101.72708575160375,-95.82858197117463,-101.08129852367841,-101.69210790034074,-102.41797975738109,-96.14126663004103,-95.97541131679816,-96.0482054290155,-99.29502741322298,-97.52237025596341,-99.20973269053789,-98.34963182099114,-98.57854931474652,-97.31908744863337,-101.43912982506913,-101.81753778181096,-91.47754493844883,-104.6638644022355,-97.82834045292564,-100.18533049565893,-100.3162351200434,-97.81180845030985,-91.73102629440419,-94.46405778694756,-97.73584945429931,-99.58556635299232,-94.53727211640182,-99.19996921201096,-99.55923469033702,-95.81124384682226,-96.31690793345157,-96.7147930526066,-101.69775714723201,-95.69400477745793,-101.18537646065381,-97.90994992285776,-97.05426702026523,-97.79939435484575,-94.23197437359617,-97.75731470352062,-95.10945756918487,-95.9254537185114,-99.91364104290925,-97.81477934254713,-93.93079543420504,-99.59216346571259,-100.58250029756041,-102.93754333240517,-94.94821742920672,-100.71501458656923,-104.08950030922638,-99.0934081758375,-101.79065381023881,-103.20333047677987,-98.00134896408169,-103.12132680262744,-99.48492715216415,-94.80435064233178,-96.83898475365805,-94.34841453379701,-96.11088044676615,-99.13724994654841
2025-11-02T00:49:00,AP_24_10,2.4,10,wifi,2457.0,0.0,0.0,-103.68219091819621,-96.87112212231085,-95.0217145624107,-96.2002413684999,-98.30821104961086,-94.5435822439681,-95.11773695991148,-99.36718847866001,-94.08545491896403,-96.46735407185693,-100.85433375409873,-95.69364495595421,-94.50815541559857,-98.26756588970302,-96.29708849797265,-96.78583856156753,-100.54410852831361,-99.19628868180908,-102.26008951428355,-99.95831072407859,-98.49300302698967,-95.77121019726881,-96.97343921454176,-98.35786974071326,-95.13242149615911,-94.09534402036125,-94.0866431948028,-91.04252558810607,-93.14893693959921,-97.14239126438171,-96.58344503419717,-95.9840388016359,-98.69003869137713,-100.9994777979062,-92.97300608674806,-93.30841406293136,-93.25678387164966,-99.64650711655855,-92.88831835522025,-96.07797514697096,-101.63425822626928,-92.32079595838032,-94.26114366413684,-97.40235004437518,-90.99464299596463,-100.5344227986503,-94.08329227917169,-92.74411347371074,-100.01312413538275,-97.34648958952653,-93.48290244545225,-103.02306579216528,-98.61682713675538,-99.70232173942367,-99.17103250083115,-92.54414159973891,-99.42384223484395,-97.25492562144981,-101.27761312530068,-91.26354086337133,-94.67696871836272,-97.10598847081867,-93.01565859578015,-99.42880634299664,-93.31403262442615
2025-11-02T00:49:10,AP_24_10,2.4,10,FHSS,2461.5808041815626,5.16880052670965,0.4523192235485891,-55.27315225554782,-102.3772371599958,-103.6874751432298,-101.57515045802447,-98.33436022709071,-98.5573222555431,-101.48292986873453,-97.69012492260127,-99.92151644847951,-101.65937090337869,-101.79973195360198,-101.70566141232759,-98.59063276309604,-96.97857361106298,-100.75737018077011,-96.77722207746619,-98.24525854802332,-95.08129748981004,-102.99189786421255,-96.1589571783118,-103.22722915285705,-101.06531063760625,-102.33536968496308,-102.4098426308135,-102.99213132027309,-99.25311489122258,-102.65262893919616,-97.60273739899034,-101.49691757837941,-100.38733667878569,-99.98320468596201,-96.49946075714603,-98.10391918928357,-95.46729972958981,-100.66487579957776,-99.03894775399795,-103.8197801115045,-104.5738607542837,-98.88598331716194,-101.79932474796105,-106.69790287757196,-103.24003539439126,-102.54209318092862,-100.29363536687771,-98.81291395847708,-97.54253437234628,-101.89388092299897,-105.80815153447946,-99.18682908387265,-100.21396375398518,-99.97204924802368,-95.92142960413783,-100.00484990835517,-100.44049891321094,-98.41790308886753,-101.59010293546928,-95.84315719674863,-101.84950827797438,-99.37025327090136,-99.71877336664167,-97.57855686598727,-97.50272035144772,-99.54764248147421,-98.8360943459582,-96.48690972725402
2025-11-02T00:49:20,AP_24_10,2.4,10,Microwave,2471.999563710726,14.015614439758282,0.7704563871803765,-53.45616219445175,-103.61685957046411,-98.36308423719996,-101.08203644232121,-94.20446606266108,-100.97562488823655,-97.26316601010447,-96.17652152444222,-100.04272314025492,-97.93687152033749,-99.7816004039381,-100.1372347728211,-99.86040920398811,-100.7018510376973,-98.32666828514236,-100.21615771591226,-98.99963219231716,-97.50083613687606,-96.18436120949673,-94.75700125339361,-99.01905766457344,-94.40863969519471,-99.11945403869227,-97.9295724757744,-93.66473255585636,-99.44829928365864,-99.93772371567815,-101.67533944177589,-100.07453802973339,-94.58184622243849,-95.67570511217367,-96.1470347391575,-98.0016624049522,-94.36296205176646,-92.52494076559087,-97.22203228778514,-101.91427861294258,-95.95260332575336,-96.41730047381206,-98.7388482554417,-93.59170488387844,-96.17534437585435,-97.13878425511483,-100.1921690342207,-94.10927581322895,-95.71290438705618,-97.83322841869807,-96.68334464973317,-94.34697931309088,-98.7530945022493,-97.59373745556877,-100.86634713639424,-96.87184945430953,-96.55750837323271,-96.43623674038176,-94.17418238411332,-97.79430129386289,-101.85214507062207,-92.99280980389474,-94.2252106132903,-96.56979900307138,-97.0071205224996,-100.3104803809243,-99.09518786756753,-99.84897696085406
2025-11-02T00:49:30,AP_24_10,2.4,10,ZigBee,2469.267296114763,3.2593279200225806,0.22733907993653724,-71.25735412652097,-98.54518955623944,-100.84423467846018,-101.48155135569236,-101.84573541400857,-97.86944862983268,-100.84866574068309,-98.68625829069106,-96.46606308680012,-95.99268724103919,-102.66661534939271,-97.45612230469183,-96.23282340933348,-98.64998130639415,-99.21483716101481,-92.84111548694858,-102.43230757356262,-100.14164319103367,-100.7519365451444,-99.74725839227263,-91.25239214820652,-95.98433669909595,-101.84313117752522,-98.63859640951857,-96.72958373671383,-99.33191915733318,-97.57312847420086,-97.50604205665047,-101.64120361906352,-95.42934647726007,-95.84311131130298,-93.89206142686082,-98.40326824446353,-100.88879497455416,-97.4246537252036,-95.52556792959021,-103.86331114017193,-92.78484012919918,-97.03455451500069,-98.69875577093288,-98.8834635401483,-95.61079634807413,-97.6489534731785,-92.88240975265438,-96.88509414915981,-101.53908769472095,-90.35843965706894,-96.20896656808436,-94.66306248943904,-99.59363431351716,-98.56247222806003,-93.92898946298617,-96.80347032313,-102.13552184364137,-99.98698076826098,-95.04591845719969,-94.56308918954241,-99.73875178225438,-95.16637445352696,-98.13518894104376,-97.74795430599053,-94.63602180527904,-102.07116585581366,-96.26149919370962,-96.90741865669408
2025-11-02T00:49:40,AP_24_10,2.4,10,BLE,2476.8537910191835,2.306100099784169,0.38233129518660597,-65.1272486024284,-97.08887487973941,-94.26687271033497,-97.40045158794068,-90.75462335149741,-97.59502630026219,-92.05629903281762,-94.040604265996,-97.18038438153617,-94.85281421884461,-90.7307756278734,-94.29584883291264,-94.00648079360369,-93.70960168040493,-94.11069642814252,-98.09974912754322,-92.950055818464,-95.11620275378337,-101.66920729489549,-99.41845776837341,-96.1644531263358,-94.06481940804443,-99.5754831069672,-94.77499768918753,-94.01563521204595,-98.30210228435654,-101.8271668512216,-92.91458645697585,-98.28543959870721,-100.5729737240659,-95.61244961238867,-95.34756652734366,-96.53669553878939,-93.60112874618788,-96.18323496701089,-97.70786312079714,-96.63199912847888,-100.37510702299961,-95.64085649213509,-93.5177410909383,-95.5245492560482,-99.06815969898311,-97.4654607132467,-95.9650794261591,-90.55312780807307,-97.34969949074434,-90.67087670208055,-98.67180781421177,-91.84871699032864,-93.85220390746028,-92.41699900960073,-98.62017616473736,-99.5067012789967,-97.99984906180545,-94.16768184512304,-96.52499744543947,-99.63381961343305,-93.1274587272386,-91.12744083575964,-93.62674338671043,-100.14945032111558,-95.57908855263815,-96.19931942884624,-98.20119832720417,-98.27780724441695
2025-11-02T00:49:50,AP_24_10,2.4,10,wifi,2457.0,0.0,0.0,-106.8230364412817,-100.36127893942421,-97.68643839479088,-98.77420462527571,-102.74582515432336,-97.16796709855169,-97.31612475456825,-101.15844862921831,-105.92214737192721,-100.93732725382107,-101.705182519472,-98.99690550269838,-97.59483040802786,-98.9568436277331,-97.98426075155851,-101.30274130108741,-102.9832443307379,-105.00184515327011,-101.91179973188372,-103.09150681911612,-96.15891670459372,-101.93002398126045,-101.96598117909836,-94.06372087974259,-98.54419562462827,-97.80204440403708,-102.23262569573059,-101.49418212789932,-98.24297902935709,-104.90915532512236,-98.48678419651704,-103.7833299678774,-99.23001572767755,-102.06954747435331,-96.50539526943545,-99.60022182092902,-103.80055248335725,-96.3976827288151,-102.67109260175229,-102.58565955208051,-101.00225162204542,-103.29673956903007,-98.24356649429107,-102.25872490606085,-104.58868437304304,-103.86639864096193,-100.39377736672282,-96.63878311264929,-100.73404633945205,-103.49819132435175,-98.84778503629482,-95.27393440407165,-103.19467065917217,-104.33175489737646,-101.03961871899402,-97.94709847748324,-106.05160478619533,-104.71895406715768,-98.25105102466183,-102.02970351395605,-98.15674792864019,-100.45149536958114,-95.8998637699809,-103.88978791729645,-104.4742892371951
2025-11-02T00:50:00,AP_24_10,2.4,10,FHSS,2456.934919396758,7.590131398525568,0.3390992876251201,-50.84586762776509,-105.52966208125896,-95.68368661707335,-100.54903056724791,-95.48059291233653,-98.52502572058457,-95.30492908685058,-95.69843982128151,-97.3732809145166,-102.25527416362003,-95.65797081504286,-97.92493239913135,-93.9310615734662,-100.15498376436457,-94.36138649426634,-93.74860065173421,-100.34031885139315,-99.16584536328774,-100.25737303452337,-91.57200008877797,-93.62646185094829,-99.02168689047745,-98.17524192657369,-96.16797071552902,-94.6753486143158,-95.40195103029419,-102.39305363129267,-92.54221084747812,-97.43994147661407,-90.62003564423503,-93.18290175372124,-102.27562801487568,-96.17337006672942,-99.27925599000096,-97.68021386665757,-99.28277023774432,-102.43326892703291,-99.96594343584279,-93.22561770683974,-96.2309014326001,-95.54371384445855,-99.93370343294103,-98.89692860306266,-95.06878225796792,-97.44963385954271,-102.10955758304837,-97.61926603456502,-96.31848389017073,-92.0136121771293,-100.76874404734345,-98.56293571563279,-102.15490356439257,-98.89159647170244,-97.77846894933009,-100.85645258462306,-98.92568904082081,-95.28130246371174,-100.24916669331549,-97.0695692050687,-96.73767559813454,-100.21805923130816,-98.93392964935212,-96.0509333008285,-98.85136476072019,-97.06427086308646
2025-11-02T00:50:10,AP_24_10,2.4,10,Microwave,2451.666480487283,2.6499595345431928,0.5079073131280217,-65.36917952144731,-95.28926198730447,-99.97290041226637,-99.08715594973702,-98.0145288556144,-101.7670118310961,-98.75434284992808,-91.95272823099573,-92.76232839930967,-100.034613112803,-99.57889835485429,-98.86939056583677,-92.92348137800309,-96.6063680178053,-98.62024344291513,-96.89907575163556,-93.1113859917764,-95.63517158013337,-97.69806371097864,-97.18217009853969,-94.69795182337374,-101.46249750744772,-92.54641943455836,-95.91301538883758,-95.95043040161157,-100.40864961181968,-93.770552854996,-101.49529804675232,-100.54470976361029,-96.72456713934962,-97.53891652683077,-97.68969003577024,-95.76348080138524,-98.7644775349288,-97.58164900510637,-97.60496621422612,-95.24153100305176,-94.92064489057427,-95.9254974374524,-93.3645647075254,-97.40648961937205,-99.59674588867604,-95.40875530027843,-97.16958921567509,-96.37050792548906,-97.2957186971602,-96.98621693447335,-96.6421800940225,-98.80339219430742,-103.82369112769031,-99.44265007673094,-101.88320614927162,-98.63842301058605,-93.34539763435885,-95.12400588928733,-100.36334061924391,-97.48148900599776,-95.25451165227558,-98.94110731761245,-97.05587322473603,-99.39444401025102,-98.38476731471121,-92.5139728944036,-99.69182081074761,-94.38255624657606
2025-11-02T00:50:20,AP_24_10,2.4,10,ZigBee,2447.9016668995077,2.241301829967594,0.7781646684562631,-59.27890329973325,-94.90048961002555,-102.71531098111278,-100.20550499730615,-93.00017000499909,-94.34337029760295,-93.45747338641237,-91.57109787039875,-95.36982560197319,-96.13290426585792,-94.65590015770437,-92.18803671636005,-99.37387359343013,-93.17360979168981,-95.63290801892424,-97.80276387862527,-99.48127839268979,-93.20065979003488,-100.36187428765912,-97.52764594724896,-91.97097352421171,-91.93967489551176,-98.98515257127929,-93.22757831550027,-90.04432021455798,-89.4156726844449,-101.07094887897297,-95.54399406896569,-97.32120103387216,-96.12887330620104,-94.32904787797385,-97.49417220977026,-90.67666401752268,-99.26451496924756,-96.76594070611394,-99.01221490893681,-91.81431479958098,-95.94483092871945,-95.17096665981087,-87.5761819164572,-97.40515917658716,-92.95000395572816,-97.89115838689239,-93.19203492900823,-95.07973945926912,-99.45791566015143,-97.76702955376567,-96.53459830588798,-95.38017078261123,-91.721967787752,-92.73653186840106,-89.90247119075993,-102.43267051188666,-92.93234696726216,-90.92279186732877,-93.34028154121691,-87.52974102744342,-92.84151191353497,-92.86101951875365,-97.3933335967685,-89.09364584471673,-97.59464146684543,-97.27609794953096,-87.08588473731453,-97.1621267182973
2025-11-02T00:50:30,AP_24_10,2.4,10,BLE,2451.4506395541825,16.740400293244665,0.24859154336027298,-64.76557109697116,-91.99897234032156,-99.78553854528802,-96.6546360174078,-102.53898993233759,-96.12502656705772,-95.46988635733359,-97.0472662362662,-103.14037070246194,-91.27737007239655,-99.83022613079845,-98.79657445558493,-96.53652928794301,-93.98494110983782,-97.4237266027019,-98.57074945125535,-93.83314797455814,-96.66359899565815,-101.70772518248253,-96.56468986813447,-95.38536004772884,-99.93827180717417,-99.47361324985782,-98.80861259543268,-100.124764918476,-96.77902653808727,-95.33933606584628,-97.77263044012918,-103.81596409094605,-97.35552958584037,-96.5323715515131,-95.79534888196685,-100.48975114330581,-97.56619643220455,-101.56242226205292,-99.44111713530127,-97.75716289046657,-104.14305309190883,-94.75925612323309,-100.74495874851122,-99.13162324428498,-93.90193547379236,-95.8358852972986,-94.66544127403161,-98.9250476476941,-103.04325061614944,-99.1851084498334,-98.3216009981434,-95.20662131367577,-96.44954621691329,-98.38549405183413,-100.44966152404035,-97.58682738069642,-98.77373816966086,-104.64188352231803,-98.43371397318124,-95.0316336581222,-93.00962500874654,-93.02599583126609,-93.98087875344365,-94.74947509586333,-100.72494084843129,-94.49865645707982,-95.12789981772589,-93.93919967588451
2025-11-02T00:50:40,AP_24_10,2.4,10,wifi,2457.0,0.0,0.0,-103.99231943404767,-97.78027365935566,-98.4469558922253,-97.66830403461098,-96.14254773420312,-98.15317836507934,-98.11615269923428,-104.80128630790679,-91.98638366035676,-96.33269061276968,-94.39178667157138,-96.18604014111541,-97.45141577052935,-102.02097033250675,-100.9365068920573,-95.46399014654489,-96.48699864820067,-97.91787194424978,-99.82695585294213,-98.71724005646996,-102.81841743349243,-100.41903070957135,-94.72967999314776,-95.63720737144368,-95.45476520817701,-99.90093508197191,-99.4429683925105,-94.8178020037696,-95.08455969872675,-94.61774074679948,-97.98783227314188,-96.74600410276147,-92.93319788874051,-95.07391615788009,-99.45845243320291,-100.62523216509263,-93.49973515037908,-96.0706884599219,-96.88298130419088,-89.95303996629431,-92.30432525679865,-96.73468716188609,-97.34526454968088,-97.41078031923283,-95.82883306000372,-91.95517172696732,-95.82828856885628,-96.45145147771527,-101.76495485750536,-97.10378956975435,-93.35375554884664,-100.66727298537272,-103.94447196798171,-98.58856034785116,-101.0969749195401,-98.65640920811897,-98.12654747884925,-94.03012912507187,-96.66239742305426,-99.70723307395617,-92.72326409298535,-102.60424952913286,-98.21790764733684,-92.85869245404743,-100.24042690153294
2025-11-02T00:50:50,AP_24_10,2.4,10,FHSS,2437.166305193861,15.172247042622113,0.45490384553142427,-52.3557179214473,-93.84765065992866,-93.22830137348166,-94.30146296062661,-97.42226739731473,-94.04286180385836,-92.17835566396253,-97.90282425987665,-101.79964201084255,-97.21029641335961,-96.60827042078918,-94.87177019948417,-97.03033351641034,-96.83930869910289,-97.60093053821655,-91.19019561226119,-92.8846926111124,-93.67513767184822,-93.6019537857729,-92.55510447951825,-100.49146994024193,-99.93352087774635,-95.6647732351037,-99.31777758277383,-93.7782947405675,-96.942452427891,-103.06815080598486,-98.94400762145285,-100.07587266336363,-97.58387684091251,-97.33014306560385,-96.0869156902167,-93.84392983499575,-94.05626031969405,-94.51755399164519,-94.8110043956232,-100.42819243829013,-92.73203249263591,-93.63581426069959,-95.81293636131721,-101.04227752271973,-98.23385139238009,-91.73594848184615,-95.61940005597127,-96.75361208526171,-100.54028733905633,-93.42260522069128,-96.06703017844062,-99.33848056452976,-98.60968180022994,-84.92553185674859,-95.68166932551608,-90.82688142837996,-99.35740152922975,-92.04250994150549,-97.25494591569763,-97.23317597159524,-97.00274633168631,-92.74353570493906,-97.89420159487693,-97.0191941155861,-93.0585922088008,-96.21832143072191,-100.55508577232318,-93.12831326817583
2025-11-02T00:51:00,AP_24_10,2.4,10,Microwave,2451.4914317880016,15.049188765123377,0.6417581166256545,-71.88394358737695,-95.81159919669157,-93.35234615804099,-101.34722690546955,-99.685608732847,-95.73578505224808,-98.53502371640538,-94.03029273994031,-99.63920074462409,-95.30644880704179,-98.65011581520899,-100.11504367959714,-94.79899819956408,-102.90496530998608,-99.79254560377322,-97.06458224060813,-95.0664031398636,-99.62477382884175,-98.0560838779076,-103.29049585896904,-101.96370213141715,-96.4437727727103,-95.44918553124016,-93.36596936518258,-99.25371105564936,-92.6900836763571,-90.67641809208044,-100.05364628932344,-103.8000638584197,-100.16841431677746,-101.71349078978243,-100.80385542314727,-99.18289621892755,-91.80197068321138,-100.85656800185225,-100.42818223685707,-95.62194945789265,-96.46998243246638,-88.90983369798668,-97.60903562125183,-96.84910938547573,-102.86526996966988,-103.01009018935562,-95.76170326203976,-98.46227822049451,-95.94955256514604,-95.76089439383398,-100.34884126059958,-93.51359447891683,-101.1971751761447,-92.20148473406394,-93.05006428830941,-92.83157322745258,-94.25035130061468,-97.5442109439843,-97.00971378947186,-98.25923041922175,-94.6859648928492,-97.69651935004514,-102.21823412179211,-101.12785158026765,-100.82392336653344,-101.85814177330954,-91.95019648331943,-96.64861003958846
2025-11-02T00:51:10,AP_24_10,2.4,10,ZigBee,2466.3490625446057,16.516936224807026,0.6332989077348188,-62.94954131264743,-98.69480620324846,-99.54535198631527,-99.12326969071798,-101.00654817099861,-96.81070322988869,-97.54292029262835,-95.40715615511522,-95.72090359652375,-97.13110150283853,-100.3136143895206,-97.19137531790346,-94.59605944806005,-94.17197818331013,-97.38658371490287,-101.3309137643469,-95.82760761552272,-102.55692701113557,-104.47895814749853,-94.092094808179,-95.56936477908368,-91.78564258702528,-102.31812670677779,-102.66800961930441,-98.74858195741774,-100.59573222405999,-95.16780953609901,-92.96217781841617,-98.12941490871236,-96.1239376644027,-94.48606091487282,-101.2404541130325,-98.0380760824552,-98.03007034893623,-94.81012643584717,-102.50001630172596,-94.71086051263462,-100.7935813065276,-94.94410089908337,-99.73107753679122,-101.84173153808496,-98.85271761995061,-99.78912751754041,-92.93623941235364,-93.73193226453958,-92.41403482497489,-102.455675917736,-94.00986196604666,-99.23163928672491,-96.70466307098862,-99.19652696957982,-91.21168583638915,-99.83633574547969,-95.61329899945002,-103.43378189861424,-99.63289402519429,-101.32232800852833,-103.01087897940867,-98.95787395058174,-97.54668619632638,-95.83515767611176,-98.60402554403079,-93.97707926178167,-97.30295908307826,-98.74301222001262
2025-11-02T00:51:20,AP_24_10,2.4,10,BLE,2452.3016321195655,9.371271237440785,0.7719097762432214,-50.05299536099392,-104.28894822550205,-103.27465607250411,-102.06713536399963,-98.33067126670512,-98.86290431832022,-102.82887635915324,-105.14172219314685,-97.79913510025659,-94.60470768796762,-99.84709448522774,-99.25343617466106,-98.58491162676114,-100.85695298624884,-101.86647435784252,-102.95236586974588,-94.74301792053936,-99.7055976510487,-101.93580540910001,-102.95188163290999,-102.4239983887486,-102.89337442520555,-99.45576004732408,-101.87461628086294,-99.05810730634067,-99.93530557792042,-99.45685125591895,-97.39475318124589,-97.84188999276519,-100.46351746159384,-101.44203361353792,-100.37724669868459,-100.19141708544375,-104.78364728966926,-97.40677505551976,-102.18127095304379,-100.83425527756485,-101.36630357083565,-94.79325070018443,-98.8238664083738,-101.59975936908648,-101.80968238950602,-101.78663201140037,-95.48695866675277,-102.69002175356746,-94.9645277444965,-98.94076764042954,-100.01051880372638,-98.78788643006719,-99.6254757139801,-99.70480405296331,-96.8163467200761,-101.96172739193177,-97.83054400333282,-100.3234383178509,-98.93459213496773,-100.23497243533403,-100.04832999747592,-102.31269758706637,-97.56339758775678,-100.31150099392214,-101.86646975649099,-109.1415390814383,-101.56493117029845,-101.16741595077762
2025-11-02T00:51:30,AP_24_10,2.4,10,wifi,2457.0,0.0,0.0,-101.85083117040494,-95.89741841316196,-98.52034365079591,-90.45713155250564,-99.7954136644143,-97.10820227213381,-93.8509913556955,-93.06179341081045,-93.66395792149163,-91.92220432793297,-91.71945890335589,-99.60464277834913,-100.72260425233618,-94.00705256165158,-94.08893159730214,-93.35461729586078,-95.63131637060668,-94.6498319362548,-95.66740937786481,-92.49137983044913,-95.01177430096934,-91.01353079001916,-92.51690220799338,-93.82240289102388,-101.26289827631872,-97.36431323188935,-94.70456527574406,-93.81152824253418,-92.78311630383172,-92.79590497264455,-90.80733074602394,-97.52315242780288,-95.274928140075,-89.82295061995427,-97.23113425939343,-92.43436268645854,-95.8899741662543,-92.7923932327395,-90.70313930295258,-100.19884710649802,-93.11850041196891,-92.63570033410618,-93.9151379945476,-93.36398871091991,-97.0648141487716,-96.28949955807934,-95.51954853320315,-96.32249805260356,-94.30673574799219,-101.43073881469024,-97.23071031817021,-100.08395818221953,-95.4754010433589,-96.8705230344511,-91.73801748223025,-93.0692398228304,-91.04284847876575,-90.72071176453744,-95.6897103765408,-92.70386462511497,-100.34477324383514,-95.38013826466424,-93.37902648514206,-99.942941854104,-91.19915034949219
2025-11-02T00:51:40,AP_24_10,2.4,10,FHSS,2439.8192382745065,3.653759883575481,0.7653020732504074,-63.941498692011365,-101.18710474445533,-100.09499937981529,-99.18436804139907,-96.00174642816454,-100.4272470782652,-95.86483253595046,-95.4240304776095,-97.31205077183671,-99.59060545339992,-93.02140717563498,-102.41452603981428,-103.27284611325186,-99.4687007282672,-98.93977425238661,-96.65393336242563,-105.61115706801884,-97.41611628189362,-105.64888132391465,-99.0494469563325,-99.57966511860187,-92.42906881939763,-97.96858182749233,-97.773782955372,-98.81956568205067,-101.15300458057494,-98.01477090480932,-103.22112469698145,-98.60065233121358,-101.88485762751922,-100.25895561506603,-100.78135227529899,-100.6262390722756,-101.8380046550001,-101.1073673543338,-102.54014316789254,-97.11481072857413,-94.1999880326573,-98.19085686751816,-98.10900761092122,-102.56342770616526,-100.26777060498453,-96.98661885921445,-101.2046240417999,-101.68264952551091,-94.18175024019062,-103.1933735457423,-97.94552980066119,-97.83185583088807,-96.67243548814024,-97.62192062268541,-93.7581742208456,-99.85378964788335,-99.72207228193392,-101.0176453444258,-105.60495045356626,-102.41591544171516,-99.41550491403017,-99.07691221908442,-98.41685151110894,-102.16639304318532,-99.92961222661091,-98.16370794873284,-101.32528374218107,-96.89202759667091
2025-11-02T00:51:50,AP_24_10,2.4,10,Microwave,2462.0710375398985,1.6104244259464084,0.49221155638193065,-56.057558201706236,-101.728177371332,-97.11799129508786,-94.64635556362579,-93.01577164390258,-96.93656358279716,-94.28097493832112,-97.84063148821393,-106.20575222059536,-94.42015961896487,-95.91952851762386,-96.85212488869048,-100.17029713214778,-96.66987067362538,-97.98652664523522,-108.74759154923413,-99.19755498060573,-96.75779448166664,-98.8348217365736,-95.8338920224548,-96.71367791315434,-100.5410572304479,-102.02171461381772,-102.8549579836997,-96.56832015956881,-95.84798445386699,-104.90687913189274,-101.53625518141166,-95.8125415541795,-99.03719805692356,-96.30982829936987,-95.58551006294987,-98.62503623546235,-101.59675898347709,-95.64736851357401,-101.37632814734071,-99.70115674153779,-98.48039332712759,-99.27633870639677,-97.28646185262235,-95.81159219337701,-100.50275728181067,-99.85340246554206,-91.712793646144,-97.6193304313038,-95.90778870785206,-96.41140440716396,-100.76496871997222,-101.64236337789092,-98.52701182844537,-89.79520981271475,-99.14888526687832,-93.75601753777983,-91.88187263822343,-97.31076146182406,-102.20177258454945,-98.82588001365221,-93.98454122947572,-94.69823770428226,-100.79182719682318,-95.55113902148423,-101.79627413983364,-90.37841219496568,-94.2555176782405,-98.1319911991944
2025-11-02T00:52:00,AP_24_10,2.4,10,ZigBee,2447.8721766527847,11.499751014731515,0.75934933955385,-64.40953041174598,-100.64212871613357,-92.4804688175264,-100.40802202079297,-95.90419394857894,-92.73238240253443,-98.61001925984166,-103.52665098201336,-98.36653043807587,-94.60300852199009,-95.87775100250532,-100.94923264182903,-94.61681516095159,-98.94262607774205,-101.1828259748103,-90.97713368056424,-94.49511975759218,-97.93914846701303,-91.72192541067216,-99.85883959318785,-97.1723126981043,-101.80697297114764,-96.99448211423253,-91.67609883067605,-96.23695319438875,-101.91854325192399,-96.15948303574184,-95.5396736011415,-97.42628543699057,-97.83920000883415,-94.51576131398535,-100.73246881973465,-98.91974083123259,-95.08744010771514,-99.03776279103316,-98.14445371296947,-99.93955816374645,-92.47295457063674,-93.72769091149348,-101.00442139340319,-92.7308838018441,-93.94134395204966,-100.56957416360596,-95.80955175196,-94.34076515533809,-93.58856920411503,-93.74455805188889,-100.78866548343026,-97.2744449427414,-98.06993235644164,-96.96787651178401,-100.30931580020237,-102.77384538231479,-96.10811831155608,-99.31535374646666,-92.68746823505754,-99.89958234298079,-99.47681005432695,-101.03064819794687,-97.65554117780427,-96.82447207833182,-93.81733105600583,-93.45405117151509,-103.46203099793043,-99.18288137377453
2025-11-02T00:52:10,AP_24_10,2.4,10,BLE,2443.4514931279023,8.655225641210208,0.7123588380268344,-54.842249810001206,-100.85037554876175,-99.43031809169699,-98.2605936339233,-95.06620932093476,-93.42229418080574,-102.78894929372774,-95.43063980270881,-91.89705341669554,-99.61425450631802,-96.44614932137776,-99.28990368206128,-92.94283440730727,-98.15730524959167,-94.28794378191309,-89.93407856047538,-96.43341825696959,-95.29128471385883,-97.21509006051015,-95.81264605687987,-94.28118087025503,-94.00982743332813,-97.50358202679581,-104.01528377065799,-100.10878147741435,-99.05743887097327,-96.06747816692508,-93.05253751879826,-97.11607988318,-90.18333699042064,-96.17210059382533,-93.14679329067836,-100.62854033097608,-96.08168414600989,-99.41720296994093,-94.08945735034641,-92.93060873466281,-94.31003434484273,-100.9175977735488,-92.92677458481977,-98.5008762105925,-98.10347774462954,-97.65874186213618,-93.45473134331156,-102.07348127726281,-97.41456968115583,-94.6104267290448,-96.59914493709371,-100.05740159365315,-97.88674997676873,-95.68868246854173,-98.557010154386,-100.55229355984162,-97.26509747649771,-93.96247971088951,-92.68391878545934,-98.63700015610151,-97.54524623068521,-100.92678932465829,-100.39177569163175,-92.14471870378821,-93.94971378552567,-94.97404225113213,-97.31321173376479,-93.06251966080367
2025-11-02T00:52:20,AP_24_10,2.4,10,wifi,2457.0,0.0,0.0,-102.23971486499089,-91.98397145811663,-100.20858920001345,-100.89706863061298,-91.98000908846953,-98.86533801533335,-95.44237456782542,-96.722124886922,-94.44178731601174,-93.57488177670207,-95.67679679993591,-93.87978879824178,-94.85964288801146,-91.11936957254146,-96.84899114637453,-92.67456561469851,-94.7916608964407,-96.72530554692699,-95.67306421346036,-94.035001060627,-89.47263189254579,-93.94464936283217,-97.1392968202959,-93.4312592762279,-98.02759806396902,-94.13440802072395,-92.50238514066629,-94.563592623984,-101.07053480998665,-94.27195301239045,-95.01085680481144,-94.89056276628618,-93.36644055175964,-96.2208112249239,-88.34520211115552,-93.64935645055576,-95.98257524333337,-91.36748116506314,-93.77316436298246,-96.22973558685752,-98.10354191189627,-96.82483154118272,-100.07147595072179,-96.2637165229412,-95.31129434680196,-96.31396374011554,-98.48437279749878,-94.20872365253942,-90.86209984891025,-96.14795438539247,-99.14199434807038,-99.66432898906491,-93.96771772770185,-96.27166348100353,-96.43206576161899,-95.81250682219763,-93.19710672907884,-88.62437544803005,-98.52347066350843,-90.66009593057514,-94.71733820000182,-93.1711729870452,-93.59946847609633,-98.06802768908484,-93.785674311966
2025-11-02T00:52:30,AP_24_10,2.4,10,FHSS,2471.8102844148275,13.519316761707067,0.3618913422517514,-68.82224306903726,-98.99592863461315,-97.10507547903335,-95.75007244652726,-98.72337326014116,-100.13952236935731,-101.67627399553149,-96.04800974739946,-100.15962767468905,-100.42999099096875,-93.6188706937614,-97.134283168879,-90.74765024445585,-101.63750708753594,-98.61966113619886,-90.2145317457385,-96.23136924313965,-97.41970032773051,-91.87507372673126,-97.86358904723446,-98.59982035386959,-93.12121498941114,-94.71460756386658,-96.30163130393143,-99.06297936317043,-98.55710611368194,-95.8214028795148,-98.27744650397884,-97.95171521335168,-95.51123621241135,-97.08798672336621,-101.75744745384408,-94.20115435194734,-95.57115106241534,-103.73960491939059,-101.25922251796291,-100.61294931559702,-95.6793844148851,-98.69725522041493,-100.86731833573484,-95.9392256095833,-93.31660009441813,-95.77335047135341,-102.45075777017672,-98.67005872809341,-101.33131336514339,-97.92539949852598,-99.14676190280049,-97.58144700814998,-100.19457867721061,-101.8574509864945,-102.29400105367414,-96.64576468310939,-99.30526132631184,-103.22744819538387,-98.40418637239154,-95.46120774574763,-102.22567698877863,-98.1807675598292,-97.913772263548,-98.62524126657281,-97.23190953452449,-98.91288626357523,-100.23021178880104,-94.80107108897784
2025-11-02T00:52:40,AP_24_10,2.4,10,Microwave,2455.127394115882,11.262246155282531,0.2885362822702693,-62.652117279364795,-94.28995183603196,-97.94670546159261,-95.58690392822808,-95.38764606162694,-90.5444332038845,-91.76274850543449,-90.0039925848001,-96.13524017645821,-97.55770923558218,-92.1130236664726,-95.90254480380923,-91.70177922405978,-93.5371884355536,-95.21563796538715,-90.75325301433955,-101.09118652119163,-93.6623347576906,-98.22730526874321,-95.83301057365644,-95.96687373869074,-98.4052653031677,-91.01847245831594,-94.72139691331408,-93.64182758056427,-96.03695613709316,-91.93950043812399,-100.20331103315982,-92.8662350328253,-97.07320851939373,-88.45554680854818,-95.07045974207065,-92.92671328484776,-92.92516653441803,-98.37826783293056,-95.8378701660327,-94.7286262851157,-92.49631669646492,-96.13812377206241,-94.56092411752535,-95.40972005605406,-92.29520307635129,-96.84587990673226,-98.55420713422939,-92.98914212016308,-90.48968426895922,-88.9642309874044,-94.9526405054911,-96.19704005665245,-92.01661948545403,-91.5157349128829,-93.77736862298107,-98.89414049173678,-93.3077780692833,-92.73284426911411,-97.36396937104567,-96.48788004921992,-94.49093725470328,-91.4401103759463,-90.76932810932328,-98.98657920333065,-97.15360600760168,-94.83273604036471,-91.66177053641195,-95.90570417000211
2025-11-02T00:52:50,AP_24_10,2.4,10,ZigBee,2457.2663423266936,14.53096704620788,0.3639199285519705,-55.52028273693113,-97.95375506091558,-98.1874746024429,-96.56064841669858,-96.04459769992741,-92.50569353228192,-101.16323645778121,-91.90798290345798,-95.27599110120397,-100.07087843383093,-90.95112932976014,-95.05479968316656,-95.03002455332442,-93.73055166725868,-96.73950918149228,-98.80169233180557,-104.73136296047981,-99.5049625673856,-96.84336363782204,-98.80202410093047,-95.72825120615474,-100.8182109084778,-99.59524553989341,-91.12138260088422,-94.79078099999442,-97.44504390005704,-100.93453271788346,-96.30686891703049,-95.49552153453675,-95.44048630759958,-94.47909079731284,-96.81415079836816,-95.02988104887112,-96.57392171858059,-99.42396038436415,-99.44254065220574,-97.44067476393546,-95.83683066390607,-93.82046848952669,-97.54700235764507,-98.57043922881995,-92.74283592869962,-100.69544987965355,-92.58888978781346,-101.81504418197595,-97.5794667754224,-94.33883961161666,-97.01345272554597,-98.93487395266628,-97.26963586003376,-88.65856597244539,-103.34513109512505,-96.0639937189908,-101.61445258478665,-102.33064465732292,-98.33763891624287,-97.40940312313597,-97.27109107952323,-103.92176268198202,-99.71252312719972,-97.75600628095077,-99.53270513775867,-98.79008501574931,-97.79968524760932,-97.69232801349222
2025-11-02T00:53:00,AP_24_10,2.4,10,BLE,2475.667504354758,12.133391096519588,0.4774160321316416,-67.33343499445101,-98.22123564347696,-97.40532971840874,-99.28629802705753,-98.81640222704928,-95.59674480198909,-97.5843070383007,-96.94943732153138,-92.95662729444095,-92.78215561300098,-99.56250916942324,-97.02818334107549,-96.86754730066257,-97.8876558765669,-99.05904434679557,-97.62477772248573,-92.96063599668625,-98.13456690489733,-97.29048482446859,-100.56832601960352,-103.24802401339691,-99.09360805309957,-101.19480545561815,-100.75453066411876,-93.67024621299485,-94.0646935217299,-97.18555261087754,-94.52671035917936,-105.50111006082464,-97.74512869212994,-99.03127082139898,-96.10948807680188,-95.90828381445567,-94.38067241016847,-98.23622003751821,-97.24408072542442,-99.38902614606442,-98.82735332739549,-95.2970695021047,-98.61301266694299,-94.0658584406249,-96.50136969933344,-91.34809597946942,-100.63256687841005,-97.95928223219643,-98.48779816637236,-97.42542237028498,-95.71639799720703,-96.7841916568603,-97.04105573928224,-96.11394343590263,-93.94211652073074,-96.07841624392503,-96.85748761190388,-97.49913636644388,-94.5548745732059,-95.5277676803217,-95.8579432317906,-101.81398443902349,-100.39298782737679,-94.44666707175938,-93.91729404117359,-94.60192174664881,-99.77389431008655,-100.09854756326362
2025-11-02T00:53:10,AP_24_10,2.4,10,wifi,2457.0,0.0,0.0,-104.30459466473378,-99.58257814498631,-95.66748249505596,-96.72848370882285,-98.87892164755698,-97.17676075706251,-98.69035077337664,-93.89895500307588,-96.95001352231323,-101.79914595730946,-99.24774629238884,-95.14442416830518,-96.4438647240331,-97.93293423512897,-98.11990747902391,-91.96775030483522,-94.10339244614033,-96.95310168375254,-100.77202536071351,-97.59384118703929,-96.6682584117981,-101.11488019593016,-95.69106420952517,-97.15331269583525,-97.83999515901668,-92.39518500530933,-89.58593055849165,-96.01779416471658,-94.22010279526403,-101.14851762910135,-99.20219045056258,-95.53131960190439,-92.48710252303232,-93.13502865715907,-94.34793021098939,-96.86220514109192,-104.43906420833392,-98.33054210054493,-93.62760932896063,-92.72581722355451,-102.09691023318015,-97.9634232573952,-97.01915129747476,-96.82011742427684,-101.73640402230944,-96.90971748886393,-95.89663896813306,-104.11263439304999,-99.77565357192026,-98.7429532090924,-95.58039450082848,-96.57266428197828,-102.83970321286074,-95.76556342529199,-100.89337384163166,-98.47346772480276,-104.38603136659388,-95.93496398434063,-97.3341550670846,-100.57434698945981,-94.43797022162397,-99.79405510531481,-97.75301014612853,-101.21145758914983,-89.97963789322864
2025-11-02T00:53:20,AP_24_10,2.4,10,FHSS,2450.4942815363015,8.44080619211115,0.20422239327762015,-60.90715581026511,-92.40610503593977,-96.02253562020773,-99.94015494384038,-93.45441093962795,-100.34774383959555,-100.159391639593,-96.36000582095161,-98.20469368991935,-99.06784327969876,-93.17190284981199,-98.31045674750727,-99.43327874105479,-90.91255578943068,-97.99011635378267,-92.82252142390196,-94.34180921463324,-96.64880612689788,-102.61606329503668,-98.0128509754781,-93.75951307263114,-98.89287789453572,-98.60640429607575,-98.39779902307305,-98.53477487170123,-96.51921957863361,-99.71037980341866,-97.05568223815112,-96.3369470405059,-93.34704111921826,-99.52209167968347,-96.95465243691753,-98.02611352535584,-94.92184310581521,-98.89969333656086,-94.94291757345015,-98.86309606887234,-92.15259864142,-96.16672513145076,-95.23125653204949,-100.99022247725061,-96.30892180207789,-100.80185016029624,-93.36683938936663,-97.33772111580308,-96.69422190134678,-97.09927615913834,-95.01619329807653,-101.99814573646452,-98.27647573111744,-93.08767339562007,-93.3316893529895,-97.61258888062677,-90.7492738481478,-95.0319268236097,-95.75151272965329,-96.15315420933881,-97.38888682304078,-95.48710503388337,-96.05163633603068,-99.79195012760769,-94.38283513842649,-97.12282598528915,-94.49712124713555,-100.71698566620576
2025-11-02T00:53:30,AP_24_10,2.4,10,Microwave,2464.283632649832,11.364071188607308,0.3812578825391217,-66.53976902683895,-93.92280608717776,-97.12726867746156,-101.66960557491187,-98.56611473887,-95.75466813998055,-95.46252362665074,-102.11095429227794,-93.13420238511856,-98.24179112567873,-99.18060391052524,-96.81388839396126,-101.83252841157434,-101.54843718694794,-89.40451126428201,-100.9690633921038,-100.14618339202241,-98.97400281987369,-100.73063540657998,-97.99326268716003,-95.59876158700075,-103.30589143206923,-95.18776047945033,-94.2686653358825,-103.22592283070827,-99.29245911024688,-95.90326396015743,-95.51866911714569,-97.3406271733971,-98.14878929081024,-97.71439312940066,-104.63886537284087,-99.91024123623286,-92.51109644857709,-98.23026573354277,-98.17038617413131,-99.89906318365682,-97.09376527267112,-99.96521441915378,-100.92078341305383,-98.20683519134188,-99.67031328633315,-94.96625416095118,-103.26313294858782,-97.34148831874172,-99.68212100178259,-101.59632800320274,-101.02378419088444,-102.97206122154903,-99.01660794812017,-96.42444015622826,-100.74724989588123,-94.60338616155258,-97.80867722427318,-101.7230498346798,-94.96780552379381,-96.64344204066755,-95.84192702471124,-97.81548539269203,-96.88845495857215,-96.80339739092187,-101.85882808899215,-100.67669415526602,-104.3775291379452,-99.2764757049791
2025-11-02T00:53:40,AP_24_10,2.4,10,ZigBee,2452.326907479381,15.264035150247445,0.4906854116690707,-67.73156799555665,-95.256426500869,-98.39486866659303,-99.18035919143551,-93.20022579790268,-97.80922527540956,-94.64934562284061,-101.045803245321,-94.10976968944952,-100.49581377783265,-94.03211763258247,-94.27744608635413,-96.97202497218898,-95.40338405659988,-98.37140946313487,-90.01167495569072,-93.84720312422992,-97.36284912704612,-100.69347114946902,-96.61538498100954,-93.26221121062463,-99.80074225984046,-90.81009824429252,-92.35425850492337,-96.92858994362297,-93.68973223682487,-98.64671129978122,-96.14128626476497,-89.90636634381673,-93.85514906990494,-95.33038959411549,-92.43492375467902,-89.38675802591717,-96.09411814895441,-101.60240707414644,-94.27419987354392,-96.86322503826601,-99.1138559837894,-93.52399065074408,-102.24159534960377,-99.93834041217072,-93.0638729242014,-94.32390242262309,-92.12449326341621,-96.0238745434463,-93.17436046628777,-96.92255375948173,-91.29418131828643,-96.78953599213823,-97.15048694629279,-95.66890500250103,-103.6970231208885,-94.02228926210712,-92.90172740140254,-95.82347578761542,-99.39722084586101,-95.25718583532189,-94.255322794628,-98.95126115145314,-99.5054126627002,-97.43268758871791,-98.65967291109594,-97.03245291826691,-95.68101903954016,-95.78825736003658
2025-11-02T00:53:50,AP_24_10,2.4,10,BLE,2466.68570754129,1.847916043161986,0.5271939872098043,-68.94816743282084,-99.57400435881696,-101.18419973464273,-99.529168491657,-97.64801088520173,-99.52247705635591,-98.5308311790591,-99.67849325018439,-97.38789694948949,-98.7828478971128,-93.53717739389542,-95.48686816949773,-99.28642903966883,-93.620093430254,-96.09256111167318,-98.8655641012707,-94.17709066649513,-97.52217841760361,-97.20817043021587,-98.96278247959273,-97.82832908685782,-92.45445712865354,-95.89115796627802,-94.0415694352957,-97.45026836522352,-100.49448262896725,-98.6039623938133,-98.65376344279798,-96.46563904672993,-98.87956171425787,-97.63100893970076,-102.50973008793271,-99.19224505827137,-98.34376215052544,-98.47172211413731,-95.68429480226841,-96.61275493916227,-97.72155361019128,-98.35400336095441,-96.14225336483818,-99.80972850908324,-102.82574056108197,-95.8093531387696,-100.03309891651851,-97.31177203271378,-95.92070200055495,-93.05237335808474,-96.88748908749339,-101.1659356609962,-94.61849429344359,-94.44028272202063,-95.29794420827146,-90.14830251772351,-94.9814269118766,-100.05652979318668,-95.04805842173369,-97.47527907150604,-97.49740774237152,-98.73433348992769,-87.90813188321285,-102.20115690816748,-92.24629185336396,-101.7193463622559,-95.5035310274338,-98.40527398352222
2025-11-02T00:54:00,AP_24_10,2.4,10,wifi,2457.0,0.0,0.0,-105.17968637715029,-97.79603735834256,-94.33050909519412,-103.1349920288324,-98.39095353947937,-101.28199663897898,-94.34666252900168,-100.56232277705787,-100.4010374561108,-98.92087793306972,-93.38026851324801,-95.31083146166439,-97.50368366494811,-96.03741299125228,-96.03764048154557,-102.2635286347008,-98.68445773943814,-97.43920793633527,-103.08029661039832,-94.98978993538493,-99.22074396005124,-100.0371230471047,-92.71538212237316,-98.02253010174543,-97.83277943626506,-99.02757050754234,-100.4018364584771,-97.38892156569928,-96.95365223879298,-102.3541418282704,-96.19906842332313,-96.02310358961459,-101.61417220995932,-94.03167628853302,-102.22334095425015,-98.3909955016659,-90.15952112250648,-97.0979786201819,-100.64472026346694,-99.3205672418423,-104.84472379626465,-99.14768041055237,-94.25872628976059,-97.1191586445922,-96.86655171363081,-96.2146621645991,-92.46624284787148,-98.71447914417598,-96.42944999145746,-95.7963302727493,-99.88848093529495,-94.96993505829703,-92.54729064850578,-95.64611958549281,-98.94351151397207,-95.59538097647822,-97.5721627406177,-95.1302458201205,-99.07527367448915,-98.49515715045628,-97.03314731358908,-101.12093205585664,-89.26426207934125,-101.5827331230783,-101.52120093370321
2025-11-02T00:54:10,AP_24_10,2.4,10,FHSS,2451.5262430707735,19.79747895507552,0.2879054283258754,-53.38549304801516,-99.64611910567464,-99.29168554608948,-99.00241704986087,-99.61290495651579,-96.42593293745604,-97.16689039197584,-98.4217556374809,-100.92607831089104,-98.14078789533218,-101.1786060598611,-101.19595675722918,-100.78600879877669,-91.19372017502937,-95.27221773952813,-101.11029828428462,-102.47592181691573,-95.55983128383177,-96.79412645390028,-100.18677467615112,-96.57375209400158,-96.09634088690217,-96.74497491447283,-93.90344618765262,-98.8683531167591,-100.71807577276805,-100.77179002308574,-99.49551052236252,-98.6619758638808,-100.17228448521034,-95.869729089332,-92.83126294971262,-99.8328600826326,-100.35244273503312,-103.16191631294303,-104.28998098181238,-97.94459329463194,-98.6520930478563,-101.03562569066617,-96.62907343861636,-97.06426948434972,-100.53194649044576,-97.79735073660895,-99.33177359401289,-96.88157230797309,-97.29235183313168,-95.3445534823042,-95.06256190798338,-91.43796415022466,-102.97734941874849,-100.89435086674067,-96.67448814377774,-96.20074019173856,-98.22599747768822,-97.56873292883078,-101.50117602231315,-97.9168854692759,-95.25039060119055,-99.75558178214251,-102.02458811968515,-97.19537680737078,-92.48190771093773,-98.17265759491679,-96.06866191653873,-96.25418369731072
2025-11-02T00:54:20,AP_24_10,2.4,10,Microwave,2463.3254504415168,16.53799977604227,0.7949534921378374,-58.22150803176362,-98.67422788689035,-100.65690745339742,-95.4386332649719,-101.81878913307074,-101.02464024063258,-98.5469832975243,-95.43704332535772,-97.95670928510792,-92.66037095437326,-97.17345289151343,-93.352773769767,-100.4822574750336,-101.19929997279105,-93.4496503471357,-94.82415478994223,-95.28286721161663,-96.66908551524985,-99.35276551826543,-95.77358232983055,-103.99133764710548,-96.05533456370144,-97.98509873523062,-98.96490972003824,-99.04146350218669,-97.1343884216198,-98.79780661576389,-97.24537785342963,-101.33965012641724,-93.77293992519313,-99.61231522691631,-93.07358205524231,-100.91125441323226,-97.5965020619461,-99.25154112726771,-99.82359974329513,-98.02337820516215,-104.46724864461399,-100.02870764768447,-98.66468724137412,-98.01260795697823,-99.49418200018154,-100.26417362711669,-97.4277111940223,-98.33026984554952,-92.59246970847308,-96.48709061906771,-97.91605571749952,-102.78507293432558,-96.52639135544973,-99.25621146816795,-101.5055273912673,-95.84534570072503,-98.7401883948574,-93.10159501267498,-95.17677087936197,-97.88348144518946,-100.69945835640557,-94.39093361612942,-98.20678045054454,-96.78972069819316,-101.0709064955737,-97.25256170092254,-97.85013195737994,-91.50598819658084
2025-11-02T00:54:30,AP_24_10,2.4,10,ZigBee,2444.773187852986,9.956315526545923,0.3361338821493359,-55.55549388269018,-94.73689092200789,-100.59246247639554,-91.70946703500807,-93.47331552101411,-95.9709569728315,-93.24210217838467,-96.07858799778397,-93.08765813918896,-100.02013170853078,-94.1585946843245,-99.19723618390968,-90.79271546759983,-102.4849242336658,-93.69567602053868,-92.6077665644619,-93.45562867043728,-91.15311602383261,-87.92922158492013,-96.77632756327169,-90.96054545504883,-92.76246571559666,-95.88813570738223,-95.8768540344233,-96.04552774838827,-95.85009677108869,-95.21157259964761,-95.42571258708033,-87.33064880059993,-94.35569296403797,-95.15686484040933,-97.96628448952978,-97.50781916563764,-94.36188846005484,-94.53261260964965,-93.28309246795556,-97.87371191732154,-97.21392952842638,-96.36016084363679,-95.21824444694117,-97.23437367875259,-95.44643152904088,-92.72155398328617,-97.17287895640544,-95.08361108072906,-90.97754675114999,-90.97656755579118,-96.38693800938941,-93.92553338995046,-98.60300715249862,-97.70264250064508,-94.22235930956943,-96.10522877047288,-96.1136731787163,-97.43594469227297,-94.98940985799369,-93.06805906952559,-92.60392690923847,-98.75182527495359,-93.5088656863744,-93.4895545639304,-92.55809466645319,-91.33408677800085,-98.58494264341323,-95.15127795779065
2025-11-02T00:54:40,AP_24_10,2.4,10,BLE,2438.1662049163588,17.953985926551248,0.3640245322675014,-53.985511586897445,-95.98427898475987,-100.65061707120906,-98.45413746815575,-100.07639854936218,-97.83750695007991,-96.43147939996612,-99.50253752248094,-94.64799209637135,-97.16156049052918,-96.71083933023267,-97.18199097507971,-101.42733896463453,-98.9338997793428,-98.65484458545933,-97.09449344031061,-102.80967743954903,-94.82271553290535,-98.21202925013695,-104.26219368255605,-95.30077857095581,-93.82437238223422,-98.41162348558157,-94.03027952237727,-101.11142961070516,-98.6835809211342,-93.99387449336868,-102.00364599527062,-97.00332564278172,-94.93262723126065,-97.85267928827045,-98.4090777613313,-95.15198904604758,-96.4396596188745,-98.19749417887711,-97.25660858472475,-95.9899881433479,-104.67977654742725,-98.28199642549082,-97.32827147213786,-94.09930812102641,-100.58686670756309,-97.17535540220621,-97.76598968260551,-103.35128472061533,-97.1934974317655,-96.81915608111956,-93.50168843382026,-94.43850030830446,-99.79446827660404,-98.83533358486909,-101.00344795216583,-93.82588993993387,-96.94272000015881,-91.10396769473843,-102.52380951467303,-102.2900624819174,-98.16767552929365,-101.7730702753183,-100.33958010855781,-97.92284596210567,-99.92307121039224,-98.13481593966377,-96.63161906018134,-91.84831495437898
2025-11-02T00:54:50,AP_24_10,2.4,10,wifi,2457.0,0.0,0.0,-104.49960004962217,-94.93784908944107,-100.75724970061646,-93.73980899773522,-97.84877929831903,-95.67025308226043,-97.59989932898726,-98.04785875326444,-96.88445695339918,-93.02369830039851,-103.34499653552693,-100.72944955634873,-100.79604979919472,-102.64772093565968,-99.57660351263428,-96.61942798248822,-97.3195813131114,-99.07050919834334,-98.05828513288057,-95.21024386911733,-94.93518303061771,-97.9106555420079,-97.602694575948,-100.38828294929067,-95.97098024694768,-95.81540847873272,-94.90223275557818,-100.8574871092893,-99.31970426321895,-99.2059516578222,-97.70832653194863,-99.57266768146243,-96.34347757165959,-99.96002357348509,-97.5875628591385,-98.29180375822047,-94.3360908169465,-96.11154292607603,-97.21635902288831,-94.01614298745487,-95.63132989625194,-93.5254394648681,-92.93450011332817,-96.95346563885589,-99.97417295142888,-97.7721704239253,-91.60207051320829,-96.18922989682784,-96.77946853153682,-100.6337112797278,-94.19112727647351,-98.46656234292072,-95.68477296813785,-93.19570004543306,-100.37432498010136,-96.9968986239262,-98.0896250925936,-97.19162245056468,-95.87548069905716,-96.17008680006803,-95.86817409594164,-98.61747448736355,-100.46786786656169,-94.81519607361906,-100.4794980340805
2025-11-02T00:55:00,AP_24_10,2.4,10,FHSS,2472.0508695676217,16.199786735353833,0.724068162541808,-59.18223194143371,-98.20414719932981,-92.59900275182076,-94.53464862713864,-97.5153658585705,-91.27339504840482,-95.81951283373482,-99.25706006237239,-96.75261316596179,-96.55546710781566,-99.49667751812028,-90.8600185916542,-94.44308302106454,-100.90877391882148,-95.29351846399268,-101.34061510253905,-92.36731724615055,-90.27410649950372,-102.69068118065059,-91.54891387002013,-104.87179236913806,-99.00691485159645,-102.0713858750641,-100.6703301955217,-93.5117027991733,-99.4525999284275,-92.07746262018844,-93.82694270282269,-91.40437247968387,-99.2111994763182,-92.87376338618566,-95.33180587088398,-95.93383430167331,-90.7651370289622,-103.43058800288081,-99.17806761078084,-101.6840266020718,-97.74511651585611,-98.74447871713251,-95.44170120686098,-91.64030369155282,-95.01153935676179,-97.82276162164221,-99.98583654976578,-95.19023490138238,-97.44719219686846,-94.07857945950926,-97.4109380302184,-99.30280636361088,-99.09898078919893,-95.73891570984057,-97.3982495174343,-96.16600631302441,-98.99844169889616,-97.55559316060284,-100.38389636750887,-95.58679673741733,-94.11377580179953,-98.23363210869122,-96.62710196794946,-96.17131793600613,-99.57191569958249,-100.28868513226058,-95.05490689665008,-91.77246179964284
2025-11-02T00:55:10,AP_24_10,2.4,10,Microwave,2460.4910978018006,10.554343369214472,0.5661185685365091,-58.759419811435,-97.59861845041785,-98.13148535636546,-102.38535163312457,-100.59096045793811,-98.43215889388352,-98.58124362772709,-97.09045291275335,-95.07138164109234,-96.55624326133695,-101.12438204851264,-100.27486915288368,-99.66992331484617,-100.04213300273396,-95.36708147407774,-96.90743090069836,-96.06078057582089,-95.57648089745942,-94.3943518776547,-98.82585216890062,-99.4961147390532,-104.08418870249011,-99.60178502125535,-94.41215918505414,-98.59685920393807,-100.1701550698217,-98.40840344900563,-106.74690062196312,-99.65123605829113,-99.93560502435044,-99.51159062926777,-97.75293526853346,-101.06891327009194,-101.16096624736657,-98.1155642331879,-100.73122669813051,-95.04806753711448,-96.92139113881687,-97.00326067102584,-100.29813630922868,-97.22100441489206,-101.13431719681316,-99.89533179479969,-104.13530028970894,-100.66714572682334,-99.63332524451863,-99.86401357041267,-95.44145915115296,-98.30119247341636,-92.60881408703645,-99.67663906449296,-97.11163103064594,-97.03920634405249,-97.34420956240677,-97.77103929498945,-106.99002575193185,-96.41198817117025,-99.66306503896918,-98.02378775614905,-94.81748589888474,-102.24523067824728,-105.61287043076779,-101.47580497390828,-95.85812986145285,-100.52955660328568
2025-11-02T00:55:20,AP_24_10,2.4,10,ZigBee,2463.145758342165,5.080497088645631,0.3914119484850628,-61.57387394898753,-99.89441849332184,-99.25599489754956,-96.71167933566069,-98.73764415252677,-95.99673816081746,-94.85502365605136,-102.31278343746925,-96.09635222741971,-95.38719933039899,-95.35292725651817,-98.98349491012755,-102.86088321691035,-94.0786378001602,-89.56295459459082,-100.8897507658698,-92.99015147463808,-103.53729267952419,-95.49930664359623,-98.21491366968515,-95.4497304773091,-96.84407890216224,-98.74929800329456,-93.51617617910257,-97.22941355928432,-96.82690986166813,-101.05678122505658,-94.51215894042087,-98.18546360819654,-93.12209939879072,-96.97514182626959,-100.07804275497146,-96.29911764953243,-95.31768123771705,-99.46620916795273,-91.72827526273005,-99.59702242335771,-97.82918561156261,-96.84311468626848,-95.81205038138324,-100.13814499223909,-93.84724245249134,-93.43262335893526,-95.89848177562357,-95.50215279314092,-97.72290300979101,-92.1926209059716,-93.74621748719362,-100.44936621493613,-98.44599673665412,-96.31343244997962,-98.83073902914103,-93.93121700604694,-101.37871129291914,-96.931276867173,-102.98478349247848,-98.44018484317473,-94.76915610378016,-98.84290443951359,-93.63980716886188,-94.76535587027742,-96.12088560941464,-99.61900498674092,-98.22709320844893,-98.40029669027108
2025-11-02T00:55:30,AP_24_10,2.4,10,BLE,2476.92996566697,2.4066952316848775,0.7252472169265158,-50.809926463257185,-94.88780699428052,-99.67207800873838,-95.8716237844089,-94.72243138362073,-95.64331243509133,-93.48019527806352,-96.17310036881256,-98.78269755075871,-97.48092870317612,-96.65333103640009,-94.51292752126835,-101.18127266986752,-99.48890214056762,-97.3687079792356,-93.63521204235894,-96.37931385317147,-97.99346677922493,-103.33558228744626,-91.90180615277362,-96.15574846036068,-96.91733604500132,-94.72391983235792,-94.80045490881025,-97.11610825472764,-101.40398707127089,-95.80132010657908,-96.38381754163485,-86.11602735294667,-96.13988377166474,-90.36401657453382,-100.49330420704557,-90.48759494029343,-95.08004404798629,-94.63323603758371,-96.9196033490811,-95.67830624208115,-98.44521268691673,-101.05341544534218,-97.79304251432221,-90.19807490530201,-93.76553176087123,-101.45272021960828,-90.2573813384249,-94.30436112640078,-94.06569566781478,-96.50927213268027,-95.8468947399787,-92.59658126567463,-101.0469093582401,-98.80406033926465,-95.48659796709941,-95.71622763658475,-93.12318622213844,-91.6625309642697,-93.16365495450627,-91.16565591318115,-89.83570423154153,-95.88672890246292,-93.79180307030721,-92.33067652437111,-97.07013581641404,-99.07721817366526,-96.2119564089717,-97.68793199633997
2025-11-02T00:55:40,AP_24_10,2.4,10,wifi,2457.0,0.0,0.0,-104.30350172965007,-95.30001793241053,-91.71004311473435,-98.21753515488331,-96.72188926891178,-98.79324155965051,-99.89862614985856,-95.50849463210183,-95.67668997894282,-98.12830330383885,-97.05066510596365,-99.06560598321298,-97.53772749211421,-96.97949032121551,-95.88417201122378,-94.65247915843767,-98.89714523189862,-95.3853744405719,-99.05586676544598,-97.20395585461009,-91.05498279115244,-98.90529942638493,-99.40387501339379,-99.9220328449604,-97.53867752134944,-95.30824163734552,-95.10358170602663,-95.46876803122956,-98.48041012613795,-98.75341364803485,-103.30554025653653,-96.20259282229122,-101.92083633306787,-98.13333928773181,-100.38366491438279,-96.64407983407493,-97.50041895519647,-97.46526064520819,-99.07404881220117,-99.2553896585302,-95.92029724743252,-95.1806544969625,-93.31898441326904,-99.242785487064,-103.00650694580906,-95.58834375913037,-92.72894514915909,-93.7648505227826,-97.55218192729805,-100.02060774771374,-95.72728747812995,-94.91799803509406,-98.07367830268892,-103.29368975692506,-98.23078394538031,-105.23375978483965,-95.87220583877703,-96.32150468608961,-94.62732370177535,-97.43576599055054,-93.77183430299159,-98.74871259389629,-98.06774776218076,-96.48169786665959,-99.67423804136384
2025-11-02T00:55:50,AP_24_10,2.4,10,FHSS,2473.0552301375446,16.376721976741457,0.5453485138746482,-57.45567417832885,-98.34725620239647,-93.1798610700216,-95.42026942040644,-100.90322267834279,-97.02235404600115,-95.12443455406476,-89.19339137324847,-96.16639916753557,-100.29901417629252,-93.33581737520376,-100.04053972268314,-97.42772972607371,-96.59389696050171,-95.32402262866088,-97.17653798800427,-95.89671180366318,-92.42314709012658,-93.83361439144639,-102.03558942878195,-94.03969841736439,-97.1718329609455,-91.78292064159723,-96.71738400304756,-97.79389462831969,-91.6956958222824,-98.78711612476346,-91.73185157967208,-100.47221994856265,-95.34865875966317,-92.86866596273578,-94.62151966929517,-96.7435842907715,-96.77345246730725,-95.90005969453985,-100.94459417357612,-98.79457860341084,-98.60835078489605,-94.68235786913728,-97.6657131627376,-97.35933051862924,-88.50734676369075,-98.57757245805364,-94.91792842159757,-96.56279605223064,-93.98133351797327,-101.27625500282444,-94.87889305406782,-93.7262803076526,-94.77813468661708,-92.70930501967031,-100.28493237236295,-93.629840950724,-99.76412207244044,-88.75895988558133,-93.78795359935418,-103.3812717670186,-98.04104881842501,-98.56664501126032,-96.1047207674805,-96.40542764881602,-98.56607758760644,-94.07306535619772,-97.93289700338207,-98.98259302997961
2025-11-02T00:56:00,AP_24_10,2.4,10,Microwave,2465.6953471068855,1.5294341555829445,0.43193122723056626,-69.9302004842176,-99.76215030298685,-104.08323660632199,-96.72043594497399,-98.48012789003232,-93.14582675829354,-101.6518411898511,-97.02926754020359,-95.18213539546181,-94.96563334345669,-94.06654763206332,-98.7829385089782,-99.36876703153463,-94.29529176220484,-94.98547755031257,-97.17200402486914,-98.76292684284302,-96.52305563921288,-101.11488388346856,-101.8795652633056,-96.74019301203037,-95.51787710413059,-94.7205145786779,-96.80392760984289,-96.35218583464248,-96.13141965047996,-96.28972803929243,-97.47544476666793,-102.6408464569486,-97.094484406025,-97.54386096022046,-93.8924465144714,-95.24347593984594,-95.51103911021539,-101.22113874849529,-99.48321784307784,-96.73385551172406,-91.72050799034324,-99.73675003922394,-100.79515953831137,-96.48794621354838,-98.57428289582153,-94.58539644944132,-95.0007047003559,-97.06746133090844,-100.55039613985696,-97.92276661686017,-91.64022591005376,-94.5305339094834,-98.26031492129961,-99.2321245265711,-100.63670309495807,-100.83337295757944,-98.48797559873621,-100.78713356363139,-97.73942946419035,-97.20545905688707,-95.01847889711037,-102.55714396217469,-94.9453044327987,-98.98835881764867,-100.50224941774799,-97.26413537122687,-98.52980528969816,-103.54047433592092
2025-11-02T00:56:10,AP_24_10,2.4,10,ZigBee,2471.6663928319513,7.894590165641588,0.25052626780954595,-67.54894913622411,-99.82614140225753,-101.38194283333242,-98.0523558384934,-94.05740052259868,-97.16755094688237,-99.99408988138565,-104.12730336838275,-100.58665540840717,-94.6627896584599,-97.55377420459259,-94.10926766834044,-100.69428164053414,-97.3229274979471,-105.17962209213896,-100.63130682999801,-94.50099509746997,-96.15096854834036,-98.78118367639375,-93.98297787768769,-99.15555032095158,-98.19698827312197,-94.7743169431924,-93.77113153991802,-92.0544274650513,-99.1546711539064,-95.07163855229976,-96.40459191455855,-100.7771797477932,-95.70252890010147,-95.3868482227553,-95.05921013111424,-104.81072523076683,-101.4029274891776,-96.78086406981285,-94.77699729126864,-97.82872421938006,-94.69007435292852,-104.00982491220807,-97.11190540172194,-97.62148329515689,-99.62596488035564,-97.32269209106379,-100.006249359357,-100.72628070697574,-100.91430806201808,-101.43598670978484,-95.73047274250092,-94.39059988745042,-101.03383365309399,-100.29971201799995,-98.81412610147883,-98.00058649569321,-95.41149685465652,-96.59454906769498,-96.14665991053796,-102.71019043888961,-96.96912819368247,-97.87473187131681,-99.72938807837862,-93.76283743180394,-93.89835149682618,-95.58537498502359,-102.26096411611242,-100.49659126484644
2025-11-02T00:56:20,AP_24_10,2.4,10,BLE,2453.9483944338717,16.13854836896563,0.3473946330399096,-59.714313010539946,-96.25727878086664,-96.84911745757834,-100.60360692050519,-101.7025603178819,-97.01642277224663,-96.70462795237391,-98.80461301950245,-94.27030041233341,-100.92959838997743,-98.985788899978,-93.96563693618347,-94.28165412685357,-97.52230548202668,-101.43474031528902,-98.94267802169153,-96.76951987467865,-96.67561353223871,-103.79066509072999,-92.34300564180823,-96.90825446637704,-94.83183726736488,-95.28832557309629,-101.21105156682202,-97.59349517306083,-96.5745000385859,-100.73659022081036,-92.10326527291195,-100.68888181120452,-97.12593987623885,-96.14974456763241,-96.52953411920078,-103.44314445432977,-97.44600040968905,-96.05017269496715,-101.10128734653213,-94.08481219600517,-96.41566116440946,-100.84547830378091,-97.75680346042216,-102.35394484945994,-89.47428861452343,-100.07999687392196,-101.31342805217476,-95.48741525534284,-97.91486232986811,-91.18134775754521,-96.69496649170799,-96.57597369856475,-99.17522221134902,-99.18204287846153,-101.12786326462917,-96.90470274645845,-96.28574734734279,-96.62583445276636,-94.6304035693219,-97.56892039460271,-99.89741319180321,-96.01596353761491,-90.83331165398995,-100.83439550579553,-101.61675513362344,-99.59705366687189,-94.44168720841769,-95.36387059602791
2025-11-02T00:56:30,AP_24_10,2.4,10,wifi,2457.0,0.0,0.0,-101.68647981998532,-91.58146609360912,-97.54033955232174,-92.86815214158925,-94.1042635681322,-94.53407799119903,-95.94550153002271,-92.63764329207604,-92.78058131221059,-92.71789303890262,-89.82566351184313,-94.11553322158751,-95.09157840418393,-101.65762780786312,-97.50522723768108,-95.89116225936907,-90.5892112712403,-97.33527834936952,-90.24488139573144,-96.2139586187827,-93.3500782837311,-94.30961132261444,-96.8687246024537,-92.0180492121677,-91.38472053841657,-101.37492583357471,-94.57599267524873,-97.04107201462212,-91.97029057733651,-97.84254932196842,-94.26168699992695,-92.68617726164008,-93.82929198705165,-93.79793549934978,-92.77653809486489,-98.69080434854204,-88.7621700742087,-96.88214599206053,-96.77566349215739,-90.51973747997823,-91.5326482837519,-91.00675107447194,-100.03615245339307,-94.81651550294886,-93.7955720930656,-92.04759539496419,-97.84269614806897,-93.1094909055228,-94.61552406815036,-92.83851734118548,-94.69108127120307,-94.24680000448616,-97.40187886499164,-93.22150264250479,-93.57680912844624,-98.29323046924138,-93.67621839711109,-97.2949768304982,-94.20242740680102,-91.62207967900045,-91.9876361241513,-91.71512025673407,-98.73435031662886,-91.66181064716652,-91.43463892432013
2025-11-02T00:56:40,AP_24_10,2.4,10,FHSS,2476.582462554053,10.845526368787086,0.5365947266761906,-65.25713204755282,-96.8800767764187,-99.92309227545431,-98.90276421597792,-96.39707518801873,-98.58515661376087,-95.62791878446085,-99.33190579634795,-96.24216039835629,-96.52866075298006,-102.44537383564945,-90.9922981451401,-101.22440091914001,-99.39840061887314,-95.54959721964607,-95.27345979376746,-95.35539609932253,-97.58332930704447,-101.34048247343483,-94.21360903296446,-97.3086444465693,-92.70461299055415,-94.77601363557183,-88.454965558764,-95.1705301895073,-93.98810422293947,-95.53843550115828,-95.18608834159447,-91.46839068384891,-96.20903857712803,-95.374696409863,-93.67155666720147,-95.48584273782038,-95.26379660353759,-98.35433778916412,-96.4774471140468,-96.06326160447455,-98.82085243059012,-100.26032886645785,-92.51893332110728,-100.04330348266427,-97.561367622632,-92.41324281514716,-92.81524944171129,-95.15891389744002,-97.05193035036748,-98.44699871204386,-99.83145809073382,-87.68299451736108,-97.13213684672611,-96.77488339001363,-100.16609349304078,-99.25365861512759,-95.7779907834908,-94.17744831388036,-99.69212313366683,-89.41517108953404,-92.48070738579858,-103.23921704336674,-99.32553403646953,-99.07134326800454,-94.52980039055493,-100.896515062532,-90.22194312144815,-95.55213515501265
2025-11-02T00:56:50,AP_24_10,2.4,10,Microwave,2453.5634067240044,17.82245437967547,0.6918455252702241,-66.61622594749582,-97.97801183856613,-96.05924077243996,-94.55137596779386,-101.75148236053123,-93.33648024030632,-92.10182316073337,-100.67656770803248,-97.97626073535278,-95.99160731424413,-98.45773651853479,-93.87761903366389,-100.25864251944816,-100.33505839934661,-93.91493884438447,-94.28278167146323,-97.5797825565022,-101.01708601585682,-95.92857269937241,-96.16464010024681,-95.55810523047984,-99.35661982000678,-90.1062840668417,-98.53440350011837,-100.42532679297972,-97.33818726099852,-94.62125092853107,-97.66075132967434,-95.0124695066997,-94.2647718654086,-96.90414649287541,-93.67337099309393,-97.60701873507335,-99.06810689682808,-97.28622687431528,-100.07185859969775,-92.7998501204448,-96.04261345140209,-98.71433941590327,-96.28943888637684,-98.4191666436514,-98.29976035268153,-90.9225799822339,-91.81814726478282,-97.49600062316345,-96.60317142211593,-103.16815975096425,-95.03337303332783,-99.77341516734778,-98.21588622671501,-95.53250979132764,-105.71528667052422,-96.34029643118168,-97.45160962873067,-99.80900575679227,-98.21476041844512,-102.39571448058724,-94.84785498401834,-98.19605278096434,-95.85669310289936,-98.9758037030025,-94.6358947014531,-91.8795313232635,-96.74050011855505,-98.26866558610413
2025-11-02T00:57:00,AP_24_10,2.4,10,ZigBee,2468.641307876256,3.962122381265153,0.23737954783415494,-68.53519164536854,-92.7015075421093,-95.72660838496938,-89.88722073513837,-96.29133442119536,-96.07666143610925,-94.46640727526382,-98.67047406412395,-99.15638563468559,-96.18304527637285,-93.55131772569494,-94.4145493373158,-95.80447202992072,-94.64526477120025,-99.69948125857107,-99.78543939659492,-95.90756807837816,-97.94874292736306,-97.00705488067555,-99.9675764435794,-93.91219264745243,-94.0397769515788,-93.61519174882977,-97.45467801825674,-99.07808729251897,-94.5196571029905,-98.8620383521533,-93.87671236006328,-96.02629334995167,-97.2657210577433,-101.29399647905696,-94.58903889403139,-92.99242911785244,-93.94104978390196,-90.91226341279464,-91.48628919683392,-95.88823289413571,-89.00761050724896,-93.27164687922229,-92.6701110364454,-92.59848146406128,-98.85950966492742,-94.41720739002106,-92.00955483595011,-91.48628153791282,-97.00039228805359,-97.59523474406697,-98.94910307874771,-93.7898542604151,-99.60912345855506,-96.75195967968162,-93.64907567459746,-91.38456341064355,-95.61734318315352,-94.23290320247408,-95.95126604490272,-94.78335402943941,-96.56268975045597,-94.23028193458774,-90.30795434371109,-92.95526527112769,-99.67132464912287,-85.26950459796073,-100.11077214496963,-100.42496954249906
2025-11-02T00:57:10,AP_24_10,2.4,10,BLE,2460.576195999159,7.5854711580844505,0.7767426682563734,-54.49280215215936,-99.87188732657134,-95.01304747202288,-95.32578100610313,-100.80195217587482,-100.91063455791758,-96.54960762040915,-96.04782753579492,-93.36163413105614,-101.6724284042663,-97.33423414518987,-97.78018598513377,-99.46663531178783,-98.3411269792684,-97.1342094358761,-96.88798316479937,-103.0149458978272,-97.51239514997062,-100.52041405430583,-95.9090442461981,-98.94978106207354,-94.04697428933714,-99.02495165286706,-95.27539495983821,-98.47870366426507,-92.07834230964825,-94.87553280944748,-98.58742863225274,-97.29937528492944,-97.8096017398051,-96.58708286720608,-97.66719682626172,-94.81291499095072,-95.20004859074,-89.61252723131021,-94.9323902312017,-92.75931300097177,-102.092019567763,-94.73571528040337,-100.94503552070708,-100.7276210613995,-96.47780328596443,-95.74136073244765,-95.55829318719229,-97.80370712209243,-97.62712795493307,-89.43873502636212,-91.78954375556464,-100.49617956004145,-92.31701019132035,-95.66170246451014,-97.11439426504069,-94.94342842030466,-94.17026984915124,-96.84817650873802,-99.21440783299697,-95.2423135170657,-94.7268826900068,-94.5870425495574,-94.99707996373355,-95.45576251698213,-95.26097873849535,-94.22145335974255,-94.97852757032807,-97.849392252116
2025-11-02T00:57:20,AP_24_10,2.4,10,wifi,2457.0,0.0,0.0,-103.92006285026048,-97.88668622988092,-90.48571552348757,-97.78805276687707,-94.83697553393552,-97.57634907927803,-97.76143830830179,-96.57940165629553,-101.52724162151318,-93.09726853438359,-92.00692127034833,-93.79472529868444,-100.14556936328724,-97.36366406154407,-91.42676473102496,-95.78504613478562,-98.27420067797998,-98.87115113247641,-98.7255263197128,-96.64417774590915,-91.32225043545478,-99.56606080399129,-93.7362424808386,-91.77167173573669,-93.51358702145397,-98.04203460619621,-95.85794460275845,-96.86248955709287,-90.20065865847654,-95.25945748339007,-96.42116851819237,-93.80066709824463,-93.9071996397111,-95.83234521510391,-93.54527449683316,-94.46872494557432,-96.92192629284156,-91.13219344626025,-93.97355102862763,-98.84964126999225,-94.12602187582856,-96.89653202854089,-101.23584235353793,-97.52216737516892,-96.37004880996875,-98.2348559972272,-99.53938555593102,-94.38431612707797,-94.57990485646297,-98.57619213843932,-96.76899790383145,-102.08204181130714,-94.56409504278383,-104.19792962959579,-96.54679546497975,-94.39997883106099,-96.4411271659,-96.21897927907528,-94.12150849914563,-95.11861900090418,-103.44668176483306,-89.53304774271334,-95.45365375598676,-94.50706902648855,-94.09498161429453
2025-11-02T00:57:30,AP_24_10,2.4,10,FHSS,2451.504188726148,10.61110311461213,0.7674180917790521,-60.01167152230948,-97.23587541042764,-100.40239808472147,-94.75025085027094,-93.27804234020195,-98.88200959260361,-95.70078838214927,-101.65172444727081,-99.45252170651304,-99.52497059594731,-100.84652500342807,-101.7086571415602,-98.08274029068951,-94.55989957268515,-96.76885053477054,-98.7851773069571,-99.45749884316379,-92.56140269723838,-98.13331758396819,-100.03394262129925,-99.03721179366862,-99.6724445086789,-101.63634288832121,-99.93546756967272,-99.11947858364447,-94.92027581529446,-106.42219201714128,-97.51234090091869,-96.56146812790814,-95.61691349560562,-102.74483757688678,-103.24470837639826,-91.81447459844759,-99.54633308498133,-102.06218926790831,-93.34879895475405,-101.88906373949038,-99.86987543072298,-95.74045954150337,-97.78959565019427,-102.06980594281355,-96.63683998894406,-98.51282502015899,-98.33567189511515,-98.9475903790427,-99.64814976514947,-100.01393159440752,-96.94504865213744,-95.26268001584056,-97.14281542068173,-93.5460489551407,-97.43494518838853,-95.02739344705107,-98.21947444583616,-100.44655706502526,-98.06495510572874,-92.47775443910864,-92.81848863095446,-92.50668318218128,-97.86440588164226,-103.9202091801736,-99.3858106352806,-94.99965106089553,-95.35266515536689,-102.8481092192808
2025-11-02T00:57:40,AP_24_10,2.4,10,Microwave,2464.829720390979,8.21861217064478,0.5764127936205087,-66.95094243356591,-100.29140218341037,-97.75794369718939,-96.57222030862586,-97.79672226027212,-101.6181298561868,-98.21411222573028,-96.93465677280518,-96.73182055924727,-96.15941569663177,-98.78757091875676,-98.71781854043995,-94.87259393785655,-97.84060409947774,-101.50279474944804,-94.6088118605992,-100.54096554642155,-95.5177029604325,-100.03797522182947,-96.22956879209342,-94.65427962313939,-98.41782553995922,-94.0056637571413,-95.57001887178649,-95.3742223054956,-94.76056931418339,-94.82947762840351,-93.09340696396906,-96.17590618401037,-102.03956931186511,-101.5791293315537,-98.2103070111747,-97.36706430416089,-98.87257294396147,-96.39316930135271,-93.14497555437984,-95.58903620334965,-96.87417630559223,-98.11010485347721,-96.37831436131465,-98.18954739703378,-93.18618076035659,-94.46672299885033,-92.88997748938502,-89.93670836492254,-97.39278138080549,-91.10407119456028,-97.74443686732432,-94.7972895267671,-99.08968048645384,-96.66484943549072,-102.14424696401144,-95.96313895080083,-98.69810452036096,-99.25172259405574,-101.29686799193587,-102.58715046971498,-98.73095781920765,-100.31172718977903,-99.14579609772763,-97.02142909100974,-92.54471530265303,-101.03358983083027,-91.43517325932473,-96.5128859476897
2025-11-02T00:57:50,AP_24_10,2.4,10,ZigBee,2467.654328410817,14.27765077277762,0.7386003132854619,-71.18902658981423,-93.44031942265536,-97.56999226001068,-95.7177265790239,-95.9683921996333,-95.42230265528111,-90.29369703385349,-93.55702043512838,-100.368282640923,-103.41915666218854,-95.48411435620066,-93.94212564410844,-100.24052370159254,-97.26683468245434,-98.38872884251768,-93.62009029947063,-92.67357864123095,-96.52093863701234,-94.99362021682512,-94.4227619916258,-104.41224068019977,-97.87685581656442,-94.20420956420405,-98.04979752790553,-99.18449737868302,-98.82644635360548,-98.3468960257117,-101.20550545842737,-94.90508224199361,-95.77126483318875,-99.27814096346563,-94.72329618516397,-95.74839972545243,-96.22543241688534,-93.36837891958072,-89.45373519153218,-94.6889394760724,-95.09863961691457,-93.96533171191365,-102.14299986534603,-99.42790963074978,-95.01004192731118,-94.02724329823148,-95.51985814890443,-93.63875191974881,-90.02611933704428,-92.43818359820096,-94.58736614187015,-99.90286199078429,-97.70838381972223,-94.35830008253308,-99.0529972121934,-97.4496723379826,-96.07838641418294,-96.03365533936866,-94.28575891375941,-89.35989542874914,-96.60846444698421,-98.93726886731876,-95.51133640316381,-91.7983673146451,-98.95174435723352,-94.90894043429543,-94.02433430307694,-98.53020485167504
2025-11-02T00:58:00,AP_24_10,2.4,10,BLE,2461.5617054018944,12.983818887877456,0.23644998942649487,-60.50239312343703,-96.05915470027894,-101.7047269351962,-98.77283879867639,-92.46432329607762,-99.28614818541423,-94.86949379771715,-102.29778706853072,-103.14358868293478,-99.4761376917502,-101.16746528284018,-92.05957688696597,-98.82929300811826,-98.25750518157332,-96.55772734299575,-93.65482296366781,-95.7429747888129,-99.55383179282207,-100.62627633211636,-101.37275990901996,-102.09878976663471,-102.09685108587786,-100.08175963704151,-100.74088889663602,-99.01854134891975,-104.77328141544643,-95.7637378346969,-99.36219486338236,-103.16417179259585,-100.45312109899184,-92.78342024087732,-96.82752339814397,-102.54101275502855,-93.19121041344289,-97.10739266220696,-97.1121743468765,-101.98534802064668,-97.76314857575072,-101.61184419811552,-102.78639951290076,-102.92460068263954,-102.74461783816167,-102.58371783523599,-95.78845251020898,-97.69358636264064,-98.9585583172061,-98.71278770641128,-99.22367010241618,-96.90409751087397,-98.29123980459887,-94.11123929705946,-99.5633235507728,-97.33840770451582,-98.95622182547001,-94.62314112789971,-94.51374005299618,-97.47592872624733,-100.54194676516622,-95.97386903423823,-92.18213763673883,-93.97845255876034,-97.25076201298121,-98.14814885544806,-93.78473471855384,-99.22522782276954
2025-11-02T00:58:10,AP_24_10,2.4,10,wifi,2457.0,0.0,0.0,-103.09547488020068,-97.25559477411566,-93.97100814423746,-96.35564222644135,-98.38702680222535,-92.05388720453769,-94.55426693234558,-95.92980002688648,-93.43937794421245,-93.39833488116238,-98.3220696714649,-97.78397122321496,-95.99586036351546,-96.92115671316115,-97.69684005258297,-94.97016181806956,-95.20795776594959,-93.1925647709784,-94.86078132420346,-93.74000803612832,-101.7164981489843,-95.63147069297412,-97.09739711106204,-97.45332824896167,-95.25950390327135,-93.19615409026926,-87.61588004035485,-99.97863750707155,-95.67444210730953,-93.07786016505436,-102.25611174903233,-97.26367356575298,-99.11601824766623,-93.6282526801515,-92.86799892131555,-97.14131913185614,-96.91576124327727,-97.41962281520502,-91.9535654432042,-101.00214368993556,-102.6762635346294,-98.61819115324245,-99.9960805494638,-93.51704376089717,-98.98857389147474,-98.62616677132398,-96.30082043468569,-93.68236767772166,-98.33111630791771,-97.95688170444998,-97.16071675774863,-91.29104507062047,-94.76908305444869,-97.15039095370621,-95.17227342746969,-93.1374695509459,-94.81456576916993,-96.95465423758796,-99.12016241228724,-97.90899234936423,-94.7286177586867,-100.01915754246065,-91.17954871952522,-99.25958226876087,-92.48244175085964
2025-11-02T00:58:20,AP_24_10,2.4,10,FHSS,2460.8260111527447,8.632395868774884,0.3592445291300138,-63.311961057635706,-94.14086756006043,-97.19731481254738,-95.33316499415473,-97.16973615699487,-94.85613632756554,-99.68998912702371,-94.88567647671087,-92.38241938479057,-98.7223659086585,-99.78229990106676,-102.17559286486818,-95.77009525748792,-93.83446091690583,-94.23508571165384,-98.40185315216118,-100.94256649176222,-100.60726432955819,-103.76508582538322,-93.80173117259852,-95.08801986001345,-95.99112419851862,-92.09995299066571,-94.46288681632029,-94.83036372472776,-101.18659977869271,-99.90872204563998,-101.24919799850811,-98.20466003541637,-101.73439242868061,-95.70627293796109,-100.79600714560657,-99.93848561638713,-98.80068504532771,-100.79638741419862,-92.74776716076707,-95.9401055537018,-95.71877221395657,-95.42783386151426,-95.09734914566758,-99.68702280537907,-98.98404452201451,-94.68260200503421,-90.73440456724015,-100.16234407333123,-99.9073668238746,-98.34603936489857,-97.73147580024063,-95.30634745419894,-94.86273922895599,-96.64675107315912,-100.09324493649817,-98.77092475941541,-98.99992836231476,-96.59308573409103,-94.06805710736059,-101.59262886548359,-95.97083933548842,-99.94306243647475,-94.9515994878095,-100.2500288672295,-98.33342663414366,-93.2950080313448,-100.5480471759587,-101.37514912075181
2025-11-02T00:58:30,AP_24_10,2.4,10,Microwave,2456.972178327124,13.78812206882979,0.5682385604093775,-54.91033257499983,-95.86181777863538,-98.5374062545167,-98.97124868870303,-104.87645862886562,-92.73183182169431,-95.57317214864999,-102.28387726436867,-95.02398248089703,-97.82976611842992,-95.1694577926126,-100.29045799260075,-94.18410549950616,-93.45837134402026,-96.23354054253656,-101.26822340472646,-94.61618885820782,-97.61216772830711,-97.74075360138247,-97.52437878538132,-100.99153220221508,-98.58173519684948,-95.95623808900841,-95.24725796307776,-94.02579900611238,-98.12291290763241,-93.95547763527767,-102.93476478503199,-92.50468168116909,-95.38869814948652,-101.50216365885834,-94.61696076777942,-99.85875058435838,-99.47826317581858,-97.44147433937322,-96.44190773787713,-102.01426565804633,-105.01998140661226,-98.92431282599256,-97.27194075273067,-96.86881686443526,-96.2738323422923,-98.20078922013963,-101.11729992318317,-95.17548724500188,-99.21179827747085,-101.69066828638928,-99.98137604549427,-95.16400753171713,-93.21160974727131,-99.16113879836031,-97.26249648926874,-94.90021157319732,-98.4964155670121,-97.35724341669453,-102.31851604553476,-95.9800591543251,-99.28733577370276,-99.67867959819377,-95.4655850961304,-97.68101546531192,-100.39696286454252,-95.50765259681133,-96.7979090820317,-95.7017653758916
2025-11-02T00:58:40,AP_24_10,2.4,10,ZigBee,2475.9510702567627,18.06281669309646,0.4710188837884188,-68.42150257328062,-94.9964103435296,-100.10653436586219,-94.28433547983884,-95.418563752964,-96.8505111056553,-92.15615937570864,-99.3278770457601,-98.21123717446112,-96.47140885863556,-101.1076781899984,-93.95778310989444,-95.34085686869562,-95.86007251847684,-89.41375808686695,-98.24809808280003,-92.82804099220986,-92.86094866353014,-99.51854548349195,-103.50940938238219,-93.0441151722945,-95.33217376226135,-97.14975622777258,-94.89640722982197,-96.35396716918609,-97.76725343945796,-96.59910899784839,-92.58066248652405,-97.47822584711552,-96.56979223435762,-102.95493064939758,-96.92225574763923,-98.69159935748881,-90.39338286935386,-99.67763112756577,-91.31814687450957,-95.86074319972269,-100.67902682725732,-93.22790403944134,-97.04363138989805,-99.7694397657554,-94.64143457726894,-91.01005401664473,-99.11001445261785,-92.28606875088951,-90.7322724874348,-94.43138087461001,-96.1304488794728,-93.34493981723055,-98.78859741517665,-97.23937337083224,-97.35600410566826,-94.99241390767139,-88.47008886924384,-93.32979421066159,-97.83562183306728,-97.17301175831949,-88.14815850822255,-98.13553692276008,-102.28506866406217,-94.88377548904404,-92.20894361094746,-99.3883264711307,-95.5311621574566,-99.1902745173101
2025-11-02T00:58:50,AP_24_10,2.4,10,BLE,2467.802888848416,4.71246247160413,0.7467128871894217,-65.38486538187088,-98.37177080528667,-97.02814590261487,-99.62889355728926,-98.26734973014794,-104.7033935069,-99.88826951008606,-97.50195561486753,-97.10374561101072,-93.73494786912175,-96.72988445704807,-95.22556993613439,-97.16869651953522,-98.25644403024648,-96.43687826580434,-96.99671687634924,-99.2880492335147,-95.13620525994476,-95.3694916103594,-99.58420474993117,-95.55882012537997,-98.38512239413083,-89.94062611904779,-95.277946967239,-89.4579110040326,-95.24647247833046,-92.73484559832183,-97.37574107999308,-99.46643599345448,-97.47892875692827,-92.56223666383752,-98.59726046666955,-91.68828839735355,-96.53760526023588,-101.49401543838488,-97.18033670842718,-96.3567241685734,-103.33009840175863,-97.07330810116592,-98.39180851410862,-101.59894796359653,-94.10811744865777,-103.44731852377633,-100.03590709364993,-99.86211137654286,-94.93283802966275,-96.9547874491422,-98.87358085935843,-95.31074760479142,-98.25447044772655,-95.66651037596414,-94.88586754695586,-92.64224012780447,-99.48756943521812,-93.99193257732351,-95.66731870485059,-95.46622223775069,-97.51954867554699,-96.5859160679465,-92.45018625644562,-99.67417469284415,-98.77208721746248,-100.16737440298232,-99.5787724947906,-88.24521487308306
2025-11-02T00:59:00,AP_24_10,2.4,10,wifi,2457.0,0.0,0.0,-104.70240191418848,-102.12762946033708,-97.7473333097393,-101.2460255691567,-96.06273166494955,-95.56780554075925,-94.62898373600154,-94.2445791793563,-101.17067413328205,-95.12702956928061,-97.1136509660345,-95.01870024692003,-95.34244877073178,-98.41656234764228,-99.20967990716787,-97.27434011453185,-93.44463478706021,-97.43168958926051,-100.2466632426345,-93.77204820690143,-93.43941428357488,-95.14731104587865,-94.7327373392023,-94.41565197109189,-98.1161596458717,-95.93847568695388,-95.81277888629535,-97.8695633557594,-93.0130045069691,-99.20009519612913,-98.50769360000332,-93.08284414596821,-99.40433561720505,-101.65648017866539,-98.58648084453314,-96.47490548071457,-101.20390367528263,-97.19771093563021,-97.83003234631781,-97.8546076540924,-95.49920272357579,-100.73394835776381,-99.06416392313146,-99.94983247805197,-100.22495285475019,-95.12023926585147,-94.82795298741682,-99.14586977193406,-93.21559004871224,-96.21720107911418,-96.52898558674616,-103.25158919906384,-96.89075834611135,-101.2711641936817,-90.40915890661067,-97.74224634236249,-94.99092860241448,-97.42317117579255,-103.87509269059274,-95.56815199851991,-101.7354949806446,-92.38159443102103,-95.66112631692751,-103.85048263280281,-104.40329657003055
2025-11-02T00:59:10,AP_24_10,2.4,10,FHSS,2457.957266532934,6.954702797125131,0.6796460466610705,-63.83764202038589,-97.89833194573832,-94.10676079448693,-99.22870556937657,-93.51674509363639,-95.88765304574258,-99.34700601929946,-102.7947949842525,-101.08634907409184,-102.68078280428449,-95.41632233555399,-98.19518411879244,-101.00549444931734,-101.98973414029173,-87.22510788662223,-98.77535452777362,-98.13857739544699,-94.85037734038437,-97.69028630959924,-97.78105525536556,-99.73911710664831,-101.00022368433238,-101.4523831392373,-92.8370885152981,-96.77884892739351,-100.74258103704149,-99.19195320340457,-98.5047989727093,-101.71411528148049,-96.54103797080475,-96.46040155737026,-100.88789394773357,-94.74416332215016,-102.50908713638307,-98.32471301059033,-99.12873885838422,-104.02252249967906,-95.68649470667633,-101.88196871741415,-98.73110754806316,-97.94665209924466,-98.57638145585652,-102.38104977607256,-98.31047108367879,-98.23954035341671,-101.39036311823997,-104.33838089422534,-99.55697639605805,-96.49203100854857,-100.82981936558664,-101.9928390257974,-98.5196034776196,-100.43977151126388,-101.70825630017886,-100.95502632988122,-97.58703801074088,-94.29534459413647,-102.00204425940643,-99.11446547183742,-105.61040650147433,-98.21131884562152,-98.83260796655416,-92.69135353037953,-100.81085599365633,-97.81157786337016
2025-11-02T00:59:20,AP_24_10,2.4,10,Microwave,2438.6621831393086,7.197478877158146,0.6607035003367367,-51.22789146463576,-93.00742896979315,-98.73203021650623,-99.6072929662717,-93.52650564688162,-96.6457191741424,-92.74624438769209,-91.6389076843275,-93.72990574876955,-90.11129505093041,-98.45542843768152,-94.12792109211715,-96.98451481821012,-99.99134185615219,-93.33122158235432,-96.54211761736951,-98.2229421456852,-101.8206494401006,-89.25763634411214,-96.6076329988536,-94.24897405855931,-93.68430927221878,-97.2961436930409,-94.40517466403767,-95.21058402099582,-94.90762182135526,-99.04488677685194,-104.22269778980696,-91.65518802184684,-94.30787188932955,-92.28745844087315,-96.23534590945371,-97.50643266661184,-96.0271663731753,-96.46009794249791,-92.87951230117773,-97.80555821546844,-95.27327593530025,-96.78479739524917,-96.61973185849612,-91.8933467236077,-96.42488648019409,-97.71296386057512,-104.37209823518927,-93.56373568323933,-102.06159702726515,-96.43389640339112,-96.4634855609493,-97.89935616219091,-97.74813661093103,-99.93124740264736,-92.10553857734556,-100.3511995417502,-91.77013592167981,-102.19245284853896,-99.28679855870956,-95.38423952512561,-92.90125866842635,-95.4285605167394,-92.85348505353682,-92.38602075065879,-96.40367534619214,-100.63823487150535,-94.23620135924742,-94.211646362726
2025-11-02T00:59:30,AP_24_10,2.4,10,ZigBee,2449.9336593854923,11.233130306736365,0.5698541708668,-50.78232566128178,-95.26855359481716,-95.57361748295439,-96.1629510719626,-95.26003642996177,-100.40273904793575,-97.2606578932088,-98.20729742180684,-99.5403957693407,-96.79186698774366,-99.17932933790694,-98.28639574666339,-101.11013645889841,-97.21186917090085,-100.56420703138654,-95.44907045301217,-97.46090728341227,-101.5275528127089,-100.37657085882262,-99.4800876321943,-97.8839447562613,-95.31122682820154,-103.0037472323035,-100.09583125940411,-100.39561359153362,-100.80953593134471,-91.78806527293949,-94.76896409865059,-100.01458359269708,-104.1297069364343,-101.9118846130114,-96.7206734968588,-96.0179399384612,-92.49937821056746,-100.17920511799525,-99.21486013974848,-96.06085523362519,-95.71622445362405,-102.72216435997558,-96.97473688784225,-92.09263116635486,-97.97700755753482,-100.42334578643379,-99.47945120793246,-102.58744737612881,-98.96598077926404,-94.65524563619832,-98.65414461056103,-99.02143614128815,-100.33613450710186,-100.31503119749841,-101.14115047890486,-97.29117018283046,-99.58938109938816,-101.24207580835161,-97.18207202596447,-100.27880769795578,-101.39180689701145,-93.8124070701795,-97.02277207720753,-99.49615206030228,-98.37078178330245,-100.93335220923176,-93.72459861401435,-98.04683552231592
2025-11-02T00:59:40,AP_24_10,2.4,10,BLE,2439.867919475336,3.524496312930193,0.23956557875659307,-65.54566839862953,-95.14565705934432,-94.71949627897685,-95.50157218677516,-92.92925367199837,-92.64033505508141,-95.91799992200737,-90.22549063661427,-93.59565969607888,-99.2158929197646,-100.34597421184058,-99.40011400375252,-92.68312352733584,-96.38954645268903,-97.7743767561679,-90.16998108454769,-90.08689601389447,-93.33109566095575,-99.08996707445229,-93.54599465690227,-92.91753312701438,-91.30571495695067,-90.42783400282947,-93.96658776200174,-95.83690261120258,-92.76893855531492,-95.17114010532673,-95.65726737888252,-101.00301710191233,-94.18929156251868,-100.74759232327571,-94.56271460528431,-95.20049730177331,-94.24220637100265,-93.07918088176866,-92.12706130480534,-95.13364425841566,-91.76400066950123,-93.40811880006234,-98.73341234939929,-93.41016827116431,-97.66492832260182,-97.56214681127955,-98.09008724218788,-94.63232929692666,-94.98439929025659,-96.7226513729466,-92.26083603331898,-96.02477794801342,-89.66304613199978,-91.26815690545288,-91.36473451302084,-92.88846674013887,-97.13094734116973,-89.97126593683006,-97.79058382962356,-89.26969974925409,-100.49101356358366,-92.65065134243535,-93.57231429506906,-95.98954005641319,-98.74735101249856,-92.7315779137009,-95.12525942356928,-94.0552557090128
2025-11-02T00:59:50,AP_24_10,2.4,10,wifi,2457.0,0.0,0.0,-105.04238249507551,-99.1829501845875,-100.69342710430983,-98.64792772217217,-93.82146543078633,-87.98536216483213,-97.25920184385218,-100.40191726464779,-107.17163519645524,-95.41630809421561,-99.82729581220156,-96.77283261535882,-97.55736301112698,-98.79298626828306,-93.60029843812899,-102.32006381676936,-99.41793438504052,-100.58630035784253,-100.38852029421012,-105.79602479938194,-96.00858666041104,-99.89937184251495,-100.84191865763508,-96.38560260209903,-106.02933981941194,-99.79773228266035,-96.83880673623389,-95.62429564164775,-95.56246861448584,-100.07958936350568,-95.19493075567837,-96.20080488907315,-96.9472482902065,-95.66055034757989,-93.80832081313018,-99.32899425986585,-103.68161017676358,-100.4416573949829,-98.40319229172322,-98.91134667881174,-97.10138746408187,-104.95561721387027,-99.56417066629238,-97.99449063831125,-99.32426508594745,-100.30012172803961,-95.6604808279088,-101.8278292791645,-93.99069353127119,-97.2285248064375,-101.69933010561107,-98.70439607936561,-92.2822889669335,-98.1536118229731,-99.17573064033301,-100.1984632953673,-101.02655857176255,-99.85727667991682,-95.21506808672801,-99.82730883876872,-92.83602944927785,-98.99812988604286,-97.03800248864458,-102.65152817081623,-98.7276179554648
