timestamp,ap_id,band,channel,label,center_mhz,bw_mhz,duty,power_dbm,fft_bin_0,fft_bin_1,fft_bin_2,fft_bin_3,fft_bin_4,fft_bin_5,fft_bin_6,fft_bin_7,fft_bin_8,fft_bin_9,fft_bin_10,fft_bin_11,fft_bin_12,fft_bin_13,fft_bin_14,fft_bin_15,fft_bin_16,fft_bin_17,fft_bin_18,fft_bin_19,fft_bin_20,fft_bin_21,fft_bin_22,fft_bin_23,fft_bin_24,fft_bin_25,fft_bin_26,fft_bin_27,fft_bin_28,fft_bin_29,fft_bin_30,fft_bin_31,fft_bin_32,fft_bin_33,fft_bin_34,fft_bin_35,fft_bin_36,fft_bin_37,fft_bin_38,fft_bin_39,fft_bin_40,fft_bin_41,fft_bin_42,fft_bin_43,fft_bin_44,fft_bin_45,fft_bin_46,fft_bin_47,fft_bin_48,fft_bin_49,fft_bin_50,fft_bin_51,fft_bin_52,fft_bin_53,fft_bin_54,fft_bin_55,fft_bin_56,fft_bin_57,fft_bin_58,fft_bin_59,fft_bin_60,fft_bin_61,fft_bin_62,fft_bin_63
2025-11-02T00:00:00,AP_24_1,2.4,1,wifi,2412.0,0.0,0.0,-105.58039654987866,-99.7009385414212,-97.12448670068923,-97.01186526763156,-95.91344700866472,-94.30971813308356,-95.59282037676158,-101.38311374232254,-101.29099988960748,-98.80771097925813,-99.9339226215969,-101.99537673076148,-99.90547193239765,-100.00393535073577,-100.59593976916227,-99.52776500834368,-95.04504399892366,-97.98268242613094,-91.16496932171225,-98.0688719918197,-99.45059387169042,-98.56799790191405,-97.81092061454804,-97.27463467836546,-92.35026257230159,-101.11635794481137,-96.00325837534545,-97.95714475703629,-103.29368977759052,-96.26830020359436,-94.77752586746695,-101.15192576121095,-98.60719815355456,-103.75645933590177,-102.35681592893167,-95.4363078170269,-99.97964606790096,-101.90680547469277,-97.89201545650337,-100.14763384417172,-99.99286152320526,-96.36241847285395,-102.0655966266817,-101.29649218792416,-98.11815657343205,-95.67216717763404,-94.8659156454091,-100.57558171096352,-95.76826564911971,-100.93282343028989,-93.10176850915826,-101.98170962613784,-94.59496011750346,-100.54985487033483,-92.54065718549485,-96.8064343633212,-101.62844613810333,-100.14711198850618,-96.23685293420743,-95.42246329703197,-98.79254332505205,-98.44642170698826,-96.30533745194646,-98.1850012688462,-102.46091112789378
2025-11-02T00:00:10,AP_24_1,2.4,1,wifi,2412.0,0.0,0.0,-104.64998134014104,-94.96626836979675,-100.36235725982027,-99.80386218198701,-97.80988236879574,-102.87405254545547,-95.16719551945077,-100.5387230025385,-99.06445440464631,-98.28982012718035,-97.53212087542938,-98.68094116941016,-97.85209448183208,-97.82886423731229,-98.99107421302242,-99.96956471305734,-94.40555956707423,-103.96319844694115,-98.26712681716948,-99.05667975579368,-96.39360687996158,-102.01285972969806,-99.14933736387185,-97.95706054211031,-94.43976050902967,-96.65342643975477,-101.20044597274763,-99.11241149630303,-94.99182728215897,-101.25230593791024,-97.88591414525816,-97.67734269771987,-98.80733051990333,-89.56272599174429,-98.88817571848368,-96.30068586203765,-99.94888470079889,-96.06673736414282,-95.03761854958523,-99.41387345037933,-97.81408678579663,-100.33582064981366,-101.08319277629072,-94.53959504264041,-99.31198417779198,-104.89081832566525,-92.35391287066017,-100.05626730932886,-98.38910047138513,-92.7272618236581,-98.07520762270396,-98.13999114674662,-101.33450047379264,-102.55448243902374,-98.14914013392942,-96.56155201791636,-96.73340511550872,-99.09376458154868,-97.58920794210022,-103.16161132612494,-96.2694802780546,-97.1657638058309,-91.72899865759247,-97.6275424008539,-100.47798939657928
2025-11-02T00:00:20,AP_24_1,2.4,1,wifi,2412.0,0.0,0.0,-106.2856432669216,-98.44164015457586,-97.98013725297645,-99.49427227452084,-99.86427714659187,-95.75884225222904,-96.22028385645055,-95.04124150836843,-98.16786021243398,-95.22765098295534,-100.53389118608284,-99.8881986253456,-95.70034100587571,-96.75537865214088,-100.15699448766628,-102.42441797498073,-99.89753588789901,-101.34024859075271,-94.11213281945557,-97.00552133636235,-101.58341099908189,-102.42061614891664,-101.62058308827527,-100.9621189823206,-99.78574444831318,-95.94200379427893,-102.18519394098061,-92.41703153238194,-102.11554397740755,-103.51278646020539,-94.22072879095118,-95.32187646741073,-99.83268966019045,-98.14164632154802,-98.06593590961556,-98.87550598069092,-103.17508188233302,-106.73154481492035,-101.81982181389185,-93.83718003280876,-93.71940275874162,-100.07115416039852,-102.15953593449261,-98.45127960773345,-97.96869968052052,-97.48348470903943,-106.86672931543438,-89.81237471544611,-95.8882192627907,-99.8792343781406,-101.44107615740415,-96.32372618468278,-97.79945942181797,-99.00920080281806,-97.91063936599916,-99.62380207959544,-98.08005646976969,-97.10655471406109,-98.25569264467552,-98.41287757195585,-95.10706286728805,-104.07696462517697,-101.6792901025969,-99.20596120897852,-101.47524601570932
2025-11-02T00:00:30,AP_24_1,2.4,1,wifi,2412.0,0.0,0.0,-104.48804405880071,-99.11718862804344,-97.24257951059043,-96.64011584141024,-100.62972190333613,-97.06521530905718,-96.2914798002096,-101.30764563089687,-96.84351513063322,-99.63779374803471,-97.11629851674249,-95.31880704977928,-98.01682112065272,-94.74779781086355,-95.11560210607966,-94.76455377302223,-96.27871423924671,-94.18574338748249,-96.33275814820998,-102.4898251578306,-99.86425602907994,-98.12181525860358,-97.74971320694938,-96.41482778106311,-99.9088996842808,-91.46191794515245,-97.79541898723565,-97.51110744697422,-99.50029138020383,-100.49817433934052,-97.86695357050719,-97.40539188623225,-97.74875634828675,-92.52257622968835,-97.8669721129342,-97.74583188211382,-95.0421576233681,-98.00124154558831,-95.8700268526081,-101.3251782738308,-101.30147762209867,-97.12186836543395,-98.18289681551626,-99.91511840348987,-97.12248885672577,-96.86074377627577,-99.61773469031526,-99.04443153201349,-96.83819441047204,-100.5512794127596,-99.30014266112575,-95.8862386371247,-97.55955214877775,-98.91965259066835,-100.19725201574687,-100.5276781141179,-97.88331050321212,-91.41060648909122,-95.79068413157702,-101.48663678748497,-95.36639555660383,-99.76470388249354,-97.5026161886206,-99.254625872252,-91.4197796201787
2025-11-02T00:00:40,AP_24_1,2.4,1,wifi,2412.0,0.0,0.0,-102.6676207587968,-97.67285814010457,-97.91670625097082,-98.72328915365158,-98.67487533501163,-97.21410538763956,-93.04418818017575,-97.82112650428485,-92.50838009950601,-91.56521720691461,-94.81233128611517,-91.98022820304072,-99.75140164478437,-97.34218047254471,-95.09937111411928,-94.99791869735414,-91.3799231842279,-98.66415680821255,-97.27848747955657,-95.92256997098895,-97.22347834412801,-98.7954996184019,-97.0972720939207,-96.40420014716078,-91.3249873629594,-98.72831648501537,-93.2220671017222,-91.85121474435556,-97.20540470609541,-94.8879414536615,-93.93981180835875,-94.43460688027967,-95.42119109492097,-97.70409850645987,-93.68025098389462,-96.79099442981929,-95.58166795752086,-95.14016583734467,-93.09965308247334,-89.88379714140316,-97.88097612020452,-95.50989659602558,-100.12087170675562,-91.22329498712514,-95.53607242119271,-96.56665334812574,-95.51094257956268,-95.35933022281226,-97.86313914677297,-92.10371009743163,-93.73340157208112,-93.31510972440483,-97.70764963470126,-97.86996194584013,-96.00827290560932,-93.26774708941457,-94.16253335137831,-98.0006746815936,-93.66433755869261,-98.58398353027671,-97.65247801329302,-95.1944506858957,-99.18204041362254,-98.5582063422473,-91.01125611709932
2025-11-02T00:00:50,AP_24_1,2.4,1,wifi,2412.0,0.0,0.0,-104.9315716556894,-97.66389914237855,-93.2247333731677,-95.50859871907409,-98.15572507063204,-100.52339207103061,-100.12458439413588,-95.08092040414483,-102.71153836411943,-90.72200241371996,-98.02692570793081,-102.06721603163987,-97.3856439799492,-100.33368964484809,-99.18853254100159,-102.4638870370606,-98.64738005472688,-104.29948502682394,-99.73116993054612,-100.41349225460324,-99.4385267452502,-100.22416965878047,-97.82967925437647,-95.2675558907223,-96.84973525452276,-94.03378569546369,-99.42715862727286,-96.95742708939144,-96.83922788755466,-94.47661651142879,-100.1229070944777,-95.56507478806466,-100.50350165165395,-99.64133246140612,-99.00754025189241,-96.5720512126316,-101.19259457810463,-100.77453322500634,-99.86676227146079,-97.78624195065886,-100.74031682589846,-97.13965652882378,-99.00506804100363,-95.95785451000536,-97.74274687115437,-92.67516817098733,-97.56813263487267,-101.58674002803549,-98.56987368656623,-97.86815137353027,-100.65759384674216,-93.38027541430459,-98.8613850285598,-99.86557753713124,-97.38694830250714,-100.65019374517257,-95.0325312213808,-95.63551428820647,-97.53969807770186,-96.15691274237696,-99.43058353343442,-102.43973046798834,-98.90839476773344,-99.43611678713062,-104.04117914742545
2025-11-02T00:01:00,AP_24_1,2.4,1,wifi,2412.0,0.0,0.0,-106.77702496103315,-101.81017252056263,-97.00906596056089,-101.05716405728772,-101.12120093801208,-93.25507501293978,-97.37906513861492,-96.54921958363076,-101.31334274825711,-103.07810395257965,-96.5766346753798,-95.30071666259744,-103.63650349246737,-101.32949672577354,-102.51979831864041,-98.33277389455456,-96.51798859389933,-100.88194908293858,-100.89064040188907,-105.64725305971814,-102.63975039129599,-95.25508175473067,-98.29903993326516,-96.99815687301519,-100.87251025628653,-100.5962097808308,-99.72117209279469,-98.80430815811258,-95.6488968783712,-101.79528293033337,-100.1912880156858,-102.15678118418647,-105.68151970128768,-97.01660672217865,-94.5346682537928,-97.48064403955955,-99.08615733468503,-94.21670878725959,-98.4003920903267,-97.36878043849224,-99.35410825911181,-98.89592812844579,-100.17588096752287,-97.27928401233622,-103.05087215493502,-98.51924465846163,-102.3361609479852,-98.24744460312697,-92.59464500583425,-97.67746997390276,-96.25525462575445,-97.0695941946961,-106.75431170370081,-100.17210751554097,-98.43340443667913,-106.04368763978133,-100.62862513972473,-100.01475642943768,-103.47179578329,-102.68609273321509,-95.7649618699003,-110.51951423877074,-98.96261895750561,-96.28631193328022,-99.8584281062283
2025-11-02T00:01:10,AP_24_1,2.4,1,wifi,2412.0,0.0,0.0,-105.24607744154152,-92.05531078807603,-100.94064581564714,-96.76188255447985,-93.66877391379349,-97.09771181082438,-100.09146686694037,-99.89982815834404,-102.43696576428286,-97.9656626705242,-97.85532774734499,-98.99815434591352,-93.97464531847554,-98.3580741407953,-102.89616102306577,-93.69664878215485,-101.69144842370572,-96.60340304598809,-96.21000043566437,-98.36097288295841,-95.32070436641764,-97.88913229173819,-99.19794234598163,-104.37311177709088,-103.31388430377766,-89.85666751939927,-95.91100744700474,-94.34752602781265,-90.56812626838871,-99.189595243759,-98.5242909133328,-103.05093047943522,-98.96952359643221,-99.04824301448214,-99.27287647622586,-94.94574512911471,-95.95305019430491,-95.33822405393059,-101.75865214194093,-98.01342147321716,-97.06920656480233,-92.49597517074055,-97.74992971785528,-98.59123523388605,-94.84030950112698,-98.87495769244944,-96.6900115165709,-96.77892739803066,-99.66049327447043,-100.17434206263272,-98.34077534123927,-99.54452859714196,-102.7410313333824,-96.08154776137386,-96.5350301443398,-100.47442204508344,-100.7654581643841,-96.78023335073946,-92.98980907292604,-95.18374938022171,-94.64416666698484,-99.15949306883095,-96.99970354127008,-98.64327763893517,-100.42429983142135
2025-11-02T00:01:20,AP_24_1,2.4,1,wifi,2412.0,0.0,0.0,-104.94987486410966,-99.54072200332335,-96.13461870151203,-95.06505573032416,-96.00790442963286,-97.32040432524445,-102.22914058377489,-92.92312926723712,-97.77404773022853,-97.01438504361981,-100.0649342597215,-98.59423477448385,-94.41172255622976,-95.60185871594389,-98.88371557781075,-93.36686429922086,-100.9776774172828,-102.99241602174892,-103.73735413395579,-95.56503145985556,-100.03806786407038,-98.37098051306279,-94.66675583634436,-96.9636494382881,-101.50823518966448,-93.07729505810762,-98.82285988401097,-98.13870647310935,-100.08834958582398,-101.29680863332322,-97.25879518609196,-102.27404327972741,-98.19911833799188,-93.19367879500996,-95.6960944818887,-97.34093028816838,-101.24478901005754,-98.13198929126764,-100.33805517556901,-93.62321319130008,-99.37169384554244,-100.3077966634614,-98.60299548814672,-100.29503738268369,-97.2429141183879,-92.48605736298869,-97.92836906496815,-100.7182097848674,-98.42394316605541,-101.76255104542918,-89.32940197375693,-92.54720890036916,-94.20881946933697,-95.69563258761349,-98.44633615828788,-98.38011906826556,-98.61102695556775,-90.8192978581237,-98.52632404423744,-99.6421383782215,-98.26350583149451,-96.39894931650679,-108.39698520739005,-96.76990525954817,-105.57740772870125
2025-11-02T00:01:30,AP_24_1,2.4,1,wifi,2412.0,0.0,0.0,-105.73198661083961,-100.36402021158082,-95.93013076221214,-103.03127749749535,-97.29891500604744,-97.51724486266032,-101.19585213418227,-99.02993630952483,-97.57111115187526,-100.80734133835945,-100.86998458953975,-102.42117185734733,-92.66494461727142,-100.13277337794301,-102.41001895667205,-104.0363037770142,-101.14031706817084,-97.93122760987808,-99.49836590038574,-97.68012030498002,-96.58613136480842,-99.18473640351046,-99.11464198489382,-94.03483070860776,-96.52205913336049,-97.5784755997936,-99.76124163380184,-96.70569560487048,-97.6750367843255,-97.7880354889825,-96.58032074297721,-97.75376539070172,-103.28972419341703,-98.5679657035645,-102.07717189905982,-96.83209909647104,-103.43730485371549,-98.82518390284248,-98.5584843063037,-102.172924251476,-98.97522935964574,-96.42880886352097,-100.401982742513,-97.86344440685451,-97.2090815802363,-101.93415837170357,-98.60802440011473,-99.36453673839868,-98.77650734265241,-103.54424510333834,-102.95407865049336,-95.07177799647665,-96.46311435729012,-98.0716795300713,-96.02709488814227,-102.70967866244882,-99.41294922782647,-99.69506721773809,-101.04254105488776,-102.13304096135926,-94.78348128810069,-100.62009886420512,-97.38006919307178,-97.73524409714705,-95.59571532493663
2025-11-02T00:01:40,AP_24_1,2.4,1,wifi,2412.0,0.0,0.0,-103.38937509274199,-96.26143697560903,-97.30203227642917,-91.28672893331347,-98.58580663273759,-100.82126818961518,-96.964435376866,-97.33830870962284,-92.77290601391712,-95.92235231114623,-93.64384541860206,-104.07059100405021,-97.39203396999021,-91.96209329368529,-99.62606303862164,-97.2269709197423,-93.87216942027518,-97.90353329827762,-94.04205515091026,-98.20176179365109,-96.50149395539177,-94.37631901588583,-99.66448462032915,-98.83167371001421,-93.64664439751664,-98.7529530288925,-96.01016628814074,-93.46782230355771,-96.11296393720556,-95.57091748722134,-91.74082025317601,-89.48730866769998,-95.98092755538494,-97.6615381597562,-93.88947014382238,-98.71984755085197,-92.45023102572355,-98.03100399306545,-97.65938960010321,-99.4675547788749,-98.93698042185181,-92.84821330985753,-95.36197575077718,-96.54725562102665,-90.2383403837536,-96.03438650034154,-96.44217775652088,-99.7277464182744,-98.81670925233999,-99.19625564757476,-98.44633475829329,-97.79314428386729,-97.24482216204372,-94.29093079508392,-96.46483198675035,-91.02491043375352,-94.49848588351172,-98.50895228550259,-95.03289294650561,-95.93567052373953,-92.19987255523657,-93.92560167003124,-96.18611011519978,-91.14361177299298,-94.71745825356923
2025-11-02T00:01:50,AP_24_1,2.4,1,wifi,2412.0,0.0,0.0,-103.45425502655023,-95.2353967176166,-96.59583848161621,-95.66936236620982,-95.52848326118429,-97.16761642626105,-96.70487873158903,-95.45417424017886,-95.65351739535565,-104.79466506462325,-96.66109055116519,-94.05460640015527,-98.62047862015254,-95.06637027086492,-93.39133298328686,-96.17402252289676,-96.08240770618916,-100.52423056574938,-96.73362576604983,-94.96112312995514,-97.76512174165528,-97.61235861800455,-94.89700898159381,-95.38691795096716,-95.05584413325988,-101.16343514254089,-95.1858286178763,-101.25973903712679,-97.26122911295778,-90.63708398524305,-94.75362708885189,-95.47438253888626,-98.9646288511392,-91.82696521879316,-95.5222593716384,-103.41363803864816,-98.49338600341257,-95.63313802758279,-97.1307198953804,-93.20585801969065,-99.84067033581947,-95.93220766339829,-98.33841094577181,-95.98147462952048,-98.10399305123771,-96.27648875243062,-91.92509566895511,-101.1938392814083,-90.27790063437422,-86.01907454302611,-97.9617080923706,-92.2590355484328,-93.763870510378,-94.14578085680668,-98.73848044664612,-99.29078295170794,-97.88770982961638,-97.7312922318168,-100.14338076994324,-98.81689375378883,-93.43427678909941,-91.8205311998758,-99.17739782261074,-89.13194455696728,-100.7605263348787
2025-11-02T00:02:00,AP_24_1,2.4,1,wifi,2412.0,0.0,0.0,-105.0602362875796,-100.02182436450558,-96.93355645962812,-94.94172051896008,-103.5391698724321,-97.53124206710483,-93.7517614136746,-96.79577627952683,-99.9375733022704,-96.21389721558724,-99.63137415011751,-95.4073123054706,-96.64633587137625,-92.33452138618114,-98.36946067953293,-96.72404129212809,-99.07726939970246,-97.73510851081141,-100.61289055313632,-94.08719102390039,-97.34640441110106,-97.95799591734644,-95.3275841687995,-93.45958122573825,-91.23995375570917,-100.59106960583401,-95.96389867362676,-95.1871468713323,-98.31692112207656,-99.97308907278423,-94.53228925293858,-100.79104624079532,-96.82209357941659,-100.14379777529076,-97.91089326490457,-102.70022591918551,-101.15810340354771,-103.48587604337098,-90.0510811022425,-102.37047218617096,-95.40922852863818,-100.32997316916219,-105.19386481218817,-97.26713406919248,-90.31959079562903,-100.39910385651639,-92.52751447769683,-92.15129685479816,-101.28407557466168,-103.24179573993153,-100.4133743305206,-94.79026757005947,-104.11092130643318,-96.5760298796954,-97.7688208809394,-100.03395507307201,-99.54037811443574,-98.60564746335993,-97.79254227498878,-93.1358508118739,-99.30635007565509,-98.34896845362918,-96.20315365821972,-101.03070664103394,-93.24179990569344
2025-11-02T00:02:10,AP_24_1,2.4,1,wifi,2412.0,0.0,0.0,-105.41206398479576,-98.7629935077181,-95.48163107402893,-91.10963418622252,-98.39185784530507,-98.29782859902235,-93.27188528879974,-91.1608061366071,-98.84112976900947,-97.42923138812463,-102.40383204378972,-100.6750228611376,-103.26849084934581,-99.30793892114792,-93.36593785950384,-100.99003413810145,-100.29609182320037,-96.97690141943878,-103.12009443173272,-97.40604128117162,-105.90072031896815,-99.19007850211784,-103.08520339889513,-100.5950642527909,-98.75332895995093,-98.73309292557455,-98.98290231327566,-91.6558199404399,-96.21741234598493,-103.42636625110734,-102.56062897102005,-94.36842367992897,-98.3747766915999,-94.58661074876179,-95.28578081206318,-99.22039858458045,-97.90790834361508,-100.14700031613683,-95.52741998221036,-97.98865169775223,-94.71101643864371,-100.41764645224822,-99.1970110190716,-100.02638413962072,-93.86786774424303,-98.50632938914093,-98.72121720150285,-98.97583627585993,-94.88080901183652,-89.4606049326721,-90.8767258963347,-96.26900169329238,-101.26322530241495,-100.16630693631627,-97.51172524887563,-105.37877241710729,-100.35751169428967,-95.79113400962459,-103.21889633902369,-96.81958380602623,-100.06909170474577,-100.33494161642871,-96.66126928932506,-93.67831200437428,-98.62501327808428
2025-11-02T00:02:20,AP_24_1,2.4,1,wifi,2412.0,0.0,0.0,-103.96781974788614,-93.42838077328058,-95.93567807284167,-99.73349878406387,-89.75460997888352,-99.47019848004622,-94.43969561598837,-95.47246762945068,-93.78439960141867,-97.24935808761313,-95.95896493316332,-98.84914419566459,-95.22666975087209,-100.81877453871417,-93.15783691984589,-89.91441650079342,-93.66376482196769,-103.18748424358213,-98.56359244021459,-94.02127455089285,-100.31860585182964,-101.00798296929437,-96.55131927468766,-98.40193410598046,-98.57157048107119,-101.15623313728655,-91.88424994650869,-99.89956569963609,-98.259986875541,-95.71022826369395,-97.65438949348585,-98.40565723886321,-94.15277127630155,-95.86719878807419,-95.99792138239744,-98.23358440902352,-100.90748483179053,-93.53432690151058,-99.14229126156629,-101.06735188952433,-98.07196645243029,-97.18717155023097,-101.21212392632631,-98.3205576281748,-97.02948710376181,-100.85543400492637,-93.64507694972183,-100.88154869104697,-95.03252070115181,-96.51945043794908,-89.35357678908466,-96.79360092678247,-101.18294423614726,-100.77730590265601,-97.92958056984708,-104.45819662264888,-101.02399714777809,-95.09943992615304,-90.47901929085724,-97.27689440711633,-100.15066869697091,-93.8820406759395,-93.05401615371001,-98.33016537677955,-95.09516177866976
2025-11-02T00:02:30,AP_24_1,2.4,1,wifi,2412.0,0.0,0.0,-101.88544891131221,-95.37672045047366,-94.6958041374826,-97.34327519795602,-91.41474840525956,-96.03535170903011,-96.97929175985001,-92.2481916386259,-97.89481557011403,-94.1111147024338,-97.52251854937319,-95.93537162283683,-94.93317757457687,-93.09492404834535,-94.85212867767436,-96.5694510041311,-93.73894427883516,-97.60688290096088,-91.67628650603447,-86.3303639387376,-94.67296431869504,-93.30878881722087,-98.53112073286155,-95.1074849020464,-92.86653524271355,-93.66864483025446,-97.01294723779722,-96.42678853203341,-95.75373718287543,-95.75205368409513,-97.28274519661143,-91.42567142512011,-92.18009674280655,-98.66259281927813,-88.74794443760429,-92.42718210532476,-96.54398445813125,-95.56601200327628,-95.3455054905619,-98.39011290333944,-100.13166592361786,-96.73180555183205,-92.09469198300582,-99.79013769942472,-95.35806376006548,-95.97750809171268,-96.42992007649619,-95.95759012821432,-92.78595175569303,-97.55251338304261,-96.15517096390862,-93.50130303743718,-97.52711216234052,-92.69418066144098,-91.09042026295887,-96.60107323995044,-91.45895183352687,-97.22260616279276,-99.60438794032235,-89.9011009085624,-94.78832925677091,-94.27841095975072,-96.69401858050308,-97.75871244833768,-94.94591351431184
2025-11-02T00:02:40,AP_24_1,2.4,1,wifi,2412.0,0.0,0.0,-105.35443565482966,-97.01705590009512,-100.0996659167318,-97.85972688551573,-96.88616941722506,-101.56671796172438,-99.30150217872843,-95.62500863881358,-94.81024464791052,-96.34818081765668,-96.3134483607753,-99.00266302800371,-99.0648572747453,-97.86352518785284,-100.81271845855522,-99.02817381697251,-98.12422236083852,-93.88093860502916,-92.41522549842819,-92.56365477934105,-101.80322464056708,-94.09702960575541,-97.66280370324245,-100.05078746296981,-99.18910665355845,-102.40177069013191,-98.39948353853575,-95.93643673880901,-101.79745545970096,-100.83700176716928,-99.13331366584158,-93.60928247865077,-105.0418117732138,-96.65212277707845,-97.37181178638667,-96.76139747884059,-104.85789386365346,-100.73191399610502,-99.97190003636433,-103.03977710748278,-92.69444022916272,-96.36952350739575,-95.48360663093041,-96.1096767500742,-103.1660372451271,-103.19789865334795,-95.05911972742663,-101.8175662887494,-97.2230689208854,-101.53695962867266,-100.98442484405427,-98.69231143560982,-101.97139956454764,-105.44504403496538,-98.15438199073431,-90.97208565709056,-96.30042659254029,-102.00003060165751,-100.34223460974357,-98.95460624735696,-98.25488944231977,-101.13037468489046,-94.70645426482147,-100.31153072599695,-98.04784334110006
2025-11-02T00:02:50,AP_24_1,2.4,1,wifi,2412.0,0.0,0.0,-105.10677201598071,-98.53819337107598,-95.68409211916645,-96.65198995318298,-98.16408455863358,-101.44793399975768,-98.28096380240659,-101.61711355157918,-100.205323658055,-101.99248223252596,-94.45329798243206,-98.45423087953814,-101.12113306692083,-101.81878888927149,-95.13821050872785,-95.83048424347207,-101.97390460755508,-96.36778086857207,-99.97767445472523,-95.77739835709107,-102.76763465768006,-98.0929516442495,-97.09677221498126,-93.51169598681189,-100.26626192092552,-101.09228956782484,-101.74359040614024,-100.82899237787039,-94.24594202316962,-101.1554771836082,-97.34575332523134,-97.38650770776556,-101.62625307933834,-96.56845105312338,-95.40764584122523,-99.79280996434085,-98.73685685178435,-99.28932518267236,-101.68499574779034,-96.9019411928349,-98.28544225864752,-97.527733315406,-104.68323048218848,-97.09036085755584,-94.28361358838599,-99.94897612134795,-100.79883449313185,-95.97855546744123,-101.87059734712341,-105.54270610516718,-97.64653727265919,-99.93893428184765,-96.24850207163198,-97.94730973083769,-96.16984535550085,-97.73638167573482,-95.61962018908719,-88.71107119986388,-99.38929324891919,-98.70231885039122,-101.48318014734498,-98.89080813658084,-98.12731999527057,-99.3473644936028,-97.86332385512034
2025-11-02T00:03:00,AP_24_1,2.4,1,wifi,2412.0,0.0,0.0,-107.02918858089755,-105.18174061905013,-102.27293264668259,-108.28763395206222,-97.72933045131562,-99.40941185349543,-100.51322834649123,-103.25830979919701,-106.4673984700011,-99.02645338055157,-103.14710252128778,-100.73348490691477,-97.87513247954853,-105.45485834968102,-99.7908005878561,-100.13135656348203,-89.49080757276664,-101.73443234308928,-106.42521825390148,-102.06355922116268,-105.24971966403865,-95.94818087853476,-95.31142855863902,-100.85007923318183,-98.49410571458172,-99.49083012819024,-100.60889641128627,-103.92780702562098,-98.15179959814073,-99.54850911872855,-92.68388327761497,-100.25517514100434,-98.68329790338599,-99.47112132614237,-101.5656873198561,-99.52944089627452,-100.6259403738904,-103.76538608809958,-96.8917323252207,-101.76634169647977,-97.58323264859048,-100.0188795467387,-98.9556983212098,-99.55910082646473,-95.79302551968051,-96.1559043094266,-99.85667668979654,-97.25484594577993,-99.72719488511876,-99.04500723728255,-94.10650071470873,-100.63271530624174,-96.95068301914294,-98.5111192129186,-100.21884605645722,-99.31002237374054,-99.29938044275265,-99.2488975467338,-98.88290298481661,-99.5253775752858,-98.98896188834894,-97.03492439777261,-96.91959551092819,-98.11954384982491,-94.82615978132577
2025-11-02T00:03:10,AP_24_1,2.4,1,wifi,2412.0,0.0,0.0,-105.38705226339236,-98.90273352322943,-93.45843114255244,-91.03934627470389,-95.48791743489355,-93.26001153106799,-102.81119821010662,-99.4703531530388,-100.88409910572678,-96.30292441796067,-94.74391546671968,-98.97653325747979,-99.20176917252057,-98.06479540026625,-100.59553697862765,-103.37243309393271,-95.42629122122791,-99.88857913656014,-99.13020289485654,-96.32629259389441,-101.55268941473493,-92.77490337485395,-96.91127270071166,-100.45672262130753,-94.95000124370556,-93.48250225009734,-103.69903140052722,-108.17859218371443,-98.99095830109313,-98.3040474101168,-97.58373975681165,-93.79797906990719,-97.48501888758288,-99.0356832138485,-95.71161266211648,-93.93141294775678,-103.55547146261449,-94.60851285799843,-99.3331822083465,-95.04837820559598,-100.85000288577329,-100.99570199570334,-96.01311102003368,-94.89305795748177,-93.9406985131988,-102.88556331979787,-97.19006617202596,-95.76940147522099,-103.01793326004675,-103.19856839522706,-97.48520969625865,-97.78172937890511,-97.5135352902202,-99.68750981970545,-99.97964734804343,-92.74090151777335,-99.52264173929606,-97.75928108966121,-101.61945998922789,-95.28258721508666,-98.33455489200547,-96.63859051894565,-93.88949965403671,-98.45354714730652,-90.74424603179759
2025-11-02T00:03:20,AP_24_1,2.4,1,wifi,2412.0,0.0,0.0,-104.60163691583423,-93.28626054263627,-97.48684096808046,-95.10731415700297,-94.1971395905928,-102.99325716791344,-97.69650890713804,-99.1497200555098,-98.70303816934326,-99.63175433790337,-99.0015862364975,-103.02596430991488,-99.42987965957657,-101.02383026016346,-99.91583362962376,-95.46106582089638,-93.63713715685529,-96.2326415346491,-96.10815843950355,-100.00820752945405,-99.89585898741511,-97.7192090574579,-97.70597204374164,-95.76828458608782,-96.25927085833933,-96.32820938139062,-92.03901201846482,-97.54182577460472,-95.61836496910041,-92.93122073667132,-96.72049127901452,-98.01356939210281,-101.08293429719502,-101.26296729739916,-95.19720767780203,-96.88395613433548,-95.21655611407223,-98.10660967273094,-99.58386383079286,-100.73708584310636,-96.96529687292508,-99.08892102246375,-99.2097245238191,-91.578210370581,-93.89090184476126,-99.09839237954971,-94.48119595181133,-98.95381884498195,-95.24376910907097,-95.2344754011071,-104.38760355128267,-98.0543666311259,-96.86778134250632,-99.29440441386024,-98.89792727074705,-98.24275308601906,-98.21974460777672,-100.62928362998383,-98.14755481531692,-100.62346901529432,-96.75387277997841,-101.55225617719462,-101.37625274890652,-92.72924835136065,-93.73915401121933
2025-11-02T00:03:30,AP_24_1,2.4,1,wifi,2412.0,0.0,0.0,-103.57331899287398,-93.59777527696173,-94.92115502606069,-96.37002181714536,-87.16670563860202,-93.69972951976828,-98.1541288073286,-95.80538118916817,-94.90713158530696,-95.16683767879447,-96.49202550532766,-95.47607706664193,-97.09846080964846,-95.61721450548613,-90.77865523004044,-95.24882629520212,-96.03242909894418,-92.46603344988314,-93.72074194675868,-97.26679992984805,-99.99982913010716,-101.03909238517568,-94.13987489783156,-88.12575946457268,-96.96510163368606,-104.30718696787872,-92.72967822594181,-95.5055062458418,-97.09475360518779,-100.25368964970018,-92.47382131637674,-96.27096424828055,-93.40274592487178,-96.41944010929971,-90.78384940054148,-95.85335918653908,-98.59451365074361,-94.84628902769371,-96.17182592038812,-99.94073913032736,-99.15963709173111,-96.26560539195432,-92.30625680415552,-98.07467203343266,-93.3230739571139,-97.02827786017619,-92.12056806142442,-90.54253696772649,-95.82737696927532,-98.28716520008025,-98.33446437254355,-93.2673106696428,-99.22918696433558,-101.59453947504937,-92.74348932876958,-99.03656098796871,-100.4953799642881,-98.82468186724904,-97.08270907182624,-100.17287695796675,-99.8714597267635,-95.71975366712655,-98.03635199960027,-95.09729439012733,-94.62251377052172
2025-11-02T00:03:40,AP_24_1,2.4,1,wifi,2412.0,0.0,0.0,-104.2743143655244,-97.76856182981194,-103.58989725033757,-96.94819915961226,-97.66149257429024,-96.29898875116808,-97.53321319898174,-102.59722370423607,-94.82894235266052,-97.0204383941997,-93.50876968500945,-103.95662122004846,-98.03629642529653,-93.63882094265794,-101.53643362808236,-94.01007995418937,-93.40952336776498,-95.72413721443583,-99.76443438206562,-100.09128905018821,-96.90148717616223,-94.86827792431767,-91.1670687705018,-95.5185373045011,-99.72262640263517,-93.40762022902402,-91.85634887829505,-95.96562888485592,-95.32947324559689,-94.4734760571182,-105.87602130177291,-96.6525284176868,-97.93249446502375,-100.29093056368583,-95.89242656318109,-96.10562905173306,-95.9359179257509,-95.87074234045238,-95.52949054911669,-96.06044189299043,-97.66581454680056,-100.45778191410419,-89.37609478142363,-94.069855698389,-94.39715800112319,-95.74212901658547,-94.27535997108384,-97.03590597505972,-95.01339857321345,-103.46427450584717,-93.50502680321992,-97.02642029591516,-98.649789552935,-96.23306775728194,-95.84873291831805,-94.52493255825479,-94.7985995237125,-92.40516449374016,-99.05295052618176,-96.46559975435211,-97.17520055175181,-102.28167742188819,-95.27133796683832,-97.26530072349556,-94.70266179524573
2025-11-02T00:03:50,AP_24_1,2.4,1,wifi,2412.0,0.0,0.0,-106.81554486866199,-96.78239401907116,-101.3715403818403,-102.40739525197418,-100.54263988543443,-99.95898749989273,-100.76969518061786,-101.94959168067264,-104.63553356626163,-99.81864997229856,-96.46516090517626,-100.8930573606924,-102.12231501351947,-100.26648640853888,-102.02631961384314,-98.60047771961874,-101.90721945983269,-93.46089956212111,-99.37389224274648,-103.65260937280742,-98.8290561060866,-103.41638828657392,-100.84548218933332,-103.48390375953771,-104.89706924867764,-95.38889879834187,-102.02307641849757,-102.033177420926,-102.99680419859021,-101.11543585800142,-98.96074294025657,-102.88510772185403,-101.86599460931387,-100.87624697948219,-105.73441013193636,-97.49028122258943,-97.24125871702277,-100.51975741468976,-97.79264529029277,-96.46504698275793,-104.67309902497983,-109.90664701987427,-98.66915319058175,-101.30780386011872,-102.43421084219422,-97.13233586777386,-96.13344765155546,-96.01908108210843,-100.24115724877744,-95.89991697210837,-102.24883362932563,-102.85415320343418,-100.39445757481178,-100.25358559641154,-97.31863667505348,-98.6149475162442,-103.26933316747623,-101.0344593521387,-99.36426172268736,-98.84598981197156,-102.15566388496123,-97.68875750383022,-99.53039857625548,-104.38415509334249,-100.37811709478432
2025-11-02T00:04:00,AP_24_1,2.4,1,wifi,2412.0,0.0,0.0,-104.37946759965855,-100.79380598103448,-100.3261311016895,-96.85378167706553,-91.65591922005153,-101.59072203570709,-95.54271464935348,-91.8498314757467,-93.810483424439,-98.24415862067991,-97.42748186264407,-96.40226729063515,-96.65915311629159,-92.5630804826379,-96.25862328815259,-96.62026336843515,-98.37014833645648,-97.91589847458795,-98.75908598516924,-94.70818261213142,-99.02542825243275,-98.49196798264154,-91.3727497359696,-98.9079328017407,-103.27445673972949,-92.2902885568564,-98.42819159123222,-94.55995564293099,-91.85788977007795,-101.64435020788261,-99.36728857564012,-96.32372115539701,-101.501650135993,-99.67898328323895,-97.50520973559073,-95.41241976570349,-98.0839221633909,-100.56470672859193,-102.89461799256253,-95.41475924528615,-94.5367582442292,-97.3580409759866,-96.56996075500379,-97.31479365041427,-100.31936629460543,-96.06879271747712,-92.97043046287314,-97.05264992128839,-95.15170149179833,-100.74524737833806,-98.84487893727186,-97.21021682165973,-93.87112178427283,-99.56753552875516,-95.695646331417,-96.2249515971014,-95.11042717669346,-99.5110606977871,-95.55987280905386,-96.08864639256338,-96.10780663904445,-93.58361076780473,-92.98392539124976,-96.67912149848733,-99.537699772749
2025-11-02T00:04:10,AP_24_1,2.4,1,wifi,2412.0,0.0,0.0,-105.12874202812515,-99.5628601377019,-94.0530945699874,-98.65959353277337,-98.74558104650787,-99.18787974725372,-102.35852068813513,-96.48414548542677,-92.2418991192311,-97.11368877659234,-100.3604112276462,-98.17888383203247,-96.15246604449895,-95.38864144701746,-98.57535181349719,-97.00619385491419,-102.9392872831851,-100.38030366218672,-95.73595179728416,-99.67155462345625,-101.58635162349643,-98.24963783047842,-98.80084101541001,-96.63770653887809,-97.57038082018562,-94.88456833939986,-102.47622883153362,-95.11292952051068,-97.35753608611392,-94.40203377854866,-95.31070233054747,-96.7911894054047,-96.27429159269715,-95.23571677529722,-100.80768800746002,-97.51531822054288,-100.3107913020899,-99.96552489247605,-98.07930272782738,-101.0544142234462,-95.69505353561487,-98.58494033326197,-96.13670247803614,-97.80272742375601,-99.0550093546631,-93.36326532646471,-98.17199836091658,-96.01044704046048,-100.39712316257878,-99.94669947350589,-100.06865851610532,-105.13374811842615,-102.83910592510539,-98.7624061532773,-97.14308263801497,-100.52908402014141,-99.11750451333815,-96.95462887455302,-102.80831577775719,-98.94820742901635,-97.11672604855036,-94.60758140428493,-104.2919992504546,-98.28802464608212,-99.70439236026195
2025-11-02T00:04:20,AP_24_1,2.4,1,wifi,2412.0,0.0,0.0,-104.58368215641953,-99.45223363762638,-100.88103183088391,-95.54583473235928,-96.67670983849011,-94.13124437955638,-97.6989129030927,-95.0036924261784,-95.74125356862658,-97.38640920464194,-97.71417305466542,-96.47557668095313,-102.58054440015438,-94.62180019173695,-93.7587465235967,-99.16092912641838,-95.54521177272076,-102.78311350349557,-99.39134079605674,-101.00747501504951,-102.69669376035475,-99.6155926841067,-94.90583054842944,-96.06280195758949,-96.50038050296013,-97.66509531177003,-100.34797327163851,-96.23311536081282,-92.2613661851426,-99.8410759349481,-92.56134797847099,-99.05133581284936,-97.95986390134685,-98.54520527504975,-98.02381344488784,-96.25793321103183,-101.89750469454866,-99.16351693878916,-94.58030517054654,-100.4055771375379,-94.14045956192822,-100.22266412749589,-98.77993577881716,-98.45237309216024,-96.23850212540955,-94.6385225012935,-96.50753947821286,-96.5026881431161,-100.63880789523675,-96.46494141624345,-88.62955590377484,-96.3111668336572,-94.00472189937886,-96.89067506624006,-96.30313027092616,-101.07298119893939,-97.55967538685407,-101.2450224972641,-101.75851757069722,-98.56064478615953,-97.20433173481128,-93.81247313928799,-96.72031393506514,-98.0732708354599,-92.12177801795083
2025-11-02T00:04:30,AP_24_1,2.4,1,wifi,2412.0,0.0,0.0,-106.64156798701211,-95.95940537042229,-98.4809177153416,-96.87964550854775,-96.18032945518308,-97.11250882921873,-98.20790438366197,-100.61687867894452,-101.40574532727663,-93.79387533125208,-97.70851910803097,-97.75445979759398,-99.58927684446947,-96.0762435104192,-95.78205660384194,-101.75419608724984,-94.7228354000774,-95.3787933437401,-106.55078027463207,-96.78401980615578,-95.35827050529619,-102.13405509431891,-94.96670904174327,-101.95726831277277,-101.12896667338283,-98.49153124609765,-99.5270775173371,-99.25122413872154,-100.89356866504411,-103.6206143673819,-99.70064641400599,-96.88171384885334,-103.43081272687392,-99.72690650795971,-99.88864315607654,-101.61654825202547,-98.48270151475488,-98.32991549761292,-102.38557665020782,-99.51393158720327,-97.57943058261175,-95.76928194344956,-105.55310560894436,-96.66722357152821,-96.11113452141217,-100.38724284071958,-98.25148765336147,-101.89742800641383,-98.92118952205772,-96.85747146545803,-94.32642013863321,-95.87010571959044,-99.27940016425802,-97.46803852230329,-104.8364816676953,-99.37581199776348,-96.89800606342529,-98.92143845990739,-101.27411454040995,-102.97887425622565,-100.41076459762871,-103.44837686214618,-94.49265950090869,-105.93632988800793,-101.7649222667004
2025-11-02T00:04:40,AP_24_1,2.4,1,wifi,2412.0,0.0,0.0,-106.58077125931793,-100.353576473896,-104.76349346385729,-97.59329680210494,-100.17390649606003,-100.83135509402176,-97.40456554161823,-104.36932033649032,-95.87470376851857,-97.7971099179975,-96.23168173257851,-95.06055731296863,-103.2617371275436,-98.5795178128601,-96.55119661738551,-101.99707378070589,-97.32011874107691,-99.5512766829521,-104.60464481314165,-91.6698434637591,-96.82819859351541,-98.162130652285,-99.84902813461457,-98.94706338432441,-101.65574332706575,-100.95361038039951,-99.84316856722856,-101.02183936032007,-99.32796922955396,-103.46546499079315,-100.49492985964552,-100.84574844054349,-100.56005156574106,-99.05618904495684,-97.2580105978741,-97.50274097413201,-105.54511570596833,-98.42160858510503,-95.61522119015719,-95.23784693683594,-99.14946768357646,-100.2318672737771,-97.34584977174619,-104.53455381595872,-101.96465794479401,-97.93985598075544,-100.96920986996321,-97.62916084769344,-100.35540857365672,-101.2682566201236,-95.68749575227173,-100.97539944074546,-99.37475620469911,-100.93535642034536,-96.00529459767596,-101.26346580799638,-102.38215086014559,-99.44670831198007,-103.8922174969014,-100.2020188087302,-99.74537990372843,-99.0148959912068,-103.52749239866155,-100.43775340796542,-102.5301831567933
2025-11-02T00:04:50,AP_24_1,2.4,1,wifi,2412.0,0.0,0.0,-106.4247100055991,-102.29362943288497,-97.21617723463771,-99.68637025575804,-98.47740805238412,-99.19164487302851,-102.19229800238983,-99.56224309723993,-102.15096961313347,-96.94735624936284,-100.16865976548979,-98.97925140890567,-96.43921026173032,-98.03596071827043,-100.85040519677894,-100.9191705880594,-95.01798500205933,-96.84582998137864,-91.91591950025848,-97.57920932205425,-96.06020266619782,-101.6463820263109,-97.94441217736251,-100.29389730556835,-105.21647549439285,-103.18043466263768,-97.82693788675644,-95.37420251282619,-99.43810398019795,-93.8225211850848,-98.9946133179941,-101.91059879935415,-101.38406203117802,-94.69499377377223,-98.4239978916406,-99.47507799492398,-99.71613126108153,-94.35167645357006,-98.4944866194688,-100.8149385042915,-101.82570414836943,-99.83802161196142,-100.79469214575622,-97.48631338323908,-103.98271618170865,-100.72691316627133,-103.0828862151644,-102.36033426107072,-95.14047016839777,-100.44361739833546,-102.34713312116637,-104.28911470357556,-98.68665252725687,-100.84516382601284,-95.96255045864478,-96.16197135925057,-98.7784763103364,-101.44852281622701,-96.98191844313784,-99.30129635881991,-99.05735861190647,-99.35123541937871,-100.18222978472475,-102.88849663847871,-96.89529129312884
2025-11-02T00:05:00,AP_24_1,2.4,1,wifi,2412.0,0.0,0.0,-104.56670850942771,-97.24238219463408,-93.68220809991429,-97.26688402074714,-99.04304458492011,-92.65694625491608,-97.84161041470708,-91.39619762346241,-96.55487141931835,-97.31148752032098,-96.22481735157777,-93.05051228710556,-102.02249025658625,-104.86889232786551,-102.51307762688761,-99.71153242467346,-97.99949497699697,-96.09915942086153,-100.40918728108777,-97.99672930876133,-96.81374765730813,-98.33606886105648,-98.16194836470312,-98.45202951733934,-89.80224389194504,-98.44542055340638,-90.47391228503822,-94.50079010388876,-95.84556840265513,-98.48077705652791,-95.7232973221229,-101.75904730307968,-99.43335227974171,-100.84363173455931,-93.5828702974767,-93.92317711824532,-96.81211475591414,-99.43793396165468,-101.18866835271766,-94.70352446183314,-98.1637006900625,-96.22104090093386,-97.14802773092987,-99.76765620472587,-98.82888302386262,-93.23856519492342,-101.62433254898531,-102.27122931572956,-99.01494959686369,-95.32340989053884,-98.18429268794745,-95.55868299100463,-95.9075544290595,-99.6467933215799,-100.71052283367736,-99.36499735645394,-90.83896714742943,-94.41685965882542,-100.15268987531216,-96.38065020522201,-94.35434665714914,-100.06141272797095,-94.09437466869642,-96.25942242377418,-95.3952990415299
2025-11-02T00:05:10,AP_24_1,2.4,1,wifi,2412.0,0.0,0.0,-104.63342290605597,-96.84507659449046,-99.49461576836953,-98.87119706540891,-94.31513653769571,-97.91344146228265,-94.27473924485777,-98.08830740470809,-95.34971864167844,-99.18923984302872,-103.90360029893694,-98.64951113338756,-98.71216787462313,-98.20791976529699,-101.60430032544534,-94.2421380817342,-94.11492020206862,-91.64183925993484,-103.7944803176269,-101.88661502011553,-95.48113809493707,-100.9155796383367,-96.072174680926,-100.01709420784266,-98.65930181568265,-96.83128677944298,-95.1188532541601,-97.62494931167058,-98.03151059335853,-97.44637355230972,-101.11540685093104,-95.57186085984733,-96.37810326554853,-96.48616545274255,-101.33506044422123,-95.32623089241339,-98.82118292579582,-100.75667840993408,-96.19693858582282,-97.37217009338055,-96.65884333762159,-100.74804846958436,-97.80080943261979,-95.78031583410578,-95.97558836634273,-102.13254709080523,-94.38042826571319,-97.30483940238305,-99.80286852803029,-98.825141051904,-103.91737885375295,-99.36598253891381,-96.665172055697,-98.04770351546101,-97.78574743088592,-96.4496424816438,-97.6366765159039,-98.9064914412601,-91.73747022369224,-99.53719133977405,-97.40884788360957,-90.8951894556082,-95.53704401134092,-91.56977866178859,-99.04270048122379
2025-11-02T00:05:20,AP_24_1,2.4,1,wifi,2412.0,0.0,0.0,-104.80352703342145,-98.1521559072021,-98.91253606194961,-91.62421805415453,-89.6639564505211,-99.00415237546603,-94.7726073990751,-97.07040659165982,-97.58177526847305,-101.21413350143837,-100.39828470179503,-96.38875359542413,-99.7762709627954,-97.52079711735882,-96.26354234709054,-101.71481936730049,-97.52867825576104,-97.27418177079969,-94.7336428535263,-97.37980457121972,-98.83321487944133,-97.03640278637796,-91.33299071235845,-98.45649897831015,-93.55769530483035,-100.72071464003959,-103.25414835079975,-95.73950289994096,-101.12743430957858,-95.9675399473283,-97.64029847208275,-95.61179603987473,-94.21470815222963,-97.15501658094932,-100.82173271048133,-94.32307438739167,-104.20626268371252,-100.31132559284498,-96.80072364304178,-96.99670203659625,-101.18642709366016,-96.74420332846194,-100.88385013541661,-96.4693306963871,-98.8241282216474,-102.84042489958742,-97.84799080205498,-91.8054733403869,-92.95310111605087,-89.2084957244319,-96.33260608143854,-98.49728231905829,-96.40614980203168,-93.4485598034197,-98.34978347118798,-99.20146990151913,-99.32044310803296,-98.23978851433993,-96.7743456809324,-92.93757485299328,-96.13353946425566,-98.42729192525132,-102.31449841277079,-93.77946106879386,-96.23868614853636
2025-11-02T00:05:30,AP_24_1,2.4,1,wifi,2412.0,0.0,0.0,-104.83257038623456,-98.44266268880092,-104.83658290075215,-98.98026903530605,-93.53103479913722,-97.74963318422618,-100.44263264014882,-93.23448753480477,-96.13314596514252,-96.13344501730303,-97.35715117795861,-98.13727105088189,-93.00003841117476,-96.09469869598479,-96.86021689614677,-91.68410243604617,-89.99581442130649,-100.66323202747145,-99.99951664193458,-101.44194845186598,-94.83611722089402,-91.0516422254685,-94.52175736444326,-92.92233206598726,-102.26472462282715,-92.13056723261475,-98.18587874098083,-98.30673906027964,-106.03874240728234,-105.12021213257187,-95.19430346126103,-98.74547834332436,-100.53002876672456,-97.82265135187734,-94.48794877639375,-100.85277100940569,-100.92672254055535,-94.82625885560476,-99.08878386366383,-99.605402289803,-98.28855358695216,-98.46777611790563,-93.71335992848111,-97.91020423344973,-95.25896704509586,-96.73320814305195,-95.56690925509479,-103.20816056741886,-99.33178813192357,-91.4084300486026,-97.34302044269896,-98.74207818821432,-99.8356197130271,-99.13924360973927,-95.1437306270936,-92.85625922561773,-94.52349075599201,-97.64349403881741,-99.44334438669762,-98.54790539856742,-94.39018135172103,-100.29896404918661,-99.29873968605493,-101.49278756256287,-98.1383536136568
2025-11-02T00:05:40,AP_24_1,2.4,1,wifi,2412.0,0.0,0.0,-105.968837841564,-95.04647383795846,-104.66673966539096,-104.07675776745879,-98.65230391298788,-96.34415975463982,-98.22924773457777,-102.66717188023806,-97.98227002188572,-100.16848625915203,-94.1213015863187,-94.84905318143097,-102.09652162568746,-92.09650355699685,-100.71734834209265,-103.36634305971867,-100.13788899239144,-103.9429450187169,-96.82266158555359,-100.45127487916695,-95.58114323865864,-100.7771344652366,-101.86600089865654,-103.62151290827028,-95.9510411910798,-100.10000784602953,-97.64363358219316,-99.53441339817945,-98.77441467363165,-100.34511305696793,-98.72287791473067,-97.57689467845198,-98.03577294921176,-95.43939895921125,-103.50447101912813,-95.37751773588194,-102.59937520114707,-98.48940989074399,-99.17470530349583,-94.360152206071,-98.48155277621002,-101.6007366788732,-91.2124271954952,-102.59909395434654,-95.17818556540806,-97.1278875530584,-99.49830494959214,-98.05711922830501,-98.75127159911247,-97.82680347759296,-100.90932341809672,-93.91098747731286,-93.87941731270297,-101.10385356685174,-96.11893559303559,-103.51282781180666,-97.7572666326732,-99.8672078070672,-97.17349930103121,-98.02396845846278,-97.34169822829527,-102.43232614514967,-96.95178055017259,-98.29689139072333,-91.63653539205158
2025-11-02T00:05:50,AP_24_1,2.4,1,wifi,2412.0,0.0,0.0,-103.62933065437966,-96.63998964805901,-95.24598406458958,-91.17023419397171,-95.91968871235014,-96.05831519005308,-103.6361898362046,-100.16843698398608,-96.01877385468538,-94.37326043967735,-93.09976270876882,-101.94616311584427,-95.79095492242313,-95.51979188056552,-99.72414939192484,-96.34293101242757,-96.44396638929618,-93.56158246609382,-95.61554515679374,-95.03658802430314,-100.81432463387189,-99.31762479043373,-95.80378428169585,-96.48214402311358,-97.68340770554873,-101.2255003563654,-95.30403701363588,-93.71236533144108,-98.17638498423459,-96.26028290784718,-102.11676173685916,-96.1187966641357,-95.5848595567289,-99.89134209857197,-96.13463186398684,-98.12886827098271,-104.77713093826713,-98.30260474207901,-90.89603405061453,-101.69141234460209,-94.90475309106392,-92.63496331780944,-94.29733302782506,-96.83589300103309,-102.19605806550962,-95.17322211065255,-90.91780964566337,-97.44566604277777,-93.45362037783055,-99.52193581182682,-95.9609834134784,-98.54384552019236,-97.61279572084048,-105.12451203170615,-93.40013762031312,-90.66890464973116,-97.9939153665695,-90.54266386417214,-97.56473976874123,-99.09437893137556,-96.80485224406742,-97.3167883420705,-95.56423494944934,-91.75213953609793,-95.59391456364104
2025-11-02T00:06:00,AP_24_1,2.4,1,wifi,2412.0,0.0,0.0,-105.12018374157965,-99.27708144658627,-100.08069253523067,-98.87004984155881,-102.89810306807067,-100.1672627436061,-98.19511010414129,-101.09782232462031,-98.64279811205151,-95.92921239330869,-105.15336657416242,-98.52512231407005,-101.73509621301133,-100.9099365500484,-99.06763476272182,-101.06785778605101,-98.4424867677788,-96.77662741879597,-95.98550041852235,-97.35933183688644,-101.93297996751392,-96.57063060440898,-95.26599013670238,-102.02041639494827,-93.61741146619623,-99.85245969852821,-101.45215002805536,-99.88086442159518,-99.44763891358987,-103.47269722773484,-100.32104434495714,-93.13939287991923,-96.98328168964849,-99.2854700641776,-97.86955292174443,-101.10273904649888,-97.46585197930183,-89.84991228199398,-96.84342170565513,-103.3905718684427,-98.78400013151553,-97.514640025028,-105.45569282527663,-93.44164809650734,-98.20284125912544,-106.30365566880376,-98.71016881582781,-98.87515736171882,-100.96698454322187,-95.72822272822843,-96.63050825547816,-87.39227754156849,-102.45404911813569,-95.11924645159348,-95.12639389337573,-101.24655399767894,-102.26461670203908,-93.23057473046178,-102.45764751603514,-100.94518780086267,-101.17655215007032,-97.38102663176477,-100.84886626073981,-100.67594835155882,-100.35540056063354
2025-11-02T00:06:10,AP_24_1,2.4,1,wifi,2412.0,0.0,0.0,-103.04723121459013,-97.35059826907964,-94.52571150470555,-100.04473926355048,-100.28217573167265,-96.580408493798,-91.16854238190312,-96.81252670549118,-95.40814094962853,-92.9795846427798,-94.25936018150173,-93.7293887766939,-93.77989915702378,-100.12705354083533,-100.4682533306747,-102.06951593935376,-89.59507250685022,-93.38438289511363,-96.91853713391168,-95.0374586725746,-94.5779802493396,-90.38728931070561,-95.99582710339463,-100.31631289502997,-94.58894221467902,-96.179588368615,-91.1536199347717,-98.79047492417958,-100.33407572084963,-92.08280956109829,-97.31201033120394,-94.20642215601346,-95.9661507209484,-94.1144693390631,-92.66224578187317,-93.49427573735245,-101.53151913095688,-99.07585373831125,-91.77511584424246,-93.76953012499737,-97.51411177805419,-96.30569482440887,-98.58441454136027,-93.8490644793319,-96.92811262502586,-98.45549312025224,-97.76277657637655,-96.9531949748895,-98.5660054604767,-97.00777024262023,-96.60960448573157,-100.7957864209046,-98.89723083258524,-92.82972688395883,-96.39894277174511,-92.35559964369716,-93.37591560742717,-90.93123651154959,-98.76965095372218,-94.28792503902373,-94.84377045381567,-98.10520747284082,-97.13960990864953,-96.51699729176377,-97.15445852926617
2025-11-02T00:06:20,AP_24_1,2.4,1,wifi,2412.0,0.0,0.0,-104.02849721766101,-96.01973634883191,-101.36753476259355,-94.5375690095173,-99.47948941154466,-100.50365860060444,-98.6411541473953,-94.70795172336146,-98.9856587619216,-96.38998414297983,-97.52717966337106,-97.2650439352612,-98.89604869040852,-99.88062537699707,-95.5327286544707,-97.40599944208553,-97.25382717154132,-96.45598388849882,-97.30091801220892,-92.08989429969049,-98.15540954712564,-93.85054430777632,-100.18624472877056,-98.33736916075448,-97.50812839679283,-103.2521777669409,-92.28554088292213,-95.84605213395497,-98.88156137765036,-104.4518725600872,-99.06447768068409,-96.80162237486016,-99.57919928499659,-94.91499316248374,-100.35681063539616,-93.5424963017446,-97.3538002586039,-100.80762584191092,-97.60802992439868,-97.11839515694095,-89.6477502227468,-94.72847530043963,-98.58816208936878,-97.816257515719,-91.92976285029297,-101.72912793495492,-98.64006504077454,-95.40060330358887,-99.58136225762894,-92.91924756074704,-97.17534176627856,-100.94454116471587,-97.48797898815938,-98.90580286255177,-95.14536804982401,-96.10093719530443,-100.67500102890509,-99.05502682982531,-97.79871137468207,-98.52132330636952,-94.25509195307924,-100.99419921646928,-93.48760848647737,-95.53065356732274,-102.0202124405392
2025-11-02T00:06:30,AP_24_1,2.4,1,wifi,2412.0,0.0,0.0,-105.1660668538447,-95.0991494638118,-97.46554706667843,-100.44353181064076,-98.60192107659049,-96.91648489540377,-96.77298310977903,-96.4448930358752,-96.4066214755677,-96.27879287401942,-98.07724282613538,-100.07357157974667,-94.13712268340129,-97.2512336736918,-96.76632646941776,-99.2297333636923,-98.11399676132575,-98.943298054897,-100.50100654539538,-100.24647386071244,-94.87029087578858,-95.75449020514156,-96.22953877781596,-99.73906604700615,-92.97590702775348,-95.45856192675554,-102.59973942160929,-98.25135908613538,-94.03938785306606,-95.19311181490083,-101.10227186163213,-96.08102094529077,-98.1608147045244,-97.34745422560377,-101.88384662542792,-96.56329821013541,-93.5608078956255,-98.60912414069522,-96.98502655609225,-100.72906016403395,-101.54142723957035,-96.79907141666942,-97.09796258477306,-95.77048270151136,-95.83572916724803,-101.41975069490817,-98.3711833065717,-104.15955583914354,-101.44990763911196,-99.53827558173214,-96.56272305432373,-98.15133622563724,-95.28158867557764,-99.14549431420818,-100.06795406205619,-97.13201519827821,-94.09717930387637,-100.33568345524034,-101.94119880296596,-97.56123522989046,-92.42430226669045,-96.9300142077299,-97.96292106159359,-99.92613562104869,-99.09607319795137
2025-11-02T00:06:40,AP_24_1,2.4,1,wifi,2412.0,0.0,0.0,-103.9115045291883,-97.0361732048909,-97.75742797406723,-95.6847999357533,-95.80496166810958,-96.84674587875722,-100.53335847462206,-95.31427593888449,-98.9290712752874,-91.36719464211335,-96.29659892959629,-97.9607206425692,-100.52825996816938,-92.63457538823755,-100.64694529913257,-97.63760456467719,-96.81923980271694,-97.52472498745982,-96.11813482563385,-99.37494530848016,-93.81332399658835,-99.14788865989854,-102.41131660286793,-94.373925575551,-98.7787987828161,-98.84476066600647,-94.388914093812,-97.78132035372458,-103.69008187241164,-94.20519373229422,-93.2502368001255,-100.79562313531939,-90.75217494288758,-94.58103672403888,-98.3581065258805,-92.13011087191339,-103.4727238508072,-97.44217392018129,-96.07748067011303,-93.53508620854818,-92.73534629689858,-96.2586345915256,-98.4345810743309,-94.15009404171298,-97.25304404337884,-98.06877344075703,-104.49575449643281,-95.34824741296464,-97.5770938036597,-88.0764099522402,-100.0019507288136,-91.54825175001284,-99.94409551156045,-95.0301131508903,-98.30556509021619,-93.47190049418062,-95.9749325524831,-93.59558382975344,-93.20065056629755,-101.33337070710265,-94.97814061098879,-93.57358446490393,-100.14409350946353,-93.95001883254935,-100.01685635770042
2025-11-02T00:06:50,AP_24_1,2.4,1,wifi,2412.0,0.0,0.0,-104.65664975091323,-95.09559086653098,-97.92850530950247,-93.39044257810106,-107.16146071859185,-91.28223268461562,-101.97487876223407,-95.11060515701253,-99.2000545191085,-95.77333293437383,-99.76476671398783,-96.86644565048596,-93.74265100220346,-95.76383262033067,-97.98429101993693,-97.61818953617681,-99.20939602853261,-96.54791706940127,-98.62749728086696,-96.55409105618577,-101.4918608368244,-100.03459660782806,-91.95666385168633,-100.25070880953281,-95.95755424241058,-92.95494996897216,-93.63263515397838,-95.91803069675277,-99.14110912712843,-96.61663008763986,-95.70477132972663,-94.04059969138667,-100.58640862669576,-98.20508397002067,-93.72646521913677,-98.70122889664617,-97.2328420634606,-98.57396228353959,-97.91560795557949,-99.87986305871229,-102.96645325120386,-100.03065101499453,-97.32190449589979,-104.92012835391415,-101.51677371570965,-99.62266363272126,-94.36481126488957,-98.01054249037499,-101.14610739925756,-98.4057944138894,-100.51592055800567,-97.95690578937976,-92.92989432599983,-99.70069650071439,-102.09911311762369,-99.78841351646831,-91.63785627201968,-99.80956013525419,-96.62098258411896,-95.31861142821053,-96.71026024569512,-95.71653820416257,-98.88658258729615,-100.54681227424962,-97.60808706864434
2025-11-02T00:07:00,AP_24_1,2.4,1,wifi,2412.0,0.0,0.0,-103.95104344723609,-92.88461538707861,-96.61392865225547,-99.62314996682346,-102.67864343134582,-96.18710563032253,-100.83763934858143,-102.24919554040927,-95.04872875957369,-94.65724744765373,-96.35232977759294,-98.63310774432718,-93.13379634246006,-97.86124062526173,-97.46986104927315,-93.68523690012508,-94.9748881576059,-93.79587096699083,-96.57813784568168,-97.95606283986494,-100.6908924641128,-102.10335888666447,-99.1154926023258,-90.79526792847872,-96.9451457409481,-98.99142645086707,-96.8140818182828,-101.41097033500265,-94.05494875325732,-100.49719996744193,-94.92985732536638,-101.79162155097073,-95.90451953772254,-97.81425272042775,-97.34176123013181,-100.33747360133663,-101.3481568682658,-94.70626481275728,-97.6314785147766,-95.01127373415127,-91.64800658482277,-101.33214731409488,-90.2105991277985,-99.75596923877912,-98.4119257625362,-97.11941603631126,-96.67678555534162,-93.16923829568745,-94.50576050101417,-98.36504703170746,-104.1570105085761,-98.21361432518624,-91.66658935034863,-99.83590264104662,-99.70935180404382,-96.80282537786915,-92.7390929889379,-100.67154682808412,-100.6197940267617,-101.36471510808613,-96.28711605332221,-97.76042567983149,-103.71473402647443,-98.55474998174157,-94.77046061745331
2025-11-02T00:07:10,AP_24_1,2.4,1,wifi,2412.0,0.0,0.0,-104.86581082260003,-96.62865659463671,-97.56727479827953,-98.68939028957669,-92.61841427571419,-97.75146916040052,-93.73853859098772,-98.28256492506914,-101.2198772415706,-101.72759155441881,-96.08276283410748,-97.45169200646096,-104.75937061956881,-98.56983801253237,-97.40300745789594,-98.371011422079,-97.7172234221983,-97.46118756974559,-94.58633523871404,-96.89095736287683,-95.26178006459016,-95.91788772720258,-96.78876768407831,-94.13145980407378,-95.88688861284989,-95.97755317393387,-99.55515482847399,-97.73937508838297,-97.01078553394575,-93.65367292960221,-102.92827948361563,-92.60695115082522,-95.03593061750395,-100.20438402983048,-98.72030101895102,-95.63972963641271,-101.281151540396,-99.26883273032853,-100.33773724309937,-98.03340977115673,-104.73677478178637,-97.78957221418855,-97.382132799315,-98.40483589587332,-100.77220353276162,-99.70458349509518,-98.14096144495518,-100.30073909553,-99.45513054841847,-99.31369540799021,-96.44327166187426,-97.64534616556305,-102.41438199888023,-103.24516058191445,-96.43512578790013,-98.46116155402903,-101.42762705829666,-96.37897666032427,-101.17512350366677,-99.36230610298561,-96.74710181991136,-94.2232135953215,-102.0157963645689,-99.74036847200371,-98.51779413228407
2025-11-02T00:07:20,AP_24_1,2.4,1,wifi,2412.0,0.0,0.0,-103.95524276093175,-90.71825744080716,-96.38130774888792,-92.80302403500234,-97.87168213174624,-96.29357150504322,-97.99577543685767,-96.75477884778645,-94.2021585877996,-95.7984448954823,-102.86135226609551,-96.16187290095246,-104.12550854859104,-94.06698022839791,-100.87357279390524,-98.60750800890075,-97.11927089116585,-94.60888712121272,-93.88450682280329,-97.33105130685652,-96.62310230890901,-95.23630613499157,-94.63047996902557,-99.0004385362646,-95.67700236107406,-98.14070860363346,-100.43563390974866,-99.59754878252375,-95.56901367255166,-99.96644518840628,-99.02702201047879,-92.96887198992711,-97.20580180083054,-99.14424373834139,-96.45456740105709,-98.61473506486841,-99.45074375138726,-92.00798221133718,-96.69656594363417,-96.4403331683691,-98.90308416962561,-98.42351045985752,-99.83268093947336,-92.05855012228993,-92.67732883021014,-91.8326129164679,-96.21787773351171,-100.60348729660859,-98.54772489461001,-95.2463018070394,-94.85928064608245,-96.8149581420242,-93.47264471903054,-97.70198320534998,-98.03889601942831,-93.93377498288487,-98.75702881337223,-93.91279682427839,-96.4027367350906,-100.57771715005501,-97.79328506732364,-97.34983000640194,-100.50856462136238,-98.96522720746444,-99.37396721638162
2025-11-02T00:07:30,AP_24_1,2.4,1,wifi,2412.0,0.0,0.0,-106.49091504912188,-101.31403327591109,-94.59338765247493,-94.59374079049233,-97.6809369015499,-103.35282854785841,-98.01238009476637,-101.19570864948166,-100.45798429014772,-101.872394823217,-99.59337653988587,-98.0383350313476,-98.6841400089509,-104.81036289504603,-105.4731948061839,-96.27181929409348,-96.84431621244316,-100.74568444291728,-103.8828308289676,-99.30845596415861,-101.89351596344814,-101.79263041906856,-104.73701031077309,-100.25157634034281,-95.91782466022602,-102.36207308900636,-100.23673331058978,-96.49455795649139,-101.71364824958724,-103.85642260780651,-99.32021592818187,-98.78686704697782,-98.7723058976864,-99.55366902375056,-101.94519846622585,-94.05661022347564,-99.72026698549553,-98.09045738112681,-95.2384600486811,-96.56734875788442,-99.96901197258497,-100.35899581882605,-95.6976202478397,-96.89914774230364,-95.69768882708544,-97.80544654985528,-102.74921781167119,-100.85192552301092,-95.80023927362838,-101.77823753056062,-101.06227018709085,-92.25681841948203,-101.33919389615284,-97.76800530563227,-101.09844135376527,-98.67431789059378,-95.60919656056866,-95.81626095320978,-101.57909902802818,-96.0224900122718,-104.20969694707125,-98.18708284527581,-95.29714743396379,-100.88714586617292,-101.88471402332681
2025-11-02T00:07:40,AP_24_1,2.4,1,wifi,2412.0,0.0,0.0,-105.28940291888622,-101.28630690624715,-100.56665556451229,-100.90434087170595,-97.07406827601923,-98.40195539693399,-95.46016632772654,-99.58815140026837,-99.6005171025458,-100.52659562322374,-98.01345912847968,-94.75989028197137,-107.42038119248056,-102.8708124603565,-96.22175052809197,-101.92503547975777,-98.24438953219575,-96.18214135615973,-95.78322377790005,-101.00737490883097,-99.72992058834919,-93.68491808755039,-96.41133883377677,-101.1789551422755,-89.13613471680182,-95.31380835256898,-100.02873752309928,-92.10975640055668,-100.23148292977004,-95.69139793522574,-94.90059963693706,-95.4223637289185,-101.90661522184686,-100.90993883128134,-95.77969720229403,-102.15399026431761,-100.15076196137987,-96.48082107958983,-98.17551648649768,-101.82328858981829,-99.84298868525535,-98.72492431913994,-94.36073135667938,-90.3988149284545,-103.72019267728915,-97.29334852119491,-93.22157200418879,-101.57081732664041,-98.16111133297848,-100.15962158370813,-96.97552557308804,-100.58375911158865,-103.28985344356312,-95.28537541390064,-95.30369467979135,-96.59194079438969,-95.30140194519255,-96.90569209494011,-100.1238189874436,-99.38733564706013,-101.83026970757388,-100.07971489366277,-99.67112192377384,-101.30202066287735,-102.42598933788298
2025-11-02T00:07:50,AP_24_1,2.4,1,wifi,2412.0,0.0,0.0,-103.53470891042282,-99.38829880748118,-95.40097331143778,-92.92909512986787,-97.60700555837646,-97.87598950222063,-102.6559288486994,-100.75720664510902,-96.48373053056785,-88.17185417142085,-92.134888039289,-94.60377119486239,-96.48893695970035,-99.0593669376647,-94.69885589817967,-96.80917367141915,-101.51576617099515,-96.10036380179099,-95.69650733493278,-91.61854660063253,-96.67107549484643,-96.216533483577,-94.08264654138748,-94.19617284864766,-94.79762917033028,-96.52399527966283,-97.86709453112846,-99.93778095089303,-89.75606529378938,-95.81466701878281,-96.3733817861437,-96.54789023899646,-102.41888707670368,-94.3049509703727,-92.38939865159814,-96.49961488121087,-96.07299947925917,-94.55810752698622,-98.26871866693764,-94.11443720016908,-100.0875497989455,-99.54085692487064,-97.12743301194875,-96.50662899072904,-98.65941201549244,-98.13337077949429,-99.23723288771511,-95.85017121102234,-96.1131136586174,-95.68150334489793,-100.97045892112256,-92.28810828153104,-95.60590405988437,-96.0885624613877,-91.84712652601615,-99.13586850574026,-99.00002161544228,-97.16964924884384,-93.42919457888412,-97.27066020660484,-93.61724763967942,-100.68940287931501,-96.05550555328588,-95.81100649954658,-100.16739156827724
2025-11-02T00:08:00,AP_24_1,2.4,1,wifi,2412.0,0.0,0.0,-108.08546461368607,-104.93674753212457,-96.62202886141138,-96.86998754959026,-96.96145339964583,-104.20002297258105,-101.21538485121208,-99.46339713109303,-103.43564905682555,-98.08340202866934,-95.79577015109831,-95.82981444439177,-103.23895159563506,-102.5621606494625,-98.50289810095875,-104.59092764666582,-94.44517779882544,-102.58225924704999,-100.59056425117758,-92.87434433357828,-99.53719762322874,-99.60520128479415,-99.65762870590828,-108.18102069859629,-95.87201514835677,-104.47863892753068,-99.26063177157532,-103.77319082180848,-97.68900825610265,-106.09275796185189,-108.07787350148311,-97.38983242304944,-100.7129997838176,-98.60629218697383,-101.36460462068413,-102.20649609371665,-100.05676591209111,-100.07748628504105,-100.11558114396685,-98.64200037455616,-99.13649385643339,-101.02261783943354,-100.66262121573271,-97.5183404710736,-108.84540038021342,-102.15875324067056,-102.75031521555832,-104.83905675853714,-99.70670577329767,-102.51912590237737,-98.73768530689418,-102.19470929896914,-101.81528221949168,-98.53559079592317,-99.92229108551079,-105.49703674291186,-105.10277487937132,-99.41067273140335,-98.14831441026497,-103.92138472087146,-100.41127714131203,-95.49712667918719,-98.96169543654038,-100.55262400124624,-101.32064492605026
2025-11-02T00:08:10,AP_24_1,2.4,1,wifi,2412.0,0.0,0.0,-103.90922736178176,-99.5388098305116,-98.04439727893005,-99.2606511527063,-102.39307780441729,-100.5151778465138,-99.09974035174837,-100.67452684011577,-95.03432629520151,-90.32907525671999,-98.21747019469743,-95.3159547706478,-94.17892435470374,-97.70666246442937,-97.6872451668157,-97.6051965912456,-94.03807011270192,-98.21295628018159,-100.13539688354864,-100.23792260199309,-100.06901465942609,-95.68547196142553,-97.63829063841209,-95.69089194755068,-97.85869910831371,-95.38745594025822,-94.89442830924158,-100.13808812845967,-101.29476120698683,-103.07748243959834,-97.94947015553333,-94.1906333557849,-99.29633620893205,-97.96514087934699,-99.33303488231508,-99.808050247773,-101.38914661682597,-97.68040475491559,-101.64799486573226,-92.19350849533582,-97.15457359014324,-99.13674493347816,-96.22891865893864,-96.76509861221025,-102.40917206433089,-92.51304719203667,-94.28786995393907,-95.05912107026074,-96.3039490772504,-99.14151826949451,-97.52558663359476,-94.6888625908936,-94.86104995069971,-97.24222467024373,-101.88624493373142,-95.55757928698522,-99.10235816385239,-96.70567647348616,-99.40818449703963,-101.04446287138998,-99.41482579665949,-98.81618638428594,-98.66565144925627,-94.05223489585147,-95.54331761274878
2025-11-02T00:08:20,AP_24_1,2.4,1,wifi,2412.0,0.0,0.0,-106.47764232770488,-101.74440463173613,-98.89698693404003,-100.61065750694108,-103.97050132161286,-101.10581952822245,-97.45270847316546,-97.57992072726175,-102.32227066553398,-102.53824593465212,-101.52192407518712,-98.02740644083542,-99.59086170694252,-95.63118466886372,-98.59443742043852,-101.81445079656955,-108.95847489140849,-95.01076202217823,-94.7024269722485,-101.43750766137383,-101.36012654699195,-106.80983602570795,-96.8059753375986,-99.05562733775982,-100.13737969808697,-102.30193682273594,-103.98544056208789,-98.31815492304844,-102.2151191310024,-98.88017897409871,-95.78360502497304,-99.45750394141575,-100.77031626709811,-97.2846189500117,-101.10947632017094,-100.22470980566405,-101.84399014048807,-101.20217624236102,-100.96367353688056,-100.24272373683849,-96.42580370937885,-100.40626237092874,-103.52966823851474,-104.4677084306473,-103.08458694368505,-96.30449434551232,-101.48094938602996,-94.85770490550702,-97.76074629539504,-98.22304518477661,-98.70754749039021,-103.51988292747018,-103.0966451375857,-100.17641753482985,-96.35627730923726,-98.91166754881993,-93.3697484555583,-99.65315774076444,-99.02229021263604,-99.7886664262484,-104.69866418349723,-96.21472267328078,-99.53132758067669,-100.11882931943802,-103.56577333745633
2025-11-02T00:08:30,AP_24_1,2.4,1,wifi,2412.0,0.0,0.0,-105.26530860366934,-94.64670917199584,-96.5948705608611,-103.48292512749524,-98.26867342917905,-97.05976075081563,-101.58527697372298,-102.6948379479466,-100.70897613463261,-98.53810441879561,-96.13478536015573,-99.72653505060424,-95.45434284621446,-99.83379775549083,-101.21133663658722,-100.08138471161557,-100.5931786679188,-95.53047734842653,-98.56182365938604,-94.3032644341505,-99.33139987333385,-97.16348383362714,-99.60884902245265,-95.9866411034083,-92.03199553538339,-100.91091335528901,-94.35892640867029,-98.20130556639828,-95.62929105719421,-101.23245667597354,-103.14619748812997,-96.494435820346,-97.48982491928903,-104.75455462499797,-104.25484289472205,-94.45413697100116,-96.53947845732256,-101.32303916440998,-99.33407889358304,-100.35428410144483,-97.44011874626277,-96.22493647532652,-94.69899449084879,-97.56799623758326,-97.65820666615706,-95.73284343674297,-99.08194183507004,-101.1386749370468,-99.40792533470322,-97.31692178123639,-97.86133992977757,-90.62631372212701,-100.53355516381248,-102.32657697437334,-95.17892636053826,-98.79378938316896,-101.5832887397523,-94.35820890692116,-101.1555190529097,-99.00296870408886,-97.59922956506274,-97.71103818025749,-95.07365195464955,-99.93150782070408,-96.88674868208349
2025-11-02T00:08:40,AP_24_1,2.4,1,wifi,2412.0,0.0,0.0,-102.96029242072021,-98.55594258760054,-96.02308055535032,-92.98577998690128,-99.4457850438428,-91.17907120650618,-96.9302629229407,-96.72358922169491,-97.62576989504662,-96.05293788522016,-96.57938075105146,-92.8614975079304,-100.52547768850465,-93.88970912547887,-100.42898511591159,-97.14684570095659,-95.82208382751746,-96.40969277337862,-97.6220809606332,-91.77974367833549,-93.9550927081749,-95.49017759383233,-100.96745330665401,-92.77492159480688,-95.6055906063291,-98.41435404614565,-94.59467833931208,-97.15560176341808,-92.63542486310207,-97.56667799618643,-98.17651665972592,-98.59748342482789,-98.430789991885,-92.881716593057,-94.81407902749395,-94.86645197046715,-93.81888154326714,-96.72384461025611,-100.12234955323743,-95.00591091411194,-94.08260551108351,-93.09621336197483,-95.85915035755927,-100.13283909619813,-93.06474174599323,-96.67013001661289,-98.7564908977268,-100.83844758518498,-95.63266711936141,-94.69434055217131,-95.37132416586019,-93.630897023211,-92.5621047605999,-98.11287067099653,-95.60489272675478,-92.54275831142338,-97.71093207102246,-96.24716151704595,-96.33603777455679,-93.38600177331136,-92.19575442357372,-98.39576854017639,-97.51578111535221,-94.83456331237018,-101.89517134010687
2025-11-02T00:08:50,AP_24_1,2.4,1,wifi,2412.0,0.0,0.0,-103.91042197229588,-99.92037791695888,-93.85064141407221,-97.68431695884631,-94.31132316521443,-97.5282471425767,-97.28954489141648,-93.68692312506091,-92.55690606744508,-101.9428112151209,-96.45303953745457,-101.87355193982557,-92.89383366781847,-100.88563951335756,-99.26241512773429,-97.81727521869321,-94.87111736723,-93.25494574591715,-97.22619938424401,-98.73107086981051,-95.61978181431563,-101.58214659990465,-97.66519759167767,-93.53924610469645,-95.86906335448576,-103.08113788039304,-94.8245691459568,-97.00646634180846,-99.30591722119448,-92.69783635183333,-99.88766875144373,-97.0801245295562,-94.80998143986119,-96.7071980170954,-96.2106598755035,-97.71343823278698,-93.14558243641024,-95.40235186721668,-101.78266010023718,-95.99864565000185,-101.41507702974981,-91.38410955309776,-93.7061748029862,-94.52672166941414,-94.84411204095991,-102.24381139020662,-96.50288046196236,-96.45238235263875,-97.97072213940312,-95.24726224150903,-97.26337855705484,-100.44153637591869,-96.00372160079515,-93.70668765043887,-97.4371233381748,-98.29664724360089,-95.22313488205386,-95.59050451998422,-96.30672402041724,-93.84921604817185,-98.2010964630879,-96.99195073954164,-97.99327201530457,-97.49578223906386,-97.17014949852225
2025-11-02T00:09:00,AP_24_1,2.4,1,wifi,2412.0,0.0,0.0,-107.5397354688981,-103.70937822535525,-96.5604095990936,-100.42146081710266,-100.87960425534676,-100.67974439516892,-104.70816187390436,-99.08026162158787,-100.39067807944346,-104.75123792872165,-100.22091663230789,-102.50882933538917,-99.69548915214374,-99.94411613808076,-97.94126567036115,-101.19194040800849,-104.29047009642369,-99.20283772576563,-94.39276510042424,-98.97313276941374,-99.8912298663856,-108.12629000693009,-102.32683379161443,-99.74711872484765,-97.24676108364486,-100.76787785095524,-98.35296803059238,-103.00665046992364,-104.72694502953398,-99.99408376573615,-105.01149695189203,-101.33848829562548,-103.51923399527168,-100.94155065359058,-104.19178112568089,-99.34378086859547,-102.87725593110298,-104.06546408050804,-102.1102813295157,-105.30990524433669,-100.97826355897519,-99.57577256578774,-101.77260015786636,-99.3715037175004,-103.35683393889893,-105.43321274845019,-97.7184013321538,-104.08123253663774,-106.0035451578179,-97.56802459945217,-96.46045238711544,-103.49549505167656,-98.73308499523972,-103.24198722418771,-102.82615107048923,-97.85280854521432,-99.26876192293801,-96.68779932544199,-103.90243956083836,-105.84633146986384,-100.36540902009286,-99.63328566128277,-99.4829879268827,-107.19994639687086,-103.0200135025192
2025-11-02T00:09:10,AP_24_1,2.4,1,wifi,2412.0,0.0,0.0,-105.54369263686522,-94.4624864653833,-102.67832126159968,-98.1322359824693,-98.08675857646135,-98.16082461885252,-94.14177428112448,-97.54017809645815,-95.13973241499629,-96.29926177870975,-98.4518171901932,-97.19695776465298,-94.92732721737437,-99.96543724650621,-100.01984682126994,-97.58899578177508,-96.7169519604795,-96.43431607634827,-97.87749039152635,-101.58396398410652,-94.57066384227923,-102.21201983614267,-99.5537371561178,-96.11376066517721,-97.71446676564958,-97.79057945374909,-98.8185931944363,-98.45425909104333,-98.40739879458246,-99.08610839662495,-95.09872637941814,-97.01761611115748,-100.81675853624021,-96.11095745602113,-98.07823777965682,-101.01075560258325,-99.30080379211121,-97.2312574640546,-97.83936009658086,-104.5151875378751,-102.28979790912649,-102.2187523871661,-98.57839811710569,-95.80653959215113,-99.21552535383329,-98.01514437562099,-99.00489984665107,-100.7982321096077,-101.94498064603768,-94.66064960967724,-95.11441440007806,-99.33532768652066,-101.64679852133261,-96.27010850522603,-99.96938702582098,-91.99368758999898,-102.46197932388499,-102.15619107233685,-105.21758144090442,-99.98856400513927,-95.67591775303839,-99.52086329627795,-103.08809983635808,-103.18198409745192,-104.0634617921742
2025-11-02T00:09:20,AP_24_1,2.4,1,wifi,2412.0,0.0,0.0,-106.46058544476695,-98.1729949145655,-104.81190239628471,-98.8888245591244,-91.84794339301484,-98.54060369907816,-99.93387066530136,-93.42053073747041,-100.21775633842287,-95.19433449288806,-99.55171376476467,-101.08505892396639,-102.85421389597862,-97.22568747836262,-98.6465892166764,-96.51121300782279,-98.96052678484533,-99.90550972786247,-98.80809005461082,-100.32558580274517,-102.719640803481,-102.25276649046033,-102.61111565680143,-96.57923325868778,-103.2309472358895,-95.70305603892872,-97.48593758316358,-94.70873308457102,-100.46101331396163,-99.668542006002,-100.5522701381846,-95.66405212805361,-100.43158387395087,-100.48491978126685,-103.0014947119811,-98.57957348692847,-92.44494228749615,-96.66180504690391,-101.8914458626662,-95.28042745083826,-101.77359311605902,-94.85432050675561,-97.67270430805362,-101.16255050575273,-98.6970664906367,-101.1497441520293,-100.05413246578571,-95.10297643831237,-105.86384050218277,-99.06100672775715,-96.17326034074244,-101.81445467396466,-103.60551379331746,-96.54626766767929,-101.09786301024177,-95.38646261708195,-99.47306105061159,-102.6271264428839,-96.64732001930459,-97.06812831362782,-96.6261994416812,-103.1204021871277,-101.06705056761832,-100.1898505895756,-102.12362634667649
2025-11-02T00:09:30,AP_24_1,2.4,1,wifi,2412.0,0.0,0.0,-104.56135551871697,-101.48594510242596,-95.96851894159343,-97.1928610566454,-97.89098597976604,-97.60695322593659,-100.692151517507,-97.38798050600886,-92.07379664614345,-100.36494129737925,-94.9619139545126,-95.13400365436111,-97.8929563440412,-94.41453790148523,-97.6584761973228,-99.11385072904146,-101.47572295902576,-97.14080616373488,-97.30571748027411,-105.19173184176506,-100.40204277576998,-90.15684464216105,-98.17731790461045,-103.9923156177767,-99.39675703572756,-99.51697609626281,-100.21209260744266,-95.30694493829488,-99.37028415588748,-94.85870423561687,-95.945118959622,-94.45344158127617,-101.98519259183674,-95.61369627749369,-100.12161517999904,-95.69955088570443,-95.5248988489518,-95.17850907958831,-100.55116135687905,-100.36216236920176,-97.09436449263953,-94.44206739174889,-106.06926439453453,-99.57928989859909,-95.81622795490321,-93.9457185430863,-94.70995807023013,-93.09178894276546,-92.72961837028868,-96.02598927854542,-96.40285857890754,-95.86632771913862,-96.54128300491882,-98.922396013847,-95.870304764283,-97.68496197520498,-94.50338109314397,-97.46874176107629,-100.48536930932292,-105.41877689865395,-96.17841223123548,-96.84150673777296,-101.15483523370084,-97.04325803595555,-91.95326885588474
2025-11-02T00:09:40,AP_24_1,2.4,1,wifi,2412.0,0.0,0.0,-104.83727876194745,-97.47812725980121,-97.75864443539278,-94.79942900209518,-97.05170740488366,-97.26383250614224,-98.70826437295533,-99.53819450973221,-102.58573485164057,-99.33633033228078,-97.71034737450118,-96.68183242357206,-101.20691482660347,-98.4634738067426,-97.48030101881714,-96.44796569932723,-95.05052924105766,-96.09137660813401,-96.85751699140152,-99.35598924252527,-92.83056806820782,-97.96451038076464,-96.62778827945681,-92.4664717683153,-99.33879856332595,-96.16563163787427,-96.97564190829902,-98.92468962433301,-99.63826650575366,-97.41299149181955,-93.41554459940485,-101.98201761820769,-95.80287049840027,-96.63074065525743,-102.54772592867891,-91.94907689853119,-94.13568074475818,-95.90815536751954,-97.35938739897435,-97.170536273319,-100.35757560922036,-92.7599045600179,-99.3853836146584,-100.20817799121393,-92.67657237008463,-100.12690505019387,-90.75035895193855,-97.5753262153599,-92.98168747410865,-94.53052739376791,-98.59211088358366,-96.51984500304653,-102.43384937485379,-98.19556607608095,-98.65888716569049,-94.90589261569059,-97.61972184914252,-98.69416111530624,-100.09543349994107,-99.61935854260773,-97.86569792983501,-96.81180453232723,-95.57384295436039,-91.30190644893564,-96.97976626225518
2025-11-02T00:09:50,AP_24_1,2.4,1,wifi,2412.0,0.0,0.0,-104.43661909220857,-95.24360590465939,-100.08459552447007,-97.27683693595205,-99.74511957107647,-97.15752314747662,-95.23884280410772,-95.84891398122076,-97.70521546032239,-97.14018232465277,-97.38198644447468,-94.45244221000002,-97.20448850749717,-99.37943066327998,-99.27106373290783,-96.15944368707392,-95.92983326859809,-98.40057206897065,-92.99925677792389,-96.5612854596059,-99.32195734034995,-96.33700458138209,-100.72342901402276,-95.68986391981234,-102.5296126632972,-93.10436730559007,-99.51122967917571,-99.32119859969562,-100.38450922185142,-100.03530213041329,-97.33035724744668,-95.699769220278,-100.5443729634027,-97.52523635939872,-101.67407253303804,-100.66074745432793,-96.21627900697735,-99.99054824062627,-97.66352248732292,-92.21224585729958,-93.55483559294733,-96.59747521155337,-96.37139511964777,-94.51034558985195,-103.4349782909374,-95.40038650953025,-91.24911280422802,-96.90941415380718,-98.36092568957088,-90.4632030340936,-97.65245933611988,-97.13383638424456,-97.8494724991549,-99.61095776185788,-89.9694709967421,-93.59604631298498,-90.89030529861344,-101.37331418662662,-93.88772694466552,-103.30820703224701,-92.6239471444758,-100.22476209251069,-99.42322232076549,-96.11466879107309,-95.94268639659434
2025-11-02T00:10:00,AP_24_1,2.4,1,wifi,2412.0,0.0,0.0,-105.59112147815813,-99.3424887617025,-101.02193854416748,-98.54769085096599,-95.2013138625547,-99.60395127085341,-97.47937977219448,-96.57056893650721,-95.31351730659932,-94.84865215382119,-104.25815272068805,-101.80047468838453,-101.62035265001207,-104.88075592662149,-100.9297425506928,-99.17720215803736,-94.25542541536248,-101.66978166772721,-93.94312168546395,-95.94365399644524,-101.21454036390233,-98.84009541608853,-100.23252719656497,-100.4219180163836,-99.59547282241608,-97.78889403676523,-98.92004343816285,-98.23823145159167,-98.5950174058692,-103.49409090889401,-98.51987689295237,-96.98035705363672,-94.5141554978258,-96.78660896172725,-97.38023070241456,-95.50084987593132,-98.19720950813418,-98.1844183135304,-104.39594329845725,-99.86860299900586,-96.83402876898589,-100.47985898035792,-95.48985477039531,-96.38732146655309,-95.15892466590726,-101.94839165039693,-101.3963784478882,-96.01837403696557,-95.89048298032651,-100.72955980616311,-96.97856965268878,-96.54417256606969,-95.90080830454069,-100.52694406883249,-97.32533260728187,-103.18746499392174,-99.7660633788958,-100.89341446299333,-100.18498778063045,-96.77028473157645,-106.57803757291815,-99.01492416557991,-102.44873569457559,-97.00124953942745,-99.76239800078432
2025-11-02T00:10:10,AP_24_1,2.4,1,wifi,2412.0,0.0,0.0,-104.7926131973617,-99.3728409080037,-100.50367481436473,-100.36839023188531,-98.82967585894511,-97.68216830669743,-94.27860172367637,-100.44962241137044,-99.00655451057743,-93.03743274036891,-88.51379554282222,-100.97007371453155,-94.5999164551755,-96.99037371870276,-96.52922004279154,-98.16236504892322,-97.20266932000105,-102.10944660497286,-94.73326141117786,-91.86262926797343,-95.00377031279697,-91.35440734450218,-91.13553256600224,-96.34459908674543,-87.89499145536304,-97.50594919620178,-94.67013434297783,-99.75223372171513,-103.50413827830366,-95.13116126914285,-97.82351538603116,-101.80424247242404,-99.39146728963219,-96.28025834854027,-98.67611449813595,-99.51860803711914,-96.23045137703735,-99.35215289096602,-93.73831727126712,-98.10440808226639,-98.82685925288563,-92.9092438192227,-97.71371042304399,-99.37476497244648,-104.83365385602757,-94.84495005978461,-94.05119054238945,-97.26681782506571,-98.18742974740672,-100.11509912847248,-100.82607734632528,-98.21246915957333,-96.40700532233879,-96.29415558853145,-93.95346559277372,-98.43903313407439,-93.77372914663002,-98.57888223779497,-98.42730731620502,-95.82512571768585,-94.07490245174039,-100.86346907074096,-95.63567903934315,-99.22550278985585,-101.90408932347228
2025-11-02T00:10:20,AP_24_1,2.4,1,wifi,2412.0,0.0,0.0,-105.76927047611626,-96.67957066408927,-101.02443848431578,-101.26316334170453,-98.98677669177282,-99.2044134856714,-96.30593737873699,-93.55434503808634,-103.17665403924848,-101.94948721502945,-95.43577435673541,-93.99558713760699,-97.38381819731559,-100.85971991883089,-100.79919385790728,-94.01960366483489,-102.5101096390069,-97.4477560134034,-97.98273801265931,-98.12617122952402,-96.4305245018705,-96.76458907076585,-99.17585650849492,-96.3936248777233,-98.50476916165603,-97.97977166789033,-99.7033202182159,-98.16914592250863,-96.62333629285574,-100.76409385258445,-99.5580547232761,-101.24172157430148,-96.69897873980673,-94.67597218579209,-100.53311673166306,-94.93709918941892,-100.66643839041133,-96.60371956175783,-100.92978715941356,-100.99563668714426,-97.93475087806101,-99.5016284002649,-99.2210363759683,-101.81115364766053,-91.06097038716516,-103.98154585430586,-94.77640508458468,-104.15040644405097,-99.01759977938626,-99.1875456587045,-91.83061060930835,-99.41493278215324,-94.20656573011452,-95.63753126186526,-100.45287121993083,-98.24990151632558,-96.70201022922146,-99.89859483474247,-102.04229104241276,-92.77666963313368,-98.73006710581106,-101.73234716225566,-101.18037120998797,-95.28251421326645,-99.96485073729842
2025-11-02T00:10:30,AP_24_1,2.4,1,wifi,2412.0,0.0,0.0,-104.60997288139829,-99.69819974690503,-95.8769996544384,-99.62924450374673,-100.01497942018257,-95.84248209082216,-96.71197145472718,-96.99572714627185,-93.53007256266822,-99.04388052506818,-94.59659213971875,-100.41694442420925,-97.77251028859115,-100.29105745406292,-95.80674125793104,-97.92474685457583,-91.4792077716381,-96.37831108303742,-98.05541982686184,-99.53560731107468,-99.87556490127027,-103.21848552804853,-100.09298563482909,-96.36099793324861,-98.9809994861759,-98.72423741276639,-98.8155975846264,-89.298038960557,-96.15260718544737,-97.91993989012664,-95.7629660019417,-96.41805325351572,-97.1039278070704,-98.42636372097017,-97.2493933592096,-101.12195583259815,-99.35227327639156,-98.6266210398308,-92.91151688729431,-97.32071761995932,-94.71801791404074,-100.50394112040624,-96.5797600953268,-94.23251354961853,-95.72931019637437,-99.70098983822766,-101.06866346406548,-98.83586700672944,-103.76540636371644,-100.62331390586291,-97.11067469212817,-99.8265036387242,-99.5292984539935,-97.53133686124323,-94.5689388230028,-97.84079240304864,-95.53573554829782,-99.31642956940394,-95.69800179802536,-98.76768366973008,-95.39496318874792,-99.27183554134706,-94.17338435576119,-96.22991242118611,-98.9479943124614
2025-11-02T00:10:40,AP_24_1,2.4,1,wifi,2412.0,0.0,0.0,-104.42211800742609,-98.36215205867967,-95.96304750585689,-95.96824535683959,-97.73243516761165,-98.40063200185456,-96.1380427266372,-97.35933841835114,-95.20380433730996,-98.42900644067124,-104.000944323215,-99.04016002219566,-100.08954721323587,-97.74140695034674,-94.24728705692351,-92.1667124553293,-94.68378610661648,-96.49986247449158,-97.54238265418957,-96.88765236689231,-96.16438774940131,-98.8669926943816,-91.83811463794352,-101.54952758407312,-94.22474678589663,-92.35596111301571,-101.30950188022224,-97.47419688367196,-95.26732423279277,-99.54856578328067,-94.50967485390466,-95.27335845978169,-96.47065087550601,-98.50827559459651,-95.3434675271075,-94.90725875979989,-96.57914660191395,-96.44306691934574,-99.07398885030011,-96.09103307075054,-96.55922566314526,-100.33831995286026,-94.77456499987305,-96.20298474034736,-93.24886535503714,-95.0947593609705,-98.25906342337441,-95.3294782664097,-102.80677895818533,-99.24727924012163,-97.01576394488303,-96.43032986136342,-94.45235644140278,-99.27301530205682,-100.96098817657409,-93.89252792654175,-99.71077907954917,-98.22399582908893,-97.76650137648849,-92.78712913684885,-103.24017686527331,-94.61162203354493,-99.25630097228023,-100.35832766044705,-99.99252458507054
2025-11-02T00:10:50,AP_24_1,2.4,1,wifi,2412.0,0.0,0.0,-107.45598365961492,-100.50872903299073,-102.46225286984551,-97.97724144800355,-95.64744004523274,-102.97048836326154,-100.58426914062248,-101.79237901231828,-102.77767742768647,-100.26480925964361,-97.16453072897632,-106.65989097791248,-97.02590244101303,-105.92139545949114,-98.24180203929002,-99.44714974096411,-104.84387291057526,-100.56778610875051,-101.51134110582404,-104.44391134125672,-100.44293910387456,-101.34310627053182,-105.69010871727099,-104.58479148845852,-103.5668192251286,-101.77079209453971,-101.10481578104114,-105.00037820826165,-102.0712077280075,-102.17882018845597,-97.95820227742901,-100.3311953241405,-99.36852630999887,-103.50977786239748,-105.84881299149046,-101.98110669698927,-99.62183880040614,-98.16599101167097,-99.93345051873223,-100.39634097166477,-100.12548250270477,-93.97020100434045,-93.24570950613428,-105.0275165410283,-95.83903093187105,-99.6451191910895,-96.21872273008293,-96.40507370132478,-99.91483627708705,-100.11389139957654,-102.10019717375239,-100.22074530948899,-98.23585734231708,-97.12631913092999,-105.10440394411134,-103.45638512641466,-103.08013241318854,-102.96082220058452,-101.40219703610188,-102.49497301712414,-99.25920722700823,-102.2736782388542,-103.51904127370618,-92.63848719254179,-104.46671204576444
2025-11-02T00:11:00,AP_24_1,2.4,1,wifi,2412.0,0.0,0.0,-104.82975503401589,-97.41432254371846,-101.30146415770419,-97.94130464876352,-97.57258834397331,-94.06927750062079,-93.30644158141966,-98.20748859750145,-98.53774868841421,-98.64826271396029,-97.51882919715743,-94.04691630407345,-97.74549001154736,-97.9304105655955,-95.98901209274746,-95.42812991617592,-98.62021739971378,-96.6424828905318,-98.144796799634,-97.96561010156286,-97.42557797083087,-100.57566049220489,-99.30335205383423,-97.98648542682216,-99.19327185472011,-99.90386784067859,-96.13579167380396,-101.87997887854499,-98.92286658874075,-98.42390110591118,-99.31042442557421,-97.68764975229699,-94.87593320311437,-96.84478206211973,-102.48738965915607,-97.87290320099281,-101.4727234002537,-102.59611919444474,-98.15798960753874,-102.63296224229974,-101.60745004749636,-97.59449353923023,-96.24146050436745,-94.53545071389688,-101.05204306970853,-93.43663441540592,-89.66726515938817,-97.77509393867165,-103.95984113406278,-99.54794004563468,-98.40950644211878,-101.82779310506102,-104.85001588228151,-96.73824656406869,-98.79794329615319,-93.75840215758937,-95.21493570294098,-96.08633170239719,-99.91413429599434,-97.08266178814357,-98.47272111521511,-99.26883135173182,-102.90135938643898,-97.99752316404282,-102.09251840263006
2025-11-02T00:11:10,AP_24_1,2.4,1,wifi,2412.0,0.0,0.0,-106.09486718931355,-99.63877361340498,-99.54294238336134,-100.5099620215944,-100.92955898452476,-98.93742842780469,-102.11643557524062,-99.94160888436298,-94.83698854128119,-93.84853799341339,-95.699261421659,-102.95280117535863,-102.32561656144658,-96.68212833254769,-96.97549990227843,-105.11095530267046,-97.1463023795583,-106.29811737079622,-96.57373027276331,-102.40011844355104,-101.69262543794581,-100.65366386297141,-103.14487930251663,-105.42377788129268,-100.1730261992343,-100.51476863681374,-99.6483904140881,-99.25232988726856,-95.46609635395397,-95.17077003292877,-100.15323257268608,-99.34635592781792,-97.72160395927922,-104.84693627385018,-102.64031514328289,-95.38405658334511,-100.6823843860733,-103.09448023704684,-102.61188493302781,-99.71820433777306,-102.44715813057091,-99.60957046251717,-91.88100735581695,-101.32371192657355,-99.6621553952911,-102.44197642947911,-102.49554454521764,-95.6708793690522,-98.036749897389,-97.33659342516633,-96.98209109569346,-97.43316744974105,-101.8109761197814,-101.89936498094077,-98.8626927416503,-102.45274323693711,-95.24815307246776,-102.67747501766642,-96.00141175136612,-97.88284234344468,-95.84784852783417,-99.475608511979,-101.44186282099776,-93.98833763834104,-98.54732665969105
2025-11-02T00:11:20,AP_24_1,2.4,1,wifi,2412.0,0.0,0.0,-104.29572414372583,-94.38359550046385,-94.93765310206058,-95.06104278005108,-99.41093338467269,-98.68161721987313,-98.04506634013362,-94.16114700276856,-100.50297931388772,-97.4492544233869,-92.84886449894215,-98.26383322712324,-97.71382683241751,-95.53938862946937,-97.98148434963264,-103.5099734642269,-99.2151787168661,-98.97336742172446,-100.15891670731988,-95.1607273206879,-97.2338576153295,-97.63577796940503,-99.94692247003847,-97.84356761972808,-96.98648705477108,-93.83183393173222,-100.26938518366188,-91.65283589717177,-103.2216810923665,-98.09351761256417,-99.34553564111393,-100.13173832803432,-95.57434924705603,-98.02678314632952,-98.62984765199295,-98.13376851415842,-97.85662598141626,-96.26838843805915,-96.50056907022125,-93.09888815436844,-101.71359224087578,-96.7284026685929,-95.96394050211616,-92.76136284915566,-100.54510044710901,-97.45235820584605,-90.76980359445818,-95.19246081903553,-99.93961414122067,-97.30925752739395,-89.08268394730933,-99.247712941012,-97.3928990253698,-94.97739742387844,-96.35757350096901,-102.37489858014295,-101.15136711269386,-96.96098856401355,-99.72106909592709,-96.20324401974628,-95.90841649923851,-98.32850125985951,-89.5458973174583,-95.47961502378078,-97.96120034465096
2025-11-02T00:11:30,AP_24_1,2.4,1,wifi,2412.0,0.0,0.0,-105.61513244240335,-94.24117139641925,-94.53592190015215,-94.26496120529626,-101.55712860604702,-99.04987534537185,-99.50262810885894,-98.76427803822006,-96.58818212340475,-93.0487874338509,-99.90130522626477,-97.41597297388192,-98.7720435659187,-100.31532287060412,-92.71652376259989,-100.35947874762195,-101.82970415645977,-96.93190402019783,-101.28958981144963,-98.54534175653444,-96.01347604373697,-93.33534869126909,-95.5917271399201,-96.2230433772729,-100.73738423577139,-101.04306519006636,-97.4243815704593,-103.28741376359991,-96.97471970053329,-99.35471749780115,-97.23042739394877,-92.85263728991653,-103.31367580562771,-102.62708814181894,-99.33297975106258,-97.59331688470137,-96.20565339531855,-98.42053206933568,-103.0778692701058,-101.62673509173726,-98.87791146166052,-98.45699341955209,-95.61967823195701,-92.8066602981286,-96.4539622765923,-101.06223454634116,-100.30244128674043,-101.20405889435615,-94.96368380380927,-97.90885400805968,-103.84108986055548,-94.0894336325073,-103.71823648489757,-91.4816875427224,-96.68972919945904,-98.51214479440243,-98.9354568893983,-98.9200799473229,-105.12934724046377,-94.79166647648054,-92.09062100889824,-97.21141342117461,-99.85391098156049,-98.25578388438157,-105.41320867261015
2025-11-02T00:11:40,AP_24_1,2.4,1,wifi,2412.0,0.0,0.0,-105.9289860270744,-100.01423887926292,-103.50039000977625,-96.54209682199658,-98.42384943541094,-96.76567383083379,-99.67878742125703,-97.17321295665701,-96.66989427963375,-100.15259551937315,-97.89969274307015,-98.35512910457028,-102.02226362902874,-96.8676278951177,-99.35217014940017,-96.99007439462673,-97.13785831286339,-102.70047434727385,-100.62904193863677,-101.37540332633297,-98.62457205870409,-98.39007242591258,-97.8549828429559,-101.17396031701436,-102.52722093489105,-101.78096444506207,-96.71019418360808,-101.87274959653539,-98.42616399623452,-98.39317579147782,-96.46094219341028,-99.76684495947417,-94.59745004438521,-100.56250632093412,-102.36717934944168,-95.06555728783096,-96.52840141855204,-96.2378379041185,-99.38808287211444,-99.1354501776724,-99.01748543489063,-100.66283953198287,-96.19623177820499,-97.49014610568976,-96.97425043624547,-97.71125933205329,-98.10995070884121,-97.84256105780001,-98.48615257086718,-101.15718397239488,-96.91404594594982,-97.38646859497364,-95.98742420147536,-100.49944437199677,-93.31398322209643,-97.26258056551107,-102.84305951090928,-98.58560937114443,-104.29348039666968,-104.71409137306914,-98.05086251902944,-98.02973492163967,-95.56115619927947,-98.89496922532216,-94.49288557856909
2025-11-02T00:11:50,AP_24_1,2.4,1,wifi,2412.0,0.0,0.0,-102.92311106417843,-88.02018869038517,-95.10937071961122,-101.83795241258355,-94.55106869433396,-94.67701146557933,-97.45745837494991,-98.83877040460416,-100.3380504012632,-100.87863461272737,-94.48327339653548,-97.70899530173261,-98.10083358229014,-96.7539200061317,-92.50979543560533,-91.48977622716005,-93.35126225913258,-92.08018802595464,-95.49285214965649,-93.25030055484024,-96.79263414083348,-94.58318691990553,-92.0141601004303,-92.56630682968735,-98.37325202316865,-96.85437052294337,-96.5394549457451,-86.59399906823683,-98.488149111455,-92.92268228213516,-97.08893818383359,-96.14006626294889,-94.42400881388201,-98.18042785034498,-98.15513773892522,-95.56659994208717,-92.00588526640531,-95.56498773829352,-93.42933571328916,-94.97009486394099,-97.61375531757535,-97.98851714827428,-100.03004545349808,-95.85364310714272,-100.33340974290788,-96.63067253195291,-92.77612856088584,-93.75258311099624,-94.91407255279488,-96.06215602105011,-101.9358445593079,-99.53792201564393,-94.77312345317895,-93.38020312076175,-89.42831776960753,-96.31124648172897,-99.12610076612661,-100.07832994561191,-94.35518359432184,-97.00528497623219,-94.70293834156367,-95.71136276643269,-94.74593001135952,-94.85722091408257,-97.8898947374994
2025-11-02T00:12:00,AP_24_1,2.4,1,wifi,2412.0,0.0,0.0,-105.0351848576036,-99.10016851911044,-98.82595009975861,-100.0165234683858,-95.73052655880016,-99.75198243356311,-93.67702429824425,-101.09300541821197,-99.71745504173462,-103.11546230243475,-95.16401603078671,-93.75930063020812,-94.45740867930652,-97.18089501388161,-94.4334401654859,-99.71423878027278,-99.1100359269748,-93.00956267531896,-95.2670614345015,-96.34953984828576,-101.30521377341483,-94.31991627228207,-98.46618080434227,-101.53291311838095,-99.99154214751478,-93.68350364442708,-101.58578565951602,-99.23842892619948,-97.79441607312118,-99.81386449562659,-99.12461679342992,-98.91399085955194,-97.30008218477106,-102.39640385581981,-97.0297738127496,-99.3472908067731,-98.33557677464171,-102.46213291451818,-104.13849206025697,-96.61286485185337,-95.1842309093022,-98.21096154286383,-97.00142215941163,-103.2846087785315,-93.41628245601025,-96.91573979879142,-96.35885341861949,-97.83448429229166,-98.36198080445021,-98.29842422226248,-101.19664546888042,-98.59098378868318,-96.27030160233952,-100.83490625301525,-100.32046685060148,-96.88151613949069,-95.57888031595606,-95.90131546608269,-94.23238781421713,-103.88723376258702,-95.55202322682521,-97.58952216505305,-96.42614468095272,-102.61461270569265,-97.30024337018315
2025-11-02T00:12:10,AP_24_1,2.4,1,wifi,2412.0,0.0,0.0,-103.85118552143331,-98.53176477149023,-102.14998847390515,-97.97768309716803,-97.1290611728067,-95.74931830011067,-91.62061838093369,-103.20084348253603,-99.28304678100673,-96.28468442429343,-93.76936860033712,-97.81569350476465,-102.06819176348002,-96.23163672011323,-97.33735090603564,-96.58413063521081,-96.50263938344885,-92.74810396312836,-100.6930770978916,-102.74145951141874,-99.14343781106959,-93.16833605996689,-91.16263508491859,-95.11811783087599,-96.49569183794453,-92.6154050382691,-98.92405815886399,-95.15352356165786,-95.96691088003216,-94.86953097460504,-99.04381274431947,-92.17379283605773,-96.3793008351481,-101.48629696803941,-95.92911084737294,-97.00185800582003,-96.30296278879754,-99.73448082581898,-99.31875553721758,-98.74901486742532,-97.35498716007612,-92.63985681266543,-97.45210258373534,-93.86875674615591,-95.60742203006357,-101.57974627667168,-100.52172131923717,-94.56028268657153,-94.52636236921857,-93.34876057216577,-97.90915196901912,-92.20247172161291,-100.84628055261061,-96.36049003607482,-101.34101530098376,-98.57307021852147,-99.76899363209782,-97.83897842241586,-99.64095775086858,-96.24275581904655,-97.46290311723111,-100.49926274020268,-95.44500236433925,-99.35858918839166,-98.62433653709665
2025-11-02T00:12:20,AP_24_1,2.4,1,wifi,2412.0,0.0,0.0,-105.35980424339313,-93.89380185127912,-99.2350646191239,-98.69620716905494,-98.22780096041599,-105.80996586356714,-94.32796262630073,-97.30774680883974,-95.19645239787074,-104.67669439527677,-94.66927323437683,-95.38329358990701,-92.16331821153098,-99.38433988558836,-96.8709056050807,-101.45133062704569,-94.29141558499535,-102.01753142764085,-100.06835150527857,-100.74648811646266,-98.44151228282927,-100.5435493170037,-96.0288148700983,-98.96079352368159,-101.09581374261354,-98.30886682132214,-92.48471621032448,-96.81145534994238,-95.74977445589998,-106.28751410343851,-98.25103982435891,-97.34663448689012,-102.78322060160552,-97.91974918490816,-95.30899087303263,-101.50360561555084,-93.23574117914835,-100.62746907254115,-95.93062258012212,-97.08698229464152,-95.45451469854552,-96.40219232722477,-94.49198759237214,-98.00858761941653,-96.45612421378351,-93.28599945874943,-95.43720505037754,-92.5263653043849,-99.99268342957146,-97.6768827713841,-92.98372292960266,-97.67516170009685,-99.62836871518232,-95.2017899698166,-94.06563853425479,-100.61961770315291,-101.31989073075863,-101.72209849308909,-97.40817844941793,-91.79577801421817,-96.26185278172325,-103.87550803261144,-96.64586364233307,-99.99889457072294,-94.48345317889466
2025-11-02T00:12:30,AP_24_1,2.4,1,wifi,2412.0,0.0,0.0,-105.00849422551198,-97.90416031494456,-96.38235258628367,-95.76167072458804,-101.78719228834824,-104.65716687101863,-98.97849126540353,-97.47276881905393,-101.12359943225867,-97.45254512111995,-96.76435135561177,-99.77350378168033,-105.65750735377708,-92.74166381601177,-98.84737307014298,-103.13116747714915,-99.86510994063643,-95.98940720519333,-97.73929933176356,-94.93441879326026,-98.11663266130533,-97.01656328926916,-100.14914723520776,-92.66567078192921,-97.59124830767001,-103.69151415626608,-99.13934477918258,-100.15883848559263,-100.66599978920583,-96.09174937398998,-93.38476817331801,-103.0092032969965,-102.69629027203806,-94.03853591542884,-103.75002462358697,-99.2568756910414,-100.53920054780059,-102.98297707794217,-99.00223180126328,-95.97869031233746,-98.31793377319059,-95.2562401154336,-98.51961717364611,-99.61955884704844,-98.38507720262298,-93.90756835759984,-103.18777399140171,-88.6763384785864,-99.15299278490681,-93.20970873366106,-98.91227814682486,-102.7869818364089,-96.3404430054506,-93.13897886140141,-100.42056820169424,-100.64091932626795,-94.16772365767135,-98.0238457278645,-99.62633402546508,-98.90941324616347,-103.26616045216568,-100.9862775190645,-97.30176315921942,-97.47822869251127,-95.5083322054903
2025-11-02T00:12:40,AP_24_1,2.4,1,wifi,2412.0,0.0,0.0,-104.31841479939176,-100.58592674061933,-98.88509335600847,-97.81004290074486,-94.71971288021163,-92.39831412423565,-92.63575255238604,-97.29556280449209,-97.95727020836249,-100.42233355857186,-97.78660141419707,-95.52306684537687,-101.23193812578758,-103.64183578734597,-97.37392077342062,-100.48172119152328,-96.49637451914707,-98.8141288735595,-98.76217747026267,-96.35455958707361,-94.36888608764615,-99.82356346159924,-92.25544868718151,-96.80629415210727,-101.85637254362501,-100.53918217452656,-96.8068997028504,-100.80000507125274,-95.64277180701487,-102.46295903463918,-95.81242926860008,-100.9183648082028,-100.43575788092525,-96.87803734731565,-96.9931609655954,-98.73061379527186,-100.81067842717935,-91.7813072112454,-95.37363687900397,-97.97048315025714,-93.74088391946624,-97.24695341630327,-97.39210381159775,-91.16888024994874,-93.8143855861389,-95.7672452653779,-100.72137055502665,-94.48789218089944,-97.74668925486979,-97.80339208328654,-93.55620423664531,-99.25315904021761,-92.70905153273901,-97.75587852565675,-97.37920734980288,-94.11016989407678,-93.18482503851774,-99.57066405793437,-95.2797687472635,-100.91759829949248,-98.12286665322519,-93.40713007533485,-96.71893796940934,-98.73581897925503,-99.07856031752016
2025-11-02T00:12:50,AP_24_1,2.4,1,wifi,2412.0,0.0,0.0,-104.1609887242154,-97.54672024749998,-95.79868744514334,-94.87473685788713,-98.07069647768314,-95.92585155264614,-97.93700013768851,-93.95895533126986,-99.29381937114007,-98.57413754341931,-95.8390501498905,-105.5774631315763,-95.72487094380521,-96.5188312536511,-100.76407277254388,-98.06996774009006,-100.60572787205369,-97.61870639317382,-93.3964236711869,-97.84128435498566,-98.20879621794211,-101.51027647393079,-96.42584335145257,-99.75011071091792,-95.90425694281336,-100.2044387005814,-96.81089832722925,-93.8135079475213,-91.17774604133197,-95.97009275240926,-95.09156473962837,-99.39159458832711,-95.25799301270789,-96.29711886202745,-98.12060665086209,-97.75770606910123,-95.18491819187491,-97.01864337089002,-97.96820102316222,-89.18746006816116,-96.15350105677159,-101.48166869898388,-100.07070740050001,-99.55748424397461,-98.04308442833677,-98.60260114399591,-94.69836800291907,-95.3793566779997,-94.93397842681735,-96.57256185845505,-95.88090349491168,-96.01885024841278,-96.34661017713921,-98.80853740503183,-97.07612764812666,-96.41117997556348,-99.36820474039938,-99.55757196906792,-92.99383324207828,-98.1675101451085,-96.92541595530676,-95.32621138450787,-95.94254050262813,-98.98561959785518,-93.0816460073465
2025-11-02T00:13:00,AP_24_1,2.4,1,wifi,2412.0,0.0,0.0,-105.0503548748206,-103.38950765077823,-98.98791528702665,-100.70953144572448,-98.00280876637702,-97.18299152651988,-95.78426428366174,-93.87349644555303,-95.91623194154522,-98.23465681180632,-99.83275723838075,-95.97522284872147,-98.27940542906718,-95.36267698226511,-100.89348294745355,-99.16037381083405,-92.8851409454565,-100.30011804784455,-99.26214225547956,-96.10400136829207,-96.52136837962142,-99.97878697995351,-91.6555973683287,-98.58972169397957,-91.35400737991073,-103.44020760904009,-100.63213912847374,-95.14531335939586,-98.26805649731386,-100.6956030892706,-99.56044297143556,-97.4945730778184,-96.31644949573021,-105.0237017486308,-97.74023202702564,-93.80961197230249,-94.80593477534437,-101.21945638629128,-99.16412920426545,-94.68311338870792,-97.04444810628013,-98.98422034264699,-96.11568114988637,-94.52025257048504,-100.15379374241702,-97.5910774566691,-99.19509603399673,-97.26377467120419,-96.94455149736334,-100.14720036678273,-97.0586883391788,-94.19106496383542,-94.66395557402335,-99.53406594910203,-102.22941839637916,-100.47186532610498,-97.9190256793812,-95.49355008720957,-94.35286851770235,-101.51101732498579,-103.02732159811114,-100.36054536893636,-97.9675270432473,-99.02733527052116,-97.12594583977607
2025-11-02T00:13:10,AP_24_1,2.4,1,wifi,2412.0,0.0,0.0,-105.55011198654836,-94.0048743483734,-98.31688444809826,-97.30088506462884,-96.4411309027921,-100.00057142031106,-97.13743766784877,-100.11344462014372,-98.7616405506625,-96.85273107113841,-98.882864751753,-96.9430370719509,-98.18870712190584,-96.16610988235098,-100.81207088020487,-105.15453369397807,-97.04707125398282,-98.16180310286899,-95.86628895696711,-102.61513556912554,-99.47353403419628,-98.82781100503418,-103.6593556032877,-93.1146070006618,-100.14322091723176,-99.32778759771985,-96.89559423937555,-94.16283012031555,-100.47848502716487,-96.16165797004355,-100.60442894703547,-95.72846191093258,-103.55885465699134,-101.05375394677633,-94.38649983292758,-97.50471704289282,-98.9837142174006,-95.85934294250892,-97.0147516916058,-102.025168420741,-103.64492832658298,-94.32976791208084,-103.31215566610437,-96.56275118030094,-103.19843526452617,-94.44676503175677,-97.22753759504026,-101.507541812293,-99.05011797387769,-97.96023636936171,-96.96402184489337,-99.74517871733593,-100.0807439486359,-99.63764568999257,-94.73472765822028,-102.31078526069685,-100.47698965223348,-101.80616483857581,-96.8083390221099,-102.94125090703326,-94.90234389773278,-103.16248704985114,-100.07188919008311,-98.06681389992319,-107.2658789959898
2025-11-02T00:13:20,AP_24_1,2.4,1,wifi,2412.0,0.0,0.0,-104.6510954735335,-101.54550545794189,-95.51369632873241,-91.88254686140274,-95.97419860021013,-99.09396439035355,-102.40599769178615,-100.72351796232404,-96.51140209742026,-98.57831888706878,-99.51070425235906,-93.28248519565912,-95.79790275084507,-100.3733446840301,-95.4943422490013,-94.43194386512474,-99.47492722219096,-96.09913259228324,-97.19233938403725,-96.19583062754012,-96.52895431191116,-102.42417123022702,-104.15141752859648,-97.36995965277187,-101.08203698359402,-93.75046918245326,-95.37028360668222,-92.35782057045049,-100.5214103777625,-97.13990163328178,-98.59358655741795,-93.46802779195322,-96.82807340086094,-101.47406452313179,-93.99965367249332,-98.11631459024525,-103.55652844334074,-98.28294731552461,-95.59894460478367,-102.60768973373118,-97.92569342239476,-96.05670045115315,-93.1546534170712,-95.667125953174,-101.29083318184297,-94.31566976247706,-96.75640679336688,-97.6807606148619,-100.33002393168924,-94.801558758134,-97.39760104564972,-98.52313314137794,-100.43757927374577,-98.41545510889466,-97.93197988989115,-92.65076126907714,-93.46565951746976,-102.25144506198852,-96.8791202035501,-101.54336332936778,-95.71421296812899,-99.37174408600106,-97.35402923137488,-96.86562515438472,-98.24277868373899
2025-11-02T00:13:30,AP_24_1,2.4,1,wifi,2412.0,0.0,0.0,-108.07682146622491,-100.04070940745945,-106.40937367336329,-100.37563789750364,-104.2057126610117,-104.48847693372979,-104.17071862068138,-104.10941163130005,-99.09602214786382,-98.25801302341306,-101.51267276000337,-99.11510921015346,-97.814822307422,-99.03770294497367,-104.75245812275709,-101.73805914763548,-101.20520074136935,-101.27836705032195,-102.12647572790455,-101.44276256212682,-104.05038689717593,-109.33734027809976,-98.41583449710156,-103.45033570552002,-100.67452198846016,-94.16119760647845,-97.34756413963433,-98.88497379916272,-98.21444056899992,-101.87772855928203,-97.67541696952048,-100.24814375923538,-100.97576924984952,-99.73182909491618,-106.86149610251562,-103.23003381337035,-100.27603711328538,-104.61605452371919,-100.41222981130103,-101.40391207331925,-100.46141415146504,-96.70306743138711,-102.63247956498857,-101.74893503612564,-101.98783884118411,-96.81359359927781,-98.9005021208686,-102.64402019349377,-103.18116762044642,-99.65096184395837,-102.0632081959013,-100.83549487963745,-103.37534329163542,-104.95673367878928,-100.30532893277127,-99.50738071456229,-100.14988925392421,-98.7174848136111,-98.73920843580395,-103.71849147145295,-100.56628322745819,-100.7439231643051,-97.51260015059697,-103.96236928696486,-98.34439041788823
2025-11-02T00:13:40,AP_24_1,2.4,1,wifi,2412.0,0.0,0.0,-105.98166999375421,-97.87684925381093,-101.28876870141156,-104.81355152701482,-100.52125703277783,-95.2467124936895,-96.32690250140003,-99.31678838462868,-96.97742657041692,-96.45765090518805,-100.76035225891027,-97.37668896110036,-99.91405536226414,-92.3795583067306,-97.19880192492681,-101.06453740802554,-101.09219769393094,-101.6403120917829,-96.59265156448205,-100.40087668552589,-99.76939032589749,-104.43633614077322,-96.48491000216336,-103.22970895534934,-98.91085828847254,-101.60548780067761,-94.45819888874394,-98.92439240257875,-100.62517312097994,-100.9586085947892,-102.03649488780324,-96.74632061524545,-102.851434086418,-101.09539565769232,-95.66175751641806,-96.70287666654458,-94.51106279496568,-100.04522169356913,-94.35060172825243,-96.98746468184274,-94.4317711060539,-95.92311224164517,-102.10425682167656,-97.02344105448572,-100.37517789375427,-95.43541696121365,-100.91550681853631,-99.20753731253195,-94.71430029622152,-100.93348829929991,-97.66812966319286,-95.57403338589077,-100.1795757834487,-100.64227221786057,-93.74873114074092,-98.88648475344917,-95.40344967104488,-95.47234339021169,-103.77501401242249,-104.006322082517,-98.14716865766215,-91.60519661791729,-94.54163355071063,-100.41009144356718,-95.89543954035065
2025-11-02T00:13:50,AP_24_1,2.4,1,wifi,2412.0,0.0,0.0,-104.69310018347193,-100.67375512197621,-99.16692219086649,-96.87879518823772,-98.43118018852962,-98.41808657536964,-95.88067387172454,-100.13746010323747,-96.14358058732,-95.70337328292744,-99.06195291661986,-97.54183385269569,-93.69550973368474,-95.66283412659983,-97.33179904831029,-99.4114513654015,-97.41389137300115,-94.63631892499505,-93.44612491712661,-97.55879612947727,-98.33868567203139,-104.52920344080698,-99.47608936687764,-101.39681010149147,-91.06289245661804,-98.21399402141502,-96.99022543082961,-102.48976308652175,-93.76977253710923,-98.02344429576691,-99.1246417980351,-99.77979838882749,-96.18505236360723,-100.0431814057171,-99.25379035385657,-101.33982425757574,-103.62989049574539,-101.78123576311488,-98.88928984491461,-99.83085457431982,-95.5046906100486,-97.07318704831518,-101.95863560592518,-96.24244116693164,-96.20068235027365,-96.55457247118372,-92.18135157387997,-96.72012111176971,-99.0488010874532,-90.37640707866727,-98.46277822692613,-100.74669908723092,-96.04311810760422,-92.70580625052942,-100.30213217071645,-97.16108478430989,-97.2888843895769,-101.69698110889667,-100.02564294156167,-95.6175342209944,-101.71419978013127,-99.71184909389076,-92.86888966037928,-90.14718175553278,-101.29078565244002
2025-11-02T00:14:00,AP_24_1,2.4,1,wifi,2412.0,0.0,0.0,-105.72043786378094,-99.94960735973147,-93.35651435033118,-94.30221371704296,-100.6750767152015,-99.83937635977597,-98.87627547295527,-97.83187628619068,-94.3789185818882,-98.3744655926203,-94.84313560147673,-101.1246025523655,-100.84462891942638,-98.79585536786666,-100.85789773385791,-101.0967979651426,-103.15199368530406,-100.11420361090842,-97.65694941750746,-101.7822776697496,-104.36000546196642,-98.24433399294651,-99.20759199495757,-102.2144033517276,-100.61693217265662,-99.83632390476836,-96.54588949299563,-93.10489069520594,-101.58213472189168,-92.87747165958953,-98.08910631282573,-104.00556513687152,-91.74778317252942,-103.61348021295966,-97.3619277638522,-100.24582084274088,-105.46662178840975,-95.03259649542646,-95.02205232456805,-99.43262058561282,-96.90424188643229,-95.14753485555077,-96.49783196048847,-99.07709066878454,-97.08324240267672,-100.31857083756046,-100.97274558837383,-97.50775395047376,-95.5402377663403,-100.60407266508415,-103.32496255005707,-98.07165094022703,-96.85678670547705,-99.20937500625556,-100.60127856557635,-100.45578510492486,-97.01511167298834,-93.8733293407057,-99.55417045163526,-99.35359633205033,-100.67307417063277,-101.56136059283855,-96.41552976260267,-93.82681093386539,-96.10469606875228
2025-11-02T00:14:10,AP_24_1,2.4,1,wifi,2412.0,0.0,0.0,-103.61588161034372,-93.98985279252906,-95.09987523830395,-93.88943041739799,-95.88513365511575,-88.0784640618894,-95.69891461735952,-97.25040022447729,-103.46869749710329,-96.03200410481288,-96.50012999695221,-97.42496793407618,-96.39302821481206,-99.32635441895312,-93.037306596988,-94.77470151608348,-94.93642243073077,-102.09752806828158,-100.76673548226847,-97.45448015041025,-94.16486875626921,-96.81685156489063,-98.1655287925443,-100.37704829361468,-94.36477605201178,-95.4788795843246,-100.42647676613876,-97.08238796511675,-98.03525672594711,-99.74414974660917,-100.54640536862061,-95.02083325414173,-96.24825948374234,-96.896856660459,-100.2654803660573,-94.07209484856864,-93.71913574343861,-94.25908433479746,-100.02360690400249,-94.99169340457863,-100.26603811177945,-100.93356567321251,-100.97324606255883,-96.00637635549779,-97.05028866116777,-92.27399401760883,-95.08114786145866,-95.1231412136313,-91.2384803673534,-99.16229081814694,-95.3528884086805,-95.851916321389,-98.77792204367623,-93.49949665717772,-98.7795984415193,-94.41688773655494,-98.89226300467288,-101.71031852811274,-95.07717843886726,-93.6737283969278,-97.4814948430864,-97.23847890150829,-96.97249320272256,-93.35849892955761,-91.3593982548343
2025-11-02T00:14:20,AP_24_1,2.4,1,wifi,2412.0,0.0,0.0,-103.76243029646052,-96.73153798868779,-97.02404255864117,-91.97225299152356,-99.17058529165722,-95.61938919801904,-97.26388794731587,-103.32775219392445,-97.00387406139507,-95.66178525347755,-98.32232264327774,-98.97944590486772,-93.85769353738554,-94.88443257569047,-102.2899673272041,-95.64602892192868,-97.75734434054782,-99.59295844401963,-92.51724506621242,-93.71761344921356,-95.47021622629028,-97.60233943227216,-95.88299732112404,-101.92995410203405,-96.11821706685258,-97.56796008206335,-100.08586460061457,-98.31694988113365,-98.62304288670265,-101.13150821110776,-98.65451964892081,-94.83919544923143,-99.34477298136268,-100.16671256847363,-96.6343540629351,-98.222388655455,-100.47159510299034,-92.55932265138865,-95.32517340074767,-101.36975069640177,-97.11042823457291,-94.1985847242051,-97.2943764431256,-98.5972381455374,-98.1481537436334,-95.13102379124994,-96.8998033236255,-96.33340847593298,-101.27456441707791,-98.9886730009994,-106.00227358799346,-99.75072814915353,-95.53831133946488,-98.45390952388168,-102.34047980362797,-98.32640284223224,-102.27634005874715,-100.60004797933796,-96.23619026988284,-92.27263116308745,-96.28302533683811,-98.30076109176741,-101.59051852402007,-94.43013026031714,-97.161280859525
2025-11-02T00:14:30,AP_24_1,2.4,1,wifi,2412.0,0.0,0.0,-103.21105720728464,-104.99846579131841,-96.60499140744429,-96.7924343958088,-95.81339731139343,-97.44896214937106,-98.42572690635848,-94.51039552448155,-95.96099232066574,-98.74904548665582,-95.0178106205795,-94.21944333554798,-93.56097666942969,-100.174627962879,-96.23977679917583,-96.70891180463661,-104.32904310923404,-96.86808465807955,-96.46356411759153,-100.00740882326144,-99.0609480052575,-96.57727556945729,-95.63197616957792,-99.52464271483636,-97.949979951665,-96.61920738704978,-93.67480026772053,-97.05158948290058,-97.36607195519433,-96.13446867646299,-94.65577099901046,-99.28584299382747,-98.4943030257366,-93.3533299294256,-94.4860592590322,-92.18294569474907,-94.09507999803306,-97.30538680315927,-97.63663421081864,-95.46038284816903,-94.35258917175342,-92.76063542343749,-97.80705586181415,-98.53333076000094,-97.68893037650246,-97.46773320773289,-94.64731007680055,-94.8416757371002,-98.93927085949116,-93.94095090102444,-94.96084806451252,-97.27811477899212,-100.46920025920915,-89.98337135880541,-94.24097128266777,-102.41330291549285,-97.16228974098155,-97.66842765366725,-92.28748536536655,-93.37800670574761,-95.69918947453579,-93.70626468611268,-98.91324888791657,-96.46036522050186,-99.87948771845163
2025-11-02T00:14:40,AP_24_1,2.4,1,wifi,2412.0,0.0,0.0,-103.56082492911699,-97.97580539449802,-99.10137021196715,-99.23814618017762,-92.61233878329105,-97.8818278002829,-100.11446959429841,-99.9173299797009,-94.51591151474302,-98.31860109919617,-93.58852877130244,-96.90217106532836,-107.60984400133762,-95.55424027401615,-100.26908005526934,-96.85863038230528,-96.9444731480865,-96.19779755570876,-95.96264915059203,-101.47715150406388,-92.85553905134037,-94.76523282188538,-97.03856759801113,-101.60621870325555,-101.17471523319722,-98.62715199664981,-100.71123724228258,-90.87127076533926,-99.8167343293561,-94.38369234307429,-104.19040270928025,-96.58050624416678,-98.91495017915341,-97.11834239386395,-97.40916457591509,-104.54399488495295,-98.94182059590403,-103.85894112240756,-101.19271476117528,-95.08663183698896,-99.70004531817216,-100.52919424293033,-95.63908089441989,-94.70539305835801,-93.54481290863326,-95.8033133089985,-95.30214220459978,-95.5480670411556,-91.13272440359313,-99.11556469125375,-93.27986463814895,-102.061545307564,-100.44266278807957,-96.64043699143899,-97.3602235405961,-94.86952140763228,-99.87789078321202,-95.84772699406157,-98.08568471764072,-100.86531784728022,-99.67329787512604,-96.8844227624491,-99.65729310629442,-100.88323757306429,-96.8756070719846
2025-11-02T00:14:50,AP_24_1,2.4,1,wifi,2412.0,0.0,0.0,-105.27826082017837,-95.59979368375339,-98.79900477383788,-100.9606575014931,-99.60352013803235,-96.12772769037356,-105.94297801601715,-96.6666400013124,-95.26227555842738,-94.43817034563352,-96.58113128084302,-99.18163102625964,-95.13350835010074,-100.88157690831541,-100.49839810176664,-97.86796783313008,-101.6645148760782,-99.98599792348153,-105.20850273002435,-100.7156696362149,-98.9014016197357,-94.58565574607496,-104.89923951763403,-97.25140714614753,-96.46333973401367,-100.73886104436589,-97.63423136363558,-93.85101344757135,-95.06698419727576,-95.85707596632467,-96.19294952783068,-98.99498228674403,-96.83616878979379,-97.40100525056711,-94.76408676769456,-102.34134268163746,-97.8829278165004,-98.70203176133882,-100.81776223805849,-98.31881252491453,-98.86147467916096,-99.09508614900604,-95.98520895231613,-91.8220961120732,-102.44576662004987,-108.01093995570727,-95.77824300906866,-97.31202960615711,-92.98536787294363,-96.04486669752657,-93.50390898578902,-94.5742239524825,-101.88832030427581,-98.25778194312453,-99.02233782579523,-96.38659523716426,-98.57130384686046,-96.75741973846927,-97.67121704943918,-103.56504386235918,-93.99936523445797,-100.4654607239089,-92.72593043435103,-99.85719227345427,-94.18450336236666
2025-11-02T00:15:00,AP_24_1,2.4,1,wifi,2412.0,0.0,0.0,-105.07105889132828,-94.57439160772311,-99.43275467808265,-102.32547225352705,-98.32125813061697,-96.64250501983824,-100.63833565304301,-97.29981294749192,-94.28389179616758,-95.26601923757453,-95.71799517901431,-97.62358640543567,-101.8302923211282,-94.33844015919512,-100.73179105577711,-100.60102777585955,-101.31149746346989,-102.06082028794458,-96.83088398198433,-103.74323061448641,-98.999870319506,-98.2092618518028,-94.74807899413136,-97.90353079909482,-100.3918239620797,-96.92523823881542,-101.67643548654483,-100.2530852012116,-94.41354616163711,-96.39696533254192,-97.32558515828231,-101.65642388924732,-94.747478310723,-96.52435110678587,-96.34729846095921,-98.66363780758098,-97.45610219850677,-94.33772085525919,-100.57196864579832,-97.08836777884922,-100.45572633017751,-96.57346493450574,-101.89140052313266,-98.80269050041764,-100.02518525115715,-95.35105425175509,-96.88101984300329,-102.03097482260998,-99.03880414705495,-98.9599272058268,-95.06755230302652,-95.30991160198957,-97.67337631651009,-98.541386891044,-99.86997646266167,-99.8763077308272,-100.92799860534505,-104.11734117377284,-98.29433013204492,-101.19066388580883,-102.47998691089799,-97.53907341706703,-100.36383593447245,-94.710528354478,-98.70347438018358
2025-11-02T00:15:10,AP_24_1,2.4,1,wifi,2412.0,0.0,0.0,-105.75707203466516,-96.69169947035061,-90.48750848861692,-100.04175357506737,-95.66259618710347,-98.11145336273447,-96.4868960248889,-101.51091399172272,-99.75712618073192,-99.68132352414173,-105.82608170957192,-100.2006424949598,-94.39138597915505,-96.2079136154874,-101.6544126715391,-98.42811960315325,-96.05912393939542,-104.61387615012669,-97.23711139340344,-101.60168507791552,-102.53011154218022,-99.74162144791521,-105.06499573874605,-100.30695782623286,-99.71198944853926,-104.28369189605226,-98.69045526252572,-99.19565092895228,-93.52091005505335,-101.9045522415019,-100.050431026112,-97.07185739156904,-100.82370898919991,-96.24794702684588,-98.294527295253,-100.03432272019067,-97.79391500389718,-98.5013491808544,-99.7930499797246,-95.63828131249673,-104.58793872083106,-102.90612260164484,-100.51809839328725,-99.06633182882825,-105.39762012233713,-97.7347761920365,-93.15741556910194,-93.77054111290985,-98.57432038995032,-96.47955548905752,-96.41815785700796,-93.18737610923294,-95.3894998638779,-102.83120423931456,-98.63852071980862,-103.65031094408604,-97.22942969455806,-99.22605866394261,-98.92294677381767,-92.91291424635187,-96.34832354993094,-97.76891871039736,-99.81270732001782,-98.87121856285404,-106.55117073480072
2025-11-02T00:15:20,AP_24_1,2.4,1,wifi,2412.0,0.0,0.0,-106.10779524775727,-102.19809356161359,-104.48642382243905,-97.43337202214647,-97.18465922346343,-103.20620822914047,-97.6688506546501,-97.26543862344613,-106.15620314467172,-98.74696690797519,-103.35711174473283,-101.90044422521719,-93.78538264780192,-98.08122409328082,-96.83333403553858,-97.89880840050928,-102.90910118241638,-95.6618164316289,-99.44387216493095,-96.27103509097645,-99.21391459316725,-99.86091265135182,-97.87444320121503,-96.47510191610876,-106.45927304154198,-97.31086897564671,-94.69513684225359,-102.76202753852762,-99.47033152193985,-95.98977682557516,-97.40145926463353,-93.06109811086705,-95.67926620023904,-96.12422387257641,-100.22601753558511,-96.49464599335445,-99.07124577608552,-100.63618595068895,-103.58847186757028,-101.45576179670662,-107.00647777171135,-96.00020571056966,-99.16767561325707,-95.81774574365087,-100.1751588591917,-103.14714689581079,-94.58538653250683,-97.34780724692877,-97.71772403187697,-103.93708021113515,-96.42772964075384,-103.79217626997838,-102.63793805501484,-97.84482199660167,-92.5925475927825,-99.81172388571521,-101.17731767676558,-90.3052442214876,-99.47673126836006,-99.66472157119816,-98.03637586618642,-99.23046024735812,-96.14641061969849,-97.28945906601598,-94.84959390894483
2025-11-02T00:15:30,AP_24_1,2.4,1,wifi,2412.0,0.0,0.0,-106.30994557479929,-97.55196281902457,-98.88928054127531,-100.88165274762977,-97.24907601213941,-95.47035754439968,-95.2359977286394,-99.87033938559954,-100.74380803558148,-99.62836090755982,-103.66770362233886,-101.09053207685012,-92.85890973782861,-96.84486549959095,-96.75588447006223,-101.96491923739319,-98.89781403943594,-98.52104074340775,-100.82958657960225,-100.54079171025931,-101.76112287412374,-99.75566122247439,-98.16610315072883,-103.05110531104275,-98.55328026937592,-101.88065828938781,-101.93498785112749,-104.18188314368041,-97.07518273663365,-104.04592518587978,-95.9779805377516,-104.461459864285,-105.76392594892619,-96.84933584816358,-98.94505858818097,-100.02927774915128,-100.40831940172254,-106.91876054926043,-101.41553678980026,-99.91605122890044,-94.67777760840309,-96.35209722383722,-97.65257203567684,-95.22786168008564,-101.11916084987627,-101.77892072555177,-106.30573238088046,-103.47018407706577,-98.57011411186862,-99.86274839293813,-99.67205278239611,-103.401816909405,-97.86797722674598,-94.43443487761732,-102.19467896502019,-99.57153903354568,-101.19440364699962,-100.90085345404931,-100.68169849605145,-99.70270411075715,-98.32455013456942,-96.61783282977645,-97.95819991438402,-99.20069323770083,-101.018284044213
2025-11-02T00:15:40,AP_24_1,2.4,1,wifi,2412.0,0.0,0.0,-106.15454693139114,-101.493091725886,-100.04977989952735,-100.17378207334717,-95.68140699585227,-102.31405140408452,-91.7615744163186,-98.99611260633827,-102.18338468575487,-95.02370531007318,-103.77642291478477,-96.12960170462931,-101.28244215353385,-99.73165014874643,-95.67670556341528,-100.59438534478102,-98.67643516398283,-95.84163264999921,-96.7153292050438,-100.999527506083,-97.93492580951532,-102.05899178093314,-97.41420458504356,-99.05364361846844,-97.37023992285644,-97.93555685230567,-107.59617022986444,-102.43156205957123,-96.47428695479222,-100.11924787601312,-96.8479255276044,-93.23142676500711,-100.51793993984883,-101.74096501395712,-100.2764420361186,-103.5830033862781,-104.20973147284855,-93.2122648558245,-98.80328729979925,-96.8017174995733,-98.58388397516377,-99.50590375013982,-98.50988433719091,-102.6909176069265,-106.10272780313103,-101.69994888238787,-101.87434922445277,-99.54000277114584,-93.86181039430443,-98.20978734622851,-95.50142014719539,-98.4512049285259,-97.06691404801006,-94.8208987170442,-96.42902353253363,-98.33720697516215,-102.55666567963586,-98.68488068877367,-94.21793513687349,-100.78748339833768,-98.52582407187711,-100.58960784380405,-96.92373229664484,-96.95333568661539,-100.26489253956014
2025-11-02T00:15:50,AP_24_1,2.4,1,wifi,2412.0,0.0,0.0,-105.2222930417619,-92.93045650019583,-95.6038367941892,-102.91629665252293,-100.71844913222262,-99.8139415906228,-98.55708743057673,-98.89231177408496,-97.29237027678114,-101.60836781777923,-97.47285228716335,-103.44856787965065,-100.19718654556948,-95.75691673495263,-99.77663947018956,-100.66574083370115,-97.1717168009707,-98.4392526441653,-99.36560686739564,-99.12000028323716,-100.08481354012612,-102.60547477928243,-97.48819480962776,-96.80032847281751,-96.29452969676846,-98.78399069682061,-99.98953294840402,-99.63513908659533,-95.75124234226185,-101.7225738878249,-101.39863710102112,-99.54102213987711,-99.51971492429301,-100.35729044340283,-95.77077341305076,-101.34326657035498,-97.98008690487258,-100.0381876612261,-100.8508308601551,-100.17029951913405,-96.01031713182392,-97.76864360347395,-96.00594374686465,-97.67438910556079,-101.45451431219617,-99.34061574984794,-100.86235434399204,-100.38750169169069,-92.16553414944472,-99.95899497359981,-92.58787366118494,-97.97275083800609,-95.32337725910587,-99.29565670484345,-100.0757688459293,-100.6874301134166,-96.79339595787708,-96.85291693887339,-100.78719968759552,-99.36696579205433,-97.63683882719018,-100.38032513757607,-99.80305100673262,-97.27714846421598,-96.1802237013794
2025-11-02T00:16:00,AP_24_1,2.4,1,wifi,2412.0,0.0,0.0,-106.24151354208067,-99.71540183213703,-94.0549686636731,-103.85962701896455,-97.8699645271419,-101.36525264737581,-104.21555630358539,-96.92355621012824,-99.32540027853771,-98.5050765564063,-95.69900293133351,-101.24725445990033,-102.09431113154513,-93.60720930009016,-98.89048134054009,-102.06170232121416,-96.404177520399,-98.11026191856513,-96.65996213861128,-94.57583093764627,-96.29683763879076,-94.38296495479469,-101.25572826970956,-94.81121084484043,-96.70077137521486,-101.17552281417764,-107.20611417358862,-98.35030980260075,-102.65783463277197,-97.50429049929876,-98.9812546030191,-99.73284325789209,-96.39708345914738,-95.63236017755663,-101.26851960504798,-95.03942539371539,-103.1527048346065,-101.4011671343757,-102.46974628206581,-99.20120409777624,-101.59293688441915,-98.68185285923029,-95.17415717892632,-99.83504102287016,-98.66055215263101,-99.6255990704395,-99.67042658612785,-105.24312566043614,-100.5856125102177,-100.01368401054367,-103.63418876029306,-102.44278522888516,-97.39314231251527,-98.83390521970945,-103.07281096837478,-103.76000540851663,-102.79335891606311,-99.47596180767518,-97.36003302710715,-95.65868946675481,-98.99504341156523,-101.44026778509924,-96.78693360697905,-98.77748061577933,-102.0510137971891
2025-11-02T00:16:10,AP_24_1,2.4,1,wifi,2412.0,0.0,0.0,-104.66476312409107,-100.47707446345552,-92.44276290069544,-103.05621735988707,-94.61362701446143,-93.00185019192062,-93.84095203921567,-99.60109476162846,-97.83747775792065,-98.23424559256453,-98.28592021398204,-101.15324198620787,-95.45396971874742,-97.75180635060093,-97.08644433858419,-100.74215916884926,-97.40123622983862,-99.8456836409872,-93.30690484506795,-97.01520283969201,-94.43402969828267,-95.85018577044131,-97.66040009438298,-103.22942966443898,-95.19988092148235,-99.75887306181495,-98.48520305472454,-96.64395777611936,-96.69892998232044,-98.50054494942397,-102.7648507364969,-98.15595662015393,-102.72506448682941,-98.13450558679287,-102.02796038810227,-103.63302206907314,-100.03818509485336,-102.63915968456774,-96.16995974913024,-96.91946126396797,-97.65636783811905,-99.84827314264477,-102.14690383818508,-99.86376444437667,-95.2813512513066,-95.4323366110117,-100.41194032469939,-98.05358484255461,-99.56181100358928,-94.48871544986727,-91.00997832618854,-99.34696592961836,-89.5293267428611,-95.93180168396651,-99.47426511896506,-95.29165762667297,-98.66929380708646,-94.71380738647868,-95.29726708304777,-91.6650796647725,-97.18271075316623,-92.60084241871311,-97.97631506001235,-95.79167182632409,-100.70928825231411
2025-11-02T00:16:20,AP_24_1,2.4,1,wifi,2412.0,0.0,0.0,-104.17605812459527,-94.71094804362708,-98.63338691506694,-94.82472688921926,-96.02902806763393,-98.81560451829719,-99.08397014410974,-98.09241362048782,-97.61701708853336,-94.05779871200777,-100.48901483606542,-99.31403133692929,-99.99032322739234,-93.25689655316042,-100.05575142799513,-97.20239088680154,-98.62028343247985,-97.21117968780172,-95.54219636506875,-98.86749047330031,-100.6337273959012,-98.67538150334077,-100.31617388979195,-93.21741987242429,-97.41090900536047,-95.92514780382655,-94.54038691842092,-94.22492443994469,-95.0217888455757,-91.82970784033616,-97.43378337263701,-91.92368898841579,-96.52423643700548,-96.19552162703577,-99.69546346262796,-100.48671511614415,-98.06334051847196,-91.30502534475346,-96.95320355586216,-99.19334237458754,-95.82543813373674,-91.55557576935007,-95.078919404065,-102.34653624177761,-96.84631715149627,-96.47874624319667,-101.86126001535644,-99.74265063101964,-99.38087810225798,-97.65834560916451,-100.81441968483838,-96.37688674607666,-100.27889477243174,-95.88738660100012,-97.28375915016848,-101.40107726321982,-100.432907364817,-95.75536812698552,-96.31148500144583,-103.01292710957823,-100.49062392887734,-94.9024797184411,-94.43728786190778,-101.05294625876435,-101.53847902372247
2025-11-02T00:16:30,AP_24_1,2.4,1,wifi,2412.0,0.0,0.0,-103.99714077942205,-96.441150559531,-95.66389578307293,-95.11786736596748,-98.81548250589259,-95.79376622371454,-96.94649642160712,-93.13593080412845,-94.13276638496376,-96.26681171732605,-95.61928201887025,-97.15037746603852,-99.79960332110353,-98.07680883931144,-93.84889965869047,-93.46841023953851,-101.47302079302307,-104.39189279049825,-96.54635952575974,-99.81827013761678,-91.86652990008454,-102.64642036903001,-93.74276669535915,-97.93555264701965,-99.84485977829928,-94.11567327195647,-96.63074594891404,-91.91889425364498,-95.87844880607493,-100.14799012206983,-95.02245688756774,-96.66209168513599,-99.81185237716096,-96.21806087187247,-98.23786709481946,-95.11895653321464,-93.70656430987574,-96.20624770928416,-95.6903334477205,-96.07079879351416,-98.99692625019708,-100.46034471857364,-94.93236252237935,-97.39315513502454,-97.07714842957041,-100.90987069477424,-99.11682253234733,-100.39285008410795,-94.47962143281295,-96.17120601358432,-93.92403826685992,-96.55656004352035,-96.23780632051323,-100.5477163212724,-97.54647998256925,-97.94353333278616,-98.53424456019982,-97.9534010132031,-98.05624550714114,-94.2937568938139,-93.49277130136814,-96.00801890281154,-95.56558580331891,-95.86861494149434,-96.12336288558292
2025-11-02T00:16:40,AP_24_1,2.4,1,wifi,2412.0,0.0,0.0,-106.9641138962186,-101.3850840853582,-101.97213051304233,-98.71779313420865,-98.17528769463252,-96.02716524436748,-96.23227602854342,-102.04340451917082,-104.03539011304699,-104.36786330084088,-96.72074222515275,-95.45687546118886,-100.34672869978834,-101.6780371324857,-98.12285547940165,-99.75098765684,-96.22692392055016,-103.82836952679554,-102.47893653115591,-97.72953285629347,-99.65959336902782,-92.65190748864879,-101.57094699764505,-101.25728041861045,-101.93823409498164,-96.80575705879644,-96.4367571810463,-98.72527623732303,-99.86856889156483,-100.29638111835398,-95.75212932495373,-96.8688000153475,-98.57861450250631,-100.42189897916074,-99.76788383861711,-102.04309124792012,-99.37991863797454,-101.98064622248543,-103.54879004304254,-97.14903810706183,-107.64792064489131,-100.98937892075939,-93.80910901616139,-99.47614039620075,-92.3331313303645,-100.1895653231516,-101.58245127848413,-98.14364287089542,-91.32176852600729,-97.4312264036799,-102.97883343560157,-100.96222931277795,-102.98193977504997,-100.91865949407631,-96.70523839147629,-95.28051017659986,-95.7926443076849,-95.84759403720501,-96.39505836726354,-95.28241341785044,-101.55324291010128,-97.87567828698829,-101.00254577623646,-103.07664465683717,-96.7830960967821
2025-11-02T00:16:50,AP_24_1,2.4,1,wifi,2412.0,0.0,0.0,-103.33479889136495,-97.94228949944095,-97.97926489657526,-94.79248467932537,-97.67073462007909,-100.89907738989082,-102.94802487573303,-97.23518523741096,-103.86635137622686,-95.54857158311789,-95.14387169663854,-100.39827758030775,-96.57569885436693,-93.20802429167827,-95.20955031560392,-99.0388515397126,-94.56736382587783,-93.88254410766399,-94.61009847291123,-103.59491910161509,-97.94316940252497,-98.68478142021209,-95.76015280354439,-97.34813320073549,-90.07337019718088,-98.07762910638525,-93.5112034287853,-94.11307497793581,-96.03713495327533,-100.27406310684687,-95.86415220531332,-92.5921616507112,-94.33811744745097,-98.25654175883932,-92.22835182867652,-92.15504266757202,-99.87582714404203,-91.83604295592643,-92.00891009230098,-95.46899123935532,-95.80235241926253,-98.11457107702977,-98.20694070344814,-92.47394488453713,-107.32758053057697,-92.5446526720216,-98.7597823237463,-98.49296914291219,-97.43926047310876,-97.81209820173594,-96.1552052266312,-92.9261223779328,-104.42036477085857,-95.1937871541478,-96.14963778450635,-96.73913209327884,-93.8068887280808,-92.83784986695993,-97.265164777745,-100.58197443860016,-98.96301522115881,-89.76297428144116,-92.49732291161688,-99.42373420041244,-104.00903703796213
2025-11-02T00:17:00,AP_24_1,2.4,1,wifi,2412.0,0.0,0.0,-103.50174815955052,-99.51785183729166,-94.37190196506789,-98.59079054421541,-96.02392575123585,-97.41792348028284,-95.43265273678024,-93.94138807825513,-97.70323870620811,-97.75367463928325,-98.36403481194549,-92.88278966598868,-94.32640789057136,-102.36734357941693,-97.17639203382136,-93.52538282257336,-91.93762935785746,-97.75452909530813,-93.46825559818836,-90.61493014458341,-100.61413598991713,-95.41552858275085,-96.53886333974191,-88.28529680950292,-101.27609810532046,-95.63007470898101,-97.31442577391486,-93.24699585291745,-96.87215236474297,-92.46969979597034,-94.21033084067373,-94.6731080000859,-94.89489138113868,-94.6487231934221,-96.53952767160008,-101.41554729895988,-92.9153437874899,-95.11343566037384,-94.42908873446659,-95.15221746244296,-98.28950899136082,-93.01511314634715,-95.18676401662427,-94.08719211882918,-100.04530583405884,-89.88536201009717,-95.80701644725133,-98.0208896288212,-95.63556374160643,-97.43374012943865,-92.92735873999706,-94.96766920946088,-97.47299437474506,-99.02661618454952,-92.66669511604837,-99.0577737547995,-96.926284689255,-93.55456975915446,-95.83787610184673,-97.29906662046206,-96.82042708656653,-95.22282608897147,-97.44101727223415,-100.03486224243156,-102.13945669371456
2025-11-02T00:17:10,AP_24_1,2.4,1,wifi,2412.0,0.0,0.0,-103.68392300619622,-96.18466076509425,-97.24608461065861,-96.3332352924119,-98.23593434179291,-94.60104836452791,-100.46776974205605,-96.96634382496548,-99.66866336317185,-93.81467848829308,-93.60899249778875,-95.57535645586334,-98.91975557073052,-94.0196347870666,-95.46530116462976,-90.74054726349642,-94.61476325580651,-94.10499373305062,-98.7393716621662,-97.51911817935549,-96.24029637019396,-97.12621118312391,-94.23399736840442,-100.75303104694407,-99.03590505616019,-93.12171099403294,-93.70677860850921,-96.89809578676285,-95.97972154400475,-92.06573774658416,-103.78271463102648,-100.59346297199099,-102.51845756132961,-95.92269301059068,-98.1629372037779,-104.49748550160884,-96.18338003057079,-99.09212551676652,-94.06262987643152,-98.97009761350277,-102.04223537322424,-96.21595694245809,-98.01989730186821,-101.43578257936323,-93.66989181565329,-94.73465023002572,-98.46001771294996,-98.75726218984573,-91.9573922327418,-98.06473616806429,-96.55039071346167,-99.03121812558655,-95.43797723368706,-94.95687318231397,-95.91541238328298,-95.30975950937783,-96.56997480943367,-95.25596361216031,-91.53190482053711,-98.13297021971191,-97.68094579784099,-94.90052163278759,-91.70041578249133,-98.11954709105504,-95.8873940454844
2025-11-02T00:17:20,AP_24_1,2.4,1,wifi,2412.0,0.0,0.0,-104.4081087755261,-92.6579887935494,-96.75789802090664,-91.30575139382134,-96.18559607035058,-93.86092318402247,-97.50885375760724,-95.23328278137392,-100.13175172762712,-94.58058050353559,-98.27911622401679,-97.56831455793906,-93.83192868427275,-101.54258556303925,-96.4441313192033,-93.81407189386424,-101.50775408357175,-98.65836102151849,-92.10110624489576,-100.45520476601334,-93.4226728678541,-100.87536094749993,-97.27970918455836,-99.04551184670039,-99.33178852973343,-99.63231389325385,-92.02005158317242,-96.50754320518982,-96.4840369890983,-94.77457925105537,-103.88934514072504,-102.06569335937425,-93.04615062788368,-102.4122016720244,-96.60219153425021,-94.85016918459188,-99.79868106560123,-92.55743088291125,-100.75360706753663,-103.08142231187004,-98.02520931636815,-101.023902279597,-99.23994984450208,-91.59799909082737,-100.13762128727065,-98.85550270496653,-93.74619129324749,-102.8636737407594,-99.91284348482984,-102.25094343936011,-100.95758941824687,-95.13094385245029,-95.72527732366329,-95.7401527814909,-95.12578947787748,-98.03408125045003,-97.66383359737644,-96.72330037940787,-100.81900086303712,-99.83343400770241,-99.95532946897369,-102.13877425971839,-94.32067353831728,-94.41222930397241,-95.66124054704576
2025-11-02T00:17:30,AP_24_1,2.4,1,wifi,2412.0,0.0,0.0,-106.75261979954605,-102.6727354360751,-100.0577382370609,-104.64554510605417,-99.82966477495403,-98.15546426187124,-103.6337992309245,-95.64541476308979,-96.43661087258565,-95.65006054882605,-96.06462381697622,-98.57105365042794,-93.1996200780998,-94.36208858962719,-101.17776940969277,-98.88579575114225,-95.7662843795472,-98.18255483215496,-100.36449461693469,-100.53423768575539,-104.69072436371995,-97.28667125552965,-95.76648308096328,-99.51140099384683,-93.3701155092702,-102.22270246989258,-104.26718157069695,-101.7167315713065,-95.95763491454481,-100.48618721909212,-95.50193495001896,-98.8407232328427,-98.92737946941214,-95.84786649241835,-98.26512528949105,-102.6125145211719,-99.09547254328798,-98.4917506939998,-94.28922877430772,-101.18234955460358,-101.27063660079523,-100.08795060384661,-103.08359680723535,-102.07257113882017,-98.6033116965215,-95.21007501064321,-98.477819685299,-102.44776675726143,-100.774913933372,-100.87339919983458,-96.15682458677783,-99.33476116541945,-102.90607611847635,-94.90728490520033,-102.28516113325978,-95.98394757370211,-103.56075140738447,-99.92380875783115,-101.44624614601015,-99.19856513934923,-101.32971946593382,-98.30986635656177,-96.43484118462854,-96.08983702286599,-97.10277299762325
2025-11-02T00:17:40,AP_24_1,2.4,1,wifi,2412.0,0.0,0.0,-106.45291969159472,-96.21492104407585,-97.59744643950958,-101.59828388683381,-97.14752345727024,-103.37728468604757,-97.13709387036926,-96.9774625427993,-102.15759962388395,-101.29155182005262,-99.03087090628011,-96.715324473456,-98.18597279134076,-97.00615574897543,-94.58512342397283,-96.94785585114212,-98.17253488429652,-100.46818345430788,-104.63999328975467,-93.1701541005761,-100.00055902365634,-98.54496372629211,-96.89259516818149,-95.94092589016287,-99.37947213019852,-99.50763424697125,-103.04852339075397,-97.46621714669459,-101.56325116627997,-99.9927683623618,-98.51492927900816,-102.57702984609162,-103.08958857092365,-99.63461696788866,-100.48524676038255,-103.63820546143666,-102.49402837854818,-100.72173559259723,-102.55061694039776,-97.70164901769401,-96.99969561985262,-96.04854619491786,-101.48355700258136,-104.83249460365023,-98.4662028298869,-99.31655551271812,-100.43012735430527,-97.07463856720605,-102.85338952391477,-103.14662324081527,-101.33250101702725,-106.00845409417579,-99.58324889632625,-101.41559401070735,-103.0199346617254,-103.70301224501081,-102.48268778896622,-99.17124648842082,-101.10702079652177,-99.79931783054366,-98.9186443188236,-96.24030558630136,-99.96196703348905,-105.87362357546047,-99.00222061541673
2025-11-02T00:17:50,AP_24_1,2.4,1,wifi,2412.0,0.0,0.0,-104.69743135414654,-105.96610320979858,-95.69854318856086,-94.29938076714333,-100.38983915256074,-105.2687944728906,-98.55151734231457,-98.52229346027032,-94.82387489025075,-97.71975692419154,-96.51516254773071,-92.50034308626391,-96.59920956687536,-95.6655368188343,-93.22460307517012,-94.64030937777414,-100.34658823393592,-88.94704048188427,-101.4912350425818,-98.15291122586747,-98.52798701731247,-99.92282684707443,-100.12713038669021,-99.9146709156174,-94.2740739781785,-99.41838452852978,-96.59828056025255,-95.52492795252635,-95.80423786367255,-94.57652860354499,-93.24351106084386,-93.84321164196805,-97.9412597290168,-96.50036201621201,-99.4708702751081,-99.69712152673287,-100.2351668308461,-92.01358542604548,-95.86110017546942,-101.37590416733345,-94.86540880082929,-98.5300362599175,-103.11944371280747,-100.40206661064042,-98.11135055990975,-92.66109418359842,-102.44542038175493,-98.25131175065162,-98.55322462253682,-103.30440393927367,-91.95682017678011,-99.23498975206343,-94.12781585363396,-98.85421247768107,-98.66736329909023,-100.29896328868361,-103.0396549693071,-99.03287683911894,-98.87370968182994,-100.15956561142593,-103.63486779746368,-99.76084150684004,-104.98293194527378,-94.36512025120575,-94.26110718566815
2025-11-02T00:18:00,AP_24_1,2.4,1,wifi,2412.0,0.0,0.0,-105.141136208331,-97.40266485995089,-100.29106066987467,-97.38582390222295,-96.08320043771852,-93.46512195946588,-99.13612732488761,-96.25196283394295,-96.2949976658177,-96.96195045838196,-99.77446395206823,-93.67661769450983,-97.81702431870194,-95.81622063853473,-93.61739909413029,-97.55900068327688,-99.68693095733424,-98.04505545830261,-100.85905664689358,-98.91434630823811,-98.14615295332538,-98.4618217245485,-98.19081302313622,-97.87037388301104,-98.70792139091475,-97.01028841098437,-103.40670338797324,-97.00340717515408,-102.22070176813567,-99.23282773445996,-103.8554790064379,-102.25254879422165,-104.70425821884837,-101.83878320870389,-101.14050559115856,-98.93968693135483,-98.09579368037329,-98.37000092205321,-98.28514016449557,-100.5798300784038,-96.07706331935631,-92.70680706260377,-98.05689072212675,-94.41960122803556,-97.42844935218082,-101.8404469544792,-103.09482753534012,-98.84997617840233,-100.44151325233489,-99.07156423653458,-93.76516858470794,-95.80787090427562,-99.96763945038055,-97.98514375106792,-96.88191005263809,-95.28098164740109,-100.3340956396805,-96.05135713389745,-97.2957773296396,-96.65075454927133,-99.02057201641863,-96.80882517871167,-101.57949797743814,-96.96126510793988,-96.71680803486532
2025-11-02T00:18:10,AP_24_1,2.4,1,wifi,2412.0,0.0,0.0,-104.83482132823714,-98.18772806117339,-94.91019707737692,-99.30036502444709,-96.81091523528632,-101.06956123998104,-96.91371551684615,-97.64996676889247,-98.11227252863586,-102.30248799649226,-99.66051404267247,-95.23849472710107,-95.55171684934318,-102.24615301366565,-102.16778314206479,-95.92384183381022,-97.13741022269696,-99.04950907495325,-101.82718913764852,-97.91326555231876,-92.51139832213047,-100.03283382637368,-95.1855437130053,-99.56774092276889,-103.02510851298307,-102.3872385652907,-97.42549845263915,-93.78617154377787,-102.81819867809133,-101.76568434327952,-103.76555488029094,-96.86432153782917,-104.0716214181326,-99.4474680842879,-98.09932791372296,-101.58854685687324,-92.7840232080895,-97.9392213161851,-99.04236313709929,-99.24798488150965,-97.61565750553042,-93.76589007481337,-100.28105540403612,-96.48002475067958,-100.90610234472017,-96.31884851777635,-97.5278192640444,-97.2038379073147,-98.66274456819406,-102.72631931898847,-94.9995966911683,-93.30120493251523,-100.68880122699156,-100.07360643341553,-91.48070608345905,-99.33702951587753,-95.37385360511686,-100.60801560074653,-94.99191944768391,-91.65144967925794,-97.06863082503062,-97.14180482479081,-90.66678958872424,-96.83825276022566,-101.01132172523107
2025-11-02T00:18:20,AP_24_1,2.4,1,wifi,2412.0,0.0,0.0,-104.97419308401238,-98.14954498226543,-98.37581188798808,-97.44429443448362,-98.23690047140097,-94.8572038363537,-101.32670279578922,-96.99120097082054,-96.27734230146133,-101.00515165337522,-97.75661243764522,-93.84092329374334,-101.264034375657,-101.14613082747762,-93.57580558816042,-96.64152456110452,-93.4229083975602,-96.9015080833063,-96.3890365766226,-94.72567550264472,-92.88520849823418,-94.1836187257362,-90.36520620338676,-96.67866990532681,-98.86428689290463,-102.1058075503981,-94.94696864740557,-96.22046238648613,-101.00238681476452,-99.16853635025471,-103.45458532321949,-97.8447871976178,-100.02510976864988,-97.04783430079821,-95.6883443914882,-91.49885913857995,-99.35244509051992,-99.60978575871273,-100.47166199867996,-97.24505685567321,-99.11118100414402,-101.30903676448939,-96.88300635534158,-97.3915578271098,-95.07023497398059,-97.60154847080625,-97.75765272330727,-100.10381044728634,-96.9036337342532,-98.15199953350269,-92.64532616245874,-96.5242804667539,-100.92026660681573,-98.82246894262185,-95.8856151536626,-101.12880905069372,-98.67729626112849,-104.03980013230742,-95.86427524443722,-97.63011576617154,-102.1467035111936,-100.39280274528659,-93.91103503887582,-94.75339135475866,-97.17965489333066
2025-11-02T00:18:30,AP_24_1,2.4,1,wifi,2412.0,0.0,0.0,-104.6278819701358,-97.95911167846984,-98.2873688464282,-96.95238594077667,-95.84921237338214,-96.3212924620485,-99.08345380616854,-101.7360768382836,-97.85610682152668,-96.00222549540868,-96.33932696618284,-99.15139244181086,-95.24220567959637,-96.76938485266716,-100.63564144137143,-96.32745710376308,-94.15968712108831,-90.67316941157534,-98.6646263982471,-99.28137205290332,-98.86233368882573,-97.31875812159603,-97.35588312915864,-98.39586628314181,-97.86457888927916,-97.88680477308651,-89.85105354529153,-98.02192356410382,-99.57913903723394,-96.48375233322416,-93.78202068351001,-100.37957886782965,-97.312232607746,-94.70998801016273,-95.68276819334571,-101.97889323651128,-97.24841796226791,-99.682830570536,-102.24398725763065,-95.31681994070492,-96.42002500029363,-99.07277278580699,-93.98326501881155,-95.41843095237913,-97.39840705033632,-99.6262009101217,-98.5720564121379,-98.14413964489596,-101.248047651883,-97.32845878147603,-98.97936128840475,-99.90767437485223,-93.30709680293472,-97.63605469586118,-96.54009014703179,-97.74493648199275,-99.6334778548227,-101.23674382038763,-97.11874813265788,-99.36365161910008,-96.39968286725916,-96.91210153065428,-105.03838039342041,-98.90685783667166,-96.31278091147769
2025-11-02T00:18:40,AP_24_1,2.4,1,wifi,2412.0,0.0,0.0,-104.49092798972426,-94.34176760882733,-94.93677746129194,-97.13379232442513,-102.07461450169342,-100.99794501164145,-99.91030848706666,-93.33594193113146,-94.9285173492928,-94.72244775512252,-95.79095397322936,-101.49333094897037,-96.00277227645809,-102.76194690877335,-93.10221243129385,-97.52018126329929,-95.26569883215042,-99.47805759360851,-101.3411827107712,-95.79025765860354,-96.50386250538952,-94.50173683771085,-95.47521026655953,-94.92084144638828,-97.87206404523678,-96.20802990290268,-98.3997378475415,-95.06637438662564,-95.02827357411803,-98.72482282880637,-99.4886404354293,-93.28366554990012,-97.29838435423433,-95.82141951050095,-97.36780738628055,-94.96481262786443,-96.35544726818101,-93.65791203442312,-100.47057764991723,-94.75976851121914,-97.82573632286912,-98.72170084753336,-95.39534865395359,-98.9204545289105,-88.90754885510165,-96.58769519955406,-101.64944027750506,-100.45372152722922,-96.98381107901217,-101.54997777228654,-101.25184885966199,-93.52148032224449,-94.9713166495678,-86.65945377862556,-99.97845985103821,-97.86172316664194,-96.74765907934679,-97.70683019903599,-102.28850877625018,-102.27473116337949,-92.75564420131991,-98.17335563947701,-101.9456449244828,-98.21309592932985,-90.95260768503677
2025-11-02T00:18:50,AP_24_1,2.4,1,wifi,2412.0,0.0,0.0,-103.92141651070823,-96.82386813471354,-97.49049019288894,-91.75790524963502,-93.39682281487227,-93.43146551685332,-100.45243742748639,-100.13191456140983,-96.15795067948793,-95.59886511540167,-91.47647345217291,-101.88094447109073,-103.08630423197935,-90.09978744280382,-98.92942209413319,-93.38965245352266,-94.08564690086175,-98.53341979170534,-95.99992992328409,-98.78840849221007,-96.20100031077581,-102.48712631413304,-94.7608516184303,-98.81422689487586,-98.98155432186391,-94.31803286629963,-95.96473719712768,-97.75219546589953,-95.52382663086401,-100.87003385333627,-99.22668471943865,-100.72555563765498,-96.03490710200069,-95.38574530808181,-89.00873837898192,-97.7719131418002,-96.82082521021938,-90.67395003253728,-101.52232856495691,-91.94591004717284,-99.12546608655113,-99.42959214306798,-94.1064503313115,-98.41720789652831,-96.23639186220754,-103.35388486483012,-93.36257084602526,-97.58481430613287,-95.63713014873728,-95.97050571912384,-96.47184004717181,-96.46177516483858,-95.50304469989858,-100.75212271960886,-99.10268974021925,-96.03489019774176,-93.49346267440785,-94.9162259027303,-94.24514290120864,-98.99890678982008,-94.74341879775969,-93.25294789775445,-101.53971738525911,-93.81458523969343,-98.7447077246972
2025-11-02T00:19:00,AP_24_1,2.4,1,wifi,2412.0,0.0,0.0,-107.02944159072271,-103.71344522068546,-104.51803664433135,-97.75754559730208,-97.06839549760093,-97.66925078748976,-99.50886532419096,-100.9032129407982,-99.95787968075797,-96.10166649195634,-102.55956739435884,-94.12963091093806,-98.86752851551114,-96.91373734271383,-106.21703402134685,-95.60038044050143,-104.04001948991554,-99.18305622995514,-100.49081997705477,-101.82150048301392,-94.49995982250148,-99.19469480988687,-104.28222930777471,-102.33321581272956,-100.6599548398844,-98.45567396349152,-106.23733252834231,-101.4813533094752,-101.11717238241104,-103.90937278705387,-103.48388691103952,-100.41288610205913,-102.898942707515,-100.32046162664975,-101.80323166325749,-100.44009024501852,-95.01259762138622,-99.78305070355803,-100.31521878548678,-100.59702978592838,-97.62644214212406,-97.19617421411981,-98.6972688344349,-107.9949630391921,-92.83607956144405,-96.90171734768118,-102.17303459700426,-99.69994952546988,-101.9051437747036,-102.67697273796233,-101.16108247355687,-100.50516625516823,-97.74582907579668,-101.1176024411079,-96.53575637203397,-102.97148702239046,-96.98384396912303,-97.55221748457429,-105.83789163521159,-95.69884532221752,-103.41584673586588,-97.29718669409152,-102.76065720616815,-103.05089391934573,-102.09527107278844
2025-11-02T00:19:10,AP_24_1,2.4,1,wifi,2412.0,0.0,0.0,-105.83173241292488,-99.86844581946328,-103.87679523089031,-101.95591382790498,-96.42030987718934,-98.24696741920708,-100.58083378850843,-103.2883671632586,-96.91178487477693,-100.10164060125723,-95.8460025173071,-104.38887715686558,-100.51696193167905,-103.49243953507221,-97.94071922553259,-98.21290685553713,-94.04740074631258,-93.86553595184866,-100.4040515250156,-96.39282252430556,-98.7535919325906,-97.1262367373906,-97.68384056773374,-104.10857734580827,-97.50308150957834,-98.63140061150007,-101.01965545182101,-101.46429094324613,-96.60283276369216,-97.69610117546732,-93.53374668192444,-94.08015057467378,-97.51418845383164,-99.6100523539884,-97.70729055151723,-94.8208278636102,-97.65418799145797,-103.43181476762462,-101.68946395095233,-98.2699113991207,-104.25509878686235,-96.41994540335473,-100.71062667642475,-99.9657927006291,-92.15834369312624,-100.61657564996388,-107.77636417113088,-102.22363092694425,-100.97954909653886,-98.9146853748462,-95.72473841251174,-99.40301431456652,-93.08312874942015,-99.64758302522596,-100.83789989885256,-93.62274471901843,-101.72171589513503,-93.09007143315839,-96.98213359778684,-98.16267236944395,-104.1886562237747,-101.12469695615046,-101.8860657240699,-102.84744208782655,-98.81503665576388
2025-11-02T00:19:20,AP_24_1,2.4,1,wifi,2412.0,0.0,0.0,-103.62197168959756,-97.7675537170957,-98.72089999042603,-99.43306388449894,-96.577401020986,-95.44546656607262,-98.03727672926743,-93.91241870936854,-98.65782018555504,-96.3338396970983,-100.68134657984353,-96.82136564366178,-93.36184709785199,-96.7879661830952,-89.7258247791647,-92.12523209841892,-89.11430085791304,-95.77858065240308,-99.2373943125744,-102.64716375191564,-96.91060068074216,-99.51435665005998,-95.76523572601896,-101.63216487067928,-98.1504206676388,-101.20617581110612,-100.27338278711656,-95.23975153060138,-98.01878445479889,-95.12165974776073,-94.36449804690078,-98.79468099316766,-96.35297750574486,-92.01740481280156,-95.62578012476546,-93.87710893920392,-95.20411568281041,-97.21824157054861,-101.53265080901593,-93.00100914065769,-94.26878372596627,-96.20879938020884,-102.1187430441525,-96.58539517841312,-96.99157978229951,-95.79397239310103,-88.99276566706824,-93.81930451668603,-96.24473974153474,-103.00482541671978,-99.34081242020842,-102.15458961614333,-98.06278122214657,-99.07724540804418,-94.63716514075878,-97.8725963786035,-91.77135018640593,-95.99672049291823,-93.68124990968913,-97.62228660665913,-89.31417414564953,-95.65767912487438,-98.53317092596637,-96.1057183340326,-95.36826966419207
2025-11-02T00:19:30,AP_24_1,2.4,1,wifi,2412.0,0.0,0.0,-104.90499514285455,-94.18910754924129,-102.94566142094331,-94.1001884868011,-98.34968645149536,-99.06264844312524,-96.45569414722812,-98.48031123958839,-98.74895703422963,-105.12763955650507,-96.66280268946316,-98.90069535225324,-94.77740049683408,-96.55328410401188,-92.58981266157201,-101.03778742977067,-100.13984530223856,-99.23337059244261,-99.41306817305711,-97.91798774562072,-103.59888134675884,-97.16286361581653,-94.47968118881963,-100.90685164817057,-100.64485931799628,-102.5216494513218,-96.10215730507848,-102.20364668292976,-100.840957125645,-101.33953125303744,-104.1528353968621,-101.0146529334829,-94.03630613353774,-96.9329688650398,-96.61675635607189,-95.94716762086061,-98.93101047806604,-96.58436195441786,-99.01444746407779,-95.71679353553326,-98.46839111663141,-96.83357004546117,-93.33647971924658,-95.7233185224503,-101.38089100510543,-98.0908969870716,-102.13744489437146,-97.97292515745818,-95.76081284002603,-97.20110662725742,-98.51164845351649,-101.92968384431306,-94.00919099687262,-98.54491098095951,-101.01025499087332,-97.17007150873678,-97.51351135567695,-97.84279878114161,-97.2377995401034,-97.89966606145494,-102.2260103137462,-100.30496388179655,-96.40621971288104,-98.44152224960763,-98.76168581891636
2025-11-02T00:19:40,AP_24_1,2.4,1,wifi,2412.0,0.0,0.0,-108.33233637558108,-101.7933007301715,-102.54138276741163,-100.25692231810923,-102.80942222201082,-102.27840452248695,-101.67020795743991,-103.2489815039206,-103.17335409633894,-99.73054293158883,-99.36154502634822,-99.99492535226813,-100.38424965951464,-99.04011915924335,-103.31493058241918,-106.00334929852198,-102.8470939559412,-99.43730563587346,-103.3208027026102,-104.95373265817477,-97.42977062755044,-94.0549327610133,-103.90796280365417,-94.90281732947533,-95.93987007664839,-101.62141435777751,-104.93806095452416,-101.39309671315209,-103.0832622492337,-104.48985463615452,-99.37380163733418,-106.70016517926891,-96.15507090445873,-101.7124174541766,-99.39858521052476,-98.79589063422942,-97.93606326171962,-100.76759260532027,-100.12048887169468,-93.7312162103076,-98.67604161528197,-102.3751271461266,-102.92519042975086,-101.41005412226949,-105.19899481848122,-100.07231421095366,-101.62992425098076,-103.45491829084087,-99.77938643527509,-103.10016589164417,-105.02449743996722,-105.87405699139548,-102.0966357837438,-100.2650777640986,-100.12089923374577,-103.17807639185531,-100.29214845234509,-102.41406782991601,-99.53567459199273,-105.5445196157101,-101.7202089733353,-99.49021389673737,-102.56459699377537,-100.00002571903642,-103.14760155078531
2025-11-02T00:19:50,AP_24_1,2.4,1,wifi,2412.0,0.0,0.0,-103.04436779172109,-94.87580748591944,-91.77979928700692,-97.9672326514448,-93.99050965837857,-103.02332834078115,-98.90062345327077,-97.42632753259339,-93.88347526245127,-93.60898093194159,-96.00852072511616,-94.25990320494473,-94.86587452481902,-98.15298366729681,-100.75788078702891,-96.88365104011035,-93.47440600615367,-98.67617414477478,-94.74228695434853,-90.04906082361636,-92.08655669389854,-99.25117256687224,-94.49110730215772,-95.26670246645101,-96.60364801358227,-98.76795545244005,-93.63674565136428,-95.02591075386536,-96.53264034786534,-99.65640031991168,-92.98394489887059,-101.09699572556177,-96.06740821169652,-101.99030571100772,-97.91765272654733,-99.18001607935179,-92.00703982474178,-98.15955631033643,-98.7056282048428,-94.24128249854236,-91.85821990121985,-98.69687851184746,-93.79959604460774,-95.71275560316656,-92.50557394981533,-97.8260783378319,-96.47215997183707,-95.2704857259192,-95.22912823637711,-96.30933000198235,-104.10879278755236,-94.82239291902505,-98.75979068852182,-96.65977773215192,-92.87251280062233,-94.97295092317913,-97.75699607299295,-90.38549577353261,-95.19305175728991,-98.46552922149351,-94.17881412359907,-97.48609910959583,-98.8487935169213,-92.17389616483901,-94.0231869615882
2025-11-02T00:20:00,AP_24_1,2.4,1,wifi,2412.0,0.0,0.0,-106.18520306824014,-102.39067914184317,-95.98302348130997,-97.2924105640956,-91.06613712989335,-100.16588449813763,-105.0980671461084,-99.2480816716436,-97.40126551472468,-96.63107372382572,-94.64629105414666,-101.25633141694364,-101.4425348850159,-101.25638232762027,-99.8362550000653,-97.19743373910012,-100.57100097610446,-98.41691100262064,-99.68150778205897,-99.55196341097624,-100.32337599658062,-101.6723690342929,-98.6691346880099,-96.59752507150765,-100.42163474293832,-102.47214116395836,-103.51183233444387,-104.26155459199717,-96.75900030585659,-100.41146764213832,-95.41152371437313,-101.94563767459437,-102.95372923227221,-92.29769654411338,-97.76898096032579,-102.61481471766409,-96.21762749044385,-96.99732854751905,-95.42331590396832,-100.2844710218598,-89.62169899698844,-95.38393365711309,-96.30548775113785,-101.94272722853437,-96.77930876502026,-97.00810481388953,-99.36240842558658,-95.57581724595332,-101.25226508988263,-99.84176063177262,-96.59043744512971,-101.55266345960497,-99.75449961885651,-99.82828910783253,-99.43348522407388,-100.03530964406959,-95.2606021562789,-102.5926112354828,-101.68715074455136,-100.70875409700203,-100.18507565049768,-97.13980354120524,-94.77729802628413,-97.61982684025301,-97.43923463889881
2025-11-02T00:20:10,AP_24_1,2.4,1,wifi,2412.0,0.0,0.0,-105.16680957228849,-94.54222237280331,-102.41013471453203,-99.98733560993499,-98.02392170605042,-97.29412379507102,-95.25354189881136,-98.28099086833481,-101.26695682222207,-98.38840413748626,-101.20042678178814,-98.45694817991087,-94.51606794647613,-96.8079386417354,-99.04369242453342,-93.34127578246476,-98.077600314771,-100.11105838450841,-99.93456483914267,-96.52455498343669,-96.44464719114083,-97.36837384964517,-98.49713878259078,-99.85924840352189,-95.27979442415538,-98.16106142149262,-97.30527835708553,-97.15100547835156,-100.32641889330432,-102.78814316499214,-99.7636196512697,-97.02932692898437,-93.74735059851989,-98.21527184834787,-96.20237777663861,-95.56873350960932,-100.20387806428305,-99.25154500866672,-99.32599462405791,-96.63118453358392,-98.03522361206427,-98.38802761468529,-98.45097037179605,-99.52657336990076,-93.96236768354859,-93.58099178689369,-104.56677841601254,-98.26655470681459,-102.76703596910629,-97.28845244644768,-98.20196162550697,-97.61255095219705,-100.74055792923264,-92.51873653378806,-101.1441744910026,-100.01960249184033,-101.9038896967307,-97.2393889289862,-101.60896146902391,-97.67934739708255,-100.08851240358766,-93.17856209084343,-90.84026619929193,-98.28815893983305,-96.01137652369559
2025-11-02T00:20:20,AP_24_1,2.4,1,wifi,2412.0,0.0,0.0,-106.67717485672468,-93.98524710639492,-98.21949692102842,-94.44055775936582,-99.54581397637567,-98.59267016346992,-102.58199042066883,-100.05809186139345,-98.60507047305195,-101.2725236706647,-102.14508285213249,-103.17882490247571,-96.33012529190391,-101.75703644809485,-98.73638028150643,-100.7243189865084,-105.8451719937141,-102.1039960384082,-102.92906674762487,-100.24506086610677,-94.46211271788567,-100.91333096113236,-101.08855496565393,-97.00708172594166,-99.20015178027136,-100.35533641036237,-99.04084428797823,-104.68191704263997,-99.29356394429108,-96.20015110860483,-100.39865793856829,-97.87452775542303,-97.79938798440675,-102.79000232939974,-97.6795981037706,-100.23334994595403,-98.9249582509364,-98.77340545273516,-99.43878010629783,-100.61552037508899,-98.18167639434209,-94.11565493963504,-106.28528719837817,-101.65337320254528,-102.49938775926358,-95.33726211022618,-99.29600885469898,-99.43473768749526,-100.3101160404339,-99.92535426023989,-96.87774577951207,-98.41488392127727,-99.82891869001564,-96.08192213499974,-100.45278132491997,-94.8210891762424,-105.1838582896375,-99.11784561601863,-95.18901958508563,-99.22174898836317,-103.31974843354469,-100.9589271606136,-103.9529051681721,-94.32370967089884,-99.8397553759382
2025-11-02T00:20:30,AP_24_1,2.4,1,wifi,2412.0,0.0,0.0,-105.07730198611536,-95.86006668327558,-99.12203713635817,-97.0142995841106,-100.50147191959668,-97.09045359935196,-91.66878328354306,-100.80055663439201,-96.02391987046254,-98.3454179367501,-94.34444028109614,-93.56865101309242,-97.12448686297056,-99.57380306983485,-95.59333969278659,-96.39533975265738,-95.56184572595116,-103.31147888762403,-89.3976393089145,-95.34238622197124,-97.19855362054028,-100.06386965996373,-99.01292992574164,-98.02512420177646,-93.37986985425546,-93.67277713413318,-98.39700936765368,-98.05478128966975,-99.26656984683478,-102.10331130738217,-99.68348420585963,-97.02945968617438,-99.64954421666977,-96.78464619414241,-96.60152249105766,-96.76773216605257,-106.20167482137379,-94.01019722076741,-93.29038777017978,-102.51406357933304,-99.84984383604093,-98.22730167864944,-95.61082023765215,-95.18015143141824,-96.32850023262529,-97.14019393021061,-100.03965168863765,-95.87709388269295,-98.4895698264732,-97.75920891653543,-98.80564060978777,-99.06241647207821,-98.00898896072307,-95.98129664186077,-100.45260626829125,-99.0840269425428,-97.65432558934033,-101.66604417892108,-98.16995957929987,-97.18765306225731,-94.42517854470435,-101.70564635133842,-95.8997855648616,-103.51247494734756,-101.57696484604828
2025-11-02T00:20:40,AP_24_1,2.4,1,wifi,2412.0,0.0,0.0,-103.83992256194013,-93.95155250669275,-97.40864180681675,-94.25031273114826,-99.57671970207586,-98.01243820253403,-99.02247459416044,-98.2050056392832,-96.20279202082865,-96.35159773008867,-96.85498300721366,-102.19080908399316,-89.37119765862828,-95.82428657942816,-97.9754097078247,-96.34376130813642,-95.65735088233481,-96.32211108700055,-97.9818225569223,-98.9631343987567,-97.87933586808633,-97.60826336965164,-96.3211944246954,-99.79226911958926,-95.61743502459288,-94.31118498809987,-95.93841819300404,-97.88361845441932,-98.32450964748442,-91.2901100922591,-102.13782133504017,-100.0219610147534,-97.19226875618484,-98.30077598222698,-100.31674981244691,-96.54347217865013,-103.57143881606035,-101.18593606804932,-99.74941355221618,-97.71401555984488,-96.74507526071197,-95.37978806080142,-100.82663458024605,-98.82917250818274,-96.89544737983566,-91.25402837629119,-97.83647851984499,-99.10864599262833,-94.58179607782368,-100.53741348506362,-96.76521594425856,-94.5366676613807,-96.75813028412308,-98.86781063968151,-94.51338727901759,-97.69764206641584,-94.04334820776225,-89.56035971099334,-98.63419890915101,-98.30477096183732,-94.52041134734917,-94.22015347773959,-101.23920886327063,-93.52592888502352,-98.73152996082214
2025-11-02T00:20:50,AP_24_1,2.4,1,wifi,2412.0,0.0,0.0,-106.26310876199807,-97.2590067371918,-100.94701136551174,-95.05882937338158,-99.30057849447658,-97.3460031676753,-101.07837878147372,-101.02389831294768,-102.55438150414354,-97.85379892327316,-101.29556909190744,-100.47944263452347,-102.48078326057436,-96.73622596971622,-104.53788805549095,-103.08583387614863,-94.16602986718274,-101.61239846589542,-98.62605190794226,-100.17004208425274,-97.99992978052991,-100.91315879037289,-96.61249999788562,-100.63682202809862,-97.68674127098036,-101.21491790937438,-100.57884654515524,-101.05232240335486,-97.87317052823101,-96.74689387433133,-102.15447969491474,-99.31446288838472,-95.63544105567114,-97.09378852058558,-98.91158216431393,-98.34713899338189,-101.97197633358155,-104.26458364329729,-99.19641876703014,-98.74500120163894,-99.85175440376386,-94.09595749499249,-96.29074093354347,-99.24113384379426,-101.76886920156251,-98.22495244266395,-98.46856299179628,-98.19024542989162,-101.84329850508185,-99.91637319933632,-99.68959884141354,-98.39000971429576,-104.02391460057929,-93.30143019834533,-96.39432491211701,-97.01808061565319,-99.11104118254187,-98.38181117486948,-97.6256257419119,-99.69005647109776,-94.7902832128514,-102.40441618695593,-105.02154720221567,-95.75934454740214,-94.36569788150226
2025-11-02T00:21:00,AP_24_1,2.4,1,wifi,2412.0,0.0,0.0,-104.96257749864444,-95.69358713915152,-100.2239628971928,-96.76166283641939,-103.42827351522104,-100.26641362742342,-98.55315245571558,-97.2706928075671,-100.44391474198464,-98.47506606519731,-99.05104849982122,-99.01678261862621,-95.65300202727097,-103.1970811487659,-94.39812675834528,-95.39347108884792,-103.13364129106995,-96.55903634377319,-102.96913500820513,-99.46355163727867,-98.38700157645532,-94.33533656377118,-94.726306204174,-98.82429943980014,-95.93319111865598,-98.11463933923096,-89.22911598681334,-98.76752275099422,-94.88949559249286,-96.01259923454897,-103.32955441319132,-95.05639288622456,-97.78731195003783,-95.62939101658881,-98.08593351467937,-98.53469241692457,-96.48306908051683,-96.89736808457702,-98.85527449074715,-89.71111437494717,-94.79905449795113,-97.19174847265998,-95.39690302479983,-97.35400668755328,-92.1025319329769,-100.69467675997095,-101.1539000518084,-99.73408470780949,-98.03598283371431,-97.43613893509215,-101.71279719786413,-101.99134563497398,-99.46005828517583,-101.41857553545728,-98.15032021236199,-101.89609704380469,-94.57111333666651,-95.88521036615715,-99.65310106242818,-96.72464033186218,-99.51191031036669,-98.6093379283653,-95.98055511457126,-100.62184126116307,-95.12377573281599
2025-11-02T00:21:10,AP_24_1,2.4,1,wifi,2412.0,0.0,0.0,-104.23238518689382,-97.06306189797712,-95.82760523601512,-93.46848540089715,-100.91144320352572,-95.80262207555225,-98.39905195022483,-92.11381541778091,-98.30066542638559,-93.39528322146862,-93.16467709453302,-98.17042861032112,-97.63428408952059,-102.08918742946346,-102.90467814492658,-98.32642114784592,-101.03330351648904,-94.4666997916851,-97.7950695054311,-93.56095850650462,-100.11695378680938,-96.77704758653519,-98.88425848021456,-97.37294982390156,-96.6273032752648,-94.08870180905893,-94.35718676408382,-97.47075599625703,-96.26244997473964,-97.8686154257145,-94.30295999702199,-93.04129347610566,-100.77700776950965,-99.46528175288755,-97.95433972853905,-97.38023842672013,-94.92819233603261,-98.73319056936346,-96.04041950166878,-96.25661762158208,-98.46212599186296,-97.63291286970478,-100.32712054528542,-98.63313152087963,-99.48859159362303,-100.75105622657485,-97.63265341316973,-97.26798104571358,-96.80260070705944,-86.75229469305138,-95.92446105837992,-94.4469493420935,-97.48867741579224,-94.74709170657184,-96.18582530593636,-99.17768380455183,-98.33340139556599,-96.6523106934654,-95.78428559146973,-93.87280077197228,-97.30245712960148,-97.49931345733958,-100.25033842048688,-97.08763186634634,-98.21007368444936
2025-11-02T00:21:20,AP_24_1,2.4,1,wifi,2412.0,0.0,0.0,-104.48477788228541,-95.5460339272188,-93.755093804305,-96.13078992409604,-94.91796445320179,-97.6176989111388,-103.16454555126091,-99.90699380467018,-99.15224929852991,-97.91950776537092,-101.14724656761618,-98.3875379689043,-96.70585612289858,-97.29755474782849,-96.76664541221004,-101.6478335694358,-98.57716180734057,-96.37168882890728,-96.14211899978719,-95.68284429535827,-99.22067084230314,-99.13324253077529,-98.49823613948777,-95.08856553031801,-97.66143517687637,-97.36029035883004,-94.28442682651125,-98.2816614184149,-100.3262264109304,-101.45773568399737,-93.13654733897684,-92.88283741187054,-96.27532102143013,-96.91339941445872,-100.39581195667571,-95.21341237982566,-94.55524865158476,-93.77338529655651,-99.79511018273888,-99.37897033113072,-95.67668135487975,-97.92185694091903,-96.78342924256995,-95.6819095878434,-96.53403519964502,-96.38606425415264,-93.72136042570705,-100.74561431550474,-95.21253185181172,-99.08568366681338,-99.43852897410693,-98.44983376304212,-96.34539278717364,-95.78207413455668,-97.98428985883679,-98.17638401148251,-101.26999400446522,-94.13142296738178,-99.6352196030649,-93.646641504572,-100.85609527044755,-100.0674782098535,-97.23147310551136,-95.50048075906012,-94.33116918916237
2025-11-02T00:21:30,AP_24_1,2.4,1,wifi,2412.0,0.0,0.0,-103.60659874692112,-101.99435864494114,-98.73054798854426,-96.0983795080652,-94.80036096668356,-93.83217121994983,-94.45091832554196,-97.40344187118158,-94.43282014276235,-100.80093882494131,-99.19524038978729,-95.38236978944035,-100.39389150153863,-94.4409651348698,-95.934087320565,-101.36869561594622,-97.06383166386034,-97.82070142892294,-93.53092648394963,-99.24702039812719,-101.02930246517995,-98.45133790225545,-98.41888882206112,-93.5406587781531,-96.86643128574943,-92.02431939089914,-97.52551875024983,-98.11492546844241,-93.32248674518155,-97.79276716556056,-100.19311231544816,-97.13234876578609,-97.04703809642031,-95.02412061398354,-95.60514554574664,-100.06063255179961,-93.37750190968046,-95.39305008873694,-98.56058181017706,-95.49291185016293,-92.11558840875249,-105.47819111536748,-98.97108557121273,-96.47726346376508,-98.79049585976485,-97.27339426386607,-99.1424828324001,-102.95352623950306,-93.04947796334326,-94.91513079279662,-93.07215785066212,-96.01005219588421,-96.55403410213034,-97.0409014446774,-98.93708926426018,-95.23201499703016,-95.13172869256371,-92.39527879721449,-95.70908823168402,-104.81195615138006,-91.31800242768094,-96.68225265960152,-92.7564614863518,-95.87000901465838,-95.68946061621342
2025-11-02T00:21:40,AP_24_1,2.4,1,wifi,2412.0,0.0,0.0,-106.00453420164924,-99.93053354134953,-95.74003748435567,-103.9169984144802,-101.49593738262195,-99.30102346291419,-98.01360779659112,-97.47382042209927,-96.60401770401565,-94.30642087041562,-100.88381094546997,-96.77089318188487,-99.9852707932576,-94.56785064715255,-99.09195561651073,-97.35266585706289,-103.95331286322069,-97.11881271714805,-95.00078111345844,-101.99890618235732,-97.74243153055828,-97.34809825079881,-97.67259897065111,-95.27815179233856,-101.07642790164208,-99.83329822487534,-99.14175259421215,-97.62511244572347,-96.28545254596453,-99.43442896193184,-99.72896313032889,-97.91865951267235,-97.84359097162071,-94.1700136932086,-95.05625540638573,-102.33573927061731,-100.9631221538039,-97.75599971034235,-100.50587686123846,-100.40758343781943,-99.02407226292442,-97.48261159244643,-105.25385686923113,-98.13037811411326,-98.93798305485299,-96.60437293395904,-96.08873035377137,-100.48308389303024,-97.72167313806186,-96.45710363800515,-99.4395927404038,-93.61182487985675,-98.6139628484266,-97.49887271389262,-99.04307091452317,-95.57007781438969,-96.19235046338962,-103.11315520476096,-102.18150013631622,-99.11289898847113,-104.96114830702217,-90.20452337704116,-100.39543549933252,-98.47384721385357,-104.62915404605867
2025-11-02T00:21:50,AP_24_1,2.4,1,wifi,2412.0,0.0,0.0,-105.97878951590549,-95.8204606051443,-101.2995790510808,-100.73210252042549,-101.48416976642909,-101.87453346473254,-98.75975177968058,-100.96495008203273,-97.11829834515244,-101.73519332607601,-103.4243828391343,-96.370685629225,-97.86769546094006,-100.954306021386,-98.82671806523643,-100.402896297669,-103.5407915518323,-97.99932570205574,-95.76963243385302,-98.43708557216341,-101.97952918265176,-98.64292005833214,-103.50572047785063,-102.72774292351299,-105.33450499612948,-96.97416611343398,-98.5258929533044,-97.58829967219029,-98.8300552083617,-101.45448615849092,-99.79582994417909,-99.40416487246395,-95.1832502963142,-97.03372118946436,-98.72578945698342,-100.87131641454724,-98.84431879117109,-96.79042059876467,-103.06086814277698,-97.76789221267771,-96.85770258724968,-95.88412826213249,-96.36805379451367,-101.38092569785135,-91.92073335733305,-95.41803504574816,-103.28115982780945,-102.30333799675925,-98.23639069226185,-97.62430756189195,-95.52743897225322,-102.21098800756498,-100.35538661482389,-97.2123677920999,-98.29586042858996,-98.69985011400827,-102.656450348373,-98.99531582023744,-99.74117929809319,-100.70494757439883,-98.43179832813344,-94.35661330228982,-101.63277465277253,-95.17878256443765,-105.6685807475579
2025-11-02T00:22:00,AP_24_1,2.4,1,wifi,2412.0,0.0,0.0,-103.37892696366335,-95.58481299677365,-93.03088377660606,-97.45043885022378,-95.66534806471195,-96.2389505851619,-98.9920991796216,-93.69363356680903,-98.3788057623455,-97.14209091529906,-95.16228024602765,-94.71612392380918,-97.22590631801285,-95.65569486040509,-94.3172332112623,-95.70800000070771,-99.75290217052603,-95.73340484378681,-97.0021472209375,-91.41089881196336,-102.20584600916001,-96.37983535624363,-99.93863560730418,-93.94177214006532,-100.36949110723621,-99.40648446575439,-96.15743805303077,-96.74408012574672,-96.6446761957047,-95.97998875924341,-97.19598392950671,-99.12605731917074,-101.05669062951081,-97.61088548541686,-95.41913609280998,-97.98708877875123,-95.80914742543531,-96.04806001159206,-97.8438469912178,-91.760463071823,-99.20722379800195,-95.556038204143,-92.39765592462996,-94.64858908305695,-92.52081646449193,-89.95594645831449,-92.98638959840983,-92.6677081797548,-94.14834280883845,-100.58249314908541,-93.06995387550066,-93.38351780698228,-98.14292271860528,-95.67481287582017,-97.04485995460492,-93.8572288739493,-95.49152429263059,-94.74442962059524,-97.78567125618515,-95.44640389004444,-94.04771489666399,-102.21786332279189,-95.83424013832102,-95.53231749624628,-97.02087126949303
2025-11-02T00:22:10,AP_24_1,2.4,1,wifi,2412.0,0.0,0.0,-105.07258635364595,-96.87836298045531,-95.6181907997664,-95.7824001198576,-98.99262121458038,-95.81282992656818,-99.29487854282142,-92.95043976463603,-98.02521675277548,-103.64724308616181,-98.48216031934429,-98.1339062861211,-97.6087609666628,-94.38280708580498,-101.14885516049675,-96.08523684997232,-100.8268357988224,-102.12896008693596,-96.90298937610281,-98.35296263547235,-104.33897780386933,-102.1846710065126,-92.49674369135664,-92.88709045464105,-99.66273709704838,-100.98053036322675,-95.05664543537819,-101.53680963770478,-95.21403137123843,-96.86708722203642,-101.85391528193828,-90.85507668927436,-96.41474867620035,-100.87516850286005,-101.48076847478862,-102.522884684985,-95.38191968151969,-92.12179492988233,-95.6994368357592,-101.70534045354972,-98.54747008990154,-96.70861312463559,-94.93764557890154,-102.1256564697619,-96.2326582635381,-98.40824984847929,-100.6303587780249,-96.39957830777396,-98.27503486873081,-100.0944104447359,-98.04876833834042,-95.08498678015971,-99.3633468853325,-100.36223424225855,-100.51182452021958,-94.07384515405334,-95.60842779040387,-98.83335959697635,-92.086013531905,-97.18048328768744,-101.06499937212449,-103.01686763368784,-98.479354877555,-98.10628425904441,-99.41644905126613
2025-11-02T00:22:20,AP_24_1,2.4,1,wifi,2412.0,0.0,0.0,-105.1383637166982,-105.04476407924265,-100.66838003167899,-96.07813729772688,-94.62667735390865,-100.45212084607822,-96.38643811430711,-100.51772969729988,-97.73166618502573,-99.21128927778207,-98.9376548130789,-98.38661472499231,-100.07966187868014,-91.64166455612452,-96.16621161786,-94.10109430596313,-97.87616851816203,-95.0951522129979,-104.90009237534991,-103.13436501743668,-100.47108070816202,-99.37306986817568,-93.91125570773053,-96.43435793742628,-99.66355610437155,-98.22686381850441,-93.59475398669254,-98.70927424865425,-95.94058566084064,-97.74986358903354,-91.58585796242033,-94.24567855302833,-94.59389251692939,-102.0747489746436,-98.92715730674071,-96.30920219467572,-103.37620639727218,-96.94051730635115,-95.97362779579082,-96.20196983960487,-94.34528282650963,-95.6602719049107,-99.56030336399142,-93.22602008247694,-98.80967519300754,-98.34946530084845,-98.87319872494555,-96.55313596596066,-101.74351559213841,-96.6826198262626,-98.59919524081062,-99.81077223768699,-100.59252456422384,-94.59222217422466,-97.02974525921275,-98.37021008648189,-94.93791360070216,-98.28407121137425,-103.2098088163365,-97.68017369993973,-98.15062039544853,-97.1506186821819,-102.37282826498442,-98.31289087147374,-95.5807794293724
2025-11-02T00:22:30,AP_24_1,2.4,1,wifi,2412.0,0.0,0.0,-106.46301328897732,-99.3600281386714,-94.36239180190724,-100.05201355573828,-102.97866404939931,-94.06840092216903,-93.1551277660823,-90.9975707941961,-98.6602412986656,-97.69051830011676,-98.16040486419166,-101.77299171747575,-95.30106264994383,-98.88943192874703,-99.94195705670995,-97.83017915292776,-95.3655762729586,-102.3485504447752,-102.76083330396851,-100.79767437602177,-97.21116822458474,-101.8200716050976,-98.6772380020597,-99.86041441658509,-97.87167631292951,-98.26655026658618,-99.49350798150749,-101.79444946796568,-99.18726731058942,-105.14682172095772,-98.07447942198517,-103.1077414334142,-101.18576187267789,-99.70262949792267,-101.2423226058035,-99.67940049057619,-97.61655891358464,-99.01799972298218,-96.65688843830618,-97.52203566646135,-97.51232165667501,-101.24644144535311,-100.46890849678095,-104.41296088203816,-99.57424194102406,-101.56874539358077,-94.71025401366872,-98.57797320726476,-99.29922800222185,-94.83921972544,-98.86052504215208,-95.04070118929724,-96.52497914051159,-103.34514128696658,-101.81868603749345,-95.62559233993537,-98.93972990015443,-100.6671369636084,-103.43897977007278,-100.83861407078273,-97.7679913564104,-104.79468674578082,-92.95576848577753,-105.09006343996634,-95.32470701754264
2025-11-02T00:22:40,AP_24_1,2.4,1,wifi,2412.0,0.0,0.0,-107.29657202610392,-102.60705285124028,-99.2212476599219,-103.75359198912257,-99.5266160895274,-101.38779097115761,-99.36730679928306,-101.5355758180802,-100.91147362771456,-89.34412034339998,-105.05382423124615,-101.90266146714785,-98.20841544137882,-105.1624162965286,-99.8379878060424,-99.95553881878537,-98.77606794169118,-100.08392996896599,-100.92984726701144,-102.43640461769188,-100.29605944160488,-101.8823351952821,-103.03015390959993,-94.87360827131795,-100.74997596436752,-105.1115168563102,-101.7869716513121,-97.13275684658244,-105.71136913432709,-100.41312836346053,-100.64805867158555,-102.65781725215976,-101.35815604517222,-105.40396658012175,-96.58913839463813,-105.45313456117778,-95.97683892467586,-102.5943854733053,-99.46537512811484,-95.4660758385744,-99.8582393932549,-101.85718341053949,-100.13124566815219,-102.6445635987434,-101.14860450081721,-98.77670222774424,-102.39660811177893,-98.67517128273735,-94.92103853766393,-99.91875633204042,-98.48562260031501,-101.7136418487417,-101.92890533858106,-98.73596132891302,-102.5433787182892,-101.47576266891217,-100.59919230595081,-99.68822122980995,-100.05681684032977,-97.97286862396344,-102.12484353771002,-97.20577165625701,-100.40110097058965,-102.17525854100845,-104.40517213075101
2025-11-02T00:22:50,AP_24_1,2.4,1,wifi,2412.0,0.0,0.0,-108.44098676645784,-104.93813216646032,-100.92288590162018,-103.3712752183047,-104.58439360224875,-105.31893079122676,-99.52463375222274,-97.21849690784312,-103.60949718663953,-102.40431925877527,-97.62865141911351,-103.52839095421315,-100.8902859651267,-99.06381100426294,-102.40984697363274,-102.77308593466927,-106.54853961411078,-103.3781768965808,-103.48170198733237,-101.24580559079136,-101.55597010546911,-101.61590077962975,-103.70419454567232,-106.36657772268282,-101.03691636475835,-104.534547421453,-99.98966209836705,-101.11430133039184,-102.63189681983347,-96.79090169031899,-101.23838661873359,-102.7182863564753,-102.87001849811223,-99.53015216706444,-105.01046652738435,-97.23819623935577,-99.15921426507816,-102.16893499405889,-93.84931078234203,-98.95830988225325,-108.50864638997457,-98.15495414548144,-97.86301988324293,-103.24888002042563,-97.82655340212125,-101.98117748352901,-102.3149388507909,-106.35265653213709,-100.9563674715681,-101.82048812574428,-98.80943986859346,-97.32470568953528,-99.76481475862609,-102.48913199747035,-105.48527280412495,-99.30408797715332,-104.37416700426645,-103.09001434983405,-95.72603350328734,-103.47594588201896,-103.1411360547228,-99.35547395209475,-101.23003627766619,-97.51399262869643,-100.66760572058598
2025-11-02T00:23:00,AP_24_1,2.4,1,wifi,2412.0,0.0,0.0,-107.91860590859315,-102.87530476981894,-100.29163712019474,-95.05119216438823,-100.17452853254812,-104.35765940189421,-97.16744011373537,-107.81497501736666,-107.86005238226019,-100.58464526841058,-97.63403421933255,-100.74453892771135,-98.68399287380568,-98.46153610935,-98.02830155945765,-99.47983831408979,-108.98673965390617,-100.6539061928302,-100.83072485516853,-96.7294334477754,-98.16395327815331,-101.83294717467828,-101.63337918540068,-104.0269666730713,-96.90303291218046,-107.89336786333482,-104.48009773461364,-101.88457886402955,-97.95991161066094,-100.04118580982242,-99.31906933670386,-102.1586574903009,-99.85943073075292,-102.57280988961767,-105.43959470538651,-98.77348384441618,-101.27487367522366,-99.6557357363387,-99.00618070080827,-98.48260221425039,-101.09406547398416,-102.50287754878985,-101.01363787240518,-102.10205937654717,-97.32207258130128,-99.76810869071096,-102.60811944047884,-104.63795951637721,-106.62907630167658,-100.06206355865746,-100.52741283458789,-101.19867672233303,-101.9135108266416,-99.13296397773965,-99.134924601197,-103.72935858535661,-100.07367999646904,-103.23205945957304,-105.44519904265148,-101.22123209907201,-106.75979776713005,-102.355349531044,-100.88057326708659,-95.83073918273357,-99.4397462811587
2025-11-02T00:23:10,AP_24_1,2.4,1,wifi,2412.0,0.0,0.0,-106.49295488029694,-101.75829010948127,-102.09632793281843,-98.1290475557432,-101.1688892290532,-95.5863700167777,-105.79452443347554,-95.51216482739628,-99.38504517287544,-98.08900176305026,-92.56183069831242,-95.72206047065063,-97.51376288458954,-101.16633550782053,-98.31016443411384,-99.67819023373563,-105.24426115917855,-101.24002305723872,-94.38031319057197,-96.54685155859399,-106.68203237615428,-99.210579808842,-100.96706177746304,-103.4041322017714,-99.80741785776283,-97.99251927446119,-107.28636995813956,-95.81747418236613,-105.44269212627127,-94.17605922310534,-98.21197838499326,-100.88327457462373,-99.53584766858681,-99.69360231615099,-102.36766591122128,-99.82537591247512,-99.82305486528351,-96.38167798261235,-100.68906211800451,-101.57120106597404,-105.11303803446808,-98.5225730690864,-97.22169789199079,-100.2285609175938,-101.90645642525013,-99.36915243679594,-103.45420075273357,-96.65438520533816,-98.74915985642374,-92.2850197063232,-103.21766254787552,-103.60959639310477,-105.26975934507426,-98.00606683230505,-103.56535073009802,-99.39122692123463,-99.01721587207096,-101.85400691503409,-98.61169809266039,-96.23476134270162,-105.02460615187171,-94.02162902900136,-95.92351840704593,-100.3119721225264,-95.51516076291888
2025-11-02T00:23:20,AP_24_1,2.4,1,wifi,2412.0,0.0,0.0,-104.73562452392166,-99.22006336056394,-97.13611118325343,-96.87730639895369,-92.54804862399902,-99.96141341389615,-92.96924920588724,-95.16974789613218,-96.39275791717098,-96.95594366150677,-91.40574931217648,-96.77863503977133,-98.18498060132828,-96.23692719301353,-99.86599887765536,-95.95044360585773,-99.32404253981983,-95.94324315286573,-103.49113906652534,-93.87379221986185,-100.35406922242238,-97.80740491477479,-90.90782603333916,-98.87954445731073,-102.80877537325125,-94.92678141728861,-102.11445822254726,-97.05766182052119,-99.546893888382,-92.68131378320058,-96.40099320251986,-95.68245583965886,-97.39419469072328,-96.72769329195542,-96.34779433494559,-100.91305987242117,-94.19859551194287,-97.64219779109676,-99.33352275507859,-102.59621690805905,-93.76521168961524,-96.92460629195446,-102.32551371089123,-98.83291940924663,-95.10525474656436,-100.23547635793113,-92.67047974537186,-91.91920810306559,-94.30864517320887,-94.63979959711617,-101.50105200701232,-97.60649229166066,-96.78046468431133,-94.3747054204349,-93.70000809917161,-99.75850733989583,-93.49371253706957,-95.69880925627557,-94.45236402279303,-103.06345634172803,-96.4010859622506,-99.2771354743999,-92.20344424107105,-94.44666441015102,-93.7254639765212
2025-11-02T00:23:30,AP_24_1,2.4,1,wifi,2412.0,0.0,0.0,-105.00181922512745,-94.86622944659135,-98.30449596588672,-93.39278736314571,-100.67174197636943,-96.16587358065054,-95.80024362040251,-99.19675696462451,-98.26840605794823,-94.19961117835427,-98.59067265593728,-96.69304050201352,-96.59557751089643,-101.58681737921883,-95.25956620934761,-97.46916844700276,-97.98564322256853,-102.50988014960298,-99.29696295836965,-98.89570594375604,-100.28518909728143,-100.67950039666478,-93.82276727130184,-99.95408120956314,-99.58459358188003,-99.28395777224556,-102.85898741828039,-97.12909748706466,-99.52960009374998,-94.394922600358,-99.35760620811332,-98.49195566055161,-100.48906750447794,-96.18690056394064,-97.94440890157203,-99.55953490538994,-102.26888421872756,-98.54779348056843,-96.55527896746533,-100.52350441408154,-98.61578985898831,-99.05815233120833,-95.09886616645883,-100.41083133246788,-97.308934115966,-93.28006461567446,-99.96062293005232,-94.05567940093785,-90.65559221290859,-101.0827872568353,-100.53826279611643,-97.96125052648524,-94.79549763932123,-94.37553115200436,-97.85035306391913,-94.97992684854225,-97.09567948492568,-96.26912014403635,-91.87445629017293,-99.26896751082364,-100.46610559382992,-93.62654503602006,-98.17153003438106,-99.97691489763434,-103.81495072964472
2025-11-02T00:23:40,AP_24_1,2.4,1,wifi,2412.0,0.0,0.0,-107.23253708464456,-104.70916466003716,-101.49551294953977,-105.12664911561315,-99.2423785831082,-94.83455994935275,-105.61033434936421,-98.2024364617341,-96.61569475369514,-102.67896479991595,-99.72058164659339,-102.32847402547688,-97.36523441582273,-102.44510642951309,-101.45755093094863,-101.22559138270516,-99.88070041370084,-103.96451714824398,-101.31858710058673,-101.15506715606791,-98.0359383183625,-96.54142155460714,-99.90145098789576,-100.55316012045253,-103.84615367520561,-95.41741113035425,-102.32980939318728,-96.57766042854644,-100.61332206054402,-105.03604637308501,-97.54213375630948,-98.82651371529818,-97.3957493266747,-101.54642087866581,-99.46643869766743,-95.44973474963238,-95.83944228587039,-103.97235339404807,-103.77314395177608,-102.03312720778291,-92.52700055994784,-100.91010344698522,-101.33359114716056,-97.65658828661351,-101.10141170405998,-101.51911762751506,-93.50308222840765,-100.02924409575962,-102.95050808425262,-97.82552794553575,-102.62533525713305,-102.75543593373081,-97.24194489030172,-101.06397240932262,-97.25093388566663,-103.60725765273796,-100.89444985150472,-94.82490057100578,-99.66531140564223,-98.28784036541957,-98.96225770551182,-94.83613540203967,-101.55021450678194,-96.55485410478971,-103.27002274595102
2025-11-02T00:23:50,AP_24_1,2.4,1,wifi,2412.0,0.0,0.0,-105.45532132464217,-102.5792324808206,-92.826484072633,-98.96744738077012,-100.14513838808647,-101.84407617502313,-97.93758855120461,-93.77296031742128,-94.59150869804479,-99.32975636631892,-98.99922762248528,-99.50932099285252,-102.64335340013864,-96.35262368458629,-99.65653298047629,-99.69405573555497,-101.59969154942127,-102.49335127275752,-101.81394281529427,-101.50270862796386,-102.99710320546582,-98.0474261098498,-97.11959729372069,-100.3986024698903,-99.86930092448412,-93.57370387504771,-99.33115535422486,-98.80653491018927,-99.5885767750391,-97.055775947898,-97.57083753590493,-98.57330892499088,-96.3367927165594,-100.74378171363593,-99.34098569225901,-102.63803732685457,-97.76574332209911,-98.37429365792656,-96.47862673579274,-96.66028412168004,-99.22036291223624,-105.06158545999597,-92.64785621190332,-93.3094200530042,-100.45023957966946,-97.60392753730241,-99.72114313710824,-98.42211690927105,-95.91890710913746,-93.99187193062775,-101.53400821524981,-99.80543596921704,-100.94939434978309,-96.75970441475108,-100.63082684417489,-93.61766631440017,-99.88108791340419,-97.17458770042674,-99.59066543667988,-94.8433949817345,-96.53778750004578,-95.96476108931034,-106.24165182865758,-100.49784029123055,-95.94073920116467
2025-11-02T00:24:00,AP_24_1,2.4,1,wifi,2412.0,0.0,0.0,-106.74240514823542,-101.71857040212635,-99.83560290103752,-99.65888103362555,-93.99619150766561,-100.1431522968878,-93.63284363187768,-98.73490821879491,-99.03293806980153,-102.99955688031632,-100.14923049515725,-101.28827963246681,-102.50384375549476,-104.36155409598574,-97.41847727554011,-95.19450685926684,-97.2819531369141,-99.40139322215552,-97.3990120106918,-101.24175506469963,-102.82676695093731,-102.50433945978892,-101.0697492788974,-95.53098966966901,-100.2571993855703,-96.4535563044812,-95.30276639331976,-98.26216150388542,-98.7425272212662,-96.37751696720878,-100.52321721288641,-98.37017622047279,-98.42908156461176,-99.99136685921707,-102.1907677808171,-100.43987995355617,-102.33982679436811,-100.12223567523792,-98.99092408167088,-100.3437732704493,-102.42445579929142,-102.21840758308424,-98.0573495410419,-99.8303545171739,-100.92153783234376,-102.11165354327379,-102.21886977080567,-96.1733858631189,-106.20120533943422,-104.20819280982042,-97.39363100880786,-98.38924663159587,-97.86363296795143,-97.88927866825581,-98.11885341750511,-98.05650453951851,-95.0404087672488,-95.60635559773809,-100.99014173493899,-96.6790437795974,-93.00533401961383,-99.12632531248624,-92.51171437901418,-96.10860357764474,-102.08326086339069
2025-11-02T00:24:10,AP_24_1,2.4,1,wifi,2412.0,0.0,0.0,-104.04897303512966,-100.23351382014077,-97.70928932633942,-94.08126035949485,-97.15755004519818,-99.08102851086406,-90.22711939979345,-95.91757168029271,-95.42924388909148,-99.08127096758983,-91.3464408875957,-97.96662966662187,-91.77897704740194,-94.4155915789537,-98.16781994934978,-95.78851922451551,-101.99239855394285,-98.55032418081657,-99.32837551954356,-102.68491383986998,-96.59166021689954,-99.94613662380988,-96.10483227535393,-98.49696304673907,-96.14911485493698,-98.54930198395971,-98.43844225258111,-95.20770049812778,-94.04027039054537,-96.8157431547874,-93.64687203326012,-94.12523655801566,-98.74523182864976,-101.7911489330056,-102.13437398942291,-96.43093363999274,-96.44124860017493,-95.70695490714711,-102.16502800874724,-99.87318713653508,-100.31096015211737,-96.74556007724613,-92.16599269965563,-95.08772049595377,-99.67365308187915,-98.35416614966942,-99.28506673326179,-100.97369773677099,-97.43723475677332,-97.17323368558765,-95.24872207539617,-100.00165860709977,-95.87020114919108,-98.69119002188656,-99.48451073432336,-92.45520247315747,-96.44299076582405,-95.05206356171209,-94.49694942070185,-91.46343873123234,-99.89314230424775,-99.29407806817002,-103.40305011348434,-99.24952327937952,-99.26007189223174
2025-11-02T00:24:20,AP_24_1,2.4,1,wifi,2412.0,0.0,0.0,-106.75792220690056,-101.77609588120679,-104.12556161201195,-94.85226404011445,-98.81580567899245,-99.93609971285652,-97.3824860421938,-99.75585299035755,-102.9456659494185,-106.93156320584868,-96.10612890654062,-104.92365027838052,-97.69594350741053,-105.28781393447225,-98.78280870010144,-102.58771732560722,-100.88764244424853,-98.61184843960699,-100.14292758098486,-100.07735259243618,-104.33521527051394,-98.46906198564076,-102.8169156116646,-103.65875587389655,-95.20522489359448,-98.61294129857782,-104.04502917966991,-102.13106324354777,-96.9738717617108,-99.24037797459295,-103.24158118275437,-101.21558397800031,-98.12631901465653,-94.81787642349417,-102.81624523034705,-98.59901186758695,-98.66018061073254,-96.97363775976827,-103.66359539022024,-104.91514971992687,-100.48216348242448,-102.14289638810226,-94.28585936306138,-102.93302862811132,-102.81553802447094,-96.6667000241646,-102.49451269770475,-95.98823136040892,-99.86833042469347,-100.12086726113785,-95.60877980508982,-97.31502761887698,-102.14463651272949,-94.17414458138774,-102.21012515607111,-97.8977659060491,-98.30642022086788,-97.69977185833004,-98.30968744606953,-97.83782553889728,-102.33382265860762,-103.08143959426623,-101.57276607448338,-100.0423417369563,-100.73755855861369
2025-11-02T00:24:30,AP_24_1,2.4,1,wifi,2412.0,0.0,0.0,-105.26718102867447,-93.5525670530529,-96.35900119063028,-93.82697325919835,-97.78167452380144,-91.73086893147266,-97.21063404874964,-99.66060516097541,-96.23280921464325,-94.75618083519635,-97.00596462746967,-102.8629706072204,-96.42069102089684,-98.79316553341586,-94.36048953435066,-99.51245335764035,-99.97419648185007,-94.03172100770846,-98.49738983960171,-95.25317440851298,-102.39158747629125,-96.24447343679839,-95.9980031107754,-100.85438579122055,-96.72159838275661,-101.94372265647011,-99.902707128046,-100.62919955308276,-96.97013892775554,-96.70381306728551,-96.97209635417441,-98.27971681992243,-98.22023201967318,-97.88288408748429,-95.74423058506959,-96.72331604544327,-96.82941922664011,-100.65983771589922,-94.557673652621,-98.62644473150922,-102.66087389680413,-94.66894780796991,-94.07950776487718,-93.79313832039115,-95.1867190916681,-99.82959270781377,-101.59064751037535,-94.9162011841148,-96.28529395890124,-99.24210372387495,-91.24005029790597,-95.09613137026825,-91.5861159038098,-101.52870874915571,-95.80084264485116,-94.20325522398593,-98.27900086334252,-100.25788324742209,-96.84352562917125,-96.2698959127855,-97.17925435235036,-96.69937641968875,-94.54130033071716,-99.91687895664943,-96.44704509880181
2025-11-02T00:24:40,AP_24_1,2.4,1,wifi,2412.0,0.0,0.0,-106.76344800834518,-99.19399346141395,-100.97744298066993,-97.9988428409003,-103.19910811817364,-96.78575629817465,-101.88513946579491,-98.79210426159591,-99.88338374295378,-99.59527912414192,-97.65706232616161,-100.14801974261123,-94.97801667960046,-101.28062559125081,-100.48462114788505,-100.7555556657592,-98.81897716967762,-97.11861742465632,-97.34903225802216,-97.8897938190525,-102.70999187237591,-109.55702317221436,-100.02152868495132,-102.57984938698478,-98.73600677332064,-99.91268353263939,-104.39694247605912,-105.0310152880307,-96.51674289027275,-98.80674761814234,-101.81158523114055,-101.05025535741636,-95.3263208803139,-98.86905949913078,-96.44779381680067,-101.58325885770273,-96.06908322485432,-97.63079716658139,-96.02104488632571,-96.49832170628011,-101.5691355504757,-99.47518117144851,-102.87297539453657,-101.34408226129194,-97.3114411970748,-103.1275748093969,-101.11511673472663,-98.27724582351719,-97.64861779331781,-104.5678068274473,-92.9567268847202,-99.54400971611652,-100.87143531671283,-98.97175834235911,-105.7620168300928,-104.7033761759127,-93.6658472813733,-96.74486036334575,-99.59316675185522,-99.51246526592546,-95.68743228660963,-99.83963685348117,-99.35240105534966,-100.72051229282717,-99.72628068069952
2025-11-02T00:24:50,AP_24_1,2.4,1,wifi,2412.0,0.0,0.0,-103.98744087160935,-96.21535691791921,-100.23219091602897,-93.82693645650903,-91.32152239710163,-96.59779299623305,-101.32406492842702,-102.34193826587035,-95.23420043570178,-100.20953459394502,-99.36389335272122,-102.20999234552167,-91.53663546841943,-98.6460831110565,-99.39948472273232,-100.15760373667415,-99.76398116530714,-93.825737444695,-95.10921328234141,-99.12147041462114,-97.25681499489697,-99.63995941504562,-100.54864453117197,-95.11291698135763,-97.45755439693002,-94.85402549509028,-94.67382449821734,-95.29591332413457,-102.3604144085795,-95.0205074345639,-91.48273574912614,-100.63227379159015,-98.42308281276351,-96.86944533488406,-100.83410113128724,-99.36501104653512,-96.95503293166004,-94.07927851650314,-101.2518327454662,-101.65309998881234,-95.77946965876217,-93.35260030127922,-96.01436456417417,-96.22647226198481,-96.69372110556279,-98.25350078399859,-100.35717400456836,-97.08626690117939,-99.09760954257824,-94.44173446536148,-99.60968998485194,-94.3210228410389,-100.29372597573821,-105.33322533865122,-95.56295276819972,-100.67383993613994,-94.58172276862541,-92.03646201253476,-100.38117620544307,-96.4307430116421,-95.0141891485392,-102.3658095627577,-97.81761615109133,-95.35434672564693,-100.39499043304812
2025-11-02T00:25:00,AP_24_1,2.4,1,wifi,2412.0,0.0,0.0,-105.47946299534907,-100.75212105011218,-97.979677458407,-98.37907500562089,-96.12486762154128,-98.81686289043347,-97.88799266934231,-102.86388761143482,-96.58977818717996,-96.40131707342412,-103.0212071594262,-97.09965167951006,-95.35154469130951,-97.58140072003619,-88.41812025120582,-100.7260697646514,-96.27226622118064,-96.62863450258303,-99.93179397053976,-100.71230897635334,-93.53375276368766,-101.07787025644382,-97.7292595588054,-101.36106974793434,-97.53350907738249,-91.35537091819965,-99.29802942002885,-95.1805346180056,-96.94348362403507,-99.55630271187403,-98.8757145157832,-104.70489290879817,-99.71090202786282,-93.58284094747648,-98.28885609452176,-102.07014683643838,-99.47862946100352,-98.55432529713319,-99.30243357484225,-93.8203465037667,-104.96363699018288,-97.78951496323965,-97.81269980923808,-98.37876833735136,-98.77274029613054,-100.42987807749351,-99.08711482467368,-97.9503724692371,-97.5801794630377,-101.30732279905439,-104.67271392048555,-100.61679315451538,-96.14697918540539,-103.24570475474071,-97.47251698105845,-96.59811696376069,-95.52504919309233,-102.79555989606062,-95.6387679637615,-103.16983070771836,-101.85432473428679,-100.77994524102013,-98.68532440683309,-97.25624923413432,-98.4983922035576
2025-11-02T00:25:10,AP_24_1,2.4,1,wifi,2412.0,0.0,0.0,-104.94822854102782,-98.53575803075185,-95.17019423017983,-94.13232455609943,-101.20805923071157,-96.26325243265376,-96.49761620714656,-92.94868118436833,-96.75631792303442,-97.70096419000369,-99.56050707337387,-95.9930263291997,-94.95193787964975,-99.81068909600717,-94.12602629072315,-95.73745671380418,-99.52526587176548,-96.43179967678252,-99.71991703947923,-102.62460937841477,-101.21790672319716,-97.96901070368915,-94.23714543125521,-103.93405954540245,-96.28220438296043,-96.75130879336557,-101.32240236784682,-96.81920708793035,-99.26707130475303,-96.6837739126723,-99.28664132807323,-96.15276667503386,-97.41061567008755,-97.8279670429084,-96.41548447847046,-100.47096207606008,-98.75183534589904,-93.04941292365864,-93.98394331035301,-95.85656574449676,-103.86984795980463,-96.06832068507092,-93.19212274519869,-94.07507751003193,-99.54742050238046,-99.29310682511692,-95.53247444022226,-104.85003065196388,-101.01094286236616,-94.58472873056736,-94.59163168270348,-98.73622172936366,-97.70186583523846,-98.17590371116238,-102.47661412006346,-98.03029267889306,-93.75028525130028,-98.47678155354292,-99.36409604404264,-99.50716488623993,-94.87364715577101,-100.15404608195871,-95.68015297226101,-101.21012197317891,-94.7433644548504
2025-11-02T00:25:20,AP_24_1,2.4,1,ZigBee,2401.3315995810844,10.621836602295891,0.38455152861811676,-123.41813223920387,-94.03403343351019,-98.20934283053977,-99.46380716518121,-101.15857484300267,-92.57723472656379,-97.94891836329936,-99.31297676548117,-101.03325126273486,-92.89939517449965,-95.68658101269543,-98.60664668734516,-91.29192927889034,-97.62140626935629,-98.24915141772831,-99.3185138939731,-94.5012935299754,-95.6282085360859,-100.21193087180252,-95.11218426991282,-90.98627344029288,-97.7690823317505,-98.42244903260188,-100.43897896059175,-98.36399988700349,-98.97666640019277,-99.66463666191318,-95.93866507682857,-96.24053558511949,-93.36199026414975,-97.97086378430241,-95.23330209881628,-98.17442533518671,-98.32444203594666,-93.3167630643055,-97.35118291835106,-97.81150700728851,-97.79179534909363,-97.22020533535837,-99.21099171599397,-98.08106112823116,-96.0403889227129,-100.77733369480129,-97.6995930694164,-96.59278850437781,-100.31696031254728,-95.19821955558528,-96.97989167631242,-98.29249851627125,-96.04102773289027,-93.27986162800582,-100.02002797540443,-99.41706302719444,-94.41213634032133,-98.4463369252729,-93.43701717268272,-92.21444984062447,-93.84351439493005,-99.45477106057915,-97.96829637054543,-98.78650365658855,-93.45441399316617,-90.32507399923344,-98.24047480045819,-97.9187590119581
2025-11-02T00:25:30,AP_24_1,2.4,1,BLE,2426.145764581963,6.705663128680822,0.37179720416608264,-108.98117719836546,-98.97022748309092,-99.30205546965642,-92.04865860947673,-100.33093118134609,-98.61307837359179,-98.42985144759302,-103.10981588212957,-98.72462299381564,-99.94191754879037,-101.68968094576402,-98.54496079791501,-96.04068803332275,-101.07548625676505,-98.90784889247226,-99.62125226487838,-104.46959411359644,-98.94762963026066,-96.73511073839732,-99.3465498777564,-96.49278771735759,-103.06170303969989,-103.04294642361943,-101.87459286987139,-102.72339465556364,-94.0093979031242,-94.87690893375938,-98.53943634658138,-94.61019120759686,-101.01109347555186,-100.84978367276128,-101.6724075680652,-92.76070134524534,-99.0802780721902,-97.55110221318283,-100.94326586917433,-98.03126167534545,-99.20721235436477,-103.59920101632564,-99.82579309341048,-100.45579048138738,-97.60721551066078,-99.88740966836754,-97.05286720982325,-99.28473787195284,-101.78242547437515,-97.93909790224738,-100.13893097792214,-97.2708560005505,-96.7937358224799,-99.00942783895242,-101.51102353624874,-95.35465424182976,-103.22679336757616,-97.64202865070081,-99.6898121139755,-97.89141045423645,-93.660632031065,-101.14438804629322,-96.32156865984173,-91.09485870716637,-99.75934477377606,-95.57533282997326,-99.43551335713843,-102.89183144248591
2025-11-02T00:25:40,AP_24_1,2.4,1,wifi,2412.0,0.0,0.0,-103.93492120101492,-93.768038047863,-97.80651806052218,-94.26369001495311,-94.95026674578801,-97.30832077120067,-98.46810848029287,-102.0490556633973,-93.35766751812832,-100.68583271629213,-94.83345864452289,-96.27895699336084,-101.8553407783342,-98.52977899173861,-96.27538617087816,-102.08984227048698,-98.96062229525704,-94.1199833833401,-98.30415230624651,-97.49655280008129,-101.80488618238675,-99.90893829210374,-101.11307831419897,-101.93524872249778,-102.12033226016776,-93.199859298486,-95.54980384201959,-92.52199439596497,-95.53746308059871,-93.60709818083745,-95.96406869260566,-97.70973500626499,-99.73215021433748,-93.64474254305368,-99.91735132698078,-99.99374256430899,-100.77165156770226,-96.81086450970993,-96.99892180777196,-101.10904942063397,-99.23773076313225,-90.23399941796723,-97.20047677860701,-101.6321458921904,-98.6377553856433,-99.168840381488,-92.70219259157622,-94.52366588689318,-97.35480892550193,-97.71845770664518,-99.44429559052854,-97.10891054403889,-98.03871821881756,-97.01774286139293,-95.64590042367138,-98.79961182652254,-96.88747002155259,-97.53244353621987,-101.58268663643521,-92.87910339928204,-101.02479681733205,-96.01870049138704,-96.71035592117225,-96.88099940682861,-95.6819646599691
2025-11-02T00:25:50,AP_24_1,2.4,1,FHSS,2385.3999452721755,4.6529480109303325,0.7677564176899464,-126.53945052029765,-103.09627936928409,-97.87187617879924,-93.54474957066108,-100.13239142041841,-92.47050828554303,-93.33347810484082,-96.272440605627,-98.06270077807952,-100.01338488052194,-99.3767790296256,-92.58245091005305,-102.43159505061334,-95.70105069499718,-100.18107370380561,-98.4454794811512,-97.89415304739686,-99.01505177476066,-94.71967000262445,-103.60427290716376,-95.92155158953109,-96.45331249953792,-99.36291177891661,-97.98012092466114,-94.86209649693315,-98.16349086393116,-93.61762826785338,-92.18493422907169,-98.28937327218709,-96.59175284601,-96.51555792853873,-97.07678815469238,-92.7567968704014,-93.94588356555235,-89.79335764262385,-95.60778140040759,-96.3230183103121,-98.17789955043338,-92.012357575619,-97.71271603246633,-96.51705164693486,-100.45022186654161,-104.36638238799567,-95.17261529442973,-92.34180170009739,-100.87459600131028,-98.62265687028754,-96.45750106266821,-95.68735148943428,-92.49511918457377,-98.18716030261253,-100.83608955465755,-100.4155527137086,-99.49502541990924,-103.3663058388065,-101.65089484779453,-96.36951701696279,-98.60382605261468,-99.3493271689913,-97.8472259935565,-95.36337559740682,-96.01440231975124,-97.05805265311038,-97.93991813425549,-98.88785026765636
2025-11-02T00:26:00,AP_24_1,2.4,1,Microwave,2389.3460981922476,19.71152856566502,0.4923393195579006,-130.65711921322617,-99.05746901188637,-94.75812927189614,-89.75778131838908,-99.10227404750837,-98.37766525803004,-101.56170030460643,-93.91638036906782,-95.5639449687225,-92.58029801581691,-96.1767552337994,-96.78644245239157,-100.59429457029205,-100.99993237263074,-94.86373172893363,-95.49950433586817,-90.52670722644983,-101.87857301677204,-98.96139005310633,-95.74801174135591,-94.1818796172289,-98.54795850966407,-97.9522946674102,-95.11063015428473,-99.41056874686016,-98.47073992914754,-93.80617019309695,-92.43773510609097,-94.7866033188294,-100.14080502939746,-93.36862831246265,-96.96765810304386,-97.41834661642994,-99.92356838166234,-98.65203135931182,-90.32210492920748,-97.08079155619437,-96.39756566240209,-102.18524201913135,-90.98822909217908,-99.55033154574129,-91.98239150304195,-93.38990118996388,-100.93035060832968,-90.53166305830774,-95.93303768997102,-96.57141254018168,-100.68240184622789,-93.25736648325814,-94.96691706745075,-95.7750423826982,-96.69024205638668,-94.55593860974751,-94.91593671203391,-101.56212736866941,-92.56009002986646,-95.58228139172981,-93.88402492784232,-96.15114054779171,-97.34431262475094,-101.93577599311394,-96.50317601228372,-95.57689242125937,-97.59966274323938,-96.6507495054851
2025-11-02T00:26:10,AP_24_1,2.4,1,ZigBee,2411.0137556331483,13.096145149031553,0.37914610877484417,-116.8481862779683,-96.52928749678142,-98.84609652846193,-99.47206155209827,-102.72637568252627,-97.5298714846703,-99.53790217199179,-96.66637565032215,-99.34331377742447,-96.15360018331313,-97.25389631348479,-98.92795401474955,-100.55301457683449,-96.87000921621201,-101.64016155090353,-97.07345028173496,-98.81048882186323,-100.42569240873785,-97.32496338382464,-95.32368591097718,-98.8698062567579,-97.34716573012338,-99.99929186958819,-99.53654065384148,-95.88648116434472,-101.10289455223469,-99.85142002374998,-100.08310926880871,-99.49129643528704,-102.13821437650813,-97.2187429468282,-105.17430351867228,-96.47684279036925,-99.552203788549,-97.70766231676645,-99.7907708514367,-100.46699860207865,-98.90226591797132,-99.88050198452702,-97.54320857596892,-105.95439905072536,-98.7066286976715,-100.31729049983699,-96.41985060462667,-103.83757875375791,-100.01789267080562,-103.38390313782902,-100.47967166886559,-98.2539727983249,-101.18234516106332,-94.7702794354787,-99.5709904466649,-102.06175416715413,-102.15872658079815,-97.59070754087021,-100.63417639046742,-100.53453254927005,-97.92916603496633,-104.25127368252835,-97.78402688447696,-103.71064205394396,-101.66216709994083,-102.58104152033145,-99.53837905802695,-100.3777352483762
2025-11-02T00:26:20,AP_24_1,2.4,1,BLE,2425.6587924904443,12.49998188404966,0.4624707256055848,-106.63951980640799,-94.1333313342518,-98.51849133281617,-101.78092378888574,-94.62041447028295,-102.11415861525168,-98.21580005004277,-100.6608524033916,-92.93822137123888,-99.04724502040786,-88.69458847350755,-98.13497296345462,-97.93040465552528,-99.74654271008693,-100.56212095592912,-93.97621730625494,-99.10301394987398,-99.26030341269717,-97.7837222313308,-94.25992015548158,-94.15763847113604,-94.32404767055544,-97.14520364093833,-94.74022076210369,-103.45638725704126,-104.55518291781091,-98.48874349712588,-95.66855823505591,-101.0582805332404,-95.90793687368439,-97.91233807242422,-95.15815384943694,-98.9923248050133,-95.6189704536632,-98.40433374148817,-102.44615533180149,-100.81819210853072,-94.0786235381337,-101.51966408561685,-102.50698394927716,-99.1663067593487,-103.06758720577267,-95.52494371481954,-100.91417634960304,-92.9010218190329,-96.11722268504583,-98.87182911748228,-102.9857494835035,-99.6562658148187,-93.63410910482759,-97.04524344036875,-97.10234040919171,-96.29665786716818,-96.3644093989795,-101.42273502283103,-103.86957058918361,-88.13336244096818,-98.70718043955877,-99.37006273861444,-99.2886611777612,-99.75373121768081,-98.37336508286073,-94.39702890064589,-94.93329636454551,-99.86175882639077
2025-11-02T00:26:30,AP_24_1,2.4,1,wifi,2412.0,0.0,0.0,-103.82810716447788,-92.42549689735085,-97.2423235075327,-97.33233047448596,-93.16813472081995,-95.81568497432603,-101.36977505035694,-97.40607647824353,-96.21839592027949,-93.93277336135381,-97.06976884591063,-97.49698469992744,-96.55087632332577,-95.96733502161425,-99.46064312340297,-95.26280118897118,-102.3758077086538,-93.66233530975947,-100.06811958863229,-96.28778955202563,-96.2922392434185,-95.677714190101,-94.7373196995697,-98.83255882065312,-98.41582344558849,-99.79851071028634,-94.24678516068148,-94.39997746159824,-96.6900847069506,-92.67380543357334,-95.80882371875757,-93.7508407131615,-100.33770024063475,-93.28764872913544,-94.38857092736676,-94.37427986170168,-98.63442081691989,-96.26544392874656,-92.20204785812513,-97.3851435429232,-100.3149749790889,-98.5173369531421,-97.54689168266042,-98.82987056549895,-95.7653697516654,-94.90102905757729,-102.66122422839172,-94.43507322111427,-94.99639445051295,-100.379917474207,-94.709011007627,-95.35048089295074,-97.68711233768133,-99.43789853316616,-96.29876864025566,-94.45523143129974,-100.13056268609262,-101.2701798721691,-95.972575794782,-97.45227858690636,-96.0362978246931,-99.45671518286966,-101.16226997410224,-95.8882494772369,-96.48716564361729
2025-11-02T00:26:40,AP_24_1,2.4,1,FHSS,2395.2845597180913,19.81098811634047,0.08698298504387679,-106.98219013168801,-93.76939025951614,-99.99181650035018,-98.64406770616404,-99.9328648891782,-94.24907393804902,-99.00367963662417,-96.32860605533995,-99.81940395878792,-103.14863880920925,-104.64069064830541,-103.0937468278038,-100.1882253584273,-97.4968828267983,-97.1822830512737,-97.31353479085546,-97.735399300879,-99.1269593721638,-102.98161689345079,-93.9269584460578,-99.92145106664827,-97.75342215004858,-98.51968100313726,-100.6478767332219,-101.84366833290531,-99.61221212042864,-97.13350962094,-97.49343548953378,-92.67194052956415,-101.48281411422192,-100.07357803019104,-101.76510278330103,-96.7030214859978,-95.34534011770691,-94.46130983116261,-103.61877829428373,-98.40601559335728,-102.54033391675297,-95.98643279473423,-97.23610801914583,-100.56240954877184,-99.83648766890803,-95.17714562927907,-99.48515045055898,-99.07562662210475,-99.38932654387541,-96.97449821562614,-99.69609853797067,-96.1511537891235,-97.49327135479341,-93.39747281630831,-102.78264644665198,-101.81597897430535,-96.77949582501685,-101.80525338478779,-97.7981066733631,-95.86353692679995,-96.56847405750965,-98.329740501267,-97.21672773430844,-103.04897688696636,-99.9280002307168,-100.8706216461887,-100.23063909711888,-95.57744935001605
2025-11-02T00:26:50,AP_24_1,2.4,1,Microwave,2430.574816323618,10.425443191080529,0.4046700952356473,-120.3663417501552,-96.74477826575362,-101.86267213094136,-93.47834011161667,-95.00543040867359,-95.28879371294242,-91.71386655494128,-92.21632809796284,-97.04621569384494,-96.08709783656187,-97.52322344890285,-92.99566036746704,-94.90407499660033,-99.04665672000235,-90.97863027367846,-96.71394152345586,-97.91155088875652,-94.35057739707155,-91.17665160572967,-93.99819624402845,-95.91805621939497,-91.53063611141911,-92.54069939212306,-94.22976531354557,-89.4617774206349,-96.96201505994935,-97.24893492550869,-98.78966035832386,-96.27628719168422,-91.24777091510833,-92.37921076198542,-98.76357672677342,-95.34271213852521,-96.45998248211583,-93.17178031167626,-90.58711630503635,-94.96507982553706,-91.13860534807208,-96.05598834865548,-97.49209513055754,-92.16738874289021,-97.6400967229704,-96.93256909013468,-98.51542065109976,-90.45657631000805,-100.11052158597843,-94.13467814069206,-96.48620708237272,-100.34520624012171,-96.03544490016282,-97.24606491171974,-93.71174406317421,-94.49547727575938,-97.89190106699986,-96.07822297884694,-98.03279853491792,-99.33149077464782,-96.67383301079234,-97.00720460248493,-98.79360011392743,-93.86391948099799,-94.9444002434281,-102.75138270630511,-95.98896427981646,-98.39559733381178
2025-11-02T00:27:00,AP_24_1,2.4,1,ZigBee,2434.2695882245057,13.855561349031746,0.5423828322247168,-104.81503532455571,-92.69638869012026,-97.53473560580977,-96.96071168028037,-90.83806002644896,-94.56336516316308,-95.01118161068301,-95.78807262902333,-93.50158455942686,-96.86392444133885,-89.9078687519594,-92.80577244982041,-96.97462181103442,-98.55505028994794,-96.94589253868521,-96.94775699402996,-97.8139632675917,-89.56130515773592,-94.09875472921236,-92.29546835472765,-98.08590653726853,-97.73726655750072,-93.46813782315587,-93.8429060833657,-92.99414322218641,-98.01380196258559,-98.08667511655332,-99.2095978630554,-94.28010460304019,-99.17361672180172,-97.62308408415865,-95.36827025337116,-93.62111382670832,-98.19063739140503,-97.3793054311674,-94.48707082297457,-98.06524788070658,-98.19773484497048,-97.19033067289821,-95.81811091052228,-91.10158543218728,-94.35787958422883,-96.80795035132046,-97.8607233704221,-92.90790252082917,-94.05082251784215,-92.80774013241636,-97.82570855512516,-93.75859841647856,-89.68550721370367,-94.43151198064032,-93.03568754228586,-98.46868931886473,-97.93274359806219,-94.63307759239493,-89.86951362172854,-94.21656186254019,-97.4034777614131,-93.07497477340407,-96.76597556047952,-91.45443897058294,-94.56743476776535,-93.6738997184944,-96.83688346067085,-92.15731068616253
2025-11-02T00:27:10,AP_24_1,2.4,1,BLE,2420.7399485971887,6.420023105017248,0.507761646007429,-130.48954175247184,-97.80633690089574,-96.29582960848668,-100.88804074458133,-96.98282698317283,-99.89538622164088,-95.94433406925219,-100.48701138915668,-99.18991914641335,-95.98901930365737,-97.67103715832108,-101.67487859268407,-100.4206431246675,-97.52092208371091,-95.1379173114606,-97.48304389989039,-93.79058155675935,-96.55949861322564,-97.222125056776,-100.26561684924204,-98.2919470858407,-99.8779626792983,-96.21340550940126,-92.57559682658503,-97.1215578846475,-94.66997487869851,-94.88382885704956,-100.60185573537257,-99.28308952615484,-98.06645687322693,-94.23293950495601,-97.06139287765346,-99.82706096804995,-95.59203609255906,-99.54203427067861,-99.9193401905527,-100.05221990751551,-104.88040038318869,-95.49982241965802,-97.23931538218484,-96.66093865074434,-97.7214976132482,-97.50142369512763,-96.22862957957378,-95.17048937200084,-95.118336065081,-97.98012170801488,-97.60809957379976,-98.28296267032324,-94.30808803426046,-100.29137156569182,-96.4315675719649,-99.54384527194149,-98.04946461553864,-98.34648658473273,-96.82311187895891,-97.89213848581309,-99.14911127621583,-97.74552551813991,-98.38199799937472,-99.0800104910086,-92.51625834572381,-97.85664133122533,-98.85560032244861,-97.35496208500899
2025-11-02T00:27:20,AP_24_1,2.4,1,wifi,2412.0,0.0,0.0,-104.12136769741748,-101.56351088498378,-100.85213480059784,-96.83855688034012,-94.94859990745496,-95.63750193109733,-95.84818979041547,-97.67203924349829,-97.63636570303393,-96.05357371268275,-93.65904898924127,-96.96523017776944,-93.8538548752646,-97.44066150904703,-94.07940097639523,-98.36180787172103,-97.77431485736412,-96.34001515705313,-96.98488966322634,-93.33307914071723,-98.30292584435786,-95.73431970053566,-97.88177834774675,-97.2128411068611,-94.73199434935529,-96.36249467197389,-101.62894361227059,-94.67571659672882,-100.26184939827948,-94.32501245532104,-103.42568323090602,-95.81429690771652,-91.83804715051454,-95.80227859118133,-99.37406451191943,-100.03970672429706,-99.18235344277943,-97.99927435431175,-102.69302520047555,-96.48470717975374,-95.65252598311336,-97.89450719709714,-101.00998038679973,-96.26576426322944,-97.3643537572374,-96.10475059381542,-102.83727209283894,-100.06584796583114,-99.12332596170589,-99.79651042832648,-92.56223019571583,-99.84751319726419,-98.75055446999718,-99.39520973280563,-99.40867604384964,-100.14701131570087,-98.94829106223774,-95.05680198172007,-95.96171505807902,-89.38272570366797,-99.07324363796974,-97.4008161158199,-99.60317140000889,-99.38664213756064,-91.74592649625376
2025-11-02T00:27:30,AP_24_1,2.4,1,FHSS,2385.8937191457226,2.9444046482634514,0.6613973897130694,-108.34820755588078,-96.97164176444615,-95.58514484294656,-99.38321291272791,-96.78233613090462,-103.55514038471826,-96.36118796900517,-97.58592598317901,-95.3561850882935,-100.65749726039823,-94.4689354356997,-95.16271913151627,-100.07988201574885,-95.06364301534447,-98.97289149294703,-99.79963253026754,-98.50587647447652,-98.97990897458963,-96.97629455471575,-94.73924289600515,-94.94921525552557,-106.10494089315742,-101.56755007981674,-98.1315843667767,-105.5135865498597,-96.85396601193321,-101.87814658386827,-92.87726883069756,-96.43495145882694,-103.43406003531817,-95.97446459202224,-99.68578544763622,-100.5491253278054,-98.55433019402598,-100.46571283959935,-97.90335741042635,-99.55704519635117,-97.81803605656229,-100.32627570659392,-100.18432035763388,-99.92569032088237,-101.8676754383024,-98.70618637563273,-98.82231412327359,-99.99055316682863,-96.97989180660318,-95.83352613823995,-100.13852263989833,-98.09410000739962,-96.02805537384798,-104.9000895735503,-103.35722790681326,-99.25675979310698,-99.78084153316809,-101.64694447650557,-99.19997868382133,-99.07333284417359,-103.5832896548164,-103.4449612387232,-98.80846397361637,-97.8980394345436,-96.50397939209628,-99.68488111126732,-99.62914259743471,-96.61772769978442
2025-11-02T00:27:40,AP_24_1,2.4,1,Microwave,2386.908850028834,1.8227247690756285,0.10566901466277719,-133.65289995648865,-100.97272658370555,-99.23204918884157,-101.16049005735464,-98.74474580866894,-96.22725715514848,-95.2603293844577,-98.28058004490657,-95.766915390908,-91.2034638025346,-96.3487541242921,-98.55649966630601,-95.41236978339916,-98.077850389765,-93.37106382298613,-101.39916332421394,-91.11137928860185,-94.65505475742044,-96.72690892457221,-94.02679773338367,-92.24696322981485,-96.75346412547401,-92.04269895351975,-93.54428387235191,-93.60298698583796,-94.25549638767421,-95.84307386901622,-96.38568849787667,-97.69308909999435,-92.51620328674122,-101.63748066184607,-98.1062862398699,-94.6784266704266,-96.31310170337143,-95.5568768561893,-96.86680630501895,-93.02057205292658,-95.74633586333931,-96.40324884529781,-101.00592298650734,-100.88816393635871,-98.53299532138891,-98.43938492094598,-100.11424887733388,-95.0051476724515,-98.18956929713092,-98.73075435115936,-99.00417843183891,-98.81852486403984,-96.74942565161687,-97.21893548407293,-102.80956224983666,-93.84487662671026,-98.77574588203265,-96.88798242567772,-100.114984783993,-100.71148320074768,-94.63530222868451,-104.40504633839134,-90.0727892099008,-91.52440245301852,-96.6945457083781,-98.17759831723183,-100.35481816428077,-95.62069977817414
2025-11-02T00:27:50,AP_24_1,2.4,1,ZigBee,2429.792089360755,13.206323136223439,0.47832264330313445,-111.58476137437019,-94.79274704785114,-100.31562254258345,-96.77941559703532,-100.78904986571132,-100.7374021688612,-98.06996723882203,-95.90865628329857,-94.9646025500041,-102.50789726669811,-102.05096693316786,-99.08120549219471,-96.25757920644294,-100.81116004168096,-100.62010809475554,-96.9527669694483,-97.68355766737068,-100.34693322716431,-100.70914973927269,-98.03080459208323,-91.63103673643278,-97.41481255579404,-94.36896548369207,-95.32353008043202,-100.86039649667148,-100.36679605675829,-96.1175820740992,-102.31899951792842,-99.50002280647197,-102.98776256547052,-96.72224177189688,-102.00309125429698,-100.16965581064929,-98.83384906070371,-90.79247952818031,-96.74822831774856,-92.63720932109688,-95.78008967497625,-98.29943428287065,-99.70794650616831,-96.59389953350316,-97.39522589671458,-99.00602332718378,-91.5329972137057,-102.49221761451734,-90.75769576763727,-102.85600163030443,-97.3397804851144,-94.97117463324699,-93.32308879706157,-99.39659108348782,-97.52734834021564,-98.88676954881684,-102.57510400697475,-93.98168573057882,-96.82032890760193,-100.35240369254869,-105.18572425928993,-98.02461683654546,-98.995689924155,-104.68791125305812,-97.33886755162881,-99.45758414132423,-101.38772445956542,-96.741133426528
2025-11-02T00:28:00,AP_24_1,2.4,1,BLE,2436.5282755060684,4.7914783014070945,0.4091769939053569,-107.08674004204875,-93.91860858226,-92.90050593281902,-97.28429419066612,-94.57819992212217,-93.48815145543875,-96.13223155313037,-96.0215637072402,-97.56302859075899,-95.36952737540572,-103.9136052300009,-98.63911855762977,-94.62260995260046,-95.19917462926156,-94.19106603547225,-102.143778682636,-97.66283711791525,-101.54838459730112,-93.41017269191669,-93.69617199986408,-97.62777592317472,-98.33055583647757,-95.00609212747204,-103.40661629849889,-97.32106388173612,-95.95441573265168,-94.51761030815896,-95.97279272427073,-94.55598934156525,-97.4004708873056,-105.9615453659342,-96.66033773795148,-100.82521389660235,-100.50405946750276,-99.67527229765123,-91.88646230136965,-101.57914916830974,-94.33087897513325,-101.10615315867939,-99.2312325371207,-94.43663998058341,-97.79727156952207,-100.02112314688004,-97.76533247369194,-94.61149517385573,-96.18068547515905,-96.72979212758018,-102.30820502409554,-92.2940318546543,-97.64680000096571,-97.94825914546992,-95.59186448837107,-99.99646033817413,-95.68387004136655,-98.10675153785603,-95.63319981420472,-96.38229222675558,-103.97529276409415,-91.34106687043612,-97.94890073170401,-100.0734427734683,-97.38768876021723,-96.35328838968134,-95.5919973676239,-94.9119302504201
2025-11-02T00:28:10,AP_24_1,2.4,1,wifi,2412.0,0.0,0.0,-105.34950592558486,-93.43836823873404,-97.01215142564809,-96.12044129426047,-98.7374703566382,-101.5572361234397,-99.71697127834813,-98.62797717889389,-100.71520325889804,-98.84878088455767,-98.77773933353666,-96.80516263730416,-96.79483529677526,-99.5955786273236,-99.59954834113249,-95.46519857343125,-105.9144599262473,-96.29837143977232,-100.64573666762644,-101.09892975363006,-95.68188472888872,-95.72967824831483,-96.7380600604658,-95.09504471690047,-94.76548726979328,-99.91734912018987,-99.12997467867478,-96.25487980017468,-97.8576915218788,-97.91477654046018,-94.26814212071478,-100.28671662977266,-99.93407539308548,-93.92296969517403,-102.4634534310591,-101.1210843037544,-98.782609209209,-100.30494974451241,-99.7191983896678,-99.67837781452681,-96.48947538584177,-98.02401642973967,-91.41609066650987,-96.22530060650627,-94.58909119850699,-92.4378799020643,-100.72430260097204,-98.08149587912702,-101.9712349197941,-96.8767266547399,-97.63586208174347,-98.87437902340231,-100.88803693191463,-100.04284692827103,-98.70583333354062,-100.38098028228605,-97.45427727417191,-98.59740074504528,-98.83192672111025,-93.67862651982367,-100.6355032340756,-99.09600717528703,-101.07296330887665,-101.0665469967507,-104.79720833339321
2025-11-02T00:28:20,AP_24_1,2.4,1,FHSS,2435.8055073992573,8.888962148843515,0.2770296354067012,-106.5354333298794,-102.75907635353451,-93.57214633514722,-97.36738522262667,-101.75463825951317,-104.18334674020069,-106.7918009224048,-97.1098250858595,-93.76748895151579,-92.7672273738195,-101.54969980022322,-95.39810782001697,-95.19922650253525,-102.82327400164665,-97.27378082277079,-98.5879969655938,-104.40467328779252,-99.9863292590253,-98.0606866441645,-99.96350268800921,-102.07064677140262,-99.6955272806449,-92.76457803141612,-100.35684150454362,-94.51973722157075,-94.90653790033411,-91.90905258998458,-96.06422609267264,-99.3553151021175,-96.65126195584608,-94.61780414000049,-94.70056207198624,-96.2034072916037,-100.86334460934604,-100.25748305717296,-95.84561914383245,-97.73445380065215,-98.09354361309306,-96.47072397842804,-90.21916668694467,-101.18163712595286,-97.9421243086906,-100.34987975800405,-102.91646951967404,-95.42220962391049,-99.1434463731238,-97.28232455648013,-100.61965722179265,-95.40383297289594,-97.5139712611781,-92.22665628727118,-98.61823902938504,-96.50330490886202,-95.8016677886194,-93.6818848662797,-102.16671847247652,-99.69923971486064,-94.34380401223389,-96.58770992750418,-94.82716829869783,-98.22340106371294,-99.87512355408701,-96.94391719132416,-99.58780562946802,-100.72212650140445
2025-11-02T00:28:30,AP_24_1,2.4,1,Microwave,2412.86842239071,18.068866365029148,0.3818940522762309,-113.95210470207596,-92.4758268938727,-100.85655215101666,-98.0991739153642,-100.28132429237716,-97.60362921317035,-94.60299103693667,-101.73205003214284,-100.11606551658407,-100.27398095842693,-98.12265446163029,-99.92742919695662,-100.83541106780537,-98.53380748511773,-95.91144454566869,-106.0924082797175,-95.31522192967368,-98.43559054609474,-96.70133192275888,-100.86321577421491,-101.1049587861279,-100.14933047610931,-96.9720373092444,-92.97619627975676,-98.49345721949774,-97.64750590250358,-104.79182318797801,-94.23078046920804,-97.85189391348877,-96.2053792494258,-94.66011379211722,-96.79728205485016,-98.71167412369927,-95.50563989145684,-96.92100356160954,-100.89676194183602,-97.0602602758692,-93.13817915468046,-95.52621019024485,-100.70818109718559,-100.89800043200096,-101.19875660686584,-97.28033428821487,-97.98177961744175,-101.77667344394725,-97.90340506184089,-105.82815441040225,-92.31283429331957,-94.33329102459192,-99.51911227869108,-98.88387973784995,-98.3509420799166,-98.12743924036208,-101.3552176325966,-101.22967538319465,-93.82754372493,-100.95796790290888,-100.14487637831556,-99.75293506779539,-94.45799530008428,-96.47403100113674,-97.624817693607,-98.28443708489138,-98.38274934374948,-100.33451817260458
2025-11-02T00:28:40,AP_24_1,2.4,1,ZigBee,2397.709344909842,19.005450138439382,0.5978540973972031,-134.06305136833635,-94.09396028114158,-96.18106690103725,-95.4065544547829,-98.82724956044336,-101.30627607864525,-99.64571789226564,-97.800734213181,-94.46033306105889,-97.23427195697916,-97.00958280934236,-95.52607366231648,-91.52510686004182,-98.5286253695042,-92.51697793791506,-97.14600042960546,-97.36773363490708,-90.87276414792306,-94.8283786573404,-95.52280345316247,-95.95525225540685,-98.19690255197308,-99.79546384499216,-99.55199482492975,-97.42570443817776,-94.1466045931237,-96.89606574592347,-104.05622548132335,-98.15957446735413,-101.8882563456906,-99.78972236505824,-90.13763722019532,-102.81230717638651,-95.94150496070222,-91.5070833062632,-99.5863543942533,-98.93239493175206,-95.02028315098225,-100.69291123831223,-98.86248923547637,-97.2967504132574,-94.1654971534278,-93.79373022590887,-94.3451432010329,-95.08979517096517,-95.8618177512949,-92.70644275457056,-97.26702058075632,-97.75986680459029,-98.82390438270629,-93.21288066665214,-94.5498254651931,-95.31247900957949,-96.67904170831261,-96.11790148425663,-100.25132435566015,-98.77840386015775,-100.80874615298276,-94.93143150594047,-94.81957884361692,-101.40267428219782,-92.25736105731184,-93.70910960453836,-96.35071491913124,-97.82833694953737
2025-11-02T00:28:50,AP_24_1,2.4,1,BLE,2414.6924366292424,2.309571372096267,0.5348555742396772,-122.44735579182776,-107.38729853311892,-96.34821567429852,-100.09464135045872,-102.57869426997384,-98.53094545272793,-93.1791606377522,-89.45216568752937,-101.48871998831294,-101.80315344699643,-99.55332685346764,-100.02730201088974,-95.37899135602548,-100.38389929078754,-99.88845500181111,-102.42033634421018,-98.83250963727956,-98.06341178280623,-93.67428151233628,-98.90360591506816,-95.89681727514568,-101.68093587883983,-95.07850786878541,-99.16311706007986,-102.59964660203583,-101.20682922497018,-103.82481362893583,-92.65051276453737,-98.2049328618288,-100.48142677409686,-102.33571210589764,-99.65774033354789,-99.50268867823166,-101.09100857818484,-95.65342097150115,-98.21332380810244,-100.16563330168997,-100.41074230367673,-100.97320359000416,-100.52241397714408,-102.8639716393123,-96.45913884347722,-96.77778499458746,-98.04437392950246,-99.22999136953617,-98.88979627787948,-100.39925077256775,-94.90655954893207,-98.48034676459585,-97.91292954373135,-103.7524607942096,-96.35742142691636,-100.84743757632951,-97.22937982801338,-98.01872095285242,-98.5473515461309,-102.84769598901919,-97.7211772857129,-96.21756072678802,-99.07527374915894,-103.02578282058032,-103.34444926006523,-104.05530758624582,-103.17605690594324,-98.50672679323401
2025-11-02T00:29:00,AP_24_1,2.4,1,wifi,2412.0,0.0,0.0,-106.64934737963337,-104.82980979182473,-102.25603341744329,-96.74105394281048,-102.90349973034112,-94.13133544228981,-100.78852333581645,-100.23093205162898,-103.08960682703974,-95.17704203459633,-102.58305696280826,-99.8753322530571,-101.91422361582495,-100.3968875253191,-98.8695418837251,-98.69648222568937,-96.05554231704502,-103.13029633685703,-93.26699187760182,-100.48119037862023,-107.62986154512416,-102.37108500856537,-100.90405605577847,-100.53048369900282,-100.42834886560176,-99.50457596524046,-98.8082091353975,-99.27367617277685,-101.50819179521895,-99.29203088202442,-101.28006284352892,-97.9253967660586,-101.5122560883723,-99.15043379295294,-102.79892444491347,-98.9273844341082,-93.5756559811642,-100.98554833840741,-97.38913577981249,-95.35537722165547,-102.61843702416286,-100.72146178479319,-104.11522734576877,-96.58569293521984,-96.22697899619851,-99.18881598136444,-98.32222754520404,-98.0125882945063,-97.86510060496231,-99.49491025183052,-98.52242343696452,-103.31882754338,-98.19714372501988,-98.40102663841928,-91.76261518893459,-98.12614587443598,-97.12044705735349,-98.75269787683341,-96.80246073993366,-96.60832920161913,-96.46727389677912,-100.13189160886984,-103.16667019865133,-96.35560989006464,-106.16016467548653
2025-11-02T00:29:10,AP_24_1,2.4,1,FHSS,2434.4196802602532,4.440608470800687,0.4951616284447245,-126.40657223841633,-98.58157981513764,-93.88502072432874,-95.62965870752464,-94.00675678095692,-102.28218965411375,-96.9627024919858,-94.41339047983827,-100.29509506435004,-97.81810070991514,-101.02751649880817,-92.73111952223123,-94.76487626056097,-94.58392721271612,-96.99125956651969,-97.32888949797334,-102.40186756304595,-97.23356711805731,-99.67081191447149,-97.3183637364647,-96.91366963184088,-95.23881393234925,-103.46829492871912,-97.16638364336102,-94.61935908149452,-96.58590944285325,-94.1202932409795,-93.4736188713032,-97.73504256804091,-89.86357395456105,-93.86697669704924,-94.57969994023983,-97.3546842380861,-99.4578295225618,-92.6083288945001,-96.09946132361988,-99.94859396403841,-98.20444573121524,-95.5711202923242,-98.37645300524856,-93.11903684488111,-97.516853782015,-96.04664224417239,-92.87628046021396,-92.84637840580545,-97.6227011244072,-99.01035237187739,-93.27492140733528,-92.21688696075775,-102.67550822328387,-97.51130536232154,-96.11157664496245,-95.43620694065056,-96.20042145125748,-96.28406312259871,-98.75659127645635,-95.93982482117413,-96.416490327773,-98.18824874935738,-101.28932182976419,-96.87424087728415,-94.63897828745772,-92.81314662724327,-96.98323157060561,-99.13968671848795
2025-11-02T00:29:20,AP_24_1,2.4,1,Microwave,2383.1050546356564,4.958791794707694,0.2925746613117813,-117.7855579779379,-101.45472056487301,-99.9808923677691,-98.30804401501396,-102.18080502778596,-98.93329055604025,-100.9580318742988,-95.54864178336449,-98.36111330560601,-97.13000247539728,-98.32300388366853,-100.40715537448929,-102.50877315839166,-99.32616168218867,-100.3893076605201,-96.96222070947663,-95.00351807742855,-103.57165085955606,-95.85597178435535,-93.8878234205835,-98.0477633117724,-99.55333094917202,-99.11511511282387,-97.23992226460298,-94.1069035553537,-94.8029428741545,-101.20604217114698,-100.3055431109066,-102.05331016950436,-95.2262432547302,-98.75009581896701,-98.50841162651018,-101.23636102505584,-91.89025963937411,-97.96178018320273,-97.72799250840984,-100.04001746236418,-99.21670715280253,-103.45550792224881,-97.943990839704,-96.4754707840932,-102.76083956604093,-100.44404732344464,-97.62648253556887,-97.24117137326847,-96.63534883261362,-97.90857875247781,-95.49103760626761,-98.1096919897489,-98.59263817032627,-99.94013950400641,-96.81265113844705,-99.03401868379454,-96.53652607370525,-99.26460857067967,-100.40330947520624,-92.4241582135703,-100.4567716994727,-95.62783588425539,-99.86764684737409,-93.72810006729362,-97.6447632076735,-104.63709164492056,-97.16281345369552,-97.60684369225
2025-11-02T00:29:30,AP_24_1,2.4,1,ZigBee,2405.157412893513,1.2971739739846952,0.40593459768925344,-115.45229066964949,-101.39244591630919,-95.1448027321913,-96.89721396456208,-98.47168611971136,-98.47210009043518,-96.49947067895766,-100.32748350622745,-95.39503037016375,-89.78912537192305,-96.11616433579879,-98.66242158765509,-100.39244573074511,-99.07117423100946,-94.42679270204046,-102.2825573589059,-101.25755177321271,-98.22126991216342,-97.57929550002596,-101.36152819194132,-97.50640162863277,-97.03658567669896,-98.91743989486395,-96.7045068871064,-100.77860865337111,-92.91571060027945,-101.94407340427063,-98.55993351276456,-96.29645904063253,-94.27417363811428,-99.27293093233374,-98.01428321662294,-97.10614798154762,-100.77131469771945,-93.83528683381938,-95.72074554094537,-98.41785675660523,-97.04906617780273,-91.20264895250592,-99.9289127081082,-100.97882534133105,-101.48453081908374,-97.888938260757,-95.31259786073078,-95.98176483577686,-94.87484664112192,-98.85316196767148,-93.10686147794758,-98.15353284248995,-99.10569132237852,-98.37264197136516,-97.95353139204272,-102.35122467570557,-97.34984660097416,-94.69401003187676,-101.25843126986996,-94.69651396071939,-97.9197520740284,-95.94704320766697,-95.52902964664163,-97.86513161418944,-95.90934000437458,-97.87625632482008,-98.34633102740142,-98.3877092490128
2025-11-02T00:29:40,AP_24_1,2.4,1,BLE,2394.5541214202112,19.798129564733607,0.6348279743848202,-119.4519785742201,-101.88556947014693,-103.05099176399398,-99.92058935478232,-99.19934389758609,-100.21669764809015,-101.4538037477146,-95.77988275261794,-98.06573491314731,-102.97301366591898,-97.54630137524293,-103.3390331184023,-99.2497183111484,-97.67255337391673,-101.64263141475455,-98.42701971370394,-95.91867763914098,-100.78408369519751,-100.56355864737074,-99.29000561209956,-103.51312638967279,-102.28859113729033,-100.54670683155045,-100.7169664931989,-99.46256413050824,-102.70867093404037,-102.77195182729814,-99.4092167555832,-96.95318580515175,-102.86548788797771,-97.796922591025,-99.74901756717902,-108.09234616914085,-96.3382737931304,-102.74707423489505,-95.08245287440526,-101.63009463795433,-97.55323346712488,-99.28302827610808,-98.76098198082403,-94.30205086591019,-95.64036095549864,-92.8941883209258,-93.61469759638031,-96.34342962636644,-104.54064477767436,-98.92170820000815,-95.33220101069006,-99.71038866797748,-105.33196941221036,-98.48060502438626,-92.17070715469364,-99.77842503155347,-93.7945358367316,-102.37870618683026,-97.88183556894546,-100.46169771559465,-103.10000743296332,-102.66581308736473,-99.3976991663183,-99.76601555545533,-101.61983816410999,-104.27445341724246,-98.07333011316875,-100.41026594178282
2025-11-02T00:29:50,AP_24_1,2.4,1,wifi,2412.0,0.0,0.0,-104.2021191481341,-97.14681330734076,-96.86401416845543,-90.85967554669995,-94.57492015831227,-96.42574257753131,-100.37596870573654,-98.60603780168206,-99.48073004346183,-96.57385248861911,-100.6765649484431,-91.97735020362013,-103.05555941446333,-91.82713359866779,-96.17298481355105,-99.18526375189592,-104.91003757261453,-96.03658862615576,-97.48583903059291,-96.14675208957532,-94.11757089374368,-91.30173799246725,-95.20574718608272,-96.81724975927673,-90.69151514648502,-93.67811308484903,-97.06893027122887,-93.25325973172505,-97.42925083581773,-93.85291695262852,-93.12492752980319,-103.58371621118818,-96.92799159964797,-101.2839896933323,-98.12736020424829,-98.82319327101669,-96.00943587743711,-95.60458783637604,-94.94092119896501,-97.8004507714453,-96.61892770569996,-98.38539930972262,-101.74829502608975,-97.95714456132667,-89.73285060487676,-92.47779870358119,-88.91444160759985,-94.01219806312791,-102.26147895645443,-91.15640451808359,-94.96573717486453,-93.16020362576809,-95.77812613168189,-98.35638550859265,-101.3012649992263,-96.98976121520201,-93.81899957302423,-97.51530448910627,-101.15083481314274,-97.26929575533863,-99.16989637774026,-98.94867902767555,-97.72380121351657,-100.78819579207548,-93.74671819086922
2025-11-02T00:30:00,AP_24_1,2.4,1,FHSS,2440.4706777604024,8.82419604764564,0.5617452383870438,-124.66307955530739,-98.00633081644274,-99.49358251155762,-97.0988740849582,-98.97374141258896,-96.07042080010841,-95.97982747151728,-101.04220711352319,-100.99424660211758,-95.67351181128971,-99.16883632039271,-97.75145437961913,-95.87790091699449,-98.32209368329026,-92.41860940888238,-95.14451298378243,-97.32788809069615,-97.9255891735898,-99.75081392256612,-97.42197635802003,-102.8390655165974,-96.3664632218856,-100.14187945115097,-97.83851115820428,-94.80452216916164,-94.25803687366735,-98.29454348204153,-93.1600887908436,-98.51146862373557,-90.66306136283832,-89.18526072904092,-99.45533660592575,-101.72539869145392,-94.50015029009859,-95.26663971239103,-97.35548485030513,-95.26906561681048,-98.20713611302092,-99.30375590283133,-100.44831917813175,-91.2963775957314,-97.16302515385635,-97.69222083814793,-103.8270083676747,-96.6736423049805,-97.58633456625903,-100.02924308300057,-100.31582683102025,-97.81717213652894,-93.81789896489386,-95.06718056115693,-101.16480530107673,-99.82343859212047,-99.46211155351189,-100.27830153945013,-98.86358297610893,-98.54177026456111,-97.03501048072724,-97.65085240321281,-96.50839341950898,-95.51545807743962,-96.03021824369971,-101.1391498302043,-100.40318562643799,-100.90919182361966
2025-11-02T00:30:10,AP_24_1,2.4,1,Microwave,2403.604300058009,3.987715170407788,0.3766524895043688,-124.98931459358509,-97.61150915791026,-92.55402101524278,-99.04083431824866,-99.90264577462824,-101.57703988193188,-97.57385556759998,-97.86198437773604,-97.30149172947758,-97.1518005964305,-94.6797473763344,-97.43236730549103,-98.8583129705591,-98.33751137366556,-99.73528468740847,-98.04878853560193,-99.70278245765952,-99.2603218168783,-95.84719352524725,-95.7477879023003,-97.94194155240078,-96.8809785745593,-95.69666135148371,-93.60248215820614,-91.17348404818718,-96.32909777800533,-97.89506201063135,-98.54831980020239,-98.36532548033902,-98.06058814404055,-96.23531131722838,-98.13972747908817,-96.036375990007,-98.35609943574319,-98.26297686870875,-96.31750583818763,-98.56975745819358,-95.41079155138195,-101.95806897841942,-97.16589843520475,-98.1265852081033,-94.01708587999677,-96.5031907340849,-94.25739874108342,-102.22338026138326,-98.70424024211584,-98.28329390869831,-94.781960269987,-98.54166078827241,-95.76191713746556,-98.61046646856472,-96.53038443256482,-100.20831810123336,-94.55784338783822,-92.30170727291024,-101.62500980758367,-101.31127150644159,-93.22738043179686,-99.82987735834452,-93.44959267339048,-91.33732406347566,-100.07851167650394,-96.77094351941304,-95.43281328580902,-97.97378544002812
2025-11-02T00:30:20,AP_24_1,2.4,1,ZigBee,2419.1165768005435,13.848896695527877,0.37954356648448545,-133.35523586279734,-97.47738316422004,-97.32037166559266,-96.2526936005338,-95.81554223076571,-101.98613124831924,-102.0218720606748,-97.88888417369913,-103.03033747265124,-103.46955340541196,-96.73079810407208,-99.38713452968491,-100.81143189118893,-98.0044147896054,-96.94277990224104,-97.39843804394195,-95.82018519417899,-105.29438117541062,-100.1844635279149,-99.25937990017252,-103.09799226110646,-97.85099455703215,-97.5260521993697,-95.95641060861301,-100.08135447731453,-97.14997797462551,-100.04798507586898,-96.60705760202617,-97.26424081027707,-97.13648494593632,-99.62703686576566,-96.08896212904078,-95.79719655125527,-102.81743452635479,-96.46477538315555,-99.37480351333181,-98.35078348596626,-99.67284173113846,-99.64697527195614,-96.14155331227643,-102.2366694884125,-97.81867246399352,-97.98723076739257,-96.2185594095916,-95.97094251552271,-96.99545622413349,-101.79975620889604,-99.74957253448427,-97.03658029030576,-98.66832164590282,-98.71850652516562,-95.78921516199587,-101.93148542239719,-99.9979537401502,-99.78999211352937,-99.02384288473384,-103.74701047414854,-92.214037320915,-99.71139514429686,-94.41660628263706,-92.85215015684224,-95.77018842211183,-97.76370678502104,-101.40254703902202,-98.12756772481082
2025-11-02T00:30:30,AP_24_1,2.4,1,BLE,2404.29609561758,3.785229374913199,0.6934238281802865,-123.22516839308028,-96.13247565189242,-100.59343367432544,-96.00984392399462,-96.71975315437804,-99.76834578330786,-98.73248860641134,-99.64726982078247,-96.96808768532118,-99.40773852160697,-95.83668229530441,-99.93385757200426,-98.3629671413688,-96.01080245628603,-96.89413150007071,-92.52096479338414,-96.5317958840682,-94.50366007892372,-97.87491832934644,-101.9938535420242,-97.71116327382717,-98.99710111432125,-97.95823877925181,-99.72219651421655,-99.9511376109926,-98.15045959381554,-96.39119084667831,-93.8148930899748,-95.08842451701283,-96.25250286282203,-94.83569607361568,-95.0572405731398,-95.25112635709033,-98.60411547665382,-99.8085146291191,-99.17935012096241,-97.90179136030149,-98.1404085044609,-97.6087853319642,-93.6633062447665,-94.42387777429757,-95.17275327539922,-93.21257518389763,-100.15243227459138,-97.00529036188276,-98.41577849055561,-103.16656485475357,-99.72391170838615,-99.69325832588487,-96.71429799827555,-94.64769893349676,-100.7169012291352,-95.99854580259078,-97.39189545581877,-96.74193440494604,-93.99509578777993,-101.85526095611034,-97.66700575760588,-91.57619431027484,-100.97401189839736,-94.63108104402771,-93.61709780426659,-94.37377743164284,-97.99962572745243,-95.55634351390765
2025-11-02T00:30:40,AP_24_1,2.4,1,wifi,2412.0,0.0,0.0,-106.0372633784677,-96.85533148608485,-90.99582913278704,-97.30871626697807,-100.3969288879248,-103.41689506504372,-99.77658795872867,-99.06648998877539,-104.78597356566533,-99.38237110089848,-100.88311035067868,-96.58314161347971,-98.47629473102435,-103.72995789266484,-93.61570860345694,-97.98857973395516,-103.35802724163555,-97.48714909295474,-100.609634465476,-99.61687265611123,-104.19960648474776,-100.53736603895331,-96.43515601222728,-101.95062328119677,-102.12177380344072,-98.3923453064773,-100.7532444657816,-98.4220123808198,-95.54319600559003,-98.60124561750361,-95.90692731258217,-98.2773705809777,-96.5982958352324,-102.41294156930962,-97.01337711467546,-98.58993593608706,-100.36151755046015,-106.14155900688475,-97.01619102228224,-99.32026428597864,-103.70354656564652,-97.2752919596274,-98.95339796883519,-100.9389761498194,-95.15315424739137,-97.80789423526599,-97.21784007133863,-99.1327416806349,-97.45266279184938,-100.52475213345083,-98.37271818099634,-98.92144277186055,-95.88365484199214,-107.58839425412354,-99.54489212606676,-100.22142578284092,-101.14133324271309,-97.3810874365208,-100.58655782019144,-99.05432042723717,-101.09629770137023,-102.77968442811573,-96.15199584440275,-100.44655026978906,-99.5669841533541
2025-11-02T00:30:50,AP_24_1,2.4,1,FHSS,2406.415290933611,13.561817588097572,0.3926220002229582,-120.3318986605048,-99.2676724381295,-100.35213936945367,-95.90510339055768,-98.74718579162051,-100.38152751471492,-101.82326542831464,-102.30266903128079,-95.07200969481953,-98.23316173704119,-93.93566044345582,-100.5937364899477,-100.50937753489664,-106.39634160339477,-94.8579880970027,-97.51406698248223,-96.09887033434367,-97.39485012896702,-93.50339720485094,-101.00591677740796,-99.81810936777748,-101.04681545894076,-99.49459976447174,-100.92805074621052,-90.9428858248487,-102.76970385459364,-101.49817748485863,-97.82559154544639,-101.12699552981195,-100.63594804780992,-100.21668254825687,-98.30761443060344,-102.27035272675407,-96.71208138582446,-103.39728618026632,-105.1768768097251,-100.02853191572316,-102.57978582604423,-106.45865163264163,-101.38177194707258,-101.36213523855392,-101.9237626525221,-95.75380848904899,-98.5378163595814,-94.49881546124782,-101.70160402009432,-102.04873651115145,-99.61809537847093,-99.84955094172925,-99.52778958300516,-99.56314528715362,-102.32695536052229,-101.59889863120723,-97.8977793341861,-103.39342719029037,-100.72069466417045,-92.1909508407813,-93.67959090368274,-95.90806826422825,-100.10388398866982,-98.24784731018225,-91.87386481691016,-95.82296813643362,-100.09508919249812,-100.63410891990031
2025-11-02T00:31:00,AP_24_1,2.4,1,Microwave,2408.8527148073476,4.8576992796117535,0.2110954556564001,-123.42032146437822,-95.91448103769858,-102.1692945244455,-99.08950678061123,-100.10453208555458,-96.85586856180895,-88.39362736300049,-102.5851668199155,-96.63304388964536,-97.18090347986097,-100.78820667837486,-99.34035717035012,-97.67109979218077,-93.75525388435813,-103.93190785619305,-92.72573156947661,-99.68817713567358,-105.16163605563825,-97.03913178706344,-103.8382503861061,-93.74699992062637,-99.57756199294066,-98.5396507481266,-97.77639339852887,-103.98266403492228,-99.5437126013477,-97.49762093435766,-97.60293402631015,-99.49592073691744,-97.39047929060902,-95.78721199423929,-99.49044713465577,-95.30557198713525,-102.786832640053,-101.47050430525442,-94.80347720657555,-101.82956770214585,-104.4030472682403,-94.8846398746936,-95.71463021818718,-91.75551854422245,-96.99699639208626,-95.66545275929523,-102.94532514453837,-98.23359638529926,-100.28909670017399,-98.64653860268291,-99.23418903380671,-95.22092374238383,-104.16454525587505,-95.45664782949304,-97.58943238087437,-95.33135773270656,-96.37638990237508,-101.27251797478718,-99.41314492609078,-95.92302567655645,-93.80101657401428,-100.61982002146325,-96.10802184674868,-99.08203710997645,-97.11150029243562,-98.45447719974001,-97.48875032589584,-96.8029426721068
2025-11-02T00:31:10,AP_24_1,2.4,1,ZigBee,2408.1915202237765,6.6354477264698195,0.6991420472452481,-114.27081781890885,-94.91579344406684,-93.72438705288472,-97.33218944470661,-93.88352358110888,-97.47446563252075,-92.72302251783847,-95.46031964751288,-97.12759699146986,-96.55590953557123,-96.06698044133505,-97.13512700096268,-99.49526656275118,-99.41869595383254,-100.29955787671535,-97.61977695884309,-94.70479054982206,-96.30768751572258,-102.00099913647882,-91.08619288152676,-94.62344155241915,-95.26184910267166,-95.94515569350096,-95.33329212063775,-94.62276106281563,-95.59368224776655,-90.3606446954548,-100.58796648170971,-96.71372513149014,-97.97044362135154,-89.35008941394415,-92.64131222685492,-94.38695887750985,-100.60738077981846,-94.62333960923931,-96.4762086664201,-93.96876001675828,-94.29836093663764,-98.19465305073601,-96.38944136844533,-99.29510796101262,-97.67165060968684,-96.12984766558584,-101.07280796238835,-92.06886341042515,-90.98179029402637,-95.87631422053157,-100.56476164003293,-96.0769650076027,-97.29754226664787,-97.19241682877541,-93.49945156273728,-99.66033507457973,-98.26877110305028,-92.73736607896276,-97.88930917676915,-103.04046767737263,-93.89956806785403,-93.68566911010234,-93.99800039958997,-99.20089431626693,-94.33051762575852,-92.84935095628038,-98.95175913488649,-94.25186726633923
2025-11-02T00:31:20,AP_24_1,2.4,1,BLE,2386.708764254221,16.510766349001358,0.43018688689089574,-123.84887214576192,-101.928231410763,-100.7818685436135,-97.35963816087127,-100.07247578074076,-99.36988893046143,-93.45013883510308,-102.38489919097871,-102.38064601945213,-100.5002784687246,-101.94245881911715,-103.97265419213876,-102.98658415218529,-100.28349224019452,-96.40675950490535,-100.49599307161331,-103.52335096642804,-97.79147215393455,-99.28336290787233,-97.22666930186358,-99.81245387853765,-105.53671945657102,-100.96329528280161,-97.27045388934246,-92.86297342526683,-95.2241895969521,-99.7382083807202,-100.89992695440074,-101.47489404577443,-96.7412596421855,-97.81705685802572,-93.21339724372561,-102.49926749636897,-99.02894924672805,-94.0970956539066,-106.89157782607097,-97.19625827684264,-100.46345606290976,-102.47903505583957,-97.15342507828511,-93.00239992595988,-101.69500912151402,-100.39672605179865,-99.01642836326167,-97.85592698417221,-101.25631455810989,-97.12401366859427,-97.61053861421308,-103.73623918047592,-101.94657329151417,-99.85090167698431,-99.9709578515759,-101.47042823193775,-102.58548400674505,-99.22085958097499,-97.93354772227298,-98.63432315353474,-100.01057523613794,-100.19457444472707,-94.66148451741859,-101.81743200480746,-98.50424008430674,-100.1458480347411,-103.74876165204836,-102.35305564807149
2025-11-02T00:31:30,AP_24_1,2.4,1,wifi,2412.0,0.0,0.0,-105.79714901060139,-100.67021708500558,-100.07952417183375,-98.74871779275284,-96.37942311896472,-97.73156902149421,-96.75617150661427,-98.44989198164275,-97.75416104277983,-95.94160900755212,-99.02371429930186,-99.26131545511056,-95.70034250961503,-97.74266005395823,-98.7943402066555,-101.93721041673928,-101.87706200132965,-98.34819089253556,-98.45382357389904,-101.22465589243761,-97.63442954837245,-94.77401707948991,-99.55934197042318,-105.28887333105443,-94.8710979127418,-99.846507712006,-104.8636290381204,-101.55805612172905,-101.8961434053135,-103.35718474445059,-103.04264846743386,-98.97745924512522,-100.09489661926602,-97.54961473720945,-97.25683034570531,-94.06088104584154,-100.72190334232792,-101.0677012464377,-96.90055133896504,-99.56977608475202,-97.19853487939493,-98.94690094447529,-94.54800041909238,-98.6363476128303,-96.74175680750888,-96.11398611107117,-101.59430434390734,-100.40010055101936,-98.46152124144203,-99.46389528851432,-99.07440199138281,-99.66721628860138,-99.86743337198085,-106.4318775831401,-97.1696428875986,-102.01935310440682,-102.7912310370011,-97.73726232174148,-98.67609367898308,-98.3208055961013,-100.31133521395708,-99.42398719104635,-99.04843961858431,-104.22865462497329,-100.34414362744647
2025-11-02T00:31:40,AP_24_1,2.4,1,FHSS,2398.138040603313,2.890780395306296,0.1984683712535087,-130.42318778045984,-93.54715746865006,-102.81123765106223,-97.81416157311365,-96.6095297654031,-99.92870139871795,-97.95397920319884,-98.67137426130093,-100.21650137562338,-96.94956423178978,-95.49248233428699,-98.18499882241468,-95.45991113014225,-96.79744001396716,-94.70654968155058,-98.13569343658642,-97.41259183759,-102.44278777086967,-103.48450850208832,-99.52179257755454,-97.2433543840362,-98.14421520194321,-96.61407651976042,-90.83592870445449,-103.7448800313872,-100.24531437362229,-100.32531344451833,-102.31140664531112,-99.11783154477811,-97.27274731970961,-96.47680581482065,-97.10135341127176,-99.12145463565746,-100.35066745527469,-96.71967613082857,-97.83326610047706,-96.07771391776397,-95.43949221832835,-101.81558403345873,-97.91459140412864,-97.27998955589725,-94.27620051679203,-91.27599061940226,-97.25530937688954,-100.90435698195596,-97.07155653187633,-96.64658843717466,-98.1377698859495,-104.46224477992791,-97.16733053579689,-98.4829701232291,-97.52190842363076,-97.44797376942753,-104.22878469190232,-98.45126655480804,-97.95567144751787,-97.4853563881735,-95.771711220802,-101.69780976022453,-97.7520798984554,-94.63567502714284,-100.69728837955026,-97.34815748545736,-106.24536031611669,-99.21177088553937
2025-11-02T00:31:50,AP_24_1,2.4,1,Microwave,2397.3030267498834,6.914915246444814,0.6576585162466401,-135.7708361912392,-102.03396460972301,-98.50297488816486,-99.11189431674138,-101.79403286968778,-98.60150665013394,-103.45929547472997,-97.37102055070302,-100.24109708251282,-102.83737394461184,-101.58456636676573,-105.48664147976623,-97.89903744010965,-99.04825841543573,-99.09659611848868,-98.68111043647362,-101.1517810993187,-98.00639167089876,-98.8002372311001,-99.98564639758332,-104.69271407587937,-99.99064225862159,-101.2894138770368,-101.0126751805772,-100.0733883378346,-101.20196763748284,-99.33306640174294,-105.81013511699122,-98.46071743238417,-98.18286542394098,-99.58682390343655,-98.81484548008079,-95.62231306652387,-95.34583129136176,-95.37403671884792,-105.72677746881216,-100.82638627929367,-99.9386627966997,-96.44493774392187,-101.70216549975152,-103.49714144849646,-101.06156270203309,-99.49350970095271,-103.2531083453504,-99.30184372866991,-106.31047228390699,-103.24929224253657,-101.44011123003841,-97.87768156685888,-97.46890460806907,-98.45573834833024,-96.73417366682101,-100.33995355715125,-98.81421547116908,-96.18132559287875,-101.68133038795638,-100.39616372768067,-102.91849032866692,-98.95703149689696,-98.76236888014817,-99.14886413945314,-92.002078745253,-97.97469074258325,-100.36507812790515,-100.61027093601557
2025-11-02T00:32:00,AP_24_1,2.4,1,ZigBee,2439.243638763291,15.131107682614378,0.6892494831154199,-115.32821794916143,-98.31057027966133,-101.14313706606953,-102.61077190174719,-96.90848497282497,-99.66629970231436,-107.07704944821678,-97.39367767180094,-101.97919582610706,-95.02257877275339,-93.92103960844871,-92.82754310119877,-101.59451366897765,-97.42453877494873,-96.37971239678227,-99.46684992984517,-102.31130102544994,-96.86701818941835,-98.61793657161682,-95.4693231357508,-100.82641876295496,-97.16527718379099,-98.83768852910636,-99.93681596057363,-97.7313795035207,-93.35282766300521,-94.50924846578447,-97.4083278219757,-96.32088672219878,-100.48376704321414,-93.8865231756832,-101.78299324668927,-101.63618030281862,-95.27290593300548,-103.98381669299786,-105.06430563441572,-89.4518331940967,-95.98932052240643,-95.60954568169413,-97.91532539805635,-99.89417696870701,-101.79836460984717,-97.73637373563847,-95.73883515982116,-96.70669414772661,-101.75064596471807,-96.83869039239023,-97.41967831223772,-98.65416633610562,-98.85740987361493,-95.87150786933454,-97.3871924399589,-104.51008429348398,-99.47024688202524,-96.26170846068351,-99.09726463726426,-101.41154580593047,-95.39662398165083,-97.4262472130274,-100.65129698361027,-97.8864552286905,-98.41703275565942,-99.48554627302704,-96.36956030530028,-99.1641326871324
2025-11-02T00:32:10,AP_24_1,2.4,1,BLE,2417.0169994048492,12.525081554276332,0.11258577607203114,-123.72043937246413,-104.52325828749373,-99.99417693362543,-97.65965719543803,-96.2790643524528,-99.60466032395705,-110.00427533045863,-95.41220551386775,-102.72221556868871,-98.73447925876047,-95.44358303094589,-96.21348571906842,-99.13983612668308,-99.30204372541556,-97.2462888492298,-99.4836598448706,-101.92880443730486,-99.33162586890583,-100.60486148029817,-99.39300227277513,-97.8786307194978,-98.27431724468109,-98.42694787959336,-100.21060868624132,-96.59877334512977,-95.88249874717404,-99.97504656926154,-95.55861091680765,-100.6678899306283,-103.39549463671756,-100.29575846516859,-97.87178871350201,-96.79094758239354,-104.66486955619987,-101.68295459583001,-101.04161332838113,-103.98127368843507,-100.48065386098975,-100.53898861641697,-104.52282674875609,-99.87345496228426,-107.40463824682821,-105.11816212926169,-97.90914409115065,-98.4160089324723,-99.27847325513116,-95.32013811295131,-96.2777805436524,-97.63622658257266,-101.03584600668032,-97.98526239238944,-97.18565492206484,-96.25168512558272,-99.99750938036901,-95.85498137174162,-97.85839100184715,-97.09254403620908,-100.40486970924404,-101.15934705780674,-95.67339934411945,-96.72250301122116,-99.73297086838298,-97.94106744483827,-105.17118462938274,-99.24197218944606
2025-11-02T00:32:20,AP_24_1,2.4,1,wifi,2412.0,0.0,0.0,-105.44996892434743,-97.4999385987457,-97.19682913427575,-98.33904977245201,-99.50190036227302,-100.98596475273591,-101.37742769887676,-101.17106140645339,-98.2339373119895,-102.5099002856376,-100.3402375024547,-102.2806008020723,-102.03125624170072,-96.54237824663579,-102.60546546078616,-101.77390103934947,-96.55970895408021,-101.02641534409169,-99.1674716438841,-95.61485426538529,-99.70642174117232,-95.6468813994438,-102.98404053192264,-99.20094196087679,-96.22947493335151,-104.9703078579115,-101.54268247044153,-103.5699235710527,-99.3475765857823,-95.68233906641761,-97.78791613195108,-100.12268254986574,-100.1733124732166,-96.10149734867336,-97.81204940678415,-106.79054657296459,-97.25299836444708,-99.06881268659623,-96.25354629355998,-97.50033077019198,-99.23865654086097,-92.70799907725959,-101.92570273642164,-105.4681609833456,-99.21634500809826,-99.66627102023563,-96.710644267226,-96.35062686212702,-99.88107677097058,-99.15402847180938,-98.47992867003505,-100.7691461629917,-105.02162564541801,-89.81040094264587,-95.87922052818305,-94.50269135226122,-99.78513567406902,-93.38813456151088,-100.40073589455494,-98.32447880189063,-99.08701909102464,-93.93967211982208,-101.483478447021,-101.99528539052673,-99.66384406589286
2025-11-02T00:32:30,AP_24_1,2.4,1,FHSS,2441.644516966764,1.351246468090605,0.6454305801965422,-103.09387412755767,-93.88339707952508,-99.84507002595898,-95.58620932592133,-92.77924394962433,-96.1374093733671,-94.97144219212069,-95.6687427723704,-98.75391550191739,-94.72264881472785,-91.88895896170601,-99.31032415795539,-96.54337459134412,-101.72250295690424,-96.70818371525985,-98.25555927728458,-103.07240157907364,-97.0500268456012,-93.46950570744869,-95.09243391548468,-90.68761360512451,-95.37755841222341,-96.90327444277871,-99.02659288887696,-97.92304685471206,-97.72197969576713,-98.0590235011431,-94.1510835997204,-93.9207675386556,-97.13629641762822,-95.47386786557624,-96.03787360795634,-96.30428737235013,-96.84348085394171,-93.60751582808356,-97.11590350957532,-90.42704275031141,-98.42108951602793,-95.11851242624708,-95.08411319101558,-92.57731409883166,-99.83044572453247,-96.60833066424004,-94.08750765865821,-97.2828112091109,-94.7975804790219,-101.3684873977304,-100.47022707093971,-99.86573028319665,-97.9995503546342,-99.19830151049291,-94.2648535251449,-95.83794488629702,-102.77582143034567,-103.0870732689106,-91.61942989034222,-94.80729844058759,-98.00121951343152,-93.33009852093427,-96.45053293261921,-96.7787032671899,-95.36869413535644,-93.00384722790379,-96.74781331838724,-97.61748028523192
2025-11-02T00:32:40,AP_24_1,2.4,1,Microwave,2411.3431926807284,17.194127255599696,0.2510412426241396,-123.27564422507626,-98.31732588557558,-95.9107784810606,-95.32413857841743,-94.30605713213016,-96.09669805604024,-101.80009306242384,-100.62056132682271,-96.34782552496068,-98.64210965487584,-99.06293888383682,-100.74644824254862,-96.13076022625833,-98.85663804492212,-100.42878511247541,-95.32340129753403,-99.76418481259506,-95.4883362030665,-97.51781911048796,-96.972684805157,-98.7424507844813,-103.71965121270463,-99.2682674635907,-94.14888052634745,-98.05120161354503,-100.96138426541287,-96.00573387287855,-92.96483287497868,-98.60473530359226,-104.2076058639914,-96.09324207775614,-94.94499352200887,-92.38190337841063,-99.86964507480367,-96.28950013347706,-100.21000135408539,-96.70268875268023,-97.51593087008004,-99.7076556183043,-97.45114248953726,-96.97734740174494,-94.49023086007408,-91.83915487619075,-96.1018743537385,-98.50322996337596,-97.84623842748705,-100.15047518597952,-91.57020342780788,-100.61425701578744,-98.13224606501177,-93.59191674699456,-101.3284039773878,-99.24047322045821,-96.73775455353348,-101.38844297714805,-96.87686667514622,-94.7305531048487,-96.65743402276453,-93.83194740023978,-98.84251738753984,-93.65876246612284,-99.5734764288347,-94.49304446456586,-95.56638030592461,-94.75917331421644
2025-11-02T00:32:50,AP_24_1,2.4,1,ZigBee,2398.77833788632,2.848688148888865,0.7861253787922424,-112.59395944514371,-94.3851696406306,-95.1251944253447,-96.49782853531252,-97.5527053512915,-97.99298898757233,-103.28721229221478,-93.38689656623434,-89.75173223087627,-93.42831344349698,-96.39887855540863,-98.58694835472713,-95.52344899806658,-91.46849990628235,-95.01694250803966,-88.2451726334765,-91.91740322380362,-96.58617838273068,-96.0165424271779,-94.14382292037463,-98.54551643155618,-99.93634198946035,-96.24687258293196,-92.14655756022285,-95.25131437868006,-94.9289135461931,-92.31608585467367,-98.44360621890087,-98.09217062104264,-93.85948316616962,-98.20421381871537,-96.62607130961077,-94.08461929566815,-101.29997830513277,-94.00350835622166,-99.81997176218361,-95.94781647630337,-99.71034217009019,-97.7033742394666,-99.056484701015,-96.26713301064851,-95.31688565267531,-95.26285445367981,-94.15631714387403,-92.03841053262695,-94.89835697464397,-102.97844930795843,-94.7922022038162,-99.03891188935388,-94.36524312555763,-96.63598364227529,-95.34356410168039,-95.56610798128008,-100.15265482415623,-98.304098592111,-103.26699417811753,-94.12534684320242,-98.53967763446087,-96.28704778302632,-94.35845760871831,-102.73452788684456,-98.1673208242372,-93.85171620195499,-96.93484320130892,-94.29767563681243
2025-11-02T00:33:00,AP_24_1,2.4,1,BLE,2440.470150849097,14.338209664877652,0.2932557553913102,-127.4365922030325,-95.10132876985786,-94.89847119047242,-99.86621802071932,-99.78757227836675,-93.43981890801962,-92.38600612091605,-100.63516570825011,-97.60116630952449,-99.38137469003735,-92.72604098581185,-93.81555231420641,-95.42699284674526,-102.9243105513411,-95.3715957429921,-102.26000993073673,-95.77275781401734,-94.85152578235976,-100.14282928483077,-94.62169270645649,-98.49068212199494,-99.05451777053025,-95.024282943069,-95.10457745370388,-96.17771127190456,-88.7585821718241,-95.37784215828455,-93.98379061754369,-95.8697430362793,-96.30863087006736,-91.5067248908714,-97.70479896326965,-97.88761167317573,-98.40066540553168,-94.27933414903055,-96.93308393866656,-95.41068288336257,-101.32538982748653,-94.7816789534247,-99.45941540143144,-100.47151981272005,-97.11464486505162,-98.71953374093775,-100.61750412580874,-95.58850754013,-95.59187857933291,-98.80040434325187,-96.969084674957,-99.90129293944045,-96.58386847936289,-89.65286939475334,-95.56863026800218,-93.54410391897801,-98.5200757689944,-99.74907708640771,-96.09281498802812,-94.90947646941254,-98.16074427817007,-102.5551004067535,-97.34778026054788,-95.83290836093198,-92.64880651112709,-97.11873710728948,-101.81873115442036,-93.24648228411361
2025-11-02T00:33:10,AP_24_1,2.4,1,wifi,2412.0,0.0,0.0,-105.23418792562522,-100.5283856611876,-99.23980394144193,-94.97346044236696,-98.26717783461804,-97.23580263478452,-93.23327003476122,-102.26453367661136,-100.07517016008674,-96.99211735282844,-101.95474700218931,-98.75979652247885,-96.46964592052001,-99.23536265997305,-100.17403309988343,-100.00923636835087,-97.15111979661789,-96.57880955446365,-96.65282564334458,-98.44849261385203,-102.14272246263344,-97.15286713379813,-102.57300014520868,-103.0888777469952,-96.52259242681065,-97.46700442648125,-100.49393916596708,-99.46087258249054,-102.30317154134029,-96.60416438103314,-95.7157887374924,-97.16080841737073,-100.88963277272391,-93.64284082709135,-99.90903962214757,-101.52063869283754,-97.44044308662544,-95.1648663378297,-99.76491581691403,-96.13761459045438,-98.15880943138221,-98.67520284520641,-100.66141604521982,-100.01488071027187,-100.07918332043972,-98.5581909401925,-100.14623959463829,-99.52857787845488,-100.95590199261738,-102.28902664040243,-97.39602808887874,-96.79321895623828,-95.76433763988015,-98.48313176771984,-93.39140279909178,-100.54930161391853,-94.48023010736924,-98.28991890578345,-98.87201517262073,-101.4120971541729,-99.40877245626587,-95.5387957213606,-102.58073879815034,-95.47956277615359,-100.73292769813452
2025-11-02T00:33:20,AP_24_1,2.4,1,FHSS,2419.6058697347185,19.29253759059396,0.7067940328964435,-115.85303183190403,-97.78306457181986,-100.94003027344277,-96.33970004636434,-100.22650452932261,-101.65392730569494,-94.98155001516663,-98.70732451794541,-99.50692347224745,-97.17826914273464,-101.24669942976789,-103.66133671050619,-94.33413450181276,-94.91998020519023,-97.64404968662917,-97.57278650827715,-94.65654709102432,-92.85495435270029,-98.73316460876721,-97.25139824319852,-95.45765384445656,-99.8051691946276,-97.98392795483399,-97.28771070434003,-99.64190789245987,-96.10950063614837,-91.01151666988054,-101.06635818303994,-97.44986376342789,-97.01502687587265,-99.5710158989773,-94.37312940609019,-95.32369162775599,-96.21487793939389,-101.54501953268229,-101.63190938770369,-97.06299559099132,-93.44541260769283,-101.92183065000121,-97.95178050151746,-95.17588977454795,-96.78836792610157,-95.49973526785601,-100.88939442248359,-97.99602684721589,-94.91665909871224,-97.09568043405118,-98.07354619104382,-102.40606305256753,-93.20791787088187,-104.13986761734247,-94.91420874723904,-98.34680943201154,-94.18244602870621,-102.02881304566559,-96.96583070655375,-101.04398006006555,-98.67727149571209,-100.20883036527074,-100.56575353328786,-94.32875194080057,-94.37088734781283,-97.93786698801301,-101.50036592812779,-95.42796013324039
2025-11-02T00:33:30,AP_24_1,2.4,1,Microwave,2423.9543854278622,18.825542314651024,0.28404656228277575,-112.860713245275,-99.11955811612442,-97.19795707708417,-98.09227689298413,-96.47676356005427,-96.58349426960127,-102.39841026145488,-99.84308681725837,-100.95454374949179,-94.69932013275856,-102.60906540988253,-93.08495104072988,-92.9580314507907,-100.305871190427,-95.29571360858678,-98.96993426631434,-100.38096774782495,-92.98954651038328,-94.37864667450172,-93.74141116565247,-99.08625848022807,-96.23780623677742,-101.9409929594172,-97.8074200690177,-98.38809331298124,-101.26536635222772,-99.7056956516494,-98.52838242466741,-99.02920572344168,-91.93745659352464,-98.22354404036068,-95.80764171351044,-90.69653924890784,-99.27406790609483,-97.55861616818083,-98.76709186402948,-98.71882411817718,-96.93512383161632,-96.04984831031142,-100.42959684677919,-98.01652168101239,-102.81175596168815,-90.98014087292634,-102.98640069308452,-96.99896563322416,-100.45449829215873,-96.76028566956812,-97.90565913621292,-97.77422853861607,-99.27511635998334,-100.65762909614581,-95.52195004549444,-96.78127421636313,-98.16216327766416,-100.88133750475491,-99.47443065737419,-97.20009401051244,-98.5853962034509,-91.6431099204054,-99.8847666554387,-96.14984844179298,-96.6282416783208,-94.42545113521841,-98.878123379223,-98.64570950276558
2025-11-02T00:33:40,AP_24_1,2.4,1,ZigBee,2406.09035173316,2.0865043308079336,0.05271677084075076,-116.66898507222506,-98.1769865287242,-103.74629625774965,-100.44856642553482,-99.71948320648103,-101.0813709029774,-101.73816008364025,-99.54287495720028,-98.5031972769414,-101.76944547128493,-98.6191537008814,-101.91300865389285,-101.6360652696043,-101.16586783185305,-100.54221505742927,-101.51473317102179,-100.8536458358299,-97.8996494698241,-101.119408032379,-97.16034444438635,-103.95803484660951,-95.44794128111428,-102.0351837828965,-95.13567191155815,-97.17246588349771,-101.95707106997985,-99.38542698724741,-98.20652872527933,-98.49908264201785,-102.8186280338099,-96.25332610699778,-101.48080593860935,-97.03173451183088,-95.20917275577465,-103.57122159163194,-103.07066452360095,-100.54966857898698,-100.35879479877424,-96.44857468513544,-95.95067021155972,-101.169590386936,-103.45312109657225,-98.2916550710073,-99.00476873628543,-105.89907809100211,-96.12428407276795,-99.00480797381135,-100.4311165100789,-103.12490224099753,-100.26119059790666,-98.64562552595069,-101.46374468334061,-108.20182425102759,-98.30801762982372,-100.96657379590027,-98.25988068140035,-101.3376397888808,-101.488902697842,-99.75445232113748,-100.0715677562427,-97.50464541610773,-96.92701769680852,-96.83346964882828,-102.67286963812722,-100.41714640619082
2025-11-02T00:33:50,AP_24_1,2.4,1,BLE,2386.914928230353,8.734834721183722,0.2209873987779591,-129.71281616940172,-90.63617016816626,-94.12966017819387,-97.93319633373409,-95.46704843050071,-96.03554562495756,-94.70418912176518,-100.97929373262436,-93.86626137914996,-95.08466827096504,-98.7630779340951,-98.99436782706475,-91.81175555264718,-97.5680946477407,-94.80436303924073,-96.67418848771726,-96.5859269567931,-98.74895532145213,-95.57515632514546,-98.05592231660364,-99.85018809036423,-90.6263534019496,-96.98349857062102,-93.14254127625198,-98.88068158799759,-91.52644588801542,-91.73120485664984,-96.42060212827552,-95.05312693702555,-101.58760119854632,-97.5189137762536,-92.72847368002732,-92.68532507833469,-96.80931548486625,-96.2841861162833,-95.62367417556084,-95.70454741868414,-94.47234599670028,-98.46500630047764,-101.64862125607694,-96.14117321895853,-96.55661241365186,-95.61140640199295,-100.70350561987192,-99.55214171785225,-96.15227158354487,-91.08248196732755,-99.58406381390141,-99.08680575671818,-99.91823653793539,-98.1929525408699,-94.27397705330041,-95.94765443845213,-95.04949072069043,-98.83542911988269,-92.36120688845763,-96.99908673532957,-95.21292263121445,-94.07547657495594,-94.43617409003521,-95.68177310123144,-96.22485551039182,-99.04492866614036,-92.74117773654152,-93.13298060171917
2025-11-02T00:34:00,AP_24_1,2.4,1,wifi,2412.0,0.0,0.0,-103.49378063529585,-99.00084767239353,-92.95217919265357,-96.21616692220883,-98.75977491486287,-92.63515279366784,-95.58467962016594,-101.4449037729033,-97.61702147503257,-101.10750557204025,-95.61523161666469,-97.17724411564605,-99.3192270474906,-99.32563011398418,-97.85295999013283,-102.80583755474564,-99.8101241490418,-96.18390722037131,-92.41491770380141,-95.59672637155519,-101.29029927049119,-95.27963817526592,-96.79057079800762,-94.31187804614768,-100.72264297296923,-99.0856488597612,-93.77575550622079,-87.96557948440793,-100.30496586729309,-95.1562206269543,-91.76484357458088,-100.54127833295767,-94.51679825763561,-95.98311701342956,-99.40926402982913,-93.60483472181343,-98.37870535302297,-97.37375490305446,-95.72727548690365,-94.95664570455395,-99.3884135830924,-96.8659706549925,-99.52798442697465,-95.88068439636437,-103.58468801708702,-98.91581548631477,-98.16010120442878,-96.73427401452746,-89.34118351606396,-97.8393998273022,-99.27092564151373,-97.00772821527588,-97.96747491582511,-99.82757685105247,-94.5002342571032,-100.60198942485482,-96.21224035825156,-95.42438770749551,-95.30510449745134,-98.08047640339976,-97.72067820602993,-96.73661018936399,-95.91143768124557,-95.60056991861367,-98.53517154382831
2025-11-02T00:34:10,AP_24_1,2.4,1,FHSS,2399.5184294556393,8.388159163190913,0.7305310838715655,-127.16747339110483,-99.8246060012047,-95.70073102715342,-101.3186799480963,-95.57374255059166,-99.68907269772609,-103.0981908609279,-104.95146751173681,-96.92384678532947,-103.45988522270873,-99.09011577691317,-102.51808826301179,-100.12970598254422,-94.67762874773683,-101.58435865328299,-94.7137790445117,-108.66965747214797,-97.26436672006804,-100.72994457803772,-98.72197927150587,-104.47273175968469,-99.0410546641383,-98.76500009275492,-102.82569876179501,-97.78226943805896,-98.87808833380103,-98.45521009009354,-105.72923677459214,-97.79417666868316,-103.65046578804453,-99.04936611130628,-97.89761615112725,-97.84047912205922,-101.73653282886849,-99.88108091700309,-99.12562525244856,-102.03396501021588,-100.33620936906321,-99.31946351865757,-98.93828366777117,-100.83234282086443,-99.52835697712274,-100.6055671195148,-97.78774404929783,-104.8430169568541,-103.48997363659203,-98.68109922686718,-103.05368177697001,-103.64645590581719,-105.3373510219178,-101.49009577020796,-100.11042083190803,-100.12347216508175,-96.25675353600431,-99.27558897388954,-104.18067254747629,-101.58368658194782,-98.51998239551203,-102.17646910313681,-97.71895361472527,-98.72114886375103,-103.22726402161891,-98.5235409678368,-100.52247251944014,-98.89340125770839
2025-11-02T00:34:20,AP_24_1,2.4,1,Microwave,2399.6693083166215,16.962479063973213,0.7639290758882368,-130.59702703067543,-94.33527667152947,-94.91552000752773,-97.73792337382602,-97.46953169749561,-102.29574861735902,-98.54102094589035,-93.10957040283196,-91.62030189276321,-101.4209473456602,-94.7470277782112,-106.23239333125203,-98.01728913257593,-95.65725915449214,-95.9445115483276,-100.92823947259633,-98.51431229992302,-94.6557682673633,-102.65881169508546,-94.79654843379903,-91.9831036180042,-89.90167976280087,-97.09640008445548,-99.79359537961139,-98.43076319795564,-98.89520937646131,-104.43590779691958,-96.69482041912894,-94.87101780873192,-93.31645357713025,-96.39514358501431,-96.91955532344356,-102.53756922567979,-95.35416926095884,-98.83248565675456,-97.38023750924654,-94.53103218573949,-94.70616183301557,-95.55929040626754,-97.75620828572649,-95.03563494063171,-99.2709099979611,-91.24324322757083,-97.67669389550171,-91.26941309642916,-93.09136761852639,-99.99685085273995,-97.11343368300741,-99.39411890653251,-90.48157442749037,-97.49997309145485,-103.08865024085816,-96.96016805522602,-93.75227640119961,-95.51832895452638,-96.96776908472299,-97.2403624775327,-96.94679932945236,-97.83125080969909,-104.91849663359274,-100.81962999880675,-100.17627721427213,-101.57547037484048,-92.37207680881271,-90.70632094657088
2025-11-02T00:34:30,AP_24_1,2.4,1,ZigBee,2389.7798036705262,1.5983718897393864,0.7335865041493268,-133.63482566988188,-97.48838283804646,-95.32175230145785,-97.13219539073337,-97.71619322057091,-95.4081851136799,-95.05469669072296,-96.58444527594018,-94.38889812478845,-99.98395326312088,-94.57967725324778,-98.75688769101636,-96.74966592921311,-97.46201281770472,-96.85288745086326,-99.17514948370521,-95.01395030472138,-100.13476565086212,-96.34223517805924,-98.87670287171606,-96.29702593419836,-95.21060835434457,-93.45104648940753,-99.3839082286326,-97.32573909245706,-98.01278328475885,-92.46674987631046,-96.90534038898497,-98.15277170385363,-93.04454847587435,-95.1788805338951,-97.13256182067114,-99.01183794812205,-88.59904799396443,-95.8774138514449,-97.49033021754214,-99.44983020224969,-97.40339262990904,-99.84634065163988,-95.35480371878145,-95.23507768764493,-103.29634223125359,-97.50015417466102,-96.35155884127822,-100.99956404698773,-95.8971297081371,-95.71337157567521,-97.47059158176523,-92.45274962956641,-95.84941080808245,-96.48070081690501,-97.1907154376644,-97.73355706242639,-103.55428571538117,-92.68601211078477,-97.34558799920923,-99.41086730256627,-96.9312851140551,-97.55200531007179,-98.31611262058244,-95.92761280652732,-98.6634096104123,-95.82298981781254,-95.46759958497891,-99.30342561746416
2025-11-02T00:34:40,AP_24_1,2.4,1,BLE,2428.429425048029,8.114219295848981,0.7361451559497136,-132.00744822097855,-95.6461311936326,-100.23010298526418,-96.00198122119839,-100.9945024239954,-95.607927146741,-99.55287675411913,-98.61794554986888,-96.36406907014481,-100.8413964483834,-96.18546649605717,-104.86758317028033,-97.05489002211132,-97.39201563867364,-93.68467547483556,-97.11549019340308,-96.50151458931597,-103.10974838925826,-102.08501408131308,-102.31621062403167,-99.63090064043479,-100.90339989267677,-100.89273286126863,-99.48654699312976,-103.08944276792545,-93.86043574718647,-100.50265918111505,-105.04425220961333,-104.41963942589909,-103.64415420198752,-94.31410508121296,-93.58868628772454,-97.66868091870698,-98.66202660631383,-103.51335454722023,-96.23579255185166,-99.44068527711077,-98.31569401772087,-99.81724784967574,-101.3932092800937,-96.47716861496775,-98.08966429560651,-100.45193366682366,-100.82159105465728,-101.5219416427214,-99.86990733390185,-98.90726422295855,-99.25006821039126,-93.32772949091259,-101.68930341356157,-104.54339821947164,-93.26968095057883,-98.89230106546182,-100.33821517306866,-97.45744385829093,-101.1034167782248,-100.1072141449557,-101.21498046356632,-96.19034735278153,-103.91998475900992,-97.10258007167218,-99.2895954543934,-95.21679712850978,-100.85089704951102,-98.2543808470321
2025-11-02T00:34:50,AP_24_1,2.4,1,wifi,2412.0,0.0,0.0,-103.9331146359567,-96.15305979948778,-97.78603267613562,-97.35227888944179,-93.214091906147,-97.17688720857358,-97.03974108966685,-97.26187020547506,-100.58475138150826,-97.63418445748307,-95.61522982849395,-96.73860883525506,-99.7816513240437,-97.67405107624238,-94.81530971483217,-100.791977514131,-95.38740632103901,-93.72768264673171,-100.24257115202656,-89.43460834307415,-95.09299345133033,-92.67434349425595,-102.72171270347734,-98.02344206713441,-95.98487777458442,-97.60852548433819,-90.97701431926247,-99.49512998795863,-96.34651473665215,-98.05472209431505,-94.97359470062312,-95.29564490212893,-91.87616482171647,-98.03964197485423,-90.4236027769948,-99.75527739023342,-95.74960381430911,-95.5845499426377,-101.13055984120989,-100.43241906664629,-96.61759271023047,-95.52329782668552,-98.72066512222769,-103.43103346401766,-93.25927998016192,-93.21414793857812,-92.45293186240269,-94.94723715580312,-97.27065305581334,-101.37578841928926,-93.94825466008095,-103.56299217638353,-102.31550328918061,-97.21105449310787,-99.89085824910957,-95.1670884913001,-96.02751760877801,-91.29662936422793,-89.05614469739619,-97.49829481783983,-94.18884879396504,-101.93899685936476,-96.30422404335036,-99.98748687708391,-97.52029783587342
2025-11-02T00:35:00,AP_24_1,2.4,1,FHSS,2410.6650731682303,10.178297690207783,0.3140414813113927,-130.93835033719282,-97.22719249082584,-101.7205438812951,-101.06631482734427,-99.16058182583723,-101.41062734416809,-95.8050770321079,-97.52902640194293,-97.01909995567071,-97.3689243037475,-94.78177062255428,-95.46327941859464,-102.11434356927099,-100.09464585170423,-99.933499264468,-101.66129412081875,-93.43834279103822,-97.39960184258857,-101.88093801707046,-93.97499628537781,-100.77370031667573,-93.87770964008067,-98.9892775917869,-94.85955932358088,-95.04093139774916,-101.2318857751667,-101.02293729519026,-97.96062929788543,-97.34332802197818,-93.7005222839666,-98.71470258365946,-97.04347735686143,-95.18832855288142,-96.40218626534521,-99.71325942441092,-95.1336210483186,-99.0794080784599,-96.09256603993697,-96.53362647751669,-95.07878081165816,-99.85253860452038,-101.50769446014006,-94.9827331731845,-98.10961460120784,-102.6564045217937,-96.47884544287021,-96.6412861159816,-96.15486600161424,-102.0659801194853,-95.07784643889465,-94.16416665489352,-99.21120958175156,-96.3832679117609,-95.64693130304539,-97.83516102121995,-98.04579659183615,-96.50738768438049,-99.21124012991181,-94.7128291160665,-100.41898983767298,-98.28322861011853,-102.21632465370743,-100.29965821784593,-95.5779193451472,-102.01301936447565
2025-11-02T00:35:10,AP_24_1,2.4,1,Microwave,2384.53328921332,3.4618138318519,0.495781397631942,-123.33854153041307,-95.75585306296007,-95.36264605451895,-99.91199215124446,-93.48356827800924,-97.41614991105716,-95.22587639636639,-94.32515748927105,-96.75188808983101,-102.01136778493074,-97.49084057209876,-101.77635354811893,-95.53308814791892,-98.88756227736111,-98.74788698568005,-96.70302967326593,-96.7930649467101,-96.08137128634117,-97.43048500314144,-94.84755843551285,-95.20890547007568,-98.09238617503026,-101.42305768452606,-97.52631977271982,-98.38563413942622,-98.58956273437487,-96.69709202128192,-96.27363509890888,-93.99510534279656,-100.48721649368234,-102.07846363666435,-99.99281522580867,-98.09485563591042,-99.22580004560957,-98.9524301481685,-98.20844856916048,-101.62178164714659,-96.93031008307518,-95.76110999127529,-99.76799563341271,-99.16599285208345,-99.85253518688995,-100.77340918814285,-97.18319055209265,-89.89226411597096,-99.12077847219852,-98.15735540442995,-100.30768717764602,-96.16968206905081,-96.5073449535425,-93.77980262495278,-95.42136280647036,-95.17971645150307,-94.97087654862723,-91.46502819947708,-99.76843839588912,-99.22587101369099,-99.7574029234158,-100.49231130857287,-104.03907478725671,-99.24175368203666,-97.37536271137024,-99.27894747299648,-100.30410685108087,-97.48542515989618
2025-11-02T00:35:20,AP_24_1,2.4,1,ZigBee,2410.20828783527,17.279169867969735,0.3111309882256736,-127.22791930282693,-102.67353044190946,-97.62220276597974,-96.18736773742151,-95.03747469414363,-97.32983355686554,-100.35222047268734,-99.71422522524443,-101.57015938042287,-92.08787394227429,-98.58812510498525,-99.22810440784126,-96.05591072373201,-99.05545255178988,-96.69035786515092,-97.2738816549382,-97.2058151794122,-96.55687933466002,-102.50166199347191,-98.96225644727586,-97.70609785468483,-100.24577119775273,-100.72873706279724,-103.34816347116106,-93.64259183936035,-100.11145961660837,-96.02548073841847,-98.91214663265573,-94.13358456378784,-99.1147245003314,-98.5372288561605,-103.19908458128467,-99.42858204180017,-96.71927351415505,-93.53512513659372,-95.70868649021847,-101.1861043235979,-93.11435915406828,-97.14294832813718,-101.94828835359927,-101.15633281177071,-95.27526879116682,-97.84003514055686,-101.1340781885884,-100.94566030562768,-100.69065672111326,-101.16038431512528,-101.13775329779202,-94.54330656747848,-98.07066427904326,-97.06526744065799,-95.4353259710927,-104.02652152911327,-101.40783745045977,-100.30908620575421,-101.1440456997515,-94.78728750550177,-96.7283058474722,-95.23303945960393,-90.94327411344636,-98.89319276491321,-99.22898027366121,-100.40852559030543,-98.60758632701034,-100.25759620173015
2025-11-02T00:35:30,AP_24_1,2.4,1,BLE,2421.878347858137,9.58108725618812,0.17464958998390734,-129.0742190002041,-100.62125577230536,-98.0912331884171,-100.87490062179494,-99.1593321407653,-94.85910301050572,-97.26036740464244,-93.0883208720098,-98.44115474638431,-98.661779049891,-96.050104362083,-98.40786575495166,-98.41097753817625,-99.87910690150808,-94.36522579243514,-97.73489343188277,-100.85779765141402,-97.07453614916095,-98.75704906104951,-97.38799269568153,-97.16269622322864,-98.35795866309364,-97.39912597059349,-98.39605076451228,-94.48481200725628,-94.96455455109606,-95.5681707795469,-96.6070954416291,-96.36045576738066,-93.12772444366726,-94.53840121582144,-100.98849542095975,-101.11881765961571,-100.28366647403952,-95.03344089722366,-94.61550391036208,-97.3953811452152,-95.9950668019628,-93.60714244589872,-95.22859881314027,-95.20245494411337,-99.16957615509504,-100.70164009912395,-92.6341823368854,-101.12381535064597,-92.85610800413642,-98.63513377150294,-103.29249777209219,-101.90060752332033,-98.01767425823243,-98.01790335381811,-98.20054299190774,-103.32463151074984,-98.093354553593,-94.25802332318273,-99.4503293599485,-98.7276973957005,-86.8472398718713,-98.0275842267924,-97.94747310142422,-95.73796072172833,-93.10438924884232,-96.62753553523667,-94.86101057820062,-94.57223318475808
2025-11-02T00:35:40,AP_24_1,2.4,1,wifi,2412.0,0.0,0.0,-105.97629812787596,-100.34001130239952,-101.9971350266799,-94.68607104037514,-111.5545812741207,-95.8360716767655,-94.97301675100556,-96.51882728604042,-104.03746995432893,-97.21933613805328,-101.11218381354351,-100.00128872637464,-96.49930134420323,-98.98224137366671,-103.21750057230993,-99.85306018026785,-97.77709080144088,-101.23600140480539,-100.46441388024459,-99.2366826800015,-99.65549807363257,-93.17079271647718,-97.34851511823888,-95.90688639898367,-96.97903191665647,-102.86370114194217,-97.97318683906116,-97.41579553114492,-96.34030314254714,-99.9517827043619,-102.23871571382101,-97.5591648170827,-100.52122328071025,-95.98828851034666,-97.65562975096279,-98.25364004150214,-96.95575109158682,-101.88068760188769,-97.37018465463579,-100.22740050060024,-100.28749384299304,-98.0319805906368,-104.1811793528983,-101.29827187638409,-95.06623805261106,-103.30088320728282,-92.65931777316489,-97.7955609542163,-98.2518542652602,-94.66920972730821,-98.07367864637664,-102.54583243602094,-98.2732081824912,-102.55308087221196,-93.04915856257323,-97.22024837425606,-100.64263322739512,-99.23597658055652,-97.89448851268378,-97.69554341486774,-95.44770563498923,-93.16877230798244,-98.11360693247768,-105.16473652292825,-98.57832419031814
2025-11-02T00:35:50,AP_24_1,2.4,1,FHSS,2422.1403769120557,6.126065711974562,0.20448608574401617,-126.36547875091604,-93.27080456774807,-94.01544997463557,-91.55140432030328,-98.21277428611056,-99.2130323787149,-97.80726266109505,-95.59187691169763,-93.57195522507229,-99.0510290577823,-91.95841987260778,-98.14663259312373,-98.19324004836865,-98.63148237881995,-95.408814940618,-93.41999427490403,-98.96692515442452,-94.59719223469838,-88.84530715494948,-99.79203152082592,-96.48648616710659,-98.6925849675046,-98.35054254814513,-96.32840018994332,-93.891131917087,-96.94676194970737,-96.54325358559805,-96.49124664627954,-99.34224050005847,-101.36816090753834,-90.96384297630367,-99.58637405385304,-91.4537994534337,-95.5323002566807,-102.04042461051932,-95.47320356201719,-98.47322751729024,-97.1999003011067,-99.28421174074049,-95.2019119849465,-97.6823778895254,-88.56196613482422,-99.33335870982623,-95.01318339357387,-96.16334628357035,-94.64258654731988,-99.57476460555498,-93.99993895568045,-93.6231405160983,-96.94525227690255,-90.27420696617538,-92.2770529786761,-99.18385300803155,-96.02136917490829,-98.46774606797166,-93.17250582298043,-90.99022298062276,-98.1962823880701,-94.95608980468458,-100.39024943457103,-97.0663956304238,-97.24212414261704,-98.52656098890654,-88.6409473313169,-93.86864931887892
2025-11-02T00:36:00,AP_24_1,2.4,1,Microwave,2385.424188306956,13.5493660004642,0.5167374020875276,-121.53346412217428,-99.66345178148599,-100.88809513430068,-98.64092952579232,-98.6280003094817,-98.31345471644217,-100.38867694098539,-104.77975966477636,-104.1292155427621,-98.31958075928492,-99.00423350574965,-102.56710296909688,-98.67694026787461,-102.67686916846395,-100.09735209998843,-103.38467024038302,-101.74327570130683,-98.70098635329911,-96.42847750642093,-96.74190254014046,-102.38214355961092,-101.340313342982,-99.97511181116072,-96.96308241612478,-99.70864790052602,-97.15821115266145,-100.3149365645147,-97.06684446909435,-95.53618859147244,-102.7234134633844,-95.92858465705135,-100.04719638261906,-101.2288813355614,-93.30800175190811,-98.64767014684418,-99.06937512134606,-100.5629248823838,-101.24492245704573,-97.57945514808819,-97.14487881885701,-101.0451707506814,-99.59098408190422,-96.52905970565394,-102.96830765778687,-97.55824040744699,-99.94569026402401,-100.41973152034757,-103.14494269562162,-97.6198252979949,-98.57167534968302,-103.78163584370454,-100.1260491658482,-98.2450309617052,-102.82613213764542,-104.85023267533634,-102.00288174372706,-95.14235740837276,-104.7876795884441,-98.12080802984974,-99.18780704971473,-95.40845938113112,-93.78654795268771,-99.14859325651763,-102.78284159409196,-101.25926216296419
2025-11-02T00:36:10,AP_24_1,2.4,1,ZigBee,2425.5358553139713,12.727888061687015,0.5525699005584197,-111.82239605102986,-93.81510491949778,-99.88888115962277,-90.65505300118556,-97.71159197304297,-89.830133629025,-99.21681167340542,-95.35967433353338,-97.80166766217549,-100.66681337460676,-97.30165388084667,-92.87375928432382,-100.65012506625132,-96.25158226418868,-96.63252392636039,-99.70850707093535,-100.44941916766311,-94.13342012089278,-96.94806146260248,-94.16954865965542,-96.45223420976357,-97.53014136032243,-91.23766861730324,-96.38880125240901,-96.19644560864256,-99.24240204326121,-92.74494478012497,-97.3814117612086,-91.58846679664914,-94.22335400188426,-98.81591516333225,-92.19873923012423,-98.8898958144065,-95.83189676213215,-92.1240230616984,-94.25751165287437,-96.47796263684907,-90.69378857535906,-93.42851482017738,-92.89861602886637,-93.03310765215615,-98.62378114682173,-98.29457003865691,-101.2050418963088,-100.59518756933562,-96.20355668279774,-97.97493436030096,-95.16867797245428,-99.10614199695648,-95.73461931471186,-96.81455040921617,-90.89961071150333,-100.26974428226183,-91.83616703637944,-96.36373625931161,-92.11133434931283,-97.67732561664671,-98.61618659313393,-98.09731726660063,-92.93760610478483,-94.58242226468163,-96.44546458233425,-96.82369347983149,-95.91261381688966,-98.36081209128565
2025-11-02T00:36:20,AP_24_1,2.4,1,BLE,2393.6456898474585,10.05583214590625,0.5050325372087313,-116.13418454130395,-100.64409949745445,-93.01736039172931,-93.5691199440141,-97.23028337815103,-98.70826012986743,-98.19766268847941,-102.44517111537989,-91.38112980308085,-101.03594420891982,-91.97660418287929,-94.01567419308212,-93.4414446166708,-98.6556762797812,-98.35157874051636,-96.44487173632585,-94.26160812208936,-95.48735850616895,-90.20269012382224,-97.51551371830843,-102.50343811538788,-95.56207349738517,-97.6777663686281,-93.1536900320636,-103.98298386037128,-95.63147539302666,-97.61216478585592,-93.1830051121989,-95.97435045037422,-92.88683948837148,-100.4938746139413,-97.17197806841216,-92.6821739411389,-96.47811313543103,-95.20508322114392,-96.00405856864745,-99.50995713392936,-96.74938167002422,-97.84443082711111,-99.10923080526757,-97.24965484596869,-95.32867544442942,-92.06511006747995,-99.43444523721045,-98.03663739003508,-90.54426995445509,-96.36187847589693,-95.34269549205402,-92.97023362926058,-98.38055115161282,-96.73754666373517,-93.8928818270132,-95.0203638515645,-96.85379410582894,-93.1430817376819,-94.41618310231334,-98.3319760530979,-99.30529786206343,-97.22695577569033,-98.1175296769996,-101.77376371093555,-93.33506009824916,-89.45331245806543,-97.36831652962161,-102.22167900036278
2025-11-02T00:36:30,AP_24_1,2.4,1,wifi,2412.0,0.0,0.0,-104.79466054087781,-88.27423847971858,-100.01609275068154,-97.31867965874069,-90.40000035917579,-96.73680329871421,-94.20823502383213,-102.36725066450906,-97.28623620427663,-96.45734589830641,-96.1530877027871,-98.08992428372629,-97.84890866462906,-97.08331765711694,-97.99006134085252,-100.09982782385019,-97.28917180113044,-97.3769584929691,-97.53148968526231,-93.63096875665339,-95.39518220707738,-98.22413763580755,-103.6176390811502,-103.52652477470873,-96.91560517056418,-93.73886124197605,-95.08639885293901,-95.47200467599198,-94.5365350232168,-99.37310414102961,-100.72843146611301,-97.97948490338479,-101.37686950836336,-94.93117874185384,-96.36971792411431,-99.42946144297262,-98.36528301879783,-95.7005394309864,-101.0081810953679,-101.70387925701411,-97.60599871550114,-102.54464445087144,-99.32638094042663,-95.06985277094682,-97.18195863005272,-97.97816764923087,-91.45738772647161,-103.72170248198499,-96.96668385951642,-99.89600520664231,-95.52691696237164,-93.64985508085873,-95.69612300008208,-101.68498464615847,-98.77433441870093,-95.48784067001601,-96.19129195855227,-97.88249324542777,-97.31419077087293,-96.79862741088297,-99.71437554858953,-95.93134381719517,-97.19768902180044,-92.58314547914706,-98.88821243390493
2025-11-02T00:36:40,AP_24_1,2.4,1,FHSS,2428.862012802383,14.708577807965897,0.4354277011255056,-120.64577047286217,-100.5494244169689,-100.32421375272206,-92.56376989782666,-100.59654326931793,-91.19482091804193,-94.92336015749774,-102.42748598994731,-102.11211761884587,-92.54774672827665,-100.72597556473059,-99.94645825674446,-93.29179174678296,-94.45907176167962,-92.90028097584873,-99.37539033338602,-96.10182604411504,-100.65793952571168,-97.38475434994163,-97.20939926144828,-98.19567529930333,-95.12001990104262,-94.86511061178561,-98.04510391242334,-94.4470228119396,-97.66511385624553,-95.38773059097088,-93.63532254554343,-101.40620540391201,-96.80842373643952,-96.53343381713378,-94.24135955120241,-93.92332372181373,-98.97772130511478,-98.88964659824437,-97.35117649596579,-94.36123074924069,-94.34500754501389,-98.27923731762883,-94.61401344524985,-101.29804008277351,-98.79063204892765,-99.2314263116823,-95.62868633816989,-100.64571611906457,-95.65740692704644,-94.40009017461935,-103.97840125638551,-95.01437553011108,-94.40675543063404,-100.98532418724763,-97.55555419434718,-97.95896153896284,-101.17335565393523,-95.3302120494225,-97.97648111155779,-94.48380130652163,-96.34598448396773,-98.00870441639113,-97.32592866269479,-96.12433300237784,-97.25140103173183,-93.91192474977565,-102.0259767261505,-100.78906626322794
2025-11-02T00:36:50,AP_24_1,2.4,1,Microwave,2420.285240704518,6.788211446378644,0.2688421701807925,-107.28202125213215,-102.56094149152919,-95.45909220560245,-101.57558128866994,-98.97494029529281,-102.74755227752007,-100.42982761675309,-97.80908139133355,-96.73477303846654,-95.50734280925698,-100.90694231648658,-99.31899694855372,-97.35776965396289,-98.28489187069756,-98.75749178325451,-97.43782262388447,-101.29911101312287,-104.20747967613342,-103.74766551499083,-95.78789072968519,-102.99356339235132,-97.32627996293729,-96.84478110510253,-103.27627180924829,-104.38693677449434,-100.90277071606565,-97.23644068371024,-95.68255253270695,-102.0579698026973,-97.635580926946,-99.9616630896542,-101.73990571648541,-97.80394952247993,-96.95433252088102,-104.23029350887714,-97.732910620397,-99.36642603243548,-99.0127500858807,-106.96059710017876,-101.27553559924289,-101.17954906677149,-99.70971625079478,-106.07741346810889,-97.23781284632815,-97.89023234630476,-102.81982329898722,-97.55225613839059,-98.42463417617532,-96.18687067471798,-102.20787720118477,-102.96904186753756,-102.35347730515645,-100.05298856204483,-99.59234021121169,-103.70800648371103,-99.08845415518886,-99.66451026118702,-101.50264127807728,-101.05903579575656,-101.34490780830389,-96.80230964729292,-101.5101095227404,-101.2811274069903,-101.6082755281893,-100.81584132360751
2025-11-02T00:37:00,AP_24_1,2.4,1,ZigBee,2406.4699451669353,17.45713977796231,0.735443377445113,-125.83123025088992,-100.94249604960301,-100.41307148609266,-100.90819813204881,-103.42114635245689,-104.51245938631193,-103.09673837026834,-103.14604365783485,-97.19859070210646,-99.81424589444993,-102.30039406737598,-100.48750647368549,-100.10757157532792,-100.1188760607279,-100.30301063806344,-99.18344170832025,-99.90917796226898,-97.98057894838549,-103.22681206412614,-103.44172073519539,-98.11033112535829,-102.33161068468243,-101.46967792099205,-99.34966523554029,-100.19070184454924,-104.83674512229364,-103.7915550411566,-101.71217507490988,-99.79967735263277,-104.5187945969294,-103.04725511685729,-98.4981104722553,-102.42754492333412,-99.2641948242663,-103.51685885565705,-101.01329068393282,-99.07428065236662,-97.00792650077037,-100.78126259214407,-98.45298266413332,-97.24048842214954,-99.21051000603953,-101.03672596424357,-108.64518874694708,-101.19121396617126,-104.14918361570001,-107.97819897971746,-102.88691429395264,-96.25442920414098,-96.54686226766675,-98.12003869363386,-105.07284833142577,-102.65485607202125,-108.49547142395832,-100.26519274648622,-95.75902521995356,-102.00135235289302,-102.3529755748091,-99.08524046850994,-98.38748357538113,-101.93296970680657,-102.86247350928109,-100.29699085785256,-104.5977657669861,-99.66671531549305
2025-11-02T00:37:10,AP_24_1,2.4,1,BLE,2433.93309449812,16.33893887370527,0.6473009575432406,-119.51592923021481,-101.06915053933196,-102.97624059746742,-98.88610849887193,-97.98335687005259,-98.84760953930856,-99.87956009733571,-99.2935664658759,-92.4872824822666,-101.58283719870255,-96.35940936749627,-96.87502721546004,-97.43397918752632,-94.91367256799943,-99.69544233568827,-104.20989252806172,-96.67028574385081,-98.05127992870642,-103.39611074325909,-96.66662807814355,-91.7417457388059,-102.0779267196001,-95.59107601666591,-101.82280791817698,-95.45817199815858,-99.40505681146252,-101.30615512535374,-95.04028736196729,-95.7582714972561,-95.87158828750553,-89.31920368877763,-97.06556617515736,-93.234896040768,-103.10346797838397,-97.29133183455546,-95.70281122195682,-97.05696780857404,-99.29377466920923,-96.23884960462003,-101.28101555542892,-98.83826316344,-98.50582140851553,-95.08283011269006,-103.40813816294151,-96.28817000111128,-94.15080092684093,-97.15313542871836,-102.3534689095515,-98.77579881710278,-98.48098022158955,-101.22423166774783,-94.68002950024444,-103.14348236340386,-94.19332851666117,-99.5336305590228,-94.18000611942995,-98.89719681362904,-100.90469148441585,-100.21600963237039,-95.94611603942603,-99.69728936135905,-93.30044027268356,-97.52236321218433,-98.890034088224,-98.15208532183577
2025-11-02T00:37:20,AP_24_1,2.4,1,wifi,2412.0,0.0,0.0,-102.76797621610083,-95.33032443599751,-93.77182118753886,-94.76474053869651,-90.47116898922773,-93.69819969240649,-101.72653596873033,-98.36357998016602,-96.05710869563723,-98.33159756421993,-93.54553410270539,-91.04459549538825,-91.78105314783063,-96.4227932497446,-95.199481649318,-98.09716636370659,-96.7451463209115,-94.50082024271757,-93.47669150361763,-93.62444110096668,-98.66675031786282,-95.84401836619612,-99.7827159186943,-98.216207240553,-91.33595877434534,-98.19586152296496,-96.14347415083668,-94.96899779136386,-100.3860588961002,-103.09927530188362,-101.83797209974671,-98.8043480635872,-98.81941739408842,-97.73188554431867,-94.2265683023864,-100.98496337327056,-99.96087643616383,-101.6090550976726,-93.82451243815274,-93.47283098410645,-92.75698512547125,-98.51284671708358,-97.11025611825039,-92.36015444369826,-95.58112120024691,-97.3907309610713,-93.80682095700382,-92.960845420528,-95.63379818257818,-95.75581653960089,-92.9319048355238,-92.4994640849952,-97.94679441701766,-97.37677311105291,-95.48674084655919,-97.57291062172288,-94.50268359968113,-97.00032928599197,-97.12315405562737,-95.00392922506347,-95.71711984667286,-93.4157186108659,-94.38878533728956,-101.27676453111653,-96.0311172688248
2025-11-02T00:37:30,AP_24_1,2.4,1,FHSS,2384.0609560026505,16.57436170334376,0.6158153219259148,-122.78757401216023,-100.48495080781393,-96.03835136787696,-97.87082512009053,-97.01416657905406,-100.27542718569669,-97.75296370319786,-95.76648451684065,-95.90444959215894,-97.41470319308074,-94.78888019138242,-96.05915342839633,-94.61219703769783,-97.22666210642235,-100.8336377298086,-97.7879736063094,-100.3075427799833,-94.99161921819649,-97.0416780995564,-96.92019403709934,-92.52569027078478,-94.75016118132362,-95.29208745301428,-99.47652722665504,-91.38528873616761,-98.62612623925975,-97.52132424442465,-95.23824889131106,-98.99597735822208,-93.97489151819344,-95.37599778283905,-93.18590428482308,-95.72192695904867,-88.90218744007711,-97.80717697204814,-99.89960090381408,-91.63809760135544,-97.3969866819443,-93.54223398495147,-92.53562671647256,-103.2516051425971,-94.83238936506105,-95.93873695707258,-95.19812106227174,-101.15754399210219,-96.89600628289563,-94.50145305232064,-100.45871997882149,-97.54325273453797,-97.37392450043804,-94.18594123531304,-100.35540654506394,-97.89831564535665,-97.87500309461076,-92.16665837170734,-97.44942363987371,-96.45910826672117,-92.1353163987537,-98.85615964570725,-97.63363401887841,-96.48524949643213,-97.80079677634598,-98.6463610039738,-95.17382655737408,-95.33639732226406
2025-11-02T00:37:40,AP_24_1,2.4,1,Microwave,2400.60962000372,2.942900224188727,0.7407722461241224,-114.50663651638456,-94.68035262453542,-98.86683758256625,-97.37713946283229,-96.24118254903478,-96.8158795701056,-103.35881483197963,-104.84886302772189,-100.6276037692025,-98.29053937148521,-92.97166694564652,-96.76922646691017,-97.30687510925307,-99.3120578949519,-98.36820290238889,-92.5852129108625,-91.21712143678643,-96.98638968261221,-93.60001645874618,-100.9534026422524,-94.09346794124437,-99.0360941573194,-97.03403427307701,-100.03392805671474,-96.96285731626604,-98.4843588404724,-95.88833556936754,-95.58669476105457,-94.36644001563066,-97.74235173319363,-97.74767107327163,-97.46054913551929,-101.79400170716632,-99.88041286712581,-94.96672981962158,-94.35562729329342,-94.23473195908356,-101.01164180961177,-91.75242785188264,-96.69057085697366,-94.65428662289179,-102.88424139409297,-92.71419827946133,-104.58519265963892,-98.30803822533527,-97.35514400401814,-97.5591312278051,-103.31996880446907,-104.18632547399694,-95.24319193435926,-99.38629683416207,-98.91995987307222,-96.57083289719382,-93.32318217856186,-104.01642791167387,-105.22315158790727,-96.52948746749975,-105.9835763080481,-101.19870964381248,-99.99761305274056,-95.64656600231397,-100.67669208157776,-97.03729218369082,-94.38211182574352,-95.78821051972248
2025-11-02T00:37:50,AP_24_1,2.4,1,ZigBee,2415.402317331618,7.4575748166444535,0.25636272004660404,-124.513031539819,-99.01612181582398,-97.43795734586088,-100.1276918349729,-95.0909983627123,-98.2998006620425,-98.83260031464849,-92.37686887740799,-93.92291462541561,-100.76584669915266,-98.07445636323199,-94.45694553892001,-95.93940820966267,-94.01161446846255,-91.57868510315083,-99.75192517306621,-94.05132880639252,-98.1475865378725,-97.42039506028794,-95.52833281414992,-98.0995382636786,-94.76537650116101,-93.25808076146352,-99.70530584247916,-92.91061783745509,-89.73353106259934,-99.39431663974618,-92.57084198081658,-91.96232129293344,-90.6947330594367,-90.0443544588485,-89.53349488032855,-93.578380587698,-101.39966608843798,-96.75954538096502,-95.79377909813375,-90.41750920310629,-94.55839053088125,-96.32419793950149,-96.65060926292652,-96.62468416305758,-100.87878881903056,-95.2735907428018,-100.60534006494812,-91.59317196455407,-95.69644902293184,-96.53705128472664,-98.62083831506287,-98.97392570460718,-97.46827367704542,-98.15502799169423,-102.49911311981225,-96.00517283076283,-91.79730111052336,-91.08789959826495,-90.37302173390404,-102.25855226628042,-98.20497387079573,-97.76096403041804,-90.81990700287085,-98.55980014780978,-92.78411863440255,-97.49221524121226,-99.62828969150996,-95.60326742241901
2025-11-02T00:38:00,AP_24_1,2.4,1,BLE,2413.2584824346723,2.544687269541059,0.56417294135782,-136.78831987231354,-97.9320771840969,-98.10624599521958,-99.49774600924356,-104.32133432618217,-99.88252282733369,-94.07831978058253,-108.13473377537201,-100.34615185699617,-100.75137253900824,-101.512134116353,-99.45950623083294,-100.39024040438468,-99.06361484077031,-102.62672203647796,-101.7752751131354,-104.40789491738578,-99.7548448698773,-94.7832704805999,-102.62510018086584,-100.0073038235412,-102.20349059595765,-97.84438459198387,-101.22135850206274,-102.88565991745182,-99.33794305531369,-100.83981337692417,-101.36797086166612,-97.19411760777636,-97.16379024367666,-98.29695519291809,-101.2850921496148,-102.93021567262807,-96.43612994888794,-98.18700835549353,-94.86529512887338,-108.23311408418223,-99.78114237152937,-99.53803089702915,-97.71921668634187,-102.08442576413488,-95.23821307807256,-101.40884581510869,-98.25289823697737,-105.21582143831229,-100.22052693797367,-98.99836961947364,-96.58766071310512,-95.93271168805528,-105.60428187280496,-100.37088184809348,-98.99234372343628,-102.05817207904467,-101.8661706979464,-94.42357342969058,-104.30748835925237,-96.99206697350338,-101.5228409404375,-104.41083240698423,-103.04236505784814,-102.38669040106839,-101.42879017996769,-104.11662676234157,-97.05711560259218,-98.05009276419044
2025-11-02T00:38:10,AP_24_1,2.4,1,wifi,2412.0,0.0,0.0,-104.03534210876208,-102.15528996926452,-97.02980088703536,-97.69625288845405,-95.27113337070392,-97.07331109584732,-93.80029644481861,-100.96157453641084,-96.77913398765321,-99.09396268828549,-94.53512822123263,-97.83595128543425,-99.43284374530064,-97.4689289974487,-98.04382469773527,-97.59461355667142,-97.86726991878515,-94.69122574081226,-100.81847483741234,-95.04220708805282,-103.3432460522696,-98.64861665858676,-91.0385153428497,-97.84181622672112,-95.26979645255987,-98.36996088168007,-92.57972533807502,-94.74749440842008,-99.15336352268308,-97.57183073136561,-97.06749846611766,-96.74940183401034,-96.33949244124688,-101.51208176685893,-97.27374101332333,-104.37504504340356,-96.18994337531274,-99.70145017252517,-99.22087676324556,-94.13220693392158,-96.39397319280508,-100.8960461758409,-104.24845297628329,-102.2137134271623,-98.47555355959393,-95.25452097601958,-98.04314040819074,-93.5679364977197,-99.76883076468168,-99.06084373850348,-95.54727408380441,-101.56581719212276,-101.92156224119225,-100.85893278457034,-99.65763942136374,-99.12933544847583,-97.22434941515255,-98.92952516166503,-99.84150694057921,-98.55354941645543,-92.04477239608407,-91.22185335808764,-98.68513022316705,-96.3990086290609,-98.15474306434835
2025-11-02T00:38:20,AP_24_1,2.4,1,FHSS,2383.333837825897,9.647946473480719,0.20825907576462188,-121.92021568785081,-100.74202454808217,-100.18314085304323,-92.71345130966264,-96.07155111085926,-96.89279709570216,-94.82665220521298,-99.14732675977847,-102.15898554307908,-98.38688407423079,-102.47201364553946,-97.45827112822141,-96.72901259167746,-97.04656708296517,-99.46705945670679,-98.2776929573404,-104.79876591387429,-97.60229951243728,-94.03460819450638,-93.64580332538682,-104.05399123162069,-97.73871549140155,-99.55910563174244,-105.85572339830787,-101.45928734483533,-96.09367774386192,-99.78999305312615,-94.59595276656324,-99.69328735001096,-101.55892337451289,-96.97693920462123,-99.01918639676262,-99.81707383084984,-92.38405808430473,-96.12869656712522,-99.32916024022633,-97.2236740443691,-97.30812535485879,-96.616285468646,-100.784413649342,-95.57364947283476,-96.86119357533863,-94.94294907571415,-95.18119194837894,-95.94310882898692,-104.7368910611537,-96.2141799950576,-96.2625468885113,-96.5829711213622,-95.45341787817588,-89.79828355314923,-101.49559039017281,-96.0508867303827,-101.57331111682359,-98.4481390334779,-97.54536759191203,-99.66678057822214,-103.59004151444503,-98.28646621184896,-97.07752236621762,-102.11208180880878,-104.18771946331938,-95.71559521539336,-99.98128827833754,-94.05800803935219
2025-11-02T00:38:30,AP_24_1,2.4,1,Microwave,2402.2657468109082,14.631837433909729,0.2881657346005275,-111.04746631173222,-101.50242162228253,-99.10302792769807,-99.48721745427197,-99.39044265558174,-99.11609958296974,-95.48314051581944,-94.59561105012382,-91.79931482484812,-103.13486545676605,-99.50306881190735,-95.5244621445362,-105.1067647742564,-97.0026220335551,-101.70012958142105,-99.70324333049216,-95.31403852319218,-104.23499730963727,-99.47349392216422,-100.22819187216452,-99.81390874518645,-100.98201282485202,-100.36058094562483,-99.03920266791954,-95.82868680642716,-102.54775970294202,-97.77421862471014,-97.62118792022501,-97.07901453051231,-103.37558718612976,-97.37820416643177,-92.34441373975878,-97.0221213841795,-98.91659597179309,-98.13462916899164,-105.03191033493069,-99.3070766292214,-93.84262073790913,-104.66365050405666,-96.76759120509924,-100.6784184707781,-93.31096580592055,-97.14407232252223,-96.61219247693117,-99.92897343015274,-100.15132453608064,-102.75823126680085,-103.41695024489121,-96.10611592534347,-93.9788369783357,-100.15053792943027,-100.5009698222148,-92.22485328961203,-101.0075607452048,-105.35849300410798,-94.5967818773942,-95.69507024533245,-99.2375793115622,-106.99353579421296,-96.99492251499173,-96.36287287230661,-94.60407363669208,-96.10199804868324,-93.0253907481746,-96.97450163671726
2025-11-02T00:38:40,AP_24_1,2.4,1,ZigBee,2419.96310105842,4.3918714320828345,0.34442197380235823,-122.76632308942783,-94.95198204312229,-99.07811045330358,-102.66885766083914,-98.12153735198387,-98.27356135383742,-99.81116455496905,-96.92833650251922,-95.2966778951206,-95.91106793849453,-94.39585228760184,-91.61003104419903,-101.11486057581521,-97.72250814863443,-101.20715378916853,-100.32756166339897,-95.52604416571637,-101.80273904562529,-97.14201733879446,-93.80262833476311,-103.34982105928245,-96.17449434065844,-101.41526737014964,-102.74579601348164,-97.12020788856302,-97.90673074177124,-98.59461147107085,-97.75628233305963,-96.22063310069451,-95.96927128187563,-102.25746447856952,-95.8758425671035,-98.48214322337932,-94.71121279585225,-97.48859296115833,-97.50896007452242,-94.76095225210314,-92.99894634350731,-99.04287453935248,-99.63477849296635,-98.22500391251188,-96.41856966736246,-98.6418991681393,-91.76872578736074,-89.90068622724453,-96.88824562139081,-98.2864323746261,-94.52944305367733,-99.38089996108356,-99.54289733594587,-103.392966393551,-96.07648424839782,-101.44316842268867,-100.92964736459464,-97.04004153868684,-95.08244652371079,-101.24882169934224,-98.17818561316822,-94.6598757871646,-98.69566450531872,-98.00735639405922,-95.5981801301925,-96.29446054057614,-94.9428653106362,-91.40975639062464
2025-11-02T00:38:50,AP_24_1,2.4,1,BLE,2425.267876844369,5.530257059943448,0.6299390337040366,-109.34589098491855,-99.10437814120255,-97.44361126997863,-97.42432842889359,-101.36385862680439,-99.4000572972394,-103.47428903923978,-95.27514047420397,-101.68909585579148,-102.50710781793902,-97.13176170847939,-99.4779781204433,-99.658453017791,-101.75273616827792,-91.5655676051714,-97.40628612020389,-95.5585317144496,-99.27137080991345,-101.49380509398293,-97.92168964454369,-96.96032542122806,-93.62137956833985,-98.51281404297552,-98.9494838646305,-99.18051330843096,-98.18718472512074,-99.46635240855299,-99.36846221928143,-98.01122039465352,-97.30950057937252,-95.08596051702347,-97.6854895293525,-97.48702705192176,-95.39489421684273,-91.39206836187147,-98.09056874009997,-98.14471483258299,-96.26040579382041,-100.49240513504638,-92.469504095646,-98.8737355896195,-95.51921560891677,-98.1622072390371,-98.11269375264756,-93.74053135787408,-93.96653378016165,-101.31021782288349,-103.07362418751336,-97.45050122868962,-99.94033190765523,-97.97503307535796,-97.49336955972527,-99.19443817415772,-102.73074030462605,-95.8277250948856,-91.850524841639,-102.64376493768482,-95.67050427911957,-97.35926845852039,-95.83600476798951,-100.68366058090984,-99.58772147173518,-94.59132154037722,-95.43607130302563,-97.40606518554627
2025-11-02T00:39:00,AP_24_1,2.4,1,wifi,2412.0,0.0,0.0,-105.2574594369213,-104.59038915912751,-96.48064096645044,-98.54589950627691,-99.3670633368543,-103.05193737142315,-101.38867691317841,-103.09371034077647,-100.11123493254827,-98.92633374606125,-99.49549722380954,-96.15010625132476,-106.17283913922451,-96.89607557659095,-95.19552990664798,-101.18461793361708,-99.1430857102335,-100.02327011774823,-92.82974401879879,-100.26052552848846,-104.17076683169768,-97.5902139433028,-98.54392546108927,-97.05831267242979,-102.0919342712527,-98.10561643008721,-98.29160592213428,-99.9537794373891,-99.56812483351409,-102.81869258901517,-95.69100158708196,-96.8939996187471,-96.53917098449013,-101.89092385103976,-99.9878335715577,-95.50283075340452,-99.15889263506688,-93.54800713050128,-98.46132669079755,-101.85079683395585,-96.780065224262,-100.05271043358299,-98.08157589621378,-99.68427009262747,-100.53752195891302,-100.69481553597669,-94.63505014533135,-98.26818038266525,-99.48104939438474,-98.56509459644826,-97.9128261722466,-97.43523804758514,-95.95508542213626,-103.1109915955781,-99.38764424309849,-93.76275517143942,-99.03814440997975,-101.80641453590273,-98.10482700854541,-94.83558521795204,-102.03503138313884,-95.21010982393092,-101.40943391684219,-99.03441108744184,-94.79168584023374
2025-11-02T00:39:10,AP_24_1,2.4,1,FHSS,2383.0377182002035,13.996463993508117,0.14100835587525712,-119.63264835563844,-91.23563502300708,-102.02126376626344,-100.4715800971126,-104.36860471001846,-97.64033411787263,-96.92471969956564,-98.95825409235181,-97.57386869254809,-93.43104470739532,-100.26575131403168,-97.94563595122305,-93.71120825913965,-97.36033817829907,-99.82763080583311,-95.87937852593521,-102.10452306488128,-96.60288787220816,-92.66674761220645,-96.12240840881968,-95.0971937692937,-102.96251394715794,-97.3700883335061,-92.82986391820704,-99.24803562374038,-96.69837194002794,-96.43996292608001,-96.57536454900357,-96.51726499715345,-101.08615397426318,-98.05283782212899,-97.2274722157686,-98.68865979569428,-98.954162686205,-101.53797583638337,-94.467518452616,-98.64000015214178,-104.28851501622815,-95.75574139542287,-95.12452520438016,-98.5968598388529,-95.46037358181891,-99.58849025548768,-94.12506062503635,-97.29709328349172,-96.76796043457867,-94.71316972685067,-97.30389923033655,-99.3904101063688,-98.52228842457215,-93.74157306015694,-94.50438830488717,-97.26895061399787,-94.06921770447019,-97.13777394317448,-97.17117249317141,-100.7437016876496,-92.76325484715662,-97.99734095156815,-96.58785403072493,-98.9331222560694,-104.60680814781593,-98.26600554302257,-100.47968036015487,-97.77053903528615
2025-11-02T00:39:20,AP_24_1,2.4,1,Microwave,2404.8912907556064,1.6755762150526738,0.09259447545249551,-113.87955177997452,-96.14010385172556,-100.08512149537864,-96.32975107925988,-98.5943378571348,-99.31679584587343,-99.23419457234505,-101.40277442004786,-103.4712441301699,-102.68912159009744,-91.76510679952202,-96.71289360704932,-98.38839950005668,-101.21774495915437,-97.5156509416278,-96.24648123781463,-99.86996070252285,-95.15135007347644,-97.85630852051924,-99.82655071235752,-97.5543099108258,-99.52787665155594,-100.49452930447099,-91.85346607647651,-91.51053940919851,-98.25239113651284,-103.64716839380328,-98.59874391000157,-99.45607582329129,-94.3740011984068,-97.57126546946384,-100.52698704390758,-92.0294819558739,-100.59069938575925,-93.46468629125988,-97.0721334550205,-99.5611518046789,-97.91394740792104,-97.53464295165907,-95.65650697144835,-96.10395277787595,-91.95665987703201,-99.15441641166464,-93.15269677436675,-105.37016133744643,-99.51989563630269,-96.17920681668467,-99.00909346334716,-99.02510125914127,-94.73953853995867,-96.65149366848928,-98.15740566384954,-99.08623651775629,-104.27197338151917,-98.10860572352952,-97.16957559223391,-98.17589272350256,-97.96248488502675,-105.7536518350649,-99.21304377017009,-95.61368569760587,-98.22409501865799,-95.45018799699345,-89.10858934980664,-103.82078952640174
2025-11-02T00:39:30,AP_24_1,2.4,1,ZigBee,2397.928379016889,18.54012734563174,0.19714420626015472,-133.06307246626588,-99.68833327251136,-92.81723396558024,-96.36816387299243,-97.28572563210034,-95.60628360949366,-101.90296403662356,-91.0775326439118,-92.95237236705923,-91.80995895447398,-95.86345350633698,-98.8880324535751,-91.97054839189283,-96.16364213178679,-92.03123901948882,-95.24209091694446,-97.54455142153427,-95.95050843342385,-96.93438366169374,-93.29300732504144,-103.22282125384669,-98.37564618431568,-99.82421062421044,-97.35718242176368,-93.24150184491229,-93.67382910281158,-95.47097542935673,-97.77103022926042,-96.81053342010298,-95.66653465235896,-96.44426379327803,-93.11678609539078,-90.95339752993114,-100.36142338226676,-96.10717218445095,-96.44273353526704,-97.34086073390377,-95.5551992126249,-96.57722132525448,-94.57301468816738,-102.07487478846743,-95.18028276854177,-98.98393812339008,-94.54234886877845,-98.9167304458366,-98.49047703516563,-102.20867264477684,-91.81734685359021,-101.33326304284348,-102.51663374140465,-95.13125791908189,-97.45369006669549,-96.71857543789653,-96.05081461980483,-94.41725415097234,-101.1347526505544,-96.63876752310544,-97.18328419881163,-100.57991578301258,-94.16706012806358,-97.3787456111138,-94.60668837047773,-94.63678088190575,-94.92793191399099,-97.09851481455638
2025-11-02T00:39:40,AP_24_1,2.4,1,BLE,2430.2322707382564,19.627564733685038,0.7230085654589848,-125.91135695224574,-96.22318003249717,-100.13925997677367,-94.60594123490753,-98.08669571280954,-102.63813731036969,-93.70131654659704,-94.44222886663826,-98.01418720266568,-97.8290831145883,-100.21681433592947,-94.05720875196657,-96.46668142404175,-97.90720980542697,-97.81652672574079,-93.90379520624332,-96.47124022441578,-96.26097167990842,-99.91658632152317,-94.21646620314091,-94.02184499621804,-94.115001697336,-102.48560480292204,-100.15559219715624,-99.73582429824656,-92.65562591015242,-98.27278203385664,-101.71620399793188,-92.36733118511391,-95.12257503351356,-93.26607598407574,-100.1503724397241,-98.66671238555132,-97.40560114463224,-95.51769718390902,-95.31211218281793,-98.65721144808755,-98.79457742072294,-99.02961179841355,-95.95760296880388,-101.27449388553644,-99.0509505900738,-95.61158869109654,-103.32096869866238,-96.3786986726737,-95.3813312233243,-96.6648442556861,-97.20569880379021,-94.25332390655984,-99.96102393875212,-95.55055250753638,-94.45798779905184,-94.914039998338,-98.01287388127705,-99.34501510518618,-101.23679545728176,-98.21449888944991,-101.31171639870702,-97.65774312083103,-99.33854009889718,-98.44116567774324,-99.97137813269421,-95.379575002763,-94.65172411952096,-99.18924725083043
2025-11-02T00:39:50,AP_24_1,2.4,1,wifi,2412.0,0.0,0.0,-106.07925626764516,-98.87473517178256,-96.3618414266042,-97.07507652805826,-103.5255785929231,-104.32426592573096,-97.25721343134195,-99.78407239528741,-102.04647320878223,-97.29933252181577,-96.35778315076749,-96.79156140972181,-97.31598086475566,-94.57474348511451,-101.7020259884308,-101.3170965683102,-99.19188507953122,-100.096995037258,-95.80856575032358,-97.97114035043181,-104.26981592411857,-98.63680714510379,-98.96513987441317,-103.93706372715003,-101.52831684790263,-97.65964024075733,-96.4041631535568,-101.83689067756852,-98.4851860472441,-104.31456511836544,-97.27665856524708,-101.80171793486863,-98.70604329936836,-101.92768179844062,-101.31323711308495,-97.53942950328255,-97.7120015741835,-96.29550024574623,-98.80638930619118,-95.08150618287533,-98.13335249921269,-104.00516600506707,-98.94008119057801,-102.40293204279999,-102.75982907832217,-102.37861182404833,-95.62451180907847,-104.97613191681307,-91.57830085934226,-97.04344196923093,-97.29700834249562,-100.48867685626675,-99.54747582247883,-98.2939238521265,-99.67257283578529,-95.93737748585109,-103.86941629832602,-97.07965829796674,-102.76146487478411,-94.02281725750771,-101.89059004738975,-102.10985189869416,-98.75114477151465,-96.8783182289079,-102.23702159545985
2025-11-02T00:40:00,AP_24_1,2.4,1,FHSS,2433.744830949987,6.15642994987058,0.27669349503130275,-123.24674199273177,-100.90215432560606,-99.73262579088846,-100.81358407844901,-98.6936430740255,-98.77276283453624,-99.19969987896525,-98.3024156420716,-97.05470297645516,-101.81993340015946,-96.57257900157721,-99.9889774553498,-98.51826624969881,-101.28804583625927,-100.49301378805784,-98.87128173914046,-93.38511534181686,-99.81416359794721,-98.14007864160638,-98.89223306497917,-96.82785466282989,-98.46998352759286,-100.03163180103304,-102.13592819496557,-97.51853634411705,-96.53532722444884,-103.19388466216627,-100.81146091548581,-102.98151311698308,-98.10465546788001,-102.52056721211386,-96.87426342321938,-95.64894914058868,-98.7057815820533,-100.71382623665716,-102.15595005560309,-100.42478595070291,-99.01434925468496,-98.38669881648742,-99.35961854391557,-99.47494645771039,-98.45762641417096,-97.1638917003009,-95.40011703644353,-94.4002066086818,-94.07683323656424,-98.3855358281591,-91.81571122668474,-104.21330116196629,-99.16310526383685,-98.33745392123257,-98.91261437262187,-101.2444528541801,-95.34548692601038,-99.17170119106677,-103.67977515521642,-97.47575125362471,-101.27898079444591,-101.6869377941408,-101.87985287790283,-93.94150080867688,-98.90524055916669,-100.9390324448814,-101.18251757658518,-97.20740825764015
2025-11-02T00:40:10,AP_24_1,2.4,1,Microwave,2439.765494596173,16.820318770715446,0.5053062383604808,-127.70911569080685,-99.27994984986242,-95.24370455451516,-94.78418236648322,-97.33239291432675,-102.9775264054546,-100.43710126489997,-94.40422197081963,-101.66850090545843,-99.39216090216428,-97.01016748328718,-94.00798584820707,-99.60265063566125,-100.06805894757815,-96.73237595885612,-102.89237002103016,-100.74338974045705,-96.8646357726704,-99.44703966078404,-99.47051514394714,-99.58302027923479,-94.25446058300429,-95.89636610325596,-100.16628631677102,-100.45528848565739,-98.05448083564441,-103.49964051658796,-98.62591428729321,-93.08162215026826,-100.47065437066767,-100.5601604433143,-97.25068858744656,-99.37941746316108,-101.5241552790207,-94.93913528001039,-97.73059387465905,-101.00668862893434,-95.47753392220774,-96.94262143722119,-100.62716682091644,-100.25128552498533,-97.72548981557874,-98.53834570712958,-102.42776761175847,-97.28930712995935,-97.09452336511949,-95.7587901664833,-105.07914994073687,-96.84059185321422,-99.48853538626777,-94.367895190817,-98.19882321731863,-94.73757599806977,-99.04006792941419,-97.5842735972665,-97.11600282623172,-100.6603211219999,-99.7262003843251,-99.6610702623186,-100.04363620488712,-98.62062802598771,-104.87839821099648,-98.53463075527152,-99.8410827718882,-99.34431568653471
2025-11-02T00:40:20,AP_24_1,2.4,1,ZigBee,2409.446483203739,1.3784036498370849,0.4722392827816711,-131.36905370244577,-98.5641728066389,-99.7189761681106,-101.08953555570442,-103.06172597138458,-100.5883864765204,-103.15838867054879,-102.93430955963184,-101.79312001324759,-96.41010794598563,-102.89141268414966,-101.89806348422505,-100.62467984600005,-100.45213752008644,-100.2455522594678,-95.75378096326452,-104.746226162705,-100.54096934455657,-99.48510529748712,-106.77585199126813,-95.0455582236394,-98.32611713277015,-97.76407271233141,-95.52115278177669,-98.03008929209835,-98.14602263426646,-101.95929049957458,-100.68187714673651,-100.47192691125028,-96.48224404686597,-100.20745331142646,-92.91915932606956,-94.18214491557647,-97.99206554707501,-99.1326392138378,-100.52669311579031,-95.72123193760329,-98.76753640994035,-97.23413681952633,-99.04430274494489,-92.6797382545808,-97.62132414943885,-98.0860703638982,-100.75871954382922,-95.61613843014561,-98.87320196690828,-96.383607255553,-103.10188063098381,-99.12415470717583,-103.33160714057702,-97.22499175591558,-96.49856171952726,-102.58384799958769,-95.46158955234334,-96.59866213809646,-100.78716063190511,-91.1095218506099,-99.61435301162402,-96.39124076809469,-91.23714972032587,-97.7998683588732,-98.83128156450152,-98.73252230803045,-100.32554094199651,-97.3318378750569
2025-11-02T00:40:30,AP_24_1,2.4,1,BLE,2412.0109906606963,13.361365587067606,0.18105425101353817,-134.75862798491139,-99.14295400172949,-99.14113534596837,-101.42183014744467,-98.11332326919822,-95.4702568377884,-95.18460335309788,-101.36787140908767,-99.09973865908164,-98.08679565599992,-99.63456607856705,-96.69696642393123,-96.52741520572536,-94.71111867012013,-97.60834522387827,-92.78115255560198,-99.98170404054471,-98.65473295824735,-105.76679030972325,-99.64500275223206,-99.3999025468241,-94.25116872835149,-93.03518519114412,-96.49213302355226,-100.4643508949168,-90.27178592123336,-93.88673236974543,-97.89102376960352,-96.96821080152033,-105.07481973393075,-98.34006604144587,-99.4203762607136,-102.05237392102367,-102.93014657548606,-99.63529788177817,-98.76514619039699,-98.59011971441016,-101.05936895364536,-101.4592752258504,-91.96598368362604,-100.92978565930797,-98.30617111389736,-99.05942681570518,-99.66779632369716,-98.24839612838939,-99.36439577538152,-101.07349065860001,-98.8083989366925,-94.6599615244884,-96.39185801067696,-103.30499775118892,-102.43583614490494,-98.251638880983,-98.03307190125658,-96.86418723201561,-96.29574660746259,-90.17603501697451,-100.79892118947421,-98.10435719795478,-99.00528907489506,-98.17015236335988,-98.89831794849826,-101.04060643537744,-93.73328702208448,-96.64599649214611
2025-11-02T00:40:40,AP_24_1,2.4,1,wifi,2412.0,0.0,0.0,-105.20860476790183,-94.88765326222449,-98.34208066772567,-104.27043343913456,-99.12677040717676,-100.72886547535201,-95.47704885265958,-101.46830877092583,-96.62363509283512,-97.99985138918086,-92.4021627069844,-95.22924428988807,-99.67531656259621,-98.58641584154093,-100.24371417150813,-102.88313606851464,-94.55307332502232,-92.14852720651176,-100.19876404547264,-99.62272227550189,-97.30220098477065,-99.45943360616172,-100.46350560844795,-102.38388403666687,-103.29602903633251,-98.32235196186716,-100.65526288740855,-99.98014529232483,-98.47301629364804,-105.9195638230066,-95.7634123023769,-100.8704490826216,-102.17079557458908,-95.19020578549943,-96.73976897064745,-96.86588712603293,-97.76190928681845,-98.70366611474678,-104.94474551570956,-96.34302683058871,-93.12459617328429,-99.2878645112854,-102.38761982243756,-95.87613363153278,-100.16512597379382,-93.58353789676318,-98.4559267831372,-98.39591942534102,-102.23548659193231,-101.80892273295338,-94.12863603089659,-102.74832835577159,-91.27016295779225,-95.71032475762306,-97.8104696130039,-93.04675794956547,-100.66529741677438,-98.27791206872482,-102.64705219291503,-90.48411440871664,-95.50517616966383,-97.19582814039956,-93.80618818830531,-94.64148699682463,-101.98882158490011
2025-11-02T00:40:50,AP_24_1,2.4,1,FHSS,2437.632991336639,10.843333841213951,0.5424751462694525,-131.34995523057952,-92.21669165664815,-88.82188805033428,-98.75692944775541,-96.83219532687838,-92.52833384918056,-94.63445747011319,-96.01307049863661,-93.66923062108735,-90.03720034633228,-97.98745567844209,-93.38173882574301,-97.55479868844813,-99.25463564001282,-95.03723822275158,-99.2016103678711,-99.1607219969906,-97.47862821590414,-98.84633743756775,-96.37188070384701,-96.60836769020668,-93.24711600872864,-99.16570837734977,-94.65311591372257,-95.50919230134971,-91.00252058713343,-92.88558611374025,-95.12176797147602,-96.54313693351557,-102.53077117114776,-98.64166399010276,-97.64639600475002,-95.32465863296275,-94.83727200517217,-96.39706736256397,-101.15537893021224,-99.37743416516892,-98.75738916976314,-96.66488341979422,-96.44173909628702,-95.77303479751727,-92.80506933985,-99.08103072519117,-91.6246912792081,-95.14750091161596,-96.95913199204372,-97.42156825866851,-97.0365873916995,-96.39540066895094,-96.19813455637622,-95.62603092473029,-98.01538922320357,-94.62922444778792,-97.50275356818831,-96.02074786185828,-91.70570415317425,-96.70065715367183,-97.00443783468431,-95.42868950470397,-98.82601266361944,-96.91074149637541,-96.55184850201294,-98.76529469388768,-93.25783252294119,-96.3236536215572
2025-11-02T00:41:00,AP_24_1,2.4,1,Microwave,2383.579711608322,19.77087468560072,0.41464854815569885,-106.00036299276786,-95.52185474615025,-96.73282457928927,-96.00671144771587,-96.64420634053234,-97.610824051051,-98.68426500067326,-103.84050868174464,-99.75133432476056,-101.5501222978199,-95.96511689412,-97.31166070552797,-96.37286321938889,-94.39166369777861,-93.78583762483855,-92.02624205284305,-92.23561482838899,-94.28087451655848,-101.61131496667485,-94.48826188750121,-100.44038928772822,-99.63764072400427,-96.63830877521029,-100.23103114731076,-100.80348460371879,-93.49588872012781,-95.58711674296842,-96.94450093087829,-97.28492494899542,-94.17965924902822,-95.84150526251396,-93.60874310363057,-99.77194316976619,-97.23111700376488,-94.65964081490614,-95.74332115978352,-94.51598958761218,-91.92936269088737,-92.35608076809625,-95.47083594752722,-95.48278126647935,-91.44662371161839,-99.90791967108618,-96.9694592826764,-94.13830488924397,-95.64157819682148,-97.82735178859222,-95.29039130876123,-99.27125650832885,-93.31207777322544,-101.12238961356137,-95.63637263707533,-94.9203548427825,-97.49598483112501,-97.86495523814669,-98.91198787418608,-95.23349678005692,-93.70989861306715,-99.5267633823987,-97.16042094015567,-94.19052773153356,-95.38304419705439,-92.32196738565918,-99.61657290163565,-99.86669252342658
2025-11-02T00:41:10,AP_24_1,2.4,1,ZigBee,2432.287319155087,2.724866625576952,0.5216330407328702,-111.48342895243701,-103.03664917760236,-94.33318258447099,-93.86440507599482,-99.15655764641647,-97.55535009360722,-96.91252496795155,-107.34495686029804,-99.11196140609096,-94.44400352481553,-93.67919269814489,-97.87795193648586,-99.93850622431245,-95.24810351851855,-99.66207648267961,-95.471031192813,-91.6651475921544,-98.5148946379078,-94.8683695578306,-98.76201893914192,-89.85151572507053,-97.0421538025051,-95.96777227757354,-97.29184914990013,-97.04380020034421,-92.30813452257469,-100.81898949550937,-93.86320010658237,-98.30216876087665,-99.76475061096458,-99.88954646936624,-91.85811671308613,-100.18815625706702,-95.00671015826505,-100.32465365161005,-99.91003910751111,-101.88910005920222,-98.79248854457887,-96.56044982092571,-99.30163540669075,-91.94797123577916,-96.43565952977139,-96.79467515540667,-97.3680691642448,-98.7394042529501,-96.25224625425804,-94.0206910929943,-92.95202070658772,-102.9174579071803,-100.5279273669596,-100.21733854464424,-97.63754416761257,-94.37740026992878,-90.62233223367375,-95.06203262333041,-101.04115390468834,-98.93318914857927,-97.88470891944752,-94.54712257231924,-98.52666381610149,-94.81246046523617,-94.98862094690953,-94.65113311637052,-96.91088169552792,-100.15045033805933
2025-11-02T00:41:20,AP_24_1,2.4,1,BLE,2425.187790623958,1.135576580407287,0.16523188631850516,-119.91733698026626,-94.34349905701025,-95.92424101822694,-98.40458985053594,-95.20205940232853,-100.23574425291503,-98.2834177564879,-94.71692102135248,-97.4899960926472,-95.71231293266747,-89.22434346831402,-91.52712152001199,-92.24627518268798,-97.22970426573816,-92.83837670016364,-102.0601144861883,-93.69939145538656,-96.27174428963015,-95.85517673682338,-97.70447996205951,-99.06917034464523,-99.07633116207593,-99.38745943255988,-92.61225520815654,-99.9810047650076,-97.57192871823568,-93.81862855194773,-101.75648819520204,-97.30204005327823,-90.82697493826694,-91.98417136000145,-97.87371202075903,-101.87165668999349,-97.8937922006224,-89.16000338817145,-92.91207072241804,-97.43323401929662,-95.97783253666074,-94.14051097382966,-95.2926336293401,-96.49064623940257,-103.00240267876094,-99.77675519496954,-98.88401568006633,-96.31589832843083,-94.8766234062884,-94.27784866066702,-99.46965227897587,-96.53129910495217,-94.74261423614311,-98.31408954156421,-96.51820607946561,-98.64241202760057,-93.64809711721428,-94.89461815205607,-97.23469928614423,-97.94261421904487,-97.28042890732242,-96.5180611320274,-96.37800350535416,-98.19327374072505,-93.49711987820122,-96.59400733016109,-100.21782132576843,-96.85701647768062
2025-11-02T00:41:30,AP_24_1,2.4,1,wifi,2412.0,0.0,0.0,-103.62653884112416,-98.407652090474,-93.10721794160366,-95.18580414594607,-98.94487829236422,-94.08473696012028,-96.50878627785119,-102.28589354596885,-98.57967677875759,-97.4586696934221,-101.02548348802085,-102.19496058187428,-96.57517677588692,-97.49906658213351,-89.86857931350079,-96.25827463326226,-95.15583637705953,-95.95872761640626,-97.84191376662625,-92.819735301845,-98.23073123891365,-95.62854521878624,-97.95837784181109,-93.13765459467022,-95.73230769242748,-96.48515320399406,-95.13411794407072,-95.28346208779203,-95.4592623775584,-95.86487881840723,-98.42132652961587,-91.0432506168081,-96.3472425835293,-95.62374986101723,-90.27979440125593,-100.22507042256356,-97.56451873976273,-94.43640273198397,-95.3636943702011,-97.10430270887198,-93.00782775453119,-93.64974031902555,-97.30797547742961,-92.43864242780005,-94.3064247384897,-93.18510095223937,-97.01113562545507,-95.08627652389548,-95.75017832862062,-96.94560657480086,-94.0995512036198,-94.60688027155405,-99.62720744017548,-95.74697580544441,-97.29302871316575,-104.36797337757514,-95.50893085225016,-93.32919957808218,-98.16339496499037,-95.54167257956865,-101.65883670158296,-98.02755290917115,-96.82397499336706,-96.21949645320275,-96.07189254709536
2025-11-02T00:41:40,AP_24_1,2.4,1,FHSS,2404.1723156716353,11.963145174999115,0.6569050347319856,-123.34403294221336,-97.15542879680822,-96.90007773230079,-98.48051345129463,-91.28568584451128,-100.04198147490561,-98.48680051506659,-93.48959043481723,-93.25757507660208,-100.32081707943985,-99.08730037639359,-95.71355819738393,-90.06406996792805,-100.37925679261929,-100.30755751804742,-97.70129544972313,-95.56998988660563,-95.41336829855673,-92.75767761460192,-91.21111944822273,-99.84015426650086,-93.88586867545426,-100.47752487595211,-95.77805801741967,-96.41761171164944,-97.57279700739821,-94.68093425308417,-91.7465350348238,-99.40245184351818,-97.21285161162584,-101.01418194060967,-95.14689128859597,-97.84839886933025,-100.00031970974022,-98.33520867179891,-95.84319303303779,-98.08081808979358,-94.49226713757585,-104.9283153959771,-95.58673323116093,-95.34609235744071,-90.47928983929503,-99.77661304375988,-99.648093758353,-94.06090276244558,-97.99014153277363,-96.63834512758025,-101.65847193204185,-97.90331928169493,-97.03626212470284,-96.13415458967667,-99.21745450443129,-99.22974876601724,-93.93092113738629,-97.54384936673623,-93.82034339701879,-93.99927637475784,-94.55896782672669,-96.48538679229526,-97.56308244402892,-90.64558096960512,-93.50853038825386,-102.10370278992295,-96.02244746424873,-96.5114497001573
2025-11-02T00:41:50,AP_24_1,2.4,1,Microwave,2439.5509181841403,16.033404519736386,0.1553308304882942,-108.10450661903063,-98.82935579811368,-94.75909914895831,-95.35380183635212,-94.81398786436729,-92.37465113147677,-99.36941866423076,-97.55362675549814,-95.00187303039702,-99.28517702110419,-94.5752230675463,-94.68577753115912,-94.43826592269662,-97.85630535351024,-92.26664035713517,-96.34583686162796,-96.7350508387499,-100.12603708007177,-97.39180247308889,-99.45139764106196,-97.46762626218873,-101.49385135827094,-93.9337101956852,-98.52210541213925,-102.61083759390074,-97.06343017988263,-94.9226552396496,-100.35415185027432,-97.78127082486075,-96.0200117959714,-96.67616902903256,-93.59855754131209,-93.54864062327518,-98.59952250668253,-97.86866282461953,-99.34265301629529,-97.97919748036587,-100.00540960092103,-100.0860076707157,-101.93930681251832,-94.90558143691104,-94.65680991525997,-98.4515972492089,-95.95328055146516,-95.09907450203623,-96.27089781256811,-96.63680272833386,-99.95226335927077,-95.79117242199509,-100.38382007418825,-101.88535343912194,-98.30691655291294,-99.94920322311539,-92.77506022945246,-98.98003289607004,-98.26024639984112,-97.20646352834756,-97.47667864562908,-96.77617583789788,-95.12985384888987,-94.13578930227503,-93.29789396052489,-102.08181673539269,-96.21182025963206,-94.82989965074249
2025-11-02T00:42:00,AP_24_1,2.4,1,ZigBee,2436.585213148305,16.229568791798236,0.3816476432700234,-116.06283199191236,-101.78736207280014,-99.56525529707191,-97.07628368269863,-95.62888836311456,-103.62702507186115,-103.93493899100822,-99.65040409669928,-99.74717488509876,-97.07390109691045,-94.71098800253083,-97.09890267379534,-98.82163441376278,-100.45364275357541,-98.00944412517381,-99.49814287952513,-95.97771334692636,-99.44100339964447,-100.99236080607349,-99.18370679609154,-95.05921484436416,-99.08856945417105,-101.14871945539204,-102.12978892841528,-99.24986059813473,-99.18815443044541,-98.30565867857075,-99.46350362082812,-100.18071753808941,-104.23223959959451,-99.09794430147286,-102.89299374977777,-100.17082054101331,-99.14768917591782,-100.5052448605542,-93.97033304350484,-100.39364331865372,-90.06480796459026,-96.58194491775369,-102.0955409170414,-104.8239709999797,-100.59388480937746,-97.54777080619428,-95.63911663266758,-95.29515260224247,-100.50800373455138,-102.47656954262854,-98.37444023375141,-101.05765159215835,-100.76744476495864,-99.87067222780297,-92.77772985244636,-101.48827516576713,-99.03207268687613,-103.43009064389607,-102.22843028066359,-100.11931323784435,-99.67865274497349,-100.26439589199157,-101.03440761218222,-100.09754483813956,-98.57059852238464,-99.06561716393574,-100.2209336565748,-105.6204023300378
2025-11-02T00:42:10,AP_24_1,2.4,1,BLE,2382.604104707601,16.39842468372826,0.05156312291068753,-130.18282684504342,-91.41390375228261,-95.56350705639355,-93.88129235887538,-98.79986658972032,-97.71847979401018,-95.9884441478231,-94.18822043562567,-100.10780117046909,-95.83005979070678,-95.47813087419833,-94.31566903024522,-94.58592874946288,-100.77919027267487,-95.35328441976968,-99.14924705951762,-96.5237742273814,-94.75044211029267,-100.61560149165027,-94.6751501312583,-98.37133234461375,-93.94596616946727,-93.16058723231413,-95.6272914490564,-100.31666617411445,-95.63547703325274,-97.32823321248549,-97.14090675978116,-97.80903964467892,-94.49693960079273,-99.13382960204453,-92.70350528538945,-99.56831171990983,-93.50823931344017,-92.75681476764024,-93.98562265682013,-98.18506816861162,-99.56583337431476,-97.38170316378152,-93.82520547121347,-96.45521053055536,-93.36869035022237,-95.22511963469148,-95.79923077161313,-97.3184359226414,-98.72231930810233,-96.71038759368486,-99.28435008673668,-95.97741840470377,-91.09045903157403,-103.61333269832716,-93.9255105270703,-93.49378057227229,-95.38585279131458,-95.27711001708794,-90.72209355301901,-97.70653959241916,-97.68036839491563,-96.26306758844866,-94.10720854568567,-95.99238397621205,-100.71037040481865,-98.71941180507292,-97.50241193873882,-90.03230694074722
2025-11-02T00:42:20,AP_24_1,2.4,1,wifi,2412.0,0.0,0.0,-104.48760683939591,-93.93227145275,-95.69833875847651,-98.85579351861585,-92.65163667794786,-90.80297910018149,-97.99744192418656,-98.08139389929978,-96.22737024004225,-98.08658334783695,-96.6273626409289,-98.72560499902403,-97.01810581298817,-101.41424525429501,-99.82340267623474,-93.4505980452133,-96.72573255804339,-99.9186842291333,-94.59895114801112,-98.80020030040541,-97.01423471838358,-106.93505712703772,-102.09845636257735,-99.62675528664583,-96.5838120851158,-96.00538285226999,-99.55872934336527,-102.99731556650153,-95.85296718030199,-92.87230852250215,-100.78224742640995,-95.1504841965864,-97.70347173504793,-104.02901251557354,-98.98602710143857,-96.34442244545237,-101.43980526523909,-94.99485798512701,-97.03472118236051,-100.1567581191238,-97.71140542219936,-96.54063620498745,-97.13250584456614,-103.3747722901617,-102.3374966026549,-97.30943393082187,-100.91969512876625,-98.53716807178078,-97.40483631544907,-96.78177848226765,-102.91405862042397,-93.32014162755725,-101.74109285267895,-96.60260424836325,-96.15760935587168,-96.7944120112864,-98.4208026418641,-99.39235410930512,-96.03041642879546,-96.51287370476612,-99.50815619311105,-99.70044160471187,-95.17181613599199,-96.2978845934129,-99.80660103767575
2025-11-02T00:42:30,AP_24_1,2.4,1,FHSS,2433.299227381636,16.994947483912213,0.3387529320790023,-106.77782500783434,-102.7602758094946,-94.127040892149,-97.02603252058974,-97.01098630793409,-97.59759122271643,-98.42562636413896,-101.73836205852493,-96.28798126943046,-96.42107706696137,-99.15298862928987,-97.76653765468392,-100.26356304029026,-95.04553549875257,-90.77856558493255,-92.63963177284269,-99.8129763745433,-97.58307877169962,-99.68398544091059,-90.88569181435945,-99.82540920897146,-99.1281236179325,-93.55651462044753,-98.82027790557133,-100.00001553064494,-97.70474707920293,-100.1787270576957,-91.75381137276274,-97.39075679141145,-92.61128090838294,-99.55018847720969,-92.39413945372755,-93.69732508015994,-99.26115572370654,-91.32234531520342,-98.8009279934837,-100.3639162685905,-96.63529266798005,-96.6576694948566,-98.24136286883974,-93.7727160963146,-98.40467325719523,-97.26320521968555,-95.98054674892008,-100.63244970876808,-97.94154643299028,-96.9756315018315,-92.3550080009245,-100.01025344877516,-94.36514898155755,-95.27897891395051,-96.89257020036784,-93.19056438827225,-99.18956871191716,-97.65715918042319,-99.45614933933328,-92.71134514845807,-93.9499338533468,-96.7154506827706,-94.14995406449566,-93.2222625494289,-91.27439049282818,-94.80371904499907,-94.1899351885514,-93.82908831237947
2025-11-02T00:42:40,AP_24_1,2.4,1,Microwave,2435.43602468722,15.104603549842789,0.2833965842177076,-119.78311973422969,-96.80874727186865,-98.51992090025188,-99.9492426979673,-100.57260427611894,-100.89114377226579,-92.12348283210468,-96.17270250168882,-94.88559257883267,-98.89952543401992,-101.49531480701042,-105.88578108022139,-98.18236193198128,-95.08451717769456,-99.44799274474559,-97.25624601821653,-91.53447697417917,-98.3713049964561,-98.1779490988621,-95.47094485646289,-96.69818825338527,-99.53301608389656,-97.90750924184717,-99.04183632051507,-97.5322598543241,-101.43866796464539,-95.3186139978215,-98.95575300482679,-102.40258320137184,-93.38077584774035,-98.08254828282132,-96.3756846970819,-95.790753066347,-100.4066936796566,-94.94305257502909,-97.94386398912148,-94.61921978927465,-103.97629870385049,-97.68325728008135,-98.84142671076073,-100.38680123036552,-98.3139745394468,-93.3108729482406,-99.98443329101434,-100.35693499517173,-97.88745926945516,-95.34006317678119,-98.09148385813037,-99.52707836026428,-100.67078392676831,-102.17942865416498,-97.98743432315902,-100.1155806931426,-97.87394532682833,-100.53709506953851,-95.77347597610749,-101.79538567925702,-100.0345897341748,-95.98792106643414,-97.03510865786967,-98.92523142297448,-97.23307882625352,-100.76775361775806,-101.39401902658689,-97.31458445949507
2025-11-02T00:42:50,AP_24_1,2.4,1,ZigBee,2440.43820903615,17.219599572014975,0.06110752122663461,-125.63908803835102,-102.4321532069843,-98.02644744983873,-102.26488572303886,-102.14630677618123,-97.72961485690864,-98.60514442321833,-101.43488927297281,-102.07736990904917,-99.1725656757132,-95.99844367680319,-101.87013314736976,-103.63698965663568,-106.37855441692616,-100.41424815713741,-103.1731909097481,-98.87502090331579,-98.4074166063716,-97.36843441081271,-102.15588710857799,-96.75700220216788,-104.34512198608347,-99.54295640687401,-105.78294120662889,-106.06459627516982,-102.84304626740756,-102.50742766529734,-99.42183461188854,-102.66272486434941,-111.00976396349185,-98.48327332007155,-104.10572474128301,-102.64787024861057,-97.98362417058136,-102.97462485542334,-100.62286214552387,-98.01100800231546,-99.80509622266565,-105.60323335621493,-99.11882040002165,-99.74562325417112,-103.56915041703495,-101.53815836250662,-101.34246367075332,-103.07179136586763,-101.80657744837242,-96.24192830126854,-93.87908371925741,-99.0247565509792,-106.5512063640378,-99.27188453026892,-105.25403020000002,-101.77038661061135,-95.83371802926912,-98.64186239479713,-101.60309508232795,-99.63788206511265,-100.88589375218434,-96.39289824499777,-103.70015642747386,-92.977976743652,-95.286698593313,-102.66473778979545,-102.10562037085502,-104.12649338663981
2025-11-02T00:43:00,AP_24_1,2.4,1,BLE,2415.8824952113364,4.492133551866444,0.2695568689100925,-120.2994861404969,-104.48630480130198,-98.82554232562644,-101.88625186275058,-102.36638096037143,-97.49797156875793,-97.42907080198968,-94.16812930308521,-97.32423678017129,-102.67842331758804,-96.18971400444815,-98.7680074925173,-95.76420248306847,-98.54673152363893,-98.55661376960468,-95.01125276750129,-99.8885785641932,-96.52773584915953,-102.6193215510018,-99.13506353075731,-95.5978997201118,-99.11481508927216,-100.71133290563853,-98.33689807086682,-93.72256910350536,-101.57796338637365,-105.19922778673575,-99.23778344850673,-97.98077219644695,-98.73343088929325,-99.84040438831785,-94.98293999268013,-95.65212644378238,-96.2187348323957,-98.20274596353616,-99.8870336880827,-99.15836274314002,-99.70848753723912,-99.80947377543953,-96.33836761455447,-98.38320098386056,-97.06558404269771,-99.39697901744671,-95.684132815586,-95.07242375791265,-100.7568119867438,-94.88850377975466,-100.70124094703003,-101.80293404353695,-96.88385217709519,-97.65346847437854,-87.63071837191812,-97.1454051569882,-100.59879375674765,-99.92922446462832,-98.62328360204182,-101.1239574277443,-95.45829063280887,-91.69370263141758,-97.50867763507856,-99.37950177366825,-92.5398277618963,-99.17749052166305,-100.53686808855245,-101.5508355139548
2025-11-02T00:43:10,AP_24_1,2.4,1,wifi,2412.0,0.0,0.0,-105.99692781991209,-95.4547062229041,-95.68110040911422,-96.4385859741941,-101.38747724193762,-97.65230318634455,-95.86645975654133,-98.87394408135772,-96.65727750038181,-99.79003650815285,-102.34909496171852,-100.52483309746421,-97.67300220456394,-96.14712523455098,-102.01774296752531,-99.56439623935658,-99.65400022009898,-97.79682822565954,-96.05564564506575,-99.4706432512758,-102.26595881198459,-94.44483794534943,-97.22654187899576,-96.83632143664538,-104.96382179081517,-94.41182541353895,-104.08979853760297,-98.05528683433215,-96.67201205028769,-100.23812255187114,-98.86013358902258,-96.25842605272213,-98.75799833303054,-96.91812112316316,-100.88652617907107,-98.31798763192994,-99.63911442794881,-96.59922170753514,-102.90123188561016,-104.2004362031986,-102.66138553759691,-94.12742178942307,-99.29842744759871,-100.02797771845532,-102.0860915476323,-98.71566458495002,-99.43406120823556,-96.91059919102763,-102.88514140265673,-102.18845458888022,-93.84533979114212,-106.70268007379958,-103.23422307896124,-100.67770248342055,-101.38444190573867,-97.29123505702391,-93.76954371345688,-104.9285836312313,-92.73057442954392,-105.09200074409915,-98.29862505035236,-101.34675149801971,-99.11282885918797,-103.32132135893286,-102.69923866833791
2025-11-02T00:43:20,AP_24_1,2.4,1,ZigBee,2400.447344091097,17.34132968397321,0.22030707554601925,-115.1783237713653,-96.15650822115701,-94.54813658672407,-93.72214099388081,-96.73209115921414,-96.6213475436619,-94.63843712854603,-96.700772615713,-93.84237445861508,-93.70072988367815,-98.82293901688998,-97.02089700770635,-100.60280911145256,-92.47996532760689,-94.97401069524905,-94.85821350145274,-94.09692377563788,-96.34831333741737,-95.07924932425243,-93.40905371519605,-98.43618460944417,-95.30101334564131,-96.50368835185024,-96.3903944392905,-97.88660099816896,-99.77963745834562,-95.3896145544902,-99.57151176768889,-100.82966954248221,-94.59990884970443,-93.43701389487838,-95.35622052167473,-93.43652019422403,-102.25336200885839,-95.87395133935918,-103.38064471861918,-95.41074170676264,-94.83317888310592,-94.9419798193274,-97.74603146832673,-99.30196162551904,-94.11530094504471,-99.3609402226116,-96.59489055777678,-91.89808319994087,-96.54341122219994,-94.57988260658063,-101.21843254244966,-94.5973244491968,-96.81433312511902,-99.39121820187152,-96.3948312657839,-95.46612581722295,-94.26816302550249,-96.13953302482578,-93.11870203566153,-98.65784830880935,-98.7974148015179,-102.17413393101238,-101.61078896620461,-90.19047651812662,-94.6572743958589,-95.40862084505021,-98.83895863009577,-95.62333309019871
2025-11-02T00:43:30,AP_24_1,2.4,1,FHSS,2384.2346905371837,9.214238026378087,0.6220741465489668,-112.71265133528567,-98.38016521169641,-92.88125818667203,-100.22958653395241,-100.25487172295837,-100.70002973462528,-98.30365318901401,-95.78165862503782,-98.56823403366916,-99.11141613931255,-95.59988417314568,-101.94609008868032,-95.81165469673472,-99.66013779623908,-98.21075094348159,-99.1086890690057,-104.2169581282963,-97.44373394853042,-94.96380578829482,-102.34575548420594,-102.7658809495941,-103.48017762027474,-102.00552486842238,-102.92009560337196,-97.76958569035943,-96.35385743193054,-95.39654393272247,-99.36796025458857,-96.59515204997001,-100.58005742735595,-102.4379381968343,-94.23197941369318,-101.53768556112546,-100.58675550746142,-98.9304452163313,-97.71443560340465,-99.60985765934383,-102.6390625705328,-97.98382758143084,-97.65777147231827,-95.1994698477206,-101.33355158973136,-96.48251589801501,-100.04304785550667,-103.63254467639906,-102.33150256622854,-99.62321117911426,-97.61502897719906,-99.69140157216731,-101.28650364855106,-96.58090203618326,-96.48027632133407,-99.94242913962665,-100.11134135117828,-99.38189371182614,-100.25881738025736,-100.94485615367638,-96.51378670746884,-95.75840575800862,-94.34606191996139,-101.25707038263388,-100.61345150664839,-99.94627227735663,-98.17164273254372,-95.37841390964329
2025-11-02T00:43:40,AP_24_1,2.4,1,Radar,2412.0,0.0,0.0,-104.04535259856695,-94.63834395664547,-96.44993117288256,-94.4573761598717,-98.48137485925324,-97.03117711021429,-94.29243343992505,-95.55921946656588,-92.11936475283115,-100.19733274655401,-95.1671707092654,-98.80434900581963,-94.66294461394942,-96.30332307845306,-106.6314978728721,-100.10590907966775,-97.31418652149496,-89.95378949112234,-95.89801351856212,-96.56831252272976,-95.07609416965684,-103.3686027456867,-97.32746077421577,-100.37537198526141,-95.68904624508967,-97.69817215369335,-100.35066324530167,-95.6259004213243,-94.10424196782225,-96.01126859853413,-93.14401652061761,-94.06407603541396,-98.60437225614137,-92.6106011898984,-98.85769120024888,-99.77436082416385,-101.21414708005837,-97.38412069864877,-99.86826731527083,-95.39642462825383,-93.93214618715658,-99.12310149523381,-97.57821589593468,-98.14571188950175,-95.53173178111354,-92.51378831697994,-97.9041708503122,-101.43553441294118,-92.65471106091461,-98.3760422450103,-99.25825747441729,-97.70100706753709,-97.46009918605432,-100.78232046251827,-96.77526833346943,-91.30740788254771,-100.3389432614156,-96.25146700418901,-95.52306626615706,-98.80974089788562,-100.68969498003803,-96.40711300694328,-97.90282435243672,-98.55562510429691,-92.63015920884813
2025-11-02T00:43:50,AP_24_1,2.4,1,ZigBee,2397.0940911290345,17.423322267596557,0.18568846571011527,-117.55857873852823,-96.28905610048193,-101.13898200785002,-95.4571197265773,-92.71287500707,-100.8368874296743,-92.24674434173892,-100.33798880752656,-94.82702207609537,-99.89895876516682,-99.65360844717708,-99.77539240506022,-98.81670034613593,-98.18291107314886,-97.02261507317601,-95.20423433699695,-95.61796848449055,-94.63573421469421,-96.32850413006977,-96.81748101250645,-102.10094887537633,-92.89901193676148,-94.71266720054734,-97.76636283690844,-95.87695300278826,-99.12784296081772,-98.90389338196125,-100.92509219875943,-97.23084565092779,-95.99037308972402,-99.86913439719297,-97.00065509426356,-94.70027838869557,-94.31760426806188,-96.19376051489408,-102.29799848279225,-98.5711932767951,-101.40141437992965,-97.65808241854901,-100.96344194641661,-98.42291090882475,-94.98912618542683,-98.33843957142427,-96.50270335031742,-95.50804070809473,-94.25135609683586,-99.74603073357022,-96.88533225084791,-100.07846321397462,-103.75222396017702,-100.68078771330197,-93.73731898366036,-100.84340907771454,-96.60369389692532,-99.57152796815394,-99.03037936922168,-96.88976448425628,-101.44257134136778,-104.16418102804114,-99.55835266455698,-96.22900643111473,-96.81765383794779,-99.86206336934998,-99.98788165453348,-97.35725907754377
2025-11-02T00:44:00,AP_24_1,2.4,1,FHSS,2416.6597945019,6.744788085491691,0.757428143596673,-119.36683910303208,-99.2996493521048,-92.80222257958545,-101.39674623909082,-99.7534907080322,-94.69180643030923,-95.53652317300141,-98.10891591827162,-99.556171614717,-98.03760610040406,-95.94621864145527,-92.78077657742706,-101.04893934263684,-99.71963851824458,-101.55484891179069,-96.99901063734643,-96.84506594711733,-99.77576028584551,-98.96338795767096,-100.7185767691622,-96.77048318485947,-94.69440570201864,-100.18009030378882,-96.50532791749995,-94.34607878326263,-98.84863450637565,-99.55690594426792,-98.23826711146098,-100.54473685797693,-98.17407958529955,-96.57539066990957,-96.89383344540329,-101.69511106178086,-103.44922740954297,-95.10344653730922,-95.37613257332694,-96.38070046061276,-100.02938158873573,-96.66101875218469,-98.59314380743044,-94.7799217409006,-94.74453810443053,-100.12279136577774,-95.31262669627611,-97.08334256013879,-98.73949071426298,-97.02825336703805,-95.57272179269854,-99.02727873661252,-96.37330788309023,-97.52035908852382,-93.29350246049215,-101.5012545328453,-93.84333395174764,-97.05533807235177,-99.79091295996874,-99.70464752174654,-97.56876277523932,-96.43874123506471,-97.89821979110783,-103.44812535111242,-96.18729374264385,-95.94480356844731,-96.45279606946666,-98.14279252744859
2025-11-02T00:44:10,AP_24_1,2.4,1,Radar,2412.0,0.0,0.0,-105.59953488846267,-101.69749164579349,-99.22677462903097,-96.509084528123,-100.93393187644405,-104.36585559401784,-98.30055593517962,-101.06679889312967,-100.8372566130363,-96.53583728268701,-98.40106314105815,-95.15143422539418,-100.85187873944085,-96.39862530978283,-95.40221441949043,-98.12201585689908,-97.58876425214946,-93.74533416139849,-99.31607427435081,-101.64424748522383,-95.89427028524246,-97.9199645180655,-102.22814060042509,-96.49590682544255,-98.65766955458618,-96.17978828102139,-101.3902440486362,-90.72931758284602,-100.33529649181067,-96.22541518937047,-100.93715944578922,-101.325855461546,-97.63590017969018,-99.3985415053941,-100.16153191029791,-98.55680443502762,-97.47522899660784,-96.98913900148608,-97.27930774536902,-98.89283518430608,-97.83924511758926,-99.56628456417823,-96.42197039072629,-102.25566015037924,-99.78252922445688,-102.43651624020374,-101.34354596778144,-95.67177810337306,-98.84663560813154,-97.5442086737,-100.32382169698276,-103.90698267827577,-98.02302336724848,-96.9217939578471,-95.12370010548383,-95.92848063090588,-98.65009363915557,-95.54994279780895,-96.45832832979299,-97.29541630587738,-98.97860553593969,-97.40942557174839,-97.76516268559058,-98.01275626418584,-99.76060907809877
2025-11-02T00:44:20,AP_24_1,2.4,1,ZigBee,2397.64094386657,10.979329631989671,0.6634409197322007,-122.89043541193347,-97.09568909555028,-99.39029053101527,-98.42880991129536,-98.47178374321695,-99.11840615288891,-100.6155240010099,-102.67115522185932,-100.41366989682875,-97.19027508834026,-100.02960615211389,-99.2039205639234,-98.83184962091626,-100.28827913187531,-99.8127392038955,-102.23819820249985,-105.65864413757546,-95.37236319058727,-101.51307846852416,-99.38847045058047,-101.05566663184248,-104.66598341057241,-99.87413846791495,-101.61195930882614,-94.56562651051465,-99.08115586072807,-106.2300888776405,-98.73054392103546,-99.02211156963591,-100.08000723635752,-101.31038805168964,-103.42900028362472,-95.80633278457759,-98.32815620820666,-106.19844713775078,-95.53478970855048,-97.78999633121634,-100.89742168977114,-103.47711936191163,-101.04229784619726,-102.725039025322,-99.91469893164144,-104.69386798892884,-97.75623300508278,-106.36188745653973,-94.37231842649554,-102.49688186368111,-95.00764418525486,-102.15566834052386,-104.34872963706415,-97.64228074618268,-100.12411273485338,-96.50001170337109,-99.05368350220553,-101.61632831054914,-101.58052689658307,-96.93183348067679,-100.34917855226253,-95.87549853645649,-105.17427657878969,-98.92854819825455,-105.44743093477824,-100.33432921302253,-100.46606199731133,-105.47046804513167
2025-11-02T00:44:30,AP_24_1,2.4,1,FHSS,2406.1276052611497,18.285051655918295,0.7608279519398093,-123.54249997568249,-96.9051799232927,-96.15190777888573,-99.06560837825818,-100.29971610810568,-96.44793671310332,-98.01054718371631,-97.66988519463571,-95.04653162183314,-95.16793667754249,-96.10690007702439,-98.65244904907944,-100.4552940932798,-101.86423364762013,-98.69370215378189,-96.09960217062503,-98.86809021017594,-90.80892565279636,-90.39855217682052,-91.70606713982252,-101.72377413695133,-95.57168911553666,-95.75408749180176,-98.8847322755353,-93.31987578944421,-95.76349185075381,-97.22573905327927,-96.38436620015375,-93.24729393978879,-91.74814495136923,-93.61787327274708,-99.78992741730632,-94.6714850075372,-95.48385652041479,-94.79988670937492,-101.39817195154743,-96.6695445632395,-93.90485595175365,-99.37230052943633,-97.68048877935666,-96.51944805861382,-91.02155461032653,-98.78562258127617,-100.70824344364226,-98.2859177496773,-100.13821501313222,-97.42879463434707,-96.73023288181538,-93.2161996384377,-95.54733696035903,-98.78499109271208,-98.3523160087924,-102.45341171860622,-95.51142127556395,-98.83986132641547,-97.52740310469095,-98.42984333403159,-91.62095639312977,-94.61820362728433,-97.76366862199316,-88.44539554528437,-98.5448018114352,-98.5638325684204,-99.20506580884432,-97.90374943431026
2025-11-02T00:44:40,AP_24_1,2.4,1,Radar,2412.0,0.0,0.0,-103.46533308336932,-98.07641004066113,-103.06469240862931,-98.8248568130503,-97.16399335461236,-98.54449426539796,-94.56537037273863,-93.95391461250361,-94.59252423734584,-93.06549030723865,-101.35122363224687,-99.91177902246986,-95.3479618152161,-93.84964286846824,-94.18858883202398,-99.48282949115749,-98.94823930441504,-97.63026419208569,-93.41914272551313,-94.4275138612734,-96.9977792972367,-99.20178741324038,-97.85374759939896,-100.64983649983085,-98.94225860697011,-97.72078891851933,-103.06326124777928,-94.11414050087166,-93.20853103297034,-93.37360993463244,-95.76073207932957,-93.87885809147875,-95.982479628973,-98.25038855261123,-95.97442478172157,-102.03404240525548,-97.212899108701,-102.45066199493377,-94.97701939404467,-95.05363824626883,-94.90478658681721,-98.68325502210129,-100.82908351080843,-92.07748288363784,-97.69164910175107,-97.1072466406416,-97.99409195013234,-98.68354696066966,-94.32222675448945,-95.09514042321138,-100.3604802433363,-96.39334973007927,-100.12071778491467,-95.60426734170807,-94.42654443152529,-95.49755774988664,-97.57790922590878,-96.99630388566572,-94.67411661354036,-91.69627850942021,-98.43082528474699,-102.18892703438694,-95.3478102032841,-95.41748681692879,-102.64491934232858
2025-11-02T00:44:50,AP_24_1,2.4,1,ZigBee,2406.1492467783055,1.6449701965172723,0.7582995638731669,-124.5255704954863,-93.74431622538613,-98.89057594107717,-90.83332165308248,-98.81354487202535,-101.94536666474106,-105.64166300679597,-92.65072671245024,-95.9030068967893,-94.72757378897238,-93.92298007134971,-99.64304370922818,-96.73456629071867,-101.96798350047061,-94.86926682000234,-98.19919355753389,-97.76350336754449,-101.64938129874623,-97.06511756169903,-96.21446783474086,-95.17433611856899,-98.07713969164848,-101.97188255240765,-94.7286594329979,-94.78900669041886,-97.49613651017866,-95.99032656907667,-96.16034500324,-97.3533930678868,-94.09153228066488,-100.58266553187049,-95.05089414922048,-96.68743667316872,-96.38265643895875,-96.83832060880594,-97.59676206851441,-99.76482376815598,-98.75032974116924,-99.21860742256376,-98.41144031602529,-93.44832370065608,-100.93561962398162,-98.12364740334449,-96.70946824152809,-97.19052740370556,-99.8809963405985,-94.45630588204018,-101.92794320781562,-99.58431945751023,-96.08251075444463,-96.92320444181037,-93.10610698311571,-100.2323316213147,-99.19514323370976,-95.10957353452183,-102.85948145232835,-96.2273738893786,-92.3209223275989,-95.44326353992173,-100.06535316002653,-92.46730554688838,-95.97602368795151,-96.00874594931845,-97.31671831293558,-93.80805728314454
2025-11-02T00:45:00,AP_24_1,2.4,1,FHSS,2394.289671141603,14.190271708191139,0.34072566506856816,-110.3744356646826,-98.60873617914727,-93.9531502931258,-92.3603100723551,-102.31561467060494,-101.47771774274428,-98.56711140226322,-98.00511197995266,-95.49809257787271,-101.87988553070208,-96.98558636240962,-98.81628555176641,-102.03956166800073,-99.14146770838698,-93.68331958585067,-98.54862882949242,-98.48406189895294,-95.0740242191099,-97.65422522720786,-99.66394366158484,-97.70844453505093,-94.62015399170565,-98.3153998701435,-97.83758099846197,-97.44625862364963,-97.14668682875913,-97.7911151517239,-96.23044152387062,-94.33750061477551,-96.72745393256488,-95.74101090625231,-94.6494325210302,-97.84714508826363,-102.75249235155023,-95.106372542979,-96.93654306207179,-101.67845116031135,-92.82164648190363,-98.52086740981065,-94.35033205238422,-98.10865835029617,-101.98173087340524,-92.8855847013248,-101.85055419758247,-96.96985041524832,-93.56900971707746,-97.22210180822698,-98.60159586151195,-97.87052150629196,-99.44111242248755,-96.34207189251423,-97.06886355148855,-98.2202040982545,-99.9446303503414,-101.86804304137324,-94.73397503195739,-96.91353805731137,-97.5295625382213,-99.96599841930892,-93.90307320896542,-95.64643517955938,-96.68761016994772,-92.4680416694848,-100.26139394322618,-95.66422854798644
2025-11-02T00:45:10,AP_24_1,2.4,1,Radar,2412.0,0.0,0.0,-105.50155173553227,-93.45794815200372,-98.98795910361125,-96.56336642704778,-96.50497744507014,-99.63495442200464,-97.43385555815121,-99.84592186254969,-97.7328984043067,-99.23013200289724,-94.36101248879416,-94.25604500970248,-97.21541510216711,-94.67731362811367,-100.49229949409411,-95.00636312238461,-100.09026773388715,-99.35182497068497,-96.65903169217533,-99.985567586284,-100.83598758003814,-100.9978147456064,-94.00209239177002,-98.99340788686416,-96.52285604740001,-96.45105299070671,-94.88355865948218,-107.60041753138381,-96.00619099840519,-101.76311592594912,-98.3335222311059,-97.2157955629418,-97.6176050264477,-99.45367657540706,-98.73780019953449,-98.24851247068432,-96.6822785008401,-97.40995623439827,-100.8831726019604,-93.2977192037552,-97.74020680357772,-95.97044363850935,-99.5136665446719,-96.51072104448774,-102.97540007383589,-99.12900284770667,-99.24590021981889,-102.9652305816565,-95.66710110517874,-100.28784631121098,-100.23845638009904,-104.01005928001416,-101.0608916068327,-102.1918265601637,-97.53446320868782,-99.304803620275,-98.81988878278891,-95.26243131761025,-98.6120442528533,-97.079323775254,-98.88507800235884,-106.47797389307564,-99.23480253275224,-102.2641374479456,-102.48687113982353
2025-11-02T00:45:20,AP_24_1,2.4,1,ZigBee,2427.390845921626,16.780385629100603,0.26683741675354544,-121.97962038865327,-98.87272456631854,-94.52546657674334,-95.84772027803135,-95.81879743110787,-99.25530442176685,-97.48069348098399,-97.50000722774858,-97.84072147304818,-91.96007686756518,-93.45901405550792,-97.02890175906758,-99.9890224533184,-101.83357144196152,-93.74165842226692,-92.92072573113805,-95.21455708164235,-94.20592547745616,-90.61674793182466,-94.4109821561068,-99.58438338884119,-91.19737341112129,-90.59748974575128,-98.39263270404354,-95.36949069649744,-93.46752420366855,-98.46463528236052,-93.06088837319072,-92.79259523034838,-93.26448019669556,-97.65816819759088,-100.11777940991229,-100.24793057840034,-99.36373696592278,-97.91279751372682,-96.35992919006361,-94.89893721764845,-96.82960642955491,-98.16261563664312,-96.8342514921431,-94.60510441376903,-95.26488283433739,-93.52747413907477,-97.0716502757585,-95.56543570057066,-92.64488852842194,-93.68113072569334,-100.0189147777126,-96.04052343946441,-96.45607288047862,-95.50385248590084,-98.32042431281815,-91.41706716056656,-90.27935117820185,-96.49848083356248,-96.4666798062696,-92.84315138914369,-99.88052524394168,-97.52426340315165,-92.43299219339714,-96.66835075469808,-95.66238059246314,-100.25226138017311,-93.40781661521831,-97.96189970830237
2025-11-02T00:45:30,AP_24_1,2.4,1,FHSS,2384.445383118663,14.886729999495628,0.7258451762709556,-105.43293613885977,-98.69047599615033,-95.07379986181257,-95.09368508616623,-93.37211659039494,-100.98732681669715,-95.56707990542455,-96.81871511599009,-97.80569574645165,-94.80516215808687,-100.49014361910544,-102.5786434354573,-102.39821118568042,-95.26314797414696,-96.56144604549276,-97.9787807086594,-98.95065289483517,-100.18172637238393,-95.61052756212807,-95.20986948055796,-99.39195863257984,-102.0278936934993,-96.90200469523029,-97.10569038301779,-94.18069750504493,-97.38544522930275,-101.8031620206346,-94.97129643087659,-91.53113170143865,-102.27959545140637,-97.32565076770352,-96.86982955592192,-98.67804042658182,-98.53149623744251,-97.43583554269235,-99.28203043754321,-96.46423790488694,-97.96496803399143,-94.0559135557808,-98.0578460050604,-94.1377020235687,-102.62091251904071,-98.12559643174738,-95.43390562292772,-92.46939764726199,-94.36568558703709,-98.1520965569001,-100.52009913055224,-97.61543633751725,-103.08456834833866,-95.79265794897425,-95.48259044888236,-100.51943014469859,-97.84504266807777,-96.15848353402413,-102.74548642363963,-99.18707148232164,-101.65166575429669,-100.85939120276664,-97.62619351179676,-103.06950942738385,-96.12521897422431,-96.34491815483108,-99.22153087558708,-101.51374570664258
2025-11-02T00:45:40,AP_24_1,2.4,1,Radar,2412.0,0.0,0.0,-103.99000117211195,-95.31212456865553,-90.97689881161114,-90.76658234244795,-93.93950771392711,-99.97050912036842,-94.65276788728924,-97.69372357902098,-94.47455821457177,-96.50849720674717,-95.67984330642628,-100.02648919800882,-100.84615601652425,-99.98212706781628,-96.84545048624999,-96.20036774661162,-100.33775640115415,-99.06824225495599,-95.78857432124148,-95.19196360483475,-94.26041256690698,-99.22835698689545,-99.59459020758317,-99.92165216693206,-96.88145767549287,-91.59196024562048,-95.86744801293617,-87.8543765662005,-94.03739690339191,-98.45193200257984,-96.57681791480371,-91.23291333815807,-101.70797376816063,-93.32231935109542,-96.2637895829857,-94.12260961384506,-95.53584716222471,-100.46976000588579,-102.32819535821724,-95.59314968663773,-94.57792170383802,-97.4596859244825,-99.65901070938558,-98.60281809112956,-102.16180606240346,-94.53276832313702,-101.60832212968869,-91.25889474650718,-105.323640969817,-95.12996247614208,-95.72947661479715,-99.45477559023114,-98.63816352664843,-103.04888326752295,-101.23097147502025,-91.52030677446128,-94.74358862111298,-97.82559526598486,-102.08256904275294,-96.18310194837784,-92.69682771371177,-97.33414732685036,-98.57527580248981,-98.38783303261059,-93.55554898262898
2025-11-02T00:45:50,AP_24_1,2.4,1,ZigBee,2416.9988726133925,17.05846936089039,0.4481039726643647,-110.58891057709774,-101.63094790009953,-99.40069995888044,-99.44359707659756,-103.01129106381147,-99.03764926293637,-99.3484698954593,-104.35066023789176,-101.69315900593017,-101.1688734786335,-95.91706331195527,-105.13859239029753,-102.89215496807093,-96.25785468933393,-100.64591665037236,-101.74592029028514,-101.1564400367458,-103.71418564094307,-100.56410828167485,-98.39433494587189,-98.67324131299199,-103.85591385924963,-101.65692688622856,-98.05032319569462,-98.38356688671468,-100.4589790896416,-98.63503384809151,-98.68653283697074,-95.73346957233282,-101.81469420150219,-91.75967371120326,-97.05913076384157,-100.29422728026539,-99.52910008637808,-99.45306606361245,-98.6759628332473,-99.58248155934369,-93.96565236485581,-89.32698273470925,-99.72258386272912,-96.00577651151166,-99.44638451469793,-98.43727412498886,-96.88480474697876,-98.39258072567137,-98.87884694582353,-101.21763886417392,-100.13741578343894,-99.56604253360598,-95.70564825201302,-99.53398729344761,-98.51788346599359,-101.90292111497739,-95.65211054219401,-103.86761908173102,-91.57312344350544,-99.57147910160391,-92.07534177941795,-90.35653049475404,-100.0067063396216,-100.71201596973741,-98.35225362514885,-104.35358087593617,-97.72043130099136,-98.38096366789102
2025-11-02T00:46:00,AP_24_1,2.4,1,FHSS,2417.523438922845,6.181113723789705,0.5733196989436491,-121.33357015953585,-91.70082723262145,-99.81477223056157,-97.79950840635043,-94.97558514381166,-92.87099094051133,-100.99038566154043,-97.57461527777149,-99.83303821034241,-98.34579165967976,-92.33374651783694,-101.87168832011824,-98.4583620045105,-101.68487481512672,-100.5047644591745,-89.45332827591321,-99.22360069820817,-96.47855349139789,-100.60960049583977,-94.54107733990988,-98.48511592797115,-97.75621958077811,-101.32657220210417,-93.95779973994001,-98.6562593771494,-98.96465543488854,-99.13096326908648,-100.05946977525838,-97.60953643382824,-100.5506425328286,-94.67115315693701,-98.6755708163618,-102.74907625655769,-99.1361712061918,-96.07054228444989,-94.05415712115871,-99.61082377467544,-98.76745767240759,-95.52445189429255,-100.17529484616266,-88.01618637320817,-94.88099001229526,-100.45637555211668,-96.21081079609992,-95.38623853599825,-98.98633290101988,-96.14717825402228,-97.7123561466497,-102.63155625260012,-97.74918657952558,-96.48284865493223,-97.79381238280324,-96.35795165308275,-98.18292455480002,-94.03996045858901,-96.00160117479636,-94.43942233919094,-102.13666503610418,-95.22645347673274,-97.12860447007712,-96.41100743818072,-100.01840900675813,-92.02193313681491,-100.20657167137338,-95.4358770593829
2025-11-02T00:46:10,AP_24_1,2.4,1,Radar,2412.0,0.0,0.0,-108.63064926940051,-103.02385413625736,-102.06859525825372,-98.88538660960494,-97.77114746390728,-99.27820915338425,-98.33286694000387,-100.45619150476016,-100.32559955028377,-99.30186873627176,-100.39034029603737,-100.69598051579013,-101.38908501702713,-102.31572456597561,-97.14114038246873,-100.7425140295322,-101.5243611022908,-103.75681714368396,-102.74074055699705,-95.66565480918972,-102.27193819753406,-99.68343285897521,-102.09221351983534,-101.12501359929047,-99.26012809667967,-98.13933752203168,-103.83834109227068,-98.62919964282693,-98.32448623951082,-104.23324674640888,-99.20043129239686,-104.88054398631874,-99.41677100331857,-98.80390535288416,-102.90697991346603,-102.20899008645068,-103.8482489274206,-100.7932512895834,-108.4392438549317,-102.36844552586935,-105.11787078401402,-98.66722918499033,-98.1063365623744,-103.18001719194913,-100.24124904009423,-107.39793705172266,-104.03398044149543,-97.55781090394156,-101.39544517530096,-100.361017107216,-103.24688528931922,-103.91803277259045,-99.4415043969609,-103.0209048984063,-104.87737115533436,-101.48835032781476,-107.82546098481606,-102.23611281707478,-104.5447868844914,-103.36919338810236,-100.43388650345281,-100.76628850294362,-104.02583489484374,-94.04910948540702,-100.24513398765912
2025-11-02T00:46:20,AP_24_1,2.4,1,ZigBee,2405.1759565729517,11.230097694725604,0.1726016855188251,-116.06838007784269,-103.50102094773928,-102.34604575324627,-98.1857779249046,-102.75294957747487,-98.48853660905237,-102.33377876749918,-100.24466135754012,-105.88551484665429,-94.76629969606947,-105.0281265623553,-100.68150125813261,-103.65337754449868,-94.20915126825606,-95.5206221468642,-99.37546334105652,-99.85901803253775,-100.10162680655033,-102.71180091127341,-96.52007693125385,-104.305848315084,-97.42037113316701,-104.37632550270547,-98.95034113484841,-102.47642641859524,-97.47478077631762,-102.32540729117669,-102.67814655543873,-103.15298226887394,-98.43409020256644,-99.86480498498314,-98.05171039501275,-105.63568950507704,-100.7290202103355,-100.28428812545795,-92.57218664584356,-97.55378602464668,-98.17579148806712,-98.87179767660457,-100.42211127181866,-100.14195078824159,-101.16510946416905,-97.07252409324897,-104.7978727481313,-100.72844847144617,-92.96368779812937,-107.03101739802389,-98.45371009914979,-101.12486546774078,-103.78912825821976,-102.94202458855142,-99.57834472766095,-98.78321230523412,-101.03637703846357,-100.58583530836948,-104.5722299914799,-96.80298561256278,-102.68904792610505,-104.85493603956742,-102.34101885934915,-98.49242069012102,-101.47200075485657,-99.76985275128965,-105.6417776496005,-99.7784748235028
2025-11-02T00:46:30,AP_24_1,2.4,1,FHSS,2431.3346190313323,9.786391767812246,0.6663492337987785,-129.04224590145364,-99.69034711661689,-103.68448922077799,-101.51601232163519,-99.95917635851029,-98.25799515863338,-100.02752139269491,-102.1731399590223,-102.6508171567301,-96.53477457754917,-97.88219918304375,-100.02151243253222,-101.13559166929183,-107.49601285743414,-100.53558317301884,-106.95311448615269,-96.35204676787417,-95.80394190251147,-97.79110544981467,-100.56138995242323,-97.13431914576873,-98.75407153333047,-102.11901061464246,-101.92448756322514,-95.64510282283737,-95.72035254504834,-98.5774851160058,-102.13534155456658,-97.82129929218281,-98.46049645329309,-100.17364696629147,-97.74134219173506,-99.45198582720026,-99.07612651767305,-104.71055886237846,-97.87703227823721,-95.55676317207886,-97.74455443816932,-99.89882538002124,-103.9968106721915,-102.1712772604278,-96.08926726908373,-99.93467389773366,-99.91007166019496,-99.24914225308532,-97.93326633202872,-98.87145834559787,-101.05617114795811,-100.23894704602296,-103.19175596829906,-97.80827419613237,-103.87100720303636,-101.11868175067438,-100.03663265660211,-100.78545905918811,-98.47542619548001,-94.79738408566448,-99.28421548626689,-105.61711028463712,-100.1309824285208,-98.7594143141707,-98.01893769971028,-101.52117384793398,-99.88590519628474,-99.15164958907442
2025-11-02T00:46:40,AP_24_1,2.4,1,Radar,2412.0,0.0,0.0,-103.88774197263065,-94.82372742190844,-98.50181437498472,-100.01879627061845,-95.59680025601747,-102.94142974567649,-93.33586978199394,-96.08483847025992,-95.7999058902389,-100.04107817953445,-102.57199452787276,-98.6040898799557,-93.54022195710485,-94.81530357028093,-92.37276160379297,-97.31608679675138,-95.31183688374921,-94.5926666480547,-100.48883389323854,-99.43419883336594,-96.68847860201276,-98.32797538034387,-94.4387096370683,-100.3932275141221,-96.34091998763061,-95.38547854178626,-95.2727396974407,-97.62848123381984,-94.2813470299779,-97.21705902744446,-93.12371138321413,-95.47107157568468,-98.05167873145305,-97.94332425639321,-95.85303088872836,-92.36425694694941,-96.7333947393754,-95.7701283286167,-102.77191478313954,-96.3220500752342,-95.33827521007653,-94.66446630864668,-103.88450362956175,-97.61845374695523,-99.18515932943787,-100.16429383202544,-104.54877804336591,-102.73913304685328,-93.46782523794188,-103.52560846689809,-89.27646933907386,-97.65102390171143,-95.35013961871914,-93.67275233272835,-96.20567387922233,-98.02669005096898,-98.19994441640151,-92.71425504775294,-94.00433252100979,-92.01843811143874,-90.82398933556803,-95.64571216808538,-94.2957936878483,-95.10652087221519,-96.89884407128432
2025-11-02T00:46:50,AP_24_1,2.4,1,ZigBee,2430.430053558739,16.514305024275025,0.7775802298478661,-106.66944386371861,-96.72839539648074,-95.66552413160136,-99.90185182078069,-100.97363565035621,-92.91263199050971,-90.79943221345125,-92.11738721076757,-93.97697620766165,-95.77086440305908,-98.10645240037229,-97.45944907057161,-91.39412824825172,-100.49611943913074,-99.71610253686165,-92.12638940091523,-98.02991280872034,-98.97995184895616,-94.05280240251399,-102.00886944883042,-100.1084635148151,-95.49936671913592,-97.42614544474598,-89.48572460662903,-99.53242638720987,-96.46324011042176,-97.05700072573774,-98.94023300322681,-95.78119809568554,-98.06236982389179,-94.705753248223,-94.05557605394263,-92.72474652929868,-103.98967386251456,-97.47391002568189,-99.51368601658467,-92.79002800436245,-91.26830599378687,-91.25714682161033,-98.78810861191454,-92.19121199829803,-100.57182120918027,-98.00600039723827,-104.32768131423276,-97.84695861210649,-97.73487697190296,-95.8606295866948,-94.55727374271392,-97.59634728470074,-96.07664322414786,-91.01528027512305,-96.49706397462957,-93.57692015547535,-93.74921176836546,-94.12856266118574,-86.35795481853961,-96.46712539522333,-102.72373123783534,-101.7782740349448,-98.83912617099367,-95.70292553079588,-97.32254474763974,-91.49417711296582,-97.60666151074551,-96.59265307610626
2025-11-02T00:47:00,AP_24_1,2.4,1,FHSS,2403.041768038762,5.7833913081985475,0.4125811772771048,-131.59679340485874,-98.13196576478208,-103.60630840115489,-96.7630014430213,-98.26162520865446,-101.34926306528918,-97.04629689735381,-98.84652670354068,-102.63235251267766,-94.40002414163206,-101.05751500818005,-96.3406480579868,-100.74387644009622,-96.49321436607671,-98.91293533082766,-95.66606254357075,-104.95680650312,-102.06753500722732,-102.3612751641565,-103.00245761474456,-98.93020264835356,-96.58220272947321,-96.7362269440763,-102.81150218401478,-98.51748370383959,-100.1567907057965,-99.02589833317003,-100.08763553597079,-96.87294999988913,-99.27185322917744,-101.90412659838624,-96.30621536512798,-101.54636787594033,-99.24668655349036,-100.90851546445727,-105.60796691228211,-101.96265511758806,-101.48090603173571,-97.75745676395404,-96.94467275488398,-99.93013428116328,-101.34414483727001,-103.42448338838147,-103.2033825468138,-101.05409343582126,-98.84705176265462,-105.64071282026597,-101.72951862645573,-99.26009252434294,-103.047311269185,-98.26783457883906,-102.58447830037959,-98.98972685115473,-103.7116246429781,-101.3742823946534,-94.7536141909338,-97.3751807719203,-103.12356550486516,-108.17115069394939,-95.34070229024717,-100.81837500971767,-97.89714181779993,-97.11133803642444,-96.8026897456484,-102.51810143467853
2025-11-02T00:47:10,AP_24_1,2.4,1,Radar,2412.0,0.0,0.0,-102.42376751655654,-93.753982744961,-98.16545619525192,-92.89686761892244,-97.2953060909486,-94.02699105618095,-93.03752979110067,-98.11397235754869,-96.76649365459059,-95.11240398584907,-94.44903749231298,-94.89211612574753,-100.73129264214259,-96.19529854050622,-99.27905045340042,-90.15067352532213,-90.75840442277007,-94.88598022363212,-97.6459406935774,-96.36076045667318,-95.34947549697281,-96.00731885304522,-91.57418966977303,-97.01817666421553,-97.84194813997678,-96.8304598929763,-99.45514237051377,-97.33680954180542,-92.876158461441,-97.73600531026747,-93.39314258797826,-94.3751836896882,-93.79792651835952,-99.59174412698681,-100.81740169879515,-99.77478900923998,-89.08744753587484,-94.718918996778,-93.73421729857,-92.81712628449574,-96.13699580283965,-97.43295527675454,-98.14846398639857,-96.54054305588272,-97.03258327188891,-95.7905702541238,-95.26381998493957,-95.34140535904514,-92.45859529759207,-93.45761726736873,-91.48333502086493,-97.29849134653237,-95.26177235466925,-96.79528587866552,-97.0242790548842,-98.25886705458373,-93.253250475064,-97.4999219632164,-97.49626423376407,-94.47279832320004,-92.92114136533576,-96.46908383636993,-95.80447922152767,-96.02389839420542,-99.20697598572642
2025-11-02T00:47:20,AP_24_1,2.4,1,ZigBee,2413.949070861636,5.147320110801358,0.14011985186374093,-107.88294129115475,-99.98173790191254,-94.528181361,-98.33602791089609,-100.53741937760412,-94.79534364060333,-99.08071987159306,-95.21892793251183,-97.38230273137573,-92.43010409310311,-97.01678252446986,-93.68977893161359,-97.39709056979261,-97.55252739687103,-98.90812198941161,-92.97678264398323,-94.20026172824761,-97.84431530727963,-100.0162813504162,-97.07266227996574,-104.06675752663544,-96.34766633427375,-96.66527229602563,-98.21883674022574,-97.19864538895503,-96.98081639649396,-97.87095808739662,-94.03394874881987,-101.1588408811929,-93.59272716213333,-94.8623208494719,-100.75215676509144,-96.16041018208458,-97.08884210190256,-96.82598838625725,-91.48740003803319,-97.58146312861729,-97.52859113612286,-101.21513310815271,-93.69329584550577,-93.06546246088993,-95.90368810204826,-95.64859134961304,-92.65102117909596,-96.51248840129341,-97.44943334284343,-99.8039811273218,-96.93325026841853,-99.29825264038071,-93.25274337419295,-101.52328497888759,-96.29972382838342,-97.87665638344801,-98.00239151817547,-90.33556612620879,-96.80847964115532,-91.1579764569597,-96.97875439484946,-96.65967445294704,-97.9297038696812,-95.09466210718024,-94.50686482619858,-96.76526095214874,-91.08009630553433,-99.27759539903302
2025-11-02T00:47:30,AP_24_1,2.4,1,FHSS,2397.0417498470465,14.544546536437966,0.7204768426059309,-125.35861025721147,-98.64648547374289,-94.98963793764348,-97.8971565486962,-100.28254174498514,-96.68887796041355,-98.33664009728496,-95.47324366266079,-104.17014126024016,-97.26871684199548,-97.11385200415826,-101.05759042578185,-98.53867755959803,-95.36913803882305,-92.98632740465017,-100.91203082231439,-101.22255361574047,-100.55658425472957,-98.44221459936368,-95.13688671510144,-95.60123230285222,-93.22530810639884,-98.267303893715,-100.65909026075441,-97.93542784833743,-97.90591168244389,-96.33811841750895,-98.39021050251996,-101.97140597629259,-98.9236301166568,-95.49751922659485,-96.02256788667903,-95.26625791443725,-94.9080920979504,-96.14258094726847,-99.01624075740966,-95.67282157964267,-94.39740724840549,-99.28760837482162,-95.95096824213385,-98.1345739562932,-90.67447698869555,-100.47306351720631,-97.82969228445172,-106.01212382673992,-96.88384934327496,-96.05759960501352,-98.42540920465665,-96.08836575140755,-97.49307149295124,-94.80065971779935,-99.25456933845747,-101.22868794619643,-102.22067713745963,-100.0138281721401,-102.11615751731055,-96.88581527049536,-97.18316386603689,-100.77938546770264,-96.3037511180963,-100.04120985047834,-101.82965510145397,-103.45389651062288,-99.11739144323033,-96.9157477523049
2025-11-02T00:47:40,AP_24_1,2.4,1,Radar,2412.0,0.0,0.0,-102.17274190271289,-101.18340619608934,-90.05605593456436,-96.72944115077934,-94.32733625295381,-93.30299194362978,-88.85057421783746,-97.63494029013923,-94.58598100928079,-101.17524305530412,-92.14092926926705,-93.50203645675602,-90.41341526609125,-106.01185044105385,-93.33583716919823,-100.98246580033623,-98.88067816220357,-94.20877327068311,-97.69210382802434,-85.6212969462842,-92.45319717658182,-97.05031218241002,-99.35921707364655,-93.74098399942858,-98.05680560406078,-97.40434039608675,-99.04742091906263,-92.36395186871886,-93.57472329215356,-95.92384759631095,-96.59609754523208,-97.43395895493815,-101.67049459558166,-99.43703002899571,-96.7303000278027,-95.61283864594195,-96.41500682979017,-99.37520598700736,-101.67885885452456,-94.51921262178972,-93.26931890924796,-97.6243034736822,-91.97102067910845,-99.25394857466392,-94.6857305686132,-97.94063937717878,-99.94177608320419,-95.73987923682928,-98.29570510211894,-97.27442214019196,-88.12848287191028,-97.14553606741987,-95.70755718870946,-93.5289467243356,-92.9668463730758,-91.75009344445039,-92.93561342204615,-94.8469633424041,-97.71695055463172,-96.56945963702017,-96.73509241373876,-94.94312916258092,-90.77910280210968,-94.38076224065522,-96.8288689637863
2025-11-02T00:47:50,AP_24_1,2.4,1,ZigBee,2388.7637290720954,6.9495187255896615,0.544167497191157,-113.58950544638861,-99.4171762537867,-94.86492698420643,-100.08039781007179,-102.82867196545881,-106.12659154976204,-103.32981613229994,-97.49112052918835,-100.34463491626883,-97.516173116838,-108.07191973365128,-99.5526887536457,-104.32765078714812,-98.27777120239345,-99.74883512547993,-102.69750031563329,-99.10277834902082,-108.35385975096528,-99.11090591254901,-98.2104303675064,-102.01482648283141,-96.42925041395584,-98.70073521910317,-96.83721570189732,-101.41110143833177,-100.30773324397731,-98.76605401507838,-101.38205271026564,-101.10516219841942,-101.48656031452678,-98.0082218204633,-98.4596925885952,-95.70652098067032,-101.76790880389767,-104.15211382930158,-98.46944763252142,-99.61482845250897,-100.90462495149016,-97.33493777341258,-102.10694744973675,-100.93319497779062,-101.85190333901235,-100.52383186015409,-92.72947252450041,-100.29517395777074,-97.78593747909687,-97.43761561880893,-101.18892949432168,-97.86221214057535,-98.05562946192737,-99.10312161701191,-104.76408679547377,-99.5603941697715,-104.16146072559118,-101.92682992456007,-99.47027187233391,-99.57058945308407,-100.01250607209187,-103.94236323220908,-99.60540306555932,-99.43978385517329,-101.91796514861866,-97.2388911107224,-101.32264437347482,-101.84956634743646
2025-11-02T00:48:00,AP_24_1,2.4,1,FHSS,2408.8169627311645,13.255586929590018,0.25241354415984113,-125.20338567555356,-98.20225091081444,-94.45140110796915,-102.10688852256476,-94.48155649965595,-94.61188270875212,-97.56798647633465,-94.47675908667763,-100.6411152131369,-97.97871264897775,-99.74660783364547,-103.2653025316512,-95.63493861728097,-99.71601928293785,-99.92528847915793,-98.2538880637917,-94.46942646588222,-95.59648555027232,-94.70340687292702,-98.16718976965738,-94.74385376198936,-99.84943908612834,-96.4177047736902,-97.13524561733422,-94.48964559605646,-94.85139578594553,-98.5153873103028,-96.02017636025873,-95.97528644044807,-92.87586662836848,-93.90296456804916,-97.9003977715781,-94.99815596264938,-97.10724883813407,-98.035528825959,-97.49297359097332,-97.99645296846404,-97.41196923377522,-96.9969012518874,-97.53241208355038,-95.89917300561699,-94.453141741878,-96.75085747086294,-99.61055639985224,-92.58010067090105,-93.9546392363112,-93.21243670910438,-94.44519479971571,-91.62614181779495,-93.60585237328888,-98.12867782039416,-95.23834630744248,-97.12898130826213,-97.45000813655874,-99.64199295674769,-96.42433054482154,-97.43560743623762,-95.88476148563335,-92.82389292553444,-95.01050683089247,-92.32824258494247,-101.27248315899583,-96.64631451227021,-95.26584347206725,-95.14716570637401
2025-11-02T00:48:10,AP_24_1,2.4,1,Radar,2412.0,0.0,0.0,-104.98627765891473,-97.05202797693126,-102.83800357957557,-101.72279828949367,-96.23486321604726,-96.79141150998734,-98.03404745020698,-94.791889612724,-97.06913614377991,-99.6335948059508,-94.66856280273765,-98.3482130177427,-96.29645164771189,-101.78711680153386,-96.48743854614062,-90.86257083280417,-95.52410846825754,-92.92678116219732,-99.79999190667068,-97.29457160024496,-98.23845174146231,-94.33679296982264,-97.89823540419454,-96.84640845899449,-96.36447430738744,-95.8199864563546,-97.13397799222541,-95.95734080225111,-92.64472810275932,-94.53866577147491,-104.90733731365303,-92.18484644460136,-98.29086891439728,-103.62409752440902,-102.21448754347068,-96.18670056103795,-103.55096605701839,-94.26509612577539,-98.58847011586452,-100.34604361672835,-101.49532161477012,-97.97777995533546,-98.72805523434728,-97.3700454289599,-98.59990701620302,-95.42093955697705,-100.1871189087523,-98.85010937521685,-95.8771662408842,-96.39991324849086,-96.07806844080423,-99.45059832312548,-99.62700711563781,-96.5889379702909,-101.27620909845346,-99.86798604282369,-100.97155456242236,-98.4944837818426,-97.57640360804898,-100.53072396121404,-96.04594364964709,-103.76263557288563,-99.18596332658625,-101.0358245632091,-94.73981718163284
2025-11-02T00:48:20,AP_24_1,2.4,1,ZigBee,2432.0047020481434,10.182780874905616,0.45254399074601065,-116.30688731640788,-97.6066015688868,-102.84279716074818,-92.86342938763765,-92.99309571715496,-94.3759063260906,-97.28878139843873,-93.05137419995837,-100.12140946335275,-101.56505775027884,-95.73312931552125,-99.87527124635943,-95.97004544960538,-101.71991402588749,-96.9148261800189,-97.96952798963983,-99.52036386298047,-102.19869787571305,-104.9216626169012,-100.93051737900988,-95.45508334687146,-96.84355615079845,-97.19642011707985,-97.94781335009148,-95.67604577634718,-97.00325829020119,-101.72638525295955,-98.20105258774858,-102.37391815149984,-96.27368817448838,-102.21765345350187,-101.93029511024199,-99.28042133600721,-95.31407490172919,-100.10487507511772,-100.38154611088811,-94.25082972723946,-94.32594984071575,-96.51260336843825,-98.76569282353888,-100.09323367483151,-100.43773300521637,-96.94171653442027,-100.66960460107305,-100.38969673760718,-99.36431422695907,-103.76363588296218,-99.87659619078707,-98.94268361770945,-95.15375585991764,-96.95427107135518,-97.12731140422382,-96.52940525816484,-102.18592746156243,-99.31209732522692,-98.5019173271308,-103.2437246483011,-95.45629327157955,-95.00203835329044,-99.31501169034973,-99.14616501006437,-96.6565653132742,-94.7934451864309,-96.25236152488115,-91.61293238620728
2025-11-02T00:48:30,AP_24_1,2.4,1,FHSS,2437.8327057229285,14.456341485379241,0.056694082307343616,-129.52552495539655,-91.94951395571434,-99.93025995633691,-95.99834382317427,-99.51989354507775,-97.64901182103982,-97.30197036281936,-95.42623138099871,-98.11499925943208,-96.56496735693705,-102.114364019984,-97.21967637995188,-100.37879199232897,-96.28540306751003,-99.31941989550307,-98.32229340021065,-103.11929554330467,-101.0669341093833,-100.54201094305645,-99.03811317470802,-104.0507898846218,-104.52441263685967,-97.33933305117587,-97.87156462977279,-101.5352761483769,-100.55649495045716,-101.6483395812039,-98.88410332665646,-102.04578126626478,-98.43848248863685,-97.80292671866559,-94.58258613296675,-101.91874530411361,-100.2707071298265,-97.400467870997,-97.4268704822434,-99.09285265169248,-99.16644028893738,-98.87098734740431,-96.05717761345906,-95.50122163155244,-96.47637892486078,-97.51252596847115,-96.71592456607802,-97.9804503407113,-95.95389901716308,-92.64885840490886,-99.09948987584251,-101.08363750715095,-96.36427499640853,-91.41437268580358,-95.10464494087907,-97.10922192850454,-101.81154256125436,-97.59751444410335,-97.82713698514169,-97.81387829576474,-95.08105755670073,-95.48006461491008,-98.22930478845694,-104.40125834995305,-95.86730335152804,-95.89062870993213,-95.01474418694401,-103.62700918197937
2025-11-02T00:48:40,AP_24_1,2.4,1,Radar,2412.0,0.0,0.0,-105.3794812439615,-99.15553308638067,-101.8221703461453,-98.67057289746099,-98.72199918771945,-104.4226785968542,-94.34259511660883,-97.48386863194557,-96.94049759285812,-102.2950425256025,-97.0553897332556,-103.15298167038755,-97.8978471047892,-94.98826653899002,-96.17270312968401,-96.62651575009575,-97.825728985642,-98.40128459665877,-95.72972352437242,-94.78526368480374,-98.0748263280528,-97.82906825688741,-96.79386056971927,-100.25896158552463,-98.09093794132951,-98.67495535747084,-96.15802201928912,-95.16120071531633,-97.2024873139023,-100.02336618174523,-99.97388929156766,-97.41637695213382,-98.53066299716932,-100.68315127818339,-98.17932133526539,-94.7036954706893,-97.16094256896024,-102.33517235478705,-98.3814308192899,-97.64380500505102,-100.71080085676398,-99.06731643899023,-98.45743475574335,-99.02313353389376,-97.23896493921524,-100.70210652368701,-99.5489055000885,-103.05006198952583,-102.62877518768961,-99.4920190225791,-98.77745384767772,-93.59255616447898,-90.66772130540681,-101.35212241439784,-94.41141796551386,-103.5717813165977,-100.44965526001067,-102.53269194244153,-96.3292691448129,-93.77152155115027,-100.04503314420575,-102.6881977694404,-96.01672669482157,-99.03916408270436,-99.23541524651306
2025-11-02T00:48:50,AP_24_1,2.4,1,ZigBee,2407.328801498063,17.807877110773173,0.6650483424808722,-134.3545415977829,-99.6982931794201,-97.31049801642753,-94.12564364288264,-96.00050350026451,-100.83154222941714,-95.81341130922266,-99.71797688460073,-97.36200459242491,-100.0020530514458,-95.9035783756468,-97.22870875537997,-103.60143518120064,-101.15292641785702,-95.71724357092116,-100.7645595402686,-101.61164113428235,-96.0554792554428,-96.93735066718715,-99.17422368787244,-97.99591241139822,-96.31890338449676,-97.42896446870046,-96.65792044011592,-100.28130703094607,-91.82121069108938,-102.9640162493494,-97.78512701490814,-94.75646779149027,-96.60808219573619,-97.38913327580418,-95.37245271762951,-101.10044583398535,-99.44568844001645,-94.66030478438675,-98.7200262549617,-99.34780068546249,-97.55907803695747,-98.71658710740572,-96.10023845638408,-96.25643044690466,-104.64997368052929,-97.84842594591915,-95.80221073277171,-89.35479200338771,-94.24814348549388,-96.8888251380161,-93.92674893731945,-99.59319757183295,-95.59497682030708,-100.67570978727423,-101.31748410187677,-105.6758710113243,-99.02911300493032,-98.87425070740998,-97.80978560451638,-95.58177059949588,-94.68611901597411,-97.91337965623097,-96.21681284045813,-99.67639412581927,-95.55419940832563,-95.08291227362878,-97.21022503987373,-92.43689793432193
2025-11-02T00:49:00,AP_24_1,2.4,1,FHSS,2410.2147863199534,16.120799999380054,0.25355317834493774,-106.91254919731871,-95.96709363521472,-101.96456312726042,-94.79751858262357,-93.66547554476873,-101.47183286121944,-95.68603237492408,-91.19309761012155,-91.62288776578396,-94.31784250859592,-97.22771036098982,-94.20788974169693,-98.0023669546305,-97.76229960992782,-94.80699895221572,-95.47698366979054,-94.41561096614053,-97.58401458891369,-94.35439481015199,-101.38169845117423,-99.14849159196619,-102.1912706589775,-94.90011148849557,-96.5632241636776,-95.40793620073413,-91.89451558820109,-93.55468029733433,-99.19434939301713,-103.48931569640102,-100.25497122892921,-97.29747602549445,-99.47762491840359,-102.69642992789802,-93.64498256468065,-92.57758466778219,-92.78996080942993,-97.76002836733771,-96.3208084256805,-97.30056242483398,-98.40124737412377,-97.56629334682926,-96.75539783199967,-104.37728132203587,-95.41991171388429,-90.64436431320152,-96.62049698531347,-94.9457982301274,-103.51843662669542,-90.27575443150982,-92.85587077595065,-93.04372448818174,-97.04388026544319,-97.35741442059674,-96.01247032449542,-95.70359162031863,-89.52094089042744,-94.09802901708173,-96.32326615623823,-100.52921961966285,-98.66172697143067,-95.99129620229367,-91.67065460418642,-97.28768602203951,-94.47164083309723,-94.79315847725374
2025-11-02T00:49:10,AP_24_1,2.4,1,Radar,2412.0,0.0,0.0,-105.09666642814038,-92.27191778420058,-104.11100895014927,-99.25600089417435,-91.74700258721649,-102.66125034095572,-104.08743401232091,-95.9910662047457,-93.61322198902408,-95.94321030985844,-100.02044480663032,-100.6441979041091,-104.48866986336142,-102.03682541675889,-93.1128726641176,-97.95922483068438,-102.20803672016461,-97.31124362876714,-97.41940538792932,-98.75631843032028,-97.2972612341864,-101.83494157943626,-99.1154015635394,-95.48464861836041,-96.34310305859876,-101.2666887662362,-99.34787748520036,-98.7839892957284,-95.05969700835857,-101.15672952843968,-95.17173949908329,-103.78607809948096,-105.81375368884336,-94.90318539583625,-99.14522968365269,-98.31047835968337,-97.77177899516207,-93.34863512384194,-104.90269326610027,-99.48377825173276,-100.60649488748419,-101.88279297490855,-91.67048803700152,-94.96257604370274,-98.35722053403678,-99.8478878417762,-94.82768458331583,-102.72167113145163,-100.22122721423429,-97.89660006785914,-101.1049983017737,-97.98555973215085,-99.64885484324279,-100.22682205720002,-104.19884264115993,-94.90800257213418,-100.03141026140776,-101.0201428570258,-100.65900654623121,-99.41047772332114,-93.98348570137011,-101.31058541011684,-94.37375933448047,-97.56283733327507,-100.66216419358467
2025-11-02T00:49:20,AP_24_1,2.4,1,ZigBee,2421.01552295109,9.945301056104462,0.4831463566733933,-126.03806931907485,-104.70205557150989,-104.3747827292337,-97.31968845794272,-104.36447213152034,-103.26503062091582,-97.60676003513447,-95.18466550757488,-106.98640083310511,-99.58033087402995,-97.33262656955915,-104.7202189072004,-102.92616572293895,-103.76294780493902,-101.77088835180031,-99.63523517091895,-100.09769038552791,-98.19605252031388,-105.35876641546818,-97.22200768914541,-92.72826247592798,-98.39109234425953,-100.7580645545597,-101.90043104696683,-99.75801073203827,-99.24700762691415,-97.44542254057228,-100.2846551221619,-104.6228091375451,-97.19029298578252,-102.71765740438208,-98.78380733608834,-101.65155702543659,-98.33955074158867,-99.57164161357608,-95.95903597875031,-98.10201277346762,-97.48767085094599,-102.2089951702146,-95.96598197052575,-102.88436159809677,-95.30671216430501,-102.80791888268672,-97.66542188600864,-104.21188396619857,-99.83865355448734,-101.31046804360746,-100.19165508189802,-95.26045055956133,-101.33098272754509,-102.24608620749294,-97.67326850404461,-101.91815040905182,-109.67819415022103,-94.87863451901974,-96.59611362015734,-100.79823183706631,-96.59145137591518,-101.60697160300458,-98.16434784757743,-102.95882022650066,-98.37759640699531,-100.93294632021639,-103.92286177526948,-104.61584850169878
2025-11-02T00:49:30,AP_24_1,2.4,1,FHSS,2415.324552492762,19.449233353746894,0.31664660629867797,-131.6678233814005,-101.43531407158534,-100.63571661257764,-95.65907754104573,-100.37191398167002,-100.60362902922226,-101.84800195579336,-102.8579958004979,-101.1255584859971,-96.66895744627674,-96.50243072501856,-94.38014650788323,-96.90158138156391,-101.72978033579165,-98.2062351335623,-94.02254546295362,-99.36071046017346,-104.77398971349702,-99.7325065131994,-98.53940262388292,-101.5281736826098,-97.56164567010717,-103.03088600358188,-99.64769576831837,-102.44588189717234,-96.82683537063367,-102.50745708337452,-99.13741624149516,-105.36833708856047,-93.52697508427582,-99.42485379175629,-101.25760876052264,-98.12097624553,-94.38201633134624,-100.54940931345563,-102.48973763523317,-95.7402149510631,-95.05119619867729,-98.24778398288888,-96.91533065317692,-104.83581743446798,-104.0001732949608,-97.62530078423397,-98.1029953880725,-103.3547441018045,-101.87613032138856,-97.99600762612019,-100.59905694578075,-98.11687518497688,-96.04322681097125,-99.158447757589,-100.1944028673658,-107.90494343024645,-98.10811836067856,-103.58447354173528,-101.18466047739,-101.58189917727347,-103.64119739912968,-104.7216876905738,-97.29373296103257,-103.54144732613992,-100.85884054645565,-104.67112255272349,-98.66075098156891,-101.30142513781468
2025-11-02T00:49:40,AP_24_1,2.4,1,Radar,2412.0,0.0,0.0,-105.91640199316836,-96.01714068952323,-101.95076582578861,-102.06456871356208,-98.8242130819932,-99.66428563863442,-96.71428192515815,-97.7782439420232,-98.26011926776921,-94.98767938023755,-97.4221168271772,-99.4216307255586,-107.72309500983071,-98.55906676176245,-100.16934063894493,-92.26463368620446,-94.31620881098699,-98.43119011165263,-100.77777320084316,-96.66333714439874,-95.51870493088559,-96.36079819324708,-99.61780914035577,-98.26512817161483,-98.89727555057625,-93.34529228421287,-96.82969574120061,-105.2738087102806,-104.88290334207039,-93.75300374672234,-97.929537596299,-94.54989314791851,-97.5059570862365,-100.82259953756395,-103.51550582050572,-95.87290357486624,-97.82670894824308,-101.0533212344321,-102.1219799784976,-95.76217411932255,-96.14325912374454,-96.0642567334017,-92.10573258259751,-98.67171452308439,-96.54465865537092,-95.02776256764827,-95.23550379913443,-96.42088010081373,-97.85809177949214,-100.71208624228134,-96.76099899827406,-102.86217052888794,-94.13782291811142,-99.70915349111172,-95.88319035386561,-100.7748226281574,-101.78107576252685,-92.84134579745717,-100.96861802368196,-95.78008944072485,-101.52691647134421,-98.70229151692645,-99.88977927764614,-95.0243146139753,-100.34907664027531
2025-11-02T00:49:50,AP_24_1,2.4,1,ZigBee,2435.555253449232,14.595656548517216,0.12167705016207088,-133.53837222695554,-101.80397592759421,-93.18869986475961,-91.7536141151395,-95.33810153296376,-100.90647468189847,-98.38819546886994,-96.7314665051819,-100.3666411054273,-94.47036915301304,-100.61215633573109,-97.72673092903423,-97.08234851024156,-94.71762643094918,-102.00088389581876,-95.03475897955457,-99.89934241025131,-103.15665268022114,-101.8973040267744,-98.9889437751441,-97.95513205414746,-101.55953572046798,-95.35029360689418,-97.89378193611296,-99.80380047413314,-101.20329977659965,-99.65237059276772,-96.35782260592066,-100.22814953101779,-100.36070617706731,-99.59374738019335,-93.85025441341361,-95.92640118669317,-98.53865271721938,-98.55698457101103,-99.41787825940942,-99.07130816896988,-94.01429448121449,-101.47709188317735,-97.81791187449652,-99.43191050546858,-94.2352446569766,-97.44418999952518,-94.99209816809844,-100.45092394631422,-98.52293451780905,-99.53090547167133,-100.17094936623494,-101.58975063518078,-93.84531206577188,-97.82028602968872,-98.51303052145185,-98.97741174056493,-94.929428290753,-98.74850050703198,-103.32021268904151,-93.68876889676115,-97.001229676874,-95.448555830333,-97.16438735230409,-101.32862951632909,-95.31302734101483,-100.43432094054876,-99.36640761620549,-101.33737095744577
2025-11-02T00:50:00,AP_24_1,2.4,1,FHSS,2387.2849313023116,1.4555623821535777,0.07210106295460723,-115.37758981218391,-96.53229532403944,-101.58575847975092,-99.89459237265807,-96.42628211644758,-98.96334584460942,-102.7640768249937,-95.48465310011757,-103.51172988277746,-107.13586356039542,-96.12226658550992,-101.68224995796409,-100.63412435590871,-96.02189130497418,-100.44534662502305,-97.49105886030037,-99.0595776209176,-100.28005583040287,-101.72403648282646,-99.31587811468242,-92.75781918098718,-99.00880536219964,-97.29431377275324,-99.09858493137126,-99.11888221172605,-95.93937679889741,-99.85110628612571,-97.86693831323387,-96.25582503057458,-95.20161223547791,-96.13846448480345,-98.96928672075454,-95.00471619103314,-104.83051751311943,-99.72460248966307,-92.92658848874763,-96.88615189015279,-99.20881211539631,-92.64418562313041,-102.09213774002335,-92.81339578748396,-100.41918683494744,-97.78084440481064,-100.0753012376062,-96.53820013476323,-95.3417259221561,-97.66716157867754,-97.10760895393058,-98.15070020820217,-96.5836897664288,-98.8864371696847,-96.69685820381018,-97.72805767578235,-98.64981017779013,-99.91675038188589,-95.1043991133184,-96.03061554238143,-98.05689356909359,-97.81477435039275,-97.74308486283512,-96.12462054138228,-94.662673325062,-92.36935020735962,-97.98825373324618,-96.64101635166469
2025-11-02T00:50:10,AP_24_1,2.4,1,Radar,2412.0,0.0,0.0,-103.91710652077913,-94.30008147838421,-103.33496994348594,-96.93616048043891,-98.8515013448823,-99.99413732762359,-93.25627493879145,-98.17466602932166,-94.65411661224641,-96.338896316247,-93.18283506348541,-98.60419179046899,-93.5139768584406,-100.01515567936677,-101.7262355361469,-98.74347025617604,-96.46564703944387,-100.47487937488809,-101.43193866913323,-91.48851402334324,-97.45600172624869,-95.57402171423207,-98.3467734441459,-96.54557311947907,-97.6536659736972,-92.74003075627076,-91.63912597125343,-99.43453300923402,-95.11407379834121,-94.62230710372123,-96.24540278970048,-99.67549453135824,-100.21636836819734,-103.23829515956754,-96.88320623515457,-101.88540426385066,-96.3588646593624,-96.9899906305821,-99.64458386271787,-100.34180750845739,-98.97278261467473,-98.18822595617442,-91.89734304606002,-99.30671669983936,-93.77032806195126,-95.86636849026341,-97.92516711805092,-96.37531957088287,-95.03380432426526,-99.58497460972377,-93.08313687944214,-96.62940997743529,-97.40206977438878,-97.09326941568969,-96.99646990958499,-98.98594415508377,-100.8534504132817,-95.80295600455031,-103.02586778466708,-95.62860673625333,-97.12764017085536,-93.88131877871095,-99.25826618113445,-99.85735510345266,-93.9334941687371
2025-11-02T00:50:20,AP_24_1,2.4,1,ZigBee,2440.7399379749927,7.53069260485209,0.6995438257149411,-134.96387931282004,-95.57197354146436,-99.78408556124369,-97.15766105142079,-95.40861277132092,-100.16620310884355,-94.94931088672827,-103.58774534197045,-95.26666323102447,-98.67818350138641,-97.12942751836168,-95.22607470082528,-98.37948238199131,-94.52729185126893,-99.17724429373855,-99.08456564358194,-99.53376453630253,-96.74932009779901,-103.43584637046561,-95.40860338589192,-94.61088344069799,-100.94499548004255,-98.86850192807013,-97.62364294282274,-97.74515938838378,-93.80872240446006,-95.40634864171493,-103.3342838555106,-95.87531951947936,-99.24051078658671,-99.7421987049465,-101.35363555069708,-101.30462248612578,-96.39658488975765,-104.58050669996071,-100.44428074448477,-103.14410412741813,-96.36329182701867,-98.00087169129426,-100.80584234162126,-96.9921491051755,-96.73343284430241,-99.773686700032,-97.45774073559652,-95.87640133685335,-96.78800965705035,-96.1249494438397,-94.89433561368632,-103.79007246090424,-98.01006116034348,-98.00048916885547,-99.35541769904962,-104.77757909453112,-97.0841099806924,-100.16413738100164,-103.04183891104314,-101.1655480471169,-102.45548228118419,-102.73365999321402,-101.8573839279808,-97.8920478661132,-97.08752860820793,-96.60573051546595,-97.18111188012949,-97.96879894456187
2025-11-02T00:50:30,AP_24_1,2.4,1,FHSS,2401.8793790182776,1.7500704026785479,0.7928266186452924,-124.36942439142115,-101.15040931982648,-102.51692743130258,-96.37832191603,-106.27639288284519,-96.50948974919639,-104.08536830429468,-101.33570654866625,-97.99725423528697,-96.88661189084044,-95.92653403949303,-106.53109803424546,-101.89588653578748,-102.81834615566275,-97.85592815435166,-100.13851290328986,-101.42099501747674,-101.53765391281297,-95.25392284517685,-100.2100111863952,-98.0681161670185,-102.9719688511137,-97.6376190855955,-96.33432765737646,-102.98295131936868,-105.33528510634186,-104.03418022692173,-100.17979945568528,-95.37261115651803,-99.25474335693406,-100.24877171933922,-101.36979867835308,-102.82281019287088,-98.49958019580285,-99.33070259613855,-98.38409333874331,-94.97966945618691,-97.65277341546431,-96.66497719775656,-98.13351520290001,-97.41681130652705,-101.4382456814184,-98.53882414712365,-101.96150252645187,-98.66776124780431,-96.48131603044125,-98.53268082572443,-102.35922845299945,-98.79719993410667,-104.4879221038451,-102.78220426247113,-100.43219446912133,-96.8428437757903,-101.34119658305006,-97.97543414647672,-100.12704016134408,-100.64976503673859,-99.18578331992543,-101.55575277246268,-92.71492368142813,-99.59861714281575,-103.27177825012689,-104.14067511061485,-98.36735881325824,-100.02401842996305
2025-11-02T00:50:40,AP_24_1,2.4,1,Radar,2412.0,0.0,0.0,-104.0981966538887,-97.2819787574816,-91.67627882981377,-96.78699851298916,-104.32482732627695,-99.25008372852393,-98.39146906327746,-98.15459414463072,-94.96196562911398,-100.63279527133132,-97.64163142668414,-94.53576810919998,-93.72194617375563,-94.74070029786016,-94.3075287181516,-98.807334371142,-90.70982671568484,-97.92185265152607,-100.02405039939472,-91.10427506820204,-91.58815616437393,-99.85847042197558,-95.74149061364017,-97.94990342688828,-96.21044168374046,-99.14719082115546,-94.69444831725782,-96.97260270414623,-92.10686029737154,-96.40115888245568,-96.69056755068071,-102.79421325999942,-94.4885900898718,-100.09611098627028,-91.6318345313612,-89.39613091155431,-92.7934627325383,-97.36175791543278,-94.84980748951072,-101.71096538903019,-96.36927503872019,-95.03129074008902,-95.83415158820804,-96.99107274054353,-95.9809158247927,-100.51768654757375,-99.85423240118355,-98.05113547385204,-95.89586535957265,-94.86512693066423,-89.06717227716834,-102.9382931299834,-90.98979411487788,-99.7909413404567,-97.4228759176703,-98.57179545928815,-98.57228609869952,-100.65946212816151,-94.38706549134669,-94.87276581111209,-92.66352087485478,-96.66473725070202,-104.49414765637452,-100.86288530243066,-95.93275229151695
2025-11-02T00:50:50,AP_24_1,2.4,1,ZigBee,2396.623374671789,8.359860550002,0.778100657414045,-108.17550535820511,-101.33893793486264,-98.52059184239887,-97.64074132246536,-99.77308595227542,-96.06058549226802,-96.99786461627116,-99.14112577879425,-100.57316780541981,-99.28320996638686,-93.80229015570347,-98.96148971058525,-103.03538446000816,-97.98449546236883,-96.15680179006836,-99.59270598824142,-94.43783055973985,-99.32584274455843,-94.37653148105703,-97.64995572804335,-98.53401606524142,-99.95388987961672,-94.58916132764745,-99.51638998004162,-98.39590294720813,-96.22688791082616,-100.35311165642378,-99.24815936153381,-100.23743526700727,-95.15514585414672,-91.41075540242369,-93.72996000366096,-91.84080155549944,-93.03110603164473,-101.69608239696173,-95.9925898689308,-96.89699323359834,-94.04779793740859,-96.57935451917244,-99.21870385690099,-102.53862013411454,-98.00170440702219,-100.06752040918147,-94.02030204492573,-100.49944061117299,-99.59372140980057,-95.03664625790977,-97.20208787506887,-92.41216944350037,-93.43819661909035,-94.86232384800763,-97.37792087369469,-93.163494228343,-94.19299837637935,-92.17872201129681,-101.09200013312406,-93.125546517294,-94.0126509094685,-104.01323962020041,-99.67193091024113,-94.87312475138523,-96.24684782727164,-100.29883354710292,-96.47751306367691,-101.47882897694143
2025-11-02T00:51:00,AP_24_1,2.4,1,FHSS,2389.7816220870227,1.0102160883350524,0.35826220948690074,-131.72909964145384,-101.02960232518538,-96.33635523689328,-99.3637316752884,-105.0847248982318,-104.0070650159208,-103.78054947131542,-101.1773725861456,-100.06588413531371,-100.09019461869919,-104.51174250009102,-104.42646747517692,-99.69464493720946,-99.04517624861923,-100.54993547170089,-102.32955672453765,-98.86557281971187,-98.37332342161885,-93.05420315543464,-100.35245354391752,-99.35756470640219,-100.91677115726787,-100.29102531645881,-100.45423263685956,-95.96842915651075,-97.19522622578431,-96.98363253604279,-101.70482360648899,-100.72610203537351,-95.77445750805359,-95.07540156769255,-96.53101455193614,-104.28344379870036,-100.20031900643312,-101.15917163777245,-103.01619917988694,-98.35968329718028,-97.2527538388073,-99.05077051756957,-99.76680016263897,-96.83724018107492,-103.90595742799448,-99.36357151864898,-99.70383285393387,-99.94349290446543,-108.49517464860776,-98.95273841438276,-102.27365808411818,-99.68343895116217,-93.4608224096176,-102.43066451931978,-99.44654147596725,-99.54397396396732,-104.3050810701049,-98.48966466939645,-105.63974657699801,-104.10988662902716,-100.11165940210702,-104.75581807399303,-101.68386768574555,-108.05878333089078,-101.72717812733278,-101.65524011164892,-106.56903490991024,-95.46021249741968
2025-11-02T00:51:10,AP_24_1,2.4,1,Radar,2412.0,0.0,0.0,-103.71395527492244,-97.03870895372535,-96.66667210227433,-98.37417177480083,-92.57816727393234,-97.96191770484177,-94.09691933035255,-99.08533932100235,-95.7138943671749,-96.73421311561964,-93.5859701588046,-99.97641247335757,-98.20426272348033,-96.19198690140381,-94.19378532870095,-98.89963969461219,-95.2723913384021,-99.65344995470643,-98.93264848301668,-94.54158379162604,-96.97250974273923,-98.14328842530261,-98.59207218612516,-101.79230338760168,-94.96356068162571,-102.79777618055257,-96.74701134563468,-101.96614870585269,-96.03457411002931,-97.2576342700695,-96.94950234570723,-96.73595126942787,-91.05088017206371,-97.45329294293514,-93.81768084363627,-96.50655438495673,-100.13275690545416,-98.49894033049193,-94.85113480618456,-96.33191615691275,-97.4250621407505,-91.3109981957048,-92.37071739854093,-93.57007060518502,-90.68059327753717,-96.16288291365835,-97.39387240301993,-92.654106855479,-99.34466420571043,-95.80790389601351,-97.93026116936436,-103.26007195046154,-96.18480714179475,-96.84602565212333,-97.1449248298613,-98.87450679542287,-102.25406538866545,-99.31765216511423,-90.99518579025398,-93.13582210348505,-97.26638272591708,-99.86953578724928,-101.50889327016499,-94.23837629169473,-99.43861536548987
2025-11-02T00:51:20,AP_24_1,2.4,1,ZigBee,2398.3108558168233,4.243953100043237,0.14763612539679988,-132.780248493811,-97.1720728774061,-96.55001891731533,-99.65286072603928,-99.00596409936082,-96.68731167063032,-98.33750986178487,-101.68498977619382,-92.96512168543221,-97.15230439791964,-92.56070848793634,-94.56339285498973,-96.31947076077661,-95.27319782569633,-102.33345787456227,-95.84073225915552,-96.5525535403322,-98.42288842359628,-95.90161888757608,-92.93066711640903,-95.4031343320589,-98.54040528339947,-98.60017512578423,-93.32465462862412,-92.97701900768766,-99.60294564065855,-97.78770653155661,-98.31789860431178,-94.73970777146876,-96.62593780697529,-101.23931079873633,-97.87266145990543,-96.12022409932018,-100.2406161215193,-94.35564914662567,-102.08136346614089,-102.35406120998485,-102.06129482269695,-90.80510992949111,-96.93429546246162,-98.24408637051096,-96.65661914757176,-103.950637226477,-97.3353114929245,-98.44964740937687,-94.82589578592372,-93.753059203305,-98.49864425895963,-98.59625354931141,-100.30181555501821,-97.38602104317393,-95.06336829290089,-98.85008343960337,-94.29226480206007,-102.73099279280841,-98.76884818122545,-96.43756561859888,-100.28492001882063,-92.65710218308054,-97.54688658971186,-93.43430090012126,-98.61927473505176,-96.10405030984487,-100.15579366459569,-97.42748622388925
2025-11-02T00:51:30,AP_24_1,2.4,1,FHSS,2439.129940916385,12.944953475970475,0.37252353858349596,-126.73217127398132,-95.10996181461834,-95.67468729164948,-101.98410954181291,-95.30789159122882,-96.85469432134279,-94.63930549630922,-101.34789883144931,-99.72617396777864,-103.37103770447132,-98.26606291382994,-101.94875088872003,-99.88328870666912,-104.69226002730971,-97.53131055263191,-95.65194274678258,-97.40071946418101,-96.79375650531573,-103.00595772903453,-99.08517874591449,-96.29969031846356,-99.07778216126992,-99.06332267092037,-97.35761360702068,-100.14154656603105,-96.75619683312812,-96.58736296723879,-101.11557624820858,-102.03919552442815,-96.06420876525807,-100.62766896964783,-101.19047034282659,-99.17668130197053,-101.41229934463675,-99.19325361362854,-100.54522334835487,-97.62312610671545,-90.20667876566891,-100.48053516104575,-101.16236436104707,-102.83651471432722,-96.91233881521546,-97.59967671679222,-101.91785229286535,-99.89268835953355,-100.8607533945921,-104.23571618338161,-97.39604866780033,-95.50669906911234,-101.90741642338955,-96.17898824499223,-101.76081311220746,-97.85632144866493,-97.74194289575304,-96.44356384573196,-102.7925661899667,-101.94443829438907,-100.28526355250753,-96.81262351112527,-95.18261956519521,-98.0398931152606,-97.71699486324853,-99.25029187528736,-97.95009386635328,-99.32070944294323
2025-11-02T00:51:40,AP_24_1,2.4,1,Radar,2412.0,0.0,0.0,-104.40891005678581,-98.89925634538959,-90.17231615638762,-104.6293762819108,-103.3412964554233,-93.23193756544063,-103.71908266291952,-100.09358271382123,-92.56285353241806,-95.35444390009827,-97.68081466125754,-96.31860073019487,-96.9954706983051,-100.23651618378582,-99.8438566433414,-96.80570211146338,-94.12433898887953,-94.42882152896274,-95.78796930027121,-95.36484226579076,-99.87489815344897,-93.2021413337091,-101.28975056127116,-97.0856779873414,-94.96038640363784,-97.86290795676933,-93.99145149177151,-90.26886060999492,-96.74284169945035,-96.12852555830104,-99.21639459498748,-101.45035872596961,-97.52189702312282,-96.13015593088001,-100.3366058276162,-93.03832378515737,-96.69281477701975,-98.71319241497142,-95.33400113511959,-95.655324741214,-91.05496609410669,-100.12013759985331,-101.13865007783953,-104.66041111140903,-94.97598628520397,-99.30188842001398,-96.29900048090164,-97.02846150473961,-99.94280076913334,-94.1278451762143,-96.00024008453939,-98.07863681754998,-95.9276196887326,-93.81911946129316,-98.23670707394082,-97.91612457155254,-97.42603186283908,-101.89444146554001,-102.93398281058839,-93.49100767199533,-95.58973902373322,-97.53552856095777,-97.50419852920145,-95.45443073957394,-95.3523871654675
2025-11-02T00:51:50,AP_24_1,2.4,1,ZigBee,2435.451232199413,18.252509431199694,0.7964213087809634,-126.84288287323267,-99.7491148771911,-95.699094351334,-96.42401388767549,-99.9486160286279,-97.617855111806,-96.66119002489842,-98.63405399249507,-99.92795796204241,-91.48282793881914,-99.76692950561896,-101.4088015977486,-98.2251995447834,-101.6551469578004,-96.97128798699394,-99.5028828166492,-95.64847434903177,-97.42372093732986,-103.60928795526078,-97.75049136738687,-96.36294932560844,-92.71201253335674,-96.86501706056859,-96.72330225614911,-94.37441717774965,-102.6064064829952,-96.83525575810829,-99.84472344809579,-101.16558991847698,-104.131694801058,-94.47123104596757,-103.60152064658868,-95.65773163942346,-101.05882203306203,-96.36430398325136,-97.75359222387935,-100.73562138014212,-96.14163678843725,-93.52935931189836,-99.50993994030709,-97.46844506221566,-93.87772869936815,-100.18871167385286,-97.32403766847273,-100.37829484576103,-93.4568879386722,-98.01953112455617,-94.51885594932723,-96.39225286525547,-94.02109951021247,-97.2267182909856,-94.91993340005985,-93.77067857666037,-98.17933629236433,-99.52638653146386,-94.92019431914774,-97.3745902729709,-97.41626083531186,-100.85894880856763,-97.24167855121145,-100.10626453566668,-97.06541415486276,-97.1362649722933,-100.64148851121207,-99.47783220479653
2025-11-02T00:52:00,AP_24_1,2.4,1,FHSS,2431.0154605595353,12.4906806598342,0.7682180365245622,-118.81294968097274,-96.36961467416046,-100.99917032705707,-101.14099785185944,-102.36774478663442,-105.34815429027068,-100.8044465974409,-100.82832362462419,-99.92936697540944,-96.91327175478659,-103.11828549578784,-97.50137941009967,-93.37189272507537,-97.7595366662393,-101.08648063268888,-100.41951229230081,-93.70911174162815,-101.72977414402358,-101.5135136538676,-104.07585464313388,-102.62946747048116,-100.06212166875964,-97.22790526895668,-99.49887439973588,-98.25044180678745,-97.35767335196041,-95.87518159576766,-95.63551742250918,-98.0316900912384,-94.47507033324685,-95.947355764838,-95.77338714096156,-100.99309211152229,-101.19141030014612,-98.95994248260382,-99.65262807720714,-102.97358576741067,-100.7721562419047,-99.86377334963923,-102.67052239901047,-95.08594286676082,-94.44052607912018,-97.22214331886335,-95.92788897390047,-96.69127531736187,-94.88328817122022,-97.61752507343645,-101.66485201700016,-109.80904044049055,-100.51976176265902,-96.08003770946905,-102.36868794602243,-96.08563303592142,-97.4123126463228,-101.75683795652742,-98.58377252432814,-102.82334591710455,-104.81588765843877,-93.42164519563758,-103.19075123452949,-99.94135297697612,-104.77928089259905,-100.08410934318547,-102.00292743829776,-97.54608598792484
2025-11-02T00:52:10,AP_24_1,2.4,1,Radar,2412.0,0.0,0.0,-103.65642407715475,-94.36837630779226,-97.5825335378306,-95.93754407955596,-96.27291243820375,-100.66445633706745,-93.10722533982904,-96.71444720760832,-95.75975519402229,-97.45883342044705,-96.29516226362644,-97.97473746253935,-100.41546469945908,-92.57505462022081,-92.91984639362771,-101.90775925621803,-98.8363866208363,-98.41816301478138,-96.8807896859422,-96.97760440720769,-92.8108827418153,-99.67104707269984,-94.49663663579156,-95.88781322250104,-98.57964193511314,-95.09262538358011,-99.80118773745876,-93.3262347262134,-97.47241742354868,-95.50085557085484,-96.69567914215853,-95.60430152292521,-96.62526976616327,-95.76008116506108,-94.3933049042735,-90.50051936424919,-96.37317538967187,-94.84351911401286,-99.66386210509654,-100.43187210570824,-94.57796184123924,-98.86165566791179,-93.08713871969526,-92.47207368239906,-99.99639890784506,-96.7786204215618,-98.41730507906736,-94.95583727736128,-100.12384044360486,-99.3950400142425,-97.6670775194349,-96.56845723246376,-99.56815048385272,-98.73725958443728,-93.23269819988093,-94.54365933153812,-99.29892011020128,-103.50112363766759,-99.82624253368768,-97.84174763953938,-99.84584714700183,-102.3550412430503,-102.2065771370402,-97.64671166264097,-96.82180299169316
2025-11-02T00:52:20,AP_24_1,2.4,1,ZigBee,2395.9511921826575,16.918790978121432,0.7314883118108845,-106.24095348908628,-96.37620553920212,-95.65548633307233,-96.94752983020479,-95.7887138759435,-103.13302416346018,-96.62455072901128,-101.3167082492265,-97.43649518926121,-102.28047633936548,-97.76377490304137,-98.01822266276658,-96.22078995315418,-99.14000980161427,-98.36544610048371,-99.65554823422664,-100.52839379219726,-93.60352999474054,-100.28638861623148,-97.46967545118659,-97.96423384767961,-98.999021985931,-94.2298963556846,-91.87450885565366,-101.59154532486522,-100.78491235163298,-96.68115895715141,-96.62250931698438,-98.30245613532287,-92.4749198847472,-95.08289154958298,-98.00388289480973,-94.1918686837554,-93.81543318164867,-95.95592890220877,-102.13876833787799,-99.49977508188212,-97.4960143069804,-100.01020822345208,-99.95298864601668,-100.68986579198743,-97.27522304319315,-90.91816488001848,-99.23193244464385,-102.91897642979198,-90.98097311886771,-94.30172084057355,-101.98979283406453,-100.53972355756575,-97.49573604376415,-101.14836596195654,-99.90678317635007,-94.9659032303242,-94.24147791726847,-98.12567642969786,-95.62011893494225,-101.41128564503651,-95.13369397790038,-99.54216000740756,-97.39649266214333,-101.27838503496731,-95.48838031709832,-95.46158344695424,-94.63544440715249,-99.60323420706933
2025-11-02T00:52:30,AP_24_1,2.4,1,FHSS,2385.649788663888,12.826712877690294,0.40644028517831315,-124.39098349650791,-96.11943031374786,-93.02178041028988,-94.46858134128665,-94.18783235393764,-97.13001710088672,-91.78606289767339,-99.01915539479617,-95.51641531471643,-100.28848370365264,-96.7487387745041,-98.59534925239659,-94.57358902489264,-96.76838729410355,-99.87433974677108,-97.48069766662486,-96.92319778201775,-95.67179212448188,-96.95268342711755,-99.79570897655589,-97.68649955177109,-101.2758651266957,-96.41002779179541,-101.9411425057213,-93.83445426093725,-99.55103727639428,-97.82372879414817,-100.11772307478999,-97.41799690357065,-96.97025785014011,-94.41005397280706,-93.62901077226248,-99.52947011770183,-96.71555835397203,-100.59106780726812,-89.98873434849158,-98.17560412929305,-92.79344154759129,-95.73270401489144,-95.46653166961313,-91.130862683032,-95.16866238697517,-92.389431393806,-94.19274983414657,-100.11608132827733,-96.51799639390029,-89.03491146564193,-94.04133855966448,-97.39111299282156,-91.3246416801909,-96.31731608763884,-96.950478170305,-92.01754461486803,-100.53567939763401,-95.73249397992272,-99.32992779499664,-88.01235032624709,-95.91500412322166,-94.0194437540329,-96.68291821588248,-95.67492262801004,-96.28561346914168,-96.95145478729542,-93.68455968853303,-97.8259129757119
2025-11-02T00:52:40,AP_24_1,2.4,1,Radar,2412.0,0.0,0.0,-104.27275504233369,-102.67003580402256,-94.30841494746647,-95.55355688681553,-95.9136949164239,-96.58774647010134,-95.89858745443172,-90.87446591297302,-95.51360323227745,-97.80474981966486,-97.37907277509355,-92.06272297530269,-100.20993043905618,-99.84876307785439,-99.24749376169858,-93.32975377710147,-97.04721730581323,-101.10135998271531,-96.93935578240772,-96.15723242077023,-94.352023828695,-95.95792799086755,-93.25060484796141,-95.8301069085175,-99.91566865387449,-99.1576274992945,-99.72082667855987,-96.43682212550961,-95.61828235883036,-99.5186201544173,-98.95058845055524,-97.3021095334033,-97.14068367469051,-98.27417077246324,-90.17700300858937,-94.59048127122588,-96.95569849700549,-97.54357065901036,-100.43750111022727,-102.93324548562866,-98.60862858547002,-101.31267958258404,-101.4752596839965,-97.33559934093986,-97.6112583035293,-94.73894619691744,-101.23050002295895,-101.42279685630166,-96.79371618407689,-97.16681064024326,-92.95660456562202,-98.82880968623594,-98.56387493554162,-96.07573085732369,-94.5534700531715,-101.55510235277622,-97.13256317288395,-87.7553377437416,-98.07058755920623,-99.06600076187627,-98.10842013654722,-98.25558005887491,-98.43873356934891,-96.96380567828194,-100.4027344180647
2025-11-02T00:52:50,AP_24_1,2.4,1,ZigBee,2417.384726059654,7.125047658735512,0.29991441844071326,-124.49816104446545,-98.22239681268407,-97.14964727033558,-93.92399265583263,-91.71198258176535,-97.06301796117954,-93.07768900633928,-98.86093233332483,-97.05700511655355,-96.2134617097535,-96.38748471292595,-100.09411724401892,-95.22915498065987,-98.84475376301138,-92.74520286488851,-92.12505776894977,-99.1854154450011,-92.67112648061307,-98.7209886527589,-92.39241988195907,-94.73905719594362,-99.39591069912123,-99.39346067401935,-101.34235090452177,-90.14702968494382,-92.76301498201165,-88.53488985830964,-95.1063144895989,-99.46911775734594,-95.74333289749924,-98.21648649468787,-93.08089098089805,-98.5639651065162,-97.37700687105233,-98.95444565915547,-95.53851594494145,-96.5311539005482,-94.50668622957573,-97.99882792674984,-90.29737175312258,-97.80482323443553,-98.11981750597458,-98.36213480417479,-93.03152249002868,-105.15335568129585,-93.06687145464969,-90.03478821241741,-99.88140079663079,-99.6843287548322,-96.76988263337992,-99.35770575345386,-98.8572600193986,-94.97779448215458,-96.36058718606883,-99.61390915207558,-95.20758253437246,-94.69557783775664,-91.89600868000682,-91.05491082365548,-98.93320618558123,-98.88099500621827,-95.01395718032654,-95.1912020641361,-101.29914476960832,-94.86446968181548
2025-11-02T00:53:00,AP_24_1,2.4,1,FHSS,2401.6271971071933,8.038110447127062,0.5674953151260365,-105.58973416112536,-100.60323790483152,-94.90559519917015,-101.55053942729978,-98.83523877299244,-98.06999160506614,-92.38867345760144,-94.98142504545075,-94.55993896367191,-94.53349392281966,-97.963721631008,-100.24915648929748,-96.72674355464954,-97.44372657688436,-99.09301623043417,-98.03757555062286,-93.04867390026332,-99.68583933518244,-100.66060355142024,-94.27801952060383,-100.94450680127312,-97.96988342420775,-98.01510241357373,-100.82295714604106,-95.82544205938439,-95.94658976382063,-97.9760451674522,-97.69033225048815,-95.91808090979268,-94.30547222422919,-93.85680948974661,-105.20539782909579,-95.85818858645642,-99.94490404888488,-96.97448289039077,-95.91588031930077,-101.32382219912871,-92.61536083757875,-96.07613910325588,-100.42530545527006,-94.8359350899442,-99.96101633904442,-97.49085164853825,-94.4496917756538,-96.97382344469669,-94.05614012578721,-100.6606657564112,-95.22679299557511,-100.50732180328006,-101.28198224079092,-92.89541724365172,-90.84930337876865,-99.01855232402697,-94.90165543489783,-93.62809714755468,-102.15823044156187,-95.71848001429943,-97.76439821746335,-97.8576639451313,-97.29933665108314,-96.71661204066534,-95.73102284499784,-91.64749696352771,-98.21235042782409,-101.9816472706563
2025-11-02T00:53:10,AP_24_1,2.4,1,Radar,2412.0,0.0,0.0,-104.954431316905,-98.31737018671313,-92.84333086906524,-96.45039258324277,-96.92097554396024,-97.50078581213562,-94.96669063648663,-95.48355465576797,-97.75025534538037,-101.66162808330736,-97.4039958739471,-97.51798966493136,-97.06203715678426,-96.77757477183158,-93.03906799277956,-99.97229495563732,-95.50592192136985,-94.33586483664429,-97.03220342767693,-94.95149275495075,-100.31293128212758,-100.64350395654951,-96.19891118251859,-95.83628687339473,-96.79559601941534,-96.19517291871773,-100.12750706116492,-98.98385493958054,-98.07312650407557,-100.65694548272447,-97.18379888818968,-93.39572912241562,-100.95840912115722,-99.60563170146067,-97.78953464335751,-98.62407370687083,-94.80686415868144,-104.61658437331674,-98.40783129599477,-99.52647854881629,-93.63415195532453,-95.43942580840582,-106.71703703569563,-97.4916129319366,-98.9090983189213,-97.84496135868451,-93.92958978691298,-95.30875119867065,-94.09369937333102,-95.53808871388568,-102.339965953575,-92.2033906920297,-97.36144011299288,-102.75183620201783,-98.73240081544483,-96.39749140366509,-98.26099870371772,-98.3186003212781,-101.34860874265482,-96.52908171823717,-97.89098455148613,-100.16363287089251,-99.1823493963212,-101.41349619423501,-98.34731053770936
2025-11-02T00:53:20,AP_24_1,2.4,1,ZigBee,2402.422670929526,6.512396838138132,0.39064024972459016,-109.15387281017522,-96.2543779084917,-102.7066477004523,-95.77341602113357,-106.0706414298209,-104.12883963140706,-98.84071820556225,-100.53862400551043,-95.73315087079772,-97.66055377692457,-95.54890109168302,-98.38112276782233,-98.50342605385039,-99.79493766519897,-99.73941186515135,-97.23786495028212,-101.68304466209011,-101.40524758822863,-91.52244698074301,-100.43045796721705,-93.63270075589543,-96.97898982276536,-108.6648424607342,-97.51390955156553,-102.71964542586485,-99.34503762607433,-102.44973980200346,-101.87659734588284,-93.85933248988596,-96.66162361143355,-100.53327025505047,-92.48987895029266,-97.72785282191433,-100.76158019823924,-99.0875419592109,-99.15466584747466,-97.4738038655413,-102.17602702829271,-93.5140498310011,-99.49465830758454,-93.85638333982435,-100.1951327075771,-102.60915495173809,-96.00255050826847,-95.81719468500198,-102.18686710479498,-99.47597855992701,-100.10106100148386,-98.24765798836728,-98.60162532085114,-99.892336884794,-101.62346642754149,-97.35316341731594,-93.30232100293932,-97.79138766355568,-100.33155569528043,-96.71799151112558,-99.37168862855455,-98.56593237599172,-98.83895659421711,-97.40378256820281,-97.73896440141584,-97.3675947930224,-93.63618799029292,-98.43731892241833
2025-11-02T00:53:30,AP_24_1,2.4,1,FHSS,2424.9185223359164,8.599746876222337,0.45065147878711137,-130.27738099114637,-103.26621238797728,-100.74289587424703,-99.35819006747913,-100.76647168037977,-97.67482084217447,-99.81679584910628,-104.0352849076796,-101.81760912725555,-98.5881504290762,-103.61782470484276,-104.23378297410797,-102.78609247657707,-99.01915138990555,-97.6595653222821,-96.3367090048299,-91.73516482254092,-99.50427324644113,-100.13522461740818,-96.44170444261464,-100.96379884890956,-94.64722952181322,-99.66868766791292,-96.22125864258825,-106.49733884499057,-98.86609994268841,-101.50736531813035,-102.4817773374629,-101.73458654108654,-98.67197121504356,-98.00190265057307,-99.11357986284332,-104.51562185242385,-95.45748600211515,-97.95655288252539,-101.19261222707264,-104.4241513331078,-100.09905855352089,-100.28972740391201,-93.6445742683436,-97.34591599430124,-100.16548451804783,-99.52538396977708,-100.67184939927903,-103.07319250922352,-101.25672304588524,-101.12690717809201,-104.16826637570416,-101.7578951495072,-99.65656963857694,-98.98096111197091,-104.81796302213208,-100.23054633728884,-103.12411335594284,-98.69576139516158,-101.01735171133603,-93.52913016855432,-101.51826838346484,-101.76475332805813,-102.89132881907172,-99.10255962158193,-98.57292690019531,-104.04334930567327,-100.06750181300754,-100.9696657650133
2025-11-02T00:53:40,AP_24_1,2.4,1,Radar,2412.0,0.0,0.0,-103.78429905065987,-90.96713655688498,-99.50298855865894,-93.44715070186776,-90.89633566033528,-91.5087696966563,-101.65196556337212,-96.56054241661005,-94.95670616734346,-100.00569328130207,-93.5018873014781,-94.84770372012372,-95.23276335873435,-96.50437025380964,-97.84721595130698,-97.27164807851723,-97.005057061238,-97.11410159008783,-99.75948573652234,-99.14066938819896,-94.88827388822911,-96.60133289260611,-96.91676759201788,-95.04621999885686,-99.57339303592411,-92.30106309888816,-100.1260922953043,-98.62256393496573,-98.96020802061675,-94.75778101751672,-97.96023987093459,-102.85160961551324,-94.33885844134203,-92.97543239024185,-92.08019484243646,-90.96848937014367,-96.20902559670002,-96.92276572842431,-97.66737134300116,-95.22060054532184,-97.14152314468409,-96.47653619909319,-97.68805456410794,-101.62505750887617,-95.04715780029822,-100.77245161819287,-97.09101837987552,-100.16069251440847,-98.06736770337235,-99.40686479070112,-100.47931109176712,-98.65703223179729,-104.39253293867847,-98.89550510880416,-94.17850126259019,-95.353313804239,-94.93129520663639,-99.3993778096376,-99.30037279273661,-91.6743820937355,-95.53014137966848,-99.41317659499454,-97.28140881025544,-101.15523391545507,-95.85462817686512
2025-11-02T00:53:50,AP_24_1,2.4,1,ZigBee,2383.9235742507294,14.32782627283344,0.21065353933980868,-126.20266975964289,-99.37105657913827,-99.20177521701574,-95.49261723254374,-102.90622541219754,-105.58849946546141,-101.99299617491623,-101.42318371059245,-97.28709249752407,-99.63929985216761,-99.62077080817983,-98.1323695735644,-98.48326297030793,-98.97193296768306,-98.99122859304043,-100.00649938918458,-100.23548516268494,-97.98361269133366,-102.82225515780507,-97.57444285399961,-98.30913472752523,-93.93098201467136,-101.86628925165765,-95.9995639467689,-96.55130875356906,-97.67175619064564,-96.52421363248895,-99.22481514340448,-98.89255101076303,-96.44841342194474,-100.29421098787202,-98.52732124144173,-99.40313953308127,-101.41833678483029,-93.10895553378863,-103.3960690058086,-100.10087518058636,-107.47366774613859,-97.23986254574262,-98.4843633518052,-100.88611794747662,-93.99180604021845,-101.19868645600236,-97.40122244800517,-96.05465112418698,-99.43457226014421,-95.14446771677382,-101.96663306295369,-103.9327987974414,-98.86382473308025,-97.40750652369368,-98.71644197277391,-98.29529938214026,-97.36562069452228,-101.52246431221128,-96.981549928699,-98.8992618845559,-99.36201420723053,-96.7702606900417,-100.27550643163038,-102.08332642864487,-98.91825886184363,-91.57843770410953,-93.18374012203894,-97.75482402881123
2025-11-02T00:54:00,AP_24_1,2.4,1,FHSS,2392.047393695735,11.738151169234618,0.3735865521277271,-114.60916277244219,-92.12955773185624,-97.87475791668628,-99.53953296316868,-95.02771875803373,-93.21149504697344,-100.36973921614242,-93.30839775026142,-94.82514045994509,-93.05733895923242,-96.1930293209468,-101.15407937496431,-94.8103916376626,-100.68844696486673,-94.29732631545491,-96.25024077734332,-95.24435941233253,-95.38331202580642,-93.2772584105092,-95.23307451702645,-91.83590832604553,-96.37917858703973,-92.59962668711937,-98.81832770802988,-96.81019496361014,-92.40576922922759,-100.22045185050031,-95.135476507836,-91.2850456778517,-96.6729632478021,-98.965699035209,-93.77977666125426,-102.50267903060993,-100.68438152276228,-94.66674090374934,-97.90168701853912,-93.16063227358184,-92.44560830724147,-96.13699436440136,-95.20545975963171,-93.63140293463681,-96.56359940136103,-98.82383938899527,-96.6890481903041,-92.78850389719437,-99.10184931311562,-95.49609700843621,-100.96001111841838,-99.40984321286477,-95.99326782400908,-96.40861275684696,-96.7787575300006,-96.11980098447529,-96.64615965544226,-93.41889876212771,-97.67698990127234,-100.03896475236091,-93.65046728048098,-91.40903792489861,-97.34676580285327,-101.15015713779988,-99.5250972480391,-99.23104354511788,-89.8772685079716,-92.03233344218582
2025-11-02T00:54:10,AP_24_1,2.4,1,Radar,2412.0,0.0,0.0,-107.02841493995538,-102.77549169470417,-98.7914770732359,-99.8747896278615,-102.74261880196048,-97.99270452028641,-99.90170262495495,-102.21066079291181,-95.82078150359902,-98.9658676952555,-97.97612178706899,-102.09354027196122,-98.67492833921753,-100.32774431093628,-99.79035646891407,-95.41357076112237,-98.06441652112244,-106.12374539119816,-98.07463548716197,-100.21624830389739,-99.48131974111975,-95.57700944473548,-93.66708643192999,-106.34661134430719,-98.67085361963792,-100.90874203151843,-102.29583080459187,-103.09353034679586,-94.55812551758574,-102.25246513632472,-92.33701063532558,-100.52646476332127,-98.37456424184215,-101.95470175379677,-98.35999469312141,-102.63869996092706,-92.93796066156924,-101.54557246876301,-102.85888478347988,-97.8982524180866,-102.21989655264066,-98.76815100367392,-100.81245727025122,-101.62916257108574,-103.49728438593836,-98.87477059773371,-97.7107609950398,-101.70014530566702,-102.18335109853493,-101.12981380505006,-99.28369107148968,-97.50133148356028,-102.63358171749566,-107.02134105814879,-98.27982023574336,-101.30887456327858,-99.12608475538627,-97.64392989978664,-103.35709896085856,-91.63622848753106,-99.77451850526923,-97.1855599366865,-104.19476863052678,-103.89892190934458,-104.33594670716101
2025-11-02T00:54:20,AP_24_1,2.4,1,ZigBee,2435.3889994038113,13.934686470161846,0.2267890911318996,-122.86310871197719,-97.31672403656154,-94.75116395229038,-98.64000484545294,-100.69240124153308,-97.45315453609587,-100.27788997705103,-96.03630334264845,-97.008885868719,-100.08462921178133,-93.61015573564782,-92.38173246749228,-104.95874171921527,-97.7646403419741,-96.53836009521436,-100.12644495589508,-98.74798934268105,-102.69674372244764,-97.77074999960601,-99.67466764755599,-101.85532161689788,-93.86661356143155,-94.44300606206444,-99.41957701616467,-100.28221391487189,-98.03851831603589,-100.13738043071706,-92.79922435157388,-101.7385856316856,-100.66979161324022,-101.42349305830272,-98.70299222197168,-102.50057712174588,-97.14218770478097,-99.22277001606473,-104.07366014913538,-98.1920885728291,-95.78494490489813,-99.25911243867587,-100.58941506023966,-100.52462163370846,-97.96192021671541,-105.75390966083117,-93.76959067038972,-96.2079281901311,-100.30617283537401,-94.64836172794728,-97.21384951142342,-100.85923269209188,-100.87344104673265,-99.99845395562167,-96.50666345715044,-102.53760551253528,-98.07689700244399,-106.13015301104112,-97.24019331107941,-103.75312840992208,-99.74129752406289,-98.72637445244749,-97.76581618355243,-98.61136411786923,-98.37423374107361,-96.0767935946224,-96.50228309423984,-105.11592240404235
2025-11-02T00:54:30,AP_24_1,2.4,1,FHSS,2423.8668159702956,5.877897658879752,0.18951516191721618,-129.42413289406477,-97.9550934188516,-100.51968301102876,-100.39313638983181,-103.7966643162815,-99.18071563393622,-95.25347199982482,-98.91180763245417,-104.42705641626165,-97.66023497379534,-98.89921458044844,-97.91988472196948,-99.06631886033396,-95.6632455410414,-99.9244714019022,-98.8142152492859,-101.23918513395265,-95.80875289368893,-101.36123842229591,-94.63367293083189,-100.4326637165222,-101.93485275849848,-96.93402630331671,-99.3873999517488,-97.20496199265938,-93.23847217611545,-97.9614594244414,-99.73136570836944,-97.21751588987104,-96.85448054327553,-100.37875095343038,-98.94541071473284,-96.82631023097147,-100.33126022045397,-102.39600547623398,-103.24510713342814,-99.80698005682133,-98.34229794796298,-102.65746878798491,-92.91027890784787,-96.70204358872333,-100.91447724345187,-97.08904005268491,-96.3019183544256,-102.36321702100805,-99.45907383416532,-102.04483423791987,-99.57432788854895,-99.76001246934236,-97.89158385052005,-96.89462053020273,-98.56566542417438,-98.31849528166896,-97.34694588614815,-94.90809653530178,-92.68263957562554,-100.01645223652567,-95.58714352786697,-105.88017657597749,-102.58391405672688,-94.71816041791548,-100.69922552893254,-97.00622397984033,-101.07704949970415,-95.95995772088705
2025-11-02T00:54:40,AP_24_1,2.4,1,Radar,2412.0,0.0,0.0,-105.55522759432898,-98.33596888243196,-96.1119185123705,-96.35902413528339,-96.87754751307332,-96.66346929974493,-95.70483275208673,-102.24509992899466,-99.27921494550029,-96.27079910903188,-99.30879913078793,-95.46090713462148,-95.99017602779595,-98.26611033856527,-96.74798345721932,-105.44963642772433,-95.80678305277233,-102.7658685383522,-96.05249780449769,-99.85760183051869,-103.54870376215563,-99.08402229048217,-98.18321142168708,-98.59238638621163,-101.61974971058609,-99.58287258551823,-99.7581684174352,-98.03262349220161,-96.95826450240531,-100.48703393805802,-97.09589640242707,-100.63523401715503,-92.77713652528443,-96.85611932346954,-96.39780753282544,-99.49347680522511,-97.25990163381313,-92.01089991835951,-96.924849634474,-95.73494393993352,-97.51466503339381,-100.0628686107859,-97.37928746594679,-99.47822657154576,-98.6947098177341,-98.86943794203125,-99.69815615897706,-99.61881077950977,-99.4945664253684,-97.45317599287128,-95.53408378220422,-102.63535446053805,-102.03772997343214,-101.45411092948724,-100.57548180518451,-94.54935972757733,-101.75535839652864,-102.46149921130856,-98.91781718670687,-98.30280408211118,-96.37113801191626,-97.453547236737,-100.00647548837688,-96.28627408580503,-96.35033573321431
2025-11-02T00:54:50,AP_24_1,2.4,1,ZigBee,2397.688722811889,8.273352251864303,0.6418645735385957,-122.07336525322394,-100.57235790680178,-99.90581894568899,-100.33851901728566,-100.47153898708447,-98.06758963300538,-96.88492298137434,-98.30961047374365,-98.41295708849154,-95.13015039960695,-98.80283538081348,-96.8755607096154,-104.28820885102535,-102.5709244894336,-98.62937515039101,-93.29373804352991,-96.40190001407076,-98.62588099703875,-94.35953823621196,-101.54681578735146,-99.65250831376758,-101.12361345280146,-100.31207539784548,-99.81715188253315,-102.34911017674816,-100.49656963125126,-98.98793328767738,-99.46862355868468,-99.54140590801838,-100.57272499893939,-100.6027257651539,-96.49369566109637,-98.87781692772684,-97.88119339260278,-99.98209096223925,-102.72620781759198,-95.52250616205778,-96.06012125913277,-104.65885834544808,-96.19442313942872,-99.14704064401491,-102.48563790050572,-100.53891097569523,-99.49709448749559,-99.4579902239405,-97.51739186498773,-97.16595357529083,-99.72301025322705,-101.06219060154699,-104.57426441356641,-96.52166237255342,-105.81976396026518,-96.43107126643734,-99.60761128028174,-101.42829715601017,-96.15070792213598,-101.98467702956596,-97.40089373719286,-100.22229669348732,-90.69310106904794,-97.15189334426401,-94.50305097495439,-99.41005516209451,-94.19396175937409,-96.48738464375054
2025-11-02T00:55:00,AP_24_1,2.4,1,FHSS,2402.4054317881264,14.771380789843311,0.6493997269514754,-118.3341615898511,-101.33862970697557,-99.8809307235332,-101.32683285523693,-97.79954727126162,-100.38658905430917,-100.91460257070197,-97.84576796207405,-101.57870213046776,-96.71099734935663,-102.03738436773793,-97.3231618485059,-98.4691414826895,-98.70588288199464,-93.84930510768551,-101.3390810002529,-95.8744431207842,-95.72517757689906,-93.31100658555387,-92.78889978733896,-95.34742289470329,-99.47234869660359,-96.70158993775587,-92.42350425367282,-98.15740520874829,-106.17910115032599,-97.35473202304351,-100.82610813637862,-100.63582361228177,-101.76867290523106,-97.92708428303632,-98.68719076371991,-94.66639033149181,-102.55728633971324,-95.46123229965612,-97.79293350274108,-101.7716370215403,-100.77956242905104,-96.30025549572879,-96.52073959123472,-95.0199339767592,-94.46452795376854,-100.02624559469932,-96.24271196054292,-99.5884039674632,-101.57192501007776,-96.36895922915767,-100.53731365484803,-98.01437679617352,-96.48390379288519,-97.92835483692618,-98.01039864508856,-98.9265769064172,-97.66530526006979,-101.85264606979177,-98.31240964217612,-93.56473551132267,-96.84032673441561,-100.55276708261553,-100.53260333117792,-99.7001321479687,-92.58291865939313,-95.08004821083574,-91.19363950683888,-102.09267783574778
2025-11-02T00:55:10,AP_24_1,2.4,1,Radar,2412.0,0.0,0.0,-105.06207359414239,-97.95619492938043,-103.12775819102758,-102.58082090271039,-96.50480101963969,-99.88089259193363,-97.36282476417382,-100.83670040094859,-94.01201720351676,-95.124632428721,-97.0781787041821,-99.60035832203509,-93.58803601436175,-94.23955437677701,-101.63166599110139,-97.54281295472548,-100.75546468801848,-102.5654096550439,-96.33229883884495,-100.76141619959623,-98.98657503890941,-98.6794977601256,-98.27050838515375,-103.16262095017093,-99.81737578719832,-98.16007891058311,-99.02620365893239,-100.89453478335341,-93.99858299176938,-99.31717259341315,-97.49095981096005,-96.95475064252709,-96.11444515302568,-102.17943735281698,-95.25214150904438,-92.44402135500894,-97.4145117125931,-100.99718369094138,-104.90518545940982,-94.51420158508328,-104.02140521333021,-100.88290413125644,-101.43239405989179,-92.00927988761276,-95.97369905121244,-96.59436674278446,-96.29952330699199,-99.02377639747274,-98.80840018445167,-91.98207346398954,-95.95630070831672,-101.11502361154355,-95.09132588872109,-97.1670774734921,-103.3973514693274,-97.05765132386446,-100.1383520435499,-96.37001132869638,-99.53834811728068,-93.87592813897372,-99.46639259810735,-99.05103707517011,-98.05658525376496,-99.95003935051439,-98.35670656689085
2025-11-02T00:55:20,AP_24_1,2.4,1,ZigBee,2398.4784195056554,11.949335942273283,0.3883558420112546,-107.20910246770454,-96.62459273236192,-93.01648423366703,-99.92383767330226,-99.41747826977553,-102.69969001845497,-102.17453885441061,-97.94325193851854,-100.48578114562304,-104.82422572994737,-99.53597531259172,-95.9736417513201,-101.38917454934277,-103.65349169497912,-95.18951816396363,-93.06552295707566,-97.14765149940159,-100.74067866629424,-101.85277400404236,-98.88147757276097,-99.26212291794343,-96.15369131429972,-97.60995785201905,-102.28291721056064,-94.23492044050276,-94.94516008614399,-97.94233588085804,-102.5625481251253,-94.56876260434083,-102.39983300713706,-94.50964372052898,-98.0672320729307,-100.1700349714982,-98.52830636076334,-104.55128544029851,-100.06319907290737,-103.32201841488104,-98.61103637069898,-99.06677489656897,-101.95384935833455,-97.11680638075002,-94.89025518416328,-98.79504014290286,-98.05388623604274,-99.49821813100851,-98.92210562219786,-97.90632336101511,-100.89067072069363,-100.39925861341766,-101.29346585569809,-97.95671721037724,-94.12008408612438,-104.05523928376691,-103.59963523505057,-100.57023769112881,-97.08535030759212,-103.5668037210068,-97.45265647547876,-99.53351599264099,-100.51357735963417,-104.29247620156626,-92.6483933686581,-104.26407669126397,-96.9287539405317,-99.21144433937286
2025-11-02T00:55:30,AP_24_1,2.4,1,FHSS,2432.4898126177327,12.092022918218804,0.08907932290437383,-135.29775856492472,-94.32603142809681,-104.1404999585393,-99.54681293607877,-99.40623774856827,-100.87705153336347,-99.472662244239,-103.54484491056617,-96.70478616093146,-101.58736865925464,-99.15216777643487,-97.12934456004051,-100.21724439751901,-106.16458003205076,-98.2406566123124,-100.80208767613688,-93.13292564217603,-96.9850119832134,-93.70451029228131,-104.21447698041534,-101.83309088240931,-100.34551484396962,-100.4991619442292,-99.61908032335333,-100.84005871641087,-98.4781667776244,-98.38869674855856,-103.29538398237321,-97.08303173574852,-97.06514131381337,-101.0443164930178,-102.87701661854514,-98.02175708255423,-102.9161926000852,-101.25988230209745,-93.77840879034781,-101.19850892614592,-93.750355672087,-101.0738308333156,-97.51624730650879,-98.23962345536101,-103.65873935048612,-98.91112903830098,-104.74421156571071,-98.79325238325322,-94.27565388037065,-102.80746787460382,-103.75979251745346,-99.38081191483039,-99.06662980850277,-101.18834556905975,-95.28254397227367,-91.70153075119072,-98.01072076877755,-96.30513370302191,-98.1434101929929,-95.86821223281768,-102.49466763858192,-95.68498182149169,-101.28934142825238,-103.21036683378276,-101.49750356427202,-97.21704493909863,-99.6838114743256,-102.40712739426627
2025-11-02T00:55:40,AP_24_1,2.4,1,Radar,2412.0,0.0,0.0,-105.45735415684615,-98.90900850506456,-96.63192817017854,-100.5942187450138,-94.22274813662273,-93.16766042785217,-101.43322548187786,-97.72229486533075,-97.61749066092764,-100.5706500966583,-97.6470405399207,-98.38525034170446,-96.87615905943426,-100.39897179552275,-99.53292720681945,-96.91552660396151,-98.58832231320889,-100.99500392066729,-92.4381215981376,-101.11274727752553,-99.13335235961893,-98.98728716455318,-99.37040928321316,-98.95337244538497,-94.84584791805779,-98.65902289753862,-99.44904432595364,-98.99587839861641,-104.59764684630514,-98.48054172044601,-102.77843278440949,-99.37175830335192,-98.6465982204391,-98.33308560287217,-101.08134076582162,-94.82029324505166,-98.96724921208586,-95.70177659196484,-100.04950999211874,-98.20521139974605,-96.96910898171394,-100.88842427967396,-96.69075237900392,-98.38409544470426,-98.28371747099845,-94.74927804888448,-101.25806132134687,-99.72482797133877,-97.30373128687414,-99.86275941815806,-98.30029359151078,-96.52614748820316,-101.61714144367603,-99.55957785465816,-97.62650391638574,-103.53689894571102,-96.25483326917283,-105.09322356609994,-99.9988135564986,-98.56014671523518,-96.81920204451869,-98.54594660519957,-97.3636479820299,-98.85185618861014,-96.80035757515365
2025-11-02T00:55:50,AP_24_1,2.4,1,ZigBee,2436.8245353094844,5.458547750252361,0.08324911956966637,-110.48769752468458,-99.07640726375652,-96.44765580355748,-93.23620116855307,-98.28959673783577,-98.12820016545012,-95.37875095741644,-103.31234897523518,-98.8323007593467,-93.23102306540186,-103.0635342598794,-98.51181490242192,-94.41882971803443,-99.39263374786165,-96.22014617437036,-103.662581881687,-93.44776976025159,-100.5521097185495,-95.47689906531585,-95.32562127613463,-94.02391895391254,-104.80499089503323,-93.7936977831773,-100.74691990619878,-98.43746617080824,-99.63642044744333,-93.79186639972957,-94.35051743560615,-95.6421066754722,-96.87557088210886,-99.31193209114065,-96.73132708629578,-104.16988202873543,-94.69005177801812,-97.7653881343383,-103.88988065296085,-93.96996163766683,-102.98175907904506,-104.70734464160242,-95.19580191452575,-99.95396362227882,-95.58517441600345,-98.2136241409338,-101.52318820830715,-98.42234764704143,-93.786657459039,-98.7855733874672,-101.59443247803745,-95.89617334457385,-90.00915115949897,-99.53791931751354,-94.15204647517372,-97.39037557179596,-97.96040675563371,-89.93712643198279,-94.5877690351397,-99.7565014247512,-98.56857139757952,-99.62199931423521,-93.58519245576448,-97.40862605049452,-95.78147427204587,-98.08199060491609,-102.70737206447735,-100.16154797756593
2025-11-02T00:56:00,AP_24_1,2.4,1,FHSS,2428.344598805589,2.8609952990279357,0.41656599177164605,-121.09444480379838,-101.58534745596948,-92.10058977614156,-99.45151856495578,-97.20823694469932,-98.03137955171907,-88.97354833160153,-96.20696952184981,-96.18001845042826,-94.32241060111345,-98.88163504538053,-98.37384092200945,-94.92740190334965,-99.11351598771293,-96.36127575356069,-100.24698841575201,-96.69267354784638,-91.68411835958229,-94.14863058653232,-96.92540854378642,-98.37084523868376,-101.85993029434565,-95.20165979115353,-97.83231692448173,-98.04212468988872,-93.7697230377476,-98.18279554639984,-97.207857973393,-97.94011958555495,-94.2073496999176,-96.7135932567527,-96.92667022023483,-94.61254688695948,-91.44894219565691,-98.14491332697968,-98.76539491865573,-97.9817590224497,-97.36547162120382,-95.09932376394569,-97.78195871888639,-100.06019719168104,-96.42417202977826,-98.87458780492736,-97.43581156188912,-90.8139397176653,-96.3129406902854,-93.03121667544467,-94.67878650793298,-97.25613639194067,-95.93798743871119,-89.28114393344512,-94.34133186384183,-98.57824300513654,-96.02210522420084,-92.976096852092,-100.40066811142142,-93.8350343944674,-86.6379410243558,-98.50622315890097,-94.04101527670666,-98.69093564011538,-105.59481734007542,-94.48212075213675,-92.83490758114891,-99.89323830861521
2025-11-02T00:56:10,AP_24_1,2.4,1,Radar,2412.0,0.0,0.0,-104.47574895217436,-98.86993394164655,-90.05027747279568,-91.0909231564461,-94.1012109818725,-98.7902123816268,-98.445944259245,-103.35118146313242,-92.46405777593671,-100.35947031843595,-100.99608972435742,-98.70305570405174,-96.23762600803698,-95.82638335355057,-97.9099801999031,-97.94694317967986,-92.2344597849489,-96.76427505006333,-99.54093826588965,-97.21911094154373,-96.77826312180217,-98.71449178125197,-95.06883017198395,-98.15975532036809,-97.50459259802335,-96.74582901422413,-96.0685494412309,-96.43722034217902,-99.16700304210563,-99.97705421496569,-97.11739772608227,-100.01909626131075,-97.17129058120379,-93.2186081776084,-90.30499708855935,-99.48056747556757,-100.88704304089954,-100.64072008644419,-96.77708679957775,-95.76772604532604,-96.73298083497545,-98.74709372367828,-96.9191715576287,-97.34995942115765,-101.46631767892787,-98.68135976762753,-101.01662388874615,-102.10591301430753,-103.21296888245082,-95.14363830109912,-94.27568671033767,-100.8929584169196,-96.28691674499606,-91.64557175199883,-99.38714718825946,-91.17812275111079,-93.70295447073221,-94.99546681385927,-95.54148696154166,-92.37193916273432,-96.78596356848752,-97.79363545182372,-97.05345956068919,-98.9931455405331,-98.98880844067918
2025-11-02T00:56:20,AP_24_1,2.4,1,ZigBee,2411.6254998615273,11.482112158042924,0.3660687458934815,-115.70023131570082,-95.39930750064633,-93.58588081591046,-96.29127670115925,-96.21071584017737,-93.07356189932773,-96.00861023630259,-100.14168344250135,-98.05369806665455,-97.35686606946336,-93.60046876349757,-95.59812763349444,-96.93921945071308,-96.35543124350819,-97.62246963807702,-100.17069872213303,-96.85264013513132,-94.51167802694651,-96.9901237874126,-98.16098036744756,-100.04317991604124,-102.91400302941446,-99.17608025495129,-97.62096110079857,-99.14819635351988,-97.92910108473635,-100.19000924421626,-97.37911662951043,-101.39557736418219,-98.3087971994675,-98.39501571042564,-99.02923192292467,-105.40702373434073,-99.26836355259496,-96.54658903083686,-98.66940196974991,-99.10560165755273,-99.42031514791917,-99.88733227514919,-93.59558541694068,-99.65941016100312,-104.94528000446425,-98.07389276614003,-102.36509129727901,-94.22019343652764,-103.93376586699054,-99.15504066767286,-103.33896744719974,-96.79970869145815,-99.6104125219681,-95.99572347672473,-100.51664605661395,-94.70568490198558,-98.17290535340078,-98.3521488545124,-102.10044271751195,-96.27743383010935,-98.9760369973605,-93.46840261090988,-94.70358896629051,-100.5330944298969,-98.31592457139527,-98.376697458095,-104.91558275764663,-99.21450125429861
2025-11-02T00:56:30,AP_24_1,2.4,1,FHSS,2411.3745164770276,11.611791740168371,0.7978753131951339,-124.850720569785,-94.75084890256872,-100.81411390635662,-100.7299206205125,-103.06575791717277,-95.86971216313556,-101.88039050890198,-97.10218260371333,-98.89036173042435,-101.88185307711517,-96.86211720256419,-95.80030074521503,-102.59182779577263,-100.09366488306944,-101.39929317375604,-89.93701338128211,-96.45139064482576,-97.05005650353283,-93.68841942450028,-91.92132999385854,-96.26512099073481,-97.83870798188606,-99.72250707689875,-101.68548393015841,-94.91889466506194,-94.65839881517772,-96.32270355220865,-96.80679642773588,-98.36598214589371,-96.9310551236914,-98.48304749228872,-105.27291080135213,-100.20058641784297,-99.26882175066183,-98.71609376621194,-95.65518835369427,-97.5039955398714,-97.44651766096072,-99.87058119603847,-97.07439709942649,-95.5232720774006,-98.16864312097803,-99.47332568759764,-98.96007364766353,-101.40806630750923,-100.10291421811691,-100.12665489589156,-92.87374893500673,-97.71461596752856,-100.02662108902031,-99.93907987123991,-99.62427787669286,-99.10173826744696,-97.62590323279511,-98.92598801717314,-97.54354932101468,-102.9674133735869,-100.87032896205912,-94.83530933849988,-98.90149269183057,-94.50078795904604,-101.79565968051241,-98.77688572901596,-98.99033412499848,-96.37082388587909
2025-11-02T00:56:40,AP_24_1,2.4,1,Radar,2412.0,0.0,0.0,-102.30299848597168,-96.97207555890908,-95.20339471051354,-88.12101230793884,-96.18321977819372,-94.0010061145083,-93.00418193651228,-93.44886933144134,-96.53412745661235,-95.8141619131792,-101.24389423463056,-95.93475670180726,-96.98699369669978,-97.78269611502645,-97.84823352038342,-95.5199182433414,-94.04568633054409,-91.52609449289487,-97.0124897772157,-95.32540672173296,-97.2627247029472,-94.4730754232614,-95.25809187336736,-97.74995391711306,-99.58289010711736,-100.23473985470207,-96.2484912258286,-91.33252820631998,-96.74297149848546,-91.973383460216,-90.92407328388735,-99.9959207682274,-90.76391767289124,-93.26694687683705,-97.86335361660092,-95.31514826006999,-95.55269076730914,-96.40757766154032,-101.11174073159678,-95.60548803189857,-91.97910130432236,-99.13401526127478,-96.47349734277816,-94.44076754979075,-99.72238105010854,-96.47510167373729,-89.8830150830111,-95.54921932945544,-97.11897979696113,-93.70355273777784,-97.0035659896667,-97.86279041585492,-94.04958100713877,-100.53438938382274,-92.61838455177451,-93.76814123966312,-90.30143956149128,-90.17159191957697,-96.36647565350884,-92.86726710713235,-85.65895201546783,-94.60184156675496,-90.97867027957014,-95.07323067206839,-99.19920729239175
2025-11-02T00:56:50,AP_24_1,2.4,1,ZigBee,2439.450926370872,7.015631422826867,0.7383606951719948,-110.8610679800792,-96.7459665308253,-99.75063398101304,-98.71483711871042,-100.08079685685148,-98.01812151785566,-98.58215291551456,-93.83909652394026,-94.3801764092128,-98.98910491219928,-98.32125668932518,-99.03786081645858,-98.8479465116745,-99.89513253491326,-99.8291098873943,-100.40805290623517,-94.29210489363922,-99.99400136252902,-103.29048414809824,-94.94340952354995,-100.34560339623417,-96.50332896736191,-99.04682930234796,-95.70314475543007,-95.2195099973209,-103.6442291756712,-96.38159624808144,-96.23903877660143,-101.89895631901491,-102.22179184660904,-101.49268884975965,-97.5251628206094,-93.9062809735438,-102.15066249326634,-99.03261715536092,-96.68752915516872,-98.62556144635664,-97.87365105537006,-98.43884442379625,-96.45840104278776,-101.4873644172167,-94.70949418931268,-94.76088355648768,-94.50202747254724,-92.42561904414822,-102.20684927091907,-99.44361744199473,-96.21975020629871,-96.52262249562777,-93.1414922733072,-99.84221082216482,-98.81885224047949,-95.79001758975532,-98.60934499518143,-98.5957404123297,-97.52624696792931,-98.47619193169807,-100.58560290770087,-97.05752991836441,-92.33182848489625,-96.72248501478761,-96.32454229294345,-100.55435768494887,-104.37462438207555,-95.86287599536993
2025-11-02T00:57:00,AP_24_1,2.4,1,FHSS,2425.008769000329,1.5968783204842276,0.6035226567253036,-131.38318190947825,-99.69181585054542,-101.31434350176578,-100.01476295877104,-96.94389449619699,-104.89842097119008,-96.1728643131868,-91.9020041987179,-101.3667758842967,-95.21542226315132,-98.56594048267154,-100.0075223143217,-97.81326377668553,-95.75288355285886,-95.23121617779086,-94.83651403598077,-96.74773325355284,-97.60751141274665,-100.98703239166855,-101.35020920112103,-100.73972794874521,-99.37414698190463,-101.75118587454931,-99.43742027513736,-100.02118914829965,-100.38964570699703,-100.99816373517432,-100.71725737689542,-95.99392890485436,-98.00306748221377,-96.33141041117678,-99.05641836058746,-103.24198269847308,-100.81879368105373,-98.16033290954984,-102.72677836093918,-100.8933191576081,-98.82232367121163,-99.87551679262023,-100.43971279227647,-96.96075307105883,-104.90750131207447,-101.47695033401988,-98.41395249396979,-99.57589792789697,-104.235083649975,-100.94675752877974,-97.9901449060866,-99.51415185811847,-102.95688475093162,-102.68930682395023,-97.81512569371945,-100.41127980442116,-95.2610476418881,-99.70994197377675,-99.18916087215113,-96.34712892965632,-101.27323702110537,-95.85931127884568,-101.09157372098412,-99.2562427534805,-101.57968212375135,-99.94850077070667,-100.58351268669976,-98.95652208722093
2025-11-02T00:57:10,AP_24_1,2.4,1,Radar,2412.0,0.0,0.0,-103.90746068287717,-101.97107672404906,-93.89046839611414,-90.99532646070075,-95.94814185802197,-96.45450794596616,-100.1614215782738,-96.88743306260022,-97.36051135443569,-100.14251400115221,-93.36635911857742,-95.06713399627125,-96.45145420883314,-97.13995681988443,-98.15539317786386,-95.65111005883684,-96.24421173689124,-92.47140942416239,-94.29953079208192,-99.1052547675948,-97.98656565759804,-99.27199545286165,-95.43139503035546,-99.34263813834734,-98.24137570665995,-92.99059171198212,-97.63430566249106,-94.30539182524447,-93.72505750463199,-100.8163361313507,-100.6121951420093,-98.9876692864961,-99.66266773444379,-95.425336887153,-97.03745934643176,-95.7619164690347,-97.5246558162649,-99.77757316520275,-94.14564026729363,-94.17791120392243,-93.16074550251784,-94.47956894292307,-92.73185209642878,-99.80556715396128,-96.03194928508682,-94.15780782138614,-95.01718119678395,-96.81875230678371,-95.95532029677533,-103.55861219767789,-98.32917998116558,-106.7362915323286,-95.11844920899341,-92.3234733202275,-97.46004516486097,-95.25409553831174,-96.61140334587238,-94.65788078224111,-93.53006849083164,-95.41821222810059,-95.54958841523124,-96.28101769196064,-95.4557322314748,-97.6040581238435,-94.25323677480527
2025-11-02T00:57:20,AP_24_1,2.4,1,ZigBee,2389.600223927426,14.66613520615497,0.7477921723546037,-108.1082049214818,-101.01924845207859,-98.59747044382996,-96.13355029618869,-99.66077426453853,-95.9366501993696,-96.2255059873033,-99.13598715054955,-95.70083695104461,-94.44468406871204,-98.68601925107772,-98.31683684471373,-100.67243039833843,-100.28889225287169,-97.59606026147395,-99.92547492026101,-99.07693482346296,-96.61706843465939,-99.57131685475753,-100.0217828515618,-95.67221577067328,-95.83251234319165,-99.71982234187719,-96.3795793336811,-96.8434529068529,-100.65830181583642,-98.27928355565126,-99.56337641369252,-98.1103342824496,-94.65830249980864,-99.41993707435554,-100.22412451400571,-95.58203609229479,-101.873184571457,-97.42053958482903,-100.20791424467971,-94.56954350437123,-100.16219699318525,-99.37409126247017,-92.44329809369088,-95.18429594683826,-95.90607796944158,-94.63455711731265,-96.22887597148069,-96.75609783231769,-91.84316948336311,-97.8137147313984,-96.32663095612713,-94.23644979356689,-101.64303832407562,-98.5390295471876,-96.31378226776334,-95.99664928755008,-99.7673070635369,-95.0067158336454,-99.8407447741364,-95.71242254766223,-102.99797138645259,-99.55024817601006,-97.71144261426517,-98.98781061308567,-103.90715043676077,-96.69892276679064,-101.10123575877195,-99.4514651880154
2025-11-02T00:57:30,AP_24_1,2.4,1,FHSS,2386.9015120694344,8.692009351714795,0.32610689653509106,-116.3455707088132,-99.17038170096919,-96.78893918215404,-98.46747397755665,-100.86623826547245,-90.24196572266024,-94.80761497266701,-93.48623176425,-96.94946943814755,-101.11196335011834,-98.57533329244716,-98.92119225462162,-105.99004579290907,-95.00810780642983,-96.66118818396531,-101.29066402021246,-99.9298191231524,-90.68626447110032,-97.53385130632228,-96.96145947433556,-99.84390128910677,-99.54662692748543,-97.91649215323699,-99.66903658107242,-99.74374549002177,-96.84158262099373,-100.73813843215835,-96.14900330757716,-102.10176678756427,-101.07930725360674,-99.60347233177042,-94.70754463216312,-93.86144380592046,-100.64901491029288,-95.51268027749913,-97.80132402380444,-97.7653507110913,-101.92386025657702,-97.50557248796345,-104.74441509254873,-94.70138626784176,-99.45621071297033,-95.35538274508363,-98.01298462716314,-91.87346582881197,-100.23057912004117,-96.72608855348881,-98.05603112282547,-99.95013387771341,-98.6755693293998,-94.4078468334994,-93.87230352056892,-100.0168649065043,-102.40289566578363,-97.43389924906147,-101.69571289249936,-93.27764586540778,-95.75745962443737,-97.1953684498781,-98.24503279071348,-93.00882854461676,-98.43407562341751,-101.6713169227446,-102.59507340132524,-93.95724778068546
2025-11-02T00:57:40,AP_24_1,2.4,1,Radar,2412.0,0.0,0.0,-103.11813318535394,-97.92976065240909,-94.78735624600024,-97.94631236290495,-98.42076564104076,-98.80091825238236,-98.4717219027463,-93.02034058030333,-101.77520544150792,-96.88027104641515,-97.9471915180851,-99.60620628920032,-95.95842636868332,-94.1364133564021,-95.21943866386157,-101.29039477325603,-97.01224836550023,-100.24055895298515,-97.97607434445393,-96.54659847589738,-96.83306253474001,-94.51785109298649,-96.83339131364687,-93.35599626644392,-95.07164336784126,-93.60409300107946,-100.95719998152029,-97.15641165992866,-100.35707767176179,-97.0441976864053,-89.79230544437749,-94.96116193978582,-98.01855271069336,-93.14987908657656,-97.35657911668592,-97.07470771074553,-100.14176477197388,-99.02402133080813,-95.60704716689594,-96.62977453547762,-96.3060771798065,-97.31459520263837,-94.82907414886385,-91.75278852630566,-96.78454658089524,-102.78908184150974,-99.04206793369869,-92.42212693512093,-95.7846986701643,-95.21234487782668,-92.99592396768738,-95.67685589589918,-96.41083242024195,-95.0317405515601,-99.85252699999094,-98.48612374654874,-97.20557884194567,-97.72319662426756,-97.32817918109909,-99.94750025461859,-103.71751677100916,-98.48198281414997,-98.2783319061285,-102.2562162740082,-95.77359699766167
2025-11-02T00:57:50,AP_24_1,2.4,1,ZigBee,2387.57246970591,15.391035039830472,0.6552406547639437,-123.58650104762981,-95.97035840053576,-98.69370514905808,-96.76274839279927,-99.38696943270833,-97.7815644758942,-95.15425746481148,-96.218352924633,-95.49396193492312,-100.0480846102256,-93.71670325416572,-98.62319536027343,-95.2642522866811,-98.01873727537745,-96.92822073498749,-91.25801942276449,-97.36923152344853,-100.86664833861842,-100.17256612537365,-95.69083291362298,-99.50746640219789,-98.8817473439406,-96.72220181749931,-93.1321079516035,-96.32992564688442,-100.7572290099027,-97.29043425319601,-97.59518609810276,-93.18896117505834,-95.43153824124009,-98.93944841999586,-99.81018720226201,-96.81815965743114,-94.1695364859733,-96.67251548744983,-95.82416417489941,-96.34099361361612,-95.67455293402725,-99.4366773976829,-98.36529586564892,-93.07698258405338,-97.34241930112557,-97.20113655591898,-93.87824894879414,-98.50113795061525,-98.3044323524299,-97.94123851342862,-95.57489630573423,-98.25204987124621,-101.03254329109485,-93.86743231683522,-97.99913552925665,-97.4038516243765,-93.39469100508022,-95.76329427332696,-100.80624824480819,-97.55875340274473,-94.58582076232203,-93.93777754277147,-98.48450565492628,-99.57462211628112,-97.36963562924949,-101.57842580353824,-93.21514818853552,-101.79086696726971
2025-11-02T00:58:00,AP_24_1,2.4,1,FHSS,2416.7810036226297,19.081360088275183,0.6028957626477278,-129.47881079812677,-98.4371249226254,-99.16211191191164,-99.03450149041772,-101.48250648006754,-95.89009680701558,-103.53805055017436,-97.34589534147412,-98.30034036845228,-102.54255493690421,-104.02236698646146,-95.94084947287087,-102.76110863689674,-97.45714056296846,-97.0574948813229,-94.4717271886672,-99.32324099155491,-98.9981104192433,-102.28441607465312,-96.72776627604128,-98.13186841254196,-100.99137868899588,-100.48678649135404,-102.01090638542206,-100.46930038800284,-101.25921982040923,-102.50989160462507,-96.00732225651248,-100.62186624341378,-98.2917809954435,-99.1534947995636,-103.97171637366307,-97.42437172784328,-100.10654224045274,-99.23251756453597,-100.28721986721014,-97.07260266235971,-99.41703443215364,-99.26539751057169,-101.15202111162814,-104.35782468670786,-99.70660367494756,-100.57968730290536,-102.61233515880424,-97.19831522149833,-98.69525849626342,-97.7904624907939,-96.95501989646522,-97.9937139532004,-95.99950509410569,-104.50252803070147,-97.86276698001659,-99.30362736010257,-99.20488422770558,-100.18792033249748,-99.89374927993173,-104.28112996305519,-100.82291455889937,-100.4913351076234,-98.6073627421448,-100.08273952784263,-97.68038703042308,-102.18712342954684,-96.6727446819124,-96.4583696289443
2025-11-02T00:58:10,AP_24_1,2.4,1,Radar,2412.0,0.0,0.0,-103.93387003267605,-100.16118173770967,-100.25421970737476,-97.05821913556153,-92.20813336075831,-91.41897739651024,-98.7893568986658,-95.21134061967909,-89.63072867056425,-101.4926644959841,-96.62730369871403,-97.1853871832026,-99.29614979561319,-93.03524844202555,-92.7424106160629,-94.3674521279747,-93.33278663611722,-99.21332317674167,-99.75222525385017,-97.62578462214071,-101.99384271998885,-94.39650992469942,-98.41319500442015,-94.86823213604869,-99.52089019591952,-95.81800615064003,-98.03717415937733,-97.77010671901638,-91.85247581580151,-98.30219592359151,-93.63509731510699,-89.69669929015667,-91.40030889290054,-92.84854784327155,-98.40392140683366,-97.54580887544259,-96.09273013026784,-97.06207231817712,-102.21830964140617,-93.938585241758,-97.68475863748064,-98.62937188869459,-94.7295540311153,-95.6750465600204,-91.65508815701324,-95.82868949688789,-102.01508852220856,-99.59025423382145,-95.55015662550667,-97.02380260062198,-99.0223411184861,-92.8123949289265,-93.92920279326151,-95.26340386343102,-95.46261399943286,-97.12287303519392,-102.35937773153121,-94.63858702601166,-98.02809588387215,-92.56528890685979,-102.20494955599422,-99.53781410780876,-95.1912053452982,-94.96150237249098,-99.52243802432226
2025-11-02T00:58:20,AP_24_1,2.4,1,ZigBee,2422.2572670196073,8.060308653472008,0.508546784066613,-122.68582608963608,-98.70352519437417,-98.67507649938459,-98.50306177710087,-99.33608348199533,-96.33932634079757,-99.60982169589634,-103.59419448808858,-101.67443947992007,-95.57399814746218,-97.30054165474856,-93.18340851230718,-101.24493760890331,-96.02882249262251,-101.4601147514486,-98.71252539741768,-97.84942258896358,-98.69879951421758,-99.37515866424121,-101.74211751871597,-96.60925574779453,-97.29763551799974,-100.97453602255703,-100.15843889576999,-94.26908234090473,-94.89879927445293,-96.24529817846388,-98.46704493863677,-94.89771575121502,-100.58811292737353,-99.53280366758236,-99.88137629347308,-98.97603079011796,-98.73054948524936,-93.29802330022454,-95.57454618390793,-98.57942781224688,-95.31917489168619,-95.45749720396358,-95.77400489964731,-101.06669482616,-93.38516398568296,-97.62192571391013,-100.06293474500912,-97.7518848471853,-96.5841486182976,-101.96638530755956,-99.55197037304653,-95.22637168879048,-96.84085432603852,-98.48893822881952,-98.63248830812387,-101.2040281271481,-95.57293049377427,-95.3508277342624,-99.0852840936782,-100.88001349907628,-99.70410360867038,-95.954384844428,-100.59522358010652,-100.44569621218419,-92.99596312703133,-94.0136868554803,-102.17997185375671,-103.17366090946359
2025-11-02T00:58:30,AP_24_1,2.4,1,FHSS,2430.3209285898383,7.155468459752874,0.6346076488704251,-127.15693186696211,-100.74697329401704,-98.59073527344802,-96.48697149935204,-96.78434768141588,-96.0987374351818,-97.33798876685726,-93.89356534389279,-96.6232011768185,-100.87285774788002,-97.79724763229544,-99.54486308143775,-104.7524505186274,-100.36111815001173,-95.39963352823817,-102.29112043587511,-94.8379783440076,-94.47379710222779,-97.38441230114992,-95.07071433765783,-102.54811591923136,-103.03427732800854,-99.97143229205112,-97.76328026353939,-98.85711409208713,-97.8699615051929,-95.9443061276418,-94.8083085002516,-99.8410668050361,-98.83197430967277,-102.75092366716154,-99.00915610640806,-100.02034922191355,-97.14988773585067,-97.58496676140946,-98.50235559667209,-99.11193253426744,-101.45075419861222,-98.52836711076418,-98.88624540798214,-93.77453681464841,-101.48525389323969,-97.95558646764059,-96.84859168915062,-98.43032195982455,-99.38230931555623,-98.14144087071568,-98.64336822332626,-93.35870752192004,-99.55651836168683,-97.26711106775443,-98.72781980965355,-100.10697123087853,-95.10885248885307,-104.36805956332746,-99.49260405617608,-97.22965525572654,-102.04775912137941,-100.19165639123379,-92.56547523598026,-107.70869126916675,-97.12932755818122,-96.81083765500695,-98.64665275583597,-91.90812520224694
2025-11-02T00:58:40,AP_24_1,2.4,1,Radar,2412.0,0.0,0.0,-105.90184864741916,-97.06456394961323,-103.87185949322217,-103.35629656287124,-99.16590490394196,-103.31214246518326,-97.56959488599038,-99.79942750851835,-93.4412299273802,-99.08084262659321,-95.9861470205534,-97.72700320780511,-99.96986089872905,-98.56371926722554,-99.45160227194152,-100.83634524371342,-101.95467720716809,-99.99364698975364,-99.26290277975495,-95.96321452189135,-98.62097809797524,-99.83737342907318,-99.86741704263257,-101.9738699485973,-102.99843215957327,-104.21400238303929,-107.77488743272448,-97.62019959850728,-98.88604550466125,-100.3806842603825,-101.79556631969251,-103.15133671271307,-100.68872863757043,-95.60795467200177,-96.79717617394886,-104.74705336345801,-97.98714350835088,-104.06201694340366,-94.57505316904039,-99.42827196863976,-104.6744622078776,-98.41119189223893,-96.26522318606901,-100.22517559496244,-91.92148351848078,-95.2975139248974,-98.5384282697309,-96.9587408364589,-98.2243545056362,-101.35172383083946,-99.71004148140278,-102.52624179013814,-96.83291047280083,-100.28748332031199,-104.1748577260749,-97.60320176131385,-96.13023634249303,-98.44569035196031,-95.70176585421565,-96.40203859955686,-105.13109628629196,-95.04067354758794,-93.55954012291959,-104.28091549454226,-96.16592329614026
2025-11-02T00:58:50,AP_24_1,2.4,1,ZigBee,2428.160885679633,16.103235237439808,0.3711916085305165,-125.58405704511608,-93.68601859034209,-90.50475124551481,-99.85119135570991,-95.94618884053816,-97.02153609546352,-97.49117330828327,-105.71503104424704,-96.58746237517468,-97.41259833330777,-93.59592835937899,-98.22460047986326,-104.26583254713563,-94.09221074093284,-98.35490139460212,-91.83381859584318,-98.08397295121927,-101.03098777938831,-102.48763351005671,-96.1587978661349,-92.52988265573296,-101.0674314734884,-94.67128250050605,-98.88263105302009,-98.19485666726192,-93.49326704146941,-94.59949394585985,-102.54952487515835,-95.56672790085277,-96.99747479413604,-90.12426502504572,-97.14698233994072,-94.83446471686663,-99.55517004877264,-93.63440169868105,-94.35654905825679,-91.74196768928476,-100.55313155607301,-97.78833377492649,-98.64548953755362,-92.43076078057955,-97.0100730456095,-100.76382385444262,-99.42757102235495,-95.60842971210377,-97.71726852799286,-97.38370562945191,-98.13045592447111,-91.9994845802952,-95.18016620406361,-97.6290091935251,-92.62525231540411,-98.18616733332551,-93.75370790762913,-92.20175120527242,-100.39959256135525,-97.34847045069777,-96.84364459048633,-96.19571489751128,-100.01298578267422,-97.26013071540399,-97.11809198289968,-96.35254091351436,-94.53584708233358,-90.24671591262485
2025-11-02T00:59:00,AP_24_1,2.4,1,FHSS,2405.070149685964,9.932504171288105,0.24436837287960256,-106.58852522134538,-96.97946578807506,-96.32967404681624,-101.88859726834463,-95.74327682541237,-98.35775570021416,-92.77488744197521,-95.87112957703987,-95.59221716056295,-99.92525773467223,-96.18154430091816,-97.38254637791601,-95.60402127790157,-96.97565358038295,-100.49460213520754,-98.89222131721536,-96.76095208121484,-92.7192044016994,-102.88094670866674,-96.9050018067461,-98.74389342034551,-99.89344727422944,-92.98155341317555,-99.04850554479789,-97.65717719728727,-95.97587426216653,-100.41766914096715,-96.02326474740524,-95.1174180503722,-95.63657735287579,-98.64494133782829,-98.99949185287156,-91.85849187132187,-98.2389749522345,-98.82099269187937,-97.02997552216009,-97.30753891501287,-97.33850764980215,-98.49237851514874,-104.27719017263935,-97.70339755288609,-103.28235801923552,-100.42384623606954,-94.67494549919341,-99.93278187333927,-100.35641241867206,-96.6976288565649,-94.55281116893026,-96.83982447085167,-97.23008669691094,-102.0780566446233,-98.68403979922671,-100.7249103728008,-96.62920828300655,-96.4834708751248,-98.83895088438258,-97.75146786179499,-100.94825697585836,-104.37917428189807,-92.78161972678535,-98.12394538376498,-97.5250741813462,-97.33415904293086,-93.52364095047358,-96.03073614210618
2025-11-02T00:59:10,AP_24_1,2.4,1,Radar,2412.0,0.0,0.0,-106.0225885379511,-101.68796243253352,-98.2190184556456,-99.73227570899628,-100.22704745818001,-100.90515443844286,-98.62023453529592,-93.49855080964514,-100.13923938713933,-95.13327395710698,-99.35179762120875,-98.7667580937606,-97.98871691424978,-96.525117638477,-97.25853473208264,-99.76585933309683,-97.75097197773782,-100.75695767982931,-95.41187985504264,-98.33839638046281,-101.19128430012334,-103.16002593545805,-98.17301496056794,-100.63108492390009,-95.65650428030743,-100.00834668367743,-96.5694633988548,-93.02748992890473,-94.51854163594041,-100.6086885883549,-98.77848173522777,-101.7876645330385,-98.89944830554897,-93.35507130351775,-96.33214849223307,-100.87335179562798,-100.89956383405826,-95.64500116819202,-97.55796206332579,-96.52422680955554,-98.58118585239237,-99.62899722102433,-100.09334850376239,-98.47897064856748,-98.97630543901691,-101.05712999000501,-99.64846829360519,-104.75490198947314,-96.82723229203211,-97.62294940802344,-96.37071826630194,-99.76507341547044,-95.37053798993531,-99.5360980965529,-95.68899146621716,-102.9514401509024,-99.00834962068248,-94.76132230967566,-96.30010472818886,-98.68273000971914,-96.61166818084546,-102.60614445396962,-98.43070727856109,-96.79028016881179,-101.71634296955801
2025-11-02T00:59:20,AP_24_1,2.4,1,ZigBee,2426.270141596833,6.508545200543891,0.20823760473261882,-109.21948538985298,-101.3311478119154,-103.02708939998618,-102.06019895380061,-88.93542136820002,-96.91414857901971,-98.40094384306796,-96.39252994940843,-95.66056324490005,-93.20571484635988,-102.58839858315206,-93.15165918263345,-100.83925057523551,-99.46078765873659,-99.26978898142993,-96.39314026336056,-99.81585194763942,-103.16691003369749,-101.92253390267216,-102.18383818285548,-101.13236835079319,-98.88164811047092,-92.22756615403252,-100.40070489827097,-96.97017477817016,-99.22360673847663,-92.59668819641738,-98.15939983601481,-99.38547120555948,-99.41160142235803,-106.58389626424992,-104.4046393561177,-96.57807875017693,-99.38605029222546,-98.71826954085891,-98.57328291828377,-99.40751897256825,-100.8366827325747,-105.85670558522311,-97.57101000753003,-92.37042314087279,-97.77722379577995,-97.19914804952303,-101.10808428437753,-100.15891379437738,-97.44886082651877,-98.1111299900587,-100.93615198466375,-99.29023831120587,-101.2982127809307,-96.00617186503062,-100.24176223623812,-94.02977007224601,-94.45278407718017,-105.79947942020067,-92.20337526531468,-98.702114965713,-98.64931694945915,-101.3657600311402,-99.28206890231807,-95.39919940985824,-94.45885557689772,-98.33734576533986,-106.16246007741314,-97.94394876558988
2025-11-02T00:59:30,AP_24_1,2.4,1,FHSS,2439.0507139720503,4.008015831342949,0.5669571844527956,-132.18814047394687,-97.38306879281984,-95.40966430152051,-95.22957286146006,-96.163010955837,-98.99115066548173,-99.57471918950053,-98.62396237527248,-99.47937838676101,-93.39934762675922,-94.40599160783235,-96.43638240721776,-100.15790563131218,-97.7295875144381,-96.34796098442719,-95.96253394097181,-95.984492723092,-96.59999288024035,-89.48984913630942,-97.52256736781412,-87.10150188410742,-94.67336867961683,-100.9918415983786,-95.23462837722766,-93.32262649227758,-99.94643752534306,-95.46000359074425,-97.54497827474665,-95.79527724778,-99.25209805487522,-98.04626133019673,-98.66083904043836,-93.7920542395052,-97.61202654003618,-100.60004588224314,-93.29671915191432,-91.87545430337954,-95.86460485379149,-95.2097123094227,-91.40582924821231,-99.27077522370202,-96.82274709466766,-96.50859143179828,-86.68452334391417,-93.3468022442977,-98.21217928422503,-103.72140482524388,-95.84272608526145,-99.65245759963013,-92.5144701636201,-98.0621150658628,-94.19332899082006,-94.9300837229512,-96.58502464345212,-97.64422332583045,-95.68537240467039,-98.16010202641992,-96.15940389957618,-94.33692272183615,-97.59500466468393,-96.81740945678979,-95.58034311477074,-96.98118788783057,-91.26970668186362,-97.91666139723893
2025-11-02T00:59:40,AP_24_1,2.4,1,Radar,2412.0,0.0,0.0,-103.94414881971532,-100.07334402374651,-93.90006933739899,-93.94239970460507,-91.90508657392242,-94.51523905565291,-96.21405427153913,-101.37543233602644,-97.90318899317506,-94.76954155145394,-100.4758183492152,-95.69550839457455,-103.55620175098012,-96.60750650703268,-96.02767357157353,-90.78973221924367,-98.77840929859269,-98.13928466961532,-92.78544364370818,-96.09107282796292,-99.78098879525331,-99.03400481788543,-99.2339587226085,-99.00382496574845,-91.37378702643154,-93.12939326092162,-95.38932200908685,-95.60942569487064,-95.19895672698449,-94.67419992497327,-95.09435505022554,-98.43477694770026,-93.829260462411,-94.89183457850412,-97.58973020445967,-98.09099446384391,-97.41211921208706,-98.67015660630291,-94.44827437534354,-97.31691997129633,-95.55825413924008,-91.84019219679644,-104.3294718206955,-100.63402124453266,-98.87904982245921,-99.69092368952109,-98.08706729893724,-91.29295375053806,-96.84040839349765,-95.43342313142755,-90.76285204024327,-98.58557222545133,-94.99586419442937,-93.0296323589251,-92.23680526733077,-92.63170158325973,-92.12870763143853,-103.35779518145078,-99.49851133964845,-95.69324525415726,-100.43808079570371,-97.18372775335696,-93.34188273755164,-95.90786530187592,-91.62095442685421
2025-11-02T00:59:50,AP_24_1,2.4,1,ZigBee,2390.998040764559,12.763278246884838,0.7972028254054221,-115.4804019720568,-91.27022618008289,-96.68189409780277,-97.2939627960298,-97.74893893136804,-96.82546907425024,-97.06270411511308,-102.38967591172549,-98.55970898637142,-97.09328736841401,-93.83737513646335,-101.08972901402579,-97.57927319478458,-96.95114490353302,-100.88316922927656,-96.54751103185968,-101.15982587370749,-102.44401648900514,-102.16421933360327,-98.01423833365486,-94.17012265086476,-99.71246551191634,-99.43703527472776,-102.02881759245417,-98.5486780822509,-99.36427193719004,-98.1071598733814,-94.82493480894962,-95.99177810089822,-96.80234513567443,-100.7507413262683,-93.61594116627109,-94.17927180813146,-97.97795648691157,-97.3909241377094,-94.46526748137997,-98.73263883594748,-98.69490083120695,-94.11082490671417,-96.39773108306713,-96.81247015192221,-99.3847117287359,-97.5934948950381,-101.50664346132379,-100.2131021673526,-96.2939849940223,-97.27118027680575,-95.58905874081417,-92.66336307621924,-96.11904748200021,-101.22384945764982,-99.05671535888507,-99.3184037405336,-98.36756068722087,-95.96149748873826,-99.80518674157894,-103.40590721145378,-96.29059477758699,-95.374720679649,-95.68848155880174,-97.91065060587242,-101.10591997092338,-100.32931923153338,-98.89853137129379,-100.60081255174613
