timestamp,ap_id,band,channel,label,center_mhz,bw_mhz,duty,power_dbm,fft_bin_0,fft_bin_1,fft_bin_2,fft_bin_3,fft_bin_4,fft_bin_5,fft_bin_6,fft_bin_7,fft_bin_8,fft_bin_9,fft_bin_10,fft_bin_11,fft_bin_12,fft_bin_13,fft_bin_14,fft_bin_15,fft_bin_16,fft_bin_17,fft_bin_18,fft_bin_19,fft_bin_20,fft_bin_21,fft_bin_22,fft_bin_23,fft_bin_24,fft_bin_25,fft_bin_26,fft_bin_27,fft_bin_28,fft_bin_29,fft_bin_30,fft_bin_31,fft_bin_32,fft_bin_33,fft_bin_34,fft_bin_35,fft_bin_36,fft_bin_37,fft_bin_38,fft_bin_39,fft_bin_40,fft_bin_41,fft_bin_42,fft_bin_43,fft_bin_44,fft_bin_45,fft_bin_46,fft_bin_47,fft_bin_48,fft_bin_49,fft_bin_50,fft_bin_51,fft_bin_52,fft_bin_53,fft_bin_54,fft_bin_55,fft_bin_56,fft_bin_57,fft_bin_58,fft_bin_59,fft_bin_60,fft_bin_61,fft_bin_62,fft_bin_63
2025-11-02T00:00:00,AP_5_48,5,48,wifi,5240.0,0.0,0.0,-105.60687929887465,-94.36905559696595,-95.79597967313163,-98.39299545838233,-102.12215435452448,-100.406895123008,-99.2657727546269,-97.8498418048503,-100.04187758337284,-101.4140788964277,-102.17147536623565,-103.56041257604124,-99.31173141019835,-103.01587562508556,-101.60845635134682,-99.78858491740755,-102.61463122704895,-97.46762273337855,-96.38621010805758,-100.25516035820084,-99.91796122170464,-96.9945899884574,-100.74886459057868,-100.95508103366653,-95.01738386431578,-95.95431608273628,-96.80222929184289,-95.82994543469236,-104.53871547497674,-94.54537265849532,-97.43069294912343,-95.57453514685744,-97.44539396152555,-98.46010482483418,-99.43280693596081,-97.50544616821603,-99.5421230255883,-96.0032509986793,-103.36624923253125,-100.23160688425747,-92.4724095534447,-100.48512068959182,-99.32293046806508,-101.25462209892487,-97.59934228021717,-100.81567396930123,-99.1637121032958,-96.06027969076943,-100.70316955531909,-96.24104594107898,-96.14019135219358,-95.44201101471677,-98.18525631412052,-88.8831020679443,-95.4432782092484,-97.63224642565416,-101.23465254111986,-98.89805667649706,-94.32789836817454,-93.47827545199584,-94.17189199755396,-96.25130237868579,-102.37385991776137,-97.14539384539763,-102.33108643303363
2025-11-02T00:00:10,AP_5_48,5,48,wifi,5240.0,0.0,0.0,-105.12512773697155,-94.19684883113501,-99.69849037545866,-97.55909929189298,-98.42240868424902,-97.94968946779665,-100.7807245839834,-96.39739273323202,-96.87123490942307,-94.26945688620616,-98.1552052929319,-99.36064626171596,-95.75724460313944,-100.5077408817706,-94.87017413171968,-94.87660174473044,-94.35329103356833,-96.99525878293306,-99.58461688476484,-97.79756455805546,-96.98492105173393,-99.80555267253517,-94.1257788701959,-96.38487523426592,-100.80179660293757,-92.47650670757422,-97.83295991146102,-101.4074368655215,-100.61589010521337,-93.66177694547551,-92.65017298832109,-95.09667257652879,-94.16720179121015,-94.47528136057572,-96.45437927867935,-97.13800237353877,-96.50553815354172,-95.91708140754167,-100.34992175655074,-95.92925154903521,-93.7492771950805,-98.74424502195865,-99.06487109293694,-96.69548880925555,-100.07410038819596,-102.07558358685407,-94.68197061665602,-99.47798151704185,-98.06978200081092,-99.95550285999575,-94.29486329223255,-95.5655992621195,-98.84734636043265,-101.6648198312598,-99.16591715154615,-96.41466963712242,-97.55922062473225,-97.79783360361559,-97.49003145856211,-95.84873904247706,-98.25070534916668,-96.77508738559304,-101.08588536020685,-90.46357540604558,-98.97670569492031
2025-11-02T00:00:20,AP_5_48,5,48,wifi,5240.0,0.0,0.0,-107.39360766029526,-98.82929951100274,-108.15501635298278,-105.599838137791,-101.1844187397171,-96.32547676584036,-94.73032500464436,-101.63710013078433,-100.90554859255651,-102.90420493214918,-98.4939884606369,-95.80801890681347,-96.62554544815511,-100.48060949826152,-102.90920277570093,-100.3690166473658,-96.25124754699453,-101.59515895533511,-105.83989474833852,-101.47363542024766,-101.23068492076028,-105.85750214410375,-99.6974956643003,-98.87559367052907,-94.81392981584032,-104.39073853082459,-98.20204336642897,-97.49309920676762,-98.83474486748933,-103.41401255882764,-103.5883877025228,-100.10201740344381,-100.12307468075639,-102.07190913418138,-96.51869661969549,-101.59586240777143,-106.07470989265236,-101.06577720380977,-98.95278761555814,-99.36772420411212,-99.39093989887542,-95.91164061722523,-103.73797937540164,-101.66473270534729,-95.75844554626406,-106.29565732118812,-100.55469100190356,-96.70684431458416,-96.75155890749308,-98.4132585417562,-98.33728975501018,-103.51667702946067,-96.27407640850771,-103.99379279415264,-103.81484671841538,-99.22998526680402,-101.87265114744686,-99.77351756317599,-99.10130642245458,-95.05927844216862,-99.09243390359603,-102.24921057277064,-98.36414378573686,-102.8888702605416,-97.65414108716713
2025-11-02T00:00:30,AP_5_48,5,48,wifi,5240.0,0.0,0.0,-106.83934679871136,-102.26187334099905,-99.89459219333023,-98.2287138282061,-97.75665310853952,-103.65700172508963,-102.44041257028475,-98.00499656239867,-100.94249648835066,-104.0313923252955,-100.05227700223352,-100.19626131708267,-99.30860185478465,-98.25162283586947,-98.4423927214613,-102.14386608223714,-101.07183220484984,-97.05598071884788,-101.4689013998405,-101.02462297468854,-104.3521540394799,-99.92538820901507,-98.8035354044297,-105.76582645405219,-103.0500979434907,-104.10453000519149,-97.47429008761013,-105.57640061905151,-100.07540059004941,-97.68576033387471,-99.2758818513533,-101.15922278902822,-98.79994163838435,-96.72842689721794,-100.16218163037392,-106.55615849751327,-96.3961484222744,-98.63855283353044,-99.93857589373864,-105.78046234341932,-100.7342726082125,-102.46577848888151,-103.48818458760478,-100.24869509081202,-101.44724745520426,-101.24964320664625,-97.62046769892305,-99.07263037835331,-101.3258912680607,-101.70649046126073,-101.20392251009032,-100.58167948901438,-98.08719624558383,-102.96702718759086,-95.46402914619456,-98.08503082532845,-108.05313077133326,-99.58329909542573,-96.71713686858398,-98.67322907422896,-101.07636967786584,-100.02262213764621,-99.3043869541983,-97.53058203484142,-104.08463134308246
2025-11-02T00:00:40,AP_5_48,5,48,wifi,5240.0,0.0,0.0,-104.50720394028546,-97.53892053857913,-98.73927231874887,-100.41048996485434,-99.06551861424029,-95.36349054202059,-94.90162867490373,-95.48065970638122,-99.50060698692292,-99.48442866265151,-91.63781180795387,-100.00318289361171,-93.25762994041096,-96.2934757956097,-99.70500075759689,-101.06066062051296,-99.57396218631277,-96.25430909818103,-100.23608792240786,-92.84397285514537,-98.13078534608779,-95.40586456505463,-95.64807066537111,-92.64150159838968,-98.82111498672813,-97.18895713844918,-101.71138742085746,-97.19775928511596,-94.08716925104767,-96.84878886424478,-90.5691953214618,-95.94807419417262,-99.12844115033943,-96.13990969626695,-101.89738834827266,-99.90414676235658,-101.15823155614304,-97.45887127281259,-97.6887734753345,-93.89187498947649,-97.80440940494094,-100.51476330051496,-92.82925079322149,-106.34112633540667,-97.3918072635469,-96.85438146579584,-97.53806655479278,-96.00692829911492,-97.17513328664337,-96.00822403040247,-99.31386182760448,-101.8843611534574,-97.64626379579356,-100.58677796831176,-99.6927784654482,-94.02276021722498,-92.83321055374118,-94.07908561859428,-94.6350592281665,-97.32735049270195,-94.46087201866317,-96.4403470865706,-91.66473259591184,-100.26150744408122,-95.48937883270378
2025-11-02T00:00:50,AP_5_48,5,48,wifi,5240.0,0.0,0.0,-106.8778457909567,-103.25638926480319,-101.16282462818876,-95.6717379799519,-95.02442120973481,-95.2264259101904,-105.26255709734322,-94.85667919067687,-99.60275381887506,-99.64393671430983,-96.79113624650714,-97.76746839224501,-105.48387991192153,-101.71524438973714,-100.97605135748134,-103.86864516187791,-96.88637517855754,-95.56105696733411,-99.90953188788303,-98.98206738390111,-99.91169324679916,-99.58038565479887,-96.5247998772314,-105.17434144909805,-98.41953594007698,-99.8422847028395,-102.01826095148643,-101.38790342591085,-94.38073433672598,-103.86034817465406,-100.38351751286923,-94.9893854487202,-103.68823501791991,-101.24634172194808,-99.75091763764433,-98.63986492222604,-100.11878280649869,-102.5639364084781,-98.53563827989002,-100.17965416192322,-97.99457761979052,-97.10676357438957,-104.33656442876391,-96.7784563866297,-100.64173335773016,-97.40221337919063,-98.39622839598194,-94.31559901143207,-99.85908356714077,-101.08779243438887,-101.41674426008139,-102.9891279011729,-97.45353989243618,-103.18210418947821,-97.47986117076567,-100.54833779583835,-105.16752163554595,-95.41303114085244,-110.00530381969756,-100.12312215972568,-99.17596968308627,-106.79598981365295,-98.5540845294446,-101.88720957200273,-100.62340198601916
2025-11-02T00:01:00,AP_5_48,5,48,wifi,5240.0,0.0,0.0,-105.78326737834857,-97.71284574881109,-107.91902723524747,-95.70012069750315,-102.59857464172077,-100.93750376191258,-102.98381494481677,-100.99251080900424,-99.80424362137147,-96.11521382078259,-94.91607326762656,-92.95995331067367,-98.47655435378459,-99.44045800598035,-96.44456377587235,-101.34569885721558,-101.68081774589609,-99.884906397113,-98.88479166901868,-104.98383342908927,-95.58241896474661,-98.06304411578127,-96.3886746608341,-103.4947258257964,-100.77847205877521,-100.9305980133,-99.39149656406458,-98.88395522463011,-96.17450829060452,-98.48698936056951,-101.00737439370592,-92.22012623084109,-99.57997470768095,-101.50372991068907,-104.4387224661598,-98.5120380738115,-96.71096523348177,-102.2031783694357,-96.90829616191988,-98.53234414034122,-104.10337450512027,-96.9062096698711,-99.5784179578424,-102.16159601552935,-95.91256353681146,-95.96967180953926,-102.2266402616106,-97.9029053919076,-98.17344560392414,-98.98702758793102,-100.33023592620539,-99.22853455412815,-95.96775735053181,-97.5558145774859,-104.5668709042262,-105.21364696089391,-104.35460602284027,-102.85790585035149,-101.04878121148036,-100.1413749516555,-98.97994788386231,-98.88478250028362,-98.92908558787255,-95.35237665975745,-103.8133570411024
2025-11-02T00:01:10,AP_5_48,5,48,wifi,5240.0,0.0,0.0,-107.34994436664498,-100.1429972216761,-97.5788889993485,-100.77378239539853,-99.87309421416106,-99.48767615323807,-98.6327650632582,-97.50415545397604,-103.21114949608962,-98.24483290081234,-100.89165148022035,-98.42210100773039,-95.9145269656267,-106.67507896627136,-96.70659095430098,-100.70509092742219,-102.91632115725206,-101.66249843502212,-103.44421662482988,-98.82745347738683,-103.45437434454333,-96.73696755372258,-98.27419475946398,-99.66847812910925,-106.45838511711877,-104.31760471287062,-100.59039899859681,-100.42697153767318,-97.53051875167722,-109.08757786828149,-102.62745686701145,-97.8386930229736,-101.36161065175335,-101.75189839714524,-105.18665299327914,-97.17437278959548,-101.80484850259128,-97.06885487521375,-95.9526763574155,-96.39854914580044,-100.44719641367756,-101.80247490342144,-102.00682516267001,-94.44491823264991,-100.98564280090629,-97.19045881428671,-98.9027435881648,-101.58453437615735,-101.10907384778127,-96.79974859330612,-100.25615451960525,-101.71138845023926,-102.77056107823354,-99.3897411664079,-101.8993288063657,-98.56828028494549,-92.71749463670598,-98.79566281139144,-94.93763224879336,-102.49443613161401,-98.29800907246862,-96.58304121840384,-96.2104747119866,-96.5121228470318,-100.30019658361837
2025-11-02T00:01:20,AP_5_48,5,48,wifi,5240.0,0.0,0.0,-106.67460157469777,-99.71408435588334,-100.71160031400149,-104.20135442011578,-101.69185532894049,-98.27354286725469,-98.60949469631109,-96.81853345323827,-101.74946160508681,-97.43424017944996,-99.4761320053263,-97.7761854776494,-98.13508213837295,-101.0890998554764,-98.91800350585032,-98.29188292975067,-97.31515146483433,-95.15915639050944,-101.57776442404561,-103.17375716813936,-95.81463251610694,-103.53365662892477,-96.57384814197741,-102.40214639046792,-101.56352654245228,-99.91182242703358,-104.02873171517578,-102.58466673788922,-104.69423051124576,-97.6669433510782,-99.70938149787727,-99.63132907883427,-99.8578772021995,-99.72763568051705,-101.12068365173624,-96.80551854546749,-104.96408195143528,-104.00250377749835,-95.59992122941733,-98.87337008133298,-105.74860165429158,-98.71636126388034,-104.44320390448856,-95.77341739702415,-96.9143979392688,-93.38284133251128,-100.57153517028624,-103.32556199494195,-101.2962765278055,-101.22764398024131,-98.5179735452695,-105.16927101194239,-99.69064465004527,-102.71792774729686,-101.21351080758384,-95.52563936253,-96.66652433588304,-97.48530612169863,-97.76525462640136,-100.4679579753282,-99.82009043618434,-104.3923272338555,-103.37619295153681,-99.29444860154666,-103.03402505382068
2025-11-02T00:01:30,AP_5_48,5,48,wifi,5240.0,0.0,0.0,-106.70612316362184,-99.73508701901177,-104.67420595874029,-100.72243346614667,-102.03841820117832,-98.3156096445478,-100.44456901314285,-94.46039366545239,-101.69792519620593,-101.40973626398196,-101.30234640261378,-100.28514980335393,-97.18076045845694,-101.03273599189794,-100.89250682263892,-98.63502608815986,-102.54517816527233,-97.81398658676004,-100.83992701544265,-102.41454183074168,-105.22356725072508,-103.01235035184905,-100.32598211076314,-99.9832766041441,-100.55869092254903,-104.1457052239562,-100.34157266635803,-104.36523688674733,-103.51583072650658,-96.45078800571169,-100.11157002575744,-98.44017833268965,-95.50539844041899,-99.97436499603823,-96.92017364191537,-98.64070877860713,-101.96097357857127,-100.23678540398411,-102.0578624327627,-97.97009557493818,-96.81318258704547,-103.9065128094057,-102.44291796969011,-100.87853674382609,-102.25153061851269,-100.50912276638536,-98.71714396965,-95.94782895592739,-101.32290350600134,-101.46284979468598,-98.69044971851143,-99.96212305783051,-104.48462047155412,-102.39639501960337,-100.86131075625399,-97.48138062433306,-96.48577881513174,-103.00055931322993,-102.12945262896649,-97.23162772599525,-101.20703233857063,-98.7505368710492,-100.39615644818484,-99.72926556243426,-101.06859152585741
2025-11-02T00:01:40,AP_5_48,5,48,wifi,5240.0,0.0,0.0,-107.40805784959421,-104.79343045631195,-97.2657109240008,-97.54515135211568,-101.37932090066538,-100.59952801788343,-102.45181225664311,-93.46527081311378,-101.71496189547103,-101.9951203738212,-100.7922077313657,-104.35254140549917,-99.60535599822565,-96.12999783146105,-100.93053992621213,-98.00458352076107,-106.2892406708251,-103.26625477346434,-100.11763133716276,-105.95217443707928,-99.42339403196115,-101.33226679405051,-99.51926306192352,-101.10573412816804,-100.9006419386158,-108.22365567303257,-103.68372323370718,-98.88553496992375,-104.65638667184547,-103.35213837394345,-101.7188166004994,-101.4424764280598,-98.25971127905179,-99.71946340770411,-102.39184277894549,-105.55065631370341,-91.23682375114376,-100.29467059561112,-97.666956144026,-107.55914607534062,-101.52271794497962,-101.63664493283636,-101.8014187625226,-98.07329221309902,-101.20270089617203,-101.69646961826774,-100.44825908290287,-100.3321752306687,-104.0400181522809,-97.4380095635629,-102.14280606740137,-100.71765457227059,-95.9175786005832,-91.68994126929783,-99.00372515343801,-105.63284696331314,-101.268231108772,-95.26128441134883,-101.09953570909298,-97.90927117473484,-97.95249755135801,-102.51960157910486,-94.7299133679558,-99.12111890127844,-100.48766024549482
2025-11-02T00:01:50,AP_5_48,5,48,wifi,5240.0,0.0,0.0,-106.11040185720456,-98.78200353102594,-103.17699240794933,-104.15784549238276,-101.30088745903218,-99.85006456982474,-101.68324273142093,-98.25291761337398,-95.43172649305106,-98.45574571979029,-105.75986254187734,-99.16570630467777,-97.3681317032995,-100.22115211310529,-98.16382120691259,-98.315825890738,-102.40961591224753,-95.49683173354983,-99.97898897344615,-100.0969585064961,-97.75438265387129,-103.92562925889908,-95.31241339534583,-102.05756048052079,-93.68274907949545,-95.73096479693828,-102.1416566361801,-98.11055299690041,-101.97842081621823,-102.3906287609713,-106.60401005435298,-97.20752286569893,-100.47992446380184,-96.75532096729256,-98.43391003299428,-102.76259840499887,-96.58729911275142,-97.55264262920112,-100.5491559627281,-96.18500422311618,-99.9217984222011,-101.46878916778789,-99.68248897874207,-100.21949938160387,-103.56235235707167,-107.01995111343899,-94.16986046074449,-95.71355736971906,-94.67611236453247,-96.4045317684664,-100.35201700494733,-99.63838328198635,-100.95847148527695,-97.4870067380892,-97.69157792150246,-100.13897426376555,-97.79600021232194,-95.63005960375435,-99.11905748992629,-102.60150290239481,-97.74085162611489,-102.77951252609968,-101.53697428595625,-98.28184422498646,-97.25439392854472
2025-11-02T00:02:00,AP_5_48,5,48,wifi,5240.0,0.0,0.0,-107.60274464175313,-101.59003091833358,-95.04277102345937,-104.72857280064439,-102.39855044330571,-98.03818280461846,-101.78094994313459,-102.95070028729188,-99.81811993690194,-97.20257729909565,-100.65585032170434,-101.1419016589363,-102.77684120284893,-101.85540455852808,-103.84783960388035,-96.83571224151713,-98.37928798494134,-104.36922098659818,-102.21912537812658,-98.26317918694843,-98.55110875677397,-100.8064700884204,-101.26287277304829,-100.52565749203545,-101.8544427577997,-97.28747633297453,-98.41167987559714,-99.6516278658486,-103.78887697003456,-102.35651177540042,-102.39576610090538,-101.61173039408742,-99.98480876771464,-95.78580243140058,-99.99476462527572,-104.6546120915013,-98.48150584732849,-104.56837177361459,-99.16179291555304,-101.83635003060802,-98.8065726944208,-98.94753167647944,-100.0176827950165,-103.65990441675066,-102.39975822219024,-99.00033513855259,-99.99576117619162,-95.07270281571779,-100.12050131500622,-98.20659280230907,-101.74283365460984,-103.11139818468624,-97.10864306977159,-102.70918688270243,-104.84398946401268,-104.58151426754816,-99.49329519387581,-102.60480093136194,-105.1331034211314,-94.83040751393268,-107.1537910774077,-101.83324300292368,-95.73631146866538,-100.4245841435773,-93.21561925545548
2025-11-02T00:02:10,AP_5_48,5,48,wifi,5240.0,0.0,0.0,-105.87795578436675,-103.55664678662033,-96.12950565915838,-98.50585004599519,-99.27648035149723,-100.74338996635545,-101.53251851243417,-101.08769087438388,-103.74652379828393,-98.26943963629405,-94.11769235201515,-97.69131053381182,-101.33830400361158,-97.89504905787493,-106.83580226882385,-93.76313487073568,-100.55645973287773,-97.33778254108054,-99.04628374794567,-97.13408156549433,-91.88543379081288,-105.29585804295348,-98.10276593562715,-98.02179590694813,-100.0125759277339,-101.1017783669814,-96.01163757136896,-98.98328583817297,-98.87938842006744,-99.78167513731938,-99.35477760520399,-97.04625492950575,-97.17290143153876,-101.20889535936848,-99.78726600691206,-95.82266027051442,-93.83131339998121,-93.82807705483266,-94.06093158985502,-98.28149659013341,-95.77229214018026,-97.77743557255025,-101.0933927033539,-99.24508271339053,-99.49439031507599,-96.10170717944564,-96.48980912761131,-99.18689321285535,-99.55810232856379,-100.9214599347736,-99.86158051424704,-99.19506583082607,-97.89153578538307,-98.5378679628519,-101.28930602111933,-100.33721765139146,-99.20507896937661,-97.35765244809186,-100.37012298377996,-103.27210538561795,-102.21910457750239,-97.91976805730546,-97.48432425206899,-100.63849459661516,-101.84808919377656
2025-11-02T00:02:20,AP_5_48,5,48,wifi,5240.0,0.0,0.0,-104.58106298104899,-93.36290571104283,-98.84201483353291,-97.06202065731863,-92.20509285399017,-99.08745426615178,-94.67267882395076,-102.23848886148711,-95.38196663800993,-99.55289020707826,-94.93962626464729,-100.96882809593065,-94.53509828915973,-97.80648929278713,-96.38899840914206,-97.25844141416705,-97.93868673052103,-99.60987601434572,-100.51741029939511,-95.53994749141997,-101.04482362848334,-98.10746375021927,-100.6760190885063,-98.67457286301205,-103.2908864769641,-94.10458900930094,-95.48743415637067,-97.79190829089151,-97.09366771778504,-94.10783698391377,-99.25128710905491,-93.70519246731394,-99.75627829657886,-97.75249711286196,-101.80740526138355,-93.5085100695646,-98.49094135236595,-96.61568995877931,-99.94019686472474,-98.25126384282878,-100.65501687754539,-100.18009462506016,-102.53440442320404,-98.43583645308398,-99.78865657318092,-91.0347816007388,-101.05288215566367,-99.77769959954797,-95.42073530163255,-100.69397120725233,-98.15284352487953,-95.59627093958387,-95.82308396060972,-97.64334679445936,-98.06933756002712,-94.89882009325409,-94.1454295171641,-97.60063283080441,-96.25995210139048,-99.36939677577712,-94.37879047095784,-95.49518685429308,-98.78289611379736,-99.39282190982235,-92.40091399582474
2025-11-02T00:02:30,AP_5_48,5,48,wifi,5240.0,0.0,0.0,-105.06399048467557,-97.40158621629774,-101.33140457252235,-93.16775166694451,-101.27820710640907,-98.78173880083561,-100.62564644875434,-101.01548848130663,-93.44659238054906,-93.77133755333502,-99.67177341323506,-87.89729796624572,-94.83094768233568,-95.08573570472213,-98.10596145597003,-94.55209403839686,-97.74829834148683,-101.0805334532159,-98.183105396224,-99.45005805245154,-101.81732454131453,-95.0781289915553,-97.58505545508,-98.31330314427002,-92.8459007626158,-97.58761091346128,-94.3755480523046,-101.24119050367776,-100.44084125013894,-98.0681661925832,-97.77880011070104,-97.17479450913558,-95.05835839851379,-87.20905133842827,-102.90510637045075,-99.90171220850281,-96.86395108510888,-92.20772669471195,-98.7453119503124,-98.13142127833474,-99.2998731111905,-96.48074576281068,-98.15827372764709,-95.61915324428233,-94.39648768740956,-99.21372971768368,-95.20572320685756,-100.32613990943237,-97.41135103228704,-100.09139083265447,-103.0564059626452,-95.31380308631157,-101.14597764121395,-100.2932905399819,-99.15312935684872,-92.37005098880799,-93.19529373160569,-103.10989988785396,-101.78050240629724,-92.43582357944825,-91.50725819928489,-96.62877656268311,-97.65234269432712,-98.25125483534376,-98.72215765179246
2025-11-02T00:02:40,AP_5_48,5,48,wifi,5240.0,0.0,0.0,-107.83928377529725,-105.77481054540056,-103.12408177695468,-98.93332673415007,-99.63504764642158,-98.6510573975539,-104.00824598336573,-98.00445477631486,-103.14319631255243,-98.99375396859496,-98.57370075650721,-94.32969963414855,-95.48866891211009,-98.55396278530533,-101.66331482185473,-100.27036547011042,-99.56880722150076,-102.5234643923672,-98.68993962132143,-98.38683534146185,-98.39102381702111,-104.0224194152106,-100.81813260090671,-97.83479679425201,-98.42995265847507,-101.20456199890046,-100.87896424631614,-101.96129586618903,-98.95689672874371,-105.65905611374916,-103.62879347694299,-102.47639074356954,-99.09418483289177,-96.40250862475068,-99.65192234546738,-104.32261313037242,-101.4243157306315,-103.59078484707179,-101.56164080512616,-103.57356403120782,-101.90698612898386,-103.2995053832184,-94.66649045438692,-99.59159724422899,-103.42315649802313,-100.93629696842642,-95.53184482433385,-98.21550325533983,-101.299769170378,-102.49299372700207,-99.82538500957507,-102.37680709541719,-97.33483676529131,-93.16942518021648,-100.23695520202537,-100.48697327073306,-104.34032193948882,-96.12599805914301,-99.13438917798635,-105.95924834307672,-99.7067905472931,-100.81686184483048,-100.34094143479652,-101.98716793902636,-100.43986799837234
2025-11-02T00:02:50,AP_5_48,5,48,wifi,5240.0,0.0,0.0,-106.13495608380423,-100.80228995830524,-101.62090155865913,-104.30581942482364,-99.0414370710485,-96.92876749661907,-98.73959152157562,-103.45022355001322,-101.71834743927012,-102.30099937703504,-101.85703188830661,-101.35891062577983,-101.12062467715464,-92.28954056513152,-100.82599311662226,-105.05735939010845,-96.13109344211735,-98.80251643586703,-96.6106027550338,-99.39572906663737,-95.15063384974945,-98.66829017851968,-96.27414397334833,-96.38234743661577,-100.26849292833927,-98.55833282606436,-95.65177212803661,-97.65968401154092,-96.1054341596204,-91.87852590557819,-100.6170007377861,-100.11191843796759,-103.79877923076343,-102.31007782831827,-101.2872413609527,-98.11106713300066,-99.85821707865735,-100.85619074568677,-99.7197629270496,-100.87694028151735,-100.03420806170273,-103.57109205846359,-95.0308771266109,-99.88661017550675,-100.93622237327118,-99.90107541929184,-101.79012719138234,-95.80029974536407,-103.42334234512398,-98.8490269904021,-94.30629416767175,-101.48489204968563,-105.51686510847382,-99.54934965737907,-99.73368591874572,-99.56143214303417,-101.05789884829612,-98.39918712895954,-96.64561135395353,-100.9100521204523,-98.51965843206295,-101.31414786845826,-92.84409846468542,-95.99545514716836,-93.40776577940188
2025-11-02T00:03:00,AP_5_48,5,48,wifi,5240.0,0.0,0.0,-106.08509686732219,-101.09452624942907,-100.08787233631068,-97.52105385088284,-99.03500420759521,-101.15529253148534,-96.48501773010086,-98.45765988679526,-103.54277865564914,-97.8127927868132,-97.52826740228784,-99.2243745911559,-98.32870887094289,-95.53399759090131,-104.30672797766942,-96.46971570012875,-106.45286611963013,-101.2709325868998,-104.49573052024117,-94.78526459340345,-100.03038150727397,-99.1566243783042,-100.00582449005131,-99.55165639473026,-99.49225233838372,-96.41653812864666,-98.29389651531449,-101.39358935352136,-104.21802634429633,-95.47776706496875,-97.67046026321924,-99.97596345634769,-96.01535862784304,-92.54015858745119,-98.95625253118604,-95.06018956773575,-98.95669828724563,-93.72467731608462,-98.70369250418938,-100.34188512906313,-95.03245473308887,-98.66768645402426,-98.95602789136136,-96.5177822896219,-99.32580464698633,-104.32097559394808,-100.10246061241176,-100.91735483038273,-101.67559089082386,-95.92192399506459,-100.52726648089933,-100.47868718812336,-99.30146556138975,-98.07753656857163,-97.64411472099258,-98.58554963685337,-98.61686355006884,-102.55089757647107,-97.59964108865374,-102.00965234699152,-95.65137481810919,-99.90060383963544,-102.98366182971448,-98.40455435107721,-96.76057831150794
2025-11-02T00:03:10,AP_5_48,5,48,wifi,5240.0,0.0,0.0,-106.22459505331628,-96.30787671635304,-102.19224835510386,-97.59079794849973,-100.1326296772275,-90.06329091083168,-99.62890391312784,-96.00249864726169,-93.99992198803977,-102.24012251838424,-99.27449646620319,-97.71663060929109,-101.88724398814601,-100.43336856285374,-100.07970983777763,-96.83226390068944,-94.3420617586967,-99.78549597317203,-102.09011796105874,-92.70652379104722,-97.51534559504593,-96.84665200103257,-104.25136078310067,-104.06068139783311,-100.31311486973686,-97.47102766658477,-99.1388571871011,-101.07333595468212,-102.56335643145462,-96.67505670765676,-97.67148813974474,-101.1479920514964,-99.46370294691125,-101.7054406316237,-101.78014957851579,-98.61513887646113,-93.13438702690273,-98.31815615206433,-97.47262375525916,-100.02187594472606,-99.91692752795235,-97.41579959944484,-98.51235162428355,-97.60597848246475,-102.7557420340768,-99.5807158034821,-99.2530291298737,-97.43944078351207,-98.12733801911047,-101.33977727082441,-95.82316442889727,-95.14773379065579,-100.94627070649219,-102.16211252255114,-101.29475637326505,-101.22320597758814,-99.2543612289438,-96.06865275074006,-99.50536569705194,-95.62364469803228,-94.24070133829662,-96.15047379418861,-96.28049642285134,-96.53349148811706,-99.02222509482853
2025-11-02T00:03:20,AP_5_48,5,48,wifi,5240.0,0.0,0.0,-104.3870469559862,-98.97183818326447,-93.77412753260013,-93.83173629483665,-96.84542923300594,-95.27913143183233,-95.21452329629153,-91.0664797246631,-107.33218918091004,-94.83220101966484,-97.97423222482666,-97.20450649147301,-95.00042889530124,-97.34427778987589,-96.59528226617135,-97.97291746076097,-95.79525916082692,-96.14830744044329,-100.2397884757408,-95.94153696902522,-95.1439573940191,-96.58774323648564,-93.77259163763237,-97.71289992461705,-100.31037380307562,-96.9954403101285,-97.50656969668346,-101.68085792238563,-95.28180189769182,-91.39631066220689,-97.52838944667269,-99.24708047628745,-103.68289880568749,-96.21995452430258,-94.53792986433245,-98.38359188690004,-97.80464672810494,-102.5960941169098,-96.59587150759005,-100.82886910474713,-95.67212025663564,-96.99191974395882,-98.02198762389875,-93.88683785924084,-100.78983871785655,-91.9577317172346,-95.98705785736671,-97.4422339646814,-99.04647885808414,-94.58375840823672,-98.7834342723702,-93.74503217126983,-93.2657953987354,-99.89686094810845,-95.90259861278255,-101.81725224142502,-94.13288944800078,-96.18915004048203,-97.86508402997794,-103.15758927286315,-95.55306337440592,-97.3983986846087,-100.65425891028883,-96.55631605976595,-93.07978505643159
2025-11-02T00:03:30,AP_5_48,5,48,wifi,5240.0,0.0,0.0,-104.81756774352034,-103.04910783862447,-101.49522857199545,-98.17789640252678,-99.1092919729316,-94.555272766276,-96.1955191535205,-98.99066691463405,-101.10625424279974,-102.01540072416857,-95.16582713206044,-101.20410357979043,-98.47223650732616,-97.9821257984297,-101.94508858022098,-96.95102968954568,-95.01995682126716,-97.9331767629274,-101.73614216271504,-95.51222311711865,-99.85398120050539,-100.57235355310262,-91.34240667931404,-103.20325082613347,-101.40410342011846,-96.74420802934465,-98.27739861554109,-97.15522056310158,-97.21760724820528,-98.25681213206119,-94.6004305840045,-95.30254900128233,-98.433638780016,-98.5227705776495,-96.86748246807066,-98.34707912598759,-93.88418912130273,-94.91914054948624,-96.1691899860927,-93.65806913154246,-96.15812647844997,-97.36995720912893,-97.82326274897405,-97.18982060770777,-93.15951386156782,-96.84873698209347,-101.69436016974574,-99.8038162120724,-94.84557269042602,-99.97713845878329,-97.1014820419798,-95.98636800074495,-97.19855041722661,-98.1299295317016,-100.55285504845978,-95.71513258174802,-100.86508960685742,-96.41429773142852,-103.84706856460937,-100.13594144871882,-97.62426218119164,-98.12299489163614,-95.60012235509652,-103.39374314707635,-100.15553719022445
2025-11-02T00:03:40,AP_5_48,5,48,wifi,5240.0,0.0,0.0,-107.0294578926355,-99.06916409373466,-100.24754207689433,-100.05545562216976,-102.25412503973901,-98.13376570112332,-102.61189116105959,-96.67715741983831,-96.2878034601907,-95.77197101236214,-93.81607316505176,-101.27762761077679,-96.23671925156502,-101.87675452775945,-104.25893144314551,-103.55792650135912,-102.47842758259397,-104.89198414774484,-93.98176441982464,-100.6648440108978,-96.34411642348998,-96.14250165188382,-102.28531866303636,-99.69294122775428,-104.19434597650756,-98.82110729083489,-98.31362000423648,-94.9846112476676,-100.36160726528571,-97.49866822794205,-101.92062716032135,-95.24081636485765,-97.99576282589827,-104.21316812966109,-103.31560186548843,-99.74831841472066,-99.3510352775556,-101.4902082158508,-99.42037307539684,-106.5020539591464,-102.76346506380371,-102.59601230705105,-96.70946060630756,-102.56828497063674,-105.83077128971658,-97.71273302025092,-97.22660343486072,-104.652928989904,-100.41674173115638,-104.5161373779399,-100.91728769483302,-101.15078771239837,-95.85308032637157,-96.55990603845335,-101.75180151215575,-98.76624292904634,-101.44115655514592,-98.45524179738109,-100.00745548665459,-101.35531938207188,-96.7676240239113,-100.45055697401504,-94.6294636165877,-101.66711150138384,-98.08166139724827
2025-11-02T00:03:50,AP_5_48,5,48,wifi,5240.0,0.0,0.0,-106.44746116904564,-98.46579926007097,-101.30892830929832,-97.90016447641052,-101.09018489447426,-100.58007312441879,-100.55012224891405,-98.07627899787944,-98.67278710049005,-96.25264159617505,-94.91563621745226,-98.01670819270585,-96.12159205789803,-98.95989300767285,-101.21625578339805,-99.33344076041395,-98.44931476690032,-94.91397538541234,-101.87682903294787,-99.77347944844308,-98.85145379066572,-97.22730176340848,-100.1027437646831,-100.83057508963685,-102.03658005427167,-101.14768693363685,-92.95739980461853,-99.88439951134711,-94.76298868031718,-98.55943085804338,-100.80318186218882,-95.02144987879173,-96.37997199723975,-99.55192818361145,-102.68444592620423,-98.43278790157531,-95.73820224513985,-96.22340311529581,-98.79329043429016,-96.49403220405331,-101.09539792208442,-97.03338062152214,-98.30841743621282,-99.05968892544797,-92.78323186663575,-98.39071397190776,-103.99799272933558,-96.89403502306969,-91.35320498878863,-102.44384254132547,-98.57589447168276,-99.56065959516535,-97.62003861687568,-100.66261490992336,-98.36510914244806,-103.12478717112828,-95.98961099119792,-100.24524195089164,-93.03765339762595,-95.78328611183643,-100.70040475634583,-96.22011964953612,-95.8316160830784,-102.46560498234453,-101.83363296582237
2025-11-02T00:04:00,AP_5_48,5,48,wifi,5240.0,0.0,0.0,-106.28827415687633,-100.16932224323727,-99.22417365880307,-97.11191240272102,-97.71846895106137,-99.84573091735629,-100.01213001725417,-98.99863949362842,-99.18838972999706,-101.28579518726931,-95.54842570284202,-98.92115566025977,-99.045661459959,-102.9071631917855,-102.56434998857625,-103.09932180770076,-99.1326042717232,-98.82384075397417,-101.1039476292798,-102.1442149608678,-99.44913829948085,-95.97647186560735,-100.71527390841067,-98.87973931282903,-99.76077730402254,-101.21347961162995,-100.1217249995485,-95.16079554955047,-100.38774450037802,-97.83226874586133,-99.51738347960679,-97.7265788751526,-102.87466288969877,-98.19066672710261,-97.59681006081249,-101.1842139709106,-102.69166111706038,-92.50183669842411,-96.47558160387092,-96.84330096025693,-95.64507883100734,-94.97241878373204,-101.06301363474752,-97.06148102785473,-101.60954837322133,-101.10614074307222,-99.20493575388507,-102.93229791140251,-93.64679568055817,-100.0193003603245,-100.08042434653633,-97.25318735114574,-100.25862255578167,-100.41317167088015,-100.8540169620555,-97.44899708429647,-102.02332126135504,-101.45071011891086,-100.35335242808033,-99.53846168997529,-99.15852751285675,-101.34691238689012,-101.10331483359876,-97.03831649786758,-97.88753288573405
2025-11-02T00:04:10,AP_5_48,5,48,wifi,5240.0,0.0,0.0,-104.19854925202864,-97.08570358233874,-93.28056909470259,-92.04872450586228,-97.35285355183476,-99.1115511063038,-100.28257510238286,-98.55871925257766,-99.3663539931766,-92.62338380489696,-100.13545143457779,-101.39352882013881,-99.14181292993787,-91.67318585900942,-99.5058625611751,-95.45692300235147,-94.8754181200931,-100.6916042002423,-97.0496984695539,-96.93087575865525,-95.51558571810749,-94.61706882781489,-99.12756460966627,-98.21310135375606,-97.38274828335362,-89.2227029070521,-101.28314873922093,-97.67004499906412,-96.64761001627375,-99.85235406479771,-95.04289238014009,-99.86277241857739,-97.37607142457873,-100.6658253227518,-100.93114179329011,-98.39515398051964,-98.66653601149073,-96.94154010869285,-96.45868018876682,-92.43443901968311,-99.29616414318771,-103.4052236857483,-101.75441250449751,-98.63975985629382,-100.87556766122847,-96.11915901829973,-103.01528323782198,-100.82072349646445,-100.78821805687879,-99.45150094574267,-99.60622037615447,-97.4105073685255,-96.4894200826701,-97.6659504139855,-97.38240953169463,-97.65211600436707,-101.31471134099829,-95.80870512319225,-98.55054008427885,-103.95611483004825,-99.54295091874008,-100.66985361798596,-97.33188143857029,-95.78977359960071,-100.21244811760066
2025-11-02T00:04:20,AP_5_48,5,48,wifi,5240.0,0.0,0.0,-106.91836038599072,-102.70936159933925,-101.25050667391636,-100.26629921670846,-91.75373058786052,-105.15042486850034,-99.95020950671257,-104.97839329985979,-98.92221606065608,-100.93204816593284,-98.86763366318301,-98.80366906809212,-99.56722394416849,-100.57313114239514,-98.95372173346183,-98.96055436736711,-91.13077883541001,-97.31990935305583,-95.89983911280152,-104.49701617099596,-98.13063049846126,-101.02279771520672,-96.71404365446809,-96.83752701914858,-98.60291273851762,-104.37106133650906,-98.85323803220439,-97.94543757152417,-102.49849102768843,-95.57883146862194,-97.98752920719059,-101.24840328680055,-99.49461646070716,-93.64019175124642,-95.5565816222547,-96.74623402185352,-97.47320415852836,-98.71900178237658,-96.53302469000083,-95.8157154656839,-99.46773141537213,-103.59535363752579,-101.27276449352301,-105.29307277776202,-103.38986465389432,-102.31034569292504,-103.9956886997252,-99.6964884992032,-95.68774691555876,-92.59819039264538,-101.52082248839189,-103.86770590494851,-98.15681525000264,-95.31826703888402,-98.3336948820957,-97.04641798814153,-98.18856409754851,-97.07471709603251,-100.5272948048982,-100.45742290756093,-104.14175001656437,-106.43497545103808,-98.83775958721964,-97.27192693448623,-101.67897531837515
2025-11-02T00:04:30,AP_5_48,5,48,wifi,5240.0,0.0,0.0,-107.24160394920024,-103.89735296539436,-103.88647494822773,-99.36763392620958,-100.6885824956056,-97.78830690398443,-98.39325186364137,-98.00008896452658,-98.88031885215273,-97.30613324115608,-94.98746945264377,-103.34867255489101,-100.70784257861091,-103.15080814429135,-102.08824983914458,-103.89237941697591,-96.44593306990845,-102.39711562387212,-96.16380261486186,-101.14207452228737,-97.70887558575232,-98.76241535869123,-106.80103817124571,-102.01770155855435,-106.36033536636795,-100.92512163172522,-95.9930704538027,-100.39164418963597,-100.67887586283209,-96.84607600010423,-109.22472163966751,-105.74197439238844,-100.14139355220819,-104.14197877092725,-101.78331550226197,-99.95313844441289,-98.23851311099243,-96.41482590165565,-98.00703167522437,-100.6756276028449,-102.96728046099852,-94.1833059288488,-97.98502657553354,-102.86697515978739,-94.68981089500083,-101.49237167662517,-97.934073418789,-98.98861586084601,-101.86047475741971,-108.02001491916519,-102.60024932792666,-95.48147514119607,-100.3727525861802,-95.64215278180072,-101.78366323292038,-99.26526696295471,-98.52700616882521,-99.02537255750984,-100.2688687715121,-100.9792510681933,-106.88446642080235,-97.0946739161918,-93.54101664010051,-99.47560135934224,-99.46139153928216
2025-11-02T00:04:40,AP_5_48,5,48,wifi,5240.0,0.0,0.0,-105.91259586841805,-99.51683959215971,-98.25259140818466,-104.88478583976975,-95.47312069344463,-96.1249140728495,-95.94638256662896,-99.03970172151182,-96.65529366624654,-93.47379424772481,-102.78880503455558,-95.55241063925352,-98.5136480112965,-104.86864219018587,-98.36874167524446,-96.87521749461993,-96.31313093477158,-97.19680299089335,-96.28646617581396,-97.97691736822141,-102.43209041053227,-99.32806668642895,-96.74388957077949,-99.50884275985484,-99.75417231946763,-103.68771736851582,-97.84076182095467,-96.45443932101269,-98.03626320202339,-98.08333492465255,-99.51861628336408,-95.96132034171455,-92.2423552407287,-100.03527150777421,-95.75050545033923,-101.5665542311215,-100.5143898624477,-102.77533573241575,-96.39848442105522,-99.48885257554839,-103.17343014684353,-95.570270227271,-102.97000650346945,-96.88429651009415,-98.22398871558322,-105.97645339405655,-99.10273968488568,-100.27591790026682,-103.86600419501917,-96.97634942526338,-99.23070555061057,-98.11373259459184,-101.11183583131978,-97.16358580400446,-101.12218363651517,-95.02475882801363,-97.71272952189074,-101.11775215309767,-96.66768795582922,-98.69424142496725,-96.85758618222442,-102.6993492889569,-105.21951877917878,-98.79907642888132,-101.48626769621875
2025-11-02T00:04:50,AP_5_48,5,48,wifi,5240.0,0.0,0.0,-103.82235666269335,-94.8216551755623,-94.7441286581472,-95.76785849738361,-98.00307074132368,-105.42216819795142,-96.72591372407892,-95.19872411017968,-96.3934784474907,-102.66313468415626,-101.40023516432949,-98.0833031607521,-99.4709616252153,-96.41248368553303,-93.0710383722164,-92.33039811227911,-96.65403884789082,-94.7070981871245,-96.57469755667864,-97.10186246870138,-97.34832005716824,-96.4600794500812,-96.55529551731378,-100.17106194897968,-98.84732021985556,-96.2771046931671,-100.38884718648912,-96.30678575904119,-95.12174171026943,-95.10277010879007,-101.94048768313523,-97.976024710798,-91.87664092488802,-96.41178537245256,-97.90511968927662,-99.40015773642847,-99.38876937834505,-102.35738317293979,-91.75264460790144,-102.0875771461325,-93.69070879214318,-93.65409887210818,-93.68281625036934,-100.18170885243137,-100.56382547628306,-93.03481359733766,-96.38247437876062,-97.01146052345838,-94.29666961534656,-100.01119247883352,-93.35460263452578,-96.73646711813093,-97.43190865319464,-99.83532731358578,-97.7453810592621,-97.24955165256496,-97.97909314571005,-97.19427571258814,-98.54360723863009,-99.62608160594642,-93.53024922749813,-90.2345432568076,-91.60476263507056,-98.47018135156554,-99.47910973801258
2025-11-02T00:05:00,AP_5_48,5,48,wifi,5240.0,0.0,0.0,-105.34332571194024,-99.17210114134998,-100.02969684759074,-97.84167570618543,-102.31136343367473,-98.7996994917285,-98.41977686237819,-94.21297865510631,-95.23762817168381,-93.28299362729724,-97.08397728692007,-101.29700560437665,-100.91230099723009,-95.45122354644928,-95.82266332596137,-99.46337156706132,-100.45444898674194,-98.6287738349865,-97.93138895129042,-101.72647507827496,-103.35181264194513,-94.04064228118553,-101.52112938097673,-100.69257476938354,-99.36616911371684,-96.54342148369994,-95.29126504286192,-102.48665966238039,-94.37607793607638,-102.52011600757103,-95.11149117208599,-97.9454284569218,-93.40123205044927,-94.89269845546909,-96.42137032967074,-98.12219965702151,-103.30493315338663,-96.20149063368245,-98.64714756363325,-97.80003324789608,-102.41933184759895,-102.35218054791743,-98.99247022104016,-99.20530029002546,-100.28519271525604,-99.26815387357273,-97.28067770762401,-94.08691074081993,-94.3512047441167,-101.05050997747053,-97.20225913374621,-96.93970678664913,-102.20440751352753,-97.6445819267658,-104.09686546850793,-103.13405618088589,-96.0839706923299,-101.24447331803127,-100.81464927656266,-99.75551423414745,-97.22562687758322,-98.02895808539796,-95.91908343910183,-100.09059318239741,-97.59435092783666
2025-11-02T00:05:10,AP_5_48,5,48,wifi,5240.0,0.0,0.0,-104.47115050844559,-99.07460101020011,-96.95810201333147,-91.83636972013674,-96.32639627146892,-97.24259854599266,-93.94591363240241,-98.92077809940456,-90.4831271004259,-92.29603955080451,-102.70068259260727,-100.07899305659942,-98.21615812612556,-99.63390775679463,-101.37606709269379,-100.93503140693497,-98.56689245305533,-98.95285281122783,-93.85289702096581,-94.3724313810483,-97.14234345448818,-97.28009195853217,-99.65701365529607,-94.7614871150959,-101.28982658087592,-98.1319638495329,-99.52722943603015,-89.57695810810617,-96.65048121384501,-92.42321315263517,-96.48820194789093,-94.34009927857915,-97.25838050859858,-99.13635140145584,-100.90501682612084,-101.9259969276049,-96.16164961515385,-90.62858422687002,-101.35890973446647,-98.60953291614216,-94.79958306523203,-97.81856069186298,-92.67504945653411,-95.30049790400167,-104.86843020904082,-97.27201886189832,-94.95498488682931,-97.25906707291807,-95.8053171205772,-99.01460548021306,-94.3333161478208,-99.08302179339123,-105.09953085854185,-100.22704550868262,-98.37266342957284,-97.1625063920546,-101.29850139422575,-97.65642096295947,-95.91002994390762,-93.32436399681393,-104.28356558193578,-100.38572636800679,-92.6766883214544,-97.35828402603283,-100.41065639760761
2025-11-02T00:05:20,AP_5_48,5,48,wifi,5240.0,0.0,0.0,-106.37709595734796,-98.493695663568,-97.81777509539361,-97.30115623748209,-96.29429853431219,-104.54229096516671,-98.283181062418,-103.76362070264688,-102.24437028411538,-96.53784894184697,-101.82516502990902,-99.83719577581732,-97.5904417206462,-102.04963145427566,-103.23864814400432,-98.52935421740291,-101.8312788813573,-103.0423760540645,-97.9463049594266,-94.09591151592545,-103.48521504901694,-100.39339703756492,-104.16197216166444,-99.05229917525406,-102.51253080427871,-102.46368432409271,-101.57597198297294,-102.33813013526489,-101.01463123247636,-99.10338980447251,-101.64949582652433,-99.24068724965936,-96.90051622608607,-100.50095616724504,-103.8963866024995,-96.27839481042571,-97.8191726816852,-97.30775357176464,-101.51040163066173,-99.45116905382525,-101.20694214204075,-95.46055570900299,-99.66214479428953,-100.92105020679251,-97.60097438503797,-98.84439653047197,-98.19956220791244,-99.33747183445477,-101.0249410216607,-101.50716346039998,-95.71453373927652,-98.12980170275956,-94.35752772081767,-99.00924411977476,-99.79865709005415,-100.48516329102024,-99.30779664861996,-100.03586668460933,-94.27545221328128,-99.87909692254193,-105.10948455193424,-107.77452493293346,-98.0452415085922,-97.89153656085708,-100.9875678237636
2025-11-02T00:05:30,AP_5_48,5,48,wifi,5240.0,0.0,0.0,-107.91670146711222,-93.8641275482531,-103.49719000254134,-98.66175094143314,-99.75700110624821,-100.27577728306584,-102.68304555113563,-103.24831671970013,-101.11139320430424,-105.52351693731245,-103.4406808037127,-102.85982924525541,-99.60752110087664,-105.97592237873987,-100.46800191223183,-103.06056247591644,-96.04937556743111,-97.28108846036038,-97.54428923014342,-103.08636344355934,-100.10364403873027,-102.1646395763699,-101.94276386840126,-102.6192252143068,-98.01453522066006,-105.042343106117,-104.04195398059197,-102.3439996144488,-100.50652749980672,-96.1364669638285,-99.80123629943444,-98.31668342166004,-101.85553041857594,-95.86854139994364,-104.2598045810882,-102.92686150770534,-99.8936030291479,-103.15498047449694,-97.66997064238886,-103.19817675225272,-101.3738999616173,-101.88482774521299,-98.28846728033308,-99.67921091814048,-105.996130070234,-99.47782434091116,-102.19393329475939,-101.38337718431228,-100.5604468337822,-101.24382168056057,-103.00775505503597,-101.50949799002905,-104.00009048491368,-104.27814982908113,-100.4419222541248,-103.22901247669333,-96.21664983438376,-106.67014622278559,-104.92827783849648,-103.35083304903236,-97.695533034475,-103.25328017653,-99.90036758637775,-98.00038020909524,-101.37567181462485
2025-11-02T00:05:40,AP_5_48,5,48,wifi,5240.0,0.0,0.0,-106.60693493061338,-105.35290474915132,-95.48328532337327,-94.6086734050104,-103.35066734368408,-98.8014265337516,-102.06871345283217,-98.13759109798956,-99.6873868887706,-100.25523084411236,-96.8972929329202,-96.31945453389427,-103.93664322080016,-95.14895848470181,-98.25252356518116,-102.80605485062905,-99.26727225352757,-100.61566110853511,-99.11188146094634,-99.77918146783885,-101.81386329121517,-102.29288476239162,-101.47438215969851,-102.57267349727904,-95.57693638675433,-100.28886571003628,-99.73963098702069,-97.50375884498442,-94.73877224553215,-99.82354666151112,-97.32783522788819,-99.19725081667873,-98.73519236958994,-100.43806955962114,-100.08090570624104,-97.15445116598346,-99.57616047797964,-101.74433320431268,-99.49980994705743,-101.10474322240674,-97.75263395169355,-104.11984527629221,-97.6450903213053,-97.4483879322635,-97.75473096913214,-101.8692811283945,-100.02755660898133,-98.2916672763781,-102.18718530460214,-102.764702176646,-99.64055647519471,-99.34796097623729,-97.49326404846376,-99.02478169483588,-105.8649461476397,-100.88486697419398,-98.16414730833039,-101.77024826117659,-98.52922776150032,-102.39103585059888,-100.18196930283578,-98.7985585991344,-94.56850276135529,-100.36170881719919,-98.39559771760865
2025-11-02T00:05:50,AP_5_48,5,48,wifi,5240.0,0.0,0.0,-105.29339783873364,-100.53459720545592,-98.34389851711937,-99.80193501944447,-97.35953736764279,-103.58008048437868,-93.82898974368007,-104.5158772672354,-100.66432111542247,-96.89855318362778,-98.80089789847041,-98.20615968329007,-97.7460390171987,-97.13194430907609,-99.34319108508673,-91.41490329711203,-103.04226859457461,-95.82032971666048,-103.93376085353111,-96.68595740032706,-95.1394148026103,-95.09070053704251,-102.55918480488161,-99.80798376303966,-95.9342521254849,-99.86958825062199,-99.0472771122152,-102.04667622980415,-100.6104721014179,-99.80636057028886,-100.83551538732921,-100.31663737430887,-94.61711300996195,-98.53158607163374,-98.33190798674138,-97.2820608390209,-103.41971038020445,-95.92400805606302,-97.90802532132422,-99.1853297468524,-89.46168795591439,-96.33128972188867,-95.43818487105007,-98.58444289201537,-96.40196887520281,-94.84642848893564,-95.67632555125925,-100.70684931288632,-95.57453690354718,-98.80236065017824,-100.77766236537045,-99.39819864089813,-100.05854285307161,-94.20754205856028,-98.85729559908913,-95.30334376199642,-102.13548129723968,-97.56351645256824,-101.63157699830532,-97.66812976376376,-99.31235006441247,-99.35458124803371,-99.75156424617265,-101.68695435155136,-96.16059443796614
2025-11-02T00:06:00,AP_5_48,5,48,wifi,5240.0,0.0,0.0,-107.72749688020602,-103.16058755487856,-96.06584859331277,-101.10168532119879,-99.7782944726279,-100.50306350285472,-99.76654403397252,-96.39147354205409,-100.7884519329925,-100.26627323256207,-105.65631057027649,-98.60735348512583,-99.78820275915031,-100.04338194998542,-102.54408370014602,-100.15170806180976,-100.18609541532757,-107.03055833446064,-100.9902598986654,-98.68139022303973,-96.29727163339984,-100.29006454152615,-99.43162149094321,-102.05852560901243,-99.07522143068577,-98.65597823045593,-100.05884552145736,-96.29492058041309,-101.87841382795662,-99.400483836292,-100.61370251269771,-99.4759307876583,-97.47946151251955,-102.36661053833755,-103.51734876742158,-88.5009196324597,-101.20303050693005,-104.77889260661652,-105.39046533792026,-100.92507032573873,-100.13248741223066,-102.52249606262565,-97.15078845497636,-104.1699764419008,-97.26226665781891,-97.7925425453078,-95.04518596835642,-99.79844449541021,-105.1102237583124,-100.65653374186539,-101.4447125996739,-101.07443637737533,-98.66513406109937,-99.69655894940614,-101.530231325754,-99.93239630165311,-101.19333202735214,-105.53022183000186,-102.81267527516128,-99.10705830340953,-105.49171439579493,-100.609396249926,-101.99945161656139,-100.64571593896618,-99.30613323824673
2025-11-02T00:06:10,AP_5_48,5,48,wifi,5240.0,0.0,0.0,-105.1914862909153,-92.97090180479748,-96.35843817336793,-96.50142946021991,-95.0981014849437,-103.78329706478995,-98.08150593258662,-98.76172071339265,-97.0394200760485,-92.89078420171981,-98.24613189949054,-104.99371532995156,-100.1323376689948,-99.46471469151334,-93.605185686532,-93.13455569955613,-99.90814271990168,-96.74462354336893,-103.37698123138883,-92.61370705202755,-99.01137043788317,-95.19455230665181,-103.86001060225148,-96.306091371097,-102.2220610247188,-99.5969897526673,-98.89823430524793,-100.14153888229559,-91.86428390436069,-101.27585647675593,-100.5471336218168,-98.4513740743108,-97.65352795659997,-100.61271263947769,-98.18757486363609,-97.58807842381133,-93.1108968950129,-94.90720302077875,-99.64090687307132,-100.23455492162165,-96.48546291158031,-96.95145986830666,-99.66898420735517,-94.01061008515157,-97.2704342191066,-100.24512793994664,-94.72344405659672,-97.01325442898474,-95.0264023374147,-103.86910900849318,-103.08122299024137,-95.21684986779856,-101.66896850213618,-98.78491959062094,-103.3917434377027,-94.03774105815991,-100.1975881299721,-99.4465022349874,-99.3093275077155,-93.82186147505692,-94.4834405730835,-94.24329650996623,-96.57943092345211,-97.7053778723742,-99.50853444872882
2025-11-02T00:06:20,AP_5_48,5,48,wifi,5240.0,0.0,0.0,-104.36507883163762,-95.58924900495872,-100.43079022142456,-96.25576493278669,-92.4302707422087,-98.8304449578062,-94.5299332166016,-97.80468409841616,-100.38892934141987,-96.97921955856823,-95.41359718835423,-96.32966656617585,-96.3337622226209,-95.30705142407865,-95.58754059328142,-98.08036654382825,-98.93030851234775,-99.58749100954677,-96.44657171654559,-99.23389389360673,-95.11320469497787,-100.55003905144127,-98.0687441391346,-95.7347992851943,-97.19932164409497,-101.82125510612835,-98.62895053100863,-91.53151810161722,-99.68990182863543,-93.88982769050436,-96.18628033456102,-95.4373991115767,-98.73002508978347,-96.23134358197292,-96.54772700104738,-94.96753861141349,-99.81804252456382,-101.7137606479628,-95.98364459628505,-101.7549478917545,-101.18085407710406,-97.47188851545556,-92.01264644806824,-99.13453878719527,-95.2761981768023,-101.7865629190726,-94.26777660132393,-95.56064689398679,-99.248626227896,-101.24761899006342,-97.64952237259803,-98.26453264179385,-97.25132481889756,-97.46171514646473,-100.36155019996407,-99.07524044586138,-98.34696103878528,-101.00389853272917,-103.36142659167749,-94.13754800572494,-99.30351170723604,-94.50432169820365,-93.84839848169821,-98.26472346319733,-94.34273764895536
2025-11-02T00:06:30,AP_5_48,5,48,wifi,5240.0,0.0,0.0,-106.9115775073282,-93.83833851997079,-96.21893047821116,-98.64190065598217,-102.12693865588217,-100.62165155445103,-99.62595757389339,-100.0615771568747,-100.76095949723373,-101.67082253723908,-94.91351959548285,-101.82613446484451,-102.68424436124126,-102.26065867495655,-96.4951390606856,-97.61254708575538,-99.67504992337192,-102.55749165655696,-99.7920928951012,-95.99454343380518,-105.10756235756494,-102.84226073989053,-93.45144979514076,-99.67878331188051,-95.91238201029422,-96.7778741112087,-102.58600038894323,-100.176360750879,-103.47190613359133,-100.01116142860629,-102.11479846143453,-100.71776069523686,-102.15060732692922,-102.94757563159564,-105.39033119796548,-105.16918019465399,-95.67902238595968,-94.50830841679289,-102.77204124001142,-92.63304980214659,-97.46809302740091,-100.34653785890849,-97.61473204749458,-102.59456675374426,-99.96847252054603,-101.79001808594109,-101.5904257291586,-99.48350716358294,-103.27668561995034,-100.19746177980069,-94.29462605399375,-99.30311953055924,-98.18556050495405,-104.5021860872959,-100.46945548349058,-100.29069490879465,-92.26269148859897,-101.34158639789267,-97.49705475005236,-95.61270925032115,-101.37727295239927,-102.65293640097198,-99.04410538341507,-100.74490824368111,-102.91794738300045
2025-11-02T00:06:40,AP_5_48,5,48,wifi,5240.0,0.0,0.0,-106.60399551164916,-94.07434081811682,-99.62578583339459,-97.66976598633535,-98.9162791779668,-96.437398538505,-100.17409033704169,-97.82219468728556,-101.54851434111545,-96.657312457203,-101.78508262873694,-102.43323911469206,-103.517297351347,-92.43587035291843,-102.01220717072238,-98.28886635472003,-98.27608667628239,-97.22540190095884,-96.31333878684491,-94.52608475130015,-96.05756152859043,-100.00825904785084,-97.84315243228357,-98.60724042291066,-99.30629218121229,-99.47009839049097,-94.7105955976568,-101.70254641065387,-101.223019901187,-99.85849066911018,-102.25834907022104,-101.29748572751312,-99.62285793371255,-104.29765715803114,-101.65601611470888,-100.47905170741214,-98.8671332214638,-99.67873821813559,-94.7781277893442,-99.05158953677035,-97.72927532801546,-101.34643404131735,-100.5286845521743,-96.16024684174495,-101.50489086096846,-100.81209406183277,-101.5151355825551,-98.59174040366571,-104.41005815311708,-97.81873802008317,-101.27431380791118,-102.1111565135622,-98.68839525969273,-97.115139104943,-100.47721343152409,-99.94750147522878,-100.19206702200758,-97.00759853626741,-98.57639750860825,-104.62521383073612,-98.04578271506054,-102.28024710151836,-100.56485480161213,-100.75972747193356,-97.58358436608052
2025-11-02T00:06:50,AP_5_48,5,48,wifi,5240.0,0.0,0.0,-107.46564500735339,-97.56301170288042,-101.78534325991092,-97.32300554721371,-101.84294492275117,-103.06634859242625,-101.17259169380628,-98.09269788281316,-102.22360496358418,-100.55537638147736,-104.2623975972301,-100.08419535086561,-96.27046187906694,-102.4877073773355,-99.62097706737424,-101.97370415210493,-100.74511901706376,-101.39466276496192,-100.3170391685272,-97.41742548195676,-101.90664386422405,-98.30121112074342,-98.88463940649979,-104.93027168115859,-100.94410951154431,-101.37113944599717,-103.35774641291114,-103.94794697523295,-93.87761617411269,-102.05042506600252,-103.91361547041828,-98.25033937044367,-98.95934373190791,-100.03736436072828,-95.82105723183828,-98.72655834914919,-99.6836353544213,-102.76750994194687,-101.21815481991014,-95.68584361398767,-100.54249716142947,-96.4552595536831,-101.68243200369092,-101.15407140115789,-97.330162601655,-98.2554102504471,-92.32370725391849,-103.36097236571521,-100.20960151687646,-102.49809401429347,-96.8088391122337,-100.08874555011826,-103.08241878867011,-100.54921457065493,-102.66958559336057,-103.12480027108136,-100.11879950843777,-99.46413909703152,-103.97012600226137,-100.91812666564739,-100.48252785879401,-98.8757953737819,-100.33052401259587,-103.01101923537969,-99.09168788804736
2025-11-02T00:07:00,AP_5_48,5,48,wifi,5240.0,0.0,0.0,-104.71924330920069,-96.54501410807624,-103.5616912399724,-101.37416619024437,-97.50590341477759,-94.88616352784604,-90.803466835969,-100.20368906575003,-95.13407429389571,-95.45045789953068,-98.60537782660987,-93.54977170905782,-97.17444496576383,-101.32500493097454,-100.20750216642026,-94.20367307722702,-101.62393735429137,-99.58345104356216,-99.9530257227006,-101.60254400556602,-97.53878605995101,-99.18119718444528,-93.90230686932365,-95.81832322483781,-103.28638589835855,-99.44882260906985,-97.214311361612,-97.81220260405455,-102.48636031467112,-98.11393693717588,-97.97777255628857,-96.69175896812231,-101.33506320505711,-98.57523981520869,-94.96915111704756,-96.53486918007387,-93.67281596474419,-97.2923793746289,-102.91964086238555,-100.2857586228707,-96.25283407016563,-97.06950662175825,-94.96166943433242,-99.12098725638691,-97.29074353650925,-97.06847858650403,-98.31883715894085,-94.96852861792696,-100.30459164713457,-95.58459665265919,-97.83766680043753,-96.87425424531924,-102.21188470485545,-92.43335806865295,-99.06942118843072,-94.51798853311954,-97.72855933036882,-100.9242211501934,-94.15947403085349,-97.86327748075732,-100.94772709000829,-101.47162118879538,-95.74050553945797,-97.49962297133216,-101.32891111022279
2025-11-02T00:07:10,AP_5_48,5,48,wifi,5240.0,0.0,0.0,-105.88117434107588,-98.41931164848543,-97.09448221244217,-107.00530325955462,-99.48809918868443,-95.8578985193548,-95.11457903696775,-96.4590463522698,-99.99903431051867,-100.75162345328057,-98.11329495808782,-98.45664777737002,-104.75502478309718,-97.8727682755348,-103.99466345087578,-93.59279821801587,-96.9078295525448,-99.89819682769449,-103.49395330533072,-95.94717208037297,-98.63880447389603,-104.27287635169502,-96.65149818511202,-95.94575842747825,-100.76328701775986,-100.4429252733651,-98.9806405643207,-96.94865705079553,-97.73235908375995,-95.8254013676865,-103.2831707701946,-90.17716109714331,-99.59545742245002,-101.8332485267196,-91.49808130813526,-98.18063323256006,-102.50082022073701,-95.99994115985922,-99.51281670490067,-93.32827184945326,-98.52975808211166,-97.27598014484262,-98.80321790620448,-95.84741172508535,-96.78229950388247,-95.73206608383194,-100.9867120271058,-100.42379189710462,-99.15204511160792,-92.82427061849327,-101.9143803156745,-92.02803023459,-98.64481924527574,-94.78518850576359,-99.28124341797374,-102.04760869110662,-95.04827411197151,-100.1432069827233,-97.25963628731193,-102.45675464372006,-95.6080423862577,-95.0879178082678,-101.54671108187728,-95.38122120899448,-101.85944882763883
2025-11-02T00:07:20,AP_5_48,5,48,wifi,5240.0,0.0,0.0,-105.85653367643769,-97.61699527174191,-95.74654565214213,-94.07200950938667,-97.86595492459114,-99.18436634670616,-93.01398945058423,-102.30583862806677,-98.1654922303827,-90.63751323254084,-96.0025936425172,-96.12543244209948,-98.62269720884834,-96.46831918839823,-98.7761163450861,-98.34289734842592,-97.67387532832525,-99.43818244685319,-103.02034869614378,-96.2456666243027,-100.31311744690339,-99.91999312016473,-98.67346660243807,-101.70694729372065,-99.28190279710164,-99.41017688761397,-102.11410211361141,-96.50468950353643,-99.42064724507502,-95.35727199082855,-97.65207544990096,-98.26995855441878,-102.3833417182237,-105.18436237165731,-96.31995875195554,-99.75490591859402,-98.88623703657987,-104.7904556409024,-99.7403870495316,-97.48664398526981,-102.80436709436239,-97.07192994529379,-101.90009933871585,-95.60020297581144,-99.61869560534335,-99.47337349186391,-98.00716742893759,-94.74921873687215,-102.00891192981774,-98.2078038848455,-100.00351142431784,-101.97312525604477,-99.22710243902081,-100.73475544722592,-99.64507895766936,-95.32701069861086,-98.32547126029735,-98.19867302632052,-97.47007296751686,-102.25350736852795,-100.47322048632049,-99.08458963152509,-98.62390697832393,-97.02995917026901,-97.95820244442513
2025-11-02T00:07:30,AP_5_48,5,48,wifi,5240.0,0.0,0.0,-106.8879452612957,-99.7200661230844,-96.8154921335157,-97.71767556945558,-101.27912496828588,-99.29650419418039,-98.46216689889326,-103.32269959409227,-95.39807968077288,-95.93125683906408,-95.86802150331242,-99.77243000819017,-100.73977581164101,-102.98449501259967,-95.53955714301051,-99.28813620694712,-93.25679713856468,-102.67301018728088,-105.69254132533291,-102.7989305756809,-98.67691779558626,-103.02657744443586,-103.45028199191137,-95.68193782986066,-100.10429071384358,-97.98512303490827,-103.9468197533658,-101.85829835544065,-98.14958861837852,-98.58199517595716,-93.23628163729022,-101.85132154830892,-98.87357689492916,-98.20985071903758,-98.25122839898327,-99.12629426933259,-99.27428323389431,-96.85055607422024,-100.64524930562821,-96.14466159936956,-101.68929479417014,-104.16703430201714,-94.40803225120118,-100.08673561998874,-103.24825447046034,-98.73958252736057,-102.35216126014166,-95.70919727278873,-101.42581070241228,-98.24388661600395,-97.09544473553795,-100.42621973240682,-100.26212428796033,-97.61904197594104,-99.25681152225384,-101.80353043381852,-102.8118577193836,-99.44034349788457,-99.11481801137157,-97.60059112224359,-96.41656694542287,-102.79455856918075,-100.20689275818816,-98.81849297552755,-101.75753402647709
2025-11-02T00:07:40,AP_5_48,5,48,wifi,5240.0,0.0,0.0,-105.2846079520298,-93.85973958919668,-93.38165750290294,-100.31293511511223,-100.82241095003072,-98.30502846968906,-95.5354049574605,-96.33480933866171,-99.0786793169487,-101.72077732452055,-100.44159487978288,-101.65947577263708,-98.0781404116486,-100.85989926527452,-97.13210892421074,-103.07934957711709,-97.9078298363666,-98.96821302049997,-98.59067523645403,-97.32527756445856,-97.06752321296072,-99.27509295515334,-92.63584393412428,-97.19641179821465,-97.10552385549046,-101.86518276636872,-97.77489183226955,-94.31481318105075,-95.07691908463056,-99.2448520635438,-94.44728248756059,-99.64032966736151,-101.9523583925577,-101.65316189033271,-94.62266763468328,-98.68712681408105,-96.75492523216062,-94.42406522811117,-98.66362656015488,-97.5547049310017,-101.45248246731023,-94.66310747263493,-100.38868290267703,-101.52533008645598,-89.6844529608916,-95.53111306235212,-100.45218143104172,-104.08366515217766,-101.90323888050223,-99.14526850747039,-99.66017904061295,-95.95786284749762,-98.16803956240135,-97.22243800546659,-93.52851689993578,-98.00527486167772,-100.82728089256662,-99.50695883217645,-95.40999309423248,-97.22846564182109,-101.42059958365573,-101.88760205725043,-97.36973212178438,-96.45596722465864,-94.46054001016877
2025-11-02T00:07:50,AP_5_48,5,48,wifi,5240.0,0.0,0.0,-106.00233661058324,-97.77331459427099,-102.9692022600469,-97.1355183965443,-93.837877826586,-100.22176292228656,-99.99622545959615,-95.16996976832836,-97.81356683149839,-95.10866172386265,-97.09094111422534,-99.67334870252812,-100.25959200072727,-101.02388630045778,-96.17628233600121,-99.93406306805471,-105.6971511536011,-95.83566706913686,-101.35223826222432,-101.855880936687,-96.58248319257052,-96.87572792967927,-99.67713977099108,-100.38218444159672,-95.16679088756325,-102.66174389658693,-102.05432887547674,-96.34297698600557,-100.18065779178718,-96.5476249370912,-94.07550031792258,-92.41324491163877,-99.533309231492,-94.52466141013623,-101.26266641470053,-100.03895016720313,-99.90415411888027,-102.33984649032996,-102.27716692216694,-100.82300159431139,-93.60017496025078,-97.55459163943776,-97.22849198647617,-98.21138686613399,-96.44008773706616,-99.41054149874162,-98.00789815172925,-94.74644755866866,-97.83476917553982,-104.30189524130809,-102.07807721973418,-99.38999513722618,-99.20164605789003,-96.07600396509847,-97.47645489084579,-98.50691089086406,-97.18214780982511,-99.0807952599405,-99.51840413936466,-100.50612359754182,-107.87010948289387,-99.33060974117224,-99.98995698491406,-93.60193161604363,-97.33853046396081
2025-11-02T00:08:00,AP_5_48,5,48,wifi,5240.0,0.0,0.0,-105.50749194439291,-98.63351007239393,-97.51850324791772,-96.90904376550668,-98.13084271435478,-103.1179157156732,-98.7995232305432,-98.02460105242996,-94.42380109517815,-103.43150771148859,-95.43506441961983,-100.43591244135126,-101.8632121522731,-107.08641940668292,-96.0864621711719,-103.68953967188733,-97.54261467342491,-99.91291106194839,-96.0655630693334,-92.60100682372396,-103.63720790913868,-96.67265629415708,-96.734598188679,-97.2618241632766,-93.99553575978473,-95.38387321172128,-99.52141001675052,-103.83902694489083,-93.71395868425549,-101.4352402339097,-96.3994534241424,-98.55862298176399,-95.92230488720399,-101.63858570813616,-96.69344310725504,-101.82970730480855,-98.7168179904441,-96.95041375519777,-99.32301906534883,-96.77240998299857,-96.4888947060726,-99.13084785204917,-97.75498467302518,-99.69581682722493,-95.80376825962809,-98.21220692473199,-97.69462138924924,-101.8308459614,-96.85959647822864,-100.33065913002517,-99.68462816016212,-101.81767540608514,-100.17587926786543,-95.64398973771124,-94.35292232334874,-102.4547997106077,-99.01504477610035,-97.68743904413478,-98.50742527810552,-95.1442552465198,-97.19617706090608,-101.15332334508456,-99.37039224727826,-101.65596389884811,-96.92799238031127
2025-11-02T00:08:10,AP_5_48,5,48,wifi,5240.0,0.0,0.0,-105.3229484293163,-100.24114821912782,-97.40714466176041,-99.00597365036765,-93.51171793912751,-97.17533344747854,-99.40743311127112,-99.9311965155904,-98.4284079366394,-96.00609724821489,-101.66095250278687,-101.62115928082254,-96.93835588801446,-102.83389660821345,-99.03169050672172,-97.67698015855801,-101.318475972829,-92.62982862036016,-95.96369827576399,-100.58889387936038,-95.21835823406093,-92.11152247000435,-94.81588374652324,-99.70057578930025,-98.3548262454583,-101.63521711745604,-99.58437719681827,-99.0451572560389,-102.35516278187788,-98.4029712256515,-93.67515561529791,-97.7691938103139,-98.94222260322069,-95.023697096909,-96.41249890646762,-102.31680831564476,-98.12115208298114,-93.9367256707369,-101.11144416117975,-96.4233675897785,-95.82954566640188,-100.24142779645155,-93.71549597424399,-100.3321100738158,-93.81844801196837,-102.80738091297357,-98.28607129053921,-98.96640807144856,-94.27645641442146,-96.14840442721396,-96.8193497107966,-97.94778792056171,-97.90738803128926,-100.34083938810606,-90.46154137113292,-97.58210909149489,-97.66203992868677,-99.81251620156435,-99.19359107810752,-99.56584690752712,-102.514015569957,-96.49767893454072,-95.33765002280987,-96.3223472678233,-102.25069406558559
2025-11-02T00:08:20,AP_5_48,5,48,wifi,5240.0,0.0,0.0,-107.59995407721063,-101.14648460971422,-97.30232586938624,-98.12476617214044,-101.65369563214102,-102.11549218137067,-103.41970416299444,-102.51292949891382,-107.13075832080844,-101.92543513632921,-98.21008560679475,-101.98389283708181,-98.95838595390136,-103.54469223519975,-103.05691213085659,-95.42696124264667,-98.26168462759854,-99.49462280780004,-97.2390561617051,-98.34129468168413,-97.43549380486361,-98.09101457793047,-102.63681395372123,-102.3382382505576,-103.54364619431155,-105.30663686648377,-100.98499281830624,-104.91975067142066,-100.66407183406363,-102.36355002251946,-102.44464596210189,-99.66540559152791,-103.82135901053279,-100.95894332696226,-100.74288044577686,-103.93185978800365,-104.04025790521769,-100.98842083145347,-94.6740028054351,-105.40035081541691,-102.73614049656307,-102.37492252664475,-103.9776254899647,-97.33230872463137,-96.907484475941,-102.85952835458755,-102.98599484760656,-97.02818315054455,-101.91372256923921,-103.47012820193164,-98.48078270008422,-97.45665012323863,-103.4533377323366,-105.20871327240076,-100.1462166581975,-101.61641132223572,-103.0684212653639,-103.85428124655033,-100.0857738072964,-103.62805498184879,-101.48456127277669,-101.35640963057494,-99.78373407926638,-97.62684164304201,-101.43542426300037
2025-11-02T00:08:30,AP_5_48,5,48,wifi,5240.0,0.0,0.0,-107.18547745491684,-98.33845400019307,-98.63421121365695,-99.06560640294961,-98.66228230653877,-97.80238358512246,-99.35611598955889,-95.53888873950487,-95.01493798467753,-101.86881114667081,-104.8558116125506,-103.75009319559234,-103.52252026884082,-101.02736843333798,-98.84920646867442,-100.58046423890663,-97.66893964692156,-97.42617686323716,-105.10190258269323,-97.2762740224637,-100.69731262970409,-99.12865968714186,-94.37283168624958,-100.5815488108695,-103.8735680461241,-102.5103035980668,-97.3479933096787,-100.57511455868831,-100.91372714831701,-101.77499049317196,-102.26421294824571,-101.60402382252657,-98.19882476258218,-101.1055960266811,-96.60175196760848,-97.96366698524369,-102.37626348669131,-102.53709422257023,-96.9121374938445,-101.80902774952013,-99.568184005653,-103.42570682070547,-100.98106391302011,-99.62741604003779,-96.79636567667058,-97.95190896101704,-100.4071502789544,-94.3176797006863,-97.20940075770258,-97.54077792610858,-101.55144420955614,-102.52619749993906,-100.09380835762697,-98.35270590945618,-103.63101089503924,-95.96171566479279,-97.26908304751653,-100.78080030179943,-104.83809712682772,-97.79702864276473,-101.59645198526245,-97.25727128233419,-96.15179021050236,-98.18028266546361,-100.77130320853526
2025-11-02T00:08:40,AP_5_48,5,48,wifi,5240.0,0.0,0.0,-105.55802500383565,-98.04995666350487,-97.73973496833311,-93.17601245140352,-98.2351812338956,-104.16580208742764,-102.62425702605076,-95.04616297185542,-99.64054961740189,-97.10024460195474,-96.19818074709225,-97.41079263908388,-100.99453900274196,-98.20223173647487,-94.17786930624894,-100.99799857233106,-99.85069082619503,-94.60027646499019,-95.67501406021863,-98.58152391202988,-96.78483442751546,-98.66056778120186,-95.07294948742502,-95.6387407595979,-96.36468199933401,-99.29874056943721,-100.59189077194812,-99.24944952708024,-96.99270772772773,-94.25343956598698,-99.35643736351373,-98.69031072880514,-96.9271067679862,-101.40180888927154,-101.12736900429557,-94.00974865728911,-102.23502445568508,-101.42486538882565,-93.29378168535773,-99.75907695788366,-100.49627531467314,-102.34769057313196,-101.48004704205509,-96.99142118599286,-95.34361702612054,-99.64960379633163,-100.6763333732675,-99.28944778803691,-94.5294680382309,-96.33993454529806,-97.49348281003911,-92.47604539543532,-95.75057139293506,-96.17925043897883,-95.51284373798941,-94.55060002046176,-93.23315233090408,-100.86373922205537,-99.28729699989684,-98.78028277141955,-98.84715225148456,-101.12798940009696,-96.94955131108088,-97.73148192307188,-96.13365738490934
2025-11-02T00:08:50,AP_5_48,5,48,wifi,5240.0,0.0,0.0,-105.4639432002431,-102.88014144534986,-97.65212589752443,-93.69104001193294,-98.1264902843282,-101.79984846759695,-94.97260354202322,-94.9431060539527,-100.15280401709566,-98.8505682514936,-101.06871508223713,-98.23972784713118,-96.62280355075404,-98.16041782663082,-101.87551922737421,-99.2529854952848,-96.50321051428287,-102.75708490731277,-100.80770787353434,-95.93975662684173,-94.53651545642168,-96.36992686311488,-98.34425021643078,-98.84003264278924,-95.41694287064773,-98.46898343714538,-101.72758072450281,-99.95471101900229,-96.40289464846333,-95.99879086508685,-100.81545505980499,-95.41298979983415,-100.0149775431062,-94.55806708999829,-102.07377651267079,-104.32791049362717,-101.45543384476957,-98.59266790767458,-94.71953008618873,-98.1164113473532,-97.93011699704182,-97.36424636573778,-99.23654892706885,-102.66848213763848,-96.74799425692568,-100.87914063136448,-94.07791596573615,-101.14916067320375,-97.16502553317427,-100.86878985518776,-101.83498232579858,-100.56918960115466,-91.20779105349253,-97.20511761438426,-101.84401841270699,-103.69261772421788,-93.57424753323588,-100.04163244170086,-100.69272292643174,-95.69517217502899,-103.1766611345572,-94.72985505149153,-95.87350412890208,-94.46324394775245,-96.69946519321444
2025-11-02T00:09:00,AP_5_48,5,48,wifi,5240.0,0.0,0.0,-104.55550417191007,-97.72411817559981,-95.85660554386745,-93.52404356712024,-100.30376075704851,-93.10304956173078,-95.5003057593579,-98.39025200417923,-95.05891103647247,-107.52198503288906,-99.88855154440323,-95.330774039116,-96.14750604253615,-100.61075434805278,-96.96900775670707,-94.00565206495756,-98.1916922453685,-95.230908603277,-96.86425476476974,-94.70491923448836,-98.35028155372062,-99.72643843875667,-93.17248395455432,-100.29139693026951,-96.86023659731255,-97.28982253723925,-96.03384362020208,-95.65295363835384,-97.81184650602542,-96.2499300927274,-102.33559204229083,-99.81953538259874,-92.15268381727422,-97.81996022859211,-96.31359991045115,-96.145865448826,-99.61839208314852,-91.04057187222114,-93.20732168564223,-96.37161380123955,-97.07661623164668,-97.44289410589512,-99.16253181920942,-102.29950056443396,-97.53368683118627,-99.5194488109942,-101.00055398737345,-98.99392314872023,-94.30551004529818,-97.4341625087013,-101.68977835704703,-97.03498440144274,-98.61030192502835,-99.48402198578687,-99.23830001839683,-99.11893562510906,-93.23402943590742,-101.09996937518552,-103.32926225671369,-95.36970227539408,-99.432740713737,-100.59626551409676,-96.80778383865535,-97.44763801768737,-92.93748371296765
2025-11-02T00:09:10,AP_5_48,5,48,wifi,5240.0,0.0,0.0,-106.98817749641081,-98.36929757174113,-100.0511283943505,-99.38643629282707,-96.23346736946426,-97.2313218649317,-102.89994616266458,-95.27800323861312,-101.15629590960097,-100.79931428798433,-101.51671941420581,-102.50426106236412,-100.66236118175779,-101.0494568300251,-102.94241196829674,-97.0222388176218,-100.41737919979012,-100.20457525259556,-100.58528030346787,-105.75759867545757,-99.26499113007986,-98.86181812378308,-101.5128753929595,-99.71526778629622,-98.93780670157281,-100.95171804500157,-102.51555972007209,-97.1794624836784,-99.79904838985362,-94.5372452489543,-104.68388677637454,-99.48679704593818,-103.66509240007062,-97.30467354334988,-99.94072650628651,-104.74095581416708,-101.97829806563911,-100.14285888910335,-104.3181303829035,-101.6175942804704,-94.4367827480275,-92.85450095498024,-94.82838434803826,-95.24725963531642,-99.63396393640285,-97.63654062991421,-96.10793601198617,-103.26643847559316,-103.20521160408035,-97.92767316014992,-103.98939234942766,-97.32722539342619,-98.6685397743404,-97.41833403890716,-96.24680844572202,-103.33124490426638,-96.21782445365527,-94.59930468296493,-99.1147333673256,-100.71078454481794,-102.37161112943193,-101.50027707504609,-102.03827754020055,-101.11565426994412,-99.68640541444785
2025-11-02T00:09:20,AP_5_48,5,48,wifi,5240.0,0.0,0.0,-106.63739561741427,-98.05629270856382,-101.28613615141714,-95.7315904184037,-98.61108890097817,-102.63051678429817,-100.80426903533183,-100.50498600951555,-98.86255846691603,-99.72226340277854,-95.89402047925867,-99.89477063711576,-97.0916167763584,-101.52329639090703,-99.11190087000057,-101.96863527730608,-100.53116966460688,-96.25292619490618,-104.7269786458631,-100.73571619594792,-95.3296334798912,-101.39084257498757,-95.64794730629218,-103.31033806872578,-98.35569962530435,-104.39518122767635,-98.71789510152625,-99.53803305578936,-102.29829246818753,-95.7350275479621,-98.72118775750113,-101.00327502402637,-103.61338777405045,-102.10805929579772,-99.32366095258044,-93.8485203401925,-94.13746978901557,-95.12226112979594,-100.06423175278893,-97.44607460754602,-92.10734231860508,-106.2006842442307,-101.75867848147915,-101.98939485877887,-96.51317048101278,-104.26821281627745,-100.97077639385286,-101.76774787800326,-99.46499094090309,-96.7101984298629,-101.71316818464337,-97.96579853111471,-103.209004518595,-99.33385498925037,-97.6213085192315,-99.9983354920947,-96.29359149576578,-102.86322154355527,-102.34728631585001,-98.80517082252526,-105.19788810173515,-99.3995338292694,-99.65703191002089,-99.25353765000469,-98.50632346973549
2025-11-02T00:09:30,AP_5_48,5,48,wifi,5240.0,0.0,0.0,-106.30569451926117,-99.67412006540658,-97.92443162548723,-105.3166136527521,-103.67169733838892,-100.27613344566701,-100.58067763641377,-99.25150212117369,-102.86436546541854,-98.05815817431348,-96.54966335324889,-93.71638192579671,-102.20687260761648,-107.15759237608557,-97.5946195829339,-98.91301635001795,-100.02835248495961,-100.98535515243161,-98.99379811928846,-97.81055503863396,-97.39538395964682,-97.51373895213237,-98.774045778488,-101.84934553904279,-100.95408595273247,-99.08178610590106,-101.39103900355781,-103.13702283667811,-94.33224961620415,-100.06672380486907,-94.71386417121809,-102.97707518321523,-103.45041663639451,-94.13279456086057,-97.80773074585889,-101.70749242351226,-100.28100262558057,-108.55756154602898,-99.0546641435021,-104.79661746884682,-100.90845331640428,-102.96935480461202,-91.90104560363218,-100.0986524859762,-101.22541390248085,-93.55190550828209,-93.60231312241167,-97.98848917627518,-98.21043182563017,-100.50144765850018,-96.11638975108528,-89.89406020900333,-94.11333854750475,-99.30466806320382,-100.56760427739712,-100.52932576825029,-101.56443582045624,-93.3989778253407,-97.81935591505452,-99.57923239592114,-97.42398630608871,-99.88545692974189,-100.13988100328935,-97.75890662371363,-101.22766219583016
2025-11-02T00:09:40,AP_5_48,5,48,wifi,5240.0,0.0,0.0,-106.89549753713312,-101.21816237163273,-99.08236527261766,-107.39785821390318,-93.26750903361858,-103.86723650065228,-98.44211419071823,-99.24633971388731,-94.88904951851141,-93.90385589433436,-102.31175271224477,-99.61582338032933,-100.8331679561106,-100.40033018068583,-104.08133103844177,-97.38680028421108,-99.82136827979684,-102.06684615823617,-97.75718910354644,-97.69782050207992,-101.02665949794776,-102.81488905603024,-103.48366491765887,-99.27806035535413,-96.42709972686848,-93.68487852053386,-100.94917641662184,-99.59488973388201,-101.44730995400386,-100.92161430632845,-97.89350345764605,-94.27893985222511,-100.78878832890466,-98.74036593501071,-101.56577266904277,-96.97164453382524,-98.5582399508505,-97.25268749707429,-106.65910947115292,-97.89615400651682,-100.8779955819002,-102.953968741765,-98.3314138614977,-95.92386821484186,-95.48585889183767,-109.0922347310237,-97.12179176364332,-94.77695056832468,-105.63038362207986,-97.19586301512292,-98.4426192007679,-98.94479043125799,-102.07693276396287,-97.86196415010401,-100.93623671474342,-98.29617591225075,-100.71368095773244,-96.27379425077451,-99.21944630499486,-99.84904679641464,-97.37195554515283,-98.76717820248231,-97.00607337798931,-100.6841214174339,-95.66595619332489
2025-11-02T00:09:50,AP_5_48,5,48,wifi,5240.0,0.0,0.0,-104.79190646067723,-99.62954506302772,-98.48918340313925,-97.70849145652804,-97.4996440325336,-96.09245072373385,-96.27658143551609,-99.63208508986384,-101.09217893014528,-95.02231446634255,-96.07188036181078,-99.58008450105466,-100.096792025159,-99.1485471011382,-97.40558828208039,-97.84004304830796,-97.00652486714701,-98.9076395395695,-98.03441880639834,-97.26781821138235,-95.50129747302584,-96.86552649221319,-98.07061657748584,-97.9959399451182,-96.27281881956729,-99.38585138527537,-96.99217003436011,-97.46750793915899,-103.09084152935594,-99.21096124357504,-95.02566571497202,-99.05324231705279,-94.59650754708042,-96.9363142693445,-93.37357537243221,-96.071679660463,-97.97038217609776,-102.2711359306145,-100.44734227475841,-97.82814808718778,-103.21056431801689,-94.36224162581414,-101.18908233464525,-97.53032675830376,-94.53430441754807,-99.22037995209615,-99.2935927821137,-96.92676740838921,-94.86742716102013,-93.79335003399122,-99.47407191297623,-98.22625361067323,-97.91635033092092,-95.80077659771901,-92.94304461518519,-95.14384423681507,-99.16357608196952,-97.72307302059615,-94.55918212303791,-98.8722746974926,-95.65013656457597,-97.73551438720085,-97.98937591509655,-100.04433791917418,-94.90339446127129
2025-11-02T00:10:00,AP_5_48,5,48,wifi,5240.0,0.0,0.0,-103.59862902270243,-98.77097305665464,-96.90491520156249,-99.37048365395628,-98.16664123430799,-100.1777143630925,-101.75200649399969,-100.94487785894748,-98.04827599481654,-96.2376658707485,-92.94346763509283,-99.21348500722846,-97.03394610242364,-98.40408920535369,-97.60956248107587,-97.26923574338038,-96.81667606859799,-94.50808322001578,-98.52249933221566,-98.38299767084817,-90.74844302928183,-98.00375552741735,-94.04951379069189,-101.24028979846688,-99.62538435789989,-93.0878156579495,-93.45195825857888,-98.68797664201786,-98.14224016326325,-100.03305433911072,-94.014179953395,-93.46615382207295,-99.4437508431327,-97.96472110944828,-97.08546244325527,-100.2850037087615,-98.98136710225812,-97.89026661840161,-98.7430653280604,-97.533500095648,-94.513256956612,-88.9451125735935,-97.98182612026551,-97.85510990339519,-100.58304197732319,-99.966525910445,-97.90809259811911,-92.17139985487266,-95.66179136183197,-96.27537718223641,-96.48293366781235,-97.80929897775825,-99.90794594080091,-91.08478367829731,-96.3662813181682,-95.2004490235178,-101.90141101077106,-99.8695419981121,-94.27471654988982,-96.80504396571867,-98.18249662676251,-93.06179625279884,-101.10775316216426,-101.66543608189727,-90.11539708785567
2025-11-02T00:10:10,AP_5_48,5,48,wifi,5240.0,0.0,0.0,-105.22792165004249,-95.68909297858512,-94.65595610480995,-101.30458469355486,-99.00170511614903,-96.1151513474006,-98.01392983488708,-91.58471374444215,-105.21561021752392,-100.2541591539384,-94.86608298134134,-97.30416292574287,-97.15679513830854,-94.75726941254233,-93.72502370354216,-99.35981961644147,-100.32873942511532,-93.80065353075008,-100.47784164450759,-98.5486266131198,-95.97173936992975,-93.86897532328042,-96.40309236520265,-96.54830294674974,-92.50824585033286,-93.56985296143496,-95.32804247788457,-95.265231441437,-98.71186824183526,-104.51946418402048,-97.28983633201831,-96.64363807159984,-98.54644441899976,-101.15318906908891,-104.74584954620754,-97.05174257596929,-96.82597059228975,-101.69176082248883,-88.03261885434026,-96.31502942294475,-92.39572737310552,-94.6847004709686,-97.08844635683066,-98.94836214828675,-98.27411548888395,-97.85952446058356,-101.80283340445108,-99.12828293823718,-94.51091186439871,-98.26889985534204,-97.82181161252475,-98.1062129692529,-97.34250426137005,-97.9757268321704,-96.15116707977963,-92.13738003397738,-92.07395263816838,-94.01150664601933,-98.57568319110321,-98.01421319407868,-100.04232433891363,-97.69315338724813,-95.76670175962634,-100.57740820724555,-102.20981677551961
2025-11-02T00:10:20,AP_5_48,5,48,wifi,5240.0,0.0,0.0,-106.54713703307704,-100.83814855412693,-102.5398312081913,-100.1559763089248,-93.79870272155851,-101.22232433210839,-99.78656467369419,-96.21362485602478,-95.46168377108857,-98.00521353235071,-100.94502581310775,-99.50845401715927,-100.341777209506,-102.57640909997444,-98.0103470659016,-96.42230748936547,-99.69805448345014,-96.0143020969315,-101.30151901405542,-102.03659653713895,-99.32277305718476,-99.62333802429343,-99.75523533076098,-104.05005908383643,-98.83094976645954,-98.89744482369062,-103.04476102917376,-102.83101884232966,-98.0562103689533,-95.34455846254427,-102.2312808151102,-101.37710836691656,-101.6871320386244,-99.88976968312497,-96.2069243568371,-96.27638546666846,-106.51009085746732,-100.77249702347561,-97.84099216991179,-102.63074451157172,-101.18475705731429,-96.2608237491911,-101.38918141481952,-101.69202043158182,-104.75292030787818,-98.09877465847823,-98.73059477629492,-102.99522548234937,-95.42812565203778,-97.20516962783452,-95.96710574263145,-100.91688614209887,-97.70497295764122,-97.93153408520524,-101.28984374424441,-98.1085529686911,-103.1752618911851,-99.57906131721113,-97.2037532818734,-97.56749588933177,-103.2689245970893,-102.38419976697372,-98.1759858923103,-96.78279800560624,-97.58684025243426
2025-11-02T00:10:30,AP_5_48,5,48,wifi,5240.0,0.0,0.0,-107.35160797060581,-99.30988877238264,-93.01998023819915,-103.59095780052945,-99.58506016253422,-98.32960742236014,-99.43980718964308,-96.55682562642471,-102.02555889143296,-96.86085443985534,-97.68385486796706,-103.10625796713171,-95.09568758350647,-102.61665863791714,-101.80160280747951,-94.49288818878652,-102.67735392738956,-101.74590590346494,-102.23861062704064,-100.823364425278,-99.33736879566973,-99.45222669004151,-102.98717190428549,-104.31613500286049,-104.52689993547736,-104.28604887602725,-101.30352166422479,-101.28974090149558,-104.80477402852976,-101.92683511212809,-99.91938024813224,-98.70872765280131,-99.49593857833597,-100.04415900492674,-99.56762744339858,-99.93767047192296,-105.27801222171286,-103.37228828042862,-103.25945381231206,-103.5990005075281,-95.54305875785994,-99.54118211220533,-97.25201467514931,-102.32700677073105,-100.30114187628554,-98.9540357198049,-100.29273189880026,-92.84466585990091,-98.58882122966192,-101.63093894176215,-98.79158584829933,-100.65386830874675,-93.83035091565796,-101.63955922630758,-96.32940388151431,-103.69892693034755,-107.60138867172188,-102.41691501963139,-103.78167558577094,-96.44913451017828,-101.2666525349177,-97.0200028150207,-104.29559814091161,-99.61781095849469,-99.04132447927654
2025-11-02T00:10:40,AP_5_48,5,48,wifi,5240.0,0.0,0.0,-106.23358457487156,-98.62361933841261,-104.20792588899724,-98.19995908961644,-99.78449772981611,-101.40081694202621,-102.72849960153556,-106.22114068504473,-101.35489234524832,-95.56698504294744,-97.86891540809516,-95.6922712595878,-101.27161884778883,-100.1504324985634,-104.10026925039196,-100.0940961213184,-97.58063446680494,-96.96380794483309,-102.7349949361045,-96.61234306441038,-97.38553724808051,-98.16416938861244,-100.54470929189786,-96.87109957813114,-99.33008051847673,-99.40283000783535,-103.13053098736003,-106.66831684001852,-101.18562392495367,-97.93138293583485,-98.86754952508538,-103.16003648589148,-100.18641399856921,-97.66233776625471,-99.80757754164235,-99.02269148948545,-100.73180417044071,-98.21245845254295,-96.40637014154683,-98.8422799841503,-102.70227847523361,-98.47155965738698,-97.6124999413398,-100.97975368248947,-100.99769255553053,-103.18308115050161,-98.8590902335365,-96.35306605713892,-103.43410674981833,-103.58678021902047,-98.53296731638062,-98.1227710602481,-91.38445909225122,-100.34955410475759,-95.70594732733629,-96.52056407820254,-96.93743454976223,-100.66534700106102,-95.70648538728902,-104.35426204191504,-97.38912862101547,-97.40393278221482,-100.01398090148842,-97.20364862472907,-96.58581200615696
2025-11-02T00:10:50,AP_5_48,5,48,wifi,5240.0,0.0,0.0,-105.04676273404479,-95.9753880463008,-99.7928889802323,-94.47272841914278,-95.11640955906327,-103.75107585041576,-99.05671950268277,-95.92867746582617,-95.61529897598348,-94.82507920748249,-92.23855822879054,-97.1403978346859,-97.62146844933672,-95.375715226962,-96.92472834972634,-98.70815447589942,-101.06529938972271,-99.08324304895133,-92.79372050167743,-98.77365772368013,-95.41837877470435,-102.96337158026756,-101.54617416637363,-94.76247797884217,-99.15944860991975,-98.8764485699875,-96.91404721758717,-99.49507143126871,-94.82906014691625,-96.66117076498008,-97.36555491712846,-98.65832366466574,-96.72576159818207,-98.83894344637952,-98.34507893838703,-95.19869374697423,-102.65478900289443,-94.42730557984336,-97.83831858021273,-93.15985130318005,-92.71838492704167,-102.02348571883738,-95.7438111649372,-91.14702692642784,-100.53542955728304,-90.26127870650774,-98.0371419908935,-101.49549453877205,-99.44946812030567,-96.49714344575105,-99.82231812808347,-97.38167731668729,-100.10999645966864,-97.3413030298969,-97.7625187479143,-96.86988763407813,-94.57194622180407,-99.96276712696428,-94.23142895032889,-102.06363632325844,-100.6251908034375,-96.96263103991483,-100.26206489892056,-95.34697090112309,-97.87516241891458
2025-11-02T00:11:00,AP_5_48,5,48,wifi,5240.0,0.0,0.0,-107.43623342050307,-91.60742666506137,-94.70676340652473,-101.87825799903531,-104.07584423729455,-99.4069751412358,-99.8490906610523,-102.56710330560858,-101.34362758806603,-103.398616686686,-101.63824839198718,-100.46426522889382,-105.58110395341099,-101.59955977589277,-102.236299053647,-98.32859796732994,-101.78118288434978,-102.32359657952293,-102.97629667770106,-101.56041103718835,-105.19242555508342,-96.53834487130564,-100.09333628313361,-103.33345442522085,-104.04626090052236,-99.74905307232896,-103.6692781598301,-95.12931655348689,-99.6187706837097,-96.18014613678191,-98.04883253759485,-105.11562068372237,-105.03247986504776,-104.9162595324521,-101.93019750159714,-99.96960081229209,-97.2176744305391,-98.47544645407353,-95.44781709950018,-102.73971748832449,-99.69175470445994,-105.08789371403046,-94.05593702798618,-103.07804598042829,-103.81467598364797,-102.33762213702515,-97.96153373185751,-100.44864532090877,-95.21709093923494,-95.59865488937348,-100.19817539460989,-96.80564740814008,-100.28813775327352,-100.87529653791809,-104.54083325994097,-103.39897292831976,-99.91488408805031,-101.3218643371361,-105.11112470110335,-96.40328412036058,-104.5263497481481,-97.1335262098377,-101.69568164210472,-99.50732326762916,-104.40262578348734
2025-11-02T00:11:10,AP_5_48,5,48,wifi,5240.0,0.0,0.0,-106.70648151673757,-99.38397157888429,-100.31715693006,-103.67899971217156,-97.96695101892097,-105.32961520590297,-101.39637383641477,-99.82096013875795,-95.44175793617921,-97.5521885496815,-96.78232592210317,-103.52082134024467,-100.04856065927957,-102.70715561651392,-104.35616619143691,-97.60880384945045,-105.0858421158222,-94.90572515963623,-95.87964341292437,-97.21762901879119,-103.44558400012193,-99.92996891770237,-97.51950917594642,-96.54508857234757,-99.49484547172393,-101.59471695424206,-103.36460017565744,-97.46690197711776,-101.38285849868849,-99.92080916361736,-96.36316373896906,-98.43441108472405,-102.48447433662099,-101.82303207759121,-103.81057817850979,-100.57336684185161,-100.12059024737405,-103.57753618579719,-98.29901537777562,-99.22950177384709,-104.49076949472408,-94.57020655379023,-103.07356445634983,-95.62666001570312,-107.13942054205516,-100.21670645363692,-96.18700555903226,-98.97417063133447,-97.0352660128079,-97.73847100702855,-97.12860309425751,-100.19578437202901,-100.95149404109695,-100.43867055023938,-100.96370563106044,-98.857391494966,-98.09430483737516,-95.0562869403494,-100.8709790291614,-105.43795583734358,-99.14030105742691,-99.70702719955597,-97.38748828009385,-104.17928122163639,-98.01653274224098
2025-11-02T00:11:20,AP_5_48,5,48,wifi,5240.0,0.0,0.0,-107.05144809982825,-100.85227492015129,-103.56890513400228,-97.43972322663043,-99.36376516923762,-102.255713972375,-106.0584876902075,-103.21935853520961,-102.76366969317675,-100.5359810605622,-98.30844013717876,-99.29209642685223,-103.18081865732196,-101.96782628696818,-95.33708091534173,-102.9391345049478,-101.44878004727957,-94.36035209997345,-101.3623047203519,-107.0136865933234,-96.88243341897743,-97.63081558426406,-100.12886837018463,-102.90757682932941,-96.2854796039499,-95.72549768131054,-100.59886199331031,-102.53385007264217,-95.50110999287462,-103.46930867907017,-98.37714682067434,-94.35198286689291,-98.25745081611058,-100.74685837287437,-101.88299724184263,-99.2303234905064,-102.64669202410323,-99.25484463381626,-98.56717752604479,-101.08257760912491,-102.73962756685597,-100.38333870606047,-101.43741633072419,-105.10241330801712,-102.35573741565359,-104.99512002547645,-101.90395033502611,-103.38014859318065,-96.77136429117968,-98.6571738768756,-99.29458074058884,-97.90932660932947,-95.21821038017497,-103.13719159791056,-96.47465309774903,-102.1902319326782,-96.29479232222195,-103.16720099801864,-98.81665056411693,-98.35010525086233,-99.34192890370096,-99.57913342322104,-103.01483990570239,-101.2223126534751,-97.39468708582774
2025-11-02T00:11:30,AP_5_48,5,48,wifi,5240.0,0.0,0.0,-106.31669112736381,-96.34190016332079,-98.67002792549184,-98.13159556000421,-96.11549860093484,-99.59991611701685,-98.53757081540704,-103.2424761174195,-96.0133925621339,-98.75148366997104,-95.80239951771154,-101.86988215494915,-98.87157069150308,-101.78871785402623,-104.8052259190124,-100.29931676638661,-99.5701510953487,-100.60720421250849,-97.05245736042333,-100.7247642378116,-101.65887849506896,-98.46450955416469,-96.46884672062572,-97.0836373361791,-102.72810337791118,-100.45521075561494,-98.97571034628032,-98.03338517225319,-102.09147609147206,-98.21423297574874,-96.39600568754831,-98.49506165078344,-99.94053470716221,-98.8393230666101,-100.52647056313253,-97.1533710217468,-96.67869008280617,-98.76395638146951,-98.63209570040401,-105.26237479183487,-100.51257766925522,-95.5859679426317,-101.10071646929612,-100.0673487454965,-99.76799137285109,-100.12712886332649,-97.2230830519705,-98.61643345165294,-99.85464975261166,-102.58546250604627,-100.12035253805921,-96.95217657711451,-94.59737482248399,-102.1355372154371,-104.27671390374714,-99.45839706412877,-96.99201259061448,-95.09274001372619,-100.00873821709406,-99.9673540664009,-93.23400900806183,-102.99815054521316,-102.12895792189042,-96.83589646620854,-100.85710126184811
2025-11-02T00:11:40,AP_5_48,5,48,wifi,5240.0,0.0,0.0,-105.73982622891324,-101.36247928218206,-99.33377934086843,-99.81963834839891,-99.21298076676686,-97.06809393661953,-100.61145213989049,-97.93695731887983,-98.456999218479,-95.505065042371,-100.73650166783307,-95.85431243854491,-95.07567418770635,-103.52317853927185,-95.86800934350552,-97.7158383092902,-94.43682814645534,-106.42316377498791,-91.75924040426965,-96.32412642739745,-97.10490287709165,-95.17985930361067,-101.81252686054482,-97.88536338448499,-96.56048764118813,-98.37855524622744,-92.81287422837724,-93.79950041504641,-106.87234604609313,-100.2854531775958,-102.27259254072341,-97.79347797738257,-92.0491165020358,-101.30790098682711,-95.58479807142857,-104.67294353651523,-97.91713165502969,-99.37321852549287,-98.089735287225,-99.39467561185764,-98.06432970253643,-98.82251188114518,-94.02668699652908,-103.8486970546054,-102.10819366663638,-96.29623394877369,-96.14446171150134,-94.58347930438677,-97.99827173303565,-97.555924000704,-98.20165481327676,-96.83909841135902,-96.88489663740133,-94.67131143790932,-96.28961318485486,-98.28864529792214,-98.79371513893282,-98.55494248093325,-96.82869334480172,-99.37268585613663,-100.17307288829299,-101.75495492947137,-97.76300468685868,-98.66196335975818,-100.64381859045048
2025-11-02T00:11:50,AP_5_48,5,48,wifi,5240.0,0.0,0.0,-104.36550215926741,-98.67489738479404,-95.69883065500314,-101.40500430314805,-95.85137824954013,-101.68722781202285,-94.21783278836547,-99.50207355106511,-94.5059881824053,-102.73321954732339,-96.1085492168696,-99.78089715346101,-95.06208388868289,-98.9455730057308,-98.24468207985086,-93.59274882251464,-99.74783280493614,-96.75830072173312,-96.14376270979474,-96.94513397748698,-101.50312586837242,-92.97387926818999,-98.56799741674473,-90.21953326273768,-95.26044410853912,-94.66972392488756,-99.13761289113336,-96.9065031507939,-101.01374669798412,-93.36577338119041,-97.08160525396146,-98.37898197270611,-100.01623287326974,-101.27042007642248,-99.1060129583651,-93.72055867698553,-96.98867137921883,-100.30635635277727,-96.08938391820341,-98.07250922157849,-91.61831112141053,-95.6738428836528,-97.85234656780834,-96.86918339732338,-99.60930491838027,-96.83924406137264,-95.6792451134524,-100.72303467478918,-98.1421950826943,-99.48011128399779,-96.26686132458511,-95.74239759811942,-94.71706116329942,-97.88908252523086,-97.84198847150313,-92.95332202895158,-92.97016141088844,-94.57880777101654,-99.74418544315168,-95.02339002630598,-96.77016258405673,-94.9592263109806,-100.00203383212035,-98.0972522275139,-101.55421789124514
2025-11-02T00:12:00,AP_5_48,5,48,wifi,5240.0,0.0,0.0,-106.38815606016983,-94.74599107468453,-96.94462717082993,-100.97897756200025,-95.11484861875691,-100.80991266383154,-103.25680852902553,-91.38461525715306,-100.1823610789977,-103.60770129730311,-104.65822039251334,-99.33597412207216,-100.75985050240014,-101.55661333847259,-98.02808349557552,-102.36040944138746,-94.82476318897601,-103.24238704421886,-98.43677934650147,-98.15911440153002,-92.88014572310693,-97.324818379283,-99.05771373442032,-94.50930179049583,-101.18973559465029,-100.92676699067415,-96.68559186366974,-102.34485592290858,-99.9198331757673,-95.24017841382602,-104.87741279581039,-98.25212260379804,-98.18180950484152,-100.47140794798777,-98.09332724819222,-103.27551251509921,-99.08251138580589,-103.13240866699171,-98.88366550572664,-94.64237641895373,-96.7991530308063,-100.38705903207739,-95.42639196938114,-98.74328872799938,-103.25594030659931,-99.65939762928926,-97.70696041453645,-99.19534213378755,-93.65221008671013,-101.21089835919506,-102.40402351527663,-97.74440142647659,-97.48362545863401,-92.53809095588171,-91.70889764109799,-98.59470535538131,-98.96662160265811,-95.54820824547556,-97.85560163856555,-100.1245707731406,-103.00015236688316,-97.33757767472045,-100.26996657505592,-95.70957375508098,-95.20285730370254
2025-11-02T00:12:10,AP_5_48,5,48,wifi,5240.0,0.0,0.0,-105.94216270086586,-94.99455176207485,-96.10587153268264,-101.55577156867147,-99.00809380483528,-96.81488332068426,-98.36629295651436,-99.2122326497884,-98.0642346358115,-94.54859676163626,-99.10587793835136,-102.73394995721215,-97.25905561205289,-100.6264254052887,-99.71579007077221,-100.38815019232511,-103.55358981222764,-94.40609973400622,-103.74005624609154,-102.77275051585104,-91.52134167483959,-96.43066841185139,-101.67795535287622,-99.50126036390357,-96.88032604061208,-96.89903197015826,-99.43254076674775,-98.9486910942428,-100.94081415737254,-97.15791651515529,-105.42261902777639,-97.7532565757991,-94.6599450032203,-100.06056697472943,-99.99392799300674,-97.62072188431694,-103.47984327059183,-105.65392496901259,-101.08754868553677,-100.62252224493017,-99.84418665983301,-100.22397058490968,-94.60208055758305,-93.9214185510233,-95.87830892853512,-101.31000469940645,-100.25522524013421,-97.57238886908532,-100.73152105723167,-98.62079825862851,-94.04480302578354,-101.88383516733474,-99.15818043579698,-101.0672563331662,-97.00593383013845,-101.65976959903082,-102.5736802286734,-97.14811963264548,-95.26394139555343,-97.12383652333727,-100.67424475379023,-97.85636752455231,-101.10331657173268,-98.17312635459315,-100.76652856674727
2025-11-02T00:12:20,AP_5_48,5,48,wifi,5240.0,0.0,0.0,-106.31806389878845,-94.77178199711794,-101.5082930951262,-102.80353861017242,-97.53241171183923,-99.76365061064486,-99.87374805887389,-100.15230044440858,-96.34598368832113,-97.59256157386436,-104.70372537197237,-95.43362298248593,-97.27313650343723,-97.3828812193594,-101.37359816108314,-100.32516762437324,-91.47124472855178,-100.07347231596518,-95.53458187059759,-101.74328648359923,-97.89830293181782,-95.47589541502319,-101.06134452977028,-99.6217150437162,-96.76594012574814,-102.27190057870462,-98.34912986418661,-99.92426072503999,-97.86607923337405,-99.33644852588989,-98.17979772992351,-98.7287758350951,-95.81254728773918,-105.8111879756953,-97.15963512657174,-99.03786605396014,-99.05018824887533,-95.9969217306057,-98.80445453486168,-102.18989891930569,-97.01473284809944,-99.03171943839195,-95.63355742553736,-96.18880597462193,-99.23815215755666,-102.85386449521008,-101.68793538480172,-99.8015979846794,-98.92745218271925,-103.53314509119288,-93.12041815848562,-100.11180300554429,-102.61500010575712,-97.53916419831882,-100.20326374543505,-95.80314955858506,-97.18584257429637,-101.48817878394986,-96.61757639192082,-100.8419262733032,-98.63129828706543,-99.86174873957613,-97.36325782920478,-95.66007564776527,-99.51456918589314
2025-11-02T00:12:30,AP_5_48,5,48,wifi,5240.0,0.0,0.0,-106.45850489227803,-106.56676900721993,-102.67888177609083,-97.77124270956372,-99.28739039078069,-101.04498231840792,-98.87640602424644,-99.35286100398777,-98.70663011956493,-99.5487743051221,-96.04411026944315,-97.49260151185685,-100.35948462470088,-101.9518480151124,-103.64241603743947,-96.70377144487058,-96.00882694496451,-98.55529350671615,-105.26040214010648,-100.48240963222887,-95.61999226500629,-103.7324033337508,-102.85297946920576,-102.37424989951593,-95.73922555659517,-104.1066619658591,-104.05754963909904,-99.87649433800384,-101.91285896960467,-104.64067736850232,-96.95449609029869,-97.73896470057412,-99.04718183968164,-99.51032764031577,-97.76724011675886,-94.07348406471166,-92.75007963281669,-93.46778492863069,-101.38182612931033,-96.47272846983952,-104.68019626113124,-104.4717623174842,-101.00980145733175,-97.22540033234873,-102.68270919877489,-95.70893906305469,-94.41515543522759,-97.39464249979386,-101.84933006321187,-102.47470490202926,-95.67178582899983,-103.81162593759163,-98.87692913760408,-97.8305510582795,-100.83109181529106,-95.28268525087297,-100.73633891226957,-98.94079019433333,-102.12277126491348,-99.84260917565705,-96.51225947611049,-100.52861228195556,-99.58594118343636,-100.57975186346184,-99.08420436972698
2025-11-02T00:12:40,AP_5_48,5,48,wifi,5240.0,0.0,0.0,-106.688609871981,-103.71957969075639,-99.4616414973198,-101.98146679626589,-100.06813777158466,-96.67558620666765,-101.27124185091101,-100.49802801195864,-101.29400398914393,-95.7757079321288,-97.02163994038392,-99.80774440464397,-97.64078563323235,-101.309732138969,-99.16525290193196,-103.98766448706176,-101.04696491566342,-99.36794282564654,-95.99333634323447,-102.43814450274449,-97.27553838239686,-98.8309301876623,-96.4918488531053,-98.95384657231065,-99.92182573930124,-102.58517222828905,-97.55226715364734,-98.71374898958862,-99.52765745831206,-93.45473731836644,-102.3235482665664,-102.77335867621457,-100.45873524844622,-100.88578116648621,-96.37039624739116,-95.29177409020517,-98.2594553485059,-96.10573274233903,-97.5822319360327,-100.12752659621552,-99.52350350321525,-97.07776516694162,-101.73268875099619,-102.20446229805728,-99.92442021706836,-104.62771405133788,-102.42519552092756,-99.11162837499852,-105.09547124966113,-101.31686183939566,-102.36447501456468,-103.89398376323065,-102.79900520814863,-106.47230332975448,-103.29526362209059,-103.43557212191577,-104.07379578885023,-99.22212902998574,-95.85790810121622,-96.70051004557186,-96.31745949505861,-101.30686188019877,-98.29453896435689,-96.20280391596818,-103.01334114410935
2025-11-02T00:12:50,AP_5_48,5,48,wifi,5240.0,0.0,0.0,-108.2250148653397,-99.9248429016633,-100.75564986478493,-100.94816312787448,-103.10431741839585,-95.58248183849325,-100.13986348641595,-101.72454188295823,-102.93606649767115,-98.44208194541874,-103.74613300136718,-106.62441160198902,-100.48170841472611,-96.09548498278313,-99.08261867808076,-98.01981018758156,-101.72915341912466,-103.14645392558427,-100.37573874877464,-100.30849731206884,-102.09982904785328,-98.08121198099649,-102.98820452338425,-102.16258134110775,-101.90884061758105,-104.8007219342923,-98.1281258537914,-101.72198545314123,-106.54041530167603,-100.22199704686521,-102.73685080110587,-103.83265407553513,-101.52666759276464,-100.0768340624206,-102.47400484072817,-93.85586308235611,-96.70360874011249,-102.3178422095976,-107.52962927120134,-104.1846001497294,-101.15638664505215,-96.27108796122684,-103.06939690057133,-106.49879164055446,-102.54165273751327,-97.39243614571251,-99.47341575673569,-98.57073434450783,-98.70775593330572,-103.89416985144294,-101.54934220412821,-100.57421017084744,-99.63643325684025,-98.76871142012534,-98.18842685804745,-102.36093167631572,-103.26937130932703,-102.6285198758769,-97.96285124608958,-101.0067539257595,-102.95298799283393,-100.01976285832677,-106.90508840883257,-103.49490115159136,-98.42718827985337
2025-11-02T00:13:00,AP_5_48,5,48,wifi,5240.0,0.0,0.0,-105.37864968684794,-100.83687442824709,-96.48427078817157,-97.30380007290772,-96.9847415887901,-99.18845984001966,-98.55408640083331,-96.01196448048681,-96.07866942977056,-96.49266545998839,-100.29245531317159,-95.19233235831915,-100.32810644407765,-95.36835702380611,-102.2467543279567,-97.88182429925016,-96.37164878944363,-97.76692514586334,-97.66472157550838,-100.53190210003368,-93.44171877709792,-96.53865024852172,-96.90038642023309,-107.26126175764995,-101.60435685636291,-97.76902017609189,-102.85113485397198,-99.22046599078946,-100.8526097073333,-97.16724108632607,-95.23701015090107,-96.14231800854199,-99.63861156513018,-99.31881504740842,-100.01358663684383,-97.87878790421742,-96.71624397256177,-96.2795436233838,-94.49328524443101,-98.37333545285108,-99.31057287106945,-96.84320032969543,-99.92380600396729,-95.3830009919611,-102.52792375144044,-96.31361559742095,-98.20577882131631,-95.17315345553774,-94.12096415580744,-100.90575753765604,-103.70798286682793,-96.47368228703043,-99.04896698822584,-92.63066943117032,-97.52769745828424,-94.69913140728256,-95.71037103419229,-100.10265467961086,-97.39045729740114,-97.08789605110032,-96.80103146331857,-97.73229992032043,-97.08186345234307,-99.70667469944276,-96.32751556941156
2025-11-02T00:13:10,AP_5_48,5,48,wifi,5240.0,0.0,0.0,-106.96538659844809,-102.84892599657728,-100.70775990191775,-103.59671485182233,-100.2970276891851,-98.83798945806254,-103.85633464598347,-99.8854226450258,-95.54252076375307,-99.85481960544777,-100.11401235610609,-97.68926785461792,-99.9658792237873,-98.20785771900898,-96.69171730537408,-101.42814734971704,-97.5437147589691,-103.90167872752907,-96.6365693157234,-98.77311011500134,-106.04375783422684,-101.30815976342552,-99.59264867267302,-101.73947548527094,-101.70249626031655,-104.03501675254282,-101.60297008607012,-99.29206425767973,-101.38620624038322,-95.8194752184708,-99.8170224155371,-102.05464811579321,-96.65873707284766,-100.07803217838512,-105.45693476804038,-96.27847061314878,-96.27007006094031,-99.80953168138424,-98.87344057677159,-101.91330436984629,-98.25478120628854,-104.49241057737783,-106.43574899413687,-99.29936577055336,-99.49570723307092,-101.63748666582121,-97.40546032942743,-98.4846360778924,-103.23651557830611,-98.73830642728656,-97.06417514055337,-106.99159877874919,-100.61551950161903,-102.9408781401808,-97.16337527506167,-103.2410359243484,-97.78371633668259,-99.08810922326917,-105.52633709811444,-101.11443614611963,-95.93180422533571,-100.69391048074533,-100.36848246440246,-95.7821418397032,-99.67759320028202
2025-11-02T00:13:20,AP_5_48,5,48,wifi,5240.0,0.0,0.0,-106.8110410640235,-101.39076237030947,-101.00022043730844,-98.35754723628887,-101.22402493133055,-106.21100235289646,-99.14093914522319,-99.58837923357304,-97.70379841504855,-103.28498519510549,-97.38156060451001,-101.35387390089801,-101.41361007473171,-99.04961503815811,-98.10613744417181,-99.09457793606062,-96.7125589145957,-97.22829234493693,-100.52636296491859,-95.96604877064877,-104.47835395086398,-100.43951256208277,-100.61036817347433,-101.57808004886415,-98.27188149863575,-97.77481713777968,-96.1588911759398,-100.50762417667082,-104.23384789596358,-95.87823096833677,-96.51223613620729,-96.16456326237142,-100.82290888230645,-102.62327463325343,-95.22750188592933,-102.57098278437923,-97.05754057822479,-96.20954336213583,-100.36940098337499,-97.34168826193692,-102.47147311198701,-102.54843918615448,-102.13025725214476,-95.94464882225374,-101.8398469003062,-102.00404921189627,-95.95526622743104,-97.11312110134519,-106.31983972482088,-95.60241772528397,-94.83761909193896,-95.80639805770058,-97.60764172231902,-101.55155929841204,-101.35812373075142,-98.68000572439419,-97.27808015796494,-94.22452335503009,-103.6988196041599,-98.60831496427933,-103.7880207254589,-101.28065260802003,-96.79116618616317,-98.88889386609476,-95.31775418059787
2025-11-02T00:13:30,AP_5_48,5,48,wifi,5240.0,0.0,0.0,-105.85961022749326,-97.90306088675653,-100.36221431349887,-100.87630065640121,-99.75330432087506,-96.65538986314711,-102.891171161234,-98.19172504927685,-100.98314268402784,-96.61984792246369,-100.72901220242247,-100.41626022051794,-98.12750324186787,-99.84828204305784,-95.95407525445574,-97.14969048679275,-102.6888796999062,-104.96995074092668,-96.74269481037079,-99.66891453722084,-101.68011660845411,-97.41565597959276,-98.24579981374517,-94.80873440852278,-96.34071720884717,-95.41696001860456,-103.23335747170165,-100.40493742271246,-98.73767115797223,-100.94785087837515,-97.53974107294268,-97.94638597687127,-101.3561350610758,-100.27282978176882,-97.26654505096263,-98.87793465943803,-101.0343667376069,-96.96747495851982,-97.10422212613634,-100.93069551740432,-106.9018940491591,-104.11757552040962,-98.93705925467644,-96.00771393445412,-102.68070388892242,-100.29112716864992,-99.45349495535682,-101.99838112744493,-97.18393031839747,-96.75884248629659,-102.77952530575158,-101.84688312496672,-103.34894008167132,-98.15701997663463,-100.34872895002167,-100.92727036853,-98.37535403360488,-96.84291173957502,-100.59507008122054,-102.7324861699537,-101.07147893665059,-99.40862451762963,-97.77378427192116,-100.84024506586903,-99.18209924875964
2025-11-02T00:13:40,AP_5_48,5,48,wifi,5240.0,0.0,0.0,-104.78823948687888,-93.26876975150762,-100.93079146182104,-96.00733346143515,-101.53800763249026,-91.90609687936598,-96.46090086201346,-98.90390399734589,-97.5762732670741,-100.0859456575568,-101.65863379508295,-94.438852786517,-96.3940560469581,-95.93744489900095,-93.85531950272599,-98.56004882432825,-99.04247807032348,-96.21825770845606,-100.65723247721496,-97.84602478283728,-96.92304607329372,-102.67637188835059,-98.77731717567136,-94.05634285393892,-99.19335006799527,-98.32116309336877,-93.71944765637242,-96.28826717215794,-100.63105557445168,-96.65276022602806,-99.36069310488881,-94.83382583880439,-101.88420772359738,-93.62112670256766,-95.52933861043479,-97.71966362111654,-104.48678549000071,-95.19108798177989,-96.59690189501846,-97.46918763022848,-95.60761951492313,-94.54742466791318,-97.91361640086811,-96.74776090852136,-98.9466792199279,-97.98392346131341,-95.47604211432173,-94.37540255442325,-94.61740265815548,-100.61326784056186,-97.65543668724213,-99.77468851020048,-95.76403543721344,-98.00566141641565,-89.64428328692333,-100.01805237810821,-99.03283186557917,-95.7225611933547,-99.44227329990971,-96.4581049793321,-96.33937069516499,-95.4420376328437,-98.95914401466132,-101.63895005715263,-97.44048893422442
2025-11-02T00:13:50,AP_5_48,5,48,wifi,5240.0,0.0,0.0,-104.2520576635163,-98.43316654242959,-97.03438473636226,-92.27848721597464,-96.52860218749049,-102.86322713707806,-96.3092065982419,-94.64910687513499,-102.14526968220991,-92.54882728726669,-96.75900006061747,-93.64381934994537,-103.41087268462215,-96.25793422648314,-101.4319502407615,-103.61709697560748,-94.51988805847286,-95.11424942304944,-94.90729016159887,-101.70945554740356,-98.6206028784744,-100.98851586622924,-95.17265659105354,-101.13964322991475,-98.48637142226332,-93.72024637879464,-98.43710306271946,-98.7722012627835,-95.85182306487793,-98.46815239219023,-99.31311009100342,-100.98750565297505,-91.8822915373687,-94.62071926577427,-98.08105815885968,-98.93450200049254,-101.10123617946216,-97.84106040033626,-93.35929077298174,-96.43086867654107,-96.37888506510997,-95.97250137184919,-97.69253583076433,-95.98856507051885,-94.41822296868084,-98.62234926703312,-98.11367744690523,-95.38042022311944,-95.24586490727691,-96.47424170286463,-101.18544857127182,-90.06812301870161,-99.62835516091059,-98.42897697291302,-98.28407151813768,-102.72653239189799,-99.23389758728868,-101.9467549065719,-99.5686614534129,-99.3383963669091,-102.04744725447226,-102.50145331125903,-100.30831974487612,-99.45849567093278,-96.45387252701343
2025-11-02T00:14:00,AP_5_48,5,48,wifi,5240.0,0.0,0.0,-107.71190527203677,-97.98165941533018,-93.88951269222527,-98.87203860462786,-99.89107445587747,-101.37950120702766,-104.54804849457945,-104.69522194254803,-98.4513582109365,-105.53846837081372,-99.62849352717468,-97.96153647561562,-105.73633335042157,-100.89790844710124,-102.46014084504259,-97.54973789120365,-104.33000279035092,-98.51101297197647,-97.7480311943014,-96.25273107210258,-98.59110825343133,-101.76442610385688,-105.66111140991735,-100.16036064707912,-94.8610918989687,-104.6025068041133,-98.56979872744132,-102.05173830796848,-101.8168405319289,-101.22580505544678,-99.69012519247367,-100.03855179774833,-96.76989539864647,-100.76664056912205,-103.88063781308148,-98.5184324519941,-99.58410619287123,-107.23915360987462,-103.07396159182395,-104.23862572318953,-100.74963441199338,-103.57189259521176,-100.51368047004904,-103.5299852645654,-95.56814995178921,-102.11961496780067,-102.20026454796057,-102.91768816624986,-97.25551964675577,-101.9382765416705,-100.74880287857677,-100.59080375042002,-101.79363701410722,-102.33445615764,-102.68842995139792,-93.09281481928858,-103.5703779469354,-97.55461524283707,-98.9190258758093,-105.18133433422544,-100.54109115059669,-98.98326293952763,-101.35992903267784,-105.93902753064526,-96.32072250667494
2025-11-02T00:14:10,AP_5_48,5,48,wifi,5240.0,0.0,0.0,-107.97555859079394,-98.14702419193071,-106.12308910581152,-101.49185436570166,-104.78809069736666,-101.47371716734195,-102.0784150731884,-102.75136737252912,-103.28896339529558,-103.06761174202246,-97.05207457814149,-106.02418710576691,-99.11113457933139,-100.94131332542263,-103.68555061871409,-98.07536984342254,-101.83881833407584,-99.89046763775168,-97.25966542251318,-102.35975910129756,-101.88290032990321,-96.7638745077715,-102.3827205804104,-101.42334949991753,-99.86476170224623,-98.83798794524952,-101.76700753070236,-100.4823164340811,-98.51477083082315,-101.46722570134413,-101.62175142158091,-100.64454009601825,-101.85207911554089,-100.44037945635824,-106.78847165785554,-94.26397377940572,-99.48847758707501,-99.14164651158522,-99.81607542612147,-99.8106126683342,-102.61793494256665,-100.01215749043978,-101.34451040124512,-101.54434322994958,-104.38720226323281,-103.11648639763285,-104.83189880502441,-99.85220790864885,-95.49791609674773,-97.76586963297096,-105.8710123276793,-99.80078262373387,-100.19386313762527,-97.78008978326255,-100.55608974420585,-106.31777949205588,-102.69249317518101,-96.22032702283995,-102.23086242099959,-100.11945632179538,-103.66891523459248,-100.15833984137103,-98.10667487075752,-101.46702184024774,-95.79341289039192
2025-11-02T00:14:20,AP_5_48,5,48,wifi,5240.0,0.0,0.0,-104.77519147598994,-99.56606160532469,-98.88610050790436,-97.36330769091482,-99.94626600454464,-103.87954068549318,-98.5529825037158,-99.36784598201658,-102.18074313288568,-97.16000675551494,-97.55558975076023,-94.0283103703842,-97.46403360849334,-96.37418667029714,-100.21112842372882,-97.35375377262041,-95.00026090050352,-100.67373184069803,-99.34094041552376,-95.50408100286455,-101.09692966221046,-101.95637683623823,-93.13062958633252,-98.94113703427708,-98.36480035716495,-98.26444112759764,-103.32473017351045,-95.95827791078602,-96.0642496588074,-97.69767424784088,-97.00206583091816,-99.2741106682495,-96.20344315675298,-96.04224143075773,-100.6582292675389,-103.54680200948995,-99.33600015873651,-96.72611514470631,-99.69438982142405,-96.05107330041893,-103.97376975280456,-94.29772076710282,-97.61019193310688,-95.00787263743133,-99.09860611897551,-102.09694168382171,-100.65273894144232,-97.18169878185076,-92.66431452016256,-100.9602665056314,-96.33813166912799,-97.12330112839163,-100.89203201817563,-96.53244977030258,-102.52819606547938,-97.6362500186337,-97.06797508123576,-95.9123272943984,-101.1012647449169,-97.30132702898547,-97.07697393997177,-99.40418863494321,-95.02707498112707,-96.3496266983945,-100.69575843843485
2025-11-02T00:14:30,AP_5_48,5,48,wifi,5240.0,0.0,0.0,-105.99404541111146,-105.50682273339712,-102.35333414812692,-101.30885579413545,-99.0712502524094,-95.55109434952608,-99.43276828262219,-103.3099162306765,-98.15055414708887,-91.30897855238375,-99.85305202468489,-103.09986091548055,-91.48885669488283,-95.06476425121494,-98.66755563410483,-103.69519526692643,-99.12880160564227,-99.53633461029717,-97.8762762258933,-100.88528753190336,-96.98816171584426,-98.94724196250122,-104.25296203971854,-93.06529275178809,-95.17140066792362,-101.6415076633436,-98.02178742795452,-97.18510248580645,-106.35747760031695,-101.65274693380022,-99.49867564967039,-101.67977060343829,-97.877099674611,-96.31235817460164,-97.78359485350695,-100.26790130684826,-102.11783113703895,-100.0806175917966,-98.26846107566912,-100.90143807511932,-95.49593170518266,-100.63125091907186,-101.88442430487645,-98.5610629441304,-102.5455817408245,-102.29370135665009,-103.65213782106918,-106.22648022867263,-97.95467516877346,-100.78471232040555,-103.10505144894567,-94.10105226000944,-104.2213101950546,-98.89590813421253,-102.53335625729937,-97.55405973887787,-95.82123732565239,-95.07444733892369,-99.44545586329075,-99.28068719735417,-97.6795942036552,-93.02166339061044,-97.91426150020379,-100.11970661301086,-102.86653535779793
2025-11-02T00:14:40,AP_5_48,5,48,wifi,5240.0,0.0,0.0,-105.72847278753109,-97.72260433170462,-100.55983621837993,-103.736270245829,-98.87194523483807,-101.5561564706388,-95.40887824414031,-101.45242752014693,-100.62576874689255,-99.03421050866251,-98.00872793600526,-98.18349707267862,-91.7007790201809,-95.08508021688627,-102.19056537018837,-102.1213153590295,-96.23304019572394,-98.97267068530063,-99.03689313253328,-97.51899931459559,-99.96734365340689,-102.08145169898773,-97.58964564209596,-99.44036977493397,-96.79921038281164,-102.70592925330536,-96.80551662370675,-102.77927951990948,-99.70048433748075,-93.16093526310217,-100.55736932414618,-100.60227681260382,-99.4126469622571,-95.45329012806967,-96.50336575296944,-99.13286952115669,-96.32946088337816,-97.454071953822,-98.0775609486219,-102.3745972096248,-103.85707399419877,-94.19233888198588,-100.73197511074149,-101.54423030259115,-103.24069390754154,-97.68608946961908,-97.65855333106205,-97.00739928260536,-95.26314437394895,-92.17443889706117,-102.0426275995133,-98.41306597364277,-94.73793057408407,-93.35702454619044,-89.98031721017364,-96.14289858520121,-95.17689135107106,-104.35731922890346,-92.5975814964835,-98.0675586858619,-98.80247399952708,-98.3484094463458,-97.98618265544243,-99.33043550235149,-105.95187198770886
2025-11-02T00:14:50,AP_5_48,5,48,wifi,5240.0,0.0,0.0,-106.82626664479172,-102.6808544629828,-102.46453351383424,-99.39226416550026,-100.79368634264655,-101.34024496101739,-99.59584871440593,-98.21962053320082,-99.04499696368921,-98.54101413262137,-98.8259262369244,-103.25057454989444,-94.24631075133863,-98.31152914906666,-99.45845606205249,-97.4410814339436,-102.6318277440097,-98.1824012345918,-101.2704428993073,-108.48117466313225,-105.2653356743568,-101.94749443702597,-100.65030508799549,-100.90391112372369,-101.76452451674655,-102.22597324687365,-99.7134556511668,-99.74313747953072,-94.46665737447842,-98.56997281317472,-98.11895746585269,-101.74249615471341,-97.4900627140901,-100.5064655991177,-94.69420434997829,-101.0775881212449,-95.98415079933318,-99.76688764050232,-102.25511924491269,-96.1140486213082,-102.1113898885824,-106.39987484833186,-101.74210733986396,-101.85359858669025,-101.56195616619948,-99.01164127131769,-104.3954068819807,-101.12406314480322,-94.91525357449817,-97.99807120411018,-102.09132497884528,-102.55712438485541,-99.37504014021121,-99.22189067607687,-99.18639256449129,-95.98928170945487,-100.90473406291636,-98.07875778701714,-97.65996720199216,-100.38340187493172,-101.81307949483733,-96.61827825289124,-97.75142830010175,-99.84626028139654,-97.13540804629311
2025-11-02T00:15:00,AP_5_48,5,48,wifi,5240.0,0.0,0.0,-106.3863247375273,-98.46163580193063,-97.08870209190933,-102.04927086073994,-102.5582029355722,-102.18994208280098,-98.18818621027233,-97.96100728224751,-98.93304515382665,-100.00971641794388,-95.9972958766595,-96.45210936798233,-103.40160285291087,-99.93977553931565,-101.34562429868949,-100.7872338250445,-99.38333839670577,-96.53181678109357,-100.55348507730383,-97.06978899905005,-98.12910904866416,-99.46306070453144,-101.38986675640002,-105.06771482768798,-101.64466456181812,-98.90474858809401,-101.02239551077804,-99.22088737515209,-100.70056701230445,-101.70314183912285,-98.94373959876066,-102.28734954440145,-99.473035384655,-101.40581744724528,-98.65091113145601,-102.38393778249925,-100.62143076134302,-97.66521695564906,-95.25415869812421,-97.2496010335374,-97.01222681148212,-102.52403114210924,-105.54876038873334,-95.86510171567951,-97.83036859017098,-101.93682504089327,-108.05990352655667,-100.83828939575946,-98.20058031898132,-101.9687568559183,-101.78724962866391,-94.47684305609032,-102.49985202414439,-101.4207011440119,-99.42645100284257,-97.58032980751578,-103.69581947085055,-101.99447445627112,-94.10604106674545,-99.72721039350773,-96.51059663678222,-99.6762806164578,-100.23922792618737,-101.73798407951557,-99.30754301886263
2025-11-02T00:15:10,AP_5_48,5,48,wifi,5240.0,0.0,0.0,-104.4373289452885,-101.42945346332559,-95.32908514841407,-95.6738067489639,-100.1484413895941,-95.69185263522323,-91.10465037928681,-91.57734320817852,-103.60169666061958,-100.44823104731827,-97.08027787703969,-92.1090959126008,-97.66321100318605,-102.66767206374482,-99.20250222448927,-97.50696630621904,-100.58294893699977,-101.0038378567792,-95.63461896800007,-94.0268345217785,-99.02020653734826,-98.94694005288444,-97.39472057493333,-96.61888148025447,-94.12735134515252,-94.9812527442141,-100.41951666813496,-97.69984848766065,-98.99473224945433,-95.17552354733482,-98.66208779704668,-96.0099808099389,-93.01509192035998,-96.96691164796269,-94.36196805628285,-97.56069503427634,-97.65659976424037,-94.18551551304903,-97.37119468902536,-95.34886520301184,-98.4216286332555,-98.34376864862224,-92.82837959267934,-100.67297373519196,-97.94696538801777,-102.05009237347588,-96.30062388200005,-98.69342500970095,-94.83443236036868,-92.52179807827541,-95.54597978196175,-96.50045368130196,-92.65596521738857,-93.18984806458451,-99.10832893437441,-96.6254922726034,-93.54969227497166,-98.33447277597884,-97.06413864012764,-98.37994734627642,-97.00935409493464,-100.88257407759082,-97.89880361947102,-98.71602268126256,-99.07938548922606
2025-11-02T00:15:20,AP_5_48,5,48,wifi,5240.0,0.0,0.0,-104.31957985442548,-93.5027742640129,-100.4161078689368,-91.99843439521776,-94.57755267773186,-93.20836677986422,-100.70206597406057,-98.54396006544293,-103.32881878261355,-101.24060797109507,-91.87363808305707,-92.48919969032369,-103.62304820880875,-98.26038435808132,-98.26074052383784,-102.97304561482305,-95.77719754968345,-97.63241270738517,-91.62038538632524,-95.12029671307347,-97.06440079658401,-93.12655214159574,-100.82628966713139,-99.00842522259431,-99.46459547210493,-97.80415038086767,-95.29333501147399,-93.29046059815025,-98.79041923559232,-101.29268237704841,-98.46888551512004,-98.35166354444137,-94.65355471211325,-94.0597669337897,-98.3155074244069,-102.29539572269086,-97.51470914184314,-94.9412667227372,-104.4629315903544,-95.22610592326248,-96.48052843513668,-100.78590257133399,-101.67234534092947,-92.8058151545397,-94.53996170944188,-93.81997971349733,-94.36330478893132,-96.07327076989282,-98.20535916399507,-95.41648724219803,-99.47356001428724,-99.06243620396558,-95.04950614396755,-100.89598543588603,-98.25661714982886,-94.62756004604054,-97.8914179614366,-96.10048343360282,-96.40751352848105,-93.76550439289011,-97.25318236167675,-100.42113419505422,-99.93757089025998,-101.55112476870103,-98.22087042358679
2025-11-02T00:15:30,AP_5_48,5,48,wifi,5240.0,0.0,0.0,-106.77978699404278,-101.04946905665852,-97.14155335684718,-99.64082973328577,-100.35255344532969,-99.77943048931454,-100.6151677429661,-96.08341546670167,-99.753243619784,-101.35004572032895,-96.01308357837412,-100.99312526681703,-101.8525453300377,-100.82884514895085,-101.01241487681435,-99.91159619297936,-102.42007394331517,-95.48927474607667,-100.19628841280023,-99.77225800781589,-103.16664762675614,-102.6770893162059,-100.99735116492387,-100.96657123082039,-103.2304627105043,-94.23509555917444,-101.2055221255326,-101.36740206558757,-101.82848829156714,-98.72634337779775,-97.33906268806817,-104.3458902482109,-101.03454585195126,-100.16700391771249,-101.03433735200811,-100.60669405432257,-103.53952856425111,-99.86713746338688,-97.79264608143099,-99.8934097513055,-102.35925827824107,-94.70472023669895,-101.30122905363339,-98.2036298294865,-102.5457317427288,-95.24219775062527,-102.19766625695344,-97.31854449497797,-101.21440997069423,-97.6152274577124,-93.52087863719174,-95.39343799954028,-96.12029122026273,-104.90935555164032,-97.28083317085303,-105.23391474888577,-96.79394595293724,-99.20393380217904,-103.63400812793535,-103.77127044341061,-102.36526498011055,-100.39767464743497,-98.65984156676704,-100.77795950622308,-101.7155319506235
2025-11-02T00:15:40,AP_5_48,5,48,wifi,5240.0,0.0,0.0,-105.42880079274684,-100.43687759248827,-103.75445476862362,-99.54545381012147,-97.75376656253742,-98.06146497574765,-101.66194595093103,-100.90868731490131,-93.8083789285178,-100.33106069970945,-98.93934298808463,-99.24243049017315,-99.70960266521206,-99.46913849677274,-94.27033807687435,-99.43197142947147,-94.33539282052598,-101.41646109286025,-90.57697037619775,-100.1165057223124,-98.99404507003256,-98.9555928311237,-98.26940528268182,-97.90213695955045,-95.85986645795947,-95.54887776881168,-98.37888868389858,-106.36766783930221,-92.23078900138212,-104.09074748544833,-97.38120955771402,-97.29421016386212,-99.27267261863307,-95.26460347432013,-102.8525176842188,-96.30065782883246,-100.11302877695587,-101.36297813263383,-95.5136089073764,-100.96600861139724,-99.87381616359048,-101.82456794079205,-94.04411323517,-96.7611558836779,-101.1750639352998,-99.71208028141541,-97.89674064091315,-96.90122094576836,-100.90541972926641,-98.32148340663149,-100.01823097652813,-98.56074869836934,-99.80470349807159,-102.34565137557303,-95.58385585479527,-96.90660826311546,-99.90511713841974,-96.56149697515575,-99.04592741541087,-100.5112785040584,-103.84689889977622,-100.14953505048545,-93.06927642629793,-98.87682590676134,-96.04135684479049
2025-11-02T00:15:50,AP_5_48,5,48,wifi,5240.0,0.0,0.0,-106.43493939253453,-99.26565231133351,-106.7888843667304,-100.41676587152618,-102.53794707734751,-102.81656343976027,-99.54762006592787,-101.68885904242703,-97.86662121209996,-101.09625019734574,-103.26267464891612,-101.21678554605352,-94.38255512900835,-100.55933436726826,-99.71664672795818,-98.12333268709044,-101.13895503102341,-103.2326843110065,-96.12768218080019,-96.89820537452911,-100.52415202282853,-101.89489005120475,-102.97348481369463,-102.4211769375999,-93.30397534045096,-98.08485706425698,-98.12818018281521,-105.67427337357957,-97.86392883456378,-94.56036956895927,-102.91155220156672,-96.98666943091649,-96.48139529866152,-106.8559948336515,-100.05161902334676,-98.94633238593511,-98.82323946437366,-102.07714981881541,-102.01045461524619,-99.9234216594428,-102.18307211086764,-91.39556774671884,-103.29263391319238,-97.81086652082193,-97.53244473890344,-99.99062898030532,-99.83476419022898,-99.77962489250898,-97.99015594544817,-103.66068379320332,-103.06024594988689,-98.14243670816053,-96.75020117531133,-102.50028924891822,-100.19400036170585,-95.53813637550894,-98.79112520248732,-100.09796928703818,-99.18598028147915,-98.84385504424877,-98.38276184126431,-94.7479716074543,-103.8419736234541,-99.12833052146776,-96.69275649075558
2025-11-02T00:16:00,AP_5_48,5,48,wifi,5240.0,0.0,0.0,-104.48439960012703,-98.93680975228283,-94.67661704362163,-98.42450876501334,-91.41970508432826,-97.9898710512412,-99.89777629994774,-96.23333078816266,-93.11638105134607,-98.58540810114302,-96.64598674651327,-94.73470535339571,-96.82425253024,-97.9552549081456,-100.54134104794511,-98.56023808584466,-95.44707641767094,-103.21481418912708,-92.27686460648657,-99.64796050505366,-101.63740877046024,-98.54257340140609,-96.82713944540754,-97.40835068985928,-91.31655162339378,-94.04504929433983,-97.04390169311878,-100.21929736710987,-94.90908679168169,-97.90339039715623,-95.41028910415821,-97.19234673504883,-99.23020043002447,-98.85226566111793,-99.60074694168291,-102.87616309513433,-96.86067644008997,-102.81752154968785,-101.45431902996678,-101.33888373754756,-97.07849716190736,-97.14548708368883,-94.02925149231996,-96.23088472103177,-98.2718594877081,-99.81666484161917,-94.70140236259527,-99.64910668281526,-96.23316961842153,-91.50003464055294,-92.68835354270145,-96.58907293228756,-98.63766135557285,-88.8146387679047,-96.31935882481484,-93.65760317528155,-95.74451361568427,-96.95732615731346,-97.29676038615939,-97.82019413114057,-97.74720269110415,-97.1244667561209,-98.52940595756246,-95.29738317100072,-91.872414210086
2025-11-02T00:16:10,AP_5_48,5,48,wifi,5240.0,0.0,0.0,-106.47243027558346,-98.59194205124741,-99.3519434354986,-98.03431639565974,-97.19642640866161,-100.66719040361357,-97.76843166142976,-98.80136421444176,-97.56351926392459,-92.6203590026324,-100.08569486721022,-99.04179826152782,-98.27132986119551,-97.84835024859316,-100.34566682032062,-103.46553263768455,-100.89022448566864,-97.65505881893063,-98.72141986148212,-101.41061982764462,-96.75100788430896,-99.22531227915303,-105.38536367257032,-100.6395046146874,-101.22360193782876,-105.90696297922374,-99.70352745410622,-101.77471498968248,-99.27414380475287,-102.66385949982042,-102.05780337696402,-101.38959111680445,-100.56094806148548,-100.3031594973804,-105.12529344875063,-102.77815232371904,-102.29721173085427,-95.52297157053013,-94.84581849691676,-98.69364503398381,-98.9148004041059,-101.03984726721076,-98.16886177396466,-100.68940528881176,-102.15023537724434,-104.53517052474128,-101.36314302673938,-100.34494030738045,-103.95969476062001,-101.39268198323123,-98.16798004728355,-97.36605475500374,-94.53224472532887,-95.52345713068073,-99.08571078084155,-96.52505228593537,-108.09973902950648,-101.93129651530153,-97.9295315928448,-98.82472758709605,-96.15560551083674,-100.28637741437262,-96.31575013458453,-97.1078355891959,-100.94163448895779
2025-11-02T00:16:20,AP_5_48,5,48,wifi,5240.0,0.0,0.0,-104.76469406061919,-94.7016030599978,-96.68998572916982,-93.15109042314663,-98.90387895782452,-91.46591463318782,-104.24412110180145,-99.0377050425436,-99.17889745081952,-95.54108879690291,-95.05058509097637,-99.05975855700278,-99.50359782365932,-93.3598099753879,-98.79802581923114,-94.53763442590592,-95.99371000275575,-95.10170566950102,-103.6975444007586,-97.23758966879409,-95.95977616982688,-96.58373217501199,-97.59069038617626,-94.86099597211688,-103.48197323053616,-92.89315882755162,-97.1107802596154,-100.8582129667426,-96.36676423782492,-93.33218688989012,-97.22903801309334,-103.34222730423394,-97.80582794756715,-99.06356217206836,-100.57019384217195,-98.93775496631355,-99.93593176419785,-99.12666322547011,-93.84627879412947,-100.57550867671182,-96.82708033295293,-93.11242564747228,-98.74026487482108,-103.15259948686762,-97.57201292155179,-95.75136329976809,-94.01052354023021,-102.31880294635431,-97.98819726775879,-99.84173126713293,-96.0499059550181,-102.06503388842984,-97.35893332515278,-88.60905781784349,-97.18894616494528,-100.80837657320924,-103.15305991573668,-101.89157526382859,-90.53703551832575,-102.36985804866397,-94.7580283543124,-95.60223675244261,-96.1872710314197,-98.0693098591673,-95.72642207772725
2025-11-02T00:16:30,AP_5_48,5,48,wifi,5240.0,0.0,0.0,-105.7630114642699,-99.49878760565709,-95.61791043253272,-99.3764060004627,-100.24784809801142,-99.20124487140366,-101.6230836172505,-99.83244281752111,-93.65400566255362,-100.2864039686983,-100.17215992440124,-92.86474717302573,-97.94425190321068,-98.69702357799929,-100.99261135204301,-95.82899747513972,-98.29755532854416,-102.11388652092147,-94.43710509539356,-101.11735430206458,-95.88489388651524,-95.58408002400735,-101.5178763641363,-95.20819761422128,-97.48479794366868,-105.80742839683403,-101.1446466220002,-96.25562464656936,-98.66096936359004,-95.29872352188985,-100.090803940651,-99.78724499777717,-103.45822704605754,-97.90506820691418,-100.74128939411449,-102.56770147898119,-94.47640521473528,-97.87680922961249,-106.08372197498441,-99.86171783631204,-96.6970922792912,-100.55886688943487,-96.29212278745702,-99.60999511091974,-98.59600945495772,-99.29477699669255,-92.79943568336638,-103.47964986074655,-94.24111222956793,-94.06556252468752,-106.77315022326778,-95.92115788014031,-103.90515644746648,-95.26289584432551,-93.64360159541337,-101.00769786580862,-96.64633481947352,-103.3577664833844,-103.23036558528504,-98.69675539502057,-94.02858952260628,-97.03298467226047,-96.12780410609881,-99.9774791532537,-103.07418695205482
2025-11-02T00:16:40,AP_5_48,5,48,wifi,5240.0,0.0,0.0,-105.48194208031134,-98.80487826254232,-101.01399919923347,-104.21893807966838,-97.19135456743606,-99.57223661892456,-102.0449243444042,-93.16183526024861,-101.69714520297705,-93.96605662346039,-97.00883743035386,-99.61030571209893,-97.05433501303047,-92.50042751542789,-100.72941816535663,-100.9436697368422,-99.38167117266043,-97.25543441909777,-94.5424441067625,-98.79789245560204,-97.64745771376458,-99.22616315964959,-101.70985837720464,-98.69767896941033,-98.17014358592795,-103.68149562631797,-99.46781468764289,-96.91137509931701,-98.9955924605261,-98.91341140433218,-99.38487811651785,-94.27758697985362,-96.7997292036709,-96.95303404394345,-96.91308673990976,-98.40391846169702,-96.67075698225378,-97.23277770297055,-97.04048971269636,-102.2811010986419,-96.01106029143705,-96.79247730439882,-98.49733771344154,-98.05152680323067,-98.08594029075522,-97.27657989674923,-98.99351732378742,-99.09653560561125,-100.49170291963274,-97.0082341166397,-96.90081467760497,-98.22508583771963,-100.7548289407928,-103.19884100328085,-95.52552866115556,-99.90611490536932,-106.10910630650764,-99.75432968007364,-98.5887248596144,-99.58591462668036,-97.4387095447432,-95.34697514750864,-95.70960536478255,-95.89092569753953,-99.72343160736389
2025-11-02T00:16:50,AP_5_48,5,48,wifi,5240.0,0.0,0.0,-105.4182872563414,-97.31566167664982,-95.35228905840373,-97.5860712544681,-94.5628041119644,-99.62900207486929,-98.0525731366988,-91.17166570789718,-102.2015014711468,-103.77471347460508,-98.28992611322813,-96.34439786160198,-92.51426948277397,-100.49945821140852,-95.82059658260253,-95.97553156399003,-94.71363033140665,-99.04913753934431,-101.4451331689765,-95.8216427945723,-98.50150139089958,-98.6683348205919,-98.60674683123486,-99.81107977156685,-101.44051220098798,-98.23823340848512,-100.37655707008057,-96.58186376526734,-96.49776545389996,-100.72234483614943,-101.83462054663038,-95.1952080795461,-99.73597946114201,-99.36050997824306,-98.60173411873957,-93.86337844377711,-94.61621212272999,-101.72967814336315,-103.92641165147081,-96.96797018046153,-97.30495852546659,-97.19436253486177,-97.2088110241846,-95.78679032470629,-103.15425294978127,-102.66739810343165,-98.0197210358908,-98.73531063452589,-98.29080337603315,-98.82135832003758,-99.84270700469803,-99.61051338389542,-98.13502394249743,-99.92054116731333,-98.70409436543004,-99.19141581179613,-97.7616406522041,-99.58494805830027,-101.20509378678707,-103.1293236002048,-91.33035016652661,-93.80849327186044,-101.03927944249729,-96.43081555100309,-99.52943203571832
2025-11-02T00:17:00,AP_5_48,5,48,wifi,5240.0,0.0,0.0,-105.78887591755326,-95.80173985490303,-101.74456690346541,-99.25511706531245,-101.20963645216042,-99.6040264396965,-91.75350955300843,-99.32584561295013,-94.98565923564077,-99.42459752728422,-100.11328177326413,-98.32582433907363,-94.31960998771056,-92.55722315896752,-98.12724598495726,-92.83916304722602,-97.18981708047244,-96.09436705948175,-99.16310062825352,-95.14687594922187,-98.26340985744052,-92.92546121810027,-97.20436042976961,-96.88671541660952,-92.92124750640902,-93.2771926579791,-97.61766914050185,-95.19974167887727,-95.2479318248391,-102.57931020016869,-93.53185369404697,-100.95388366934336,-99.02296985702206,-92.64858612208303,-94.55383272787297,-99.81985543307194,-95.56302179981539,-98.05682738853264,-95.47008766975284,-95.31934828233821,-101.62129655256994,-92.70643897180929,-96.13895758866703,-101.08147012418966,-104.04735438027461,-95.64546882650299,-95.69849688979421,-99.97669457894423,-99.83045950086357,-96.51095075765737,-96.14099495654008,-100.11631541827782,-99.7388492142847,-100.8126871494744,-95.6151296641676,-96.33425399316715,-92.69785787626003,-96.4339941815301,-100.57532411573413,-93.77452144894835,-96.82919832049134,-98.41519293922128,-89.51550272763602,-102.78598567463129,-96.53031455215661
2025-11-02T00:17:10,AP_5_48,5,48,wifi,5240.0,0.0,0.0,-105.61459430414241,-100.74220150774312,-96.13219586796512,-101.46267650219713,-96.58863138927853,-103.99812553124194,-97.87962179980086,-99.82130371890116,-98.05946699450963,-95.24606765177516,-100.44024840499209,-101.86645781866106,-97.76011645818059,-101.76266020461668,-91.96224800489291,-99.42399133478663,-96.95838175428231,-97.84367378724596,-98.0026701701419,-95.66771747858054,-101.80675941092083,-95.15766021698003,-98.82278852299056,-94.64855470759584,-101.39697221578204,-100.12557117926158,-89.40107646796295,-96.84230582390855,-99.48646431178612,-98.04361476628878,-95.29299134841214,-96.08656524547357,-95.14596084857838,-103.98691584354329,-98.45192246050458,-97.4313570913001,-102.45170833034203,-98.99999722872208,-99.08393378350522,-101.36327401357978,-98.09513850242074,-102.05456375782921,-100.49166211139766,-95.51220574857479,-97.51141473541928,-98.41551407502621,-103.39343783535831,-100.77764130127586,-93.2131041412071,-99.1600602305721,-99.80402422136137,-94.11780878814812,-96.23898874014365,-100.25897019772137,-98.49703254087312,-99.14115778818947,-103.77585252463821,-100.65674538846169,-100.35314802358785,-101.18796618362663,-98.26500069828192,-102.18478856265658,-100.69068691341774,-99.46178960871674,-96.9929378703298
2025-11-02T00:17:20,AP_5_48,5,48,wifi,5240.0,0.0,0.0,-107.32393074039658,-99.79172427704076,-96.66840360012849,-101.48045261398067,-99.19872769858688,-91.79992377062315,-99.60567610623943,-101.69688942126827,-97.54845205354606,-102.05414170606167,-100.78231985413841,-93.76823681744814,-102.97991773186126,-100.29347661935567,-99.04455415139137,-103.23088512493393,-100.68199055603192,-102.76990333094913,-99.76249695024578,-102.27998585800455,-99.16046771757686,-92.62324711868317,-98.86558946879089,-98.98111698428393,-104.0881069927905,-98.59759099987865,-100.18856223151211,-100.60699373965055,-92.94288693810859,-102.46048396501172,-101.34920634316086,-101.99973235549116,-102.00535118812678,-103.80422273303884,-94.62655716570663,-105.52863117388739,-92.39382529173695,-100.43217400784229,-102.40582712595385,-103.67884947523316,-99.00670879993794,-101.29320069360271,-102.44240002778858,-99.93368991611155,-97.56963333013258,-101.0195882463598,-101.30827777566358,-98.557937226614,-99.97565187410267,-98.74832721129896,-97.20921956279103,-102.45471165659136,-105.41660122442504,-99.57685337343618,-101.60570543926222,-100.41037221268213,-103.5079042138881,-100.42670764477239,-98.99604168222041,-100.66201830130392,-95.41204090429278,-99.6623613538881,-100.5122124163055,-95.87963744248327,-104.66559471406676
2025-11-02T00:17:30,AP_5_48,5,48,wifi,5240.0,0.0,0.0,-105.58239476710921,-96.82708898694078,-98.75630770303769,-96.93294306458937,-98.86495418519665,-98.53607279273272,-92.91669597252962,-98.9735417857496,-97.5852965333694,-100.2475509857616,-101.95237761390048,-96.3799537077566,-99.94642471677449,-100.05289924299409,-94.23929531048825,-94.76026172104974,-93.22444038989758,-95.24999843980106,-97.06691910557994,-94.72148656148104,-98.66144371674963,-95.02895704376677,-101.30676865799741,-105.40903876311353,-96.59964771048618,-96.99400493978901,-98.48167355303201,-93.499445206759,-102.13886148637698,-98.25035049756396,-95.73452077589842,-97.81335280892034,-101.25676869989401,-95.24967241760321,-95.71441587031494,-96.09707790064569,-92.51729240273842,-102.60064406512855,-102.15777317584408,-95.17980330277388,-103.41432533733334,-97.28649620257663,-102.35978197828236,-98.25675311942108,-96.01728124006743,-99.77449022086017,-100.00411238560406,-98.44563086308007,-99.77564874038998,-94.19394689185714,-98.2199394492897,-98.8529126438144,-98.31241552979786,-96.07362919755839,-103.3196508874729,-100.28273280755069,-101.200859113712,-99.41889984697033,-98.01348617235767,-101.83737167284264,-98.52274045808903,-94.86938351152918,-103.31635822952688,-101.99300241074725,-98.17676514109829
2025-11-02T00:17:40,AP_5_48,5,48,wifi,5240.0,0.0,0.0,-108.4489142071508,-103.59964985724372,-98.51247822033375,-101.1454487446224,-106.116671124103,-103.47767976889422,-106.34213316672538,-101.64617404602977,-101.43279407994535,-105.15211908897614,-102.27523541768545,-100.65258383738588,-103.14915845814711,-98.76947064610007,-102.32896359148947,-102.27069177584045,-104.0875602931171,-104.13100433551865,-101.865272533174,-98.3118736177517,-94.92036444640729,-103.78140994540651,-105.50777021354094,-104.35363479992277,-99.5862591768516,-104.27488641515,-97.28637193706922,-100.7639394350578,-100.83522737142887,-104.67864798837391,-102.33066557994786,-98.47597989411447,-102.76977998970241,-102.04108776075218,-107.83917858777316,-103.95156825440372,-100.9079119075173,-102.39593825294745,-104.61625131457009,-94.74434043043907,-101.74851219516555,-99.37390695416256,-105.89148981303859,-98.77126111238425,-98.43068352606906,-102.93596537418789,-101.67378334920546,-102.98061533279699,-104.69822627577061,-103.46477864718645,-102.07994397240637,-101.4912141064511,-100.03060992594678,-98.80818684745478,-102.15927355252165,-102.27143468022105,-103.30439493791683,-99.61077332355498,-100.47471848113881,-103.45054622546179,-100.88480267163612,-95.44417037381174,-102.33711201368499,-101.4524237691351,-102.18014037590224
2025-11-02T00:17:50,AP_5_48,5,48,wifi,5240.0,0.0,0.0,-106.11146920867856,-99.25304534804518,-98.18229333744327,-98.90253158027406,-104.57403058797088,-99.42987713795917,-95.67294943270062,-99.48976386871091,-101.85415818019133,-98.61954925808605,-102.280029211589,-92.93466312863654,-103.99714263782522,-98.91041683999705,-96.05737886336759,-96.79273328657678,-94.82717921327655,-99.53549843916545,-100.9241498459116,-96.29882869288852,-99.84666978293198,-98.78493918251768,-96.68510992562987,-100.77162359307431,-106.09852573253089,-95.04582395109188,-101.71214882395307,-103.57008623213923,-101.33393302503364,-100.37639809391314,-100.7415141168808,-97.00392348151917,-97.03188008397393,-99.615418918481,-97.58717285070496,-97.48110351419501,-100.05920420436445,-98.08871464481362,-94.53184844452959,-99.2562863903466,-92.1366819493011,-96.19550324056401,-105.15207039589362,-100.21175780220466,-101.6917961033379,-101.5877443971726,-99.84439145353709,-99.33483873072038,-97.60882587713694,-97.03617420331838,-98.22629133079907,-100.41579697502739,-96.51771074856012,-101.2734135702588,-98.63526279500881,-100.34060631956326,-94.38648313299976,-102.19516356993645,-93.98352391795171,-98.90069927073114,-99.57655987650651,-97.82151945532098,-106.98509569145611,-96.41090684728206,-96.53082640609513
2025-11-02T00:18:00,AP_5_48,5,48,wifi,5240.0,0.0,0.0,-106.37891278727271,-98.54240612710446,-97.23278755726432,-98.55618103700334,-92.21449814187716,-101.00664424940902,-97.65194462145992,-104.36815898879384,-96.87250715706735,-101.28783883347324,-101.33891781262719,-97.06217911257109,-94.98068543269447,-98.91562067918284,-98.0528679991428,-97.27184985880432,-101.69916479034556,-96.80726435635306,-95.91669069128531,-102.74464710233327,-102.61889125959293,-97.61264345252589,-98.13668487130529,-98.9425344456218,-95.22410190095455,-103.66149391640447,-102.28681712717932,-95.31377217561315,-102.71291799335825,-102.18692995005466,-97.64579080470958,-102.5479762626009,-98.12986281566965,-97.15793639946772,-102.81594388269677,-100.31938869269601,-96.50251650967078,-94.53186204723873,-101.07893693530266,-94.746207579642,-100.88944469288342,-103.27207283584019,-98.62323370581942,-102.67204037434854,-99.13758998336331,-94.43041241872417,-96.95184820932533,-95.5753519408002,-96.5011014038363,-101.21050440778372,-94.45441139078618,-100.40341552763208,-100.81849002437056,-97.60270670997446,-95.24605474624933,-92.91212857285191,-98.84393150512956,-101.49172505820428,-102.73980004419789,-104.14048542074245,-100.18513411339715,-98.00021020245654,-101.36737274061925,-97.22355986053329,-97.21235310424417
2025-11-02T00:18:10,AP_5_48,5,48,wifi,5240.0,0.0,0.0,-105.09807698912442,-98.9438656936362,-95.60773923170262,-95.60903513872181,-95.70963059244059,-96.210183298035,-93.59144357397021,-100.82380300868344,-93.95893895141623,-100.50842450228397,-104.11960076905915,-96.20239245169942,-96.45550821158793,-99.37725521524382,-101.1220912032424,-98.48006123765366,-97.13852009098328,-96.68231487660215,-97.94260940231297,-93.82973237476784,-95.319322800427,-101.94646229936782,-98.36623370067558,-96.21445715820755,-98.66753949991592,-104.21198228040679,-98.20444264564505,-98.39162967755149,-98.10814041592185,-99.99554008288631,-97.28347904131056,-98.03527788988227,-98.8542294865305,-97.61911082969073,-99.84176915312136,-105.08240131870268,-96.30764302820998,-98.59112937251068,-99.71989489598081,-97.0110453874664,-98.97153870420115,-93.59981169381584,-97.55871152954505,-92.77817174289557,-101.02047815894224,-95.90827846392234,-101.27463739453432,-97.43668002954632,-99.21553222282289,-97.85473470803974,-94.63353062716436,-96.84839959437598,-97.24507104045747,-96.15908441889724,-96.59186011934352,-102.94233813838444,-95.81211038662002,-91.60442541768101,-100.26549290205193,-101.32967507926311,-97.06207378769119,-95.3891654829211,-100.14944770837016,-96.84913949673596,-96.0880293929275
2025-11-02T00:18:20,AP_5_48,5,48,wifi,5240.0,0.0,0.0,-105.28477625968488,-99.79403168174724,-94.93183989833828,-96.6465659885705,-97.69676656189395,-98.09117290377004,-99.72558155339235,-106.11159343968527,-101.4712161571863,-99.15537608990296,-101.89251080319876,-96.4691786576741,-98.80885349294152,-105.16228429356408,-102.34780150782578,-103.23015238079321,-98.1996462325195,-100.60706365742443,-97.65185920322918,-101.47808944426367,-101.72409506792124,-97.66983407353669,-97.66790372541875,-97.55123210952937,-95.84722553412796,-95.3024465778464,-95.43662090544538,-99.44065848930379,-98.65681259166648,-96.29370544143052,-95.53213193774847,-101.25154836361902,-101.09479400841177,-98.53774538629327,-104.1642126690191,-99.55818271366942,-94.38204866676473,-100.53766926011465,-103.22823108174859,-102.93965757384638,-100.41125117863588,-101.71566750531015,-99.0922227776049,-101.78901465442388,-101.11407362853485,-92.98094179167224,-100.50265167262246,-95.24970964668418,-100.35863831616048,-98.96639491629765,-98.16633107067403,-98.13475977131834,-93.93891828983612,-99.26413091718635,-97.22431921693874,-90.71313563892714,-96.89065457067846,-98.52574147226782,-97.41339966128649,-95.24208216197796,-98.18736293027703,-97.22387688532822,-94.39002118087743,-98.1134200998627,-92.86895048392411
2025-11-02T00:18:30,AP_5_48,5,48,wifi,5240.0,0.0,0.0,-105.53432882679859,-100.79036439991367,-100.32546738387941,-96.99695875063043,-97.53445988957596,-101.2933132489471,-98.76858589666621,-100.90906647939543,-103.93767875318532,-98.38007164275572,-93.05325743220796,-100.30473432227384,-98.93697533186838,-99.96494385252277,-97.76962569120671,-99.90058008760622,-100.3661597182615,-94.1944088739072,-100.24763772004488,-99.28867450413148,-96.66833897196936,-100.71025524833358,-103.00378154932032,-103.49325555986199,-93.51765044122725,-95.77509753005664,-99.10488163181178,-103.66782451558309,-92.23410230612308,-92.20005793791584,-101.00024695683658,-97.58676955063287,-101.73977490188034,-93.9404035112009,-95.52384486482613,-97.87942517735179,-101.22030863126042,-99.53759018541965,-100.95444053866234,-95.63916658850316,-97.82863614120198,-100.67003240498707,-99.02325804232855,-102.88020024039639,-97.7520340907595,-102.87469853173356,-98.12060414469704,-98.77267281329434,-97.69426782322029,-93.59592128379174,-97.00333335735215,-95.7152660268472,-97.6777813738163,-100.5975432391454,-98.86447010285984,-98.50537784985481,-97.10982302603264,-98.82256555378802,-101.59440136846938,-96.08870597868024,-96.29784810446797,-105.76958648907012,-100.40180634326745,-103.1019899612176,-97.19349855516205
2025-11-02T00:18:40,AP_5_48,5,48,wifi,5240.0,0.0,0.0,-105.51421867287036,-100.11763424539599,-96.1504176701361,-95.15593513073881,-97.46693624140751,-103.48668328166248,-95.49391168901226,-103.32556082390896,-100.84870882997986,-101.92993909938633,-97.8023233269324,-97.86808823542935,-98.6929027409814,-104.73678543715137,-99.09974663466365,-95.42009977594061,-97.52900009570186,-94.96548562855868,-99.04575328231095,-98.88944627733916,-98.63358530099211,-97.14332791760009,-93.79728937896692,-99.37025823024399,-100.24590494348058,-97.93262995049498,-100.67957871389373,-94.2676662691319,-102.43088915076551,-101.20996674990631,-95.42442806493744,-99.48550185003558,-103.0205275315658,-99.63416353962886,-94.54328095971047,-97.51594807458149,-99.5801321045017,-102.83896173449757,-95.24833145297946,-103.31468484159399,-97.5937693416773,-95.5365655790163,-93.21209691827039,-102.0061791344395,-96.17601778254641,-93.35665250280962,-99.18941461765627,-97.93732196198619,-102.55629590992245,-96.95792500679018,-100.09362677742848,-99.213874760963,-98.84677260221507,-100.1782226224024,-96.19762871766369,-94.83220465118798,-99.69160283502951,-100.00083278107866,-101.34313604981638,-93.4606852264419,-98.15260276139179,-97.86611332518694,-95.05248410855242,-100.89157396714327,-99.76637237702583
2025-11-02T00:18:50,AP_5_48,5,48,wifi,5240.0,0.0,0.0,-105.16932935956407,-92.38920270548257,-98.39465651746528,-97.30964357613112,-99.5937819328184,-97.85089445484006,-99.9789894152228,-98.97734913463125,-91.37085601772937,-102.21963866869461,-93.39827388223205,-99.87608159469495,-93.38479315085218,-96.15964579614244,-100.39617471918542,-98.7545878889813,-94.10614672284821,-101.72839599123832,-98.73038511702843,-96.70813317972403,-98.60708158588793,-101.83370309276276,-99.12583309454817,-93.92515359711804,-92.46863713207318,-95.61482405714126,-94.36220711679579,-105.28871296323106,-105.31426870267872,-99.62131359669573,-94.66349936840926,-95.2466229571891,-100.59168267857174,-95.31826159302167,-96.36696699514447,-98.90493683981697,-96.4016699223977,-104.41032321374752,-93.85881166820018,-101.69968309690722,-104.86823940931521,-100.93518845269814,-92.45004012500915,-102.89819138296252,-94.68565526334255,-96.73289741209244,-99.1890898238133,-97.36552614980775,-98.89748203273324,-103.27669266679875,-97.01456082564836,-96.77518406266836,-100.94357916038523,-94.5971303868751,-102.27674325570062,-99.03313996539929,-99.18389361693228,-100.96970170232659,-100.55427000415123,-96.0603839729276,-99.15710747353813,-97.30472592192457,-100.69756299904795,-92.96934382543927,-95.56407410018454
2025-11-02T00:19:00,AP_5_48,5,48,wifi,5240.0,0.0,0.0,-107.04994774165209,-96.83480241771629,-102.09372622934666,-102.28380699125796,-99.76408921217607,-102.3105206583985,-96.34131201322471,-99.73863993456062,-105.7421202600576,-106.98152650201176,-104.56578352890183,-98.466386340622,-95.21642198514384,-104.46828751533938,-104.739380189804,-93.33473208582656,-102.80730067259701,-99.15396356278521,-99.80124099668312,-97.57347987612873,-95.35932913504837,-95.45799734367887,-101.7127443383227,-98.09717964421347,-97.33885230128854,-93.59693670863902,-99.58295662271574,-100.58321254743,-103.69099819027174,-94.89039697581697,-99.37876095233358,-103.43015852883659,-99.93171576298326,-95.74214573195695,-103.93035250320074,-107.27779926381682,-98.9052597449708,-106.00065399245044,-104.29272025233335,-90.34366839068477,-103.2074971944204,-96.03420094225247,-98.45386628279505,-98.37703900275446,-103.69058083593468,-99.75350925580561,-100.7950182863278,-102.55276042093118,-105.76131155230695,-97.58716323849738,-101.10163386312936,-100.01963582659654,-96.5732307092705,-96.93146620501464,-103.09387368468799,-102.01008242243286,-101.33924807307729,-101.46437094627046,-104.10091129791553,-99.0680776001132,-103.71084021799619,-100.08184318813913,-101.77219382951908,-103.89943789880736,-98.56631952889066
2025-11-02T00:19:10,AP_5_48,5,48,wifi,5240.0,0.0,0.0,-106.02424499004061,-101.30779694607281,-96.90521983305855,-96.60250382885422,-98.41852942386623,-102.77659457047885,-103.91332776376096,-98.84717118503421,-97.2888059509663,-102.86891865460119,-103.44528888136942,-97.62719403123587,-95.72130251704542,-101.95291080814849,-99.34323625229318,-98.67706341481593,-97.37762574406584,-99.91907951963476,-98.64922054154577,-98.21018750124328,-104.04295472368537,-99.77372044330454,-98.39465947273153,-97.55112686265066,-105.35114733754237,-106.17856304440137,-95.30806694142068,-100.4185754368785,-97.29758419820313,-95.90258676104911,-104.03757028925304,-100.2630511581034,-99.6162696962611,-102.06043585990025,-94.52673950803421,-101.49247925424467,-99.7566116458285,-99.79987751890714,-95.85053167643889,-97.69588431760955,-94.62999418673581,-94.54320256687072,-99.7191062983531,-102.84302995414771,-101.05729834304275,-96.61613586829966,-101.63841955233998,-103.91923447788207,-100.07962554160238,-103.52183715096032,-100.5235048080481,-103.98227241546367,-98.77275231843436,-101.71145125630576,-97.93475541217357,-98.98363306521806,-94.95373835052082,-100.31642527014832,-104.6443990713836,-100.84676623524857,-96.65594382382957,-98.31030973366387,-99.97242685554505,-100.62982995211986,-96.28412836147292
2025-11-02T00:19:20,AP_5_48,5,48,wifi,5240.0,0.0,0.0,-108.50014141500951,-101.86338918362671,-99.7633010734925,-104.07555341672517,-102.36221542985125,-103.81581523911865,-100.93479465379505,-101.23087368514413,-95.49371023437517,-102.7944403037955,-103.46547640884724,-104.05103080535122,-98.86658201508423,-103.15386806036585,-103.401826015044,-103.18777309233047,-98.40399883200108,-98.91649862807961,-100.15747867251436,-102.95178996850181,-100.17694940670938,-106.04892465851785,-102.22129666958888,-100.05158735565219,-106.43975199868522,-107.12691046348115,-102.20727290894853,-96.25284035251033,-107.47407433052808,-103.96362921692862,-105.08921858930412,-100.16644698868602,-104.39071486085629,-104.61853692382086,-99.67622729463166,-101.193993053729,-103.97679571449984,-102.77436585329453,-102.61869935917524,-102.08970919495279,-98.20966171316363,-98.6414159089602,-103.77022855363882,-99.71028663032516,-100.08975639390138,-97.48835958278103,-100.01203153508784,-106.65841019264529,-97.10674037075034,-107.91253485434238,-103.80308213472519,-99.85630065699586,-107.77908617340417,-100.80769390318402,-93.72691331040274,-95.66891617658855,-110.5033223833573,-99.85236825347191,-106.34826453785257,-99.87787259405475,-103.81965218097473,-96.94714487750218,-97.35217243361704,-97.73977972372082,-104.35032688067326
2025-11-02T00:19:30,AP_5_48,5,48,wifi,5240.0,0.0,0.0,-109.85215278619403,-102.14350995292274,-100.19969406198861,-101.52811140307898,-104.52345578693998,-101.74170719649153,-102.45461027081595,-106.72850176572823,-105.95997051451471,-95.71871584550449,-101.69432691971396,-98.66335348755867,-100.35800584584078,-97.52823149014564,-103.77911311526303,-100.52053160199664,-96.66437014459291,-105.32940368140898,-99.67662822523685,-100.10695002969652,-100.24784355806541,-107.28113046707809,-100.88924495878658,-102.038718322101,-102.5573704185711,-100.21556602412686,-104.19441190787434,-100.11033612403179,-101.11126127868788,-101.63236791408963,-105.13383525892316,-99.70475047630012,-103.72647764463619,-99.97364860858418,-103.04577815229018,-101.50629985628227,-100.23674711799916,-101.78536889517727,-101.50195231574757,-102.3170042332493,-105.43969362408845,-106.65477766314487,-103.34566297058771,-96.20394697366842,-97.16661784617702,-104.2907459352809,-100.31350021385202,-101.54375961107677,-99.68765334708064,-103.17320508416162,-108.51641606381202,-100.58522129623842,-103.58368563174176,-105.928054906974,-98.83302792461537,-104.04876246056004,-102.50075824965228,-104.19994618409604,-99.27127404292273,-105.59204274113436,-103.9988780852176,-101.39674759791045,-108.03113101448734,-96.1075280282103,-104.04464320267611
2025-11-02T00:19:40,AP_5_48,5,48,wifi,5240.0,0.0,0.0,-105.68353507655253,-101.3964361609543,-104.32987212284276,-96.85306939867961,-102.65398911662689,-98.76679808309207,-105.40059381782069,-105.84134172666413,-99.15603998059265,-98.57201477879421,-97.92819012962984,-100.01580236980817,-96.09827561435225,-96.51633558230208,-91.65347154307173,-100.78978763525241,-100.85834370777945,-103.81125927892501,-96.60294130110604,-100.81065212326666,-99.19817401936324,-94.54353504273313,-97.73985992009753,-97.62353999227933,-103.24448810660074,-100.21129661217385,-96.36199690470055,-98.10457810092203,-98.7861360329105,-98.8465915313049,-98.23831634008721,-95.96384190454096,-97.64684526621592,-104.25670454479089,-95.56287248980901,-95.49449744960694,-100.24274304668268,-96.15507896273027,-94.42871211243816,-98.8808224886219,-96.98736489114576,-94.71810270431054,-101.08341188199614,-97.44602219618977,-95.31488181013994,-101.86093408344674,-95.29130448826575,-94.65169625340712,-102.02396986103967,-99.66042094935031,-91.96907463620994,-100.4766701499682,-96.12241038815915,-99.17951043865595,-92.20588506333897,-101.34482480377473,-96.2866295122306,-99.67620051466977,-90.91356478237113,-99.14324580642588,-96.88549169801352,-97.94435134389698,-97.71513295092326,-98.80947165701888,-96.03615746581677
2025-11-02T00:19:50,AP_5_48,5,48,wifi,5240.0,0.0,0.0,-107.61675319449799,-100.65074831364491,-95.64294826273157,-101.45680423669698,-93.91584326252658,-102.07869129157889,-110.20417084996264,-102.73084685741588,-102.34426920418693,-98.5298148807509,-98.25178153949608,-97.77717982124473,-103.71099216877191,-100.6729744102516,-105.48838246136225,-99.00607959749301,-99.09696041317363,-102.70779733686209,-94.89980352736897,-102.20507488381227,-99.64409641857257,-99.47880287227471,-98.19262547134322,-102.60243421327077,-102.48907941104193,-99.05114278625746,-97.66561248324012,-97.88411445057925,-101.66184147101573,-105.8587727335756,-98.58436447969903,-101.79865883132615,-99.91772558766883,-100.15357881068343,-105.2793063670922,-103.54302046856151,-97.51283725382483,-102.64616930201136,-107.60207550246567,-99.57558455828729,-104.91564715432166,-97.82181024752377,-102.11442298943066,-101.17310558747764,-95.79498284650062,-99.49812713321153,-102.89837293113006,-95.70628561504714,-98.23652961167062,-100.77130496898135,-98.37633111458443,-101.24819014147603,-107.32007174302419,-103.68866260001134,-108.24327079889336,-102.81394025151788,-100.23731601664544,-99.63965273870133,-101.8556285698613,-102.14862940927185,-101.95859304930109,-102.00456697016273,-101.97890177215386,-95.35481898007725,-101.38384635132117
2025-11-02T00:20:00,AP_5_48,5,48,wifi,5240.0,0.0,0.0,-103.87735806147634,-93.1327878645751,-95.53011720695241,-93.51011022436995,-92.57831488316228,-97.72243722862407,-95.95887936828703,-95.52031820823323,-95.25790843133966,-97.72263736445291,-95.10530294042995,-96.01553094964478,-100.2922852252586,-92.56368285845959,-96.58114077285147,-92.82077921014428,-97.34130833301369,-101.3017271724695,-98.63250789382066,-99.35267814941732,-104.52888678615841,-99.42346435958105,-97.58445645015563,-98.79641285183862,-95.29219631063252,-99.62663696310628,-96.84188866818033,-93.52529521505261,-98.82804131287786,-98.03825421512994,-98.59294953956167,-96.70358815300432,-94.65161012184805,-96.21962779226783,-94.72618677540535,-95.43615913681393,-96.63386966489841,-96.69300892017611,-99.95259607241995,-94.5761586131805,-95.577406823251,-99.50003259213872,-93.18421014131674,-89.86653256165432,-98.87188894822356,-92.4116893480351,-92.14426641234405,-100.1408245514688,-95.12726943814633,-96.35315460757812,-92.03681079380738,-91.67889265363958,-93.48995362579792,-91.0072560437275,-98.74444781269109,-95.63661007113303,-96.74002429284451,-100.89830367107025,-94.62406936020953,-96.64431918066593,-96.9558048194873,-93.35751760415143,-95.53383705905304,-95.61030148758412,-94.62911983434802
2025-11-02T00:20:10,AP_5_48,5,48,wifi,5240.0,0.0,0.0,-104.50211212167788,-99.15350844194691,-100.304752274495,-96.96944845198749,-99.75288858994897,-95.61223042151447,-98.26559905778032,-96.48119573673475,-96.74936160649543,-95.51574133871526,-93.81809827439243,-99.99674423812871,-88.37678104572991,-94.79952581449525,-98.8146311398095,-96.9050525752834,-92.94901421134851,-95.9291994386198,-97.96584619241784,-95.87730116415398,-100.7102800366807,-96.39268780324556,-101.73685668685269,-95.4261526672079,-98.0552377273996,-99.14736286085027,-97.45066813551135,-95.71303946181906,-97.63675401166306,-97.80856697031254,-96.2001811008267,-97.5593882992345,-102.00290916189789,-96.53734323899002,-96.41138301591302,-98.21935774697789,-99.47806598419083,-97.53155855630234,-97.53562805672689,-94.63214724530788,-92.61035719776456,-98.15047208162984,-98.83783178049805,-98.7917786478671,-92.54052038824219,-98.10248398481913,-93.02806586773826,-94.40147921222051,-92.54969011954614,-96.42043778463622,-95.80257762898538,-90.08963531689984,-92.11767001176892,-98.12608748962805,-97.69110367908802,-98.59093386089528,-98.22080452662955,-95.72370380378563,-96.56434315993917,-95.47946321328847,-100.33647512594344,-99.28573689906437,-96.50182823828709,-94.61289426312874,-96.84162033291624
2025-11-02T00:20:20,AP_5_48,5,48,wifi,5240.0,0.0,0.0,-106.30209159528371,-98.84555972150244,-96.62114583699552,-98.80114746837738,-98.1727214976032,-95.71704323904805,-101.55039256907595,-96.3888934853185,-100.99425700944437,-101.7849339620231,-103.12503543906114,-102.82978572154212,-104.4843387197654,-102.1147150765528,-99.92682957885206,-95.80253487325035,-95.33940822458628,-97.81565455842882,-97.04380795495638,-90.82780706696362,-100.16698129587664,-104.82873195530325,-93.88130123344725,-97.9151583702479,-97.93007940947089,-96.9195552368678,-97.7523009057649,-98.25415221807901,-102.09423885427977,-94.05562313263616,-99.77518682586994,-98.50550265258349,-94.5683973141754,-100.3294629775113,-93.34515670684067,-100.97451101827764,-97.91327740385802,-97.43942830275185,-96.89315507313877,-99.51657997793352,-100.51138908101375,-105.96928926917407,-99.02425361175487,-101.13579114195095,-98.25652235292831,-101.83926390262192,-95.136433972113,-100.67279070121839,-102.6383351241038,-100.98743191586205,-103.08862701535556,-97.90905067519799,-101.34903775058862,-103.26036729750238,-97.67935166247828,-98.2297227870582,-102.72661876540795,-98.36596878794892,-98.71614851807263,-96.8156628793799,-99.36529643373032,-108.48627990487418,-101.33828947230282,-95.88838939530986,-100.50612885502997
2025-11-02T00:20:30,AP_5_48,5,48,wifi,5240.0,0.0,0.0,-106.39922486848376,-105.85603703306926,-98.75562110572929,-100.49780291663122,-99.87040860234718,-96.16417626264582,-94.93054828173659,-95.39939796680534,-96.95735227162277,-103.37643086678358,-100.26078079232363,-96.99653826204825,-97.95657913964736,-96.94446035215242,-96.12759312697688,-100.26023222885614,-99.29577941953201,-98.80781992705275,-100.24868242088712,-95.45387507111221,-99.18451151843347,-94.244989430847,-99.497910323018,-101.05508300124279,-105.01579247904357,-96.2818435667443,-104.70896569745958,-99.47644095678113,-101.55588250720515,-104.89081897982194,-96.8361305208093,-95.25452630130279,-99.71138703636457,-101.31365141906966,-99.39562267295774,-100.58947817838694,-99.37676027056179,-104.84037200859977,-99.34702345735967,-99.99538474590442,-97.24544603017793,-92.44143440186815,-98.15120173473959,-102.19771891763311,-93.81118312703065,-103.39107582508406,-97.51566629865412,-95.8984074719124,-100.80360978701538,-95.80769043691151,-99.22381242350781,-103.8053091309005,-96.6625931511568,-98.70355855648309,-100.4823361180598,-98.27635423570547,-104.78624055439178,-98.68781198289894,-100.42505543790854,-101.59820205083446,-98.67024138163964,-94.6201084369637,-99.42938956220722,-97.44974907428617,-97.31517122089384
2025-11-02T00:20:40,AP_5_48,5,48,wifi,5240.0,0.0,0.0,-105.60749128018344,-105.09097262928638,-105.0309362581333,-100.33033637452105,-97.69096209248552,-95.68483561962618,-99.84093609981248,-98.44286235963959,-100.66752846131425,-100.50195309700898,-95.20344150454665,-97.64486638343915,-99.01001579479035,-101.28966732111006,-98.42587188168959,-92.1394276714345,-104.90963999016141,-100.34142723614117,-99.6397336654196,-98.16328860379546,-96.47620620292857,-93.793989618854,-93.88257805439505,-100.86779730967847,-102.06798158693435,-93.86877195734169,-103.42861722581526,-99.12970311338567,-95.23195239083816,-99.87487033253805,-94.93433075659895,-98.49228964846748,-98.90755077857273,-105.07684294540883,-98.50631527157526,-103.19397807085328,-101.81032360932025,-98.16990095210565,-100.66630232230504,-100.36562465501396,-101.3093558463561,-100.31279576991132,-103.41260906624588,-98.73524051535149,-95.34469476917714,-94.97157090910012,-96.83352657305868,-96.54024862883104,-95.21089393993897,-96.27524655664307,-95.77571314000086,-95.66189978101988,-99.47809044089256,-99.02478717945175,-96.2556398738754,-95.6716191152942,-93.88905629369326,-96.33329382534338,-103.145774516532,-96.64811392246851,-101.49325406981208,-97.02650606675925,-97.00781162659797,-98.02078788819219,-98.58482167579582
2025-11-02T00:20:50,AP_5_48,5,48,wifi,5240.0,0.0,0.0,-104.143945665818,-97.74879790375644,-97.90148519860625,-103.52216997620907,-96.15460917653932,-97.01086409738953,-91.78208253637493,-94.95741870963015,-103.11269963288282,-92.8020806714535,-98.64016473226971,-94.01957872957507,-98.82665393777432,-96.67384257184816,-94.18618844305061,-102.24231804781817,-101.89511753677091,-92.28069147376928,-98.41563014584115,-96.65738037413159,-101.10391060787012,-96.79218432756946,-95.29174088433382,-95.27399208245556,-101.95804945219119,-97.36309879569723,-98.58875424458267,-93.7338783109765,-96.3030858433488,-109.05187699691034,-96.96570449888976,-100.98972116063167,-98.28020434210673,-96.79618113526374,-98.88886722928764,-96.95454652669565,-91.96764493901424,-94.39261157008809,-100.19797498976038,-103.6449441322774,-96.07214145143573,-96.4513178693594,-97.0850678295573,-94.61189306897586,-99.53421097539659,-98.66739891637971,-99.31112485425267,-92.06017099696149,-95.87961386772716,-94.89604949190232,-95.54291029785367,-96.29831779878349,-94.30191963436474,-96.88016353434494,-97.09602985387859,-98.42184651540909,-98.72829607915504,-94.84485953310993,-95.59129782223275,-99.72429184216442,-97.37160866637409,-97.91944000905326,-94.4961859190593,-100.33898535553507,-92.84283003894691
2025-11-02T00:21:00,AP_5_48,5,48,wifi,5240.0,0.0,0.0,-107.60690241565621,-98.46804501039722,-104.44526609516684,-105.91504762234892,-102.26814924239106,-103.02769986897499,-98.97528435995176,-101.33612238330639,-97.16221321373042,-103.75022616528933,-104.26820941717399,-102.86318021027418,-102.94806127335328,-100.81273737146306,-101.66330257626825,-97.95190641282387,-101.93318905042554,-100.02889412525826,-98.81302412314814,-97.34032234295917,-96.69716696517244,-103.9960991205064,-101.04375760853328,-99.2004661144608,-96.53131563832805,-99.92234025849145,-103.4992845296964,-101.94357750668178,-97.83625287123365,-101.39059686796526,-98.29600101562826,-99.40140550057842,-102.2862039704611,-104.53079992181075,-98.1476656975006,-94.32645922566184,-101.04962494119042,-99.61165906775581,-101.65969105955105,-104.18567877317642,-101.03835175562175,-99.64982692064422,-104.91427209086427,-100.7450611473172,-98.90191962644073,-106.47082307862152,-102.99925620718095,-99.06658285409925,-102.29312567291322,-99.20157953410003,-102.47702422341868,-102.80829822234489,-99.7225732007517,-101.66622555429686,-100.8707588098084,-96.37920689794039,-101.85501245797697,-104.75954411593533,-103.82271202671032,-100.88717590376449,-100.99833023631348,-104.1950287126158,-102.25233848117668,-96.35061866072068,-101.70046527769303
2025-11-02T00:21:10,AP_5_48,5,48,wifi,5240.0,0.0,0.0,-104.97409608497931,-90.42509519456252,-103.55939429266564,-103.46786802981158,-92.54015640026404,-97.05113739381589,-97.57940419816492,-101.68265249529806,-98.41030261508554,-93.64274352293343,-97.12955832507582,-98.79237444609416,-96.80632856024266,-97.2770828299512,-98.45466720017423,-92.64580979644501,-97.71853281679105,-105.82054331984835,-93.84296138472257,-95.12785810165781,-99.61540604402182,-99.07546293775515,-91.98214392780801,-96.16543445325958,-101.01465613130996,-98.12094634398005,-93.87768135864336,-98.56167408855598,-91.19400517923266,-103.58639556609072,-101.19856867791206,-99.58450393318462,-100.84946048052106,-94.84556669089498,-99.5892143438727,-96.5562137788882,-99.97017812452499,-96.28213934846478,-96.2148447518986,-97.06572436494581,-101.87552359252082,-102.59413304862339,-95.10513948588957,-97.79923075681532,-98.00877464976868,-96.00432318198602,-95.61401225278033,-97.68916241580948,-99.49766197295637,-100.92038540361663,-95.11139948028024,-95.7047696514216,-95.08955340788164,-100.87391027156059,-100.21147961046633,-95.73584878513627,-95.39910307620842,-96.36021214573039,-103.77350660246984,-101.90933006920515,-102.14156132019664,-97.23240759566059,-93.8654007169849,-97.64139396451321,-96.31745333148874
2025-11-02T00:21:20,AP_5_48,5,48,wifi,5240.0,0.0,0.0,-106.31766310552045,-101.85951293477221,-101.99692795262972,-98.63526402313119,-101.62130576000135,-94.52639828491672,-97.69615431172743,-97.33759125223187,-95.16844821908148,-98.31324738670021,-100.54702316844997,-99.55151345268796,-100.14423552101603,-100.51298116860657,-96.03285384522006,-97.19057088416247,-98.97803990762063,-94.7749440053898,-101.67828571463328,-97.83876407535085,-101.33327256936937,-98.85846615803243,-99.57558293878155,-99.36392436969463,-98.34333568980453,-97.64878514997139,-99.47525862522672,-102.67399859008705,-102.09897655893711,-95.24491688553886,-101.1949293053915,-103.05258386623014,-100.66711929584845,-106.75749208193068,-97.4525104111199,-98.88345209248064,-100.3254667695278,-98.82057656875321,-97.49667130357547,-95.5217980486978,-105.5162968870734,-92.50349162653252,-98.88585471726087,-96.8880396710085,-98.21773806155419,-102.14662401057694,-100.54851956062305,-93.0650894516896,-94.90828252865903,-98.20337454010985,-102.20675180083815,-101.23569235066849,-102.66898018634981,-97.34375211267094,-97.88035138172863,-99.49291825453975,-98.18065148372662,-92.78790515754034,-100.45495832473715,-96.91553666912337,-102.680304295487,-102.41763349462262,-96.69932242904333,-100.24100258350086,-103.30734305449798
2025-11-02T00:21:30,AP_5_48,5,48,wifi,5240.0,0.0,0.0,-104.79869429602535,-102.01996711756956,-100.39630613467835,-99.83189524175548,-100.83135931521784,-96.36798132455444,-96.8430613402816,-103.25964661443864,-92.6604210231068,-98.47660316715094,-98.68485081883932,-102.98432301668181,-99.79134474911645,-100.08458207887858,-97.55550450793471,-96.59979595009264,-91.60456095711571,-99.60099881098361,-98.79530197846155,-96.92673233138916,-93.53245494112113,-95.13396170599118,-102.28413983819351,-97.90070816076683,-96.75467152344284,-96.52511179517897,-92.69337642926317,-94.9250051251162,-97.89670708110556,-95.7363087378994,-97.46221094592384,-98.01865258726521,-96.09536676553486,-97.42087299375831,-95.43805398161439,-96.60801660867651,-102.50284487107398,-98.69661160977542,-99.03224400939432,-90.30979385300257,-92.08032412918651,-97.70268047741583,-92.53377682657383,-98.75357479513228,-98.56604180286696,-95.87826696316789,-94.67841935633223,-99.26986412463337,-97.47497302789577,-99.04268203764208,-99.10852227186692,-93.34918491444984,-94.68267691052901,-94.00675355164002,-97.7590018557382,-101.4831219323304,-96.03889839073258,-105.06784549696604,-95.78749993383468,-96.29468658585698,-99.89482788187739,-97.44460283753044,-100.51449686124914,-98.30375627267233,-96.20999501539362
2025-11-02T00:21:40,AP_5_48,5,48,wifi,5240.0,0.0,0.0,-103.08587881191346,-93.74732348925575,-98.18861138783936,-96.60760088262454,-97.49905062138772,-91.31628674515495,-98.0082213689495,-95.5000428356003,-93.87152884364377,-94.87009941142135,-94.22063418759278,-90.51139603278843,-98.36299835838146,-96.00739463537951,-97.0489853258704,-100.09392933465018,-97.54366661807401,-97.53192036239524,-100.9170515010179,-95.38799493031972,-101.21656957771359,-92.78562411393754,-95.94206564267974,-97.05932531906383,-97.52553033403485,-102.90131774255259,-99.92456393068868,-99.30552382092006,-94.01807412994619,-87.86105574936451,-89.65874450226818,-97.24821776465319,-94.60239940173834,-90.19286657379116,-94.53948648241942,-96.91972097750879,-100.95925397411816,-101.61866562272192,-99.89354382194762,-92.80339605952838,-88.61656461265441,-100.37717805939147,-96.1709705110207,-93.4787452477327,-94.50453228890198,-103.19534798560841,-97.54169555239817,-92.8638028995051,-96.86213571465132,-97.49727829288827,-95.16357997456211,-98.75095063394848,-95.76256836710958,-96.71729265855993,-98.26189682354578,-101.91322025825765,-93.75368313738743,-102.86345970008756,-96.62447612849178,-94.91247585194844,-98.15630673672979,-97.22592400999018,-91.82792659914018,-94.8452303807009,-97.1434241693651
2025-11-02T00:21:50,AP_5_48,5,48,wifi,5240.0,0.0,0.0,-104.98161457997365,-92.61639718045924,-99.03149172797575,-96.84965140367296,-94.30462341485813,-93.0195434405889,-102.69840118376922,-99.89317417852425,-97.78221667957384,-94.53713760899633,-97.27062309672576,-95.21514615782925,-98.16580005860608,-100.39773245903693,-93.41287062262276,-101.2409696572098,-102.53664684833853,-104.22162893231278,-96.92439753119767,-97.23375458568661,-93.97179744712379,-99.9307715718264,-96.82733353753719,-100.13519079362882,-98.98031173992857,-102.28624318764008,-98.18959945844973,-101.05423115747156,-99.0881754598069,-97.00484512160786,-100.22789433087426,-98.25164612400356,-100.39219707875586,-99.22902908268689,-97.55441053650742,-95.98975278918151,-97.0373181905283,-97.17771713388366,-101.41104589560885,-96.28870926763233,-95.73236416245325,-96.39435676663895,-98.33922120479716,-99.04630210679957,-103.32956768433947,-99.35657544591949,-101.70789196445651,-103.92481673099132,-99.40091395957856,-96.51386200817555,-95.9372830396611,-99.12582153540558,-101.10393579180707,-94.32045311485099,-99.68743758162466,-103.16585484929989,-99.04885096321085,-94.49390363643884,-98.48861332398624,-99.71807817915541,-103.96589121152296,-102.18593589713797,-100.54586223077659,-93.55204638143645,-99.56665744551549
2025-11-02T00:22:00,AP_5_48,5,48,wifi,5240.0,0.0,0.0,-105.50130465862925,-94.74964088231043,-99.38798154465402,-97.94690751258608,-100.76388659831943,-99.78056336559526,-95.15834556728615,-93.53251638326904,-98.55312874564662,-102.49593777158033,-92.28042677628795,-96.02059746132946,-98.32567200941071,-98.58423561927968,-96.55466434415796,-98.86791928566248,-99.72737343574498,-101.38238461648442,-96.87285574256487,-94.2472140802488,-101.70251443501057,-103.24783910287644,-98.07687659698956,-98.62460290387713,-97.12198944889293,-100.47913686835496,-98.49267703368592,-92.60805132432576,-95.47848488146646,-93.4605195634281,-97.77303667955289,-100.22471689866626,-99.3128238849345,-97.79116579458622,-101.9446147839753,-102.6132736927601,-99.5116814222816,-101.79166972415317,-103.27577270200469,-97.2712274845964,-101.5088778530696,-99.00532245175756,-101.74753020010327,-98.90874774928214,-100.81218040003321,-101.52660196069127,-99.95905543726572,-93.58434817984453,-96.99130896588932,-95.64056118967915,-97.1395817635364,-97.00195052454629,-100.29457281442707,-96.4055230085268,-96.52555069262618,-96.9073913321502,-98.3560713902313,-96.42200111245734,-97.87258842182486,-96.78787920180004,-100.3725000157378,-100.4697140552867,-101.51919456772522,-97.57733746943654,-97.98840201254507
2025-11-02T00:22:10,AP_5_48,5,48,wifi,5240.0,0.0,0.0,-105.21809714162514,-102.86633889451402,-97.20926724789244,-94.90743335300404,-95.37221638949012,-101.72442832671459,-100.94594232413779,-96.86234529659303,-107.04708336150014,-98.3515757867047,-102.58219741179809,-96.21307114747526,-98.15048440369534,-96.17893743642412,-96.30094138682476,-100.77917120040453,-103.19014994374706,-101.02614638148009,-96.50709007121193,-99.6973882829705,-95.444827340796,-97.11240974223665,-99.78602564731418,-100.27427354522555,-104.7999716041807,-96.39884081759926,-99.8465644635051,-102.15048137886197,-93.77428217586149,-102.27445629509182,-98.66751207215735,-102.773555470465,-98.02219830713595,-96.11409193489156,-99.49505209083387,-97.51887884445294,-96.68088311643892,-97.74267287680699,-103.3753866975579,-99.98370895707284,-101.4746619786413,-94.61030101091868,-93.25248571075187,-92.56427235929422,-103.53881239534378,-98.10765450008198,-97.35064994163328,-100.34275045663209,-97.89661584606131,-94.21398716210194,-104.17768138069376,-94.57837382520627,-97.49269019706568,-98.40678080443753,-101.71316324392652,-93.10514439094935,-102.38682712032212,-94.1759590219626,-97.97559690506621,-100.6957998277254,-102.4816881924943,-98.01667436981073,-99.03479548994984,-98.39349233989059,-95.65015368413867
2025-11-02T00:22:20,AP_5_48,5,48,wifi,5240.0,0.0,0.0,-105.74545698238765,-99.00025990912779,-97.38312313586495,-99.05408077369299,-96.17797100003241,-99.51610510940854,-97.3023581593051,-97.08308253575008,-95.97718767146458,-91.08896735452306,-101.98619545421174,-96.10005718714773,-98.14027243314392,-94.08507218287674,-99.95125288267117,-97.24101010412645,-99.97401559756848,-95.63867866713696,-97.18772113655488,-97.95283586441406,-95.32733728814094,-98.77855473240871,-99.82889470419707,-103.98077786119674,-98.79571457631407,-97.62355678420676,-98.14209451319189,-98.41025321435404,-100.72468251084932,-96.34392244224927,-98.52670029127347,-91.86861805593861,-102.38598074266774,-103.31913639520668,-90.59198000272741,-101.5446030896659,-103.02273598281589,-99.3400996416474,-99.94458851158127,-95.51917058072303,-96.4715281388573,-100.89716744443497,-99.66976249977446,-100.14681124295498,-101.97199087541408,-95.8289915227745,-96.92452036402774,-99.29514336841314,-99.75819897186402,-96.14006135159403,-101.53572835231527,-101.8929115484087,-100.3812711174756,-99.72869837586195,-102.66897527298335,-105.11964272420194,-98.98051696687224,-99.31493440401522,-99.76039425514558,-97.63314249394458,-95.96371070275615,-99.8919538850836,-94.74103320009998,-99.47217211453695,-100.42679830162686
2025-11-02T00:22:30,AP_5_48,5,48,Microwave,5245.6817105655,19.014494492586607,0.32095236052255827,-71.55649456820197,-102.57879956875796,-97.14896955202975,-98.08043914596502,-95.98325323877953,-97.90125593538856,-96.73292803682864,-95.0743077322843,-99.6254085651896,-95.03092350905953,-96.46725306533357,-97.74089008944308,-102.19896430926897,-98.99535240953888,-97.5210610614476,-102.6441417356344,-99.32033329893771,-95.95701722187209,-96.4663159275115,-101.78934044292329,-96.59994913104468,-99.10612600621691,-94.79714554201215,-90.96349509145152,-100.91228128104811,-99.22446597881776,-98.42222346623795,-102.35682847536333,-99.85039666794174,-96.00681362063075,-95.49220946060062,-96.78119512583697,-99.03579631917464,-97.67989948821503,-98.8220832735228,-93.6869471261995,-101.70661731985572,-95.68137629017855,-96.49230550012285,-95.99857622551421,-95.59645627652014,-101.21406606169639,-94.21751547152655,-100.60225267375222,-94.155803769662,-98.63012618901249,-97.58180169729269,-91.88978015539423,-96.11872820637073,-94.68580531880028,-97.42288552372227,-92.90195261850114,-96.1689897925908,-99.03383519541426,-96.08782238021101,-97.17257859991993,-101.1098647838248,-101.50475473937897,-98.2473664598177,-99.79941278200089,-95.28058317555643,-96.86442578356642,-96.85551860133857,-99.54547973393886,-96.34135621039489
2025-11-02T00:22:40,AP_5_48,5,48,ZigBee,5256.137037446394,8.171369469955446,0.21475275183282067,-65.68528555451094,-99.35336067430218,-99.6634943932342,-96.26625608494453,-97.52207483300262,-100.89998585373013,-102.31323795680997,-101.2619539519731,-99.25368733259066,-97.01520945318704,-98.33945316462048,-98.68270796727283,-101.87205974212156,-98.67822316132761,-98.59360320637728,-100.00284514516309,-96.74423712044681,-93.59367191934632,-98.64991798850963,-100.96925334117006,-102.52032115318525,-103.71491568203015,-96.11603540172473,-99.50304797695885,-95.79342442441023,-101.61047007202771,-98.3712047654583,-94.23793651609107,-95.26838224372933,-97.69351052364239,-96.45475720515593,-98.04104643317778,-101.84317283043318,-98.15205038128865,-98.59931152439368,-100.76999922021626,-99.76762095894426,-97.81169904245546,-99.06900374235438,-105.13385523349484,-97.92464500109647,-93.75181768286585,-95.7303534297377,-92.32892981369294,-92.76425354524753,-105.09171785691686,-101.13027002859879,-97.51433476967637,-96.29211257175655,-94.27822310197499,-96.55819213068384,-96.83131925002935,-99.51070501481014,-100.15879102827759,-96.14756035817132,-100.26518728536786,-97.43376717634753,-94.59590588946921,-101.97629002691164,-96.06510961873146,-97.7447996850754,-101.13265120549254,-95.02278116820492,-98.08984994981294,-97.5651540981369
2025-11-02T00:22:50,AP_5_48,5,48,BLE,5240.39827736109,13.728192554781405,0.33341077742799574,-60.01208084872379,-100.13096577255017,-96.859699202363,-99.47495664536773,-99.43926476341647,-101.26803299830372,-102.0140131309615,-101.08212545689128,-94.23702073618327,-94.69005756569227,-101.69652189644026,-96.44515831015813,-102.49121164089196,-98.66518458135539,-93.22983553573151,-102.4461905521924,-99.11605004259665,-97.02522610616772,-91.64073553606312,-99.0770149426156,-103.30948886388748,-96.360851629706,-95.80455470300437,-101.33797958608424,-101.21538712046306,-96.71526564262237,-101.10793632461409,-95.02886773209153,-102.88901681349768,-91.9980675886029,-99.79587253994454,-99.9895086896536,-95.33402932181654,-102.24481642244209,-99.77900450588405,-95.41171007694948,-94.92361851845155,-101.39162880258982,-99.31352742101981,-98.8073790770734,-101.47685905150746,-103.10364309536577,-96.64976934648018,-98.13760475104465,-99.24567545243399,-102.82326969691347,-95.57845541498642,-92.58556903309648,-96.93317985842991,-97.13518738301718,-101.27446606876016,-98.76172959108824,-101.29422208571282,-100.16995296370084,-99.67072351608208,-99.9077079686604,-102.93693025967961,-105.45481344872543,-95.8997677435384,-99.46392718185913,-101.64212406256921,-100.79141179505714,-98.12140533565821,-102.87966574495465,-102.03533192627256
2025-11-02T00:23:00,AP_5_48,5,48,wifi,5240.0,0.0,0.0,-104.5391506234356,-95.36163420218185,-102.9743235846678,-101.03881348336853,-99.91288200004895,-103.76812981209021,-97.07052316079515,-97.81613444668112,-95.64385408478387,-95.90205110242684,-97.16776558307596,-101.5623676854319,-92.0286354741035,-97.69160230518126,-94.17750192658522,-102.95219697683581,-99.36512253068094,-100.47354184462544,-100.20174195401263,-96.49526406909868,-93.71188466630828,-95.23752389028236,-95.95327412777479,-96.19789770205129,-99.51742807683344,-99.09098642250171,-96.07444239248679,-101.09531798101821,-101.90848201827299,-97.17551739562788,-102.5491535330702,-104.92842106099747,-98.63483791111962,-95.43012514728753,-100.8691235797366,-92.27210733907606,-91.961691731355,-98.47389974525477,-97.90111709883588,-98.97906173888484,-100.72367589382169,-96.0614346645859,-103.54047260432553,-105.10822225420766,-95.26576082465168,-96.4747044951026,-98.49134486858401,-93.88326349650778,-96.2522871841563,-98.6002620190487,-97.54488629680812,-94.13687066274814,-100.10044355108028,-99.19060863410449,-97.75723621220702,-96.19364260848602,-97.52624812316917,-96.51842702273902,-100.86830231943362,-102.84957455858701,-98.10896200667338,-104.34949758110591,-95.56631934724619,-93.41482653502996,-97.5098602914402
2025-11-02T00:23:10,AP_5_48,5,48,FHSS,5229.267781416475,5.632875888850655,0.4172496505365304,-63.19922353817515,-101.36185526896011,-96.87778227463889,-92.29520037333172,-103.70776189475121,-101.4722243827671,-100.2316892014344,-100.09413583590116,-101.08946084177616,-96.94742220702754,-98.03745599000413,-104.18063618074439,-96.70962144643104,-97.2265911325713,-94.17743507625258,-102.3479803066304,-102.78927494603381,-102.91305853756732,-99.63125054338333,-97.43719733709558,-106.28743083252839,-103.91822350944292,-100.7254575773934,-97.88044288306631,-101.19507883796258,-102.57296909441637,-107.46921227061138,-106.71693108683986,-94.31695077946911,-92.56573011336587,-95.09245112704616,-104.46844418360608,-94.55123110052973,-106.08039266837675,-104.32737503766849,-98.31514561162484,-103.19853355139276,-93.69349159376728,-104.78659188078285,-96.64506330532016,-100.15511332064276,-100.89007089514905,-103.52236902453917,-94.78352086501472,-99.55234987376636,-100.36681539208202,-98.78884467185914,-101.63146179358307,-94.88214765578721,-96.40266039591573,-100.72466350283833,-100.57290303196378,-101.95222460547421,-99.07611510024509,-102.66475933345487,-100.94684171631181,-105.07264910196582,-100.51532303155469,-98.92297969092877,-100.40732543727432,-97.59562752831462,-105.88908534309337,-100.03838722695565,-102.97543085858875,-96.47637146083284
2025-11-02T00:23:20,AP_5_48,5,48,Microwave,5249.629514769955,5.662435716594187,0.399468169744132,-71.96818592615918,-100.00077521278904,-97.77872531897785,-99.60671892031462,-100.82079674755569,-97.3097029752537,-102.28947284467236,-98.057244750877,-96.78893378132305,-100.4007956889091,-97.93863670012148,-104.19847196373878,-104.80493636861344,-102.88766012069085,-100.11478035935912,-97.2362703290796,-96.70772707259323,-107.44908164880977,-98.6517221515886,-103.8656352697272,-99.53967501049664,-99.68015972705373,-97.33745018287307,-101.02643179519629,-102.42811092705229,-101.63704968331027,-98.3643457821872,-93.1798280449051,-96.31573723037096,-99.88331141798224,-103.89733133232887,-102.6012679087256,-98.92025263669017,-98.97358004945757,-96.54576756186064,-98.67326204087344,-99.1260580178349,-103.61005459164622,-98.93080661234833,-105.17647019167381,-107.9097779692442,-98.2778158124698,-100.68765253402508,-98.68788596953604,-101.00628580221421,-101.5557422058176,-94.24566824445431,-98.00792611402682,-94.19701449112023,-91.69135032488903,-96.28893231811904,-98.57040721830919,-102.49474825437497,-105.97745682861418,-104.1143822253077,-97.80660121470913,-99.32480581584845,-103.03040361263642,-96.40435751882069,-100.76313395421776,-97.92985231848002,-101.1587193921132,-104.45004742222513,-94.69497254692399,-100.32064651821985
2025-11-02T00:23:30,AP_5_48,5,48,ZigBee,5227.851891577214,3.763115423944225,0.2923995721986312,-53.48435463387885,-98.04883803025552,-96.32929196804933,-101.39012385457043,-96.73689239359281,-97.47821557656704,-97.88973106334501,-101.2831250631748,-102.0575922324495,-90.52323874308493,-102.16690307072932,-99.07722995111322,-104.62804348903106,-99.58024934270315,-95.49391455350494,-99.57610659803694,-96.20640987624327,-92.87268917556946,-103.84621753158285,-103.0113813797088,-97.51042552101855,-101.15066901207743,-96.09530274646545,-100.18653651078921,-96.78582631728385,-94.50958235687017,-102.0603954613156,-96.36253988575055,-95.11918467347247,-103.16687434073533,-96.58395135543594,-94.32109385911458,-102.09493273118045,-102.0545256474101,-93.09161029151923,-99.73778524854347,-100.97316273469369,-102.83694245155529,-104.01987219635963,-106.67642086607842,-100.16652027164105,-95.3408417055853,-95.94156529742071,-97.06086414241943,-99.3563358909413,-104.6807154738958,-93.23778043793573,-99.35695290573746,-104.32838270804332,-101.75219186510559,-103.65031159683129,-98.01638878956605,-100.81027304358325,-101.85144468059816,-103.5636661957459,-101.23318691050275,-103.52221249420893,-100.44390848660353,-106.00624381713385,-105.2912605110922,-98.0619118298079,-101.64830029707062,-99.44402049697011,-104.94078263377023,-105.72004235234327
2025-11-02T00:23:40,AP_5_48,5,48,BLE,5233.293876467133,7.471946972707975,0.6226795994046548,-62.09888727544562,-97.43712967527311,-96.74705980422114,-96.1763409971171,-98.35563301788142,-98.33812662532107,-93.4544474994451,-95.80379072799516,-95.77591332686163,-90.62616295417575,-93.57406495038805,-97.39293449282708,-95.2604410194589,-95.84730081522021,-92.80394967084723,-98.70641010564684,-94.62502055823654,-95.99803149806783,-94.99238670602018,-97.36008270274098,-96.29638067972087,-94.20255311176435,-97.83461709620323,-92.78057633082362,-98.64839991007105,-96.1618487155297,-97.55768952184582,-95.1038761094585,-102.30973463032154,-95.06986006574355,-98.94869600249189,-94.94049318400083,-95.0073815616099,-99.28950812580852,-94.30795031080163,-97.2178434357222,-95.41694609789931,-88.66863046887292,-93.58273226750075,-95.26108342168084,-91.16354525266325,-97.31428445499871,-91.78352178568409,-97.63012078998464,-91.462095498493,-100.40504314344987,-97.7283515220566,-94.64395173475155,-96.5741450244315,-91.50958805806036,-92.07802690578164,-101.04076370822179,-91.25266762500326,-91.20577162425478,-95.06840421933667,-93.95262026974368,-100.68421350923973,-90.8568514267543,-91.56541301945525,-92.66732523663771,-92.63889760753888,-96.94915509299875,-97.14982959879072,-98.36481813744659,-98.52085706333989
2025-11-02T00:23:50,AP_5_48,5,48,wifi,5240.0,0.0,0.0,-108.3036644743307,-101.46100631351163,-98.70912100563751,-100.29439011789489,-103.0410675567788,-103.83792096696486,-102.98275380011796,-99.44880209581679,-102.42104381704655,-99.79581232328088,-100.71600261806202,-106.36567617315212,-104.1614203593576,-96.16037527223219,-100.96507895908127,-98.62628021408626,-101.72652968260395,-101.43591404554682,-100.14644427385974,-96.13045057192971,-107.87770488925045,-103.7151111338062,-106.79527647491186,-100.30266269801447,-98.58656186292052,-95.3036814153352,-97.62900225754015,-100.627735868682,-104.28750083632886,-99.99254123450754,-97.68223829152339,-104.01017556278963,-101.35717557368326,-106.06822968915264,-104.09868548320354,-100.09335729016804,-98.59472284829505,-103.42777394337804,-101.87645596422696,-104.32496897311168,-94.73941941451204,-104.8056030612731,-102.89427464493485,-102.0314892778502,-100.34531113898224,-100.75656695332216,-104.68071123788596,-96.57241975507371,-100.66798398329104,-103.40886798640692,-101.55506049790979,-103.06497052710367,-105.32063424437456,-98.60711929010802,-100.2261735939315,-100.06189554320295,-100.59987765866607,-99.14803005056838,-97.36247388853116,-106.44469388600714,-106.66398176977442,-105.75750291153469,-107.13418168634523,-102.07119403158688,-99.32287631895656
2025-11-02T00:24:00,AP_5_48,5,48,FHSS,5241.853090387459,9.918489443529378,0.22908376675395037,-54.09323165929925,-97.18664314615054,-99.28927935388437,-100.34816437566978,-98.29137106313974,-105.40569446272951,-95.35367529457234,-102.4497294577502,-92.92355722240754,-101.10407733257449,-99.41337821278894,-103.10377992023705,-99.50483366249298,-95.17983701221087,-102.09134889068842,-100.02617815704393,-103.71409305341662,-102.2101993418065,-99.07717467775853,-101.78779654285617,-103.0472663880982,-99.97539934389471,-103.11236679442283,-102.590854347912,-95.5995684161914,-95.24907660781662,-99.08105531716652,-97.20500194639594,-95.83185807230112,-101.71958396318402,-98.90085746171296,-88.72692642288688,-98.82324668205214,-95.89472071438763,-96.34926650783967,-100.49305559498661,-102.27908512377495,-101.09615698600523,-99.87183444653249,-98.74005849295814,-98.43900340251031,-100.22276597543393,-101.35766621789328,-104.72288981526894,-100.96660158276931,-95.89984264811564,-96.6239256714165,-100.45615988343222,-99.82670035708996,-104.38413168631403,-99.71786829477651,-98.14330898907993,-102.1037109578042,-102.05965357912616,-101.49478781823518,-103.48714764704091,-98.82616350854809,-100.49229615673067,-101.15307426925165,-101.45379226271709,-97.12379657195389,-97.50358207689325,-95.9567877594123,-103.01319080625761,-97.52420129607903
2025-11-02T00:24:10,AP_5_48,5,48,Microwave,5249.671768296617,16.62610570950524,0.6698810637315595,-68.19075076669127,-98.30225207514246,-105.12663808719735,-101.67555814526439,-97.76413871139515,-101.52380351219294,-99.34008939683831,-100.06196158338162,-99.67074254545936,-97.33800326093989,-99.53165341515314,-98.17489481085718,-100.23850362679202,-95.19339619154849,-97.95775101411877,-99.95123274779377,-98.21705386401347,-101.07761889700834,-100.64610993608486,-99.7524772937824,-97.15118740219859,-103.03919203979828,-103.66888914047284,-95.87958163496323,-96.29882924480926,-96.5806347030469,-97.44816822630567,-99.84934760513573,-94.35209239579743,-98.4476696493759,-99.94115465141923,-101.5655510975336,-96.71969802961945,-96.9218314113958,-102.96276782128915,-104.56641030794621,-100.6165967515194,-102.68799778202494,-100.20790758640663,-99.97168419789723,-98.23924283386688,-97.03125401969653,-96.8018811739437,-101.29799102185461,-100.33224051712062,-97.21511114420302,-98.40708919579417,-98.50362493788325,-103.0524493728042,-95.32617953273547,-102.9534372779979,-96.1425731914024,-101.75723921493903,-97.94393276449956,-97.70834629568934,-103.24000558509262,-92.01326383086044,-99.92522127566666,-101.97425140511017,-102.07012084434388,-94.25563143234564,-103.03328097446456,-104.11131276171226,-100.81564758856241,-98.76222851900549
2025-11-02T00:24:20,AP_5_48,5,48,ZigBee,5227.412168663857,1.6723529036487998,0.273470015574392,-54.534537010412734,-95.72180616831098,-102.55010851335444,-101.19765313456045,-96.9559062376207,-100.89752184866394,-96.41505913544025,-98.22224340639654,-95.91724664916146,-98.71650204714454,-94.27828722440653,-102.48303834152978,-97.61291401096392,-93.1176559681165,-95.20176925116458,-96.62933208569969,-98.43236389655439,-96.55856469524535,-99.14229570489374,-97.45358263929187,-100.19684149850379,-98.45642380928177,-94.91159564707871,-100.45092712060638,-102.88771141384576,-98.92650979122584,-94.0855121551389,-102.61891592475548,-97.54747264637898,-99.36642792571347,-97.22721456510946,-96.82443961044578,-102.15466341149667,-94.42132312211785,-95.7175880000541,-102.2702688179226,-98.83250043513016,-99.21881166710999,-99.86515100009875,-100.11942504884126,-93.04561472743924,-98.75122363127387,-97.19795388978122,-93.85457091511614,-99.02630778332801,-96.03678731613083,-95.73617045259566,-94.4794442418591,-97.53368072826933,-93.41053894104618,-99.1925892537504,-97.0503957670222,-98.15544763446533,-93.71253817745838,-102.60269587036332,-99.88227098439653,-101.10929648633527,-99.66009398170218,-95.52853148473238,-93.54486889638623,-92.47211502492372,-100.49842031200093,-99.86968978687253,-96.713647507404,-98.95438737175297
2025-11-02T00:24:30,AP_5_48,5,48,BLE,5240.870203591565,5.378185247317381,0.7804477910565699,-52.38650303557465,-108.49334743365382,-102.77211479997025,-101.23531429549884,-103.91688484890597,-98.18383369593609,-96.04120592968506,-101.34164781395482,-102.59217474978863,-98.23060998343912,-99.60836322904264,-99.55049972649478,-100.19364888484523,-96.21956269869511,-98.19117262678161,-98.5706593655105,-95.32668742771665,-99.78296945137505,-92.96290836003007,-98.99053794833995,-103.54803822315218,-97.27587183976118,-108.36855406226464,-98.67549617421682,-99.81807758467275,-97.94609629528674,-97.59294199349056,-100.12416665339565,-98.04858433402183,-98.50831004171962,-102.23165072788937,-98.86974265944527,-98.30968386209763,-100.59823106790694,-99.95992200403978,-97.41652284879991,-99.01522556154472,-104.68136814278263,-102.19569201463037,-100.93695372925424,-99.87758817624047,-103.91693101339351,-96.41969738016711,-95.29080160404168,-96.52826175946562,-101.62854756086321,-98.82774267349447,-97.36308953926104,-103.85582459763667,-103.22609693063156,-105.78108375826113,-99.71406777395725,-100.86318377900552,-96.835235767814,-96.21927931976882,-94.3482449415558,-97.31899089625091,-99.04510769063421,-100.06483883732594,-103.05492585534364,-97.92904780389901,-103.54709362750124,-96.71237999145735,-99.3284017465807,-103.44393082551015
2025-11-02T00:24:40,AP_5_48,5,48,wifi,5240.0,0.0,0.0,-104.87734170962415,-95.64532167722786,-100.02631437694188,-102.40947237518287,-97.27169583470157,-96.19815567192404,-100.57126168683375,-91.89648187449372,-101.89518180405229,-94.70411944465035,-97.32499279710147,-94.41899950748677,-95.17399101227629,-95.1936285528069,-99.69007428134299,-106.37956435527526,-97.35143562324231,-99.10832144713942,-97.7490248365274,-100.48382692685576,-101.36123588416056,-99.38608764813999,-98.02848923768951,-97.49221336415076,-97.61725416212957,-92.9425485161201,-96.89619643569007,-95.5603390105854,-103.71327962874138,-94.96512009991417,-97.97259406134383,-101.4274717103288,-95.94947598650559,-100.14406206308377,-95.0538846870961,-95.11682701569116,-96.03879226581421,-100.24601559881067,-100.10238437667864,-100.14775442304536,-91.89696649134639,-97.53463191356472,-100.67719988333258,-97.54158882110343,-100.73863134553032,-94.77267872184522,-101.96440992929264,-96.00054015401875,-94.17040348571999,-95.36045422477744,-96.89208551301535,-101.84826907811339,-98.70326139816322,-101.73320657749609,-94.11980024131405,-99.00067694658452,-96.46151233040608,-101.21548379617109,-99.07091039194881,-94.56355855936783,-93.53570044762459,-96.16342105668159,-98.05766533072429,-101.68662651643803,-98.6962727665498
2025-11-02T00:24:50,AP_5_48,5,48,FHSS,5222.407802532938,17.413616206710905,0.6771771860456804,-67.51817616648962,-95.32303710130105,-94.31322452720751,-97.22594381022031,-100.46281033293212,-92.20738034346489,-94.04366140523517,-93.92649076897042,-96.79962844492246,-92.67244235883402,-94.58459929621542,-96.70134803011176,-101.46108160685368,-100.67945949926514,-95.06457739311938,-95.72369760155013,-95.20058790212566,-98.91805786737936,-94.49552399550781,-94.74704833779077,-97.90822761368194,-94.20078609213648,-95.96425845251005,-102.45087347598668,-103.37781904044914,-101.09862012583169,-94.59582936492382,-92.17693445026187,-96.99092269262209,-96.88521056487971,-95.71895042969453,-89.76915871585607,-95.23397080884354,-98.57582420694388,-98.67135118758416,-96.16505810480082,-93.82703264430423,-94.67294277318014,-93.88009477722021,-96.97843091879994,-97.56223161267629,-95.90367079716519,-98.12992369246342,-101.51036982353774,-98.24091687520388,-97.88646267699826,-92.81111422303358,-94.06079224901549,-100.43034306888693,-100.24480175833644,-91.63035619650549,-92.88029627636271,-100.47492942446104,-91.82076447979985,-93.74492872923051,-94.46093248691456,-93.53502996731713,-101.05873226116236,-94.22322657387045,-93.56222026051842,-93.5094376906729,-99.46691633784667,-96.75571216128638,-93.90234323730179,-96.60030591052845
2025-11-02T00:25:00,AP_5_48,5,48,Microwave,5254.594991348894,11.417336390021328,0.32819129045391016,-70.45025259618318,-98.80758502827422,-95.56404114866774,-98.31783082825952,-96.64449991682223,-96.76650645558128,-99.62051559242609,-104.61079892460735,-99.36184523086926,-95.37264511878814,-98.81451793038156,-100.08546004016799,-107.83567187880219,-100.53959926892473,-103.20309192525201,-101.09008712496453,-101.71060361898364,-104.65614009417453,-99.40553511264858,-101.12803839658223,-98.05020930362133,-98.44291311187732,-100.42799114530796,-102.16626808049793,-100.50549753084636,-103.69710825423422,-102.21177961356369,-98.59146141555172,-99.85152365087956,-99.96632294621564,-100.87915520713527,-100.56523970516878,-102.39308524851016,-103.16205956454957,-99.29250137817152,-99.14080599137078,-102.3369243165656,-101.41884654318339,-104.57393537638285,-106.25824892146078,-101.96507646931278,-102.63663297180419,-100.37907285247617,-105.3865273077085,-100.98208702236258,-98.65712654322392,-97.90786955201604,-100.91316999385941,-102.39134982955244,-103.17829855112797,-103.57012112223165,-103.71028495887184,-97.01876814463544,-100.66701870661836,-105.4641679483761,-97.55936038078767,-105.99485571247207,-102.93009675291643,-101.30955535284477,-95.3469497002071,-99.9740576104323,-100.09975792021018,-102.51087187710316,-99.41236596436016,-99.43985753045563
2025-11-02T00:25:10,AP_5_48,5,48,ZigBee,5243.238616542396,19.668575644126303,0.3766345971099152,-56.400621034441144,-101.13612853528664,-101.2832605736614,-100.77383865828823,-107.30306027697227,-104.03995454247723,-98.99192425958995,-100.19056858527283,-102.56029784517558,-98.37937432944236,-95.13562642781295,-99.0650769150099,-102.1343428401341,-105.221306799486,-100.81484992924328,-99.91862102537203,-105.31876473201973,-102.88722690887978,-101.19552298782493,-96.17589203039714,-103.14091961872464,-97.91919996642268,-96.86388017450328,-95.64826807668753,-97.21419609627512,-93.75813800313804,-99.84424896811582,-97.71396834864646,-96.37453033945016,-100.76300579030516,-98.42627814727118,-92.1584786875566,-98.31512941925013,-95.41159466042733,-94.32108609717136,-105.00274873776846,-95.81464180051277,-106.1730391239042,-92.64774283387709,-100.96106499292378,-102.21947901741355,-101.94459363272223,-94.15566569067244,-105.184757580814,-102.41957306298899,-99.40858466245375,-100.85376257729304,-103.46767147112902,-103.22671054913222,-102.33250551647217,-101.62573172432153,-102.0324912560806,-102.60228097044097,-96.31230823328104,-97.07486096831093,-99.07106027196645,-100.61335867930889,-103.64069210424456,-103.77703201853537,-98.76825254209403,-102.91147698211789,-98.11035015488983,-102.69505274976122,-99.59605009118958,-98.47999518567129
2025-11-02T00:25:20,AP_5_48,5,48,BLE,5257.431314737124,10.367307441057118,0.33764945108257455,-60.41065885623111,-99.7031742092076,-98.26484185860191,-105.610556151171,-103.16136468342407,-104.03225304308194,-96.25748905175375,-106.58643802640199,-105.84218482481135,-105.06435159253601,-100.8869630234283,-99.31421881645447,-96.65693551019703,-99.43547608946871,-100.06496186562217,-100.50174169412412,-102.75161165877482,-97.69670845204665,-100.3356361524869,-103.85791171435832,-101.89490580891226,-96.75895975808228,-104.65359229649195,-102.21354242852983,-102.25722289397456,-106.84359077148854,-99.15443397018471,-98.83061320592009,-101.59532783275623,-95.15124733343154,-102.75185755812544,-103.18032121969632,-100.04172088424254,-103.86070879491218,-101.3826188053353,-106.13457952856884,-94.08126600471596,-105.85160428133463,-103.2616945358688,-101.25502318275548,-105.27131033078169,-99.07143702662538,-104.70372967904507,-100.91787435207586,-98.74200591619797,-101.6584565520539,-102.26780586711024,-99.19834600917117,-94.81693541351441,-102.17961176863695,-101.64437366969615,-99.69949215474239,-95.68732758926807,-93.04705752971462,-99.07666422439601,-96.91128796527347,-100.93970365312335,-97.20551828746183,-103.645776490689,-101.8932406935101,-97.74757521017045,-100.41914177265055,-100.86883507088753,-102.95798233840203,-99.48115868711605
2025-11-02T00:25:30,AP_5_48,5,48,wifi,5240.0,0.0,0.0,-107.64639717118956,-99.14440272294816,-102.23258757928461,-95.42900145881795,-100.69238245731121,-100.35284614666845,-98.83833114426595,-99.20948250569992,-98.15321633611514,-96.87004458553963,-97.75410373627565,-98.69881896356497,-100.70961047080347,-100.80510710221637,-96.43995222743254,-99.01185811684181,-96.75948359314184,-103.15202238175704,-101.08128074313002,-100.49705496515067,-93.33994593635002,-95.09184491811027,-100.81034342495445,-104.10551201741465,-101.63758446472688,-100.6818203990439,-96.65313000213915,-96.60933046476613,-101.20457613457323,-101.40297419841777,-96.842934850045,-98.61173900215347,-100.90511333961827,-95.53951341573593,-105.19828745605722,-98.67365284935917,-101.98234526100303,-99.44353311444745,-104.01012553745797,-100.1301608601529,-102.57468845289347,-104.58066489880015,-99.05855013237023,-97.5615412391484,-102.17234924172273,-101.88841324516748,-102.69312549268766,-103.4777612711667,-102.26162622287052,-97.47037925293108,-99.98169408640362,-99.49942389241312,-96.1142605930152,-99.74507879794375,-103.21191768575514,-102.41139312995776,-95.32198016845521,-98.22933526635605,-101.2670542562867,-102.001261176583,-100.57096986247896,-96.38229326598245,-99.21562267533284,-98.84885949632424,-94.14878836866797
2025-11-02T00:25:40,AP_5_48,5,48,FHSS,5247.5485016454095,4.03273826061722,0.31794702052236595,-50.535772406399815,-98.7145185918322,-102.32171121328143,-99.99108716615432,-96.4339125863537,-98.32676331594804,-95.5960183547041,-94.59336935476821,-100.4430569988094,-95.17321297323599,-101.14548210757697,-100.45353630135459,-99.52328382185152,-95.15171887525203,-99.13565513519954,-103.79926778725107,-106.3005221833859,-100.19945237741865,-95.94978709731282,-98.37416606655307,-100.5796635813108,-102.34976031731213,-109.21586683873032,-102.14264836794314,-99.19624654150176,-94.7612680270694,-97.87560427940505,-101.00627572171538,-90.86978583265537,-97.38250558156827,-104.28399135679514,-99.60084688727996,-99.16391455643073,-99.32321852365084,-99.6177533625281,-97.41354990780782,-95.76348089455985,-100.96385496113236,-100.39771847224206,-98.06127442798855,-98.77988790588168,-96.70983623192518,-98.53767883316802,-95.98230409303787,-99.6435655354596,-94.44996274539847,-98.92313768456758,-97.50300852683223,-99.1323205816007,-93.21773653838595,-97.89589640596476,-97.77173929219111,-94.53048912758716,-103.59694824133835,-95.00268801954697,-91.41685663612364,-98.02398898985737,-100.72998000418045,-98.19060953022488,-101.86804183348431,-97.0330710298641,-102.02412106416547,-96.90466214345378,-101.00361800164715,-99.79386559800201
2025-11-02T00:25:50,AP_5_48,5,48,Microwave,5228.65011532563,7.3948017207294034,0.790323995029065,-51.04123706337816,-99.36606622539698,-98.70378270840514,-101.66402474621258,-103.99600246560324,-101.82772501917808,-100.09099234423813,-97.33106480478719,-97.50622305551501,-96.77598181796422,-95.6814433739242,-98.68322762134048,-100.37689030339217,-97.11839663841086,-99.02261492751364,-96.88069103372409,-97.69541221516384,-101.81537927122594,-94.10322726870052,-97.90283202637251,-98.6544737556828,-100.6842670799272,-96.0408946618249,-98.74838012776898,-94.0511508714794,-104.80192669520783,-96.24142977979902,-96.2006284858601,-96.89816716116704,-96.7222884823694,-95.36977711686319,-92.85583069027138,-99.57807172804026,-98.40576479866073,-103.75716165296043,-94.18514699133668,-102.96554810238796,-99.44777891062076,-96.00026460886808,-95.39685357917358,-97.39881269589235,-99.34748714411887,-92.94090899369607,-105.39687601318691,-97.67610152959062,-102.86273950067508,-102.463653399388,-98.26485113923776,-95.9416795685186,-99.58121647392892,-94.68987400475778,-97.70868165393884,-100.35989733030301,-103.5809732222335,-93.62713259397829,-102.910658715362,-102.709304965866,-99.7276126537567,-97.46363379197695,-95.62455903562557,-105.63210727241648,-99.5509030702829,-102.79119226496641,-103.47488294899698,-102.99298958182916
2025-11-02T00:26:00,AP_5_48,5,48,ZigBee,5246.178672592134,7.889929264659765,0.651842107681208,-71.78126152444284,-92.15051229681896,-102.51228308531542,-98.16529908413176,-96.76385944510761,-98.33394786737,-100.20284808267287,-99.11340347641772,-96.12256692640489,-98.15630683678249,-98.86726434949183,-98.18338775035474,-101.59036957839696,-99.50909371630233,-102.3469626578431,-92.82576386059743,-98.35077820880102,-99.60057495943154,-101.17368249931985,-93.51445075339548,-95.62325621340284,-96.01574945787046,-97.54624824358658,-104.70887813515273,-97.09872128862949,-99.22469978579313,-103.28239285970538,-96.80134665431792,-102.98693239162992,-100.03776895628569,-101.152259471179,-100.36189350704842,-96.91567976052357,-99.69658373450518,-95.8440123097848,-93.31232015796155,-95.28745305824756,-100.82523285866351,-101.14641662343902,-99.51150096539055,-101.2580668528724,-101.849245303717,-97.13843559583265,-97.76148496269992,-102.7552167127416,-96.32979659145592,-101.26415412840504,-93.47036181320578,-100.76101844092297,-100.51099017267875,-100.32664463479247,-99.95471649757815,-96.67716140163044,-101.50362418787608,-97.35557275748099,-99.65767343904847,-95.26325532458604,-96.3742901223426,-103.28482358562832,-98.03247231615535,-99.97248051845439,-101.47475536858732,-101.5316968333399,-102.69153077425668,-99.21714316176983
2025-11-02T00:26:10,AP_5_48,5,48,BLE,5247.625110396422,17.830358109834435,0.3258113282135864,-50.70033888916555,-100.57411948896907,-102.4685771553451,-98.19140708353511,-103.6189701163293,-94.46059385261478,-99.8047847691565,-96.49429545303816,-102.81588005967735,-101.58107199703375,-101.46464484631323,-101.6421321623786,-97.49666053820764,-103.82762604899906,-104.09384523781868,-94.76801383066599,-98.2449992721728,-98.71394189856869,-100.15836976268355,-95.45233847682354,-103.11348191086829,-102.14056367997088,-103.5575685248171,-100.85037024191101,-98.00241789391964,-104.20987432245659,-100.12540552269387,-100.79330515744643,-101.02862004519427,-104.59751674977025,-102.19089302761202,-96.42758259247813,-99.53160184610684,-95.62085143075197,-100.33019673093841,-103.18649417200444,-105.03460728218508,-99.18013331930736,-102.03832240530178,-104.30248856347818,-99.52015861663008,-104.32897107411429,-102.45538798139654,-104.23195436936528,-98.69838448920753,-99.03781377918642,-98.45521290230036,-98.39653349867058,-99.46466211842058,-102.13706338455081,-98.82842347446284,-100.32166105087637,-98.20131480319948,-102.96015584597065,-94.51654986616761,-100.2102057373683,-95.25474812187625,-100.13459952470436,-103.01005407217416,-98.46094514341125,-97.68953216547914,-103.153305937451,-99.44644281578593,-101.16300195906848,-101.06666869162586
2025-11-02T00:26:20,AP_5_48,5,48,wifi,5240.0,0.0,0.0,-104.38829218946816,-98.61837410679902,-93.44222520512692,-98.85893179966004,-94.62338295572859,-100.56444764680386,-102.4586825300598,-104.54710176460782,-101.93117388240881,-98.62393852277457,-93.35180915565817,-94.75349925702513,-99.43742033480694,-94.300464415929,-100.17527100087511,-96.13336095534717,-103.2910843442945,-94.58750098832121,-99.94221575672388,-94.35648062365489,-93.34751265548859,-98.40256623610294,-97.86406764904247,-97.01789938701737,-97.67884345199381,-99.81981712574698,-95.5970688753796,-94.81124583727853,-95.83706981114197,-99.64574215488012,-101.5438818500778,-97.98875807644112,-98.08085439687582,-95.08801363005391,-96.87704600873434,-94.04191135283277,-98.57835073294265,-95.68395310714594,-93.22733089398027,-94.15731886611671,-99.90983695149347,-97.08278386074194,-93.08733083079619,-103.00626868540883,-98.38767766237437,-96.70637474693194,-98.04319774168079,-96.58221361280394,-102.33565057372215,-100.294972273237,-87.3593932445244,-91.38324013227205,-100.43926106933881,-103.91030646915698,-98.36259628742471,-92.73738728974813,-96.80964862607284,-100.14248969541235,-95.5714318650305,-99.76970552004622,-96.78406894295306,-95.49653499101301,-104.35806275364595,-100.29138079622975,-94.23476710131905
2025-11-02T00:26:30,AP_5_48,5,48,FHSS,5253.5647495815565,9.499805240072996,0.782440291680979,-52.7089218153668,-98.3615477777301,-97.18114065338541,-97.94095424041595,-100.62965903444207,-96.47267399349849,-99.65270141565827,-94.72012825821632,-100.20069862314068,-102.97197287554421,-103.34561167236429,-95.90000680644998,-100.4390547360156,-103.66948282823272,-98.28475075933996,-98.50330865341306,-96.45814557295708,-98.46550351438181,-99.69136647638743,-97.80807582568296,-98.42786060687898,-101.20837758350828,-97.92812323670098,-97.65278262180004,-99.33999227398101,-104.43723334103964,-102.05995462982122,-104.2786261860617,-100.5899245483658,-98.39333824382894,-101.13290379045857,-98.97053110689758,-96.29635564626423,-103.64584345763562,-100.68688610707267,-99.61627988356717,-99.31348796206012,-101.90101893183751,-99.00801111134523,-102.56203163750753,-101.29464302506635,-96.87126157153907,-102.11674113791074,-103.05474752752933,-97.15967465350388,-91.50525485709628,-100.55212294577478,-100.94609099730287,-98.64231589018533,-97.57527934044312,-99.7456606726893,-98.7512695201684,-98.55707303166312,-103.80585897713149,-102.42379579371837,-101.75533174756181,-99.89051396897437,-102.79916397423246,-95.17471734082915,-96.75273569473586,-95.38715219756236,-101.39658590841096,-96.88330776098346,-102.96779600217619,-103.8847776344799
2025-11-02T00:26:40,AP_5_48,5,48,Microwave,5230.931277587623,9.30951909618245,0.4011147757393426,-61.91998428502493,-97.51972939143063,-95.99950869896848,-93.33441374734456,-98.23336531279868,-96.33935272818132,-93.07942449943349,-92.74721439895578,-98.50633929200373,-94.45542432103898,-98.8273320363672,-97.48095195532596,-99.08087284720318,-96.00005968219318,-92.04941995738801,-102.4268635269544,-91.83024719755265,-99.35950959719021,-100.97329772726303,-93.00110223062303,-94.68065220177571,-91.59179130588231,-94.9945218155276,-94.6452910085309,-98.40978502702339,-100.28593817846519,-93.52766222846878,-95.17694409285104,-99.85413614435899,-101.83828230140197,-98.00678622555907,-95.9501536619516,-99.2926880239789,-98.07606232242982,-96.1397537984233,-95.14402442536553,-99.33795733069847,-94.64930545026554,-95.44843773455703,-95.00108415935361,-94.82717806791474,-95.11902545015039,-95.64582257585015,-97.34759560113025,-91.43945915802013,-94.37951752344969,-94.83580411003513,-100.451184157982,-98.57326064550792,-94.50624755216414,-98.16031843682309,-97.28494995755324,-100.71232444524767,-97.47027930933896,-98.62300216879146,-92.8327097268789,-98.76832739429997,-95.53166994842728,-98.97202424919803,-92.57538993315619,-102.86293862449689,-95.3178582892225,-100.82035943611737,-96.62392586886894,-98.77848170099684
2025-11-02T00:26:50,AP_5_48,5,48,ZigBee,5227.569621464529,9.761943049539045,0.2598910045620717,-61.12990374780397,-98.64382613169559,-101.22598190934306,-97.75233900625773,-93.57372201012437,-100.87140452116431,-96.95366245977016,-99.48563092143777,-95.06385472687313,-103.62647288106992,-102.97840499200255,-94.07186596960446,-93.11094238370933,-92.4576666972488,-97.74671994748365,-101.93321731013441,-99.6567890372681,-98.1635592467928,-100.84162881541708,-101.51769062852911,-98.98258930235427,-93.51460252702422,-96.13759997739878,-100.60695939281435,-100.39839580097869,-99.33983196830813,-101.00000836047025,-97.12406690939434,-104.83557835364513,-101.62819374533652,-98.96651790494452,-96.90132384559253,-99.89612543900097,-98.93105374385536,-95.05896792697958,-106.43972853732832,-102.30779208292857,-102.21123479033406,-99.37643601961145,-99.75601734647046,-101.50148035228989,-96.57352640149836,-99.28150972515296,-99.17792984396324,-95.444281892633,-98.89736130645906,-100.95484051251819,-93.62597621529393,-98.7877988737613,-97.26275099959656,-104.39225707856295,-106.27115496067057,-103.68406024234962,-97.20259278403464,-101.75169420424655,-101.29078808107819,-100.55483614242885,-96.53656123408837,-97.91997236269206,-101.73820409415326,-97.45152930136247,-102.51610952599017,-95.9851337312435,-96.07781675598119,-94.98315124326587
2025-11-02T00:27:00,AP_5_48,5,48,BLE,5259.467311947974,14.637114994127554,0.3205882178087822,-56.8048145989439,-101.38834628628553,-97.5405225667703,-96.70995162641303,-99.91394794720264,-98.7310553127068,-94.67390583399371,-99.7133915089869,-99.73253562543867,-102.95887034378482,-100.32224435613892,-95.9909651745243,-99.47976766293392,-98.73670490626563,-97.6620563155047,-98.41335028714249,-95.90557273494066,-99.78426551152195,-94.81744193792724,-96.56241905440466,-101.50284001303841,-100.41884045832673,-101.65049114134425,-99.74416838817244,-95.07138734144753,-99.78184505977626,-102.66859827268053,-96.82265201825766,-98.12726102274611,-97.42347108262712,-99.4193371867597,-97.32820611934791,-100.31906635676725,-99.15469968866742,-98.10339965011511,-99.47457857283794,-102.4203002487361,-99.36759670163048,-99.78075996405093,-103.41207964333485,-102.99272287389596,-96.65119758434389,-98.18536409373641,-100.40736108627878,-96.84923592008965,-98.04016214277,-94.21578579747197,-96.93351115799378,-99.70311435971553,-99.53719797843023,-99.49782378590758,-95.87943197403295,-99.30948978005394,-101.130744025905,-99.24984747227222,-93.89995045687918,-101.56530482697099,-97.00816807231865,-102.24837039821338,-94.68683688361651,-102.6526926569783,-99.71635332331584,-98.509685915415,-96.95967059914844,-100.85172373772056
2025-11-02T00:27:10,AP_5_48,5,48,wifi,5240.0,0.0,0.0,-105.49853386432927,-96.11066357420214,-100.37946915990594,-96.82327598629784,-98.40878639708617,-97.47280503670618,-97.17128499547297,-100.84015823908102,-99.9852825349864,-93.85469288615856,-101.361080574884,-98.96494499298116,-100.69218780103601,-95.55846446504354,-93.47189312074286,-101.16285601696839,-96.55022961450749,-92.12631886629632,-94.24797326293756,-94.95971554131621,-96.66785460728927,-97.72523609607703,-97.391384387717,-99.30419352780828,-102.04558909523824,-95.88072454982691,-102.79130303483697,-97.77444140338311,-98.70622505425128,-94.81321398089855,-99.19027962242366,-96.73208495347075,-101.34665635293962,-103.63099415409077,-100.1966950496892,-101.05012991767056,-94.06501669380737,-100.23485384958786,-101.1024400225155,-98.40932214706734,-95.25408728788102,-98.8394538968675,-97.4750710323735,-101.88276400688702,-98.69330880296435,-99.60556500267603,-94.39680693360701,-99.23599221120878,-100.3918460880072,-102.33553365086682,-98.46818516725745,-99.99689559033153,-91.48974215576271,-101.14068876067195,-95.68950466014098,-96.42861716074127,-94.6941379927793,-96.97736883029013,-99.08722117497211,-99.09835756609948,-104.02547933740543,-99.80946498178929,-97.80456584531653,-93.68722207554448,-100.9364118926674
2025-11-02T00:27:20,AP_5_48,5,48,FHSS,5244.682115422593,9.552840744361852,0.2482504616503755,-62.76326103062102,-107.32024003938847,-97.6294169313895,-98.47855839321858,-101.02615759687569,-99.36458098039455,-101.63996153175192,-103.99933094638875,-100.60726352484541,-102.22560607665983,-98.76787068081202,-101.82317881670203,-101.01224786272378,-99.7972272180925,-99.39544815842697,-98.97677931197816,-102.69742824916001,-103.90204287730596,-102.11461443995252,-102.22076097894409,-108.10437937300533,-98.19030965543062,-102.66457253514548,-93.49482079980261,-95.62690715730231,-106.8397690538836,-105.41288038537125,-97.68964268071532,-99.26658432357529,-100.45274756529332,-98.98026961270278,-102.07171724064703,-102.45736541088162,-99.63469606911458,-102.25593328816586,-98.8580172327939,-100.61693539292304,-102.95899202003076,-101.0938859179316,-92.99529711098697,-104.31044148657148,-100.75317331109221,-98.54688053877028,-102.37643967035707,-100.87267664475945,-97.58418949452069,-100.24255755990173,-103.85610244153405,-101.75341857493265,-103.28230780279985,-101.42390051722832,-101.9873866264101,-100.75855969736274,-99.2346646336414,-106.00280544588804,-98.14388377634123,-101.49757876107633,-102.90034500517586,-99.9933760372531,-98.36055122756282,-101.8337053989736,-104.22488639294374,-97.46146235500211,-104.57458029298462,-97.58994150924546
2025-11-02T00:27:30,AP_5_48,5,48,Microwave,5242.832976492338,4.481842653382923,0.4947129564121839,-63.379074056367905,-102.2700290099505,-101.06788128056024,-99.91586323718364,-100.94085778353441,-101.76711693397571,-96.22460148921891,-103.58509186563515,-100.85687594931575,-97.7495107202147,-98.10456195578168,-96.27461481977568,-104.01592426882247,-99.75148102849761,-98.60426406306475,-97.48755252120193,-94.96417159384096,-102.16291138582145,-99.4999565212544,-96.3427107210484,-99.37829778738602,-98.17513560626757,-97.60874111893244,-96.03628339067672,-95.81726488903767,-105.50391427588924,-97.26194521250713,-100.01766151088255,-98.66243824452985,-91.74578993897889,-93.34984293314443,-95.55315994234908,-98.12998834895491,-95.5993872820304,-101.50749196818265,-94.41652747451245,-99.62472182972692,-103.02944922085888,-105.4356974801473,-97.41359405333529,-95.80879695257241,-90.58763728714867,-96.84665446514593,-97.38585614528581,-93.59236436425213,-100.64964605343003,-97.39731522195058,-96.3847974355176,-95.00425608081565,-96.19886985186268,-99.59855117923965,-99.71200687323156,-96.51434438863532,-100.4746076998486,-99.85707562836879,-100.91357803106588,-100.07195834640775,-99.14694665549683,-96.52058052665762,-99.5323239200774,-98.00373621282938,-101.08017086424262,-98.03466512697577,-96.47255807956321,-98.85944053527574
2025-11-02T00:27:40,AP_5_48,5,48,ZigBee,5254.83347236803,17.29171977463781,0.4209982026447573,-57.15196828798327,-97.40511002999962,-100.70195033862908,-102.74336817067456,-99.75304627174917,-102.84658216439672,-99.14918180960441,-103.03894227834128,-99.74673315031387,-98.62045489575493,-97.36424906624067,-95.34196506641348,-101.18006411396098,-100.71568674069513,-96.6719953180732,-99.60750087725981,-102.03098230436757,-91.46464863305951,-98.14184361525643,-102.63993240755916,-101.9136425524773,-99.8523021048572,-100.01934657741576,-93.22318662629867,-98.75465715770554,-95.30729783246753,-97.84074885621047,-93.99248642686621,-98.39213189176351,-97.70550439106515,-96.27630075307349,-93.81305828719645,-106.42298382109918,-104.84460848497184,-98.92838014998367,-95.73127526737872,-102.10751746557317,-100.04647259392009,-96.29794571997871,-98.98983254017541,-98.07646673388405,-98.08907740701459,-91.50182767310021,-98.5370943744661,-97.17498315635511,-98.3936354757738,-97.81025927126959,-98.96642854653575,-100.58433547501781,-95.33799181287081,-99.42947909911072,-99.19802293345003,-102.91937120318413,-95.25601781403432,-101.88658590407266,-99.64413034292484,-99.92292384002025,-99.76735224372187,-101.28732774184301,-99.1087992106597,-100.00164075318796,-101.43681910582522,-96.27941917117195,-96.06962576501229,-94.89251988399019
2025-11-02T00:27:50,AP_5_48,5,48,BLE,5221.224161139555,5.1571572457796195,0.41504930331592566,-61.28670025136669,-99.0895527806455,-97.51195259910607,-100.53650750572439,-94.866341132145,-104.19634461898356,-106.42226348001047,-96.62774141272975,-99.17167087377837,-96.10669777374581,-99.027353453263,-102.83762261823802,-100.6107166213999,-99.7135982444313,-102.55982254924793,-99.334068781857,-92.8650106778255,-101.37134068266066,-101.31717774875489,-94.68588601450884,-105.01741663988695,-102.18048594022011,-104.61779475501525,-101.34976050805291,-98.62228321084856,-98.4607453550438,-97.80652948262758,-97.91114317180339,-100.83324742186397,-103.33574746619439,-100.46300136229151,-97.47489379282395,-99.87123740294462,-94.76261358487353,-99.95830853269297,-102.057563338531,-103.61595170033797,-99.49369554758218,-96.52292378156638,-101.77115406912684,-102.77628023658683,-102.69681942588485,-99.3345558061131,-98.04821605373726,-101.02483258769364,-97.92697295369932,-99.3428800017406,-100.50499960372926,-98.07430492215255,-95.67024498313516,-98.35762916245386,-95.47902700228049,-98.30115258465767,-99.8315674974307,-101.05916472330814,-106.71955420024406,-95.53201091072381,-97.9519100242461,-99.6820893643725,-96.41446665092312,-101.28846277460565,-95.35513863829479,-99.17962987425567,-103.34506651006234,-103.67025046152222
2025-11-02T00:28:00,AP_5_48,5,48,wifi,5240.0,0.0,0.0,-107.78100785014668,-102.7697490958403,-101.83948328156487,-98.20792921392159,-96.2836076281664,-100.60810999483728,-104.08818998616603,-97.5448410887724,-94.11229965395849,-103.69475651348486,-101.83759343495659,-102.23073812702434,-96.64842162599345,-97.74777178920424,-103.62083609699343,-102.5239230769707,-102.05579981333636,-97.13391362046997,-98.38390876009376,-103.41930119742594,-96.2252280524505,-108.2189818311605,-94.36245217228199,-98.60601958921428,-100.13581911249146,-100.16429390787526,-100.55030983983113,-99.66023774300976,-98.79799268955523,-97.73562285510249,-101.32226343809869,-100.54349665679486,-102.0339180849887,-100.40489521760514,-101.99609525485525,-98.24620696071297,-100.33757529358002,-99.45581277391472,-103.37796751613585,-101.00955123888721,-97.9161175589372,-100.45434849957331,-100.46548059729906,-101.65459130977449,-101.22011608224688,-107.15561674896874,-97.56265279275968,-99.40799589299823,-98.21661511073107,-97.4596787657354,-102.41257402956897,-99.29378524661816,-101.06126624318453,-95.78280376479293,-102.73465950530388,-96.0905300361882,-98.32667212287075,-99.26315055028375,-100.95319756467983,-97.49316461922996,-104.83303092342392,-101.39654805355123,-99.74504015188604,-101.35098051134595,-99.48582498666228
2025-11-02T00:28:10,AP_5_48,5,48,FHSS,5226.6567832947985,13.406815378850878,0.624787099479228,-59.15942943411979,-94.67022758380806,-95.34609469149592,-94.72005930116957,-100.70811737149786,-97.37528349988997,-93.39383107762019,-96.60929061091662,-95.65683626686544,-94.5646371410337,-94.42798870513245,-98.2731857885014,-96.18634680848824,-97.6008931403091,-103.97393715780846,-96.11460868472109,-100.17511369612592,-97.6243650275538,-103.59738001116715,-98.15654171932081,-98.7560688260395,-100.47811878158073,-95.39344121896087,-103.87373144248946,-100.5462203930257,-97.60049037947206,-100.20471656987446,-102.68731139610213,-98.72697131599084,-102.69290620003736,-106.77630316749807,-97.77035584769028,-96.00711380266138,-100.9952411264901,-100.88664548260712,-97.48259871953124,-97.6796220265232,-103.10721821474054,-96.5930648002477,-101.72838537911963,-99.32241411122645,-97.05133544540607,-97.77764915313237,-91.61973813751483,-100.33585677428631,-93.23305310925477,-102.93553073417183,-99.87696976070107,-97.84522473238019,-98.68259454935703,-99.04444866987647,-101.31691091456399,-103.20550139224812,-100.49490814717065,-98.36505058689632,-90.95606399881261,-99.72951841865171,-96.20372849490373,-101.92061594592086,-96.62448323471577,-96.95327245371168,-100.63501312848855,-98.03243718163225,-96.27791336332147,-100.50473970086996
2025-11-02T00:28:20,AP_5_48,5,48,Microwave,5240.336699342417,19.379968222240848,0.3117679671303656,-56.62393071611079,-98.29184660130632,-102.65989883341086,-101.92596981011833,-101.86331926697338,-103.65540655500874,-105.26140894005266,-97.77866068434153,-94.23634376313612,-100.56971459850035,-104.64516674153653,-99.22950264498179,-95.70409246406675,-98.9907444567248,-102.91985751030126,-102.65751426809476,-101.17216172031844,-96.62836980472241,-98.38168970239481,-99.00756082131444,-100.83097540513111,-102.78602635116063,-101.19984958117654,-97.65696309651703,-100.94032640413769,-98.25397390912437,-105.33679957260999,-96.75366355294643,-94.3651096383935,-100.73923770798444,-99.58911433706687,-99.47378034885496,-100.24813898015984,-106.88868207063614,-100.33816863232983,-101.05322590335572,-97.50898316326301,-104.25815130934849,-96.3607542370644,-104.20738692614515,-96.65607905316274,-106.30845113703006,-99.3019924323831,-99.59639457839985,-97.7593037117096,-98.57416547014508,-101.32209310403202,-103.46891809277889,-98.27111887240733,-97.57906120515005,-101.16689256947497,-104.0598311438128,-101.75231908136435,-96.56797065728155,-100.17003625004033,-99.62220278019626,-101.0700104234619,-102.79275852872526,-102.30259753536065,-97.51944426262811,-104.40716407555288,-96.47395936176599,-94.55830135949108,-101.00698936458852,-108.77085366436461
2025-11-02T00:28:30,AP_5_48,5,48,ZigBee,5240.139799759273,12.878186756825519,0.5956168199624621,-69.00069421537128,-102.16852184099027,-95.20272535788361,-100.69758192057252,-103.0675765011704,-101.26471403479748,-109.8329875272104,-98.33200359273229,-92.37106343032914,-102.67062919675085,-101.98253974729809,-96.26683036412606,-100.58527996654774,-98.37115328013913,-96.82453329665185,-98.80042857044657,-100.38852686075717,-102.18654825154739,-96.64638956182071,-99.72328702431942,-97.4026391810421,-96.64013780113035,-93.73714119913697,-103.48231968585479,-104.69762081151016,-107.61809400083793,-99.97217151481343,-100.20484752132678,-94.33995313928794,-95.25643403244746,-101.76871990691582,-98.9247440001452,-97.32831567096584,-103.28539963458702,-100.55664860636983,-100.10040896213287,-108.1636928803891,-102.84736158273215,-96.19643821068159,-97.54196103279786,-104.69956969412783,-105.60399561573857,-95.81696238756747,-102.53853687095159,-94.19487077718263,-103.06100683155627,-103.03440258165772,-102.22510820984564,-103.14116163679397,-102.70892163976544,-95.16519160360251,-101.84433064237973,-102.03565704493069,-96.4101504124004,-101.82257486691073,-100.59737069341254,-99.58189475199698,-96.01045291782955,-98.16643173637797,-105.18962380398898,-106.31435049817824,-100.32155193677758,-102.67963776778038,-98.95921060147009,-102.13367793315943
2025-11-02T00:28:40,AP_5_48,5,48,BLE,5249.415997062056,13.218160678811005,0.7707398624525346,-66.72401581419929,-100.62010548397491,-101.00584043115862,-101.30438649106506,-101.55770082118056,-98.12276083278628,-96.31588725909747,-95.26883772394899,-102.14590252272737,-101.46121918105645,-102.53696382321937,-100.4318029642784,-99.0367789721993,-97.73521301612062,-99.0457366186237,-99.34765371487154,-99.2923253048022,-101.89381882255333,-103.7311949268762,-100.6943992894472,-98.66897128102961,-100.77537058800173,-99.84653713278198,-98.71961264718988,-103.08497144513504,-93.82164400630029,-104.60055626843885,-96.30581627443397,-99.18665737996979,-96.98823753728777,-99.16695409308625,-103.61430005187759,-97.27384766572635,-96.10811162876804,-103.58809368331885,-100.30478950122414,-102.44898186750585,-102.32557868120587,-96.96229967860371,-105.41165162812221,-98.72889459181901,-96.08497860220979,-97.26617618001143,-98.95887505991627,-102.02000474771853,-102.24762765411953,-97.04652037662905,-102.84286816122788,-99.5202009759708,-102.20639564236035,-100.79385819062126,-103.60932406110044,-102.5236129460072,-99.61077182331002,-99.76522107135911,-104.8087333277183,-100.90521735700386,-100.36264113471775,-99.88149010914591,-92.92935013443018,-96.76031341445952,-103.68249770458335,-98.31370597316473,-98.32987512440974,-99.07768673508058
2025-11-02T00:28:50,AP_5_48,5,48,wifi,5240.0,0.0,0.0,-105.66233353798192,-98.77456581511882,-96.42815052977859,-99.5835601259869,-97.72154457166478,-96.19123257931668,-96.91785315054145,-98.90487325506973,-97.46669141547865,-95.90558607604564,-100.12239911016054,-98.74563297756254,-101.51365650854953,-103.54046994537308,-95.97264773534636,-101.52926155537835,-96.01274184284037,-95.335652263299,-100.52796398744549,-96.78290727117782,-97.60507169973293,-95.7503562100245,-100.93036764902348,-101.63524825836451,-93.8979895513193,-95.88473068656403,-93.62350378082166,-96.2058584378755,-95.43685117569368,-100.39778309502894,-101.27231039723752,-99.01863288032156,-96.50222482084412,-95.69701861342689,-100.84821209876392,-95.25239010669374,-101.45041821503888,-95.95928029466799,-105.43219738098828,-101.31701532335222,-106.57508781495275,-101.77158034308054,-92.24703622040637,-101.61826528176691,-97.66425222257345,-101.84520470569377,-101.5437731885938,-97.13001414544938,-97.31552798936507,-103.17308432406126,-99.73554927347041,-99.33067275131103,-101.99437534910675,-98.82256791541747,-97.96042567947147,-97.28438822348598,-101.21094565136393,-98.5133267631785,-96.95127082328814,-100.40250785269421,-95.96378457492303,-99.90102720286819,-96.7645041556452,-99.56818381913436,-101.59980531487011
2025-11-02T00:29:00,AP_5_48,5,48,FHSS,5230.179172105164,18.72593644936898,0.30857115451678685,-70.20098809500179,-97.56463667965379,-93.9959475267577,-98.91307127598675,-91.1990700129502,-98.68840507453157,-100.6589548389886,-96.69647402131714,-99.37724054365776,-103.22438038644175,-103.55958568379282,-101.04924964859401,-98.60308235876887,-103.04603075983148,-99.25114117164667,-99.39875249285015,-101.10785621263395,-101.09754529581872,-98.4437861512055,-98.03598771437126,-97.74858693892344,-95.82156490435841,-100.09647940042973,-96.5153129766025,-101.6473940017701,-96.45532361901998,-100.33210847160667,-97.90015245314133,-96.53513804598,-103.67208035591572,-99.65417970892425,-99.53221655232046,-100.34919474214571,-104.3937937209528,-101.26294738613092,-100.11217515742113,-102.91815848830495,-101.93959734177525,-98.15167352537549,-94.85013997974342,-101.99367759680513,-101.81774383804758,-98.26211784348526,-96.3754268585926,-95.6558145060163,-98.39630620432719,-93.56266969325878,-95.00972653182824,-102.10345684005776,-98.87418234870886,-92.67900767238324,-98.34608217746627,-97.8739421184171,-93.67242991499397,-100.73870598226526,-96.56952646863274,-97.6919966383237,-96.3981831285062,-99.10108618065215,-98.65901867786822,-97.86194947530319,-99.01616085637662,-99.69852672615542,-98.07650114644578,-102.23644584314393
2025-11-02T00:29:10,AP_5_48,5,48,Microwave,5243.65692548938,13.886765088990737,0.4432645870363053,-71.06655411079099,-96.44284630281629,-98.72353140293583,-99.01006083253684,-102.71013071602151,-101.44206366806716,-100.58967151136014,-103.7695267248832,-91.88529895910983,-99.7025821482721,-101.98849499872905,-100.65115455367857,-100.4973178127704,-107.2926361554924,-96.6925165025389,-101.09314452516175,-105.25135540973167,-97.096294312685,-100.91023882811663,-100.7549544819433,-96.72607654568743,-98.48812754836851,-102.27864300911713,-102.16537747947629,-105.7938557905911,-97.07491727056804,-94.26219953536099,-96.91501438508301,-100.39580592057752,-101.06955046986624,-101.15135885899176,-99.81295879364633,-104.38889652161085,-101.3414976577111,-97.51668227417727,-98.92726989080641,-100.94156701463363,-98.98073190087133,-101.76190640798295,-98.11237450541928,-94.69728655753165,-100.23891467958033,-95.95360736903652,-99.04674635016009,-97.59622290818331,-102.50458438410891,-99.45140451539916,-102.33176965600181,-97.41918144171457,-96.48673427521054,-94.43881177003576,-100.022472232409,-97.90110900777708,-97.70721417112257,-99.95270435612383,-100.77433205207248,-99.4310633458711,-100.84519399406928,-98.97174633161835,-96.94284491029237,-100.72299394802391,-101.30357712336541,-99.13387051593713,-97.58429361519887,-100.17066236365669
2025-11-02T00:29:20,AP_5_48,5,48,ZigBee,5246.333936718285,19.94103749307503,0.5790935243182842,-52.205168993102745,-97.76254552439872,-96.45977555443412,-100.34015014343858,-100.48682211455775,-90.89298667340375,-92.71117580007785,-97.67198393158189,-97.81578149380056,-100.92631438646094,-102.90797608269698,-95.05387083266423,-98.047279610497,-102.15648419978233,-97.07735054803277,-102.8876075976191,-97.78542927454711,-91.10020981732922,-99.95267514254647,-93.77676390419963,-107.25287007680691,-96.26176425657232,-100.6946763227907,-95.18076522142884,-95.12953191929111,-99.3747522349741,-98.05754997041491,-95.14297230282828,-100.06119709528501,-97.41399166372932,-102.59819695980211,-98.43321710257531,-97.85732559136899,-95.34775908870309,-101.16365297369282,-96.77355470738277,-99.61937690126607,-97.33098999059679,-101.05819441842881,-95.56352094526108,-94.45153335366341,-97.63774819124112,-99.13860171483694,-97.88659761336461,-100.47957063846872,-99.79310272596838,-100.6441684894648,-91.9433756937483,-99.27628902166582,-101.99733890912442,-97.86878320840418,-99.5303902439585,-99.52118815805012,-96.84247137404589,-96.14696877001234,-101.75540949836147,-98.95235322577663,-100.07318474576563,-93.36949216168271,-95.71368818784981,-91.63311073437727,-94.6379844110893,-101.97246530710443,-91.15812790632687,-95.74072250989035
2025-11-02T00:29:30,AP_5_48,5,48,BLE,5233.468904273683,3.6143966725080303,0.5518218502732747,-52.66902217187477,-99.262515397432,-101.72783786359713,-100.28517547384473,-94.55715347175165,-97.96693337423787,-95.98748132177396,-99.44267953429265,-93.57224612613429,-101.87603537363552,-94.20376067866887,-96.34413240718992,-95.04587756972883,-95.71040359024111,-101.79969690977788,-96.881183409968,-101.04033387533138,-98.65022576576644,-94.4259142684854,-99.45015417372638,-99.58022144600123,-94.28418911911427,-95.37123367653032,-88.11068948947816,-97.41631338189946,-99.8591892496988,-100.54963649754824,-96.63511460171941,-93.05522873639904,-96.4596548204971,-98.15394572358403,-97.59556183598505,-98.92738289665117,-100.58140516077873,-93.26324941847048,-97.99986551941943,-97.25505232829131,-90.36463609423366,-100.01561239186701,-93.91874445595688,-100.7625177812479,-97.83950020880889,-96.40614745993163,-91.91116048721405,-94.72313832132888,-97.38773330745742,-99.13945330580064,-95.13671570755254,-96.50079003670962,-98.75816180779842,-96.14641615108611,-97.48300005457261,-105.6362431204489,-96.7578605979047,-93.26811324978883,-97.48107822096439,-101.14808844208986,-98.30767662000109,-99.96560511302881,-95.95432338139027,-97.42293210231013,-99.20849735628208,-96.24437158438471,-98.7297251972834,-100.22213618722827
2025-11-02T00:29:40,AP_5_48,5,48,wifi,5240.0,0.0,0.0,-105.98525801906045,-96.22812698288396,-98.7028941710505,-97.16749268179174,-96.65449745427492,-98.3845637990768,-100.12556017010671,-101.66633520895908,-102.87447638578871,-99.81885028453944,-100.64655582539399,-98.07891011020716,-97.09810541222829,-100.34636362645566,-103.25605289847945,-99.97708714212209,-96.34867255272277,-94.67988787011713,-95.91458635969434,-99.05357339352254,-104.41324733264095,-98.96835527468468,-96.04426999815254,-102.24874839505945,-102.32420834956214,-98.6032860455535,-101.02764134702471,-92.69210841662569,-97.58082195949852,-98.32248014856489,-101.70810355014943,-100.25721714555375,-99.68434914562461,-104.00116407639109,-99.41248675089064,-97.12120948608417,-100.62853657346272,-100.84580884920189,-96.53050238188288,-100.70589141086411,-98.98584620930413,-99.45121154841212,-99.18045094194669,-102.84974527288952,-102.15131578214526,-94.70450841854549,-99.49746625262507,-99.36804631193266,-97.0202614629681,-93.67603438361428,-101.86230400574595,-97.02081496537664,-102.11761138830691,-103.4743206277786,-102.885848791005,-96.28291206431165,-93.74793657392668,-102.66913554483297,-96.30167729467044,-100.39286867097522,-98.05660610825933,-93.07842790243384,-100.1583014484301,-103.6687827538264,-98.56412379097152
2025-11-02T00:29:50,AP_5_48,5,48,FHSS,5253.7583287848065,18.581594186771,0.44361013249860054,-53.51299453137287,-93.44509751957291,-93.4795927742709,-96.42063612744086,-95.26896293166413,-99.05872271152128,-98.00614621497421,-95.30010737227012,-99.47654219016685,-99.69331081782532,-92.17961947500648,-94.75563137026347,-98.21401364558037,-101.05616151582267,-99.89885973105702,-100.30962444046924,-100.49393014569016,-98.53402494658319,-100.00639721297517,-90.7716329336433,-96.171779735955,-101.59710895200281,-99.13045181857123,-96.66948493216096,-97.01730293195808,-105.08700432151005,-96.95263941524426,-102.53535658939911,-95.20208419634177,-96.41927567207807,-100.46748895761448,-95.10307014478092,-97.44424665952216,-98.85239804855465,-100.50985395392973,-100.37251794162322,-98.48975418451658,-91.08352408188613,-97.71271492589493,-98.72604261983467,-98.08662860997714,-96.34351685148309,-96.38094508178982,-94.8068405171156,-97.0702611887185,-96.07791083562044,-96.4510337033935,-104.43621931752376,-103.16182739351954,-99.3187318013628,-97.11230039903751,-105.00967528383472,-99.53541652149627,-95.28931150216947,-102.66727484722803,-95.11606177066659,-94.1308393863601,-93.980246000427,-98.19117439923936,-96.2369494123952,-95.9531460426979,-98.08535201786447,-96.67679540603244,-99.93346248047523,-101.39072591582557
2025-11-02T00:30:00,AP_5_48,5,48,Microwave,5254.133251938269,6.512126919839249,0.7128127935271464,-65.0524847060307,-104.68691124947884,-96.187847566579,-101.42372174805126,-95.73699542662791,-101.63160394629672,-98.10467667650636,-96.11105255036355,-103.32936878813524,-99.08929559700228,-98.38065954891121,-99.39834649030745,-101.04882917834409,-96.56586133734409,-103.67134770523356,-101.13543375321888,-102.39293168968553,-98.93697377896099,-102.76147099129132,-107.37553567739923,-102.5960350343023,-97.51554403536798,-100.7025399395406,-99.75784775155729,-102.8446387268671,-100.18334043392004,-100.40768707214399,-99.40356513362579,-97.46346755910686,-101.60300299856534,-103.7946996881826,-102.25156420458379,-102.73164903380393,-104.15610257554304,-98.37779698835871,-99.00733648972115,-98.24872535142532,-97.23417538970222,-103.53080836705321,-102.52747091203076,-106.17949672667113,-103.66086338065982,-102.20173767339841,-104.15795098942465,-102.59615516160659,-102.14943051008382,-98.1569227963385,-102.01035023725059,-98.55129003320327,-97.60018963115748,-100.82964011975383,-99.14069262017857,-99.55613537490358,-101.50194058344273,-108.07906593742688,-98.10694772483714,-102.71326388780128,-105.13364105527458,-100.62500924897584,-99.39624252679054,-97.30821621766428,-96.37119301423706,-96.21866243089094,-101.40946655131819,-102.7539524629703
2025-11-02T00:30:10,AP_5_48,5,48,ZigBee,5236.138236423552,8.340421613222246,0.6045215981075549,-51.27660618010684,-96.02174945351769,-101.46200696896786,-104.61546916217311,-101.39188595133638,-96.76564903965992,-101.97001095646725,-101.1499298331014,-97.80296412610072,-95.91618186750118,-100.66725717025703,-103.29878211195154,-99.06923659976498,-96.43365958142495,-100.87488389394522,-98.14831090502626,-98.0314561449138,-98.55731562284618,-102.18768400241507,-100.41507723328489,-105.43755353056835,-102.25162976333381,-95.36197519388844,-101.05718264467465,-100.7954712587591,-100.8464873164742,-96.64507904373332,-97.8569100299239,-97.14301358793392,-100.77471242424687,-100.83748375871657,-99.90937265471537,-96.45865922384796,-104.44881543975295,-102.49332242913569,-98.63310692923395,-102.91220803936082,-101.91064588005709,-99.24220876116267,-101.3237521942579,-100.29997586597842,-97.62869221254603,-101.6227565371726,-101.32492560087005,-99.40271820781851,-100.05566368927599,-97.23093727439863,-98.88187315388902,-102.46590172697822,-98.6478392907906,-102.27985410048463,-100.01794309019617,-102.69173990830522,-100.48779280626188,-103.11558896498468,-98.39160059777181,-101.21166755419713,-102.87274293760272,-97.94753847149288,-93.99359220694586,-96.81367817525809,-101.27040885068631,-100.74487394350756,-102.61511676615282,-100.36835994677382
2025-11-02T00:30:20,AP_5_48,5,48,BLE,5246.865989776463,10.343483989010878,0.21933637426106134,-56.26946800927091,-97.75403742736508,-96.9447705916882,-89.45131580363913,-99.6599316798029,-96.27429187968733,-99.05403116536775,-93.68020124766367,-94.02942743866926,-95.70343815900407,-98.81493906919503,-90.25385257628271,-94.42067219913237,-95.88161467727232,-91.82613521792953,-96.17565374642544,-98.19373497112578,-93.48592528715326,-92.71135658805304,-93.44029141589503,-96.03339113317058,-95.99561603452065,-96.39950635760299,-100.93293056465566,-95.6563426404299,-94.56959434193261,-92.94667290611963,-97.47484811050121,-96.16386524907871,-94.25517975514475,-92.41401227521841,-94.17396021946641,-95.09266977806043,-96.08996607259394,-98.8538212389301,-98.07849257492619,-100.49830520823186,-92.83356898149165,-98.15358597029665,-101.50563532473956,-94.59301198477229,-103.6341005796345,-99.25340489346172,-97.18372938553588,-97.43899590875306,-96.45104542786908,-96.13617251182558,-97.53462690268913,-96.13643308350566,-97.61386789255955,-98.16687962654629,-95.05542202977358,-93.13907167940889,-91.18133419467476,-91.99953612951781,-87.07695602524919,-91.41823890281066,-94.36085639665413,-96.91159389017236,-98.27550696388545,-99.45852862463232,-100.38932052842107,-96.96194455620294,-100.06852141850686,-95.91244379996337
2025-11-02T00:30:30,AP_5_48,5,48,wifi,5240.0,0.0,0.0,-105.03515379120948,-97.58908760368965,-98.47059877965776,-94.90444510386908,-100.62459571024485,-94.92307586470326,-100.30895906163356,-95.51843008329146,-97.23541927141203,-95.79439650480272,-102.6218631784747,-95.79498919648597,-101.98297885066641,-93.79814317718639,-98.63401812609636,-100.29727482740365,-102.4218869346644,-95.19871822048773,-94.01751327994731,-96.21789022903288,-100.1984065485628,-98.45091370646819,-104.32833635484127,-100.31560530077896,-94.43246696693306,-97.84586923630138,-101.03244637244796,-98.75998936152396,-101.10698382077155,-97.00934565127973,-99.65987403662031,-94.76518605959568,-103.62658654253563,-97.85980480272845,-96.2637307246508,-101.9084750960051,-96.11954672367851,-97.22706373489831,-101.44055000190347,-98.23675487965676,-98.53599369907857,-93.50672061527865,-94.23184803569667,-100.32255860064112,-96.75394287988473,-99.78012253965878,-98.84625047170009,-99.18934178643454,-100.02530331623869,-96.08972343567063,-100.17611545045193,-93.993582230709,-98.35402367920578,-103.6413946049352,-95.61871164465015,-101.00821752649169,-103.99465594057071,-99.47029906737491,-99.44030342697263,-95.150581654884,-99.96838383627939,-95.5160401865648,-94.71224717584211,-101.4294820590247,-101.53849503670824
2025-11-02T00:30:40,AP_5_48,5,48,FHSS,5222.857562085964,19.85995683957387,0.3136526881539813,-61.523337035528215,-100.66151689379922,-100.52674300473579,-98.98809001483043,-93.07565120726642,-99.75570013839865,-98.34882189212529,-98.4076465266318,-101.06563064378176,-91.59423620984319,-100.45298822680957,-99.95469824679485,-94.87395000983796,-99.05516206118591,-98.2590896014719,-97.65905956244647,-100.26082914762233,-99.68364905468333,-102.34033747814458,-103.26439980654277,-101.21338886581434,-99.25541289905372,-99.56836359254284,-97.14581453973452,-93.7065434365751,-99.38358138660338,-101.88376746182,-96.34204756639654,-93.89474922644894,-98.94981853802142,-106.82584746836866,-98.58273152709712,-93.72787561630224,-102.59972740200718,-92.68470790122979,-95.37502353604872,-95.00685493691769,-100.0764077154692,-97.6094935129607,-103.2379935757718,-101.45526587978324,-102.0953509401964,-99.28200637742958,-102.5859755445785,-99.75547600757176,-99.07385404370521,-91.57761378803235,-96.76740156433492,-100.56616877283007,-103.97598889017392,-99.75533578842584,-98.69559555639299,-103.49669831215964,-101.16719734929134,-95.80046467846785,-103.15336165321376,-95.94305396798632,-103.36795440425233,-102.16941434412173,-94.95800098630777,-98.0413690386084,-101.72316555419593,-99.20246803128359,-99.27051732903654,-100.28186782874837
2025-11-02T00:30:50,AP_5_48,5,48,Microwave,5258.352497558203,6.44063746263258,0.3296935865341091,-50.47127631244306,-94.0812927728819,-98.97385888165704,-96.89985079134097,-94.38466414235184,-100.81254437016372,-97.55311072190057,-96.88149015318179,-103.08686084839358,-99.504774961817,-97.45532316322866,-96.91014063345612,-96.31228551755595,-100.51300709287673,-98.02698772067527,-94.50129835616175,-97.77994576021557,-93.65660357195092,-102.84092883694922,-100.42813627453143,-96.41971510484773,-97.9671243054243,-100.6699419271281,-96.54525776544124,-95.83706954010422,-98.24358255910734,-101.67096628178447,-94.96377412106108,-94.13843623149269,-96.31892751203941,-103.30005728655107,-100.63574620984932,-100.50368389680462,-98.1072819381781,-92.39111479982503,-104.22819368597739,-94.7426630124794,-99.96735736134112,-93.74174713879849,-90.69255038185776,-100.54887954456619,-95.62097415003664,-98.89472708605918,-102.41804577324791,-97.52836377211412,-96.17071413933783,-98.69031167636871,-98.86684083906763,-106.64844790095317,-96.71975480123788,-101.20232847469352,-100.52247177807344,-98.12809743562505,-101.29382690483159,-100.51194320236431,-97.48326386634011,-98.26099168848137,-94.82563583175694,-95.48412308518577,-97.09987339885669,-97.68831351689636,-98.62306390054879,-100.78894196272132,-98.53601703517612,-92.04631037702556
2025-11-02T00:31:00,AP_5_48,5,48,ZigBee,5224.850686660534,12.752803431796556,0.7545914659343507,-51.586601876914216,-100.31436487514235,-105.69059247992354,-99.46812715107853,-100.96453707522029,-97.1976824858277,-98.41181440063012,-97.03956189135455,-100.28743020719367,-94.74714420344252,-98.78727977471111,-100.51391995346722,-99.5000811173908,-97.70735367887184,-99.01204416286362,-96.07229694905155,-98.36990692636948,-100.35564989821339,-97.79563163787384,-92.32792814956957,-98.12754680582023,-100.14265130139783,-100.95991010648486,-98.03897197432649,-93.04781723429019,-102.20410272192203,-98.3680176046834,-95.38691948240394,-98.72553000893998,-96.62247770265633,-101.87817019639584,-98.51254125821539,-102.67408069017985,-99.94677101624994,-100.45444683932321,-101.93745097143011,-106.1923580248147,-102.13711222845468,-102.13196853651965,-93.12783466969816,-101.71653091294019,-94.47109492370667,-94.29843491938375,-97.67862490865623,-98.58940749314637,-106.49257417741805,-98.09388490502828,-101.87809207442959,-99.92688484266678,-101.62532409220951,-96.57790551001631,-95.45972582466415,-91.69010582077593,-101.17498521908719,-98.73982048091611,-97.20760060758715,-96.76861034873086,-97.12601045209954,-98.18924827304714,-102.36976528585264,-93.74356439950992,-95.10003570066897,-98.07163980056393,-101.19084788170967,-102.65306449452439
2025-11-02T00:31:10,AP_5_48,5,48,BLE,5231.625874669621,13.520546180153868,0.31205780321153825,-67.91288194085323,-98.61852058882589,-97.2518612832716,-97.00708234723031,-102.53615651360455,-94.99408272410945,-100.9211695443155,-94.8158506855627,-98.24535864350914,-98.4654895447523,-92.79877329005588,-98.97941009357932,-102.41642874482439,-93.32439301304574,-101.6015560931863,-102.78017078641047,-100.72696916885803,-104.94677533089488,-98.46614395329797,-100.02249094831166,-97.62174712091533,-92.12525005681097,-100.7962342286109,-100.1707930368108,-96.41567093577451,-99.88772848007959,-98.89160366492789,-101.56630115267912,-99.24356126331809,-103.26289475550945,-100.52957551811197,-98.97135878211948,-98.11187605212692,-99.27981301216246,-101.11258488570188,-99.48118279235108,-100.60958786211278,-104.44359089587272,-105.22173842744145,-102.19137370713926,-93.606582562835,-100.47767967789011,-101.10573105562035,-93.1568080183927,-103.82710410463146,-102.36199230437533,-103.61512104431567,-98.86475431376962,-100.17247719868942,-99.31850314988723,-95.74861213798965,-98.5006474389535,-99.8473994536568,-98.72767753571739,-97.01127002324591,-101.67904894604567,-98.09169097767737,-95.26523640729607,-97.16066526096974,-92.21149985618008,-97.99029330873667,-95.91083373228652,-97.70205947066638,-104.07805658187866,-103.22502813832084
2025-11-02T00:31:20,AP_5_48,5,48,wifi,5240.0,0.0,0.0,-107.28882464622687,-92.61081750207046,-99.8424672625799,-98.1221414170964,-103.46681268302942,-104.3756453394652,-103.03088985513288,-103.30888413861149,-97.70848839090026,-100.01327229661575,-103.13055113153486,-100.33144024889253,-92.63952891173304,-99.6145374080381,-98.46257735557057,-96.41906178528687,-101.41806415055532,-99.04709243334212,-96.56823745201622,-101.33813291340324,-98.2545501451558,-94.14378534635901,-98.04480272657571,-98.9544170540512,-98.05031207439858,-95.56184408650773,-96.00992721517764,-100.9817912170935,-108.3957582471037,-99.65180088299604,-97.62167841322696,-100.49752082607517,-100.16291964161282,-90.22002618877295,-104.48869845092317,-102.80575632195435,-105.5958308777932,-105.92848014798973,-103.41650695506327,-102.5832401092468,-100.63553793052971,-101.62357142576847,-99.83140115244791,-103.24432370383508,-98.23496288322904,-102.54085997277788,-101.51890319536295,-102.77557609476203,-102.79423750474689,-94.82439517837011,-98.393443291983,-104.66405846142041,-102.53178351885516,-106.86455037129757,-96.75234970342497,-95.60210199827489,-103.02081740940524,-100.33397685357899,-96.2457919803923,-102.00801143447349,-99.71753677263503,-100.800659901129,-98.22400330416565,-97.78589257746123,-99.60799695177647
2025-11-02T00:31:30,AP_5_48,5,48,FHSS,5240.389264077486,5.79560824297319,0.27131663558885144,-62.65426215198394,-99.61066346029641,-99.5396219092754,-97.5670452130429,-97.556717872514,-100.35746120306234,-100.36143091687123,-96.22708114916999,-106.67634250198604,-97.06025401551106,-101.40761924336518,-101.8608123293688,-96.44376730462746,-96.49156082405356,-97.49994263620454,-95.85692729263923,-95.52736984553202,-100.6792316959286,-99.89185725441352,-97.01676237591342,-98.61957409761754,-98.67665911619892,-95.03002469645352,-101.0485992055114,-100.69595796882422,-94.68485227091278,-103.22533600679783,-101.88296687949314,-99.54449178494774,-101.06683232025115,-100.48108096540653,-100.44026039026555,-97.25135796158051,-98.78589900547841,-92.17797324224861,-96.987183182245,-95.35097377424573,-93.19976247780303,-101.48618517671078,-98.84337845486576,-102.73311749553284,-97.63860923047864,-98.3977446574822,-99.63626159914105,-101.64991950765337,-100.80472950400977,-99.46771590927936,-101.14286285802478,-98.21615984991065,-99.35928332078402,-99.59380929684899,-94.4405090955624,-101.39738580981434,-99.85788975102577,-101.83484588461539,-101.82842957248944,-105.55909090913195,-93.11140352677303,-96.68833749143006,-96.41886089103998,-99.93026575352415,-101.68059383139504,-92.8198595389929,-102.97606997549072,-99.97020246366122
2025-11-02T00:31:40,AP_5_48,5,48,Microwave,5250.28491373266,16.884851663979113,0.3935068614202403,-66.79355118403339,-97.0637479301978,-97.43304397525898,-99.91483512947133,-100.79990167832447,-98.75390024314189,-98.63229090985827,-101.64103756296028,-98.84073999578183,-97.13575888986439,-98.19234608121607,-99.5871678684825,-96.53170738085794,-95.57230226001165,-94.19661427409476,-94.32033448246447,-101.74591779366236,-96.93051224059182,-96.02804061229695,-102.18926023062397,-99.10526835994811,-101.4644203480926,-90.24451100074077,-104.61886084344245,-99.86565626026825,-95.82637493126852,-98.4491959575848,-94.91106327404815,-93.93142108072756,-100.9968716083905,-101.294625215257,-105.64061102858963,-101.12671984017452,-103.55596874120428,-99.12690518241895,-100.75274875729119,-96.91770357034517,-97.11150490902477,-98.71738353563579,-98.9485008239077,-96.63802669456248,-90.71009028581102,-97.66795226350942,-95.31561424119201,-99.52056103575694,-99.91452384617725,-101.41942401826888,-94.38441390917932,-93.2119136821107,-98.54698982883981,-99.05045511130425,-101.78383337823698,-99.75157718078249,-105.63110661055507,-95.05989139535038,-95.71517641615839,-101.69473431257575,-97.85421533397442,-100.01340568878375,-96.38341780694827,-93.80624924163764,-98.46001105060938,-98.82488002350007,-97.61803151187813,-102.76344711056606
2025-11-02T00:31:50,AP_5_48,5,48,ZigBee,5225.413990252184,6.883695859517135,0.7479183424301734,-50.7264791969656,-101.2796311860561,-97.50457492954713,-98.31159693301646,-102.08654010817139,-95.26717498864562,-100.41923827163397,-94.56800682008804,-105.4997924888486,-98.27068286523455,-102.41888949685422,-95.61461246802305,-100.53591459544528,-101.70843512230908,-99.7431540778512,-100.18447847616376,-97.92172113606127,-100.21367310884031,-98.29079281985582,-95.11756249209579,-95.88628453674434,-97.2488972522216,-100.26384147510589,-97.72838344837078,-94.14097344188713,-97.72515572207064,-97.00151512565449,-95.89395668335045,-95.34509794650312,-94.98247264677948,-98.08931851564938,-101.9054589645161,-101.29928613701246,-97.03880738437724,-94.54809637064388,-104.16614753917281,-94.94492759595029,-101.30561798131978,-97.91169380347955,-99.91379622856367,-102.1066467716491,-99.8924696248668,-99.31040798669353,-100.07561910844215,-100.0684156630733,-92.90702328950348,-96.61382069479724,-91.19957343365408,-99.08662410174509,-93.13811834765073,-98.73756079843939,-102.18387380373392,-93.63435919869357,-100.88303990443434,-101.19761331146374,-98.98969780811444,-100.41211572331727,-98.56240614285048,-100.70166205785105,-98.07019757613865,-97.45863165510899,-93.92549302371215,-98.1710611404407,-99.2927163655745,-96.72676731556066
2025-11-02T00:32:00,AP_5_48,5,48,BLE,5257.535842360272,10.218052847024852,0.693345570097395,-62.77303850788616,-99.43558263071337,-100.74418441081644,-106.92520530390286,-99.73948612755933,-101.47628979497986,-103.50754117104096,-100.80784296903568,-105.45756722885416,-105.12980685624558,-93.7448459990845,-95.26581663473101,-102.76393470035805,-97.13109797885346,-95.27254170883525,-95.06693332655355,-100.85654965837476,-96.88906954026257,-100.31334092379795,-99.5187242400843,-100.46519119184667,-95.70831739173211,-100.51230010014868,-101.65553986199822,-106.19814020942333,-102.3998537510513,-105.39840703207958,-98.00924020799496,-97.7865633726664,-98.49065912167566,-100.77012249958105,-99.12851406103617,-96.60113465685149,-103.2746252354974,-100.76245662396867,-93.45741058981855,-98.81396733834303,-99.8538273932527,-95.8725849406549,-99.4680241821709,-100.09870053272303,-100.4004124044429,-102.0372780442597,-97.04655467668852,-99.62460495514752,-97.58875461766715,-102.41415885847519,-102.68297586377678,-99.55075451319593,-104.41614203879226,-95.88388528398457,-99.77993610308462,-101.04750006123297,-99.50371530733089,-103.32767054557564,-99.72914414199215,-104.32322736784243,-102.4915249689819,-104.79215353435121,-102.55731771756714,-99.12077683389369,-103.15339628806188,-94.25246094826292,-99.07406956974812,-107.23102551648734
2025-11-02T00:32:10,AP_5_48,5,48,wifi,5240.0,0.0,0.0,-105.24172897602408,-95.92243290547553,-93.20646170931101,-96.20058956779408,-95.01043539028281,-100.77072052778534,-100.44997934914075,-98.716300233669,-99.22498981369415,-93.53058743797156,-102.62034619644805,-104.49926372799212,-99.9551542318204,-99.67545418762147,-96.92508294428636,-96.03179909257621,-98.34866143922696,-99.20590345489846,-99.67910049043115,-99.54450060853479,-99.56871362796268,-94.7985681159618,-97.60026767850061,-103.61321148579742,-99.43910867655049,-99.55523569081215,-102.34947218781369,-98.34469913800916,-96.86604852118496,-98.7132253417673,-99.98915343021028,-98.30662084482091,-98.3958934905362,-100.18826673787223,-89.76302176340138,-92.7012097782906,-96.30266543376852,-99.96306660140533,-97.01101468131527,-93.81184719100767,-100.51269906982294,-98.78588262503223,-101.49928995174893,-96.68236063099046,-102.73305633987022,-97.50949152421077,-97.87780076192678,-97.14043095646504,-96.49584227927753,-94.1581752927856,-99.81319665805866,-99.75276719258484,-104.47157998975277,-95.32535994934214,-100.96390372569498,-97.42306607561406,-100.88265839016142,-104.30927152051217,-101.976665812586,-97.87251775876365,-99.09413671387597,-98.57220666673803,-99.30591303353326,-98.66495958650106,-98.04500517345677
2025-11-02T00:32:20,AP_5_48,5,48,FHSS,5224.401682502907,2.3328051729151613,0.35192787598063113,-60.999183407358885,-98.03990840478917,-101.09536775164761,-101.8929574068317,-99.25021375091706,-103.87672853347084,-95.86108156887967,-99.93375262700228,-99.45450409510329,-103.06149358613024,-94.62600481087401,-98.60783473676067,-99.48822978594983,-101.17698207004702,-97.54856972673042,-93.7541830667936,-95.85323297663503,-96.74572741048132,-97.4039892797369,-102.45383255576738,-97.4909267421416,-103.74701112236961,-101.6834347377382,-95.25425896569006,-96.1182892112563,-96.29101807733267,-100.49020502906235,-99.12287106538706,-95.55734125826774,-97.12102334853212,-102.43256731984036,-93.9242358802295,-103.97854257434287,-98.64551246395185,-100.22028168692333,-99.76331321008918,-96.94636361109941,-107.36066697114417,-96.16293480086162,-99.22276292695813,-94.79545340541931,-99.39705682623466,-100.89887190875127,-98.97825644142604,-97.18904979089433,-105.7068279781757,-95.2779645421394,-101.45003619746225,-99.7556915330116,-100.41910335043592,-98.97076402039322,-100.73208119960545,-100.6480954595019,-95.53899437311878,-98.60466058196229,-100.73521067046133,-99.18956086613957,-96.3613159949857,-97.17401779821114,-102.67141235516036,-100.79249924595896,-98.08188466089406,-98.06672320477914,-94.29913543941501,-92.93286992656601
2025-11-02T00:32:30,AP_5_48,5,48,Microwave,5235.128250636597,14.301245088562803,0.6117294080097317,-66.13051811846202,-99.86394511942237,-98.81823539720094,-97.78740326047262,-102.54314510193372,-96.62499790785806,-100.65782851645643,-94.94249297386668,-99.6312321187202,-99.29510268534871,-100.18278840846061,-97.8119065281779,-100.49742453200727,-101.38498095813715,-101.4605269194609,-99.61041017074945,-101.65334271148984,-98.92831554374241,-94.52125927049569,-99.68327425757101,-98.3516116280181,-99.29339578041538,-95.00976801762646,-100.41627954819731,-92.18187616867725,-96.95501074611109,-98.88945092954607,-96.10166578990227,-97.36795960734115,-103.89923284889285,-96.3053689475889,-100.14936686847896,-94.46947417567105,-97.61992052809775,-94.6916928583345,-99.78578901373824,-100.4908503554469,-95.91248383039937,-103.3064021838945,-99.8708643068505,-102.92451740925661,-100.49855050824038,-101.13369729757208,-98.81906912482434,-95.22600864345996,-100.65877788487687,-99.0026482413816,-99.55675920627068,-102.27514915767998,-100.69844718719924,-97.10742135250838,-92.1957277465522,-101.57254506014104,-98.65520511281441,-107.15905849750555,-96.15890532168022,-97.94782005714846,-95.78538886900706,-100.14292785705291,-93.77209174050027,-96.35846741984285,-100.75676803207611,-101.55733862437322,-99.39686649670435,-95.78302829272212
2025-11-02T00:32:40,AP_5_48,5,48,ZigBee,5232.7155026099,7.110876059947186,0.3114105540640195,-55.34255373830269,-102.93898000060388,-100.0290831119481,-100.43888515093109,-94.48716516002519,-101.191629857013,-100.83646697118076,-102.92586447842844,-99.86984337472275,-100.70648816371158,-96.92080522492404,-98.5969118529251,-99.10431659912365,-105.28384695155043,-99.99651861433281,-105.27540631002269,-100.23710592664985,-95.77592648504258,-98.9888399356077,-103.66833024612205,-92.6537766885158,-103.94641261292975,-96.14575979346452,-98.30832181333804,-100.30584445971516,-102.14288366911069,-99.839414813734,-99.27017269154749,-95.25173088882109,-99.97862164096378,-101.63800766195564,-98.58088690655292,-98.30594054073411,-99.29044995214294,-96.38162196676932,-98.63031896353459,-101.18799382025806,-103.97905430780504,-101.8320499394311,-94.7992370256342,-98.61745601109016,-96.16030822330588,-95.4379370955532,-102.98662195807343,-99.18521637570676,-96.81864972302583,-98.13423561650484,-100.06311170807464,-106.88961084252578,-103.03420386571608,-102.45586183095074,-99.01157987346426,-99.16160853470856,-102.83812462142254,-94.31745448449637,-94.2546775702275,-102.41279175915341,-95.0598249531477,-97.11053565515431,-101.62967355209484,-99.46365143089488,-102.42336944400799,-98.31363241872505,-98.71551905645191,-98.78480466603953
2025-11-02T00:32:50,AP_5_48,5,48,BLE,5252.191412392391,9.966620474807321,0.6434278978503656,-69.74325499429104,-101.08524859638963,-99.61592217408777,-96.9703539700992,-101.13513377979177,-99.70879254679468,-97.26357629806364,-102.70157931662048,-97.64099231979357,-98.35373557033107,-103.8286108451571,-100.35330398493136,-94.88139792645723,-106.05016220810333,-101.020469431651,-104.50393116144599,-98.10506334380713,-99.40069221006341,-98.0394966567726,-103.21146018653079,-96.92624522614436,-103.37158228581026,-102.96808336819846,-101.14994046328506,-98.66793965711798,-100.6063578256377,-104.77165984831062,-101.96949025828951,-96.8519205253959,-101.62183064268176,-94.12393433334441,-103.77073903945356,-100.42380524240052,-102.25210098149209,-99.75110284819304,-99.540100824974,-98.90952248430087,-99.9735481042553,-100.53301238841637,-99.91320699835859,-99.70155089928288,-98.57254839788997,-100.57053364985356,-104.2936526576565,-94.19533074426332,-100.85105473437035,-101.0160108528613,-104.75163420186726,-102.14867890981823,-101.06836476182667,-104.56372501362384,-99.10473709672712,-104.14743616364049,-105.7706964574739,-99.55618010491487,-99.44634916908689,-102.87849513711235,-104.63081616381444,-105.0264405942784,-100.62515015168984,-99.97073673818531,-100.33820565793103,-102.32673149238872,-102.24495042058042,-99.18938456352305
2025-11-02T00:33:00,AP_5_48,5,48,wifi,5240.0,0.0,0.0,-106.73331798875333,-97.19200508575848,-100.08145458256759,-100.24827103442865,-99.33602335585526,-98.81013719198184,-97.69096537114292,-93.41693360402314,-106.21463140840058,-103.50894672867695,-102.57891363630102,-97.1503823540262,-100.82416257392558,-102.3314667606011,-106.98734887851624,-98.15093476256435,-96.22881706037487,-99.96589648485265,-98.34319139275848,-99.08861768208878,-98.93715747192184,-102.25693339793429,-92.35964631661776,-103.46652817208316,-101.72644748666345,-101.85193408926278,-100.27923808069076,-103.47733063447072,-101.32100112057886,-98.73343067275403,-98.44092533197109,-100.95320969107091,-96.28700918155134,-98.96086346170033,-96.48796277878746,-99.41371438573204,-96.26071836205838,-99.4513575315339,-100.69917861403695,-98.82567101159175,-99.45612899295676,-96.49334751818832,-94.65664305068958,-101.74951009153388,-102.776730350223,-98.23099527465843,-99.2061032301833,-95.96477433197924,-94.85126660318336,-104.17773127613356,-107.44653267958995,-98.09805591634637,-100.49690819047747,-99.4746327630879,-102.12142416605498,-106.77898660910756,-95.78354642508468,-102.35719120948501,-102.5263306645182,-98.39246643607127,-96.38907005273636,-98.55792579188049,-101.20341654303718,-97.09278504413777,-100.70002306169998
2025-11-02T00:33:10,AP_5_48,5,48,FHSS,5253.062700667327,19.059424984780563,0.5338061070325706,-62.83385515547897,-93.88510441735673,-99.89957830383022,-94.49413295804881,-96.58327144614253,-103.99843431611946,-99.8328603347499,-96.13136646961017,-98.21934775889262,-96.25998498955038,-101.65366365860828,-99.33019720032506,-96.74879182096629,-99.13757098525686,-95.59565011714767,-95.83825001103982,-92.51708112113546,-103.08795969426981,-98.37562280587292,-94.98729590746377,-101.9241933401218,-99.25434826738676,-93.22927819936139,-98.44410574116678,-97.58575883635226,-100.4172939675449,-99.06127072833394,-92.35390256407857,-98.37498083878762,-103.99624489958568,-100.20133254854306,-100.79740279968708,-98.08225846652292,-100.90899191808865,-98.87947456925338,-100.30584021229134,-94.79491273155936,-93.80895924637281,-100.16382190101811,-100.54021270077641,-99.73177507810485,-95.76029461880255,-95.51421016152847,-95.5398505110667,-97.3751460839228,-101.46202396669153,-100.78082487655269,-97.50378009108532,-94.4039613451247,-99.29322677903495,-93.96594350959568,-94.27156794340344,-100.84001766415868,-97.58088638180473,-98.6461249391306,-96.22766861919854,-101.32495629200149,-94.69911705957821,-98.98782032073026,-94.4498174163562,-100.83117265862344,-96.82054869607103,-96.36918129759948,-93.83178408061468,-94.8297380478469
2025-11-02T00:33:20,AP_5_48,5,48,Microwave,5236.2076129235775,4.819114052352464,0.6271779107408033,-57.59752952877042,-100.86897731818861,-102.21223962699099,-96.08620808470248,-100.68341665378532,-101.09215678052949,-96.70580020482183,-100.09195919223727,-102.16831222614093,-103.29881549779054,-97.95481081289734,-96.06348206813037,-103.6360510995888,-98.80992610879527,-102.475876048938,-99.22936984246252,-103.05088839278278,-102.82367658655066,-94.10715496088044,-99.84882966463806,-98.4499584917808,-101.42604300780646,-100.43252861376149,-97.12969075832208,-99.9827283943744,-101.55449521793948,-102.24540654097117,-100.6658815490579,-99.67730928044962,-100.46752775417902,-98.07842624194254,-104.52700789974482,-102.1047591204355,-102.02975725152756,-100.3803375344343,-102.53871827697895,-95.41049687718143,-98.98806736000343,-100.90673623554653,-101.19354939298252,-93.9033979741898,-105.48072717328283,-101.01982813855712,-96.84710762669049,-103.39202129519171,-98.05067675445599,-101.4699346373651,-101.15800849666,-96.6446609879514,-98.88645210904271,-105.99947542554659,-105.08821101110505,-103.55606932478136,-98.7841213733213,-103.55581120033823,-101.90626819231491,-102.12962152068451,-96.04043074444445,-95.27191054595636,-102.05531599083912,-97.63530853205707,-101.52271420567942,-98.88325275482447,-105.70485436389698,-102.93462917998109
2025-11-02T00:33:30,AP_5_48,5,48,ZigBee,5222.494623811061,16.085669040310194,0.4315156417473191,-62.96650385866858,-95.78822869631823,-102.53975438870386,-93.09201193174042,-101.84964264894676,-96.47720399362069,-98.6016573715499,-99.20290357690062,-96.92241276549156,-99.182641600502,-97.35113601970875,-99.21115466538632,-101.56771427819585,-95.12456138862166,-98.85434306577959,-95.21445709588882,-96.50221508389481,-100.88752003215959,-101.13815936464745,-101.81101356989826,-97.40801072708322,-93.83753300603556,-98.48551337537391,-95.01784224364563,-102.40810277480284,-95.72406665873345,-100.94618849918504,-101.64569410256755,-99.95964813845933,-95.80723098836826,-97.2188297131246,-100.77590224679253,-96.2953188367609,-101.64056088296003,-100.92597308343454,-97.23608556441648,-98.96787724530986,-98.03273777955337,-97.76927313271602,-98.16574788688793,-96.53083866644012,-102.55378079761445,-88.83286701880046,-100.81584641439353,-91.98294783873136,-97.83813006453958,-91.93234468200406,-100.13611597287627,-94.54418116375595,-97.6410674979044,-93.26581687178216,-93.48117846280614,-100.58480200948152,-102.53729902399236,-96.28809764288444,-96.87756431844213,-99.12774190300371,-98.98020489648601,-99.83318207080102,-95.53081586580198,-101.08438537182802,-97.12125398675045,-98.32144695467602,-102.11222041272922,-97.85485559992995
2025-11-02T00:33:40,AP_5_48,5,48,BLE,5235.499343382105,13.234333500348438,0.5682561372971833,-57.597592325619914,-95.52273849435102,-97.0431029867386,-102.83044239039374,-92.0794557034071,-102.82954580271979,-95.68503980375903,-98.54360450146828,-98.3550093479276,-98.94598932215004,-100.90313017486943,-103.30429626978797,-94.98588827001069,-102.65735082899951,-102.02715997039721,-97.4757549273283,-105.93556086476217,-95.71258342842185,-96.78706637724085,-102.28667551256358,-99.36869606315913,-102.91307454789049,-106.70062284331993,-98.72152260029007,-97.02437029429082,-97.34715635565067,-99.21938279304823,-101.39665893139414,-99.88729952409474,-104.73287527453236,-103.37694169047205,-97.10187521403245,-100.31536636356375,-99.59059567563202,-94.41640655507314,-98.91121436838017,-100.9174005414877,-95.25392010481806,-94.58563384373821,-100.16671487373056,-96.03970114504274,-100.46499157986779,-102.30083294134863,-101.60788774870066,-102.82835890941372,-100.2232751809376,-101.13695785581845,-103.14675046320382,-95.07344660218394,-101.62970939475609,-92.9035909077172,-103.77904916594916,-93.53737922190753,-100.06438419322922,-97.76429628189362,-96.91255331189942,-100.39208994312634,-97.41689499271732,-106.17433931084322,-99.3015387746891,-100.64359641974809,-103.18161577466785,-98.1754549473063,-100.43346985656589,-94.56840342616186
2025-11-02T00:33:50,AP_5_48,5,48,wifi,5240.0,0.0,0.0,-105.36469841118107,-96.60717972976505,-98.60789095423488,-95.89356613519278,-100.11507479164567,-100.31714190908257,-94.85003042152066,-102.67195546415135,-96.21249545928971,-97.68559987126916,-98.82004942444485,-98.35367476196497,-98.59347641464524,-92.86100001804787,-96.60095449119285,-94.49574190902939,-99.50549683329089,-95.72576004316345,-101.68584666462837,-104.30864707000993,-97.97307847212436,-96.8176842225984,-99.44724571410018,-97.04756042438025,-99.74677797409775,-95.23024794021745,-101.00082216519598,-101.21297783588297,-100.04192276252915,-95.06160191406634,-98.38750599252543,-94.45341865330317,-98.93514760911403,-103.85324908694488,-98.65644882873802,-106.62519211783723,-103.34625969702054,-93.7949916679161,-104.48914994192802,-94.45030794294676,-95.60898069804561,-99.51477961533577,-98.63956000410413,-98.08066221674265,-100.2545241277713,-98.02019121900453,-98.88754028783913,-95.2381942909568,-96.03807751465654,-100.60135342188501,-96.17680425404247,-100.35278341309866,-93.60044122149165,-95.48932700417814,-96.05724227032994,-98.53801619295994,-98.3386114434359,-97.37073050534718,-98.04882709090792,-95.92698366983653,-97.17973804822005,-98.82361012002099,-100.57139981872447,-102.0522258486512,-101.93347040664432
2025-11-02T00:34:00,AP_5_48,5,48,FHSS,5252.8165308853595,5.832845733009912,0.6925923350929064,-52.94227564565392,-94.63477078202138,-98.12141020321965,-104.5701692228746,-100.5244028044368,-99.53159447579945,-94.90327943246793,-99.39059503357751,-96.9678179996666,-100.51073821576269,-100.15916887005929,-97.72846843009192,-98.11024514748858,-95.56822403983452,-102.24400138017079,-98.35409736720236,-95.17834360651155,-99.4472194555485,-98.46434448350038,-103.34354821773258,-100.32416563475157,-98.62078504079047,-102.29888436385514,-97.65967834179578,-99.04408651670403,-101.20368238640833,-95.35670822497477,-95.5097253027325,-101.66868401871095,-99.99388826486825,-96.54789725255247,-91.7607457488728,-98.89824796512805,-99.6529647663933,-95.43843776387742,-98.03403948876054,-99.12869865454684,-101.8782593078847,-98.8506630910914,-100.96107788798713,-98.37759574771972,-100.78753967296663,-100.18893707440553,-103.09351843655634,-96.79360890882562,-97.95081797968086,-93.0438151877925,-98.25657127289084,-103.56753631650591,-105.43038031377858,-94.47206912619572,-101.7089474274248,-99.76835699514521,-95.16515865858085,-97.85153978715049,-99.54508474363324,-98.71987128552055,-96.83192616046335,-100.56067147725868,-98.90513130014085,-102.27668164877926,-92.62024058563955,-96.23216612101513,-104.20035540803819,-97.0546099366726
2025-11-02T00:34:10,AP_5_48,5,48,Microwave,5247.217627548953,1.7614631786039725,0.5585086942499295,-61.70774537508134,-95.74453545486261,-98.51734941927718,-92.87164832225118,-97.03268081687976,-94.90794897267716,-100.4489497328619,-96.94739988173633,-95.05639359666753,-98.47178421366215,-90.36427677502645,-99.87621602570924,-94.77816478305456,-95.77549545232527,-94.47012568886744,-98.41012063552846,-99.57905254413694,-94.71500647579721,-98.12998529356634,-95.22075592914248,-95.79073787162594,-96.84907738461492,-99.87665950601054,-96.18675760681664,-96.70079061218118,-96.7693547410402,-96.0973153541219,-94.06610890019545,-93.53080790976382,-99.17297738531451,-97.21032946052573,-100.09167234249448,-93.80420115908043,-100.80766415566266,-98.94049856925298,-91.97425558723667,-96.10518256383679,-95.78629894407533,-95.01466854829333,-95.0488186740685,-98.3626497203213,-97.75923126699703,-94.99006115634798,-96.66125708342426,-97.92765645475173,-102.65830779771412,-97.87244131661794,-93.76235851077254,-93.22957417009644,-97.95301745012715,-93.53089645885112,-99.13512283005358,-97.48063154819447,-97.46121313296509,-95.05960399640163,-96.05662066262559,-95.36398244342257,-99.48752566988739,-93.383259162409,-99.20640207391953,-99.57696971005362,-104.19129084997176,-99.98680465873022,-93.28477126217419,-95.90009327385806
2025-11-02T00:34:20,AP_5_48,5,48,ZigBee,5240.762061112849,10.724771683263835,0.5751760399304418,-56.05732466302493,-99.01206105060021,-105.33507068472761,-96.03264047764064,-100.43484339540328,-94.92975522656008,-94.67097021229335,-103.23263606312386,-100.60565536902394,-103.49578877873012,-96.49371224083696,-97.97840289561245,-98.42915358049738,-96.36322682849342,-100.24528219520433,-99.61190766376355,-98.42529196717021,-94.09920857305885,-96.4433243361653,-103.13799129915269,-97.9787902228916,-98.69923825573528,-97.12538896964611,-98.93174581091994,-98.56677593255276,-94.75605979271513,-101.10253666974003,-103.88338138055322,-99.9237412170632,-97.98655151459856,-101.85342582584276,-97.42924029789819,-95.50076780406312,-101.1633122858482,-104.68680100509854,-101.41794617944524,-98.46271467290731,-98.53598881202956,-100.8885643188164,-95.89135319020228,-100.55456008524621,-99.1652591398183,-104.67194859796624,-94.98720978086855,-96.647906323356,-98.32230919061777,-105.01080657534165,-102.97310374505749,-98.94979531610258,-97.12638280404532,-103.62252916716324,-101.25683099110246,-97.03842702722136,-105.02152581792281,-97.51461292472997,-102.10175376903655,-101.78754148229636,-102.98962756458398,-99.43055666072051,-102.12294452612564,-97.31791016935571,-103.38154064531795,-98.0176745138687,-96.83927816077995,-102.4102948441919
2025-11-02T00:34:30,AP_5_48,5,48,BLE,5227.592674949603,11.372083368000977,0.7755476881533745,-65.43284905308751,-94.64135754183496,-99.27768851093548,-99.68306287155448,-98.00634239518853,-94.75558806067626,-95.172407494641,-100.66279021072147,-97.89834105850215,-97.91589551460223,-97.3372972216799,-100.29470971988441,-98.53861479324235,-95.72729798914735,-97.06250141103055,-93.49115681064073,-90.65212181877858,-94.58406713636924,-95.56514273624,-98.07382437531518,-95.10986769132096,-99.39460124296475,-92.07547423084537,-102.53220052059044,-94.20918091028817,-94.69230164198726,-99.25839497659065,-102.83173009815773,-93.74123118455324,-99.43466269563089,-94.12951866141067,-96.90011056286491,-98.83410627507385,-97.85042333436478,-95.39937125469478,-98.67615133099777,-97.25561396287905,-93.90518852001124,-100.40831817366556,-99.3308834192754,-92.37164594259326,-91.34409350712751,-96.28174598713176,-95.97751918401536,-98.1215992024321,-94.99485323083591,-96.01943527708933,-99.75110982686061,-98.69363481850453,-95.68009490987274,-99.61910575037477,-104.7728727714753,-98.11413147654342,-98.00213638173727,-95.84063389928332,-96.97165956786674,-99.52248475766906,-96.5081983252915,-100.98772248699382,-94.21225057398395,-100.46972060841878,-101.25760132328897,-92.9832118886909,-96.7189547556741,-92.92713783159444
2025-11-02T00:34:40,AP_5_48,5,48,wifi,5240.0,0.0,0.0,-104.97719083860177,-99.03804489577887,-97.68262429668391,-92.90060559406604,-93.32545492967066,-103.09675766322226,-103.82074984280094,-99.12370144846145,-100.53591446193998,-95.65300443125523,-100.18317622498505,-97.19254767036126,-98.27445570762521,-98.34524779012025,-96.37158682712143,-98.25306226184026,-98.21603907204738,-96.27307672958034,-100.12660234929723,-94.74102907554985,-93.73521579731188,-99.85597678793908,-99.02967750742137,-102.57732007584448,-98.45119033092348,-96.44194258506286,-96.67828454951808,-98.19654996410046,-103.32217493079133,-99.3691143076513,-97.73248317643211,-97.20999240559709,-99.93286156361482,-93.62554481249481,-96.2362275754223,-100.11081412949383,-98.50636109947516,-99.31870500312593,-97.75111816516434,-97.20359574445916,-97.28827119412567,-95.26722974294717,-97.56556725051759,-98.1120871975948,-99.28179586814471,-94.78058440647996,-98.0056322555398,-100.45329737510218,-98.82853352379608,-98.65280934089952,-95.99172494943575,-101.15623681039557,-97.00767926493903,-96.57129802689144,-94.84485057074251,-99.18829089343045,-94.3475603396249,-95.0547091314816,-102.85573399203744,-98.90520643828629,-92.2565490238725,-97.94285552661597,-98.78183579192655,-100.8087447694514,-101.25405026707834
2025-11-02T00:34:50,AP_5_48,5,48,FHSS,5249.564084421395,13.522198049617051,0.4261682308564597,-56.692524859108524,-96.05418040165328,-98.42950979256855,-93.21206501505911,-97.0260609080859,-96.89134058964574,-95.21627235287403,-93.14021782892948,-99.52679492140794,-100.57585709766308,-103.3537647845956,-97.63523080640819,-99.72351241039591,-100.5314590724742,-101.20786395829379,-97.76460519866069,-100.93362488268964,-100.14507517182938,-94.22285409821745,-92.89858445497406,-97.40250208175742,-94.92492658312472,-101.71904769281274,-93.16736670280488,-100.56256890933082,-96.11998252327038,-102.34946716072102,-100.95215711776721,-99.15040646959945,-97.61866283991833,-91.92827758937986,-98.76566988187203,-102.92916331707065,-97.58403881858543,-94.83309822485327,-97.01061147894872,-99.56555945548992,-96.66873299741852,-100.11493747198558,-101.28872835592794,-100.50024264225799,-103.03111131175137,-97.39145275216565,-98.7550787798079,-99.23485356347237,-95.9729846490158,-99.99497065497658,-97.84472147659424,-93.41451379963148,-100.56298234422238,-95.16513967754682,-101.26236530582038,-97.10241932307761,-99.41748096274735,-97.92121139277153,-97.44861080326183,-97.07279871878106,-98.14361813579272,-98.01007383959227,-101.79106657936794,-93.43646526055268,-96.1685984612033,-98.94004375428307,-97.0465858526179,-96.37442130461217
2025-11-02T00:35:00,AP_5_48,5,48,Microwave,5248.81529029368,10.311359403293144,0.5522071561657499,-67.3516031410229,-97.09325378891877,-98.35096512839371,-100.02906967303495,-99.71205879983277,-97.01012507933999,-98.20987506242082,-102.15545271808033,-100.13392837236204,-103.5844894897077,-97.23199658937152,-98.1002520130929,-96.5030444347847,-102.06416672064844,-96.43093002069995,-94.1582127780393,-96.52774325831207,-94.57462696807973,-98.33602782325428,-94.21334240916883,-95.59908902547069,-94.98019941585768,-102.21087731378108,-97.4697695652987,-97.0996600069455,-100.45245406417139,-98.11446083959378,-93.99133112729318,-98.15763855419863,-98.13600084028809,-104.56887733835148,-99.33216252027556,-97.41703263869785,-96.98515589401147,-99.78701879045404,-99.6519309614257,-97.03242392601614,-96.70955518724753,-99.82510386420417,-99.33624185955193,-102.89753151756159,-95.45360808505126,-97.18431175157544,-102.77702987760662,-99.57361043140222,-102.57826929871493,-98.4079354804017,-98.22890396924245,-103.72305500777064,-102.2741463303025,-97.85975599399626,-98.55458012533161,-102.81945346134343,-99.9332205243135,-96.74738367572104,-98.78212521942493,-95.64233780525325,-99.61439808019377,-102.52450162456455,-99.23184701854208,-99.60396364448506,-101.09815951777594,-102.41491034758803,-101.83540230374078,-98.96243823704927
2025-11-02T00:35:10,AP_5_48,5,48,ZigBee,5242.656641040165,9.948032902979303,0.7521466204737053,-62.6906600547103,-101.74799362422347,-96.70550822983571,-104.13785213218821,-97.66183226679112,-105.8515236592003,-98.41685234617904,-103.82197512366281,-103.69053995756339,-100.78435486150758,-97.42647687643817,-98.16881983155365,-105.37916063359091,-98.40709443679516,-94.52386033028051,-105.204837983827,-100.05451109198896,-102.24836538256368,-100.0721692154021,-96.44907529306586,-100.90571161970696,-97.11964544960155,-98.78259064444342,-97.00760911652976,-101.0833914637827,-99.90992438347445,-98.38231501070304,-98.41241857162943,-101.68664702817496,-100.20571132813191,-96.18288481387901,-99.56165612221369,-92.51791556569344,-98.64021773440875,-98.84539838868551,-101.2510631247726,-102.98692033822948,-100.49527057029803,-103.0693060179488,-100.48486007745599,-102.38532437845338,-97.32962412328146,-102.89233094810122,-100.0201078870743,-102.61032617344696,-97.22613445449747,-104.59922631034576,-101.10667093854624,-100.08657019564616,-100.66495761759505,-98.8229382746758,-106.84666309092496,-100.43671685492504,-104.06303707829098,-99.60797239824285,-97.79676844827405,-99.70459721565815,-98.92967341294855,-100.11769411909843,-102.81885938801433,-100.03642394252975,-101.40572066567196,-98.75683913565908,-104.70542207588316,-100.73213403998933
2025-11-02T00:35:20,AP_5_48,5,48,BLE,5251.626865458092,2.0529070027498917,0.21386249451641365,-61.83867092510292,-98.45496976156998,-101.81625199986047,-99.89200168779755,-100.41275024610647,-98.49396558375885,-101.03405309175551,-98.82843385320987,-99.92985746210798,-98.11149759602526,-101.6845602787146,-98.67188067382061,-98.036447417908,-92.98006411101525,-99.78625490721423,-97.11392753242426,-94.4081202183013,-94.24292232398128,-97.95407328764729,-95.69411204654196,-102.89996511262098,-101.20521302950148,-100.70241543652168,-106.00355252189995,-100.38238282451549,-98.73624658758067,-101.54684662380603,-102.33071466373906,-98.70471619134841,-100.63584901018176,-99.06610014519678,-96.43117450544054,-98.51828677143367,-98.51096241891106,-103.16327759591712,-96.53178331406782,-100.99363984669702,-96.55375927414259,-100.18297233386049,-93.95386495934049,-93.54449477334798,-97.70159686107928,-97.32936711468615,-98.67436403932273,-101.64474526747419,-102.19144230552968,-96.90937099122824,-97.61848224573913,-98.80855618658208,-101.02912962513672,-101.53202295491229,-100.87893607594783,-93.53801676909622,-97.80778010665404,-101.48571046521634,-98.70363441824219,-98.69404138864329,-102.23227575915152,-100.4799124805109,-96.86016559481614,-101.44628336386408,-98.76566244410192,-97.82927217211338,-96.55565664524308,-103.69861353065463
2025-11-02T00:35:30,AP_5_48,5,48,wifi,5240.0,0.0,0.0,-107.66362419498252,-100.72177599457432,-99.58150040367852,-100.98919328705108,-100.34886317252685,-99.35803034010733,-104.75879386904582,-98.89042151517276,-104.14042457759254,-98.18250658665357,-103.2787829268902,-101.43281976852239,-97.75315575888767,-96.0947906570644,-96.42496935294051,-102.76134631026467,-99.6396585449316,-99.62871129706225,-102.95433120926558,-98.84294365510387,-99.04988253569032,-104.69715722246463,-97.65896197445971,-100.1191968257558,-99.54052798069188,-98.17904529799465,-104.83386789200443,-103.48040286986553,-102.84173523523734,-99.67616398547571,-98.54987695811712,-96.89770081451198,-99.44138011857879,-96.08188028709338,-100.54183036977932,-97.1887511900153,-107.72749384866431,-103.47391315825243,-100.0855958809988,-104.02034829553193,-98.28130893936984,-99.7999833910489,-100.85218018123119,-103.87528782213725,-105.04204091181603,-103.9878006672375,-103.9421062712055,-98.52182217925667,-101.71598270844753,-104.25902259115459,-101.92950014595172,-101.03176498998442,-101.72246938972528,-94.61506709331876,-97.91816238578801,-98.30298932596921,-100.99200953851965,-97.25827660452312,-103.71128039217757,-98.39839302346333,-99.59780266498494,-97.56865371174914,-99.80759224332262,-100.41794256672598,-104.76792466217638
2025-11-02T00:35:40,AP_5_48,5,48,FHSS,5228.190598218327,13.294702881295478,0.6443170415282203,-50.91006867889776,-101.95203089340569,-98.86413880337895,-100.60174411839732,-100.92943154833537,-100.07215050779435,-99.87016628868709,-97.37465725279971,-95.72469837303498,-99.80671374601056,-105.35354542725963,-107.35919914809053,-99.65279068307876,-100.64898061796144,-97.93636932559906,-96.79337527575208,-97.17521452560779,-96.51215267340548,-100.94153236972856,-95.3103679012408,-98.56176840095999,-101.30713968650166,-101.52829896061384,-98.02469749786258,-98.20407886353865,-96.99384788488754,-99.07327416405253,-96.14808319568725,-99.20488684543395,-94.60959125075176,-101.70014713439723,-101.06546305392455,-100.89457538881831,-102.02800741166723,-99.3323124921941,-98.1079820442714,-100.42250323861387,-101.07538346799636,-99.6324121868699,-95.67065780625546,-99.95416472951312,-100.05657173532552,-98.83308383226654,-99.3230718928191,-100.87914712374815,-99.86726039284585,-103.21643471265874,-100.97746302119387,-95.44613473194711,-98.78230141101525,-103.07749558547631,-97.74944278709529,-98.08167800943342,-96.47899590931493,-97.86142990025242,-94.01093272989822,-98.06044611590931,-97.42240002071573,-93.88385358222911,-97.32810904161985,-106.80932179468985,-93.267470459435,-96.33065655955411,-93.62074397631912,-100.9621094580099
2025-11-02T00:35:50,AP_5_48,5,48,Microwave,5251.796986420833,3.589080929787742,0.776303259577005,-51.45197849118678,-99.59217564225189,-101.24127009302865,-99.86890224803881,-95.33537352354548,-98.05925994510957,-102.30397581114202,-99.36271551033708,-104.44038098933797,-100.80377561326371,-100.66979969296433,-101.2040463926145,-95.83680042098891,-99.90288041273577,-97.03264227523408,-99.53648064441917,-94.66475042262537,-98.74601545749196,-99.9040776268124,-96.99822560756854,-101.02845226334095,-103.62553989485119,-93.5847919385249,-99.64725351497196,-99.90314733450558,-100.05271036021728,-99.3516581219011,-97.87411995312496,-96.88514005074515,-103.23513027285131,-99.2668742771949,-98.99732858964794,-101.01223554784569,-90.90454135751578,-99.10724728352253,-96.59431444938646,-96.60520785390008,-95.37094914646985,-98.14987502957966,-102.43141121307364,-100.44746541734223,-101.64372987032057,-100.79314455629454,-103.48612760771783,-98.56337047436249,-91.51311633790566,-99.06644066175666,-99.1573649965609,-102.02624005974022,-98.12392143951263,-97.84094465087536,-102.89494466385388,-91.21145169811273,-101.71751474642764,-92.91585803456945,-104.58220839759223,-105.40189115133323,-102.67943589148163,-100.58173133834566,-96.4991408940893,-102.66582445689471,-95.15434354325168,-100.70768249929314,-96.03079047482896,-101.63235112017902
2025-11-02T00:36:00,AP_5_48,5,48,ZigBee,5255.533124688625,19.882344813829988,0.6248845660117663,-53.075548552778784,-97.17716008236026,-98.25340537099302,-98.91652862303354,-100.43522137566882,-96.894738102342,-92.93076980315108,-96.36700398868106,-96.2949808415522,-101.75273430516079,-101.8498536039122,-98.16091721829116,-100.72204412851436,-97.9982141050279,-104.43711984471722,-100.7874440439972,-96.05588918537828,-101.48888935857552,-102.35667981861731,-101.01845305528116,-101.74696121384277,-99.97061807754856,-101.11275405722193,-96.27252403418184,-94.83725275416744,-99.62469479612967,-96.21015543014514,-103.04317135708125,-100.46029958324876,-92.48374310852785,-96.79451422368311,-103.93653427505289,-99.33894033801732,-98.62735511328117,-98.34690343815075,-97.26637048015037,-90.99248905749228,-103.4488367158451,-97.84090349552841,-96.29282097255442,-101.78153194159088,-94.66847749311533,-101.84099266969484,-100.20808694360602,-97.30734461611584,-99.43586006546056,-97.2416756150257,-100.05017631668396,-101.22981349528274,-93.17963253257948,-100.40234383788221,-96.80467937924743,-102.82915042597105,-98.40549290888468,-102.05060849350781,-97.30328579550309,-102.16846383104954,-92.70140315897966,-97.2944800992549,-92.16718008443829,-99.3982111921255,-95.75404649223644,-95.95192805951002,-96.95554325332277,-95.80197637395088
2025-11-02T00:36:10,AP_5_48,5,48,BLE,5235.90380773636,8.723620771164239,0.7951293380761741,-60.49682301862476,-97.7985138432048,-101.8514502520482,-100.88101799189066,-101.56033200400779,-102.45028428719017,-98.9265092147127,-100.1716100940552,-97.70665464497245,-101.19727372827788,-97.26610780784539,-101.00665927393759,-100.94234767475973,-104.33981715128199,-96.99214263307216,-102.13630812105878,-98.63365813726436,-99.40590885036043,-100.07941659404358,-100.05986660938343,-96.41392207743986,-93.25096345992404,-96.24918050727658,-101.10772177629572,-98.01596957889156,-97.10916539069042,-101.2353149527478,-102.70898327002821,-100.47547540591303,-98.94867476947246,-99.24239982370587,-105.81458573186971,-99.57175726931254,-102.26107899932084,-97.3657968331295,-105.73834427849897,-103.49543414073554,-98.7629477364078,-96.56122228860606,-100.04860477751713,-100.95721337385707,-95.31815752304684,-101.28179567066132,-100.52222391962367,-108.2799648361731,-100.38092320870491,-100.240532561796,-98.77858687418774,-99.76716169043334,-101.15407786494981,-101.40392644720794,-100.41085169483759,-102.0681903507142,-97.17466466781356,-100.4769789623915,-106.97562833667997,-97.21177587361082,-101.39216967195527,-100.62847824774309,-95.0696228080464,-103.72152709463215,-98.9280587292917,-105.34258772076966,-97.16752468966261,-102.75690058046601
2025-11-02T00:36:20,AP_5_48,5,48,wifi,5240.0,0.0,0.0,-107.04788264028842,-98.04331986766684,-101.10703229958189,-103.40869096335591,-98.30734903867025,-96.40892058391486,-98.81372796246423,-102.49883917307442,-98.48715937914154,-101.74959038922076,-102.19353088967871,-101.34690066549558,-99.56965385747186,-97.94305756586097,-100.97538165069962,-99.02872160592807,-99.09975486324218,-99.1435478758435,-100.87298030105384,-95.43740435628487,-100.56802100091744,-98.36608168199521,-100.8922518900962,-101.872573063131,-98.85282624970183,-95.65131832787002,-100.22541021004912,-102.24512748998788,-94.24708235450707,-99.75952479322343,-103.31248385662043,-99.26775626107522,-97.8713902896,-100.87624391999351,-100.97043723579299,-97.59518378446816,-98.52971029763998,-100.33215497710069,-100.04372286568838,-99.0334842911793,-96.05647221307848,-104.60206774066165,-98.44910595053882,-101.15188946135291,-97.66075536207217,-99.09128470373919,-98.7567970513553,-108.28767212376748,-97.33697729307065,-98.04587647221052,-98.01230874802525,-101.23403658251105,-99.86344682527667,-100.14663951060014,-98.52727642632415,-99.278137623668,-102.98033638096982,-100.54176725027028,-105.12275602963966,-103.24521262224923,-98.7476088906551,-98.95920424515018,-96.6246018674522,-96.66170419599885,-100.20501678274942
2025-11-02T00:36:30,AP_5_48,5,48,FHSS,5238.968982187515,6.648552832295277,0.28269618715928196,-56.86170305040537,-104.57281048669066,-99.62502384492167,-100.95117638759066,-102.44907372525364,-98.96422784950705,-102.7444163549688,-101.42256895389764,-97.03281207202235,-97.3418893699478,-103.28296327260486,-103.37447120862068,-102.41640374376875,-97.65608525938502,-99.60023149182184,-96.53455478373078,-98.07833030147896,-107.02426820363952,-100.82580364926798,-101.48051632242665,-98.5910861412283,-100.87792420298766,-104.01061523287473,-96.06361360122949,-103.40135908483198,-97.05657391998135,-96.92001769149796,-109.35915429727774,-104.3220262942553,-99.67540315339329,-103.21834424749798,-100.44584022576198,-104.57699905514902,-101.92831848824126,-97.98541382564943,-91.38746230829071,-101.24230733529828,-98.55191249991208,-95.56016490176202,-100.29290649277519,-99.75537458764167,-99.02066225673738,-105.61960067257169,-101.98495966898159,-103.32747534485793,-98.61906936334987,-99.67503964088807,-103.90095850589303,-98.64589904350623,-97.20469363931046,-97.83269281658248,-101.29392410294686,-96.7012362682236,-99.96353840818902,-94.24235141357065,-97.93449296700594,-102.98884305538483,-102.62778280551073,-99.52208606470768,-110.47497242574059,-99.72469377470085,-98.8200603636767,-96.1131655979628,-97.8894834502663,-101.41005075629762
2025-11-02T00:36:40,AP_5_48,5,48,Microwave,5246.6596809462535,11.770405073602044,0.27133949034413124,-56.002106630617476,-98.51068502241486,-98.49793700079537,-93.49240182607328,-97.66065935241696,-94.87839031591476,-98.85651265790672,-105.66518296799403,-97.2417977828367,-91.64062360749526,-98.95966414838297,-94.13288566654083,-102.80896539191706,-95.53392787959822,-96.35400969293467,-94.07469052203973,-94.0107945322688,-99.40320767440386,-98.3551875142029,-99.05436781349209,-98.97681254471021,-96.58114963178967,-94.6107223447051,-100.99963077743735,-95.7285183799885,-97.535058841251,-99.44744440322505,-91.07307257947987,-94.55299892212507,-97.68377223524033,-96.13930324005094,-97.38794638010978,-95.97167548801237,-99.15309971293722,-91.85225830217036,-97.9402590326469,-102.89129063492302,-99.0117698521259,-102.7317906992656,-95.57331972697266,-99.35706933115024,-95.09186305600188,-93.83244981756664,-94.0850182374854,-96.80579279791411,-88.22066098431813,-95.89561715951916,-90.79216911551566,-97.1851840784568,-92.62192093079561,-97.61340013224122,-99.32994183125943,-97.81817152607242,-98.1157266107447,-100.32989201509675,-97.43685948068374,-100.99324820377387,-96.74551056723865,-94.3804103734154,-98.03133149229933,-102.18533414797555,-93.32755440045833,-94.9776802968827,-91.63323695137308,-100.69099136794073
2025-11-02T00:36:50,AP_5_48,5,48,ZigBee,5238.366215861933,15.016059043924452,0.24833075068588162,-61.15032159600533,-102.27771971117893,-97.13164627074227,-103.01865811113915,-102.05059844705254,-95.6685199604233,-100.36487123931157,-94.50463857382861,-96.83832598423108,-98.59963932255835,-96.55131526952093,-97.62649156087176,-97.0656891736969,-99.77476156346722,-97.77670417022343,-95.7880437257051,-96.22558053675041,-98.61050641297174,-98.35253298424267,-95.58335687194413,-95.5632627506906,-97.36693396265053,-95.84057079735119,-96.74838557417652,-96.38840613770762,-98.3644178586853,-99.97714129876738,-95.14475019188417,-100.96576060656079,-100.46924601908295,-99.6072117063017,-97.32142663897672,-94.8807513037456,-97.92141713394028,-100.76493711640278,-95.48545584069099,-98.80133844611933,-98.23345515057008,-98.97243531192409,-100.58768389167756,-100.289991419524,-94.47187718956546,-88.60109869991894,-97.05640383072848,-94.64065347769036,-97.08804003139308,-103.32215214293664,-94.38631258822382,-102.51213130443193,-100.3071490119906,-96.14305605603396,-104.99858072286438,-97.88698302088186,-96.35563295966743,-98.74229897763071,-96.35764455109677,-96.45537312653502,-94.78955639741508,-99.93672241210999,-99.05108590857041,-95.44042807855715,-96.74298053860431,-95.14498785971352,-96.43265282551661,-98.40592307623915
2025-11-02T00:37:00,AP_5_48,5,48,BLE,5227.72994120119,19.599445641518983,0.5644043839044388,-62.05843690984912,-96.75729113297133,-98.73533051791453,-92.74396491328275,-98.32688460689953,-95.0679290110649,-97.02770580712827,-99.82466473497351,-94.82410282340273,-94.59695996106703,-101.52213438560342,-101.5277949033925,-97.44653721639622,-93.14338508282216,-92.0416884914981,-103.75515265703258,-101.47079198615408,-102.16748844725561,-100.79091247819042,-99.38684542073513,-102.35867929161843,-96.38487726250348,-103.64962763959304,-90.4472309455666,-95.66005140060412,-97.20681546763493,-94.26534691520783,-100.94461586531429,-98.0589658963845,-102.06302360571323,-96.78534137231291,-95.6962614663332,-99.87350301864194,-92.40616830569364,-100.81735437844908,-104.57012421466533,-97.88136660158206,-96.08486594796814,-100.93795209255579,-92.8742589868903,-96.23823049445421,-95.21599265100016,-101.26063646643706,-98.43142883028823,-103.17546735762743,-103.38864788433052,-95.72670650735891,-94.58305944348567,-101.05845092280846,-96.1436696005569,-98.4001744855271,-103.24097261509596,-97.85324046906936,-96.68868609208337,-102.56447942988568,-101.66243187873553,-104.61288171140087,-98.96864475756111,-99.68597137966424,-95.58756979940087,-102.24027073361084,-101.08319511461727,-91.96305258982395,-98.3465771756005,-99.77944809887532
2025-11-02T00:37:10,AP_5_48,5,48,wifi,5240.0,0.0,0.0,-105.33083494110856,-94.81481984895488,-91.72506307332,-97.76310536339652,-90.64336343949762,-100.54092702916948,-100.21064961291064,-93.69085137778256,-98.5708801587817,-100.15779098332786,-99.5769166559842,-99.73697613645241,-100.33076925331319,-98.02328075059663,-104.31129847459815,-95.50028976015189,-96.62934000675092,-99.55939216148766,-98.60304134828154,-99.73192922419011,-98.19391589211486,-96.82975487550293,-100.05120142519867,-100.60305354403953,-104.0002633592061,-97.1504125942768,-99.05044307165933,-99.56800940540042,-93.4922123315188,-95.79152767732948,-96.44425363625355,-99.5540645960932,-95.88885170947245,-96.73101343499509,-95.39250329003451,-98.86706732641004,-100.63481727080912,-102.16613745454426,-99.83116024693592,-102.65738017216482,-100.63984815546682,-98.4613033777694,-101.53731550918465,-100.8012742794702,-102.50540652766485,-99.23708624726962,-98.12992687922906,-96.83016044231259,-98.78284904164954,-99.12624651025594,-98.68303072600622,-101.77865314142718,-98.87050648617473,-91.23968451331288,-95.98417061689942,-98.58430139076694,-95.28725629661162,-99.65393689520369,-95.25945055052891,-100.39698884455208,-99.18074847727188,-100.02902554643131,-100.16939775963792,-95.64943858852546,-97.93701790824204
2025-11-02T00:37:20,AP_5_48,5,48,FHSS,5224.562611547484,16.393876664380123,0.47332019074620596,-53.34805335743479,-96.6685334159457,-95.16515198901644,-98.40213544361119,-97.18565712597453,-94.92742072639093,-92.95663310442153,-96.97334329889556,-97.86412014739693,-96.65834152333352,-100.70697763014492,-100.27583193125936,-95.3927353423913,-98.29216466787355,-100.82413793178105,-105.32847783787008,-102.7719905279594,-104.72350025204474,-99.29580812507982,-99.09086553942284,-99.99420234808501,-97.14166083020028,-99.25639062554256,-97.35736370789742,-101.13339037137139,-96.36188728223736,-95.9851922126618,-100.79364558061391,-101.26356230976495,-99.58004886146081,-93.89849639039349,-96.82071191119213,-100.4049071607793,-101.32702915954194,-99.74461146503741,-99.09222780334025,-98.21850216249997,-100.46326110051939,-97.28276002501984,-104.05891007733325,-103.75859451302502,-94.31211386294815,-98.28146194102361,-104.61730704485501,-98.86279475638185,-95.33812289725496,-104.23065704718034,-101.27573445994621,-99.36948358093584,-105.55586330277114,-103.63019806056248,-98.04285209492852,-101.11143653353851,-99.09853547583835,-99.454995210871,-100.49696746570666,-107.08100594349052,-98.66059588605233,-96.07575829889579,-96.85608567411617,-98.80431564103975,-100.0053324779281,-98.99671642444612,-104.92237724152655,-104.99419102743671
2025-11-02T00:37:30,AP_5_48,5,48,Microwave,5251.723002357686,13.647433952404635,0.6699240215636788,-66.65882444359589,-94.70125545715298,-104.41474783068784,-94.88412390996749,-99.78530206989531,-92.400135709899,-97.8856594725144,-93.3259129374675,-96.85347218918672,-93.33724925507157,-97.2192688103915,-98.65388971827558,-97.38781119038099,-93.94856573203862,-99.9262075105485,-96.29899241859951,-93.6189086374249,-98.45421406499632,-97.37778846281755,-101.51416878758552,-94.4004508062938,-98.8915752036395,-91.51404501388943,-99.44582875175887,-94.79691151880185,-94.8632484737703,-94.36258253512692,-95.37713230947564,-88.01391114866246,-93.52213500881214,-98.04444694238644,-100.37729801539317,-92.26859722887116,-97.5694450801304,-99.35407700228731,-101.81869380609643,-96.99965848997455,-96.8488244523527,-94.9817702749371,-94.550410517728,-97.22505064183684,-97.19885967078558,-98.56526531705583,-97.89152025888804,-95.69446180225526,-97.71644619300324,-99.93093180339406,-103.82421166407376,-97.75163755465621,-93.74779567569801,-98.44683684691483,-97.03084234798317,-97.52195532949239,-94.16784332187736,-105.66316962164693,-102.11823548739928,-96.17468643784703,-96.54171460097967,-102.52749695719322,-98.35322840165442,-93.73307022357636,-96.23881113947854,-100.86084485552271,-95.9842670271414,-97.7405840101696
2025-11-02T00:37:40,AP_5_48,5,48,ZigBee,5225.279591136215,10.533947641977672,0.7041312099133445,-63.34363838154042,-100.12549773131934,-96.97882918344138,-98.34143978921307,-97.31113304268378,-93.86083431284132,-106.81410089065807,-96.10140841293008,-101.8664129327533,-97.09113284578056,-98.83422515489166,-99.96921443218524,-96.81119225664628,-96.3280399181328,-103.04615372526568,-96.65618021535988,-99.78924365913805,-99.85595251657467,-99.73606896587411,-96.63579418575385,-100.67086611243387,-97.87520543734409,-100.62253688957318,-97.52065752684204,-98.71066519843266,-98.3678084194394,-97.75701615984462,-94.10154600647223,-97.50441653795346,-100.15200847055928,-98.52973669458125,-97.87725262096438,-104.68174717514943,-103.42484806749535,-99.29085212533919,-98.25340399682122,-95.32940674235105,-98.042817720277,-101.51242068779236,-98.15842147420504,-99.93935536698983,-99.5247836812599,-100.43401871064259,-102.97163824545109,-98.49131034831255,-94.86906366228655,-98.71802902585883,-96.62785403979484,-103.1833977770446,-100.04587993063792,-99.61761901413736,-99.44133078284135,-100.40927196725399,-101.86235179692605,-101.77474051345445,-98.81547768708457,-98.39748987461847,-97.42291435645822,-102.01285409186073,-95.39025586353225,-95.68900371001249,-93.71911395159798,-97.34962446438007,-94.67212903291318,-92.43623966683633
2025-11-02T00:37:50,AP_5_48,5,48,BLE,5256.581951479643,16.078607931767294,0.3759589032889231,-51.894282771443514,-102.8154668821093,-99.60964609714162,-98.31710301766134,-104.573184953942,-100.51014040879744,-94.78098903600441,-98.93997340557362,-101.16457460437033,-103.53625884127602,-101.54121078418899,-101.47371624810592,-104.75090577801606,-101.61765701945066,-106.72200330172078,-95.4488470816325,-98.3475037290836,-94.62500062999116,-97.08311713017208,-91.01682591092218,-101.75160127245141,-99.42162975330336,-103.08232081564401,-94.76029760548462,-101.93335389885397,-99.49844291049118,-102.49612050719507,-100.15286954395826,-97.00083287612095,-97.68553208604796,-100.19332477413893,-103.27606550720691,-99.8292646997939,-100.17466865072261,-100.99345416850639,-98.36223051034199,-100.18177207495629,-102.82873875449977,-94.25697243146078,-102.55000318909279,-102.83030833898191,-102.52119665399835,-103.73131674341761,-101.12036497152202,-104.51164821048937,-101.0064463821812,-96.8381225025579,-104.11978477542917,-101.16495563765254,-95.79965824983216,-99.38464750701795,-103.50808247038985,-99.33336296568737,-102.10750877354292,-103.02966885570393,-103.06256285064566,-97.87756483319289,-108.00334022250921,-99.86937578086547,-105.43546613516416,-102.82580536984624,-104.1936167212056,-101.91108927902023,-105.55563742318002,-100.870405888158
2025-11-02T00:38:00,AP_5_48,5,48,wifi,5240.0,0.0,0.0,-105.93355245503204,-99.74161449716681,-105.21874840420871,-99.39903607343882,-100.74732302860076,-100.49329647611818,-100.51897689256498,-102.75052112996816,-100.94534753221113,-99.86320290489896,-97.21455515913088,-93.40334871136615,-100.26582029261758,-103.03448552800432,-95.98600789921382,-97.78043514793563,-96.62952907714042,-101.57625556323399,-98.8343388414382,-95.15638241423049,-96.67258984399389,-97.35468885975811,-101.21104844398417,-97.51044321183139,-93.6662560466506,-97.95411858624047,-96.26229684442421,-94.22013176974417,-92.27592236433306,-101.97961561887429,-96.72720286497038,-102.66861132735129,-97.19426648720379,-97.42335692484862,-104.80335339804243,-98.03777824914724,-97.21627982696317,-98.44037613039993,-99.60262173014175,-95.0956532692358,-102.1017128079677,-99.12062833415688,-99.59395989398948,-102.57640852578275,-94.19755527008434,-100.5449151440026,-97.63923160671021,-102.49391542458869,-98.15995019891643,-98.21614331115451,-96.13518802287224,-103.61358284528232,-99.72502516516619,-102.1835879140546,-102.64942579437437,-95.7875246140372,-99.22465691483913,-100.78193713795457,-96.58343035465266,-97.3390210801593,-98.260803892273,-94.50912794094278,-98.77319194460523,-99.62972875027602,-96.62990683649467
2025-11-02T00:38:10,AP_5_48,5,48,FHSS,5231.539591958849,15.651227352336727,0.4527897890811336,-67.24137669499959,-101.07504959971364,-98.61381219942326,-97.46274246043781,-99.19704821328635,-98.39861767416947,-102.959121955226,-93.0953867656531,-97.69373694814732,-101.9129223526903,-96.90733651063452,-96.82623096561184,-103.0237018857446,-99.79512097719336,-101.02382248440335,-99.23149134622965,-96.93322348131152,-97.62697923107945,-96.0640877031772,-99.52011351972217,-95.8494775772899,-90.26135025436096,-96.12349019396504,-100.30049664582468,-95.28116472130692,-98.97531844872975,-100.41636918793677,-94.81163897561252,-100.72794625009335,-102.01651121850851,-103.07677828462084,-96.50630003195005,-101.76245324918557,-98.6129289747145,-101.19525878336066,-99.79840118863108,-94.04634669353973,-99.1008454793145,-100.95235134030203,-101.20137010966288,-104.30394157026089,-99.42829000286018,-95.11057895072749,-99.07382305163877,-96.09418976110925,-102.0163885129753,-96.25385481797176,-98.52781511513072,-100.72280363929043,-98.12116574422691,-99.3827510394126,-97.93806551502189,-100.85428481468003,-101.96200140501223,-99.97502539277798,-102.6688107082738,-97.67972118655615,-97.82276834929905,-99.85444507499737,-98.10300421067912,-96.98102716842158,-93.77665078672462,-97.59068092174476,-101.85989234752063,-97.8101203325042
2025-11-02T00:38:20,AP_5_48,5,48,Microwave,5251.085598624722,17.39044429871065,0.6602010924342945,-51.863786731730535,-100.92897599535434,-96.03987405140902,-103.50188864531545,-97.09683253573718,-96.70716548997301,-97.84859079491586,-101.96976302384365,-105.01126436350748,-106.29132654274343,-96.09013893711052,-95.76295041318738,-103.73735929621131,-97.50642686396421,-92.2468313118192,-99.33034415991563,-98.47557804706453,-98.3469087123569,-100.5567331922385,-104.54858441159381,-104.8114978671969,-98.55691478659976,-100.17066012881155,-101.56914226791393,-95.13618706171394,-98.7941047637222,-103.28567732450219,-98.07175117719025,-93.02398728328475,-95.33886677385992,-100.6233963785653,-100.87581719731472,-99.39842653267765,-102.10370125125868,-100.55555287846909,-102.74792341155202,-101.66254712356758,-101.82014529869045,-96.82560849962489,-95.18794730325223,-95.70934780261125,-99.28472504216148,-98.85167678355116,-98.56189796296482,-98.91255592636156,-96.62326736157318,-97.08714605673062,-98.86532231617139,-102.96545856656063,-99.17957087024811,-107.46159230952058,-95.70009516000914,-97.54325031138151,-90.5194133123556,-100.79248303194511,-102.18832962997496,-96.3897337717334,-100.76518172071492,-98.21749646551136,-98.53981220809959,-100.45955848624928,-95.5538146994025,-99.12686309923897,-101.70414309154309,-100.1329334464243
2025-11-02T00:38:30,AP_5_48,5,48,ZigBee,5242.694865026092,17.113831387098866,0.3582409646257375,-69.40554545350156,-101.00989015132137,-98.21058673540124,-97.79839309980154,-95.86074216797205,-102.19310473110062,-100.77921224358417,-103.93462414663993,-103.25183535870298,-99.88802949890537,-101.19848218704054,-103.00820324226456,-100.74778920191486,-99.17066857235736,-97.43590785966514,-97.05846670831137,-102.58394310537894,-101.3751576292444,-99.59796702954958,-102.30235841835817,-99.91537681246957,-94.86380563358887,-99.0311656009513,-100.26345528393624,-101.11676973185348,-99.62263541306193,-103.31251123828612,-97.84060099805174,-99.63718460895893,-104.71750425741888,-102.91013102795334,-104.148044714951,-102.1318498555121,-103.7286872691943,-95.71041204227927,-99.82465985806891,-96.3694284255663,-108.07333909543235,-101.67146511392833,-100.96608436420695,-104.315493577675,-106.93348356250193,-100.3735069556833,-105.28940183643323,-103.58893923521198,-104.67383505722083,-105.02478252254146,-102.94695445240646,-101.40213200542428,-104.77102202795854,-102.93591928722103,-94.98156964560997,-103.88064132747513,-99.09448221493247,-98.75417634546163,-100.33283941512065,-103.67880589400137,-105.07218781321588,-97.57631918285419,-101.40747285521287,-102.74386124587383,-98.8318532928064,-102.4301772946915,-100.71910120773731,-103.61416763112634
2025-11-02T00:38:40,AP_5_48,5,48,BLE,5232.064089206482,12.928269628212947,0.43214867154173253,-62.26978616745406,-98.49716022743088,-102.93248973145455,-100.60676858348606,-97.24521079268465,-98.65893118798334,-91.29164631057787,-98.56917726640923,-95.16879617505064,-95.41129544319105,-91.12516377319905,-99.41311549094297,-92.32497581391159,-101.8443294672966,-92.66504898361468,-95.37882186927061,-97.12375384086823,-102.44760169155003,-100.01362001900657,-94.46912076194567,-100.62877947174285,-97.4578830624369,-96.05586157397599,-100.25936761216603,-94.41213441879587,-97.12913345217433,-103.68709632646211,-94.8943699288218,-99.39415980378621,-103.4799721652006,-97.8794582120459,-95.9972412214749,-104.25693798103268,-100.86156690387548,-99.894507683683,-100.8649406751355,-104.7493328375296,-101.29687414164239,-95.9991277668227,-99.60848198400454,-101.17673019875865,-92.51444646776706,-102.51736631972024,-100.43309531470763,-97.1843540627534,-100.72176124658229,-97.09323357397557,-101.31889866760436,-93.58362648215422,-97.06269057052651,-99.90983170237844,-101.62611338648733,-99.12963651655427,-99.81160249649311,-103.36629365894336,-97.57025228325796,-97.99728431062488,-102.9987728608383,-99.60111722012681,-99.76367283817515,-94.51786355217186,-99.03818456750324,-97.22545111870495,-95.28916642286026,-99.22006896565703
2025-11-02T00:38:50,AP_5_48,5,48,wifi,5240.0,0.0,0.0,-105.23935695409234,-97.56796600785636,-98.59370409621458,-105.181619905045,-99.54853296671035,-102.35699257314742,-94.19175336919074,-101.76791083241983,-98.58331683006787,-104.78358745896197,-102.70805801994159,-98.66734005862494,-95.20480774808587,-101.10724430341205,-96.6075951905242,-95.99105712820375,-100.4011794509101,-96.01784145183231,-97.32826421475373,-92.86246300926861,-98.33593669380531,-103.62612023315198,-99.02903456953351,-101.20046484564932,-99.79012518987766,-99.38790661176304,-94.18931328177274,-93.39187661563113,-98.30357495649855,-94.44685368332816,-99.47380013152763,-99.38656361754113,-97.34867022447716,-93.07413119213942,-98.67654411819979,-102.25484487077225,-97.66415749144493,-97.71301532032058,-96.4686447238239,-96.18935831733818,-95.1178376046899,-100.06741039145776,-97.27168708411963,-97.31490723854832,-101.79405931048206,-97.67104782029733,-99.88335670415991,-100.72667509262894,-99.08120970530904,-94.93499202658849,-99.719174079174,-99.16322128664547,-96.08025444422606,-98.36784799706666,-99.61521120643337,-101.72536375169832,-101.37751240749479,-97.36441819933678,-94.80004364002187,-99.86119974969506,-90.65223120031742,-97.80317403539755,-95.77234740429907,-105.43512236851865,-98.59831678987302
2025-11-02T00:39:00,AP_5_48,5,48,FHSS,5234.369467648402,1.5817697561591655,0.37179903446802226,-61.80186358696568,-94.19865380617074,-96.74786571093216,-99.60303866221622,-101.09440308159527,-101.30484935013925,-99.59549418402621,-102.63300112267746,-106.1429280459254,-97.68024871362282,-103.02016215228099,-99.45112529821616,-99.38331234522396,-98.9986301416966,-96.09702771388349,-100.79430521313864,-96.9818907980223,-95.58635243434189,-99.70318041897802,-100.275342873264,-94.37701422953485,-100.78823033589522,-99.18916428373342,-97.42393342875113,-101.56541253884853,-95.81202096840617,-94.85575885783646,-99.56819211187947,-100.29932251617443,-90.79782231612552,-100.46705743342912,-91.33269644005189,-98.83357188870677,-95.96164622740469,-103.71152785138064,-102.92340716561809,-96.54623876543741,-105.18272400463003,-96.8591320967817,-100.8318623309939,-93.6309475589813,-95.95780801576603,-102.11686041762069,-96.91936066509581,-102.28740399621663,-102.57600401260935,-102.08956848877625,-99.15141336075749,-102.43171627125119,-97.90467344934004,-92.09545936423372,-94.86919282761613,-96.6537092186647,-99.69314313410129,-96.9814144394897,-97.21239747344592,-93.08738639507774,-98.77225877524023,-94.3529390008371,-101.13751685509705,-93.47771153641331,-98.69231300007566,-96.23582817845488,-95.29073319510125,-97.25527019366545
2025-11-02T00:39:10,AP_5_48,5,48,Microwave,5245.886749570599,16.75325977402943,0.7193943346199807,-61.37827225645562,-95.06547014190109,-102.17868852266548,-95.5951064502895,-99.91039175241441,-101.14188900171334,-99.07837881472595,-94.68560760159143,-99.46300011503227,-102.11962404028569,-106.34580804309726,-100.77822331186232,-100.56379260981709,-100.9987113782393,-104.78737900725568,-101.63037477364026,-103.36901075669793,-98.9609740581753,-100.79750718391865,-99.39772065896682,-99.87409975081403,-101.59636492458917,-98.3377663839834,-97.2098712745858,-100.89215277133566,-95.5538467046543,-101.89323751132564,-98.70082568161088,-100.19745320890834,-98.8057494033074,-96.88937067697371,-106.84626214903061,-100.8353558345821,-105.60095980246683,-100.42765106110629,-93.1803851490779,-96.48396454826232,-97.48900132786433,-99.18007264503707,-102.00059168961317,-101.86640606500708,-96.56429143476346,-103.45893724702476,-96.69731774661685,-102.8434995473676,-98.73115511386592,-103.23594232856321,-102.45981746072555,-101.69558314548635,-97.09353778147673,-100.66082485255663,-103.40033641776587,-101.20696286963346,-99.475373160967,-99.77377964623247,-102.20681040904023,-96.9671640868338,-103.9770241896017,-99.38112374134263,-104.84074932752884,-100.69300982507086,-100.45070316294901,-101.28322121858196,-99.58506096940908,-104.0690968297934
2025-11-02T00:39:20,AP_5_48,5,48,ZigBee,5238.297857364912,15.91060695666718,0.6147144411843088,-71.40161956673124,-93.68301908622703,-96.2287388973852,-98.08061967979415,-97.25069065977597,-94.84328951325884,-96.50034219545702,-101.31874632352653,-100.56747129223118,-97.28066536211311,-94.22417967534113,-98.69024106868376,-96.2231030168985,-97.03403426315971,-101.59714948684861,-99.26400888764817,-96.3824041290793,-99.44297489096478,-98.1784228028683,-96.13036521066114,-100.28157040193435,-99.88758869438051,-99.95496376183809,-103.3399046751183,-93.78202050320958,-101.84755511549109,-99.70084420767594,-99.80807123965262,-91.93551190606044,-92.24851775210601,-94.89570752631091,-101.51074622909273,-100.1051928627693,-101.84307419378443,-96.28792731340418,-96.70581632692861,-101.21884665670284,-100.68102723274191,-100.71108799260668,-100.89287387715163,-100.77549372462529,-97.8258310532545,-105.21797485422633,-98.10502021268034,-94.71581836891167,-94.34507123535386,-100.90876336511604,-103.3617149576561,-92.35564540339873,-102.88583797534844,-100.55116960816676,-98.07390907933036,-99.03096788197416,-100.66706684842472,-102.70292022741546,-99.09671908109884,-103.23272151269774,-96.74820518304188,-98.55541902749361,-92.5124882334636,-94.21572853222963,-97.73817966725179,-106.36731197005093,-99.07686625606331,-96.85174060044494
2025-11-02T00:39:30,AP_5_48,5,48,BLE,5245.182429039761,15.586700431766682,0.31047455345537645,-53.1743447235815,-94.69061997390337,-101.92294867809075,-95.6274211531552,-96.2471751684404,-93.58185834396966,-98.347791246702,-97.27253864096161,-96.89328937012066,-102.24098685215922,-100.18185950216737,-96.83136416985793,-94.10147865855973,-97.99664535198106,-104.26670267476614,-94.90709640454409,-93.57892604777449,-93.70081798320791,-103.82984698867936,-99.33448135214385,-94.03860854378391,-96.38349512340803,-98.80812962246519,-94.61560742939623,-99.71714137438381,-98.68733674593531,-90.88660229637533,-96.0179007063777,-96.08372745527116,-95.07512357918951,-94.43114255433203,-97.66112093066992,-93.47702055182461,-95.34332221691184,-94.63500748011042,-98.38328629194858,-94.82605009001561,-98.45047735593518,-94.27965279210889,-95.34286121110956,-95.70867926151699,-96.92074171501562,-98.67257308468879,-100.30950223696631,-96.07783935971634,-106.99825657513114,-101.39113488319286,-98.25561926016842,-97.23022789172737,-102.12069714832333,-96.96199781620524,-101.82913283039085,-95.8085692143442,-100.58576268194699,-97.53838991333318,-101.15839270608258,-99.88923670325134,-94.19365712833876,-104.84000836645839,-99.86161197526155,-99.95669115861656,-98.50747112036844,-95.30812886896067,-97.51293137433903,-103.47943387238078
2025-11-02T00:39:40,AP_5_48,5,48,wifi,5240.0,0.0,0.0,-107.21435543083953,-97.27401885017375,-94.91875929276655,-101.99737649352043,-101.28142533092874,-102.68838927281789,-100.79728639467974,-100.10440153161821,-99.66147264367179,-100.90066323166972,-99.05473898539931,-99.08186123590264,-99.53262266747907,-101.10342893124263,-102.72781114477876,-103.68683827200803,-97.34084949749624,-99.74473121422835,-101.58808068455498,-101.09520988699208,-98.64313337205228,-100.92339634184874,-97.92352400198787,-101.69796374392268,-98.7707533592827,-100.12522095122213,-103.35547253344164,-96.33785613716609,-101.63420720047858,-103.50300921197207,-101.8845673986448,-95.97745298269444,-97.41888437687498,-98.04511073439697,-96.66161486269695,-101.55117476771667,-102.94040127201455,-99.65973210937207,-97.34186138726916,-100.04143780811863,-95.25300631427358,-97.9853095415362,-100.50835386784489,-100.6685759843455,-102.87784044959885,-104.82713966574602,-100.29467817539715,-95.62456004932532,-99.7115720281243,-98.75277923867678,-94.7029866257284,-93.97933640378612,-95.90017554782582,-103.33820761200587,-102.53879867246204,-102.05483077454753,-100.13387511607493,-99.1773214080446,-105.41901236155365,-102.11170060836076,-102.1084903547832,-104.15416876417055,-101.22676250323987,-104.85091502988752,-104.0191310244987
2025-11-02T00:39:50,AP_5_48,5,48,FHSS,5246.398977072666,6.461245124502181,0.6215715363244285,-59.69303350320338,-97.60294493150477,-106.2327847261412,-100.4846345900601,-103.35459598789582,-101.61079039492108,-98.58825069419238,-97.11357809567858,-97.06214324076592,-104.2713619677655,-101.07367924782747,-96.80908005116787,-102.21769084801619,-96.10910681565117,-99.20364437087736,-99.7005325543901,-102.12872221619028,-99.46544445066951,-97.62697015473601,-103.36335184541865,-102.95228946941303,-90.2916197597776,-104.91498356222546,-95.21337147265344,-103.93386096092952,-101.67820198739432,-94.47909222928801,-100.67984721389509,-96.06881213345092,-99.7590063232646,-98.36575986090163,-106.70888726031028,-95.22124465874504,-98.65142611349083,-98.60331125971506,-91.16414235085,-98.88591550850207,-98.0233844029795,-100.92530340002854,-104.27428299562217,-98.28521345930477,-101.40161302767072,-97.4563527090783,-101.67682377243916,-101.62757167561165,-96.53377333343406,-98.67445671911003,-99.01475856721056,-96.05692620465234,-94.50533475137111,-102.28791907453979,-97.75979766444297,-96.41428450181249,-102.41315662774177,-98.49236582614779,-98.9798472801414,-97.58786163545129,-97.72542489561468,-94.31411381643585,-103.23836545205701,-103.18338855650401,-97.15605976120807,-97.41750550442296,-96.29873344190138,-106.0672008719874
2025-11-02T00:40:00,AP_5_48,5,48,Microwave,5245.43639388961,14.283582664133066,0.5272740127607812,-63.66843305815526,-102.81076119819375,-100.78454465839214,-98.83631320170393,-100.04824157941307,-94.72281187628678,-93.63836227137185,-97.29493872140053,-100.99343643661582,-100.78281793677546,-99.22955201727882,-97.59857187610348,-100.76094616395572,-95.01844638879884,-98.21946536311326,-100.64095059259365,-100.68838740701713,-99.90190784917267,-102.77567016384742,-99.98766542663245,-97.21829484658359,-87.33279862221445,-103.92130852017759,-100.30855612549159,-97.32810822554308,-95.9544308126219,-96.94398502086534,-94.14990388213847,-100.2012043710076,-98.20790585468947,-97.06881925804892,-102.56920333468645,-96.35223541279387,-95.91783743271084,-95.10072512187037,-95.22622536871772,-95.63813865630155,-103.47571390310065,-101.45699138016435,-98.76622575405786,-103.8337830951438,-100.70728291974179,-100.99533898227608,-96.22761985395167,-100.61405056392854,-98.32974874714331,-98.41232609455483,-103.7709189025261,-100.57997375220236,-98.65849271111273,-97.47261292978877,-94.95566125299125,-100.56374685106026,-101.8732954934672,-97.80265457336895,-98.74063671546016,-98.93425774456449,-95.29846389644894,-98.83850707835074,-103.57677047094778,-101.03670973942033,-102.84822607703282,-102.39527348703163,-97.7089695410494,-103.62671588654746
2025-11-02T00:40:10,AP_5_48,5,48,ZigBee,5222.077864305253,8.153618335319583,0.6424663028912716,-64.27166629554961,-103.9680235302601,-95.94824964633766,-104.31903511490232,-101.01964553152406,-97.82819074985474,-98.5219899914215,-107.58397049208122,-98.27304327179667,-105.93614727380542,-95.43300257621064,-98.06570430347794,-99.61837729872504,-106.54260445677328,-94.88760479826898,-98.59077628305937,-105.63430862582454,-96.0798284705147,-98.27998775312706,-93.33222699697976,-99.23238813958093,-97.3627233848934,-101.80369147588172,-100.54676098811652,-103.15844895358507,-100.4024370418551,-101.45435078469102,-104.75514732652735,-100.55835641220109,-94.9869863008075,-97.91292809606284,-97.75014902211662,-102.27504066853417,-101.76745217009773,-103.6479369370393,-101.29431063989772,-100.79644287623755,-95.94644365811726,-104.5548164799514,-93.67649095606495,-98.97769927137,-102.06271708746371,-102.74410976163698,-102.65677300078197,-99.31155019237364,-100.86131229785192,-100.28404912927321,-100.52940289929698,-100.25608485600917,-95.28876709160627,-97.36592960357,-100.14387000407945,-99.34849954637447,-103.8039584484533,-98.0847889241652,-102.54127000382425,-95.93187200620196,-100.0479690255965,-99.26263772850012,-98.46157475517505,-100.79220230646702,-96.78110888009952,-99.45592857436846,-103.35989849551096,-98.5561499497278
2025-11-02T00:40:20,AP_5_48,5,48,BLE,5258.640569473835,19.72128859516331,0.7032775907835649,-67.78592580135184,-99.23260950041863,-101.7555900479889,-103.22412690084413,-98.8377124251785,-100.53233589830042,-101.53302595753208,-93.18432611370497,-99.77771449622254,-95.71797862326048,-102.67402637763416,-103.69257479818823,-103.08386531560515,-101.35651921721852,-100.81542476179237,-101.98543641845191,-99.40160695913406,-98.59188047326919,-93.13319404188829,-100.93890307411408,-92.23251483553545,-102.0392512410576,-104.86244444702764,-94.62954951540107,-101.945248707076,-99.11314230359436,-96.98649691330614,-99.43110304905063,-101.8703081068775,-99.26253572882923,-99.4835125359207,-100.3777522228605,-104.9030989505714,-96.42959588909406,-97.82809522207299,-100.59547655959322,-104.54237737117664,-100.275066737668,-100.82068838701683,-103.3860526369842,-93.12467927084818,-99.5872499636255,-100.71444320559411,-100.87919594799168,-98.16310035758775,-99.12441478765167,-99.94083084855227,-103.86220770346762,-99.96114672056342,-101.00183391950833,-91.89802091941156,-100.98468892223164,-93.83514122148394,-98.55769767602713,-98.63460152622955,-100.36459926129132,-98.5385167261924,-98.38971156340607,-101.0177583720212,-100.92558705536469,-100.47654744878189,-100.13146647358234,-98.29950567739925,-102.24691088315808,-101.03878730614282
2025-11-02T00:40:30,AP_5_48,5,48,wifi,5240.0,0.0,0.0,-107.66195505217487,-99.55707412290543,-101.61735440337819,-99.3552474789507,-99.47553985724707,-105.796070621676,-102.07373513449494,-103.44234341988798,-100.9612870142975,-94.4981618785466,-98.8685695173911,-98.72412755693858,-100.48692650943833,-102.83687026433,-98.96639720755483,-103.06474667703819,-99.9857264748498,-103.62847700503818,-102.09508196110833,-104.50567450432122,-95.26520193922164,-102.34956134844896,-98.99726495169412,-103.35028566798447,-101.96472040892479,-96.71997947188187,-96.56399217530345,-94.41473872042977,-99.22216946318088,-100.18100737444031,-107.24229875395305,-99.678415436805,-102.33433877724536,-102.11219116316322,-105.73860065523026,-102.30841231204553,-103.90715171814824,-101.33411936457524,-99.5884495772668,-100.20268690215984,-103.3945327245585,-100.77087761469559,-101.1793743116522,-98.97281152271376,-99.4908050890076,-97.69465839335511,-97.01556206588002,-99.67403336265524,-96.94847760235261,-99.05318756855422,-100.67342712493017,-103.45933622111389,-103.64481299133766,-97.71769173448196,-100.05172115151598,-97.11525879920623,-93.32739614809702,-99.18641692110661,-102.35769961711053,-103.80107182821153,-100.5346135059706,-98.53362291456692,-97.73341002528352,-104.15826378595214,-102.76461951855387
2025-11-02T00:40:40,AP_5_48,5,48,FHSS,5224.898092662338,9.838625052094255,0.6907232340021383,-54.471665823622075,-100.07127553471784,-100.98028946909545,-97.01972917192458,-102.03396018732765,-98.94151814735693,-97.90358272362035,-99.95086909925756,-99.83365908754251,-99.73048289917288,-100.41024029208177,-94.98832917017631,-98.40747623100367,-99.36477796091714,-98.55886543344374,-100.5657924780997,-96.2963118792599,-95.76662787147193,-102.63310628189484,-96.89367828423258,-100.52158560256224,-99.77806265273585,-100.44920813950901,-105.77703871542288,-102.74973055856371,-101.90563849213453,-97.47537832518915,-100.72092440995708,-95.54111360440247,-102.51751945477848,-94.45027507789004,-101.24824960799619,-100.61756831255191,-98.61516767380239,-96.19510813937498,-100.12232047386873,-95.69328076707941,-96.94541826968727,-98.28937141709456,-101.13512275022109,-97.02403117157445,-96.03586335413794,-99.46638541780379,-95.03731786118279,-101.7733054174919,-100.60298935218869,-94.32644838643662,-98.27450065667217,-99.30151295841056,-94.26218992941364,-99.82210769514516,-104.01124025690538,-97.14004060194343,-97.08438240766294,-99.99338537949234,-100.63612053664762,-96.45224140844233,-98.08474852842959,-100.78273148995592,-95.14113353151791,-103.43584583986492,-100.42920785986338,-98.56452370882205,-96.8389187850427,-97.8874508641837
2025-11-02T00:40:50,AP_5_48,5,48,Microwave,5231.863433878788,11.525721132287497,0.7028962533407626,-71.5113230329567,-102.03190900252298,-92.67371323910606,-95.33121839884001,-103.9405967348984,-106.36064498017528,-103.31297863170148,-102.8742719974392,-104.16551450844855,-103.25193594440353,-101.96017379120889,-100.22410773943761,-101.63647276645695,-97.8553844860566,-98.69252818298897,-94.60678231683518,-98.10836528479045,-96.05441518106292,-97.56733201897251,-96.91777120168466,-99.58673725720134,-101.29378278955676,-98.09929765179788,-97.22928259375269,-96.49485821948645,-97.88362391031872,-103.049496570381,-106.43264042736398,-100.88847573288686,-93.72362068834724,-102.25968839285233,-104.19538313115308,-100.1378880092413,-99.12495761992358,-95.0865088304188,-102.8303315227887,-97.61717636960066,-98.12548412140482,-103.4038548345831,-105.09511783286398,-96.83513636824888,-96.79971454943254,-106.84453431000327,-99.59345539521544,-99.0742564116131,-97.80734762862612,-106.80950710697162,-98.3425588702406,-99.94738977429533,-97.7810383339379,-98.33246187936919,-93.0336824373882,-100.71803687547788,-99.32002156393452,-103.68896652939401,-97.96260175872487,-98.40657051188057,-98.3289474221708,-96.38825157103754,-104.60843587053793,-100.05091486902474,-103.32836311041396,-102.12292698941576,-98.36933503972863,-100.00911791387222
2025-11-02T00:41:00,AP_5_48,5,48,ZigBee,5254.6141422567725,12.318005481616373,0.4756405747913115,-60.65842929589247,-100.88208260582967,-103.87504288114191,-97.26249443712588,-99.16847342453863,-97.43267872035281,-104.82704538139923,-98.79146526569161,-94.86728298931016,-96.33851263519715,-93.8250259892319,-103.73349118207305,-96.59126056584785,-95.80470478471206,-97.02752626377485,-94.40499689342785,-97.85765278119966,-95.3717570712779,-95.20364326923242,-102.10710561752222,-101.6572660770454,-99.61828864209967,-96.92980795724866,-97.64018004666625,-99.86692651869265,-96.22244220678992,-100.11749700753653,-103.0225928287223,-104.2015764675076,-103.50593410312756,-96.78790868195952,-97.6479267315593,-100.26278196380447,-95.27627467587081,-96.42378726562356,-100.54530651620722,-99.73952003351044,-98.49920969143814,-99.62195418609157,-99.09497234023517,-99.50971489450099,-99.4519827572564,-100.3521692199669,-98.6418351851993,-97.65924829221763,-98.71776056277456,-100.52691657479245,-99.61266543461352,-98.45142442219779,-92.97940119509505,-102.28809465034375,-96.70272977341305,-101.4785073314491,-94.11128084285542,-93.13245788084778,-98.26142075461568,-99.58725918462633,-103.97176270284223,-97.63248035683303,-91.89651451803964,-98.13860315919472,-97.67012233970168,-99.64160888173895,-99.20756009770473,-97.08563671312726
2025-11-02T00:41:10,AP_5_48,5,48,BLE,5250.243982675991,7.614208051832968,0.2417841809605184,-62.43937910305994,-99.90605172859074,-97.59723228498736,-101.32032510237697,-104.6330427163393,-100.60033347053809,-101.52034958571085,-99.79178511934515,-99.68721661482193,-101.74422929440108,-97.8531862375442,-104.82481577427033,-93.44670638774707,-99.38195643685353,-104.15051283348612,-101.47425641158539,-99.25829872763035,-102.25391855731137,-102.2490223567729,-95.64429485081487,-102.78582912804818,-103.34984236527913,-102.66608075013485,-102.39626803731296,-98.77878791703576,-102.11723721850977,-99.01529296188814,-102.28550053014675,-100.02059629126832,-99.31248044870122,-101.26949311252268,-98.04850007883401,-98.63746027176097,-101.17838287548018,-98.53300315203339,-101.10372246219131,-98.70593378327439,-104.81203301161491,-99.73830073072618,-96.95538026100701,-99.98150290773967,-98.81948302534538,-101.39753690678005,-94.83881105787395,-96.84108283844787,-99.05344867991447,-97.30573500167814,-104.84615284380048,-102.2365989885279,-97.40655303055703,-99.42677682292295,-98.95425730120913,-97.0646500684253,-96.56528974303653,-93.48719627704476,-99.2674278027562,-98.82697664696931,-97.71104450657978,-100.85735097570793,-98.93655922550968,-101.93542432917808,-100.5128637460241,-97.5294362740854,-100.24331435484453,-94.20078405682746
2025-11-02T00:41:20,AP_5_48,5,48,wifi,5240.0,0.0,0.0,-108.23592363961953,-100.15495997564439,-106.1758801059805,-96.17665750024644,-104.24456353292729,-101.69665419206156,-103.9424838979177,-102.36962768398647,-104.08448473862032,-103.80312309538297,-104.00597022527768,-100.22245965363075,-96.16454415637074,-100.53052669561835,-102.36540875909186,-103.07028754822002,-100.87618341228584,-99.9020491931363,-101.18587555518039,-102.0342568050777,-103.10960819753973,-100.48249718756642,-99.91158289218858,-95.28143074300246,-98.32909610650306,-101.45052972493663,-100.83619185702182,-101.64137077538159,-99.54423721193417,-100.74691719629223,-102.0965742894873,-101.01711900030271,-101.09168964318621,-106.17746134112377,-101.61720365360335,-101.53599308746735,-101.20809578717501,-96.9981098275615,-99.45633126576084,-98.23069053245874,-102.00326138562913,-97.6431960805137,-100.63035335646633,-98.39148173338938,-101.19370208555978,-99.87572782760671,-98.72744324709817,-100.69183727632037,-104.11866325484327,-101.98137117906529,-103.57462724171353,-106.74596118147079,-105.89752094865382,-101.06575661312135,-100.93560987684648,-110.63447338402247,-95.39963177496782,-100.06232274519952,-96.01158648812483,-101.5687167341898,-99.72775586810535,-102.84040531615523,-96.61199159193418,-104.87209068952946,-98.78134229019913
2025-11-02T00:41:30,AP_5_48,5,48,FHSS,5253.371907963182,9.309873233080292,0.3891175288193264,-64.55476405170614,-103.50895308039739,-100.63493119385383,-103.25360643591755,-97.92147218265788,-99.53324343578576,-99.27475990201313,-101.545435721726,-107.34237025206144,-98.18359258224072,-102.47967321700283,-98.97306154539739,-99.92788301171915,-102.6924547874713,-100.85421167390629,-102.94091718953328,-102.28986937190724,-103.10633232414398,-102.87401619237544,-102.26377236451029,-99.45190274655397,-101.27562924106549,-99.94333017642387,-92.5784762115501,-104.97993951766642,-99.94253460567231,-101.78648944621563,-102.55584726394812,-95.31657872370971,-101.3877711219174,-102.72989667173216,-99.8456251148309,-102.23729610434837,-97.50840222561338,-99.9689862315746,-103.07129576629995,-103.32318416987496,-101.91461861722223,-110.52138240804359,-104.5354594895905,-110.16566207973908,-99.1460996754891,-100.15589205712367,-96.7843351102939,-103.47959647683865,-103.40256824419174,-100.01855951323532,-100.58279064583525,-102.4177260416016,-104.30723275552253,-104.25032204473624,-98.30361513306771,-101.65963534928952,-102.99284243500304,-101.04637759731237,-102.82867353601252,-102.04887116537215,-104.4133185589507,-99.37239503456476,-107.34633602673344,-99.08408985634583,-99.25701631750536,-99.1885449158982,-103.56741935194948,-97.89138989723553
2025-11-02T00:41:40,AP_5_48,5,48,Microwave,5227.430133730201,10.027581229608355,0.49000731344207754,-59.086896127432965,-93.91354123889147,-97.62677073407602,-92.2104546535202,-94.75309584621685,-98.69657916421339,-95.11363756206944,-98.11704889018176,-93.78896996559293,-96.63043510082734,-94.03037610884431,-98.20958208892385,-93.86387721682017,-99.07150454394836,-95.95513319531666,-92.44914834672078,-94.0126967631353,-95.08139080543936,-100.83406335964928,-95.34152214683677,-105.01189563934606,-99.72939574151137,-99.515171254856,-97.2189964407187,-96.83834540557162,-99.54040769486116,-102.56050792584927,-95.42203691317262,-92.64549625886991,-98.34007491467611,-96.10975590733548,-99.27090737254422,-94.54372214866348,-92.77092991530152,-97.39505153300347,-92.35103252289049,-97.21237092209311,-94.25690077925275,-99.52454952689132,-101.77944002317274,-99.60147375850168,-98.2027383262916,-97.93501655081477,-97.55982617920135,-95.6246693815041,-100.02158747823475,-95.14745146927324,-97.77544595326077,-97.85780227878253,-93.43770627056996,-96.48800504867587,-98.53851184326521,-101.10367389151534,-90.35313075463387,-100.77687512741046,-101.04452709378829,-95.90385855754516,-97.54560815454695,-97.06509326556355,-97.73931451999167,-96.77542048432642,-99.19153816594087,-96.77044635393293,-94.65717521022708,-95.01838916789141
2025-11-02T00:41:50,AP_5_48,5,48,ZigBee,5235.378126570461,10.468811640348246,0.2154388175217258,-51.625252713860505,-101.21868741729729,-102.02313745952927,-99.96875188967698,-95.880956977534,-95.37605288364892,-93.06637162690743,-100.28648389152056,-103.42347265364768,-96.97480788332162,-100.93676199487965,-99.01392726942125,-101.31174180483205,-99.54336367607664,-98.18954795154532,-104.35848244005211,-100.18488665223707,-95.90091810383092,-102.18726838275545,-98.75442806223565,-97.38315119424726,-101.3735563686765,-98.92934195396572,-96.8796928940991,-100.42527715074533,-97.49091407492247,-97.7351757158863,-99.50084936684138,-97.29728010328316,-100.73362901678173,-98.33703210376054,-99.67981345097087,-100.7285017246673,-100.42049496581478,-100.67902406760871,-97.93961755007555,-100.16026082255729,-97.67004723773256,-95.32668953566544,-98.95795054764643,-96.79767970668766,-97.00900487986848,-99.24699302238605,-100.29158431752185,-101.54941717018316,-99.81028909940846,-99.44136001729275,-98.99059600687193,-100.41349413976411,-93.46711964041083,-97.85325435255471,-99.42937767121677,-104.9259459205793,-93.85133532868147,-102.80231931805741,-98.6531594960189,-95.79665890758424,-100.03810455400716,-95.9507982680489,-98.04878584410778,-103.44549731370128,-98.32497258002616,-100.65544424380168,-99.65881700375019,-98.9452763949558
2025-11-02T00:42:00,AP_5_48,5,48,BLE,5232.931394920911,1.6993912623455707,0.3948853073035129,-71.95674480098614,-101.91069653850161,-96.98366616978326,-93.86304985815525,-103.75598654573425,-100.91290704321855,-100.70833903125332,-101.43097030487795,-100.86702613446995,-99.82522926608891,-96.24196907618469,-102.40120473018536,-101.89042536179255,-106.99830093813549,-98.44473116527124,-100.34183411789053,-98.95159280010591,-100.59377529150726,-97.29929362855557,-99.40679152387672,-96.45809164482735,-97.43967036593182,-96.74789227599254,-99.81381653257615,-91.990152016308,-98.25437225716067,-103.59132743197594,-103.69676127516307,-98.53950039152888,-95.11286897968473,-94.52857488870212,-103.58110480692166,-96.86206736321205,-102.36831572461207,-105.03177346767008,-101.12940302405951,-103.41983495039456,-102.85723588259253,-96.49805999952305,-100.01549303280618,-100.80168721917127,-95.23598791401903,-103.34631520290213,-102.120246087964,-96.7496712205436,-92.46191159795683,-97.40402241651283,-97.23989228375605,-100.18786573135179,-96.7679581864961,-97.57333443292028,-98.24906158887823,-103.32901914319645,-96.98487984505425,-102.8210179172478,-103.83864482834666,-98.39051771913516,-95.5355410467983,-99.17271622056218,-99.21480779304011,-99.47820312849862,-99.9496517390763,-103.05111722614986,-100.66871448730194,-98.53422679807029
2025-11-02T00:42:10,AP_5_48,5,48,wifi,5240.0,0.0,0.0,-106.80366313301458,-99.49183699505639,-99.9153115508402,-99.69589957447279,-104.36880052136591,-97.72269691687033,-96.8614731593866,-101.94448940552904,-95.08049814907083,-103.1814663582732,-101.2636911434693,-99.37341014745165,-98.69484095886655,-98.39518935947613,-102.82752665112623,-93.73306591983764,-98.80750807399998,-101.37045794174723,-103.0924006889765,-101.06378122329613,-104.43782851424609,-96.2694080235695,-102.68207127208929,-95.04127284066617,-101.99271190760227,-104.48324849666571,-101.85603027372962,-102.01652825801438,-104.19824209203263,-97.98167987206887,-104.25825856851901,-96.45314370700167,-99.79493125262383,-100.9530611830423,-102.78857542322548,-96.17376649453352,-99.30949618168613,-99.52370525964622,-103.09606332400914,-104.10786092362814,-99.16383566446204,-97.94852207157777,-96.66959775125197,-100.90795001092604,-97.40062662725626,-100.03350375642306,-96.06370892904233,-98.436158342388,-107.75547369691299,-100.59185317648559,-97.4796008521152,-100.9145898583262,-101.34414890336342,-93.74066374235692,-101.94316133018553,-100.30562719381057,-98.15430059534182,-103.43863680550609,-102.63037768260084,-99.53996180945106,-97.1326461341049,-101.17242940757787,-96.73047925681597,-98.55831407692953,-103.76812498075435
2025-11-02T00:42:20,AP_5_48,5,48,FHSS,5253.290410310128,1.1223419502572696,0.30848168241605334,-50.7588843661204,-100.38688402121257,-99.03543162319362,-100.7516913147009,-100.11692353186493,-100.88905608505918,-101.075754379371,-104.81499606047662,-99.60090361528263,-96.75523654337657,-101.01211544267642,-95.91890764690596,-98.81243776319154,-100.43518936330682,-101.92414352414558,-98.53441764643748,-96.23816063375605,-96.63652259280899,-98.33859798057026,-98.25387179057324,-98.78899905022236,-99.59538175586222,-99.65320677990312,-97.5436823632885,-102.47402419718384,-98.41811161040026,-99.57038462977756,-100.57733900645431,-100.40604945530694,-97.6831448260541,-98.71992845599537,-95.80174716643904,-98.11949860055822,-96.35384019951871,-101.50792719609008,-91.99475267659408,-98.0251047985837,-96.98377613111732,-98.26387015425281,-102.92937466920033,-97.15383667011355,-94.4773685881119,-98.48715902529034,-96.53103565130877,-101.48040979174546,-99.81320497211553,-96.15694426621512,-103.56279135476983,-102.48323299609444,-97.28019676627152,-99.80096421833927,-103.02057843771236,-105.67301139759863,-91.87650742476944,-103.96630907060194,-94.75995285236685,-98.25870481632789,-97.91603511274309,-96.81959833664637,-94.62726029979277,-100.35187104122735,-98.23098210206659,-99.83628050618995,-100.36337201386388,-99.81737910242808
2025-11-02T00:42:30,AP_5_48,5,48,Microwave,5257.056881979808,15.57289267466014,0.4436608526682799,-67.3206716102876,-100.11227868092865,-100.11914354112903,-95.00463569003573,-103.39877791503969,-104.1378418270109,-100.81720135738688,-98.476806445393,-103.68366205384866,-94.06321210523343,-98.87763561832502,-99.2857987298431,-97.01743446400154,-97.92434384414534,-93.85733240367806,-101.90987730735787,-94.4958409898927,-97.10376001728108,-98.03181644670862,-94.84539249383647,-97.73289541829357,-101.6111693445915,-100.43786094680082,-96.86087148913823,-102.8826143525529,-94.85317419029917,-95.9487097407987,-93.53824444673327,-96.74247899939967,-98.17679649837329,-93.63530524551972,-98.59163911757457,-103.00282093041022,-99.79467479004899,-97.76218020935416,-97.56023373363519,-96.54178719398664,-99.28592340385248,-99.83997165798998,-94.57708861492587,-100.77257403000723,-101.80996023687392,-98.85904504714405,-102.1088686760187,-97.89700108337763,-93.32394600952152,-95.69017857466243,-99.11175414099066,-98.52325709024537,-97.29462700785936,-97.71573490917835,-101.19402928369126,-100.44273776837484,-102.18729034619327,-91.88309533116833,-95.51950948148064,-98.14018411626866,-101.70097103206678,-98.90416370876069,-93.34258426883693,-101.72988281842342,-102.10189864054098,-92.5504841402556,-94.93847089451688,-94.54832248907049
2025-11-02T00:42:40,AP_5_48,5,48,ZigBee,5253.490574731913,19.138778469091136,0.23185296248136045,-70.86994400431993,-98.59203176795562,-95.85659498727189,-95.5325648425812,-94.28844736893824,-102.15737437551626,-99.30886331095756,-101.17534493511258,-93.77619432374858,-103.91011090951325,-103.4209568147548,-95.71837445671935,-95.17965240307028,-96.56896420500337,-99.05166649595877,-99.22011921512475,-95.39892634363183,-99.43020652747973,-97.30052379083288,-103.94624458911031,-96.43696216509633,-98.83862029956902,-93.26048573704053,-99.86957210447042,-95.20400670057855,-97.8071549431419,-101.00401766361145,-93.07863564258676,-94.32136575171334,-101.01480847093279,-95.34044150587577,-95.43983639421228,-100.1371109729424,-94.17310751602591,-95.57393506267105,-94.00112925023097,-95.15943756367352,-100.16330925303623,-102.1733362922603,-95.73069117809786,-92.20601371886724,-102.86894637662034,-95.16495567889493,-100.42593190077906,-96.12393276222603,-101.37574552640037,-105.30177890193332,-101.56190462342254,-95.94403506642593,-97.65895048680957,-95.50458799295039,-96.93701282037681,-97.34366172529627,-97.54089120826754,-98.0340012484828,-99.230157176357,-101.36982389786984,-100.84737279971311,-100.02563063263914,-100.2534942661623,-102.70424486986124,-100.86311719085279,-99.00763626784205,-96.7623997583721,-96.4636162948086
2025-11-02T00:42:50,AP_5_48,5,48,BLE,5240.838424999053,13.659311715299028,0.5038057113981,-59.436731797255504,-97.48604295105245,-97.16730457960765,-98.57648482205731,-97.95994474333676,-97.3091938912985,-95.00006823900635,-102.82512675246521,-93.17485523808385,-99.98510161776512,-96.08607393425429,-98.12167006593579,-107.12328610703997,-100.83683866923587,-98.53265156980943,-93.47495639832592,-93.13044236443383,-99.26949581537438,-99.92242141167182,-99.17939686943501,-96.66794126472922,-99.08561029131371,-101.24111439946061,-95.14470189298319,-97.83596362046727,-100.76177625759935,-101.7125971795012,-94.23814168794588,-100.29617333983468,-100.98687504567606,-101.26580402859354,-93.79725668324716,-97.12106467182963,-98.86054618847356,-95.368122380806,-99.70700037170135,-102.0720479088261,-96.66061503480447,-99.05890730706356,-99.03200655270591,-103.32085512704597,-107.0291684854726,-99.32282513421029,-100.71441359877551,-92.09836635957356,-96.80519840544395,-97.560504229718,-101.01235159333335,-97.02405667255788,-96.1611691117433,-99.3454197990906,-105.02087572248595,-95.05611680123715,-97.54976654415796,-103.23169817324157,-94.2248929438975,-94.88725159220049,-98.57731429888126,-96.76056105696497,-98.57774945623217,-98.06852178242377,-97.59581711803314,-102.88388374476631,-100.70684547462416,-96.36980798113044
2025-11-02T00:43:00,AP_5_48,5,48,wifi,5240.0,0.0,0.0,-105.51226578958826,-100.19670597299954,-96.56523609560888,-96.69469436456849,-98.77810693633708,-99.67488493841034,-97.18795209263102,-95.27631123359758,-96.46516422248186,-93.8503073131297,-97.51690163173504,-97.89124505988767,-102.77735519248338,-104.86712412249958,-105.95362878475277,-102.16786193287838,-97.65934349884641,-99.64177193911473,-102.67176243252678,-98.80182476124675,-97.99650461862578,-98.37742072717074,-100.11794289490176,-95.16102148520119,-97.58343215947059,-99.25412510071142,-95.99479673392551,-98.34992892062773,-94.96959580906974,-95.576239093087,-103.86170686373785,-102.16743868098517,-102.5037993077115,-97.48527112928095,-100.60142731324429,-104.4281322526771,-100.76764112863832,-97.63563754199214,-95.9818018089056,-100.4584943973723,-99.97726948798717,-99.06446303652498,-99.9224441164631,-98.18773753836675,-95.10695865553724,-100.09451825216009,-99.43291887847373,-101.42749323003099,-99.96137078837525,-103.21664522516045,-99.59739405391683,-97.63265086139411,-97.3595100123273,-98.67387982924134,-102.03389905169237,-100.73608769278867,-98.35482235183072,-99.03585913519618,-101.06482435363567,-97.45738098513877,-97.94924046708758,-99.05026272091848,-96.554393610707,-100.78970219673958,-97.1174869266047
2025-11-02T00:43:10,AP_5_48,5,48,FHSS,5233.143870040678,4.080839425977437,0.76752519137206,-64.2814346772928,-97.15981859001866,-99.8915096084817,-97.52608263701919,-95.9334566778769,-100.33602768181687,-99.79221514607521,-97.42094605185477,-104.16721281369777,-96.63513610830263,-102.69426178222788,-101.26590648519941,-101.5968077600934,-101.67555085084592,-99.22157332375313,-94.97585413930796,-93.48867375499573,-95.66593372772968,-95.07772335166308,-99.81856486762237,-92.43608345535307,-100.75811604630415,-100.46845170893226,-99.66702786352329,-100.76122923464963,-100.93360592067712,-93.8506498859149,-102.08410067114724,-96.36591745131419,-94.66324783069057,-99.41827440383942,-98.72430313298952,-97.78719680195353,-94.48990249585236,-99.4223900890352,-98.97909434285755,-101.27471495459537,-97.6593847014844,-103.57570131147465,-100.31162976812949,-97.48949169757542,-98.20907262494535,-98.15137009287614,-99.27303580539524,-92.77346223039149,-102.09702390475881,-92.65147741844811,-94.42691355860913,-100.01287366154122,-95.47770801607608,-97.26732641579258,-95.17211030975452,-103.17913234542146,-96.5854007399518,-99.86862485097731,-91.52757856005212,-102.85062694579051,-93.60478812469694,-98.86734636948555,-99.90358107907069,-98.78636370776891,-97.94843940473686,-102.34683292531986,-95.90574154014551,-96.18650193871967
2025-11-02T00:43:20,AP_5_48,5,48,Microwave,5225.376078507198,11.031036701875461,0.7076705872577378,-71.96896077498879,-94.14006657643048,-100.61293533116155,-94.83653471645529,-95.54551005730647,-99.26370745625954,-94.98312673340051,-100.13699476902885,-95.34422458447418,-100.47397186140753,-95.96273736162532,-91.12635418867589,-99.25522536755317,-100.08794425020788,-96.26781789536047,-102.0247752897214,-96.65586642055827,-101.29728790038176,-96.36603701284045,-100.5587394985707,-102.98670618028223,-98.26172625570982,-99.6084205044971,-96.62500654378542,-95.79159767778674,-97.55510016197398,-93.14706405394529,-105.33609699745539,-98.19953802235223,-100.0115322214476,-95.61289339873186,-96.39270008206498,-102.89760381880838,-98.52255600394167,-95.11150547007395,-93.36050509395758,-96.92894010832002,-96.74603237475249,-99.89615493780981,-98.14426974214942,-97.66305454743973,-98.5455710026038,-92.73774473744699,-97.0171278352291,-98.02061102978166,-99.07588707292452,-91.89189082696569,-95.23381601179489,-92.62157603394814,-97.11293655636504,-98.31126014126637,-97.62712414810971,-98.12665036439026,-99.6612977760657,-94.49142708103915,-94.32787015969926,-97.70019544200085,-97.7208822240999,-96.35082579591197,-100.73853386747697,-98.70942409097046,-101.9499366053297,-94.11652902155815,-99.53408704620516,-97.61939801927014
2025-11-02T00:43:30,AP_5_48,5,48,ZigBee,5235.343939142032,18.799928477655815,0.6934761361017174,-62.44813894638392,-104.79689210826113,-98.47223454724138,-99.78936487323294,-97.77377021425929,-102.6628143903637,-97.3649877175794,-97.65393574838471,-96.68088447566353,-102.76992701951055,-100.34794037778924,-100.12010698001032,-101.30730074969492,-105.23394479655822,-99.35631838894179,-102.29268615776722,-104.04302194576314,-103.37561921677488,-99.11511861417613,-105.36699590022512,-97.63019199532653,-101.96022344461292,-96.60858235019276,-93.96233204092765,-95.56662568838571,-97.1277719916615,-103.59035461895908,-97.25210694035952,-101.90574300501716,-99.19750759746594,-97.51931788163067,-98.84489464685358,-99.44467836456724,-92.08773802884622,-103.47744170044935,-98.74816840901943,-102.95146937280845,-97.95286306918946,-97.07949660029973,-100.24494398860519,-95.2850095860718,-101.88987402085803,-99.85672101102337,-102.04797239617686,-98.90521406706712,-96.28373285619908,-96.02801208871654,-96.66186096283356,-102.19602614574808,-102.75008421368234,-100.61734817973864,-99.48616483139071,-99.94857747338166,-102.42137851203412,-104.35432924678706,-101.58079196891312,-96.59879812650838,-99.51621915396322,-98.01275438694557,-102.31026246758314,-97.88546509301241,-101.38542250245968,-102.15128855155282,-96.83739005513618,-97.24633000757306
2025-11-02T00:43:40,AP_5_48,5,48,BLE,5256.442237155914,13.856488277979343,0.7776193759877421,-60.01440314764557,-99.73156423076414,-103.51180212374106,-95.09139142773687,-104.80196276273712,-100.36212087728396,-97.67407348557268,-98.11110305846711,-101.32409568192021,-103.25060844940117,-100.67068413905766,-95.34428658067509,-96.42632431061176,-96.53630101310074,-100.68635785850175,-104.24074120697536,-102.91580139793716,-105.11457194453422,-97.71448100727898,-94.84343923651794,-96.10570657073728,-99.92162991548415,-103.90513154725149,-101.55124861274214,-97.40886179748374,-103.3214883523914,-100.33869896208152,-98.4829508863981,-100.26398848513888,-109.27775493606694,-99.36015170111526,-97.58217230139643,-98.81595945541525,-99.24100525769308,-104.55112454687999,-101.11600085257139,-99.26124831413176,-100.65311869934249,-102.42638844775094,-99.98187494767916,-99.24349214553828,-102.20379989702946,-100.89847598321857,-99.79808935133877,-97.31280141799625,-96.07172440658847,-99.99699637938504,-103.02486463586135,-100.97384826897499,-98.48930504527648,-101.12690853201478,-99.40998994492237,-97.2828287042978,-100.35453639925103,-99.38228521487778,-99.13169361635094,-101.64902010284484,-105.312372151539,-103.48877566285216,-101.85480380865502,-97.89214324122788,-103.64607426763905,-96.06721402526841,-99.67871378605382,-100.93073976478942
2025-11-02T00:43:50,AP_5_48,5,48,wifi,5240.0,0.0,0.0,-104.8817968306643,-96.025380647222,-100.30290595396036,-102.67743071132288,-95.43808548701881,-93.23594685584104,-95.97741014973475,-96.65292056943467,-99.66238847531685,-98.32854172869554,-98.05161941369684,-94.95202062243264,-97.66665304617922,-98.21342886967601,-97.65955484364754,-101.21057579119966,-94.38040802960492,-97.81609346827958,-95.91432381054722,-97.68188923501963,-95.61812897058795,-96.67642248445664,-105.99472564155704,-98.95568393096686,-98.76928003025908,-92.56799847395604,-94.04744209205865,-99.35012648331532,-101.95149130651473,-100.40672775250695,-99.66162865868712,-99.13556274946824,-97.58005266378166,-104.29442703514214,-101.25327227315056,-97.86921312843081,-97.83468963279236,-99.31071956708878,-97.45639655109103,-100.4775903771053,-99.39628843163273,-101.92020446764734,-95.36818534690168,-92.76550114472556,-103.06669317216519,-95.48644926259041,-102.42019860420577,-100.97656669886712,-100.60510599483287,-97.56249254442794,-99.86005139294093,-95.29578230906851,-103.64261892338459,-95.34495059750557,-97.7834097172983,-98.51525446768225,-104.75662823754632,-99.36799578356064,-92.11476554026815,-97.3866774622264,-96.07901887597538,-97.24634857185727,-103.87305395869578,-98.85275063887147,-96.85110454320946
2025-11-02T00:44:00,AP_5_48,5,48,FHSS,5244.513125097386,1.7239265767942729,0.7283189749941867,-55.045952249868535,-98.3958150766271,-104.65502884525765,-101.74416371934329,-95.4454574282783,-96.73983990885198,-100.49593316617214,-98.02164699014276,-98.44536297332607,-100.48664726836112,-102.33150891583516,-97.10887570591196,-101.05389334956504,-97.29852293344628,-99.5631097113212,-100.28556770005983,-100.20296642653145,-102.37154627423426,-104.4400159843563,-103.65789344428384,-92.73387865370842,-97.68166546123572,-99.35717135424308,-102.18651681334077,-98.4844227958142,-97.21525309200103,-100.83873255670925,-96.12012192766284,-98.82508037470564,-100.79532256654392,-98.5230817650122,-100.49664850574234,-101.46330115865739,-92.82223793066291,-92.47931126338491,-99.22116299069924,-104.61594024798968,-99.56751576418797,-100.42484767747769,-95.3427730525932,-98.54003732365024,-101.49575889809398,-92.9982538100603,-101.55947123994565,-94.43345814544628,-98.0409053092069,-100.5299236588653,-98.88271926210744,-98.50341480584547,-96.62527882563475,-97.07272463206235,-92.92543173121841,-100.12318826585104,-94.12146862855315,-106.33893319163283,-100.48866749048909,-97.14797867087107,-99.97786531753356,-99.99387311332767,-95.70831039414507,-97.62026552267568,-99.12617751803595,-100.05500837194269,-105.24074523570557,-99.07737757771592
2025-11-02T00:44:10,AP_5_48,5,48,Microwave,5252.313430925614,11.40155057083255,0.7174771695235611,-62.01683450827347,-107.24181902830837,-96.72313882047033,-96.88423020576921,-96.42714229078199,-96.81676451429242,-101.82591821430583,-104.65605483841725,-96.04625159521768,-104.42978317185164,-98.03022807021055,-101.66157900335008,-97.94509078188146,-99.56327964698465,-98.32733592086726,-92.80139166622656,-96.45497160674638,-97.96026627330531,-98.36684654561968,-95.23197828945523,-101.17125631221221,-97.94367155405534,-100.22634792923537,-97.75941149164231,-97.98390692404679,-97.1354723676315,-95.3793630119716,-99.02450542811295,-99.0105329588303,-98.54243638529773,-98.61835032003916,-99.37098044302556,-92.98028826951875,-95.61640538621823,-98.75387348928498,-97.69641515613404,-96.92837824459738,-93.60051370138818,-100.49709030741339,-100.30250652305585,-94.27378200356183,-97.44072701222237,-98.0728781054016,-95.6017220116299,-100.83588871911236,-93.75417146813434,-95.70428647210822,-94.10834975843788,-96.60197640174223,-95.678626637334,-98.60138269986639,-100.12141177086588,-103.62375021667201,-98.21500061279143,-95.29097924341924,-89.61463673345126,-93.5269667054933,-97.54206065047163,-98.18091098433736,-97.59291261545846,-97.69728579316474,-94.09704908868397,-94.48819426868499,-91.93760937583106,-98.64126316027458
2025-11-02T00:44:20,AP_5_48,5,48,ZigBee,5223.265939650403,13.747186375914264,0.4807772300652598,-61.65128748672133,-100.56761960458655,-97.1891865311477,-98.28692517683005,-97.63664368268462,-101.18939218097988,-99.45448072070876,-99.31580064847417,-92.23604983357914,-99.80252392818323,-99.00028849973387,-102.26871079432375,-101.70314802341373,-97.30783732835943,-104.71070031816838,-99.99352341716315,-102.29635405579097,-98.8682497159032,-104.29598762032586,-97.05653647286123,-95.27266381308448,-102.68537286549612,-106.73936387057282,-99.64162677934287,-102.33799057203983,-99.68057903595272,-102.41662788817302,-99.69095485760839,-100.0864099107601,-98.01355571086383,-100.34801826310321,-100.15408930287936,-97.50948778863608,-99.59356974917496,-93.8796322448511,-97.68408657193798,-96.61574432439608,-96.46111287425474,-103.98721167936898,-103.99412391362341,-97.74327881375653,-104.78745291830519,-102.01382159353835,-100.04311492619128,-101.2392504355213,-100.08274356002815,-102.41523998336406,-104.20913536627641,-105.38938248737293,-100.18281523841259,-105.60306136861082,-95.36698425123036,-104.91978096038362,-98.78751941082355,-94.88781070081409,-98.46979511460775,-101.87238113626138,-97.25998649403363,-93.7627488595442,-94.73911847067913,-100.21437114585233,-104.56474234827847,-103.65730819735664,-103.81716890054291,-105.49248054252602
2025-11-02T00:44:30,AP_5_48,5,48,BLE,5254.656336411569,7.242766681006527,0.5545204323072177,-58.44165295055084,-98.70923691477974,-98.26353569266539,-95.57454933237179,-99.46461220649824,-98.46339870608024,-100.44933674556158,-103.55002405336988,-95.44656531387226,-97.97206577741106,-94.22376326862236,-98.23423772575605,-100.23692376938283,-100.4253380538682,-98.68101410435615,-102.22996261198634,-99.50669512990575,-96.22028938239247,-101.60540108216634,-93.26190850289322,-103.21813452074737,-100.29743871105096,-100.80756712300303,-101.30477782688511,-97.39668131335765,-100.0363058654639,-93.91016956936274,-97.47381816485782,-99.35654662262532,-99.0758129021124,-93.05696682040939,-97.85473483136451,-97.27038582994078,-97.51822344263263,-95.05766837258373,-95.74711008011444,-93.33241079132506,-98.13930156356194,-99.57993455436238,-100.75619640277435,-102.3674872511376,-97.56317987926712,-98.45550427229061,-96.50366014083659,-93.75003201791553,-98.04474807852306,-99.21745120557564,-96.01933039670196,-99.53179837063638,-94.08718794561021,-95.17367929630876,-93.88256897524126,-99.50326126303337,-98.5556989575281,-96.89536056416051,-100.65805730277323,-101.4894706385784,-97.09794264312947,-100.71916166991161,-94.72669808801665,-100.3341110057041,-100.59062301431095,-102.13134305968693,-96.40451231663211,-103.38149991871572
2025-11-02T00:44:40,AP_5_48,5,48,wifi,5240.0,0.0,0.0,-105.93314360398605,-95.92716041272806,-102.52618969484075,-97.38414495896421,-99.27169335990607,-100.19864499540233,-100.30117279284319,-98.92689597667149,-97.77888786630913,-99.72294205116734,-96.78404786156077,-99.34990118058195,-98.53082562751453,-101.3812814386453,-103.29577738823394,-99.44502568191277,-96.70247106940224,-93.52594304309072,-94.81456628949024,-105.70015443424442,-101.0993233310174,-102.75222863030397,-104.99305038259611,-97.87960078940269,-102.16591828768756,-93.08661395565875,-98.9770250184487,-95.56907199651246,-101.8068704487262,-98.4119044579316,-100.91582879348066,-100.29964016892056,-96.85989671930717,-98.06275045540048,-99.7166464844218,-100.82261529679536,-104.03898005814287,-97.15251800165173,-96.88566489568838,-99.06288496648,-99.23830093195764,-96.63324809842952,-94.3312133261262,-95.23418977158984,-98.06623063993042,-97.56912850404116,-102.41772253448782,-101.36703525381954,-105.34288593859388,-99.23659864154435,-97.27296554177157,-95.4986606397806,-95.35743386269968,-98.80923786193539,-102.13517995051785,-98.04589454684108,-99.64270334084748,-102.55802956600581,-101.86901035692382,-95.40301787664745,-104.10607375839018,-98.52288245456369,-100.0014062866763,-102.58876073861516,-101.66746612628677
2025-11-02T00:44:50,AP_5_48,5,48,FHSS,5236.117853866982,2.005935288225334,0.36182690961755165,-51.59744741491942,-98.98840732969012,-106.40784351187821,-101.83873781614112,-98.08083143875,-102.27049983429701,-101.4343072668493,-104.52893766404067,-101.87780402167282,-104.86731751387887,-98.62599174365154,-96.55877144749313,-102.09798829980124,-95.11821463044879,-102.06151557333445,-99.82267752591453,-94.35820307589643,-100.00176441005394,-102.8667616770085,-100.90806054984766,-106.45056966531688,-96.95157823044407,-105.3649616700423,-101.62302221401127,-101.23786126421851,-102.35334165338286,-95.91131179351821,-101.51130819432207,-97.92001365852057,-98.08647057443952,-104.42460737011241,-99.61044174363022,-100.11492107314209,-99.88022990154424,-98.77078323076404,-103.5991832594299,-100.98253063135303,-105.87412498640035,-101.7307943254595,-103.97975398563301,-101.99456933136334,-98.89543392338649,-97.3741298157811,-102.32407367647674,-102.86972522341905,-96.74703804220472,-102.9156888473552,-105.15413239941756,-104.09176888163205,-97.54061346981638,-100.01610137644768,-103.47893499213956,-103.43571055500513,-100.53133907610548,-98.56251628626191,-99.84684645525826,-96.36983710216613,-99.19946899531581,-101.16555496980591,-98.5284637640335,-93.57821993365033,-101.28343483024533,-100.67737048817906,-104.17940461831795,-100.41186885622217
2025-11-02T00:45:00,AP_5_48,5,48,Microwave,5230.053195941736,11.834114294824708,0.2640274714855859,-66.23556578853673,-100.83105815476387,-100.77329108063182,-98.251842071514,-94.43498393142174,-94.93171306043742,-98.55258579880606,-98.63177655716659,-102.1145287694417,-98.19562836065131,-102.35154076879594,-102.26696149149228,-103.28766488862522,-95.25807302735761,-99.91399336152915,-97.69519195707029,-94.0233990430057,-101.67495453853174,-94.66948487741298,-101.37380335826552,-98.27831644118444,-102.0458651857818,-98.6807546890608,-98.87146142394931,-100.5621535752079,-99.8441372306961,-97.86007009972407,-97.55665302033321,-97.65148983266083,-100.2024151118841,-102.3820850384329,-97.26001064255576,-102.84127340759147,-99.97548149574438,-99.5502617447128,-97.37995839047981,-99.64241756506016,-98.66784708709771,-94.37405724585592,-97.32046013573135,-100.48621560061119,-98.99126689338347,-100.65556145126178,-96.83172864265993,-97.74588688116415,-99.35047903283225,-97.9695555792185,-99.36106489730977,-97.42638446778939,-98.75302326920095,-100.68331559989414,-98.31463785821643,-96.24822449001755,-96.83763740141332,-96.61785683719168,-96.53224141123573,-102.49549284581572,-98.20914484823116,-98.70339514267351,-101.65866345423632,-98.49665573498807,-99.21967612497694,-103.65675439667208,-103.5290524730868,-100.55392911790456
2025-11-02T00:45:10,AP_5_48,5,48,ZigBee,5253.486622305649,17.394600723268308,0.42883361050286944,-59.32304042801287,-101.6999081986382,-101.83429604672259,-99.51431887916011,-97.63202689265755,-101.28091351907095,-100.66739011761184,-97.06483979685129,-98.4108361601795,-99.83414797653353,-97.71967545087551,-101.36465706337593,-101.57815925627929,-100.35071415805315,-100.18921354593837,-103.69823365089835,-99.77052785693265,-104.66298500379209,-105.92205142731734,-100.60588529479341,-98.29539407834233,-98.06206394193347,-96.21492338324882,-94.8028653322322,-95.71092569201237,-96.48297971665089,-91.60298309515017,-101.20495846237576,-98.63184105162037,-99.4330435445909,-96.71251113323677,-97.5720863469254,-97.29836403095261,-100.04643817314509,-98.80995570281196,-98.57218911978433,-102.04504582120379,-101.23032122786408,-103.95567535849972,-96.79445055246238,-100.41130834650738,-101.98048919800296,-100.71855700522741,-101.21384053184487,-99.38169895654198,-100.24872683755984,-97.58402666965132,-99.3171459280105,-103.39732684036747,-100.20975186957695,-98.01295091445948,-98.61651861916754,-94.72390269837433,-110.13624748026747,-106.12751822924129,-97.56079529503049,-101.03877529855359,-99.56990429444538,-101.19585414983415,-101.37992273016123,-98.41948356695106,-97.0028590215634,-99.55262207204686,-95.36394263975126,-101.12416711904028
2025-11-02T00:45:20,AP_5_48,5,48,BLE,5238.077880239212,8.680703074820705,0.7078393455417891,-67.71516023193807,-99.26222833754034,-102.77334887938677,-93.60846199460931,-97.50717516737842,-100.94886453677603,-105.22821469799908,-98.16170454299375,-99.54257879131306,-96.66957547531376,-95.87511589286167,-98.05725604571066,-102.11149670121489,-101.6864295189631,-96.24404000321185,-98.90506346218301,-96.76397967264437,-96.04062988816536,-103.13494904489767,-97.28852086168541,-100.78826964043876,-101.09862869829496,-94.37813163620973,-99.8013564186958,-97.28533420516673,-105.21928096292265,-98.80563064730883,-105.06025490860249,-99.45031771406533,-101.11989148852086,-101.72565971890732,-98.78152308217985,-100.24624172405699,-102.23570586713828,-102.19604505084243,-99.14980089429466,-97.73838121091268,-96.97864926490497,-102.32458186088004,-100.90854412505912,-99.65881017411189,-99.92886946288114,-96.79268546225985,-100.22191426983315,-98.6408150218691,-104.94155388119188,-102.47775334558982,-99.84689992691595,-95.45792992233444,-98.32377984524483,-101.50248206894739,-96.04575296459251,-97.37691027700177,-102.27139350387067,-104.45451049857277,-100.38880805671455,-93.15097323492049,-97.13926704856252,-106.97939620417615,-99.16122975587585,-98.29342468782718,-95.82622940856044,-94.78832434359488,-102.21585687237965,-96.74552807237038
2025-11-02T00:45:30,AP_5_48,5,48,wifi,5240.0,0.0,0.0,-106.04634306276665,-98.51754232766628,-106.2320976908622,-96.92038996349874,-102.39184722048904,-104.61011736743244,-98.7360654181167,-100.26452396699578,-100.81916982848018,-96.29523769700845,-99.44228100598448,-93.56106859525596,-91.02575870598307,-96.13600582782227,-100.99591912231845,-94.31868502480897,-96.79344186697139,-93.13918478683979,-103.64861796151958,-91.7796884014881,-100.85373314306675,-93.35545210662944,-99.17086349840059,-94.72223462865583,-97.3658825421303,-102.8667631159677,-98.2548920960247,-95.94605747505676,-96.53876471794082,-94.47286530347914,-98.10898269331787,-99.831202657386,-94.9559057620431,-99.84814752331529,-99.34931221134107,-105.01197856021702,-103.6211952215519,-94.94784833894752,-98.59393253632481,-102.58081414471958,-91.67553835497421,-97.35571351960915,-102.6758596838788,-100.65255728466366,-100.8759472274834,-100.33848587485721,-96.22578006374725,-98.2260746492186,-98.77749713089034,-98.28973983410796,-98.66541258455734,-99.92051676173783,-100.7629603695006,-97.85207270690437,-97.14676012106477,-97.71730386928542,-93.03430907543267,-97.64727004218499,-99.53724786933306,-101.94650829937821,-99.04496462072261,-98.64711446971525,-97.78855755353901,-100.41103703836305,-93.12316398954484
2025-11-02T00:45:40,AP_5_48,5,48,FHSS,5246.938987773314,17.084855704479814,0.7613672099891877,-68.85579723813764,-98.89063838318421,-104.53763987669095,-102.15425748539474,-95.48596050972988,-100.09754759222844,-103.86734586251488,-103.70345090008594,-95.75775799987244,-102.31680178073296,-101.59164603072459,-96.73803562438307,-100.77328720999077,-98.99889596004962,-101.54307508630734,-97.99339736672694,-101.5664612145269,-100.47500955127332,-100.9804178212493,-96.61408518041208,-100.09536290440677,-103.00905116674774,-103.42862796001846,-100.74257754149956,-98.9597508941943,-102.44985648604022,-100.81878005995209,-93.94652948493393,-98.18260724602438,-100.2469323565721,-102.32701867042925,-100.90012061646698,-103.52128683548686,-100.85503281294031,-102.75513398907533,-99.1758723792577,-99.03774097241245,-104.29758028136614,-96.03977200613033,-98.28279237741808,-96.86148890118241,-107.26690865477032,-103.07520677629077,-96.3638510065448,-98.40260223421242,-101.15922600625566,-100.71737515602797,-100.80837555652913,-95.69198490637497,-100.64685123545655,-106.33136845811293,-102.6868878756166,-101.85726781991718,-103.00433380453828,-101.936952918744,-97.96000505402473,-99.97119495947373,-102.65044554648341,-100.49626361645898,-98.33731115750054,-104.73769512359016,-97.29629059046133,-96.58028681640022,-100.11205841181295,-109.37809621637598
2025-11-02T00:45:50,AP_5_48,5,48,Microwave,5229.474804626094,13.317151514130428,0.2792214526717963,-56.55822156364136,-99.65331560297332,-96.59712538429652,-96.94725167674652,-96.91031430962794,-104.35661164157685,-100.25730622579752,-97.48563275008465,-99.76693625783261,-97.05459583520278,-98.9575658452113,-99.79964380837157,-97.71475650361877,-96.03502615359409,-101.5510165992641,-95.07404025551233,-94.627115650898,-94.8556602344909,-96.9378800589267,-94.84608444735372,-102.10721256292341,-98.95573127394704,-102.10033696297408,-98.88376960994074,-104.2044345932394,-96.53652492060117,-96.80756250937402,-100.8473095557308,-94.26642581146852,-100.06879014580237,-101.04340037878806,-100.72439843029632,-95.03881170905936,-96.46288793227964,-96.24077475836162,-94.83580348254031,-98.75797665304103,-97.66939589695818,-91.68550074886441,-98.62330949024764,-100.15342674369066,-98.66169791911366,-94.99432301430666,-98.14884127576283,-95.98075213427268,-102.13432796899559,-96.93911965468195,-97.084295242916,-99.17313574142145,-100.12441788545104,-100.58003868239796,-98.54484193345311,-92.93705927606814,-97.7716870345319,-93.84120137504053,-102.67518953530116,-97.19282686201049,-95.95838167643272,-103.05440551864244,-99.56043846929069,-96.92425029957406,-103.09139763444672,-95.80964388044414,-104.35300550971903,-99.03808684653278
2025-11-02T00:46:00,AP_5_48,5,48,ZigBee,5253.923164618042,3.5598187242635895,0.22187510927222556,-66.1830480422753,-98.46305893689171,-96.66612457550121,-95.70567260586452,-98.58105465925725,-101.91516857505614,-97.73871674148658,-98.91630333789087,-99.83035877992583,-96.10522555599077,-101.94537408536605,-103.11069727973927,-101.82537780946267,-97.33336047053628,-100.3451425435737,-98.01480630659826,-99.39973222739165,-94.52334949118524,-101.48412636277851,-101.3553254286704,-93.65107809874786,-101.35791288544499,-98.10813428503201,-101.07007138242172,-97.22860340794224,-98.31197177083972,-100.44540463421052,-101.67425889273976,-100.79960579994398,-96.1016762436319,-100.69694771106404,-104.3294577797024,-101.62369277857776,-99.41112172688035,-96.3801298923762,-99.18966006538258,-101.00795334741834,-95.4761433907693,-100.47536801184106,-101.18749469798409,-102.82978804477342,-98.70855037209935,-96.28776105069281,-94.78351914109706,-96.75688602429541,-101.48962764277181,-103.51337333008661,-99.34296733669154,-102.16211345688946,-100.2690979260637,-99.86410404211854,-99.99123522435487,-98.85575035075269,-100.89346965595719,-102.47496935388887,-96.53241728939048,-99.73791837499711,-102.18701319320532,-103.38567476829503,-100.53957150027423,-97.55794940489632,-101.72191409449877,-100.1858130691735,-98.14086115123332,-95.67502676410552
2025-11-02T00:46:10,AP_5_48,5,48,BLE,5228.153591189344,5.992531567814291,0.7002527263196165,-63.94019587448013,-99.54274544462693,-97.67443475303558,-99.71313745993119,-93.03623001701793,-100.07170605085402,-99.43122537459932,-91.6212609336108,-98.69887289486714,-95.10162556679524,-91.85941276253943,-94.2298586444545,-98.13991516169497,-98.55444173888407,-97.91974399672942,-102.55312622608686,-103.91723830916146,-98.81254282346575,-99.19872445210189,-97.7896713435943,-96.1421913527054,-94.78128934729853,-99.76610753776421,-97.48443873151575,-100.60438826144053,-93.41959676063249,-91.02699948454269,-98.96059606826701,-96.17581837554414,-95.32931794183762,-103.45424458532914,-96.37286569814188,-94.44724154440428,-91.14510308453495,-96.8032586112584,-101.17943098802319,-95.42753661106673,-101.52233611549616,-98.12583359845559,-99.61038404557593,-95.02824063537852,-99.42947607510851,-97.4454699554849,-101.51225787531942,-99.20174557561337,-100.365183865873,-94.75346634015922,-96.5558713348676,-94.92978202854538,-94.41183556399011,-96.90088281354168,-91.77705556726401,-97.31819738765185,-100.05633594023263,-96.15056772286194,-99.23977030654791,-98.08796856680772,-99.4036004906032,-100.8584410062713,-96.73664699659398,-99.44967896859272,-99.49967383853952,-96.98928071191668,-94.8187587307557,-102.16658946629971
2025-11-02T00:46:20,AP_5_48,5,48,wifi,5240.0,0.0,0.0,-106.38423241860421,-97.1361262811462,-101.64673132852981,-97.87163233348596,-100.72813453010575,-96.88375470414992,-102.81609576966025,-96.21578789781611,-100.29900348847612,-97.14761964148407,-98.29351170012787,-101.2406840144226,-102.65311893123786,-106.30729206102988,-100.9069890541303,-101.61710601494958,-101.89483595395902,-94.61496318940942,-96.83583164937653,-96.9518262796833,-102.87845532035129,-96.72323511405932,-95.94986993901257,-97.93642832206525,-99.5703734671838,-97.36956071977956,-102.3950725153212,-102.2746434931869,-100.62970417794779,-100.36655257952823,-100.42557562552314,-97.98284916544793,-100.82630109291482,-96.58900924021032,-102.61308936786723,-103.42251254945626,-97.37970288459559,-96.43967906161706,-99.90688358613721,-97.4258683847196,-98.502376848499,-97.38743573471822,-101.90870239636578,-100.78657919024504,-93.93484837761024,-103.54062794640632,-100.50899271175864,-102.10269942531627,-94.99685264991054,-99.5242996234554,-100.17005217189858,-103.0303449209401,-99.11268482472941,-100.00455170263858,-98.07449939408946,-101.59060022735692,-102.90738074762781,-99.47988992123581,-105.02323880068637,-99.19232800610317,-102.42746866244491,-107.48624622034285,-101.32114383855175,-100.51206723612972,-98.48279261792186
2025-11-02T00:46:30,AP_5_48,5,48,FHSS,5224.170152734619,2.2276796648717974,0.6400904742117342,-67.57417271967122,-101.57933767097593,-96.67905516359276,-104.78097420156085,-102.3779373320395,-99.01101589466799,-100.07626422979314,-101.80300424151213,-99.15243737578871,-100.88140635208788,-100.23097581987375,-107.62288309081842,-101.22235891088005,-100.16798999771648,-104.55631219630769,-94.01543197878296,-101.76895651639724,-103.78699798276566,-102.52249847515628,-102.14491651936056,-102.84093430736667,-98.85340610494231,-102.33041991608913,-97.2526687484594,-100.32096474875611,-102.20363525543289,-97.68821862976735,-99.27397379916296,-101.95405847071885,-105.46030967177434,-102.40670263063257,-98.72317827442612,-101.40835662691667,-98.92070473525494,-100.02841278872732,-101.77886651591731,-103.40897517215713,-101.77776651473627,-100.79007332374525,-99.45037590637419,-97.73040011853949,-105.82242887453214,-104.22538017036148,-98.37952834220691,-100.44955163849504,-94.3065267058744,-101.18322991416196,-98.40696849782339,-94.90828060629056,-97.95137248652006,-100.06259581050624,-95.14948075003035,-107.80877759196802,-101.12175951673315,-101.7527697305292,-103.76435347458113,-99.31099361308989,-100.68323038149644,-100.38794215630972,-101.79795571466684,-103.7476002482874,-98.2652028869809,-98.61263745270428,-98.22722915313916,-102.44476212301043
2025-11-02T00:46:40,AP_5_48,5,48,Microwave,5250.899163190641,15.643779658183965,0.4039019219774626,-63.5530432727289,-101.64069552272768,-94.07465459128194,-101.9412837469608,-98.34868950404389,-102.40972802626546,-98.40798266417129,-101.84359644115045,-98.43096985325563,-105.1984746625311,-97.788482230394,-103.64438388359957,-95.71499109431092,-104.86165438314828,-98.41462777392391,-104.48352495513139,-99.11829880431722,-97.9532160714104,-97.72250416476442,-96.34923491222574,-101.65934656319665,-104.59520671601418,-98.28407594747897,-107.31503827406931,-95.70251381650826,-97.81754851921421,-103.40899503701458,-103.34947488920128,-104.11334872552779,-101.05252344456106,-107.34807350460014,-95.59309443335411,-101.10931426109975,-102.69516414840064,-99.10072914201756,-96.74855172611274,-103.44158972950699,-99.02194245909246,-99.80108728145427,-96.60087242555515,-97.82633788856856,-102.98883273273258,-101.38031698113981,-101.82198093723618,-101.74290812441748,-98.13517398574675,-96.4678602516306,-97.19470320324817,-97.11030497542741,-99.8700389699528,-104.5221869956336,-97.47617089678839,-101.47694148210756,-98.96992131559684,-97.66481970872886,-99.87000797558952,-97.88568239358231,-100.96407390025111,-97.39254435928218,-95.23614883919518,-102.24275494902088,-100.57985339031434,-97.24133315377259,-104.56414166760122,-102.98242592686698
2025-11-02T00:46:50,AP_5_48,5,48,ZigBee,5258.64342455173,10.409937915167612,0.6625167866118322,-59.8167057660188,-98.10191776477144,-101.66502502507001,-105.01529638533924,-104.47402535705075,-99.28268351289965,-103.85935892079247,-100.02964350896475,-102.76336569181349,-98.51365039613162,-100.4944069528082,-102.08827482061008,-98.40636014097113,-99.64153609279161,-99.99502199637233,-103.42067028920707,-102.38706136521526,-102.10319468666823,-99.47166013054006,-100.11488838965285,-101.60432767459055,-104.82333832782807,-102.97131995342198,-97.68045285763517,-107.68163979623006,-107.22239960171174,-100.11044186721992,-101.13425880599104,-104.59373819343288,-103.19196231894635,-105.02179225951554,-102.89591181211861,-101.98342112687351,-96.53155854565806,-102.3630614365911,-99.44705108723795,-101.58332194086927,-101.12442979337186,-103.74950552586054,-103.75226202910098,-99.72763650757851,-105.38727358675345,-103.39287549678309,-97.60455530254154,-104.30538710096134,-98.83396434180084,-102.078244735725,-98.06136296803659,-101.12625901351488,-101.76134342927774,-102.79398042287507,-103.3144603518718,-97.24358622295748,-102.0283194243975,-96.1812713336528,-103.39024685408728,-98.17514376744153,-94.01674113145374,-102.89999900923182,-100.5193965177882,-97.63821915697619,-101.51389999722632,-100.87803768975031,-103.69871385661052,-100.11545890630279
2025-11-02T00:47:00,AP_5_48,5,48,BLE,5250.731495743762,5.770685148330544,0.23108535933026164,-61.06134329153017,-100.18995984136652,-99.19023731162477,-95.78568666190097,-98.23990130316939,-98.62646467981428,-97.7648514185889,-95.50806255918258,-97.88305503646512,-99.9882682404881,-96.14135436771464,-94.68714949636224,-99.01938364086531,-102.07376226224142,-95.77044552662743,-94.20244869070608,-95.30576016522296,-99.32452390577896,-97.5714718615712,-96.57525365334776,-97.84377160297913,-97.10968383574763,-96.19760663749508,-97.00796410287384,-95.10356660853651,-93.6772080003443,-102.70981457948295,-90.43460759965625,-98.30743055043371,-91.71404770902222,-93.76634232103146,-92.81067489688684,-99.3370512703401,-94.2806028366601,-92.9044710241652,-99.27356784432898,-100.80601531357867,-96.35574103790712,-99.30173342156915,-100.14443179913623,-100.76798095465197,-91.43406618163924,-98.21924405228505,-100.13813047452493,-100.3357784711853,-92.78376646456695,-94.29703875929525,-98.08889447719223,-98.70308836223431,-99.43912845449387,-94.31440103541453,-97.40281691970655,-99.69127307179582,-99.58067565698747,-97.14819489032078,-94.72067402556449,-92.35381368818547,-94.70022520546065,-95.51881835709031,-92.3113981519359,-95.87479916871817,-97.70972547957535,-95.65458163736643,-106.24535923832903,-95.06478567842873
2025-11-02T00:47:10,AP_5_48,5,48,wifi,5240.0,0.0,0.0,-105.40931133920452,-100.59845774542369,-95.50576382257042,-98.61449548329333,-98.58002512612559,-97.09961714304289,-102.80703230575716,-101.36017415827206,-93.71801873783629,-94.01654504211213,-97.24800188380615,-100.47531866162564,-96.05093518278414,-98.9251305422319,-93.9034061100425,-98.81809462995052,-98.97365909654992,-97.55760277417707,-98.34289181218784,-101.99048908363571,-103.12302267317615,-98.92264492358831,-98.74502375956163,-96.9687868525277,-100.602793210211,-96.89255919879602,-99.64355898732653,-95.2403036419984,-99.38074601520074,-101.58770269896294,-104.2598813739727,-101.70105000276972,-92.44885392112127,-97.04098505046743,-100.94919457025503,-94.3216021846323,-96.51651180049835,-102.13721061550395,-100.4291895890231,-98.68715889682092,-95.81231957296981,-102.67354230187625,-96.45509512996341,-101.22698565457301,-94.8049891553966,-98.97490285916363,-99.89513933247109,-99.96953472988,-95.07171403331462,-102.52550018868054,-97.1901753162661,-92.71672755500488,-94.97075890497158,-100.33584422416138,-96.82747088674047,-100.58094272294916,-103.11663740456842,-95.55743949621463,-97.57710035387177,-97.43108859785734,-98.59350530704299,-99.3020702152062,-94.68920382837635,-93.76996524197585,-100.94370841755834
2025-11-02T00:47:20,AP_5_48,5,48,FHSS,5253.078778221306,12.321265734731625,0.30454977283532375,-67.22431655823091,-99.9682906438008,-103.98032508608851,-97.45579415909407,-105.79988319698617,-97.69907063086723,-97.63458340478643,-97.71902126899093,-101.09151283823101,-98.78352588964955,-99.83166619195066,-104.4462623639472,-96.37164928635616,-100.14970579153402,-102.8222843130601,-99.86534280418311,-99.06848674588042,-97.75330153826378,-98.47746755638934,-103.8078756771052,-102.58488263520037,-106.79717087979836,-101.77743319898356,-102.7737284741462,-104.03113423589636,-98.45181255554624,-98.77213479214791,-98.2288883210076,-95.12554269453727,-100.2733344879096,-98.09770688085723,-98.3663323342357,-101.78306183883342,-104.86735481643072,-99.82439760099948,-95.38304460599419,-104.13959283645582,-102.38636334441982,-99.58297062344197,-102.35379057598668,-103.76757747152368,-95.22730940185006,-100.9763234398567,-98.95490750282467,-94.90703024565076,-102.37902573580577,-105.0783992049154,-100.93388327611538,-98.01163680982094,-101.87404974786168,-100.63925986471257,-97.60524379461631,-99.75386295215534,-96.7126774154255,-98.43744637659934,-98.18316298735893,-96.41707482201419,-96.29238569985013,-102.13220193285537,-98.53723860592756,-106.14962728116613,-99.97404008704969,-101.08764030453065,-91.26717054866296,-101.64548215306681
2025-11-02T00:47:30,AP_5_48,5,48,Microwave,5244.533162629324,2.4613488423680576,0.6943287525562446,-64.41351504483542,-101.28633556237395,-99.22341285107323,-101.73244733543424,-99.06229601172639,-103.69696631461689,-97.10489686131626,-94.24245218896245,-98.84286390659254,-99.76160007675252,-95.9299415642891,-98.33264466302127,-97.97927589936772,-97.61774822428366,-99.67657848258843,-95.40599660711065,-97.89705966307162,-97.61826244734084,-98.75079758024935,-101.0209926228085,-98.45701465409088,-97.99000707468535,-98.28572313264849,-103.28639477285492,-98.22971548472451,-97.89127770173906,-101.05144322901296,-96.53218693101313,-95.68634038318766,-94.62362486277125,-96.16753008684634,-101.14954451080908,-100.26972564118276,-100.63596858290504,-99.94444169390968,-100.15032520438461,-96.01470237741336,-100.6485754959914,-101.00517264822211,-99.84039614577303,-106.292154064573,-104.66868810995155,-101.02584235454482,-98.82805517033579,-98.37291752084079,-97.41659465176741,-98.42916200611546,-97.20331619826487,-105.95335772543051,-102.21648100847445,-100.4297689674576,-99.20575223879798,-95.47312375487863,-97.7226834979924,-93.31534342055612,-99.83368431900965,-97.01502256047037,-99.93891779619032,-98.97955183172407,-96.82985221453781,-98.51981754645497,-99.71841087725471,-97.51073685117919,-98.38604713041791,-98.98107723405174
2025-11-02T00:47:40,AP_5_48,5,48,ZigBee,5254.835522198528,19.20237288580301,0.7185448846081133,-63.633620099299804,-105.55338776071386,-96.79115669134191,-97.6128518742723,-98.36631812621852,-98.68331854360758,-99.09361744121156,-101.71586276898168,-103.94223311423393,-102.87945494937057,-109.53469420268668,-107.11571750410344,-99.97428243515054,-97.40722932798629,-104.95845676026383,-104.920237814952,-100.9593825562138,-102.89363832112326,-101.82778928432818,-103.38314719983813,-99.71418512446876,-105.67120828704839,-99.50511296170095,-98.23532110439395,-101.36881111944622,-107.78653681916477,-99.2971283424527,-100.86930914566398,-102.28416283864885,-98.93246692390585,-102.22143437140993,-100.00945319850004,-103.38353484343885,-102.12567192148076,-97.94279817506262,-104.25074979169534,-102.44835364826238,-103.28783702292012,-100.25704726734484,-103.66308729743564,-102.6841486009061,-103.17323024689006,-102.45204263877643,-102.13838299551122,-101.67905253666717,-101.85809717359382,-103.07792708120519,-102.92897085154787,-106.18825843036173,-104.04536775911615,-99.75771149268903,-102.56557823465425,-105.43523739744002,-105.0877368131697,-100.24995947347716,-104.53714160464007,-101.53296326487374,-105.81226174653347,-100.32850624091134,-107.02457223851395,-99.10166238618568,-101.10797454799773,-101.21005115051345,-102.87715737160255,-102.17383742464536
2025-11-02T00:47:50,AP_5_48,5,48,BLE,5243.7693550954,4.786254747321168,0.6275631307125327,-60.0863432707408,-102.09137568637179,-100.29432771114783,-101.56542590537428,-100.75840412142546,-99.23705278807465,-99.35698817184837,-99.08187653076067,-98.87720745904595,-101.59964442755131,-98.1656729873902,-100.48317727641268,-108.11859325813185,-100.96572895039863,-101.67252571899944,-96.4887405470484,-102.3873036853497,-104.51218042170076,-100.12196190496739,-98.42963646405735,-98.40960459354264,-102.78482080682173,-100.68057370755521,-101.81021124123997,-101.85130814311992,-101.18761895022209,-97.47031770357262,-96.92112322829529,-99.76062271105948,-97.19921555382231,-103.35132792879223,-98.24143367330181,-98.58034946787761,-102.05702061897253,-94.34458014967609,-101.9757032467992,-99.08396398445436,-102.25000377471429,-106.34705079988959,-100.07664718792127,-100.60481735247869,-98.76970739787038,-98.76232683208069,-101.35147618757645,-98.86573460805008,-108.05597279242122,-99.81828344569769,-91.84970848697824,-99.84273157158162,-100.09982018222699,-97.08401775155295,-94.07617447396238,-92.92621609500641,-104.9318822012575,-102.55072893568303,-102.3551815814268,-96.76001999825844,-99.08201668123726,-99.33518260101044,-100.25636616667585,-94.82828523311544,-101.83440506575448,-99.8995593180821,-106.42566581886594,-101.15530252244682
2025-11-02T00:48:00,AP_5_48,5,48,wifi,5240.0,0.0,0.0,-104.17407594647717,-98.6015941711406,-94.08760357885224,-91.84657701575989,-100.75843949522259,-97.56880130666276,-95.423299476934,-99.2106783627639,-93.53938943826903,-94.8735899280266,-96.0403280818711,-103.61904665221276,-99.81165905435928,-101.82380110645832,-102.74918624883622,-90.10015705499896,-95.56211941731007,-95.67342765201319,-94.1733151058366,-100.74896816577385,-96.82751831991013,-100.34147873318744,-94.81623969670046,-98.54745836355026,-94.0538081296661,-100.57245841657743,-99.42818811688856,-94.36185511147616,-95.87732767949687,-96.02281797349205,-93.96450010449053,-89.53550561302043,-101.12716038700722,-96.50940783548504,-94.8350431219956,-98.11224395421415,-106.12396379137279,-96.60113050625912,-96.0382424569222,-97.38932159263034,-97.73759126302413,-99.9640626462744,-89.11005898918806,-99.96138767285193,-94.58972088793416,-100.35015817266763,-98.61000853602302,-93.36510644071326,-93.16994237735564,-94.77959075660624,-100.73034932100556,-100.3805897121279,-99.59769444794081,-95.7689538541355,-92.026232721589,-100.65163589679453,-98.3962547570673,-101.00839874484507,-99.74319172194106,-98.33544528110333,-98.94882366045309,-98.0076718885326,-92.62091027648978,-97.65742132528902,-100.31095799316073
2025-11-02T00:48:10,AP_5_48,5,48,FHSS,5234.8938209013395,7.196248743202334,0.42571286026289223,-55.225371419649555,-94.90976599622378,-98.2417928089878,-98.11865916055552,-98.4935805540595,-89.44629334864413,-105.73452662704163,-97.66123922730605,-101.1225490238819,-99.20084104027596,-93.3947240550622,-98.87331347114986,-102.5971946207634,-98.79732944526174,-98.79276070773024,-101.78456254163311,-96.01105699312262,-101.16880810686227,-106.73986943473751,-92.48234199354927,-90.08986070951933,-101.27175312767203,-98.14118824788288,-99.38332191007146,-99.79159399798944,-95.58599299063809,-98.54094785909467,-95.85740350886282,-94.70654470911593,-91.24958409833489,-94.5438530768292,-99.2350838564863,-97.88713874019952,-95.70822800518927,-100.7513731554054,-101.90996031570599,-103.74174168482439,-98.09145487911417,-94.80863216508634,-97.9306663754087,-99.65316128186727,-97.26960699348565,-94.46640317038113,-98.13179262173323,-102.6087982149473,-101.07744093968806,-104.8628764982825,-96.4839730064718,-100.35394950726419,-98.43239727630818,-99.63851142338653,-97.63951143908034,-106.75040848120119,-96.13483722815455,-100.11890213511165,-94.89334438860458,-101.42785400567905,-98.98486607445798,-97.07668416072723,-99.91554575592174,-96.68472140643401,-96.61253773707818,-96.83532376539763,-91.84357420077612,-102.03209045121486
2025-11-02T00:48:20,AP_5_48,5,48,Microwave,5224.472475121563,11.662066836015306,0.41018014496113797,-51.955807920500426,-99.81511661574125,-100.8144411860498,-99.29073679828502,-97.94350051134413,-98.05392656051687,-95.184422159401,-102.27782587010805,-99.88595645487094,-99.1228519185913,-94.79267759049027,-92.55483763394764,-95.16849082681469,-93.68963771460297,-102.44391723153431,-94.78373779038603,-101.9876255990083,-98.22551003822845,-102.75698360649231,-99.99473861043529,-102.10326844024429,-97.36844709247812,-101.84409571749894,-99.99296677846442,-100.46386751898805,-97.44928167748657,-96.86372345068138,-98.46850980064792,-99.00034719704394,-95.40070069833314,-102.06285704361626,-97.4544174982617,-95.46182072153397,-98.6799070864697,-93.98559013836874,-95.90994633655811,-97.76188232275152,-94.7473515604897,-95.99565340989261,-98.87293937196189,-97.40097770143954,-95.42251384496525,-96.5629019863159,-95.46209499258259,-100.88736850525763,-101.90925458916306,-98.68528326086653,-96.26149407163213,-99.29790007821839,-99.81220880348685,-103.88012344462905,-96.67150757078166,-95.81147714805151,-96.79888427166726,-93.15805774474926,-94.60485975971122,-100.96111497936678,-101.66468511417578,-100.87926194511819,-102.82511552900382,-96.1276200683873,-97.54568814929658,-102.08498407186647,-101.56764476972536,-100.47179710522606
2025-11-02T00:48:30,AP_5_48,5,48,ZigBee,5222.384059854877,11.58237309367282,0.22016709510371174,-67.39857250608581,-93.1677956362487,-93.42992029147415,-97.16244992673009,-98.5794089686849,-98.42096382183601,-97.91356972250172,-96.60085639654969,-96.58305145991308,-96.89900575005568,-103.42234343564067,-94.32612479000929,-101.33450305395212,-101.95987697111757,-95.91338962348043,-97.68835771020312,-100.23540218088405,-89.3216451500539,-97.23154674862,-94.92947079485587,-100.91290435403813,-103.30598473304003,-96.1573025095897,-93.0355821338268,-98.2219215603718,-95.51807910000032,-95.9612690773782,-101.5355009840083,-95.80253368911133,-90.83351641427878,-96.66879268836537,-93.49914966437353,-97.03724350688526,-100.01658020142989,-93.26776613591998,-94.7836100605155,-94.65512512702924,-101.73768964888669,-97.5626834954753,-94.23066692799456,-93.71924380652285,-99.42366899624678,-95.89593785094321,-92.91630772779102,-99.70422717892203,-98.2573386333955,-97.64642863652703,-100.99672806124231,-90.67899177959688,-97.54921907822155,-99.93383583049594,-97.29367558231971,-95.47238955535877,-98.27657091175662,-98.01093015864622,-100.20807029576497,-94.1480740415759,-95.36115861434773,-98.58752130772532,-100.65147465961576,-94.71555228126859,-96.3592240218863,-100.44296528971023,-95.84651927795065,-93.96155730346894
2025-11-02T00:48:40,AP_5_48,5,48,BLE,5252.957002913754,14.366257494188075,0.5260441064899335,-53.56695929298325,-98.83469338982945,-101.97143015803405,-99.28150573557616,-100.58976371062245,-102.59061570697664,-98.65042672511943,-104.61047406691955,-101.52122303094492,-102.3013871666838,-101.55711789974816,-100.76012569966451,-100.76325256541293,-99.25778038642423,-99.14581756411542,-100.15130865817991,-96.99379350557727,-102.63424457377633,-101.22006633728995,-99.52263413772553,-102.2172626155463,-100.64504974355849,-97.66047774205872,-95.32178784232677,-99.65642900940858,-99.83915705359406,-98.07300923031492,-102.19760668646622,-100.75764426051072,-104.00339936940298,-105.37187293049246,-106.05767587338967,-105.35672594005646,-108.79497908063792,-98.86394884756278,-98.38649437736582,-98.14193284109689,-100.19887285775688,-96.99959170265133,-100.2180792048483,-102.9443155484647,-94.19599250791343,-96.43219822712375,-103.4699298994227,-104.39247829674615,-103.43907685147865,-102.38974041712684,-100.00160925987647,-100.18411301403899,-102.14533418851437,-103.1463069189592,-103.22416098352095,-101.09615091717474,-100.21227994036148,-98.8498197086277,-101.67712719669917,-97.34246943592402,-102.95031626601705,-105.2725916414939,-101.2847579537487,-101.86734380206491,-106.22351482672899,-105.06416136986091,-103.04763193790879,-107.03458316954631
2025-11-02T00:48:50,AP_5_48,5,48,wifi,5240.0,0.0,0.0,-107.6694403876541,-104.22436241585858,-99.80659823795192,-100.46584300344456,-100.20183242565933,-105.09484456373056,-101.65787678520788,-96.97511425461457,-102.20254999392662,-102.36674439892533,-103.00094686390413,-96.72150574775492,-105.61867320416353,-98.32185372402796,-99.33009533907288,-100.49647914540243,-98.32085433609954,-106.27577541344186,-96.2692669821382,-96.29039266569222,-104.51261237808326,-103.77090831240524,-95.39295696495921,-102.46923873252501,-102.0159185584567,-105.06961125125947,-100.97706855234253,-95.51074694242038,-102.66956419560773,-100.93703610791619,-97.48666695961788,-99.41132000363253,-102.20827923172074,-103.89272061381698,-99.349551563163,-100.86522551444482,-110.38662560774277,-102.48738816606001,-102.38574984110963,-97.04802224768102,-99.16806335315081,-101.852897461613,-103.15480533292825,-98.28272547256763,-96.51371907535275,-96.36771914735243,-100.76560061102663,-97.13354091063731,-97.42406609044731,-102.5638040509713,-103.88278077283567,-100.09881374414205,-101.35629479189065,-99.19335147944075,-102.44376040349061,-97.47442086870245,-99.55576423392046,-102.1240813116597,-103.52987685968064,-99.08079738261,-99.2337486193705,-104.53176714007833,-105.74181844453287,-99.87195799917833,-102.12626375569083
2025-11-02T00:49:00,AP_5_48,5,48,FHSS,5220.742960958392,7.468496612399341,0.3893862223919501,-53.09745022742621,-95.18444048954734,-97.85237702761408,-103.02778632857923,-96.02256132220643,-99.70986161973198,-102.07700450965072,-105.74087351529421,-98.14936092947138,-101.28559242134146,-104.9698441254066,-100.66090888944488,-98.34982000697451,-101.0229230197268,-102.85725607583214,-103.38520632692887,-101.4003856189077,-104.29779086283962,-105.57641646106784,-95.75224867004513,-97.95976503707912,-96.47409281034905,-106.31146711407689,-91.32028955891332,-100.04197966442683,-104.02795393843414,-104.84086636839056,-102.88222503423486,-97.38401017065344,-92.72341124143487,-103.0017769120114,-97.0160125788746,-93.76839147741107,-100.94817780224545,-103.86444050087637,-101.45786057520063,-102.38068014308708,-102.05254385853947,-100.68934160955641,-104.24733650139426,-102.58693518817701,-102.21085495075562,-103.46880081537023,-95.3165836901252,-105.20470977611744,-98.89952634077332,-98.98662073963406,-102.60456679681901,-98.9416964860803,-99.89680354104053,-96.34142467800382,-101.48938156732925,-96.17432887954837,-101.47895821829026,-101.98307078844398,-101.83366846916203,-95.74950419983479,-99.70544942460039,-95.92087528394244,-102.4301867912532,-94.04050255736398,-95.76037358382314,-104.33741563728184,-98.11182363242997,-98.02976490293388
2025-11-02T00:49:10,AP_5_48,5,48,Microwave,5223.624939714298,8.126577972437877,0.5670389889127785,-54.70955551393173,-95.09165986253781,-97.51573222368674,-95.320375741263,-93.44145890106154,-99.69956678860451,-101.64171045610449,-96.99388735699932,-101.60108149466954,-97.28076288593915,-103.86353925954464,-93.46789671333126,-105.53637846269532,-99.50199094943517,-102.40698505089307,-95.01445869607056,-96.60695956189038,-103.23422776247568,-93.157170652593,-95.53065414658282,-98.2281279270611,-102.16346720705889,-100.22589621237842,-99.80807022875689,-98.023807351694,-103.65843009937278,-95.78791590784914,-96.86554019431955,-98.64190875633776,-101.28559548653409,-94.66341352811546,-103.66377918252518,-94.2677914779464,-97.32329787502071,-97.10840233689386,-97.47094427308039,-99.69227688599743,-102.47574697970452,-97.26813050352665,-98.89427658508228,-98.75497479259585,-95.08466875790792,-98.96424778440107,-96.29966768457784,-98.93860034534569,-97.71627210287035,-99.54892121211769,-97.55577225027461,-99.82935602400434,-94.89471705254292,-97.52068630740843,-94.14951706488444,-99.71063804198754,-99.25338190577058,-99.28009138239538,-97.27577184224843,-100.91856266298207,-98.60768343973429,-94.98421581666383,-98.91717701392642,-99.7732766097321,-97.80040510708112,-103.03848106883031,-95.26262742926973,-96.71497040438118
2025-11-02T00:49:20,AP_5_48,5,48,ZigBee,5238.527732394429,3.1061083516480013,0.44940757149986654,-63.69375230035361,-99.16506680583771,-98.45311647946237,-98.01018951571616,-103.40794627277451,-95.00468030964628,-99.74013686242364,-100.37504058758148,-95.4392185809736,-98.56025990075983,-96.18714517373884,-101.1264035690723,-96.9505162906742,-99.19853346646981,-98.13118905332513,-100.23842331584746,-100.48504276799548,-100.38342436548707,-101.09938989085018,-98.23660027997182,-103.11510457332919,-99.77112189897167,-101.68353624102748,-99.63387085351691,-103.54585239388169,-99.41837426734057,-94.68878858877048,-99.31150747229789,-97.89154846885519,-100.48121061683582,-96.50332457551758,-100.74094665777166,-94.79414191822728,-96.14250828950567,-102.12602890467201,-97.32875656413215,-101.18193216507322,-97.656905517755,-102.45016790568495,-102.31944531280112,-99.76575081670175,-101.09767254145754,-94.20730160076278,-97.92466019003277,-97.73659914618551,-96.67757970194685,-100.97327981079262,-100.77965626117475,-97.05408871705387,-98.18123692314792,-98.38810366283741,-98.76945727320857,-104.28228735583212,-98.81881771402732,-97.53395601145623,-97.00189343264651,-102.37350589698578,-102.71491835092647,-95.35978236418289,-95.37993502351921,-96.65112808734912,-100.34254460850876,-99.96051249691318,-92.13885792665073,-101.85039611407049
2025-11-02T00:49:30,AP_5_48,5,48,BLE,5238.772053520272,2.0541772861640384,0.7922156705185226,-65.18362608817223,-98.20437446992015,-97.23033480625074,-105.28998898433585,-100.55042987551975,-99.00255072999973,-96.29107676067827,-96.3460077355496,-99.4471547113053,-100.98416023170601,-100.5687415398202,-97.56093860159118,-99.83824572897186,-98.92293471588351,-98.22242405055074,-99.87169931143221,-98.74282222446513,-96.48108354603411,-103.563341514765,-98.2171438163523,-94.05044634466158,-101.54733218425032,-103.13225148423437,-99.47043545821529,-98.49090852161181,-105.82785416442671,-100.341255726749,-105.61344841079203,-103.07701752417513,-93.0026134389628,-94.32967791260657,-101.00981197882874,-95.55970327342534,-91.26837441313515,-97.10133707087908,-100.89336408339771,-98.53397033181066,-97.70391898230463,-98.20395567984343,-98.32315535295183,-96.76524062014319,-102.47852167310711,-103.39062281702132,-100.82731701385197,-102.32850026220919,-99.05469947253935,-96.049588956344,-99.30465769477641,-100.50323123460515,-100.80897047198611,-99.43286159714653,-95.74181964838215,-101.38504491348257,-97.14816412925992,-95.47997646899853,-95.30884619422707,-105.59418242616621,-97.74167855198759,-98.25725380169881,-98.21692878283223,-102.88712075559778,-95.50897541025923,-101.56836518610736,-98.48248345136543,-96.41398451074491
2025-11-02T00:49:40,AP_5_48,5,48,wifi,5240.0,0.0,0.0,-106.67123614280949,-97.53739350908405,-101.83987427688251,-98.256087564568,-101.11967531791859,-102.31991421354742,-102.23071239974773,-101.81364318963027,-99.72307584867666,-103.34475176175856,-101.464713011568,-97.10825135701342,-101.15297274870481,-103.11334626092768,-92.4984262880563,-99.55997274803563,-97.62465266141065,-99.04331396162253,-98.52104004642284,-95.94039292952577,-98.60444103571753,-99.1520066700901,-95.15183134556725,-99.06915335620305,-99.36318335190659,-105.1215855539609,-101.24325838172399,-101.85109673931998,-100.0247252633957,-98.74679596791017,-102.35655196501938,-98.08336842277653,-106.86509126199809,-98.96441046339781,-97.48768229497462,-97.97282547848361,-99.70374708446336,-99.0872285274516,-96.94973226558868,-100.86406635786096,-103.36285249650201,-98.70254402369125,-100.57096946862396,-100.0619171543788,-95.50241186137858,-96.84479973258621,-98.01568868874479,-101.83111138346554,-101.49363967710686,-102.92223854950863,-99.08520571327762,-94.63681259029491,-99.94715265222818,-99.2758718741455,-100.11354712426414,-104.48084525618755,-96.39883597576622,-100.39007732862203,-97.28384733036478,-97.74345406328415,-97.11950302751418,-98.1693992472806,-102.16159690573356,-95.82630368949182,-103.46009902779733
2025-11-02T00:49:50,AP_5_48,5,48,FHSS,5238.436990497554,14.989692796973166,0.39164492869465206,-54.43256703808065,-98.72076358851521,-94.52961318811259,-96.52161006533956,-94.0315408028925,-93.85371831823262,-99.43630613634018,-91.2725616401662,-97.28168916708202,-91.60283431515157,-94.63799323135753,-93.45644048946271,-98.9789807919038,-94.78972183844834,-93.0396694823539,-90.88172290260277,-99.74919511823421,-95.78232127218715,-86.6208849455023,-98.4069020032194,-93.44045039401121,-97.64374717242914,-99.42213772439611,-100.53758927052378,-100.66501809781825,-96.64961803569514,-92.19087540926463,-98.61950636104291,-95.37577080688813,-90.80123252082171,-99.21779012248633,-98.05592466302721,-89.01161886434954,-95.00697177900389,-95.63162421206545,-90.18196239383398,-99.22673621351667,-93.89785301832234,-92.00552355458167,-95.45332979554877,-100.39651933011862,-96.626386838502,-91.4467109762728,-93.74639108342303,-94.19083123918433,-96.90125395711979,-102.34896516132865,-97.47158217780976,-101.62076877008943,-94.84774889123695,-93.8222628868771,-97.44148738668919,-95.46340761481245,-97.21312606978394,-99.22579626761718,-93.9474078613577,-95.63176861276693,-95.69602064512685,-95.17296214719053,-96.62597061427168,-95.89026456296995,-98.13309562180056,-96.46966651176339,-92.7395134224323,-98.93879332398508
2025-11-02T00:50:00,AP_5_48,5,48,Microwave,5257.752820685374,13.859278398509135,0.4807606230671958,-71.47738817400312,-97.76332666952474,-93.60155307743403,-97.15609284065486,-93.18058617668251,-103.07419720925306,-106.36637870935037,-95.4139561127615,-102.95252747511708,-102.47471809735733,-100.3550263969703,-102.74872596103376,-100.02490667930385,-97.80402208010999,-96.75563954590126,-92.2949851410565,-98.09502356305148,-95.42093439791851,-94.40463378111059,-99.29184213936449,-98.21572379323732,-97.11435719902741,-97.83933001781972,-96.43063766781614,-95.26167278373042,-97.39718426946017,-92.26856349673078,-100.8704433757396,-100.60651448579588,-97.13417770695604,-94.93832578535273,-96.5521205733262,-100.28021425284594,-96.7301881815337,-94.86027600751305,-93.91664267824108,-94.99267152285606,-100.87609378421789,-97.01963088733777,-99.85188105413592,-94.67417352905653,-98.18549476504829,-89.9643673328326,-94.44931894131207,-98.42876083025989,-96.73618484336357,-99.00408928676966,-101.50984902006331,-101.7320024297841,-98.13493151576071,-95.33627275354996,-106.17849329419829,-101.11403475433133,-98.50137066887555,-99.66217811202107,-96.15161537600478,-98.31232884837081,-94.07623287280111,-91.12410594232207,-94.79421616812677,-97.17266450185652,-99.7027619259894,-92.24665432158413,-97.93381004359118,-97.25409097856345
2025-11-02T00:50:10,AP_5_48,5,48,ZigBee,5242.213482817218,18.930047724992633,0.7846385348610818,-65.53489024000167,-99.23334004804711,-101.4173339525223,-97.74091468833912,-99.62094308868328,-94.03472383097754,-97.42888116154145,-95.37902889179688,-100.55456184862813,-95.23774168478008,-98.05198869590227,-95.78154785113253,-97.2021179761652,-97.81408118177121,-103.59128969430415,-103.42383271214459,-98.80500584225527,-100.77274958687445,-97.20145478986376,-103.34104146190204,-98.39880848615914,-97.52413675365665,-101.5035042817038,-102.07632271846367,-97.58818085703403,-99.53909251823568,-96.1465107271149,-104.31657451570432,-100.52359969536934,-102.2294558616794,-109.02258393669322,-95.58600580658913,-100.12807634194371,-100.63508171979967,-95.45201778121036,-101.74301110935806,-104.33072530076602,-97.02349214890279,-96.41047802726334,-103.65944110354671,-96.4399331384141,-104.3019537398066,-102.09528185860871,-98.3871573893705,-103.42572341782244,-100.30868415098647,-98.17625058633065,-98.19972593534133,-95.80992977233073,-96.54348936601451,-101.34659115666943,-105.52489326208362,-98.56468719906132,-101.51284687347547,-94.72296998216953,-99.26135183177094,-98.13193782682725,-98.64269172850314,-94.67121639071358,-99.97716586487017,-93.60310855160343,-97.32559264951816,-103.59269141847523,-103.41135592434652,-100.5971599072594
2025-11-02T00:50:20,AP_5_48,5,48,BLE,5236.876790706465,17.015151695858037,0.4004656461572613,-62.68611349252925,-105.58549213136186,-99.19066102991636,-102.40238543710525,-99.40019538072826,-100.19949536139272,-101.12517855483644,-98.7791107087426,-99.53276502086786,-105.915415619815,-102.34682981599998,-98.41676598980766,-101.9576562185768,-99.07122137925715,-101.19093338196518,-98.77744384833944,-94.80874167678007,-95.10307173274887,-101.95530675335034,-101.50047188428753,-99.62418477299785,-103.4076412962671,-105.54450027231047,-101.64093599635837,-97.8441036771537,-104.6053190824979,-99.91008352093748,-100.64356364080827,-98.57300303658546,-100.04319708663996,-93.69991460486709,-98.82835356180756,-98.0022946660167,-105.49152559859354,-105.98408162275646,-98.39267327678988,-94.53358959732643,-108.19621743646027,-104.02840753838622,-107.28915071142016,-95.28401865083462,-102.89522793795777,-104.15636058208396,-103.3144140572846,-101.18008198413715,-97.0809074294925,-94.92450118063913,-102.85272768179541,-98.25392754260974,-99.09869571793715,-102.82762483082664,-101.78883145159188,-102.140046475265,-94.68489313951984,-102.17010536009504,-101.68215599882711,-97.10738036051049,-99.11955176068005,-101.44426489414141,-104.64625946983375,-98.71985192272187,-100.2154882860839,-104.63433871959505,-99.32598665138147,-98.00664713206511
2025-11-02T00:50:30,AP_5_48,5,48,wifi,5240.0,0.0,0.0,-107.05360226225257,-102.56555449057886,-98.33400484181566,-95.08128043163418,-100.41895076683217,-99.93202317395028,-98.34456205357228,-98.44881041727709,-100.87645876257311,-100.74837272887078,-96.60234391025297,-99.06387278598,-104.5043805264795,-103.82301711331829,-96.01306691938997,-101.33446528616194,-99.154807757978,-97.32556246741186,-104.77247648097328,-101.9062588083207,-102.58952138524424,-101.44840618350858,-98.96883465136655,-100.75089234039248,-102.13519206392476,-99.07445346626855,-99.91960371698934,-99.26310604611218,-98.40193357671409,-98.07591975508504,-106.15273114578781,-97.31467200315753,-102.17499946156475,-101.18418401530903,-101.98968466850823,-95.38954175339107,-103.03529451785776,-99.89363699754496,-100.21061520552722,-99.2781247028454,-94.81981001915456,-97.41607777739975,-97.57305974696541,-103.27408345175915,-104.10053918846896,-98.88847425141225,-93.5073331804611,-97.35510361200285,-103.3966159067999,-100.62786045098916,-101.66213100237991,-101.2060906095526,-96.28804825508767,-102.62442456796929,-102.45911644409125,-102.29209781088451,-99.37958017164715,-102.58765351108714,-103.18197042533407,-96.4379875916209,-95.96076804587814,-105.05623203952034,-99.6919499952678,-104.04750951586125,-100.73480833695719
2025-11-02T00:50:40,AP_5_48,5,48,FHSS,5259.901447001017,1.2701880299309125,0.33324891233351883,-69.48482580652212,-92.59850729157132,-104.00228973352212,-98.40656338995005,-92.52398108524318,-102.09348310804754,-99.80979806914387,-98.06665673678684,-105.35948956201567,-99.0327868195298,-103.05543457292093,-104.88012934023988,-96.90054479132672,-100.43966730466575,-98.78280574265219,-100.53381398861859,-100.82700750334898,-100.83255011821389,-97.16842182719472,-95.71512442977243,-101.32412764707867,-104.52509936601737,-101.43589875103747,-102.1783261179009,-102.0348200613746,-103.72651194321709,-101.92970518900125,-100.15862635202404,-100.88837240425508,-100.16079849056081,-99.80855525202085,-105.37262680071403,-104.99605106486413,-100.4684129196552,-101.48545594474045,-99.63438234466923,-100.4896572427511,-103.22360171771503,-93.81822104427285,-102.72861176550998,-98.7800427082543,-97.78036865232409,-98.35190271561962,-93.90660733690414,-102.40506874067549,-99.4807862173532,-102.27175363060373,-104.16141912146914,-102.47024879743292,-98.60847620946922,-96.5468667170553,-96.05631411321264,-101.15765206157232,-100.01920435845788,-99.42096752700641,-103.98848320275198,-104.191507069093,-101.27218225424858,-99.61982978313789,-100.60137201308555,-101.90673589255314,-96.75180179476882,-96.9231865244834,-96.71446067183912,-101.82644340967968
2025-11-02T00:50:50,AP_5_48,5,48,Microwave,5249.015946866217,15.809589666353865,0.6511321094962177,-57.99188171241069,-93.64348991239845,-101.96855178642895,-99.68777116765223,-98.7129900299869,-103.21895945047896,-105.40810948772709,-97.53755950318744,-97.47037742860816,-98.98171510536692,-100.6644772614783,-94.06663880674738,-98.26873628056076,-98.0247348122781,-101.22385109402357,-100.61247337089443,-99.4453602185734,-98.52062892842504,-95.81036242863476,-100.06547245896151,-97.52763923112715,-104.47419694639103,-92.77243660335891,-95.30865122260215,-104.10124488905726,-99.81165512364662,-99.76866689070964,-95.46045692788333,-94.83736256861545,-99.2358776993882,-107.3604640503126,-97.29484710933625,-96.88458457403895,-97.22614565534231,-100.08864557623524,-96.94641540335337,-99.6030047140266,-96.79159523080689,-93.39350634548344,-94.6983498181017,-88.673130828889,-99.77937286748369,-93.41055134885622,-94.17795125167352,-100.54034233393459,-92.11068058381358,-93.98914484184627,-101.83212837354648,-95.37219093031226,-93.68941413893224,-95.4258754613025,-96.08602034489797,-97.80340894214211,-95.61416615574753,-95.74859752469752,-100.06817821215192,-101.83270046490894,-101.57748409641515,-96.24405729402342,-96.31917163137203,-92.75209176961235,-101.7871366574824,-94.60349632619611,-100.80398449196147,-98.68226825390403
2025-11-02T00:51:00,AP_5_48,5,48,ZigBee,5243.380208166202,1.6537921035132985,0.7239870757994931,-58.026881474848594,-101.27852785294397,-99.62719894878897,-101.49769033371226,-100.27396613534329,-97.9565823610797,-101.47933101782566,-99.85586761709054,-93.76035957629247,-99.7223211633296,-98.14040768202544,-101.78191565223511,-105.2546147918063,-97.206667165979,-105.41286517876482,-95.94054729300379,-94.96872541856183,-98.0654560021704,-95.87404397139726,-101.44966357934618,-103.32022303993854,-99.12384073142125,-104.49638757347351,-99.07244211466663,-98.33437365608204,-107.36867569495818,-97.17695224167873,-96.41012386365614,-98.86250942300704,-98.82512105595636,-102.35851835684359,-101.09462018828019,-100.40728067538963,-100.49286593445828,-97.42830688274043,-106.8360642249452,-99.94179324058112,-97.92939165005525,-98.3473375131081,-96.68797224526793,-99.48705707743962,-103.30985530932611,-97.22373138781758,-103.65277221281566,-101.40873015959686,-98.72915817326393,-102.98844712567768,-98.42207724272713,-98.2538327739527,-98.9654915303982,-102.05011887601202,-104.68098110099913,-102.57381728318313,-99.1072896350978,-105.46890498277142,-103.35310154148578,-95.69679535670281,-99.62333875400665,-99.34155829326679,-99.0682878979308,-105.24557747453848,-102.54398755769026,-103.6666958947497,-97.1280424264503,-98.00028953947367
2025-11-02T00:51:10,AP_5_48,5,48,BLE,5240.416857284743,17.63072878140887,0.7551198098377079,-57.780086835446504,-98.39216093059072,-100.053441926044,-97.57476167199354,-93.86264818115608,-101.42098841138736,-103.6278420534858,-94.3814452474589,-97.98209765968456,-100.81222367439287,-98.44207350625726,-100.58486997500361,-99.43075406032887,-97.16938122321672,-96.64234159450828,-102.20457686600884,-95.24028106554911,-102.28490144384978,-102.77103642804354,-96.92441203409398,-96.66172290021744,-102.74116790041558,-102.26685003222971,-99.89235813337116,-93.63563801884159,-100.86019153993504,-103.58502411408485,-104.21705431520779,-96.38242840215155,-97.82686730726948,-102.73830206429423,-103.59160996425493,-102.55874282379854,-102.29101395752897,-103.10765017757714,-101.03070601726401,-96.79475056339594,-100.79484325243644,-101.67554417624275,-98.47346864418421,-98.71670187210438,-98.0918761288984,-93.97967439899725,-97.47416412390861,-100.58112091880659,-102.9091880066965,-94.61646574686968,-95.02046036876902,-95.72439891530507,-103.28215599705086,-99.36812060226616,-98.33266629198941,-95.45631812877446,-91.08172971277641,-101.53723573063004,-99.99758076232962,-96.94051265493478,-97.084223605751,-102.02858361656959,-94.19125716054309,-99.43164795977073,-97.62900103780368,-98.71189547762116,-101.66437807578801,-102.99302077794638
2025-11-02T00:51:20,AP_5_48,5,48,wifi,5240.0,0.0,0.0,-106.9890993398649,-99.98883227792551,-97.78687964006136,-99.78416131358989,-97.84458735678786,-104.41219616391125,-97.28309911394832,-104.04620793203539,-98.63193120308252,-96.87728321512584,-105.81305498664831,-103.35667260987323,-97.57917587035857,-103.98820716152646,-100.2068036578798,-98.6739399879943,-96.5227948886371,-101.91101653862827,-94.69595200557268,-100.10334726503073,-101.01790078552443,-96.26610859706061,-99.33951246584192,-100.75152004341241,-100.62785097589969,-105.15626154661902,-100.02240473739694,-102.73023405542816,-102.39237551635128,-96.18911094761151,-105.48364664759258,-95.18118175788696,-99.42341756275964,-100.49424976535484,-104.8494671347398,-96.4993839248372,-99.42043922230734,-95.63294743293581,-96.57131714351347,-99.2347228577077,-95.67310899974714,-105.01389529651003,-98.5578659480393,-102.33741141181171,-96.63447464694077,-100.95401035917911,-102.23669923544202,-97.98325635889466,-94.58340611239365,-97.22852066513666,-102.12422649069377,-103.38801563569066,-99.83818245655328,-104.60625527891264,-105.29803021590737,-100.93653422416656,-102.62032541771138,-97.38133974377753,-106.57787229395569,-102.31595109435722,-100.83684669150547,-103.38987002910432,-95.13139924435347,-98.51050198262284,-103.06050420663665
2025-11-02T00:51:30,AP_5_48,5,48,FHSS,5258.8142215314965,15.84760762272505,0.4404143779476214,-68.70563042570353,-98.96441701318075,-97.32946173283345,-95.16860378741431,-96.1926586215629,-104.88671094795922,-95.33143030759992,-99.59263130793724,-95.5718950045776,-95.8805854385102,-95.52556530671414,-94.01191495710125,-96.78534086918023,-106.25703929380616,-93.71750851466301,-102.9716422159157,-97.91427641666384,-95.63283074574389,-96.18351707027851,-97.41084915834182,-99.69361102896725,-99.19693974772926,-94.61356243634424,-97.28727024429956,-101.09197338983029,-96.97430340279405,-98.8847418861426,-103.74597379168102,-97.540780730978,-92.19504928223563,-96.87316477832678,-95.99008321690881,-98.29332231531946,-98.58555539335849,-97.34799621219058,-99.6446889984427,-102.57601976435569,-91.86579499837795,-94.42273886384403,-102.18768613920224,-99.7492320227239,-102.4204316306061,-99.01559639638207,-98.73534614941342,-94.74436996617636,-92.56453070264975,-96.95181233840292,-95.01759417902296,-94.14391994514851,-94.49253754030404,-94.09802330587979,-97.94483676713024,-96.29104080773314,-96.82731322623856,-94.60415669858422,-94.36687713728354,-101.67809795330527,-97.3285222242876,-94.23342458846543,-101.07707363684553,-104.12208342150593,-97.08673344541704,-100.5103278559599,-97.68439280618422,-96.46086623843561
2025-11-02T00:51:40,AP_5_48,5,48,Microwave,5246.223905797084,1.0621263792496856,0.4334857762837254,-65.46255520219914,-98.43973646550403,-98.59667277178652,-96.80057084044181,-94.96971717657537,-96.76004146935679,-97.73728415579801,-95.61006766790389,-97.64366922077464,-103.87885205858386,-100.74159864220978,-101.21507627388156,-100.43187990276648,-98.18152308638867,-98.12228920816234,-100.63108809098351,-99.46601441110579,-95.41543079663592,-100.07844932970045,-101.51458428979892,-98.2954951355335,-95.0315430254761,-102.20970697954264,-93.92721451005187,-98.75359421535394,-96.12853307674922,-95.89187013056724,-91.64823544695099,-98.8389911109337,-95.07504524036143,-96.7081804824128,-96.82561630699358,-96.46630740358357,-101.29835894765402,-101.80682889908822,-103.82471637500805,-100.90083469873989,-98.46309537706189,-101.18622486780784,-100.3689339359562,-96.64677873208977,-106.54472771153529,-98.86540829285906,-98.83559721672086,-100.7366606095651,-96.03432302575442,-98.11984926316013,-93.38083626392583,-99.23589112995626,-96.79686069761394,-98.19682269819926,-100.42157260594198,-98.29335711744345,-97.52837220530301,-98.58225324922783,-99.60747887814527,-97.40235565024773,-97.55596139475892,-96.00050454186761,-96.13200287637491,-97.95307599511085,-99.98981309829043,-104.93655695857507,-100.4479011225177,-97.63168951776636
2025-11-02T00:51:50,AP_5_48,5,48,ZigBee,5222.90813288441,12.301591363150171,0.783373228745889,-66.68428410811784,-100.95196663493167,-102.71259553631454,-96.02039009364822,-98.13747509832874,-100.09730413650114,-96.20112809862654,-97.92769474164243,-97.70677889072098,-93.89424295719051,-95.72685445821021,-96.00854749367373,-98.61703256683846,-98.30327774843963,-95.41655108244638,-103.22777108916424,-98.74224322983909,-94.85403122554793,-95.47500539844589,-100.16955731797556,-96.65805053535547,-104.28569150043901,-101.49736366013275,-98.49218782202321,-96.37204211974417,-104.43829987156853,-97.90856289645801,-99.36207513254884,-99.9218218666117,-100.34053817448891,-97.19124211431672,-100.74956528947565,-98.973732985838,-104.26958149898286,-100.2202929050797,-100.50626249850963,-102.9624389007192,-100.7692677940633,-98.64721213202763,-98.80935182449971,-95.82526246023713,-104.10431624515454,-98.9072807300291,-99.53224527212984,-97.27740634480992,-99.55525761455223,-98.50126574747428,-96.57953190388386,-100.90370888455466,-99.06420538997894,-94.75884690312023,-98.41848404581847,-102.17409982503025,-99.86675694724943,-101.51659069367301,-103.22668459663292,-102.13155307257858,-98.70900927911084,-97.30331700346139,-101.2126271189373,-99.5021022127618,-101.2413426559159,-95.7777354689619,-96.44456876800433,-94.91042823385897
2025-11-02T00:52:00,AP_5_48,5,48,BLE,5231.892165338317,17.227201812280864,0.5507203505439514,-58.18463495258747,-103.36474720853647,-101.644132290827,-96.45534636881453,-102.62812815849357,-98.1412050777504,-102.04812502381792,-102.06182239345398,-96.69952874895439,-98.72525159127993,-102.36682534980007,-105.46961579011516,-97.76591707309875,-100.91865225588705,-98.36678414688518,-101.72025087482612,-97.19011081750085,-98.92803117526344,-101.62494208025818,-102.84303023194535,-102.90153571111253,-105.01441942208719,-101.07005062311111,-98.87200879739918,-102.74637534169018,-100.15376175499281,-102.58674469873688,-98.53102689120372,-101.24880745571456,-100.99609865634294,-103.85583345069332,-102.16908373065843,-101.02146899285577,-105.05966145132733,-99.74524052808539,-103.42584109150722,-102.95299373580343,-104.50179662331055,-103.22583798129732,-100.35366196998217,-101.38676968713611,-101.11588679328929,-105.3886028051476,-95.86261678979663,-102.6367022737968,-101.69208976120588,-99.5133749881518,-98.10892299010702,-98.12603011729092,-100.1618775778564,-104.6946514237776,-100.9057859339864,-97.28318947532586,-100.05755182585472,-99.92612586942205,-100.56972520088073,-99.81403661852687,-102.43282248064018,-99.75692092647843,-103.1970588641142,-100.34892505168425,-103.75321317207693,-101.67202699673642,-99.31665308985711,-107.45797443317775
2025-11-02T00:52:10,AP_5_48,5,48,wifi,5240.0,0.0,0.0,-108.14047455742052,-100.23447984145538,-97.57516372244514,-103.33999652326264,-107.06332130183806,-99.12623444441653,-103.43536155917161,-104.12304561033952,-99.6296282797106,-101.26312859004447,-107.26470788666307,-99.85178915713416,-98.95113050652424,-101.87355152120118,-100.1316633237264,-106.64878846221671,-101.19086412572977,-99.53818027402778,-100.49044062005518,-101.20896269368313,-105.53090503935111,-100.30857933623905,-103.43103173544006,-99.21979551727361,-100.23901524300842,-102.95774315620628,-104.3401630169298,-102.53188546211967,-99.51983395044701,-98.28784729372633,-104.55739770814179,-101.06014350635482,-100.18863945482654,-101.65709490787626,-100.22446538610211,-97.46663412469107,-101.30320213109343,-98.6481271429984,-97.97654412156625,-103.96567776979475,-103.80807217063752,-102.10597408311693,-99.32336412719847,-104.2990854791776,-93.73056651715035,-100.70152982146958,-98.92104868631516,-103.42244055446503,-104.93540859088088,-101.49905147709777,-98.08406176227854,-100.1146920544912,-97.1644988647835,-99.35608657630522,-96.21899342125892,-99.72746515951933,-105.27016366979927,-104.00892057128918,-98.7853012508551,-98.76967724824136,-101.60904122413393,-102.11346368899859,-102.98603868167028,-104.40586467860452,-104.13425623306432
2025-11-02T00:52:20,AP_5_48,5,48,FHSS,5248.881760885832,3.983359680765128,0.7819206498598079,-59.029037136952255,-103.43688553019128,-95.83006742768612,-97.06147216372601,-99.4060788676226,-95.0772379710178,-98.7851243804828,-101.23962400587014,-103.29492890775447,-102.59111124224056,-102.02080710938833,-97.4010419719524,-100.99005169058809,-98.67959899210027,-94.18134459696937,-99.45370757389824,-102.46898637354427,-92.59490320599528,-94.58168305037657,-97.68692636449708,-99.57181527275831,-103.47850551797495,-95.73088737052501,-93.5293329920777,-105.2717785827327,-98.61005066790725,-94.86215275405806,-99.05050543813454,-93.02330615498295,-101.43856779610985,-96.00120294826272,-100.0694043291588,-100.55594498668239,-100.67846821108938,-98.45321792198064,-101.30040179233508,-104.07390246956156,-98.50099523169659,-97.5733254558042,-100.75196921677374,-95.7438837094042,-94.88614234764093,-98.26081531806784,-100.39803556032655,-99.71710715913468,-100.52302234885444,-99.68422460282918,-98.09020796398285,-97.04725091180914,-99.90823173930474,-99.0890139452612,-102.82013330039405,-103.46419200380663,-98.79741931269687,-98.93349211674597,-103.67421580506314,-98.99531872108663,-94.31116841495202,-100.27185771851396,-97.05791685933559,-94.44549991792303,-99.90787360169091,-97.2640700843192,-96.71004473646231,-98.50773805449535
2025-11-02T00:52:30,AP_5_48,5,48,Microwave,5225.566589832353,8.971848223863082,0.3137581242343794,-58.014804128836595,-100.24631924736713,-97.75968773330163,-104.36446063916082,-96.56091555843747,-92.65041195462692,-100.33594291361321,-93.46932707180942,-98.17949079364097,-98.61526928818819,-96.06420984872982,-98.8441787431739,-97.38995624725501,-101.9181673445966,-98.93979192725642,-99.129874863138,-99.70409485157795,-100.83551911731202,-98.13184100743334,-94.61090170176472,-97.5905784257969,-96.05941653484165,-95.26917485514261,-99.32903559842865,-97.53357363364577,-99.49134683921572,-101.13935481431564,-101.0124429662434,-95.76013429505669,-97.96704224077568,-98.39717586800847,-97.86043190716535,-93.4161970318313,-101.44217826152237,-95.60646456681053,-95.51105341154675,-102.04375467591846,-97.63569707887709,-97.26183850645387,-99.22405093008341,-100.1289416830069,-99.07212070236127,-100.8850956560381,-101.0029875165328,-98.75953555922271,-95.87262617808999,-95.83183302950069,-97.21934137191825,-98.073842364616,-100.37172913893494,-102.53549382103424,-102.1087026975303,-101.9093869683889,-98.27071038576186,-96.43971054616016,-99.95299784110881,-99.33364499993564,-99.19828130129987,-103.57092166519061,-96.86378587395085,-98.48520623914638,-95.76164614842959,-102.13545898924863,-99.94391700759707,-97.09127355816555
2025-11-02T00:52:40,AP_5_48,5,48,ZigBee,5236.225865508115,13.985632583311158,0.577330892846528,-66.41400536038228,-98.7975882866869,-103.26539178665234,-102.59635366817976,-94.58066610508322,-97.00173843393576,-104.743111892139,-100.27522001525895,-100.86917380732011,-100.86152804742244,-93.92928342219645,-99.40156396070266,-102.26636217000615,-99.2625693269635,-100.26188338071397,-103.25083360360708,-102.00667411555676,-95.79951636897502,-105.21821669125302,-100.89339786250848,-101.66654497652323,-102.17566332577668,-105.47692762909178,-102.28379130198492,-98.4576832276413,-102.15678783117943,-100.63739182457147,-98.98081882434902,-92.80440908381925,-101.63394134640286,-104.32734966880905,-102.76984826513018,-101.91950672257268,-99.39298649618515,-96.74735330062995,-100.67917819694853,-98.2428499804201,-104.05215130670028,-97.45263649368191,-98.93928383988236,-103.58409345919428,-100.251816189448,-104.32782833756988,-98.78121132086986,-101.9471733306119,-101.23981387013812,-95.19909857858575,-102.76059056801408,-100.8536767011949,-95.66201697816574,-98.6167765982536,-95.73132705359433,-100.73761440824694,-94.63921621256031,-99.54750862666282,-98.37467470500319,-95.89930005085108,-102.80446018262461,-95.5972597060853,-100.086052845213,-96.58689790365224,-98.22719500901343,-99.27447950971931,-102.45441164885416,-100.45679681462592
2025-11-02T00:52:50,AP_5_48,5,48,BLE,5242.829309056083,19.88626042964432,0.38236355552982026,-55.46860730847179,-104.6041952048826,-100.31156451131032,-104.9782037997727,-100.8275806637436,-103.48872078059884,-102.1176275674328,-101.67862277068308,-96.90766061258579,-96.22950119009869,-102.16879109198128,-102.92687803653753,-98.30739935116402,-96.76836171205832,-94.99876724033092,-101.08566806427699,-102.00421502815479,-100.16105920832156,-99.10171271510498,-101.78200146238967,-97.90270903393424,-98.89159555314146,-98.55415251882684,-101.06233102087678,-101.08927243752215,-96.84623927663964,-97.37209210001726,-103.09497338859875,-95.53000143039844,-100.96193481417768,-104.33081659610416,-103.1023200100975,-97.60787001003831,-95.48872905495836,-103.0390338295918,-96.80290551846821,-97.84555509638496,-100.91668465622332,-100.31537017596426,-100.23104592954164,-98.57305394621179,-98.05757842142148,-95.4782766988562,-99.94202712648624,-100.90644982431681,-99.14092012641366,-99.73136827456835,-100.53755284696315,-96.66390411784036,-94.47352217626057,-103.52328265335726,-101.98236955882628,-99.62308015196797,-98.48566858577558,-99.86537991143334,-101.40511437551153,-99.39375900696041,-97.06247272268348,-101.37588264428956,-100.88834954562343,-98.78883780382816,-99.12135203811411,-97.90629088778621,-101.215681984116,-102.07910592178875
2025-11-02T00:53:00,AP_5_48,5,48,wifi,5240.0,0.0,0.0,-103.17827190111365,-94.71752166861505,-100.05211807979977,-97.57386167616598,-92.10633778595881,-95.5214750615634,-95.78067803625865,-95.04481707360566,-95.35498213860198,-99.65354171143477,-94.43076078170118,-95.5386826996446,-96.27129731160184,-92.2330277896651,-101.22469739443257,-94.04931477119113,-96.88214955261354,-90.65564190793162,-103.80377383017222,-96.8333575554492,-99.30091117197378,-95.07646921786852,-92.71479937606354,-101.34735533802022,-98.05700271440618,-101.47767672612827,-99.46574454482953,-99.87393783614328,-95.78129898988247,-91.43223323686466,-98.4495654222634,-89.07453964325835,-94.79388450121124,-95.0179099311871,-93.11779359780395,-96.98845224215373,-95.89787933875101,-95.15591731591924,-98.75742001697454,-100.46789465924607,-96.54263250557425,-89.89570147483089,-95.65439821476164,-99.49666728531732,-91.52439514925213,-97.6462686413909,-96.95788352736515,-95.36991978011874,-93.18612863473733,-90.51171640213848,-96.94133654469657,-96.16924224080847,-102.04796883910006,-97.33593643530557,-93.8388434288939,-94.32268760928895,-94.27340235434694,-92.69773146316105,-93.52420206563713,-94.52501088287035,-94.06509448596246,-98.4519855236397,-94.49206453167253,-92.66734738672852,-98.60932316946582
2025-11-02T00:53:10,AP_5_48,5,48,FHSS,5238.9333116560265,13.672930521208096,0.206596236335785,-70.7046865422975,-92.23250253417012,-90.81450088005826,-99.78941635796738,-102.67496409094728,-94.47964954413234,-101.14446107609517,-103.99624572276059,-99.22047904171932,-95.56395423261628,-101.51323306133004,-94.33738408042619,-97.07911712743615,-95.70347780260472,-97.30189241887217,-99.75458030802531,-91.82872337305805,-92.25159246156477,-97.52272893747019,-97.65123677769108,-101.2895597357019,-99.31975297091897,-100.19491589183201,-95.7468052213463,-102.5612543644516,-95.71303690536112,-100.78215796561634,-100.38894384689186,-101.61559613738493,-104.15758702304989,-96.37605914557622,-95.96702261917198,-102.58567466597577,-97.04753880172662,-98.91575264328442,-99.53851200023978,-94.59162980933456,-95.19808252936201,-95.26808524342104,-96.99922377269911,-99.30241017895719,-96.18483671309066,-96.01226476370748,-101.31309194940856,-95.99792015432588,-99.62335490151945,-95.4250232520107,-99.05917867768511,-101.94355354611103,-97.76305775567677,-98.17851589402008,-100.21429789593567,-100.53875318706477,-101.50798361292267,-100.59812226032747,-100.98875425552325,-98.29800463676905,-99.37754963497584,-102.8341187150876,-100.05485222403546,-101.4651602625559,-95.70641225794458,-100.30720263305791,-94.77433439071021,-97.9963078188647
2025-11-02T00:53:20,AP_5_48,5,48,Microwave,5249.682510727103,9.640079963598692,0.7675838646158863,-60.77829900733329,-103.99224859986299,-102.19481539882679,-97.96314968041483,-95.11857435022827,-95.87363336380676,-95.12090545473359,-95.95990422229004,-101.17690590854099,-98.81112598027416,-99.82922460855737,-93.4765074159719,-96.89909254734062,-99.60319284052834,-93.55295544828887,-100.66586702038911,-98.07412205373704,-103.97211867657684,-95.02131551518644,-91.5119622337554,-94.87820594448249,-100.22536091130121,-99.31707418307111,-101.62023573446184,-97.28819986018047,-96.71801716640019,-96.63694867818947,-93.18968934835135,-97.8362090973824,-97.6245506338818,-99.91264322900597,-98.34052878658355,-100.98794476887467,-98.86083110781138,-94.3815808501103,-104.44737483989167,-100.48234721954834,-104.61201135303621,-97.74103190748235,-95.12632655359398,-96.92324678617237,-93.08791468301635,-98.73630566946036,-97.06060342809226,-100.31545557732592,-96.67823341626317,-93.30135864976133,-98.47522037092993,-95.85561148151574,-101.28581455370208,-95.94909827749369,-103.27575370250798,-98.72768915744308,-91.95982707339485,-98.86080313747752,-99.14580658115771,-102.28502608802187,-99.9274986446192,-97.18735357403665,-100.99313621399843,-96.51918567057675,-99.31395770960818,-99.23438664340895,-103.87029806372986,-98.87963286325058
2025-11-02T00:53:30,AP_5_48,5,48,ZigBee,5232.637426039651,14.326423186815427,0.5501134162508075,-57.35899201011103,-98.37979537462083,-101.8210982717049,-98.3664077708648,-98.6081341392385,-104.39372559305257,-103.9797959719564,-99.78363712103167,-103.13390190027117,-101.44658404892114,-101.47219690439714,-101.3714179340364,-98.36447387512943,-103.52566142993264,-103.12141333239833,-102.08672186012076,-102.53939539910674,-98.14387457870909,-105.65610297435082,-102.54055276694488,-101.49585133776264,-98.81957690362567,-97.75219052073032,-101.19152743152694,-98.55462485569328,-100.2190591572208,-100.97480368074315,-99.3159597033266,-95.13543097882007,-99.58307583474301,-100.05258453298194,-102.49780685811507,-100.80252994832658,-103.83315845445073,-96.89354595487643,-96.32370268901167,-96.45678431108767,-98.11192637718449,-99.71893155505933,-100.69068960853932,-104.35367898339702,-101.06766023241593,-97.43470800766468,-96.91065398454407,-100.90189705693439,-100.7648722846384,-103.0498359276032,-98.80646897947658,-100.81167179816731,-94.59952123175042,-102.32332141373897,-99.78988873893155,-103.84997389871727,-93.81150779687572,-98.90935883231532,-103.02288482252588,-101.56133197515751,-99.95099249194688,-99.71405812410404,-100.4959301964595,-99.04118660822071,-99.19896436631741,-97.44574671026618,-94.71416979540592,-100.0069653375709
2025-11-02T00:53:40,AP_5_48,5,48,BLE,5255.421228784986,19.210045728146632,0.237877094831018,-51.7853683259619,-99.08839405747491,-92.741497991744,-103.89471710320144,-94.68290636718528,-95.72317684827445,-99.76374072862501,-98.43977168003114,-98.93518243115383,-96.93400071519548,-92.92084008879145,-97.16831430098114,-101.35114270921764,-99.23382879611817,-100.06860145968616,-100.0560260170603,-94.45343946716069,-98.72957557437655,-96.55571242229772,-101.16871510079284,-94.94438042248957,-93.34041453081751,-98.96722391156354,-97.72118863791293,-99.95483219146342,-94.7996174194214,-96.41526977413545,-99.03775987162798,-102.88722492111818,-105.31648078770243,-99.13270813128662,-95.68841757271447,-97.61453585824779,-101.60762102961469,-99.18619882530892,-96.92720705201133,-95.99291418820249,-97.58892894124604,-96.54422483684674,-94.34554610336343,-95.6320839378309,-98.70110199775493,-99.48748089908912,-97.81172455601128,-91.15430310229934,-99.1391144102663,-95.95326429811871,-97.22884063085823,-97.3165574987212,-98.32201825965414,-102.2514974177463,-97.05056948717113,-99.2733110605273,-97.0423586561615,-100.72425365455521,-99.54465057968427,-100.34312712041464,-95.24530209862516,-96.83941701377486,-97.79726995153797,-96.95933801405259,-101.88125237869302,-99.29401742578146,-99.67573625662229,-96.86356238617975
2025-11-02T00:53:50,AP_5_48,5,48,wifi,5240.0,0.0,0.0,-105.12219594454848,-101.70599170295937,-101.09937303506301,-95.97441178997512,-99.6867016973006,-103.36182482097833,-99.99037985480231,-95.44372944182936,-96.1921368834993,-98.23257828621007,-93.83304712899178,-97.17929057021304,-99.22106673570592,-101.77628097958181,-97.66475499313587,-94.77590941718273,-100.3224646008456,-94.89867287465894,-95.56562921722652,-105.51004059947658,-99.39546603247479,-97.50788170589277,-94.97378030411647,-101.77959133435048,-99.7813576470443,-96.71455330931548,-100.10113984433528,-100.66850624919729,-102.55715785806424,-101.6233481760529,-90.8637671281556,-100.08165395684465,-96.8477857215386,-96.37802387181763,-98.13987651098908,-95.52527688932015,-96.06077679610674,-95.72253823432455,-99.1371485379386,-94.41428954908234,-100.3297416339585,-104.05965318523027,-97.82342024334491,-98.26135335049757,-96.55613501729502,-96.00406261798591,-96.66149572129947,-96.9901932090186,-97.46416745887727,-104.26527823609123,-98.89682640602646,-99.74173565146934,-99.94259585987278,-93.73832988869839,-99.81669043657556,-99.40895991572019,-93.46357992016509,-96.50098656858816,-95.43898139546914,-98.38641790994313,-98.22699252822841,-103.34845069291215,-99.73809909662381,-98.27176116163078,-96.9457606543735
2025-11-02T00:54:00,AP_5_48,5,48,FHSS,5228.536602147456,16.259111067131105,0.26589481879061755,-61.03862740067725,-101.98135902070155,-104.98343033393193,-101.88915099401093,-101.05951503774304,-104.09329929523383,-100.37192848342356,-102.38354916394066,-99.15900207884356,-100.14845124271226,-102.04668022123327,-105.9867946605457,-101.52068236699579,-94.60453033289521,-103.54945669941101,-100.68295206845221,-99.93452481554463,-101.42629459016143,-105.37104165088645,-104.87739059513197,-109.85692808818715,-99.94446298393383,-98.43467965992122,-102.47496646396519,-100.71445063638097,-98.50670816949743,-107.43337633249678,-102.78020825798983,-101.4736182872657,-105.37523911554477,-98.31217201648812,-100.35686716960141,-100.7720476929225,-102.10796266151101,-101.89277102271555,-100.74698905747832,-95.98590809287873,-103.11433143853796,-104.65895798378007,-97.59738408926441,-102.9745315943993,-101.40091305561019,-99.54993056142146,-96.6511625208738,-96.4366526939603,-98.35687453282753,-96.4925995965521,-105.18430720237593,-102.44484600110643,-98.33416623128954,-93.09654232409369,-100.27114744417473,-98.75834436995915,-104.03712306242386,-100.42103221972903,-102.18828297188134,-99.45314758442566,-99.15282941926917,-102.63672896670148,-100.00175946140574,-102.6385867879406,-102.42883434167888,-100.52411234530531,-101.50326809534334,-99.09632881001212
2025-11-02T00:54:10,AP_5_48,5,48,Microwave,5251.284874928492,12.641364165580095,0.7912163976160307,-70.06262076315014,-100.24610240762796,-101.77901652746745,-103.12325946338554,-100.73357082133214,-106.58843086110858,-104.90689240057868,-99.63738570869391,-103.90602150250197,-104.17984825991977,-98.74114390256382,-104.70878215018294,-101.23924281151925,-103.60250544251379,-103.09881425315687,-102.90810915596349,-100.96406043666028,-102.65712049575008,-98.86493086700096,-106.66058078302216,-96.61987637848218,-106.5389398181257,-103.82961683486198,-97.72919729129451,-102.64049511547127,-102.71260021490109,-101.08032495393296,-100.23555855725098,-105.58638802292361,-102.29022657782886,-102.57660308460724,-101.7622261978117,-105.12406290087237,-104.95181791829044,-104.1208498282975,-103.23532259657682,-105.93125350322717,-101.30414869406584,-106.17371305709347,-101.0651062097995,-105.10861782104648,-106.30920502222791,-104.71691109028848,-104.80180695413893,-95.3671530049912,-96.38343945142661,-99.4209212577637,-101.19164736671631,-103.30256630338424,-101.23071521331767,-100.0395899997859,-102.23884092602736,-98.38496858357956,-104.24761757124034,-96.95777120729358,-99.70130319441543,-104.41993514539173,-98.75095989354699,-109.52103409977857,-99.36348280507758,-100.1254038072872,-104.80180704462691,-103.82146118030826,-100.28789456251629,-101.93611399148173
2025-11-02T00:54:20,AP_5_48,5,48,ZigBee,5222.646506147482,10.694873568885022,0.20417566093772727,-61.829017504890146,-99.59840536054836,-99.53689425401436,-101.69475260058277,-99.64049999488381,-102.82267785034367,-96.19282663570206,-95.36162208409372,-97.48728027363347,-99.48826707760043,-101.63831148968781,-99.3748016947755,-96.52135218031916,-96.55769689084079,-98.02224417342954,-101.4408666881569,-102.87895201598191,-103.3600856601144,-98.51091352099208,-100.11856846121529,-99.0017772218119,-93.87717032241699,-96.54088541034241,-92.87532922595585,-101.56494606860463,-103.4784671432526,-101.78754752347916,-96.57260170992683,-98.05797934884764,-98.65155957915795,-101.59757769867093,-101.90501228838042,-101.24237738280952,-104.82489171544904,-98.25508772424665,-98.94428686982778,-101.10590716462322,-102.53077925631995,-96.64761269452134,-100.18216608576327,-105.18031973497568,-96.266324004843,-101.20330387064634,-100.91871077480957,-95.64287723689439,-98.14824499098602,-97.1566523865151,-98.9585573941364,-102.69154830978536,-102.85585841812944,-95.11534121770723,-100.47587943885952,-98.54186411946887,-103.5657330225041,-100.23114802412866,-99.71682613767517,-99.2563524769015,-99.87866553191958,-103.01928292999668,-101.40402894368542,-101.7139132108162,-94.29728181042952,-96.08260035857904,-104.65216932192082,-99.42541068679003
2025-11-02T00:54:30,AP_5_48,5,48,BLE,5254.704086910827,14.726826986822314,0.209098281123823,-71.69643832980626,-98.2342975889971,-98.31564947838103,-98.27581203324542,-98.98813388310498,-97.32533110583738,-98.02240780568522,-99.43952522132261,-96.64232949947572,-99.34388715082268,-103.9447800871787,-94.23052933893665,-100.56495933818496,-105.34112412447936,-98.89476044141092,-96.43690928341493,-98.9384038996437,-91.84467059817828,-98.88987944423128,-100.57446138696677,-98.4461480932392,-94.89329792683725,-105.16099763399431,-101.34310754443314,-98.42639676301266,-96.53754478170954,-96.22957943626402,-99.41542251718738,-99.47019369512545,-95.68772717743364,-96.28512045271394,-97.96913384664758,-97.60887035602488,-99.51900503827079,-99.13038921285116,-99.68913562965042,-97.08161786347102,-100.74923657050023,-101.91005168790915,-103.13149365550925,-97.35190841979278,-97.09702581428289,-94.33007054601599,-98.43528876430165,-102.20611957602529,-97.54547821924977,-97.86727018329015,-93.1917217374074,-99.73793143167896,-103.41241683413685,-105.3842670129956,-93.31371686413571,-99.07548625528179,-95.37522821673626,-99.4310729688924,-96.74178890247252,-100.4738849725202,-96.55678676055129,-103.46404030627185,-99.2247577793858,-104.43296804093032,-98.5790395093986,-100.71605139027086,-100.23923482638556,-100.19001553348463
2025-11-02T00:54:40,AP_5_48,5,48,wifi,5240.0,0.0,0.0,-108.9333114994306,-103.33401767056392,-102.22726861592001,-99.07032847555925,-99.81335682034218,-97.40837802609215,-96.6211751567133,-106.12022865850506,-100.71161818839094,-102.9101970244957,-103.28345027247062,-106.59295714272665,-98.5946703559744,-98.77897285419847,-100.40893756107036,-99.82633972909379,-103.44610249104754,-98.86467351294466,-101.83209545217323,-97.97048121472444,-105.88112692497826,-98.41274826340099,-101.39028455873866,-96.00011408749504,-102.06423471191215,-98.85309511668224,-107.34750619539795,-100.28449051571306,-102.29655240796141,-101.29895094315235,-104.8314157946975,-100.1018618040726,-105.67837012764716,-104.04367001663287,-107.79054010331895,-100.64612833652515,-102.11459773635157,-98.00820072011422,-101.71017176929703,-102.67602479916725,-99.54966293033546,-99.35977542984574,-103.1679359117062,-108.31339414934907,-104.55713764730409,-105.13010646621822,-105.11775591448335,-102.13229682766186,-97.787257833376,-106.99759122066165,-104.20766274064417,-101.01942043982235,-100.1693096296984,-103.41545474597282,-94.6098764638089,-96.70431974047828,-102.7539283679159,-105.98577638053641,-103.75429688285564,-105.12929633565321,-103.24407859523764,-99.66800599782123,-105.20501600214018,-104.25235958019056,-102.59160662399495
2025-11-02T00:54:50,AP_5_48,5,48,FHSS,5251.545271071604,3.4455320402202365,0.750066957503341,-60.07760625437591,-99.07232266576435,-101.94354647221691,-94.98629446565545,-99.06414544443061,-94.22890925298341,-97.22310132014908,-98.68270361120021,-98.35801424687469,-99.08879939082865,-100.24743415265695,-98.51267942561155,-91.98133879970733,-96.95420436275394,-99.87392038604557,-105.27379756260815,-94.6130634588521,-97.61136280349221,-97.96394471468929,-97.60827869687319,-102.19712328212262,-96.26739728922284,-99.34601589584652,-100.07698180373218,-91.80804964676761,-100.36772238585424,-102.8811073560917,-94.95750152108866,-93.17826276647479,-100.80300900128655,-103.897055563476,-99.39652284996728,-101.37850039773927,-96.89967751950435,-99.91868124343985,-97.93751646875847,-99.52198382059652,-102.50324960421246,-92.8962704138947,-98.99244053926641,-98.84151016072352,-98.67238765005038,-96.54546704165907,-100.58136912689803,-96.72385606692741,-98.27286750412233,-100.35173376295715,-95.77299622567304,-99.83618514751961,-102.05712627544439,-101.25969762831757,-100.32800591936152,-96.305869897859,-98.19286670891158,-98.77420245623921,-99.10472271286979,-99.07920882429357,-100.31815905962762,-92.52255866480213,-102.71731724369499,-99.66989300202621,-99.8475205195124,-100.44737454679667,-95.8488437870125,-97.68334785414784
2025-11-02T00:55:00,AP_5_48,5,48,Microwave,5253.891536526868,2.4898590389422672,0.5741476342193956,-64.27034822585016,-97.08813389317139,-98.2146076376862,-98.42658808012688,-98.18227478138282,-99.88215853071345,-99.14852594948034,-97.81946463128284,-106.36118327421009,-93.59238188071669,-97.37162446195825,-98.3615612546902,-97.20536922066157,-103.39572409610206,-100.97710872803727,-104.14725149493385,-97.94144540068076,-97.47319824254735,-99.36266562089855,-101.91781687002278,-91.91646061077503,-96.59397492819218,-101.90973639337352,-103.30124798250279,-95.22707554002558,-92.90632933493701,-98.47001823436877,-94.55738684946331,-99.85084421003457,-99.78408368663403,-101.42333297622885,-99.23366432372484,-100.20909090686392,-98.04709247211689,-97.52568210373602,-103.40073627513185,-99.52408735168649,-97.03926889574669,-96.87501986780204,-100.70424311590327,-98.35570359416825,-98.76913335582068,-94.51304910223907,-99.32489799530482,-99.84074600218317,-101.68940853886525,-99.25122316824049,-99.49578186749731,-101.53215520033106,-97.73829437824264,-95.93107222375936,-97.84710176735754,-100.88523355423035,-101.43814267681684,-94.80399890759352,-91.94955260617868,-97.23062443265924,-102.56627631801621,-98.07108159846149,-100.57731118672392,-97.48538022004158,-94.73819504889428,-94.78146634573542,-95.57074667211818,-100.30566870872786
2025-11-02T00:55:10,AP_5_48,5,48,ZigBee,5245.739626775738,18.497924221814326,0.4860671712477725,-65.12539754634308,-98.34210763889716,-96.3693116189272,-97.29690047817706,-93.74281201347235,-97.63825919907416,-95.98798729443307,-97.15153329730995,-98.81570239770214,-95.4010306807343,-94.9776115872951,-93.46678110329297,-97.41999427372126,-98.19819706638245,-93.35792351546539,-93.14848886555004,-97.47433653204678,-94.89891042552908,-99.1394731256704,-94.34197330480698,-102.17380180936645,-97.98942512927013,-102.57075031117569,-99.71708780378138,-99.24908004689979,-96.48298380016047,-97.04925578427991,-94.82209218866706,-97.60412543546714,-97.22944787472099,-97.52484840511465,-102.89103183716797,-96.92980941214728,-97.50446696080455,-94.87299894013994,-100.05163346708292,-95.11230233522362,-91.40982061535304,-95.78904785455173,-99.7540810384544,-98.8627343063544,-99.22003704119447,-95.90643019403282,-97.9895842671652,-92.90847233811263,-96.21334093664106,-95.43391381790316,-95.53716112572661,-97.08405399783169,-97.37134086454449,-97.48179696108897,-93.98035541193751,-102.0489669230668,-91.12069709496443,-94.71097146173338,-95.7106127172255,-97.07386635618752,-96.04689064921169,-93.69425447959536,-95.74356372566022,-96.99287427306986,-93.96689467312065,-93.64437804839706,-101.39778231852978,-102.1689237986894
2025-11-02T00:55:20,AP_5_48,5,48,BLE,5254.425072762022,8.611940016871372,0.7552395347632395,-69.9463501995651,-97.40560505510247,-101.32156865355098,-98.0970792025658,-97.30489187115919,-98.7953988819639,-98.88297484809861,-100.53222820600972,-97.93092758453386,-100.85599618801754,-96.70607476339482,-96.4765999778377,-97.3758407945633,-102.25336096955441,-97.99993710233997,-96.02448778006124,-96.27489036885915,-99.48244615751756,-96.91967629992598,-95.89269467196857,-98.30732077193358,-94.53514243432882,-100.31935619983373,-102.87532739061285,-94.41232497509675,-99.73289302112451,-91.21824931451144,-98.29487854903901,-98.19552727805936,-104.6653554827283,-101.75007967812846,-103.5936945311287,-96.63720139339766,-95.27050795024381,-106.10041283955184,-101.8648732534499,-95.09045540433915,-99.86348981807733,-95.40608339175921,-97.86215502113738,-99.53517704996896,-97.5459330593049,-101.06694333710485,-99.83599939230251,-105.97121832680993,-102.38745902780744,-98.82407451379049,-95.00799824734112,-104.37259659206504,-103.23994930592393,-99.94124949504975,-97.55233478400491,-95.7044603435776,-95.12109398252402,-103.03101381910209,-100.19765648649312,-95.86150044497263,-96.85481175951466,-95.50131049380514,-98.12320038986401,-98.84477496558105,-100.6922426924359,-101.5630357998766,-99.72777171889668,-96.38686215431818
2025-11-02T00:55:30,AP_5_48,5,48,wifi,5240.0,0.0,0.0,-108.24641569755536,-101.240419944328,-105.71742350140684,-102.52809571180111,-100.76905041163624,-99.50412306566524,-103.86221624173997,-105.40725065807902,-101.0867638728759,-101.75549464267597,-100.83075021209514,-96.93810897061704,-96.80598635467146,-106.69669170922465,-101.04587733716193,-106.14352437710737,-103.0197037390532,-98.39115064508523,-99.25691428682315,-101.7153705084415,-101.6213902194854,-100.32852901689502,-104.69906917707259,-99.3067352360389,-98.54013033228745,-97.74524307722302,-103.40369897414782,-100.7149456380091,-98.44615027837486,-107.97742082795523,-103.3131013938552,-102.78979773303143,-101.28180892502589,-95.59208760484603,-101.86846561461869,-103.01761038253228,-101.15327771239262,-107.88889295065982,-103.11830181721062,-106.2665985190564,-102.03647986701635,-101.27599640780721,-101.76047284979461,-104.54326121477052,-98.62899170096196,-96.0646198908611,-97.38370348460873,-102.51888190081982,-103.91598710158793,-97.74499556754014,-101.29361313161607,-99.08784825801779,-101.88874821875567,-104.33020523416012,-92.6440482832575,-103.09712079132667,-95.98142662325957,-102.52535836338713,-95.72362834192467,-102.01597329008197,-100.99979737090997,-102.82374432499903,-99.56387046306087,-104.55363076221775,-104.24978901560095
2025-11-02T00:55:40,AP_5_48,5,48,FHSS,5226.5137442570585,15.79657462308345,0.4424502830075258,-64.9552452672323,-98.1174247278937,-100.72347825038352,-101.89254283237054,-95.52724807925587,-102.42210060892191,-102.7220640169552,-98.97972642211973,-102.20215022564636,-96.91650355983388,-99.84605606962077,-98.02747448523051,-103.48113018922908,-100.83956389089273,-99.17104916124347,-101.32275237472687,-96.558068056411,-98.39623028373704,-103.94632262063348,-97.06779234125631,-102.4198941146771,-100.56200114588488,-102.70106748890252,-97.6565497937357,-97.08974036563544,-95.49822178255201,-99.17546361751558,-94.85837203015315,-101.89170628797822,-95.5885243141307,-100.63264388478247,-98.19519474538691,-98.10899171692868,-95.51530516971482,-102.01523967925534,-99.36135219992318,-106.26474725858273,-99.81253910773214,-98.41873392157497,-102.12646056562863,-91.75601530095777,-100.18617738760851,-97.42143697458862,-96.03933248621784,-98.91325792294062,-97.02505781245681,-100.49056374350951,-97.61467471177585,-101.3847447755596,-97.29216583610129,-104.65959104460175,-104.35857377583977,-99.55113517116287,-97.9853538516249,-96.50036417374487,-97.39221504670525,-92.93973199442999,-101.39687451119612,-99.89376802505477,-97.12245333479595,-94.7205063061696,-99.5032459891021,-99.13362111697907,-103.54674685093303,-96.10771958110023
2025-11-02T00:55:50,AP_5_48,5,48,Microwave,5247.611223948319,13.214752422370635,0.616312795234685,-65.64712129486772,-99.50490475027281,-101.02844006466547,-100.85118738346043,-104.11457977090993,-101.71132324726871,-103.5853951017666,-97.45067558749744,-99.80776656513217,-97.8103637145324,-100.06879741766183,-100.25475838838817,-103.91308168941316,-97.5620187993784,-103.09934597816496,-98.23006126282945,-92.79606352156682,-95.18626767894602,-90.41604620921863,-93.32976345244776,-102.62377320709356,-99.37004549829103,-95.18467975353964,-102.71661932189498,-94.1255532857498,-97.05325604801993,-102.82647869761875,-97.17913008980204,-96.62607099992306,-101.46609166003041,-98.35748206921961,-97.28953461353237,-94.19391937726758,-100.10059329775449,-99.88239361508295,-94.6417438522299,-98.75458043261445,-98.17819121154113,-99.28096217213218,-101.07739845439464,-96.7122906342562,-103.6552511175508,-99.69872875101395,-95.73385796487986,-103.58177396629695,-104.42369145556707,-101.79791271958976,-99.28003714394347,-100.98228857926834,-102.56228481583409,-103.82593281631281,-99.71522973149538,-100.06562915564157,-98.31739420558851,-98.19454546226892,-97.76862504189165,-94.36746571319574,-94.96836696248907,-101.74654802567794,-102.26599087501891,-104.83256066299238,-96.53378727649664,-98.46522312089891,-97.52285518930006,-98.01957726189704
2025-11-02T00:56:00,AP_5_48,5,48,ZigBee,5227.7412237774615,13.387335254832717,0.5572489567104029,-71.33608459782538,-98.00184937358321,-99.69185131154394,-95.08137464425411,-97.05645202312041,-101.00123456437036,-101.0288741771042,-102.03038672994316,-98.20184877165663,-99.58138952539997,-94.67368297685744,-99.26075244563067,-101.27074680199527,-100.16085165842028,-101.08187413563269,-98.62767550263011,-97.19881714948089,-100.52378279543827,-98.45394129699807,-102.91465523830149,-94.14098545776676,-99.92735107343889,-92.81698817550543,-93.15912753380367,-98.53452889438887,-100.89278799362188,-92.4807714772346,-102.60529171801112,-101.13339655217442,-101.14406643053525,-103.18052885010316,-99.64587623921926,-98.86443290227314,-95.63339862914788,-96.91678309585681,-99.7664111220275,-100.68833850612954,-102.23943702825161,-101.97819264931697,-100.12021340301843,-96.70430006884001,-93.2279386386854,-103.24919856901818,-100.87596797350103,-97.8743878956917,-102.236132870347,-104.47369408145893,-100.38996982564602,-103.2178878077344,-93.73112222905469,-102.31991466163187,-104.52406926410681,-100.63700842060372,-101.06309334134251,-100.4820456573433,-101.17587111021608,-103.00870437666771,-103.65306716100325,-99.49143015679405,-101.28315092636443,-97.92484082911119,-97.81617649913167,-101.66632889294932,-99.81415478847777,-93.73012988169491
2025-11-02T00:56:10,AP_5_48,5,48,BLE,5235.6793621775705,7.666846373068183,0.5178899107695427,-54.38502218137539,-98.13339024019061,-98.70121689742626,-89.54697452144595,-99.12522103885608,-97.31533001882869,-101.38337304298476,-96.663249161807,-104.50516389941077,-99.95629434341772,-103.14556689145898,-100.80930680654241,-98.35673446462539,-95.89433385023545,-94.82330603382351,-96.56048967947393,-103.64385378849306,-100.21103443508436,-103.68082982756535,-98.61492675550382,-98.55756649478928,-95.11091510749308,-98.24936319087315,-95.66718824506967,-100.37431419881665,-95.41057139274093,-95.8176131805756,-98.78699592425627,-96.44136772530295,-99.6206142352401,-96.19367919237489,-99.34331027740173,-102.56177565394519,-99.64012198892281,-96.27281193950351,-95.75954995966516,-96.97550834630883,-97.8183915129019,-97.86970041829697,-97.17048506663099,-103.38559096954799,-101.70767151802725,-97.43215675255598,-101.1146197696134,-96.9272539577123,-96.98881047644176,-98.04771235087532,-100.25749878863793,-99.2249414613873,-98.0472579374165,-97.6635845755107,-96.80806639347803,-98.18873862957419,-103.49425311416653,-99.72153285593518,-92.00269348989531,-97.79675292070282,-100.72904771873581,-92.28696514362719,-99.01217864917257,-99.88188052110033,-97.28700145181791,-99.31983730731757,-100.28314220416344,-95.30723778252337
2025-11-02T00:56:20,AP_5_48,5,48,wifi,5240.0,0.0,0.0,-106.37079709778563,-101.8171831616188,-107.16792259869378,-101.49957167073471,-97.49558430574952,-101.76061835060085,-102.2748994875953,-106.28426538644204,-99.05039537591942,-97.94077042284238,-97.59447246506356,-101.09782403657147,-98.62685290482325,-100.60822578927716,-93.72578820961064,-96.72783685874963,-97.40625526743281,-96.2319692749764,-98.48937659750464,-97.39473096404149,-103.325355478076,-100.07028582593946,-97.99966570240318,-101.81655863813782,-101.37072364084919,-100.7837128810132,-96.21142126677326,-103.90014100319524,-101.21213004382987,-95.72308339366637,-104.73332642027178,-96.22368771248486,-100.72492421942921,-102.43866649778799,-100.59196844704643,-100.34158147375632,-102.28903230999012,-101.69073602989864,-100.75767743131478,-99.07935915952487,-95.13638575139166,-96.16996161792176,-103.4865067376349,-95.51386451309568,-98.9891450870362,-98.820514081301,-97.00172466676864,-99.01183674528839,-99.81402619462953,-105.4413727230644,-101.2010567876536,-99.81923316460916,-104.54395460979472,-96.62805245032405,-104.62558726635072,-102.60759614324895,-97.43496535137564,-97.86513120205193,-102.33306643808739,-99.81430334325664,-104.07893407986852,-102.35258953517378,-94.02361692520216,-107.60843825122828,-95.4685796445911
2025-11-02T00:56:30,AP_5_48,5,48,FHSS,5242.336434430308,4.883834714001257,0.4055203511285652,-59.98261117972331,-99.85329838451982,-93.87267112018662,-99.40837425665443,-99.43714422895741,-100.37856906576582,-95.89103437925965,-102.14228288499986,-99.09163682590291,-96.52878810628829,-100.29086522119458,-95.76952189731477,-100.34163139251864,-99.63775492322229,-94.31429972684597,-100.05837538583387,-103.14326656015893,-105.62950810897522,-102.71265145545698,-106.08698509897117,-107.33159749511078,-97.618058577021,-101.63638866038669,-100.66029672131391,-102.22276341290305,-92.94799182701854,-98.0841145354852,-104.3846318537995,-103.87206165503179,-98.12214943858676,-97.65255531099832,-102.77295618088122,-102.04378463592435,-100.06645351358102,-99.30691281441274,-103.35026341350986,-95.46279282682525,-106.76914571742971,-98.7305774021513,-100.4135668031102,-99.36926016714176,-98.01158405660165,-96.97850937874406,-103.90053454747132,-103.46192196799923,-96.54994111386246,-100.09603972260896,-101.61401665748596,-95.96712510154438,-98.1397063543869,-98.82003360541952,-100.10017539836377,-100.42939702183669,-95.62194939690873,-99.25166763971751,-99.89645742555231,-102.63818601936401,-97.27107060260721,-100.85965093296196,-97.98222902082036,-99.44949477462376,-92.06687069546156,-99.83563931053587,-100.31525323874921,-98.81408537125775
2025-11-02T00:56:40,AP_5_48,5,48,Microwave,5230.7349750239855,3.200896735981739,0.5394968467906321,-62.78705235814992,-103.99192105151994,-99.76756882589845,-96.15846357974564,-98.87529249443173,-105.6754574543943,-100.41176497266822,-92.45407761816942,-98.0535543802063,-100.03396579240018,-95.15790560825245,-102.34362291351567,-97.95774140358982,-99.2973172314495,-104.74641039736335,-105.1341894297241,-100.63458934559459,-96.12920831442864,-104.60866599004487,-94.1665772266395,-99.6296958665956,-97.5594705648993,-99.12504902733721,-100.5290384992148,-101.53033215814347,-104.22686089635089,-100.13260659850017,-96.4985388024154,-96.19170561549822,-102.00555298934506,-96.77060681107822,-104.0722106268824,-97.01393024047155,-99.6428662235085,-100.73446869929207,-96.48877295078744,-95.90942254582093,-99.69763157973999,-95.51569198625447,-98.8744105521546,-103.20668283868314,-104.7890206955161,-98.92514941675664,-105.37925479500012,-103.95397524577945,-94.9946213413721,-95.39445520191983,-99.00367163427909,-101.91533544480673,-98.42337320469711,-98.10478507617425,-98.03147516558664,-98.21305163269845,-104.95931782790036,-94.07477970884348,-98.87862585253714,-102.32567210777668,-98.69902762869087,-96.02320707127791,-94.38920798204222,-100.12814155064343,-98.10160483921871,-99.06322667194085,-106.55884443801239,-100.69250119778685
2025-11-02T00:56:50,AP_5_48,5,48,ZigBee,5249.892630723012,2.7730013223561496,0.2707839230590157,-61.19034905070014,-99.19271488969403,-93.6302096920084,-96.47430359770381,-96.90393687128802,-99.05598577025957,-96.47915013155,-100.72644233138688,-94.56420032635499,-102.06957105483795,-94.66030819159145,-98.9303861551297,-100.37137448667242,-103.7064895097959,-100.9638521044034,-103.56013712805742,-97.82657768986229,-101.25939038761915,-101.79435277476554,-99.82642263388585,-96.9686599006909,-100.22335594120487,-100.37226911843929,-99.26731607681508,-97.37243991488276,-95.76824184550385,-99.27958613018,-93.86232049615651,-97.58965280749156,-100.15189135999317,-97.7841707019291,-94.40757969889783,-101.83177247390847,-97.41014661352797,-95.28697824296479,-95.28388257086176,-102.74896385637591,-102.19687910546978,-99.57113622174346,-95.58120131860068,-99.9995659614795,-100.88705907324119,-94.35429299879665,-96.77462011362512,-102.35563873731226,-98.63537114090686,-103.36914386282515,-102.5245335005673,-97.98038307972881,-96.79967127303155,-94.56757285966674,-98.12081703143744,-100.79929130185349,-94.00725625379215,-98.16188335366596,-95.61340003917763,-95.52382100176764,-100.44661828208379,-97.26804696218683,-93.35059870814973,-101.85165281513679,-101.74716723707868,-100.48855649594213,-100.64933943931365,-102.12206654393825
2025-11-02T00:57:00,AP_5_48,5,48,BLE,5233.155352485224,6.114733911506052,0.30322478950725096,-69.6402657942922,-93.828395485905,-96.33403143361906,-97.83281305322198,-100.96308060345316,-96.13881157268963,-94.06831779352272,-92.76007958909227,-97.26257923769892,-98.121237553332,-98.48864025769377,-94.64632288805086,-99.50177959887941,-98.58077150498343,-97.5271042963688,-93.18880091109153,-90.88926409297464,-97.0840725746316,-106.25154625789777,-94.81917560628881,-102.1829869280609,-96.75481933120713,-97.31993633706,-93.194210734152,-97.6991469204176,-98.8213641542982,-100.79852219470759,-98.11448840975103,-95.14987739643931,-99.41058455259669,-95.38444728613354,-102.4708487781624,-98.90037932266279,-89.10339312540543,-91.3951638111061,-95.83313830238185,-90.59855936903281,-92.61648216296065,-95.86918968435755,-91.88733759948468,-93.94509447086344,-97.23239351268225,-94.15536973622578,-98.19147779973159,-94.79193001774021,-96.08328257205258,-100.63924618665052,-98.32221106681907,-101.37254498914201,-91.29695959360755,-100.77791166537362,-94.28916158560408,-100.88436720182861,-100.69661987357738,-93.9894804374771,-95.19366123859658,-94.77863664941204,-102.39125408289792,-104.01292073253707,-97.64228763234162,-99.86653507236345,-95.92162795513912,-92.76537165547698,-98.42513790988423,-98.25637307540276
2025-11-02T00:57:10,AP_5_48,5,48,wifi,5240.0,0.0,0.0,-107.3595993986636,-97.3409595057467,-95.39554374522281,-104.66959214730548,-98.35408160932049,-102.90722699796247,-98.7444159225698,-94.46599149282287,-96.5029638000164,-103.07109101228824,-99.17916779440759,-97.92858169656752,-98.26584111057527,-101.35728124806245,-102.8766408034061,-108.05271089053728,-95.2638245214646,-100.0685663239336,-98.13333661692653,-100.85885808080988,-102.09346256373635,-96.63739037675668,-97.8478144719099,-99.55337916981637,-101.28695066826022,-98.05890358162428,-96.85020678858034,-98.38140020215675,-95.42577841542668,-97.61138383795925,-96.75313426976113,-99.48024748346863,-101.69149447182325,-97.56601160389395,-102.52207103644636,-104.91568555917478,-107.49607568991482,-99.51158902518043,-98.90575585591476,-100.00980910428729,-98.67984541028989,-104.60370725726865,-100.61510870026495,-100.86370252002655,-104.53702912499082,-102.30119511166498,-101.40179020763394,-103.24445068188848,-100.50443244852423,-108.4816805391204,-98.79467604391755,-98.91298054711295,-100.65172962316086,-100.77797035079757,-99.51919345566328,-103.02842595980721,-101.94574693707544,-96.74670318036573,-101.37394004621918,-98.7717518140303,-100.83836401351414,-105.47458660947142,-106.37748861273927,-95.85904684387934,-104.05133367500113
2025-11-02T00:57:20,AP_5_48,5,48,FHSS,5234.807382039891,13.547759667868721,0.43305856898320894,-59.22287496442985,-101.93332458658787,-99.62200526020376,-100.17861975883193,-100.89619836590717,-103.07995687898747,-94.43894165715199,-100.10581479071566,-100.05870104750181,-92.94081583660049,-95.21845928217648,-94.32503557063903,-96.63939302202535,-98.84102938667472,-99.12286811624357,-100.85739803070292,-96.69136914029153,-97.59912886819738,-96.80166364488886,-100.06295408396763,-98.24341736853398,-99.68088020416,-96.07430316151728,-96.90114293049902,-94.67536313398647,-96.18090119034727,-102.27861185448266,-97.51442787605058,-96.38934618359465,-101.3499941062203,-95.89018956060684,-100.74625429660142,-93.35634513453189,-98.59490197570753,-99.04859877686734,-93.65094831456075,-104.84557479954827,-100.08403021370971,-100.50426730667672,-92.40666852747067,-105.32212552440888,-100.0783987493365,-100.10664853941118,-96.81859810794981,-100.73530176066492,-97.1927202983611,-102.57765091529167,-101.06877769450776,-100.14634226511446,-101.9682889273605,-99.21366197888628,-100.68564640160183,-97.8202847807561,-101.65434705877453,-100.64341850351173,-98.26084601044319,-102.01419604607429,-96.73552151522816,-103.20176262229202,-96.38580632886988,-100.09994794509105,-104.49910884630947,-99.13598184109335,-101.96098192602612,-100.56577459940982
2025-11-02T00:57:30,AP_5_48,5,48,Microwave,5221.235168351886,17.51656297688552,0.536545578216066,-63.60312223975475,-100.51670361246558,-94.66320275452215,-97.42296643719303,-95.91769309732878,-94.31601244934684,-104.31499970047996,-97.91550875172182,-95.5848275642876,-91.35146200769208,-94.12183830778483,-96.88540525947393,-95.1465287006857,-94.95948288036084,-101.73909891792871,-103.57061167706206,-95.62720047186745,-96.66911690199359,-99.26921806424343,-101.21682997403173,-99.05970355898376,-88.76466543691858,-94.91159647286993,-99.88999982765742,-95.85572657206053,-96.59779184925668,-98.63847267786232,-101.22320246830958,-97.49944910217317,-94.49186936589383,-100.22662867610383,-97.59862117359246,-96.86958442234896,-100.17692075531481,-99.19627187370097,-100.51048028112156,-103.13921332351845,-96.39033169318223,-101.2049217110064,-96.51085517745827,-95.53682890761095,-99.04525011750829,-97.08127149577462,-96.57256742280454,-95.87674207866768,-101.39761505285705,-98.73661387678408,-97.04409326016064,-95.89316794029712,-104.57635211718075,-101.77796810105829,-99.31273516650617,-93.90698874082244,-98.14575432858072,-92.21446219362669,-95.35324227865298,-97.51256753125769,-91.40567397227312,-91.65079184554988,-98.53115723356532,-99.1936048923514,-95.60611249101703,-91.51825055660444,-101.37356443477839,-96.07100899220565
2025-11-02T00:57:40,AP_5_48,5,48,ZigBee,5247.377634504663,14.743838201802685,0.4193873012064446,-56.26876179226071,-102.19990588894542,-105.81579643032951,-105.46998871726306,-107.26791073001354,-101.2157946104153,-103.98750379396438,-104.9541773075594,-99.20168908330955,-100.82001520515371,-103.37029427396767,-98.61436811374915,-107.5267493043089,-102.2267428526378,-101.57301115712568,-102.78248438882818,-99.51048809212988,-102.78586036610446,-96.35351929250602,-96.55229216728945,-100.2271250375263,-104.55560569779527,-96.00426446044752,-98.2289794402375,-99.68156299120368,-96.55351030988741,-100.3027463869309,-103.02364580787011,-104.47544438659543,-103.33319225497877,-97.53844058070837,-106.95203241025142,-99.50117149835017,-95.8739969536866,-98.96920337518577,-101.64828219159756,-102.5489443355417,-102.15688139945026,-102.14602647982034,-104.55141727382866,-100.39856100084629,-100.85516968041186,-102.95825426556313,-101.70499901904215,-102.83463849223227,-103.60065432823485,-102.84728110615522,-108.3685259566743,-101.1317878628972,-104.44075260184152,-97.06684018423351,-99.93530747557918,-98.54456458792083,-100.2623210402357,-99.75821107706024,-99.43673471122544,-99.04856136572063,-95.42934031704213,-104.90574662324848,-99.89030793584966,-96.54247727765261,-100.15798188716967,-99.61588273685705,-98.84117889775713,-96.71627421426153
2025-11-02T00:57:50,AP_5_48,5,48,BLE,5229.5546001161,8.155805030503256,0.4706823718838631,-57.04208493717104,-103.58012739045219,-101.42866854991406,-96.5290252789137,-101.73782183241109,-95.13782808938285,-94.23346018767438,-98.93329959829204,-101.13930119620352,-96.31094297809985,-98.88556035702408,-103.40301597634691,-95.70618041550426,-100.22995462263464,-94.8942549939337,-96.86311832886724,-103.28344617040486,-98.96551085048496,-97.88220716050718,-99.94723666893225,-105.80834751054141,-102.85900369552154,-101.16756755108744,-98.30021936703581,-97.06184119742795,-93.00750262841527,-100.82702496665596,-94.6315994792193,-95.88627970721527,-101.969827807833,-104.04396285997991,-94.9702011877835,-99.6204084735364,-103.64420736603881,-95.28231119187971,-102.83236920177711,-103.7988947408663,-96.1547932316551,-100.00643160549588,-100.18495264863576,-97.3994749851481,-94.59183565649097,-94.57266368269158,-92.49601267736722,-98.51640621470125,-97.51363357204451,-101.17154738870028,-98.11791217570303,-95.02350735117201,-101.2110130969517,-99.91524862344292,-102.61392925515939,-99.26680431091322,-96.4580406615535,-97.72855457621476,-100.23592910494051,-100.7384660117747,-93.85056455524843,-95.7879883696611,-99.8681609456569,-102.78176541661954,-98.09692613847427,-95.6111153234909,-100.81751349315904,-100.47290156236483
2025-11-02T00:58:00,AP_5_48,5,48,wifi,5240.0,0.0,0.0,-107.41808822493246,-99.75398261065979,-103.2941290413338,-97.39957734307211,-104.06412488971452,-99.4313982845343,-100.07585390033084,-99.0750884754594,-102.23323230232545,-98.12065215886548,-102.4695877029752,-106.46199860896445,-102.82428959586082,-94.00114198755554,-94.55861588115526,-101.84344167924363,-104.7400155946298,-103.50808512709266,-103.4628720944752,-100.52863981535842,-106.22799917986434,-97.08535837488729,-94.02153292992219,-102.96702261048749,-91.51240819283481,-94.82996804068613,-104.9504394227709,-100.86304243555642,-98.89269461867785,-102.13898008028069,-96.28013806358075,-100.23057263213359,-97.70788672253346,-98.1104663298963,-106.68783035179307,-95.73305928565473,-99.37636094249072,-96.2683568436154,-97.94500383910211,-101.61384359571275,-101.87658994088565,-92.74828703382788,-94.0601134134231,-102.49419635607283,-102.25125022475856,-104.40053460633577,-104.14661342291939,-99.8977616037334,-99.96509142265732,-101.02122551390062,-99.48280250736924,-100.5533393573684,-101.17948261040344,-105.399617453836,-98.98742592070224,-100.9814091149,-101.74110816720925,-101.79036398852955,-96.70877444445853,-96.03679418088697,-96.20093411532733,-97.03618635710387,-102.57206604487187,-100.62647771026705,-100.33102252020522
2025-11-02T00:58:10,AP_5_48,5,48,FHSS,5228.40914142268,4.127748514041604,0.5951884910330825,-62.07586743605562,-102.22702849535659,-101.95975682747738,-101.79155632883503,-97.90294082707857,-98.9841355651043,-100.17730746959313,-103.91454267224836,-100.87231847985164,-99.82564199279604,-101.86748167866874,-103.72189161205401,-95.54607201619764,-100.17562766909425,-100.31745519389662,-101.5442021286716,-104.52461163230787,-99.98090393947808,-100.00478096666137,-99.10582431744662,-96.08972909682377,-102.29474283782503,-96.67783675213686,-92.54835006711255,-96.93599400827648,-100.26293797472606,-99.59596963433799,-92.88556908366533,-100.90623148606076,-100.68997099590479,-103.25231198517105,-101.80592481251834,-99.23857901079683,-96.40436261099386,-98.67533174177306,-97.42689914882463,-96.5341306939976,-95.05163893780484,-94.81197476454636,-97.20814743327558,-93.65152767528403,-95.12381310687518,-94.94984448299874,-100.16954945355947,-100.3678676421833,-98.136399824641,-98.82908541924432,-102.15004310944785,-99.94861358394188,-99.04023069167641,-101.84697974104765,-94.262400208798,-93.61698342115736,-96.39860066090053,-95.10434631593765,-95.86773265939905,-94.0597455132574,-96.79398241547364,-100.84130935903734,-108.98549778252773,-99.6962191046962,-95.25649505150623,-101.54514528805962,-95.2620903779586,-96.58876998835999
2025-11-02T00:58:20,AP_5_48,5,48,Microwave,5229.188292523388,10.666451730311088,0.6273994807746524,-57.16674838105665,-95.48881804570354,-92.75564962254563,-95.63829212638417,-95.9191944786155,-98.42870908654899,-98.17648895398656,-97.13215954264074,-92.94530248603141,-99.85292090289096,-94.2873400683185,-95.49165691641701,-95.62576186859974,-98.08186419058023,-98.21902420459797,-100.53050791832659,-97.57310871521197,-97.14796615481947,-97.8932629802594,-97.45246848373293,-97.36777050396111,-97.21478462067721,-97.632778980802,-97.98279666848082,-97.67902960843682,-96.89540596358869,-94.14569207129136,-97.02464663034951,-96.48996266742083,-99.31053835777293,-103.29074016306507,-100.56780264653145,-101.94458787920794,-102.41756265252424,-95.17125041529482,-96.01261933248156,-100.82937674406696,-95.9535478134612,-91.52095062524953,-96.5654918391936,-96.67977244879832,-95.66807398842684,-94.08537858542925,-99.51772022558279,-96.9559296352889,-92.3736640834732,-97.99226278176936,-96.10505368592268,-91.62812758533569,-95.69594781483652,-98.79338160190103,-102.18466611407882,-99.76401061567248,-99.23182925190427,-100.93291044400013,-97.5193488410719,-95.35577007818699,-98.62507822252932,-97.69230002434514,-100.97700070384639,-100.71219636084358,-100.24022235553161,-95.31403041720303,-100.70742474926891,-96.30565493057333
2025-11-02T00:58:30,AP_5_48,5,48,ZigBee,5259.904269468594,15.569518063067532,0.5710374794200135,-60.15677244808259,-97.91305284943287,-93.69483533058288,-101.73663525185856,-91.9653431550049,-99.83284287525993,-94.89495483539088,-103.35787199951841,-97.81599459302934,-99.86567812734538,-94.51159703180674,-101.27869867146873,-101.40117392147377,-91.64077440440994,-96.08059064671558,-93.7826552213344,-96.49423563402654,-91.19267313284134,-97.92392051904916,-99.97026976099608,-98.94303179784167,-94.32645813450621,-91.33385890187945,-96.10981320974815,-101.280849891589,-106.78688330058598,-98.70409777889644,-93.77132372552595,-100.82857680331979,-94.64358955105732,-95.6318364277156,-95.56318768509978,-97.84600519893468,-98.94990217792176,-100.85955270296193,-99.07591844360407,-99.40934826697348,-96.84923081632998,-98.23216085943847,-98.97425934188145,-95.78775019048327,-104.27573880397705,-96.80170436719212,-95.58723498430487,-99.11540329729327,-99.62614086450822,-96.1014383478902,-94.93236411900327,-94.82693165492609,-95.43477700933747,-99.0523548247072,-98.30812780408773,-93.42537342810563,-98.12308611853958,-104.85291719920743,-92.18585455703749,-93.34059152476989,-96.45490728839532,-94.57168714984277,-96.91712756187762,-97.62174074059764,-100.3186661560051,-92.8293150722899,-95.52354512700019,-102.67611314361376
2025-11-02T00:58:40,AP_5_48,5,48,BLE,5229.879508291225,9.094306300044218,0.6692301350905392,-69.5051138410055,-93.81280493528284,-100.53374950021737,-101.00379340865885,-104.77061364033788,-98.14416033776165,-94.27533789049915,-95.89368365274615,-97.13144144674325,-97.76982731992558,-102.91643879541185,-96.01363378390393,-99.57597650515883,-98.46992476081988,-97.13452544298846,-101.4581253718211,-98.04641224219807,-101.75991465528377,-100.01232772107387,-101.82028642707463,-99.78181422506063,-93.58748487171104,-99.54936008262064,-100.01336477362244,-96.92399789498658,-104.48382812714358,-93.05249513442742,-105.03212486587807,-102.85048876813997,-95.06471852602814,-102.62831524970039,-101.0174847232754,-105.62937700684719,-101.03305579425742,-99.90795184814006,-101.87464167843223,-93.42580565775032,-97.90330365059711,-95.96584974050545,-97.98551476222008,-96.16890636161463,-99.43914539263558,-104.86243573197666,-97.80034295131564,-99.27844784030151,-94.93321204072633,-98.08510043252558,-98.30070998314672,-102.31418726116196,-100.52328504403245,-107.23291690024712,-96.20835420562568,-97.95014189760124,-104.28542980502381,-99.8779491065989,-100.99136416035594,-98.33567586988538,-95.10302437259271,-99.93704604039826,-97.89919659586577,-100.81948215759522,-98.02319307827122,-101.63397835928292,-100.73215453061303,-98.85716026314789
2025-11-02T00:58:50,AP_5_48,5,48,wifi,5240.0,0.0,0.0,-106.94213305597405,-99.26640606884973,-100.73960283845122,-97.20430707733405,-100.79590658510169,-93.57000067255319,-101.122408815184,-101.8551155862489,-102.20578661750025,-104.69572624453922,-102.09051915636552,-96.848988796265,-104.89989369096254,-101.42473091004369,-95.69863889027411,-99.74276562272132,-100.63893669160271,-97.02188195993848,-94.6950349081131,-99.30188790576838,-99.83828877428736,-102.14235375902649,-98.22832174303528,-100.76833626322608,-98.52903265623979,-98.73450995777799,-95.05787264037963,-102.39546829151142,-100.8487030770114,-99.09983650980806,-100.91808619491871,-101.12968202363297,-101.90142139740203,-98.26148500549974,-98.63269029420549,-101.33084054954797,-100.08790805456067,-104.59859332685575,-101.18739137122694,-97.31867489095171,-102.4305749188564,-97.99707779782183,-100.2692264396269,-100.22971521707214,-94.86478219577648,-102.54003839271618,-97.74832248276935,-100.08455134421352,-105.60651932537536,-96.46637393241087,-100.01445350943557,-99.3950906267168,-99.7821657602989,-97.4275571004321,-102.48083007033857,-103.48486459119448,-93.35912823590569,-103.65925418427285,-99.48176198328365,-100.06063865312169,-92.51802643182008,-97.6015699839246,-101.32805398062123,-100.19415233504155,-99.60104580390374
2025-11-02T00:59:00,AP_5_48,5,48,FHSS,5245.081836811387,2.426292479435911,0.6833305750027194,-55.83176830150812,-100.22394516984951,-97.74126256168087,-94.07146468817417,-95.07342741026909,-102.65471255721215,-100.32705234272697,-93.72471834361582,-96.92560503221283,-101.13751214165082,-99.58770005864203,-92.91464249453668,-96.54547118700202,-96.89311377016395,-99.39062241063846,-102.14314907030312,-98.94422778743164,-98.97676819987913,-100.82968849521605,-100.618322541649,-100.1031603694428,-97.10683034593684,-95.36870843890165,-93.52157357241077,-97.4731489973158,-96.05390922492867,-95.11557423914074,-96.533283263451,-97.58916998541966,-98.52846601916245,-97.32420338165062,-98.02890755829695,-96.13124168078312,-100.52881498564015,-93.6240530338167,-97.03100040356976,-97.96911273665248,-99.92545672521055,-101.9386088220315,-98.80392055480357,-98.14202627419597,-96.90715269217641,-93.79191049121698,-99.36858212240926,-97.29473885927861,-99.57972137856156,-102.74490119625727,-93.66054158992242,-98.96737843530319,-96.07851548077115,-99.91270100899798,-100.91572146380672,-96.11828868415856,-99.78399866610435,-104.9396528010958,-100.73098667230278,-94.46519810186777,-94.35223634053096,-101.47768426055715,-100.72751210683892,-100.97089888385969,-101.17163125630147,-95.0409924306705,-100.91392045129578,-98.57000371554878
2025-11-02T00:59:10,AP_5_48,5,48,Microwave,5238.648974743232,7.299620241658323,0.2943142323513537,-63.91545350441322,-101.6506457355056,-103.95894624893538,-96.26427285953268,-97.36953392524407,-96.84700778954928,-93.50850576188782,-91.38383220233028,-101.6256771403803,-102.31887308123368,-99.67243419943419,-101.88090855117854,-94.15281426312946,-99.94927540507634,-95.21036301073474,-96.67511976482865,-95.56186294724908,-100.64248039840965,-91.8543066309494,-102.26565497245466,-101.25861378933075,-105.4423482009451,-96.1825755659181,-101.79404832848896,-98.99616128807637,-94.95238875235708,-96.566709164053,-100.56892389823254,-97.63168488544049,-100.37828262072804,-96.02963153555217,-100.87421965877553,-101.32966386542115,-100.2122368779355,-99.56773766159576,-100.28837483997731,-96.97328413750616,-98.00281172082322,-98.19416876264228,-101.0699017982235,-104.68676120853107,-97.76701492094813,-99.01593605990666,-104.72756937823843,-102.24779409104275,-97.01447117103771,-98.33141999220865,-95.55405019419939,-87.78280947559375,-96.0246521542374,-97.95039661033032,-96.85241036552777,-97.4526827396797,-97.24283514002637,-96.88856707513037,-98.337777286851,-97.20848178525154,-95.80731890444942,-102.32423150154706,-95.90599831050712,-95.10992981644524,-98.10694548712884,-100.67832707437552,-102.14148618814701,-97.73630943240984
2025-11-02T00:59:20,AP_5_48,5,48,ZigBee,5249.730757319846,13.327833353270456,0.3353320932720772,-51.810942609008734,-98.36339477375536,-102.48657542728785,-97.4505060541931,-98.3417148385857,-100.31399534943873,-100.0130656172912,-100.28131749622912,-100.96783223637608,-103.16201681388843,-101.16510431434459,-102.96272817543147,-104.52090463838339,-97.65938830811919,-104.28003540088177,-99.38523247859865,-100.25469430643881,-99.31546424417513,-96.125524520733,-101.93099771949234,-100.06243217937653,-99.37769870312692,-98.06662710953591,-99.05256213336655,-100.03229434674132,-102.53539710043046,-96.70482377275633,-104.24075065701781,-101.92284705530658,-100.76500292631044,-93.28096637351527,-99.6406287231807,-102.50281827997674,-99.82312938953024,-98.45297805652615,-103.71118792928243,-99.51762943393057,-101.30560022664388,-97.625562397351,-97.10326971918033,-102.39925071859224,-99.78117010773076,-98.03006675921122,-99.14366781258849,-102.46124837418714,-102.64715686071581,-98.39249951066438,-99.00828691100506,-99.84361926791455,-95.93072622734147,-102.71767077206054,-101.55742998618317,-102.46590843188403,-93.55951756073911,-102.14531125104216,-101.07263211320368,-100.58072631280812,-98.57140009828356,-94.47054858304124,-100.2643764575535,-103.88668965782503,-102.94317492807369,-100.0233428426465,-102.28919682405542,-104.91343998498482
2025-11-02T00:59:30,AP_5_48,5,48,BLE,5257.023208452464,2.3190427694379427,0.7652119415803853,-55.38747667414282,-101.95466100806891,-101.94134667875286,-102.96524140913272,-101.88563339313185,-98.19340226309602,-100.43271485585869,-100.13385402122056,-99.88100309968696,-101.03311498369017,-101.66981730207719,-103.81336143893965,-108.45756848504713,-104.29144980698061,-100.74146470296306,-99.72611142716126,-104.91382998075127,-96.01731633563757,-100.27631150614147,-99.6340377348952,-99.8767280723597,-96.78636986337543,-99.00612552691155,-99.51633299766479,-98.77874676655051,-106.47891248852017,-102.41290046080202,-100.21274113103098,-96.84508585153573,-103.37379570635599,-104.19278210196356,-101.4149612459925,-102.60275553520783,-104.49805338474022,-99.7630496716869,-103.02327448759137,-106.67397696408712,-99.84586223212767,-105.58908874846729,-104.40907449154699,-103.34949342005442,-96.97078812279695,-98.99506840405571,-98.84249648065611,-97.79009499201786,-104.36406393339114,-98.66010000716054,-100.57872824969724,-97.9331679048168,-96.77768795927095,-100.73416513847049,-99.76297975471587,-100.13850369615719,-94.11612844706947,-102.39185569168984,-102.59118914956512,-96.03332814480159,-98.83976945268773,-99.06073747455108,-103.0650492757313,-98.19214874939712,-94.3768474859593,-101.10217182399015,-102.01226791923374,-105.34649273472235
2025-11-02T00:59:40,AP_5_48,5,48,wifi,5240.0,0.0,0.0,-105.87431466998585,-103.94024017785955,-101.00883178260585,-97.74077673172314,-100.20275158198531,-95.55817602673197,-99.01715331265999,-99.63145331340102,-99.13037258544747,-96.54355251847718,-102.72059531346356,-101.00974836059054,-91.24643228487058,-101.4492325575145,-100.16119126355737,-100.74075028740972,-99.57202162248653,-99.72939611348811,-96.82098419635074,-97.42068795412041,-100.74340901940425,-100.51207819587039,-100.28052457148983,-98.68375434670307,-95.70001226236488,-97.74048889949812,-99.6896031880794,-100.01188600446572,-96.18146099467606,-99.28309754961295,-99.120283243676,-95.78899819040637,-101.02927494440213,-99.57954017076958,-98.45627248907529,-103.26371096693883,-96.10330949268466,-97.93516503486437,-101.50545791914669,-96.61392395370154,-95.23818611446266,-98.94851473253075,-102.72982423230398,-100.30688303480831,-99.68388940746274,-101.41834752957318,-100.47190557041922,-96.33768983634486,-102.60931927585023,-101.04151005304638,-91.19300993616231,-96.36972205168256,-100.442306623943,-99.87635264528497,-100.75002762038916,-98.23828442722079,-96.2795214506176,-96.64756793485984,-101.77587192116476,-92.66325215408408,-94.19728600811278,-95.79280820297691,-99.63175165425255,-102.52025380862628,-100.2634493214132
2025-11-02T00:59:50,AP_5_48,5,48,FHSS,5258.906959527469,18.451158991401233,0.5643814534225352,-67.36160086349769,-97.3214547712612,-100.75058411443707,-95.16661242140451,-99.92197755064366,-98.35823062112104,-99.26563716477028,-97.94482728626483,-96.37903875866209,-99.67963726279544,-95.4915246869952,-95.16821899615734,-96.09945203867105,-96.90908556168645,-101.1504031349485,-98.69271693375221,-98.86477079071778,-103.3810222290346,-98.97823230618096,-94.53001863784587,-98.16446863241102,-97.74945771216858,-102.77324815551871,-93.65530916310891,-94.5196323087065,-97.55944210034431,-97.30558446903775,-98.9310563464342,-99.27447491665787,-94.85777680139509,-98.61747934744682,-97.8008701015993,-95.85935874837499,-98.39504133438554,-97.95409568978722,-99.87084091219992,-95.11249692171134,-100.50912021469271,-100.31528099273481,-94.49478829875213,-102.9246529749571,-95.468684857245,-96.44482659502265,-95.78634397764654,-102.5697866837121,-100.8376629351006,-98.25312614612176,-100.92488642245424,-94.67670761353719,-99.17499179222959,-97.53801748908289,-100.28664593601754,-96.10561578884665,-101.4053842846113,-95.01034566918419,-99.61556959755758,-97.0938637497715,-103.27611520495779,-95.06413852794155,-100.45081876829092,-97.23743209473328,-93.25630889985966,-94.49849685674347,-97.90468153137499,-105.6777388031874
