timestamp,ap_id,band,channel,label,center_mhz,bw_mhz,duty,power_dbm,fft_bin_0,fft_bin_1,fft_bin_2,fft_bin_3,fft_bin_4,fft_bin_5,fft_bin_6,fft_bin_7,fft_bin_8,fft_bin_9,fft_bin_10,fft_bin_11,fft_bin_12,fft_bin_13,fft_bin_14,fft_bin_15,fft_bin_16,fft_bin_17,fft_bin_18,fft_bin_19,fft_bin_20,fft_bin_21,fft_bin_22,fft_bin_23,fft_bin_24,fft_bin_25,fft_bin_26,fft_bin_27,fft_bin_28,fft_bin_29,fft_bin_30,fft_bin_31,fft_bin_32,fft_bin_33,fft_bin_34,fft_bin_35,fft_bin_36,fft_bin_37,fft_bin_38,fft_bin_39,fft_bin_40,fft_bin_41,fft_bin_42,fft_bin_43,fft_bin_44,fft_bin_45,fft_bin_46,fft_bin_47,fft_bin_48,fft_bin_49,fft_bin_50,fft_bin_51,fft_bin_52,fft_bin_53,fft_bin_54,fft_bin_55,fft_bin_56,fft_bin_57,fft_bin_58,fft_bin_59,fft_bin_60,fft_bin_61,fft_bin_62,fft_bin_63
2025-11-02T00:00:00,AP_5_112,5,112,wifi,5560.0,0.0,0.0,-103.91229113695074,-96.47166561758529,-101.23969168948773,-93.65102956919344,-97.22552426035776,-93.4358885550487,-97.5156996704756,-97.32089026330267,-100.54924342182662,-94.63302021789632,-99.53981099902002,-98.37155825654843,-96.90914957870314,-96.54861858588268,-102.03058195760401,-97.6047087334148,-94.5266004810196,-98.04730524052245,-97.58648639959071,-96.42507298442256,-97.29017243459174,-100.00383764411356,-97.02132950795145,-93.93007162693306,-100.06581897875202,-98.03573680540819,-101.05718510875597,-94.08814528547971,-97.18936575746437,-99.46289003776833,-96.6354943365212,-100.5230917816371,-100.01277773133197,-101.29269172650608,-100.11262884962294,-92.84027838495132,-99.11164613079853,-95.5136157689963,-99.4211953968185,-94.63368989966108,-99.99053713974469,-96.79460735366547,-96.75373720734389,-89.92887512767096,-95.02101527301025,-98.69100317993856,-94.8571442459992,-90.49776772549512,-101.80119940840363,-99.43973726465693,-97.62298381429062,-98.1635558183766,-97.91056123194036,-100.82498793373047,-92.7004229763007,-101.1801169323806,-97.51292956581824,-93.77479936166864,-97.0028457083883,-99.85047363765905,-100.95831810607261,-97.60228872503409,-99.18337983450215,-96.2965978618418,-101.11664458012328
2025-11-02T00:00:10,AP_5_112,5,112,wifi,5560.0,0.0,0.0,-102.299008671846,-94.02612389815891,-96.21769976826371,-98.41139761738613,-97.00868899740543,-97.39852466013178,-102.98172912564141,-98.3249040195685,-90.49237938774807,-94.19320803296901,-96.42858023788129,-94.10356920542593,-101.15922224903412,-94.45271552245872,-91.46653188240354,-95.66235651311413,-100.6149772505917,-96.54083027617608,-91.46122268689663,-94.52311970115299,-99.55393895622669,-88.19612113429439,-99.0604342205814,-96.02778241668564,-98.41116667380261,-98.4070147165868,-96.65546201905147,-93.39055819230776,-91.4274143361872,-96.45751318794338,-98.32943933440077,-93.86309072186657,-93.77511793505843,-94.57787966518565,-94.4717892331258,-95.63670801087704,-95.00455610817835,-95.84396205771671,-92.08827749073463,-88.61363016972837,-94.76004921672443,-95.31872541576008,-94.5314245747758,-97.27277407479588,-93.00407355853153,-93.97547944460261,-96.56041929597407,-92.59280821471856,-95.24203936680983,-98.20917858726912,-94.24419533557712,-94.58803116164802,-92.41775423351412,-92.80436782162145,-95.62668766373228,-96.7152694810866,-95.2937774216726,-94.20908203284003,-93.84774553855085,-94.39477204743764,-95.57129450226131,-92.30855761177632,-97.32191435412582,-87.86079831538153,-93.00979753138472
2025-11-02T00:00:20,AP_5_112,5,112,wifi,5560.0,0.0,0.0,-104.37564356764308,-96.92201991097055,-93.40386056790105,-102.99660191176872,-95.99798649800759,-98.5692289576856,-99.95279653267359,-93.90014182942771,-94.70838127201412,-103.3950736349205,-95.22915666169368,-95.59319942842528,-99.54485808761606,-99.88155540853258,-102.1473692414383,-98.38823925935398,-97.90810618256278,-94.98465322656754,-96.5675024741414,-100.55536791355608,-96.65902059280855,-98.13777982585482,-100.18012220863642,-102.14416529896022,-95.50123356256655,-96.03645211920468,-95.70533648280036,-99.56037686811837,-96.86240398133779,-101.50173600884483,-100.33539200319872,-97.27444696839808,-96.58858447667654,-102.26209725546117,-100.54827771055099,-98.47182207589279,-94.5000873689122,-99.81495182624174,-96.95391771925784,-96.63946564574084,-98.1247190448135,-96.57158345316478,-101.41039398133432,-99.34300516332893,-93.0725639952364,-92.86134886165026,-94.84688133181237,-94.07446699778214,-102.85337613576237,-100.22173122352379,-98.30894827667741,-90.12871778840096,-98.31489549116242,-95.14093066877356,-96.24052748287853,-96.30727318544946,-97.44623543825472,-100.97574205832144,-105.47913530809963,-93.5301161215359,-99.2251369264157,-102.97698315255626,-96.0617605046343,-96.11927534043598,-95.07196663319898
2025-11-02T00:00:30,AP_5_112,5,112,wifi,5560.0,0.0,0.0,-104.19486048580538,-99.56034283458811,-97.1202176523843,-98.53421791050472,-102.8508824872535,-102.00396180427222,-95.90476276731754,-95.84579370785661,-100.31974622598452,-92.5227043994097,-100.52480527714148,-96.42305360727997,-98.44057885784129,-96.87401641315252,-94.49926068596682,-94.92283443687342,-95.07133369449102,-95.45439360355523,-101.0130938110337,-93.79127159205636,-100.37572596709505,-97.51296276135533,-98.24884124981176,-96.14449060793717,-98.649006224932,-97.67039232425087,-92.33825637087728,-101.08062060535698,-97.20225978090981,-100.53724197860814,-95.17181156710559,-99.37504692323618,-97.07925116505008,-101.16885528761385,-93.32024099222086,-96.97649073503838,-96.78156394261185,-94.70767562276525,-100.94908606459609,-99.03992741204499,-96.68469800106594,-102.48082551543003,-102.15874054138321,-99.6586474621729,-100.61785341485123,-98.2264505265669,-95.62756406098875,-94.94521950454669,-91.76662854049938,-97.26273381767453,-96.73178409070015,-97.26950217221318,-96.2340556917859,-95.99975826083096,-94.42850720736222,-94.44023573099228,-95.63677066726754,-92.66434202084395,-97.11458930688882,-99.02956358369812,-98.53899564206885,-97.5123650266321,-100.44576572890412,-99.03496316926476,-100.61437337101086
2025-11-02T00:00:40,AP_5_112,5,112,Radar,5564.804105075808,10.0,0.08269496487022648,-103.81654344503127,-96.15652563968389,-95.65235218427905,-103.71350054101197,-94.73017278265881,-93.6714399177549,-93.33421833003507,-99.84249956743189,-97.1015514033966,-98.62538060377767,-102.75437039751688,-98.87024479404286,-100.26095756495327,-96.00505414769712,-101.90297686218393,-99.94727865043306,-98.56702555665157,-94.69815247201497,-88.67530831003961,-96.09936328155231,-100.10496556452124,-99.04593255394954,-95.03445890379074,-101.04664657741357,-93.71847524214039,-96.18840418217967,-97.3838476858614,-102.06329166538418,-94.2474717799314,-99.29350661769973,-96.54755645509414,-97.48011391395032,-101.7600331294511,-97.70068982032133,-100.63948507363553,-98.96469115575202,-95.7102948000117,-94.90125320356493,-97.0633737245174,-99.66046222239459,-98.95086727068691,-99.0029510687263,-103.41982641832512,-96.788852611,-102.0068587969334,-96.78004601883454,-101.38693893607439,-100.62739641410103,-95.00278625423691,-96.93492496650256,-102.66316020988633,-98.68502621405705,-96.22278752038555,-98.86650501410124,-98.03808840949688,-96.27641578548908,-96.8745234523284,-99.98540202491054,-96.94172627023109,-97.8706665731116,-91.83627799113356,-97.31788149356547,-96.60371511515898,-96.2292743878157,-97.97554719815865
2025-11-02T00:00:50,AP_5_112,5,112,wifi,5560.0,0.0,0.0,-101.93302712662873,-93.6375002491251,-93.75602043856688,-100.09613290396547,-98.38259488083415,-101.8799505605803,-93.5858064874342,-89.09687508071075,-91.73551746486882,-94.7995288943484,-95.22247698103638,-95.99013394457177,-91.75402328213893,-94.28605514169126,-94.74564675341584,-98.24286144510913,-93.12979754008448,-95.38298003523178,-93.74212085969818,-91.93579718887963,-99.83766506846007,-95.81985475644271,-96.25487646128565,-96.51928216260885,-98.28369621175227,-97.11559077461095,-98.22837874724577,-92.45828823774843,-93.80078053776238,-94.00879144850596,-100.71395778238897,-89.08649655658428,-96.15861196074333,-89.699133822326,-92.68563096305859,-95.62801844382851,-88.80341381488194,-93.23088632867717,-95.6180581775582,-96.10632933697045,-91.83716585609156,-96.5425573055596,-96.06872286788517,-96.72387484555951,-97.19995819027491,-97.0164266839168,-89.61565696650312,-91.91029827244336,-94.22704171271234,-96.5755196839155,-96.58714545291774,-96.03289556028042,-89.56616492088021,-94.06028061348579,-92.69041064793925,-94.33352204358461,-97.5899348768632,-94.6253398491203,-98.16052514923122,-91.34702179721494,-97.17889459474232,-96.64870036668788,-92.49349232428361,-97.02797829415317,-95.59019258451177
2025-11-02T00:01:00,AP_5_112,5,112,wifi,5560.0,0.0,0.0,-104.81842583259338,-95.20970059909995,-104.95476850488305,-102.11787636402265,-105.03267516206795,-98.6398681232511,-98.82643647757276,-97.36549782225332,-95.29086670042672,-97.94665414812876,-99.62708856074944,-97.83137174646686,-99.30010586839481,-102.25046247218944,-94.94500680543612,-96.54472307909131,-93.4716490657726,-101.52952747491513,-102.66272698135433,-100.62630451959124,-96.62184991943221,-95.2415688045168,-96.95958834366608,-97.38757028899694,-95.25481802879635,-99.19671538800418,-94.64908535139551,-91.86337668379853,-101.00667774095753,-98.58060093767155,-101.98793355767539,-100.71396977513089,-96.64079658644351,-102.87527886045038,-100.15718397426429,-94.6575384687766,-97.14808134920028,-95.51442732162117,-101.69907799989265,-97.61525996406453,-92.15826413684084,-99.80412042057435,-99.28248132352611,-96.07332721000749,-100.51792063715564,-95.66665700042643,-103.20837597381882,-105.09536335952156,-96.87511347340589,-100.75790091251133,-99.5156711503309,-95.18853988078897,-95.94575899726769,-101.50035866145475,-96.25924389189856,-98.71906474394594,-96.56715158801741,-97.87890963280411,-102.32881626753934,-99.95781262720263,-105.05474751713797,-97.26290440945488,-96.62773157429898,-99.93169986423563,-98.16555375545241
2025-11-02T00:01:10,AP_5_112,5,112,wifi,5560.0,0.0,0.0,-103.67389798589319,-95.8475610871471,-92.96925592521444,-97.90978860398448,-99.47030850164765,-92.71956624682073,-94.54182230794738,-100.06325953508303,-96.2547074456972,-99.23502644916039,-93.49219736575118,-96.3050420854351,-92.09082371286122,-99.46856940085917,-95.9926184344621,-96.71064529096249,-95.9098066662918,-98.37287747073736,-103.42689601505698,-94.63667903229893,-96.51304012352749,-99.1677465480502,-98.17932170386403,-100.18172364470836,-102.24890053455962,-93.55773655400218,-94.95915693667615,-100.72783382618734,-89.0997141965503,-100.05433956583425,-94.53015716539386,-96.6626816506519,-100.46277112056369,-95.62486393114939,-97.22722617224316,-98.58480772741775,-92.71644490924699,-94.80222527557537,-94.5162898896544,-97.31970908542922,-95.61744553668099,-96.754534608267,-95.1762700511621,-99.58849238263755,-103.79641612170545,-92.60549750103738,-96.71814879738854,-94.95870832107079,-98.72725101464786,-97.34516627278937,-92.11296524415485,-95.58230503019702,-90.05977425053372,-93.99913461697193,-98.6783490061265,-95.34900470073026,-91.62697960389994,-96.01308231983123,-94.7376456339628,-92.43556672024533,-103.71022150306139,-94.5700149008774,-92.63345908394513,-98.97653113610302,-93.53802375036275
2025-11-02T00:01:20,AP_5_112,5,112,wifi,5560.0,0.0,0.0,-103.86287773950862,-98.38318911584142,-100.70236662848288,-100.3568319176147,-99.20085581311234,-92.97811343712233,-100.5196841749532,-96.39563602844382,-92.6678751108456,-94.91058650181691,-92.59871246484037,-98.62191100015916,-94.97844786107859,-93.41015360058317,-94.03936297911027,-94.19315280724719,-100.44677533282854,-94.86169077462303,-95.39961085728812,-97.31386325963257,-98.67763113022141,-95.51154381806805,-99.82488337944221,-98.15677724866251,-94.03645851964056,-93.73686992132393,-95.41660221049688,-98.24225705356378,-100.19746049629076,-99.20119209900953,-93.0060500456166,-96.2792522262971,-97.1686453777596,-96.37247994248435,-94.809190580777,-99.94264785563097,-98.32195730167199,-94.92467925501184,-96.14354806474846,-93.5445417691787,-94.60267519971093,-99.17908895815603,-106.87549270691585,-96.25003699356569,-99.99872225758493,-95.34008420505333,-92.09141462151614,-99.95182635059591,-94.92350590138871,-94.2521582229042,-95.8257310219592,-95.87922573137007,-103.09214194301494,-96.66625625740652,-96.88890814098924,-93.71369182227956,-93.98303822107329,-98.39390919297782,-102.56272343848913,-101.65090423821545,-92.6367249924049,-97.0947492667897,-101.20278870991605,-100.82988618582904,-96.1704781025069
2025-11-02T00:01:30,AP_5_112,5,112,Radar,5553.526493899854,5.0,0.04441525657045864,-114.24286176905856,-102.92424731458787,-101.3773245840368,-99.01605015421352,-102.22052186465157,-98.4750621596867,-95.73081217688869,-96.82399915185644,-99.64190574782857,-95.28326218588498,-98.98450850529154,-99.95090857963689,-99.87170347193357,-99.30932002460996,-98.26903176590388,-102.25813533026636,-96.17553475397392,-95.68336912815961,-92.16168989880185,-104.72347815210438,-99.47108348847557,-101.97737313611411,-97.62586259064217,-95.9005015818893,-99.445458984882,-100.47954840143451,-100.9997866464647,-100.12382826852472,-98.41343212572139,-98.43271577386302,-95.04835451203014,-100.01268969208665,-96.78565020387359,-102.17942791863706,-103.30467818135897,-96.47789996377351,-98.2476276292948,-101.04698508408221,-102.22161989893816,-100.88402746273466,-98.80227279534552,-98.98234819347708,-103.79078259777341,-103.26031366639081,-99.03516266163639,-97.68871191209864,-101.80786577791389,-103.70194061076359,-99.33915976167269,-106.05010263748247,-100.59769198352849,-97.64557471132723,-100.16627297074207,-104.13005657201948,-94.90843170823206,-99.40943931837994,-98.80164877596219,-96.7923029228831,-99.97122495539037,-100.25290761353449,-95.74548781229362,-101.88143970284881,-96.68240043493367,-102.81798152568058,-101.61204405245475
2025-11-02T00:01:40,AP_5_112,5,112,wifi,5560.0,0.0,0.0,-105.45734139932995,-94.22561509201057,-98.82032023489268,-97.30601346968614,-100.4736821890147,-101.07290260116737,-103.29408951418625,-99.10835114019827,-97.33107147804422,-92.65012615895661,-100.08412797290252,-94.87566881418354,-95.65636701014589,-100.67853680228826,-98.37063163980746,-98.33491427956415,-102.61702377717833,-99.21403931279839,-100.98563730676658,-99.15169071838535,-98.94830595082205,-98.61461374246801,-100.27176849560084,-101.64231024378229,-103.7700662837442,-95.6705832078297,-98.39911569233725,-95.39680065410579,-98.93570725522903,-98.52604997819195,-99.2902993831614,-99.57444317942742,-97.76051480893855,-99.38240800681181,-95.5855145306796,-94.30957643779134,-94.56368310657463,-93.83591211687416,-101.90225598361127,-94.85829640356707,-98.19668579859363,-98.15607337224375,-100.61727568810646,-99.58968226912926,-105.07404814231748,-96.78946617962433,-99.0708734091639,-100.0132707265964,-94.45201566033965,-98.42819474788062,-101.23000831632214,-98.51081746406011,-93.3193322075562,-98.84942005990723,-96.03518697167561,-100.62153073702767,-96.9739310043163,-97.83948366565086,-98.45292888226608,-99.9228599075337,-99.30595344066775,-104.115582007812,-103.30003927495682,-103.13012150244678,-103.03404809079876
2025-11-02T00:01:50,AP_5_112,5,112,wifi,5560.0,0.0,0.0,-104.17017542399746,-98.65463961911098,-100.19658733119206,-96.4096288906121,-96.10983943170388,-96.82260470557299,-97.45390282514683,-94.78839192329681,-100.0886138193784,-99.68416401454745,-98.8895940247884,-97.52018045620878,-99.07558335804647,-99.01213659871048,-94.45078789764545,-97.41777566510534,-94.76396217721006,-97.15603432913088,-99.30701064130378,-93.84850079159726,-98.38163435643946,-96.15422218112619,-94.96549780551508,-97.73794964798857,-97.92964643578604,-99.52156564710464,-96.85831439640968,-99.47152056246779,-98.00440478072194,-98.25254687371351,-98.88260907923393,-96.38636163782888,-93.75713828306144,-94.8474943258788,-103.01166734642811,-97.06105860313902,-90.52740315023317,-96.90638414339872,-98.17430541194574,-93.34634613728642,-97.2580240373228,-93.66899563091172,-97.68348569067514,-95.93306308882838,-99.08754902060622,-94.18783267266507,-97.32862838761373,-96.78907725307859,-94.37466874212637,-95.79725461590382,-97.68892054612368,-101.34338975044358,-97.50749499616346,-98.24873522644279,-97.12513016556636,-97.80605533627211,-93.41647687454117,-95.56902182607921,-98.21909143495681,-95.09309946829104,-92.85691670868276,-99.08352188040841,-97.85915163515263,-99.2059322491425,-96.07364712977198
2025-11-02T00:02:00,AP_5_112,5,112,wifi,5560.0,0.0,0.0,-105.5784427788282,-100.98436907586175,-100.98849929995099,-102.93517873130716,-101.78636705555128,-99.67826544864798,-95.18011932254484,-92.4864362014886,-95.80383354731019,-97.85487293850281,-95.51300230583745,-99.04667994535292,-97.80932430214413,-96.42355126120567,-96.95269863699727,-95.70685020344186,-96.54321629099329,-100.78057650807152,-96.64994331106239,-100.8244351943355,-96.38274055040903,-99.8071813172148,-102.45344882380908,-102.77850605359649,-92.10274889118418,-101.72902814855928,-95.7361319118302,-96.55187754364918,-95.81359456558249,-101.60143283287134,-99.83623573254349,-101.49898489980265,-95.62527692037406,-94.13646414239244,-98.72168076012464,-92.15250007232166,-97.80155635211186,-99.20629803696553,-98.29162808282578,-97.13477414410038,-103.02061832906239,-97.80176493457094,-99.0683342914187,-99.38034924226247,-98.98483814010696,-95.65711855357763,-98.57817712742877,-101.99942043536552,-98.37422364283893,-99.32998190235364,-98.5835307762839,-98.83415109874714,-97.54316328420504,-102.77434309007174,-102.66750914548386,-98.8760708782966,-99.39075920707039,-101.47814249638705,-104.73432563193242,-97.85803995952418,-99.96029760193368,-97.6105779842335,-97.79668671246372,-96.46526394532562,-101.79706001450059
2025-11-02T00:02:10,AP_5_112,5,112,wifi,5560.0,0.0,0.0,-104.61053429705093,-96.862385275198,-99.69707987726133,-101.81787012501843,-103.41761195078142,-95.72427811828426,-101.77883299902437,-96.1211069922773,-99.56318100654036,-96.82564034064855,-97.75540765792277,-97.16689495312812,-94.7472208374834,-99.73619173342153,-93.14826849054695,-95.32039871933083,-98.6243334449682,-98.3099180931887,-97.2701457743519,-98.89635274075192,-102.83497932910876,-100.55784658291935,-100.5676925222154,-98.20885164173785,-101.27128442932505,-95.1281189944871,-97.23116749519606,-98.86384598797753,-100.07518356855932,-97.5584176972659,-94.8011020207665,-103.26222241915232,-102.12232791755106,-100.71344668847628,-101.55765613169535,-101.96792800244364,-97.59437328351561,-97.73569557962327,-98.75654312836645,-97.01969095916499,-97.85951342040872,-99.89849872250159,-98.918210026879,-96.9738935851747,-101.26724138703291,-96.73128965542524,-107.25430348750936,-97.71529188466309,-96.66298807182837,-100.51545092196815,-94.42205775599591,-94.18016890861105,-96.98456426883293,-92.75417287130094,-100.01567761806886,-94.97125372496944,-93.37556042106237,-101.03693935101994,-97.38017422690986,-102.0461672913525,-95.10528769455351,-92.61083702955989,-99.25142720683647,-97.712534859888,-99.14512817847326
2025-11-02T00:02:20,AP_5_112,5,112,wifi,5560.0,0.0,0.0,-102.65281143846283,-91.84956117079156,-96.38977767562437,-97.44757784076226,-93.86321811802918,-99.37022628437799,-92.27234010234437,-96.80354349258185,-100.31618895678733,-94.09728163236069,-96.28958001020004,-99.26890594708678,-94.4327278592565,-97.15277185171632,-93.52166674639827,-96.06315870277433,-94.29396427480704,-96.52391684350607,-100.20558010327767,-93.0662777592847,-97.89198616862924,-101.68170485755772,-96.86656851244345,-97.71335653061563,-92.95362850005378,-97.63817469752951,-96.00623636592321,-94.02321534308624,-95.49738931664078,-92.61416443948337,-92.49330880558696,-98.45874089580181,-94.56511006898516,-90.77966327948684,-98.21781512732771,-99.1034787588027,-93.59526456890026,-97.9182090377786,-89.69126800720883,-96.68939296461713,-98.40081241209103,-97.24543460978143,-91.35825769386923,-99.48737069442309,-96.69570628705515,-96.42384859628746,-103.33537771871525,-97.09954187120654,-96.22452269262055,-98.25661001105341,-93.48206813640611,-93.27202753437,-95.23194137841996,-99.13441878172088,-98.36478422547275,-92.42668690659865,-88.69141201094729,-92.87097465714565,-94.25566157482157,-98.58545884055025,-95.3650902296999,-99.5769642462567,-93.9695191240795,-96.78002280431191,-99.20952737412573
2025-11-02T00:02:30,AP_5_112,5,112,wifi,5560.0,0.0,0.0,-106.40378514895448,-100.50295717344065,-100.84545506316563,-99.65274338189563,-102.44326170254432,-98.9182789847093,-100.50380069087821,-101.14415176451321,-99.48047259643185,-101.29725035302972,-95.15942184800613,-100.92486811968315,-99.79647426824164,-94.79064274239101,-101.56924824888173,-96.55926029796318,-100.92759356739256,-93.09296007233205,-100.87858637075892,-102.8823745944213,-96.04306113129088,-92.71406232770144,-97.71504972906772,-100.37402730463677,-103.52970440043491,-98.59031790617185,-94.20147452257484,-97.34398864895688,-100.37551405045194,-100.66394525753532,-98.4715101311206,-102.37098215092709,-98.55153969528841,-96.15142106829134,-97.98848699242214,-98.95909906277296,-102.62437977704975,-98.02997771902848,-102.17991952673468,-97.04058644067135,-97.0331188842141,-103.59539896661937,-102.02486432132201,-99.9420002060644,-101.30212355959134,-101.07260043960576,-97.10188634530553,-97.4008213614344,-97.25198907565442,-97.37369655065086,-94.0578414633099,-100.09852059674904,-97.37074701712235,-106.29088291358813,-103.54916811427924,-97.42833855807042,-99.26075382539025,-99.44491724390004,-99.8654433984297,-105.69086110041219,-102.30803343596021,-99.5325756938438,-95.47286082414084,-98.72254699185005,-99.90821944433684
2025-11-02T00:02:40,AP_5_112,5,112,wifi,5560.0,0.0,0.0,-104.91788453427738,-95.4194532884772,-96.86925025118555,-98.70515737728829,-97.97504763169988,-99.02154382941777,-100.9686787266476,-94.21833318351968,-97.50839694728685,-103.58205119040623,-95.64461512576062,-96.99370863582229,-96.24138561766375,-94.69494952169352,-98.36930094334002,-97.46621237040857,-101.8733775865639,-99.48850642610536,-95.09664443345723,-98.02479242843724,-99.04072054728066,-97.10473127651116,-100.6155317634163,-99.58088243623611,-95.5388459722868,-103.04504851177991,-99.45808844573297,-97.59044383040165,-96.72360151121147,-100.44826575387678,-96.42362715184746,-97.78916462789945,-94.17563899411782,-95.97018285447645,-98.63654484333608,-94.61481890363044,-97.79297467746721,-96.65500202383247,-99.60200749660935,-100.69289279740913,-102.4382738563658,-99.55620431741302,-97.9112301046925,-99.70965935836747,-97.15317132559736,-98.45671858131743,-97.90721807762965,-94.32346010576107,-93.53348679569382,-102.32419251540506,-101.28065154169613,-97.41350723243478,-99.0763625240828,-102.35541820876622,-96.75641748010814,-101.22255577495002,-95.9309030152305,-95.01937308325874,-94.51275722761422,-100.06374451564011,-97.83789211578149,-94.59453800971717,-104.20493127619628,-101.28813811343488,-96.31575384722203
2025-11-02T00:02:50,AP_5_112,5,112,wifi,5560.0,0.0,0.0,-104.60403126365837,-100.03001201454659,-101.2478791614777,-102.90170448041358,-96.88592146582897,-93.19551889679583,-96.37938417684852,-95.58713603976605,-91.51388757461629,-100.70374104946698,-92.8808342449033,-93.89358202029784,-97.60905111156544,-100.95966780395872,-96.11527949574553,-90.27212048535753,-94.64311556121086,-100.02154664926944,-95.42869439736549,-98.34935882026892,-95.78077291056508,-100.60388382281927,-95.93421504785549,-99.03624477704552,-103.59242118110757,-97.52447945951069,-99.92635538495117,-101.0111619621245,-101.99912891949502,-99.32600756644528,-98.77617157125935,-97.13075688065082,-99.60674779841095,-100.25275315864988,-99.12731644370156,-97.4886312475301,-97.98496103111853,-97.37776667518527,-100.776449190444,-101.6680710210974,-96.01944776135451,-96.61316302582681,-103.56424252959198,-97.25492205502657,-98.35307906360084,-101.52833518790783,-92.53542009256003,-102.74479405102697,-95.0217425160024,-100.5998465670896,-101.28182002017923,-97.53018827772587,-100.9006952945483,-94.07451315438739,-94.38849763790037,-98.83914928120255,-96.98918078687487,-95.64224624666481,-101.19335554344941,-93.51490709709056,-99.6744503152996,-98.08392998583975,-98.36982096210335,-99.59727927562035,-99.47910963370786
2025-11-02T00:03:00,AP_5_112,5,112,Radar,5566.128796842686,20.0,0.14930094508192526,-112.37889675091694,-97.0507009911283,-104.31392766789855,-96.79341122618438,-98.06944239567402,-100.819993717641,-91.20912598035586,-93.18615893491275,-96.72337399324722,-97.18679437644934,-93.08778821710366,-94.26949574785259,-98.53685041533551,-97.2313601522652,-95.69383765740949,-99.67976515713165,-90.00596271126447,-95.1427117228125,-98.98437100186901,-83.89449616979188,-99.0961987586086,-94.4947565874787,-99.0731489290911,-99.00870741521275,-96.30411735639372,-97.22289167097635,-97.46137539261301,-96.9026381732872,-94.81328573979714,-93.84353398532501,-87.68039668186064,-94.09305203607856,-98.34631469864867,-99.5582666503428,-94.91363171675042,-98.33109953207398,-99.93209849100087,-101.4235386604744,-98.23690461862033,-102.15485752003745,-95.68606129685168,-101.26154434297422,-95.03735516714431,-93.55713388380161,-98.15676858283074,-103.57393442859555,-92.13282820051897,-97.50498633787161,-95.09777767096763,-101.43297846406783,-92.95285543363487,-104.1876231957438,-102.15676575323562,-93.49781384834678,-101.00527288677047,-94.93521898145126,-95.779991351799,-95.3339663807315,-93.86960114574069,-100.84299216169987,-92.2951386572951,-97.98547738402486,-95.30649464141777,-92.08151990389264,-97.22775952366315
2025-11-02T00:03:10,AP_5_112,5,112,wifi,5560.0,0.0,0.0,-104.79438477850962,-100.84728998612324,-99.45428168645765,-102.9255548350245,-90.9748544088379,-97.58032244023558,-100.40644580155477,-92.54957444195932,-97.45724234458315,-101.9986592814992,-102.61805860855681,-94.05167848403678,-99.11486504658743,-101.70566057489074,-100.62317785148089,-101.22848280171101,-95.1087237379168,-98.3455302121098,-98.71554119355163,-94.91037995639316,-100.47032788876635,-98.0587650497424,-94.27842128452068,-98.91986640829442,-100.77018352318827,-102.37419168357377,-98.86807115766084,-93.67999144589747,-101.98696301909867,-98.02906744526902,-104.29678652307364,-95.89425776946015,-100.36139986290394,-95.49359807482749,-96.13134307585494,-100.02018072986559,-99.83863147930556,-97.0770533701251,-99.88414957896957,-98.43666177773713,-91.07686073524043,-101.46768103329013,-91.3481049962768,-94.44537860741038,-98.737784758253,-99.8250457059399,-99.59690812103806,-91.012748617979,-100.40879142248194,-101.02978621322279,-99.3504302543655,-100.86007481025565,-98.05451991096713,-98.61942603164474,-99.79779000081312,-99.45179267588415,-97.68763469916293,-94.30710841604798,-101.0936198837725,-94.759702121186,-93.89036103163022,-95.91459454352179,-93.02928523551796,-94.42865477287275,-102.15660417891782
2025-11-02T00:03:20,AP_5_112,5,112,Radar,5564.3937063901,1.0,0.14716130296035326,-116.46134194957514,-96.41706440340093,-92.82260584737311,-99.0351310249357,-93.97134803663582,-98.80995486781302,-94.53980633498884,-100.4583319148797,-95.71136891617404,-101.32066755821502,-98.08088982219112,-99.09486670427502,-95.65100895505029,-96.41803864211353,-96.03472668568236,-95.16475343957791,-97.24330725821616,-91.92045024417841,-100.06439357957105,-97.41747748225805,-96.29169183268623,-95.05916894328236,-95.71888263693523,-96.92954784591095,-96.44078273106152,-96.24081522202243,-95.6112762684371,-96.61197391055207,-96.71594422173283,-97.95582269653005,-95.3807745845976,-94.25593747093627,-101.36001902692271,-93.61027339150206,-96.37316453660326,-96.76845045776186,-93.89381571163455,-93.40907621774228,-98.22106712374028,-93.28168698258999,-96.15309375250314,-99.79196089030368,-98.7345196832992,-94.29757017741444,-96.52565878606784,-101.61364235922494,-92.42656501147576,-93.63581678059235,-94.54020566031257,-97.39591552409654,-93.99288991281063,-100.92564147361333,-100.66032015239016,-97.03660183235277,-96.95703139959227,-96.40994159973367,-103.4917821627189,-96.38511806365854,-103.06169037242398,-95.37812881568333,-103.03958482443714,-93.27412324741323,-95.38286603195182,-95.26668419075193,-96.52681150736613
2025-11-02T00:03:30,AP_5_112,5,112,Radar,5554.991234528617,5.0,0.15192564974251463,-101.19253961898639,-94.23565226334397,-100.39649775064157,-103.37352091051027,-96.59930019377545,-94.72534645609481,-93.95911323268876,-95.91409627674328,-101.09371216719657,-96.50988507801947,-95.6738514771319,-98.46427625151189,-95.38102736233088,-101.50096536591428,-92.88454066340438,-99.38912061894278,-102.28052887925634,-99.84938889218296,-95.39035483268066,-95.2853460182428,-97.16478696405395,-103.65225439089787,-100.59818246634077,-98.68718117519283,-98.54880789670517,-101.08478677451645,-98.15663067258534,-94.67967059927878,-97.41519037536415,-93.23353062019876,-97.78685070027662,-93.24089814882501,-92.4349189603128,-96.44588581986729,-97.15866348009176,-93.8027157086139,-94.25489247936069,-98.4353078314128,-98.48886847524594,-96.23021217922077,-101.29103280158873,-96.16761005362102,-97.46046430351271,-100.79885682265078,-98.74958678547114,-96.06142746818055,-98.16448183996754,-96.6738927578744,-95.43374551472768,-92.92607837535691,-98.65238289418228,-97.9325406635702,-97.06298022509799,-91.85519931948001,-94.35946101822948,-100.1891042441376,-101.92839785138725,-93.71652079557259,-96.95642544538057,-93.23871099115694,-92.99124516022664,-98.89734851290662,-97.72590962692703,-95.27275316987246,-99.94278955810192
2025-11-02T00:03:40,AP_5_112,5,112,wifi,5560.0,0.0,0.0,-103.74519968331047,-91.69887642346511,-94.56952389499627,-92.90594935939379,-94.55646040087491,-99.69439410682875,-95.78080228786361,-95.445404857861,-101.31670224516057,-93.4058125408318,-96.69190193933652,-93.72678006514485,-101.36410111558665,-93.94841912678656,-94.16672500913602,-89.50860895195386,-99.01747931005379,-104.2268279377219,-94.41498993424734,-99.59384941491095,-93.98540064631092,-100.15266668616721,-94.63931154748516,-98.04667055977184,-94.68257983010434,-95.6346052875844,-94.63532939967854,-94.39159719570398,-95.25014878771267,-100.20220397311823,-92.57626494838212,-96.7325842321634,-95.21205046109674,-97.74890131509456,-94.1369371852766,-96.03237598896511,-95.28215816468183,-99.33808824013133,-93.93813612023395,-95.9624793123488,-101.52936016884195,-98.90208362303008,-95.64367062974442,-94.34485832311852,-94.42446630208124,-99.81043382791609,-96.3524861774147,-99.57484904583043,-97.465834980143,-99.07257976617596,-95.52139336839937,-93.45371583768662,-91.9378207629311,-96.00206116057888,-98.12340984260568,-101.9588594109097,-95.00522415675198,-93.27081959695747,-92.54434850059903,-98.05493306733584,-97.08536671479061,-95.63951420095981,-96.55995607697768,-100.13654024055424,-100.69606559829883
2025-11-02T00:03:50,AP_5_112,5,112,Radar,5552.992249707477,20.0,0.07510292889202153,-98.90985716881116,-89.13423071003945,-93.55893234839321,-92.44540499536178,-96.94598855077732,-95.77925865448506,-91.16853184002085,-94.2673510614306,-100.90355411908793,-97.00917726035965,-96.44307514630972,-97.0231766491032,-97.98106596562417,-98.81536262569408,-97.91185677248818,-96.15632978507355,-93.1135577885089,-87.9994006394106,-99.25776996122349,-95.3196148419728,-98.4197056966314,-96.20552773936431,-94.36405531922699,-96.51581598473493,-98.08904650434606,-98.5213541542584,-95.49571361367282,-90.55033365992807,-97.25258007667419,-95.70296042156377,-100.12892708144615,-94.34913802702167,-96.67691497182167,-93.79566139073695,-96.10412017600481,-97.66606611403508,-96.13745937777456,-99.55056267466698,-92.90739553594574,-95.55499005797967,-100.31498976537421,-97.73792946129633,-100.28361869816176,-102.01640320250311,-100.1715129786719,-94.31571394858202,-97.45208610447486,-94.63533701666886,-96.00456970083455,-95.67095985428125,-94.6102243198218,-92.75469758817437,-101.1602916972586,-87.85202471076977,-91.52784285359034,-99.80663887751267,-97.08981104687446,-94.44865474244321,-90.82988249089496,-95.43383362459684,-89.30161442647645,-90.54011173451613,-95.29904399142285,-95.61641086816621,-102.46600372136892
2025-11-02T00:04:00,AP_5_112,5,112,Radar,5569.210726297363,10.0,0.0327345600451277,-92.0451574001965,-98.47782037323634,-96.07422020716068,-98.97713887699626,-93.85776226519697,-91.9320060107543,-98.08340946364092,-99.46223254515975,-98.19587701129367,-95.71227973689437,-100.52966216435146,-99.97891618965431,-101.2308641397604,-98.30337692523403,-93.63431359019803,-94.51441898357162,-97.49023716142045,-96.99668548546603,-95.68289444111358,-99.12086365552344,-98.74181065045997,-104.37280645341868,-99.00610470683628,-93.98838332920118,-99.32535222218246,-97.61645573542204,-95.23118813556519,-96.3763641424576,-96.53167894367037,-103.84659038197215,-90.54821624810485,-92.44378214440725,-99.22362909024349,-99.77065575343477,-98.37768545198587,-96.6052562971361,-92.02199300699506,-96.15751248839335,-95.8643653601298,-95.56862877054427,-98.43694499230936,-93.0970553285118,-94.33158700654184,-92.8729231564967,-97.81068524028656,-97.76422774110526,-101.13972052906124,-93.3138544224597,-95.32663449813454,-94.883775707791,-98.41502641539797,-98.32727867723588,-99.41944842641713,-94.86973086276794,-98.32679962904287,-99.10222736195229,-98.42481911582364,-94.51695382627189,-100.60447936838544,-97.95846633571418,-99.58167060630619,-96.68216706202315,-102.29986682097858,-97.26906975577461,-99.75510651902955
2025-11-02T00:04:10,AP_5_112,5,112,Radar,5552.7164086028715,20.0,0.04755558888868528,-100.66095577271244,-100.34781482307805,-97.05313893225726,-94.08892428771384,-94.8258808459213,-97.14758519773491,-97.06543710596894,-101.72231263274003,-93.93923925843207,-96.05739916842552,-100.04357905118007,-101.22802645623771,-95.95089753295196,-94.88275017746064,-100.03590218541987,-99.26829849875523,-99.44343831082476,-98.76369587120669,-94.93940870353156,-94.81389201536108,-98.23426930006522,-97.26636019823677,-100.07236959414517,-96.03569545243441,-96.85022459717804,-99.35190429822967,-92.6913827803289,-93.98410828668909,-98.95122455598077,-95.57759681655244,-91.83354947854647,-94.18645751502274,-96.50699267721598,-95.95754021408607,-96.21781803635801,-94.90967151797315,-95.26927555421685,-101.46219600060421,-92.33620258460387,-99.3363080247278,-100.35890484082157,-95.51734561281168,-99.61468878279211,-97.11356861214472,-98.60372506717337,-93.12300202547137,-100.31290823358454,-95.86179404733913,-97.82741584491009,-99.1066802464849,-90.96686186610444,-99.06327302080769,-101.942347720174,-96.47145686522342,-99.34755720862077,-95.26562827862779,-98.09915970447027,-96.66630653994292,-100.40602107958006,-99.1442333580044,-97.37738306922735,-97.21842328562596,-97.74831073097516,-102.85787620360074,-96.75264365941565
2025-11-02T00:04:20,AP_5_112,5,112,wifi,5560.0,0.0,0.0,-104.79590414373412,-94.83967715705164,-94.18594657970385,-102.30021376525445,-98.83751397383713,-94.1144449015212,-96.47633123934786,-100.90793107976907,-90.34838744481307,-99.60739480410902,-99.70201358493864,-97.26140314681079,-97.27918932810887,-103.05939755671345,-96.73826416962284,-95.4394093468987,-95.97360776762932,-96.17295286758981,-103.29578529604463,-98.11694297253577,-92.25274915520617,-96.66632216948739,-96.21923850267525,-101.21949484074611,-97.89969409169625,-98.56038104767451,-96.07124003844118,-95.87443116323047,-99.46364583973678,-96.40954694456282,-96.508502056658,-97.68431460441067,-93.52758553247496,-97.63402213948895,-101.47806505373568,-97.27790706456588,-96.95302172768957,-96.76335233621371,-94.57570056149991,-97.98173378848175,-100.75698321417678,-102.78109373664086,-93.33438409943254,-99.43175887403574,-98.90802877734072,-88.68397059756968,-101.89720972313714,-95.76365252736554,-93.31667010404084,-99.09450172080312,-98.79162108405329,-103.72437209382608,-96.62803093449453,-98.43765131360506,-95.77168449607477,-101.08699188346084,-91.81563038821488,-102.34357213199795,-94.1767594831874,-95.65464969935782,-92.38405705946148,-99.08436006133277,-91.13665370769972,-97.74408449685885,-104.57992868362966
2025-11-02T00:04:30,AP_5_112,5,112,wifi,5560.0,0.0,0.0,-103.66704669818597,-95.00499276846277,-98.24715150215872,-96.19382012687777,-89.08497132045493,-96.19830057923154,-99.3549658123937,-97.47328187373623,-94.90057104502914,-96.11362857048626,-95.72145802675686,-98.59105110269215,-97.41252802568292,-91.34608721898688,-96.06903969301729,-98.94278805160305,-91.76279798942005,-95.71343316198461,-100.63416008773798,-93.84591429438811,-96.624289804356,-96.31004921402878,-98.03153796476505,-96.81506446489257,-106.58137830277545,-101.04495779559983,-92.91218626039847,-96.95340031939176,-95.79848571902649,-97.1492391928568,-96.77417670247172,-100.64893007445124,-93.11663436295446,-90.39455670447148,-99.36361853424415,-98.30544873405566,-99.40153827038323,-102.27641661799287,-90.43553617809708,-97.36949360058557,-96.23832730239108,-99.79659248226315,-97.06409816002275,-94.07570471745369,-96.1588878006895,-97.6196379382203,-94.17124536540777,-97.7483668683832,-97.0242625357288,-99.27792278563295,-97.24976151317534,-101.78695748427722,-92.43447235424111,-99.77201272448433,-96.1354259390887,-100.4655643023252,-100.24627382623699,-95.99702840889371,-97.68728591530792,-101.75851559750183,-95.74816756174044,-93.00395057400162,-100.12130714292086,-98.94138541918556,-94.50278359883441
2025-11-02T00:04:40,AP_5_112,5,112,wifi,5560.0,0.0,0.0,-104.19294514527226,-93.39740268848755,-96.88259357966479,-98.45873792733283,-97.15686247881114,-95.35524566356214,-98.84013923776142,-99.29991304632199,-93.9160515406901,-103.4364171555262,-96.9665453498951,-97.85960032037833,-94.67454662875181,-96.55409816453256,-94.23179076786468,-100.9373665848987,-97.78176608863761,-98.71773107488266,-91.35236706306755,-102.97803811971887,-98.0045052928733,-98.53609757776087,-96.68898595326695,-92.86637509540736,-96.04358934764788,-97.35864540223842,-102.45495061681812,-93.00050271088844,-96.97017220484912,-98.44050284789286,-100.3808370818049,-94.03401190524211,-94.5387585832115,-95.73175853751148,-98.03953546617107,-95.69187776923683,-96.66977686292286,-95.32207007545928,-100.58814483942994,-94.48676859849378,-93.9578409051942,-95.5223691615499,-98.32838446856351,-96.72866588018861,-92.01615396712134,-90.44636228116148,-100.95930695387823,-97.95376986681796,-95.53218070589625,-97.8146975374284,-97.9377841815956,-95.36465248419432,-95.2073365206551,-94.63191140714274,-94.87927417567454,-98.21678873902418,-99.7935910405474,-95.81191975585907,-98.49310118779985,-94.98263431911577,-96.26953615946013,-94.12453911078444,-98.12868340675155,-98.65160935206791,-94.76197376746825
2025-11-02T00:04:50,AP_5_112,5,112,wifi,5560.0,0.0,0.0,-106.13787076882807,-100.55711664142743,-97.96037334823282,-96.76277397248205,-101.94539414694242,-95.97858517718274,-95.83166289697118,-97.33658139863165,-98.48200516891254,-103.75970080689923,-99.02755226571078,-99.29475290319941,-97.85964357511698,-98.16730599088856,-98.55787350351464,-101.00256086010324,-98.3886620923453,-96.79111786699097,-95.60411977899932,-101.20983258911843,-96.57485490547225,-98.38975910117128,-99.60983097574467,-102.80973598124633,-97.03640284816773,-102.99190241268929,-100.54128660620155,-98.86660493945276,-94.32847870533625,-98.30316490459658,-102.25854885503999,-97.26378156192496,-96.31355292656623,-99.38446930143574,-94.66620448194878,-99.03686466295035,-103.22198737169867,-104.1034587760475,-100.81811869136494,-98.6539639732789,-98.05414987568597,-101.81926643379137,-99.2112714251725,-104.04208177631779,-102.09193532488958,-99.86538896122055,-101.1899470862598,-102.68544362966361,-98.93828335811774,-98.76608586207334,-94.50827694006543,-102.76185764653489,-102.49970457245112,-95.76520786776764,-99.68648355659997,-99.29672158355234,-99.41484554464822,-96.12296003559442,-97.6167672739336,-102.56712034856133,-98.17322947193816,-103.60265966864783,-96.20547789778804,-98.42689127005917,-101.08607790967736
2025-11-02T00:05:00,AP_5_112,5,112,wifi,5560.0,0.0,0.0,-104.90159376622258,-102.26805619102542,-93.64865671381435,-96.68361409167312,-99.44599852187427,-100.69570057390699,-97.94455566364446,-100.92065175617329,-97.5583150505482,-104.38119741211224,-99.00166777177897,-90.88033432648666,-97.79130204509865,-103.11711998645463,-93.46772136629924,-96.04948022938967,-98.82136638778059,-95.3257048865814,-102.75969028396503,-99.84008917647958,-96.28890766362753,-93.53866949370094,-101.95913324111446,-106.45818155326972,-96.63909473861182,-97.15623629441262,-100.70511950475854,-96.92193858236581,-97.02026905992543,-95.20961100329674,-94.74586189298903,-99.51228674335592,-97.58777956593767,-99.91726428310547,-96.3874932736128,-99.15865895364652,-93.12170202854436,-98.03096304493516,-100.37343512462871,-100.5417202630821,-99.39171142325371,-97.2759600211624,-94.27267067213819,-96.89301641274757,-97.445734380116,-99.68907460413762,-100.43747030060494,-103.00523955017643,-95.64933120008938,-99.26865490430227,-95.81679670551888,-98.18497361133288,-102.14696322533811,-99.27037758117574,-93.16326635666735,-95.02495852208399,-101.84883730085777,-101.12045898675463,-95.72193402422951,-98.2958234809327,-93.88387751293673,-96.81191725706908,-105.8960170030604,-102.21887315522486,-100.91409096518274
2025-11-02T00:05:10,AP_5_112,5,112,wifi,5560.0,0.0,0.0,-103.9105779418081,-86.26073128016209,-98.50294841271614,-102.07964113589485,-90.96499450050842,-93.81384330692549,-107.49854224023501,-91.41527810006461,-99.85985057590881,-95.43745178777186,-97.02076480486913,-94.58643645368144,-101.32500929605573,-90.81467855570953,-102.28712412814681,-95.97121835700919,-98.32274296074355,-99.8176261805971,-92.56210326353926,-100.08782381746462,-98.63075076278614,-100.26468324877438,-100.11189009807885,-95.85161989085623,-102.53392032430907,-97.27729616685347,-95.52394413002934,-98.58192994083008,-96.73516973531852,-97.28570614278135,-96.81071447272619,-95.84739088287257,-97.2110290473241,-99.3776971605727,-96.56018890745771,-98.63692578961921,-97.81494708089191,-94.6255856514138,-94.99738386089392,-98.86604422550727,-98.6731001518149,-96.35105555870304,-96.5542906714753,-98.20401572367328,-100.31699687816646,-95.86458770117491,-99.62437782520304,-93.99730414963263,-95.74068737766733,-100.0048708860033,-98.05962961330404,-100.13742192003141,-98.1626220182058,-98.86126709649169,-92.59380686157698,-98.5212783342039,-96.55339544494502,-94.42455699217938,-90.1400598672936,-90.73556995060746,-96.48453383428635,-98.25105811428111,-100.9524223859322,-98.40679968527509,-95.2153081763789
2025-11-02T00:05:20,AP_5_112,5,112,wifi,5560.0,0.0,0.0,-102.02697192104021,-94.27820724013611,-95.55266960692938,-92.39254313782142,-96.0744633809652,-98.17686102752094,-90.6414341450713,-94.61583940566787,-89.6628447339766,-95.7712338401757,-94.96313066027936,-98.44088990979802,-90.46864849014813,-98.2338306355433,-100.18256851702367,-97.21069712131481,-94.6469389792689,-96.02722014564146,-92.21344033461259,-99.59947038260826,-97.86772764274166,-97.56301820403482,-90.0014431207371,-92.68701994379626,-95.84268391541201,-92.20675050469788,-96.60060436740343,-99.71506926244017,-90.69666126014316,-93.04325881781213,-87.55411804069763,-88.55795344651857,-94.17054369434672,-92.59513688202665,-96.7797379663888,-98.53724169605019,-96.35880810513005,-93.29436891980336,-98.55897677360552,-88.56797847295195,-98.13126254851517,-94.58253182182582,-92.62346292970636,-101.07392883739303,-89.89727119984589,-90.80405758276105,-100.12860261034527,-87.66160228886821,-94.26086764431862,-94.34740049623998,-87.89679049217698,-92.56063255186001,-95.99814624911238,-92.32905019519151,-92.64715950674442,-95.24686872551327,-96.64730582653691,-94.36407699941978,-94.15030842524249,-90.89590863226161,-90.58343455022225,-91.94282206128322,-94.95702026574658,-96.56903094252715,-91.72448661231171
2025-11-02T00:05:30,AP_5_112,5,112,wifi,5560.0,0.0,0.0,-106.00763867569515,-99.66976419946953,-97.19103936094136,-100.88339610466167,-91.17775932464674,-100.86312280987175,-100.96163800575974,-96.6753706493815,-98.62566382078263,-98.93489053428996,-96.06856319626539,-102.02737762804043,-92.75789555787321,-102.53945165110217,-100.47734910468105,-98.54446650641285,-96.83782803847271,-102.53525792850527,-105.31824280953306,-95.68811489013045,-101.59979942945435,-99.42690341310077,-102.27538422413723,-99.32868618092525,-101.23057726329921,-101.46257099801983,-96.60476990306212,-99.37392112349315,-98.97712034785764,-100.60383794678891,-97.52474408881505,-96.81278324464249,-102.19700681446224,-100.94190744612408,-94.43538642318389,-98.79153915644687,-98.1508749511886,-93.88840850440083,-97.13653199983305,-100.09363396592178,-99.54899918430034,-102.2850072521759,-100.71942697067101,-99.59645503337039,-101.89901756088135,-98.56430635507998,-95.46748396780039,-105.04304227231022,-94.35192768322787,-95.56686539726334,-102.74059923068717,-101.04394077937893,-99.7594245086385,-102.35025341764451,-96.68351919169011,-98.98820179293496,-97.44786847493356,-102.0309354394254,-96.41208966928987,-104.86572582636151,-102.52063627314355,-101.61688689049387,-96.16998466183266,-95.12519027169006,-100.8699767409746
2025-11-02T00:05:40,AP_5_112,5,112,wifi,5560.0,0.0,0.0,-104.43283221089008,-99.3128091022128,-97.5523156150545,-95.13146415795008,-96.73969664230222,-93.22918442606701,-97.82099012082675,-104.14359802137004,-98.97832907007134,-91.9412339463579,-96.38547073817075,-95.26104205201807,-100.16676377203058,-96.81400062580097,-92.08102816087376,-100.27929250828561,-96.10346140607786,-94.77686901407822,-96.88868817915292,-95.88965383864193,-96.36599527731381,-96.17542013129547,-97.9353658825572,-96.84425766643936,-99.66178315683412,-99.03498216251272,-93.57303748519308,-95.53986020611697,-100.29076741176195,-94.14940759315323,-101.86077743514144,-94.83533983996678,-101.2389184011816,-98.71767313318743,-96.68704739106396,-103.41705627844918,-98.73114311208053,-98.8666933684633,-98.02704263659028,-95.67099650921442,-94.42916484933146,-98.87955860138749,-101.17114103918054,-96.19362855616365,-94.79731853826682,-100.53005802578497,-100.96100286591603,-95.56432003829252,-103.84081208554225,-96.26086655711062,-101.80622478636366,-101.45308453735802,-99.46585690901733,-98.79336516674964,-99.251759133387,-96.65892200481287,-95.1378070660787,-103.66199060669052,-102.54723444697089,-97.32009445003521,-95.80407479924024,-98.17628761201276,-95.847360401962,-99.33884213380567,-103.57364468393715
2025-11-02T00:05:50,AP_5_112,5,112,wifi,5560.0,0.0,0.0,-103.51443888977805,-93.80102393901159,-98.58061954629027,-94.15411220555774,-101.52379737050849,-98.31998448957482,-99.37113059282058,-93.43630999572747,-97.30744804821747,-96.20558276546812,-99.41753394896891,-98.37348155947377,-91.15720064478174,-96.42407061613497,-93.37049460906428,-96.36641097060526,-96.60377033429775,-98.98972446941303,-98.15161970595474,-98.08843791179139,-95.05277696428246,-95.70285478707395,-96.78429271934739,-96.27647627908448,-95.89599326490938,-93.15686192212192,-97.05926952208122,-99.59627204230732,-93.1280464853325,-92.24550747310919,-96.54629041783453,-95.69609849632745,-97.70714055017407,-96.94625836007681,-91.34997464541956,-94.99224698501921,-100.70280057260806,-99.13092805090557,-93.79466474173498,-96.02590207832209,-99.38775453005802,-97.13970665843338,-99.32236308593141,-96.05555327700723,-101.8310973759505,-97.77848373148932,-96.79325315221108,-93.8474375208441,-96.43188034312422,-98.96071793437923,-101.1486274437732,-95.51058936728852,-92.51057848285151,-94.63500804543696,-96.13046703272299,-95.57864032593783,-98.66939120427422,-92.01987110545805,-99.57388533013717,-98.5641424428047,-94.84916952483928,-96.37269826848119,-93.01803350874259,-99.98271237131326,-103.78600250088111
2025-11-02T00:06:00,AP_5_112,5,112,Radar,5567.25686416639,1.0,0.022040520019862307,-89.37568223864292,-95.70529463923545,-99.36523162221295,-96.0923325718913,-97.252189110595,-94.05994506710363,-97.3019250305754,-103.04636592960745,-92.73982562170751,-94.72544198107789,-96.64722407122017,-96.48118382766798,-97.14091273266766,-95.12290434927718,-94.62609638429157,-93.71136429831613,-97.70910326582333,-102.86369453602754,-95.40471423191482,-99.20883103142516,-103.20452221450213,-95.32407871229022,-94.25801428557948,-90.84075049176889,-101.0622604446092,-99.81185660722664,-97.19102848146656,-96.86246904069803,-97.588806713428,-94.29590438596112,-101.31577400949448,-98.33456893188155,-93.36560588843327,-97.12059018351918,-91.37537919662572,-99.58802356509041,-93.55337500605418,-94.74492281291312,-99.22413121216591,-96.20006759640643,-94.2100888000859,-94.02180025775586,-95.75325379109944,-100.51039774237017,-101.08455605379883,-92.88145976349182,-98.06295137747601,-95.61583909468683,-95.82395871801658,-97.01055358781845,-93.20125384518087,-95.73278991565911,-96.54777008558239,-93.55859121848847,-99.41681203496452,-94.87314627177741,-89.78457742918678,-98.86156361401086,-93.48835366475049,-96.8781000152949,-93.14018660621534,-98.55228543530032,-99.84946960522417,-97.42057957115118,-98.78100312127356
2025-11-02T00:06:10,AP_5_112,5,112,wifi,5560.0,0.0,0.0,-103.61354846639423,-95.0549196700771,-98.22789701895495,-97.89036635422762,-98.02664370059384,-94.88848024859332,-91.1021705645488,-95.10053741834164,-92.3549871128909,-92.73378640597657,-92.08475559044177,-97.99383519855422,-97.14386648506127,-95.75001248202517,-103.5914231681469,-94.1199734762597,-98.3343521177183,-97.20457475186572,-95.28606487228542,-87.39507447039664,-96.64284904234601,-96.6076959776308,-96.37207087021034,-89.35495472023297,-99.88391379521472,-99.74454421901137,-97.03337801673472,-94.87487657116958,-99.65222157469822,-98.7468467242174,-92.58043987139544,-100.40404202638042,-100.10603167595386,-94.51207162365388,-93.61437008859457,-104.81503888003947,-91.79997683366281,-97.71038789964847,-91.15811441142867,-96.31114208596176,-97.81485120336836,-96.54354404114294,-88.6711534797359,-97.54046829220876,-94.97565921890288,-98.7840340916055,-96.56518352841985,-95.89354691554834,-98.1072840119223,-97.59915939594154,-91.59391234923152,-99.48548905861789,-97.38587542955027,-97.8957283282098,-101.89495245129498,-95.75034034856168,-94.56338210901193,-96.71049952474391,-95.52470858393606,-92.77915686034336,-96.40664440037476,-93.66439255221002,-95.99597375767974,-96.86306404231304,-90.98832952412067
2025-11-02T00:06:20,AP_5_112,5,112,wifi,5560.0,0.0,0.0,-104.64972767411933,-93.81682744501497,-98.91176031576676,-96.02818962035539,-101.22530797676352,-94.37659571930115,-93.85647114131126,-100.31526441492073,-94.14977454203793,-100.62800216068229,-94.66744979754957,-94.94933911565889,-95.81912571547429,-101.80456086765481,-101.76723429256418,-99.46063656528982,-102.24466039587823,-98.20958520070472,-90.83669752455258,-98.66143235852849,-98.26667913842219,-94.23994848494527,-99.19075071579636,-96.57350228192858,-98.123343393245,-95.11769890715198,-94.5114916921265,-100.32516895457552,-95.94597982647234,-96.23930537570348,-99.5396382572102,-92.8223994674781,-100.38675514266227,-97.82831583596072,-101.56606527806834,-97.39180961255684,-94.9277197407871,-96.21738264454665,-91.99776906456073,-97.71014873808994,-98.51261196347185,-96.11400503371206,-98.16854785099727,-99.3869211892654,-97.39864106955729,-100.45677797375161,-99.1852275113849,-95.3812088743565,-96.18795804225968,-95.49107691911371,-99.36339046358758,-101.9372290853277,-98.60359856904674,-104.47571698591287,-98.8550639658663,-99.61001363427108,-97.9579879450573,-95.28204652405468,-98.85282251159016,-95.9673329804606,-94.52006968052713,-97.6583952168555,-97.87223272726672,-97.38397319129938,-96.49082730944983
2025-11-02T00:06:30,AP_5_112,5,112,wifi,5560.0,0.0,0.0,-103.86114600944634,-98.8450526371366,-94.93352775373664,-99.81719849809706,-99.11050436851617,-99.47542669998322,-98.68036082776507,-90.14688225507136,-94.91368420685843,-96.1393747946403,-95.34100617683565,-98.35086430550841,-100.6774024418221,-97.33247571840533,-92.58006792159422,-94.24062433305721,-100.15174804571551,-96.71271190077121,-95.99736793829096,-98.70733139937145,-95.14862987656284,-93.69739813235797,-101.49470502638565,-93.19018494134433,-98.76801385201611,-98.3214308967389,-90.49801513639362,-97.2209274074088,-95.80037696253633,-97.37657608377175,-101.83015517531997,-90.93190541591608,-101.42300779144901,-93.62763709403039,-99.59136488464556,-96.83708003870865,-94.75434403834365,-95.28362297795367,-97.33197888230461,-102.48715065751415,-96.93605706355916,-96.98415961727387,-92.74385079430168,-90.47272987229356,-97.57792022216657,-95.00690001015069,-100.02671454853977,-99.45822892696005,-96.18815974473728,-94.30307138155553,-103.56292637303272,-94.91543723486186,-95.58418670918573,-96.25094520754855,-97.7021317345356,-97.57389762359922,-98.49140000391589,-101.16119100607793,-95.00377164233778,-93.5430479413078,-99.14008553384394,-94.86400236232059,-99.67139619254287,-95.49796222209959,-97.70014710498461
2025-11-02T00:06:40,AP_5_112,5,112,wifi,5560.0,0.0,0.0,-105.1782957873404,-97.11408861407895,-98.12000406084016,-95.69744731074816,-94.41879940549306,-95.2036427450831,-95.50181106800673,-97.04327409511029,-93.15799210250658,-93.94039488205263,-100.29491424621416,-98.00032130691253,-101.05283707923559,-99.4247355456977,-98.0820927975812,-97.58951053197696,-92.77448979567538,-98.12598395368235,-102.65596331581288,-94.98926244847264,-92.21948939348079,-94.95477367927907,-99.47271716085719,-102.0934639145184,-94.98809078748033,-102.33462149112152,-94.83443629276066,-97.50889594815428,-99.86284105856235,-95.89358186287518,-97.2495271897376,-99.45640304608557,-98.22211000970181,-96.47031767252574,-97.19570589762722,-104.25763331929926,-101.51610118371475,-94.77756384731052,-95.68297306340185,-98.13062770363678,-100.32037945291364,-97.08655522580342,-99.1114365074835,-99.1828065010903,-98.96841986699394,-99.90752074479339,-99.16786493276469,-94.9227362351819,-98.05833181411693,-99.20130300164746,-98.71106378235352,-100.47383088976234,-102.96449035594394,-97.55491679301029,-97.57345336067672,-100.7251428996959,-97.90380955020905,-95.46660276772259,-101.30302681360085,-95.10965746442815,-104.5243210279125,-90.26451898594564,-95.18754130226817,-96.50219315402758,-96.95022776121606
2025-11-02T00:06:50,AP_5_112,5,112,wifi,5560.0,0.0,0.0,-105.24801712590653,-101.75847905817218,-94.87132422409637,-101.57365532268321,-94.6089349431308,-99.67835714268249,-99.15269659477852,-100.91933598265605,-93.88060861760893,-99.9123729610377,-95.52963964725261,-98.01345187278018,-97.47316909215091,-104.94727821753892,-102.94319563854157,-102.83426665417274,-101.0949392544987,-98.59510395257075,-100.40354981131264,-93.19889556224501,-93.36447104742531,-99.59954630452329,-95.59107686992112,-97.92277168345639,-98.30151291056873,-98.94192210764174,-103.27758638630105,-97.31284013450323,-99.33360195598814,-98.20766390005544,-95.74847949112342,-93.87696609467145,-96.91487321612203,-93.13124856464248,-101.95255382504301,-102.64626479041024,-99.12931187563693,-103.50611907347758,-96.71331078054061,-105.60309160686116,-96.40163470717181,-94.0264969672862,-94.66857216887085,-99.74483787824175,-98.47259808834892,-100.99435281594661,-97.22420502763397,-94.24229367594964,-98.2186949216001,-99.60642584661184,-97.25665015147827,-103.55363223488159,-94.66255665089497,-101.49437967664905,-99.20601421126386,-95.39626251781758,-94.00760364366708,-104.13938423640835,-97.73689956826205,-97.26250537882616,-101.75120822170088,-96.80595830622775,-96.2152312617242,-94.72155377172245,-102.1127867635647
2025-11-02T00:07:00,AP_5_112,5,112,Radar,5553.03563098532,5.0,0.19192783398505786,-92.92246260452896,-99.1012824207791,-95.51781354732029,-98.09625509331944,-93.08062636844701,-98.0238384624654,-92.97505021539789,-94.9947526493061,-91.78240668737236,-95.9529262336967,-93.74981699654005,-92.98462976917517,-96.89242925333853,-100.54655040908386,-92.97770310465523,-96.86924051749888,-97.52435866279218,-100.86924889276284,-102.17442058416765,-96.05822734658543,-93.60770179210286,-103.34486330705843,-97.99702040304284,-89.36657705849849,-95.75968708941608,-98.88375566920506,-94.63723303372335,-99.23193842663613,-96.43447089646415,-96.95629780881681,-93.77788870643036,-94.82821371857483,-95.44892521508521,-97.36798165329893,-101.91496973408945,-99.06732178763272,-94.37931321366021,-99.28034598425896,-93.40533673131941,-100.01953089446523,-97.98377852544314,-98.90281901344378,-99.80124805375249,-99.2807747694909,-97.00631822036108,-98.58178524603066,-99.73008195494221,-98.48830207974702,-93.84801667319168,-95.01314128558289,-96.49230959103032,-90.46798977908892,-100.96919231466357,-96.18991165484493,-97.4378091456939,-101.83559704270739,-95.68117531774493,-99.76940586755748,-96.19971379736228,-95.96547182993125,-94.79247079083058,-101.36399228431765,-96.78880672726216,-88.97365626899449,-96.6410064940276
2025-11-02T00:07:10,AP_5_112,5,112,wifi,5560.0,0.0,0.0,-105.62403743905732,-101.76411041343793,-93.61598395274353,-99.33032325346966,-97.61479479283547,-97.45670436942922,-98.0467412621769,-95.41136226855119,-101.19769661099839,-100.43827873675744,-94.03315179417817,-100.48375790809348,-96.83408752941772,-93.94811023040191,-95.52634892124715,-101.56453732923812,-100.65395510199193,-97.78447313930741,-96.9965870349223,-97.47852901624854,-97.06804143400444,-99.83149844678736,-99.68256727617673,-100.19815223385456,-101.00074703884295,-97.54157759612434,-104.33195576007223,-100.20420927232848,-98.59617435410817,-97.69400749851073,-100.29633292854976,-93.01547913462035,-103.30724336691901,-96.1737682212985,-100.85500822276907,-103.11868199820418,-95.66341723532024,-93.8258474552613,-96.71027562568142,-93.76327688183274,-94.67823232515974,-98.48836832859467,-101.02011338984974,-104.55011112042898,-103.09918078257226,-95.85676867645499,-93.75160739792045,-98.66658592737582,-100.86213005982141,-101.91301841441546,-98.7948685951852,-95.99477044686854,-99.19617545642153,-99.41855893671432,-93.56374355652174,-98.94660386548925,-100.92123879577385,-98.62924926506567,-98.58783721314111,-100.90345603961644,-108.53349330830488,-96.94147456952294,-98.03673399399975,-99.80333811239137,-98.1031609251289
2025-11-02T00:07:20,AP_5_112,5,112,wifi,5560.0,0.0,0.0,-104.56643485555647,-97.34926287168358,-97.14223080125956,-105.11839198964432,-93.33929034835384,-102.94623535781744,-99.00122293532232,-100.09258886633901,-92.28686020611188,-92.66423963881158,-98.88754878043748,-96.575637301263,-99.09383350865475,-99.16109233737843,-96.03524433959623,-96.43612378638818,-103.00472695905133,-93.4538758601374,-101.58701674262278,-98.18615042778558,-95.41678132310142,-101.7403194762266,-101.98600616568493,-95.64962961019992,-92.92976643638171,-99.45152813575082,-99.84698509421906,-99.2712952842357,-97.04236012739834,-93.12364000149995,-96.84492691155498,-98.67925773488756,-98.32250168084428,-95.81553783830171,-101.28634136571758,-103.6916464574797,-98.52034489213327,-96.3156806728801,-96.97042251388427,-96.93785174275203,-96.84711163492813,-94.88356104840372,-101.92457493433471,-100.6067442510309,-92.66365226542189,-101.106434978047,-96.87957120774674,-98.20273445164148,-98.69710455423876,-97.11439993319429,-99.09077286214514,-103.85335112853461,-98.74776846435982,-99.8112442455942,-95.23916642083947,-98.71174439845859,-100.43544831675302,-99.60032883639698,-96.96392258965368,-99.4309609311529,-93.85701008492613,-97.40898804581441,-94.21015226143616,-98.66241586953063,-92.66240719611473
2025-11-02T00:07:30,AP_5_112,5,112,wifi,5560.0,0.0,0.0,-105.66515657444901,-95.60940518169592,-98.11609691925112,-97.62610767652133,-101.3408173719265,-99.8895187896733,-100.77401799642772,-98.9069428336823,-95.19774177531932,-96.82743221556716,-100.03269404341997,-94.93307499790012,-99.77824024012284,-101.41172200615046,-97.1986729440114,-94.67069806585428,-99.21905307502237,-99.1981692820251,-95.29891732827427,-99.28810617125289,-100.4304783571592,-95.82219872303763,-101.88028896761004,-99.68969940257915,-97.89547665715033,-99.49209327668255,-96.73378087990781,-103.14247106243607,-100.41663521479653,-100.18504131707856,-98.39459852090276,-94.09118467963114,-101.92886516438932,-98.89008095733682,-104.3513998527187,-97.97385604532191,-101.54742646434745,-103.92823621016413,-98.59167985474366,-97.25202415535504,-101.4488195649937,-99.01250778814779,-97.43947662088625,-98.50115010898224,-99.1799467897623,-99.53626976810594,-98.11053915811091,-96.74388684228505,-96.15294881429423,-100.61529208955822,-96.74388634812159,-97.81823461060206,-99.20248900575916,-97.5886626586356,-96.8592424400145,-99.80520316831773,-95.21272563894746,-94.37112229916568,-95.74399808468402,-97.44382324659253,-100.69953203551746,-95.61632905283645,-100.04426692715424,-97.71551190507019,-98.68890146979491
2025-11-02T00:07:40,AP_5_112,5,112,wifi,5560.0,0.0,0.0,-104.78140884178467,-98.07053608943357,-100.35137323804598,-96.1729351490299,-96.9548657610209,-95.35704122285836,-98.33530691267828,-97.85501230004677,-101.33576263004889,-103.03707448195686,-93.93646935479114,-93.02459287161757,-89.4537389866894,-97.03008242152261,-98.06740320709217,-97.27088442509178,-101.36175125744154,-97.3887531794837,-97.43365148464035,-100.48109410406065,-95.48415185919667,-98.05892105549317,-97.33005002308931,-98.90062118371554,-98.49464847954694,-98.06134304208962,-96.15723418651024,-96.85117783750312,-93.61519696607407,-95.05025670216332,-102.70969689735881,-100.17743408800075,-98.5496337847968,-95.02441867850618,-97.96550748995863,-93.53015834840971,-96.87950475840812,-90.40105847619176,-94.32553634116134,-98.39524027539375,-97.78933502756304,-102.84493000296263,-96.36061554590492,-95.5516770828446,-102.52453198900203,-102.81778723603644,-95.60300885363908,-93.64251698379704,-93.26371716043278,-104.18273985766444,-97.52153978706053,-91.5848862010146,-96.80697815076067,-96.01365042656096,-99.12059889224133,-97.56618107507961,-99.62774151241629,-92.79412791820093,-93.78403827106246,-97.89135702381867,-98.48023977872846,-101.05215424709252,-98.76543048671111,-97.82993618907922,-99.97630770434048
2025-11-02T00:07:50,AP_5_112,5,112,Radar,5566.494627316124,5.0,0.15065363400047535,-91.03762776289244,-92.01060713265456,-98.20389777087114,-99.33297060917809,-98.0694920070455,-92.23771500487902,-98.82243685923014,-97.65012558591347,-101.63943922272041,-99.64704493299942,-97.97455561146651,-89.82965336123134,-100.2514409733123,-97.02777722766452,-99.73656383098998,-95.18209660127098,-102.12870998998434,-98.37661736796855,-100.85081714086377,-99.18803861239769,-96.40624352261779,-101.53447045207484,-100.99815890540744,-97.56137491457034,-95.34020629447905,-94.05921602590658,-94.32696633510626,-95.36378718687487,-97.42306379699832,-95.9577145910236,-101.6014823247708,-90.95861070858086,-96.83092486900091,-95.20042880057098,-88.28607486900492,-93.43421913981648,-100.25386632289221,-96.55691724909012,-97.74602251268031,-94.61598430276715,-96.1505187341119,-95.99487530242845,-94.52499632641108,-100.9646091146368,-101.45251575705615,-94.70513073647032,-98.71237660225998,-97.3715328552815,-93.84943640216875,-96.88197047345987,-99.86888913410364,-93.06031602729261,-93.71553882295231,-100.43744633944834,-100.32673202462088,-96.751830783147,-97.17125070454615,-100.59236594781993,-97.21723119987699,-101.37403940184142,-100.73299527943888,-101.47108101481224,-93.63493748199826,-96.16147491998511,-95.46173249645992
2025-11-02T00:08:00,AP_5_112,5,112,Radar,5554.2993646070945,10.0,0.03896049600593568,-107.74056531465601,-97.07433472864606,-92.66768923621471,-97.84629394876966,-99.1837840222759,-98.76003806802473,-93.95463845655459,-99.7014746684139,-95.36874886781804,-97.89094499387708,-97.49867191627612,-98.60965017083569,-95.95346290682475,-96.24965614788984,-94.88864779722068,-94.20777293174889,-93.28793833530004,-99.91591682508813,-98.64276357193732,-89.20715566448915,-96.5215782339258,-99.47228078261882,-96.07129376558308,-96.86823512963143,-97.20644318723308,-97.83312438618003,-97.58024194755357,-92.04889760975009,-94.87595851209309,-97.28902709367102,-98.43632428105427,-101.75351613003343,-94.88359248543203,-95.20760006668966,-96.98495141389535,-97.0999414998314,-95.0226370711396,-97.01130337433044,-98.5071756124345,-98.0794586159672,-96.39567699591117,-92.27876863642473,-95.21590008286108,-94.18227074455112,-98.74670969788401,-98.89299681292901,-97.77058465501676,-100.72827841853531,-104.1068698398403,-99.5083515714916,-95.70862975058344,-99.70102455335089,-100.89192155295036,-95.15504115242345,-97.00352837696315,-96.03339356025607,-95.710985652072,-93.6114166282746,-94.5869844996251,-103.08492666495651,-96.62371589290008,-94.074837886294,-98.02723147329118,-100.94987910445481,-97.17234250947891
2025-11-02T00:08:10,AP_5_112,5,112,Radar,5564.983311652125,5.0,0.06475528402975332,-99.2053651741538,-93.22199968441838,-94.17026458641688,-101.25356693204465,-97.86849712214396,-100.78651694392819,-93.93614029278626,-95.31708203708148,-99.60856413131748,-102.8201885844186,-95.23812155892755,-94.95116547057981,-95.47777015586479,-98.62006137553458,-95.23545592613468,-103.3160676384165,-100.08460339716675,-93.8438108697153,-95.48391015839626,-103.03088543635839,-92.60165446269559,-97.30202569931873,-97.33390967392884,-96.07941725189806,-99.12445911936554,-103.75898852726972,-97.71767541697706,-98.3245683460095,-99.03239732290218,-97.50696364522214,-97.04629339507383,-95.74396558140909,-95.24138339400764,-97.39195376489435,-100.89416544786714,-98.51102321612495,-95.84991540929266,-96.00827701602648,-98.20684492779057,-93.28874428689103,-100.33615746360479,-100.60392065730893,-97.32019821722344,-96.65892831200685,-101.54515219528739,-100.520599870038,-101.88459656947825,-96.93203577734131,-99.49497999103116,-98.53134594889215,-99.60225018673592,-97.16047271381119,-101.89932107407768,-96.267877317559,-100.31517086706852,-106.1251009201484,-99.83795598471342,-97.14968065218095,-97.3306525815672,-98.37769800428696,-97.42964271165799,-100.45688177933258,-93.22777900222339,-102.02572540764064,-98.84077266331542
2025-11-02T00:08:20,AP_5_112,5,112,Radar,5564.054072157875,1.0,0.04185508849064025,-109.12926387180579,-98.37352805660962,-99.18681141008518,-96.87566345126137,-96.47403096512673,-91.63387875706896,-106.12398971929346,-99.76704250836679,-101.75952923515928,-96.15147142682555,-98.72109792959169,-95.59502122981017,-97.8242941256286,-92.48083923006074,-100.22211178167062,-96.02453417080872,-95.92320701770205,-97.01078182017059,-95.98113639075558,-95.93577757686585,-97.74926456420347,-97.35054332078465,-99.57850228277054,-95.12937026236136,-104.04468319740958,-98.12117077683638,-91.07503772227251,-93.70201951000787,-95.15380824480464,-91.377864494699,-98.60348030762955,-97.32303472090382,-96.44790637986021,-95.60399401505397,-98.76831838329011,-99.35214407383147,-91.12330966516377,-96.3462800957493,-92.43678609496847,-98.38104337935603,-97.33763872358465,-101.51698877349217,-95.54263301068606,-97.43458552854446,-98.77945867067112,-96.35783840222875,-97.16083026392819,-97.89667577751655,-94.52394635734643,-99.93120366267766,-97.32453063344747,-97.95572438726045,-96.62215081704483,-99.50373445568333,-93.13311613394599,-100.27001977879794,-92.94559585489844,-97.00579427173012,-93.84686040412399,-94.86082653216478,-98.77873205308975,-96.9551087174602,-94.01478843852459,-94.92918221928598,-97.41675902738744
2025-11-02T00:08:30,AP_5_112,5,112,wifi,5560.0,0.0,0.0,-105.93269781408792,-104.18676130345268,-99.60507352177699,-98.99341866251699,-99.37519161456737,-99.4320811815907,-94.0660684747325,-98.92991905507142,-96.63830659130831,-98.54428208657095,-105.69450560678035,-100.17440215228402,-97.29172206613902,-100.8571074232905,-95.86026721226237,-95.6372890633096,-93.27347094137168,-99.61579896606922,-100.02014316643955,-101.95000028210964,-95.8248354115519,-97.17507655269891,-98.37302640209312,-103.70250225805682,-99.18690065582209,-103.64824477757911,-100.03881227298739,-94.80100560740554,-100.07922487401733,-97.87262626516961,-104.05856910048576,-95.2340406911965,-96.9514261489349,-96.13338814679885,-99.04195999700111,-94.10355114625975,-100.17075953723972,-100.80555698683008,-101.60003963328853,-99.10696828157018,-103.74845345794937,-102.80736922648155,-101.95609344019087,-96.68919572132089,-100.49877334217551,-100.79299972824728,-102.93608153156221,-96.54345387884995,-96.9864175285814,-95.69554691010609,-93.52925688466935,-103.00713787848441,-104.52203455175413,-102.2753572266967,-99.15077061565461,-99.21354358596138,-100.7142293916023,-100.74502679466457,-100.15956102713314,-95.88141187387727,-97.30339067677522,-102.4705870324552,-100.67949557396359,-99.72189983599142,-99.05089437610742
2025-11-02T00:08:40,AP_5_112,5,112,Radar,5551.220305634582,20.0,0.08546443378333293,-103.61837965204097,-91.8858871989865,-96.61228081490631,-99.91731447870396,-95.36010171480339,-98.66921370988108,-94.62508627969194,-94.05543704864529,-97.3973153380505,-98.35082339078744,-97.87115780785525,-96.06836000298054,-100.82138317462315,-97.03894944231716,-95.77241399726171,-97.45861103260319,-92.96538739228986,-93.33686810878787,-97.1804080892358,-102.76147750846727,-95.66745084747049,-101.97957584335792,-101.75958647008117,-96.16567387176318,-96.37781481893055,-92.72580207728016,-103.35978151656855,-96.8117084342436,-95.65585817428381,-97.37989316125432,-90.27110810515939,-97.17596947397499,-98.71105669437048,-99.70533017784305,-101.64504142153166,-95.4856405377857,-95.13924557498197,-98.15400145876276,-95.58189624827327,-94.43555663015167,-95.07125049084087,-94.60869012862476,-95.91300268143466,-97.89741973076835,-98.03202048965603,-102.74614678668316,-95.9270003239325,-100.63573372385065,-101.32076095220957,-99.44949479548461,-94.80267137273836,-96.3123468047845,-96.97969583929878,-97.6099179049608,-97.3408871108074,-98.41801591308233,-95.12984285159403,-97.92996503273561,-97.62510571434356,-96.78842560404784,-96.36927198144741,-95.72862455447587,-98.22431125922297,-101.43048354017073,-94.83796795089476
2025-11-02T00:08:50,AP_5_112,5,112,Radar,5569.018883364013,1.0,0.15265673143748507,-113.13051344877462,-97.82256476431328,-97.32270028243077,-98.79485195341135,-97.40794001826106,-99.59865242477237,-98.21686987926988,-95.86138701257903,-95.71672261324038,-96.24541413495741,-99.37587702133618,-102.37063717508232,-99.53965401069895,-92.54193655728731,-99.2700802011149,-95.05474149654655,-95.7109162464046,-97.69485885870537,-101.8585849533656,-100.29355319382356,-95.40238108377194,-97.65304077349506,-93.39016383295856,-97.41184086201412,-92.98541992184627,-99.22821871809437,-97.17191912968218,-99.53165628804375,-98.50244652787761,-96.38973454896148,-95.57265812618277,-94.43624513941013,-91.42054691614406,-96.76193518450086,-90.25963440449343,-95.43921239167582,-95.34012769086395,-95.22717393593251,-95.60886640794865,-101.13270608671938,-96.8625076443846,-93.6205760216306,-93.56087605442336,-95.96332540563405,-101.6064225317256,-98.34291179469751,-94.8515451826307,-98.29264467881846,-95.5912510810688,-97.82298184731502,-94.20932414170268,-91.5942568284995,-92.92375142570727,-97.39054815094508,-96.67520047163367,-96.86017507091525,-95.07128914491621,-94.7520510386037,-99.79645625875446,-100.31005890699102,-95.72647925826602,-101.0511602227306,-98.96868152371582,-102.294339758494,-95.26161320809251
2025-11-02T00:09:00,AP_5_112,5,112,wifi,5560.0,0.0,0.0,-104.11264064351798,-95.26656694065055,-96.88005765197535,-98.36879602594951,-93.68204395231349,-95.2965944778828,-93.18613348989821,-99.75453767065056,-99.13329039160853,-94.76713171382673,-98.0696139021505,-98.47734355465722,-93.26577936184874,-101.51064597490881,-97.43947212306053,-96.0062925589595,-95.96509928265597,-99.69742561812565,-98.86730483271221,-95.51363886029887,-103.98112174344612,-98.45044107791706,-95.95182414512843,-96.63736189270702,-96.40189948620991,-96.75500869222907,-99.8809996901097,-97.5877934017179,-95.68581932157834,-93.05567717894868,-97.89143712680138,-101.11251323928231,-95.75006595583406,-96.4562934190368,-96.44424527034263,-99.28847714041372,-101.45809868503645,-94.06784338461513,-96.84547214423208,-94.84077189636585,-98.97737905774248,-98.23068716958446,-98.05163823642266,-100.94764514632958,-96.61473535385947,-99.01104845065947,-98.07359642991987,-92.57678129116194,-98.19597948163106,-93.88258217559483,-99.31440496114323,-96.59120062168031,-92.01244973311788,-93.57355254086941,-96.38544314738445,-106.00532886301262,-99.03426333963607,-93.73978332028511,-91.05106834118558,-97.66152306436756,-91.87318987834215,-97.20021841645689,-97.1501190238876,-94.48160331317708,-94.45679099200106
2025-11-02T00:09:10,AP_5_112,5,112,wifi,5560.0,0.0,0.0,-105.06815134001191,-93.6500067201786,-97.30550291261484,-98.90630267069908,-97.8221713037163,-103.36563004846732,-100.70276108290817,-95.325964028259,-98.92768806396874,-99.55070323807796,-98.83906132441876,-101.85596702920876,-99.36891785376058,-99.91820417084601,-99.03386366992378,-101.9561077135301,-94.12429337597658,-99.94689344375183,-101.17931210143433,-99.5442641493465,-93.10909856684137,-102.84379556040317,-95.1605305973946,-94.21548693513692,-98.11462809520513,-94.37101876243993,-100.9695135462708,-103.91678297039606,-100.38006270878786,-98.56821268358271,-92.19197471316504,-96.52378644732617,-93.1453396762879,-100.63204418816126,-99.13311953737488,-99.51126204129872,-95.80190301430254,-105.03815775745889,-98.62529069916066,-96.5684233510075,-95.49489509486355,-94.22367043326874,-97.96551545367109,-94.22746028777085,-99.21212540076796,-96.88004049572005,-99.41319446162747,-96.07049466564528,-93.72977002320422,-90.91625893619086,-93.926009419145,-92.63966716677481,-95.75666343500372,-101.16925670944578,-100.47303220265913,-104.69732203872236,-95.91822178382377,-104.2432188142632,-100.2644443172865,-99.92885133483449,-100.96926900572781,-104.25623834488398,-94.28940012840992,-96.74266527003635,-98.73397420801447
2025-11-02T00:09:20,AP_5_112,5,112,Radar,5550.20129647633,10.0,0.022183322848514316,-104.37678594558244,-93.27533882344694,-92.55401171878181,-95.55913162671105,-95.55446675842981,-106.20082631724746,-96.09273521653753,-100.95422603957635,-98.75430422191008,-97.52005892795692,-98.94948167209193,-96.38092712788057,-99.40730222032397,-99.41321391753665,-93.67727144172885,-98.77722792171967,-97.62323515979026,-98.20830863734103,-100.31256525844445,-103.26224908622542,-95.37903108258425,-94.24965350706373,-99.47922292465822,-94.76277137515075,-96.03662015308028,-99.73723559849027,-95.11251829719485,-100.92633666355718,-97.88132216770641,-101.75162631590116,-97.24417359039032,-97.4814112275491,-97.08941159879892,-98.63305039105052,-97.57430902324843,-97.39394971408419,-97.22576323665129,-97.70123121580204,-100.2719855354337,-97.83976915329576,-96.9915332172539,-98.19155952029654,-98.54600385778392,-94.96883112831084,-93.25461140037736,-98.58999944016985,-94.2761800518968,-96.54408561564883,-95.88873291505402,-97.59927507090602,-92.4229422153534,-96.99932875232561,-98.02051851817473,-98.65164875682608,-104.9342729744621,-94.84393526013059,-96.19599020872022,-96.01162883334219,-94.91237954637788,-97.6529315542767,-95.08933401939433,-95.97930472794592,-98.90578779618028,-95.66689054288982,-99.09748878521356
2025-11-02T00:09:30,AP_5_112,5,112,wifi,5560.0,0.0,0.0,-102.54646823116354,-94.07927085239679,-98.99834780874879,-96.95105183477891,-98.56162370261238,-97.58630799163296,-95.28206193187768,-99.09351212473861,-94.08730975479332,-93.60837277773622,-97.36557190231842,-91.48288972402713,-95.14369213972286,-95.19422949231489,-99.36911224056755,-89.19960824789081,-93.91735473193354,-95.021571641583,-97.47923890162936,-100.9589409965442,-93.61578214619577,-95.24181926373348,-95.47934008554277,-92.52239487996737,-96.05061558549916,-96.57467724756532,-97.75350725608695,-98.65178626756173,-89.35611912381887,-92.67310344024912,-98.5311348586841,-99.112831172535,-93.07518847189367,-93.44603253534176,-99.2892706579919,-89.23377473793795,-92.68352251746451,-97.18316714287927,-93.70148519079702,-95.41340716504601,-91.55631425798087,-97.45389456440583,-94.8247315655765,-94.01654706269859,-92.61920168744622,-95.92309066853652,-90.16385614051198,-94.53317639893909,-95.97266833545713,-96.21343838619431,-92.48626516704309,-96.53265083614139,-92.29861102645232,-90.94950622587079,-98.48168268992693,-94.1124428712678,-94.4407863598472,-97.19967927215063,-99.9223923330668,-91.10858591465957,-92.4626752666131,-92.65673388067546,-97.12795652033982,-95.94946194879283,-103.23766646705094
2025-11-02T00:09:40,AP_5_112,5,112,Radar,5550.807746913885,20.0,0.06906021142112727,-119.85313010810786,-99.51968418578784,-97.52481848520598,-103.41377290667455,-97.33379299198941,-93.99274967064805,-97.57377149365969,-92.11136511389948,-95.39052541120905,-98.57628201601142,-95.71530054695515,-94.03604415162832,-96.68457049179929,-96.25930847361712,-95.15615120791101,-104.69076121490585,-96.01916664379263,-100.2849648821298,-96.07577928952385,-96.63384568510536,-97.39498242933482,-98.9687808609726,-95.20227796539766,-96.87211424448387,-96.7044128151334,-96.06219777089301,-98.78399030499912,-99.22247664792272,-96.96320799830431,-94.99165767519615,-94.86806985464789,-96.57622339574395,-97.35455165230827,-90.12236968749724,-96.23676412848243,-100.48102931987192,-95.06507217022309,-89.37561815702236,-101.94168951619902,-99.28179030077808,-94.04410515187222,-94.42572672350701,-97.90706620890948,-88.73336812843695,-98.50988830504836,-95.12796795822797,-98.95506584268763,-92.61110419576556,-97.82077930907745,-96.87880935642329,-99.28359336428446,-100.19824230284453,-95.33932039769921,-93.71022312548556,-101.6002008035344,-95.23024317784801,-91.89081015303078,-95.93731504172213,-94.81367297579773,-93.71576849282285,-92.63114678878658,-97.046658191485,-95.3968648511189,-92.0069450891728,-93.62834218764509
2025-11-02T00:09:50,AP_5_112,5,112,wifi,5560.0,0.0,0.0,-104.36968438195233,-96.2133089543293,-94.64078290753967,-96.76554464881744,-100.73262401662622,-94.79894292118617,-97.69265467269683,-98.81186578633321,-97.97622856424489,-95.15214969774274,-98.84338446620576,-96.70193361257765,-100.98215393410575,-94.68410770767852,-99.85495865611732,-101.54379913340655,-97.21460392381353,-100.40707807998552,-97.77665616307294,-102.22511347429833,-92.85083476863878,-99.47326368378314,-98.75617922736076,-96.4691744645679,-96.98776583153028,-101.77706050850381,-97.14615775461121,-100.24082931536991,-98.34413576518587,-100.87902883072694,-99.91689732148663,-95.47083379280915,-96.3922846362825,-98.82638383605338,-96.17748126604198,-93.81214564604545,-95.04824708947355,-99.28920223516776,-95.64017523789916,-99.62882396197831,-96.99376891278645,-98.2542532245766,-97.77482066322281,-98.10393047679831,-96.47305269938694,-96.50617390719228,-96.73740398366454,-97.764882667503,-96.1020356718398,-96.0588686614516,-103.05682474427718,-98.53895092740397,-101.8037988450981,-99.45855143670057,-96.72100593191928,-94.27685697323804,-100.01565761353528,-96.02147035789476,-97.1401768182942,-101.92498961093399,-99.99689142007641,-98.00828951482941,-96.56747459188901,-99.20602661005292,-97.64684890719433
2025-11-02T00:10:00,AP_5_112,5,112,Radar,5565.5258355933465,20.0,0.1570611758432486,-114.16099230673768,-97.54589678628584,-95.16040501816522,-97.31916143201036,-99.98785643943731,-95.70243778032362,-95.60677849943954,-97.91357290872881,-94.62205313974087,-97.64471884107635,-97.97990936336548,-93.41917434387732,-97.97505757385075,-94.29911680849652,-93.03871205267642,-99.91403447417838,-96.69410375829221,-94.16475927609085,-95.18735976248325,-93.6908794625346,-97.7994523673137,-93.65060071981588,-96.86016458190895,-98.0935663988795,-95.4549285537434,-101.65089785444182,-101.46750104719958,-101.52218277178333,-94.08845602399121,-101.76705365613626,-91.10428050227966,-96.6054032218659,-97.3474671699302,-97.94547082714202,-93.3385992742886,-95.0175695762771,-97.84047545492498,-98.63943402598042,-98.2496822122641,-94.87212161311243,-97.0300413875317,-90.7178880355109,-98.18157599995008,-103.65038299064301,-92.40816916677997,-96.40146950404889,-94.73279966150507,-94.17724329582143,-96.1012315316175,-97.8911174349955,-96.72981793420831,-96.65474016520186,-99.11384746312245,-94.70576162589694,-99.85887135678338,-94.24157269500738,-91.03830438800442,-97.16031632209582,-96.24693358972418,-96.98524648797061,-93.99542391083436,-98.49001219629464,-96.14633023234934,-90.54356696530714,-97.00371918376516
2025-11-02T00:10:10,AP_5_112,5,112,wifi,5560.0,0.0,0.0,-103.35599912159283,-97.7649964301055,-98.80321529321962,-95.86102756432913,-91.81543809910266,-96.0261654309245,-96.10029810488643,-100.36528330138235,-99.15308324984399,-94.1665231342264,-96.86405617598312,-94.00955831202818,-97.4603327320586,-99.25820084119559,-99.16330233470133,-100.82687957632515,-92.97246459536753,-98.51993286926697,-100.32954582688508,-92.02281192641493,-103.6372154948252,-93.9917799842575,-92.2998862885514,-100.56468302098511,-96.88089769045004,-102.12590071984951,-100.59298782163525,-96.2598579506771,-101.00058768902879,-98.0582728024996,-92.45003597825392,-96.30612768097839,-95.3795631948347,-93.27755748987555,-93.8918950767372,-95.18844261223809,-98.03720383018945,-96.06107688522349,-98.18634844969209,-96.5094372948704,-97.87492233942457,-97.71614186009842,-95.5734355181326,-99.31175642660025,-94.39595638707165,-103.15803253121483,-96.35363615625545,-94.99060995556283,-94.83577632942263,-103.36342099925909,-92.16523678080175,-99.07144695982579,-96.16806165534894,-99.2573728123626,-98.87812174294862,-97.97917853580674,-94.76886627985455,-98.25876569989627,-98.40728453129422,-97.55758880124021,-96.36238139050467,-98.55317864252295,-93.53826567863881,-97.82531782279156,-95.0561614102105
2025-11-02T00:10:20,AP_5_112,5,112,wifi,5560.0,0.0,0.0,-104.49118213831272,-97.46366252803696,-94.5554105138367,-101.00751161399333,-101.6774803901661,-99.5673088127988,-98.63403239565886,-97.9645117796034,-97.3186318845077,-98.46009042663263,-94.57432212499148,-101.33081561298539,-98.76003918532803,-99.55370526299767,-93.00554631047461,-98.9718148612524,-91.11634919958225,-94.71497311229994,-98.76539137250649,-100.38145520661111,-96.50065403577752,-93.76229784872716,-103.34259349468587,-99.65626667633788,-100.71610230943776,-97.03958809042999,-96.73945927987869,-97.5415692020619,-93.57274729990327,-98.93884892346672,-100.15082147511743,-94.07235685719523,-99.95326496280292,-93.25278425691913,-97.97240334833387,-98.00834256669258,-98.69952377782747,-96.76151794204524,-100.60813467426242,-98.450760676861,-92.87227093940429,-95.24559552259224,-95.88053874853527,-94.99871903209655,-92.3814191480266,-95.91228796632718,-94.9060567692154,-93.26328072531737,-97.1900038291217,-103.5818877711618,-101.01475110467831,-97.74258075997547,-99.23302463246162,-96.98891045913079,-94.5863741461187,-98.8596777212889,-102.19641460053852,-98.27658010777475,-98.20600813596263,-94.52867606870947,-100.60343148844639,-97.36853725691503,-98.5335781797702,-92.83245670714999,-96.92994395841778
2025-11-02T00:10:30,AP_5_112,5,112,wifi,5560.0,0.0,0.0,-104.09666396618817,-90.99592726671197,-96.58773138507813,-97.52801006464695,-100.43074907411571,-97.48317199076874,-100.783310885323,-98.44711642543332,-98.14304454520446,-98.22185098785603,-96.62505169002539,-95.43149551448435,-94.9229612484813,-99.54339761556948,-97.07586211153121,-93.43950252149133,-96.04378988091763,-98.89363092801624,-97.21730019851114,-99.66643282313771,-97.95714217558968,-95.37039049165581,-99.08957796851634,-94.72001362449936,-100.23327884142046,-96.34106068106712,-94.2343666500041,-90.49059574000468,-98.76042314092975,-98.35965402980926,-96.13341295820285,-100.21402126496706,-96.97929993548145,-95.67272740557904,-95.02361587698822,-98.60469786796351,-96.56963557023478,-95.19716052442364,-95.92113671418302,-96.27156387779422,-100.58710561281438,-99.32812665660248,-95.96867114376947,-101.7367421357657,-98.20033913205398,-96.6456637777772,-97.26697883934017,-97.10182351437481,-93.1445802237931,-96.90202414069874,-92.85603278302982,-99.45078975350373,-94.7466293581421,-97.06403552790039,-101.61913813821565,-97.30168627940373,-96.93183764084783,-96.33900430152332,-97.02083241646724,-97.78743234989716,-100.46494856427199,-88.19504852419647,-94.11003234017437,-94.58769764726972,-92.87681049442006
2025-11-02T00:10:40,AP_5_112,5,112,Radar,5562.054794908849,5.0,0.10955546039921513,-118.50299658032952,-99.20968519244259,-99.31685784877813,-93.60740792634176,-100.83194943870556,-96.66026922958086,-99.13571771499075,-98.81230068792111,-95.71502989076905,-96.8345634234026,-95.84150179937888,-94.50382615779596,-96.0082688344495,-97.70241653354299,-99.03516234137992,-99.78061313605596,-93.50679413224574,-90.50656118564812,-91.54802158253115,-97.88952999177103,-94.19328508094138,-102.71998417603636,-94.5459279828105,-99.82247712948097,-99.50005786800156,-89.42012615310882,-95.12539049929738,-95.7686955239917,-101.56233879420304,-102.05431328077898,-95.63611873830494,-101.76533900141126,-93.95353498741243,-101.80195555783713,-96.97956001144756,-99.58749358226922,-95.7804345996123,-93.34187126345454,-94.23964134316968,-95.65255541194792,-103.5289212528678,-96.77017460797815,-103.41245060327212,-94.40680340282645,-97.92564180076023,-94.72667482109723,-96.5176041100313,-93.70786916087336,-94.64410647782445,-93.24968251190766,-97.44139905214405,-93.55703552356162,-96.30020403620027,-99.15990171043596,-100.47175177531551,-97.1440850545578,-100.2839773080326,-94.70902067750079,-94.71509709505,-94.59724037776056,-88.99624213607625,-98.83375866259554,-96.28793242885772,-97.72355274837663,-96.32243764485607
2025-11-02T00:10:50,AP_5_112,5,112,Radar,5556.759712447134,10.0,0.02727610556963836,-100.96216963515201,-99.00131288759233,-96.28749805188043,-91.9843010395113,-101.94183831851993,-91.90110597455276,-104.31095813340147,-99.39608722394595,-98.85274999739279,-101.83874931717224,-97.76500569749598,-98.79647341104656,-96.31656108000573,-104.85166961719932,-97.99894031872621,-98.50817657811406,-99.60406244791405,-100.4763230329485,-97.70433135945046,-102.38298678969713,-102.06378763476467,-101.83479351772199,-99.73208095487401,-98.79192522833347,-104.26134557245342,-96.54400955018906,-95.16813944281178,-97.97350680008896,-99.40524139350175,-98.24046348531962,-99.87748681445127,-98.82373446039304,-96.99963599958124,-97.24806479961775,-92.8391031574201,-97.32164850410601,-97.36902343813965,-98.99840474275264,-96.89927876599629,-99.39193695292725,-101.62922365526853,-99.71269255434608,-99.08755743737167,-100.53757683974473,-97.04351620509028,-105.71233230776738,-98.71000282854607,-101.47911395604949,-100.76499134590705,-98.13574706191736,-96.2212478741867,-103.34999755621674,-104.72998601882853,-101.18876667375794,-99.80920581057318,-103.6173336838323,-99.11799127127323,-98.02402124183337,-101.03507504297595,-101.66838739249086,-98.4676163442104,-99.71768793934827,-98.35074889428371,-99.69972835848343,-98.26079352813919
2025-11-02T00:11:00,AP_5_112,5,112,Radar,5557.743760756109,10.0,0.0313682698360578,-92.31942929320093,-95.08836913711491,-102.40804655793869,-98.64240286862072,-94.74608361606955,-95.46199863735664,-98.63521147203328,-99.70003916159234,-101.20575036678609,-97.86714987590652,-97.18058633627773,-97.4430443840384,-93.56935861840859,-94.41423323782695,-97.71293908326739,-99.01286500352484,-95.34470643363181,-97.29934329091786,-96.12091063836142,-94.11690772952278,-95.85801390464084,-94.12651451971777,-95.97935781750448,-97.62590012439384,-96.3492216072933,-94.38774228025595,-94.9386756111342,-98.56531131581434,-95.52875605271812,-97.23717062132702,-100.22878267640253,-98.925954407933,-99.11361176511846,-100.87062786136572,-98.06176348997465,-92.50576764706497,-95.0495668427931,-101.44953632516959,-98.97040301597664,-93.27780627646382,-99.00399510129544,-101.54765084892041,-98.01768441380119,-98.1354724130299,-99.15735433630697,-100.41929892210732,-103.10624062535801,-98.645313571299,-96.45731768743109,-96.7041051991605,-97.26122119446529,-99.33511470530244,-93.74463529217098,-93.90569413747806,-95.0554170206409,-95.50324963996096,-96.55429734116132,-102.33686123656614,-97.78906474349228,-95.9454681902615,-99.67762045369749,-97.2261031642594,-94.7372625880677,-99.58055618218309,-107.03633112419989
2025-11-02T00:11:10,AP_5_112,5,112,Radar,5559.824076691671,10.0,0.04279454990451961,-101.4263384755515,-94.18838584560223,-96.16333235491254,-95.29373490309057,-95.78861556123512,-102.0122888169569,-91.60099786490916,-100.386791644036,-96.99651252051929,-96.29197051102796,-97.91846653279278,-94.63821199800772,-94.96031803127491,-96.93748326312142,-96.6407217479992,-101.9073661092657,-93.4199993375959,-101.2001544072268,-94.47320445592669,-94.56111938627974,-94.56788855264949,-94.91470980798063,-102.80709136619923,-95.09601367203572,-101.94426598408984,-95.69641625119431,-96.32458708138579,-97.55464306813413,-96.30458435714937,-95.12517748799004,-100.55052270530358,-95.87915403897941,-90.88298571140979,-95.06386066842167,-93.25650412481167,-97.06004837384397,-98.22487482037587,-95.62780396601404,-97.05116900636752,-94.16729350949748,-93.2810626153327,-99.9781152501853,-100.0271729367808,-99.27424618188509,-95.11455560530018,-100.26256147515534,-104.7297211090197,-97.42929072943906,-94.62993018654211,-96.12012998235095,-95.68164584870021,-94.56145361434656,-99.81770986142689,-91.41040601090319,-96.32009358415435,-96.23164566199092,-91.95043003486984,-94.0675882844,-92.0153584697219,-97.19301355869432,-94.2754814100888,-96.68447431004691,-98.6308206166769,-98.97737235485197,-94.0457409294005
2025-11-02T00:11:20,AP_5_112,5,112,wifi,5560.0,0.0,0.0,-104.356836499692,-97.88510680746457,-101.65854936299799,-94.20026896811265,-94.09954452155135,-94.3800896047066,-94.86955880378441,-93.24847855512014,-102.40176873415498,-94.52210858203512,-98.85867157342152,-96.08534401232247,-97.1536107872443,-96.94995044092154,-95.99740929017737,-98.80047688774243,-99.18219975432238,-99.05879857202329,-92.55375562072307,-99.10194277400318,-95.88921092352025,-96.64364601669845,-98.57183966004034,-97.90451473190207,-93.96265287753681,-96.46083725561392,-100.42224522187811,-96.59490396678041,-101.36573516204746,-101.96789143092343,-98.58016315341831,-93.69212272671872,-98.86450532455551,-99.2691591570956,-93.57231384780216,-98.1319962683824,-96.97205449697724,-93.65466311522006,-94.37257724280303,-97.38500010558239,-101.06861104263292,-98.05870234624066,-98.79927823363113,-101.71420104505206,-97.2388572037955,-97.45793645999198,-98.70388591291012,-93.7931823457281,-95.80870732902113,-100.56544247294516,-96.13264390687087,-98.39936859980942,-91.80180330649733,-93.34870193764951,-93.97059585476302,-96.27859310721273,-98.9642528702018,-89.95542555159557,-101.33205557730658,-98.55154348865587,-96.82727882118067,-94.6117875357832,-101.7627489555399,-106.85074501470459,-94.56996321088991
2025-11-02T00:11:30,AP_5_112,5,112,Radar,5556.392257014334,20.0,0.1984009234853109,-117.30346193433085,-94.72741993045838,-95.62761258878261,-96.97126180914849,-100.83454338136357,-98.94668010407192,-97.71336699033955,-94.80081003015921,-97.9187846040304,-98.9888842042375,-99.61004592189552,-98.63776762353095,-99.99336038244606,-97.41034064647485,-95.92293239350136,-95.35899351282548,-95.97842262264321,-93.5801140858817,-97.7739073746336,-91.78460406195728,-103.82550903409249,-94.17214187709111,-97.20696644988368,-98.85238799174867,-94.55500107737775,-101.58227592395481,-97.56513322508718,-94.07118631894082,-95.97948028251412,-98.04484527536614,-94.96726663278419,-90.89770696582349,-98.30250196226541,-99.19340826267978,-91.85661901838424,-98.36166813139009,-97.69287762918742,-102.22195336031106,-91.68634266067491,-103.32347011484298,-97.14426902548482,-99.0690749745917,-98.202370642477,-96.0374973062203,-92.26198901342303,-93.34963609427805,-94.98136805486257,-97.13356558255131,-94.88538964689633,-92.20533630873065,-95.59518833760949,-97.87050416204782,-97.69040990058616,-95.5543309690848,-97.98712669549779,-94.54956217975179,-96.61378669691884,-98.28127170535804,-94.6104588968672,-93.8885249860367,-97.08782528993189,-91.38272636518775,-93.85369422637103,-98.56601196870413,-97.61791404055569
2025-11-02T00:11:40,AP_5_112,5,112,wifi,5560.0,0.0,0.0,-103.27267215470557,-94.75228581950039,-88.94778725153563,-95.60975485218636,-100.13852386416731,-95.5289287793366,-102.24929670731014,-96.56389149527647,-97.9923033029227,-100.11900238644759,-95.07100075100351,-94.13120258561382,-88.72954641952975,-98.28627575416336,-93.58161267551156,-99.28306073345868,-98.21126726461245,-93.93314753492048,-96.52406287710636,-96.40217813018096,-92.63228530356453,-103.38058303916972,-96.00155092646685,-92.01251844120532,-97.71554939482108,-97.5246001142517,-91.79357470580109,-98.35941104880784,-97.5218485563145,-94.08744961047478,-94.03403221032697,-101.92378866849029,-97.05032084355987,-94.24830421081997,-97.76494960236363,-99.39284796983951,-97.84971219415259,-100.85923834430525,-97.94257574774994,-100.1323398142816,-94.24864269620254,-93.35454416126659,-96.76528072873423,-98.43147465799562,-94.88972872628835,-93.69180754075586,-92.65283714136906,-89.05478958604354,-99.55617220372179,-93.48176703966837,-92.43169990076879,-99.44855507561759,-98.93719172738017,-93.63330429920202,-99.75866942355631,-98.73525951418286,-94.72351291043621,-92.93602794364597,-96.8896662719605,-94.03475662231786,-102.02504320496266,-94.0085865137945,-96.21486549272944,-95.03416626136482,-104.2907828333639
2025-11-02T00:11:50,AP_5_112,5,112,wifi,5560.0,0.0,0.0,-105.08133817750132,-93.55756469427672,-101.54500198325505,-101.27316697585653,-102.16643528882346,-96.78519116500908,-94.9782246617394,-102.20496877371538,-100.46435364137696,-100.56414679275323,-101.98397844888399,-100.96593075245494,-94.23964919455923,-97.65337930008795,-94.04039381325165,-96.79602922778983,-98.31442507415426,-93.8273591392967,-96.00779798120581,-97.65515295813601,-94.91969069558242,-99.01696398763316,-96.677806123251,-100.91965585491964,-94.86399313647763,-103.27966844983845,-97.81000892224884,-103.17236954823252,-98.24293323190953,-98.57273121587345,-94.06578562059737,-95.76637967980929,-99.33055658193966,-102.50336321821513,-96.32747949886584,-97.32842372080262,-100.50553099440594,-102.65199817698013,-100.20701805222882,-93.38176543507656,-94.63249311054528,-98.35838755663207,-95.57314458556051,-95.55708646224073,-101.7836846878929,-100.61341133544846,-98.57582163836135,-99.4848578562621,-95.9646379379756,-100.51503848371358,-99.45525644818629,-96.16625198213067,-92.65781041391413,-100.19066346451255,-103.62088460057409,-97.2978960780066,-95.11361847918523,-96.8668741622798,-97.27163171482638,-101.46174578036866,-99.57134333582776,-101.751385812172,-99.41385863700083,-101.1901477493313,-94.9637306587623
2025-11-02T00:12:00,AP_5_112,5,112,wifi,5560.0,0.0,0.0,-105.11550317162106,-91.36261727924376,-97.70171578658486,-101.89252116453586,-98.59055114810779,-96.75557637083219,-101.28861212654813,-93.4280795988439,-99.1346102451853,-101.74012145895614,-101.38646349089383,-96.57292380854771,-95.84666203841518,-102.08286132283368,-99.76874873113377,-97.06245394072468,-98.25446861077047,-94.48171101731599,-105.45831136785338,-100.7518115610685,-92.70298567281672,-94.24239021889963,-98.43634638324643,-101.23678559628635,-97.62598076147582,-102.03233928021366,-95.325959139526,-102.71271468282413,-98.06732115450178,-98.55292403369029,-94.49774440837724,-99.64533230906517,-100.14754146598338,-98.80034774412522,-101.53340811595378,-93.06384108678334,-91.81436428834859,-100.15744356125325,-97.95051803373185,-94.82703203306693,-98.76017332930032,-98.8393333442489,-100.10337767461397,-98.78977271150174,-97.39989218524859,-95.1683685139239,-107.08090745614017,-98.46295149683971,-96.19654902195933,-94.53363525080776,-95.35107649590881,-95.43621626493936,-90.06393958174024,-106.22795460012627,-97.48309696923822,-97.64362986618625,-100.78894044695112,-96.07138893385685,-96.74906168107084,-100.10038868882695,-101.88659629029185,-100.5035348279602,-99.13758847284846,-100.49580545918526,-98.15655333223057
2025-11-02T00:12:10,AP_5_112,5,112,Radar,5562.103615734073,20.0,0.052222456385844856,-116.59732242649167,-95.81263915654748,-98.03664526586812,-100.55778816135765,-94.96850273473319,-101.11746217108562,-91.96834155260537,-93.71078362171824,-97.02580013093751,-96.81973140508711,-91.20963068635795,-101.18914918635501,-99.07003101921231,-94.41977933967004,-101.22669208802401,-101.45341752125535,-98.00202076437006,-101.25679368843684,-101.03042281856528,-96.52600906520432,-89.27934122387111,-95.54525815725167,-98.55948153212047,-92.63585910176289,-92.14394946034616,-98.01171186164491,-93.24233383122255,-99.591168533889,-93.25305154144405,-90.73860432963623,-94.16350524967307,-94.22196480574196,-100.91003815263305,-96.67411853656867,-94.7095522955489,-96.03744697724427,-100.32125139911436,-91.71965198627399,-96.96171054547733,-93.35915119903333,-91.13630393952174,-92.30055905351566,-94.0045730956672,-97.59647469555303,-95.72980058957316,-98.84862652235111,-89.79636382471888,-94.79047203462949,-95.7994906874268,-96.46390489353419,-91.3849362236526,-99.19171181935069,-96.96755635691902,-97.44093823378,-100.63382883186276,-94.5054812150866,-98.61326969709641,-93.62094868959079,-96.39741569986634,-99.61546802231071,-95.70782268352319,-93.02929645275432,-99.53366198323269,-91.56272837471595,-95.32645291453673
2025-11-02T00:12:20,AP_5_112,5,112,wifi,5560.0,0.0,0.0,-107.31584462865466,-104.40765233558596,-103.15879419689438,-99.91380998310488,-98.8669862677101,-105.94457332149955,-92.4867980024299,-106.56611577504525,-102.88500597998632,-101.11780482818936,-96.43013944350966,-98.73859985582956,-99.0704752845315,-95.90180109879086,-98.6447767161692,-103.36104311376135,-99.53108509240991,-103.94085822071818,-97.25039552709202,-100.59350161725254,-97.6145550635065,-100.80752902363375,-99.85084951878646,-100.43916434974514,-97.26159051246151,-101.44836255842851,-103.57561248937992,-95.28730067543869,-100.19130491482085,-99.13911161256671,-100.46965755247953,-91.75651245293,-106.58039042074326,-91.2950966501716,-101.72644620774167,-104.88018343266242,-100.54273273446478,-99.32443964672393,-104.52457641856196,-97.39425369056606,-98.54887553053383,-95.5275682699546,-104.901669629782,-102.55132956039097,-98.26937396492794,-101.05855708155676,-105.0724952307644,-97.89763274380863,-100.96577447079653,-98.32244495609048,-101.14283628718565,-104.76348885667217,-102.06015124469869,-101.19185133400288,-103.40385095046263,-101.61300754235292,-99.63040869909791,-102.00782852894228,-100.44499721356003,-100.92402481502964,-106.24722244885609,-99.66995353686994,-101.36373963298762,-99.50530028548039,-96.95615371710097
2025-11-02T00:12:30,AP_5_112,5,112,wifi,5560.0,0.0,0.0,-104.73547386423539,-96.78027597407066,-102.15754283202213,-95.7398950518362,-93.56850595545178,-96.80557892410646,-92.19543777806209,-102.49680843712602,-101.7467232524928,-95.12088817100525,-94.0370796141704,-95.60633429434554,-90.77344311317579,-97.38726956912967,-94.06579744779688,-97.17399839441373,-104.88870916849469,-99.20170512138242,-98.83125103736018,-96.2481654822524,-96.34761757459816,-91.9061436905,-101.14807333714634,-101.98964929769721,-95.84271622635505,-98.80467970634878,-98.05201089342175,-99.49981903738107,-97.54206084737585,-101.13648660322632,-98.15297616058339,-92.31213602889866,-96.85935901367381,-97.63157585429158,-95.33272287102112,-99.7884429833154,-102.18523076765963,-99.42462368660175,-99.15906339608823,-104.58851743752759,-97.75997356043378,-93.09511920738544,-95.60792019329924,-94.46751909593156,-101.00706807129902,-89.7042998532265,-103.1338080924797,-97.5363579606065,-99.5245166098339,-96.61935658062862,-98.76819441758163,-99.24826767932889,-92.30198078192049,-95.8368685306688,-93.23426521605575,-99.67305072865557,-94.5156866658855,-97.71258094297964,-99.7657763207577,-101.35656880439336,-97.35301491039672,-101.61050530301485,-99.86585819194678,-97.37349197941217,-99.9034463662534
2025-11-02T00:12:40,AP_5_112,5,112,wifi,5560.0,0.0,0.0,-105.00966119189462,-91.5462517567958,-98.7037625293485,-99.07610289493853,-100.62250364181432,-97.63540833179496,-93.53746230177516,-96.2802455432086,-98.00839761872506,-98.83274940531284,-99.08891965711096,-103.20313849627482,-98.26226757005627,-93.30063168627767,-101.96824495598138,-96.72457821373989,-98.09703147555547,-101.93405295625817,-103.26545064625907,-97.65232513376836,-98.46997224663309,-100.0464503392227,-91.90305852266198,-96.71583327527061,-102.77828593431371,-96.90487216173051,-98.19867748087326,-101.07808545269434,-100.31370117555522,-98.5965999048697,-98.73152003940076,-102.22690492040334,-98.30060630291747,-102.67892527996756,-96.25475400796532,-90.36438448251556,-101.99821351949636,-93.65322546581574,-96.68321620183718,-97.74100333282408,-100.9542866728771,-100.44517391865823,-94.54295762833017,-99.94465024209217,-97.48357514950858,-102.1642540502362,-99.79070203656394,-94.74427267618708,-96.63350485524711,-101.67697980801344,-99.84626302657006,-97.67544594164647,-97.7608655518511,-97.3243445584456,-90.9001658708409,-96.15594961750138,-97.56499080192677,-98.18538478144306,-91.77979633316994,-101.0598814682164,-93.49883726137068,-96.27604996896079,-98.63460095404942,-98.92921614382526,-97.10302198356236
2025-11-02T00:12:50,AP_5_112,5,112,Radar,5550.383151973667,5.0,0.12420573922250214,-108.14151083525442,-98.19956261591733,-97.84852504057075,-95.71378641463615,-93.50454781781168,-98.53494957793966,-101.57757375383707,-97.53028726128979,-104.22864814869656,-100.42974759564346,-97.67868054599997,-95.863762059024,-101.59801066765971,-101.93475294820152,-99.88936439477128,-100.42372721880228,-96.2295580767911,-100.09805513270858,-96.07894174354215,-101.30289382541687,-100.86827892676374,-97.36374134431924,-101.6758042766325,-97.13153135980318,-99.9113091679246,-97.05264698626134,-93.55729529227426,-101.28128627026368,-94.43292349740155,-99.49369624156452,-98.15261633707635,-99.7295465805735,-98.06385413701511,-96.19955586806664,-101.61850542149134,-100.01028220486309,-103.04485597382187,-97.2056703875307,-100.80941596681515,-103.57730052001389,-99.35780351457501,-96.71843598843843,-98.31030591151368,-92.3064164960061,-98.72614537725367,-98.46022894435266,-99.76194857969254,-95.83985450466149,-99.87602402355282,-96.88935525448113,-96.18749850829927,-94.69414027941971,-102.34729454731107,-103.30611246846769,-100.27244340972537,-100.66283836796289,-98.16273439354292,-98.9995923493143,-96.97205710759707,-94.95564514205446,-97.35238524175418,-93.98519932274681,-98.80838736617153,-105.50352954147291,-99.89453919261027
2025-11-02T00:13:00,AP_5_112,5,112,wifi,5560.0,0.0,0.0,-103.5766639564087,-99.42399727292732,-99.42197810766791,-97.93609822476091,-95.96448990124512,-89.24392818267084,-97.20463281695403,-96.12976335876387,-96.2788369738974,-100.4373248623484,-98.64300430742966,-97.36087006417971,-96.32459284664131,-97.2194914653652,-96.41365691616376,-101.5372775788531,-94.1513170372146,-99.81898866718335,-98.45642796143025,-92.08100225528389,-92.02814962564516,-99.8516388225918,-90.16765934986938,-95.67623969689916,-93.39259936251301,-96.52354585798416,-99.30769576636759,-88.68121146050684,-100.1434708890994,-101.27520358310231,-93.44084849639778,-97.10388505612516,-97.16802722157547,-94.83459777176324,-94.46118014525099,-97.49979363874424,-96.55254600248362,-94.03673001208728,-97.0862292247202,-102.94440518504611,-100.32353825892713,-92.62581379389121,-95.89766100095189,-99.35859981525999,-97.15273934387265,-98.04289466518229,-90.30838306473329,-100.33595582354299,-87.96703880358724,-100.46778448944406,-97.27299551895617,-95.04648624459062,-97.06582955534296,-96.47697573561224,-93.30295331838502,-98.06083991296236,-98.58522239634178,-98.04021145976876,-95.98663025634482,-90.74115096186617,-96.88029772192206,-96.75718111539294,-95.71128371224448,-100.36897993659188,-97.69245219719502
2025-11-02T00:13:10,AP_5_112,5,112,wifi,5560.0,0.0,0.0,-105.55502072373065,-98.4791326540437,-96.20631045537174,-101.5388937842272,-97.4798067985664,-94.23324194180395,-94.79397105326105,-96.08225749253278,-102.72181751455146,-99.43521296343383,-99.17352263544127,-95.81731873401775,-99.83609726396323,-90.46180533686315,-95.63577815881573,-98.90694321429646,-95.9217001418943,-99.84695014467138,-99.70297829037361,-96.69114735700931,-98.86712244330401,-98.71503361652015,-96.8471141580396,-95.96197120239643,-94.88263370442694,-97.5309355845429,-102.92241559565129,-95.88860648739934,-99.48835365473434,-103.55826004352713,-99.72163940190009,-103.39853760287058,-96.88899438383943,-97.26560036899687,-94.9702015699231,-96.42493022918126,-98.29283527195962,-99.18795704453076,-94.84505003927866,-102.29458890470639,-98.0517101920333,-99.44854491566916,-98.08465902254926,-102.4685325689416,-98.08171313129057,-96.65078548316903,-100.95193306756157,-99.51618708221775,-97.85170566225578,-99.27699828135438,-100.87611273563996,-101.12297864171246,-95.12674386218984,-102.34929370734463,-100.35886442898014,-101.75492058415554,-98.44853747398064,-99.73763697334238,-100.25541367526978,-94.4253664362661,-97.650447033,-100.86763579840493,-97.90226945123611,-103.90180641314278,-98.66004588254494
2025-11-02T00:13:20,AP_5_112,5,112,wifi,5560.0,0.0,0.0,-105.00953219065177,-100.29766631334398,-94.50972640651013,-102.04165167662681,-101.02276822494667,-97.99265265304258,-100.6932693275492,-101.99791774993476,-100.15474247967167,-96.28504627131106,-101.0617560984602,-99.4817849474642,-97.80519570571761,-95.17071561664459,-99.75997372025707,-91.0034586213388,-98.01656517982376,-92.82293470350662,-99.3026072763397,-96.037236165661,-103.67626280853096,-101.42669323606366,-95.18656123731505,-101.72991594975747,-99.17349563122276,-95.23209152077682,-95.16052370201687,-100.3392669479482,-99.57724496610531,-93.62744409916372,-99.1167333868101,-102.80549459987039,-94.60025537000183,-99.22029924466025,-101.34142047122543,-102.8971082162821,-90.8749881898484,-104.23826592515414,-97.58567622915197,-98.71618918698968,-94.09508629712215,-93.4542366511171,-97.95006809540564,-103.88756755624856,-99.30086423651285,-98.3276082737155,-92.85342784095965,-103.01339668243237,-96.09474368064261,-104.62317742804997,-95.25928331294986,-97.54064798323377,-103.27462431097487,-95.2119562445767,-102.82257820966417,-98.75257799079118,-95.37575670866572,-100.81400310069067,-98.24895267890138,-103.67541864424977,-93.43763340374149,-97.11347662008117,-97.53106532203493,-100.8083185841531,-94.27252968774263
2025-11-02T00:13:30,AP_5_112,5,112,wifi,5560.0,0.0,0.0,-102.98018232735554,-98.7904951649317,-96.30284848967655,-91.53416988215956,-94.19303381220801,-92.64067821140416,-99.40112267596224,-96.27456163297143,-92.40538404011471,-97.58055856795517,-94.90656088863236,-97.60935852873664,-97.70146962204116,-99.60391771266819,-93.93813291787745,-93.01855101478736,-96.12559826234582,-92.08751282035121,-93.88945941405065,-96.58639800143516,-96.0829266798974,-93.31047356293855,-98.12396171044502,-93.85774834264576,-100.65254403233256,-94.11710971259996,-98.65348985991196,-94.09320819890388,-92.73534736378058,-101.0654636182648,-99.48039040821479,-93.92589759789297,-99.08851937266122,-94.53653972597382,-98.46192522177365,-97.44711284948204,-94.25697653857216,-103.08339939754217,-92.72716191211639,-96.70561345973529,-95.80899611523435,-95.65452631111991,-93.11091600090943,-100.4626129814529,-93.08594807560281,-95.37194336470137,-92.61102882324812,-98.46176071310742,-101.21226819645668,-96.0620012181752,-94.24145895773201,-97.32249445529733,-94.84034618372921,-97.37312983492987,-91.14205729679334,-96.90478330338702,-99.63974412231099,-92.76354623046117,-100.8904407376115,-94.83276674465927,-95.21507455198326,-97.82290203386097,-95.42091001827836,-92.86957001230542,-90.60786670537317
2025-11-02T00:13:40,AP_5_112,5,112,Radar,5556.895360979552,10.0,0.06380211252340244,-104.78639569253095,-100.87810080816094,-96.99400781924962,-95.70679226010606,-94.88601247970323,-99.98431294655292,-97.02155297956344,-98.45628901505415,-99.6519879028593,-89.50522500808565,-100.97557082548217,-98.39008066141866,-97.85123667461473,-95.92875675855237,-98.29403892226969,-98.7706896672557,-96.27660491184369,-98.94727712562418,-95.76704684951541,-99.31659983145366,-99.53173036109483,-100.28917927668745,-100.13651722276295,-91.6730774437131,-96.33114625448117,-96.16813140734904,-98.93122154514558,-97.6235938823041,-98.72726507709021,-99.50294835299471,-92.0974616747873,-101.8531778146527,-97.71316548201332,-98.50027541335872,-91.50374878795651,-94.4190211531109,-98.04069711293674,-99.6317923338452,-102.64498390567988,-97.02312050975651,-101.55862481365861,-95.90163672124415,-97.46642563776953,-94.34878994890126,-99.97048325353583,-100.03199363897684,-98.64542438784017,-103.81722375956763,-97.68860561932092,-95.57799355204924,-100.76512295916811,-100.05636964704861,-97.12389512438848,-100.84791591383235,-97.18257882325902,-95.87679700487608,-92.4344854051849,-93.76239707621133,-94.59465545050217,-102.07491435450655,-100.01748501273872,-98.42570861948745,-103.74253001441356,-96.41653953559243,-103.02572113274888
2025-11-02T00:13:50,AP_5_112,5,112,Radar,5566.267867532781,1.0,0.17860779608559382,-115.55272612359747,-97.20009892628453,-99.12508620470955,-96.03461877116332,-96.61823164058748,-96.28598075110845,-95.2432999174042,-97.9467887664818,-104.19183989947584,-96.60384409619061,-100.77237015693689,-97.60752156722414,-98.06137366836036,-101.56566903394324,-97.38630865001211,-99.42220466542311,-99.46724782632936,-98.60785898255372,-105.96018996116761,-98.54757000144473,-96.90241069906057,-100.11214243598903,-96.55419019179676,-95.01341885246288,-101.14526773659074,-97.91889269575356,-102.6468771160436,-100.71308781847675,-101.23063559290794,-97.06970000126998,-101.39538970997603,-99.76183077817785,-101.26649490726527,-98.30515438207995,-99.39837284969347,-96.68359211627931,-96.46030296095668,-94.04527471598834,-94.38556910971177,-98.0126225569882,-101.40174101482584,-94.41066300159862,-94.51356460867895,-98.04619661805995,-93.2808766070469,-99.1233199494729,-100.67856315575916,-96.37862098926372,-96.83465719799108,-100.70037156758288,-93.49264588730557,-102.57806294577944,-98.50485264869153,-99.37939831039795,-97.09470028243926,-96.95847256141222,-104.23995309814929,-99.77548229807296,-100.06381913018838,-101.51786417227397,-96.45571592169638,-96.64233106252303,-99.30730597733236,-97.52074206527902,-101.27347387028881
2025-11-02T00:14:00,AP_5_112,5,112,wifi,5560.0,0.0,0.0,-103.74856084664401,-100.17082268663461,-90.91707725814089,-97.5491631691007,-95.76472638912007,-93.75289221614655,-92.68199872100824,-99.31591548564855,-98.06783181276323,-98.01720485790945,-98.09867603652138,-97.12245155804726,-100.56987081442057,-99.93674063324413,-96.19964019730494,-92.93472327478472,-99.56679815117992,-97.8882849089361,-96.92608659446653,-92.99095186798941,-98.52516211310086,-96.83606131370266,-100.18132408306539,-101.3673874578183,-94.58781019324154,-96.2845492780056,-101.5333997407185,-95.87686943757105,-97.65164526172548,-95.04822588727389,-93.80854130751233,-96.67997717738955,-97.14279082791292,-96.33862834513204,-102.02371528991804,-98.3934649791911,-101.04853286231821,-93.64986003011933,-96.895601700471,-93.09640752184372,-101.82509169593652,-97.38884165039595,-97.5768434116195,-93.94585341675324,-94.13837816782076,-92.39244405604799,-95.46478857393181,-95.44042973654297,-100.83138403724132,-96.98432267143845,-99.38951383556878,-96.64815008605056,-100.36360551309451,-97.94622580608245,-95.27960477270688,-96.9641227140375,-97.90163846729855,-94.46599206128866,-94.9105845668569,-94.12405335071483,-94.63509240987268,-99.25123000193429,-95.2184694745086,-96.83740559720829,-97.09185736095115
2025-11-02T00:14:10,AP_5_112,5,112,wifi,5560.0,0.0,0.0,-104.41385481684632,-96.76626037775131,-95.75469522001906,-95.55530895042334,-101.90939027387815,-102.04392083384066,-96.20789966190843,-98.34419257138529,-101.23953078813524,-97.59133688753535,-96.81067959853772,-97.6369071770532,-99.2680568860652,-99.70351261051272,-98.45037070819178,-99.22117026161847,-101.56135393656979,-99.67954039341055,-94.62793598984888,-103.65178027591101,-96.84303083755483,-99.31326141675419,-102.7121293274508,-97.17461013690702,-96.10677215948681,-96.11570497045766,-100.74256062191351,-96.47599641951193,-103.45181149591181,-98.58094123181343,-89.96500245306244,-98.85566991944563,-92.3090835862458,-95.5408374419434,-91.98488903022589,-98.23757497254614,-95.41436943978357,-97.54986882484437,-98.33222803935543,-92.97386086324973,-93.34709892707907,-99.06667522543633,-98.3414778835176,-92.60709221353594,-92.0070448019168,-96.86603891175645,-98.43725373807307,-100.26082446319202,-96.97756034575946,-97.73806142303125,-97.82985512494267,-90.04774504288217,-95.70680645452843,-91.73354347795875,-94.61099960597754,-93.34463118988691,-94.45349455525272,-100.37212087753426,-104.93300601551333,-99.01902909108445,-103.46481210333894,-99.50794830009187,-94.31055685455898,-90.16677518679467,-98.42041411102328
2025-11-02T00:14:20,AP_5_112,5,112,Radar,5562.18978636552,1.0,0.10084448944485751,-108.81645479345127,-95.06413095680522,-103.53864476987216,-93.17981149157919,-98.9214561238818,-91.00866020154724,-100.80818879637974,-97.35615451805899,-93.43593381731054,-92.87548187397506,-93.36609636111966,-99.09419454214749,-92.13764354542947,-95.21028788374905,-94.2168503294733,-103.12746736915356,-96.49779782675765,-94.89981788106368,-94.7977597803596,-92.25622755661811,-97.01945938859826,-99.25837163237291,-99.40528518290449,-92.01333552119573,-94.44321021613793,-101.26675296736578,-93.36938468536009,-94.30595414025382,-103.96185508906919,-91.73352902259725,-96.84046254438805,-96.26666717190085,-93.90872657779155,-95.66077106045584,-93.5976972253985,-93.5662164081714,-99.0184358668731,-96.2822786803922,-100.1928330777473,-95.61855513850402,-99.192201493547,-93.50327252259106,-95.83534471458785,-93.89035106336671,-98.85600797265698,-99.0795624012853,-100.65451341679724,-97.0807600421598,-91.90810717454018,-97.31142471802312,-94.5978408869952,-95.28074655706001,-96.38935897059966,-93.95147611522032,-93.72738926941548,-95.93949955102258,-99.61690326439458,-96.35738625534132,-100.24185913242204,-100.66129557201918,-99.9391245852198,-95.19082234280403,-91.3883634107134,-100.53200875955788,-92.64083820182442
2025-11-02T00:14:30,AP_5_112,5,112,wifi,5560.0,0.0,0.0,-107.55225119655329,-99.68642829310699,-103.48092328201575,-97.14055487606252,-103.65136343639563,-100.99122606751888,-98.67064367287998,-97.936236107858,-103.35731919922013,-105.47468820584102,-99.74261452576947,-101.68175249768339,-101.54807163594818,-92.38259711227963,-107.94874239465638,-104.44245047211407,-103.51168702545719,-99.17621709762682,-101.22860145050245,-99.82018305197546,-96.67905746558013,-102.67561521117293,-101.58671907893515,-101.20695513685482,-97.89083574071917,-104.00609758278091,-99.63703154056428,-101.97258029672182,-104.59090942736633,-101.94969319891108,-98.56445812927913,-103.00231768244376,-100.39705785579025,-102.28013836807489,-95.12119171867842,-101.86088691644629,-99.90991389969793,-101.70556052977118,-102.28436353966784,-99.8551832399434,-97.18002538685471,-102.26429672928829,-100.90428861692286,-103.96431349567871,-97.02193961644934,-101.04056358783657,-99.25445676338168,-96.00770312013452,-101.96811679095013,-98.90645343299019,-99.71931903290427,-99.29564867113254,-99.65102815457898,-101.86045620062814,-98.53388009884006,-101.33859968441747,-98.53825616250884,-104.79855867551314,-102.41272402457002,-100.87386112535356,-95.61910329616597,-96.8624289413446,-103.8553740463276,-99.97630366637821,-97.33085047996947
2025-11-02T00:14:40,AP_5_112,5,112,wifi,5560.0,0.0,0.0,-105.70027767285582,-97.2015577175383,-106.43145199066277,-100.74759695583526,-100.2717370017517,-101.14477011177084,-94.7227982266875,-96.42894274350303,-95.20665782131262,-94.9325177976737,-96.98170491334851,-100.21881157390553,-99.07938034674754,-96.90815431807057,-99.32485043083845,-96.60724171657195,-95.66607059368889,-99.50604598561843,-99.70344110063024,-93.40842597237119,-102.78653384858967,-96.2406514416472,-96.82509939152008,-101.42287695377314,-101.01958351639536,-104.4330615208108,-97.03894096213122,-95.56904977636525,-98.39786400973914,-98.57288673331107,-96.91907107338388,-99.92325032124124,-98.34445651314418,-94.91700521659587,-95.78637995794824,-96.40220537890852,-100.99892898374924,-100.27676080112477,-98.02305525712102,-97.23287819504817,-102.94261821672188,-97.77893458542965,-100.2908945396639,-97.1223048966455,-98.68847816295037,-98.92069287909402,-98.42708791049712,-96.83494191250485,-100.45575962259602,-99.98171307466598,-97.00023507628276,-100.96914105069185,-99.17976225357128,-96.95033501774529,-98.23781002498255,-92.99657177108567,-98.0490191971144,-101.22355468561264,-103.246518288604,-99.96226552854705,-99.97198750504704,-97.38564697456056,-98.98604656975184,-97.5566816903247,-99.89246936312642
2025-11-02T00:14:50,AP_5_112,5,112,Radar,5563.852358077622,10.0,0.18503257874237825,-118.84883600747575,-106.3456604094814,-101.77567614693896,-96.90967388154296,-95.28275834764084,-94.9370497233481,-102.5211663512363,-98.14913616445222,-94.27001185119133,-95.25960083740846,-100.93931033631873,-101.67459788931262,-93.03661888582569,-100.73777662491074,-94.76799814859723,-97.73118765061447,-93.9687927737427,-97.88500873983905,-95.60249821919376,-100.57206886790604,-102.03050350143016,-97.50936230394275,-102.14344444828212,-94.4532467163119,-99.48638388287318,-95.59843765315911,-98.42325306703746,-96.73510807432034,-96.75975511496446,-98.21522645982114,-96.1612271444254,-94.11011271795103,-95.57816330945997,-94.67487090179836,-101.80217645838826,-94.60458108469966,-102.20283146132171,-92.19251511539854,-96.62500510001081,-96.56925584307132,-95.65233902812936,-100.42601261507632,-98.88496960621092,-97.1081624073731,-102.59835615239956,-95.7673253703944,-99.85970851904789,-96.12081261293159,-102.32857057145289,-93.11283991755067,-96.18729839732015,-97.18651868923472,-96.91585848206884,-97.04207258891327,-100.11110988655997,-99.20874008465279,-98.83028242754438,-100.29049952151207,-95.16574209674032,-99.62976650440135,-99.46110674174395,-97.34389406977398,-96.90307622752597,-98.10726488673829,-100.02277527290536
2025-11-02T00:15:00,AP_5_112,5,112,wifi,5560.0,0.0,0.0,-105.51500391761567,-94.49867976518334,-93.5098967632906,-97.610630127958,-95.06935541019783,-94.98777870294961,-98.96316354866195,-100.78795491300825,-93.96595409400882,-97.00706282488594,-95.50315311421623,-100.48606875511791,-98.4061250160577,-99.90665507327526,-101.84427044982372,-96.69964676361082,-99.97611667374436,-97.06166676622837,-99.59919177419688,-100.32343003325124,-96.62409957782573,-98.2382050788146,-99.87926954545651,-103.62852469580044,-100.53536360014253,-99.43282907970604,-99.5056032201703,-93.10893763872849,-94.8754541485878,-102.56096587259911,-97.21377501798898,-98.76640842060544,-101.14967509985061,-98.84099408044338,-101.02895029262487,-100.05577007359388,-92.89481605423407,-95.35252485089025,-107.77801340342154,-99.6215502807019,-96.11582293584617,-96.87141492095418,-103.66309149625991,-96.06488610750012,-101.17108933674442,-99.18931897272378,-98.86832242445185,-97.67257882463673,-100.90348050315136,-100.29064106339824,-99.76755203062187,-97.98438482768591,-99.81381472197047,-99.76961800188205,-95.99775167308299,-99.28637208902931,-100.73654525627815,-101.44215036321798,-103.98873108668202,-96.26148694971616,-95.86748195237638,-97.61878761729055,-99.87445034300917,-96.8401759197629,-100.89138598301801
2025-11-02T00:15:10,AP_5_112,5,112,wifi,5560.0,0.0,0.0,-104.65403865186603,-96.29256720109801,-98.83759690596456,-101.6038062221613,-94.95222380140744,-99.08934331195107,-92.56873888223589,-103.53196128603796,-94.19840727107507,-98.40117491491465,-98.84113066184025,-93.43173166700494,-95.84937569938624,-94.97797454394959,-90.86031411165926,-93.00946938992722,-92.4906178222915,-103.02891732765275,-98.21888230935612,-92.44605549739362,-96.67355329559086,-99.43072675247875,-95.69341153666358,-99.9721599245962,-98.668871951719,-104.61700330473167,-94.26196240142322,-96.61999654364182,-99.27812999598784,-97.00853720763394,-102.32050031520215,-97.88049275199299,-96.38382227854818,-95.00367943632956,-105.27022508028844,-101.36721432010164,-90.91082575691401,-97.59877013877846,-93.9803604918073,-96.82765822262732,-99.43275884015262,-101.3081351174983,-96.5239648993222,-91.81360410096667,-97.3863531318979,-100.80334408899687,-95.72238068297203,-97.46030959901753,-91.79096706483415,-91.66085366001666,-94.41241236231879,-100.79641508614979,-102.83071392942621,-98.26588840586012,-97.16923162080002,-97.01848798666755,-102.89728476903704,-103.20830237317178,-102.17476702984042,-93.7147863039749,-104.90223532363656,-98.38100347225866,-94.14255352317548,-99.94414518796071,-93.72869657846739
2025-11-02T00:15:20,AP_5_112,5,112,wifi,5560.0,0.0,0.0,-102.06764387254982,-97.67894143818212,-95.39800449255955,-96.25212006903344,-91.89706972991823,-94.66571417356418,-94.97276490703612,-96.90156957279481,-90.20351391000304,-97.15185952828001,-89.20218384588875,-92.92414215524103,-89.43228940945792,-94.46832011619534,-94.86670832090375,-94.81129254311074,-98.62129455041175,-104.00308182838884,-101.96855434962967,-97.43953010430218,-95.77042571717227,-92.23331063795733,-92.70422623846025,-95.00553613022214,-98.82185946729473,-92.3513059874538,-98.30269491055925,-93.82230918151359,-95.99238695303443,-100.09724560535251,-92.7779684374803,-99.21077905182932,-95.47269861818333,-94.88165665925565,-95.11142443940248,-95.38783781992024,-97.69781145902512,-97.93119091246803,-93.10267658316529,-91.58290383980327,-96.57367971321776,-94.95497552539827,-96.02991685436814,-97.18183715601523,-94.46385466958193,-98.05436619901572,-94.19826621043376,-99.51656390907073,-91.96477925843263,-97.17950398667199,-97.01870196475707,-96.97240123630117,-93.97235876623805,-98.12993091216948,-96.00495394183523,-98.3192435328134,-102.1696733842106,-93.30722980264215,-99.82547916130319,-96.33206069513342,-98.27950165624061,-89.65451286004817,-96.50371665598902,-93.32533542441759,-92.35081816107987
2025-11-02T00:15:30,AP_5_112,5,112,wifi,5560.0,0.0,0.0,-106.18331826174305,-103.15196850694231,-100.45775570861024,-102.45203236304395,-103.99079395705924,-99.70208431193493,-101.44212187707309,-98.62283587720154,-99.54013480321831,-102.79081064445404,-102.77063748902877,-93.38278853255524,-97.16473203177418,-99.88803927240046,-99.72051740848009,-97.6548474410986,-99.532254203669,-91.64799277784174,-96.38788323204749,-100.16836592871073,-97.01184869450363,-96.40181312907113,-99.08886681852296,-92.7286495581329,-101.71498284420328,-101.81094617443375,-104.6872515336667,-95.37307567211306,-98.01614182748084,-96.5663831896021,-103.65196058953696,-98.2195069193226,-100.92086346956116,-103.1172787861083,-102.87537572779524,-97.68702125354517,-94.0780651613632,-102.08679220067559,-101.08448132477547,-99.36731925446115,-95.13296531396009,-101.27693424979908,-102.41382101380673,-98.14946841652593,-100.5324461361305,-103.83607026385314,-98.75585650148382,-101.37070136738024,-97.0609980326988,-96.26717202799874,-96.67519143389715,-97.23357029446456,-107.49784472944579,-96.09839932165674,-100.53999699022441,-93.6763899190055,-96.69495533598531,-101.71486094416764,-96.82249349245305,-98.2554867042099,-96.9401347791199,-105.62893554757221,-100.70920832196535,-95.86187552892738,-100.94076829387427
2025-11-02T00:15:40,AP_5_112,5,112,wifi,5560.0,0.0,0.0,-106.22953091102778,-96.37783340348476,-101.12913105709201,-99.86823508219747,-95.48552054217934,-98.37642742706417,-97.2932842281183,-102.46787575294688,-96.89567952841543,-95.39578615544822,-93.32725209038614,-93.53647521896981,-99.39989173578199,-96.04434994041553,-100.26423798273541,-103.80015312238285,-94.95615403123045,-98.27286943235005,-97.75964562673299,-97.3471002682307,-95.81120261043044,-104.2932692381354,-103.45220048623715,-98.20465672453061,-96.54968663973291,-107.70888619181748,-99.59365435266086,-102.54820299742074,-100.60332919168818,-96.6131909640336,-102.2183022819596,-98.603368584455,-97.12905084426589,-101.37266795571001,-99.24877688049202,-101.51060997619965,-101.81353520941268,-97.8878334549792,-101.11582345465793,-103.29627789774813,-97.00502654725155,-96.93436618101283,-97.13946233104674,-97.73306388931049,-98.7749679052453,-96.79715777386744,-96.08512106644041,-105.89905804313412,-101.5553833213931,-95.5425296964721,-100.51475731847941,-101.1211037164774,-98.69794910311396,-92.97395348579423,-98.09234881596922,-100.27110556533299,-103.4748742386618,-99.29333480165602,-101.39922168359303,-101.96689365827986,-96.42253077788992,-102.23751942477222,-100.77602885580939,-102.28808909323293,-99.52411786154182
2025-11-02T00:15:50,AP_5_112,5,112,wifi,5560.0,0.0,0.0,-103.80974965651858,-97.96217059116424,-96.69536303042184,-98.69441616866386,-95.07939563431101,-98.21136106565758,-93.94928443589197,-102.99985726043877,-95.28829277231405,-96.38720041937978,-100.7078949850604,-94.52687369246827,-96.37009324472133,-93.31931254537945,-89.73564754512954,-99.43579364880729,-95.23821324893306,-100.046800129964,-96.3462947635797,-95.1974640765561,-92.08620113315837,-99.16282699584058,-98.15846715436982,-99.01646195741732,-93.76504436348883,-96.91494220758992,-93.58393156716512,-94.46779422473624,-104.48634050379015,-94.1750281655218,-92.20629267949629,-96.13248264238601,-94.24480094598955,-96.309035701929,-94.0354138527282,-102.01656043188183,-93.0597395617586,-97.03922419321867,-97.98325696080514,-102.76191421303716,-97.28522952710472,-95.76032391305299,-100.82558626948733,-92.74989707872184,-93.93200437770788,-95.95471826664173,-96.36367148166426,-98.11437995741073,-94.80496806739407,-91.64831945305473,-96.74707799904598,-93.73663612261647,-94.82115975069676,-95.2851365857492,-104.2636914267251,-98.41714951649067,-92.96000436716615,-96.12544224007297,-98.54149783783959,-96.94735757398861,-94.84374128208395,-92.34111267248434,-93.97876578348252,-98.03935072480664,-99.06939913609631
2025-11-02T00:16:00,AP_5_112,5,112,wifi,5560.0,0.0,0.0,-103.7591315758427,-101.9773758379588,-100.50124268706094,-99.65740737636953,-95.77336409507001,-99.56777827208236,-98.31774021958583,-98.49805367556552,-97.06610836451968,-96.97102923969787,-94.33466995746024,-97.96228400977267,-95.79203996580267,-98.57956258426324,-96.68099303931407,-95.66188610349813,-103.71086562603504,-97.63411984493894,-100.30673178447255,-96.24945952238893,-93.69723113552269,-99.2186586801599,-97.15164946280333,-89.87993613393884,-104.33687212649836,-96.315363817216,-98.7756896040583,-94.12939692436382,-97.46429844740285,-95.60788283216199,-99.8800112584987,-97.72788596991877,-100.66891131856059,-97.78066015004528,-99.26204558059764,-93.96382698756577,-92.34921779424974,-92.36365389281637,-97.31881750493226,-102.76750879862867,-100.29008770915554,-98.05476211190768,-99.35317870998277,-98.18734294333076,-91.89145115488147,-90.74592077419837,-93.56642338644313,-96.43622339465236,-94.29856807408336,-94.27657081295919,-94.30632756222678,-96.70755219022669,-91.6340639677313,-95.83752780456494,-100.37789165089205,-99.89990874626001,-100.57269544085938,-93.39016695538508,-98.04123004274693,-95.55125886992305,-97.6792826782126,-95.38881427130757,-98.14966075931112,-95.98332578928147,-96.90451919604396
2025-11-02T00:16:10,AP_5_112,5,112,Radar,5558.6081963679,1.0,0.15016206472471505,-99.44662784582228,-96.62441536925236,-96.45990641561963,-100.02534356539724,-101.28645039617639,-100.15395228466276,-98.9946357607912,-102.96368918213125,-104.869389875564,-97.14991021291398,-95.74512422992997,-100.16908014756477,-101.6666755608669,-96.43496217258493,-100.86482421581412,-98.08004681703353,-96.88163977681685,-99.53870787496206,-98.38092957544093,-100.70145176817255,-95.13798225220067,-99.18628476794623,-98.56502118879868,-100.42260006859189,-94.03892328250726,-97.70185508748361,-92.32356309937664,-101.2866254480701,-93.50018361145787,-96.31500840609887,-102.84487060349025,-99.5606833464588,-98.84458674159465,-98.4432214775922,-102.0201205439584,-100.54934757244098,-93.87696795387336,-99.55059112377948,-98.64956539906967,-105.35956558583982,-98.47882930760294,-96.94553859921392,-95.18739290702848,-100.2589251393527,-97.15866540975016,-100.17877744932207,-95.18137158911068,-95.5951037493659,-98.83253568453482,-105.2913990854648,-89.60689894095067,-98.59780402335443,-100.53977425873252,-96.50343110350771,-94.68064790464953,-102.57703825719454,-96.84652562678797,-100.72656113735181,-99.31732935547208,-101.33441795864701,-98.40535905726676,-97.06388124813748,-104.88749973982576,-103.00449722074254,-102.02720842688372
2025-11-02T00:16:20,AP_5_112,5,112,wifi,5560.0,0.0,0.0,-105.05699313251775,-97.1664537733433,-97.77243395724932,-98.19331516741613,-99.55840793432407,-96.77138157352367,-102.52084823188676,-99.20298581191852,-98.39500628909893,-100.86973998679179,-100.42220659447509,-96.4522862058215,-97.17636235772997,-99.60023184021,-102.86761759234525,-98.95362092205782,-95.18832762518487,-97.63159998358732,-106.02884298220052,-94.73263049883863,-97.5845062908686,-100.62053069791868,-100.04419053062693,-101.7794835725664,-95.2584006164116,-97.54532212817182,-99.6686684753031,-100.5691690523596,-95.25487242168028,-101.38196120536232,-94.91239263605034,-100.96747292833744,-98.02026476759625,-97.56470213493377,-97.9211094979778,-98.08110754512967,-98.85593535939252,-91.26916755832859,-99.06354995429821,-103.27245201295047,-94.35654089127522,-95.37292217883261,-95.2977378145234,-99.4162243853672,-98.99583798264158,-97.54523132900685,-98.7244850889475,-97.77235961714152,-95.84524158547235,-94.88103954422175,-92.61996478069372,-98.72163191549475,-98.58908430543579,-90.91986163994851,-91.35848719538406,-92.85579122904569,-97.86755995631627,-99.32813452913645,-97.47102370141104,-100.6608141812494,-91.35887106216427,-94.6358083374974,-103.09550173702216,-95.99753860537693,-93.62822012711176
2025-11-02T00:16:30,AP_5_112,5,112,wifi,5560.0,0.0,0.0,-104.51317341368103,-97.45077034320714,-94.9666678842776,-97.64754024969469,-96.77779704037974,-93.6373949092422,-95.10407788305405,-92.55170959182428,-102.60830641874091,-94.90318264346269,-97.73654332466265,-97.89793983886753,-94.4845524593841,-94.26318190943613,-98.2272666921471,-97.25345375099478,-97.69379455698687,-93.54137217160698,-100.4736468172292,-99.6745373721128,-96.3475361274121,-99.0659032285054,-96.2673031438866,-98.10498513330326,-99.32619115567226,-95.47704840703197,-93.8357232710896,-98.542538753926,-95.11402612118829,-97.41500187038572,-93.26917736605355,-98.1061499912649,-96.7014851572651,-96.38158851596097,-98.94529434318905,-101.51209106199482,-100.74668269451288,-93.51868229052502,-95.26686035531071,-99.56678810323186,-95.98051648133941,-99.99915221098311,-97.77978932779578,-91.88352667437067,-94.6390192040168,-96.59482183948224,-98.62302894248492,-96.55422996483199,-100.76784654589886,-96.7332508402514,-98.8028458822102,-95.16437197606629,-99.6296882734236,-97.44618822960621,-96.26984874348918,-91.84383130371816,-95.65635664215303,-94.69755180974191,-96.96659398268113,-100.02618580778874,-92.41045648606149,-99.75347321960855,-101.2398682925012,-99.42788850290611,-98.25221900004826
2025-11-02T00:16:40,AP_5_112,5,112,Radar,5569.583626011546,20.0,0.06946775677837126,-104.00229065717554,-90.5580439525448,-94.51689189652464,-94.23206045350477,-93.83774045174123,-96.71555206713002,-93.82386863856007,-89.81761052482034,-94.40530453221875,-95.41055925260896,-99.81003156345554,-95.7399478273308,-96.85817614733337,-97.26736058244363,-93.19886567101128,-97.07972105433744,-98.02909471356085,-93.19482337994862,-95.90482608463836,-93.51349832324266,-100.51528623505388,-94.49366255444097,-102.2257679243612,-96.2038779685306,-94.54704332362735,-95.13977148382222,-95.54892875704931,-97.67864845634416,-96.08437155149642,-92.78436628905393,-93.11465017040962,-99.14352415589407,-96.36354066789667,-93.27934074553417,-90.59184011786851,-93.54671109808109,-90.78123604019301,-93.19690692774245,-91.9119220834846,-99.16938480003058,-95.77987767405895,-92.21815842154538,-90.82047834566904,-95.63343475797252,-95.9052975542232,-101.04061159429071,-99.08772092189179,-97.72300514458314,-96.90737144660781,-95.65628623481155,-91.76727827312031,-92.69200960049886,-95.44995821297302,-96.52568236119167,-90.16630332339032,-97.5205242310971,-89.9536473243014,-90.0859075314143,-95.27034676562769,-90.9161145862655,-100.5464484252304,-88.5444101131981,-96.31716937167114,-97.73247507068302,-93.77883648179754
2025-11-02T00:16:50,AP_5_112,5,112,wifi,5560.0,0.0,0.0,-104.21128601881892,-97.62484072627512,-98.78416780488294,-96.68317839291721,-95.11077387154654,-94.98218765680996,-99.34013728086016,-98.47858399936496,-97.59058330524155,-96.93507769258166,-97.49795907201631,-101.2069404924072,-101.02978493932369,-99.1519555826701,-106.11909857772473,-101.33359131112461,-99.48322065135997,-98.83003428757021,-101.9187257415533,-92.61974737322357,-96.86137924577707,-102.24151753971145,-96.66081129378756,-95.98450921412632,-100.62706188937236,-92.07012261520931,-97.57483020973233,-92.86238209282902,-90.35665943145116,-94.99096474010342,-96.72410461986973,-94.3775004622092,-99.35077986352353,-99.56824430883947,-95.95633344423827,-94.36804401790212,-95.73378719223508,-95.79891750998405,-99.44315062973716,-100.69917288425324,-97.12954168362408,-95.35240122806466,-95.85141175112615,-99.63542746961355,-97.23408627776114,-101.70115229424486,-92.94267071797184,-96.08503819042325,-96.5024865473954,-92.43599783138988,-94.74191471324104,-93.38090167880847,-95.02061996671817,-98.59721184469029,-102.11824803704513,-96.43197923238009,-99.96429516660248,-97.5530224290843,-99.8119922151931,-100.47666961772556,-99.27176380658901,-90.87788163071774,-100.90775872871579,-95.6933763537992,-99.17949135325865
2025-11-02T00:17:00,AP_5_112,5,112,Radar,5560.457538832626,20.0,0.1891954562065404,-99.63885650315817,-93.0850847258436,-96.79225774881067,-98.5994908007736,-98.22778107279808,-98.46832700377946,-95.24426452859122,-96.27360351297439,-92.23435773246749,-91.9513522833881,-93.9202395540361,-94.7654656139483,-97.60673773988285,-99.18596907970408,-94.47800447746135,-95.84235696557785,-92.99457613735763,-101.13029634477721,-95.77570755906862,-98.566656164076,-96.99034084621697,-94.77587636868704,-104.28143237894032,-99.12738321019417,-99.48265334070115,-103.25793871530468,-99.89077193981782,-98.43748337443787,-94.3687945089134,-98.47127607964215,-99.96899825175765,-96.04950964154156,-103.28110501061128,-95.80296421638685,-97.95237858333887,-96.36121518275323,-97.12431822844204,-98.87031779991231,-95.05371042630874,-101.03581390216449,-100.84959175901953,-95.24865990249445,-95.99627741331572,-91.86533631022236,-97.00173046922792,-100.56917139008172,-96.7307125499192,-97.89827857131363,-100.06970334140152,-93.25876153970378,-95.82263080626593,-101.49298573592054,-98.66785353034588,-98.08394774381188,-92.28903935362933,-94.47584135187762,-91.45544797989328,-98.43823989971952,-90.91102891249092,-99.41282574910284,-94.84222016719143,-95.69110750325872,-99.08581995646533,-101.82068564418279,-99.46348894374863
2025-11-02T00:17:10,AP_5_112,5,112,wifi,5560.0,0.0,0.0,-104.32381451110348,-93.43416230261904,-95.26127062662566,-98.8251557097303,-92.53278592993222,-97.3559514523262,-100.82000610662209,-98.58568768471073,-94.89765940615335,-98.52180670704516,-96.31126514770845,-101.42059185289061,-97.52021748045424,-93.33983637566587,-94.79174592585373,-100.98545508734358,-100.01914560624174,-102.58488991638855,-100.1513366245228,-98.27833107530677,-94.1673622967479,-99.31880174381223,-98.1276651737106,-94.70108970761014,-102.42781008502345,-93.57541105013463,-95.16561861312275,-96.36788101748479,-95.83063122102939,-92.19583869751155,-96.24764878075018,-100.77051545541629,-99.17154126503843,-94.91311072730913,-99.45777374108556,-96.64812109518384,-100.90721391829837,-97.13610670211145,-96.4283453576574,-95.31859627772126,-101.93358586321246,-96.140642259296,-101.61982852163042,-92.33285470373401,-98.4365745076835,-95.70946090634641,-99.15610857572422,-95.82478799032795,-98.27983379729643,-95.60511292199806,-96.90242614598293,-100.75023320662964,-98.67807255382766,-99.48227221887225,-98.08240990258572,-92.97727848605538,-95.08537282121212,-99.81878101361998,-95.54341274758706,-97.79332458801694,-95.28090656203362,-96.67572754490189,-100.89940438124358,-96.24697198356039,-96.14794740191917
2025-11-02T00:17:20,AP_5_112,5,112,wifi,5560.0,0.0,0.0,-103.3684796315885,-94.1500932304486,-97.86767094597357,-96.0902872476186,-97.2994420488413,-93.2604413799862,-101.96348451166246,-93.63315241891465,-98.99968090355668,-92.41429968321707,-98.11936327040269,-91.17374429414683,-101.15022182619745,-95.69083860402219,-94.89755633455856,-99.77644811233073,-93.5895546812591,-97.5930868692739,-97.46997357057455,-96.73925164607529,-100.96591865349886,-92.55848861606695,-99.29467978751019,-97.53735646279596,-96.76985758721273,-97.50793534228782,-97.32310900982039,-96.42929869325339,-101.19894900777572,-94.91809191744566,-98.54150151559821,-91.55025049520215,-93.20885737102405,-98.66904583398626,-98.76102989907557,-92.51151283846603,-100.09056213597098,-95.96892133863686,-97.17659995741673,-96.61191390195769,-101.72840392617854,-96.20214218370636,-94.89201053280092,-96.99180510824304,-93.39460061183198,-97.19553469379876,-91.81535326758282,-96.08842464656482,-93.69460408475496,-96.35535794925033,-102.90053150410407,-96.06397506493114,-95.83743114677861,-100.53100690743008,-98.29078179811337,-91.7184369200825,-98.07084322138256,-96.57117015889234,-93.31615070512797,-101.60181617516415,-97.40354626128862,-96.74319079704473,-92.19125509960149,-97.3264133118447,-96.66623500304422
2025-11-02T00:17:30,AP_5_112,5,112,wifi,5560.0,0.0,0.0,-105.28775185093919,-97.24380402162892,-96.61496124090921,-99.48533402162664,-91.64712827356873,-97.05318496697879,-98.59353391418784,-104.00715342764603,-96.87807201376891,-101.90120379613798,-99.84480712950067,-97.67715268987514,-98.69595624832773,-95.9062286512286,-100.55254569369907,-98.19187047948141,-97.75628024784916,-94.78021709915673,-102.67767823802583,-103.70170187209362,-102.95019503205909,-99.78599497791993,-94.31832531278812,-98.0537277088461,-98.05032213941654,-100.98512324333196,-102.24675561632044,-98.5728820924534,-102.71414500160192,-94.5922620678587,-102.39247033760671,-99.98896968342524,-93.13220252816633,-101.81729175631416,-103.82881528762931,-96.9979881139705,-96.64403582500691,-97.01692419829548,-95.84486096710371,-97.74672975967457,-101.15143680729959,-102.19426946517312,-96.6146919450533,-99.71956535305671,-97.88934481041333,-95.78657317660551,-98.5026806119913,-103.54293649351783,-97.94451755484866,-102.79219961360032,-101.02538505929735,-97.66570906797256,-100.21453673266765,-92.8615265293223,-96.15648657777572,-97.34729368086674,-88.75290024988345,-97.97291224369043,-95.23064932908389,-97.7199302001983,-96.19573459476021,-100.77568421420075,-101.46459912585736,-103.56988475277241,-100.89088191594118
2025-11-02T00:17:40,AP_5_112,5,112,wifi,5560.0,0.0,0.0,-106.25656788755413,-101.31345192919991,-104.4806701476136,-96.0461554813689,-96.65475884653375,-104.22635984159761,-102.32311997795881,-97.4790035545654,-99.10644793642622,-103.7365131671996,-96.24619387288469,-105.31030876640096,-94.93068962013426,-95.14107524787384,-110.15180279138457,-96.53236857625969,-101.54434049147184,-102.89680655647882,-98.37734685546515,-102.51064908148759,-105.2535173866921,-100.92263257644444,-97.09227998843402,-101.69817787280202,-98.2293302293381,-94.69760011330732,-100.84748299785248,-97.28255042505383,-97.53187521980698,-95.88137632417914,-97.38147361797729,-98.32897614637449,-95.67775338203609,-101.17182556404438,-101.92940641565423,-97.31186644519666,-99.05225651352276,-102.06519185866685,-103.81547591185765,-103.85242254102594,-93.6511884017094,-99.64730045637062,-101.68624804112676,-97.24793571395548,-100.11591308670575,-99.56864931394722,-99.92650156004657,-93.07557609647411,-96.42466991296621,-102.62488264252443,-100.17388806380013,-96.70806417866447,-101.55741927884762,-97.08855351291692,-99.86989429835164,-103.50565443666359,-97.10441930415566,-96.41881048312125,-99.57731649113371,-101.81902200433879,-100.70935766888465,-95.92206132672752,-94.60787950601109,-98.34577534415382,-102.82287696395488
2025-11-02T00:17:50,AP_5_112,5,112,wifi,5560.0,0.0,0.0,-105.46782472192032,-97.02413465244672,-97.12500035758599,-97.40797515416259,-94.04369986757419,-96.23238418640013,-96.51505452747051,-98.86363224949775,-96.00521898289011,-101.00004997423129,-98.73023394535217,-97.28077346523814,-94.3842813955586,-97.08574168002473,-95.20561367291491,-97.8518106607047,-94.96714455216875,-102.38005634523213,-93.28174392673581,-99.39939277169384,-92.49374356009841,-95.61124767853728,-99.27407601502968,-95.77616871836517,-99.57542268421625,-101.31676160339431,-97.54705106109603,-98.43624186803585,-103.1577854121372,-102.65381988770086,-101.87991293167374,-103.60047004862083,-99.62826587213131,-98.56736101061517,-98.3948275589987,-93.40413748826982,-107.18723684086464,-98.73684865605249,-98.7310513509558,-96.52592014482794,-102.84522285098049,-104.10799069692666,-101.30658000359375,-96.45948148756713,-94.76274869801,-96.8177490575918,-96.16001087033433,-99.0778248987054,-97.6665828495327,-100.53307253329072,-99.69306906080281,-97.18273204627273,-102.84875724771774,-97.4154280234569,-103.11227988953621,-96.39425916909121,-95.9413060389079,-100.04744207817106,-99.82890292061867,-99.4086013017164,-96.38870895788573,-99.91266712487553,-99.30953042402155,-93.7201953401636,-95.84715495130973
2025-11-02T00:18:00,AP_5_112,5,112,wifi,5560.0,0.0,0.0,-103.8515408349297,-93.88163065546462,-96.8426767359125,-99.1850636315868,-100.30364948933229,-92.19175708400985,-93.87219854502602,-95.51278505553213,-94.48599629108381,-99.94378162962747,-97.87891223417294,-97.56780372096762,-92.88631805039518,-101.31975530010156,-96.47418052275358,-89.92315973002434,-92.3647232479527,-97.96655122894305,-93.92541627871495,-99.13117013053159,-94.61175859197277,-98.6308997454641,-100.01830087717927,-94.0789671559543,-95.99453331941207,-96.42693218718442,-103.00001283998928,-103.50392861180039,-102.1908343181955,-98.16862019559146,-100.18249213064381,-94.99859997537827,-96.95087422533348,-101.60261782874738,-92.48524167725269,-94.50513605204478,-100.30703320214015,-98.44637332601232,-93.35962853503658,-103.75652287303457,-100.1334468466785,-97.62642783395866,-96.76715207378027,-97.92004332914652,-92.94441769459495,-102.86235290067812,-98.00753240257015,-101.0234218131599,-99.48122199119932,-97.76616869016571,-94.82134536532998,-100.86737509091833,-96.10121669270288,-91.48492826707542,-89.47944123628507,-99.28105739707496,-94.46520823351092,-95.95565300127944,-97.74001961509836,-97.73340798069681,-98.31665960819342,-93.74824083873068,-97.63426457846978,-101.34163294103872,-98.71352722087177
2025-11-02T00:18:10,AP_5_112,5,112,wifi,5560.0,0.0,0.0,-103.20141377527074,-98.88441650129899,-96.35432217551413,-98.3515692249237,-99.83862712596961,-98.76178826747763,-97.70292054109774,-94.86316799240602,-93.49265878082794,-97.50474510365213,-94.82424753239061,-94.8520693365857,-87.82185330222354,-92.39815951254762,-96.35618152391865,-96.3334584216089,-92.2479249262689,-95.74160381413519,-95.42239696025977,-93.28240988679579,-98.17650792378008,-94.29059540932744,-92.77140273549114,-101.35744876215804,-95.75889565612358,-96.69960096285548,-98.24169259890607,-94.87705422298852,-93.62201827720698,-94.42608501601343,-93.02160574837707,-91.39131734166304,-98.27749906286115,-94.23639710732724,-95.65521151320588,-101.8373353492089,-99.74968886935086,-99.71269968013762,-99.55388141932643,-92.72181475628895,-100.27341934194739,-97.22339864436086,-94.25617248216102,-95.50482767020408,-99.97431867154398,-96.25354271021156,-90.51156425296013,-92.11521761290628,-94.46186690899764,-92.66412520976175,-98.69145662511167,-96.3075182383473,-92.92076034749832,-95.86395419939707,-91.85394191044192,-96.51460404801377,-92.97588432722797,-97.87732989789313,-92.41015572486857,-97.75933389695535,-98.29283731544689,-99.62726768236767,-97.50357759743763,-100.61439727029547,-91.22336904777825
2025-11-02T00:18:20,AP_5_112,5,112,wifi,5560.0,0.0,0.0,-105.30534205709729,-96.07458902310053,-95.29858138534493,-99.97907967555263,-97.51560381892097,-95.552846805296,-96.10816464500415,-102.25121719963614,-96.20052169535863,-100.0482819594635,-98.48076569026921,-99.65755208717573,-94.65378809030359,-102.5536593759853,-97.30331055546259,-91.38031030419334,-95.94384951669855,-96.29869727555227,-95.86876115191694,-98.49904704211767,-94.85783344634802,-95.62990125685894,-100.15538063713068,-103.16507650916428,-98.1969046416896,-101.3974786394093,-97.3854273789029,-97.41904172040708,-92.55565395538623,-100.57509774816158,-100.58010124653435,-99.47964525284515,-102.76466473408992,-99.27765521844621,-101.8244037484223,-95.58209222010215,-102.36393158332922,-97.98333907459784,-94.78370972468178,-99.9009553841464,-98.6027317244227,-97.55151891970722,-97.9952689717635,-94.23333438969163,-95.33750972474023,-98.17047542155737,-101.35489319504654,-102.78266024534308,-99.23967801744664,-100.49743021007264,-98.27348946143091,-98.62800943217493,-96.97667202183789,-97.1647199358817,-98.06437052521235,-97.53864940593797,-100.75535469984946,-100.85801590715808,-100.20770139231465,-103.60915171162796,-100.46767598136233,-98.56215008493967,-98.41081049417863,-96.49667020802548,-93.45434663255696
2025-11-02T00:18:30,AP_5_112,5,112,wifi,5560.0,0.0,0.0,-104.13413490270078,-103.11271438828385,-94.03749195758405,-100.56077426887903,-99.30990719083584,-98.76302221150686,-94.07426877922,-91.66672726670323,-97.7374770661111,-93.20798356471924,-97.88320205391751,-102.14209627873642,-101.70560727912664,-100.98486866871384,-96.54336244613452,-90.91890198971603,-96.7463558192337,-96.82686561629718,-94.51475388054173,-94.94694485746994,-99.03661528004575,-91.84902412839725,-101.59911506364213,-98.57145007579975,-97.63511822784623,-94.16431356450819,-98.82441958285771,-99.37224123293433,-91.7081132339016,-97.47259975675192,-94.8530245963578,-94.76081745609805,-94.16462590737075,-95.06536300838714,-94.4508942103204,-93.18113039722898,-96.90155385889551,-103.1428232137114,-95.27050639009715,-93.91154113525724,-95.84609353071143,-96.54370206830035,-98.03318873736121,-98.5858768877044,-95.44680687854941,-95.32868498247657,-97.65444579037785,-97.99116689091346,-98.43281364311433,-93.87505921330413,-94.34391585453197,-94.6018605901432,-99.01928776269978,-101.42979809311699,-98.51629581130155,-92.83616931573759,-94.35727193138271,-92.99201958024967,-100.35515071401656,-95.12646196592391,-98.73111147411515,-95.78975555891347,-88.2764185028078,-96.16283259059544,-95.63499005081985
2025-11-02T00:18:40,AP_5_112,5,112,Radar,5563.099595977055,5.0,0.09712372123208494,-99.54638793478523,-100.23982606370875,-101.59439706610881,-99.16237160442608,-97.98330898800967,-103.27504253368183,-103.43393999875008,-94.32721769696114,-96.24333346768556,-97.30538672284183,-91.3922657639632,-100.50472830588289,-97.23179164388672,-93.95665589896632,-100.10875456556029,-95.6486446859257,-95.19013390321447,-98.31965426197554,-98.61050806600447,-103.63533787332614,-95.51616319618364,-99.1316060405094,-97.88942552103934,-97.2490811976616,-102.3221854434898,-100.7481327161301,-98.31438685421091,-99.70144454100398,-91.35909585738064,-96.33347142923071,-97.11328064303352,-98.36496909261993,-92.08216040494334,-105.24142234466701,-99.60592089617793,-96.872082778046,-101.5959596158167,-96.66604555413754,-98.65694387940802,-96.82737339889516,-99.3320463588901,-99.75535043545455,-103.14442036116364,-90.69184350395666,-94.61617930359455,-100.70479948936547,-93.16307116914518,-104.3327871774064,-96.6690428984897,-88.81677662130964,-98.59612928875495,-97.87910810070171,-98.16057787685862,-98.05096085076154,-99.5523514277616,-98.84375499130496,-100.6148465486878,-96.489037765832,-99.45676285831911,-98.22938341282493,-99.35022066798378,-102.1429177418023,-98.161124478511,-97.44438644949773,-102.0689809452977
2025-11-02T00:18:50,AP_5_112,5,112,Radar,5563.648000095771,10.0,0.026972966105183488,-106.06626900957232,-102.71594805835642,-97.12418215332431,-97.76873685625256,-99.60186156336941,-100.31731247199629,-100.31272233876732,-99.71434926249945,-99.58448347017621,-98.67775523840837,-101.5662518817896,-97.27506145635539,-98.87376725654566,-103.04548826623252,-100.75059583277829,-96.89226624064136,-100.02161121611871,-101.25784776841839,-99.0883589492202,-97.94488732297796,-95.9416833280976,-98.46028185211965,-101.52891700018509,-97.656870540208,-99.09255271954858,-97.17140272790402,-98.67900552932947,-102.59344022946804,-99.55782832932847,-90.55265386108744,-97.30699111896081,-96.86958813150302,-99.42267613368742,-97.35001009373151,-100.4515170199454,-98.16031558549264,-99.13469241442387,-94.07315369818184,-103.47282282453074,-99.540609465252,-101.0269294733844,-93.24631912238402,-98.28383410740074,-98.03330712944911,-96.37322203865016,-101.55559720616695,-97.72147172149552,-99.9697832670031,-103.65365192061714,-100.46199530806477,-97.92033384239146,-97.92598848581646,-94.43197169412714,-102.49394343886708,-101.10637687979016,-103.13813821792982,-98.77999885922864,-101.57946320419585,-97.90924405209779,-95.73124910055422,-103.05226968576582,-95.85851640085109,-99.67184040098138,-99.80227706132322,-99.36626322657857
2025-11-02T00:19:00,AP_5_112,5,112,wifi,5560.0,0.0,0.0,-103.37819403232965,-97.63122053289113,-93.16689229772993,-99.71031434632235,-95.4184066457567,-93.4213387466296,-96.24832448701198,-92.85605515025706,-93.75155644974875,-92.34486549329098,-93.79858650694543,-91.15847745282375,-101.64391789625162,-95.47066982571567,-97.98571362429655,-100.83422257986042,-97.20250746235793,-99.60973953352668,-97.71904560931007,-98.06831455064085,-100.48012682146798,-95.51947852375604,-88.65261556341723,-96.88675812179754,-93.91055825388062,-93.16241399470229,-100.24808301822176,-97.87909196654421,-93.86343245744423,-94.44450516713361,-97.97490721262922,-96.77816326982092,-96.70197901149672,-95.69413911399026,-92.81640129463865,-94.65148193677122,-94.10752048720812,-94.44063021960581,-95.59816838567045,-93.60658053279795,-98.23200815038624,-96.61614421143388,-93.00067509636507,-97.95919572009673,-97.94755689898312,-91.20970740169048,-96.07084539356225,-94.58931126929515,-98.83612633861527,-96.91535873847104,-93.69267840783333,-96.02935095152706,-100.4280581523874,-93.54631295292009,-98.16695568240743,-99.16729879632214,-90.99459289670415,-94.45043597315598,-96.25292478656209,-97.1789359411219,-96.52519385148982,-100.6871381806891,-97.80395387123232,-102.97822061114334,-94.52611580970405
2025-11-02T00:19:10,AP_5_112,5,112,wifi,5560.0,0.0,0.0,-105.01032754766395,-101.44698397142346,-94.5474621637377,-99.00152591579324,-95.86921096761579,-99.63565760760049,-95.54871195111272,-95.40392963028529,-98.35154490893606,-98.53291738113141,-96.9988797872873,-99.28974439630545,-96.03824553105807,-97.61919480454507,-98.40289828954744,-99.57054422505585,-100.18059323649999,-96.66753029544321,-100.01743969239354,-94.90738098618664,-100.10545208925186,-103.9716158291491,-94.81733682294274,-95.91884836426757,-96.2382475354564,-97.18571769850554,-97.86899431670543,-95.88833083091544,-94.6010406917336,-97.78991534812981,-97.66525711672816,-95.54547807593448,-93.31496736025434,-98.02114609742948,-100.2181522493332,-99.86243598606124,-97.33780904079146,-94.90945338663334,-96.24401900616986,-90.80467707406008,-99.14182402412175,-101.123688811693,-95.86362247257031,-97.19604316568507,-93.77112364187869,-94.6055624824149,-97.71181379017946,-97.35069324793648,-100.77046704166102,-100.043821407164,-95.35088910277555,-100.89005399451858,-96.72084655854493,-97.72487025566174,-101.56414225088274,-96.90432545335239,-100.65334417998906,-100.43589471005802,-94.6877922501247,-95.04197077443274,-100.24790048168882,-97.64270766954134,-96.47733573393263,-97.99206114531306,-94.62521439986294
2025-11-02T00:19:20,AP_5_112,5,112,Radar,5568.149861252975,5.0,0.0933719867946685,-122.15711215636915,-93.30649542900406,-91.76624047492146,-92.67872923332662,-92.85414719657619,-101.89799230467716,-95.85706620536091,-92.01980649788568,-98.4090453418202,-88.74203124798,-93.4990984987885,-90.55603500554862,-97.13525576866243,-97.77303023816499,-100.49446375855848,-91.4104282909112,-95.4818292361397,-103.04550376792201,-93.13419866119098,-97.49789457900951,-93.18599038853266,-97.82425479190138,-97.92026273985235,-95.16932155638548,-93.47377950270186,-96.5609669603046,-97.3948914358729,-92.95649467310133,-97.82594727246173,-95.8166534742118,-96.95830513341316,-93.78512687064514,-96.61186661702071,-93.93760002669012,-93.72872276622905,-95.77950456466941,-91.45055094403548,-93.20691989101995,-92.62853778172543,-96.29662314920802,-100.8501999393109,-97.26843199448965,-97.21965445464464,-91.38322346883241,-100.38626923827165,-95.27104333716962,-92.37761055306761,-95.76233163405668,-95.37091758937669,-93.3382843778434,-89.66172454113575,-98.01420641816004,-97.67416832449032,-94.7555706739192,-99.89395075282998,-93.28672929180166,-97.0262777156729,-91.81553494831739,-100.4445876705366,-95.95697020855428,-95.57025195662501,-91.921517751399,-94.6225270899418,-99.3145134658593,-94.35277397536413
2025-11-02T00:19:30,AP_5_112,5,112,wifi,5560.0,0.0,0.0,-104.3246510397494,-97.21992286908964,-100.349301748564,-99.99137503433533,-95.58585475317564,-97.40947524868525,-98.03164128260337,-96.51765730259352,-101.77426090068451,-96.49452417192508,-95.14920594159399,-101.62647461732105,-95.23905922384331,-92.24954703792888,-98.60553298325756,-100.49553620143203,-97.49003996991456,-99.08109344930462,-97.96718855156668,-96.07828896248921,-98.3369308509033,-93.60656180815579,-97.72396645844177,-101.94310601023399,-96.20054459322519,-98.70841955807744,-99.88450050318055,-99.05015146992449,-93.69724375724753,-95.51022376733486,-99.05080631264354,-99.73769719538791,-95.68996588303939,-100.01411418862492,-97.35915818945149,-100.47458686670566,-98.04125307218811,-102.10542431936553,-99.394213378345,-96.21661747116592,-91.6220786410294,-98.36847446473772,-94.40819896505758,-98.2420370184548,-105.58732096414839,-95.68008302059741,-100.26988407026508,-93.10836738824192,-94.1216703216687,-101.03126663622682,-101.5223000018581,-94.92593801948092,-99.23621845762352,-98.20430480361378,-103.35184247680745,-99.42699967305971,-96.86504868655192,-98.8891542071642,-93.88670526725424,-97.17102138399454,-95.75815188086389,-98.07551335680678,-95.69586600485204,-100.36018747409543,-100.35433900610484
2025-11-02T00:19:40,AP_5_112,5,112,wifi,5560.0,0.0,0.0,-104.05427562029205,-98.87046474393264,-100.15675786642629,-99.64447902791206,-93.71047771111964,-100.39988049740444,-97.30497745548256,-95.08402471967563,-97.8723981347549,-102.28216013977276,-100.41738375307882,-99.67813265895288,-95.89558559090355,-104.28250625003422,-95.62519119999902,-98.22372617983616,-91.99535824198382,-98.64182069049764,-101.00806749652293,-102.68818623659496,-99.23339669823929,-96.87285657633595,-101.72393647319858,-95.84984561358031,-97.26199525484617,-99.51427858494138,-96.35775513071641,-101.9888948963428,-101.74224131708772,-99.32605840985165,-103.1411089437098,-98.12648315972964,-92.82139734721618,-98.72563255518175,-98.57734596639668,-96.09926396198945,-96.1068846857774,-93.8405958899676,-99.0777433839055,-99.3293953862358,-96.93457802134029,-94.18358089631063,-95.95204489508501,-101.55227068175266,-95.34474125471277,-97.83199564804244,-100.24835639424184,-101.53073664231053,-97.69184017294508,-95.75515280254713,-101.51835812904805,-95.26304349397243,-98.89341968935754,-101.80047237881662,-98.67962378249928,-93.13269835825965,-99.68923325758823,-95.51474491126726,-96.07137889791515,-100.63559621460193,-92.94507195664025,-100.20026582742561,-91.89258574650695,-93.07205703404651,-95.85632535578335
2025-11-02T00:19:50,AP_5_112,5,112,wifi,5560.0,0.0,0.0,-102.58448285749147,-87.09591846117547,-98.50264147440348,-93.61241109217133,-92.99058847806556,-95.86073722868507,-93.96158012794884,-96.41086651941788,-92.1453392853596,-92.1940067133887,-98.27749926665496,-99.24471633470235,-99.03477695097749,-96.69791014642468,-92.66074159963566,-94.22681634739097,-95.17338720954582,-93.87171183693992,-94.53341328082813,-94.75848306165005,-95.68625661593347,-102.28879131467453,-92.5065384923835,-90.51753736960485,-91.87437872636158,-93.95552966343638,-96.5033194970849,-95.52441009645693,-97.7092253773139,-92.41544086032206,-96.77980989100368,-100.3770190487028,-94.18840536480974,-95.45922668732631,-95.16835969144539,-92.46508865758601,-96.87880673355875,-88.43277710426493,-96.31501018232906,-100.32748015479147,-93.32375431117977,-102.44403160075257,-95.50975684600657,-94.28149815666588,-93.08657712376481,-96.61809055659258,-98.39147529764199,-101.07349643159965,-91.5703190689633,-91.94497819459843,-92.0096404672268,-97.21285316923054,-93.92513348054361,-95.27937587061037,-101.30474618278707,-94.35993585519171,-93.70873279284987,-97.73817740828721,-90.66531652524391,-93.64368974293613,-96.02992665728353,-94.68286560561467,-97.74942561122405,-89.62596743703443,-95.26273993085329
2025-11-02T00:20:00,AP_5_112,5,112,wifi,5560.0,0.0,0.0,-103.14038073508497,-93.85826161833586,-96.45593591063651,-97.21733217592606,-100.87508196763046,-94.14147247259581,-96.65535248997678,-97.1729431011764,-99.68374058551524,-91.11181937346745,-98.12544399382179,-97.75378117752743,-99.32775843109086,-96.60380903410542,-96.65279301752334,-95.41051253975806,-94.64764311749167,-94.89213697840187,-95.2105158645616,-97.19911049895913,-88.4906915471823,-95.19890687545359,-98.48345258438981,-97.81580186237338,-94.82165270706498,-92.18532404185768,-89.26025909141075,-96.3053679340374,-93.34439549039526,-96.26408950211027,-98.10651453784266,-101.43609000550035,-95.51969909634978,-96.2746814054764,-93.68910506920467,-98.85643834822027,-91.4386252895485,-94.810230275543,-93.47460937456088,-93.646052860621,-94.72729059444917,-92.58084896221243,-96.99121168906694,-103.74853810910332,-97.84560124134939,-95.18838010762627,-95.90111029528171,-97.56175210768923,-93.73939718593917,-93.50572695361791,-93.23431397524865,-95.27365044561775,-99.28627038203713,-89.37278665601106,-99.0985540744258,-97.62552872915937,-100.05389034182996,-96.97518265886497,-96.40653943888731,-92.61787588769967,-95.07265608764085,-92.10975575142109,-92.59283248004212,-94.37121877607639,-96.79801367740265
2025-11-02T00:20:10,AP_5_112,5,112,Radar,5562.764564854627,10.0,0.025041503119697696,-120.22748491269948,-96.54883950291193,-95.50541467792024,-96.55891215608975,-96.39845700213232,-92.67262561961404,-90.11692835325776,-91.77399736943266,-100.38393022580243,-94.90315682170697,-94.67568745090611,-95.77144304533105,-96.36134720440775,-94.80612530084255,-92.37383837536099,-94.8368985933241,-93.92746002959356,-98.84248465614282,-94.37950136019091,-96.69025315668179,-99.21434859854698,-96.04115232583047,-101.16762530723432,-93.05673597307164,-97.22693334071883,-93.9857850862721,-94.59033666089361,-94.22422246774649,-95.91112638437221,-92.3337088075798,-93.50448517401205,-93.66133954742261,-91.8567637847221,-91.58441651674889,-96.16877165261542,-98.0959122989011,-96.48547298819926,-95.54276971225563,-92.08063514401556,-98.23239597358439,-94.53407892965467,-99.0112895059448,-99.84829348428362,-95.52060902254831,-98.09899460862817,-93.15262767740009,-98.28273001998886,-94.90193013353935,-94.15108675850375,-94.85698243752907,-91.84721354416322,-94.56210312865348,-93.5415799106142,-91.80518013057542,-94.50682383812656,-100.44297724536129,-96.9290472638366,-93.2125094201896,-92.44965137215738,-89.54156469852396,-98.06105942348483,-100.32520145391688,-88.5647949696623,-99.9654416025537,-93.94033698661804
2025-11-02T00:20:20,AP_5_112,5,112,wifi,5560.0,0.0,0.0,-105.43731001292024,-97.21660443798622,-94.72936104585102,-99.87013349300557,-99.21977624646674,-98.51375756400384,-98.33287275201953,-98.71342688347762,-98.1698228952762,-103.94085604565568,-99.34835560621153,-98.06644099093809,-99.65565205456936,-96.62820821484223,-99.43922353609962,-99.08839910930276,-97.93225777839648,-95.09139270601726,-97.25782998071851,-97.82197220132092,-94.36582624245032,-98.39919650550041,-98.81484311731302,-106.18706700903124,-94.43330089912635,-100.8695726192869,-97.34099949923043,-102.83825981881813,-99.5285453860345,-97.87520188775959,-100.49156588302824,-93.61280324200527,-98.25141816015153,-98.11630162487492,-100.73618565543056,-99.4598857988112,-101.72023382778714,-94.09190175072835,-96.5447425581914,-95.97165375459973,-94.794744838489,-95.58649206617913,-92.1172072715622,-98.12431042792164,-96.39494385965995,-100.41459186579462,-98.32733672379192,-97.83481111099532,-101.2796330327372,-100.83965364136478,-96.40378543017611,-99.82558092485941,-100.58734405027806,-99.24707567817744,-96.15835633768626,-97.10011709757072,-98.14126039455546,-96.28285931540438,-98.16054206490746,-102.12350871986264,-101.1570717325511,-99.41729184816239,-104.92514325361385,-103.23321925703763,-94.71879421686967
2025-11-02T00:20:30,AP_5_112,5,112,wifi,5560.0,0.0,0.0,-103.98901017538915,-97.05768415840598,-97.47278300173735,-96.89119902476918,-100.63461631727901,-92.93997396001373,-96.44201993818652,-93.63366717310156,-99.25434770896243,-95.00913963139627,-99.87845358190327,-94.37934239673567,-96.22208972990016,-91.4665695820616,-94.81974309837597,-95.24251079941969,-98.30974277857274,-96.35980823868849,-101.70704301465857,-91.38993101289562,-103.45543929021557,-96.77165064775285,-99.84792808168875,-96.96463490480653,-90.92308201140162,-90.89905349376095,-94.25771502491719,-92.58791189407674,-97.3448634853296,-98.11928930353085,-100.75848384824035,-99.99634507533688,-98.94232273204202,-103.22970076534993,-103.05232056138024,-98.67583536893694,-89.32635893914062,-96.44251186863234,-96.99707666597462,-99.87683111835383,-96.54244121131185,-97.04273715579103,-99.5020448914569,-93.39642852097062,-100.03725060741363,-98.37023293278352,-105.810502769581,-93.61733155371633,-95.49433077777071,-96.76416482303699,-96.52167188785333,-97.73846168079102,-99.00915562118972,-96.22160006273002,-96.24721858476815,-91.17158060872922,-102.18687346893019,-97.87924360362479,-92.59610020933438,-101.17768295091729,-99.644091296893,-93.2385729880945,-94.20672848292882,-97.95218645838409,-97.93529257151809
2025-11-02T00:20:40,AP_5_112,5,112,wifi,5560.0,0.0,0.0,-104.69923288502693,-102.67170989782177,-93.58302804475275,-97.86119452184661,-99.67145927450638,-95.48465649863525,-101.90384812171223,-95.85312260193113,-94.59996122980284,-100.9305561903109,-95.91934435702565,-95.11865627884613,-99.07564335944839,-96.35150834769254,-93.39805622141334,-93.93583959352584,-103.45330242858483,-95.05286431289761,-102.9977334059682,-101.57724068739203,-99.20116479819545,-102.80005718350036,-98.65278616351937,-92.01229535110811,-98.45326864859672,-98.55841873297302,-92.61530287769007,-95.93913497596537,-106.74602531358163,-95.36205974493437,-97.08208374404191,-97.07975160779677,-98.48647504664385,-100.68780843447392,-100.07314226853335,-94.4846619831172,-93.30013418847135,-95.62220757881965,-99.95538788866467,-94.81062766313069,-99.71145461188424,-96.18556527628508,-101.50429816976049,-93.74034755394807,-100.799224217152,-94.08085333773009,-91.52524445456982,-99.69475809605595,-96.78243713917576,-93.12589170939032,-92.08524968883839,-94.4432214918737,-98.13623134080416,-100.52578330614274,-95.16242173875774,-92.86361854373929,-99.12229091445964,-98.10751379576814,-96.22734037604815,-99.51935920211244,-95.90933227490324,-92.15453462749507,-94.53124001093391,-92.84612615727364,-100.07922711144954
2025-11-02T00:20:50,AP_5_112,5,112,Radar,5569.355682808089,1.0,0.17961491930974405,-97.71825001608488,-95.2325848681766,-100.66283270825038,-101.37940258231053,-98.44683332166294,-97.88861934102,-101.00652929657015,-96.66408840136631,-96.5352383659953,-96.06753359931193,-101.08400438163855,-99.83676643104158,-97.12500780930853,-94.65251360584246,-96.47617477093694,-94.31759262557625,-96.22704013532045,-99.46102427967853,-100.46361037320597,-99.02127868400045,-97.07147352083996,-99.64174249453706,-98.3270776780284,-101.76157863774802,-98.13645114022607,-97.91539416069787,-101.3263071103723,-98.56071076102677,-101.45162833317674,-102.55886411606858,-99.67764840598076,-98.71937285532084,-102.50205928920765,-95.23486887142818,-95.40580523663418,-93.66183285509636,-101.96515171786619,-94.88182885905958,-95.13487115451902,-98.37202017835008,-92.48034043913806,-100.6642048694683,-94.99377111321668,-97.48388946305933,-97.8484855089105,-101.53666063838509,-95.28881619628498,-99.43478598466496,-94.92146195029501,-101.60927318310395,-97.12342817775354,-92.42629132150675,-95.7337760843604,-95.19062858374059,-99.5552538981623,-98.03849724245043,-102.36125483246157,-100.04925535294188,-98.66170566205781,-96.89445012337605,-98.96438247583566,-104.02974396387606,-97.62939863756638,-98.04091407667161,-94.93498917630751
2025-11-02T00:21:00,AP_5_112,5,112,Radar,5565.107562316683,5.0,0.07797400483951536,-106.22128312187952,-104.36063897877727,-97.64869751215294,-96.60207266495547,-104.72275412630506,-99.80603910893063,-102.76405658915805,-98.53288234068363,-94.1928470646883,-99.88172328207273,-99.08134664307653,-100.8538163298882,-98.27995234442038,-96.2282951086178,-96.05269919144929,-99.4992364745212,-96.11551834332346,-96.11205135200697,-94.64198873788139,-100.62689553789176,-100.17328480703434,-106.13293265640553,-100.23112038675785,-101.5276629327348,-97.60321812560068,-103.22884921015935,-100.27209445129965,-93.06142586494155,-104.97083905913524,-103.28716060819941,-100.8766172303495,-99.75384048897264,-101.78844209364246,-104.04876777226012,-96.68320785892928,-102.64437801248792,-99.82925270262959,-96.10312383857051,-100.6176427455799,-94.61008981435774,-96.47699818681673,-100.87692569069318,-98.5534850138491,-94.56712542301119,-105.93516055713371,-105.6838793079371,-98.78040071755248,-97.35426509293276,-96.3297892005598,-99.99796860312547,-91.82249045961366,-103.47222961846172,-97.9794571194135,-101.65984822695054,-95.52817483450663,-100.77314795094134,-99.42945312849395,-99.06250568874174,-97.22769547842464,-100.13101483157149,-92.31834527543919,-100.48195803658604,-102.00446686966616,-102.19502764847793,-93.32914137079324
2025-11-02T00:21:10,AP_5_112,5,112,Radar,5564.314303298171,5.0,0.054424915941433324,-123.93269503978989,-101.36181693295515,-103.06154241846427,-95.3593477815979,-97.45972307181843,-94.70783776394431,-96.29310687620169,-99.0397843150856,-99.83663772527166,-98.98147055842476,-95.44751885412359,-98.41976057535335,-95.79452908158768,-96.71471937636882,-102.36439293145892,-100.1601371176644,-92.15909203053899,-96.96379571738807,-94.62499697239306,-97.72524644091075,-97.43463080385362,-96.14516103216654,-92.12916733023651,-103.87642164755725,-99.713827892113,-102.79399323321866,-96.30137945632127,-94.58527862122732,-91.302398173642,-93.62771901584695,-96.6264526269888,-100.28621759463566,-95.99125799281434,-93.68095504983019,-100.00889232109643,-97.35589233199006,-102.06694644745944,-100.09740224151034,-96.09207404847484,-94.59343960660185,-99.42649070168484,-97.87517272253376,-100.32368573141848,-90.73813617281884,-100.8043198195799,-98.89299140324165,-98.030206036157,-96.34402789728904,-96.75528371162896,-100.67942799619276,-92.57113651338051,-96.66670074159784,-99.40758474471372,-97.55377725621659,-99.06368728541047,-101.31935100268136,-94.60583604841482,-96.2248903522383,-96.06061230150975,-96.59859441697287,-95.14674680887518,-93.36119064683795,-102.44341064431394,-102.66269852808122,-101.75621966984149
2025-11-02T00:21:20,AP_5_112,5,112,wifi,5560.0,0.0,0.0,-105.1874352522458,-103.41336911931973,-96.50691697823522,-93.9261486735865,-101.10539860661787,-99.36539266214119,-100.4870885302168,-99.07822587791742,-93.72970353373861,-98.2438772682066,-95.98868587040505,-89.42539468188161,-98.38535855554079,-99.46500464387525,-96.22735903715771,-99.84071527992008,-103.34539853683859,-98.5657647116534,-97.23258901738664,-91.82856217668717,-98.22981437534847,-100.23470718422807,-102.9476524097212,-94.36723013289831,-94.81286527959358,-97.50687837722377,-103.3299070494861,-96.68102063582836,-95.52572794846773,-99.35925089051626,-100.37192023571504,-98.70991224025289,-97.98169479541069,-102.58054728129689,-100.62399065006184,-96.55863000516692,-98.29891683170456,-97.77593960434712,-98.82975402873969,-94.23551753390456,-92.0450928796797,-101.37091647531533,-101.73248501441047,-101.82994639320296,-100.26901074529181,-96.56611759667622,-99.14457080271688,-95.03463323105598,-98.79315429018082,-97.99049648417784,-96.14123845335497,-98.38831828037408,-97.55535099601268,-96.40459564316413,-93.59037809094715,-96.52833232796861,-96.81058391530188,-99.16768581365305,-102.0354300366853,-100.2044135678959,-101.98308870490156,-96.39657350830585,-101.58071222944373,-98.82520112788093,-93.20723310261586
2025-11-02T00:21:30,AP_5_112,5,112,wifi,5560.0,0.0,0.0,-104.30054691955934,-97.78150935049241,-97.52848143754653,-97.83721497080653,-95.38320737575505,-97.33442690330543,-101.70772182509498,-90.42163167315051,-100.56678890784994,-97.20160854015074,-99.9265644617645,-95.23753204891123,-95.06588961585331,-101.69260435840374,-104.22139754757052,-99.32745593156072,-94.4752331840186,-94.20091376157501,-96.86052578210682,-98.85543794901353,-100.21575010103527,-98.15538394555428,-94.82643784181502,-102.59158491005138,-92.5196463486789,-98.21202367361211,-96.07959840097968,-98.24727798784728,-98.18923154232228,-99.69248400153135,-98.17070611100168,-96.5101613720796,-95.8026559051754,-98.499423969289,-92.87713415372164,-94.69552121575086,-97.39833684712175,-94.87291521894008,-98.27102431068045,-90.80944316595739,-98.2288378906493,-98.43798618443421,-96.1811817152786,-99.08081716481082,-100.16775408342235,-97.323690595685,-97.60393607571434,-100.03975989033401,-94.21525809070717,-99.28502083908744,-97.42207484828117,-99.15274486118975,-93.65464233603961,-93.56926640637424,-92.90333213121771,-96.19052731714598,-103.372495484963,-95.45789314569484,-94.21785086175032,-96.56517548618915,-100.50327805864164,-95.30954898683235,-94.73513257732523,-99.97494039509897,-98.005149998111
2025-11-02T00:21:40,AP_5_112,5,112,wifi,5560.0,0.0,0.0,-105.30623709158617,-98.8136719500405,-95.97509530935622,-97.18095012915686,-97.37996609543555,-99.69539398260852,-97.19227821901039,-102.37984522228325,-100.60347541918915,-96.57382426563069,-97.40637127617002,-98.63613073178402,-100.9383396591944,-98.05052172837853,-101.1464004818996,-96.04531719251119,-94.41464647002675,-98.32718198541147,-96.9795165761708,-95.1823513029543,-93.43461009004585,-99.1077870220586,-93.63018691208129,-100.37662542253463,-101.7892577994832,-100.69381398786598,-93.61854655649438,-94.35921386189754,-96.20469511726039,-95.51942561160286,-103.61375474614833,-104.74687704820504,-101.26040680000632,-105.37983876938381,-97.5862127598558,-97.17049867445698,-100.20259147910747,-96.64302466205706,-95.24295944655843,-96.96291470940764,-98.04057896127057,-101.21161016430284,-96.74878791449063,-98.18950928240231,-99.544821835603,-101.8278603882085,-97.26521871325535,-92.64192007591309,-98.49927827981574,-98.62181411341749,-95.31860080613025,-97.85448528473599,-99.85435946367316,-97.3450530507744,-101.04837973385644,-93.48708798039115,-99.50760204093967,-102.33152604699865,-95.67650126705357,-99.10968309755259,-97.8528700673783,-99.06801338430863,-98.5223996516713,-97.86626026071718,-99.32500620782491
2025-11-02T00:21:50,AP_5_112,5,112,wifi,5560.0,0.0,0.0,-104.17733936542126,-96.95731711835842,-96.49125767689756,-92.4191019445259,-96.589835582876,-99.757211916694,-97.71820559346881,-96.48820270999306,-98.83701791866065,-93.35120501602981,-96.11137069540533,-94.95469450729028,-99.75618597083628,-98.21171175210661,-94.67337314176302,-94.24617501449302,-97.06521466900718,-98.9429599284853,-94.59141794487157,-98.49026468341705,-100.31270833654476,-100.95889002388604,-93.23765815697655,-95.58340102430428,-93.43242534651112,-98.07985015976716,-93.77186272667305,-98.49439868700834,-99.84999408439944,-95.32880154249064,-101.42347411857071,-99.36740623608091,-98.46058468387808,-94.39010132918324,-101.85052731152435,-99.65005698258993,-96.51559517490712,-95.41794397216044,-92.24030872450666,-96.1704086155231,-94.25420430418592,-96.91437900530308,-97.25843339791646,-101.90975317347191,-96.72751788760287,-100.00542183043561,-101.36032511921239,-103.26108715912753,-94.49579874559954,-100.47972352752049,-91.49376430453741,-96.13554296508089,-96.96612970988873,-96.34522093572811,-96.05455845195675,-94.20850306884752,-96.16741721653842,-92.78340506901908,-94.95573159548923,-95.25780895913215,-91.56444163958479,-95.42869730472157,-99.54290911965512,-95.15074611373687,-98.21440732647204
2025-11-02T00:22:00,AP_5_112,5,112,wifi,5560.0,0.0,0.0,-105.1843268260023,-103.23650115205972,-98.95551625498905,-96.27106688504327,-97.89847389620931,-100.0607058150164,-103.30936605614595,-99.74422169555261,-98.81075805956303,-97.22175646977483,-99.65756436641365,-95.36583213077338,-100.00047797732039,-94.54958906609883,-102.25951909979398,-99.36624278508056,-97.49026366685214,-98.91898774218828,-97.40714425501534,-98.46188037027616,-102.62796338713099,-101.38723534315076,-100.64193577047666,-99.12028370913337,-101.02524653442343,-94.5214822227111,-99.02916915885802,-97.69640360177432,-94.93619438450949,-101.2276017756264,-97.58340417178059,-99.6273024669178,-97.40025664059172,-97.0394560026725,-101.02455952159627,-104.06728224162515,-94.43250857886798,-95.84863215814218,-96.64227787856474,-97.6067171335132,-101.39839647726055,-98.03735115384697,-97.16988793372224,-95.72484358101752,-94.88054468924776,-95.24066083832886,-94.13329831997916,-95.52956379963358,-97.26397947817524,-100.33900123795203,-98.59212242514072,-96.33181964003697,-102.44032172218509,-94.4692069184757,-102.82199187723107,-100.4453286076354,-101.44942419999452,-95.33306682914,-96.5732252022536,-98.67228413125667,-97.38052676625468,-97.78355268411296,-94.68280905646647,-104.19259125780167,-94.19732807802839
2025-11-02T00:22:10,AP_5_112,5,112,wifi,5560.0,0.0,0.0,-103.14165301046788,-88.42561606844713,-90.98954170660153,-92.35630010338596,-96.95571518429894,-98.11092805976976,-96.63740650589338,-96.91724546279366,-92.2644729790724,-97.51177874218332,-92.2058345650602,-93.33042689949285,-94.1895685273961,-97.65225716440813,-97.57089177415305,-91.09585988877656,-99.92104053466531,-97.94670846994698,-98.16848877325323,-91.56952825719584,-91.55518132186688,-95.74660591935546,-98.6462315539538,-97.79814328741456,-96.17578839561304,-96.34891242600476,-98.06689669476238,-97.90848050518113,-96.95692540257832,-93.14092596807507,-93.53407595242517,-107.09366722406556,-96.77952509759396,-94.00052258991944,-96.29732769431939,-91.19471836428328,-93.76497931638282,-99.58558923079923,-91.78462605872558,-94.77242464614483,-90.47532219886901,-97.84200356465755,-95.04858835305505,-99.92108599839719,-98.12606393776866,-99.48147600242534,-94.85924605163076,-96.91482949152396,-86.81985750964219,-90.16713760791727,-97.51378349924097,-91.37328361750257,-96.24229464055873,-93.46015926310886,-96.964716204023,-99.50365366023799,-100.07531101061888,-94.86743458656646,-100.23444215779884,-92.01258416176373,-93.23005118806637,-95.62117807368985,-96.27950431638975,-102.15483741763549,-93.43090028118685
2025-11-02T00:22:20,AP_5_112,5,112,wifi,5560.0,0.0,0.0,-103.81319955096112,-92.52438036835,-96.79107703715307,-97.37360865953781,-96.3440239126929,-98.19111473527323,-102.69674226271485,-93.2567334657965,-96.36039383467579,-94.29473902185028,-97.91070118799598,-96.52622517422051,-98.33606731483633,-96.30803088306527,-98.46245384035876,-93.26156650967505,-96.10179551746498,-95.22110420582972,-96.93268229320178,-97.71114634228978,-94.54423527421001,-99.92102381222166,-94.24542471289854,-98.9380439478648,-96.85744131345625,-96.41611991487773,-97.50648466805522,-99.96706973218079,-98.45071974085664,-99.46779041191151,-94.80382400263626,-96.12302937417343,-96.64552712782739,-104.09648604082224,-98.5017253642016,-92.46631812180331,-98.88980124791071,-101.09398270667691,-99.41348238462326,-98.73279008936736,-96.25603524548356,-97.08690334523645,-102.01705486613845,-100.07467831646481,-98.34889528383981,-99.76467082739991,-97.10224653631455,-95.97994202896905,-90.81568031167625,-90.2843020643057,-91.59458698351048,-99.60477320293015,-98.41052558885637,-99.22573701104099,-100.43864603670288,-96.98124387949194,-95.04911264488328,-95.25713499025943,-94.200801604294,-100.19241305684402,-94.67377944357197,-99.24472454522208,-90.54006256561523,-93.46223286872238,-98.51053028220403
2025-11-02T00:22:30,AP_5_112,5,112,wifi,5560.0,0.0,0.0,-105.59250917847787,-99.28309952242613,-102.44198172654662,-95.11544074869406,-98.81019854511757,-104.05411993963695,-103.18803421512277,-95.84146616438171,-104.52414718510322,-99.85140309694195,-96.22598620643058,-97.9650401185648,-99.43806810399508,-96.7405690069027,-102.04832238527895,-96.72848353968699,-98.74000292690585,-97.37508858832628,-94.34600191304752,-96.44343039597432,-96.9873003765019,-99.09260699247932,-102.2253491765647,-95.65338882869025,-107.02736286907552,-102.71197247696867,-97.71897447440155,-96.17682131653905,-99.41519033700725,-99.41889932221352,-97.56016676254761,-96.46579034040519,-96.86178869373923,-102.10832762981721,-99.06734089140656,-100.37259988865452,-99.13667398215632,-95.59450084681866,-102.61362212643527,-98.41348769353718,-97.13321513242857,-102.74453026539217,-101.08731574166745,-97.18581281329256,-98.68029517830365,-102.31924564314004,-97.34164315210172,-96.24937626793763,-98.46388484869668,-97.35176668313991,-97.97941022975009,-99.12741903321123,-106.66999559497638,-100.5899255449705,-98.8069651707451,-99.1430319031912,-101.26496337898102,-100.35566913504846,-103.42225899838705,-100.93178816414304,-98.42701372034736,-97.61866576683106,-99.99372384372361,-99.34693992530583,-95.40283897349677
2025-11-02T00:22:40,AP_5_112,5,112,Radar,5560.229496549522,1.0,0.04403209528021976,-114.07857219859957,-95.07778759541823,-100.143179743684,-98.88618443305536,-96.02131366742576,-98.2056544290028,-95.09934452431924,-99.42746059716183,-101.71983992889533,-100.71747013355366,-98.36361961011565,-97.30183869035723,-95.07549686928526,-101.80935295153131,-97.19242500032836,-99.52298157653497,-97.17406213307919,-101.16005813179429,-98.42297932981803,-101.50826449037216,-93.82812820200706,-97.55092790185824,-96.58223266213132,-99.64475372976672,-98.34698313240833,-98.3054682689618,-101.66835958492402,-96.74680398383514,-98.74415345414538,-96.20373082113407,-94.88462130242897,-97.53198713727743,-101.30214299009342,-94.8433007731979,-105.25140355594488,-96.30551957497202,-97.45988894804034,-103.68538048159759,-95.47296313866022,-96.66629691248937,-94.42690284750793,-97.4443189845019,-98.6438304433649,-94.76722850038502,-100.43591664517783,-100.21646932852467,-98.23459051591415,-95.37583850003327,-91.60321334362024,-93.34501253631332,-104.344504998778,-99.75812581375615,-92.56135090816841,-92.14977741644057,-98.39105654460505,-98.968382387833,-99.55511269384351,-96.97608450040985,-91.24340663908256,-98.12221081565148,-88.75173483803783,-99.81452139590283,-98.13236989208997,-95.6734477172773,-98.47889319236872
2025-11-02T00:22:50,AP_5_112,5,112,wifi,5560.0,0.0,0.0,-101.21801005173688,-92.8717970790374,-90.23228165076256,-94.83697601595118,-97.71754211049839,-93.71956977018077,-90.83505540096866,-94.96497423828828,-96.2399067773952,-97.33206519662241,-95.81636858152548,-100.1006674238018,-89.10951480054219,-94.65505317532539,-96.6128448655173,-94.58314612564277,-92.77688143007433,-93.49678862256738,-92.22654357527537,-94.69838806889585,-95.77690580704167,-98.43195224281601,-85.55644631938878,-100.42380142404262,-92.67339063910737,-91.21747933099803,-87.9082647198711,-91.3551203933231,-98.34232193203148,-98.1520426458954,-86.48684907747912,-96.30914844127926,-96.59320842054072,-94.14830894383451,-94.30039614177949,-97.44145117120948,-100.53352002400464,-94.15786892747921,-93.46445578563726,-88.44871134926521,-92.11665411123266,-95.96608392285005,-95.45171552538095,-96.15322182323088,-99.90548670304523,-88.68153443769187,-96.62877275052907,-97.95759168708585,-96.21956552048587,-94.97925662343046,-91.15664802192877,-92.1185052700642,-90.8651333795132,-96.85144988425694,-91.92917936106062,-98.44337879117096,-94.80725792026094,-97.45603517210853,-95.5717985139756,-92.73360221824129,-93.90355552446006,-91.10868921283961,-96.65083778929764,-92.51876231417411,-95.01102680077322
2025-11-02T00:23:00,AP_5_112,5,112,wifi,5560.0,0.0,0.0,-105.53279956927922,-95.76814715440769,-104.00448046575228,-98.20914844897881,-99.34184218336394,-97.75960297937213,-96.77750329382677,-91.05144118911146,-94.1143313689419,-96.0083134197357,-105.13505591834222,-94.93433750105358,-103.53340469420272,-96.51214478859788,-99.7320809851239,-102.957641718656,-102.66735174432615,-99.1408360640075,-98.01893224421627,-99.61231118646025,-97.03547688593576,-98.48923215521825,-95.79064572393217,-104.81504613529287,-95.68358774150416,-102.78768396488167,-98.88023584959966,-94.51697012248995,-96.86822958902225,-99.93603726374809,-101.58844311483628,-101.31814393256337,-100.0926806345558,-101.90952696622355,-98.82543758321893,-101.36530022295143,-97.54456363699009,-99.38748005515771,-97.53304196854779,-95.83540515378073,-99.54723082649862,-98.49904645471344,-102.19438473222272,-95.6602025507273,-103.10190334491472,-94.33355418570339,-105.48919799683935,-98.54868138702689,-95.61853125732357,-102.62498005668522,-95.74225773103478,-97.87479683974735,-98.81236056521195,-95.36126423106673,-100.37707708346495,-95.11120180376716,-97.41099757808647,-94.26659003474057,-98.16764027918583,-96.23849576708207,-100.73452237797214,-97.62919039042275,-95.73896868856137,-97.78265397062643,-92.54551300836218
2025-11-02T00:23:10,AP_5_112,5,112,Radar,5565.492611594574,10.0,0.08498609475407326,-125.97157466609359,-100.01729256226524,-99.15111695909869,-98.7675187062812,-101.6058602694232,-97.74429931847332,-93.48815349734498,-98.93936631937491,-99.11113120166797,-98.22908109706592,-98.51827352051582,-101.54781775461949,-102.88009840781673,-104.99815330554293,-95.73556253434151,-100.1430470675093,-103.68468970278619,-101.46440455105288,-100.63207123917701,-98.22931069601083,-101.46850137808329,-100.90876267491466,-100.69985771728335,-101.50053944603954,-98.4918573906094,-103.32969024358506,-97.67395363999631,-97.62064663185238,-96.03125141886471,-98.46107479187458,-96.51497366083929,-99.54646808841792,-101.48527999408007,-105.520439756121,-101.22573668540589,-94.44832013043755,-98.52237958349373,-101.10332598000717,-101.99310216425027,-99.6075846020313,-101.67921002679627,-93.35334684454571,-100.56422301301859,-104.56488435519307,-100.04974032164311,-98.90111347469255,-99.37046940190893,-98.90120119744216,-96.93994565787175,-98.60477948316242,-97.13262791714443,-99.44065146109669,-99.20921695357573,-95.30022423206552,-97.99539216523812,-105.7289412916314,-97.39980933816709,-97.9416715061355,-101.01037806607565,-99.86710894637757,-97.13166851984089,-96.16092887098704,-101.77309294798513,-95.7322604577769,-98.01354843783568
2025-11-02T00:23:20,AP_5_112,5,112,wifi,5560.0,0.0,0.0,-106.82006273670923,-103.12998555019132,-101.38897245169731,-93.43002745973673,-99.0501470715691,-107.18193942573778,-101.27815142194336,-92.2930397468356,-100.04499325788021,-99.44369386172828,-101.37426635179186,-95.85362181881568,-97.39640791708669,-98.3693993564138,-97.59147615851919,-98.44485471375336,-103.83580639081129,-99.07470681827049,-98.48911740021664,-97.16584884125231,-98.04360349823683,-94.90845095393657,-102.33625155956338,-101.30196450826831,-102.01246194820392,-94.52849526310558,-101.89261125770496,-97.65482153478796,-97.78481028266503,-99.03728615888733,-100.36341562720868,-102.30286271221433,-98.6302913631069,-100.9842106721032,-101.07378162395807,-103.44303463983574,-96.46718288819112,-100.65765528317338,-98.04791217611084,-99.58207302270739,-97.60076045462723,-98.7412262613429,-101.33255687611494,-104.32636747766772,-102.11644174877169,-94.25257221518112,-94.34005474187849,-98.41346361514688,-94.89480714051231,-102.67423232800718,-97.79310131850366,-101.30636389760589,-97.94541203787136,-93.72617453195183,-106.49723552272047,-100.28875824841731,-98.91966038274458,-100.98731694685434,-101.66660000027733,-96.67973873853957,-101.47718488194054,-104.0421582319287,-103.00661182407035,-99.69879068348502,-104.99886490118506
2025-11-02T00:23:30,AP_5_112,5,112,wifi,5560.0,0.0,0.0,-102.76275203844978,-92.52417609758683,-98.66715851741995,-97.29319051545026,-93.0699879300201,-93.95048104288576,-95.10874679376293,-91.92253993573826,-93.67487096623938,-95.09207707309606,-98.15067670450891,-93.57049806342603,-94.50901902100134,-93.6428411264318,-91.99157594346448,-92.92278335570295,-96.29110259871197,-94.30500588342159,-93.15083415642763,-97.88065037747224,-95.49446131487875,-98.50424266865481,-91.04289997981222,-97.52709411521909,-94.83275380197091,-94.40915798720047,-99.06244940740139,-98.4601443623709,-93.15770667584772,-93.17025124783605,-96.51881242282876,-93.12455201496857,-96.96458334733056,-102.84560012334839,-96.16029755922072,-99.05068375813859,-99.30492453856677,-92.83396985107805,-94.86841289588142,-93.27391346837908,-96.00100438987586,-93.49520155479205,-99.19542335232703,-92.0093601624431,-100.2118627847119,-94.06102181411778,-95.21696700274515,-95.6704236701192,-94.5102239933178,-88.96874839733151,-93.6230887439134,-92.42287882757407,-93.37258426074634,-92.77815159252897,-92.61058092572028,-94.82570368282748,-96.42374554179268,-92.36913401905176,-98.53666567545952,-97.22699067525626,-95.00507911712585,-94.05947306136056,-97.73615470621426,-94.64892248203273,-95.09987904725129
2025-11-02T00:23:40,AP_5_112,5,112,Radar,5558.04164156525,20.0,0.17930856794936118,-120.72983897370867,-100.27105411492747,-100.05697150517948,-101.3054401773256,-102.49385558771951,-94.12946109664519,-96.75138429093053,-103.29040893246872,-106.78430792393303,-102.66163521773612,-102.9882326235065,-103.43592330589739,-95.35680254979431,-94.67413236715497,-94.55157878690896,-100.17654837852835,-95.52631710689077,-104.68244164651297,-102.29763507391426,-100.58321009632846,-96.18552251751245,-99.39331823220603,-98.96636418349973,-101.24362773755762,-89.50332004945872,-97.65025420656445,-92.88427892479017,-98.73023260818593,-91.22793985882362,-99.9113132659097,-97.28951926918351,-100.0946794962322,-102.26047073518397,-97.80348806279038,-99.51504510475982,-98.59372369391342,-102.79093263462231,-100.3602934341124,-104.8967292615664,-97.32533588820539,-101.84127537251152,-92.64021194011696,-98.36661729479309,-100.9298390851787,-94.94692994553566,-99.50929778880234,-96.3956235877444,-100.06171985632321,-100.34453115631246,-95.51468475181126,-101.09374732806769,-97.87307517581159,-103.93719107419358,-101.87399171973539,-98.03223896333434,-96.48049540650136,-98.2764871636551,-104.14520644608834,-101.73459751618513,-102.86617263500719,-99.33046658903747,-98.55982788044118,-101.05150513413967,-100.16187074797632,-99.68984444777851
2025-11-02T00:23:50,AP_5_112,5,112,wifi,5560.0,0.0,0.0,-103.83658246504747,-96.61598981169912,-96.1852916987841,-100.58584160828961,-97.53772412733316,-92.39190280648037,-96.30412021775243,-104.00165509780688,-97.07243664358145,-94.90199896158535,-96.12372142479114,-97.15842475251648,-95.19568230441267,-98.174108680506,-95.25777267707704,-96.80359797115379,-103.64057906616249,-93.53114804297238,-88.78898976258638,-98.3175294895973,-93.98372539537827,-100.97832396308374,-96.15986225300425,-99.47710067599445,-99.81926806680622,-100.35883372583419,-91.4124048009477,-97.4135717091952,-93.94482973484381,-93.83802860323361,-99.7272493382856,-92.34830000247443,-99.88517337275059,-96.37472695891306,-95.04641650361145,-95.27805124390616,-94.57416995128108,-97.50893701650624,-93.89371939334887,-93.94373192702828,-100.6286036041692,-96.65584578191053,-95.15670816635728,-97.38533320550147,-92.36497562231357,-94.8271436714567,-96.41846411988773,-99.2434273147341,-93.92441073711225,-101.35792228699049,-94.86878653421024,-95.18957419826009,-99.86288566725177,-96.90486939071558,-97.65422256504912,-96.41497553257365,-98.26124801772777,-102.27669071550555,-94.77848887641655,-97.56473915376418,-97.48265735034917,-93.3610797640841,-92.66519534541462,-94.10096687357353,-100.44169202076006
2025-11-02T00:24:00,AP_5_112,5,112,Radar,5569.00139205003,1.0,0.1786301462581446,-116.98861626681236,-98.48611513387682,-102.27528151060201,-95.1996325295493,-94.0122377800754,-103.64795973590772,-96.06683194614914,-98.52099050145466,-102.2916486967397,-98.16985593531139,-92.39595096404032,-97.00744082446887,-93.03786537153344,-103.38375477617329,-97.07169471923596,-98.23762734608499,-94.09115783726767,-96.31954132895237,-98.84495296909803,-101.955976094261,-95.31461890976115,-95.83547011280159,-97.10350962982076,-100.74725628175938,-102.03325930797246,-100.01521105412756,-98.31695737595325,-101.07669067215045,-100.53093915057433,-96.3962793010014,-95.24006099442448,-91.76392119250328,-98.40458995592083,-96.81401500651363,-101.66227491996078,-98.23161018366167,-102.85002633824931,-94.71138554156734,-99.5094975844279,-98.97334215804689,-95.94073768728235,-96.34220898135018,-92.31300472392033,-100.34931280350361,-100.4744040052656,-104.36151454187377,-98.79152303376988,-103.48668848401897,-95.05300686497819,-100.43143408820879,-97.6709118247786,-96.63249360705656,-99.88691549169219,-96.4174659936763,-99.60016877119169,-96.21574895829288,-97.26210350694667,-97.01462215138312,-99.19796734101352,-93.74355056124745,-97.2548066386511,-99.472041342398,-104.3736895283171,-96.90022555896722,-100.35938148075344
2025-11-02T00:24:10,AP_5_112,5,112,wifi,5560.0,0.0,0.0,-105.46317292561297,-96.30996394915907,-97.86060361796501,-92.06703235059216,-104.63247898233237,-99.84829289679718,-100.12346720970662,-98.27441256866534,-98.56013418636171,-97.00130428213919,-102.00729352469463,-94.88525216711838,-96.76959086878529,-100.74625200908426,-102.05325118453115,-100.99414191498695,-100.55631307740782,-97.64350380542518,-98.79402990413223,-99.74695683014347,-96.52161510631129,-100.42876818663254,-97.38248546465621,-97.60838167729523,-98.19730348564188,-98.30537236302004,-98.42408720920022,-100.46671995921766,-98.38947053419456,-99.4148636577131,-96.07411278741877,-97.08360680976058,-99.96704505510074,-92.12370539735721,-93.57344853340649,-97.02627859083931,-99.64540243432435,-102.58670505770053,-98.67354608888463,-101.38816993504413,-97.4492628746979,-99.09092253530333,-93.92286535863666,-94.61505654806413,-100.44930164332293,-99.01008613516314,-95.94065301768339,-95.9611547751945,-98.7457614276046,-95.03322308122182,-98.95121444616832,-93.78795024493233,-100.8629826244161,-95.21288291169157,-97.51487157908313,-100.50057297751351,-98.2812727292389,-93.24720437350686,-98.96339865162554,-98.44305680030672,-100.30624366200911,-94.56218383848994,-99.132876148412,-92.60081820118468,-101.80868538108282
2025-11-02T00:24:20,AP_5_112,5,112,wifi,5560.0,0.0,0.0,-107.37878988168306,-100.32618655674453,-98.19044326547439,-100.82571689436448,-96.48678733908028,-100.52610697095302,-100.55058562893275,-101.5385054472499,-100.12436901124092,-98.48454492756271,-101.50784389126571,-99.6205544898094,-98.59295926839107,-101.10036271557433,-100.8478174337876,-98.81045981198675,-97.95579598694889,-94.4835759129478,-103.6746058767187,-102.88629964662324,-97.07492775650417,-95.4289873953419,-95.71653037047453,-97.58308553351937,-96.2214485893414,-102.9433956356242,-104.04404006172767,-101.15017219277884,-100.42297471100736,-97.04738661201831,-101.65176393492747,-98.8560140768511,-96.96121782112074,-102.97821761478086,-102.6131769211052,-102.828101373689,-93.74604326262265,-99.8278008968939,-95.82833264356461,-97.8572039541797,-101.41226632323037,-100.35370509691788,-96.18905380095187,-95.690509931892,-95.7384285378664,-102.23827047509431,-101.0222230699564,-96.75955363399378,-96.94441977258177,-104.40114000389883,-97.3031763547754,-99.6016509213212,-97.98334347999726,-96.10600639131737,-99.69299741693607,-99.677372461123,-99.76534629145328,-103.60400323974277,-101.01734142158116,-103.51857913342695,-98.41399059343262,-97.53662629609516,-105.57398359799791,-96.71872006743064,-100.8025330430455
2025-11-02T00:24:30,AP_5_112,5,112,wifi,5560.0,0.0,0.0,-105.13392517373434,-93.4602520179788,-94.56354017525167,-97.64660534685692,-97.81707882316205,-99.08192017262309,-104.20139603106932,-101.73946868447416,-97.38806360428491,-91.86230722005713,-99.04989250083385,-97.29625272603509,-100.56546966741372,-101.12850256912728,-99.53039177161278,-97.7967929267167,-99.01496714352162,-98.08251758980464,-93.35811173202,-101.16272258205673,-95.11874744836334,-94.13482539432572,-94.9555615284768,-101.47357785381477,-97.8390053555645,-98.83578302442388,-96.86146899221936,-103.00974792278029,-94.11801023064207,-100.19867862619738,-105.82301842579479,-98.62023100137932,-101.68509669058477,-93.84482451367586,-100.96465812750859,-99.01692630084779,-103.16274819477701,-96.06231852675614,-92.09475665397848,-98.62630112448456,-97.43535961642547,-100.35112434423948,-101.12899387842991,-100.92100914258928,-97.98178283934418,-96.35545542030235,-101.31505009775714,-99.2834318569052,-94.40449724657573,-99.49610433792087,-100.24919721129243,-95.42559066121274,-99.23705038047189,-97.27522653392919,-95.4103940955171,-99.97868141952934,-101.40788777389383,-97.42145716466919,-98.16673178202561,-94.26115357449588,-94.67699691232554,-100.0942690373605,-98.01178821880077,-95.4699362046721,-100.0558770797757
2025-11-02T00:24:40,AP_5_112,5,112,wifi,5560.0,0.0,0.0,-104.46730697922612,-96.0855123729787,-97.13982209068217,-96.45631963223028,-99.86697935960797,-97.22010063874451,-94.96012223532975,-103.03346173296981,-96.31291498265072,-90.62872751858806,-88.49406259926046,-99.78724018900884,-94.35345591778183,-101.24826378903795,-93.23805216000132,-99.61279737677008,-94.45738553919394,-95.33397992700495,-101.51613561839753,-103.41964984523216,-96.75570909077207,-96.58883391102727,-102.11468775264574,-98.96975208550035,-100.02092146255094,-96.06552254701725,-95.45812935554122,-99.55834322816568,-99.43698053374143,-98.73400925067406,-99.37394440548292,-93.32860424554546,-96.80102125597662,-98.86080906038747,-95.29466015994738,-99.56944400526127,-98.90694396884348,-99.02711837421512,-102.00050854320179,-98.25994880873637,-101.79821142373275,-98.29851617947504,-97.2518059085411,-95.91613874638216,-93.91273353473547,-98.096221368486,-96.93350687799028,-98.98750101009644,-99.13282014938999,-93.40734347091112,-99.86793676455515,-97.51648472193655,-98.00620334077475,-96.28874686356318,-98.01321637659174,-95.30595546567174,-100.27527358734773,-98.35103209314875,-97.20189368409542,-92.40578188059162,-95.59741773291344,-98.31858040918567,-99.60573787792778,-93.79958460749994,-99.18491382626817
2025-11-02T00:24:50,AP_5_112,5,112,Radar,5561.373949825755,10.0,0.10809243601739583,-120.11459482750719,-102.62160712269491,-99.41207412697659,-98.90041333827273,-96.7616908753484,-98.42290075953541,-97.8197205541553,-98.13016919553674,-94.39009185509309,-95.02857252398954,-99.78087779722301,-100.59478653423331,-94.89939705704194,-104.88509237369134,-98.62647300709318,-96.69506170734586,-103.86374258176069,-102.24738652254136,-98.66117410080953,-92.71059665890337,-99.86890782929062,-95.35669187793424,-93.90016329241068,-97.31815574115049,-93.49355451447602,-94.86840590023132,-96.33478426785574,-94.6538417436418,-93.70599256840264,-93.60257242300139,-100.3028269897037,-96.9907941195371,-102.1456814682196,-99.14832001967494,-94.78519025382424,-97.93294508410345,-101.0168129630552,-99.07833993037822,-94.00244272457941,-97.42511987177757,-95.62744628940585,-100.25202656560322,-98.26672935404999,-98.76302878076272,-100.5199523071812,-98.98047295187452,-98.72184652074522,-101.21059598973463,-96.44865397325259,-93.63551918848812,-99.9963355201111,-96.61687935808055,-95.79516636815832,-92.21547331741928,-101.93432843168564,-101.15445284965548,-101.27761641512427,-97.71648392759177,-96.45316080345826,-103.06594782447286,-100.56710680727286,-99.18187320185142,-97.58371593346995,-99.18479766222652,-99.18504032349591
2025-11-02T00:25:00,AP_5_112,5,112,wifi,5560.0,0.0,0.0,-102.65747045373712,-97.81533754392788,-99.36719757709868,-94.25866331558655,-97.48357413415216,-95.3650851574454,-97.78896965701779,-95.04305173105601,-96.24909565890654,-98.8505962416403,-93.2392310968578,-92.38114331623505,-98.32369776839481,-94.2386233444222,-97.03135887527053,-101.49572445302002,-92.8819455072768,-94.13854482097511,-100.27153684899598,-100.41433083053921,-95.92616169447726,-96.93191491453958,-94.83714410478913,-94.29120299052659,-98.7992253307741,-101.53619817015449,-92.25720042948471,-92.35069043513752,-92.65043662850216,-97.32282713619757,-92.8474976564824,-102.110047953319,-92.31405813224382,-91.00604224718515,-96.5899658758956,-100.33290628918212,-97.24665241101457,-97.30802174148546,-97.66828535373197,-100.342510112015,-101.89571204803741,-94.89082624867679,-89.37104008270566,-94.68633377514371,-95.81829056056891,-90.75061997205589,-95.56674981112901,-95.44910796229289,-100.526205837193,-95.36751905394945,-98.60314424299932,-97.86696979414336,-95.46383294859544,-99.85049281927381,-94.40530016059049,-97.27819389000406,-95.34499095282966,-91.93462950224801,-96.58382804000466,-90.75452551577581,-94.95741989410094,-89.90101901485798,-93.42427884723531,-99.4832866578332,-94.69568864529654
2025-11-02T00:25:10,AP_5_112,5,112,wifi,5560.0,0.0,0.0,-106.12440314039513,-100.52518646443605,-97.02376998409801,-94.63270038847418,-97.32549969700274,-98.1820757650958,-103.34737916159466,-96.4016224782577,-103.93780343909543,-98.60233557363125,-97.92588930531394,-97.83892547154105,-101.70814038992152,-100.33970630308599,-100.21111757565761,-101.50772335063967,-99.2500176837812,-102.18682940241312,-99.46089716615117,-98.84588539720461,-98.67732175182067,-93.45299417697329,-101.55563015895761,-102.07392130657588,-97.53711423813786,-95.46202886739178,-96.62006082657398,-99.18969807142102,-102.17353547688269,-104.57577957461123,-99.08632214009744,-98.84528929025974,-100.28595260296363,-92.63086597142967,-100.47408781340044,-98.68355390765221,-101.86804289868851,-94.49852600530556,-99.64742955372965,-98.2673541179422,-100.49270068518663,-98.80978947970904,-102.51200009727415,-98.86118437240943,-96.90885375744607,-99.4644527425842,-103.12542061963548,-99.19890386959175,-94.72234501244965,-100.07741333346088,-101.4454109179681,-101.08516488169384,-101.72958464366779,-97.52407372688926,-97.58374921404108,-94.66776099567458,-96.45830441640726,-98.72378203517923,-95.42881174678027,-105.0062238783558,-99.46272615785743,-93.69631554969116,-97.66514315505177,-97.82135800970747,-104.00826240100123
2025-11-02T00:25:20,AP_5_112,5,112,wifi,5560.0,0.0,0.0,-105.68475862441416,-98.61996918768959,-96.08063628006506,-103.95402964833453,-98.99131891082534,-104.12806661287112,-99.8663543146799,-99.30517631151919,-99.70072769701893,-100.46328226282412,-99.27719262828977,-99.01077999849815,-98.01554656960842,-97.67828951284747,-104.2358301636201,-95.60853857090025,-95.78273913676126,-97.86222043240414,-96.42741404560036,-96.35031212612435,-100.16283603628844,-91.52370363989309,-103.96847616228796,-100.43645744079092,-98.77048780998572,-94.91809458590117,-98.94737809379431,-96.38878893807286,-95.54985523305733,-103.77474002273891,-92.98025232074544,-102.13452675435461,-98.22608848411433,-102.19138102216684,-103.77894275570726,-101.34827168054238,-102.72026505842044,-99.22464557649681,-100.170091130347,-95.9316136563719,-94.54736539617402,-90.3898085398047,-98.5886042694288,-103.73901488179223,-95.5875887570605,-98.79512030642044,-91.45798798864298,-94.53857574255542,-102.85763330757729,-100.54643357399036,-105.81031060640653,-101.10383461848961,-99.76188492103047,-94.86237025147683,-103.63066863074485,-98.87975544458699,-101.33053597608387,-94.71070910691667,-96.65247454540867,-99.7191560144662,-97.63281347329965,-97.18554893412484,-94.68991234801973,-100.43465086796012,-103.1759233567402
2025-11-02T00:25:30,AP_5_112,5,112,Radar,5551.439193722355,10.0,0.11356869825661475,-104.25770379970305,-96.77508613591337,-91.6712139537358,-102.84372873709887,-96.19584768063143,-94.57937054316977,-98.7693299162339,-94.8857826010294,-96.77239614422554,-91.80443414979986,-95.63407416173926,-105.45291754743816,-98.80792585090126,-99.16771209104228,-100.8520371520799,-98.79425049389481,-90.69567087909766,-98.4485060751415,-97.3260280143974,-100.59033359753455,-99.06571715559343,-98.60636382444086,-95.070500280599,-96.61718728536549,-96.38170296178616,-101.38511962877365,-99.30360246930242,-96.20930194389257,-100.25353145204762,-94.56978388761527,-98.85513029421475,-93.36200649862879,-97.17723698172945,-100.52248830429897,-94.89321503550097,-91.06207289067288,-97.30019251160296,-97.82459325517434,-96.0525355296386,-95.72603903259329,-99.67503378483303,-99.23344367371426,-95.86204119027158,-99.00393812344088,-97.46713440376378,-103.1070253357358,-102.46538770367673,-98.73965719799735,-97.56783180584087,-94.02773631010051,-98.09500469167847,-96.88543719750103,-97.88241431771796,-103.14690009449414,-96.96189961474266,-93.0131310636421,-92.44092473918464,-94.33453358586956,-94.32805382708595,-94.7188509589833,-96.33198289939016,-102.63321475890527,-97.07208443724882,-90.44006422670837,-92.2849377454098
2025-11-02T00:25:40,AP_5_112,5,112,wifi,5560.0,0.0,0.0,-105.03327451335628,-99.13652187175757,-100.8247321204958,-93.00613114842078,-96.02391024616239,-94.44089368759994,-103.5316841213942,-94.84636908928381,-91.63893878336575,-98.55973080436296,-103.53271024539488,-95.22898808289943,-94.97274848538862,-96.06057091336079,-98.78923036794693,-99.50301640728402,-96.13682317928739,-90.26942741975387,-100.66444614941094,-98.77138803010676,-92.83375122219391,-94.78198190460608,-97.52675076032568,-98.97857420403727,-98.44936689131208,-101.48380950857917,-97.5527793228755,-96.57745590158693,-98.47542884313673,-99.56289348953533,-101.32024961693963,-96.2277999632092,-100.01254858819168,-93.59520395610895,-95.26714832317289,-104.72665210956174,-98.74589197689224,-100.5953498534088,-106.17102922334732,-95.60889689229644,-97.94373174584288,-93.52601951967698,-96.63554325320091,-98.77757163566406,-92.35270599003418,-97.78012269493478,-92.267460532477,-95.61112945054556,-99.04427160634376,-99.15977010282808,-97.73542473269482,-95.73522330686843,-97.47553594001701,-97.45193750720262,-101.72288349945103,-96.81954694459986,-93.8684052598653,-95.150542683186,-99.55619419365706,-95.86808467214072,-99.76409196695698,-93.79121887024485,-96.8476525244369,-95.66033389184022,-101.90883238812276
2025-11-02T00:25:50,AP_5_112,5,112,wifi,5560.0,0.0,0.0,-103.68673214446704,-99.08266937733953,-97.5081692875014,-98.96849207813561,-99.75036816078781,-101.66591281783761,-98.85454377955092,-94.4831938125678,-101.98108506958647,-95.81980327022974,-94.50737017849164,-94.37406721382864,-100.00376845945597,-97.63894542720243,-88.27052440927477,-95.33324941340386,-101.95046167961938,-97.98954964780269,-101.59515336150653,-100.17940419017104,-102.59653157350034,-96.6791074597974,-95.03147244568713,-96.98323026460088,-99.57454336504789,-95.71213514459757,-96.72198083076613,-97.96923853855195,-97.87550670767567,-95.66432539930946,-92.52490720688152,-95.77805070498394,-92.35959369808899,-94.17256989627917,-96.16303199032731,-97.51073162748521,-98.07183790129761,-90.84117550924555,-98.4347539518017,-91.33361961780348,-103.21252748303195,-96.76363244411225,-103.93032233398577,-92.40079059490736,-103.38567554542634,-95.32276334421819,-99.01478494893533,-99.7000617617442,-91.87980873770105,-94.7856796206472,-98.8053192522051,-97.9143080100449,-96.57192315736269,-94.88504374884954,-96.64755313781053,-99.11818424208428,-103.15067947360139,-96.49263556602949,-96.57613799744308,-98.0225561996364,-97.05465898049461,-99.639254584267,-97.89287045714333,-96.2600072325631,-98.16183517957676
2025-11-02T00:26:00,AP_5_112,5,112,wifi,5560.0,0.0,0.0,-103.14936623937673,-95.53033203776124,-93.44642052206987,-94.86122918390645,-95.52513389560232,-95.09869528749753,-87.93865609839268,-98.39846006662044,-100.52266512542958,-93.05912343896836,-102.14650884669419,-95.84765097970782,-94.8337178729933,-97.10011166023864,-94.688552976319,-94.19040258030539,-93.47384394833817,-94.15270615046012,-101.53860590719168,-96.38026393243501,-98.93969008054916,-94.08540056743921,-93.84311018308657,-102.56341612745061,-100.22096062506822,-95.99347692931488,-99.03946432588657,-92.14836604653418,-97.26148049112447,-92.31201885772927,-95.36125756848344,-95.04857525040477,-97.91101336134466,-97.48975710384201,-102.36698241986137,-94.93683155735486,-96.42724757832693,-102.92581330533021,-94.36296407299658,-97.49557698337667,-99.59421680192206,-96.22547553611001,-91.1977395072196,-99.82975011614208,-100.56284551223968,-99.81094133766618,-95.93083148434904,-92.21457677708881,-97.15611397183716,-93.84868370124153,-96.25785646856292,-92.90139795441384,-101.2920541420177,-96.64711317947086,-94.81100166409136,-98.81196704773777,-97.06447271980323,-93.22189043096722,-95.66219643877518,-96.47971508795746,-99.71834121570076,-98.27451778323719,-103.2106412948989,-92.9013093090623,-95.96160199197082
2025-11-02T00:26:10,AP_5_112,5,112,wifi,5560.0,0.0,0.0,-104.53340878473558,-98.18309991059265,-93.78814654537345,-95.12848023867741,-100.07025926330319,-100.8669475957239,-95.78097146719794,-95.92943671604397,-93.53396139169953,-101.07950881688284,-97.96659442204452,-99.30487426687044,-101.28776680127527,-98.35289864464603,-92.1132524834265,-98.0577683617972,-104.76653333403135,-96.98644154803694,-99.19629245180056,-95.70179025104035,-94.16486969673944,-97.22062996996583,-99.98108950676597,-88.15488819055966,-99.87336983246244,-89.63501918710914,-98.74940065836182,-98.50705150391838,-92.54781394457251,-96.3030523700196,-96.20185622706528,-103.50175637222172,-97.42211439744067,-99.50175324457003,-91.88807597961264,-96.44659600576458,-97.1798481140145,-96.5595826970198,-102.12378974690019,-97.88074115171189,-99.34148459714505,-95.23052710141398,-99.41211327914513,-100.40025621754884,-97.74912163282058,-99.95755781821711,-95.44959057046842,-96.77764300083432,-95.70835349724572,-91.94209473793958,-94.18767218864127,-94.09550004809302,-96.86053383508252,-98.25001821191101,-97.23300656163642,-96.44076951031397,-95.20617866624988,-94.0073730529787,-94.0968040439208,-98.69456847714169,-95.94143135390192,-100.39279929126437,-94.38957012481254,-93.61878904406561,-94.62305152057155
2025-11-02T00:26:20,AP_5_112,5,112,Microwave,5586.810042381676,7.776069680325849,0.25400729353765594,-131.1871227245333,-94.7949764622529,-96.27831915804451,-97.66916870982983,-101.7342408221738,-103.18610397336383,-100.05960338002558,-95.808195132307,-100.05762465383103,-94.4693427441375,-93.39950907314196,-102.59842085484162,-100.01425240939267,-100.69617309868404,-99.95152013167714,-102.01582185406112,-97.41650554147527,-98.79913507485607,-96.88132428044491,-96.38152107827936,-96.52564213015746,-94.57156313255632,-95.88988454164523,-94.05769925048851,-96.445653589714,-100.54931624699256,-95.62826000301713,-100.77096531026834,-99.53317081668715,-99.41582560905819,-101.20067452948716,-101.59335532786167,-92.57044862413075,-102.09573134967445,-95.86762532059743,-102.1611649472963,-96.80611501340302,-95.36003232831334,-100.68892282317428,-95.96028500795784,-96.53503919912526,-99.07765755613329,-102.86714787187887,-99.72750409296286,-97.78155610300088,-100.95426579530738,-98.08857678058038,-97.45599143472893,-95.30984083296246,-99.65156095349529,-101.07461460954997,-93.84273102464681,-100.3564927482135,-96.06457767959934,-100.08041002110427,-101.525145379179,-96.30863857292165,-95.80661476153622,-98.72872610727882,-91.76660768642608,-94.52037293044133,-102.34301016657143,-98.56083590193543,-98.28335455463386,-100.00243343364103
2025-11-02T00:26:30,AP_5_112,5,112,Radar,5554.421169367322,10.0,0.050046459172498343,-93.57335578390092,-99.0647860129682,-97.63629971901115,-97.60900990568895,-104.50676610931932,-98.50644357155926,-98.82123548689069,-100.39825395318537,-102.03915649583944,-102.6660263550233,-98.13909858866259,-98.60823305738481,-100.87113006880276,-100.98145596312524,-101.72413747272248,-103.41602494562323,-103.78497403096908,-102.4671925394578,-97.5532044837623,-99.0202765542875,-106.14630152145854,-101.10322394318347,-97.03438969218506,-96.42401406375366,-95.02401254700017,-100.03241401538166,-95.25481967943793,-92.77217763114392,-98.27362144207693,-101.42092822824124,-94.77962247127421,-98.67460612583632,-104.3580380457586,-95.0691727844534,-91.86068842476692,-101.98734858602174,-98.86246216788572,-97.81754452928683,-95.63553122652145,-96.52648720852932,-98.43793041490933,-96.23612079633982,-92.77853238148236,-98.73121355225597,-99.80727959007719,-97.29060948786346,-97.77414547771677,-98.54939507107203,-96.88237395882327,-94.58864308777795,-98.21138143698899,-99.48266073690303,-100.28445677141414,-93.4488066809014,-94.38103150414364,-97.57001222497901,-97.90041352240773,-97.25972548052407,-99.64645202427785,-101.33052179314532,-96.46777780885522,-97.37018058867666,-98.60629267219255,-100.56496475823839,-96.64884985670045
2025-11-02T00:26:40,AP_5_112,5,112,Microwave,5562.446221643469,1.2882548515578351,0.15112361453851825,-104.55208550957452,-100.58182527043618,-100.40178711329085,-96.27940899329174,-96.71920611076446,-94.16022018266108,-95.60187024589852,-99.02774124560008,-102.38683311729416,-96.4128930690592,-98.24696619178204,-95.76506983467144,-94.98956391251387,-96.30715311225265,-97.37983982404312,-98.2736059830721,-91.77724796150791,-96.47694850351708,-94.52018939230656,-100.07607432244811,-97.93841695863689,-103.31583677909698,-100.21610212395059,-99.46470830438037,-100.5354156686347,-100.53592869391933,-97.29677540509542,-95.63184897471977,-98.83444054771633,-95.77868848802851,-98.89002628550185,-100.49807436075548,-95.2061453258775,-96.35354188442128,-92.37335550834428,-93.69071093892374,-97.86046226465054,-96.6841396779711,-103.06960643483538,-100.06980970737742,-103.89148025522606,-95.90178451646638,-94.10200500327848,-95.18944060757546,-94.04540436054087,-95.36011053030501,-95.60764241008619,-95.60748729783144,-97.16114358191233,-103.1175213552367,-96.4474463879897,-92.64519234586054,-101.4916694832017,-97.52755194836378,-97.58432805833782,-101.21414990931058,-101.16119404914463,-98.08497165840467,-93.89868211826298,-94.18461590496848,-95.30461129935809,-96.3515726464714,-98.26840023204993,-97.81740317751417,-99.51400813223171
2025-11-02T00:26:50,AP_5_112,5,112,Microwave,5582.292150179077,4.584007383828032,0.5952862179393588,-131.6069304603783,-96.57405233810033,-95.90551544760406,-98.4900224277723,-97.5427149910266,-95.89047921133658,-98.19797339014568,-90.78224696442696,-94.70986273264688,-93.61889423277752,-94.54354465573698,-95.5906947487964,-95.2841343690269,-98.45265572496572,-98.22055982676211,-97.39519768323193,-95.63159960838861,-94.12348832530016,-87.84308746354203,-95.40615369941695,-96.9378178500923,-96.7803031347639,-92.85427424108906,-98.94695347731727,-96.50985895615072,-96.20233848580105,-95.06648393035454,-91.48630738791866,-90.84737869856855,-102.22604128776803,-97.62042646895902,-96.7964376761074,-92.1784060245368,-97.33503538477245,-96.1489807003581,-95.03590139086778,-101.38230433432712,-93.91716238760249,-94.37334911796978,-95.33533014060737,-100.53372407252955,-94.86741108651648,-94.93846146449548,-95.70751071581537,-94.87909561273698,-97.60022411233498,-91.51923962588808,-97.81823023237375,-96.89246291937378,-97.64722026247327,-93.18627554725012,-97.60874570071114,-92.0392761424797,-92.3111823343964,-94.63377508449568,-94.83765014071653,-96.36666029246403,-97.75333423233606,-92.48496037112777,-95.70326450353366,-91.93302696255125,-104.24607799216675,-98.53050901631737,-101.20876257232852,-96.66138255706281
2025-11-02T00:27:00,AP_5_112,5,112,Radar,5567.68865044485,20.0,0.12099767600243319,-102.47444298105655,-101.2751763032398,-99.05834013211239,-102.49180949049128,-100.01659767059921,-97.38711641787593,-102.5120182850624,-101.56815394035792,-99.25371555928832,-96.27155737146066,-102.81402804449068,-99.61602589060874,-96.00461933995496,-98.7446345012486,-93.30032493569959,-101.67490128492648,-95.8232660067301,-97.80500012758893,-98.2563157283059,-95.50060764193412,-94.37224014679542,-100.54514849288103,-100.03428886095173,-98.96882849917222,-100.82416865002358,-99.39884994594412,-97.41399733557154,-100.79313423987556,-97.00135392769533,-94.31263576464877,-100.28582037766287,-95.0131333419372,-97.73461609842543,-94.47932191874443,-98.57306394793488,-98.8598746953615,-92.1562762075006,-105.29834793642141,-101.83994132277037,-98.34135178712225,-104.36086215075714,-104.15377006534175,-94.63660904622839,-97.21977399803124,-94.46905023687779,-96.82980966722342,-102.39191099390925,-98.69866257299228,-98.01082874640231,-92.69504324062578,-104.63543044793127,-100.91061377659827,-99.05508694070242,-99.60711296885411,-100.95073327085844,-99.3745204167245,-96.65650294679956,-94.63563723096611,-94.36446609922515,-100.12929367761411,-94.50032422020583,-94.11803877419382,-100.80227326937865,-96.0787931619505,-103.78118730397667
2025-11-02T00:27:10,AP_5_112,5,112,Microwave,5572.54232046019,3.5444110617246722,0.20898243922758275,-107.88089838848423,-94.50213014210391,-99.35715703035277,-95.00614939780483,-97.63635070326244,-99.74060261282973,-94.61135486466141,-95.40656891395446,-93.75268589275903,-100.14850517474703,-94.76366159181167,-100.18572755889558,-96.37244147576045,-94.28369288237892,-98.34734940431179,-96.29227835365181,-98.84934547094477,-98.46256234174248,-106.35651687121883,-96.83775082352973,-91.39897886997672,-104.00617480013315,-97.75430287654054,-93.89295504393606,-97.1344997461037,-97.30113059172125,-95.61929844145516,-99.06697297948725,-93.28942461835453,-93.54682750416242,-97.18328694996701,-101.10196206566667,-95.00313018565727,-96.20164769250749,-97.24524763086285,-98.06636161664245,-98.27143748985735,-99.30333706086888,-91.0656562917368,-99.18811903794452,-94.58310385338216,-94.75424689652912,-99.8362272122211,-100.84440614599407,-98.39437099275155,-96.1931902196445,-97.60648910807627,-96.69777664223018,-96.47747274191008,-100.00751210257796,-93.50734630699829,-94.83293587760868,-100.86143109736733,-96.4170786824368,-92.23866645887335,-99.86602666122648,-95.99889737929368,-98.41546949887318,-99.76559639086152,-95.93633652213737,-100.95817799250302,-100.72117597586059,-94.97994177638958,-100.11242161747666,-96.65740043002222
2025-11-02T00:27:20,AP_5_112,5,112,Microwave,5579.558398239482,1.7730769352487514,0.3961917804002166,-119.8572870407494,-98.644476391878,-96.12377886896566,-96.19182816671861,-97.20317866643045,-100.81741832197771,-98.01161506586412,-101.9438618063191,-97.90300654887797,-89.86324439894067,-96.94874114668943,-94.55703992312363,-94.04573351713643,-93.60499597665019,-95.24524628664619,-96.27583650423195,-96.88698887567999,-102.25963784915905,-95.82156091679829,-95.1148175160967,-94.03237152966389,-94.84008728899563,-93.92075790239524,-97.96567809949464,-97.24443275732794,-99.2371502178777,-97.8745349004118,-95.66210835353898,-94.30630731667215,-89.29366232455537,-93.6869254132914,-97.01239055195687,-93.25807602667722,-92.61399795426901,-92.9933225156121,-89.73237008058636,-94.8496892917753,-94.65883692407833,-101.98870940767365,-98.06493631690981,-95.44915543089303,-99.26925406029747,-98.35674590894102,-94.54214836414107,-91.54284990854454,-95.54534048367174,-93.77691336209911,-96.54484203454798,-96.42934736698753,-97.0920032123729,-99.66742290742907,-98.4283829089744,-95.67590495203619,-96.07723241184226,-95.1240535049494,-92.94615436520446,-95.26216506372776,-98.70539322655151,-97.57301720904127,-97.99856989921945,-98.52470197554567,-89.72399115212525,-95.61181272543523,-95.78782407682549,-99.13094290903463
2025-11-02T00:27:30,AP_5_112,5,112,Microwave,5572.564279363161,16.854441568556375,0.764322784762482,-125.79746681488177,-96.3693185033913,-92.97077178841744,-95.72246646804078,-95.88964120561612,-96.25098544092782,-96.6497443591144,-96.76482760958679,-96.7619231755304,-95.34298040652187,-97.21937139697584,-97.19353701336887,-96.01445343174807,-100.30837912409044,-100.19851624937353,-96.37158744271021,-94.25708712617731,-96.34528449312296,-93.94016495968847,-94.45951380890095,-98.14677633773432,-99.67066103566574,-94.08913052880081,-95.71871976237495,-98.85788686115382,-96.95510486635794,-96.1482897822751,-101.65544667884606,-98.5415238524832,-97.89971519540505,-100.73848530991556,-96.74839553453108,-95.76045553167955,-94.7967826864029,-95.7064177995266,-93.22918280126368,-94.8230738233949,-95.96202445596424,-95.08926166590585,-94.68587744697592,-94.43462677575494,-94.3280786781732,-93.25814890796185,-95.92477672707199,-93.4776667885575,-94.32315766170908,-94.93844968808591,-97.12365008715379,-95.59984014556959,-96.77526164059279,-89.33187382148178,-95.84927463011446,-95.5553693695378,-92.2821289750218,-96.62775638344337,-98.65552078580245,-101.37234899131205,-92.92912969539309,-94.42855714875836,-91.01061022492354,-96.60291647685995,-87.93380521679771,-96.70221354147608,-94.41748107950998,-95.84908182684612
2025-11-02T00:27:40,AP_5_112,5,112,Microwave,5578.402814998987,6.027473716343707,0.10029852679957148,-113.96616708257724,-97.31818045238121,-97.51227780371057,-98.87944512213784,-97.1674434821602,-98.29917603540419,-98.74226023197157,-93.6675807327667,-94.15854558273777,-95.56591591715016,-102.75514808203721,-98.15995250065957,-97.8607429630641,-95.81490390898966,-96.52450163213456,-99.77702633936013,-103.05786320728235,-93.80393068137973,-100.59355341065424,-94.38891936817697,-97.70547867737812,-102.63827170314353,-99.66392510440905,-96.61540515306966,-96.31403313544138,-99.49181445950649,-95.26466181974205,-100.48671165501567,-95.33504228380926,-97.11268955074443,-97.05902009411075,-94.06893187356607,-102.09466924323966,-98.58336067905246,-96.42933069953044,-98.98187254863642,-98.24942614117049,-103.10828435163984,-98.83320289863892,-97.05629691248987,-102.4574721563354,-91.85740855179641,-97.7253338517357,-105.02596267938223,-97.62983028751836,-98.98352094237416,-92.61623083909686,-100.71644433663712,-99.68395776179324,-93.31708317727565,-97.44150254182051,-101.06984332595991,-94.16365200513697,-97.01162915419555,-88.69692547992558,-92.24633774754855,-100.67733608233239,-96.2549183216635,-88.63090308681024,-100.19982826779963,-99.28323734952833,-93.81166866005296,-96.27163917995507,-101.20282802650564,-99.94568942775948
2025-11-02T00:27:50,AP_5_112,5,112,Radar,5563.5413115426445,10.0,0.16990144509833,-105.44906722986013,-94.94703761634614,-93.98615540680916,-95.39961352971231,-95.45079018886699,-99.35050524675675,-95.01191085135717,-97.82706003352305,-98.59651959082434,-97.38166414703473,-97.86751575584374,-105.66810936833559,-103.65770851971396,-98.79099202625405,-98.10773142966896,-97.01833111987771,-97.52693596646299,-93.63501732958822,-99.62041171298681,-102.44541275598561,-94.73231930928125,-102.00996142184833,-97.03059636755393,-99.34053750799323,-95.89270024786401,-97.78860934338681,-98.87178782992974,-89.17813267641435,-99.67134874359508,-96.0482607568608,-95.51892989862357,-96.94356771134527,-103.31058435901058,-96.75315326058973,-101.34565342312291,-94.5115704955663,-100.58381904310349,-98.14561210227993,-90.2424682373768,-95.15363357179656,-95.02141965863818,-90.2215607701409,-88.8228483456176,-94.51995212519218,-96.36633649536768,-98.71785709559005,-100.68330602448506,-98.32595017745948,-91.3367251851107,-95.59640756708013,-99.05791877044912,-94.76250776452349,-96.27887131796138,-97.03384694226654,-98.61464074834043,-95.7243140947729,-95.77961523294776,-96.35195648167284,-96.15650037727465,-99.52174329159418,-99.8596684276784,-99.12467909366315,-101.19997997082173,-95.41228280390105,-98.64392924498624
2025-11-02T00:28:00,AP_5_112,5,112,Radar,5551.648092010919,20.0,0.12935905486223861,-106.14092498864233,-100.56234437434627,-97.42997612235423,-96.16185807825363,-98.0533667014914,-103.04360220288783,-98.88369585530926,-95.50905513363278,-97.85848565067528,-92.92937282666583,-94.1483501678946,-100.43311063782998,-91.65647044650188,-96.80646780141753,-100.03428596764016,-93.22686425354208,-93.1700917517755,-94.2363970816372,-91.87998023214931,-95.01499843281236,-101.21905475199823,-99.91857929013248,-94.67650526553716,-96.47773367372758,-100.41694343672796,-94.22435611370189,-90.89036519848987,-97.9310097519321,-96.08354846365934,-91.77072676627625,-96.30569083693723,-100.2868145401201,-100.27102214608395,-98.59494287333752,-102.90482384544343,-94.6539506602828,-103.39133449114372,-101.47995823963916,-100.94259010894723,-99.70174377225173,-100.53653868316025,-101.60527249861029,-95.64421787257545,-91.78024448367499,-95.15009073610085,-95.1519878815257,-93.65877766083791,-94.55493797646554,-103.63702127513153,-100.4179918330288,-100.01767513523443,-93.6177654376767,-96.68959028660286,-98.43273596718382,-98.80763901855872,-101.12794602603205,-97.38234364749569,-92.99322427910417,-96.69189595913208,-98.83658983042045,-95.8672375563052,-100.87398445358964,-101.0463198992589,-100.72091725676908,-98.18647311076755
2025-11-02T00:28:10,AP_5_112,5,112,Microwave,5550.075286365746,12.035436329105718,0.3389101083165769,-115.45516001486203,-96.36391468472597,-101.10931804457951,-95.89836314052765,-95.83977249854848,-94.86943822600449,-94.71426423522857,-94.25043592366231,-96.98893288631096,-93.35136637012877,-92.62039968540645,-96.60384680965608,-93.48302750266188,-95.65720286335693,-97.41614509084715,-99.35245058798031,-94.62994455397086,-96.64317693079572,-94.72714700367983,-99.59024850551022,-98.78792475920426,-96.67533544652024,-100.33352192612793,-99.40179169839828,-102.11758880314146,-95.48260324118577,-95.04904752159091,-96.51267850591313,-98.01889326147995,-101.36607672987833,-96.50707126195815,-96.03067470301308,-94.36151099810856,-103.71560442171324,-95.72989583708062,-97.82839914258984,-97.97096041436053,-92.88170862799583,-97.7175130287283,-103.51404802688008,-104.17040275716204,-95.9117671907709,-96.5878868739597,-94.0088388534522,-95.55745717282275,-94.90034267830565,-98.41982745050782,-95.82449863835784,-94.08333081912453,-100.20593126820056,-88.87975358449646,-97.89440840387557,-100.02594125147579,-95.9081315675732,-99.18102442828327,-96.26435276132679,-94.60373127299543,-98.22935821843298,-101.046224996413,-92.51269806703036,-92.95020784187656,-101.52315615370168,-99.77723791370448,-95.72066818267085,-99.28850470712722
2025-11-02T00:28:20,AP_5_112,5,112,Radar,5563.504672527843,5.0,0.061017213833172074,-113.23078282117694,-99.73679528816403,-96.39477158717543,-97.84362566316035,-94.97164841831203,-98.1965021117654,-95.48491826906674,-96.35348016926996,-95.09063807029348,-90.58573609374909,-96.50413822427588,-95.73189946375389,-95.26318669942395,-97.24082194665809,-97.14236397268945,-94.62217622786785,-94.62285578586761,-92.42692501647814,-92.09609159549508,-100.08739957934043,-95.11805168077963,-94.56570129056487,-99.61601868490528,-95.30271811092061,-91.36331379113805,-102.5340189954071,-97.48077446324241,-99.24376943190005,-95.26698228423139,-98.92952287754534,-94.71417782719455,-95.38447508404296,-93.21036659912424,-94.77540502124545,-102.20458067179278,-93.67792568862708,-100.72299447830797,-97.79256838585606,-96.67782465051692,-98.34909353353713,-96.34536561285263,-95.68541322977319,-92.54556553067457,-95.19207278141067,-98.23780285909639,-90.88415063887761,-96.39709984869512,-96.98664544544219,-89.89765803871477,-102.71680706528291,-98.16673013005673,-102.00569757773118,-98.92299334367092,-94.88641825527452,-96.81907615162407,-92.69945610647176,-95.60166660922552,-94.62448602992752,-97.70424990215857,-93.71984327374805,-92.79276178112642,-93.23418385488634,-91.37181390694967,-97.36421468389905,-96.67755743433518
2025-11-02T00:28:30,AP_5_112,5,112,Microwave,5588.894756391654,1.8794792861266103,0.7652545281933069,-130.7092152987122,-95.7222124116248,-93.57423287354543,-97.08803212273347,-99.26282024001127,-92.26569954961097,-88.85360923305541,-95.12754413265424,-93.55860700156896,-93.47929875679496,-96.71533677915109,-95.41231552122257,-90.08252641299956,-105.36122834812093,-95.26935680488694,-97.44078456712649,-98.47750559669106,-94.10069008078695,-99.52008099221464,-94.93770518252548,-95.24282708944814,-97.77575674657204,-99.85576298861825,-92.9003190592648,-92.59260176086211,-96.33395386496571,-92.59824019516341,-95.5746256556237,-99.47223903679047,-99.79305934046334,-95.73251933206484,-95.69785850134016,-94.56765670566068,-99.57473336805401,-90.70370059874234,-95.3451945819679,-94.65354233908982,-93.97298763929402,-87.98942203566503,-92.64472494988634,-90.67740311728463,-97.26033471500207,-95.24941296561508,-96.18474729073426,-91.51966765754099,-89.94970632150707,-96.59703492958715,-101.07444233646049,-94.17634084356008,-96.20151513607448,-93.55892419788697,-91.44531652349495,-89.9252204650432,-98.38019798076942,-91.79653940844094,-95.75838322889707,-99.37559272149956,-96.21134541639742,-94.12227131912475,-96.87553284671361,-100.72739604370182,-99.9966821363947,-91.6913126674242,-92.88754190059788,-97.87983067343616
2025-11-02T00:28:40,AP_5_112,5,112,Radar,5551.377530600417,10.0,0.136390613687776,-97.17524209288804,-97.59703156156151,-100.26299379828129,-99.08231297398589,-98.66093658445739,-93.98626331381362,-102.0765740142144,-97.85415132001256,-97.15040330953316,-92.15901737168642,-93.44053533232211,-96.90542928078163,-95.69009935182275,-105.85763271087895,-101.26083122506833,-92.76817320162252,-94.00470783081435,-94.55258616057775,-96.1501803166079,-98.99167242812285,-102.9028252309761,-94.38815661720228,-100.15294178090241,-95.72361496448411,-98.54035181295676,-102.5495618820559,-97.94784890163899,-101.06155691497504,-103.26278495820019,-98.35298125699957,-101.912507124372,-94.3465149792361,-102.05165675589161,-99.52473192993907,-98.05513014258064,-96.88230102732388,-99.33629663506181,-102.80534378510517,-101.11069895615034,-98.70020102878969,-98.67850542945547,-103.39177996259043,-100.84994193538577,-103.17316491248548,-97.11176228144116,-102.8502996476564,-96.83605220286063,-93.83797319306319,-105.262097185737,-100.01738891360755,-101.6136157673874,-99.4641462098837,-95.062476089121,-95.95550698638647,-99.30974336031942,-100.84574232922242,-102.30634735170399,-97.23879698252117,-97.00108763951644,-95.02001303163674,-99.14244393035094,-100.17333355384626,-99.5728716134175,-99.39883710182976,-92.13691485692193
2025-11-02T00:28:50,AP_5_112,5,112,Microwave,5582.698462887809,8.548493512780905,0.6191156284779809,-109.75825080974349,-94.98160372020106,-97.25061010443454,-92.48233644314207,-97.31880237656888,-95.45510364515526,-98.39771753342403,-95.89134323141931,-97.2972263988491,-102.45414067860679,-98.33220430593747,-100.39854635595437,-96.0994713629263,-96.88776091092419,-94.98257907571775,-98.60735854124623,-97.37591517879106,-100.78118419835816,-98.83358704971705,-97.28114982972563,-96.46398324485722,-98.4936595087003,-97.14113859976156,-101.51764604612507,-98.09748506534193,-95.2465790601439,-97.7839325775542,-94.11601583165162,-97.02246609680782,-100.16075442941997,-96.05247068630996,-98.84512508741808,-97.70090612685276,-95.66527624254893,-95.86261800245865,-101.27578225415401,-97.95034350842901,-97.45986103562184,-101.23002675268127,-104.33223978809147,-103.1417986421931,-94.70249926095772,-96.307655692346,-97.28807457436982,-100.8145763386039,-98.76198557552381,-95.37053945058146,-100.06450606267312,-93.15216161466572,-94.22102424688066,-95.89421839901698,-96.49659952708963,-94.69057458887174,-99.03405914837104,-99.97450605685418,-97.19868636079549,-96.90553739683719,-91.94876684270761,-101.69351585425579,-96.78585223435479,-98.92383645636828,-94.80036390007405,-96.52989160089831,-95.88741693228131,-95.79921683576981
2025-11-02T00:29:00,AP_5_112,5,112,Microwave,5572.547377011439,14.036845501806134,0.13688935983659883,-114.58922192404742,-99.84688896459848,-100.0679844366569,-93.88180584039502,-92.34045818356853,-96.74175575152954,-98.67367831983302,-94.90990770148436,-95.2465299756203,-88.39005435373315,-98.00839591643518,-93.73102525758765,-97.87230462140788,-91.42611941059239,-98.25406009779438,-94.7997158017807,-102.54208274403089,-97.45083438202529,-94.0908451771494,-99.14481304333235,-94.29189676948155,-98.03794599041399,-96.12996324234022,-103.71652713215165,-97.88280131217691,-98.60865092120824,-94.13163154373893,-93.55482594436383,-93.57010622121358,-98.30344568887848,-101.96813951004182,-92.48256563665763,-95.46845476109661,-92.37550773645135,-95.35221384387093,-94.60698062230887,-98.52527551143622,-93.41894239511386,-92.80417709274045,-91.69722599592711,-101.36698356639735,-99.40144625770769,-88.61692059948072,-94.12976405464215,-96.05701562039259,-91.83519927674217,-96.7167213373955,-95.26068709622143,-89.01759630642796,-97.14875293315382,-99.39445652452764,-95.26092062123811,-91.72862727811948,-97.67412165241758,-96.75832236075355,-98.38620060126917,-99.90419555228061,-93.76237543800723,-91.46882240505401,-99.27198334425658,-103.95582419746448,-94.27586298571016,-92.61086260304153,-97.61211475443746,-97.31742148382313
2025-11-02T00:29:10,AP_5_112,5,112,Microwave,5563.87257440617,10.019517946430684,0.4962588081872506,-113.93581624634679,-99.5065971699512,-105.44294806560342,-98.80939474434474,-96.58077083829885,-97.11608067720283,-96.85225997078342,-102.14045422920265,-99.9280829653198,-103.09907984096593,-98.1882737218093,-98.24742611292797,-102.03321691982882,-102.12863981311283,-88.74874853901942,-99.21407279394447,-96.40574322076831,-101.62487562916881,-99.57465355212497,-102.332777995844,-103.13740728215681,-96.33375484076987,-97.32807940246693,-100.76942463253945,-98.63644275213544,-97.24283523565947,-97.1010003012584,-101.9540515044499,-96.71198862045324,-95.67272505590958,-99.57184213991033,-98.30893340780723,-99.64692439748295,-98.62075812850394,-96.70547490035158,-98.82142276964572,-98.44027695023382,-99.3781906775595,-100.69387914929635,-98.7964109583549,-100.56618223364168,-100.29150638836977,-103.4485684771997,-95.64409659310252,-99.78286000798354,-99.46507051328818,-100.4703866787348,-98.85620799615094,-99.83021408495011,-100.4641250590012,-101.1597473385341,-95.57408870185559,-100.2759262561569,-100.83896078095547,-96.85957794150724,-97.43302619212628,-99.36470543561599,-104.7149469182878,-102.38031882713514,-96.9495788409986,-100.31924584688362,-98.79655255957232,-95.1118550683759,-101.47642171503038,-97.36150270562851
2025-11-02T00:29:20,AP_5_112,5,112,Microwave,5572.620174298619,7.861332176031557,0.5538775900239861,-103.11598577974684,-97.05464809594055,-94.92395809704902,-95.91832154559432,-92.69426316867626,-92.68701707176794,-95.24071559676042,-92.55551192426773,-97.47196661795371,-94.8974958816086,-92.04862814742339,-93.7045665627248,-97.3702360175923,-93.4343614781448,-93.65532739877308,-90.58470585566263,-97.76541412502064,-97.98907056382326,-99.85681276632474,-92.80714683561237,-97.67879183491773,-91.88458843650147,-92.4440793410528,-97.08354551116814,-96.90862446062411,-96.66986483698606,-98.04613655527163,-96.56297126408913,-95.88541184251278,-96.15928431768407,-94.6097977266608,-95.54881174606543,-95.1164072462623,-96.8991845796668,-90.42125675977898,-93.57099053973657,-100.80680397736664,-89.96887359520197,-94.96185641921933,-95.9098821491314,-93.83230099127434,-91.64459942151117,-94.76730465327144,-93.99499293469555,-97.60401450616592,-94.03102262966324,-90.45186381066021,-95.98010918053681,-99.09555723827597,-92.16680690798574,-89.46651876553891,-98.80251910851162,-90.31787423076503,-91.77594410615437,-93.13643120965357,-95.6091397383113,-94.52574827641841,-96.8497261705888,-93.9458445802237,-92.69845795021276,-93.77656412988696,-97.82100226056731,-95.32341468482396,-94.47241013550197,-96.8286057192792
2025-11-02T00:29:30,AP_5_112,5,112,Microwave,5585.546161170817,18.728795215284485,0.7397050119378152,-130.21696410746105,-98.68933918598984,-97.89385881737526,-95.80480231495976,-95.22642167120111,-100.57387730110945,-100.33190006144817,-96.69837092845806,-101.8705510564708,-95.84680202608452,-102.51306795189649,-98.78597645767366,-100.23319557027428,-92.83053348284528,-97.93331358149223,-93.73768536765081,-100.19665353219547,-96.2912034119182,-96.6827622495303,-91.90209369484407,-96.1952072802106,-94.96965386693722,-98.36953684899625,-90.88831738865585,-97.92106474708969,-95.98184808487655,-93.74479552209391,-94.543045158166,-92.44154498050477,-95.61129670457424,-96.40831125746054,-98.05740920363587,-96.67684466812513,-92.91965374609423,-93.31506871453576,-97.79227433425062,-98.6250251445082,-97.43674787489985,-93.34739182347731,-97.54346577703556,-98.6984023997117,-100.89240501570477,-101.62775393415987,-97.0399610572454,-92.83847379978013,-95.50534669791944,-91.95742017020102,-96.00725209396681,-93.07299809842935,-95.07667669055431,-95.09634093324162,-93.51441758210203,-91.61435085209399,-93.35881248107508,-94.649358046798,-94.66926470619018,-99.08122377480255,-95.45947371003011,-92.20424972951345,-96.78352381609758,-91.84194449786862,-95.27945176563455,-95.40490500828561,-98.39814612566335,-98.199471792209
2025-11-02T00:29:40,AP_5_112,5,112,Microwave,5549.547656080295,15.293733651015842,0.5311523698152171,-127.04911303572166,-101.72770039908593,-99.5008314699394,-94.52135575862872,-102.92111258896553,-98.32804989832205,-96.19723652232257,-96.32121845437328,-97.56371695129066,-95.17271388357217,-100.94671082053921,-97.46630176221187,-98.96678637272241,-96.98184643348074,-94.34259758016584,-96.37358223540255,-100.20748946400843,-91.69149485823374,-102.15982283820051,-95.97718811271471,-101.40921320493428,-94.5844324638412,-96.50310724461917,-97.71652666168004,-94.23831618590911,-101.72234850760321,-96.71397860423157,-97.15520889265514,-97.27087700968956,-100.02298660315206,-99.86114312235077,-97.03529029011706,-98.56160655736154,-99.40406502062076,-91.98106972308705,-98.0053249416715,-101.75149449671002,-98.14617472667057,-101.38416057961973,-94.69010197190141,-100.97801107989939,-98.31713163643289,-97.041333603605,-98.91455194706388,-100.17530142626639,-93.62034018407499,-98.04654566143883,-96.85975575167798,-100.3420856970571,-99.00646586650467,-96.55733074913384,-100.63699166654635,-96.52944880034202,-95.2933696909894,-95.96686403686338,-98.46554752639145,-95.06511808542672,-102.22139235287614,-104.02974382573866,-94.70183873846729,-95.21730712405268,-102.90547589298933,-96.22355043519396,-101.79866946580864,-91.55506488626742
2025-11-02T00:29:50,AP_5_112,5,112,Microwave,5543.074966753604,3.730484005090128,0.6726510318488657,-131.58155851933816,-94.45002694596353,-96.72124657144461,-98.00340842215459,-97.01260620403079,-91.9231380166869,-95.80933602078261,-93.65662566763604,-98.71019455856792,-97.07466878631622,-97.60287776635921,-94.51132184124982,-97.19215820322559,-96.09311651243337,-98.25611360206742,-101.35318746665904,-97.98182133164639,-99.69169769589458,-94.09032228653372,-90.63067787415997,-99.6897183112012,-99.75944281709575,-97.19473732737285,-99.40598412122607,-97.74098093111819,-100.29141709506955,-99.83267973029885,-97.54601212794816,-98.8116925929855,-97.6127406745669,-98.63970293500262,-97.00171272694034,-93.34122765363767,-96.19140156511183,-98.49070879772037,-100.52820401790973,-98.774774708311,-99.84899525766126,-94.94904249271805,-98.02196144356115,-94.79407279813432,-95.82096570481463,-95.6809287247274,-97.26338378694108,-100.76556586470791,-98.53588750335653,-100.5476258169131,-98.44630743329598,-99.64436301140873,-101.3398995686738,-97.85940782740994,-94.45862369706421,-98.55031390690633,-98.31834208204035,-107.26192883350753,-101.20999827381726,-96.85359318130597,-93.05345713599507,-95.80354442211599,-98.25414092437788,-102.13504190297095,-100.54160557956504,-96.97436997161138,-94.92242086913927,-96.84355721862491
2025-11-02T00:30:00,AP_5_112,5,112,Microwave,5571.595730062767,1.6671227936203525,0.05201817182204131,-127.36073621156655,-101.51589690887388,-97.75109729202231,-95.83418463961138,-102.11470892860159,-98.66946319585547,-99.06563554567889,-97.5861651601935,-100.4825124705412,-102.742466064577,-97.05204355180905,-99.73871241658317,-96.01599947918083,-100.90186873253359,-96.75531267449922,-96.6095581751422,-97.29101375473346,-95.16565024943141,-95.53697094878953,-102.49483360359886,-100.52259189998486,-97.56824796153784,-95.31435209795819,-98.49803271624994,-98.27704944476604,-96.34748374866034,-97.76638287462922,-101.82540497596949,-97.05439055082105,-93.24407554390807,-101.5373131130024,-100.75266732340197,-101.93394268031732,-98.87009532225693,-98.1874964369954,-101.79758004922809,-92.73479534513748,-102.25855480420934,-98.5710919675593,-100.30245091473753,-94.92905621551719,-104.71519912482633,-89.92681143381404,-95.94994043008501,-98.60080991295561,-96.22667413012199,-97.67095564686858,-95.52967058956506,-97.52953191806833,-97.0981596283159,-95.03808654284711,-95.40049543243572,-99.2084169988105,-90.62455660287974,-98.63112882581808,-100.54697906983213,-97.40194486660067,-91.52112671380928,-95.15648477747145,-98.48980294582034,-97.25198190672752,-93.2459002125248,-99.64448133662347,-93.8843447846583,-97.23484881110952
2025-11-02T00:30:10,AP_5_112,5,112,Microwave,5556.2571624961765,4.6307371872404435,0.5996590191968769,-123.20415460891937,-93.71788397962851,-97.54112944087957,-101.25128103760592,-97.37637367349791,-94.7021445389394,-98.04599690317109,-101.09901804411565,-99.95165853431531,-96.00112159278032,-103.42344928369005,-98.95232555680893,-93.85649130577029,-96.22806831709282,-95.19716053491773,-93.58087770578211,-94.77210291058834,-90.57724738542268,-100.6218697488618,-96.18156856837312,-99.93456387619497,-92.1843196756081,-94.05163468328041,-93.22007642471772,-94.77025707738112,-96.71334720352192,-99.4344187858566,-100.63101915504241,-101.95819223912306,-95.19565150889406,-94.80943191859794,-95.28261751436699,-95.76988137437284,-92.83039906543559,-98.82201341013536,-97.78647694490981,-94.11967903514007,-92.06856233567872,-93.81495727523573,-94.92402865160943,-91.61329450402204,-93.90389534956341,-99.96093566480309,-94.21831819818989,-94.75493311449817,-99.39813967045873,-99.01991205354378,-93.32906688411049,-96.18462139204637,-98.6991423565444,-95.06339185181227,-100.96800462751175,-97.646682519978,-98.49377205883891,-99.68242908805443,-94.48025116569089,-91.47239935651454,-97.52887286901145,-99.84620566634158,-98.08048137957682,-95.37408370119282,-96.07026802785796,-96.18634861657486,-96.88492434170787,-100.76278540482102
2025-11-02T00:30:20,AP_5_112,5,112,Microwave,5546.928669507056,5.078101775152758,0.5125835284019117,-118.14902779939695,-97.16969093589879,-96.79771702504894,-102.20015279165547,-92.01903200136707,-93.80298562470652,-98.60972807167245,-100.87547712967067,-97.44978241571182,-98.28960002295304,-94.8488784126107,-98.50355720030707,-97.81860723640794,-100.62909310186502,-94.28628899195668,-93.4813966283008,-97.39947973118376,-95.42616942541343,-97.17540205787688,-96.98746606294901,-98.49907673748146,-100.15250429701764,-100.90778465938423,-96.48427747674937,-97.23400717811874,-95.13787732637556,-94.3150689905287,-98.2338029115124,-94.38202144500671,-96.11305709779924,-97.23586025978003,-94.012657962787,-100.40646160616811,-100.8354847956525,-99.1769879069379,-99.34402295295138,-99.99288555923926,-98.04059386606204,-99.21195612939478,-97.16175900832405,-95.26429086550583,-101.0392680411136,-101.39637179485878,-94.2541604328285,-94.23932684144606,-97.91053983606147,-94.81888638995822,-100.81346723074783,-98.58447664038516,-93.80012592239105,-100.13288000500764,-101.38964213942046,-98.23622875464679,-97.8387868582376,-97.64433039590821,-96.19879609606298,-101.92227544736625,-95.75345470508626,-95.88157685178972,-96.90102079672171,-100.1047784160678,-95.43826873092036,-98.62939533443483,-99.0307383466427,-93.72781654227353
2025-11-02T00:30:30,AP_5_112,5,112,Microwave,5587.542098504727,3.025190342669855,0.16043288169220787,-114.91101165643552,-94.7213235690304,-101.73449062229102,-97.17377858728095,-96.59665201495031,-96.6177102846468,-95.20396794717634,-95.39128887545982,-95.25157129598765,-98.95761774710297,-96.39205699187698,-98.03095124863896,-103.87411327261482,-103.38090459050765,-95.31627940951924,-98.5461300005457,-95.20540306839904,-101.96967542499793,-104.2314264819766,-98.56435169542188,-98.29128007742408,-92.90322402607345,-95.06651119348605,-96.43759474194606,-94.57082688845823,-101.10293108031696,-96.36493631668215,-101.61582361748005,-102.55989215623106,-96.04810281482196,-99.31960875969338,-100.6955420714805,-99.32640238637673,-98.05318272704908,-102.72971882716213,-102.94194618480358,-96.7175075453573,-97.25501025761193,-101.25925303077278,-97.84789028880195,-102.02208005392644,-99.55659411606648,-97.20039100400815,-98.0388656485807,-97.10884747370946,-95.33178760256081,-98.50393409310517,-96.9575259311108,-99.623003257771,-98.15550954267188,-96.61310554294997,-100.29032898703377,-96.80394865525335,-101.98457654694157,-99.44827104545413,-99.16559547580675,-92.38851321613583,-97.110088520279,-98.63650385086598,-99.93831052986837,-97.36190298090652,-95.93523433444156,-102.19862517104237,-97.11369634204844,-98.2327084018047
2025-11-02T00:30:40,AP_5_112,5,112,Microwave,5561.52748479457,10.668668545518457,0.26939845316176375,-105.65158185353965,-96.91181852929155,-99.89094677696565,-102.02096429086744,-98.19211719573943,-102.88457851584013,-94.16785396630873,-97.04698664409761,-95.65449387821003,-95.7422041881137,-99.01727024987082,-100.63869879731898,-96.44224991050048,-99.37234141584443,-98.62202390199367,-96.4908558817436,-97.31714684571216,-102.49994995906445,-99.93653693012219,-99.52516414674757,-95.15136944294922,-93.54135101743341,-104.41770518474081,-98.08993779458257,-100.14593875897033,-93.84534012732877,-97.20042887685837,-97.47863375402875,-100.50995523208053,-95.3756907505495,-105.2665358680218,-89.876507594995,-91.13319245255748,-98.58043231443601,-98.57199133768363,-97.03607181520921,-99.59172241401582,-99.20937702546398,-98.05049979278463,-98.7648970793841,-103.68075191554006,-100.71121716495554,-95.88843903844152,-94.57482449871357,-95.66958572500393,-93.8641239264923,-94.57719605574512,-94.75905048146907,-104.67912094936239,-101.49476865752982,-100.34226013939073,-99.95361605222222,-92.62836301211536,-100.91884292566658,-99.35821930052245,-105.87765203904897,-98.02959818712368,-96.03983461405878,-101.23840084352969,-96.8312746698371,-98.94402819610194,-93.32579056638644,-97.84138653925191,-97.00058308614602,-97.86155747385642
2025-11-02T00:30:50,AP_5_112,5,112,Radar,5565.181003869556,10.0,0.08348646939972479,-120.76672909920394,-102.09760948068256,-91.85851518965252,-92.16204864861919,-92.09244743372798,-92.7390829487836,-91.1774654494764,-92.23864341710299,-90.86926383789611,-85.57336905532337,-94.89848540715354,-96.82468370253818,-99.59443928357999,-101.55890209507538,-94.89764273498115,-91.65063972882538,-93.47766446558016,-92.78965049890809,-94.24892277680073,-89.22625773719886,-97.65680991644513,-95.42663479237137,-91.80738077819476,-92.57009430622291,-95.70743472159806,-95.0027037970862,-98.12756629371684,-88.96642205899911,-92.74863385329824,-94.91873697608744,-90.9304774577068,-92.55487130062343,-98.0671233054618,-89.76736327277908,-94.4488284961261,-93.21321339039982,-92.66636817780277,-92.3694759053382,-97.98204874825399,-92.82116950703463,-91.55563846462178,-98.35192551931607,-93.13348960510605,-90.72396574582437,-95.85696310224175,-94.58167993540854,-92.35918958742859,-94.35633430818044,-85.18739354604595,-90.00916544617715,-91.47265563435188,-94.99639627503136,-94.25098067812972,-95.57804671190011,-97.88364145909341,-94.96412617812028,-96.59266409845236,-94.03103923601783,-95.52068582561292,-94.95464771515671,-97.86720068177351,-98.22836627305807,-93.23841932694364,-88.0571139281443,-97.78741614720524
2025-11-02T00:31:00,AP_5_112,5,112,Microwave,5589.124975648922,1.4652580068892682,0.41292401989545996,-109.8559970426393,-96.95643162021695,-102.68192075201756,-91.61322918330826,-102.01782297888683,-101.28165186959829,-100.76747946524607,-100.35097699773004,-92.29020031849386,-99.77620552643342,-100.60720593271044,-96.8631571482544,-98.91915935075161,-99.65336551777749,-97.46677959891682,-91.30271387657976,-95.99456827540331,-97.22883429780344,-99.82424051461716,-97.5060645989289,-100.43744282499785,-95.93754386648996,-98.2975066127386,-97.69313393766036,-94.06621283474543,-98.17721715498709,-92.38546121167559,-96.65120842794516,-99.38853981106436,-97.27941680895951,-95.1720436189537,-95.63607532585895,-100.92277893360581,-97.77065399207648,-90.53611002821776,-96.44885532930904,-94.66698706300517,-96.96617324876036,-97.22653609800405,-98.88794088633075,-100.10579424402728,-101.4933883956776,-96.5649132926368,-95.57749039869036,-93.0867518324883,-98.54002116597553,-101.06501573896277,-96.12568485573321,-97.19338520460482,-94.92213153479683,-95.99988783469749,-95.68680816080087,-96.1770889654184,-95.44504126630333,-95.67993392146653,-98.1507654709267,-96.09914444637285,-96.88706284784645,-95.0372901949509,-98.86619936767168,-93.79622821352024,-96.84962073957016,-95.1238345052604,-96.47132845648629,-99.79829054504356
2025-11-02T00:31:10,AP_5_112,5,112,Microwave,5561.415571883053,4.840533053490329,0.48591266734482935,-106.87038626959874,-95.39107959129565,-95.03124211926712,-97.44953810940504,-92.62761921361991,-100.27754339492425,-99.05348315485146,-95.12424898069156,-95.70247401212406,-96.14257275661524,-95.25850626464634,-97.4856601104384,-97.29334908731754,-101.48804638048342,-102.23741757033225,-94.1222137655826,-99.82701449022309,-97.37821370261139,-98.42370834127358,-93.85879889291198,-95.46347249105017,-98.11073859924345,-98.33549407463352,-99.49514861871357,-92.62963567452297,-94.19903978514019,-97.76771002882316,-93.10134526871771,-97.1744768654919,-96.89374319143207,-96.5237604833915,-93.89176846697777,-102.41730198898442,-94.93892902642064,-94.91793091356838,-96.05231425378904,-94.08562493235692,-94.83456997501666,-92.37048821821966,-100.89042368287542,-95.71414205839788,-98.07653292901513,-95.59606280859451,-101.17079579760427,-95.85254717044081,-93.2736048464852,-99.09298745504748,-90.40915691780754,-100.52902646293923,-98.62025169418388,-97.50881359328537,-102.9867919738779,-94.01974605537495,-94.87914744709948,-102.18431204345774,-96.32810529531255,-100.2509953633531,-98.52831070207644,-98.35125156424402,-93.90927207416041,-94.60456896220023,-99.21506706499696,-100.24944325460652,-92.58258832033391,-95.64274014046623
2025-11-02T00:31:20,AP_5_112,5,112,Microwave,5565.272912981006,3.205721930583588,0.5588560746221796,-114.35125773041699,-96.41491877474236,-100.71135026002183,-97.00123719707231,-101.97362174194595,-102.30678818336077,-98.3112268683828,-96.3662230294193,-96.75229176976677,-99.39293854674446,-93.51183029380451,-100.50154936180402,-95.4544615932007,-92.10516824570603,-97.49653413920238,-97.60329881755706,-96.2863402421809,-99.01336538434123,-94.00459740001904,-101.07126993069802,-94.40292956151808,-98.57089814014181,-97.26297160838762,-102.00370995723415,-99.43636006274821,-98.73512213341282,-96.30382715154961,-96.81097800684783,-97.1678971856804,-97.77930388247157,-99.75746696900006,-101.74962970689785,-98.0137634617402,-98.04311836194697,-96.37197348731382,-92.18528367017865,-93.28384453139795,-96.30707172493112,-99.68094783153494,-96.56422522050232,-94.30984415887482,-101.80276000784694,-92.3654548225446,-97.14742468552755,-95.37260588041889,-97.96700745610133,-93.07443794940656,-105.46405277080285,-93.96920145484208,-91.68877811355279,-98.21564425403008,-102.46087325518383,-93.20318523194392,-92.67809448561826,-99.66759075411684,-95.81193056335393,-90.82831442511583,-95.37115188538974,-98.1486343313999,-91.44995092156758,-102.3753579235177,-96.22829554042266,-94.96644692431649,-97.58792451549294,-97.39126399484253
2025-11-02T00:31:30,AP_5_112,5,112,Microwave,5585.728004628454,1.7062003773891417,0.15842216178767188,-113.6848725091028,-94.01505211730397,-101.17808004737537,-100.53118262675135,-99.48161798953632,-91.82191672901203,-97.66883910612916,-93.71380487501753,-99.08035869371457,-97.64884219957112,-94.21097624916642,-93.0422776529352,-98.3224323365425,-95.99180213939421,-97.67796664406953,-97.25364753807187,-93.33130149278708,-100.58254214295503,-95.81241918173663,-103.49645841333822,-97.67403566051377,-98.05507839936624,-100.03776435174264,-93.75445099646335,-102.81517047065967,-101.24109448067951,-102.44717153501713,-90.32649711254092,-98.79071204585458,-95.10721565222967,-94.21367987875013,-95.68140981040521,-98.5931457179993,-103.21545918895839,-94.21378803098509,-92.79522482019709,-94.2730996380044,-91.47524554986992,-99.03578237405648,-94.9910936649131,-97.05453767543582,-99.1436505835764,-96.37797147059098,-100.18542544879404,-94.21212477489651,-95.98865669078654,-95.80180593659829,-95.76115691529198,-94.91349140038545,-96.62241637486854,-98.01342165030027,-97.22935615342207,-101.978148275242,-94.426689893695,-95.35585673701863,-99.99436597485182,-99.12659664780236,-97.40165341108029,-99.61837987135814,-94.22472803629903,-91.07844640758579,-95.7417747311091,-93.21614309813202,-96.08458711822944,-99.53495442113056
2025-11-02T00:31:40,AP_5_112,5,112,Microwave,5589.482860412016,17.219670348483717,0.1349291225825493,-128.71644407921204,-100.82510189501689,-96.84365626092924,-99.67562640015407,-98.480008720177,-93.19463665249322,-93.28437904007663,-92.80510492227042,-97.37687474249323,-90.69380662842353,-96.46691294682496,-102.10833676495882,-98.87980976465253,-92.45030699675841,-99.00097767836718,-97.72143476941307,-90.91890630088434,-95.15589635251256,-94.39664164403231,-92.47654685128641,-92.13550727274269,-102.73547062367741,-96.10966953629062,-99.44156663443039,-97.11985247543285,-96.78165948224466,-100.43015416846362,-93.53183597128091,-96.74474796796535,-97.70303346018764,-97.22885282480195,-95.88744161722201,-91.23418676461813,-91.47693820693738,-96.77184643461283,-97.9512290566586,-92.68844524107656,-97.67113736158379,-94.55187894522501,-94.44054976351599,-94.15346575862947,-101.6306623323809,-100.73301231237389,-89.2327302838493,-94.80071912275974,-102.01456301818264,-98.48052412399392,-99.04308645715336,-99.49994777688434,-101.87873834919758,-93.2209019772907,-96.58329390034031,-101.52115677840538,-96.87690210436365,-101.47537015393496,-97.01208800186402,-98.14011479346141,-98.50666899894637,-92.81972160483704,-95.61425268928828,-102.18562268467768,-96.77590144859204,-96.7832006021157,-96.11136799225804,-94.81188598379644
2025-11-02T00:31:50,AP_5_112,5,112,Microwave,5584.81556343241,1.7588796426777091,0.24028292303621873,-105.8563620077189,-96.87673660098221,-99.9759184787988,-98.69225212811367,-98.08512720502215,-100.76543804059935,-86.52971599547539,-100.4746428259087,-98.26105462034214,-96.92501759411995,-100.9612104184423,-96.43190843263612,-96.71214660548645,-97.85404586027173,-98.11984641544096,-94.48821640993403,-103.13572189005183,-100.66233326818616,-102.43287511913408,-98.48004749090391,-104.45635840137606,-97.31325018924818,-102.46739306095682,-100.45372826335738,-95.78563564185437,-98.97739957567036,-93.42033629239131,-97.85097656703869,-97.70069864154985,-95.27301290281208,-97.55652475428762,-101.24774931419746,-99.25253694275297,-101.54084489769745,-100.69465134819234,-98.67815063087386,-106.39927009842107,-95.63771339384147,-93.50103196266272,-92.75308288099833,-98.36551875040992,-94.71102157457855,-94.24104843566117,-98.89705944935316,-96.88156596630289,-98.12193000890869,-102.78612725822886,-96.18975110009283,-97.80627787888605,-96.17337225917657,-92.60327670047234,-95.2560849784583,-102.5947488385903,-98.63945781472422,-103.16765437282982,-92.27162405562821,-99.75955327518263,-97.02222777613244,-95.29606740292506,-100.5563743655207,-103.24005324187978,-98.94100826816543,-99.33621613301152,-93.85759132224264,-99.3846875920228
2025-11-02T00:32:00,AP_5_112,5,112,Microwave,5538.664602280108,19.37521308273399,0.7636168753932606,-123.53869812975873,-94.57671238176742,-101.3577249352738,-93.60985276973683,-99.61958129051942,-100.63342104354479,-96.87963199926729,-103.57315684463671,-93.61433992438957,-102.2604382484039,-96.16397725888837,-98.69842173007032,-98.9116838718604,-98.97785072635278,-102.08431081127155,-101.64737026828232,-95.2886255338139,-92.06978917327788,-98.70047026069851,-99.72084233327666,-102.47102463209178,-99.07118730038349,-98.47140350917623,-97.32314611902649,-101.47102638586027,-94.53840724366331,-97.93221513577492,-97.06420685739583,-96.76109439592867,-97.6854256989291,-98.44336406760762,-102.35601655012094,-94.81715503355184,-98.16012690167442,-99.60572914367077,-99.65586121857766,-96.45955405710696,-98.09825134601515,-100.12232360326222,-100.77873754355416,-97.65548007776836,-101.98628349744857,-104.39842512178508,-95.92925687925795,-95.67037967852738,-93.86621846040433,-99.94752377218812,-100.4799526019213,-100.21949502886991,-99.25935363846588,-97.43169959779901,-98.41341536788269,-97.53059596460074,-100.18368719020049,-97.85704786392644,-98.96817970204687,-95.28447084513212,-94.02933511008759,-100.38183477444983,-98.22007942466271,-100.80851775142582,-98.0791201472792,-104.70173135818838,-98.68471366634515,-100.93166001216512
2025-11-02T00:32:10,AP_5_112,5,112,Microwave,5553.7999983303325,3.075703251715823,0.49477503596273104,-126.54124714841674,-98.1486358413577,-96.63426377584892,-100.36836145630605,-96.03807420508276,-94.49368756815991,-96.34943413423304,-98.51948468237681,-102.70650370088052,-92.41784732598661,-95.83158872899857,-89.90352460569159,-101.48135834815628,-94.87408458347126,-100.43066127157623,-98.15444388704901,-95.04138905198091,-93.44175922058344,-93.35468706044016,-95.77045464259497,-96.65058565934926,-98.68878784023575,-93.30262935598351,-92.44872343015777,-94.33982573615394,-95.96899309347052,-96.45922878152783,-99.6671899103783,-95.491658936594,-97.65402179095963,-97.16238335704725,-95.89691564479003,-91.30406620935356,-95.405241586957,-92.93983352047246,-98.9709494131527,-104.22047547322903,-95.81957534181315,-92.51841415233024,-95.65358862006737,-95.75517485183555,-95.90223784422145,-90.9798936769143,-92.32616141764792,-95.22327612422342,-95.65251590410473,-102.01366040314899,-94.95876593764959,-96.3369000433992,-100.92224239943783,-97.73082123340377,-90.79165434357326,-98.58203574164335,-93.03115351322818,-98.79763864581561,-97.04549493223676,-98.25745799840497,-95.53328794265778,-99.95254002792342,-97.29439817161804,-92.10416123378516,-93.37902828874331,-96.58754225197855,-92.47978915534627,-94.10822063024976
2025-11-02T00:32:20,AP_5_112,5,112,Microwave,5533.382445938851,19.84981215378251,0.05075758308138083,-113.63076733588997,-98.73322529725465,-100.39541832885482,-99.1039847946538,-104.19176832246504,-98.41413885893505,-99.2298888825762,-97.22425036950956,-100.26412760511367,-92.94427791779084,-93.08762669802083,-97.47468342149298,-100.6398501303554,-96.69495362217238,-95.00117337923477,-99.0049915125686,-103.45359757623524,-86.03080652826942,-96.85839907511242,-101.24354602630925,-100.55350964688266,-96.15676134448591,-100.99039480945713,-100.18813065004008,-97.17725739914383,-97.39806060004116,-100.60889374473419,-95.51907308675935,-93.47762936830294,-103.03130929976871,-98.14638754913571,-96.63449982955906,-94.44700878559864,-98.6648573002733,-100.2041434804512,-99.29650769363762,-101.25872664598998,-95.17078905822255,-96.27396553551027,-98.26008534771634,-97.17160506740855,-98.29408373629335,-98.67894482554445,-95.24181081318197,-95.15124724955596,-98.07291160668481,-90.03278204504232,-94.60420239139414,-95.29836873796683,-95.97621198939939,-102.38279654538107,-95.9507909727696,-107.62424467609274,-102.37218776672806,-99.12346466387798,-97.17015299275062,-98.2237649183481,-96.45694736285675,-99.63925370259558,-98.89994621993577,-102.42835179728988,-94.44505282747579,-102.25822120938285,-96.15339165086934,-99.34266384441977
2025-11-02T00:32:30,AP_5_112,5,112,Microwave,5580.92323341054,1.7604707317952113,0.5561659607800993,-121.21256827536551,-93.05087844223786,-97.28648455928305,-91.0030073330119,-95.57398298476862,-97.4384391925665,-94.14697847380494,-96.19638689264845,-99.32868821608739,-97.61768411247391,-95.49707011262701,-99.55545243074567,-98.51002955153244,-104.11403084875784,-96.13969758010681,-96.58575850923629,-94.48133661652169,-98.32209338916871,-93.46268902464178,-97.3598535668055,-99.20192402877866,-99.93894949087904,-98.7913917663573,-101.89295866895007,-99.92856491670881,-101.70036027448033,-95.37520343152231,-101.23402984621838,-96.45089794773806,-98.3460947854117,-93.98174716133711,-95.581543257604,-92.32772426695047,-97.55315696468564,-96.46568113421012,-95.92667481980443,-96.89265193955463,-104.15331581783914,-96.84972035272187,-99.90490604767719,-100.4728490350863,-97.47969580094481,-97.9598872163859,-97.41317761856922,-100.85684544681511,-94.89653782212412,-101.20556002381369,-95.36073900471314,-98.61452667842569,-101.90471191479861,-102.54331247088241,-93.30414874720697,-98.65856871628942,-101.67291418206364,-89.46035623735618,-102.15180811353507,-92.40098727637724,-99.24655364668911,-101.89023826937823,-94.42805757978564,-103.78374012271522,-99.80799291031025,-95.33860092454131,-100.7187948387687,-100.6084829827782
2025-11-02T00:32:40,AP_5_112,5,112,Radar,5564.150252459321,5.0,0.13267559347615973,-109.14742187564791,-94.07163914745988,-95.30828722535328,-96.95478870887399,-97.84449092841979,-94.30403530354566,-93.54648455603397,-96.47602196666944,-98.12997980174475,-98.38937962394061,-97.03758064083719,-95.69807261154801,-99.0878324837896,-95.03298641591168,-95.1350597129104,-95.05405008347044,-96.80627541780505,-98.95126867567107,-99.74065076499811,-88.93659110463864,-95.40917711048012,-93.56964693298703,-95.82643319283227,-99.84245663610209,-96.64305304960718,-94.88286547777695,-97.65505854212589,-91.52459094321952,-95.2297865559572,-95.51269956928193,-88.62447331344326,-95.6938788695324,-99.63257092705221,-99.932554864512,-95.88733914900027,-94.72417548673677,-94.17206355007123,-94.9151681938902,-94.35708292977462,-97.38498259993295,-101.09864439491552,-92.72303675494618,-93.13947893878111,-94.11043133388748,-92.83612390732301,-95.14760114736413,-97.67126190298346,-89.55125147657057,-96.90502001529663,-95.4671440953456,-90.82938596659147,-98.71990926317123,-96.57689781557013,-98.80373091508545,-94.28158633613452,-95.15366424946207,-96.62406099221951,-91.3398317537191,-100.85292426714712,-95.6007605079457,-96.1847771386006,-98.18475596452689,-100.74233795054747,-95.86490936555208,-99.76934241384453
2025-11-02T00:32:50,AP_5_112,5,112,Microwave,5582.824925718047,14.978795147682025,0.5338625795333735,-108.2902537283189,-98.48352064396306,-94.20490301478333,-94.32170019240007,-98.53837219901557,-98.11275316754876,-92.46287123811932,-89.10486679199191,-99.09688753046353,-101.57137239436639,-101.59071028570992,-99.23715150401078,-98.6469819938198,-99.2386542364659,-95.4784503334595,-99.15528694087392,-99.88996446873941,-101.48358389555636,-102.91017651231363,-96.8015890890621,-98.6449725916986,-103.73707426744903,-94.36824579964554,-97.10670716327763,-102.10029861325005,-101.84116667404534,-98.07111641214138,-94.7048398447456,-103.41968464930564,-99.82308231293342,-102.48186004616109,-107.22413215272405,-99.02189850151733,-91.09886022811789,-96.79179133158163,-95.57183851800447,-95.45408477195669,-100.9703162744488,-99.19471347943038,-102.09553166793586,-98.5950974186813,-98.39416035223577,-101.47008768776065,-100.4492967721823,-98.78145422617386,-98.62616288509952,-104.98934763161687,-100.2589248655743,-97.78155803481117,-102.45867871005449,-101.78139094356733,-96.03887560290362,-91.34765467654641,-97.63222385707222,-97.23887187806054,-98.05828729911052,-102.52570624893143,-98.13019699824031,-96.4571120233222,-97.66946355521091,-99.67822221060574,-97.63133476679188,-97.60676991428717,-100.97005244925698,-95.95099467510879
2025-11-02T00:33:00,AP_5_112,5,112,Microwave,5577.289341238257,3.2909810755508664,0.134480987934963,-124.65017674897516,-99.70992717350019,-97.4205557704647,-93.27728228381714,-96.02180728079557,-98.88401248448656,-100.3234751416887,-103.84672061264271,-101.08517825271542,-100.25206672226471,-102.10155146666233,-96.75705496597097,-98.2731336902392,-96.65166196333766,-93.94415347834341,-102.83674288134512,-96.33233098339589,-99.65596362778848,-97.87259114362027,-97.87839276289787,-98.73521082523115,-94.40328833293059,-99.52921507247082,-97.61246715947051,-96.7220510816115,-94.15382378199998,-101.9180543588865,-96.80024630294486,-101.47766989224652,-99.79497487511878,-97.87308969066419,-101.89048505477581,-94.0394562128134,-96.71299654200072,-90.85777364869381,-96.30618513449828,-97.51553966076204,-93.99780250838405,-102.94696349687308,-98.32015820850555,-100.44005337008838,-101.97115924712904,-100.81248344958678,-95.39198069804306,-100.32304048396266,-95.86219058270478,-95.66381619620417,-96.15371407971688,-97.50240443554551,-90.71967184408267,-93.23350314377274,-101.9486385525416,-95.77561526603579,-96.59384983795549,-95.11192210683109,-101.25043130197626,-96.92394199738933,-95.59860207422854,-98.1948554751098,-100.08726762798933,-98.50898291817444,-98.72112832721633,-97.97990384435951,-96.7334415478836,-98.3329526687419
2025-11-02T00:33:10,AP_5_112,5,112,Microwave,5533.295279421047,13.328419434553812,0.7283777485645848,-108.32620803873375,-102.77155290310888,-100.1219219845101,-100.32168751271169,-100.84680873396928,-98.77287063832154,-100.9411149728957,-100.24230297852864,-102.47824110056145,-102.42995725835242,-97.52772255721005,-97.17275652582788,-99.1138643393944,-97.09241364409057,-98.95690460092747,-98.45228029250886,-99.98266397221187,-95.97151156648685,-103.0195586825761,-96.31500270717684,-97.00079733527068,-100.70770329029277,-101.90223576303543,-102.53879463985153,-101.22496951507057,-99.16752896914136,-101.47451900219409,-104.07621369847524,-99.87685483479454,-92.60447980738938,-99.45540233821613,-103.37928392277394,-100.13440043012397,-100.46070508649596,-101.2223624373357,-95.81409754645587,-99.27632026527456,-99.38379489553999,-100.42373276594888,-99.15094755636527,-94.81941821889681,-100.6072900292773,-101.16917572651975,-99.85743890730919,-98.16970213016243,-97.45860971833638,-101.11114101977756,-93.66479215606972,-100.61856207765672,-100.46164235587368,-96.49899231358246,-99.90782988467362,-97.89589650394676,-99.92858160679927,-102.71778716591334,-99.7907718094035,-98.15638478110083,-100.85961274401551,-97.68349995902166,-95.6390764150822,-99.29589962277663,-99.92627471998185,-101.81767197172084,-102.05010496260807,-94.59003025809761
2025-11-02T00:33:20,AP_5_112,5,112,Radar,5555.770600326514,20.0,0.12192613316751742,-102.13783539781775,-93.83638514391443,-96.54264023188925,-97.12993558285758,-97.92209439503075,-95.6573435060915,-94.66994982744058,-97.27295887965923,-93.82361370340561,-92.73240460653975,-91.55447385130927,-95.7214919866234,-92.79041571537805,-91.50291732689436,-96.68786380329445,-100.2923325833552,-94.2063150217562,-91.56946579358805,-97.0761268216794,-97.60774368242349,-96.75956424169563,-99.15084114201542,-97.08255504397667,-95.16825487855299,-96.5939773593677,-96.9426346747833,-93.40618796995307,-91.24811914514329,-97.52355285274504,-89.36129282234471,-94.5606259392265,-95.904011415103,-94.85258013376924,-95.78811865494795,-94.34356605298692,-102.60812576777988,-98.06728452063258,-98.8555675280521,-98.36006839903484,-95.41390352599582,-96.06918703524055,-97.63426461506374,-101.28230272670257,-97.57384122698974,-97.92668855463516,-95.1395768559907,-97.64100356374114,-100.2142906400458,-96.47606839602567,-94.95639691154379,-98.33785997462147,-94.5594892542236,-93.16733071139552,-100.22994152809045,-96.78599867944699,-92.49244520032042,-94.40680258924293,-95.05602724830246,-97.30662021838249,-96.08054135119329,-93.22572172445724,-100.36338468339801,-93.97937724991638,-98.41724864539641,-94.9054102914797
2025-11-02T00:33:30,AP_5_112,5,112,Microwave,5538.4522833789415,14.54937724292853,0.5940584031815923,-134.09390293035437,-98.45177957686977,-102.80668622228566,-101.38680175340178,-103.51580301893883,-97.50678357147133,-98.2883153299197,-93.06408118544078,-99.32416068640039,-98.21310345116154,-97.12290834053015,-99.21638165762438,-99.96581039264773,-99.2300846332841,-96.52196965294947,-96.52020284439861,-96.21126977477837,-99.69552729798406,-99.52490188670542,-97.2193524978305,-100.52806991335555,-103.53931815938084,-101.18264202189427,-103.42569006629537,-97.11799574572036,-99.71027870012168,-98.71629982993761,-104.36567711760514,-100.91610454195616,-104.16389667268757,-92.46245051663468,-100.75438395695171,-102.29868282332863,-101.40468904772395,-97.22965304077076,-99.19567510016111,-101.669313615389,-93.99408736007805,-97.0817188386436,-100.46321486899767,-103.18965829863683,-96.04183441451839,-98.85852527151327,-98.09538226321907,-93.39730581145065,-97.45995693242673,-100.87839130752057,-100.09804773546134,-100.78088823902196,-98.83050198825227,-98.56590807963885,-97.89604890517617,-102.41013415591739,-99.56039874674377,-96.96103377262112,-95.24321109789682,-95.28444090758198,-99.35192878109056,-103.24983895239735,-100.03957861555585,-102.89224890361619,-100.39144408955192,-97.27721390178125,-97.30804748920545,-102.8431562648327
2025-11-02T00:33:40,AP_5_112,5,112,Microwave,5536.965014426547,15.004154139999907,0.38650303735588487,-133.89350624480693,-102.11063203431948,-101.73191752635056,-101.90171710969317,-93.15284832723971,-101.87134381213762,-97.91284085474801,-97.99646712599595,-98.37500290998214,-98.13471577999246,-99.68844346462008,-95.82601925563557,-102.76565779110425,-99.75943563380828,-99.81797269365292,-103.00127998087363,-92.75434090506138,-97.29559704309649,-99.33735260341425,-99.09347887967984,-100.37572969858748,-99.12282127294284,-102.1166669883684,-98.55789570688911,-95.74792479657712,-97.87111858795711,-96.13668973549001,-101.14569331173855,-95.7147871833503,-96.158000795439,-99.58833714792986,-102.61282612042393,-95.12699234985774,-97.86718778676827,-97.80163954998054,-94.46279181810644,-100.3268507285697,-100.34589507073818,-97.34002780002547,-101.57257687227678,-98.05942729455937,-96.03541689102128,-97.83955054298947,-100.37775291719161,-98.93794338492957,-99.95924999168139,-97.34285330739615,-97.50861814491239,-97.51007804688322,-99.54320548292638,-96.71924951731722,-98.56675355779888,-96.75564088667372,-101.13041776487312,-100.38556404822405,-97.08040963219287,-99.6254652899706,-99.2797507766001,-101.79091328908468,-98.30573619892549,-96.14945489406075,-100.78091066397137,-96.10459145794478,-99.4003792039173,-96.81499226012858
2025-11-02T00:33:50,AP_5_112,5,112,Microwave,5544.386668813864,7.104776331752236,0.09004007715020816,-134.91579625134227,-100.64663039576782,-94.59606803385516,-97.54751978338156,-99.6755184159698,-98.15211968677852,-101.12578357186283,-102.41646275307508,-100.49092598391367,-95.00784296399512,-97.34486167842874,-100.23760557509097,-95.40434466775689,-96.05303637463433,-93.76300726834111,-93.85888098147035,-102.27310939438777,-97.63530667679927,-95.39697690366543,-100.60805977602203,-98.10153068466198,-92.83738267658683,-96.95634043259646,-103.00998808650671,-98.29746320645458,-99.40980579300196,-99.98979270330715,-102.11155366334503,-96.58228232836467,-98.03030666155254,-98.74158644960768,-98.93050877816137,-96.23686027973253,-101.20897976419354,-96.97019259067946,-95.35347404318708,-103.0214970861205,-97.1173710901064,-101.43429846528001,-101.47283414910987,-96.37897731416341,-102.7256275486399,-97.98897648181287,-104.74749068898771,-90.52427658662744,-89.60272595376023,-93.77611313447402,-98.24462125694572,-99.28592160363564,-93.3998846584371,-97.35331904525016,-104.5281960859876,-97.14029132161478,-97.02504270913865,-98.5579667412161,-98.85024392712123,-100.36785632898058,-99.7092129276592,-102.37983125088022,-97.11624371319137,-97.08606576781804,-101.12971825174654,-92.58271596800506,-96.78652486113829,-101.98659624974204
2025-11-02T00:34:00,AP_5_112,5,112,Radar,5561.24255610116,10.0,0.08885166796685404,-107.89123685091778,-101.48674228667892,-103.3738694478121,-96.73309601251071,-100.63045797191144,-98.5664678733229,-101.25371841328432,-95.62525938352185,-96.54667279809186,-101.1753163895135,-97.61410292652197,-98.82218169477949,-94.35813218232838,-97.87852391851814,-102.57049248664265,-103.05141073105239,-97.90783970050653,-98.74414757185652,-102.78216359845696,-96.62478232373049,-98.5184106401369,-96.0859868470005,-101.6559434307013,-98.31021833727348,-97.97815216111812,-103.66647826290558,-102.54182733901669,-99.6042336765723,-102.80530054959256,-100.47716585226557,-103.25520488194057,-100.84172042028312,-103.5669993637982,-101.84310331011332,-100.55843370732025,-96.49939976794921,-96.87756043334343,-97.43819177113662,-95.33044012276663,-102.28452412005882,-100.22573635133581,-99.48747205074385,-102.4767490998834,-99.99481723081416,-102.24805464803156,-104.07379640142922,-98.5460724636788,-99.31463719637047,-102.61955274358786,-99.25698788988839,-102.86157251176499,-99.54285406925969,-100.11825493503231,-100.69642157898954,-100.29449930064911,-101.39364251545115,-99.33280034244962,-100.58544243395929,-100.93727378363907,-94.9964738755273,-103.3038289116947,-99.82012245095044,-99.01052854435714,-104.36911868457216,-103.07307113011974
2025-11-02T00:34:10,AP_5_112,5,112,Microwave,5589.295819628974,7.960659100111585,0.2123986989610288,-106.50223441371325,-92.78550749963541,-96.77999030291545,-92.4781591187308,-92.78129253003415,-95.50346420771572,-94.015825031389,-98.2429828707325,-95.56511494499587,-91.13840232402569,-99.02458597271266,-94.41746600749921,-90.17204725146632,-92.13730860399333,-93.58831626887066,-95.6190854981837,-100.73635640139824,-97.8061752313718,-98.67856226543705,-93.84794095808083,-95.72867337118139,-96.13850892014095,-93.63690221006662,-101.01343009530993,-99.64555037821731,-96.97973282135447,-93.99921374061137,-93.64647826830713,-97.11478798535953,-95.58808336386885,-94.08309471872096,-91.79410181289687,-92.70847807892001,-97.01346809271637,-102.21788595209439,-97.51371469254131,-94.81833949110276,-91.1236473133481,-91.9745647123032,-93.51766753193387,-93.92863388390944,-102.125032530734,-96.37284315923947,-93.66507783673492,-99.38748840840233,-91.73469992850046,-93.87005050370082,-95.35443545101668,-98.38044092472482,-96.58470722483972,-97.76334055036916,-90.41270104122322,-90.06052630356112,-96.77181896382079,-92.62334724662138,-102.01828326999532,-100.34582165068873,-99.68856685164128,-95.51639539933807,-92.14940781042452,-95.95580576489775,-96.2392410717511,-94.02470071911523,-98.14299086953393,-99.62284268255718
2025-11-02T00:34:20,AP_5_112,5,112,Microwave,5587.153942508221,10.130106649063482,0.2569321610888048,-130.83738831795347,-100.65156910751293,-94.97835638123794,-100.50619483999908,-99.43671297087657,-97.69211935468105,-95.14292289477358,-101.65051950898972,-95.42661818373864,-98.67213181051717,-104.02148159780992,-96.59234560551384,-96.7439082958131,-97.9474461036469,-93.59981416854312,-95.46601900610231,-99.6127051852354,-100.49221448019165,-94.701493798419,-103.94055324503498,-97.61944920129713,-102.66199592219115,-97.13393442384869,-92.07124430275782,-101.63683172906883,-98.50243176548915,-92.76452015430252,-99.34628393643035,-95.42708450189826,-98.02742146055917,-99.79689914233843,-100.71771222115287,-97.16388680206256,-99.76379330204749,-99.27450060357192,-96.74718810859405,-91.75782638354794,-94.42090843792036,-96.5346149415207,-100.65834059276479,-99.8072328942638,-99.23254005933826,-100.41409312813718,-93.16715119410587,-95.13853192973232,-92.9253738910391,-100.11646576156767,-102.96297513209657,-94.94903999771847,-95.88693586961197,-98.0240021488935,-102.64990466294164,-100.86037181714595,-97.34134601280739,-97.17700150076068,-96.51313232490087,-99.82633237950256,-102.77320484296695,-98.67694307642365,-102.89495219078836,-98.52875842657535,-99.38827925992034,-101.73166397327073,-96.60508817902208,-99.35468799642797
2025-11-02T00:34:30,AP_5_112,5,112,Microwave,5588.140047503837,5.018896978156033,0.21939558183590957,-133.0328121896808,-95.40331937142933,-99.59062821486054,-100.39229283091804,-99.5224057839631,-100.22986523099338,-96.9073465404265,-99.01501843968128,-93.36122729461074,-95.03943625197999,-96.45516040017031,-97.17993645982206,-95.9621799926875,-96.53714186223924,-95.7422673793498,-94.0831395399252,-94.6926445517301,-96.07276888643104,-101.11293812042123,-94.45219165180544,-95.68865207022576,-97.01090217459037,-96.05592543408676,-101.10834426434626,-97.31203413475512,-96.6005443279987,-91.6747234846768,-101.22341511960401,-99.49241251232574,-99.57849728637522,-97.56373945637412,-91.88764187560629,-94.11590009883373,-97.30906233682613,-96.55356735760179,-101.44839720850699,-97.58988897145476,-98.42964658386765,-98.23033338590747,-99.26182129254128,-97.04960710552346,-98.62347378418426,-94.7818805277428,-96.90529735184715,-93.96386114386713,-91.10653947360751,-95.50093596162566,-98.00510644595691,-95.26818501961812,-101.02655578447802,-98.73284597638266,-99.11153346059344,-101.46447581044627,-98.0662840215806,-95.76105637535005,-93.86487458283858,-97.80885080858098,-93.58737724664667,-94.90384787169667,-93.19985348428611,-95.12681864905198,-99.47579375927738,-99.83481450415678,-96.35101857713146,-94.71990727712719
2025-11-02T00:34:40,AP_5_112,5,112,Microwave,5542.977117113711,15.235491960690295,0.28036187231942644,-130.5545857777735,-92.36713070770514,-97.57637878701802,-100.58723418109363,-97.6167988879048,-97.55060909450724,-95.99476120771985,-97.6103060211519,-96.7322844629,-93.19459609905962,-101.00455160834265,-99.99693841085232,-90.54179790415515,-95.63335563196188,-96.32209381420309,-93.75826373920655,-100.31971806651222,-96.62797660517128,-94.08231709248528,-99.53359977268126,-96.18607926557434,-96.20695528508318,-101.58889830392248,-97.9060081024385,-97.17113644992331,-103.13729434915967,-97.61049620372773,-97.9508855015887,-100.3280116218731,-97.29725903143652,-99.85610463719604,-99.44979305481726,-92.77768752454537,-96.30829769879726,-95.471572903764,-96.11553129091153,-97.87871517923118,-95.85829962982085,-95.55250511518003,-100.17642056215624,-94.03993607060848,-91.64983513820647,-98.71449116728323,-100.61443953317186,-99.62004709762164,-100.49740617191121,-98.16345666350877,-98.2853574633859,-98.5486530826591,-95.71402790504054,-100.6291352218504,-98.62064277218018,-101.4525104708154,-96.76883267289303,-97.48565342430602,-91.02142665604285,-99.41658520201558,-98.22150757195291,-95.47847095885837,-94.7147803332008,-97.03600549950282,-99.65388255924736,-97.74105239968867,-101.8744816196959,-93.84207654977885
2025-11-02T00:34:50,AP_5_112,5,112,Microwave,5577.410262922953,8.063262812400522,0.6191236773111408,-117.25167133407831,-96.77579664385236,-93.68660090646031,-100.08096459805118,-99.43899686221474,-99.2978608800567,-95.98209533108127,-102.94288391156242,-99.75060745958328,-90.93827041884374,-98.44207226916643,-92.30853030501062,-97.63244283094942,-98.50134657041642,-99.2508912368171,-98.52257422640241,-97.53685893488581,-100.4397682435232,-97.74555373229559,-95.17454425881144,-96.84072554303842,-101.11160769205651,-91.5194769687687,-93.82064729076902,-102.8422352956923,-98.15961879819943,-97.32319456247825,-93.81625106335251,-94.31047123119632,-102.41844033884638,-97.04436309970964,-100.31884699911635,-93.79775236045971,-92.42278872347488,-96.93705278271902,-99.51930664494724,-101.07567410699235,-96.31367409438914,-101.32000283457673,-100.78787912631284,-98.29756462900232,-97.04651181427752,-93.2415503509337,-97.77957603810248,-94.04343208103435,-96.30213841955556,-99.11531058468518,-97.93979496525476,-96.1489159411371,-99.30394179487732,-96.10988957176495,-99.51623548784586,-99.76551733656677,-95.47871145275786,-95.98441707664753,-101.05710230442183,-101.25677517737873,-96.93991643567831,-100.67202918417223,-97.57224992502228,-98.99294421134668,-99.28220359920914,-95.3235285933256,-98.2888963395852,-96.90042397673156
2025-11-02T00:35:00,AP_5_112,5,112,Microwave,5557.158999197464,7.533432383786759,0.7903555260012014,-129.99292593276996,-97.43805642193706,-101.3483863716551,-97.28341112902015,-100.82477570190252,-97.159847894854,-97.87216247450215,-92.01659451578472,-101.14470632721185,-97.92441896926567,-101.9956163227282,-97.14250192316332,-98.41755784145877,-98.34380136648551,-104.59581334861983,-97.9317473273883,-103.59112022957375,-100.95767932602028,-101.31917479609398,-100.97308974780431,-96.80774000246551,-99.60302356913726,-102.65089024804452,-99.61323793832611,-96.6139358611658,-98.08585290145282,-98.30658289392636,-102.10254027208296,-96.11282917037673,-100.51123866193049,-102.32463033460934,-100.23678094844561,-101.21484446023786,-102.763724274705,-97.12768032471153,-99.83938780362783,-102.81337107743572,-103.28903814588675,-99.99728105970895,-99.11106023099039,-95.25533427986213,-94.4078591132356,-94.94383699897878,-98.45380672762396,-94.13767594224974,-96.12160857986876,-97.95049098278072,-95.135080234908,-101.78634335401985,-99.99650321139946,-101.05091523259031,-101.22721895578124,-100.22969164620648,-100.03431884788479,-102.97213299866738,-99.85866916239752,-103.37659960080833,-101.06148484677695,-95.68465070683446,-97.89983063836848,-98.91207297129489,-96.83086012233358,-95.73938371090644,-100.50702814865443,-103.44253108085391
2025-11-02T00:35:10,AP_5_112,5,112,Microwave,5550.535918730855,12.252730774026965,0.13702172694186665,-124.22886559950197,-98.26035902339433,-95.5150782730534,-92.09371425799878,-101.29187816525433,-95.58372425509032,-97.20240397758836,-101.66310381972272,-97.72698981093808,-101.33855188885498,-91.40894106959686,-94.95367602328886,-92.74431958220848,-95.85185509730205,-95.60554805470237,-96.59459405999576,-94.92406373984417,-97.28658545697216,-97.27777944235032,-103.02749325348108,-97.8764484953061,-97.87733463687455,-98.86258797831348,-96.27399315061997,-94.91120146757893,-102.79361873149173,-95.86089979923344,-89.65026680318113,-95.28289927541454,-101.46991452827676,-98.22658823023285,-91.7210316193053,-96.49769518533044,-92.71806439551258,-102.043326078095,-95.44666281333646,-103.03210506501385,-96.90116552614512,-98.56952708948225,-97.02397886682525,-101.5628478639833,-91.47393533375897,-93.06187343389435,-93.98530404717927,-92.00349504405887,-93.15022105446735,-94.03106521112743,-96.03175875518949,-100.72697247517297,-97.95278468927984,-98.44746924773355,-92.90130422290837,-96.16673965371983,-95.76232109869498,-96.0548467489498,-92.65589061617635,-97.95563675915356,-97.49106253348619,-94.23210941033203,-95.41517211774946,-92.8354114528439,-93.20437822585706,-96.3103462072433,-93.0288366093595,-93.63955793233589
2025-11-02T00:35:20,AP_5_112,5,112,Microwave,5577.648730354049,10.377576728827952,0.2675796043158526,-110.95917852751911,-100.87375338342406,-94.7019050047748,-94.94079241598753,-101.52888177342085,-102.56441183672831,-96.56203610032478,-97.10069253698333,-98.2916329860004,-99.25716232677209,-96.3535918286173,-94.25750308259744,-97.05734573819026,-99.30130291410433,-102.89700422441513,-97.22566951976461,-101.26021510617221,-100.12691270313661,-94.76506762805087,-89.76113864373018,-94.34121849398038,-102.1640457833821,-99.28715971334698,-100.19944743136969,-97.2034874506053,-96.46289144940002,-95.96054321109342,-94.67326570527523,-98.90640610328593,-103.8238222261,-97.37407739310787,-98.94786774758937,-95.20686444136109,-94.03360940635686,-99.09887640849621,-95.13422475303088,-97.18434774477252,-90.95873559604311,-99.24675039363626,-96.544205166928,-98.83362721199364,-99.29630176690634,-98.70362809447128,-97.4547893886723,-93.59216974846855,-93.46429277741905,-95.47812968488167,-103.34265568698365,-98.82201308599856,-99.75569650035598,-93.32993280404777,-95.63783640158206,-98.56888091475945,-97.59932918265008,-94.78166867322722,-99.39583866693914,-100.56812247742664,-96.2132557076625,-104.89674448376803,-103.13326634414187,-98.81474191051593,-97.44855540463844,-94.94187463820688,-99.49878720160464,-93.41304005530831
2025-11-02T00:35:30,AP_5_112,5,112,Radar,5568.104155669947,10.0,0.050292427957293315,-97.18896791077186,-96.02213793161623,-98.26278735456643,-95.15787984811934,-92.74512763261806,-98.90539087762114,-96.30850677837181,-98.74242458369042,-96.87473629522361,-95.37068336062191,-96.3956318190206,-92.25181707395186,-98.50102571733653,-98.23306303753186,-93.66456344519798,-102.77446528962614,-99.57095037432039,-96.00041901473196,-97.92799476798142,-94.91414101549397,-99.0929472510624,-92.21610342793055,-99.5925450522518,-100.65231679803574,-96.54702798038313,-95.32365719041681,-95.27811836605152,-93.64649972568483,-93.60726307908715,-100.46592011748673,-93.22398252291583,-98.87701658229463,-104.67817117690963,-96.74147143896107,-98.970255162439,-98.88473418759672,-92.95810581649208,-93.9428881164902,-97.88885400977686,-97.31402906983301,-97.97398368939236,-91.86804319360898,-94.44414773018165,-95.55015762391385,-93.74604354828375,-94.59722265413484,-95.92846519082276,-93.33066339285509,-97.6118134024664,-98.77042148102169,-101.48024115925257,-100.12270992332817,-92.83081533105906,-90.80596945341328,-101.40849381920978,-98.04167515557394,-97.72145281897569,-96.19839911465829,-99.03146882283426,-96.54081161516518,-94.37579730384027,-96.36338236340609,-94.83657861600658,-102.02221436610965,-101.55041002844469
2025-11-02T00:35:40,AP_5_112,5,112,Microwave,5549.246181348079,8.679865417713206,0.5228666294727485,-106.887617244426,-95.7882682538766,-99.93638436881334,-96.69359263049321,-97.48683823830194,-100.84852624518264,-96.999913246736,-95.36629149259932,-94.37553588897727,-99.713589595431,-100.79798959577712,-94.96865519664135,-101.30277588934361,-94.49076587192593,-97.54337659732691,-98.99559004730871,-98.03449968720169,-101.8916761396255,-97.50949621913519,-97.48515417651764,-97.84654926222562,-95.80703440971439,-98.44433312455757,-100.22712514347546,-99.3070192189289,-101.09054107465155,-99.18606570400884,-101.57955651003255,-94.83252158375207,-94.93360561183141,-98.75117372364996,-97.43730582409225,-100.11904820145216,-96.50550561121673,-96.59739275254763,-103.73476635119697,-101.38070592372563,-93.71871859391936,-100.63769884831581,-96.99875345132575,-97.25443148936417,-96.77417377248995,-97.22868931274292,-95.72942769715794,-101.8502157203526,-92.1382718008659,-101.45207079897938,-99.21398411257758,-96.0845437710891,-95.89717168273127,-94.3510353604162,-106.41015937578527,-95.71742830527853,-98.78096203222152,-99.42841245832636,-94.34544498099277,-98.43519820850901,-106.38482277144803,-102.49031054482153,-95.98703510760343,-102.16956773058321,-97.67598367584075,-99.85482162455983,-92.15809637533796,-95.51353504253417
2025-11-02T00:35:50,AP_5_112,5,112,Microwave,5571.129972016855,2.530259538165249,0.3483508058652208,-109.9577491979273,-96.27260594578729,-95.2478095815393,-97.65652726577561,-97.7816605466645,-98.43475882318451,-92.66268398738181,-95.32232127176847,-102.4444270369071,-101.98346407958029,-94.67019151865372,-95.20940489517558,-97.88101081180974,-97.08477432904391,-91.8636617549099,-100.44674448646192,-99.82472858807249,-95.81852969628332,-90.0912970405009,-97.5136504609728,-94.29407086468285,-98.68439441798391,-96.47898248331582,-97.73766514443707,-96.80906323836948,-92.30416490617525,-94.73866125758252,-95.77278727440162,-99.74938269423056,-95.91681651317613,-100.5016403058688,-99.87986011826355,-92.6162678300628,-102.26641588608884,-92.46254362499027,-96.03374705333991,-93.00775346335203,-98.6998246652431,-100.89551782714571,-99.56353444449499,-92.99399772092505,-100.12501089132934,-101.33372500124088,-93.62893448545393,-91.15970164671273,-102.34614017141904,-93.77112342744698,-101.18642058003144,-94.58134839401104,-96.14341031067795,-95.88956865092089,-89.25040734175506,-96.46000768940547,-94.93393560830964,-98.9442254621805,-94.08686116027052,-96.28836790668623,-91.8207979992111,-93.75342600597405,-91.9038596099124,-95.94728066037095,-97.34126394490268,-94.54053274690439,-98.61772198885431,-92.98584023924616
2025-11-02T00:36:00,AP_5_112,5,112,Microwave,5580.877532202354,1.0520818281004451,0.5151072839737062,-126.82363531486938,-98.33474717633845,-97.9195778599753,-92.63461824095165,-95.0611547883384,-100.47099629588044,-100.47807711460185,-97.42156408689394,-99.08742336818666,-97.64801894473707,-97.09271712159686,-101.94578678377059,-99.54753301915767,-98.57322474707574,-94.527378974952,-99.67811592739017,-96.0401658928418,-96.6532516716263,-98.09614755252893,-100.25320054450164,-98.4906589887955,-100.93305505140499,-99.04911125312137,-97.07079963061351,-95.3885194476671,-94.95199459540875,-96.81135594972181,-99.54671045210542,-96.83590842115558,-94.8642269580757,-99.43418361270105,-94.50468348104111,-92.76610954865282,-98.09782851136384,-95.42932515439861,-94.93515727497358,-95.80233487321908,-96.86006262743088,-98.7910389126045,-97.74368168762956,-95.53994179774824,-99.22253770975462,-99.055663737022,-99.19193764164174,-95.02283790152748,-97.10738532553309,-99.39434293263945,-94.33499453986711,-97.73734356185508,-95.90079261949553,-97.7588963112335,-94.87014496330184,-97.74525248443597,-99.09229136208994,-99.45105715845234,-99.29641739888395,-100.2416182199942,-98.23167277654743,-100.49522064569642,-100.04747491340275,-95.15166868565088,-102.54284621717694,-100.50079823344367,-94.31865918797337,-94.71539716106494
2025-11-02T00:36:10,AP_5_112,5,112,Microwave,5570.676697462163,6.916865152920488,0.5510839093262432,-112.6877542740445,-99.01009324944185,-101.76380331370237,-95.5467688412326,-98.12770477486652,-100.25866332074415,-101.20104301078939,-98.13227314082204,-98.24451584230246,-98.27081820942769,-92.34631596484135,-100.19306477384887,-94.88634857903995,-94.49527203226911,-100.00526347717133,-102.92577128977717,-94.19425271695299,-97.34486626662786,-101.1332198976325,-94.35642224278314,-95.12266954735477,-96.18750170652504,-99.24392456159121,-104.5010935013793,-97.6941106800882,-96.61259002341531,-90.89851669977443,-105.83881276046813,-94.28565589291017,-95.82042112632436,-95.0228000435401,-94.53898960867228,-97.78377679033107,-99.03511760355981,-96.9409048453682,-95.31997511046406,-102.08736518448164,-100.33043136298242,-99.35300678267886,-99.91436884547694,-100.48947514253261,-99.88674052624518,-97.3178981464811,-97.82058283320764,-94.83538426434293,-98.64006989039015,-94.78335558297621,-93.26487843212658,-94.19518069385701,-95.2440900411794,-99.78609242774388,-98.44888161078794,-98.3154773051178,-100.67571350819027,-98.52924249881764,-98.63495081520166,-100.20372431857788,-102.39014499158095,-95.39263247228467,-97.14365622674377,-99.8358979477567,-96.10702397387723,-97.09304306226909,-98.31485757208345,-97.99565897272724
2025-11-02T00:36:20,AP_5_112,5,112,Microwave,5581.585107829815,19.51305173736827,0.2957256962631553,-107.7555478847543,-95.71289094846954,-99.63417405756701,-102.54859158144527,-97.38444099947628,-100.40621505958455,-94.13478589568871,-94.13694892963747,-95.45436649257222,-103.02866718353681,-97.91229892741221,-95.44022914024207,-93.64898282231006,-101.15025272408079,-95.46834588607669,-97.63204806409301,-94.98332913644818,-99.64628936597607,-95.83895220878433,-99.33216705168311,-97.31876529519482,-92.51557670378853,-95.1691204580813,-97.83119802495983,-97.85799848432742,-98.54521037092258,-99.52445636942595,-99.62934192584045,-96.72076864076485,-98.51198038640867,-98.15744082691003,-101.33270405833258,-97.57897959153782,-96.13091691650905,-93.91625268885943,-98.3819788282575,-98.63079279551464,-96.76939760633516,-98.05827651967252,-102.45337959143345,-93.85569224071318,-94.40409149606543,-94.5645356066347,-94.27727326569938,-95.4619886903409,-102.52545855373293,-92.49698123173404,-95.90221538874023,-94.65156148340196,-98.28239093671542,-94.79163007558884,-98.4666892107171,-99.79146124393775,-97.77121877486337,-97.12396775269094,-91.99660300917924,-91.58383616365434,-103.4521081772297,-100.53312331467555,-94.70410743352443,-95.21859900871037,-95.11459335569994,-97.76999392217456,-99.28617233545599,-97.32927534466373
2025-11-02T00:36:30,AP_5_112,5,112,Microwave,5588.666191335443,15.322847039681886,0.3188262406021877,-112.08770402522656,-91.77670295462613,-93.13726053518242,-98.07033141710508,-102.91179577018075,-91.48560604664345,-95.76324436812136,-95.20905324616011,-95.01412847273782,-94.85216754467105,-95.03655627624953,-93.24202643189,-98.42354396082544,-96.78470365568782,-93.08609784688555,-95.18901831957372,-90.42975864482952,-99.30421361619624,-88.70531660001066,-96.42881963942256,-98.24738058108532,-98.38821662699314,-94.92998903724343,-96.597429277929,-101.00208757643712,-94.94297768898669,-93.2633242549354,-96.15261661598355,-96.49540631723832,-104.35630867177966,-97.74671100311984,-102.63577574297707,-99.58121625788054,-95.04437294283314,-98.38680814575046,-92.66742588920914,-99.29773589173449,-95.83826523151961,-99.95871162891082,-98.22688954385531,-95.14059306317176,-100.33481365482277,-96.72402970715063,-97.38336696296487,-100.83255268999973,-97.1292138694944,-99.25389945144991,-96.37934516771162,-98.87633333125167,-98.94399361336802,-95.45683889637066,-95.38530074655955,-88.97085612134131,-94.59614633607715,-95.4454691968458,-97.27931099173274,-93.34618648233528,-95.51994728561287,-93.65917055532144,-100.20350641978719,-96.55162639300279,-90.4324717817551,-97.33236408897973,-99.92509062962282,-99.67348219279081
2025-11-02T00:36:40,AP_5_112,5,112,Microwave,5564.126020012697,9.989669340790677,0.08760370725543741,-120.58753923050548,-93.23297576079307,-97.62626768929265,-98.28958036631599,-96.28700235418802,-94.00773388923291,-93.60120994049846,-100.55014575459185,-98.67468775751207,-90.52657087410708,-105.28784672215627,-93.30270671380728,-100.61691308862926,-92.50327680610245,-100.88617233556315,-96.2266327759012,-95.7551473927763,-88.01527681526473,-101.4575844611419,-95.62475343505751,-105.57391619245813,-88.30920194410236,-96.71616965053919,-95.5343697593296,-99.44172271212605,-98.2987061129491,-96.83717208141222,-102.47677013439767,-99.0130527081413,-98.40424789666899,-100.23258254832989,-94.10007869793084,-94.24346700448152,-102.85128269987719,-98.64334063191093,-100.4994967060476,-95.48552009190242,-95.18623334650295,-94.70050378581794,-95.43347893998377,-96.62033659497132,-95.40732070183806,-98.08455913447476,-95.53873526139988,-99.07163052910745,-100.51802910564392,-104.22241949606085,-93.77637155690942,-95.46423300681954,-95.56699077582593,-98.8216570562586,-102.77006275272366,-91.06300562936335,-94.10472863342237,-98.76559862171308,-95.98562947893387,-99.31280701245595,-99.06705090819072,-91.22631148256092,-93.88179179669314,-93.99270264830339,-92.09343602723602,-101.91854504524719,-99.2564522665398,-96.57729313465804
2025-11-02T00:36:50,AP_5_112,5,112,Radar,5556.1714224453945,5.0,0.03779835097932242,-108.68389475753166,-93.26585534679589,-101.73690179796974,-101.59432700202935,-92.73340687167614,-103.32243197095747,-94.99816364691256,-95.02024424146852,-93.54800478904468,-98.75509080164899,-96.41760805828164,-96.73800613394293,-99.93916171492252,-98.78967784176075,-100.11898865675288,-94.98409253296879,-97.09591513059486,-99.6352473214736,-99.27107977140504,-97.72273851952373,-99.8267569215702,-96.68228331934482,-101.7513297652996,-97.18947659468525,-97.03840173186309,-97.39922056229878,-98.26681581839685,-101.38646267619394,-97.01990027039767,-90.19060483804883,-93.01132089431859,-98.49548203719836,-92.8207293397586,-95.2699300511966,-93.78179552891557,-96.0914235454246,-95.0852435805904,-96.95566049802541,-98.05574407699069,-95.30266522021856,-93.50939892546143,-95.61960118815948,-98.65647059697775,-98.54217236068234,-93.36835775393006,-93.01191714809269,-93.82189306417503,-91.13369984822616,-95.15367377583,-92.09589300679293,-91.26726592174934,-96.42323352124701,-100.92383296119533,-100.43533117939911,-99.81645208394794,-90.09439587531386,-94.60060035765397,-96.0594532973289,-98.078238465838,-96.1615800591986,-96.24570558224461,-99.56925544353707,-99.58830266259667,-96.89957077940853,-99.3985109754042
2025-11-02T00:37:00,AP_5_112,5,112,Microwave,5567.205581657327,13.719774646315658,0.5438219549639943,-112.37982167224527,-101.61732588572487,-97.7920857771041,-95.87568280084442,-103.07126336842069,-97.8570299548224,-97.98644481483863,-100.15656964240848,-99.29114010405894,-99.8785643696294,-95.13408698239296,-98.019600408387,-101.8279460957621,-95.98622530373041,-98.52791993575624,-91.29515479794648,-102.34873062273117,-97.5720616103233,-97.40442771773161,-96.10179887772756,-100.27089450799937,-95.34642717957207,-99.17072621811765,-96.1715541629969,-97.87594951753482,-99.40199022616882,-99.48249205669366,-94.55716418389645,-104.90862505922007,-99.9669075008417,-94.07685747717245,-96.61749963845021,-100.16837519372413,-91.57340967915945,-99.40535934019432,-95.53850300854104,-101.1945093837904,-95.99546868177329,-95.28088424027771,-97.9580696002529,-102.14838720413927,-95.81550271098149,-100.64014928070586,-101.73029741586247,-98.60811530209288,-96.93307081727656,-96.08545374777555,-94.21983500273099,-97.7822053273719,-100.01598261042389,-94.62588809438027,-93.72507606586225,-97.5722621467413,-95.47220636175784,-97.9023214326666,-102.74751198257306,-101.38672316877242,-97.05086238913393,-99.9043465453852,-97.36364577987291,-99.85225082156133,-97.24866380639625,-98.5352511560379,-100.85704554025602,-103.45169076230934
2025-11-02T00:37:10,AP_5_112,5,112,Microwave,5557.869867849117,9.204887671234902,0.4196546709085108,-127.72305093855415,-100.01234221563585,-98.34592839627351,-95.376485053404,-98.14548290113473,-99.6084235495466,-100.54914176498578,-102.76453474242665,-99.26916889750437,-97.05286956905937,-103.19374568950377,-97.40333449430724,-100.53824118942237,-99.71331250440602,-101.04076562353471,-99.43114786102521,-95.19877238065621,-97.6228660819023,-94.53423415132062,-102.33370004294513,-100.59785101473864,-96.33066325050054,-94.33429737900136,-95.29891508324654,-96.00288170142335,-99.13177410256235,-94.60470835192514,-97.15250558421758,-94.44111042139654,-101.46072735106821,-98.58293457475116,-98.56552090295828,-100.15738544494772,-99.82013275439262,-95.80316495685348,-94.44086977143266,-97.92116876690073,-103.70109635615424,-100.10719882255488,-100.40071683320039,-102.86830301200115,-101.32497509777669,-101.09540294218769,-94.24507826139762,-98.01826028823595,-101.37235537792851,-100.15522773471211,-99.87319881660315,-99.11078968731064,-97.08534042810312,-100.23400256605764,-96.4850713417638,-105.0172790728052,-93.33895016550811,-98.08889528719229,-95.65922547328312,-96.96164108591941,-98.81852947512115,-97.53927473614071,-95.34421759657572,-98.2198206853697,-97.32070058657811,-94.44702928116904,-96.68958278318658,-97.05954495843419
2025-11-02T00:37:20,AP_5_112,5,112,Microwave,5585.028745666274,8.812630026920395,0.7578098156400386,-116.21708452241734,-96.92670044895507,-102.55419559344739,-97.46421979141783,-97.16694610022984,-98.14251956511748,-100.03048142682144,-95.10078187768198,-96.79476317509514,-100.28079695787845,-98.10015677977242,-98.75401584713207,-98.37800766092106,-102.00819806770923,-100.16345215052968,-103.08191092505243,-104.8303413256311,-97.42935701816384,-97.49088428143064,-95.07201262107219,-95.66113324287575,-98.63838643154098,-95.13901205591343,-96.94098114397676,-96.10940272613384,-103.19860231110373,-103.44428925282638,-98.45302687122374,-100.45779598068603,-94.52983670731818,-95.41519524121038,-92.29218658926295,-96.84369445366002,-94.94384319372521,-98.78002150496731,-96.07754700093861,-100.32892951016682,-98.95871204625534,-99.60673708187062,-98.99746038234854,-101.87265607153357,-92.80234993875216,-96.67362772424197,-93.0242182983267,-98.8757965981234,-96.10012637133075,-98.8938444166583,-99.78728417349771,-101.32485040484144,-98.35717940871382,-93.80842258591085,-96.69113759575856,-96.97107750751046,-96.3992998045885,-101.42313412144108,-97.27254292867707,-100.49506472505651,-98.42871924424828,-95.97998022198647,-98.92039893057512,-98.55715169198079,-99.91814827227397,-100.88045452319739,-94.8626536283774,-102.66909066895063
2025-11-02T00:37:30,AP_5_112,5,112,Microwave,5559.723132221943,1.349792425230342,0.6043016315019081,-120.40507932940471,-97.51508093436772,-102.44497773922183,-98.08539235157956,-94.06214178047544,-95.88372111098843,-97.83692584910332,-98.60498224308992,-98.55922632937148,-101.98259151279606,-99.45121810041007,-98.3989843750073,-102.85227829512901,-101.38003521298204,-98.98313065951906,-105.17487761156465,-98.34370012292864,-103.92142709588373,-98.82615001123865,-96.61051765305663,-97.29671393396008,-100.22353149659975,-102.2068391384545,-99.20804371773144,-106.45434843707852,-97.8409500654682,-96.84042636948966,-99.63342337843707,-99.99584527931142,-95.68550416328529,-99.70441660855305,-102.41103376488232,-101.90672129387274,-100.68972271068913,-94.8577493248929,-101.45124706040355,-92.49633472659957,-96.44147433139902,-104.5860831759812,-100.63001411246584,-98.44666156940015,-101.41226987649787,-96.46344872981592,-95.90417545668059,-96.75871862631921,-99.79925551713976,-100.39482848536544,-98.38050122791434,-97.95005049423197,-101.07527946110588,-96.6222826428836,-99.73696133749864,-99.55094005494149,-90.27653078942559,-97.27256101283388,-100.76093856120161,-98.18392292661427,-105.35413365478988,-103.07542088360229,-93.55794683571467,-98.75688780480054,-97.08737122778241,-101.05694238361355,-97.97728580480536,-98.1667070232033
2025-11-02T00:37:40,AP_5_112,5,112,Microwave,5562.248328059562,5.629525566431953,0.27707802356475836,-114.3541262568758,-101.46277414014996,-98.46564807917075,-95.87060814005581,-90.8874298875844,-98.95840840444603,-95.61597480649192,-102.40895463131281,-98.16640947982218,-91.2726227933739,-98.01579697898623,-99.03772782390219,-99.89483044978898,-98.22252721293806,-95.43294148383758,-96.80353386618154,-98.881036202108,-100.75424471510811,-96.81938011628878,-100.63540267406148,-102.75827938465072,-102.37574369919349,-92.55978373571968,-101.96918158188149,-93.91678492274336,-98.77353967506798,-96.2356953405714,-98.5765641816102,-96.79430680883223,-98.60961720708322,-98.07931734869723,-99.72997259135938,-98.03534560237706,-101.17924327684831,-100.44467374423606,-93.46654150118114,-100.89369910371437,-96.78347736251352,-97.5541413789787,-91.45742946149228,-94.15425499406702,-96.63967362824268,-99.87065715411121,-95.59869821457345,-100.00054236156895,-96.30690330203252,-99.05814595323098,-95.04821120897155,-97.76000134210227,-104.77473235249053,-100.24591433508137,-99.39670172505565,-93.46474538881237,-98.66576330773309,-95.3365475299505,-98.71782687860421,-91.8013628634713,-98.90312770914261,-98.69578686993385,-98.77545488151884,-98.24976978866779,-95.79840111392723,-94.42712502829838,-96.44272649041683,-93.76612441176768
2025-11-02T00:37:50,AP_5_112,5,112,Radar,5552.943768948597,20.0,0.17742394547641194,-113.13150204518703,-97.80840924912793,-91.34970852998988,-97.08888069205344,-103.23365391663347,-98.1416699735445,-102.10432903496992,-96.2158431328244,-99.40560400032972,-98.52921353832092,-102.71476653402024,-101.34680046514893,-101.91804345954266,-94.78059381871901,-99.39625732899124,-99.83252470488112,-99.08363368469263,-98.34718358219712,-93.86601213809321,-97.68676262927207,-100.57585657857985,-97.69715241044226,-97.98526562928109,-100.67684926202948,-99.5879315507036,-100.5770909517768,-102.28941231111911,-103.30219224097961,-96.14192138114377,-96.64324452206509,-98.31267552168184,-96.24594637832747,-99.54516296334235,-99.80143498586796,-106.09824680537707,-96.18967549894697,-102.72636119089309,-97.1192830913433,-95.89356097267508,-97.53705066839146,-102.09377097682909,-97.56074472361215,-91.88201561456285,-97.18636594483476,-101.6611454153397,-97.90851799657713,-94.14108832440927,-98.02791492892618,-96.75830131784406,-93.40415407829627,-99.97496104929225,-96.28012995846149,-94.50046291841578,-100.25996194846802,-102.91668336386867,-96.86560223133782,-95.07803132327214,-95.242606289638,-94.69259400279718,-98.92439853771,-102.40328467861929,-97.97326601726489,-101.63960312566851,-96.32293579275623,-97.99003609592911
2025-11-02T00:38:00,AP_5_112,5,112,Microwave,5589.236582000883,9.195733271093445,0.06028690651100259,-116.51182854921656,-97.14761883675591,-99.77896010696163,-96.06944178241767,-97.09399715456935,-95.5769397243353,-98.61717765321531,-99.38036155563385,-96.73729964398937,-99.67492862505463,-98.46007945951835,-102.5090118160955,-98.02470548416596,-99.11224848272094,-99.85819558952522,-99.97926986457502,-101.22362875196973,-97.97588934044909,-105.27686322645968,-99.8019749244993,-95.37354262185873,-94.43748196341299,-96.7194071521852,-98.70743248187911,-99.83172811193012,-96.99138146427326,-103.81352992734872,-97.02367951581232,-107.05815259611191,-94.14143080531831,-99.75610635940144,-105.43971651632309,-101.95978114107037,-95.07182502494086,-98.98338772220995,-98.57562930221344,-98.03023151047786,-96.62518194983036,-98.99090596620005,-92.33385947464842,-96.65017142822967,-100.66166874946553,-98.98667865057715,-95.50226125669556,-100.59623791962579,-102.52200196120322,-97.07890720380337,-99.71911119284704,-93.52666123953831,-101.07841769223207,-100.78133170973354,-94.6303150384837,-102.35946745181627,-99.70930963786098,-102.27113908487834,-96.76423467450863,-100.28315091078348,-102.00403758382677,-97.2762467509684,-102.10527191017935,-101.79696215236478,-95.12477312157672,-95.35644979018765,-101.1555669199651,-96.67592002244257
2025-11-02T00:38:10,AP_5_112,5,112,Microwave,5584.1831401412355,19.241093883819232,0.24099310591472728,-114.71828941420472,-99.41908715651937,-100.25026054173202,-96.78226047914471,-96.63133833575851,-96.23659310879394,-98.44774591107169,-98.28269168864209,-97.40619503314498,-98.45222060913449,-98.3265278308668,-103.32849541645068,-95.80853968824889,-98.79380971219173,-103.79573037077836,-97.03500487724672,-102.39701131300582,-97.10219059002573,-99.89430252320331,-95.82539808198402,-91.6154421142864,-99.61222632705758,-100.65965513040804,-102.01258395534582,-98.94890237462907,-98.18232425780901,-102.04776046942806,-98.29731610549094,-98.67199731052496,-95.84185578232088,-96.44207309683749,-95.22419927017988,-96.41970259692897,-98.15569797871693,-98.34474473021108,-102.01589074120665,-99.92537583197797,-96.94520602330462,-97.56771519675162,-99.32618327907458,-93.40968048509139,-98.8814402433028,-90.71619216527303,-99.01387441372837,-92.85408133411353,-94.29360760754275,-104.64412513679292,-96.60728032067001,-101.89882335197429,-105.91163326999653,-94.84025990538234,-101.80958080057653,-102.94939886822016,-94.43017172208616,-96.89854907014215,-93.88999066446779,-103.13743911958122,-105.27548228259971,-101.57155809887598,-100.23783239753071,-101.27369291576167,-95.96020575787651,-101.04752085051996,-96.68203093152665,-99.5666843930007
2025-11-02T00:38:20,AP_5_112,5,112,Microwave,5550.86271158366,10.731560917861003,0.5913546332499713,-119.87578410946564,-102.60254798960369,-96.58095267606838,-97.78081144997131,-98.75095348308515,-106.18727885848878,-99.84353701503758,-95.37231509195328,-97.52724001759555,-105.48670537853302,-107.00270259417883,-99.56354663602498,-96.55800754471406,-98.73681921510675,-94.7466000228022,-104.60311787474004,-96.93447538151091,-96.99364669693068,-98.56011781762042,-96.92153164867322,-101.08535961675742,-96.24507142296534,-100.95149314656206,-100.03990170160928,-104.55479277231437,-102.38814312049492,-99.49490735193301,-106.52944788607329,-98.66374716094693,-97.60307296074548,-97.1558767155841,-97.47106202804667,-97.20021526942725,-98.16637398089506,-97.2767033906687,-96.92951852916998,-98.80655904441636,-99.67335686565443,-98.62191661230041,-97.33214349524899,-98.90055231460659,-101.2108971298813,-99.96431421145576,-97.75560744190048,-102.76371670706479,-100.352153250932,-101.50529806325915,-96.84273899007046,-98.24855013995716,-102.82847131647887,-100.03606260490947,-100.37713655457223,-96.30534791381075,-102.66947866246792,-96.89569282340962,-98.17040952623907,-93.83687045354094,-97.2097272571522,-96.35961809789562,-101.15172879189568,-96.93135359246536,-101.78639979903959,-98.1935412607942,-95.63214172499039,-96.13266880973848
2025-11-02T00:38:30,AP_5_112,5,112,Radar,5551.735951041506,5.0,0.12827242696479071,-113.51421224571041,-101.2704152002766,-97.65508494716563,-103.57140155715588,-100.30733001381073,-97.48519194325665,-98.20477287062658,-98.14707033855737,-99.26873605107647,-92.76916247607272,-102.09272415044005,-92.64717766412934,-94.42261380429036,-100.00857390722246,-95.47340826175731,-97.26302666147382,-95.16781055543575,-103.1748325911027,-96.58110098563303,-99.86432509665855,-91.52327880573336,-102.84632719147174,-93.60048837037817,-98.86304661516678,-99.89928132475193,-98.78206395345015,-97.9441396504181,-102.3425331710011,-95.90144178582675,-96.18220218440091,-95.6042429314592,-100.98646068090399,-93.11524952424952,-96.52419949859338,-98.63768287283854,-100.70150766222845,-102.85156650023683,-96.43969782754517,-100.23398078487733,-98.25200700906876,-98.10974634853454,-95.73394462999525,-98.88693454295473,-100.34889675667684,-92.45806159783099,-96.60014446179937,-95.41345285379397,-99.4676124621565,-92.07949602376384,-92.94976541008768,-97.58386080453641,-101.99725385764057,-96.06498228078308,-98.76522474972224,-94.48807646304854,-100.48516642200967,-95.49435843289221,-101.38588713152156,-100.08338411629693,-100.36737510200535,-98.1939305683298,-96.1529802535,-96.10860151368136,-100.85047525325766,-95.77418392235013
2025-11-02T00:38:40,AP_5_112,5,112,Microwave,5589.819640432111,4.18674830734397,0.11903906389248,-119.17109093921601,-95.43429305893372,-94.52893070127521,-95.36643507775378,-100.48879350420238,-92.31976395432541,-97.70102550144605,-97.1089206644773,-96.92319965289275,-92.14220744049672,-96.47334235069442,-98.16130930988102,-99.77521350136264,-94.38197704005402,-91.95655029677812,-96.21213286284451,-98.11523721692335,-93.69780862397627,-93.74439261833712,-98.60421674799407,-91.79262357662472,-94.21204401147627,-92.07848494361862,-98.73844106942596,-95.83005007831841,-99.5202870732211,-98.19852929242379,-106.25220458249294,-93.24831881570748,-100.08023361348297,-94.55467470405678,-97.21435207966672,-94.31198449940983,-94.92905919448198,-97.39019440448223,-95.93062471835545,-100.98589637420815,-96.22919265036617,-94.5480087086157,-102.71744503679027,-94.36901566852589,-93.46420376723988,-96.15175503345469,-101.09173709691291,-96.49567625086796,-100.78395549470915,-102.70997989250849,-96.66101750678072,-98.63941319534777,-93.2354384688566,-100.2989510118514,-94.53235368185639,-93.34834247949014,-99.30169946146184,-94.50902373987003,-93.3523363297514,-101.04491979634345,-98.88800643357342,-98.09532391840132,-96.72131878918889,-96.02851555721539,-95.28714605888582,-98.11651161122788,-94.08624911000368,-91.92513976381576
2025-11-02T00:38:50,AP_5_112,5,112,Microwave,5562.175654430442,2.444857507172985,0.06798876087925586,-107.39334679926093,-95.69384563084527,-100.42608105052133,-94.17533329960169,-95.77477828636604,-97.73168542181874,-97.66399914730276,-94.07433945693732,-97.34919686428486,-93.19603465389022,-95.9931979919882,-102.98367042040122,-96.62366310066456,-97.07781847251682,-92.18492385296472,-99.01083089079481,-95.76606912671839,-96.7060694372557,-103.79359172131117,-97.52656447660101,-101.2995912245344,-101.31522583506705,-95.46497154853174,-94.77976825137537,-99.49814022808613,-102.68832141821474,-97.29723620822341,-101.22802874007607,-97.55667385005259,-99.57643743227668,-98.72698849906692,-98.81294552785731,-96.48513093064886,-97.97084905287713,-102.91964439957171,-98.41874401422834,-96.4817334821063,-97.82848858865466,-92.95773406538612,-97.01986470516482,-100.67788856963844,-101.09425274410327,-94.61773677726939,-95.84383583835555,-97.55853636488594,-103.71443156267664,-95.14147984476635,-96.9450769024139,-94.67336004600799,-97.47165450161108,-103.16055137882466,-101.26729547914722,-96.63849684858695,-100.51048803962857,-97.84972612136728,-105.02419219535436,-97.69124773451279,-98.8308562675216,-93.30655660348131,-93.71697273748279,-97.06908820649002,-99.50335069998137,-97.54393781423035,-98.68779172016703,-97.08668594641324
2025-11-02T00:39:00,AP_5_112,5,112,Microwave,5539.9671296021625,14.743094039255752,0.3545152365769357,-120.95614066816383,-93.55950138603934,-91.10004928308629,-94.68007828676255,-96.97874267233969,-97.85048577822519,-97.25343340069614,-94.88018394050297,-96.30690081826295,-100.2920415897641,-92.3901846700922,-98.08482928097622,-96.02316224030501,-96.38632279190261,-97.48144056601626,-94.76231364012214,-96.37812129805447,-95.83134029586893,-100.4121486587002,-100.37685644518922,-92.30535853325961,-96.6583342087576,-95.53330097655851,-91.56057897596193,-96.19195384595051,-94.39049036093517,-95.58621737914623,-97.69231505231885,-92.92333737369886,-93.09684745783954,-97.08593074418182,-96.24725862170942,-96.72997800864063,-96.50890769242125,-96.93530414235155,-90.29744810253526,-96.29110865534138,-97.26979486707614,-94.5357602412579,-96.87308890214125,-95.60530058290742,-91.64044655148243,-99.70505537340104,-94.33747440102536,-96.31951734667993,-96.85286772808752,-99.12567955952798,-93.34863440062465,-99.32632019337177,-98.41218003483866,-102.00156376787666,-97.5183616478138,-99.01148399288378,-96.53666897967261,-95.60707801284207,-94.69949649487677,-96.43620730821922,-100.47635843988508,-91.32560110431336,-92.04052236542205,-96.83898794565646,-99.59105863828879,-100.5439784425153,-98.17606465999418,-97.39671296570171
2025-11-02T00:39:10,AP_5_112,5,112,Microwave,5565.040662337331,17.96676762340129,0.1944325504985961,-107.29416907122166,-103.08275874907363,-98.96752160428781,-100.6541521566745,-96.67549408777985,-99.22531974867516,-97.25742647403028,-101.16150073644236,-101.6336740454553,-101.0720967396961,-101.70932236212712,-98.1798874657417,-96.44920584946198,-101.06188807285324,-97.54537302022963,-95.73514859572919,-97.48104594513924,-98.37759285879788,-94.65744274224006,-103.91006416918738,-92.54877186578062,-96.94983021057037,-98.67708036976109,-98.96098152521802,-98.9149133312667,-94.97445866445572,-100.56315668500316,-95.65229763315443,-96.84946062899077,-101.78029162932924,-99.4517928427118,-96.92788477480909,-91.85748997315905,-96.7941982415757,-98.01514554069901,-100.68391617593673,-98.09684115818683,-94.2923627463456,-101.29355509043867,-103.99342586664955,-91.13670125186046,-96.93107988174407,-100.54568197808973,-93.87202702359184,-96.99081879504494,-96.74042117200406,-99.77801494794258,-97.08366226970018,-95.75055411683088,-97.70415792728072,-95.8420227475866,-97.89770486164613,-93.96397865268416,-99.06727012619525,-99.10981802897525,-98.35984991442855,-99.72178646955574,-96.0223617448154,-96.07147680406403,-103.63000023618491,-97.0379544956719,-98.93964289391474,-98.95736545172808,-95.03257440587987,-97.83601388480771
2025-11-02T00:39:20,AP_5_112,5,112,Radar,5569.261936558737,20.0,0.13702414548389208,-89.92897689816392,-98.82067807716012,-96.67973264266224,-98.30661044395254,-95.13778973246043,-97.07263792902052,-95.51269812716168,-93.98982362600269,-100.66649492024371,-96.01113981524891,-100.40524530510505,-92.16128206062702,-98.74535763210844,-95.41235235847185,-101.52265727678062,-96.42584997569888,-96.2705014220899,-94.35518217136342,-98.35522336141831,-96.627291571561,-101.34057933091319,-99.60430602087393,-99.04423035360746,-95.55096444779785,-99.93770571950044,-95.253825838602,-98.85243403928003,-95.1179808085697,-95.25166021340202,-95.96009784269377,-99.0846339159389,-96.36820052666113,-91.53530436920909,-98.66454012623205,-94.67415556066425,-91.7328915814179,-94.07344929399247,-94.0912185204226,-97.63683050648207,-99.4514798050646,-96.93348083181208,-101.89924816440231,-96.41837701128468,-101.07977822953154,-96.15821907399992,-102.25029022206243,-98.80203894667343,-99.91689039478534,-93.75912803592232,-98.85498385410109,-93.59757181261595,-99.40552231006816,-90.78312278735986,-102.23803148042981,-98.50430949925928,-99.65210853938946,-91.95092997146827,-90.75377713276676,-99.45602877155224,-96.16839133795516,-96.25168015181941,-96.21780965021796,-98.29599628460096,-91.47370908543199,-96.29149456433908
2025-11-02T00:39:30,AP_5_112,5,112,Radar,5551.754281143672,5.0,0.12363800725185405,-121.43726858103355,-94.97646784667164,-97.16790453911344,-98.69872903105284,-102.07017810288389,-97.3755536809686,-103.60134556642748,-102.12087691881241,-99.40637492957201,-95.34562768494106,-99.72093505275814,-98.97339243175534,-95.40234627244986,-96.1644864861877,-101.07973144170218,-99.00613603707441,-101.42583125496222,-102.72773214127966,-100.71064747485218,-96.04843369719944,-95.54517702287093,-96.45062576688166,-96.6618959746726,-99.73947296744865,-96.9394892876683,-99.62293143882162,-101.19986292177505,-96.34304993513138,-96.29870006826876,-98.94171907321318,-97.46507119466017,-106.00442122555978,-98.7039913218176,-97.22895749185162,-99.89841470077715,-98.93292309050989,-106.81785373712238,-101.58606917244477,-100.17463132100441,-101.33212820354514,-103.27918484764976,-103.10200977933418,-96.65541209028852,-98.18460071178468,-95.75568284342718,-97.05202920294963,-101.00883111384351,-98.02130267168474,-102.99560488855393,-98.74102253220103,-94.97825622243754,-101.22700649530107,-99.9755255191185,-98.82647673331758,-103.12227798409558,-100.20617681802005,-103.34453195223986,-95.44763309760665,-103.82060741253977,-99.69812809828628,-96.68264650162594,-97.07279602995882,-101.45344021157673,-97.59835617706119,-97.41725122820878
2025-11-02T00:39:40,AP_5_112,5,112,Microwave,5555.225307334143,3.729914704123635,0.3792076175293552,-122.19792923514873,-102.91962951657135,-99.09461231787378,-101.84411576498098,-105.04956659885272,-97.81432266671304,-93.33702664137992,-99.70483178689774,-97.66700114564871,-102.14340580946946,-102.62713588991657,-96.99567938652537,-98.49474236446027,-96.92592849076426,-96.79559050197946,-97.89252789548792,-99.06365020693299,-100.08192680949678,-98.67827399549718,-97.64954154915195,-95.75468973720926,-105.11602410149528,-98.98599675227692,-92.80815668635934,-100.94467053273792,-101.8153438315349,-98.24116429946167,-101.23572882768444,-100.81540743414955,-98.97543752492321,-96.87985286563571,-98.5430306464822,-98.51233729420677,-103.6630088452134,-102.68425236783031,-96.10431100235085,-101.81715217451938,-104.27096330403431,-97.58203491046545,-94.59172293484671,-94.22970305588694,-92.82550895082338,-103.82726969764116,-100.1605807884092,-93.92572925475584,-99.82100612152121,-97.67735465442254,-99.42116803246005,-94.95436189969311,-95.09658464654814,-90.84196052424691,-100.51407014852718,-102.62510476222866,-99.98929257470596,-102.45792839014433,-100.32976976000333,-104.31687491423642,-99.14411905538617,-100.72669476457517,-106.60236402972468,-97.51366586406071,-99.4455199199774,-97.676534080127,-98.10860761565435,-96.75867362224241
2025-11-02T00:39:50,AP_5_112,5,112,Radar,5556.472970187289,20.0,0.08226131945028281,-99.02499944399958,-93.65279701068806,-99.23055877070425,-94.33433610120093,-105.78728689628441,-97.68172357948575,-101.77511573403044,-99.44837708682972,-97.3441560932573,-99.04582282217932,-88.7975651780763,-95.96724638967618,-97.12602091947434,-99.3445406106328,-104.22081352335229,-97.27343160269743,-95.9776155704226,-97.2448716113208,-97.79587279732162,-93.66746347385734,-96.68451023988573,-96.63962491999763,-93.0858658526912,-95.97907386207213,-99.05632547283,-96.08225770688469,-95.54813754659163,-98.65811699076384,-95.53594270193781,-100.05329308296572,-101.19525988123264,-95.59475905135857,-90.36297092272085,-97.93665352667396,-99.01805634723078,-94.87762160532556,-101.16862072144477,-100.12729434882235,-100.68908542232798,-97.91192799846719,-96.89786437111637,-93.01114007896236,-89.72821809172558,-95.65265648411524,-94.29059915087822,-96.92138860932145,-96.99374731675839,-99.66009584533731,-101.6484558596936,-101.4624938239859,-100.64976842706427,-94.54341418975078,-94.27277902208576,-97.51123479199573,-93.68825519812334,-97.0102654094269,-102.31920614878503,-97.71903400014168,-93.13587851503287,-97.48543087882035,-96.03911547203187,-105.17573679446922,-93.86114238838951,-97.27493525223774,-97.36615417943642
2025-11-02T00:40:00,AP_5_112,5,112,Microwave,5587.449320026049,6.217981048261862,0.15749276494183007,-114.94660520255273,-100.60636363822582,-93.09212011900408,-99.99956295522495,-102.58285888439288,-97.43025590522417,-93.90683806078326,-100.36430434527128,-98.2211262674223,-96.78434023787842,-97.05530758166357,-93.48300605427484,-99.37467371949971,-96.68859662328214,-102.91311346864094,-101.49445363934164,-96.76770167971249,-104.84920694892203,-96.7129398360679,-95.9925959586583,-95.8080577807006,-98.04290668763943,-97.1633924744294,-94.8313132219416,-94.90394470616287,-102.27488226505517,-102.51519021243416,-96.39171662689768,-96.22998540510102,-100.69801165209648,-94.79314906820753,-97.29048121357363,-98.75255367238807,-94.28166163208496,-98.59413614813027,-95.26096415740265,-100.9844558315616,-100.1483315372623,-99.98535481761373,-97.87768991068349,-98.22935559402404,-97.32583742086165,-94.30505726858783,-100.40844896950989,-95.90045264515628,-92.07473963834607,-91.91581983784324,-93.08746628149345,-102.23354401698728,-99.00397558049771,-98.07567328780989,-97.67478712984558,-95.76171562385866,-95.21477057933703,-98.48838034188637,-95.57867733457971,-98.36290961393647,-101.6806093148193,-93.3726404643814,-97.0477046365287,-97.2981969702631,-98.86271609255073,-97.33319144291751,-93.94538860742149,-93.46705651239263
2025-11-02T00:40:10,AP_5_112,5,112,Radar,5550.437937574723,10.0,0.18385811152399215,-113.156490518738,-96.41359494399408,-99.00155077278002,-96.2918223195796,-97.48629280743614,-95.7663682797131,-94.9927213422246,-98.71503742926036,-96.16605739571742,-99.26458041238564,-99.16229485322705,-97.21829970056903,-94.97232097521268,-96.64084025932026,-100.16479782239466,-95.19122847210384,-97.8068008479586,-99.0214160273131,-100.52901460061642,-97.65041229128242,-101.53587682538198,-98.20600703452199,-101.88364367068425,-99.91183865203064,-98.83728265765494,-94.49592049674902,-101.43915082491996,-99.04855293649616,-99.48139103820675,-93.09241663169917,-96.08924034589849,-95.49173880743676,-96.8325860433643,-96.13291292358313,-94.63790133237008,-99.19353074085186,-98.7436922958133,-103.27783379697945,-100.36087535326824,-91.42035647423548,-91.46390124940982,-98.16835590597474,-97.96389507686744,-101.30835558174003,-100.40582681432299,-98.29902723108769,-101.76678316220205,-96.70265105796929,-97.78537405684898,-102.5219710660902,-94.89563026431244,-99.80673044456825,-95.05124014702089,-95.89654201979738,-96.29257497897059,-96.58310080339211,-98.21343644928433,-100.63162515274226,-102.31313135049527,-99.74466647689083,-99.37163509318431,-99.96967882492454,-100.58175378796679,-98.8200572843033,-96.06451232002436
2025-11-02T00:40:20,AP_5_112,5,112,Radar,5558.565947343645,20.0,0.17461562756254878,-101.82942446561484,-96.68576739101832,-97.8261343472579,-97.81295135427008,-95.6725882421683,-95.57378421479132,-95.42589329672127,-95.95907188689799,-97.80296667895936,-97.99009226880862,-102.76658431684879,-100.61916007793828,-95.90767035134084,-95.93069208104181,-93.73063483106893,-96.37406829835734,-97.52595961634768,-97.52941418476388,-95.75246886758471,-91.49848722144905,-96.70681975186547,-94.57625682874632,-96.36476631011962,-93.89794417461535,-102.40186635881733,-97.88124530041688,-94.04782000396368,-100.66959107101158,-100.3392066050709,-92.91243245350653,-91.57695484742854,-98.21179486536124,-94.99696342062829,-98.14563181560428,-94.05837413926929,-93.8396027409074,-94.5456905023229,-99.29625828553556,-95.48865795522505,-92.89727092039125,-96.27930681311824,-98.0033703180137,-95.30142764869444,-94.35821897694444,-96.6965566315296,-90.41079553401427,-95.39195963834399,-97.9490774182596,-94.80851216190972,-96.10023579968605,-98.32025427897538,-89.6310424240958,-100.89849862475515,-92.94543066753653,-100.82318029922361,-93.29764325785943,-97.1691955203368,-96.94962964663048,-92.84863586585216,-97.5283398382386,-95.45878065199221,-102.67045296044907,-90.39274679015776,-106.12541162203088,-94.10830407994207
2025-11-02T00:40:30,AP_5_112,5,112,Microwave,5579.6211781394395,11.534127189720234,0.4778132564509508,-134.35703927713791,-98.374193785802,-98.40962631401041,-96.52559827952348,-99.76069838985059,-100.05241602315219,-101.16336016877813,-98.75413161027134,-97.83252955823686,-100.85159488052287,-99.45321647478232,-100.60581743958524,-103.30908664696526,-95.65406810210891,-100.34332300900178,-99.34833120812166,-100.46079524081102,-98.89929296467768,-98.09887737291054,-100.00270779956301,-98.67888607784165,-98.349264714544,-96.584799023012,-98.32324069523857,-102.14930818948469,-100.73148887216534,-96.21444976755387,-96.00686018430676,-100.0281903346068,-101.60119010397092,-96.69909212687605,-92.32556590211861,-98.95024577271823,-96.35705328570893,-101.68283396324797,-102.7023333539496,-96.41576472781273,-91.14923947270412,-96.57643851675682,-99.12692789069355,-94.50068126037385,-95.78474966837062,-96.49450859970881,-94.188098617288,-95.9250651447795,-96.50358539596645,-93.60053493229326,-97.59957454019164,-100.3707837109748,-99.80653334995147,-99.65132311325692,-98.17053020130784,-90.99402253269017,-97.46999142660503,-100.17213831768792,-96.50872624683737,-97.10611198640902,-99.7655816943967,-99.39238120445893,-95.03920803172225,-100.98887354206688,-99.43316392380517,-101.94839066813492,-103.81670182189487,-98.16784245070171
2025-11-02T00:40:40,AP_5_112,5,112,Microwave,5560.421665801302,1.6159185601930486,0.7178628558134734,-128.10476986270484,-95.67953557073723,-100.2483797339213,-95.16239978979269,-101.19162336540217,-97.30373889263996,-100.27606291459863,-99.19040744290652,-97.36857570432292,-92.96901001041266,-96.82825034226705,-92.92653406021651,-94.26153304038931,-102.38145714097314,-100.020589254985,-88.91653043799467,-92.80131964122597,-91.0669670357995,-94.4467301227611,-99.0645438256094,-97.70079885033618,-99.67701426742092,-97.47350112957191,-96.91932844082329,-98.70808560523555,-100.12442179268822,-90.5002489523031,-100.13891359974927,-95.07176140683805,-97.8061239762372,-92.89824570971757,-99.69909653064222,-97.72920621371304,-93.28118687482865,-98.62997373976144,-94.89284223408868,-96.04137862531888,-96.93979508191813,-94.82143603821731,-96.24684348092562,-96.27019179331286,-99.70364930736109,-95.30255391389504,-99.28777130779041,-95.46482649157012,-96.91179358677209,-95.74617704279909,-94.58026883803012,-92.63107054870598,-99.31559528803459,-98.32847129900128,-97.80316651560244,-95.68523762320503,-92.61164112925142,-94.11395660860951,-96.78053737748087,-96.82268339895809,-96.77998497794314,-94.40633155837187,-97.21166975784499,-93.78956671023654,-101.2286772033991,-99.2047120512099,-94.85454804807762,-92.64985433148635
2025-11-02T00:40:50,AP_5_112,5,112,Microwave,5558.059600516604,15.832206492840637,0.7795517740847968,-111.19062949484587,-96.21533469658115,-91.40500350568075,-96.12024523768733,-94.65246013145251,-98.81495084123759,-93.23986582021085,-96.85491619973708,-102.01988075269752,-100.55422083888459,-100.57504472947645,-97.73837926923106,-96.42994995307589,-96.209168554507,-95.53178171073013,-98.86214794001003,-100.92772763300248,-99.6077067762033,-93.63793483350466,-100.02726434011215,-97.82347945608078,-90.28749138702527,-97.84664207409249,-100.53983983699425,-100.37802889630339,-93.29242763443305,-98.53390683661642,-99.38800350658529,-97.35589617141491,-96.32199830517038,-96.792648360719,-94.03826255256219,-98.46674574985327,-97.64683475169088,-98.31145664290663,-92.68159932899668,-90.02607544909961,-94.58903657775497,-100.02430162496353,-96.06335404348003,-97.9957898356624,-94.44750412071728,-101.87915352080444,-97.92439906679142,-96.52755780171283,-95.02459354111978,-99.10690791917204,-95.59257271331461,-94.85125738400855,-96.1820611003352,-98.59903257494658,-98.76775529797871,-99.93762749061202,-97.90630025984917,-96.82362326403022,-91.89107590777155,-90.0402500262654,-99.54991205427514,-100.10836495105863,-98.91779471258212,-91.52443937281889,-95.34939152130877,-95.38358424308566,-96.96767740326007,-99.89795184900828
2025-11-02T00:41:00,AP_5_112,5,112,Microwave,5530.376358968056,14.249944280150167,0.08593530910761295,-113.66345612435845,-98.55970605967634,-94.4416168820564,-96.8643966247319,-96.79312080142584,-97.44674673854237,-98.94100613018516,-96.08119101245819,-96.197205083994,-98.25545474468349,-99.56452112207741,-101.89923251328355,-92.91122626827074,-101.27005863588703,-100.1390924207806,-98.60638568442577,-102.82472839929895,-98.81130337117568,-102.31354700594551,-92.95214525656112,-97.43448287456764,-99.98638397437554,-100.13242342371521,-101.26301728732132,-103.06233172420332,-97.81895416622577,-93.02716597023027,-100.84975184545657,-94.70806351102166,-103.96750138851188,-100.76017382364309,-97.5006272516981,-103.26583986110172,-96.37100913459642,-98.21806971473644,-96.74547103011345,-99.26709619016566,-96.1023611748659,-97.5670855581961,-100.32425972927763,-99.36885447902787,-100.84411755056882,-91.56165507092514,-98.29817790777838,-99.02384256804115,-94.8647131735718,-98.90901303685665,-104.87867534894215,-93.83790482806407,-101.32981153461678,-97.9295056651818,-96.27204034084933,-99.76178085201911,-95.6134174033661,-97.02843244374576,-94.67795370784191,-99.0442995877888,-101.9863572011389,-93.87093735294447,-101.09158736958663,-99.8636762140577,-99.22843153719128,-98.26228207370727,-97.76097325377646,-97.67488678298031
2025-11-02T00:41:10,AP_5_112,5,112,Microwave,5574.763202717474,14.638754372638173,0.6426407378773359,-124.1480484526816,-93.35134995094889,-99.80669503099806,-93.69192727202679,-94.89866199178351,-98.01062384320106,-99.06617081916379,-94.14731991794102,-100.85295066642401,-98.06652266457061,-97.74243229092262,-98.4254531137412,-97.00056291995001,-98.24592547494265,-101.0243219770741,-96.95228799437454,-101.53474036557552,-95.45076747329182,-101.90403627211191,-99.87179177347923,-98.32177276003125,-97.22696928144714,-99.99710380975642,-101.25025817219361,-96.00095818411671,-100.54810070888327,-92.70851092436938,-95.8116099461544,-96.00628563085363,-98.70206705403639,-96.00570614797367,-95.39598945629709,-97.45446259345057,-94.25474127950578,-99.2613444735865,-93.61513391106642,-98.44518235115947,-95.01597669421794,-102.51251405201779,-98.5637337386521,-97.9773488325976,-96.83088391241289,-96.37722664342252,-98.7402316112001,-94.8215869870875,-97.33519122802747,-97.49464472403714,-93.75341994885181,-99.78600675779077,-101.21006117563952,-96.00031598913135,-93.34757491692773,-92.29075453925742,-90.98666863943498,-100.44206511346576,-99.76717451340748,-99.82961346152035,-100.73119997532515,-98.53664079923293,-95.20225899531518,-95.1437131557258,-98.7771526736137,-94.88226640985032,-98.84991175284422,-94.06947003043423
2025-11-02T00:41:20,AP_5_112,5,112,Microwave,5568.607727833637,11.299539179660206,0.3299424254867087,-120.3743794863087,-97.88501120887125,-103.33425507643912,-95.07509677638504,-102.58292896109015,-95.7847740636871,-98.02578187728882,-104.24954184346518,-93.97860809063748,-95.78428563327991,-98.74733470454562,-101.79087322713978,-94.86834546520898,-97.90384663205656,-97.40479407319171,-97.4355032476108,-97.92069760633606,-98.50504769371229,-106.13104036696446,-91.93724401908183,-103.20413784107822,-98.51340498342464,-99.11831352071013,-95.56612649676183,-98.6295976958654,-98.59293776492542,-99.6833859548937,-99.57740363990335,-100.38191221358228,-92.77459423281972,-97.1560687978721,-97.90684747676566,-98.91102930236218,-96.55690874332058,-100.9979756865742,-97.43574636339707,-99.20819782611696,-98.77091713047388,-99.6430976442161,-96.40705788461212,-95.61386230558767,-104.7846493474827,-95.5079421187934,-94.2948086677672,-95.82829258544837,-98.80770396955607,-102.76933485845025,-93.28770264266402,-101.23756323294269,-97.71437316706971,-98.27540776063151,-90.4905211168439,-91.78599237102017,-96.49510376162802,-100.5514100214675,-99.44545444254803,-99.74581261648378,-94.68373681505416,-97.19502237955717,-102.6655063758701,-99.28580116042023,-95.55096813671611,-103.42096462410507,-100.17795275553686,-100.62454516863234
2025-11-02T00:41:30,AP_5_112,5,112,Microwave,5587.099970302175,1.9997853094220472,0.6875426413117043,-106.91852649979671,-96.4192911865425,-93.21791721221258,-93.09949335123474,-98.19696313567559,-96.86711613811616,-98.8051768555172,-99.76890076378123,-90.63765335254666,-96.54525492186225,-96.35496110452698,-98.22474028136166,-98.88835838213016,-96.32693340995752,-95.46024190654845,-93.98621168091347,-99.26752496696724,-97.32944742970237,-99.37451701209791,-94.59587081851737,-91.98220258448978,-97.29834070982669,-89.16046735549686,-99.18435349629313,-98.24911956700319,-92.97611227907205,-97.63969675348635,-95.6275963656861,-93.35000313751776,-97.12565850896914,-97.7054477201044,-95.1402258870686,-96.19444674058997,-100.1624922624294,-96.05924170078185,-95.0390928876514,-96.89999543481969,-93.17362013348458,-90.85878413248916,-99.22341338996716,-99.58501054296518,-96.0256554710116,-95.95769328161393,-92.59194072802336,-95.95968787779002,-93.81190485298087,-100.83876081785682,-92.31127041818279,-92.24811002292648,-97.27262404886312,-93.5201538632468,-94.8788434464095,-95.60895202237964,-94.67958174566104,-89.79438335981595,-94.1370948047383,-102.00601995700373,-93.83423259103384,-99.87748148661238,-96.62485541755325,-98.04984077344395,-99.05885606776232,-100.23830222090547,-94.94743512064714,-90.06752431901697
2025-11-02T00:41:40,AP_5_112,5,112,Microwave,5539.732646170008,15.569307873008658,0.24502294691148163,-128.39273060870863,-99.9599576451632,-96.63741841009701,-98.34675436492205,-97.12818229279947,-100.1924270079353,-98.05431379045558,-96.76565003410718,-99.90740605984749,-98.76530441620295,-101.24524055700543,-90.83911045360584,-103.50363645001126,-94.82695388223279,-91.37209952439727,-92.43148965581223,-96.72981117383449,-95.89249394700639,-100.1593162401258,-97.62117646392217,-97.86503867244531,-95.80890150259813,-97.65646713346167,-91.62687397760166,-93.03974605915735,-96.10657050525961,-97.8971601514406,-95.29195949206013,-94.25247220752557,-96.03747817978014,-97.70132083646024,-97.27899914708027,-96.59427243840085,-95.29597904527678,-96.6611423769198,-100.93615051799172,-92.23909200282361,-96.23872218404435,-100.56985616583472,-102.30655368025393,-93.97576417947444,-97.02554036542729,-96.33634722738302,-96.48632212243191,-97.72077821650619,-97.80718336296329,-95.14526504296934,-99.85716118321949,-99.88159012235957,-95.05703886377326,-100.09929716655824,-92.92318820734324,-91.77206870467415,-101.97311067478535,-97.83546592155164,-98.05071287469109,-98.24455511033034,-95.70622124045087,-98.70656231498553,-97.08990510416535,-96.3819528180404,-96.42016279519021,-94.58746296105784,-92.45992088377629,-91.35496271308487
2025-11-02T00:41:50,AP_5_112,5,112,Radar,5551.166913502714,10.0,0.12814976064608213,-99.61106961623265,-99.66192878887163,-98.38194281628314,-96.43392086516319,-92.85303410063092,-100.53688995996919,-93.66888803885477,-96.76599727337522,-101.2910593359205,-102.08585464591175,-102.40441919964098,-102.4989994427008,-95.43567772051088,-97.05882397894105,-94.15542078091387,-92.07856370599217,-96.18608093367013,-94.76388361806076,-97.73661355404569,-97.42226117718336,-94.81513362590414,-97.76596187466599,-99.70824861868506,-101.21170175041988,-98.62284509358955,-98.88195770409678,-100.64286692097414,-94.82985272076729,-95.51011124078063,-100.14419942195548,-100.80711108655407,-97.04031991108143,-105.14689310896577,-94.37767568812933,-94.3855146057885,-98.88489646774197,-98.69490747954902,-93.93497735238343,-100.15718081463211,-93.00395423797787,-99.63731004971609,-92.33468861283951,-96.0797488290496,-99.45193125357565,-97.15033180034568,-96.99335064492082,-100.29917893076448,-89.29763305483664,-95.8631489863641,-97.66297357407242,-94.14226806052162,-95.70407286820915,-96.72570957602542,-98.24103775874796,-98.7318483754794,-96.90519435662168,-101.5703209447981,-98.31110697532901,-96.78427184349005,-96.50932574944152,-97.54578906693129,-98.59656477640526,-97.66406093159635,-101.82257827966934,-97.27676559441642
2025-11-02T00:42:00,AP_5_112,5,112,Microwave,5570.645737779573,4.0880637943687255,0.6310593828383863,-109.0020703686258,-96.79963627117593,-106.77366109392126,-96.24746153740857,-95.87877124564297,-97.17166556044734,-95.3010612516392,-90.88619183107659,-100.87942978719475,-95.31263612628656,-102.95172148342206,-100.08261157998345,-97.1885691083893,-100.9447706481819,-93.67323982132305,-93.92559653772716,-99.27231440114089,-96.13953683824866,-93.35562863932626,-97.76410542196443,-93.57516336627509,-100.71035755888293,-91.78842453605057,-93.6083281137979,-101.91732215949199,-90.93843818656107,-97.0868370982836,-97.69662818739646,-92.75997395971368,-88.50152561554825,-99.26094490669861,-94.1637762762763,-96.48612665423752,-97.81232481094833,-97.17572329758512,-104.70213349620295,-102.56179393933257,-97.32430224739686,-97.46594207906645,-95.53034503178858,-98.24017518587979,-98.10792509687883,-101.71702257636163,-97.68030686836784,-96.28659063310943,-98.5252962993118,-98.66356296652886,-98.27379461323599,-94.25911332346993,-94.02352050000832,-97.70177039555887,-94.40424138271787,-97.0392010226559,-98.45561332628496,-91.70216441154705,-94.04348986850265,-94.0703887096231,-100.58372510550332,-91.85712112076595,-97.23900355441084,-91.95260676143991,-92.37421516555077,-96.77241501103445,-101.497563874341,-100.29864634799064
2025-11-02T00:42:10,AP_5_112,5,112,Radar,5554.568258905057,10.0,0.1394117390329843,-92.36749931169705,-97.61241161962123,-94.81795121044699,-94.69371827994466,-98.36022588058346,-89.12821701428571,-96.05386719761864,-91.64343786309168,-95.08528011559088,-97.95075766810612,-99.55614557304146,-98.69841366023087,-96.1398946606599,-88.27991364955834,-91.00296939881929,-95.80317495474291,-99.44653755149962,-98.78661131072067,-96.88575863657866,-95.38508865579419,-97.54247368527132,-95.11480579822133,-89.19128194673061,-101.48876272602885,-97.22575080745828,-96.40943295685064,-95.12798125564139,-92.26250339264011,-99.15556508754123,-93.70570323768686,-100.42181902736378,-97.03020273047126,-95.3186270385436,-102.13393191706014,-96.06040874564077,-99.16511515062385,-95.64384741596534,-97.91782657625083,-95.52557123487114,-96.66237623805455,-97.88656865561394,-99.87444194855769,-97.63447079762891,-96.49463272535935,-99.66873297784036,-96.67282468722465,-92.67751000060558,-88.68037600102886,-103.02254248547248,-100.61766724717012,-95.25637609558451,-94.56098143693723,-107.22732421521822,-94.17112872618543,-97.85199196099964,-98.08950695584896,-101.22365127285437,-91.93367963317237,-93.47443388977416,-97.04641733087682,-100.72895030819059,-97.83646260256998,-98.23112059197307,-94.10214766760348,-99.78145897022436
2025-11-02T00:42:20,AP_5_112,5,112,Microwave,5535.334871709506,14.986136633434853,0.6115869399409453,-111.0333417226269,-101.85312230300946,-98.68344535448279,-88.35179300978866,-97.20835034494944,-97.0359081786566,-93.51671583448785,-97.31183032320922,-95.504207482323,-97.35629262096809,-94.83522731267702,-95.29595379066197,-97.73237065794912,-94.0866864047316,-95.61077250658137,-97.77259440573235,-99.05880928052052,-101.51241703800473,-96.10722365208866,-98.3112187261745,-103.02514675398137,-93.48820117273735,-97.04811722965596,-101.62998318594107,-99.53338288982214,-98.91067085029808,-92.70576943304043,-95.51975116359202,-93.50632886660924,-98.19710196523982,-94.04949939644338,-99.02953647976928,-95.0112025419197,-101.67064653730787,-96.848559806719,-96.06183467868132,-96.26755920465887,-97.46186759045898,-95.74697104172343,-97.28297569385452,-107.61099628936572,-95.4334934095697,-95.63674783704181,-97.22081597686456,-96.79599926631782,-96.87838747350324,-93.77587980804793,-100.21017591362661,-98.77359397586127,-97.80003567617567,-92.64006653217781,-95.98643708410218,-104.44771726234269,-97.6033639048479,-101.74818274315462,-95.2959782486696,-99.88490233530885,-97.01998446308802,-94.61954866018033,-102.3344289466173,-100.16069384027516,-94.40018387831314,-97.10095073577429,-97.06412999813904,-94.30067458109707
2025-11-02T00:42:30,AP_5_112,5,112,Microwave,5553.7492958507,15.59032802330766,0.5687468067485197,-116.90578162167397,-97.38578117094278,-99.3094264072652,-98.25821789179408,-103.02398293468798,-97.03484850845199,-97.532854359267,-98.58241563882319,-96.71314801080766,-104.7214939320831,-95.5207266018043,-103.48115589805938,-100.99970361513157,-104.82833624492491,-100.0171406611254,-97.47454954225704,-102.4485543503764,-100.11536047428119,-98.33174000607666,-103.67533855495385,-103.27346651084035,-97.64024886329607,-99.74733684404778,-99.64931576852129,-94.83923678880971,-101.01516770390246,-103.50202430284463,-90.36179460567163,-101.81296047705806,-105.67312809328966,-99.49689602737895,-97.33734724833327,-100.11971202512308,-101.06705593607526,-96.62615471518681,-98.0755431911206,-96.51810990317819,-103.01762809312929,-100.6320116190703,-101.08795560984137,-98.9691949613244,-103.354308105281,-93.89424837197126,-96.0608613979821,-94.95634061078542,-95.02523029992471,-98.76264521978725,-92.05178500543107,-99.22545113369344,-95.728382413805,-97.28177243082155,-100.50899857533201,-103.27726090443392,-99.03778429200615,-98.1284162217713,-97.95217076643723,-101.15619466794998,-91.358626881834,-102.57649050284971,-103.31278279130382,-102.44519914141964,-101.93956117894975,-97.73191934483467,-101.50177801594005,-99.30008160440272
2025-11-02T00:42:40,AP_5_112,5,112,Microwave,5570.996903448619,12.344878326645597,0.6616662044695405,-105.67325478886337,-100.21049032529373,-99.36146768893458,-91.69068990927289,-99.36536221342604,-88.21170117127596,-97.04223282360707,-94.04554048340385,-93.41742753421026,-97.27995855703074,-99.26496067553144,-99.89195792966649,-99.24632766742735,-93.99042891805033,-89.58325747853021,-100.75733095570244,-101.80798117900693,-93.14677939197117,-96.8987573320837,-98.09769812067633,-94.29618742014345,-100.4846653463426,-96.87255899845452,-97.52910804181163,-92.55487447333587,-94.82542359407996,-92.9253396452798,-100.44972518422536,-94.39761916175401,-93.38718712599554,-90.31028453896548,-98.92333954232889,-97.48474087034211,-94.85158050166521,-98.32227111128574,-96.13450328233596,-93.96812461062484,-97.406341068109,-100.21702837077584,-96.29842358002973,-102.66859511249343,-99.52953685487091,-102.60869731285773,-96.97696149070508,-97.54541856634894,-103.01438681088621,-95.77667221128804,-96.53163992219062,-93.1971001452943,-97.753106768464,-98.67641914003222,-94.89766660906598,-99.02820700880643,-91.40739449503668,-94.64005194330728,-90.36506588580993,-99.64161054135943,-98.29764741249642,-98.64482724548189,-95.13878283717301,-95.50489771964608,-89.76168946558018,-99.40726563596581,-97.21677196145586,-96.87681081453958
2025-11-02T00:42:50,AP_5_112,5,112,Microwave,5560.3078604979355,4.889389569446248,0.2582251381338006,-116.23036695685609,-97.49551696490138,-98.82750668267308,-97.37015757101709,-97.2684452307027,-92.19170690288303,-98.93653190480603,-94.64979657821075,-94.85318984237811,-102.28427046048525,-96.37328772750976,-93.29008088889557,-97.95542866909872,-93.00735604976296,-97.71930219422194,-92.94525454576414,-94.13316799934611,-94.09888379547665,-97.33408231520816,-97.74055322721624,-94.77143152203237,-102.17402585307745,-96.44125658496795,-101.53717924853918,-99.5511238703181,-100.22996447296704,-101.89850271960721,-97.90078190985352,-96.37298882008169,-98.81919645555402,-98.69742186604581,-94.16480001606058,-93.58230868557855,-96.88216188636144,-104.24211069735541,-97.30755334097799,-100.52980365585302,-93.04633211103975,-95.32115307638537,-99.25744518555909,-95.99023379292572,-95.11415886536317,-94.99649868821339,-97.59642215892974,-96.78461236937325,-91.23482846137782,-97.62218885144468,-96.05129443828467,-98.62412756540597,-96.05502580673053,-101.5998256148951,-97.82957479590686,-100.48230496211788,-96.83089946310997,-97.56739498483279,-94.25006424364216,-95.22094629291728,-99.40287008117735,-97.24702306207298,-99.22851321660971,-98.64873220862462,-101.09039399366952,-92.88109683911301,-98.66252254222859,-90.26922864002515
2025-11-02T00:43:00,AP_5_112,5,112,Radar,5556.799460988898,5.0,0.11822782390614567,-113.0496928229639,-94.14946713645648,-99.39439575836373,-95.97434251098089,-104.27237987763539,-94.74530978408873,-98.18956786927163,-96.23695927682834,-90.96876766752735,-98.04056261148348,-97.84160316045929,-99.2012105120184,-99.09107186941395,-95.01034955047503,-95.5599893883644,-94.3657848189173,-98.0678012931276,-101.26488820340947,-96.69438253521123,-97.02669205420445,-93.97487648321498,-100.18355974185184,-92.58313900103295,-93.50863500743147,-99.46298410721208,-96.64370795522979,-96.62607778324116,-99.25844475837819,-96.87999233406201,-95.13071667791209,-94.34161313762594,-97.4728214673976,-104.86809165015778,-103.02920976619552,-99.55150338806698,-100.29909994579099,-94.96609165103683,-100.15882051519155,-93.01566402892442,-98.80425467484767,-95.90816077828386,-100.97138801735404,-97.9524033744232,-96.92571499213751,-101.99061102427056,-97.07957294961237,-90.61396639808763,-96.24631762533964,-95.09181903669304,-94.44796177802559,-98.0670641552788,-97.90243257740822,-96.79887273770328,-99.78151794915118,-101.43080477792635,-90.58645493534905,-95.40467149584596,-96.72443255579337,-102.43636749500682,-93.82472657042497,-98.4516277640779,-97.10655000462896,-103.23403834375293,-96.48217528807817,-98.56812453083481
2025-11-02T00:43:10,AP_5_112,5,112,Radar,5556.124901293574,10.0,0.18547032911578085,-105.40982160641082,-99.33010204442158,-95.8242197312099,-100.47750307683532,-98.6061869068946,-97.34425443398545,-100.17442895841714,-92.31821937020553,-97.97928764161675,-94.26040238522901,-98.92195906736343,-92.7405024120743,-92.9483777273553,-104.10599188862878,-96.2419927356977,-94.99065117353003,-101.97856256286951,-101.42539464977085,-97.4531796531839,-102.37839026898962,-106.38845048837734,-98.01746326441776,-96.57286458201168,-94.93634632230375,-95.59963421651871,-94.59880459047325,-95.38352994252872,-99.88330904280728,-100.53302912773233,-95.89816197222034,-99.22844576157635,-97.44393278444366,-95.7306991744871,-96.04675038340409,-99.53776727307401,-95.24384213380878,-91.79623292765588,-95.29277910639647,-95.00108112346611,-101.9448135766371,-97.76805680541028,-97.69514336470003,-99.89343344952367,-94.54521733362265,-95.34155863768349,-96.0186726759745,-95.3420023207657,-98.91600240353624,-99.44221779017846,-98.89598543482715,-93.17275579788182,-94.60770961838791,-96.47979033001715,-94.89502473810559,-99.91204740864589,-100.12511975602797,-93.99018658373913,-93.5908127662709,-91.06886042240457,-97.33764443106902,-98.09192326882568,-99.59385258618863,-97.69590886725378,-100.47746520971333,-97.98015095004756
2025-11-02T00:43:20,AP_5_112,5,112,Microwave,5535.8081740325615,13.297903487829965,0.4137073666135905,-128.82248752902214,-102.2063459244072,-97.02574274879515,-93.41985313544524,-99.43176776575976,-99.8381187911668,-96.62310747177932,-94.1555519600269,-93.88439802398976,-95.66957724597168,-97.22638483770669,-99.50860232961968,-105.12929078388328,-95.22620961430985,-100.33026118869284,-99.97624177275101,-99.01561155276494,-98.90544323982944,-97.58288748224453,-97.62125359026439,-100.82193710040139,-103.93229127070755,-97.65700747226728,-99.01897864399251,-95.34256606599054,-97.93555206942338,-100.14496469769588,-96.0053165064873,-97.38372623215629,-95.04968010649549,-100.22280938478626,-101.40394228852881,-101.86784647961497,-94.22191184041466,-104.98347637067965,-98.32753150244858,-95.71195309310363,-96.49159841108943,-97.03930495124257,-96.18169148113563,-102.76230949750135,-97.81035804998595,-100.01724011124267,-95.8734261248663,-98.42666343222405,-90.90095582608309,-100.05116616600077,-99.42707631042036,-92.5743243212057,-95.39734672666353,-98.22408824315127,-100.97878845193473,-95.12533407886302,-99.54613208998448,-98.69935318846358,-99.49682011722832,-96.97601569964961,-97.96257836676162,-101.1446380315292,-96.46441274041655,-95.46650754749488,-91.57415161727033,-96.18788400870389,-92.87690160609291,-94.68350752808408
2025-11-02T00:43:30,AP_5_112,5,112,Microwave,5540.54846305118,10.399133604337486,0.31998523920626076,-111.2400914994112,-102.10980155406783,-99.36878954588506,-100.48492902428407,-94.01355470637866,-97.66378321013825,-94.5491244937515,-101.91921083876821,-96.59161555305478,-95.80198765177211,-97.35043067538646,-97.76372870083212,-101.47947862038238,-98.65010431685235,-99.13662042812983,-98.9626003747193,-96.62786224455807,-103.45848470281784,-95.36630762123767,-100.48480977006773,-104.74691415460215,-90.30591829449237,-94.62196653224748,-93.5245390933938,-99.64262387584753,-101.14961846285664,-91.80043798062714,-104.95003784520392,-102.84339724691716,-100.56193452217789,-99.83958535955196,-98.6824086520234,-104.9213699031076,-101.41941271782406,-103.52369817397096,-100.95762038509488,-99.30934694678717,-98.78885184592124,-95.42945493206099,-97.95760888363844,-99.28539749038303,-101.12828970057431,-100.1140331282456,-99.18702246318773,-99.07643153026098,-95.66426179026728,-97.55738795984779,-91.56996483822046,-100.668783048317,-100.71891049113063,-101.76394765253659,-98.72146903485704,-96.84290878073132,-100.93698321751475,-94.89262216149783,-89.11311527073846,-98.53099195385413,-95.27939231049682,-97.59866755398424,-96.87580797671134,-99.32074979389083,-92.5540571969967,-99.62542577360466,-100.05625714367328,-97.19234951136055
2025-11-02T00:43:40,AP_5_112,5,112,Radar,5552.221731050689,20.0,0.15712598440173703,-103.3847213012674,-97.04881611983187,-96.90466185036597,-97.15831937866315,-91.52314295855025,-91.79805065760522,-100.99917208419869,-95.23816905778968,-92.55320286637085,-98.46511006108739,-98.3062843470966,-97.95558340178047,-104.48115755904084,-99.1108922919411,-98.59368794957958,-94.54366688076982,-93.27529013932299,-105.75784286829789,-97.41545435293574,-95.31638887196769,-98.2251624487599,-95.22115541751045,-99.53140673872397,-98.07518168987203,-99.56334999157298,-98.5716102337926,-94.01146066876039,-99.24481285164698,-96.4694685495275,-93.9672310227769,-94.41272737555805,-97.85725183973892,-101.09834816130686,-99.47690084513789,-95.10716384857304,-96.00055092318688,-96.44742560725498,-101.08016418667327,-97.98686259718504,-98.47382096815826,-92.33705183299786,-97.74973513930637,-92.01560142569569,-95.35081792830232,-98.70905020844756,-98.30405207291204,-94.44826346622551,-98.99546860089015,-98.82391229639629,-96.25700732520558,-101.70542190501321,-97.79354297232094,-98.58882016967509,-96.88556871882847,-95.64224768110732,-96.86007454974207,-95.12017146019276,-98.52294903224671,-95.22163372740948,-96.60097191556544,-99.83761569552644,-104.86948936359073,-91.45347622974967,-94.14508513731911,-100.25313318893387
2025-11-02T00:43:50,AP_5_112,5,112,Radar,5556.0838228782495,10.0,0.17081456635033646,-87.64456006805284,-92.06499268562106,-89.7660604994942,-93.68239849633335,-90.37012963107802,-94.00285290424901,-96.41129084622551,-99.2147798097784,-90.00286222969488,-88.11417991947772,-92.04771850126089,-92.34596079811195,-92.68357945939434,-95.53565900629629,-94.9353833397818,-96.9219025690583,-96.88029576536724,-92.91782363074809,-94.6014837566847,-94.91591422554673,-93.48628967771889,-97.84708549368709,-97.49781410482444,-93.43150797954944,-91.03570815916231,-98.48882594556515,-96.26661427850536,-95.34853711896136,-91.61692067482343,-98.94964979474088,-90.92797063315949,-94.07799462881817,-92.86081120335345,-95.34509185277284,-97.87562159401854,-92.15190343741477,-92.95346553284305,-90.84916991086453,-95.40345923572153,-93.14030856633374,-96.3291883571277,-94.47395101238548,-95.1944713622976,-96.46583180693298,-96.35487674749263,-89.73859757649757,-93.79948437091645,-91.5876949634672,-97.56631922212932,-99.56325174575714,-95.24915159096783,-94.38262464878855,-90.09906329774175,-96.91188756635734,-91.96542366532847,-95.40728715558494,-95.79558421287733,-97.0266525179081,-86.73756888463276,-96.16553752456797,-92.36265138566135,-102.2342724301442,-89.35757521376591,-94.8419011762914,-94.5814640243222
2025-11-02T00:44:00,AP_5_112,5,112,Radar,5567.372675863092,1.0,0.09208362601344618,-91.45770972791706,-94.38126788717432,-100.82786778055738,-98.34345149395587,-97.09323050996413,-98.4556453197474,-94.20085583154898,-95.82254930931123,-97.0627674138196,-96.77117864651566,-99.84086565932996,-95.12039519358575,-97.97117498247692,-95.65757654091206,-96.0770521999604,-93.0991740064213,-102.66089754881743,-99.42049395811773,-95.25011331888253,-101.34119439128486,-95.84525008050299,-101.8906279768499,-101.20233844226384,-100.01072465163045,-97.11511150512816,-97.29942921017734,-102.97353953102709,-93.80960540528923,-97.50421868205892,-98.15244075364602,-99.87599364295215,-102.33029196394651,-92.89801244993198,-97.02563828690225,-93.23489373070771,-98.60482153403844,-101.4319969735618,-98.95262382600148,-101.48876181026088,-95.67704770594773,-94.75032184676452,-102.4371180673754,-94.67055187518366,-101.42356490821464,-101.5080434187037,-98.8545368866628,-97.34412353775832,-98.4900223344369,-97.80860454117735,-99.732877734547,-85.54012760002378,-96.86264595436343,-93.47203675117348,-104.7971314738106,-99.36709300045621,-99.19626998505386,-104.12159472115763,-94.06302519956934,-95.34119159055616,-104.43463510169175,-101.16145806640712,-99.53722878843614,-93.62651643339375,-98.31109422774016,-97.23409805153034
2025-11-02T00:44:10,AP_5_112,5,112,Microwave,5543.911895587766,8.930663586077047,0.4924907526458577,-110.95536855715943,-95.8392199648642,-95.55281987678059,-95.5322884849024,-91.2725946918785,-97.05759376430638,-92.54588223105537,-92.02308944028522,-100.11543710140417,-93.91532344477996,-93.14643376316367,-100.01799629856876,-93.91683652087066,-94.9805846694024,-98.11817855152323,-98.59562101339431,-101.51130944852824,-92.54622465025317,-97.13034917214705,-92.67616371024106,-101.68077017091679,-96.70599478775794,-102.3319183695053,-99.37226534544513,-92.38839797577583,-94.09434548012668,-98.55824029455151,-95.31774393551862,-98.94709475169563,-92.27308487311132,-99.1120577106015,-94.27186813774321,-96.19589104523845,-100.30864820663481,-96.46301582772388,-92.97985838696393,-94.89577271227219,-95.9501482860611,-94.0704733242275,-92.71525478860497,-95.1062676298721,-96.67870647679675,-97.64974988794648,-98.8332026135378,-97.54558173529122,-98.15183102155856,-90.4138798571833,-96.23957599302969,-97.5975982918602,-95.11504044432428,-92.33308921454899,-94.88895470505467,-98.07607250508957,-94.97808517968959,-97.79760025767536,-92.27874390514401,-93.56423653786908,-99.33547025840176,-98.70247118438878,-100.66382134023145,-105.17056625762744,-104.76905936037681,-98.16057096125304,-100.84060437035825,-99.24903256877863
2025-11-02T00:44:20,AP_5_112,5,112,Microwave,5538.823273311535,14.7918948581151,0.4719344191269182,-121.12307818776331,-100.00682839506877,-96.1579031250653,-97.46334464093805,-95.12874208019822,-102.11228698360244,-97.57111654200702,-100.12090130501446,-94.17474598516574,-98.03349256108999,-95.48675938725152,-100.9374891348712,-95.41138948838982,-94.56299768266342,-100.64319994903171,-97.417792857982,-104.48378609992304,-96.4812976950683,-98.79950443052567,-97.60265882048223,-97.11191608108408,-100.4171338101372,-99.81192818485368,-96.7797737183799,-92.1819963628246,-96.84024708885295,-97.88794108067215,-95.43576163142062,-95.801785265035,-101.35088885032225,-98.76359322853705,-96.21452616188171,-97.49562778354141,-102.37991292405546,-98.43300453887201,-97.81973570072235,-98.1974536181432,-99.95913964289146,-102.90459707724808,-99.72257094203927,-95.96651455400178,-97.63669006361322,-100.79860583771281,-103.58857452796953,-99.11406325239336,-96.98807464334928,-105.38623504540043,-99.03157221328833,-99.79072265744821,-94.29069940138504,-98.071495861818,-94.97543153729958,-98.29700270493203,-97.07035540431048,-99.48763758957965,-97.92466810310879,-102.77969632869205,-98.57169186795842,-101.30982894816532,-102.47421708297504,-103.65497173842428,-99.16846508584491,-94.00950152128738,-100.04249215044554,-98.49753807793077
2025-11-02T00:44:30,AP_5_112,5,112,Radar,5565.498360853997,1.0,0.07963286263726797,-123.02741121301824,-99.68392555359513,-98.40885734290312,-96.55835661229672,-96.05356599639055,-95.33821888119965,-94.03300622405516,-97.14575089909417,-97.63748064289884,-91.679637056055,-95.7919732665922,-92.16737469102016,-96.81139374766646,-92.3255769836127,-101.97628898774488,-94.33846447056115,-94.26923411931382,-96.35201186830669,-89.04081581569667,-97.5042243029176,-96.7859739249706,-93.23429049157745,-99.91043533915499,-97.14118187093374,-95.7251212980419,-98.13123950006589,-92.01518964743121,-100.45973920661774,-98.97518307148538,-97.32857577510366,-95.11196630486633,-96.85802206918096,-93.77173156497169,-90.89934619812678,-99.13524658966568,-94.38066285614582,-97.27131494834912,-103.7981129458275,-101.95084627478519,-94.9069334672009,-98.00711376144017,-104.61426732422841,-101.46287582800402,-102.60536564869223,-102.84578200824834,-100.54931579553416,-99.97285875161303,-98.27070426255344,-100.02342241157743,-102.02814751859425,-94.40986297893586,-97.36597198424407,-100.42622189649677,-98.95183333134794,-95.83190595684289,-98.03840105791402,-95.35556984871442,-99.78528209274444,-102.82562031517074,-94.12787642331278,-99.27131460175863,-98.16370196045827,-102.67717567146362,-98.02125565381782,-103.02635450968194
2025-11-02T00:44:40,AP_5_112,5,112,Microwave,5553.823590404138,4.332405060799589,0.3851247848742938,-123.7831028085366,-98.26113716593686,-95.38648740057864,-99.67504973864447,-97.38394986143695,-92.89729484404279,-99.47033634897959,-102.79156187332123,-100.24551809351627,-97.48764205650221,-97.32965385056137,-103.58383081210128,-104.64394413639093,-96.82966637997701,-98.95705683963914,-97.7592814211222,-95.5049401344957,-94.56817982028498,-101.40576954364434,-104.29400537627207,-96.22028878570755,-94.5232462920105,-97.8188052542132,-101.33610885449136,-95.74781302762669,-94.82165004211265,-96.78911514261456,-98.16325052542857,-99.2069041378783,-97.46195491236978,-96.0271220821422,-98.28876944014752,-100.49064727948468,-97.35646507412832,-101.32212791259188,-93.51324327876144,-98.5179743507393,-104.37659799539793,-100.26679675296424,-93.52100563456354,-103.55080870020109,-101.04954983751078,-104.69164676618988,-93.71366991647164,-101.65545603053097,-95.5034845793894,-101.25079036453724,-97.7643820325659,-98.43149781035514,-99.23239266527298,-98.55326713526617,-98.28181627977136,-98.8984710060154,-95.70809814525919,-97.21059196015696,-98.71740691353871,-95.97869990695713,-96.05394505875923,-94.05497101113856,-97.84506820963718,-105.49971680655135,-97.38109348430793,-96.27969309253523,-103.5275628100406,-98.48835302557754
2025-11-02T00:44:50,AP_5_112,5,112,Microwave,5571.345986684622,7.8111962419148036,0.5659324476312569,-128.92920587027217,-96.81989444674885,-99.41031601097666,-99.8344657753159,-94.84367166353785,-96.83927295532803,-95.25710917425437,-91.53690693983127,-96.05022913719394,-95.34813102972724,-95.95963546429375,-94.59197633884816,-93.59620995137222,-97.85320136605189,-94.03876300653428,-101.12483282180415,-103.34278887964209,-101.84143421586045,-96.92312437091095,-100.28825877334089,-98.33463259028903,-95.22617689053281,-103.16030347826388,-91.6232058621786,-93.74861946169358,-96.98105603537184,-95.25932586451586,-91.94631016587297,-96.66428239446331,-92.07260516393548,-93.17960518118142,-94.73349268551497,-91.30027605738792,-92.40439537329394,-100.69625697800258,-90.10685859078191,-97.85491865706167,-99.18382058994334,-98.26721728175882,-94.06119739255347,-92.26766563381025,-91.85237518389862,-93.73640101237739,-94.87442054279438,-97.69429439923594,-96.91346710485752,-96.32114240385786,-94.4955631658801,-98.3723091019053,-100.05821911820853,-100.28391065219873,-93.80518106325508,-97.51988164264618,-101.0908653305292,-94.85780001910322,-101.883237392605,-99.52124888222815,-96.27113056293534,-98.26965797259749,-100.78863531399313,-97.53103202685801,-103.03239450673713,-94.19683903039856,-98.16319302633906,-95.3558014159386
2025-11-02T00:45:00,AP_5_112,5,112,Microwave,5580.213788659974,11.723434275598509,0.6974931301367548,-128.0840150521838,-99.6335115663128,-95.09597634755909,-92.29544148074518,-98.19601257189196,-98.4177452814908,-96.59683447471761,-95.37829284417447,-95.50594196337144,-98.44731807794201,-94.91541869628641,-96.58857678792016,-97.08178823682361,-99.08172325730308,-99.372850617716,-99.05941040554389,-97.40950889296846,-106.77116505403524,-96.31691006914221,-97.27519387688218,-95.86270103929195,-92.11704331256294,-94.6621904938118,-98.50639020622947,-98.38874452808773,-94.80875916313343,-95.60394346527399,-98.92465963811458,-94.65024896902294,-97.68080967666924,-94.45983599809087,-100.53306683051746,-95.13002847044264,-103.01564982551335,-97.93289011065212,-99.26481796895938,-96.00110980210262,-93.50210934382395,-98.47684617548161,-97.98300316799055,-98.62553129517833,-93.35885446226098,-96.97445416244824,-93.95301573956517,-94.96898066502322,-99.89723614791694,-102.86615240724919,-105.01739580251662,-96.8168664963583,-97.2098998594338,-94.68070322914338,-102.29570830339283,-96.26447065497857,-97.35754475072959,-94.09965823721592,-96.64591669918666,-96.32624116355717,-98.56034889563199,-96.60575746216485,-95.34037167110037,-90.81903587003148,-102.12592072155965,-96.73550874647725,-97.25771753691487,-96.03912726494066
2025-11-02T00:45:10,AP_5_112,5,112,Microwave,5552.049479921519,4.02411778593042,0.614287358517659,-130.55858999988988,-99.67350293259642,-101.06439070780847,-93.01493917593723,-96.66438887178727,-104.73633775039153,-102.62787838638484,-95.58863629584067,-98.87575083523451,-97.48100232040159,-98.80765042371095,-97.45730953288468,-101.356297410374,-101.6685368789853,-92.38105722874975,-99.84417015364278,-103.23570902955382,-97.4456922803551,-98.77943178489973,-98.83272265978694,-99.61779498215405,-101.27101062587418,-98.11081739319711,-100.04229874959078,-97.54290019978109,-92.52378579266775,-101.81449077825407,-94.13732119934399,-98.08421152649761,-97.83454852853755,-95.80215730072175,-96.8752262495332,-99.1248205414164,-103.18605912826676,-97.0223779872143,-95.30481407121216,-100.28985264828187,-95.50006164005835,-97.02327935367589,-99.95170866943657,-101.78654711802689,-100.02701465343951,-100.2789047964767,-105.53826431939311,-101.90140533052875,-101.18707894191469,-98.50294010840902,-99.07755808059467,-107.44696639846185,-97.93014767316826,-97.6638408821517,-93.18803698283106,-102.82832461228476,-95.61313671363727,-100.76771053673295,-99.18922769882323,-98.70160538386638,-97.778689634068,-103.10968355223336,-96.76085585724374,-105.90719710011439,-98.05320725844673,-94.53928405531215,-99.86999004708902,-100.44299133965333
2025-11-02T00:45:20,AP_5_112,5,112,Microwave,5547.43956623485,4.920031465805396,0.5383191011740893,-112.37280559680383,-95.40102487831864,-90.58220201082959,-94.90618735659915,-101.44963256706316,-93.58228193738609,-95.50630097388967,-95.28769875505856,-95.02480845980473,-97.3604046085767,-93.28385211599954,-96.37383603281327,-95.92465666633974,-98.89371481034564,-95.04799443299653,-98.41050810964786,-99.72019062635611,-95.6191910795694,-99.32421523681118,-96.01086526105993,-95.42120319584089,-97.78190223776664,-94.60644665787703,-98.25708885925387,-95.68318677455187,-99.86414025618146,-92.39411746412571,-98.81023447039057,-94.22322390066691,-97.34649051630997,-98.57810512940931,-97.76750714169579,-97.11030990277845,-101.0834267072248,-96.93070962868151,-96.6169699592316,-96.82276489808524,-93.53902647410636,-97.83115836785561,-94.95534783775092,-95.27953567035723,-98.8320101342001,-98.48277129929423,-94.19037968884052,-96.67728453997364,-96.73302088170325,-91.07718530070396,-94.5868502962837,-96.3357692500238,-94.70427853692591,-97.1268466469379,-98.17766871719388,-94.4860379854979,-97.53648143821665,-94.44576265371543,-99.381628407364,-100.8869543141323,-95.6609837857713,-94.37435806728688,-97.70805745070504,-94.38279844918779,-98.13785204480949,-98.55889945362425,-91.75876960755242,-95.09423637938369
2025-11-02T00:45:30,AP_5_112,5,112,Microwave,5559.552748231903,12.03841888007755,0.35524170837493735,-116.93969723963502,-95.52318658514973,-94.39192909791223,-94.25985169599198,-94.40151939144474,-97.63027645473126,-94.3987868667557,-95.61161706437557,-100.50642150810519,-96.37808080855591,-98.22689410386165,-97.08147941033286,-96.64037230886949,-98.47143315433485,-97.62505474144898,-96.14951794141365,-94.99608265567535,-97.89378526063885,-97.15894458525824,-97.24736721640605,-94.93235979710383,-92.32556718930903,-95.06195913612686,-91.37093740061275,-98.52232737035803,-100.26670405522526,-98.26066792354382,-96.12892310194766,-94.04547991652932,-95.47129415840641,-99.03273088020136,-97.94345306999303,-94.73773639371377,-99.8171521135822,-93.08374040062759,-97.68885689884709,-93.01798610947908,-101.02469209224043,-95.44313962330567,-92.21291505179597,-98.75271731413719,-93.21647696407362,-96.33736812721024,-97.3854320445264,-88.6154956578587,-97.63473509738621,-95.98340619323122,-97.8538975781545,-96.63017337978553,-94.31278960552194,-97.8355382622679,-96.21207486153278,-90.11656682073472,-96.07852840777184,-94.49661492646769,-98.13812289667736,-101.61082203624855,-93.56287441042124,-101.76907242320706,-92.29675453744603,-91.32493266300408,-94.42166324661264,-92.2302512158395,-97.80587082378842,-99.67643028438079
2025-11-02T00:45:40,AP_5_112,5,112,Microwave,5559.571363631637,11.21857083726941,0.46811278306261855,-116.89189679292045,-96.03515340208953,-95.95252416812644,-99.61341953040846,-97.13639959821002,-94.61510185253799,-93.00076865818819,-98.64371818971169,-102.59594768094473,-94.42612970470901,-98.95585231911197,-95.64214136786366,-100.15025542549677,-95.53764096839595,-99.56293653496824,-97.47691415559032,-99.67321605966289,-96.9815364773192,-96.49695229639785,-95.98693265952484,-95.96704242148564,-98.85993148950908,-96.6207272035241,-96.05875550231718,-92.67258263404256,-98.01900744775337,-97.31736089220372,-98.79291851809869,-99.53859871201304,-97.82183982446114,-100.75250424205835,-96.63283544641199,-99.26086317948669,-95.73220113549958,-96.88183526953154,-94.14870840371455,-96.64154929242157,-93.74763780907054,-99.910522123752,-95.51345279249763,-99.00959685907729,-96.41591500794023,-97.28938230309514,-102.04172157431871,-104.00030926933582,-99.40434166238371,-93.32209172766593,-97.71382165175625,-97.88267555285069,-97.27145294658395,-93.1686193930097,-93.93835252609873,-97.30185810365948,-98.53547380217906,-98.75836356260716,-94.86887602634843,-101.40713330914483,-95.13908909462107,-96.5274864491741,-101.80261710368788,-96.83940413504351,-93.35388973364621,-96.62227068497359,-94.99148599348078,-94.08727775044537
2025-11-02T00:45:50,AP_5_112,5,112,Microwave,5571.947372357057,2.8706399970948975,0.2914497826397729,-113.82903870631738,-98.97755626698086,-102.14417086791849,-96.84415829682621,-106.4480796326517,-101.08412907661841,-99.59703425387357,-96.67672463099564,-97.66664608089793,-101.7471576993403,-96.85385042449312,-96.41106629172647,-91.83467261415416,-102.01346168962594,-97.3909290346323,-97.28252377632904,-101.58156319347749,-97.8073905214252,-95.77813092490709,-96.79904695108726,-94.42540113675592,-100.29875656275078,-100.09086862477808,-100.26391892908786,-98.20737442023322,-100.87226130913201,-102.44618719725638,-92.01535819695148,-102.63545208692977,-96.73451542674572,-97.13423012634036,-100.60231831062806,-95.29330627570195,-101.01105731787634,-96.87305679621936,-97.73587404306316,-102.18578567527851,-97.91434988709784,-100.04132947047435,-98.41556068903377,-98.11607609196497,-95.5019258568318,-97.70198518824844,-95.57961998364672,-96.17042785646011,-96.13196028414663,-98.25784103063418,-97.68414484784715,-97.75323058966225,-106.45366160475976,-102.49413041817341,-97.01757688679872,-102.01057856115267,-99.19815203698677,-99.2538355977239,-99.09634468274548,-93.57968454471455,-99.15912592616101,-98.9013935900145,-100.52599420048287,-102.34473706255253,-101.41873626004515,-97.22499656166876,-99.7954993194664,-97.64836627275886
2025-11-02T00:46:00,AP_5_112,5,112,Radar,5569.250887515562,20.0,0.11976874349794311,-125.22789554845801,-102.90500010055042,-103.08128022164553,-102.14782585849169,-103.69611025826414,-104.58886631847791,-97.93193323669651,-96.40272173691291,-95.75305416835315,-101.69754461378139,-95.9001809878528,-98.22178171648623,-102.18349746563169,-101.81145951429323,-99.1285192859075,-98.01605665892512,-106.25842642606104,-97.5300334330293,-103.21995024296677,-97.38760516133196,-105.37948737974511,-103.95035637145926,-94.7940480391301,-101.04072951261342,-100.36601557781852,-100.2986981820827,-103.4295458349284,-101.24604130898683,-99.48495272932905,-99.0166618615453,-102.68954543541818,-101.53375399086023,-99.61051142546349,-101.14367445885271,-105.26184658141655,-98.82855007744114,-98.32302302161288,-104.43356994190879,-100.93612562508605,-101.69805937155093,-105.36597976057034,-99.65890020113042,-101.10208133019378,-97.4447443441052,-101.36776871358708,-102.9405328893103,-97.7123457587633,-97.92871348296516,-102.7391207290747,-92.67104104047384,-100.30169208312084,-96.9109186040402,-97.58456239237583,-100.43926317300723,-98.71534427159114,-98.17711510030429,-105.35108209583072,-105.16110256522795,-96.05835646927632,-105.18395846460123,-98.6737610488946,-102.7792285860534,-102.86897202090003,-95.90071915373528,-101.87867379710225
2025-11-02T00:46:10,AP_5_112,5,112,Microwave,5589.251410119466,12.387749144386934,0.3679428338362312,-109.33607806920715,-104.6195240671118,-97.45169288621523,-97.87066042096153,-100.761485985125,-96.32999900054357,-94.37622078347742,-95.80024599013629,-96.74977009070386,-96.10916981094952,-99.69978751228558,-103.15243984498915,-99.61157024096593,-99.03978651671453,-98.42956188856576,-97.55401755343556,-100.25325846931597,-102.0816557352408,-99.98478467725089,-93.59578570896839,-99.949564842349,-95.82687873331477,-94.92603141983149,-99.35018586899699,-96.90896847262839,-96.09854718575893,-96.70084582350017,-93.52437501289515,-98.20300509768718,-99.22376981469237,-95.77538921445067,-101.12547709250366,-98.9487481896067,-101.64806353070624,-103.01209399697935,-97.48561602427417,-103.33452541599928,-99.74330269200027,-96.36659139104638,-105.81187887178518,-98.61098353062252,-98.9300542510283,-99.13018374211741,-99.0239673015679,-100.99861797096904,-96.89823034568842,-98.19696660198032,-95.7935711258978,-97.93040092607994,-97.9933070212101,-98.04459999505296,-96.74481392134062,-102.51551632682228,-100.81510122918569,-98.15946759215699,-100.24707013174844,-96.66864701990094,-95.83686561573246,-97.72391316572434,-104.08794920256841,-95.76994586535297,-94.91906909612862,-98.75961187660353,-98.89123115261577,-102.96658032658515
2025-11-02T00:46:20,AP_5_112,5,112,Microwave,5572.811070863376,7.2566992138571065,0.5165212377836391,-117.77997464115552,-97.17352601509644,-102.2008819696882,-93.5354395761466,-97.92001602900952,-97.43076097430377,-102.11821778954211,-102.03997837204646,-103.05778450184143,-95.14250515880423,-95.9639149157942,-97.64909235387387,-104.64527411970118,-97.5495209710904,-95.85634782154433,-97.99792787592936,-101.16187848834944,-103.4439745549691,-102.13624427482392,-101.24824491838885,-94.89900142705257,-99.97534291839042,-96.88301574879426,-96.68382125198099,-97.22757905427595,-92.0588294652075,-99.27243278176093,-94.9807654510026,-95.8607055625888,-99.29150773492198,-97.09111475270235,-94.65231879707272,-100.0282897634467,-101.21116897544711,-96.5407865076082,-96.300214241711,-93.64084076496552,-96.75342815877227,-96.7954422744084,-92.45824781450304,-103.5042092425011,-97.06953706693997,-98.22615155315775,-97.63256905726716,-101.36355146457329,-97.95438635775737,-98.03642774407035,-97.33422853486725,-94.71111756301181,-97.75519157002431,-92.98624160845814,-98.26548632487027,-99.39826872143544,-99.37397994817742,-99.18332506310115,-103.3348868401659,-97.9645190822618,-99.60698498398654,-92.27587449269852,-95.21302990653938,-97.98679639091107,-95.41254796920722,-95.9036200349554,-98.99307396749317,-97.50601819712755
2025-11-02T00:46:30,AP_5_112,5,112,Radar,5556.820328467305,20.0,0.0635810440645129,-103.31369121342013,-96.0139292454492,-90.34970960618088,-96.79849057998112,-99.20130150435247,-94.9080872883816,-99.55421262439864,-94.35204304577323,-99.43558278049437,-102.52947857387386,-94.98044029790827,-100.44069783541407,-97.33009725122723,-100.00434647982777,-101.39691963095325,-93.7441235846949,-92.01496816480488,-101.38065057154355,-97.1394244064173,-95.63276165167056,-98.0220635551029,-90.51300733392318,-94.73540354782406,-95.47525489794131,-92.4903149209321,-95.41824250148048,-95.0688284028402,-102.41469089968565,-91.63896567611803,-96.34654367942811,-94.61297615416152,-93.01548016894147,-100.76160861457139,-93.63056443517274,-91.58957501229499,-94.61593382440958,-95.82497259769187,-100.49169353121607,-95.74384437090056,-89.2832823406308,-98.60916669814951,-95.39216483675261,-97.54568402507982,-94.28009745909056,-92.369592008354,-97.60276777720132,-95.64251228978223,-93.62017759400891,-95.18006101299316,-95.58481622694156,-100.65289996032587,-98.54940663549908,-91.51746447005738,-94.41146653918878,-94.03815775402104,-97.78740682501608,-93.65697603757151,-92.93443781559242,-97.6918547212934,-99.962830876018,-91.47994170843893,-97.69378050428125,-89.68267808904757,-99.448070619342,-95.72840159259816
2025-11-02T00:46:40,AP_5_112,5,112,Microwave,5575.754479208113,1.7993775803729506,0.724385037686376,-111.43492313589483,-95.87345018659425,-103.10328783366741,-98.71885614168927,-100.10482378207313,-95.89752884613841,-96.71346118990333,-95.54043658773882,-94.58418161231651,-99.54945006653251,-101.47037475915135,-105.12108283120013,-103.02358306260798,-99.62017383912881,-102.72614608124397,-100.413524501744,-96.96075280339159,-92.25603942172754,-99.30655988261567,-96.62089326302615,-98.84320359911153,-100.31971750695546,-96.36624718955792,-108.02831337971244,-100.09725653245431,-100.2254924311904,-96.28699612828423,-103.56634892634935,-94.52769303462065,-99.32841810534757,-97.96730545586831,-101.32993860163097,-98.39038107475122,-101.17065861256006,-100.17965936841708,-99.52764292824091,-105.30917960428674,-97.24989017289117,-102.51513376717108,-100.35415482263646,-101.76312802055617,-93.35103438584377,-96.97915214700005,-94.07759368918637,-95.55493997444873,-96.06616238473663,-98.79655618949594,-97.43652878589215,-99.7961833955473,-100.55590449578227,-91.07266655814479,-94.23044874595935,-99.50465770275139,-91.75343253167524,-95.53855228809873,-93.15835756988531,-97.93421111467927,-99.22655555225056,-97.423582545987,-95.43195635669102,-103.77464638485259,-100.19002579936121,-101.86401587244075,-102.2512764861078,-96.86095424214137
2025-11-02T00:46:50,AP_5_112,5,112,Microwave,5533.444211943893,2.5410024905645323,0.26586111829309417,-113.44052467541731,-98.52983732325637,-104.08105146370428,-95.31878186482848,-100.41273800312085,-94.11809953011627,-101.89137532329977,-94.5932877268836,-94.32600409772907,-102.03834131569093,-97.88570865541068,-97.04714705462209,-95.05748832632933,-96.68028567254423,-100.8312287184732,-101.4888146320752,-98.872034875171,-98.54706424964314,-99.78820234574064,-92.23927802221405,-99.42899295023852,-99.42125208659006,-93.88892978670677,-95.85017261062424,-92.11815498108265,-95.2746554867063,-97.72904773676964,-96.04099444381362,-98.16405219075513,-98.82335529019224,-95.8744906745202,-95.07239352944458,-97.04402343027506,-95.89163324412162,-96.43368820456031,-97.2988084468021,-102.13060627096156,-100.62711274002154,-98.40154206794077,-105.35820469179785,-96.40353561837553,-95.39849658764854,-96.70809100247973,-98.22980945690553,-100.19251098386874,-98.897418948762,-100.47394775684853,-95.98254667587959,-94.98545561848424,-97.45267605905582,-98.86070020741387,-94.61607281576015,-96.48291580218273,-95.92961440404494,-99.44356560806287,-94.6284519159774,-97.62569649018742,-93.28474284913158,-95.21274565396851,-98.47941499223603,-95.43137428429544,-93.32152695254162,-101.69234401181863,-96.3484395884848,-100.68183128675277
2025-11-02T00:47:00,AP_5_112,5,112,Microwave,5561.3569735401825,2.1544097952494368,0.6345939597081659,-115.72503317709378,-92.49581263306636,-93.55799696286343,-95.97085619253708,-98.09887186594483,-94.32196293645823,-93.90089198826308,-98.541267279192,-93.92182505104456,-95.63094295247699,-91.43484829993214,-90.74644627326487,-92.04996118813726,-97.39292951154847,-93.70914118570578,-102.09225305660709,-89.64636717793259,-98.15082827144502,-97.4865298626408,-94.31892502018596,-93.58625499279391,-97.32744795163009,-92.9930155711615,-96.52543492209125,-93.4184423548067,-96.22166531701735,-97.443310783203,-95.74396773213867,-98.55092665649263,-97.51782289128893,-101.9138327984493,-96.12078560239573,-95.7854707539871,-101.11233075725274,-95.46715185130003,-93.7460856604763,-93.20813185030961,-97.89547222143604,-93.5611728468465,-97.0441076793355,-93.31362630196003,-93.51413507978722,-97.48775793701847,-96.52344808941567,-97.62907173031591,-95.42887614244924,-97.36455311675792,-98.97663577641185,-96.04473667564747,-100.77742178927429,-92.91460407758638,-93.97594911916572,-95.88682705599759,-97.68525707521671,-96.1611726519955,-96.83627750495278,-100.28459901036183,-97.99982078543749,-98.51603566558602,-96.21544443862935,-96.11221131989909,-97.72853700460152,-100.18586531719423,-105.2278131723274,-100.61849213824823
2025-11-02T00:47:10,AP_5_112,5,112,Radar,5568.388933491039,10.0,0.1608134458043486,-116.94217391846941,-95.15016975417178,-93.03884601803618,-97.43267278326076,-97.93059956622378,-95.95919443990077,-96.82261159582286,-94.7832994091588,-95.2885841013657,-98.82959386978953,-97.3076715189892,-90.07989915605222,-95.8546383742118,-94.58289965194164,-92.574636660078,-96.8774846753342,-92.3812179503197,-97.31794639285816,-95.10911629923201,-98.17775228808357,-94.3529842279857,-96.76584775504936,-86.87646266148415,-100.05022303681868,-95.76188217273632,-95.56681297591491,-93.3520990726171,-100.61851070082423,-98.31647020984052,-92.52184750140344,-98.6499626300946,-96.34255359572595,-96.42944480163096,-93.37319616090288,-99.25821220535347,-92.88469831801885,-99.28622692851584,-96.33266200699761,-92.88343472859366,-94.42060836334305,-95.9256869772951,-96.82256942424212,-92.42104406504585,-95.76627791396045,-101.22762130977503,-96.95918569696236,-97.8444057327779,-97.90350901886282,-97.0138098586307,-98.74615453571364,-89.43888882561191,-97.1301651285058,-100.5034257506671,-98.695928652445,-98.64920319787304,-95.04875680182455,-90.60562488256687,-99.49948814340748,-97.9316944695213,-94.37504933496987,-96.23468625645722,-91.01996852136675,-97.55091763675495,-92.5206102465874,-100.96473144378997
2025-11-02T00:47:20,AP_5_112,5,112,Radar,5557.875128578112,1.0,0.14962972132403882,-118.35918772745933,-95.33368353610949,-94.3799932276891,-95.01516255136767,-96.01243886213788,-97.38845951319497,-93.0106965624625,-92.69223908731202,-94.5345745562636,-97.80023062277853,-98.08071539610098,-93.66836068441232,-94.13777869014804,-99.76075695478178,-101.4811653132233,-97.82759104488368,-100.1316085510421,-99.3165333957186,-103.56072599455933,-92.52145523026388,-98.38201117672926,-100.42657809657986,-93.08267331027419,-96.76463392034067,-93.92590171277635,-96.49896243944556,-91.98732906505845,-94.48214578535816,-98.40480414234455,-92.05413543465373,-92.49976819153164,-97.89117244283075,-98.91090010969556,-97.57105627125657,-98.1414413454776,-101.70614995114073,-98.19285792779802,-98.54020081845877,-99.68614638144393,-97.20166926695109,-102.17243156680482,-100.01609467509768,-97.87562328100682,-99.24314690420586,-101.54066724739333,-92.9360067152727,-97.6932867254858,-96.68485025495755,-96.73027752370831,-101.7100492134188,-95.85338443531968,-100.10703624745987,-98.52888106012955,-100.26778360732446,-99.64029181797333,-105.53604917024823,-100.64887771381616,-99.79554349477428,-94.77825753679315,-98.88214134688477,-97.08984073982957,-96.09899636075966,-100.49729893446772,-99.91000517305658,-101.55876092064578
2025-11-02T00:47:30,AP_5_112,5,112,Radar,5562.305214988012,5.0,0.05394767906639229,-98.44759104370753,-93.80175517322671,-95.35861029229349,-96.68514163878713,-93.26057820620343,-94.89202153747132,-91.49364008244974,-97.23362871723248,-93.68706517073471,-98.02765071508102,-92.44996995661103,-95.80258273531099,-95.44601920494712,-101.38742066754347,-96.10927710692319,-95.37948095396472,-94.66375639159902,-95.0869784058575,-95.67673144868945,-100.13587196454004,-102.79083194360246,-95.4782485396031,-96.15505478332886,-95.84203710518011,-92.83232023666724,-94.97365085480887,-100.19906357801128,-98.46625652864839,-99.01399817350807,-90.20541376223544,-96.4080160823917,-94.21863462457392,-95.71367197389844,-99.68339564164127,-97.2971455698866,-98.65079654741842,-91.37686716278145,-103.16809553908504,-99.44139432525023,-101.83599095987704,-95.44401477058675,-89.13266213146147,-92.97940483383755,-97.70267474990997,-104.27712015274005,-93.68722948130848,-97.29440458953141,-92.74397643415645,-95.99475673663669,-91.66927983806987,-95.34480159152251,-100.84580006020227,-97.07456108423064,-94.24396074764397,-95.55871346754643,-103.62681568395075,-95.02726296757025,-94.90635105886986,-98.60630929786183,-96.57476153959028,-98.12665605330474,-91.71029948147911,-91.78933714106326,-93.06509129782118,-96.68441659281659
2025-11-02T00:47:40,AP_5_112,5,112,Microwave,5535.810788507786,19.583081347718057,0.556694095074059,-124.88915877547345,-92.93057509025277,-97.90872341807116,-99.4724833443001,-101.87151049539676,-98.30180967353378,-99.04194510877666,-99.88661726647676,-97.34817475192189,-97.77116411909891,-95.75054446429183,-98.6329700302483,-95.83514594555191,-98.55668355887725,-93.22169953541426,-101.84230968875178,-98.73583364134277,-100.99057605597257,-98.74573352578349,-98.05640427152947,-95.29064154884549,-101.32789806468563,-94.90658841386937,-99.42208547037512,-96.55111601791958,-97.5618796292678,-91.35229206179062,-96.34400764512691,-99.54863882308355,-102.4910217515418,-96.99609349698379,-96.9110759585249,-95.08468745792165,-100.45086402986767,-101.67482900800375,-100.55417129781603,-97.602801001266,-95.45460110447559,-96.33293159469909,-97.01492150208672,-96.82213155523954,-95.13655547064988,-98.38589373120847,-93.94495776140099,-105.02287643917452,-95.20929841760761,-96.69643884472174,-98.13547203564448,-89.82108372527185,-93.19821320697763,-95.31902285723068,-99.6493363740692,-89.30611950948798,-98.38954780640523,-98.30308529523346,-101.46696635770991,-100.98398677179173,-97.72056296402175,-95.63449552100974,-94.4459321299587,-93.01682613679948,-93.2920651643543,-99.13063990096637,-96.26935347086676,-96.1194255942352
2025-11-02T00:47:50,AP_5_112,5,112,Radar,5554.257576693627,1.0,0.12241610622782752,-95.95979093273873,-91.12151686867712,-95.29158353457349,-95.82467654820711,-96.86024182342312,-102.82972478948696,-94.63758228277023,-99.50120751431695,-92.46808425444425,-95.706194467001,-99.55216727192098,-96.04212186396033,-99.414245911005,-94.7383656417625,-94.51593340260459,-91.67808159438273,-93.76153054041418,-95.65495599703954,-98.1194394031536,-96.02946135626844,-97.66315363136212,-96.0536996694703,-97.06320496047918,-96.15635284502473,-97.96538866935947,-99.56342900452721,-98.22682480348244,-99.65514863578991,-95.7181857360232,-97.18032598990071,-96.50652248528608,-100.3951537462577,-98.43603787601214,-91.6365927493194,-103.01923356933001,-97.47050562554402,-96.8004582255881,-103.2871259557995,-96.77107094894299,-95.72292590638457,-94.31107448100435,-98.09448715968283,-97.68386912559593,-99.52740047813079,-100.25726345021683,-91.7110120875571,-101.38154725300433,-96.2173370568839,-98.07839436374181,-91.53930908841491,-101.37926664360592,-93.48427228463575,-100.75834436136364,-100.40510042522565,-95.6458080183154,-99.61414508587686,-102.8088461433345,-99.47651884532806,-99.31679225919956,-98.96006838024998,-97.60589578684949,-99.60046152725059,-92.53386328813679,-99.93539706294474,-103.00292173121417
2025-11-02T00:48:00,AP_5_112,5,112,Microwave,5539.864520739359,1.0627304989782465,0.4697063337555623,-127.32877716317023,-94.15596675680793,-97.44579274473062,-90.85645656609844,-94.79320753639654,-94.23989300057308,-97.49633061675613,-101.96664857619535,-98.94034618766213,-97.97370776180682,-93.58476513290353,-94.49402407019133,-98.88678049879856,-98.16613833822765,-97.38709781077169,-90.70823941770288,-95.70563402149524,-97.92930846326352,-93.77243581984843,-98.8494460122912,-94.62319224626233,-98.78788812693024,-98.67042321420573,-95.57175914498002,-97.57379888314655,-96.943682211904,-93.81222531539981,-99.42164792988413,-94.62893829190706,-98.31261569668784,-97.10163650922291,-94.91158101898773,-96.0035978775205,-94.60695811451738,-93.08838656139807,-97.42373985416556,-97.80470683648238,-100.84720109873606,-101.6298378436075,-92.7611152606094,-95.4065192200207,-95.19464046632648,-92.8186071190992,-95.03866996144785,-98.87830699986029,-94.4313268671066,-89.60292294149149,-93.0672931788126,-91.6235019561468,-99.78035698428116,-95.31320080154438,-93.8079912472575,-97.70492295354734,-99.43104907077036,-96.82355076844145,-97.73025209366976,-89.83072481494968,-95.82847072288585,-98.8984483122598,-96.64762049238203,-100.47908551759066,-97.65980595079279,-97.0887827248737,-95.48147607213413,-92.73644265752502
2025-11-02T00:48:10,AP_5_112,5,112,Microwave,5570.97940793178,12.234967614252557,0.6055153368454133,-112.04540501212433,-99.514568353965,-100.3908004591899,-99.09873637415382,-97.3485524143722,-95.68024403887674,-93.17697986959757,-94.33499170202288,-100.31631135335118,-98.41801056785665,-98.15129648901045,-99.33389069265687,-98.93190170857778,-98.30224008678792,-104.30319333122948,-96.50193572625078,-100.82648747927058,-98.48678885599509,-95.15117982636448,-98.05043100375379,-98.61501604770126,-102.25915026359593,-98.96230168674883,-99.85935248457204,-99.66436202640513,-103.0393016923813,-103.32338890609387,-99.33557689756023,-101.44471550008187,-98.33826297210577,-100.49735633125489,-103.88105752654491,-102.7118932283231,-102.11194134452477,-96.51113234142159,-103.6107577654958,-97.50506613328015,-100.96921759993582,-100.81329257268575,-96.82701574674829,-101.08746891535417,-101.02544151436548,-101.77249065451407,-97.37436890651422,-99.92727745870054,-97.33081194725426,-94.28646362681228,-100.65298072813663,-93.90932730834145,-102.03879866364929,-102.41472284822576,-100.5744724610771,-99.65424495384327,-105.62747880083069,-98.40924164221188,-96.35798824494623,-104.67922798874487,-99.05407205746552,-100.69271599314845,-97.25381452027086,-99.39314868093678,-96.53896362308316,-97.52549056326862,-99.43667461010068,-98.81792517387275
2025-11-02T00:48:20,AP_5_112,5,112,Microwave,5550.976873397253,11.080793130146825,0.7422348197383459,-126.34684500805533,-92.68388191708596,-96.52285619326928,-99.43115085289546,-101.14766570770529,-93.02657642274113,-92.2024054640761,-94.23179290699807,-99.85111386125317,-93.3996185314575,-94.91456024681914,-96.97673721456009,-98.09598544735778,-98.65983949144267,-97.92419436197518,-93.79324457872748,-104.44358301843556,-95.31939808029482,-95.39034812468395,-96.92326224452344,-98.26750518044153,-95.87781653838813,-101.73267657816459,-100.05113811763468,-94.78163142574991,-99.05026721955797,-99.32409397697576,-93.88538961961981,-99.85302786723894,-96.38348852857524,-98.74675115956978,-98.24305997021287,-98.05235487301948,-96.10830615371627,-97.80136621280607,-94.00917658405696,-101.80482650007815,-91.76412209553817,-101.68318553518169,-98.97386255191797,-92.8734430083505,-97.78474083252726,-97.85684593195708,-96.22457067098895,-95.37980427430698,-100.73063373997961,-97.43447229488486,-97.72084880166324,-96.9064719148677,-100.26830861792837,-100.09606363534644,-99.26509554535349,-98.37956831363282,-101.07549922028318,-96.44839441112184,-101.31795877414946,-96.20935192685549,-100.25286353810247,-101.45345073928391,-99.86115680734447,-99.94605267119492,-90.51139872204719,-91.5276851684826,-94.56516697481969,-96.3358930837723
2025-11-02T00:48:30,AP_5_112,5,112,Microwave,5561.072735623645,13.622632909678078,0.7387970438215483,-124.50990934590456,-102.06547095236762,-100.38778547049074,-96.66041589994322,-97.55455991069628,-100.55182889402234,-95.49598447190824,-93.89812713173946,-99.1904487299138,-99.7918649539499,-98.17271523859874,-94.50428076944992,-100.02649213527941,-95.36628215763811,-100.28739646954628,-99.60620472892272,-94.53116289418318,-97.95435558259113,-93.68560886834884,-100.66910377589359,-95.20425900481722,-101.61516662682877,-96.94011391322677,-92.5037481393223,-98.7628098376665,-103.46073214717407,-95.1174730649157,-94.48919962552213,-95.34495893721389,-101.00848320609228,-100.09603712750078,-95.29122400821318,-94.61848992470615,-99.50371550842875,-98.45477097015372,-100.04778232568762,-99.83305490851667,-96.09406072690884,-95.64846346611402,-95.64431082342398,-96.16147778797327,-96.61067196432003,-92.48919489519953,-97.37811816511052,-98.68559740676834,-98.86147600843701,-100.98102427946849,-96.37142964892388,-101.4640645150225,-99.27015247620439,-94.9191583064367,-97.96847477417313,-100.97496714430835,-98.15866872602031,-96.91597336783973,-93.68766845978685,-92.4668846690117,-98.64630004404992,-95.51026326717887,-99.77512237420991,-98.64442478503761,-103.73962633598889,-97.2473928347282,-95.97104779592826,-93.02994129986526
2025-11-02T00:48:40,AP_5_112,5,112,Microwave,5538.759991926987,18.512939113986956,0.5885586649468776,-125.07394190576659,-99.7076511790318,-101.06243518473352,-103.8107175403107,-98.97639297859767,-97.82219984726174,-93.362877719113,-103.25610531800186,-97.02213484276484,-98.7537963577492,-99.62766145256485,-101.91077533515373,-98.88725785829754,-100.00087395802595,-95.95099150668071,-100.48922816203525,-94.52600042723485,-100.29527222139124,-95.73497572161209,-98.27650067665046,-93.9604206054423,-96.14257010750852,-100.13489065179162,-100.76322215873658,-99.24734519124395,-101.93546686935514,-98.82937730172112,-102.36277847385311,-95.76186001746261,-102.98829351135268,-102.10440412466488,-100.77163546987296,-95.0821115130718,-90.69651522592844,-96.62677307912806,-94.21645724887193,-103.4360372256458,-96.96616440980226,-102.91414419169594,-100.91238400161562,-93.75434835016196,-95.78924784909977,-98.61775853595496,-96.26265462330537,-94.95363449879531,-97.27946794210202,-95.3856212751771,-101.7308923915441,-97.02043302924424,-98.85491981943223,-101.25190686148346,-95.326965834008,-103.99987799319833,-102.28819116292301,-97.27337337546729,-101.92145979780481,-98.96962103450637,-96.2470098077739,-101.20789608388249,-96.75835303062527,-101.93779799913541,-97.9837467661757,-97.39566265184826,-94.34158437161825,-96.78501161051443
2025-11-02T00:48:50,AP_5_112,5,112,Radar,5569.06612844762,20.0,0.16391370188522456,-100.52173221720626,-91.49190754671498,-96.06474689521508,-96.24837035114894,-99.15484888729826,-103.97730578229513,-97.67966456227262,-98.43910075305331,-94.2076364047487,-95.69609581933841,-91.5095070936946,-95.85654722808702,-104.32400231200424,-102.5252011930224,-99.06162748319241,-98.64689072661888,-101.10882723184969,-97.81071323823186,-92.88880410370871,-92.5541259205205,-99.24103812563993,-97.38750066918018,-92.80211487296945,-103.87868981052135,-96.49392212260567,-97.4412198782109,-94.08560807202284,-97.8548512921667,-94.73714302744878,-96.13635382378217,-93.21638273013954,-101.91429672468225,-99.4147814729958,-97.84889064058831,-98.6117440401318,-93.685550553145,-101.93813490380396,-102.84061782341787,-97.04101822344929,-105.57395204413771,-99.0524817922592,-96.15985717690378,-99.93682917913002,-93.35227622062929,-91.38411288815337,-101.83333109280981,-104.34617709302005,-100.05347875342707,-98.70006884025598,-103.6802263429398,-96.4300855053923,-95.93278002595025,-99.4865971367742,-101.53537738155319,-102.34373345445532,-102.67149967524023,-103.41487993103168,-93.3114416356322,-94.68067525881138,-102.49586970275459,-96.86032694524091,-107.12695320273207,-97.22345451747756,-91.85213380759458,-99.59871203014322
2025-11-02T00:49:00,AP_5_112,5,112,Radar,5567.115834672242,5.0,0.06462473411899736,-113.30142998451872,-95.59280044562551,-96.49886577506098,-93.81047287640484,-96.21622301674951,-95.03794007361962,-96.69490928660224,-91.16698383030298,-94.71823291770322,-93.79553936203874,-95.11327126332044,-91.48705636736909,-94.98776258103429,-92.4484121066084,-94.65258514062546,-94.26890326761048,-99.45480688625466,-96.69319766460825,-95.17954875614467,-87.95069051288806,-95.5375245286352,-94.21689697545911,-98.63794529649289,-93.66135700423595,-93.93438010903336,-94.1878975788041,-94.28012832003554,-97.99464379427847,-96.63235399804144,-89.99574589725688,-96.35501904283588,-95.54564577467706,-91.19133049426694,-95.80070508247721,-98.01897389995447,-95.85511481523156,-97.6872535836035,-92.05598433954798,-92.4640565460392,-92.93342350586478,-97.69581237370471,-94.3773461790473,-93.38521101812508,-87.16947735744193,-95.08154648510796,-95.3698776292282,-102.33585374385592,-96.4416015774524,-94.72051131044155,-92.6776831719544,-92.49667031041008,-96.78044831808113,-95.34996847634939,-90.90384129198172,-97.57737269814936,-88.82772634444153,-89.47606205964888,-93.55072035105952,-90.38561116876492,-91.90987307515734,-92.64295551760833,-90.66041807095345,-93.79709936405827,-99.15233353031684,-93.7577910161016
2025-11-02T00:49:10,AP_5_112,5,112,Microwave,5551.366834820576,3.0742512606270282,0.3855307616713706,-118.13113469572028,-108.34310822834601,-102.15134924553728,-101.72722561540677,-101.04968958955759,-97.16109051770705,-93.71081199811354,-97.7879524475984,-93.83287786383215,-97.72436043925694,-96.18399202419052,-93.36565870715813,-95.02122943582759,-101.6736890909679,-93.24586414092141,-102.05350046745221,-102.23203877358972,-99.69063062911724,-104.05060656527674,-104.80153066411256,-98.88008393497846,-100.41604668203524,-97.05554432820306,-101.75559700877427,-99.1848594982236,-100.54468816403893,-97.22423043093616,-98.58392954527461,-99.76624880123339,-108.04341835143751,-101.9862294067804,-101.34571902523714,-101.74969833611301,-93.41339920619282,-98.25752999358573,-96.6580349723988,-101.04178963768625,-98.89931171956334,-101.12390873560146,-99.06116332103832,-96.16877856998174,-100.89399321140412,-102.90059203586571,-99.97145303154424,-91.28144935833045,-99.94796622431267,-95.41181486219276,-102.9468823599603,-92.85612830300748,-96.03785299431408,-104.33819599280457,-99.27510908861697,-94.73242249659033,-96.64492684621219,-100.81389085540015,-95.03482205092641,-107.28825157444082,-101.98247288078123,-100.22778408912068,-99.87136965814165,-99.52496865817966,-105.60579416838851,-95.47917093901927,-100.69193920371991,-95.33397144447223
2025-11-02T00:49:20,AP_5_112,5,112,Microwave,5575.910034765228,7.812921650446492,0.37348330340528785,-125.37240866964767,-91.14274507691046,-96.50259983637149,-96.29162679081435,-94.04768218841002,-97.61476915735174,-93.89672692816701,-92.35685989949828,-91.64581984615752,-97.19335371933549,-92.87057221934222,-98.35897819896554,-95.48479606885907,-90.18644508059835,-96.6581773821312,-92.22744488940012,-94.95944529055265,-100.9890623860233,-100.62667255589011,-95.58780824045681,-100.38676846549126,-92.46388007856223,-95.57198282632832,-100.1221026493312,-94.21194610181757,-97.94616564100262,-98.71182779396187,-97.41559589927488,-94.7044609832007,-95.86606565639208,-92.39555399856918,-99.76501433283535,-95.3075010282874,-97.28865166126734,-101.11059567171577,-93.23414722333884,-95.95457633081294,-94.68894931678643,-94.8342306375349,-91.60777453557448,-96.98701487852956,-101.21934908126565,-98.17845124517049,-99.87965346172169,-100.80510453532102,-95.6083245720971,-96.04341782222194,-96.4799479592033,-102.6248403793942,-95.25945398119846,-93.60906684167347,-90.25586542371762,-97.67015167264019,-98.01907641868453,-92.75481259288759,-96.7181789976003,-97.98809665844524,-97.2975823609789,-95.54625488191762,-98.54114517756425,-94.49984931683316,-100.240964467348,-99.86327403824885,-97.0890393556487,-97.43448142427937
2025-11-02T00:49:30,AP_5_112,5,112,Radar,5561.914965079431,1.0,0.04396865499501683,-97.25154652281617,-94.78821988017401,-98.07737812275968,-99.87631522301994,-105.29751422107591,-98.60899547537173,-94.5399481711615,-102.88077727646824,-99.33311023902223,-97.79073557066168,-99.8896687679534,-97.84337679977088,-96.44214657999558,-99.53365411184019,-102.37630652737845,-102.88065375573642,-97.89202146597526,-94.47765422877329,-96.44351029227359,-97.78219518733023,-98.03869691209583,-99.41121011424062,-104.61402492886347,-94.59042903678653,-97.795617155319,-100.39288219946596,-98.83299690756722,-90.19094119034513,-101.03556538753065,-96.44548478474438,-102.50791001622561,-101.52729916205237,-93.29812452041267,-98.69343535254018,-89.22609820558479,-102.35414117392273,-99.8785769230999,-100.5200999081006,-92.41590561349305,-99.69370714535147,-97.63006142157882,-99.75465012981569,-100.66114991760642,-95.95290250394712,-98.93311689976338,-96.21963490368073,-100.5407136611991,-95.65561354009064,-94.91558657176859,-99.08233283548175,-101.71549801364256,-95.2637422424646,-99.14673879408285,-95.67959028155957,-102.5457649728689,-95.47942991516013,-99.09105017103408,-96.55236838955726,-104.25563736794449,-101.91918760012054,-99.41521865728673,-94.7755812287312,-93.08641853291148,-99.12014803865912,-96.88639135620639
2025-11-02T00:49:40,AP_5_112,5,112,Microwave,5554.556581397539,17.305638757899708,0.5929806569768267,-104.01613100364585,-91.08251302925385,-92.33133720052793,-98.93310317868952,-99.2075046657449,-102.5943825939823,-97.22561203505538,-95.60069757347638,-98.01431253710273,-101.7355414663113,-99.46252977912123,-93.09343828872987,-97.57675290180332,-94.40889755303678,-96.47574604706409,-98.72596628607695,-99.1260160573357,-96.08269373439906,-96.29506672326575,-89.24216180936196,-90.7549080069815,-95.38923470594021,-96.68976636948591,-96.69802963104848,-91.95385565901842,-99.37316902055132,-97.02260049945737,-95.75242035988074,-91.15787373406916,-95.31117336076562,-96.43365428325008,-98.02246773024923,-99.80041357959462,-96.52686397447886,-95.44355890587907,-95.92618600807528,-97.56227769362768,-98.87449473467318,-98.16488928343361,-93.43260398871827,-97.16912386557665,-97.54376699722928,-95.41273677248626,-95.22974438678914,-98.0815288503609,-94.62414375085889,-93.4872266699318,-92.6530844705581,-97.99374465305684,-94.48176147920984,-96.65046263825727,-98.18669592641095,-94.2785709068866,-93.57108933891692,-96.73871269032236,-97.42079294303971,-95.71034921103288,-94.40671016313095,-96.4134312634469,-92.92702971679574,-93.02151532098821,-95.79995968482014,-98.68436806672484,-97.28335527875501,-92.40500322037045
2025-11-02T00:49:50,AP_5_112,5,112,Microwave,5539.0456351368075,5.045406479589685,0.5633115959911134,-119.67599098125429,-101.0724481755547,-100.93607474965124,-104.08679678983009,-96.21974946226166,-101.27709152327634,-100.14094047783378,-98.90072439571439,-101.76033788652873,-99.98587352245907,-99.59474642432056,-95.61000259232028,-96.38369270773696,-100.61111126647951,-100.88025042428883,-100.9949556624395,-97.67830540453546,-101.35678367851567,-100.74142308782757,-101.05417580508833,-101.79334227438876,-99.75310253322147,-95.34001511387757,-99.26623723671896,-101.47566299967798,-97.33136296767049,-95.39217227727408,-98.08220022607166,-97.59183881093274,-105.16583585401072,-101.1155830022409,-95.42426125778178,-104.35641400355959,-97.45348764309789,-101.0554451502598,-101.62810607343489,-94.16849938312582,-94.47246274071915,-94.84766050433933,-100.43151212975927,-97.35336737198556,-96.71933226833445,-99.86632279538894,-102.88485195774375,-98.32256824444768,-100.67487369792336,-93.79353838458529,-98.47590847096299,-104.12891209794803,-99.09286349486608,-104.69320853804976,-98.41481939889695,-100.35986404003354,-101.81980125194586,-99.48387985012819,-100.65765008318573,-100.36499189429843,-95.40239390017913,-100.3629679177464,-100.52210771199255,-98.88953856655766,-100.36047309366573,-102.49547484064382,-99.70548204086852,-100.73075978341818
2025-11-02T00:50:00,AP_5_112,5,112,Microwave,5552.897568062796,19.113355867275683,0.11521028418948524,-114.60493638486022,-97.49004374205497,-98.47079658247276,-98.18452279100903,-93.65535444169389,-100.62682402218826,-102.70286435694709,-97.85741230303235,-95.65578986092162,-97.40811583890626,-95.02254724219698,-97.8834772510822,-97.6063204992695,-101.9601082126489,-97.94563310933712,-102.96238881873099,-99.51084674474376,-97.41625361979553,-98.45954551774982,-96.97777095155175,-99.20647256950585,-94.6279267896228,-98.03835505966701,-98.26274201403614,-95.91914817040809,-96.91762510397183,-99.03961419461075,-101.11646150574302,-98.28756619809289,-101.43526176024301,-97.10032203587548,-94.99812973709156,-98.98166732223422,-91.4730585439935,-95.35720422289877,-98.08210296357018,-98.00812216991827,-96.49272275028005,-99.80825168636457,-99.3742590185826,-102.20236067577734,-96.55904631570012,-98.69288717272835,-101.03043914508203,-101.80161724214094,-97.23472177617998,-99.24494260601448,-98.21784641615022,-102.61681552397577,-96.66919798903501,-94.77895307197808,-96.27937905847752,-97.76864119620247,-98.11164899277914,-99.84018798006922,-98.21082762600095,-95.64029391856927,-97.04638004587166,-97.06388668120793,-104.4592717486924,-97.37607572835176,-99.95028199963211,-96.96420252631324,-96.82154455625147,-95.95858374838703
2025-11-02T00:50:10,AP_5_112,5,112,Microwave,5579.379579839147,18.97914473512599,0.44987050076924623,-119.97498751036323,-99.09325865065968,-94.49519372489392,-97.04323272770716,-96.77463571544217,-99.22539573520794,-97.65844761001102,-99.91212086763593,-99.76236756189016,-96.26831615166725,-101.9333537107379,-92.33267554670776,-97.4325239667106,-94.45957694006486,-96.31571350195821,-99.75511320777736,-90.8772052133087,-96.30575175380395,-98.19595664668354,-92.5276837562991,-94.33415755918898,-98.47062708630196,-94.24342620370508,-99.30154523471191,-99.43480954617607,-95.22827958516856,-95.94104091552953,-98.13735303051052,-98.46298550917754,-92.7123877824672,-95.13982812046761,-97.03291400284463,-102.8860969319047,-97.1585527335512,-100.41140736776781,-95.40378251729835,-94.47645507306567,-95.50449627254774,-94.7623518833124,-98.70733297530896,-98.19627890580894,-93.39866966361181,-94.85449410021536,-101.42271061225816,-99.51088408229722,-95.16062561893486,-93.84857833402481,-99.31356939855809,-96.51401090271904,-95.356760612368,-99.58886411825546,-99.49951558300566,-98.66150533857349,-92.78663335302322,-97.66646334531927,-97.66414608009083,-95.67548256796763,-100.52533139368315,-101.84225775233084,-97.55769419827938,-101.6773964770557,-94.80308894317155,-97.36091257201025,-97.84002422173661,-95.55014517829512
2025-11-02T00:50:20,AP_5_112,5,112,Microwave,5559.672417600237,10.588350676276814,0.5856281258887261,-111.11829536754203,-101.33797821226686,-101.93093420660388,-96.53852030306344,-87.28187356027091,-99.95574518201335,-96.83130463774151,-96.01087835229818,-99.09354948816943,-93.7699038332533,-100.1661967431055,-97.17869033484806,-94.5062462313693,-94.82155594827864,-96.88959525945693,-95.93962503230664,-98.63889655503873,-92.01170931083641,-97.87993112437412,-94.71161806047908,-97.48036941611629,-95.91938620292723,-97.82482223629846,-97.69127001455266,-99.59625708605869,-94.36646903116458,-96.92323861345844,-91.76434628866615,-93.81220100983658,-99.55591918600824,-95.37923981040676,-98.61541605862561,-100.57158373325707,-96.5722512716434,-94.6157422035848,-95.85695431564125,-93.77482601847697,-97.2931245144795,-100.38725643920093,-97.74569715336345,-95.63282420864404,-98.21549176582593,-99.19007821374096,-101.93771341742422,-99.82665337680382,-91.93085527758939,-94.3317569957595,-92.9709074071639,-95.86310070327089,-94.20787772174974,-97.06729114632174,-93.64347585764457,-90.57616246570512,-96.75700690881652,-93.68924543970498,-100.61895206304774,-98.80257767657038,-100.19887881939684,-97.76425565436269,-99.73040253767644,-98.98736570047573,-92.24843222035504,-99.37130518247645,-95.94671931644056,-93.68878002287242
2025-11-02T00:50:30,AP_5_112,5,112,Microwave,5577.697776398079,12.880972718813046,0.2981310739409563,-122.91777519677204,-97.72295737051982,-91.1088227844401,-94.439377093437,-97.51362150319318,-92.62218022954514,-95.04838317870026,-99.37378361184422,-90.8348268486698,-97.86700967706172,-96.84293778438123,-102.03656665838811,-97.76271229669113,-94.30862188690148,-95.18841380458689,-95.5913157663999,-96.90182349053524,-98.04671742749987,-94.24746867401889,-98.00243493193459,-93.64747081846141,-96.81632451293528,-93.5495732778173,-97.55461582397388,-95.56741427344157,-94.4649058768498,-95.85718745664195,-98.24222643455616,-94.94298009545668,-99.96642645364275,-98.80891323137126,-89.87657823919791,-95.33391779779394,-95.3372245402891,-99.35089714126327,-98.73030755290172,-98.57462093465553,-97.6539172448531,-98.32733129289329,-96.2590138677103,-98.1634674440456,-96.2016466415729,-92.5611939328412,-97.27495488311236,-95.73249172183084,-97.5791331955156,-94.10264032075038,-98.17928317879047,-94.78807187832727,-94.23588246026058,-89.95062319416624,-96.72390862907679,-96.92832848493015,-98.27212472987554,-98.18086536659023,-94.47649375425192,-96.44299113855895,-93.73837208321095,-96.46580928185263,-92.29517309210065,-95.71097748604869,-94.66083081391247,-95.028614262585,-99.4003074783453,-92.91631757462697
2025-11-02T00:50:40,AP_5_112,5,112,Microwave,5557.947108673083,19.162239555682234,0.46775071558049114,-134.67609696070795,-97.97504237505235,-97.31342096018275,-100.77648300579456,-95.16003640735128,-101.61520425326387,-96.36791147692743,-98.20043498507839,-94.66907409921552,-102.11430973030006,-93.16867110698378,-94.51228980319839,-97.991484972047,-97.27199696388125,-101.12802544103283,-97.44102786395636,-94.53994314487399,-93.80637465090382,-97.90276441981737,-95.79169444422875,-98.30896734380035,-92.74361336134714,-97.1953305766307,-97.34859075219853,-91.84934975064313,-90.03235433846352,-95.21453518750519,-96.50179844714674,-100.93649050382412,-96.15562813495953,-97.82076418313567,-93.45041914354714,-99.18800187798374,-98.94532716019187,-95.93127263178599,-97.47910050482353,-97.53049413719535,-95.88347134317375,-99.05650761986603,-97.55930829661862,-93.64009355629425,-94.5297503275479,-96.42519900716448,-101.0929724813552,-99.71105221501293,-94.97345382580163,-100.74231223604424,-97.1572393211089,-96.89258584038075,-98.80510883656476,-100.14943060028263,-101.13041242436083,-105.39661340408698,-95.2145529612438,-96.52809178268579,-101.19555811750521,-98.40690367710319,-102.69519325359317,-98.26107473845077,-99.81334892268622,-95.65800863971754,-103.1756482038619,-98.45848263902165,-101.23578155379614,-92.66118910424112
2025-11-02T00:50:50,AP_5_112,5,112,Microwave,5546.94353935185,17.89881794132956,0.2990178320616145,-109.97454267198837,-95.62524774665353,-97.73584928125321,-99.14962183505588,-99.49560187922891,-102.1291077001776,-99.17530193834087,-102.93814369481836,-95.212809311843,-98.00628290637975,-96.70034364402969,-95.35825858259071,-103.1406437813981,-93.99498409931907,-95.83619069533769,-100.85224048529314,-93.75760100371838,-98.73996753030939,-96.05773814675835,-101.9229505030683,-101.68101546355672,-100.25766591996025,-95.68798379908844,-95.47825657570148,-95.03560098123661,-92.85599574801196,-103.04950050773343,-101.08508170153637,-97.13053390573039,-98.9087633976825,-101.10829214524983,-95.60762477940672,-97.17815379583462,-93.67865442660404,-103.14393061230076,-98.84291604574695,-100.97542893154711,-104.75715143079424,-96.60804953428811,-98.79757038379061,-94.81599011542413,-101.71267185894065,-98.3408569221394,-100.90809219868467,-98.81354266916453,-100.31481983386108,-95.08056846958532,-94.42490991203351,-100.08683092375892,-99.95187381693455,-95.79237393130566,-99.62546255333302,-98.77314493959814,-97.11771186160857,-97.56231516663077,-94.8169936500918,-96.2151481528159,-98.90225955571648,-93.40102366388791,-100.28066263263408,-97.57800904557928,-96.28073011496302,-95.64373486085586,-104.85659641820314,-96.41839027695578
2025-11-02T00:51:00,AP_5_112,5,112,Microwave,5546.158107248219,12.354294531321527,0.08857572402030904,-104.19177085741065,-100.9125417619257,-92.90165842126774,-95.46978334253843,-97.79475624730787,-95.29986420803905,-96.25232426208308,-85.28149515758992,-95.91338601781666,-92.07576163838758,-96.50180467509715,-105.01183860181968,-94.16375665751545,-99.75837648633147,-95.10414136006594,-98.17136947256378,-95.50940961807213,-97.6449123234924,-99.33653693390032,-94.14122243244877,-97.91606470385646,-86.56388880041953,-98.11207449062918,-97.43418914646635,-97.21536389854005,-96.14317767217483,-98.50802932718254,-95.42913931393132,-100.21591705086126,-96.68115285550307,-96.8564153129637,-96.54884712858083,-93.45000972984225,-94.83936737943307,-100.0451560155658,-95.52424603446697,-97.90191219108657,-100.97926996294062,-93.1797904098518,-95.32829299526783,-97.87912642961157,-96.14017166231935,-96.07400490242797,-91.87898047837363,-93.06879448589223,-95.52085387511096,-99.11355427535149,-96.96566873736636,-98.24732270902891,-98.78789782572505,-95.68445591872641,-97.80717749234209,-93.02779005552566,-94.1121200402622,-91.08290131900604,-92.54001282740117,-93.22397592536996,-101.0364600282564,-97.03996657757837,-95.38466225981163,-97.23993715096763,-100.50266794828347,-91.3875694255338,-93.51998218331718,-100.68064092455911
2025-11-02T00:51:10,AP_5_112,5,112,Microwave,5553.537692005375,18.520625673375527,0.4785197445360893,-114.38181641766423,-92.19172045677158,-101.19422695627962,-102.42024246565012,-96.23670676362467,-98.2189801746489,-96.94478766666387,-98.9960979120761,-95.22324176106426,-96.67832711470217,-97.36781021896769,-99.97109637651636,-96.99233321262642,-100.45854342135482,-99.38284393231069,-94.55548849139838,-98.50271832101443,-97.51933583650988,-93.3289174762454,-96.29238870188335,-96.88239281312401,-96.77969591663448,-97.78342664809551,-102.81182409262723,-92.8114700894887,-94.41088943588203,-98.1727206080659,-94.14271643903417,-101.44181005511086,-95.78531377433387,-97.42699364593811,-98.57059804316887,-99.43666205394965,-96.87770613318743,-94.4023954533306,-95.58841099565211,-98.43185260714988,-98.17285525944197,-97.06437325237108,-97.73146995195772,-99.1073825383385,-103.85928201447675,-96.51247215642779,-96.08387300401554,-100.3629048661015,-99.20664601614057,-96.94640455052485,-101.65167130337433,-95.05006318239269,-104.25590252378589,-97.43411007771091,-95.9484881599447,-95.00358856699448,-98.89120487993743,-99.54596314982308,-98.1409861641905,-98.71178239118086,-98.3872714771549,-98.85832403358161,-100.08975729675285,-98.33626789601362,-99.89433348249841,-102.77431109697706,-98.42942133076463,-98.41001903313919
2025-11-02T00:51:20,AP_5_112,5,112,Microwave,5564.125500506612,13.207814988464365,0.255817670710665,-123.31718604087062,-94.80731329932239,-97.45021845750581,-96.99451732023152,-96.80013406988449,-98.04034097469813,-100.00372334533459,-99.28609806063673,-96.18812356621783,-93.8664612249613,-96.78903903923201,-98.50902127900812,-99.94461651939434,-97.05716919246157,-99.2881406647065,-94.70078130117878,-99.85509847964308,-98.14449236310459,-93.52891117860824,-98.01914496274811,-96.29486500519334,-93.58458276035205,-92.81120773913607,-97.05749760938652,-98.08674215455287,-97.75126461336377,-94.3782613960949,-96.8600452400041,-92.80157517607634,-101.20593298300331,-101.98467642492734,-96.74770651466754,-101.7563155481875,-101.86283901315223,-97.57725641993389,-96.86269796111323,-98.16903291596797,-97.01635714273178,-96.74188406762552,-103.82019392831926,-98.96042145219191,-94.76094948510628,-98.57610781284802,-95.97965772430948,-100.25377319227533,-98.29728327662487,-98.95089488613345,-97.53413263172787,-94.34302318770949,-93.24394206744937,-94.97787702911202,-92.47081233390561,-98.57171979951715,-101.01690280670485,-95.4612286305862,-100.13695014136604,-97.89255966755016,-98.19892493500606,-94.58061265044648,-99.06019363670758,-98.0269215967896,-102.42922339414369,-94.16689470419652,-98.39006919129048,-95.01100946554013
2025-11-02T00:51:30,AP_5_112,5,112,Microwave,5558.945035523225,8.31853724194821,0.7532961627758203,-107.23501305687469,-100.86993721224879,-101.28606629542287,-97.32673571128119,-94.17875688525933,-97.66795953593137,-100.59600266772918,-98.885654458349,-99.76057945317076,-97.48828921806616,-98.09006816307094,-101.8036071643893,-98.13782061581368,-99.31157686297966,-98.16362260728107,-98.79945728125608,-96.31181755118055,-102.5395150654453,-101.21586991019196,-98.2477087518298,-95.87499351816611,-98.23662129859272,-102.07372593418273,-104.5437958879875,-97.20514778128015,-101.16800271840698,-95.46284666778973,-97.29315400097796,-95.65860666040133,-96.9185876837807,-97.06194342369835,-101.71185241900659,-95.59773638878178,-94.36531403881104,-98.84858065577387,-102.0443759072335,-103.03962759895447,-103.98606386824476,-97.20368517515271,-96.04563366526034,-98.78033692202843,-96.6001291886024,-98.98802714951393,-99.0687952152226,-100.48167914160913,-100.99304231381797,-99.84417487595655,-98.49783096716776,-95.54921903342179,-96.91463020153262,-97.17444813434584,-94.28697666083514,-101.47103336162805,-101.5830003188791,-103.10584971560922,-98.05154017296354,-97.29179579766456,-103.02495014178442,-97.09639570461044,-101.87758472162642,-94.04354277315149,-95.89797522428083,-96.58929212563652,-98.77066567874154,-99.35788754198985
2025-11-02T00:51:40,AP_5_112,5,112,Microwave,5587.181795872223,4.717950509829986,0.11925530248304243,-113.00601669816457,-95.16139431133571,-95.47280203403086,-101.05585731850695,-94.93326542327948,-93.29348234905098,-95.5015564599752,-94.42635907532384,-93.27333092541537,-96.23641668071646,-96.74983816333632,-97.56265487929241,-105.1495221259844,-98.12381444507379,-101.41722840871005,-97.11095387956341,-100.43391368933305,-100.44684921111069,-100.5816954186322,-95.14294328856741,-95.27916163663149,-95.14635784010206,-97.64461043955424,-102.96550243715235,-98.82392136545111,-94.59533228074466,-91.03287769531441,-100.68307252639009,-99.38468937688992,-100.83778613292156,-96.82834027174535,-97.27246858678294,-99.24417951237972,-92.96598133259687,-103.32787341616591,-105.9700737405461,-97.55298815605993,-100.76468765738325,-97.79989423121724,-99.2997328720123,-96.09307502969378,-95.6878519652865,-90.66579901658667,-98.18125179914131,-97.50328175524282,-97.50198932296969,-99.39043316665219,-93.75405010915966,-100.96680501074438,-98.85433499623757,-102.45615482901398,-95.82743800410955,-100.51277336823667,-97.17067760308548,-100.61835635553686,-98.08707305586971,-100.81370116482518,-91.15414248653012,-100.69382216175399,-98.48358484484167,-100.28074755248522,-95.12436446687296,-97.25228763442087,-101.3357907217949,-94.35240721564931
2025-11-02T00:51:50,AP_5_112,5,112,Microwave,5570.96050684492,3.1258764673591037,0.1269332833443817,-129.53251064120838,-100.45860822075386,-100.97986143536616,-95.69293677495737,-96.89310867369507,-102.69829846372497,-99.67551370766816,-96.46311295742635,-100.7823424171518,-97.03345285133342,-96.69505958875502,-94.8742318692049,-96.41535018410563,-94.8904723366468,-94.05796104657283,-96.76387050408376,-99.29745215543355,-95.23298647684992,-97.11869616372333,-93.88604049563303,-101.45508307125657,-98.16773864056482,-94.75816500761724,-100.3907205716575,-95.72852158027462,-95.21580575442913,-98.70272496216884,-95.77708360586749,-93.02257107420031,-93.13961907317355,-100.41656867408508,-94.66058793516245,-92.93303739336945,-101.43637293800697,-100.40197810502788,-99.80085542345438,-95.86691277515757,-100.42739633294595,-93.95006727532193,-102.27347646198113,-94.28328227091383,-96.09512109457643,-106.54912809042148,-95.91780841336677,-96.98812035954946,-92.67104933536999,-94.05362688993006,-98.31122067044454,-98.18040935686405,-93.08638193753266,-100.90020216257253,-100.85714631852227,-96.92290124894264,-99.1701598043431,-99.05590685883459,-94.97327892541416,-95.49187800944058,-96.21105314232521,-94.00035399053624,-93.88555367175337,-96.46048656447456,-98.53279614862011,-94.15004596091202,-102.61898755167802,-99.73980881201408
2025-11-02T00:52:00,AP_5_112,5,112,Microwave,5578.355475884327,12.746771919971797,0.30129206583740253,-125.57187624941824,-98.9088960153792,-96.30034361334602,-99.3588374108695,-94.45406470469483,-97.49772512021454,-99.89450017922303,-97.21593937635252,-97.25711276613129,-99.02983090327113,-94.65736512225615,-97.84129051481519,-102.34054046048836,-94.76623007278438,-97.1739696496656,-102.25601268220878,-91.72811449444663,-99.36431404527312,-93.86919553301723,-97.21439813183018,-95.29746733357267,-96.83959928647484,-99.67671097996542,-100.17740542242888,-96.82789967139595,-94.75173080592242,-95.79340106211039,-99.25638224413647,-98.67844962713475,-96.0812316114692,-99.2381706271328,-101.92110180709004,-99.34757102495357,-93.05957102610486,-99.72959673274703,-96.17005553660297,-95.73520345666955,-99.01986803325813,-99.91140411630695,-95.487910805972,-94.48373983323505,-97.75774849607566,-96.01066653426484,-102.747731731126,-96.09134010454214,-98.30579303186722,-97.33888150843183,-95.4868551110737,-95.63830480393071,-99.3180499704296,-103.50498854795345,-96.17656041891847,-99.33027426593986,-95.75389969298138,-94.09902326552896,-96.63357099649494,-95.90286404626013,-98.37876148654736,-95.65209706020886,-94.31055779997013,-99.4206720359741,-104.0447423400486,-98.28573291624488,-94.21518961945478,-94.38229422962038
2025-11-02T00:52:10,AP_5_112,5,112,Microwave,5571.960723548219,3.5115978984723557,0.22288905542962545,-115.06468250658918,-97.7007287588535,-102.49341885082502,-98.92039036412673,-95.39267376855761,-98.23975997509856,-97.3539853438516,-99.74793779524047,-101.44893356829954,-95.19827815097494,-101.28241973258825,-96.72671987858817,-99.24950684257217,-97.32468909776613,-101.65320038588035,-97.11176678292641,-97.68065165554587,-97.06150043974723,-100.1564265589339,-101.01821156821055,-102.1506382207713,-98.10756814200587,-98.3261229251138,-98.6473995722575,-101.8757665915971,-96.66513306626202,-101.21077384488952,-92.30319216475208,-98.91248443500308,-105.48444504948864,-98.78995497661697,-97.9527914744046,-94.8209967996597,-96.03791767063277,-98.5518785181826,-96.5296576685965,-94.49373844317907,-103.34907791360686,-97.42984278070946,-96.76313578503982,-100.64858789685054,-100.58176381131163,-104.774086205525,-99.19938464926783,-100.14543011678788,-98.40512635663015,-100.77491354884371,-98.90786102918229,-98.01209039267194,-98.62694652405783,-96.50543577975421,-96.77862841847238,-101.04108405022495,-99.16229892931399,-95.22594007628466,-101.96505584574457,-95.1157678377587,-99.85809451639948,-99.85548343039001,-95.96700477309068,-102.78928766292033,-93.65826313303019,-94.60139819850369,-101.99576939103245,-102.47379516443259
2025-11-02T00:52:20,AP_5_112,5,112,Microwave,5588.377904290623,14.77515273304426,0.18644778157802633,-129.6254857917975,-104.29943122268962,-93.83413701260193,-96.12219560256878,-97.93977806808002,-95.6864290701294,-97.14398900949352,-98.55727527976539,-97.38913083815582,-93.37068432683148,-98.26824768742296,-97.35981407466505,-103.74495248970501,-97.71227758794666,-99.48162119779624,-91.18340470966129,-100.4676529678732,-92.108168714817,-96.65076504003012,-101.46904866756475,-94.01792587974877,-97.83365323020548,-100.55946160606283,-95.43145641757637,-91.80007585695216,-99.90003629292528,-93.07609059119696,-91.52229432774223,-95.22140271491745,-96.92047071978023,-94.13496165753799,-99.57861925548409,-98.02939521113967,-98.1460259459757,-95.78243574797882,-89.26011070955127,-94.11981605096902,-98.62564367337471,-97.96303359862692,-88.93818034852998,-98.9255587630675,-103.0750905043696,-95.67379732935147,-92.99896545125489,-100.17834831143813,-96.32118399776404,-99.98029635761753,-97.64257092095515,-98.45143168279375,-98.86276321638155,-99.93663552073274,-100.57278374949549,-91.58234491300882,-104.3495185386287,-97.70967324117778,-97.61659100053858,-96.82892770752632,-98.80669890672581,-95.27664846334484,-97.82626247417566,-89.30837075589437,-93.20031131712855,-92.49781693684012,-92.267893600798,-95.40827509397558
2025-11-02T00:52:30,AP_5_112,5,112,Microwave,5532.836842092671,9.128257494159769,0.20877061569042987,-118.95295102161296,-98.38104202234226,-93.70369999298045,-96.36585556641451,-90.82268674277162,-90.60409958128996,-95.36381218365514,-95.01424835442418,-91.50837179990762,-100.06463184902918,-100.83972794357283,-90.17610919851384,-95.52184639345161,-95.41080484661411,-95.67349979282956,-95.50376334389098,-96.86201534528686,-100.97394367893136,-96.38246522532289,-96.47412263395591,-93.20617020218873,-93.9233805922606,-94.22361875585727,-95.70676039277645,-94.0811290984616,-95.22855886838757,-94.73935804035061,-94.99338607790746,-98.91210734518654,-97.0486161972679,-99.17731161770885,-101.30967450967565,-94.94885767904063,-93.05685479448618,-90.86117505010749,-95.02912966795762,-96.92160474013755,-94.61880906413302,-101.60120708889063,-92.33617178776717,-95.15094990838668,-97.43479604229884,-94.09554166082255,-92.02559422229025,-99.38892259597512,-103.33701830525735,-94.09634603671356,-94.4364970367094,-95.87241800512615,-100.19429088870325,-93.3430253993654,-98.20775796957848,-94.9753670954147,-92.45380410269081,-93.43957377369307,-94.51108958768583,-88.64582579340428,-99.76842109964015,-95.23259207158323,-99.01448765384986,-97.98243060920016,-96.46917047990463,-95.92208853053091,-95.26463598986987,-92.64643862689529
2025-11-02T00:52:40,AP_5_112,5,112,Microwave,5582.046706156271,19.480450873728437,0.4622244793723295,-109.14604561161563,-90.12983802538508,-95.88897762162948,-97.4519201063041,-97.58387339792971,-99.11108270627304,-93.86047973307222,-97.49126667850707,-94.50028053625172,-94.82454203599153,-103.72398923455069,-98.41713972205442,-97.44559111827373,-93.3912216583882,-96.42016087197867,-89.9091385605773,-95.96577919717147,-93.22171004281884,-96.46899704097495,-99.43823202154593,-97.70280156112979,-97.345282201747,-96.17559538462373,-93.35368977974778,-98.26208330290646,-91.30580110932796,-91.73250491080768,-91.84600743414444,-94.2134675940086,-93.17912127920906,-93.71860588443846,-99.41965450653768,-93.72934778662948,-98.58215689646319,-91.38490455273141,-91.7806183956927,-98.00888201359265,-101.25615532838133,-95.26833899550228,-98.00550529525869,-94.6014375867254,-97.64008457321866,-98.15602136470922,-91.35860939668524,-98.98355227522813,-92.16438431677993,-93.52878542486275,-91.02018639083465,-93.57914864586989,-99.15815301975718,-96.76271580203675,-101.25012066253923,-98.30959601703186,-96.96740128332807,-95.21620284895359,-99.05813848775887,-95.25876835750155,-97.35329725050815,-93.02218741848945,-90.99344526761452,-93.80573437444284,-95.79913789847936,-90.50550836053024,-93.54171085283576,-87.80561319371736
2025-11-02T00:52:50,AP_5_112,5,112,Microwave,5569.6707518970115,16.73594912597501,0.6338350268434133,-116.85535631285791,-103.16688342668441,-98.224495167058,-102.26402308141047,-98.52845432817058,-100.7124609954941,-102.39071174134264,-96.25194516607932,-95.83392525570385,-96.48948195738282,-98.52561944261438,-92.24559157777233,-95.0861919802615,-94.97914848654214,-100.83498317106749,-97.92845115001663,-96.77116177523781,-96.08274080989277,-98.82485762909647,-94.94097701776326,-93.79074519103031,-100.66199150505943,-95.50122681027682,-101.40180253067454,-94.23110600155,-95.88105671397683,-99.69016980413633,-93.8642285780308,-96.63821582418892,-96.71075456096538,-94.72030769906111,-98.78321437918996,-98.60083432055661,-99.69936758424134,-99.89562004687744,-95.1207636209219,-95.89715491169571,-91.72623043809428,-90.30618667037638,-98.32405913821816,-100.85306716525831,-94.27563696018734,-97.71069332090863,-94.05044826929756,-102.73212770137157,-99.11371679965853,-101.99104097867297,-96.80183286242152,-92.5413433416216,-100.80613264154556,-100.17160320367441,-94.5629780553324,-101.8914864140142,-93.40826772150987,-91.00944356254153,-96.80424234299117,-98.7431707307195,-99.3232612560207,-96.1643196484046,-102.70813486695073,-95.66425466696019,-98.50907947802683,-93.3710403912215,-94.87125700133382,-98.21727118543362
2025-11-02T00:53:00,AP_5_112,5,112,Microwave,5589.811034160068,14.918506491947998,0.13133582389739357,-123.53955072145494,-100.30372239109803,-103.46616873786843,-100.9815686322286,-95.74116606662075,-100.27528670047447,-100.88306868450789,-97.58941566057241,-102.69659437329824,-96.19424181885309,-97.67767949988942,-94.48141406347088,-94.5245588111145,-100.45951900262128,-95.00309702481461,-99.08456989170077,-100.30671317560186,-95.38395692132036,-98.03818202649555,-101.46792831307181,-98.19848347525937,-95.75299308388534,-95.74026476320849,-97.85626137873444,-99.71663527995439,-95.3637676992185,-96.90742113482008,-99.69218954912702,-95.90940053258672,-100.05844594519536,-97.93104739210793,-97.24670744010037,-98.7418669921494,-93.68764830927753,-95.2468275126271,-101.18209539601614,-98.12064546266505,-103.32404856756384,-97.31503984100591,-99.0014578359542,-100.05507340928122,-96.49433335110186,-97.7230084914222,-99.82349467257995,-102.30228099654883,-98.88888576413126,-95.33987287506041,-98.0044553421366,-97.19970479066374,-95.20760468457004,-100.39035031535965,-99.7526948994132,-100.7009891342998,-95.85291034928522,-98.75484739452851,-98.86747258444501,-99.79871393838874,-97.58261874926532,-98.66489693055813,-96.50734747844307,-99.27363404157951,-97.62226868952658,-101.11817251358684,-98.3933819810007,-93.64096595286246
2025-11-02T00:53:10,AP_5_112,5,112,Microwave,5572.907439963701,1.0660521581610127,0.286047823821556,-108.68143413653328,-102.16402854205057,-95.27311870036802,-96.0495379845723,-93.83126041749148,-96.99520915018944,-96.87330842504545,-93.26230887917386,-100.4833416813371,-95.31550568681892,-94.13675366190235,-96.90448975692381,-103.67574317788304,-93.89355341705537,-92.74130983778159,-95.04750787945572,-96.94117901360453,-90.34841465446809,-96.63399943735877,-97.39569505510221,-95.44980911346275,-94.86549944432801,-96.04867818459138,-93.74992936357002,-96.05439908050033,-95.487260020888,-96.83153820223086,-98.79972707215008,-94.54522080742461,-97.34759335645603,-99.50348317397327,-96.06725965460133,-96.90959027815151,-97.36347871389819,-99.75585537452626,-92.57238149742588,-96.07457942545439,-96.08865690945741,-98.86053438471582,-98.66246803526204,-93.31060812946738,-98.73593943557637,-101.48141159047577,-91.44052792742704,-93.12264470649231,-99.69433487212568,-93.16503225522874,-95.17141628726097,-93.57612592156853,-101.11403041490983,-96.10439881388061,-95.42726834645003,-99.46387534154968,-95.9272157760604,-98.32744191716124,-94.01008640721321,-97.32324901018698,-99.65248576886214,-97.41123870098426,-99.12488899371205,-99.4619067305799,-100.99195285969753,-96.02131760374478,-99.17967099564095,-92.95962530380085
2025-11-02T00:53:20,AP_5_112,5,112,Microwave,5562.770143592701,5.944402982147098,0.5341958797216042,-135.043435064586,-95.60613343767959,-101.92691916561746,-99.48284254724588,-98.23494326187627,-99.91726193896044,-95.86652883029369,-95.8162495525323,-102.49720059129845,-96.97231534804028,-103.9745952399861,-91.49732011831671,-98.00645178679562,-98.86212707176064,-99.55497670269794,-102.24893253674468,-97.36120216392094,-99.797738238982,-99.25283914728995,-99.88634502959563,-98.18440402383659,-96.10033823925347,-98.9745563019766,-100.15877395012,-98.98256013999193,-102.32204040362983,-97.69830657961357,-97.98202720206082,-92.95288914277752,-95.29738528425631,-95.27330513688322,-99.006446991688,-96.52763501479005,-98.60484817366476,-102.8493121800363,-100.03760310561792,-103.90887767908374,-97.29359033428345,-103.53445589969154,-95.58599991103972,-101.50928880788226,-103.97673825269906,-98.14762219518326,-99.72715770855275,-99.1787166450461,-101.33365431221746,-97.92471356558663,-101.10732717564105,-101.02420527753146,-96.8752677808522,-102.63843441564072,-100.8380044948282,-97.30776917322,-97.92672167493697,-94.19203102392282,-100.87511372253175,-99.06224156845461,-100.77556442845746,-97.88894583912445,-100.3899609512197,-97.93081635050724,-98.62393510801957,-98.03930861600269,-98.04453900659178,-98.07288827001757
2025-11-02T00:53:30,AP_5_112,5,112,Microwave,5583.4110591487715,3.111321909176999,0.5419570412480197,-122.824138196946,-96.82251675695127,-99.27331501952368,-100.6864931213279,-97.298077985451,-105.16393719970357,-101.21750359141542,-96.40289558477815,-98.16214587132814,-96.1093830737253,-94.97703389996869,-97.68077501403916,-99.19151309798588,-100.31347683222172,-95.97403462067948,-100.19925563117083,-101.90170103850558,-99.62696053260986,-94.90006284652698,-96.05832947303384,-99.06788317457949,-98.88475539085604,-99.61420916664301,-90.45546620463705,-97.54655028355343,-96.34483875880338,-99.18602574579866,-99.09701260400361,-99.31689249766748,-94.8834630751881,-99.16191573284647,-95.58503525780823,-98.7015762552075,-95.66423405308554,-97.13914054119014,-99.50520772254778,-100.78967391419076,-95.91865697270713,-94.17583655207324,-100.26065360846604,-97.87375725961623,-97.44448447600499,-93.05936697845387,-99.522375357126,-98.36613638393952,-99.16562472590215,-96.57396560641342,-98.66256766735346,-95.89784918014425,-98.01477011071826,-94.02743574633993,-96.4118077271662,-100.88824017475528,-102.10235712645296,-98.10219209267294,-95.87640953219278,-89.4712670769208,-99.7235180958297,-101.21418048039851,-95.51340982686855,-94.38766075776138,-96.66270140135525,-100.55765296646618,-97.86007589150316,-97.41921736743214
2025-11-02T00:53:40,AP_5_112,5,112,Radar,5551.475880368485,5.0,0.1843411519751023,-115.91982894122515,-92.57825196157508,-98.7441146924935,-100.85145949730763,-97.40214991248594,-97.62673609531402,-95.64560198566625,-94.95517313458589,-99.14540285070372,-99.02849075167306,-94.68250210212864,-95.33875301341888,-99.40659918189472,-96.76190334309452,-92.54184174042048,-101.19629424613524,-99.77634275514691,-97.23568364505374,-99.94808293315944,-94.82238709271586,-97.23491190168689,-96.07560365692008,-100.6540242890721,-95.78609089372671,-98.2550301738181,-95.67257051621499,-94.45698504409094,-99.20698034694789,-99.91155850237556,-95.18835247432935,-104.26447783970306,-100.11237243502543,-96.44518236426362,-101.38882736318716,-96.23310723415159,-93.79749617568558,-93.80700518224988,-95.11683021450156,-91.76911760115448,-98.55282943828027,-96.7824931324786,-99.39417954355959,-101.27892207276288,-99.21821097191277,-93.36935973063478,-102.00402538601935,-91.56211630822148,-98.55201784082423,-97.07288442635279,-98.33737649664812,-90.02109568329799,-88.1219881048724,-94.73393258392989,-91.39616386606939,-92.07395649942194,-97.27417138411836,-95.26987573472401,-100.26394631496183,-95.2905913362545,-98.08551315268477,-93.55073447183386,-99.01699237492353,-96.20922131114914,-93.46844604140202,-90.66404082727277
2025-11-02T00:53:50,AP_5_112,5,112,Microwave,5587.494631375545,3.90976308835301,0.5045649972357793,-107.79890587608574,-98.32543055842304,-100.45373501552675,-100.17219997167423,-98.28590965293179,-102.2230229716057,-93.48576013963125,-98.78912220594809,-104.5909113445737,-101.34849784897665,-103.48809955556465,-98.3439625589249,-105.9334108587932,-102.06018488790278,-104.79529572858482,-103.56351576824913,-101.3317351562548,-96.9188114956034,-100.82132634890223,-94.70020335605925,-98.3893493545272,-98.41170739808776,-95.84424780876532,-104.29673805876254,-98.04980497618197,-98.13649143054053,-96.76550690777191,-101.11748300361424,-98.67939362631114,-98.86263456780213,-100.65463998758786,-103.83816793538587,-96.50960192937684,-99.67964313762448,-101.69347382532811,-96.2583710938126,-103.72397747643674,-96.5523517901448,-96.25920960915477,-102.49418297927966,-94.36556509807353,-104.71302490391741,-95.78464531154685,-97.36227275804124,-96.73841617991566,-102.93358740714503,-97.41242000391831,-94.31248227791836,-95.37497901986319,-102.57018812413092,-100.34150565839585,-91.81834552292594,-98.68990339001675,-95.87662441685531,-101.27890229277827,-100.35977229183018,-100.9012125926999,-99.3273903376681,-105.08718026569548,-101.17497138776271,-97.88511021034499,-98.52923974224923,-101.636696834874,-97.64246050322551,-92.18693684484745
2025-11-02T00:54:00,AP_5_112,5,112,Microwave,5573.790669913366,3.561677601016654,0.5271401732370887,-131.80806987648694,-97.57973542464313,-92.3642910693816,-96.71655107834417,-100.39068234271785,-99.24650683749343,-96.54620830566058,-93.91635068911293,-100.17548690936187,-99.87796518202907,-102.64798104013475,-97.88685673037669,-94.28997051719189,-97.9304204852869,-95.83691725221291,-98.2577104293874,-91.88716652049911,-92.92910612899139,-99.72947759023873,-95.2898606579844,-97.36732281586258,-95.2200427543202,-94.32166251913465,-92.59870577624069,-102.04217622900308,-103.05099594479324,-104.0438247145434,-99.01267023604188,-94.61332565142348,-96.95932520152583,-95.62533638818795,-99.02777915183013,-100.49208416247744,-100.1856092592626,-95.70121689888269,-92.55642951575382,-100.70841002521797,-99.79895280757061,-96.32267303370011,-96.29636132853801,-97.71083127374514,-99.28142428509821,-98.65116559236101,-98.85315664787136,-101.07286172479124,-97.7578340085291,-97.64080956623424,-103.17815117776146,-96.43626444255197,-98.71527645889711,-97.04399662175072,-96.12273474770079,-98.52236741630492,-93.66893639215863,-99.93831730556664,-102.55662868331774,-95.39689054446973,-97.1737657425737,-94.69595903880553,-95.0052756040312,-93.52193843919673,-95.41040183355582,-94.48822332757143,-93.52570090181723,-99.89728052271802
2025-11-02T00:54:10,AP_5_112,5,112,Microwave,5559.791978171842,13.555822275573222,0.34120184173807944,-110.1739416530657,-96.0381331641979,-93.81547029599795,-99.54966134789562,-89.82098469049761,-98.59548549754562,-100.90496404852718,-98.87721213184328,-100.70805401311365,-95.49246936647785,-97.34082481794631,-104.33331169281001,-90.99998581303024,-92.36170154010878,-94.23347968229957,-97.94786179669936,-96.39517366644286,-96.99847813673472,-100.20351221953251,-93.65693522619817,-97.0278573361857,-91.29190108267417,-98.44972218233737,-96.31065558882025,-96.31593551154839,-96.06426451153973,-97.22432377978586,-103.62873948133219,-98.21700407400373,-96.57181595733041,-98.01163754783896,-93.18994424890298,-94.76166553301601,-100.77845495598595,-94.26366694277141,-91.95632220891024,-92.39365671066057,-98.1921128616313,-94.52154799201787,-98.95298142033428,-96.04099183221709,-95.45141870074094,-96.19234332475558,-102.31809913305113,-102.1415720694507,-94.7972025071729,-91.93227308503796,-99.55744678476582,-96.1135484295257,-86.41264603243866,-97.75166246259894,-103.33511279950685,-95.4325999237996,-93.4697867341382,-94.93341404600136,-100.9453386410549,-96.67958090236067,-95.47260966642142,-94.64848441587375,-92.27879879554028,-100.28293497097992,-99.30522743385643,-99.63745075044406,-96.90212533633546,-95.15725037358295
2025-11-02T00:54:20,AP_5_112,5,112,Radar,5555.252830352675,5.0,0.11424349720907243,-112.64107534333894,-96.04544806109354,-102.58917864407408,-100.86861936200292,-101.26131337092787,-102.89658215749957,-91.91153340053842,-99.13837646887464,-99.4305623759706,-95.44368446490508,-101.34410174691617,-96.3843657186203,-99.27171855380458,-100.01004131438859,-99.41668436407359,-97.09510618461672,-97.2759822661133,-99.63760155457841,-103.90759536676698,-99.70368938298115,-104.19831232717921,-101.36732640935674,-100.50029323023229,-93.14968313889888,-94.61984375695206,-96.45858037976275,-97.37165946461464,-99.2297830060716,-90.01161230437616,-102.30050738600175,-100.99409388645836,-101.26742171805996,-97.5943476560826,-97.7548948701046,-99.55672274287107,-99.64804508703922,-98.34899621017017,-100.9358623581086,-99.71006245287533,-100.90635102404673,-98.76197420961651,-94.698977926542,-96.89587720578777,-100.54800542640747,-101.65773915366209,-101.54230223797235,-99.02163878218953,-101.0784979274019,-103.08477019303096,-93.50644618009032,-95.16362747303017,-95.91247859669805,-97.25323468061633,-90.57790343445166,-105.83452739816252,-96.2733506428546,-95.85036392674756,-98.128136711082,-98.45059279094478,-97.97275415197464,-95.70952463064303,-94.9022520455917,-98.29740632479394,-97.3053642597739,-99.8777967555757
2025-11-02T00:54:30,AP_5_112,5,112,Microwave,5558.26586756453,6.055801787269262,0.3638679078231711,-118.44638865893978,-95.63490976047272,-99.78712587760101,-98.22128089700907,-98.58714401114199,-97.00286828793602,-95.23392052618662,-96.42947279249479,-98.93174075535404,-93.54372967411307,-96.99184688323953,-98.85624964666087,-95.14086530638528,-94.6678412405175,-94.87845255120487,-97.61831070697407,-92.44427380637083,-98.4820741324483,-100.02564952564128,-101.63527981268729,-98.34315199565302,-93.79254733248447,-95.85586102345965,-94.19390600892551,-93.59220247462976,-97.63515904062471,-100.02676205614804,-100.24140320905329,-92.0559833382364,-92.87567029749917,-102.7111409284465,-101.43344028629497,-93.54716989995507,-93.10155608256373,-85.89024445543956,-98.43337187184846,-95.61128037393065,-94.45787886878395,-94.50364567051139,-93.71709790275392,-102.72838234511386,-98.3101327476751,-98.18673917897854,-96.48321983178172,-95.7009862786842,-98.07976901503524,-94.6819804346225,-103.2772486240456,-95.03348875931843,-96.03460162522968,-93.67430917166014,-95.57648057056213,-94.74632476511051,-97.77658278638373,-93.42996216952243,-100.0825657418765,-95.9182032262973,-95.48546387978334,-100.34029802061391,-99.30789016117407,-99.52888303266285,-100.86566993891107,-97.87829726241483,-95.91803514177836,-99.51449295154659
2025-11-02T00:54:40,AP_5_112,5,112,Microwave,5587.70392046098,9.54746353412463,0.09192909199629994,-112.90813093073585,-95.03512201897293,-98.52916040778868,-98.6678525163775,-96.29967887336642,-92.64545928814034,-99.74101782107864,-98.51525478736902,-96.85383843587549,-93.76347007469096,-100.05120571620951,-96.5141561495149,-90.37476041579362,-98.15215790597644,-95.38376945689116,-95.25865342714961,-95.8200943867993,-100.78156755204677,-95.49440404360834,-98.71562597239618,-95.1150783343113,-99.36601027133169,-92.4883695818821,-97.71711213698498,-99.59145291196499,-92.9084769445372,-99.8072845142139,-93.64325123399759,-95.15982100182912,-94.55639263666022,-96.50429034883635,-102.70502696788142,-96.79585410623788,-95.11757139798742,-88.84001669951176,-92.36111738193797,-99.31189860757564,-97.41935583241904,-96.1232616504526,-93.19545126382121,-97.56711228737318,-102.5431985994192,-92.69524891655111,-101.60363515391607,-93.7898605580061,-96.96037652372395,-97.98632714719466,-95.94211878726902,-96.15764316250588,-94.16884283271126,-101.13333567943458,-97.76205031010596,-102.77341580130307,-93.56566137603245,-102.82008350509841,-101.89676207608947,-95.52317380833097,-98.63334014048723,-92.18683641587856,-94.85477726739929,-95.2372370043742,-95.07457297652863,-96.80734587598809,-101.0051689465009,-100.69276354294223
2025-11-02T00:54:50,AP_5_112,5,112,Microwave,5586.864468487963,3.2288480934237525,0.059959995500315014,-111.43143838136356,-95.67543647211231,-101.5003260591167,-97.61808258632675,-101.64988636700885,-101.42453353455382,-97.46605631896101,-94.16706510591733,-93.1127399456272,-101.62436957438958,-99.74808651808576,-101.19592062892788,-97.2408677624737,-94.7055229903774,-102.30252362930891,-97.73188292419063,-96.03476383293254,-100.57355072005575,-94.02952566064891,-99.17214054934897,-99.4960791646715,-96.55082481773005,-101.10733533676085,-101.21062847003434,-100.77688667955373,-96.27499001927686,-99.36147990161147,-94.62559232008233,-99.56959488963146,-100.71266082231242,-96.17436887215945,-96.70583003233585,-101.74959257668347,-105.54486555620464,-97.51198158665076,-98.09891596725569,-99.60893772506796,-101.82177011957785,-98.52153459324116,-97.05247509299052,-95.23895062806474,-100.09007277650802,-98.72166977871909,-102.44456261982299,-94.45112050222193,-101.46287132881083,-97.20063155084576,-96.40837052774518,-100.36661667466691,-99.01390306069636,-101.60023932606633,-99.28204928982615,-100.07730090758464,-97.7654286425035,-103.49229958755201,-98.86094685809438,-100.83100871041174,-98.98589948346418,-97.78121756520903,-98.78365351619024,-99.14439019253695,-96.31451825927883,-98.34384727973229,-101.4452887855621,-101.94778790297671
2025-11-02T00:55:00,AP_5_112,5,112,Radar,5557.678236876902,10.0,0.12124455864253521,-100.5617737319624,-93.41682774473689,-90.10089906137416,-93.76508726570955,-96.87084637508123,-95.34693385422956,-94.02010725992503,-97.27831615903382,-92.48681013030424,-92.25216791070368,-96.05235661154953,-100.67057591803935,-96.39148143397361,-93.63116112236133,-96.25723460355981,-92.70046257079679,-97.85907430194929,-94.99921844658682,-99.1909581790125,-101.7051766391749,-96.82046739612666,-96.81718781586437,-94.80805964365763,-95.79984235991496,-97.13811810067476,-93.49470677509002,-93.69661122177854,-96.52286139025277,-95.0857158359029,-95.52932312870615,-96.19017420429951,-93.70385790821052,-102.87851439801169,-88.25872735653314,-92.43831884476329,-99.41374108407904,-96.09831860771247,-95.52501329617338,-99.97248893369493,-95.05120321435044,-95.26481110522107,-98.55007454478834,-94.48907230098187,-96.88995954231923,-90.30366094840173,-92.85671582630765,-94.75974922108927,-98.78199230038757,-100.04816038898561,-95.95261822667835,-96.32786593724641,-96.37086997110467,-98.63045323786555,-92.71373791657096,-90.85819276085824,-94.18689615566797,-98.34844371187837,-90.98691209242051,-95.91549342186373,-97.81917230553698,-94.88082878707755,-92.28582749534844,-96.84786400780678,-90.8173960615214,-96.7485257849605
2025-11-02T00:55:10,AP_5_112,5,112,Microwave,5535.3832713341635,15.319112878166825,0.08742714349321572,-133.2172729679475,-95.74653043769688,-94.77817613458522,-100.62921669758921,-98.34893067940898,-96.33130389224515,-93.78466987304586,-97.63509158035927,-94.3131652722308,-94.35703085231098,-92.52225717499456,-96.24520124203762,-95.92558882750083,-99.58554384013097,-96.15968078808376,-95.72667330006637,-93.73223945830262,-96.55490770031041,-98.27748050869484,-95.61618516511523,-95.03605041877753,-100.08754658471355,-103.6232208192735,-94.07756460695718,-98.5321763460153,-96.1959933641543,-100.26195895248397,-96.70799576722747,-94.01744377756219,-95.6057123790434,-98.44319593612965,-96.27459913272827,-99.37810288129408,-100.51480321204446,-98.76322269732701,-99.92758621149454,-96.94291926332612,-98.45707003749654,-95.95321030525326,-98.62317479886762,-99.06191262790702,-96.24574455548671,-91.42972589764935,-95.18841702657215,-95.2949849745476,-96.40244191725384,-91.03917299305836,-98.87185956237548,-99.0130145999926,-96.97913209532757,-101.08585980231443,-97.39901160908177,-98.50256533736236,-100.15136594880387,-95.77993965734034,-97.62605629504229,-100.86948864084493,-98.65829716926409,-95.79627382703613,-96.61056277969723,-99.58429607513214,-103.96055880499586,-105.05913279634265,-97.59755345375235,-97.03704381756937
2025-11-02T00:55:20,AP_5_112,5,112,Microwave,5564.5367057152425,9.802819766224188,0.6518438479516118,-115.36121997780923,-98.77370546647866,-99.90834468050382,-91.95857644949919,-98.032264830619,-100.4730596515873,-99.55216417189035,-100.35809093311269,-99.0009810572235,-102.99659117637717,-96.72646826936693,-96.18053603148381,-93.15025110997324,-100.26968421081378,-96.0516951213439,-98.24154984857248,-97.16431447512316,-98.7541023270987,-96.85724681716687,-96.16102199842737,-98.63924582979084,-95.80050194815861,-97.41124538321934,-104.17327951456588,-96.80152716173392,-95.38410295665973,-95.38535568808538,-94.10015074238862,-96.10490647753991,-92.16736054859386,-90.83100023428351,-89.47363100984826,-95.75785757474448,-93.3353983168621,-94.60440768431631,-97.13766354777115,-96.23244853001499,-95.66185675397797,-104.26798138032419,-94.32806157575887,-95.22340346026036,-94.76485882667397,-88.38674956236804,-98.86428154099899,-94.7849957268961,-101.2586360277541,-102.72898078605232,-89.6166323256799,-97.16248385964161,-96.9737736749661,-97.29950299055965,-97.99724426329396,-97.1289005201323,-98.61699330650688,-97.79045653472316,-94.31779549841683,-94.61600764122892,-98.26051694805696,-96.17342960013086,-93.99406043927077,-98.38868747916422,-93.92650976839792,-98.97870359191997,-96.07669272616837,-92.67915740630178
2025-11-02T00:55:30,AP_5_112,5,112,Microwave,5555.12552536696,16.00548397614338,0.743885853673606,-111.88448497225963,-100.76503096430258,-93.65834337741883,-97.27425927993336,-99.19264886711234,-98.3617046855402,-96.21696025173875,-97.46118852387215,-91.03039925579893,-100.5714655612441,-95.49404866325726,-93.2807479684551,-101.77451316386698,-96.53108365168686,-96.49495128501623,-100.39019982869634,-93.09921281200073,-100.50332255263271,-95.18010901914032,-96.58338496912317,-98.35844703023821,-93.18172624654508,-93.8463275567412,-95.0328593512271,-99.86753745486543,-96.22690691674968,-95.6186808246185,-99.0491280107692,-97.37459692328493,-87.67004108006148,-97.7072433436803,-100.51489787278169,-93.60431154111127,-96.36789423575824,-97.42438305920761,-95.65666927658093,-97.41287258717317,-96.9390802418499,-97.33823491306589,-96.72006406971208,-97.10869227767225,-95.6996515020725,-96.99026697858729,-92.31022035013024,-95.0268549545937,-96.58850483627023,-96.15239221643144,-95.79370200031764,-100.20010452206492,-88.25817537220804,-100.1895119750413,-89.5980866717861,-100.92390720083176,-95.14004400431293,-101.10459023011637,-98.81494505587185,-99.19669424955266,-94.22742522661085,-92.35420045520684,-95.68517502629479,-94.62717379221229,-94.277970241656,-97.50680719692812,-98.60054395762432,-98.27030131996271
2025-11-02T00:55:40,AP_5_112,5,112,Microwave,5540.617124643311,9.580110039739118,0.12223925177783858,-119.56086473896508,-92.9883237874255,-95.23223592688997,-99.01164484270674,-92.74206070151645,-91.63029603311514,-98.22076338076127,-103.17975491353882,-91.03320902617904,-94.13877043022275,-99.14538090289345,-96.63406457061076,-96.76717690624515,-96.98086029537265,-97.22290250205586,-95.11851689385666,-94.60563793445039,-96.67667642540609,-101.89247342150946,-93.74876813804524,-100.08421488451653,-91.40663239032322,-97.4204553503013,-96.08702728907804,-92.80086293859081,-98.38837674928021,-97.95685790996829,-94.88130564379156,-96.92719316040669,-95.53687626388533,-96.02681439139256,-98.81518748527338,-96.69473372507655,-97.72320946735678,-95.46330005577668,-95.75547904224904,-98.44014454710378,-97.06943575863602,-101.74367150896106,-93.46155792541721,-98.80539278546851,-98.94452194722463,-95.84152675686799,-97.10173654235325,-102.07899896711831,-98.76514362066314,-96.58796544442843,-98.76715742065667,-95.20841913149448,-98.77583783988794,-96.25018194841675,-96.44768513364686,-97.5617160631757,-98.47067229675224,-100.9747306278047,-96.51079755224185,-93.2674213840722,-91.50423452256162,-96.43560438794422,-93.4524390938602,-98.4156378325152,-99.42263173415114,-97.88095858988694,-99.05587810943555,-98.67430609111265
2025-11-02T00:55:50,AP_5_112,5,112,Microwave,5543.495663486599,11.112819348992469,0.7420358102617691,-113.42868861353826,-92.71233309869477,-94.79662607740863,-99.97948399738036,-95.48013027123417,-98.8787880850833,-100.88038375064433,-95.6010323404073,-96.57204985059721,-100.40840442140748,-101.55348101129782,-98.17137666114336,-101.84690187216086,-96.70435434941207,-102.29050489766395,-99.28076637887771,-92.06336375917273,-92.69216940131783,-100.92545087014378,-98.33992096698793,-101.94249796228377,-101.38174042194119,-92.5059524097892,-96.99484035836291,-102.2475461699703,-94.37799547479965,-100.48584655017729,-96.83687453507363,-98.45855479529527,-96.00586534891585,-100.0770346216007,-93.33828194021922,-101.3932610485222,-94.35373986929984,-99.20188785751934,-95.39001533379336,-94.11065800052006,-96.27229579594771,-96.80285213018904,-103.07493369937583,-90.59323173004167,-93.68996694342498,-98.76251723529829,-97.37778438261905,-100.08164159056999,-96.92988384698889,-95.58942334645498,-96.50968449382398,-95.91760250863807,-99.09939681704728,-99.1275291065891,-99.51842438448733,-92.91694454654036,-95.41541757877717,-101.10434463568212,-97.84687815045503,-95.00494680644266,-95.65158558949756,-103.43629290469906,-98.07231841312564,-95.90226728706371,-93.54939353899977,-98.15218110097598,-100.42968361053492,-95.18559179422907
2025-11-02T00:56:00,AP_5_112,5,112,Microwave,5571.2818331850085,11.496045697560916,0.5661370802731918,-114.53994206242095,-91.93267852180556,-101.75286482245174,-97.22327183539967,-95.27263092199642,-99.45456572517446,-97.86009018327223,-99.21486717522076,-100.22703568938532,-97.64706640442412,-89.2172382864089,-98.78079876978879,-96.61108267817532,-95.72405762666011,-101.38225061289747,-92.70498305246068,-91.62597083129327,-95.64122668657019,-98.940074538858,-100.32303773743392,-92.10543590835901,-99.83280438492146,-96.49052250202422,-94.61666350495518,-95.99613359661127,-100.91507512464923,-94.73970007508056,-100.40501918240682,-94.90598587505933,-100.53935528523627,-93.73349257034575,-95.48637311640822,-94.73609595931138,-98.69993718470498,-99.27073210332317,-98.47148176797366,-95.2071078693197,-98.36934013889906,-101.09144033809018,-93.7081874086824,-103.50321424343535,-95.77238461108084,-101.94821245159822,-93.54050502350546,-97.3980323921431,-95.97864202418783,-102.40391134091783,-93.96945966954041,-91.12953385086979,-95.0044445219798,-96.6337405583571,-94.00607037261928,-97.03129067663599,-98.08812124320333,-97.89737137146892,-96.79634196915248,-93.09123194890472,-95.70362431433104,-92.28035980297435,-94.39754881377448,-98.30870678625708,-92.03558136487703,-93.530823191948,-98.51665955536544,-92.49314095199516
2025-11-02T00:56:10,AP_5_112,5,112,Microwave,5538.667923607191,13.553112358780586,0.2891500774615245,-115.249621858237,-91.03346082727671,-96.7128063519157,-94.29289414384925,-100.70907318180149,-97.15375624040365,-102.01296286075345,-100.61149835469094,-101.68007384491507,-89.99677307221864,-97.5763007549836,-96.48179034297794,-94.00127052043526,-91.43128218528499,-95.22720378493828,-96.05530164597457,-101.07546489756102,-98.02766339016071,-100.47373444458148,-102.98948198641615,-98.11246111755747,-101.15184970602147,-98.88544052594716,-97.64553652676206,-100.9480959653246,-98.69651999502443,-101.78027831878188,-98.09395019634307,-96.09204179731077,-98.38752035654052,-98.1692679873077,-100.5847356838092,-94.88236149333474,-97.28415984862585,-102.36521071529927,-100.80945333011844,-93.32348879079254,-99.34921692367371,-99.28446371175704,-96.47103026727662,-96.31606263542699,-99.77120543609817,-101.03804107436096,-93.08350487293518,-97.61433952252911,-98.25571791700632,-93.73612083156537,-100.3408437363128,-101.69710813252799,-96.73081854875639,-97.12019709260542,-103.31665144974694,-96.17991080341174,-92.38173568040506,-100.55800628470566,-100.55708896313594,-98.62336217733905,-101.78271937484645,-102.40848675982271,-95.75642369604374,-94.76807747850313,-101.67470270087144,-100.9844024407812,-95.7647494124714,-100.05365847381168
2025-11-02T00:56:20,AP_5_112,5,112,Microwave,5567.043421992083,13.11949338592327,0.6532681812719094,-132.93814903152577,-100.60226048316306,-95.61612039986016,-94.87415274920227,-93.65000313129426,-97.89844189807621,-95.02235895288177,-100.23639288556147,-98.16113069869228,-97.23079332502894,-98.43829284774584,-95.50327108397599,-93.67074169034701,-94.03654819741104,-97.64452630633978,-98.74098149990384,-95.28753646228243,-91.68451514981395,-94.46619873393368,-95.79649514105864,-100.64497987601906,-94.14198567652863,-96.18417013288602,-96.28397203243262,-99.31149558306389,-97.66647290875001,-98.89431362870633,-93.98954643647235,-88.85060248098456,-95.86907027218126,-97.01626508880757,-98.08782905616978,-93.80855363100032,-92.13779750221887,-99.20696392689182,-95.44544658433261,-93.49751845737994,-94.28874959067831,-93.10206144606289,-98.91876700754831,-97.87024825749165,-94.8769533286318,-106.8972273627719,-97.36970850376011,-95.73265037056443,-100.92362509395736,-97.07075694941662,-98.85363131336292,-96.32907046924083,-95.83437088647341,-93.8598631624774,-98.15695911528876,-93.45466295733424,-94.19276649228523,-96.53008885278498,-98.9225706931293,-98.45522902491865,-93.36679659296905,-94.84721701986794,-100.09373652960566,-100.46696254197111,-94.37349490744154,-98.16842619866087,-95.93696380924219,-102.43806555831951
2025-11-02T00:56:30,AP_5_112,5,112,Microwave,5560.470844269088,9.063129339986828,0.09271852947651694,-109.88763081370783,-97.21258293775246,-97.03413894472678,-95.9629715896694,-97.27674851107056,-95.06847826625189,-101.46572826616847,-95.89942098055529,-101.37603829231266,-100.08534878244508,-98.44131567548469,-96.82139819178555,-98.52054975251136,-93.09594256005344,-103.29016942554117,-98.12241194050273,-97.64973074616377,-95.26861139322551,-95.0335497522982,-94.19000010542332,-95.62510182533775,-101.80034848415711,-98.24630765028404,-101.11700380019712,-95.66139677035846,-98.60800612675418,-88.96384684334215,-98.13876717478091,-97.00967827007938,-100.72855790000887,-102.29641580463824,-101.00055679916382,-97.5475513823629,-96.92539701094061,-101.85976284482777,-96.25518061151405,-94.92264840133522,-93.81095798160158,-99.1275962204222,-98.05249286154441,-96.88547419861753,-97.4644793403955,-106.37557397646597,-94.1303290356832,-98.05086841667303,-96.7646747284054,-96.50244460267405,-96.97484153606192,-87.72776055261315,-99.30612548656579,-95.000953526279,-97.7243677268256,-94.51747232743516,-92.31565043882242,-96.45445652785402,-99.79441952740399,-95.74632497048943,-95.23900235252106,-90.544557204385,-92.62186309722038,-97.00132764296184,-97.47592900965118,-99.40894213194173,-99.24670538203583,-96.02732973715707
2025-11-02T00:56:40,AP_5_112,5,112,Microwave,5546.321799351645,13.711932990699163,0.5107185962708782,-120.31469174914781,-100.44568617785443,-100.15070043568393,-105.22894393960499,-95.25245545162923,-102.65976931066952,-98.38558949606667,-95.89701081586242,-97.18262426494863,-99.02558802818488,-99.31364612551899,-95.99698514372497,-96.39103159906256,-104.32258275472853,-97.02844413895417,-96.5508168369251,-107.27074573929748,-96.67655175048442,-100.09017159942832,-94.18778177746303,-102.91722909638504,-102.12086884501285,-103.84823470884042,-103.72597000881169,-99.19032776201861,-95.59557361840554,-94.91020122373642,-97.53613787405327,-96.96663596114915,-97.7392679377231,-96.54048923165386,-101.55058868539994,-97.7269072059366,-100.6151942738228,-96.78631282111145,-96.61215314724109,-100.65795201275515,-97.91334008696465,-97.18320535483643,-99.9820578031213,-95.21462806560386,-99.95139743269196,-102.23904350973436,-103.24666241228607,-98.86208793957022,-95.92613101373722,-101.8281634484699,-107.20848210483106,-101.69801092548722,-97.97582395506656,-97.51679165226548,-101.69464385039556,-100.91714857832852,-99.58792565727542,-101.01850671568964,-100.58133487565046,-103.52774843697273,-92.87786298298855,-96.72952143026332,-101.31115153857115,-99.99718984303527,-102.52473802591292,-100.17913306960135,-98.19798739479147,-100.83047437657969
2025-11-02T00:56:50,AP_5_112,5,112,Microwave,5534.356094160344,16.989272115659475,0.647501509698988,-110.01601743697623,-97.30671671546419,-92.37298485859117,-106.0518051268928,-103.05644394213004,-95.7033292142089,-97.3581424373585,-101.61022539611236,-101.91024550323525,-98.07727952993994,-98.33969562959726,-99.93265531604932,-93.84359999295987,-99.84742670878167,-100.60512088443326,-104.61692625231615,-95.71473271358941,-100.31644845923441,-104.86874504908988,-101.26259927772787,-97.38342256541156,-102.141515177946,-97.08133520102024,-103.40109121551991,-103.48015122386919,-102.0164024927285,-98.97315539411743,-93.69925860044515,-97.59511778993188,-96.48361171112388,-104.18070409813707,-103.2235592295167,-103.67402605290573,-99.14087183850327,-96.59623115260808,-99.12346702452238,-97.1861145583288,-96.42497246411929,-98.30431268197614,-101.92984559767204,-96.79410918295113,-104.137305145144,-96.92616016659468,-98.17687897997804,-102.27727657434664,-102.68766208383525,-102.57852703748914,-94.3837764650859,-97.39007929819026,-100.47522356977544,-99.33764979294105,-101.57924306229825,-101.25377496930115,-97.90682467949733,-99.03461666372813,-102.62642325073016,-96.17068350233598,-98.96908167675156,-102.39422789119557,-97.35774535340936,-95.16277621926112,-100.34889327351975,-103.17944398391998,-96.40214831663285,-102.58878141528412
2025-11-02T00:57:00,AP_5_112,5,112,Microwave,5560.141129794003,2.3331313363149437,0.6268966890814678,-109.77857786675622,-94.40657843866921,-95.27935352400623,-93.03023137747597,-95.21604701307943,-92.77376175007677,-91.41717767209524,-96.1683892540408,-93.06726125569939,-95.9785892348959,-89.99805987141598,-95.77864506335874,-98.63941456008898,-98.21926998877726,-96.54358197681685,-95.73819882148958,-96.61200719045875,-96.37302355603221,-95.71117056743947,-95.88717046791449,-96.88954246265006,-94.17811075763126,-98.59964818375416,-98.066216968036,-93.0423310022436,-92.685526266771,-91.53449600697363,-96.13345439006136,-98.53803829857624,-97.03514056729495,-104.34202832072506,-92.52045553870823,-92.13619693808974,-96.92789143566166,-98.88830089611079,-96.30640677471469,-95.08876175551617,-97.7018978347889,-91.41935008169814,-93.13105071822679,-95.73325944111035,-92.30815742085548,-102.781490920617,-95.7475289312363,-97.9814247283301,-99.21671329405868,-95.49703468481997,-93.8237996071991,-91.99765019771095,-91.23285773411743,-94.73001983862541,-94.96265908854527,-97.65343508511765,-95.46855568954048,-98.534616361594,-96.01251491371202,-93.7679272280633,-99.37651867625867,-92.39569401572412,-89.93250788395288,-92.55081441344007,-95.79720223425392,-95.5313915208511,-97.84842852389959,-94.24062307188623
2025-11-02T00:57:10,AP_5_112,5,112,Microwave,5567.102025547419,17.26461431356032,0.49998411355454975,-115.08664757711985,-96.08533035558892,-97.07407932417527,-98.76609427432172,-96.33676659542871,-93.92960987190682,-92.63689594649755,-92.83482934844895,-97.33241928915503,-96.604218229784,-96.4085786529608,-96.62108291041112,-100.05251451515481,-97.74090622533858,-97.22876651610919,-99.95845449812269,-94.57527536212453,-91.03505222830938,-98.39159808730206,-96.92037450046107,-95.74930962268624,-94.9281104004583,-98.34643566611577,-97.93857731149707,-97.8149697262512,-92.87340159550652,-91.29713721863097,-90.60908262554752,-98.07806374990237,-94.7229980011718,-99.27279857447913,-96.41426644271695,-97.6277736454027,-97.58541849311034,-94.81189971712972,-101.23456123003389,-94.18434200586643,-95.30499197490875,-95.72703985442156,-92.96218598778438,-104.68753637227512,-96.47241290158857,-95.38425967977308,-91.83776933461516,-92.7433570263002,-95.67664675253164,-93.05625118110609,-102.5660085415116,-97.22733461234938,-97.20172388505408,-92.10591974171187,-91.86644401055136,-93.6596901331077,-93.75644275387525,-100.60031039784103,-94.5537279244338,-98.40397111353978,-93.99777771804861,-93.65958800684723,-93.75207598028206,-93.64704024053536,-99.5424767972652,-94.0442034375995,-96.8144240156266,-98.67133381414259
2025-11-02T00:57:20,AP_5_112,5,112,Microwave,5585.7335589843515,6.791302905510216,0.264410701149064,-127.40812243415124,-102.18242475561435,-102.44933195402304,-101.31004069938487,-101.9084228434714,-99.22888318422746,-100.96130060155966,-93.50524779515519,-100.27485975944786,-94.16339185894346,-101.51771003265613,-102.69066365678343,-102.30038166399926,-98.46151524540407,-102.28595410202941,-99.48260302459782,-98.13252316384047,-102.85932278455417,-100.98690275244486,-101.0814938929414,-102.34311969054433,-102.45247159541293,-103.69579312950478,-103.35325402328253,-100.11099406328943,-100.74416949583657,-102.61747076260482,-95.6076950995605,-97.13001680170743,-97.02058717066186,-98.64720451833126,-92.15396796408272,-98.7514692666661,-98.80703258421103,-100.35981090543788,-99.74689666944533,-95.46206608777145,-101.12370377138598,-103.24147146125841,-100.44963789941939,-97.42163051937987,-94.96864741391566,-97.33418705183217,-100.01366354995402,-94.47924048616508,-99.53846911402235,-97.98011649045759,-100.19248987123146,-102.70519465702101,-100.9672623298582,-96.16816793217544,-96.23781988981868,-100.82888838276179,-102.81273504431329,-96.16878777435149,-99.01804796238883,-103.50952224640935,-101.95000206026059,-103.47843197865836,-99.89760546994552,-106.87274013682178,-93.87869726001922,-99.54081018693503,-103.92374858789387,-98.24446695750899
2025-11-02T00:57:30,AP_5_112,5,112,Microwave,5580.202362422488,5.754582134859982,0.7369117219387031,-134.92741399527154,-99.52552246888683,-93.7902694272911,-97.95890665093516,-97.85769848386533,-96.42412012428403,-94.7706192834681,-96.36970107503566,-100.77254272951102,-99.24684653400614,-96.61438058894873,-98.26650591446858,-94.94104247906239,-96.02489461093603,-101.04974326404816,-96.12840550794047,-95.03289827553478,-96.46494347561212,-100.36783727417048,-97.40113852737736,-97.38732588346309,-98.7507114372203,-99.05529088273185,-101.34181378469417,-94.5223754535958,-94.26158034152876,-103.37661670685188,-99.42029224643187,-96.86949387182696,-93.25617550087703,-96.45881810121662,-94.48039271708497,-96.66753005630385,-94.1791909522646,-96.0625660358064,-97.76831710523282,-91.23963652651646,-92.49044126793198,-99.07533111420418,-102.8560111686701,-98.91197126631754,-95.09934518523151,-96.4870828532853,-95.83287539370957,-97.54454190277585,-100.04166267301154,-103.28702477512807,-99.11397252945929,-97.63023940506184,-101.90799419119658,-100.14723699731833,-100.83023279576341,-95.68604774731836,-98.93174272660923,-94.93849942043518,-99.45629927270545,-98.82111202261778,-97.27157553901483,-96.3234846141741,-99.23777216020676,-97.1999574577224,-94.05216797154162,-94.79413411978967,-100.35714694091449,-96.20776696951184
2025-11-02T00:57:40,AP_5_112,5,112,Microwave,5543.290286175008,3.4437652699027863,0.14868475516097157,-116.4377587693243,-97.71584552876566,-94.39289571584597,-103.0625975587713,-94.49149258034285,-92.65465141785907,-93.01588328285877,-98.83934988877482,-91.2333740843769,-92.49197358887719,-96.77411318327674,-88.96841328805098,-92.99494050674465,-98.27937895124867,-94.38197506067429,-93.6088678751992,-96.63559020423888,-95.98572900520394,-100.4549602495772,-98.95169091050388,-96.54858701577113,-94.05307037779522,-94.23180358576165,-90.79501129991495,-99.06487476038778,-96.86436793898001,-95.04770265072224,-98.70393590169091,-98.42304279027154,-95.37190020565296,-95.39021138293525,-94.26006420053352,-99.20012135786885,-94.94647253556101,-90.46250787812046,-93.77780252350311,-94.04119706995476,-99.3666971275432,-94.34925866883187,-94.3608575501436,-96.2839200748812,-95.45403948536455,-102.2144959945494,-89.97075209916412,-88.93832269855271,-94.63800273054635,-88.23527404333583,-91.40003025718805,-95.83678266116287,-93.7239236412772,-93.72375804678923,-93.98345527624925,-101.2577906322196,-95.66738180601811,-90.95905508642475,-94.25455180005717,-91.43497928692415,-95.35503679537233,-99.45060764122434,-96.13767597275564,-93.41665193681278,-94.3597289489233,-90.32870503581319,-98.82595914601934,-99.84127916714641
2025-11-02T00:57:50,AP_5_112,5,112,Microwave,5530.811961590727,16.690078192246457,0.4260155076425345,-107.20520375230672,-97.54791072706135,-87.78867492016046,-101.32141153572798,-97.42560022041377,-95.3587402746928,-105.14105825000323,-100.1635676539581,-95.32236104474002,-101.68574617520348,-99.05745679469926,-102.64201622181187,-94.5983100758215,-97.52698409937102,-101.1195187504293,-97.8296596823179,-99.34496480177977,-96.64947758969332,-97.03812411891059,-101.59828298386473,-99.5032816856231,-101.14234835582047,-102.05750800335142,-96.4413089429661,-96.99650273087313,-99.35862252699988,-95.64859850319861,-100.07835235283838,-99.1214425779852,-96.37128034873028,-97.6864290845174,-102.19093521658814,-92.4555087367759,-98.92827678347184,-92.98782879871231,-101.59034666279503,-97.26901334305819,-96.89243011764334,-95.730829815697,-102.19486790006441,-96.34373569243824,-96.03772618133425,-95.04112692828801,-98.23876928882554,-99.066176393059,-101.89581393715162,-94.31407310539538,-99.98897593955584,-105.21072853058979,-95.47031655308827,-97.2617846687367,-97.47764298609921,-100.80853639993046,-98.78023233498222,-100.78735294129922,-96.3325434445457,-101.18457493485948,-100.10682396816635,-90.83913882310964,-98.25912416947867,-100.80839245089479,-99.55988583028383,-101.40893779511892,-100.71572412472833,-96.40105407593855
2025-11-02T00:58:00,AP_5_112,5,112,Microwave,5578.205236735681,9.91542442321889,0.5346260343759492,-132.7266017871604,-98.09046411474623,-97.00225620401979,-99.02752883696171,-99.31724793598995,-100.21277610946066,-96.45792777363506,-97.60047787992656,-97.55685202063886,-97.64165905077842,-98.02280124952246,-98.65685704821384,-99.0028073343338,-97.27340356856494,-94.8656228495766,-97.55871369399267,-94.79621698803744,-93.76669826343729,-97.13313329680864,-93.38444761648039,-99.40555276010218,-96.35730400587146,-94.1100373381622,-97.75697588969703,-94.80772739182258,-94.43937274294927,-93.24143610498625,-97.09138199940031,-94.6568975526314,-100.59735121078468,-95.27830967482217,-98.62929180813417,-98.09524896533951,-101.12135676536974,-98.82062794669977,-95.93954429049043,-103.1867719659361,-95.45997004943682,-92.07906385873615,-100.97593036129614,-94.58022874479781,-99.24949720779865,-96.36407793067545,-101.7982605615096,-95.71755350507969,-99.1579419200104,-95.84373063928993,-94.55937419402962,-101.71622736322188,-96.935466093084,-95.33213746237169,-98.7990416601168,-101.65428553444505,-94.60331082229621,-93.40188342265176,-94.56558853190451,-96.12989550699601,-96.63402756669838,-94.16810237277686,-94.30674058483558,-98.77579101867862,-100.02798513338797,-97.59529200926293,-93.54363189670094,-100.03567106046194
2025-11-02T00:58:10,AP_5_112,5,112,Microwave,5555.245660963194,5.948412635807496,0.3504971133744072,-129.163688783782,-99.53096326376867,-100.63169058832614,-103.1531107626031,-98.83632051998241,-101.99886420825437,-97.03174673882553,-91.40458468834231,-98.98961910074418,-99.59675060775247,-96.25875781183026,-95.09139050044847,-101.60889566990618,-96.2090812510524,-99.24217596005869,-99.60865974936948,-98.3921703989614,-95.68636635146262,-93.842891833202,-104.12262715903574,-97.82280874725697,-103.50648915924779,-97.06389459417287,-93.95797762612904,-102.38223889095292,-103.00087050648878,-103.56303853290646,-100.37797063745114,-99.84692892188447,-98.77470833976628,-102.74907576651444,-95.9760006168443,-100.4785808980289,-97.42067968326899,-100.94022033754989,-98.9919512305612,-97.2886270364992,-96.91776383996283,-103.50567292599384,-96.12700023954751,-86.68774169119473,-99.56752234502918,-102.70613798322447,-104.37416877770369,-105.31224260114051,-94.1903351549281,-100.27347631893878,-101.06802926349461,-98.09856462028704,-101.13384261215526,-99.63927715766273,-95.48620796325496,-99.62971667116966,-95.91120725320195,-99.46588386122093,-97.77990579293282,-101.60158076362877,-101.51134439523214,-101.06078195140921,-98.3916082591827,-100.18380846467223,-98.86625579939555,-97.72883105679097,-91.88330066239935,-97.29861803770463
2025-11-02T00:58:20,AP_5_112,5,112,Radar,5563.636150289458,5.0,0.053512856504943876,-116.67042161107696,-100.20965792193942,-96.99265920656214,-102.06436261821321,-97.24531679752455,-99.76833932563882,-100.11939139170734,-99.84289951383482,-103.58197185529951,-98.22686755607357,-100.96138178408607,-94.40994955368144,-97.587135017278,-103.01854244444853,-105.17540412268751,-96.43893786468324,-96.82966241060481,-94.21721514897787,-98.48112845935495,-93.26585172912675,-100.46387926868957,-95.95188446405739,-97.42379279745751,-97.87867017580801,-101.5478474027776,-96.4691438461038,-97.2162919813328,-97.07296586875337,-97.63144985939957,-96.72376615570552,-100.24872961673245,-96.34691288733211,-97.89768511004716,-102.63975776652865,-99.46871308451195,-98.44025862929304,-97.70541550583876,-107.40795448015811,-95.87783053332045,-95.21743926001707,-87.91701026748795,-97.05536358801865,-102.6372045098014,-92.4345625429355,-100.45013561398038,-102.498010432316,-101.73585044406222,-92.64765290574147,-94.49765960210371,-98.7582614207536,-99.35463243107137,-107.51810561460653,-90.62983969373835,-95.73906799793916,-96.40794483115144,-94.59874042162454,-98.0181126818227,-97.80785173251714,-96.73164986885315,-101.97632337665853,-99.58944544982513,-96.50554699648742,-100.46523064976955,-96.46781376466167,-100.85005978495951
2025-11-02T00:58:30,AP_5_112,5,112,Microwave,5558.452625048721,15.081853408885229,0.6403790184589726,-115.11332834932352,-95.14331158309759,-101.06253172498964,-99.74481989197338,-103.5125976186078,-95.5213380576958,-97.3869543496255,-96.3751102618525,-100.66485041869932,-96.7810653887275,-102.13046186645053,-98.20448862628989,-98.76732262164879,-95.40003158815152,-94.79855808218127,-93.42316054227123,-94.32504970030134,-95.27385354636871,-96.37729422874993,-97.90529707228121,-100.45119727678215,-100.07529659789574,-101.58528540933122,-94.94711813527363,-97.25404305134312,-102.60123676673217,-106.14344976315242,-95.5234776654776,-98.05015479859829,-99.61558951828091,-99.14046619125811,-94.81648007232434,-102.27137203137802,-97.24850559630653,-100.83989685659476,-97.89007682777117,-99.27671945744063,-96.56927853660487,-96.21775230712011,-98.56003204606692,-94.37834719702353,-98.0308979165131,-95.48865122782668,-98.67063591617264,-100.89649951092733,-104.89074758930595,-95.6015407878562,-97.25541079054216,-98.40077958981236,-95.93871256698431,-101.19953583099483,-97.92359274307402,-96.25988756962879,-101.81082985143804,-100.59556094911352,-93.57902591387258,-100.23406513532333,-98.07575268250088,-100.17714597622182,-100.44884694469809,-93.26514155278068,-97.44204455395986,-95.63272948940566,-93.73205730224403,-98.67078205927392
2025-11-02T00:58:40,AP_5_112,5,112,Microwave,5549.1566652030515,6.772632496752065,0.283146494012626,-123.00276238219028,-99.32674907774731,-104.00499843037254,-98.77601496639555,-102.65806780382886,-97.55816589243943,-98.70878827660452,-103.08549335303861,-100.14946803522842,-97.77835671853805,-106.33459474758037,-95.24458299359071,-97.29976209888754,-101.16364366112545,-97.55846679276159,-97.85463056506217,-97.05811222635796,-106.02701787287882,-96.13467025549346,-99.74673564991613,-99.97081361156422,-103.11466353580134,-96.38638737732639,-99.03505200562483,-99.76735380486828,-97.6778896261539,-100.09844401835771,-103.64584579814473,-100.7436965678396,-101.89119575821717,-100.21564916833032,-104.85562429948747,-98.11743383734321,-93.87290719837077,-95.44303450803456,-99.77628431037421,-100.61776247663508,-98.70005494376926,-93.00627967924001,-96.1839992035034,-102.34941940886291,-101.78238523768937,-98.58902345426499,-102.9676178788711,-100.8906731026263,-96.55849867637785,-102.05982823697443,-99.93090810119021,-98.43200038596649,-97.02585497347168,-97.76447815514071,-98.08640359295576,-98.4030005760128,-93.68642106062012,-99.95472986124311,-100.55095852298861,-95.38048681194337,-98.19858956618657,-94.18584851926616,-96.48747744348165,-100.63501746100347,-99.83197366049818,-94.82230468679779,-98.54456750374598,-98.60640047845419
2025-11-02T00:58:50,AP_5_112,5,112,Radar,5550.751127706866,1.0,0.06742863382177142,-97.0008621672061,-97.39184884491092,-101.11419639139126,-96.43947857942725,-94.0216216086899,-99.45954960206998,-101.4343134623041,-100.60549675815128,-96.76777873028604,-95.85045524692545,-99.69528803610837,-90.89282947569895,-102.41088940208866,-95.44255293562267,-91.7852340679101,-95.81172141491412,-95.8477136944945,-97.7090920267754,-88.4461238812867,-95.36874743676644,-93.22790015816877,-98.19207384411983,-100.16525143216882,-95.72013042302846,-96.4110863253932,-96.50191940320596,-98.43233472261097,-101.28209967887237,-97.00751262110089,-96.30382901138162,-94.83285352453562,-95.21063339703664,-99.27036834822805,-96.035259151943,-96.81214232235163,-94.27917617987767,-97.34491074970585,-98.40009398459443,-100.34902996265002,-94.6326650841783,-98.71834997075159,-94.43584637892441,-97.92573475965213,-93.54625430538191,-100.32943638808239,-93.75600789024777,-99.34883903528242,-99.12100407686563,-93.41477461901388,-101.42239572344937,-96.01727172403643,-96.45233026206913,-100.98864627450607,-97.45859795129402,-98.44199864362447,-101.9803096049272,-94.32167212695349,-96.84164361436238,-96.70869155240923,-97.23800989095234,-91.60297528373926,-93.28265059170214,-94.58242090804573,-96.04016425146877,-91.51005813503191
2025-11-02T00:59:00,AP_5_112,5,112,Radar,5564.573198415278,10.0,0.08387450905372328,-115.9938184447318,-96.76564968142823,-96.26597191357378,-93.14018250191312,-95.29149778630878,-97.44475894646826,-93.42939350569411,-103.96731016656562,-96.31489912062524,-94.67091225802216,-94.32612954945442,-99.7174424782154,-94.57805844718433,-96.33150112960325,-96.06176191541657,-94.16058088048109,-96.1422820167455,-94.62612624430463,-92.48874725167447,-96.39108185165449,-94.47997475104431,-94.57204299901504,-93.68627619004714,-101.25393366794636,-100.70563067533455,-94.5762415630479,-97.33432281787044,-94.21557237242195,-95.90053870259568,-97.93742861772337,-97.45780543584358,-98.44960602752697,-101.72009222422278,-93.72457354204334,-97.27421227034476,-93.93741185018904,-92.53954869257713,-98.10171816782912,-96.66706798351177,-100.8309340448782,-98.99801883753008,-99.55318372682798,-95.61652778314054,-96.67040048332467,-92.99938805039977,-96.0695132354804,-95.92494174907797,-98.32500120807639,-95.490466846346,-94.91478242617062,-97.11689962473663,-95.65558694153577,-94.24320206953966,-94.63161929479031,-102.70061890533367,-94.88996541277749,-96.07726695717626,-98.17068690870897,-95.28573720675575,-96.02317389748029,-97.48890022519724,-98.58473946861686,-92.8465045510876,-98.95957504251847,-94.94871123943574
2025-11-02T00:59:10,AP_5_112,5,112,Microwave,5548.062371170207,12.330869833063353,0.31569778000621923,-105.18669633994685,-99.43118429437243,-93.14993868656966,-102.1810874695236,-93.41176494988157,-97.65126112724103,-95.95305890302052,-90.02570954984976,-102.5685956389775,-92.98877988837835,-95.64550750788611,-93.38619442102484,-93.03346945057301,-97.09333450929135,-100.24260812332297,-94.26086401504563,-97.60287778830255,-99.31220191412471,-93.05774717998385,-94.91028858408009,-93.55673270986232,-92.09310611602152,-93.43923270090733,-101.64090035695796,-95.96516930879234,-101.40132192891363,-97.35776931424314,-102.63864020075121,-100.83947103664896,-93.73074411562354,-96.83963863626778,-96.5369445549517,-90.38017275296072,-93.44734334613584,-101.3189352706466,-94.24560810295844,-95.16122036370413,-94.45487558186345,-99.12938840418165,-91.91816521014293,-96.77887407569288,-96.15179520701915,-103.30246138767392,-98.23544442486475,-95.97609109135303,-94.76514052963995,-98.23969688791634,-93.86786730209656,-97.79306481927337,-91.97711653170303,-93.59541148956401,-98.77971174155392,-97.48006136358617,-98.24208061146618,-97.85991339591834,-96.70206313322798,-94.48351787416065,-102.18112988336841,-90.91532012203056,-95.76645374859238,-95.63063817823586,-92.56233205949778,-93.84404420905429,-97.08161302174241,-100.78123430010115
2025-11-02T00:59:20,AP_5_112,5,112,Microwave,5552.499059853545,2.3802641539517833,0.09908195699430099,-105.11911371399214,-97.43796226295045,-97.57826029439454,-100.45297391381946,-97.62846173710724,-99.0989116435258,-94.24588648657505,-98.525249248035,-98.29367327866775,-96.99744443249887,-101.98531205812246,-92.6824710029282,-98.1461346768456,-100.94426070853386,-98.36705403572043,-99.32763012797588,-93.0627265368834,-94.13114162305622,-97.80089782187027,-93.99845414978351,-95.05938895382414,-102.92234491365122,-98.87873097064363,-93.04756077944477,-95.39702160771428,-100.23226097420661,-93.60100988071628,-99.44709287831702,-96.84457567206499,-99.09739908293193,-97.87642439139033,-94.30416361248321,-99.5340322645848,-92.72434992671415,-101.68228507387462,-99.33050421945411,-97.88769946662303,-92.69832989292206,-93.3704997259402,-92.83308287015336,-97.11247694101911,-102.98586131709266,-102.21144017034614,-97.3284546058219,-98.80099593565765,-92.79999176927703,-96.99876795820678,-98.38547430268233,-97.82143833760682,-97.69254649911764,-95.3438025721391,-95.19469581467762,-96.59559142178716,-98.91611652261247,-95.31443493703077,-96.87291775569133,-98.74919250549745,-97.34017379097443,-95.85270562322609,-102.59210127119032,-100.6558944622745,-99.88901571080063,-97.69492056202142,-94.57041797789194,-95.04285139957496
2025-11-02T00:59:30,AP_5_112,5,112,Microwave,5585.552746440714,7.3093585609067535,0.35090863914132314,-132.26694317801034,-94.71058937148226,-95.40272228018584,-95.74354129860139,-92.89367767554148,-96.41276604432645,-96.80818471277394,-96.56477100457191,-97.89041899021339,-95.8945114573631,-92.96606473536494,-100.0534216902043,-95.19759623506026,-93.66131561242327,-100.64819520845728,-92.49548461035427,-96.8768236386451,-95.00310510271581,-97.61627975093458,-101.22318002362951,-96.96296405052873,-102.80478356772711,-95.1319330764406,-94.77039816122466,-92.02128415381982,-97.94371694110369,-92.66004083586849,-94.14836097285792,-96.95962593991625,-98.64620234589482,-93.11483469427705,-98.76121705605748,-95.38010211071924,-100.11078538447464,-94.66342595023374,-99.21734611383559,-102.92687889591616,-97.14236668207728,-93.0456475692178,-97.93679012083362,-96.29947028605153,-98.60748460089326,-98.76474201104355,-101.03740215692137,-100.46780164548896,-101.95354954619272,-94.19812231958943,-99.32331822718218,-93.89652801404145,-95.29400160551444,-98.78717973941002,-103.07657286836263,-93.68193848743319,-97.45619199086543,-97.62554527385248,-99.5776461314587,-99.43164918149228,-100.033480767111,-97.46254972237834,-93.32574186376354,-101.23016412245397,-95.56200883468573,-100.71219495853609,-98.64039948282422,-99.17005791000727
2025-11-02T00:59:40,AP_5_112,5,112,Radar,5555.095868745625,1.0,0.0490014775067381,-111.4595562419675,-96.76985950324328,-98.96752126002026,-98.21704067335958,-92.24759823715388,-99.00277732351817,-106.35766081088458,-97.18927532686135,-91.3096146549429,-96.24031807713025,-93.95477861239006,-98.02712247832082,-94.91046964647705,-92.30686930542265,-95.78420718055715,-100.43468680667245,-95.42964306835088,-96.07248318228775,-92.66371351538989,-96.10933911965661,-94.23128383521464,-95.9604676576946,-98.08288369270585,-101.53189308701026,-95.51194773082332,-97.74638168172086,-89.78754920649847,-97.07921330762939,-99.87674826354151,-94.35119544921642,-99.48376172608589,-98.13417313347391,-94.70609207059734,-98.37441199657478,-93.8723388572359,-100.4305873117597,-98.34445507985896,-96.79127143443847,-100.48814117486657,-100.63722378077992,-98.92544782139595,-98.40236835303581,-96.02134802890843,-90.36888405167308,-101.03185500688312,-95.89400884873075,-94.11736432241453,-97.92959797472406,-99.69673366030486,-95.72815406247169,-98.07858190016309,-90.68376136762788,-96.624465131876,-100.83106235350023,-93.16769019524385,-99.2493239312289,-98.74746325906159,-96.47037669103211,-100.40323135439937,-97.17371277876148,-97.630977314726,-102.79442471084161,-95.89704507178166,-95.65230331841894,-98.53528717176094
2025-11-02T00:59:50,AP_5_112,5,112,Radar,5568.598162826097,1.0,0.05172041313217607,-95.93330327946283,-99.59661825329319,-94.83448215395464,-97.0278621519378,-101.61893626750454,-99.23421032028472,-103.61371613437403,-95.49497320600645,-105.4329155758565,-98.39552848130973,-100.22146349112008,-98.93467024500961,-100.46989483457915,-104.26899466879085,-97.12618281555396,-94.76205006752016,-95.24775099014903,-94.90658284170603,-91.43058339656147,-96.59334948828108,-97.7411644881553,-100.73807458754662,-98.74586590074416,-101.61587977242918,-97.81786105949209,-96.3231165894099,-101.17054575314977,-98.77053174990404,-94.23844922980172,-92.79212554917524,-102.63434870817362,-94.1724617394611,-100.49713218715718,-97.72538319746589,-91.9588441461091,-99.11432835350061,-96.17128168694207,-94.4422329906242,-96.6801657918011,-98.11721402336414,-100.41889940419455,-98.62577512665091,-101.14042245744349,-100.30261339700245,-100.79523089809462,-95.22562258467191,-96.30548521293447,-98.74670548518745,-95.35963014145244,-100.86667830035478,-99.85948587106351,-92.82822709936015,-96.28105017909786,-102.99325330867671,-102.16545880156228,-97.98907954286759,-98.6873231863911,-95.43547257574396,-97.5829799326101,-97.64922258797729,-96.50361369673911,-106.97840505528964,-96.20553806475283,-99.44165111586453,-100.1635135116203
