timestamp,ap_id,band,channel,label,center_mhz,bw_mhz,duty,power_dbm,fft_bin_0,fft_bin_1,fft_bin_2,fft_bin_3,fft_bin_4,fft_bin_5,fft_bin_6,fft_bin_7,fft_bin_8,fft_bin_9,fft_bin_10,fft_bin_11,fft_bin_12,fft_bin_13,fft_bin_14,fft_bin_15,fft_bin_16,fft_bin_17,fft_bin_18,fft_bin_19,fft_bin_20,fft_bin_21,fft_bin_22,fft_bin_23,fft_bin_24,fft_bin_25,fft_bin_26,fft_bin_27,fft_bin_28,fft_bin_29,fft_bin_30,fft_bin_31,fft_bin_32,fft_bin_33,fft_bin_34,fft_bin_35,fft_bin_36,fft_bin_37,fft_bin_38,fft_bin_39,fft_bin_40,fft_bin_41,fft_bin_42,fft_bin_43,fft_bin_44,fft_bin_45,fft_bin_46,fft_bin_47,fft_bin_48,fft_bin_49,fft_bin_50,fft_bin_51,fft_bin_52,fft_bin_53,fft_bin_54,fft_bin_55,fft_bin_56,fft_bin_57,fft_bin_58,fft_bin_59,fft_bin_60,fft_bin_61,fft_bin_62,fft_bin_63
2025-11-02T00:00:00,AP_5_149,5,149,wifi,5745.0,0.0,0.0,-104.04051817051607,-96.39520546725167,-95.37433344818912,-97.98747929703791,-96.69308012174979,-98.93762932976354,-93.25006813796912,-92.47583994200946,-92.90077976842484,-98.26484445554965,-99.90184028861133,-93.20959718826558,-95.40879656274183,-96.05476514594514,-98.9414144253515,-95.76352673260577,-100.29635234950187,-95.13833110227897,-92.90385807169744,-92.1473815387922,-94.91494600818662,-101.18658281937942,-96.448527777678,-90.62147293834292,-99.64635294184292,-97.21806288924671,-92.79994511511313,-95.1891164042953,-89.60004919706076,-99.23912632020183,-100.00978552773853,-93.36814186301055,-100.62815405533067,-97.63082213696867,-97.23745780509479,-93.9325497503583,-95.19771426644033,-95.66932342798547,-98.24781080422106,-93.39550611327023,-84.96304604233427,-94.96667187374732,-96.74150154787556,-100.93410708349255,-98.95296251846753,-97.68164887235798,-98.64431889131747,-97.08875167409661,-91.70646994009421,-93.29901741840837,-97.51701631992083,-100.66535800451365,-93.02841524180883,-97.18768099090016,-102.22001944732312,-94.90322781503696,-93.96345811781568,-104.31824338532007,-99.51418209691478,-97.37188020443921,-94.83698543659021,-98.58775792438858,-99.53694387643787,-94.85901042147522,-98.44548529045855
2025-11-02T00:00:10,AP_5_149,5,149,wifi,5745.0,0.0,0.0,-104.61472510744193,-95.40747651816007,-96.52618036757225,-97.1892555820831,-96.53980878985415,-95.76837136356947,-95.79841405005077,-100.1301949758075,-94.92573946121308,-96.84862675440024,-98.91857369238272,-96.91203603310342,-96.58129267726677,-94.36937410594956,-100.75319199289747,-93.63977204647935,-97.54522603851244,-99.13318485968772,-99.22499940701333,-100.61882838246967,-102.83746975871216,-95.58252546636432,-91.67206590617603,-102.46757115394938,-100.466008855233,-95.35997554000593,-97.75163583345619,-95.11146738061647,-97.91988667688844,-99.35660760524107,-98.29225143946132,-104.76099337420982,-101.04517814438732,-94.76988698478583,-94.0390255749054,-93.39622694216499,-96.29211706809782,-104.38293173030074,-99.51974469500335,-93.64075807779604,-92.74556239139127,-93.5267818784202,-98.32348250175133,-101.53445270716563,-97.73661987731737,-97.57030405275114,-92.91803064716757,-96.9313512070753,-97.5646815707996,-97.39423966301155,-96.41514861815386,-95.73540484925722,-99.78833740949591,-100.78758629131863,-93.50304954322783,-102.53784899074898,-92.7014827298276,-103.34676119920303,-99.36834850593499,-94.69916319569158,-97.6136994402071,-101.56415551872745,-96.33544064506394,-97.41371208204049,-98.26286997276786
2025-11-02T00:00:20,AP_5_149,5,149,wifi,5745.0,0.0,0.0,-104.92046963992347,-99.92308028733756,-98.23852412388038,-99.85708677900223,-101.53733089020356,-95.62936311590235,-92.79708631739743,-94.72675365470172,-96.92532139433952,-99.84505496813136,-98.78122581247169,-94.74940585852148,-104.76492994099371,-99.01025031310502,-95.71812188069067,-101.33531078647698,-96.65030478718685,-96.7895018276264,-102.28346693071094,-97.65953530949467,-99.77280544392802,-96.67217361227287,-95.91110358224968,-96.72365283860401,-97.70269266719419,-97.05385582265575,-101.44866490667148,-98.01272499151314,-100.30991938008948,-94.82585337946232,-95.87075517197914,-95.87926558956386,-92.77999497263153,-98.91040203432452,-99.56749169655602,-98.98127778869579,-102.72717886343808,-102.49121900246149,-96.05716061301914,-102.10589003269496,-101.14520733495364,-98.22562927123835,-99.15715244813647,-95.26351256653527,-97.73908572491898,-100.31587567744006,-95.00557061069424,-95.73409548540712,-102.15341995264517,-97.16366970594336,-100.06570000867892,-100.14478301832398,-92.31192565598593,-97.5476554745681,-98.57308510546531,-97.6656159640366,-95.29774885143559,-100.0252830677838,-99.51301954824648,-95.95045526548448,-102.46963751139458,-94.9481541171956,-102.73600884439415,-98.6577700656497,-102.71696825942549
2025-11-02T00:00:30,AP_5_149,5,149,wifi,5745.0,0.0,0.0,-104.54306697552498,-98.80632508421354,-99.0717005798921,-97.57703288693513,-92.98579662997913,-95.17013743603339,-98.7716535599077,-94.93602819368094,-97.51734674000392,-96.50930193255661,-96.78219551116796,-103.873837901938,-106.68537495975828,-96.86320271309971,-100.10165077903594,-102.46085474484809,-100.00909494202736,-94.7691393894412,-96.4695899150539,-95.22778336706524,-96.18378030242809,-100.29956293172042,-95.2134324497016,-95.78584797955983,-97.89551691732602,-97.3665464097891,-95.1656694054714,-99.79141492265985,-94.27941808057875,-95.84778508157984,-97.53629328540818,-92.94935776184158,-101.42606168047602,-98.92362129263017,-99.58981937232976,-96.46879383630198,-93.99582778022244,-100.49213279260577,-87.626572773812,-99.53133586559035,-96.46101655730013,-97.53500806799723,-97.40459743487595,-99.92030142878508,-94.34042755194808,-100.10483073946439,-102.84985422772098,-100.90905927220733,-93.20712011761772,-93.79165641209515,-103.5647740243837,-95.10187818056325,-103.48886574634459,-97.62475052996535,-101.16632165441499,-94.87072236701012,-95.87908426556724,-94.60432920207037,-98.42878640878935,-98.1170537944506,-102.04080434245779,-100.63452077221456,-94.697466670975,-96.44127208411224,-97.23006198984328
2025-11-02T00:00:40,AP_5_149,5,149,wifi,5745.0,0.0,0.0,-105.52728569719287,-105.9043820379124,-97.00358056907159,-102.31716044301815,-99.91459862516102,-99.249317681024,-95.79694850135121,-91.91705166100955,-103.8659445363815,-97.18837299619848,-91.91991731619686,-100.24607475732073,-100.43228279236035,-97.81944696085996,-96.04078065946449,-96.55449157544054,-99.60339200018547,-100.93489658570688,-94.57889586358044,-100.85099797611129,-104.27584086437811,-102.88747225606055,-100.25570517115659,-94.04976911195658,-102.09237183953074,-93.96153119944987,-94.60682899880098,-97.8515922319614,-106.17456844186127,-102.07946363369427,-100.42789445734718,-93.33518046999139,-100.23478924381615,-100.84608220735986,-97.96237984089282,-102.75586267659101,-98.60115018383871,-100.9229577240844,-90.46403635631361,-101.28015737709202,-92.73748170059574,-101.94778673099874,-97.7389594457237,-97.02634369757531,-98.10199196412373,-98.28608333427671,-95.94291609487927,-97.27518184492996,-99.04599279477672,-100.55058539935735,-99.0245137319312,-99.06154966475869,-99.12058037907967,-98.29868712940672,-102.75525203972079,-101.61002184305593,-96.03196440729974,-105.27853937398888,-94.93618966509335,-100.20404778441156,-93.51887031030597,-94.84863906052627,-99.50948550430525,-99.19843488243995,-93.74750315983907
2025-11-02T00:00:50,AP_5_149,5,149,wifi,5745.0,0.0,0.0,-104.72530519457818,-96.44863149977535,-95.35240453939262,-99.18288450176632,-100.67316643663878,-99.06409994034608,-98.27000861061359,-94.2901039754566,-95.64395839031123,-97.73514438317844,-92.02323244968497,-97.82965285943673,-93.48397348704353,-94.06151649190217,-94.27337952129342,-96.76182059686505,-97.37503534658003,-97.70984713452252,-95.17483427884166,-100.09325617954053,-98.51417061580997,-92.72441021347339,-95.85514134260487,-94.86297084995051,-101.38876528951099,-99.02144555661245,-96.72380779214821,-97.84972926615893,-101.40136022684013,-95.44603831763693,-94.49301982140732,-98.58135637763925,-95.3381104140235,-91.63802733246193,-93.14932541538786,-98.44708263476893,-101.03587604507422,-97.0348309226709,-90.68438853326884,-93.71114674876121,-97.74360045963783,-93.03856647024821,-94.21917516039288,-103.4236096246843,-94.54040413587208,-97.3690217928961,-100.32505219514812,-97.45154949920449,-96.48249692601127,-100.10765644675647,-98.08499705872164,-98.71768402242785,-95.33953714120402,-98.6294728172593,-102.82508344611216,-99.06780431753961,-100.56434178235672,-101.60737016697978,-94.18420768548995,-95.31461193104532,-100.62611908701138,-101.53344505637513,-98.03324551742894,-101.69572090234776,-98.4516006396876
2025-11-02T00:01:00,AP_5_149,5,149,wifi,5745.0,0.0,0.0,-103.31624228193795,-98.81198477873427,-95.56794906976828,-101.13237852151867,-97.76046798859218,-96.90718220087399,-94.09351644313975,-96.66962397240164,-94.2978204712318,-97.35153651990774,-98.04935416960525,-98.72268772913257,-94.24406923698106,-97.45142247080703,-103.59571654880409,-94.40901605484066,-99.10404907970216,-95.73666980560573,-99.70357701999339,-96.27204722831037,-104.92747504593186,-96.41730031548516,-98.94174874067939,-100.11944802732496,-94.02369855971271,-96.67226613681493,-97.04857201647316,-98.48916168092872,-93.63253611469062,-97.62044997414407,-91.85302260227243,-92.62753814008684,-92.0403415186099,-93.41220363259298,-98.13504486739845,-96.15889246496577,-96.92544197679898,-93.80173975782972,-96.34803030064188,-97.0459718030222,-91.34215574358649,-97.29850981678649,-98.18955676964535,-97.52208471632913,-93.10254148334113,-95.75288909502495,-94.94087965424627,-95.60825365326977,-102.89493747060402,-99.52267369034254,-97.15254659146737,-95.37200030830657,-99.26915956143094,-99.36166547413404,-97.25313792863726,-92.33739932363675,-102.77484200612516,-104.27089577568158,-91.11020554710598,-100.90739168793688,-97.53220964038358,-100.81852300248052,-97.22394346769833,-96.72462006487373,-91.48424221939499
2025-11-02T00:01:10,AP_5_149,5,149,wifi,5745.0,0.0,0.0,-105.34674734284471,-98.4789076868821,-99.32513050638462,-98.29658471341111,-100.35056726894173,-94.98679840375245,-95.03022020444864,-95.8548215670802,-96.15117944978844,-103.89088548104044,-97.99784733746561,-95.7733273200492,-94.32467087341324,-98.95841840744093,-94.43621678210073,-97.42466829411681,-106.09569647361886,-98.6443939372417,-100.86718799392285,-100.18312825423922,-95.19064206021011,-97.45434809031299,-99.90197813795679,-100.37662036988975,-97.03260244942152,-98.8998250938516,-96.25698368402632,-100.82572191955045,-99.48846321773729,-101.70543249695845,-100.00726406552633,-91.81341670957384,-100.5561078263092,-99.76705359320633,-100.8189665947987,-98.89651400079933,-98.56390493054481,-94.69180745939177,-99.56380468706244,-98.00413788263153,-103.96901140663256,-100.94105181773823,-95.08956587149272,-100.91417963418213,-96.04392231484313,-101.1236562640699,-98.86554866857685,-93.20207086956225,-96.11156629645423,-104.20323626237871,-88.68265749198979,-101.46258045491011,-92.74790435494764,-99.68544848965993,-102.03317380459472,-99.70011619362022,-100.3067006484628,-99.99124189508782,-98.16751454308533,-96.91262122878986,-94.08551057193928,-97.70352575490375,-98.11426976633477,-100.51456280382911,-99.18756139260321
2025-11-02T00:01:20,AP_5_149,5,149,wifi,5745.0,0.0,0.0,-104.51888738770064,-99.18250913627813,-99.45121583436179,-95.63660231580363,-95.4173932533174,-99.95719078028509,-97.68249985447656,-100.11156053060796,-89.69521924591791,-100.34075172099543,-96.75898706962857,-96.18364008463783,-99.5149067765895,-100.09986594316693,-98.3572696889651,-100.11401932924518,-96.95363786704128,-100.06803175469912,-97.07901457080101,-103.71205943527309,-99.9397316827939,-98.77899048707359,-94.51687859719551,-103.06216725779593,-94.47286166901692,-95.53973818490994,-102.87551397431021,-95.90469951570212,-100.3090511286122,-95.8052638537366,-95.62719841418455,-95.13941613456878,-99.23329466543511,-95.47257056429498,-92.89901112562319,-98.39271806545302,-98.01166790471436,-95.3876847860262,-106.05881943787927,-100.46347887437034,-94.49739634925959,-97.0575983781347,-98.16534085325706,-100.3436989842159,-97.43909922634309,-99.11156477331578,-102.75947056568104,-93.61102312249844,-99.60351281378581,-98.33437367753672,-102.86828969401348,-99.12426124196793,-94.50106811973122,-94.72605198638999,-97.4430818066704,-99.39334879157956,-97.44141578103617,-96.00185124362929,-102.00980009992676,-96.76707635379347,-95.2193906584484,-97.69972697444037,-97.577320656877,-99.69804446890112,-96.62735014889907
2025-11-02T00:01:30,AP_5_149,5,149,wifi,5745.0,0.0,0.0,-104.65801927655397,-98.88481470349696,-95.54260157450287,-97.42547615618521,-97.66527510331508,-93.08569461553243,-97.34407282573872,-101.72379002255096,-94.58625125489296,-97.02949038278183,-98.47553994586147,-100.52590159872535,-93.87442001519216,-92.58715010856793,-99.67522450777523,-96.76526356668197,-96.34101645149124,-102.88863910573004,-97.78911185187889,-102.8816407301441,-97.71280924143277,-90.86897898194785,-102.00546258223055,-92.02925579144342,-92.32887598367927,-97.6747440120948,-96.11255204272183,-98.50826050423095,-98.99955602297263,-97.0480317863431,-99.98225213000508,-96.23869907983831,-97.53351021805946,-100.86004612315473,-95.52941671394511,-95.45090305401506,-94.28899999913604,-99.09710621690212,-94.57119289472915,-91.15794622316295,-97.56897695093978,-97.30197262638882,-95.62201941250892,-104.15505969090597,-101.7563509864676,-99.31021455033319,-98.68115372313007,-97.32144937555083,-96.85623919030446,-101.77701625272697,-94.201258506912,-96.65864378723428,-97.47859358287991,-96.18638427573354,-99.50402344646675,-98.37358415661676,-100.90607906658569,-104.27005556804009,-98.36717035506464,-92.48419307628662,-99.36405262937271,-102.32808218708857,-95.96383920138649,-99.09414289437608,-96.34590332293507
2025-11-02T00:01:40,AP_5_149,5,149,wifi,5745.0,0.0,0.0,-105.915963111067,-100.53894488048265,-98.10553160586417,-101.69358077355854,-99.57997108058447,-101.49867802485655,-98.0459392869626,-104.40326080694426,-99.21121450452893,-102.89260057445726,-100.89895673845713,-99.94855297187864,-96.79874059286384,-104.01341624757247,-104.56625466985338,-95.58762150948459,-99.98874072391196,-104.18346767842797,-100.21719429606263,-100.3889093645099,-100.69132090521414,-98.28023570399398,-104.05314384754598,-98.84269416427955,-100.37949854542845,-99.17072082569213,-96.31087377241022,-95.9648665703853,-94.23538113634103,-104.72125240253959,-97.9243025670108,-96.68458534688475,-100.76670880524674,-99.0931605176625,-95.0221747098233,-99.63555783291574,-95.12526920456185,-99.1776552556926,-97.65062490180979,-96.24576348949228,-102.29587220383421,-97.73554715252588,-100.4637812793816,-95.37102268676138,-99.93112872711053,-99.97098887890098,-101.50653290365378,-99.12436960933604,-97.32325144316718,-98.74255819107033,-92.30626178632848,-100.27856984314741,-101.54293670570583,-99.31438506637032,-97.89348440506474,-102.74448872810113,-94.98784316685082,-99.68584385111471,-93.82795487289809,-94.91432221432923,-96.93290703236678,-98.98122556093902,-101.95098108799417,-100.8086884418679,-102.14415501117959
2025-11-02T00:01:50,AP_5_149,5,149,wifi,5745.0,0.0,0.0,-105.23834841602238,-92.2333072296867,-92.70552471750206,-96.03741860148934,-104.06473149842277,-93.8101736155201,-93.9191131854493,-103.43163934342863,-105.03418075087546,-99.89826140370532,-97.15048978361074,-93.95742638348727,-103.88943675690291,-92.80155710865047,-103.26051629424711,-95.63728074650376,-98.32703867384116,-94.47174229604552,-97.11117782562653,-98.43518231718342,-96.19419813312048,-100.61237003114047,-98.60021604422977,-102.27581681783772,-96.04270671215487,-94.70707617800461,-96.8801758197797,-97.58088628180492,-99.13659330004793,-91.02573464969494,-98.34862401848572,-102.93274120431121,-96.54742000253216,-98.07298792458512,-92.01250377264195,-98.2761265193417,-102.30939203704273,-93.14629032723641,-97.33369205615372,-99.9504209393018,-91.46337914430904,-98.33182847435293,-99.90952852225335,-95.37592432867169,-95.35436441038091,-95.482450623734,-94.20015244373096,-103.93872360069474,-95.7315915791742,-97.99422573360975,-97.82958118776115,-99.75321845962185,-99.49981511567331,-98.97207815682373,-97.82742835990989,-104.82713569897211,-96.07918446367754,-95.29909934890343,-96.83115063414598,-96.46628682060751,-95.34014497581857,-97.53025522104508,-91.68266256772814,-98.22834250973838,-95.31224526275254
2025-11-02T00:02:00,AP_5_149,5,149,wifi,5745.0,0.0,0.0,-102.82098960291566,-100.77821334135638,-94.85175701884954,-98.18460446065181,-95.88936345476361,-103.29762970114825,-96.37669295349419,-93.29432763486226,-97.0848938514169,-101.15125237179603,-95.99455845963938,-96.42643875157903,-91.11527167851789,-94.49616127844303,-96.51276933487134,-99.42735872869177,-95.9553856141495,-90.01084886031354,-94.68089541871845,-93.84914225968716,-103.24205120631741,-93.06986805034829,-95.53974773112358,-95.75107593952806,-95.30187895322562,-95.21811855008434,-96.59584010617156,-97.3054026427124,-100.02997861819085,-96.92977035829107,-92.48477860893247,-97.49593186164115,-93.43171164285359,-99.03452245173952,-99.88501065411401,-97.10853334981972,-93.04601991537945,-100.23080724679836,-90.49730087765852,-89.40820471013286,-93.69852128660538,-97.43000842800207,-97.24490719733629,-97.88659708949412,-97.89059060510526,-96.47585924701967,-101.30446332054272,-94.7733813613604,-99.21643432554642,-98.40308325992369,-98.10449101046162,-94.73569205386718,-92.50478284081811,-98.86879834030684,-92.20948120867729,-99.19384882776976,-98.00572923465059,-93.13056742275568,-100.80608642322962,-97.47649662252181,-98.6054296769263,-97.19568530437991,-97.8802902170962,-101.04455741235812,-93.99891531060341
2025-11-02T00:02:10,AP_5_149,5,149,wifi,5745.0,0.0,0.0,-105.95738348945676,-99.39240628230104,-100.75185762209578,-97.45356244908568,-101.58843692258601,-103.1904906223605,-100.25842891909572,-98.7058330673036,-105.43696917213855,-101.63935134930794,-93.09260842475342,-98.97730493149984,-106.1434363746592,-98.94700196561108,-97.87845262920561,-99.00489660846364,-96.59725597673607,-99.8199880077999,-95.90397334903099,-98.99227614980853,-98.60540017143396,-97.91438757332205,-96.8667813352613,-97.88636206422849,-101.18644076437927,-94.14905748156788,-101.30514844864985,-101.5600322506026,-104.79128425523317,-99.72085832913541,-100.45130435184049,-98.75363265946544,-101.4449279765203,-94.00686225355075,-100.71783188913099,-100.71818344180481,-99.17156598979456,-97.83393068366429,-95.32843821223521,-97.38099243189234,-97.4339341616186,-98.59914366454039,-101.41514036038963,-100.80705781535947,-105.61241119331878,-99.89730771395925,-97.03775219306972,-99.73598437728367,-97.65941196560874,-93.25863126609306,-98.63868851294437,-97.23450065060273,-98.60783169538165,-101.4104275725198,-99.59742793930182,-102.22540553594443,-96.41234373648044,-96.1698249340522,-99.23523238747785,-93.64840995339492,-99.63568360003823,-96.33900294965858,-99.69963886780796,-97.6167861792016,-103.1389281396996
2025-11-02T00:02:20,AP_5_149,5,149,wifi,5745.0,0.0,0.0,-105.46382086823681,-101.45889482754698,-96.36645707364828,-102.29723855886557,-98.94602335503227,-94.36208545830189,-101.07074229192644,-98.42779398888182,-101.21319591205851,-103.10020582000541,-96.62138240683943,-98.61803355119471,-98.25060419316387,-97.57441404429551,-100.96719813364822,-102.09147882734852,-97.9113419125408,-94.02412924865283,-97.50937247040383,-102.70669986926269,-89.64738588982247,-102.1711640641941,-103.95858895772244,-93.18428913017233,-100.90360328471668,-99.94942750097202,-94.98449570640285,-93.45991654842922,-99.00868043732956,-96.24001733442564,-93.02813139919698,-102.006767225247,-97.5946827174469,-99.61926642285889,-102.09112531992231,-95.67215166825562,-94.874464767435,-96.54292343828286,-96.73654807967453,-99.29100493719083,-97.50205012154149,-96.78381342504561,-91.43068349812422,-103.30710823916692,-100.2898675117037,-99.03847254287396,-97.02663810065907,-93.99834632022575,-95.39662350526454,-99.33984998245269,-96.5316826246974,-98.8070325883461,-97.69735527970093,-95.36549464630896,-106.43698716711643,-99.27222200736406,-101.39088977581369,-101.10813029284311,-100.30006105894844,-104.07672294058932,-94.613331320873,-90.80561808714371,-97.8868514707532,-93.61164959556024,-100.42578623916528
2025-11-02T00:02:30,AP_5_149,5,149,wifi,5745.0,0.0,0.0,-104.0291212887353,-96.8868362063618,-99.31292212130566,-98.87997041473646,-94.22729292322349,-98.57688661190167,-89.32659697726784,-99.92605919757062,-100.09433072241515,-99.8319770492408,-93.32252809414587,-97.85869696891976,-98.150397890645,-91.53360268904291,-104.76112303904092,-96.1024566051354,-97.82094646373712,-89.52107682495124,-98.50121108180626,-99.35209128382684,-94.97929861200802,-96.02559419146526,-95.27425996747102,-98.20996702845454,-98.84063942472098,-99.81409688684388,-96.2142464159582,-96.48620294548213,-95.94617056230922,-89.67089995881425,-92.37063621417381,-97.14475156000245,-98.38767144513902,-93.29564427233352,-94.73799078607765,-96.04662228043203,-94.95305690282544,-99.9821657721098,-94.53413987626296,-98.63482073849768,-97.40017591579988,-94.7777448688281,-94.2416991111379,-103.28816768722167,-92.19294053019887,-94.13815789846844,-99.44602475153326,-98.20757068419898,-96.30467914818102,-98.09215119320385,-100.87430247538468,-99.60219504495934,-94.94479950126512,-100.13137210226638,-97.140777152752,-95.61059987668202,-96.15701695645996,-98.029714030182,-98.79611931123394,-100.28820209458877,-95.9255793406322,-99.66331642532536,-90.80083407855203,-97.7131155849717,-96.22598570702661
2025-11-02T00:02:40,AP_5_149,5,149,wifi,5745.0,0.0,0.0,-104.40776150359288,-98.24907978171419,-99.72128173963624,-101.83376018684369,-95.4056103894368,-99.61412518580472,-95.9011165303503,-95.14990414740036,-94.88246927575264,-90.37988877749748,-99.2975588688566,-100.97375891760498,-91.00748105304098,-98.28623452068315,-98.02395810484279,-94.80452320543355,-97.53450699165104,-98.06235806676439,-94.71931444126535,-101.23007955702946,-100.92153269074308,-97.46210352947988,-103.13600111858277,-102.5191289220093,-92.43157538580991,-102.18717772329967,-99.00361636097446,-95.05915900489501,-94.52927870004602,-96.20720514098755,-98.98594255332034,-100.02693788404477,-98.31855134694716,-96.5942423255235,-101.54258670604389,-95.68835636217821,-97.39528725343521,-99.41185147758021,-95.64429003287657,-93.42161918007538,-96.96858105952309,-97.12830990203543,-98.61978475634403,-102.43607154858066,-100.10544196421051,-97.55311667483275,-101.64577307794872,-99.40840837784809,-100.85456609186808,-97.20063255498295,-95.5224092653045,-95.42094116400322,-93.11578841490538,-101.1506505107284,-94.73592975784732,-96.66230992975754,-96.28225803877979,-92.93026317694736,-102.682293928317,-97.89374459909844,-98.84390396185948,-100.3090241369957,-98.01981424153456,-96.24049193546772,-97.49195307357408
2025-11-02T00:02:50,AP_5_149,5,149,wifi,5745.0,0.0,0.0,-102.0499183473833,-97.16200457712509,-92.88434294632529,-101.29770447665605,-90.5467904572883,-96.6072252032611,-96.00232298804443,-97.69560114545624,-95.10091240262472,-97.29459311779904,-95.69177253108668,-98.3254264044906,-94.84041621429435,-96.46588138393864,-94.80260268286673,-96.26393847209205,-90.37256236749413,-95.75242146378234,-93.18824714715161,-95.4849524308043,-92.7625975217738,-96.9683192482018,-96.27097005366296,-95.14737307182777,-101.49258228166724,-94.1735806689954,-97.48197704913768,-96.3588225998536,-92.61258154426945,-95.21974814046744,-96.72057742885048,-94.48086411673754,-97.01937738078279,-95.24624755507672,-98.00527071630587,-92.32286039014151,-98.7561711539331,-93.8666456300584,-101.01242668305638,-95.3580785093042,-93.9859460393515,-98.0576824302635,-93.793110259082,-95.14402525250016,-96.32134309134474,-94.69760126498103,-91.21776569085269,-94.35040843626602,-98.56964574200299,-97.88864164168236,-97.74662331756787,-96.47025930388658,-93.89304596299046,-93.21587984108862,-93.72670946355575,-104.6491548657973,-94.01435556442583,-96.29196118894274,-93.28098108683442,-91.73454262064303,-99.69246682029188,-95.70378800576484,-92.78867747515378,-94.01939408546347,-91.81114236991921
2025-11-02T00:03:00,AP_5_149,5,149,wifi,5745.0,0.0,0.0,-104.8335976108248,-100.05917473707596,-99.98835544011438,-97.32827411535696,-99.39538007842471,-98.45141101437385,-103.95103969436242,-95.78724096268195,-97.85492745111422,-96.39709396021603,-100.1898317362532,-98.0734462879,-97.5057221812158,-98.90252076347494,-97.93905220637592,-95.41608436674593,-98.05802256199804,-95.42919664936416,-95.82429169301314,-102.65253922088823,-94.686610859978,-98.53714045880713,-95.74734145246548,-97.33588945126925,-100.3143198679244,-107.22174572326098,-90.11000178975891,-100.24681163015933,-98.99196471761073,-101.84432145963692,-101.0931882073954,-98.55835696020348,-100.68648112974894,-99.6950813610572,-98.5723834357144,-95.37618680431127,-96.96960576127178,-102.02959951853813,-94.50976417373906,-100.19198047913801,-103.0439571296736,-97.47972127395941,-99.60344913060344,-105.85897411886214,-99.32645126047612,-94.98331329728944,-97.73829234653059,-101.98014863656749,-96.4751609670512,-96.1916914226811,-97.45053337447443,-92.99557252103894,-93.96734285586095,-95.72035534730914,-101.34491564387066,-96.65408425776145,-97.89703004225662,-99.11482109070184,-98.74263578447464,-106.0949906026733,-97.34522655719398,-98.50563944312844,-103.12453926722755,-100.47970980150575,-105.20001887263344
2025-11-02T00:03:10,AP_5_149,5,149,wifi,5745.0,0.0,0.0,-105.04881483939837,-97.28042916662044,-98.56434556917284,-93.58091354429979,-99.02218952908208,-95.70971453027889,-94.94592153532766,-95.31492032201818,-99.01564570949469,-101.95860089479045,-104.71639735154027,-97.99174150072119,-97.33590544049336,-100.31282489863172,-97.73261692185868,-95.11790861595503,-101.24177388116823,-100.29201443657611,-102.97690305375248,-99.51285687076961,-96.25317818157379,-99.44730201566693,-98.457886217933,-101.68425461345738,-93.97179795454916,-95.46957356566536,-101.17081889273783,-97.66024016406247,-96.62592021292278,-92.10939699631192,-95.48617150454655,-94.59513742097701,-98.29035816357978,-97.97750235796948,-97.16426131060443,-99.28769546189635,-94.78377690294526,-98.91937352905704,-96.75825453513441,-101.95310069851126,-100.90424728175272,-99.96432756867648,-96.84971818437671,-94.60259129671547,-101.7898172083017,-99.79797044722054,-97.16070959695729,-97.0850548510695,-93.60952235448221,-96.28858884037113,-97.66163672872445,-97.7995304253689,-95.76976001545997,-88.88706459236838,-95.59928247844141,-93.98358577077217,-94.87336741629498,-97.81745582804407,-103.57788656079364,-99.25251309481264,-97.78149651172794,-96.3541536055571,-95.73502345570199,-95.91444935367424,-105.42893397552128
2025-11-02T00:03:20,AP_5_149,5,149,wifi,5745.0,0.0,0.0,-105.03836211309935,-90.8944048043898,-98.77550579071287,-94.85926676640985,-94.5397977859904,-94.01131976444316,-93.85610274234602,-97.43854043451518,-97.76707784589401,-98.21798266549794,-97.29816778843367,-98.0363990241611,-98.51916964980695,-102.21458368069553,-95.87775539484088,-99.9773306339708,-97.44263597514467,-99.5306488588358,-101.36477801612183,-100.51419448558576,-94.91184527767894,-102.41894546250874,-98.43896949784508,-96.2628995425228,-99.35094607178253,-99.85402542699924,-99.19138571075297,-100.09422860585408,-102.02666325063312,-98.41460727788105,-103.76869401647645,-98.49819918136383,-95.44367792417147,-98.09658074524634,-96.75453618382909,-97.98501689243797,-99.1026927626868,-98.65307992731911,-94.83879393773611,-95.99487008315256,-96.49258487888167,-94.12087052849223,-95.14658026798045,-99.8055833541359,-100.08718240346356,-96.21461916180662,-97.07429401209845,-94.99653405525757,-97.8963273121816,-96.7140542657002,-94.24386665208027,-101.72694814657466,-99.1297108771681,-94.83205558652591,-98.16346724370365,-97.24030320547531,-99.55845390875834,-96.66984071533201,-98.03339037059925,-99.2657991465303,-96.16261083062993,-99.92662232083961,-96.4517262263256,-96.78401085756741,-97.13702621159787
2025-11-02T00:03:30,AP_5_149,5,149,wifi,5745.0,0.0,0.0,-102.60325016758648,-89.62256638799535,-96.89797235718167,-101.7031279325695,-92.22139271253302,-92.19677921578653,-97.02714223930715,-98.82831975980893,-103.82649785329474,-99.81502119915194,-98.23610512478226,-93.43365742855383,-94.7454520975036,-95.1559193155749,-97.0148189904516,-95.75071108415726,-93.52778508265105,-93.93825736938658,-94.74622850777348,-92.60954090783557,-99.30806671390812,-98.91734433429362,-93.1842781994119,-97.17847986989135,-96.52283791828991,-97.92101038989668,-97.36322354999051,-97.63600968228148,-90.93666193766217,-95.34813328384634,-94.61443134912305,-100.1919881243615,-98.1159338571835,-98.08155356386493,-94.39582889902717,-97.96884792200726,-94.20508378051919,-100.70856218669229,-98.7929517131135,-100.30163415833078,-95.83071418050145,-98.91903883817531,-96.34010429973796,-100.12663255809485,-100.48574796101406,-97.90844895696942,-91.01151778680419,-100.18365689713822,-96.48799239199411,-94.48643780172995,-95.27415111493777,-98.21522099241822,-98.83949881351884,-95.67305664883212,-92.45363543645414,-97.00174829651831,-94.75826803460785,-95.85948007462889,-91.03629853385003,-98.97524559732224,-92.52627651711892,-98.96722794887471,-96.70017181930976,-92.49681443575149,-93.05508648140678
2025-11-02T00:03:40,AP_5_149,5,149,wifi,5745.0,0.0,0.0,-104.3195349289625,-97.88568329854796,-95.94921555301245,-91.59854456670222,-100.56825815032141,-99.00613775296183,-94.66392500105842,-97.26190022440619,-92.31938862482471,-97.71209187422517,-99.46091816074993,-99.87209377249812,-94.09707846371646,-95.43076428362318,-101.81889983509906,-98.579031336461,-96.45114553577181,-97.53889341592001,-94.93412852039314,-103.61905518662168,-98.53480854332538,-102.72642811671807,-95.57219944607776,-94.01656329664937,-98.29486614286165,-100.24142994352641,-97.30659405076025,-93.8067675144315,-98.30448968691417,-99.57193640884223,-95.68203052789273,-95.32128776101018,-98.7888764480311,-93.9869252737893,-97.84597413359394,-103.74897634440126,-99.04703499976686,-99.36018417465745,-101.28903621413293,-95.49548590524029,-101.08057803197092,-97.3692374928867,-105.92366542748954,-98.50883109785028,-98.2124509804893,-95.69725568290471,-94.77679277084592,-99.70634688951073,-94.25046481699482,-101.56721287496629,-97.35080874720286,-94.68540857033527,-98.16530064412522,-100.2022915079363,-99.50641265901386,-94.20753940219939,-97.03135935816351,-97.19457434632953,-96.30598069518926,-96.15986360137062,-100.09917984998849,-98.78184661679907,-96.92504274044093,-94.86971295326713,-95.74018215262778
2025-11-02T00:03:50,AP_5_149,5,149,wifi,5745.0,0.0,0.0,-104.04364550828012,-96.36189436033878,-98.36819753524905,-95.10961363252737,-99.23196416101914,-95.32513477662377,-90.47308141362767,-92.67107844454813,-97.86118515938594,-96.74498385221175,-104.48408581834978,-96.43262148020783,-96.7683679413157,-95.3546803112281,-95.33431846121708,-100.62259778837313,-95.40925687047368,-97.48640650991516,-100.83969880802697,-96.72553027947744,-95.45127600738356,-94.59593882637776,-96.03764060414092,-96.21213255247882,-93.72481062448264,-103.10445572966347,-99.40816081175863,-103.94544591334757,-97.8619456110628,-99.15211674238036,-101.20182122423279,-98.40830909024768,-92.10773638305137,-94.17257605550552,-93.8801841200152,-94.61286557457558,-100.08062045471186,-102.08365176528353,-101.15022932003488,-97.44242001363459,-96.65632664377019,-97.40418493706647,-96.83785880551815,-95.13234766345225,-94.94396047389958,-96.4167464861019,-98.05677652006484,-94.6273329010861,-98.02046686379225,-99.81729811266575,-99.78162229782436,-95.33192763690703,-94.52310108485275,-95.81145028258673,-102.70633467935784,-93.65846275014134,-100.78512855167311,-101.49065400228804,-92.39243832027331,-96.7027130760895,-94.83448794369487,-93.0180838073441,-99.91025254437622,-94.25091501792993,-93.35071381323363
2025-11-02T00:04:00,AP_5_149,5,149,wifi,5745.0,0.0,0.0,-102.93392570284203,-95.78905417936517,-97.81654406505771,-91.98460036755388,-100.45393196826488,-102.16378881802645,-87.97914724540719,-97.43602594421685,-100.31430131129575,-90.83205495747876,-100.07279948361975,-91.16779649006968,-92.77575670590525,-95.46275234808003,-98.73989295939319,-96.18860273821724,-98.49969290934263,-95.74531166169596,-95.1459474345603,-101.29039386299625,-96.39240312596868,-97.3963386364923,-92.6872692875806,-92.85131968079934,-94.04826466904369,-99.07478606112504,-91.53275591725965,-94.837037603382,-97.8367619637446,-93.92497395625165,-95.78653569878625,-95.50490012887397,-95.16015161635276,-98.59069189525675,-101.98949137830806,-96.91113717399655,-101.40681292766968,-96.48846505232933,-92.52945897953872,-101.55348424442805,-93.27414773541418,-92.56007125510008,-96.39196733914912,-96.03140401588945,-94.85609050969124,-97.0103103482928,-96.61689047234564,-92.57783663583751,-99.22208433268248,-96.57840286476251,-98.00453381905396,-94.89384046474879,-100.05862621336243,-93.69806589030102,-98.74764383626888,-95.53670845286297,-98.8754035117459,-97.86241041648837,-98.9396881863531,-97.87971459498013,-95.09154074791604,-91.8717055342197,-101.11771675063527,-95.07811498666909,-97.45762793083586
2025-11-02T00:04:10,AP_5_149,5,149,wifi,5745.0,0.0,0.0,-103.55361652400087,-95.32811624935437,-98.75866285264168,-105.53227804367557,-96.01247098562051,-100.99322262596992,-93.15508073760599,-97.78159309389561,-100.45857177199414,-98.49681300536808,-96.91963870282616,-93.33814161767714,-92.8273031409937,-96.43655452227658,-98.46829441745238,-95.1713074364974,-97.96099987626339,-92.9161469598018,-99.38853413737235,-90.6591469727669,-95.56007282902596,-97.69962044379065,-93.72653107799246,-94.8728868043885,-94.48435102169935,-95.30567729934894,-95.57326348699566,-93.07721272201816,-98.29977797495566,-93.35357880158345,-97.84674645480146,-94.57806912182963,-91.96267529003953,-92.94865281515646,-96.94009736206574,-101.50469503561389,-93.91351628068756,-99.62661813527384,-95.8651561137499,-97.72915236688543,-94.07539864473019,-98.82045156739716,-100.10267439209544,-102.85848471698617,-95.81205634872262,-97.66688385851585,-98.71583629829355,-96.91463653774406,-95.62047234062258,-94.99928545259527,-100.69888018077464,-94.45004642776415,-94.17258330432495,-104.49028153393374,-94.95999107247299,-94.38960158723145,-98.12026441106153,-100.09546021340873,-96.08791812922048,-100.44723320223041,-93.47564215834764,-96.44987125501802,-91.90763922046882,-98.38376414971736,-94.45390895108869
2025-11-02T00:04:20,AP_5_149,5,149,wifi,5745.0,0.0,0.0,-105.93180618524927,-98.0944768766381,-98.32498900518884,-93.21161240504718,-99.22052975546382,-101.13854679397322,-102.74492813739808,-96.34395655325409,-101.19306301363582,-100.1099824647566,-100.34279183000226,-101.00803471697931,-98.36876690145617,-97.85805143823141,-100.27305634910343,-92.99891562512971,-97.32759807067339,-99.45411714328307,-99.54915204377339,-100.19788321937102,-101.52369843225617,-95.38894521793223,-95.89831657542656,-96.41333158930316,-100.41652833331803,-99.88911161600915,-103.51902363001253,-102.76621464584431,-92.83879390395897,-98.42139332108268,-98.14071919853772,-99.65387624932181,-98.14218873976326,-101.85315150943171,-97.20181603090526,-99.2685357603704,-95.50883481128395,-99.93974031773904,-98.91320690545176,-95.59886319622329,-101.19908925220433,-98.82596499518164,-97.83093334612009,-99.53956397334584,-95.34546782351644,-101.66350016825876,-101.58071278395883,-93.78923194692359,-98.83324697533568,-97.7887079584193,-102.91848310650225,-97.86168424022821,-98.86887759530315,-96.74441571248056,-101.70841531430335,-95.02663720757285,-95.45422506358065,-98.63554044685525,-98.33817471205211,-104.42593718105512,-95.92191719018818,-98.541565992711,-97.25757329809397,-96.4672373844498,-97.2946514376673
2025-11-02T00:04:30,AP_5_149,5,149,wifi,5745.0,0.0,0.0,-104.26977028289765,-95.9028713441378,-98.55005327958469,-97.91234769470807,-102.08740819186589,-99.75968886307236,-94.43955322395439,-94.71076142597713,-98.4234509883638,-100.77589036089357,-94.06309969940736,-98.70570394960771,-93.42865893657614,-96.9743234005538,-100.16015234879889,-95.48136862201852,-98.34664819839803,-98.93141970979275,-97.4924259316904,-101.12113473355424,-95.83291970028834,-99.0437719371513,-103.23475158640306,-100.4426767414709,-85.91738533804369,-98.0807614786281,-93.83900415727368,-103.7728435896222,-97.66639576126883,-101.98652214238257,-100.67807698632076,-98.8880228311807,-92.16568921549641,-93.91154123502483,-99.93207512734328,-96.07346215309336,-96.9750476999838,-99.92878775348292,-103.42301134400473,-93.19914177417088,-94.11352963040046,-97.05000414951067,-99.10839508602636,-98.02409306307025,-97.01559967919117,-93.86374351598813,-98.04423169239655,-99.42401752507793,-96.40923878800622,-96.9394731882663,-95.10020062163669,-105.59374316688502,-99.44610874846694,-97.40145654670955,-101.63263953992708,-96.35148091750123,-100.57571765007667,-98.86475675674252,-98.7437995941914,-91.68594811438894,-98.64974045048477,-95.48254999125095,-101.97696331349984,-92.49606003034464,-99.50519638446694
2025-11-02T00:04:40,AP_5_149,5,149,wifi,5745.0,0.0,0.0,-103.15901897084991,-93.87368686660635,-100.49921707394272,-96.78417172953979,-95.11300820987637,-99.12047314527308,-94.2178990468868,-96.0863334345644,-96.75752989712403,-99.41429748895054,-100.55604888661921,-94.95030377402968,-96.91231673468995,-99.71369626532241,-97.4944465722688,-94.29988922288388,-97.00399677591918,-96.23517223104574,-98.4468045965246,-93.88288636305428,-99.89300878247806,-95.8831084379483,-97.65910628984747,-95.1003364766131,-97.05769568783161,-96.42927457953735,-96.26330710087842,-103.26139892582293,-96.46491286946635,-96.33305679788228,-94.08756864588088,-101.33452343835836,-96.75355768334477,-98.49565476836382,-90.12911229425242,-98.29345614202606,-99.46249182590999,-95.19320942967263,-97.2644933937043,-100.8086574864559,-98.01743508264119,-94.95444624863264,-96.4211254644882,-95.23551914544304,-95.49387593077803,-95.45878395515575,-97.19024852687309,-92.75009272336402,-98.73864239641675,-96.0899100078867,-95.54375248455966,-92.3790306491225,-101.54543900317721,-93.14048455077452,-101.91165461521258,-97.58485733219494,-97.6143971880468,-89.40652466037011,-92.01982192967334,-96.27645806955069,-93.88311843464278,-102.37492839539192,-96.74720638887356,-98.22763197680246,-98.70225100946043
2025-11-02T00:04:50,AP_5_149,5,149,wifi,5745.0,0.0,0.0,-101.29386427213461,-94.68136085383262,-92.99722684330656,-96.6583122781588,-97.54135436986924,-93.1517213901687,-93.61582931043003,-95.51062968075566,-102.7315556910093,-87.31902769043683,-88.14890290705942,-89.93758242494003,-97.13698052088978,-97.18692550339549,-95.50235897918603,-96.64311665768014,-100.73372040250325,-95.55130598389536,-94.39848301435764,-98.23873693870942,-93.77387982525205,-93.98765695248905,-90.96312035793126,-95.19452253235637,-88.4056552272822,-93.41256826724532,-94.98439288932903,-89.71779879000972,-92.97315914631899,-95.8827927766686,-94.21925026180547,-90.99062949304628,-92.94801859752349,-92.60783664368144,-90.96670594488042,-97.20683285816591,-95.49554716902335,-92.32103248327616,-89.46544287533669,-93.38040224431543,-90.49869788325812,-94.03484584072571,-91.37262890155816,-95.48518457979922,-91.13354967862348,-95.78503777190907,-92.36536981844151,-99.00674929886638,-96.34294002441175,-92.39358162700262,-98.86468544304849,-98.17520659347234,-96.57914085452092,-95.90301334647359,-96.33419654178462,-96.54369404175223,-94.62366864691208,-92.98825284931125,-96.84060018022822,-90.91022744337637,-96.03366108420742,-92.98104649910856,-97.39192805857881,-97.5758028764321,-94.62283053633949
2025-11-02T00:05:00,AP_5_149,5,149,wifi,5745.0,0.0,0.0,-104.24560604929772,-93.97223637208343,-94.72257029607877,-97.97781130075883,-94.67703988771868,-96.71553315505325,-96.35893114366816,-91.3836718228774,-98.47602538975266,-94.4129543687984,-101.77053428126553,-95.01439737572673,-96.00333256504065,-96.0901853507901,-94.81953439287345,-92.63792235911723,-97.56070467065264,-97.49514697516804,-96.21521612961058,-99.31207319978607,-96.61111802925898,-97.88393358970731,-94.24879490465514,-97.1584234084537,-97.92790560932893,-96.58153364220645,-101.97243971354749,-99.6514553685994,-93.54200545840645,-102.80978087855749,-95.98883778314364,-94.61276480930928,-98.7300626955896,-96.81253577667194,-99.7877678183005,-95.97371418015943,-99.24038774429584,-97.17002664310745,-97.21246475038404,-94.63740187775285,-98.56758916210998,-96.19592753237517,-101.34251780730995,-101.7179532998668,-99.1302981325398,-98.28926999039528,-95.72930583671861,-101.67891286397703,-95.98601396617916,-95.67704684534448,-104.7935806026823,-99.85803962869531,-100.47830146086518,-101.63828416390767,-102.94724866762277,-92.2431765579417,-100.07619829826875,-98.6658272269074,-96.2141269181795,-98.95901593346657,-96.83157631044735,-94.6842872692543,-102.66579998593986,-102.72433504568497,-97.22130822600191
2025-11-02T00:05:10,AP_5_149,5,149,wifi,5745.0,0.0,0.0,-103.25468144811906,-97.54245352609405,-94.89186570202605,-94.08146016561592,-97.19083122639822,-95.24158097378395,-100.13654631950052,-97.1554138003793,-97.15338850997615,-96.15878302214716,-94.78749808443055,-95.64864135918631,-97.22628191710876,-98.91692254631396,-91.47228288491254,-95.86906768895906,-95.79292777065827,-92.69093445927118,-94.28762746422483,-95.09902524496113,-98.34286040118859,-91.20385468853951,-96.37719447894901,-93.75043722984265,-98.44409124828564,-95.36550912316456,-100.3154847572745,-97.09779789401622,-99.59667819073572,-93.26549798046489,-99.71267817252605,-97.86857387583157,-95.57066109553315,-99.06685062823139,-98.4735919326867,-93.57882322199698,-95.05231263563547,-94.44397379570783,-90.54684388999456,-96.65813297652385,-94.50788102782901,-101.3041531106851,-94.00183790236899,-95.68918449596954,-97.10435564459723,-94.63538163428441,-95.56077504568391,-94.36022627098893,-90.22909604279327,-95.49645173848117,-96.19164264391539,-94.30654208173333,-93.61473280189105,-98.26576221779166,-98.79512205960413,-89.3449226174403,-95.50880104004064,-94.44567961280399,-96.53053213268413,-97.467294319302,-95.70166078769803,-95.52754738586678,-96.26289052032705,-90.34309687090914,-97.78131272222598
2025-11-02T00:05:20,AP_5_149,5,149,wifi,5745.0,0.0,0.0,-104.40403388395322,-94.32400457038851,-99.06898123520256,-100.74476219235014,-95.26506385964645,-99.30788251785117,-98.07147094631217,-99.75423809677994,-99.2814521882646,-97.08843989406435,-103.60977797639028,-89.42340424695692,-100.68254437461913,-97.09941631278828,-101.52851803350019,-98.41828372851123,-96.24634304559052,-89.9527324033564,-96.87940547553015,-97.7905550777377,-98.78146343325618,-95.48971327828846,-97.07875183393936,-101.76544323701573,-99.55542285246811,-98.60459651552024,-98.72296529787894,-101.31669914477017,-98.73015822852852,-95.70194875520038,-92.31320975291125,-96.57936735033269,-96.96885707749047,-95.11968362372512,-99.59069217829143,-98.51234922454768,-89.95454060679893,-95.52012749846708,-102.4842852744624,-95.52983014569647,-94.34200180864902,-99.0111511391589,-98.24504708248757,-92.78700643116296,-98.183258803671,-98.95921195621932,-94.2336808471174,-98.6595099570038,-101.29845800017026,-97.07830408082631,-96.98802703743246,-94.49606443700608,-97.23866106772704,-87.24947255235718,-100.21780190723895,-104.56961725175282,-96.50779068234148,-100.20110225331855,-94.33573290976109,-96.45520558157473,-98.67222376595049,-95.2321187659251,-102.4331368212164,-97.02230268170811,-96.22898057776759
2025-11-02T00:05:30,AP_5_149,5,149,wifi,5745.0,0.0,0.0,-105.00641420566578,-100.64544708825446,-100.11605401889992,-102.03549969723721,-97.00004346298103,-96.07669928008448,-97.10649564406599,-96.87925141065357,-101.487347527922,-99.82193334891149,-97.18498375901561,-94.01686379478427,-99.97514368905948,-106.80031375837314,-95.77009405162926,-94.31070350264856,-105.02196818786622,-97.49456564366831,-96.57687041799021,-100.90622068489863,-101.04304750387682,-99.03369039279335,-97.46531533419214,-99.97511870340817,-98.08787253887036,-99.03614840522629,-98.37520055097703,-99.82021383608824,-98.26353256056717,-100.014857115323,-96.0795970556733,-95.06246158341983,-100.99740448152666,-93.20203750925388,-97.18746462193856,-96.22715541226853,-97.39309539794485,-95.15225698946878,-98.31176086992645,-100.18929621318753,-94.7449972976035,-95.61036044410476,-100.10532619144327,-100.14357524172645,-97.60668171401478,-94.70910794078809,-91.42519893879705,-98.64029122512035,-100.24028397784217,-97.64335511024302,-96.78720043284194,-98.80364088112471,-96.2611255733017,-92.52208007857494,-103.00685269912515,-95.56769377583073,-98.58521141335088,-101.67239162284251,-101.98327819523423,-98.0956556448018,-99.67153497762402,-96.05974224455724,-92.09175677646711,-96.42393650008202,-92.9630213369357
2025-11-02T00:05:40,AP_5_149,5,149,wifi,5745.0,0.0,0.0,-102.80308950477102,-98.65252502454825,-92.5643752160333,-100.49709832820827,-93.65402216038099,-97.63485156607068,-92.38489079068601,-97.68589860753242,-94.82517132428495,-88.36980792680153,-93.15242436426283,-95.79010231231261,-98.92371448004191,-100.10900675759873,-98.92614175196022,-98.74732096302036,-92.247397710076,-97.32782674348121,-95.79628215215416,-94.55133338835954,-94.71684363848846,-94.99701586904726,-93.05979477958832,-94.58330634409909,-96.23572615056965,-93.15117907979217,-96.61989349958873,-93.14054852758204,-98.92421385143325,-96.98540569207107,-99.59497445185603,-101.69221780201039,-89.21586231543708,-96.35552026944102,-94.35076141012672,-95.97024240108254,-101.08176014170425,-91.12109607676037,-99.18686231374258,-91.21746011645342,-92.12297123903396,-99.77035838217918,-97.52556835932184,-92.51608972889764,-94.18947517731394,-94.10342018935444,-92.75652201588971,-91.61834106831,-97.47326652145496,-93.36618133703024,-100.03938885043621,-91.98055206657048,-86.81153031995873,-98.97723277503732,-95.9391307002731,-101.08973455181692,-97.65674355627038,-100.17154046587332,-97.57145125800312,-93.39417278989708,-90.21509160953362,-91.92192474528882,-93.04785612471261,-96.78565929376799,-94.09628919513933
2025-11-02T00:05:50,AP_5_149,5,149,wifi,5745.0,0.0,0.0,-103.75576534610597,-89.8105542661532,-95.88263871159317,-98.31593874325353,-95.88262338342106,-100.39982740058637,-93.31474970242692,-99.22102684196207,-95.65619168760246,-97.53628685032564,-97.30455047788622,-94.58246295058551,-94.39648259767779,-97.28600320723942,-97.23112526976432,-92.59169469507088,-105.04865430737621,-93.11958427588843,-95.02080718835289,-90.98297259498483,-98.1338507965887,-98.5151579213162,-101.35491308154079,-94.71782467321395,-101.39418855787308,-93.73865227384925,-100.92116402824584,-94.35330900292244,-96.47288982208234,-96.72700878469298,-94.4816602245067,-103.8933800282412,-95.59243739804752,-95.71217465006136,-95.88272109617405,-95.86703977326871,-101.28873964458727,-98.31717479511056,-97.77757660760045,-90.62410464033856,-98.42814621745744,-97.50486703188572,-94.57963690739804,-99.97526259619754,-97.49732669937599,-95.637067417546,-96.04453537691212,-99.52863927703388,-99.45551484018524,-95.36573133347977,-92.59295474864197,-95.6749125197608,-92.09198568715178,-102.5179633425595,-94.05735631702932,-95.73800987354988,-98.35673504194367,-96.00727424978258,-91.65903056474842,-92.60268333444554,-98.99762102889893,-95.69251688075853,-92.68282301090085,-94.4591980857036,-98.05014035539108
2025-11-02T00:06:00,AP_5_149,5,149,wifi,5745.0,0.0,0.0,-104.48695132701906,-98.41109557430448,-94.90035716628174,-94.93562601174288,-93.65191961954511,-99.65341911334275,-98.50520112500668,-96.10096204986512,-100.03814209105997,-100.95614129478662,-95.9940156395229,-96.12123633199649,-92.79769375166032,-99.67463055971112,-99.39980404855287,-100.79404657449271,-97.82768252994876,-100.2491636415554,-92.34271474292528,-97.00109393879355,-103.7233054869954,-99.14815718974292,-99.17557836065163,-97.75964817914698,-101.31218819505283,-94.17968362192856,-95.24367181295064,-94.78413268754026,-95.07953006046687,-105.63439597975085,-97.21026283923604,-98.53758089806676,-102.01263010086836,-98.60739830024488,-100.96226155322081,-98.66247041748665,-101.07390698145358,-97.93551003245233,-94.56570711054835,-96.54876546771513,-103.47417578962768,-93.94585822390832,-96.11014479730164,-94.85775677849323,-95.05606682257539,-96.97501093295072,-97.18242494909829,-100.6502489356403,-98.66030481171425,-96.66668934168422,-95.2160893895214,-93.70791111702093,-98.98128420564028,-106.62712313861695,-91.49581466817489,-94.3489829060732,-93.43183432003026,-96.37967670580284,-96.26059036418273,-100.20714026002001,-95.67956522250749,-100.8853237613801,-101.01482404634704,-101.16649368416911,-98.35641860971583
2025-11-02T00:06:10,AP_5_149,5,149,wifi,5745.0,0.0,0.0,-105.41863529385033,-98.92039277413382,-92.86210797905166,-102.62673580652843,-94.94514362008726,-96.0193276086327,-97.45983166187439,-97.22784659833971,-95.43905414017644,-97.66348473934596,-102.47352291015848,-92.46941018553207,-102.64608978064632,-98.3433478922152,-96.08237852113226,-95.47988737841766,-98.30788479991351,-95.230131508462,-105.13031609901876,-100.73485310986493,-103.41369957071976,-98.72027093489487,-96.34206347036528,-100.2782755203483,-96.9663497955538,-94.28397219876474,-95.72961551259075,-96.43537158477788,-98.46442837140776,-102.34120372447099,-98.88708876262952,-95.99530556812446,-99.79554534547358,-95.03207774534624,-96.68876337099097,-98.38103374135807,-95.80511997946707,-98.7000311931069,-89.26789720545722,-97.9078151450089,-94.49197610293128,-97.79280028328344,-96.47931991632714,-100.47513769201552,-98.7422627803574,-100.46791995287161,-99.66715768817812,-99.00728958755438,-100.0799964390879,-98.93556009230656,-101.43425366683321,-99.5530757950121,-94.42071835856326,-94.9066879326859,-97.64427396743291,-99.12181216518754,-97.12299084159477,-95.77672664575367,-99.67005115500433,-93.82874591861268,-98.14816143652631,-92.83284465714067,-96.35014529595249,-101.51014052368632,-103.39283865555588
2025-11-02T00:06:20,AP_5_149,5,149,wifi,5745.0,0.0,0.0,-103.89699937714849,-94.10219570981147,-98.10513767840668,-95.11294440468019,-98.48508531455833,-99.72880303514158,-98.38174811304472,-95.84590911756953,-100.94748467599044,-97.95599381221362,-97.54841401992535,-99.18167103814483,-98.55310677287103,-94.32999033001413,-90.83601225675197,-98.53285431445227,-93.33597920299516,-95.79595190377745,-102.64999202910458,-97.22160846705287,-98.49266649638287,-96.5490685654343,-93.42001180459202,-98.90654227703412,-96.74752972043376,-95.18269100338135,-96.21392092267276,-99.44808542278996,-91.4540605203148,-99.56219216078385,-93.65074480672722,-98.6598061178396,-90.05849423736288,-98.77824512513146,-101.33947550446412,-95.59899983387345,-92.87146862288252,-96.15859852700578,-100.589179447713,-95.8531901924952,-95.21064080137486,-99.64129265194802,-104.32582339724826,-99.55460014986865,-93.60318229469674,-99.06483010683309,-95.28296724578081,-97.43879015956458,-94.75354723851048,-96.64035723764812,-93.1863491115432,-89.52275767924577,-96.87394703634183,-91.29880508845193,-96.72237239623135,-99.16983237781699,-96.92735952421344,-100.86329260286335,-98.02735638279651,-99.88049092760943,-95.10852200915669,-102.0458115237328,-97.74647743793092,-96.33831639561473,-95.18629232261448
2025-11-02T00:06:30,AP_5_149,5,149,wifi,5745.0,0.0,0.0,-104.86105440313838,-100.29442382997998,-100.10734619670086,-94.43065472475413,-99.65559776969228,-99.4278979647649,-94.85504304891575,-97.97077822996067,-99.71250430755642,-102.35124512289038,-97.60043940512111,-97.10272266949836,-96.33689006225897,-102.74511259453867,-98.19450805214004,-96.82216565753278,-98.99552363502399,-95.44852038514783,-92.98129289532272,-100.9114553979259,-98.50169597059529,-103.36349726419452,-101.09671680456259,-107.662213992655,-96.7501286349278,-96.27807171741323,-99.53094169811172,-95.81641585750279,-97.63624069096362,-100.0853518558166,-102.4754887987916,-94.33713074960531,-97.34764056170263,-99.05695526812767,-98.83828752876764,-101.57771116695496,-98.20630440866263,-99.4072324824964,-93.67305705883739,-97.20665668668921,-97.2613469211991,-96.23524042694065,-100.82126246916833,-91.29608003092392,-96.83468192099149,-98.73920008026393,-97.51480622675973,-97.72558337188899,-98.34258972510376,-98.25658068887961,-98.19688276989633,-92.78574098635987,-97.62469725804175,-101.56928746137866,-98.78116887341467,-98.21372564759254,-95.26819325657745,-100.87367629362156,-95.96889810397752,-95.59053664102474,-92.1630973995886,-99.4164032192481,-93.88614595994747,-97.89058805160056,-97.6057137356144
2025-11-02T00:06:40,AP_5_149,5,149,wifi,5745.0,0.0,0.0,-103.22454305875198,-95.47848873233653,-95.91589899091701,-96.47035544481814,-93.6699915991431,-97.42206872402213,-97.54943503838439,-90.72779239997142,-92.8333906865898,-95.75368212762768,-98.45450954880238,-97.90703878768191,-93.23841130501236,-97.91533492170572,-93.48996188074314,-96.03765049580595,-94.29171206645242,-93.37942981130503,-99.45075761905105,-95.22360064673047,-98.96964158391441,-97.87737785956693,-100.26431502859472,-98.13045949458768,-99.32933528271775,-92.1650938550965,-95.67602764581288,-96.51011019674866,-95.42551543493894,-95.82841216539606,-96.98668892499931,-93.29535390200967,-95.65647421852992,-97.52989927980371,-101.43048756221708,-98.46133951063543,-93.00792603633694,-96.94763317191646,-92.10781239261935,-101.21978823776765,-95.12081938979414,-97.47255007266338,-90.6739928909679,-97.14994322283309,-96.6823196215116,-99.29744317602476,-91.83923116589176,-100.39689799516634,-99.60536999508889,-95.23646249683728,-97.50904909594483,-93.70686972956064,-96.1682333335139,-95.51990561535979,-96.68911232690826,-92.33123682028122,-95.59079586379646,-98.38579049971334,-95.57829306288886,-97.65211711536213,-96.9377791411088,-96.22986195626801,-95.18123978792336,-99.18687780017973,-94.33830330597371
2025-11-02T00:06:50,AP_5_149,5,149,wifi,5745.0,0.0,0.0,-104.01803881801294,-93.63430315369305,-94.33378300349864,-95.50794518064093,-98.00981646514623,-98.36094055982163,-96.28775078548556,-95.65351977602046,-91.76855511367981,-95.05667082707278,-98.23648668214102,-96.28340058015802,-99.43117170960299,-95.0051661346493,-96.96960397208875,-99.12522840049903,-99.6085386103029,-96.27515757175357,-93.29969245229624,-93.07040783062162,-98.4013688001767,-99.0798640993882,-96.11734042154661,-98.01816259474863,-97.04647203305474,-95.93649313205519,-97.16678332124377,-104.00843905419887,-96.35251392327964,-96.39377793112584,-97.95002554397266,-98.40805585515601,-100.81010588691548,-102.09152049148247,-95.49529568493418,-98.47584983746623,-95.10214823485389,-96.30983505152012,-93.41078046338703,-96.53139902743924,-97.34152709439947,-91.76288003559134,-99.43767295434877,-101.14613319869609,-99.41177450148918,-91.72824452076654,-102.24402915219679,-97.20806149276541,-97.69132923670196,-95.28314417731794,-95.65622276495975,-98.93070761376586,-97.90522718200796,-93.55106294353185,-98.19114322258962,-96.43015094129535,-92.9970875628757,-97.8928335266471,-93.8015734894853,-97.23904413046445,-96.28902063205919,-95.07186351226218,-96.22084108848111,-105.76850603193577,-96.87998252782705
2025-11-02T00:07:00,AP_5_149,5,149,wifi,5745.0,0.0,0.0,-104.39824683446082,-98.83374046875271,-96.09797553163202,-93.1127276946017,-97.96289355553166,-97.78593820143858,-95.07498710580171,-96.92723859977357,-95.43381371643675,-96.52065889319906,-90.66494644279834,-105.99098689342465,-96.99021626570972,-100.35439104237354,-98.50865958135572,-94.76334830572965,-95.2024007181367,-101.13941105173456,-96.9342620822517,-98.63864293186926,-94.64643886170123,-90.58137640489412,-94.73154397443476,-100.26491058586636,-97.11446258659394,-100.7720493839511,-101.9592421890303,-94.27802685589545,-99.8234790813627,-98.87889212599184,-96.30512554969677,-93.19904275647835,-94.05831176733288,-94.25437970652304,-101.39363250702988,-97.61411113822724,-90.69291080077082,-97.92700536116607,-98.60523814073359,-100.02364656301003,-93.86562556334898,-95.33818903019022,-103.34677950506405,-93.88760839070238,-96.67783415884186,-95.79882151709162,-99.85736461301272,-95.66846721386266,-99.97637601020706,-105.48912542517435,-103.10658107446629,-93.37755210497295,-98.68288318972603,-102.63717762551038,-100.0372269700349,-102.07703479811977,-98.0831957213841,-93.27947800749722,-99.12598674959969,-97.22241548594131,-94.99044342139126,-95.84642581122345,-97.8655094361321,-100.23062030885602,-101.44672264439535
2025-11-02T00:07:10,AP_5_149,5,149,wifi,5745.0,0.0,0.0,-103.99397703218352,-95.82788750925653,-93.9627192788568,-97.6582481094441,-102.01069711059773,-97.57977684004457,-102.19891935743885,-95.07772475787364,-101.02995417242029,-99.92064671740968,-96.24074747989711,-97.15805940216248,-97.62596941356855,-95.42386434626876,-98.56528955299697,-97.1291622965332,-95.89143113160802,-99.54384830575368,-99.89529236037394,-93.34144189267434,-99.74279771924272,-90.44929324573835,-97.31555474824657,-96.53006911689,-95.8136826603044,-93.58806085126596,-99.85205602895849,-105.59833012036407,-94.70519338425069,-97.897962269935,-98.03733466134908,-95.63101574340716,-94.79504342276076,-98.49687413043449,-95.09734966836437,-94.98058732893517,-103.57759787776759,-95.49739040815926,-96.02284826636087,-96.24268952740357,-96.34179702702791,-97.48122129091057,-97.19739783590826,-93.70970714525212,-99.91861050552325,-96.57155996142639,-95.1310554994869,-99.66883717038488,-97.62228535141844,-92.04522030087286,-97.05811242196029,-96.29400779111212,-100.4138050089256,-96.99556398957603,-97.18156776663047,-105.04914575547058,-94.4122915694868,-94.11063240872197,-96.29775282241694,-97.40638517587375,-99.89619623389729,-98.66582069373365,-102.71428843397169,-94.15659699163764,-97.22037736526758
2025-11-02T00:07:20,AP_5_149,5,149,wifi,5745.0,0.0,0.0,-103.29849729869338,-100.02485268150726,-96.11890329675056,-95.56188337614984,-98.58443153008255,-94.28587710774713,-96.9515607128231,-99.5453439822213,-96.40025434764466,-96.01611667844473,-95.91392596294097,-97.1104010464171,-98.48827179014842,-98.47092086333383,-99.124637945654,-98.42941563878152,-96.03095472392438,-95.62026716524868,-93.11509788939559,-95.2928243158378,-95.28961121243037,-97.74279166292493,-101.98089689905454,-97.58866097979764,-92.0314195377332,-100.95457632319624,-97.32627897572874,-96.98093386778176,-96.96130228641145,-101.27801559257,-100.35550669632921,-98.26206399087089,-97.92216388203857,-96.76485442629897,-93.06876891716895,-92.42272000089447,-97.40041555123511,-95.58700866559711,-98.23796137109085,-95.96038192225731,-93.1947541350666,-97.83624563178903,-94.34781783250953,-96.87526440019477,-89.96650336844714,-98.98771824426726,-93.30863754085522,-89.13658101835155,-100.12827511573099,-94.3911874840353,-97.24812844532438,-101.07306838611275,-94.02187613610575,-99.46200876565825,-96.24107883535127,-92.93509149480613,-91.56652863406059,-95.15139940819233,-92.95724144987172,-95.59800974195976,-94.1662615892901,-89.95080495504878,-94.43193231800744,-97.88532716970994,-92.3409661986243
2025-11-02T00:07:30,AP_5_149,5,149,wifi,5745.0,0.0,0.0,-104.51592516914835,-95.17691327199367,-96.03800435639697,-100.14790809578759,-101.00684837249754,-100.13281186894235,-98.49137019910643,-94.4387785012796,-95.5164560062555,-100.2989690339133,-103.53076418758154,-99.2877808601348,-94.48954561258644,-95.97753118476535,-96.53947444640502,-100.20727196039708,-97.01392189516484,-97.67668141687406,-97.83475073417983,-98.60633225205629,-100.94145083849625,-100.10611061551629,-99.37760934278445,-95.60211961949426,-99.21824003271635,-96.62181552368743,-99.68563836614378,-98.18969300992194,-94.60006264201581,-102.045537396342,-99.29044384182411,-97.92518208903556,-101.25193471462157,-97.54895777352223,-99.70127607135237,-95.33192690567674,-100.7353323407629,-101.3577758530406,-98.31740480726859,-98.7073821928896,-101.55027618652274,-97.06465480120305,-94.23553531506302,-96.09073203219626,-96.45678164005875,-97.29664458226507,-99.75416593949613,-102.4389370740271,-105.09632074357253,-98.07310584936928,-102.04073746407417,-91.48510683248587,-90.43768586411876,-93.65989729386263,-96.8062777448598,-97.20209401267239,-98.81199626786527,-102.13710467268716,-93.5497380979397,-95.36136810507641,-94.86535039616952,-96.71707395637402,-98.66449202082852,-100.05935300671273,-99.29491504144937
2025-11-02T00:07:40,AP_5_149,5,149,wifi,5745.0,0.0,0.0,-103.57917101098563,-96.68744659031657,-94.87157928639225,-96.60676808828259,-93.61370053970967,-99.92511209309099,-94.79142176286443,-93.03520941053051,-98.18834751785309,-98.77857666468545,-95.43929078218298,-96.69703188930295,-100.8925632526571,-96.50725043369114,-99.25150050404787,-97.10207471374365,-93.78407170827458,-92.40058483089989,-96.81220124280505,-99.17988124759965,-96.88211409254316,-92.67252387337578,-96.47879284940936,-98.75534739852232,-96.04516342535247,-98.17784772940757,-98.04074762900531,-98.21274998773178,-95.61618279504161,-95.7375510291781,-99.65078411574231,-91.10223191687504,-88.62005726232373,-99.58294207551282,-94.80401003164079,-99.7173435981266,-93.86333468536,-96.77917725120773,-95.21060127373822,-96.27883744565308,-99.11197737461478,-99.66089913839025,-103.65244050786168,-96.99014780421665,-97.77010065522646,-89.39549673860338,-94.36145158978425,-96.23751775875354,-97.56571675954102,-92.23663627798197,-93.14142044343953,-100.22085285166597,-97.22197438560966,-94.31683448856377,-89.58813543568566,-92.07871545753297,-100.88551836771774,-99.25098923714269,-98.92651652183477,-95.90312720175332,-100.03921767544152,-100.69552109820428,-98.1038090466706,-95.97672267470479,-96.76173195035045
2025-11-02T00:07:50,AP_5_149,5,149,wifi,5745.0,0.0,0.0,-103.97952982897851,-96.59671751800053,-92.43007574475953,-99.28153112721408,-100.87743772566263,-92.20367918953117,-99.08070390210628,-96.4947796525301,-99.02889179723134,-98.95823513335907,-93.60659886372075,-99.70780032390425,-95.8276923665084,-94.85974683515678,-93.97889224956835,-99.99838124995141,-96.50287388407509,-101.70505661326426,-93.73596101698071,-94.88288506807652,-94.99243508514327,-95.2379421952843,-91.21049437022151,-103.80219024256843,-101.13958193870074,-98.60058947271726,-94.16015934366834,-95.40669872356156,-98.20441491118197,-96.84384299837063,-97.75217671121733,-95.80531623953951,-98.48230232992489,-94.37164622920028,-98.3891030207627,-101.16777785512076,-96.98679210653549,-100.4594110856587,-100.01909352389316,-97.20867135973496,-97.71726364815481,-98.31983639201104,-96.32431648323502,-105.84361406165581,-99.3159048241241,-95.4450262043728,-96.09563726852232,-94.8004116168402,-100.14141395917719,-98.44631277401768,-96.41501161553104,-96.55779105356893,-97.08765753881681,-95.22944531072241,-94.44518050691342,-97.14302818914673,-99.08614000034866,-100.63618543648798,-94.97103987016698,-95.83027794715322,-98.28479579330477,-96.30122438965422,-92.84365702232527,-103.951100236902,-96.85348049121302
2025-11-02T00:08:00,AP_5_149,5,149,wifi,5745.0,0.0,0.0,-103.01959990051607,-96.32000437597188,-102.41467576605176,-95.31304171660805,-97.31311075674041,-93.22263652608272,-91.69376535659504,-96.17001112728656,-94.4184486789549,-91.63109867095854,-94.5312589762217,-94.13014126012928,-94.89892914927613,-94.03468991786781,-96.57036264654573,-99.73163301238831,-95.40799671624505,-98.42177576147004,-91.53230812247646,-96.35970003797094,-93.58151778476457,-94.21948331168741,-94.61201349352292,-96.72936884375514,-96.79322083704002,-97.93015979817766,-97.76063147080393,-93.20702067119758,-94.27335344778126,-97.28318004156732,-94.35882181978286,-100.47570065350821,-96.4251844015968,-97.31739170297884,-94.72687405850014,-95.56341053275645,-92.19397118374562,-95.46131617276353,-100.97043630610806,-95.74266949223421,-97.72780232663928,-89.99402788493494,-97.511117508583,-95.01216498838461,-96.02187082765441,-100.89182420600062,-93.28053817466264,-92.94557077662029,-97.30314373578896,-94.21081356370189,-96.22857395359593,-100.41803405641825,-102.56313952660355,-96.75202047804427,-94.91128747684672,-92.73503811389867,-96.36403185779722,-94.89217828941919,-95.21357534056838,-95.7534028765408,-97.37096975547966,-92.68236450990615,-102.0117468317202,-96.85652899616153,-95.94488831863156
2025-11-02T00:08:10,AP_5_149,5,149,wifi,5745.0,0.0,0.0,-104.12368608141848,-96.86011916202997,-90.93238956673622,-96.0090218174908,-97.2528948970171,-93.86245935588786,-95.17550482910856,-94.72699163612299,-96.17147214529948,-104.39453942022075,-98.0052088392972,-97.59219946805732,-98.0168532361258,-100.52834313704138,-94.41583413180324,-95.07058662286946,-97.00917790462444,-88.88873159529645,-97.2035732645467,-93.04314407854771,-98.08392796532182,-96.70439495866287,-96.82772099887026,-92.97735798650925,-98.41252502701683,-96.20755922644871,-94.34139712349437,-93.29659696885217,-96.0596373384129,-98.59537637826125,-93.59516107197507,-91.6328122924198,-98.97669371589072,-93.63739767490421,-97.83219846284513,-98.22759520949442,-101.48838895097774,-92.73958896318024,-97.85898303533402,-96.66312398052916,-97.78949472302868,-97.30298203090261,-96.27214321532797,-95.62842660129283,-96.30029109159936,-94.81648850970922,-99.9013647951291,-97.67710478728827,-95.69044280620756,-96.39146473360266,-94.91049437290822,-93.56241454247957,-93.58289656293027,-96.64958203666906,-97.7468926557966,-103.10098526867465,-104.63098330017431,-94.6461956023783,-103.1806164495966,-96.20436852142466,-102.17389537782971,-98.54317699984286,-94.87618482042856,-98.62108969964842,-96.29836492971674
2025-11-02T00:08:20,AP_5_149,5,149,wifi,5745.0,0.0,0.0,-104.01652591194207,-96.96025251945848,-99.34686286179512,-96.92654491333072,-99.67124439064652,-101.68611924524676,-95.49191757691165,-96.24463316420709,-100.56873862939975,-97.05219264552053,-101.10683662415606,-98.16752933422009,-100.61068923418688,-94.92785146130632,-100.46139310882846,-93.0746975750752,-98.7267352501673,-96.90485075991914,-100.7093645474099,-99.34105765665844,-95.08168851131158,-95.22690499258191,-95.20253574243749,-99.57728986988317,-97.5081927895318,-97.25701398604825,-98.67439418282902,-97.67225781499539,-95.14273839309578,-98.9795129313365,-101.39815199948274,-98.21863599966545,-97.95671228293034,-100.56005955349879,-95.34029135531487,-95.26039549862111,-94.45313514673362,-95.11138778380428,-96.40377588834818,-89.32946202321224,-94.99745190515596,-97.24811363520095,-96.18446918679525,-95.92754497831056,-97.39999912603454,-97.38890142922486,-97.17799420358375,-102.13473039775374,-91.8038536124447,-95.08105441233927,-96.25922594115151,-95.08415174288649,-95.00109943268774,-99.43060949743042,-98.10445683743833,-98.36595983832814,-96.04248348125243,-95.30949551083137,-100.05189819029104,-98.10218982616104,-98.39725904903736,-98.66181310793884,-100.98867622133129,-94.3780016349597,-97.25978815070691
2025-11-02T00:08:30,AP_5_149,5,149,wifi,5745.0,0.0,0.0,-106.03596744115208,-98.9736921840647,-107.60700728133162,-95.9161302177826,-96.29213694248897,-101.60511513515061,-97.02251302246249,-95.76300174932011,-98.09413192940566,-97.45660660641504,-99.56956401471795,-102.40737349328454,-98.60939388651737,-98.90512631777071,-94.96322580052743,-98.66050723399803,-99.57103868184575,-99.76820460075999,-98.62007727614896,-99.46358814404712,-97.97472397159943,-99.07984847129097,-99.04615818212493,-100.99394914487169,-98.0516830825712,-96.94246654509541,-97.76877846263875,-97.95515401315814,-98.79776682811253,-103.00870127258132,-100.0698267989535,-97.24232832421511,-97.03540614693445,-101.59501573567906,-91.80306891531686,-98.89659664360683,-100.452851093197,-99.7654413797534,-100.0132607039582,-104.38244658605569,-103.48849967698912,-99.26109918904311,-101.66404648592824,-102.83083008281605,-103.18193578797545,-100.34922476945344,-99.7068953477708,-101.12638102025333,-97.46236116900972,-98.89617154695941,-104.92788978413887,-101.79275955639673,-98.56348622966036,-95.30664350536448,-99.83750061838512,-98.2193537995002,-101.07239279653088,-100.71279815084853,-98.14349817736853,-96.03706082692334,-99.20385796173287,-96.23511867609166,-102.46089221261477,-98.18289395140366,-98.50831537564535
2025-11-02T00:08:40,AP_5_149,5,149,wifi,5745.0,0.0,0.0,-102.35294400318556,-88.46341312205519,-94.63456913523828,-91.280250362062,-93.44599196262317,-92.81118138143238,-90.90661142634892,-98.30992427640396,-97.29615552392076,-96.14143034634446,-91.95857172342028,-92.3471439135491,-94.65178081446804,-95.50663904279462,-98.19783561785702,-90.76515092222859,-98.48613122625446,-94.80450201526448,-95.63195216416725,-99.36454377291,-95.50676575668912,-97.87904817320388,-97.55599787612721,-97.5832783346118,-95.5798015476835,-92.54081190495437,-90.77304900800698,-99.01058823140568,-98.19346669976709,-89.72470657338063,-100.47161531202748,-95.84858174505278,-98.94889467481417,-93.43666480775848,-95.34290461315521,-93.05856322869217,-97.07364620599115,-97.38771452568824,-94.08498912933139,-90.93681659006369,-100.12632370560222,-96.52672594736757,-98.59598098674104,-93.51509495638771,-98.3518807669031,-101.55939993536023,-106.01763894712983,-100.83116198055816,-97.03723755286339,-97.16022782607241,-95.33740953265549,-95.58397098063728,-96.4930656083681,-91.40534129719295,-96.20334556260394,-99.71262270022959,-96.57143938979196,-93.17232913390183,-88.65673663820661,-94.32080015571454,-91.92554132087434,-92.6454559857131,-97.97797346861638,-96.80348429138314,-97.05314074024892
2025-11-02T00:08:50,AP_5_149,5,149,wifi,5745.0,0.0,0.0,-105.12006725124438,-99.55816509527305,-100.13137831578508,-98.83996019707679,-99.95002132297314,-95.74461239834015,-100.42070568356006,-99.92011220400721,-99.15617266375115,-97.66557705749543,-92.13604588666226,-98.81886476564428,-96.89600155364974,-100.2916665842121,-94.08392588668971,-99.04245558536707,-101.32155359285639,-102.17248424324106,-97.58435186611288,-104.08751254192858,-96.93565647905895,-100.34452573933173,-97.97446712449486,-98.7141371840297,-98.00313396206326,-102.75591197598443,-101.49769133556113,-95.47672422793266,-100.91372957887513,-96.04844144693138,-98.46101199856089,-95.33735892976661,-95.69060959003417,-97.90108688221882,-103.63480663887735,-99.80110913487971,-90.84144756567254,-99.61944779533404,-97.6754865174611,-95.93898645034847,-99.21722364039981,-103.2952619967572,-100.2525607469896,-93.24449528082893,-99.55541930077047,-95.37566839949282,-100.66064580391591,-100.17299799468871,-96.32455267014035,-95.91584815485439,-95.59851996139591,-95.09915187177074,-99.12283145316665,-98.6161129513069,-98.97441880699469,-98.4330388311021,-93.53967890163722,-99.53191671277004,-96.59897771241582,-97.0202191598889,-99.0845390938493,-98.0334069309734,-105.15298216196443,-100.67010582279352,-97.95101314834781
2025-11-02T00:09:00,AP_5_149,5,149,wifi,5745.0,0.0,0.0,-103.77249742520564,-94.62656357633612,-91.6364020070882,-96.92456051790691,-98.44736287031532,-97.2825974702503,-99.27843015520453,-91.27382476831707,-91.46512240835074,-100.77661280979927,-97.15873207425672,-97.82285688071082,-100.0224067630582,-92.47075679768423,-96.81538679689933,-99.48882637812075,-95.28712688675934,-93.93932024509414,-92.65799609764929,-99.3321570228765,-96.966528974003,-97.15398324678412,-98.49596599722597,-93.44619605897064,-99.56749798140295,-100.93099316999357,-98.89236323899705,-96.78111402799463,-95.08201164683538,-96.93908008203738,-98.2838628523997,-99.74952817171359,-98.05041068883483,-88.91730645071249,-97.6794477564236,-96.94470418332044,-96.23662121608581,-101.05248818249858,-99.61180314994387,-93.24280229094914,-96.1953444776063,-98.0695928089665,-96.46611608690898,-98.96918223757419,-97.67558191134982,-94.46784021403404,-101.34665874372857,-92.96464406189527,-95.23827785137973,-90.83140311597019,-94.449084058761,-98.64864716101135,-92.7597745925828,-98.5625789908431,-98.04187209316976,-98.40904541922988,-92.198234315002,-95.15618873645724,-97.05044734925521,-94.83022231358277,-97.13228094484856,-98.76946323235241,-98.63304334237434,-97.53578663678873,-95.9730922598271
2025-11-02T00:09:10,AP_5_149,5,149,wifi,5745.0,0.0,0.0,-104.24788824888857,-95.26003238176314,-98.57417569305154,-95.90229072761235,-97.19396396917632,-97.08063012508967,-94.64702988151548,-97.97307906138349,-100.48654536984688,-100.4870749861618,-99.10237458757064,-97.24632823657652,-96.09001999385715,-95.45217118486202,-99.62165525250379,-101.9237453477462,-100.43182569850104,-99.29753149017003,-89.88004319341036,-90.90226254539506,-94.8571680704136,-95.4601948050723,-96.22941510388955,-98.3295131028947,-93.22975207807303,-95.95170894377587,-94.17767209805598,-101.8892754048897,-99.66147961011785,-104.4385290838569,-92.95744064406587,-95.01851305947055,-97.97871436017427,-93.31455380286026,-98.01243791832388,-92.06465244845243,-94.44505743429244,-96.89694245381577,-96.85850769212486,-98.54418548373503,-94.59078894153488,-97.75080283646129,-95.72529633690823,-100.10858021669549,-93.38740798647324,-93.38109925900254,-99.53178704147429,-93.00739397267877,-101.11869465416102,-100.68740491010318,-96.62548618454564,-98.03091730679147,-95.06454789883074,-97.14159353066074,-99.40776032856274,-96.72213362429163,-104.06014492092834,-92.0620915951014,-93.99035603176326,-92.77385505276496,-101.62058448776608,-100.12483512983557,-93.98416845008852,-102.98789366142464,-98.74479815587023
2025-11-02T00:09:20,AP_5_149,5,149,wifi,5745.0,0.0,0.0,-105.18443845785013,-99.128652754165,-103.77462564772352,-97.29907541201585,-95.69608417895931,-100.30190586794977,-92.42349847844329,-99.09786917137578,-100.88507109808045,-97.57158948716857,-98.44592274324462,-97.68681795133787,-97.95382765007601,-99.63364324939987,-96.17118269533795,-100.93974498474186,-100.96733799908979,-100.75886468775855,-93.80718896308872,-98.28647036946825,-98.31915499028837,-101.99875752743867,-95.53602920071702,-98.05827070386091,-98.22496780789177,-99.34260169937606,-96.99431554918904,-99.51964365372008,-96.43768547596709,-96.90727098736446,-100.14500460945297,-96.7178282481633,-95.87041113683027,-97.02225076582019,-99.70137409430546,-96.8505308672061,-97.43895621501473,-96.07154044787907,-95.70043867028095,-100.9199069632216,-100.18505996904086,-99.54811831538431,-93.08476449010463,-99.91494674056875,-101.96056629661857,-94.53916382502486,-99.7682553320317,-100.70109390190912,-96.17856453989349,-101.14002540426891,-95.8321762556265,-93.82452114718235,-99.34751054933665,-99.85019127109942,-98.47547728277573,-96.81820157115041,-95.85771019358356,-99.15559684840898,-95.32577747401098,-99.98888579064995,-95.75613090606585,-101.81807134264191,-96.44382576782951,-100.76552478618865,-98.71888257745998
2025-11-02T00:09:30,AP_5_149,5,149,wifi,5745.0,0.0,0.0,-104.0122803626579,-98.66059044086238,-94.67664415891821,-97.79319378675508,-104.92454481568366,-94.0115505992078,-91.67442005289975,-98.28910803146933,-98.77989265033429,-97.71562401772294,-102.85143705494744,-100.40649858110177,-96.27413066079119,-93.54285290149771,-100.67478900382919,-100.48144926524697,-93.458813257717,-98.24347088268061,-96.70984188876594,-94.10239958694923,-90.6082051217987,-94.25660831352903,-101.85170798881786,-96.86702661505562,-95.56133536034878,-93.81094913815062,-96.66772105639907,-96.29817130606803,-100.57427053284377,-94.10771168003723,-95.28287871250184,-94.81447809882602,-96.45471556540657,-102.43908623022682,-95.53658165902803,-96.4380428731567,-100.4039733999051,-96.06013612155948,-97.34567169943385,-96.77943597444006,-89.86970315955433,-100.48336904312765,-99.88860001887028,-99.24557169732712,-100.76811840075457,-94.81307729866508,-97.53629154017511,-103.73625543623058,-100.50040284924387,-94.79698170404045,-97.73328963324786,-92.73630686801042,-97.08979103277065,-95.04559436556922,-99.84515102748148,-102.48779135523633,-99.78912083500262,-95.58298553862238,-94.66295992300593,-96.79740054051929,-96.29233437604957,-100.27931863899781,-100.21424388233268,-93.87777543740042,-97.13310107368436
2025-11-02T00:09:40,AP_5_149,5,149,wifi,5745.0,0.0,0.0,-106.76183711348409,-98.71461890417673,-102.1806681644599,-99.63193314037899,-99.77476620360733,-100.25192479786602,-100.43978007777254,-97.4594748700312,-103.57106436832898,-102.16536668029597,-99.67555136293029,-97.14934130725108,-99.19664066287318,-98.04460780015167,-103.16052624780787,-95.323436486732,-96.52466263737595,-97.29562076950835,-98.47443712500029,-99.54790904789739,-100.25756883222944,-96.70191771240312,-99.0784091058366,-100.97532131134002,-94.27016298822649,-103.72039571391024,-102.0902246439988,-99.01919926419401,-100.3616726928503,-95.03797930433537,-99.12181677001308,-101.64526738033139,-99.82170794419476,-103.7324383923301,-100.11031556080059,-98.90039885593781,-100.71196421712052,-95.7422223462973,-96.16048857724915,-100.15525112296586,-99.75837828529484,-99.89699143884201,-101.95835018010092,-98.81134459169057,-100.54882745702997,-94.19232148863998,-100.17018969046967,-99.50560722392518,-100.92934159912821,-101.73106286671852,-102.01558009617342,-105.03049747113039,-98.65110217327769,-94.43064673537143,-99.07162683975729,-99.84380033128491,-99.10992700665179,-102.76646898963587,-98.56811793954276,-104.44048793480691,-98.51776915750212,-96.85731433744881,-95.04228977142031,-100.22691271635746,-103.45986989286934
2025-11-02T00:09:50,AP_5_149,5,149,wifi,5745.0,0.0,0.0,-104.93025626031114,-94.0925844785423,-98.50416720779603,-98.07711630221088,-102.12863294007468,-94.55500361304529,-98.34779445630932,-99.39666860922247,-100.72250334748747,-93.7539653258215,-104.0499186858609,-98.17696084141345,-95.59249503162286,-96.80857088665259,-100.4180324354619,-98.35557408039786,-94.61647381631529,-103.28230291771234,-101.47659374986272,-98.37120603715456,-100.74276044131227,-99.99126209719304,-96.57033884626019,-95.14664256400368,-92.60915778445532,-91.1345595454045,-95.26530897555108,-104.1110290210569,-99.45552677111218,-97.79456578403364,-94.877437124848,-98.33270730045311,-99.99780080769585,-101.47849141297192,-96.9070327907685,-99.59257789355269,-96.48158721600332,-100.54197342335523,-98.65708552973366,-100.9023052794557,-100.02551577616615,-100.02922158037738,-98.45218110551451,-92.1530160717752,-99.82270412513583,-94.50461006225669,-102.77375872294927,-101.12005711375099,-93.50728162546046,-103.03144215102033,-95.0261788584517,-102.14817568432245,-98.66491300073926,-100.57776401080127,-93.01544470789689,-99.21982459911862,-100.27940797983982,-98.80526379801583,-95.1473721716272,-100.7934523663761,-97.58202764741789,-99.95437703997314,-94.61801335381308,-95.54864110188066,-104.42405904527146
2025-11-02T00:10:00,AP_5_149,5,149,wifi,5745.0,0.0,0.0,-106.53389635196203,-104.91690058084407,-92.47016789748012,-96.14132578775266,-95.3632782845479,-101.76246218280968,-102.12853953869896,-103.94247028841396,-98.56665261661253,-103.85908924396014,-96.06160694014483,-97.05320322518122,-94.15186643835965,-100.37411047351678,-99.29895217538585,-96.9762213909466,-97.73525527967344,-93.29203854195613,-94.35624303686009,-100.42977940914682,-96.61297744437312,-93.73068692437707,-100.14656093712412,-96.80044405486589,-99.45991920481488,-95.78602130758212,-98.63569181561137,-100.84838458155903,-99.2013087815109,-102.38574281027786,-102.83431196392497,-96.20994128718796,-101.73382931609166,-100.16324371581469,-101.19799948245615,-95.57853216912353,-98.91423680451422,-100.09263451759797,-102.68093231180886,-100.36782292423618,-97.3597252159943,-102.25456018822013,-102.9178679946431,-98.39205997510152,-93.53725136632795,-94.61222252459284,-93.29366263717009,-97.35163356397439,-102.00715605620316,-93.1096461396682,-102.67542182928601,-106.96021384592179,-102.04423959652642,-99.72066857693578,-97.23709270906834,-96.58523957994835,-96.9383238365574,-100.57722407706196,-95.50656582796508,-97.89510693380515,-100.86480481755747,-98.58820485065529,-93.8774394118581,-97.24539908305967,-102.33252323607452
2025-11-02T00:10:10,AP_5_149,5,149,wifi,5745.0,0.0,0.0,-105.68759924985608,-103.33719278499548,-103.38928076147089,-96.79867967652514,-99.86555573306796,-101.30614303715467,-96.5540413344209,-101.93347748878617,-98.9496317141127,-100.5912145646509,-98.26240604613781,-94.60104195668262,-104.18275268885239,-102.51016535530208,-97.7795063182155,-102.7916494291478,-96.33709578671127,-96.45214937351848,-95.22465986854561,-97.96945854910601,-101.64445901146748,-98.65742440928305,-94.97127777790548,-102.93832385165634,-106.2387848443964,-98.23537772003309,-94.64999732521365,-98.56951690349254,-96.95192031441304,-99.90385964119655,-98.34210917509412,-97.45788917575895,-100.89503134633368,-97.0191572948045,-94.96213478566847,-95.07158113803833,-95.5515712202094,-99.03464320979977,-98.82937556965415,-100.40050961390897,-96.14170402448002,-95.96608814183506,-100.7486072926136,-101.21866572360607,-103.42755284729706,-97.28843835383917,-97.15085635751694,-101.59943585557608,-95.02423493966391,-106.06969714280514,-98.8349668137859,-94.81417075626082,-104.82356741846138,-102.14992264114484,-98.92329655272732,-101.80708674649694,-102.76177375698784,-102.04079838325264,-94.43523581863163,-98.78688121156092,-100.62774016624266,-95.02384809666918,-96.05098940951427,-95.79352126426467,-99.75527745396094
2025-11-02T00:10:20,AP_5_149,5,149,wifi,5745.0,0.0,0.0,-103.68729381208756,-93.25642299155295,-97.12665894541793,-101.6852141427167,-97.04269432383477,-95.62940017615995,-95.81896070711916,-96.95118336920578,-93.42382563841835,-95.01001233321458,-103.04937856007916,-89.9550701824198,-95.4672011590716,-96.57548658288584,-91.18595479138402,-96.82813150847457,-96.50198765556934,-99.31313721567412,-95.3557434886481,-94.36046819450362,-94.1760105107443,-104.75566914786094,-100.25437236042426,-96.76471928968768,-96.8392446240536,-100.7719751374887,-91.97305681814724,-99.60052068619838,-93.65533605156031,-94.0052656444806,-95.13683128526043,-97.01204426277607,-94.11438199966058,-100.26497886908052,-93.48019213361906,-95.87473668586158,-103.11685144886266,-100.86083416142866,-97.26751841878031,-98.4699304216207,-94.3394561776362,-93.80310622516781,-92.60833614420658,-95.34314720847857,-97.27308165715164,-98.6435100324012,-96.09936850163726,-89.28137435239326,-95.10125383152092,-98.05273477563635,-96.27107141387614,-98.71858630972487,-99.9370698352902,-94.30050910439519,-99.81017583029823,-100.19887698294743,-98.12037826802505,-89.27121145922743,-97.56390574159923,-95.79569135103242,-98.21410699158614,-102.0531384529149,-93.6149084069117,-93.05177056083546,-96.29448127823912
2025-11-02T00:10:30,AP_5_149,5,149,wifi,5745.0,0.0,0.0,-105.2764728598432,-100.10765723586366,-96.86594718609813,-103.99991196966346,-98.29964929556944,-95.89916181664626,-94.82649627991992,-98.74069980322929,-97.15336878763956,-103.51695617605417,-95.44501581733478,-103.63835569573907,-102.49211678851724,-95.64341825457119,-94.68795748685496,-96.41907064281244,-99.44995263116577,-101.73009628275729,-100.6923762647192,-96.8032786192976,-93.39153268274872,-98.58406511952651,-100.78416130535501,-98.61704308808918,-99.60621421673798,-101.11563231448993,-103.1432417711666,-103.56099002252638,-100.03610131650233,-96.0072205817603,-98.57205864716023,-99.01417308788844,-94.46076318717017,-101.04660150978714,-98.86342686692107,-99.96061503633747,-96.87691436773166,-97.5744485091427,-98.01879004851679,-97.61423829653633,-101.6521468612262,-98.80740297096624,-97.29753663562109,-99.52968675042437,-94.05717291013151,-98.46366617761038,-96.16740255855201,-101.02996413710446,-98.02894443017627,-104.48366877966383,-92.97299055649985,-100.76300395244974,-97.19035812892325,-98.47201362823034,-95.26764051131202,-97.88609368065822,-97.71227203987912,-104.01296178607072,-96.77720547100881,-90.91832356742464,-97.27171678886319,-98.91704936036497,-102.33446817643812,-94.90253880326725,-94.65582308149226
2025-11-02T00:10:40,AP_5_149,5,149,wifi,5745.0,0.0,0.0,-101.91544644881218,-92.3732139296576,-95.7005325342193,-96.82722906693569,-97.875861812596,-98.06506860047936,-93.48353212886751,-94.84062876753876,-94.9707352019617,-95.77119403821166,-95.43678982369393,-91.43606539482471,-91.50735046421924,-98.83646989021989,-94.91148376169666,-97.54566978623656,-97.91984920146378,-98.31479590139412,-97.4956706303358,-98.22927121964226,-95.50173429582257,-93.88796892198086,-95.96998272214648,-100.80838339453851,-99.42474823179278,-90.78049138069797,-91.75324083619005,-94.27361266075415,-99.43633474522086,-101.08293603393703,-98.09181192079325,-92.52452053216696,-94.82058900688662,-98.43014034608996,-95.35810657604085,-95.74046432723841,-101.24265542247446,-94.71374166563646,-96.29644960973584,-91.34375370284016,-94.38876317884574,-94.09699353967751,-95.31300633522635,-93.16547612725064,-96.48089109031987,-93.06566104282079,-95.52014241593992,-97.51806127770213,-93.3226165179736,-94.56277989089716,-96.51628903192577,-92.95703222687749,-90.99681459835242,-92.83740731092855,-94.65403306145944,-97.09610298601899,-97.84025065571927,-93.48344913297315,-96.24401961397419,-95.6862747178693,-102.32101878909718,-98.69926878402764,-93.54861395595887,-94.36003008168021,-93.71151895509651
2025-11-02T00:10:50,AP_5_149,5,149,wifi,5745.0,0.0,0.0,-104.31679437894884,-98.987227861816,-99.57342536336125,-94.68975341997438,-98.28767866487905,-93.56408034115191,-100.3509322621563,-100.12307890595349,-99.96437909985794,-101.28137157165159,-94.30404415352791,-97.64954709514805,-99.02050242766062,-94.16751645694842,-101.42912680437956,-95.1287680618481,-98.30624525495992,-96.44465048411296,-96.13587459304217,-94.30078601429886,-95.53196591958185,-95.25112630740674,-95.2594565471623,-100.26315296893799,-100.50064808028095,-102.45127297200393,-100.0185992279263,-96.3589221962055,-100.62055716758125,-93.42561636057408,-101.26673755250758,-95.25484265058881,-98.06853080878417,-97.97633919205475,-100.00274589195692,-91.77060906731143,-101.40785831497061,-96.2332583624116,-100.34329967302516,-96.38803800645744,-98.35990843319313,-95.47213795687068,-95.71576196541632,-96.9592626760734,-95.21536661997247,-102.24996431052983,-99.8114365626902,-100.54724474307072,-101.61727070126173,-95.9286603524541,-94.79393360634138,-94.54401785930527,-98.49948481849509,-93.98265370215407,-95.54891273526657,-94.20677733797204,-97.85368853891222,-99.92870379382335,-96.5887049707451,-97.57006608405936,-97.55468067803702,-94.29518925334415,-98.63857081594192,-91.29842156717837,-97.64493605364775
2025-11-02T00:11:00,AP_5_149,5,149,wifi,5745.0,0.0,0.0,-105.57080392456776,-96.34327819473157,-103.09234995346776,-100.0678720721868,-93.32775371614592,-98.2471283204779,-98.94304468002812,-100.09610692748603,-94.82015064910934,-94.17585249337634,-101.66514646283699,-103.89517737161742,-102.6013788354762,-97.62787665750558,-97.32267504145514,-95.1220536221652,-100.61703066079936,-97.73831971541294,-97.1902278312196,-100.66763239555148,-98.32832074453212,-99.8795502341054,-101.70312546507529,-101.76250248432679,-98.17584643068085,-97.87698676969183,-96.3086797147052,-98.67378720268437,-95.04323828811802,-98.51121175585006,-96.39907129920681,-100.56393581454137,-98.85868299970616,-99.91347111251332,-101.72984838730498,-93.65066022912859,-101.01746697278247,-106.0746598255682,-96.9480374878404,-99.8102343732066,-97.15015280174741,-93.56554013306756,-98.11158428111462,-98.99132384447691,-97.93421758051771,-97.00088840996955,-99.09166282632425,-103.07317847954225,-94.22528434702504,-102.84554577046494,-95.55510644046943,-100.31523556111766,-93.8847111533778,-98.64106484153277,-97.28914559028931,-96.68192394127868,-99.35368005126514,-101.59070967847924,-107.27477264793103,-97.78095643357601,-99.65978107472625,-93.36235139504124,-98.86145395514804,-102.3323649281835,-95.34093783461381
2025-11-02T00:11:10,AP_5_149,5,149,wifi,5745.0,0.0,0.0,-106.42134686799017,-102.73215676887229,-101.74380176548432,-95.38738915109846,-100.32914538260765,-101.51086366220106,-99.53343320065372,-97.20915011675007,-102.23678268892913,-104.8269745634827,-95.88712684054505,-104.03448786276628,-103.9976505420586,-94.97754208026385,-96.49965041113568,-104.78518961286817,-101.48649876872882,-99.27902485279422,-98.68347864345469,-99.52306392713456,-97.66832702362831,-93.58471857602146,-100.20734718776286,-96.76406630372918,-97.58987608522753,-96.97988889531425,-98.23710651819854,-91.95485488695131,-98.96947275609247,-99.67913729856517,-102.10733345802997,-103.39206102328752,-100.8398930926471,-100.52842718979683,-105.8413443623317,-103.27097884927088,-101.60991050249383,-102.46195593761989,-100.42105869049499,-99.54524143478018,-102.12178779846035,-99.07414876797834,-97.1031892245218,-93.41831128578698,-98.41130381493417,-102.7505768663159,-95.34729834141345,-98.85182697140307,-96.66314431360024,-96.90652257466095,-98.30236891767757,-98.26693784882862,-104.80785582729712,-98.79602192408638,-98.32867116925284,-96.81894500868563,-100.24551859956787,-106.58582836791824,-94.93344594507481,-100.19136887831306,-101.92896030397252,-98.38353255417542,-104.4316012697401,-95.0843231996552,-97.97507803615817
2025-11-02T00:11:20,AP_5_149,5,149,wifi,5745.0,0.0,0.0,-107.00117181150635,-100.29833053396837,-98.39478481200338,-102.114346293714,-100.5716456316665,-102.21932709683098,-94.06693784234173,-95.56091607246594,-100.30394001237579,-99.45730000094365,-98.42495922787988,-99.85992639635215,-101.9763697182424,-97.3724896309249,-99.13142370578939,-98.84052900152196,-98.69408950349589,-97.69968235633849,-104.42588936351518,-102.64837589092814,-98.49507645314907,-101.23837103433436,-98.55887617062811,-99.04131889777949,-102.76333714673243,-102.19690320582067,-97.2618660444816,-103.60894258430704,-103.24660283914906,-101.1720864442001,-101.48254453720202,-99.23506326933745,-100.54509481659898,-100.74475152102445,-100.55836823041015,-99.11131597638543,-103.22748130693425,-101.50679813530941,-101.27493924685741,-97.35028633566222,-97.7369882264195,-106.11754319478398,-94.01865411288811,-104.4195566916821,-96.92742222649282,-98.72458984875396,-104.59669461333469,-106.63281970245436,-100.28414533041075,-99.11166815517328,-103.31571735266505,-98.39437141669434,-97.94377708233824,-95.30482844261262,-98.12188897136325,-94.43801658260695,-100.91704461142722,-97.57087230794095,-97.14519983278052,-101.54592519152334,-98.70147335762343,-103.1386227577623,-100.67664788388531,-96.92266235140328,-98.03114656075411
2025-11-02T00:11:30,AP_5_149,5,149,wifi,5745.0,0.0,0.0,-104.60692473237741,-93.32050557105059,-95.61484700979643,-91.30928433880092,-98.5445953761909,-97.84728194474219,-100.06874079152887,-101.48656378816277,-102.01151147430411,-99.14290210221532,-96.94832016710417,-101.62089865362434,-98.52095467127842,-99.80327610305345,-93.9161610358903,-95.84522346153125,-100.1141127693074,-94.46845082100023,-97.58117973861646,-96.42152860327583,-96.458484544595,-97.7713415880699,-97.3464674413103,-99.97156165263479,-98.08083766846076,-97.31256124426199,-102.49242872578255,-101.13443674367872,-99.26153720575296,-96.31774880788606,-94.57511839683086,-93.13351108848806,-99.11498149173791,-100.70003669647238,-98.09378015460045,-96.58232946235789,-96.52398601910706,-94.57743564634853,-96.21605466668746,-98.34911410872456,-94.81622714256248,-101.1347802632271,-101.61499153575967,-97.4524331740008,-103.63259319769418,-102.06820361083574,-94.34727510285964,-98.95541747159689,-100.9333184767865,-94.87304970166676,-93.4575636897416,-95.29355994143134,-94.2065698289711,-98.86927528801189,-98.71903249827417,-100.20601864505886,-95.10252648876278,-96.94191628486034,-96.56620388289797,-100.12857201870287,-98.1496889018724,-102.17160968107605,-94.77286277004805,-92.24233022612341,-99.82746478292937
2025-11-02T00:11:40,AP_5_149,5,149,wifi,5745.0,0.0,0.0,-104.31046221985228,-94.4007358904339,-97.16167202584735,-99.2010705124185,-97.15381569884404,-93.26656406441677,-95.30860283826883,-94.97584087498078,-96.71311020078225,-100.08140523681618,-99.27524509794632,-95.78282837719277,-100.46298237941939,-93.30365231519657,-93.15768872886166,-96.60182134705728,-94.18364582782654,-92.7453270621746,-97.68436482394432,-98.34580093288663,-95.4153435352899,-94.33693336689292,-97.61037257663102,-96.55102503156493,-95.7999422926842,-100.08114674589366,-98.65463117147145,-98.55636939658307,-91.79276051791369,-99.15942934388634,-105.76354520116361,-97.69975268624867,-99.45293123407814,-96.018936227825,-97.6437501476009,-99.49625104417208,-102.77028340318738,-99.34721615784855,-93.47023574666102,-95.90807923839355,-101.08783065867983,-97.64144129546384,-100.05872622208499,-97.34711156071918,-96.81371662826822,-93.95075987454632,-98.87356473217483,-100.31980443821988,-90.01582406254518,-90.44039363653178,-91.0721371556813,-103.38045943291014,-99.21345146390507,-101.54518674695942,-99.5728050639046,-93.42067535139914,-100.63643384543276,-97.83087467670782,-102.07450365550946,-96.040608001239,-100.97920898058862,-92.72386226838043,-105.47284263478423,-96.2487855614055,-98.6888171323657
2025-11-02T00:11:50,AP_5_149,5,149,wifi,5745.0,0.0,0.0,-102.57565330887644,-93.05221648733975,-91.8505900514866,-93.39128559351869,-98.11821707288729,-104.7140300018585,-86.79225270409567,-95.59271259412725,-91.44997638901059,-92.2413446450956,-95.86035278814155,-93.30792479027598,-92.87509119636337,-93.61415834905053,-99.25830792945737,-95.46486755972232,-99.49882179421851,-96.37429671381145,-94.02464171434735,-97.76463458675003,-96.35067258295378,-96.59784141048499,-93.01673605250727,-100.08483123589338,-97.88117400298741,-97.58527401603175,-101.1674993372832,-97.0076940692992,-98.31879836852829,-100.52391146207597,-90.56581249747373,-95.25485022514425,-89.70953638347818,-93.47851961299727,-97.52451373538823,-97.19522164964243,-94.44500558063456,-99.90601642982023,-92.58277684380924,-93.64468331836883,-94.49723015904267,-98.85418493811169,-97.58316150142873,-99.33877581287791,-95.2996820348001,-94.19999159357812,-94.38479757030004,-92.64376779944419,-100.72624516297351,-94.9022524508421,-94.40547755503256,-92.99481258041641,-91.41067248678598,-93.3668546240366,-91.36750901761722,-95.68058664854196,-98.52957699365376,-91.70083240245287,-94.56149966263523,-93.81134933181939,-99.89069881713276,-99.48544784456942,-91.49427457000596,-97.22105922050311,-92.59676324527045
2025-11-02T00:12:00,AP_5_149,5,149,wifi,5745.0,0.0,0.0,-104.0479681935897,-98.42923583339572,-96.64334253166925,-92.1980210257653,-98.4395571606435,-100.09638787753244,-96.29417549944682,-96.02882796853783,-98.36757693577235,-101.03034527809798,-93.5877554781751,-99.14793846137863,-96.36988869897093,-92.42505951417958,-99.93276351871214,-98.44333824089911,-99.77370156382027,-97.75048282573434,-102.94425789230486,-101.01700750265717,-93.78757656314949,-97.87072973122861,-98.69550757320388,-98.93834064636741,-95.00723662870617,-99.24765677867053,-100.93705136373804,-100.74622294564954,-92.63133657198816,-98.1678580456881,-98.4344936462051,-96.39628191861699,-93.40910533056599,-95.83168235842771,-94.01637906960204,-88.52289764545927,-98.74659324746557,-93.36499894073084,-98.79310411789861,-96.32485895140837,-99.40724685705771,-96.02513461565157,-101.98127021522535,-95.79991710649966,-103.35989040625947,-95.5633110799047,-97.32297126022696,-101.17478675486308,-94.96150277188617,-96.09078644454813,-94.9373611663325,-93.25058704805669,-93.64662055247051,-97.47856048009102,-98.96622882484405,-97.14844423666264,-102.23592559292052,-96.9179043789151,-103.17616845350244,-97.6768946988236,-95.19019379338884,-100.10337376127721,-94.15458634230795,-97.37671273596527,-104.85584334045865
2025-11-02T00:12:10,AP_5_149,5,149,wifi,5745.0,0.0,0.0,-103.9299326528242,-95.60545042701675,-96.74623166614343,-94.14569552107756,-98.70353336323717,-98.6651770052105,-106.55878540061023,-96.08275550469004,-100.78593010753096,-92.75103303558043,-97.71295639845239,-94.86053732236672,-95.62882082635856,-104.58918788256388,-92.2719393213121,-101.92948866984423,-94.67478143140781,-95.96595475700003,-102.08932115616946,-97.13440632504962,-100.07295461758244,-97.36293672404673,-99.66271690354112,-100.28415498704902,-96.72471351682785,-99.44151021298838,-98.33661217297758,-89.22556954026524,-96.85925931497961,-95.23578603758345,-97.59853282240725,-100.53563319397236,-97.0766159211488,-97.53159646782542,-96.88850924047742,-100.76852246727763,-99.25281460876448,-100.66247439306781,-97.21363548390148,-96.14817522770498,-96.50829558305614,-92.58185974357386,-99.41493441627998,-99.64168882864446,-94.6629466801903,-97.325567325046,-97.27167416140219,-98.32023072327007,-98.96395204430941,-100.68988183047213,-98.90425394939003,-97.1945390466432,-93.05952119362175,-100.9725289719294,-97.02472404533654,-92.67608950232712,-94.28498423868449,-98.76603529849658,-99.84919716597321,-91.5492198617295,-99.97151771447304,-96.1609850461056,-96.11329247464916,-96.89861944582893,-94.63220873446492
2025-11-02T00:12:20,AP_5_149,5,149,wifi,5745.0,0.0,0.0,-108.55636749708142,-100.9987546447419,-101.25303427594434,-99.57455098149877,-100.6019581942156,-106.16668457286511,-102.16196206687547,-105.05739902032205,-102.70524631484612,-102.95849931523892,-101.97596491461469,-105.39243483426041,-108.20355130961877,-103.7357588546865,-101.42524778077559,-99.42631168321503,-98.90372562175088,-102.24261361129909,-100.3972451787529,-102.709926390133,-101.4831054604286,-105.91153840466443,-108.85061507877522,-102.26111562964245,-99.63778734647967,-99.00131202631687,-107.72924630889912,-101.66425068424816,-98.9997514198624,-100.34077021268968,-99.98954975928237,-95.49482322941667,-105.28151217721103,-101.63988236151535,-98.6432122684853,-98.25054079605097,-104.20812528336056,-99.63452619493141,-101.43188717824569,-97.60828785550567,-98.55387613358393,-101.70107834042369,-99.5038138559069,-99.09011326025686,-99.19659067550573,-101.89438898175402,-101.3984382988714,-101.17535710538607,-100.90423431174199,-103.14856023586924,-103.49432701921681,-98.50260674072028,-103.03624086269244,-94.72409360012995,-98.64980806647036,-104.54939559701921,-100.12008931530067,-97.67466790924387,-100.0911772695576,-105.2492770003039,-107.79010301603564,-97.44990799625549,-109.11982085051346,-95.34829927547221,-103.07391991102124
2025-11-02T00:12:30,AP_5_149,5,149,wifi,5745.0,0.0,0.0,-105.78347708449859,-100.36658642361954,-98.586417365141,-101.43213552252789,-94.62662352605338,-99.52861238428298,-100.9161564086073,-98.42554792135535,-103.22303207018481,-99.2406940419851,-93.2490995971012,-100.00098354384315,-103.27010641061189,-91.75555623393807,-99.67206488353716,-98.9614882893887,-95.63748051942079,-97.12454485196344,-95.8947726265883,-98.06080138231563,-97.23683436909823,-99.51969767195666,-101.58242189026765,-104.01513493485865,-100.84316746215141,-101.16664877889345,-101.11553191788165,-100.85036152257709,-98.91692487054227,-97.23441745201265,-105.72955316093095,-96.99106922324505,-98.031786359308,-103.25605660316738,-95.84748503550716,-99.60048053584934,-97.09455902650518,-100.76128602132741,-100.74290326236631,-95.20553800673483,-98.92649900273115,-100.50909901432831,-102.8630859884924,-98.91343397466704,-102.1268626390227,-101.56659345704335,-97.57178980158706,-95.8298022496919,-98.44289032926412,-98.66346251956546,-102.9408856096148,-89.27834641927497,-95.70713890620713,-99.74705730708291,-96.19390597089233,-94.88879337978182,-102.48087679176544,-101.84068622402408,-100.22217587125438,-98.72243969185664,-98.36327668087532,-100.58370802732095,-94.82390064938444,-97.31107964562077,-99.3987894401992
2025-11-02T00:12:40,AP_5_149,5,149,wifi,5745.0,0.0,0.0,-103.55321995485271,-98.21137901023351,-97.64652755007809,-95.60968444637948,-94.66765835130532,-95.68470807577646,-89.3868010950469,-96.82590804559185,-94.5968797122268,-92.72511945773431,-91.83592995923634,-102.61485990464233,-98.03564053424445,-93.27142509436122,-96.06215805204522,-101.23541386449584,-94.19416398505685,-100.64908701471619,-96.60626182326752,-95.68994162435133,-95.86330827162334,-96.55751398532519,-97.05631099480348,-100.11155927243058,-92.57402863706764,-95.04299375596861,-92.61612228346779,-98.12231168168003,-98.00439961926273,-96.17766253916983,-97.23390710936681,-96.15611820912841,-98.9644327590851,-95.27354039103612,-98.44152297846588,-98.90378049895858,-88.84988823160616,-93.75290631124308,-98.57699494157698,-95.7472593465372,-94.60030909612233,-99.17324903561654,-93.85084517171936,-95.49333387270846,-94.21653627686926,-94.27702824536225,-100.53014046662429,-92.59459110754023,-91.07024323118354,-100.31881950627012,-92.73774659636881,-95.25124254754694,-98.48684949772662,-98.58488464903327,-94.2093504649205,-96.8130541174279,-95.37308911650314,-95.77001109131861,-94.0958991371457,-97.00668925490271,-95.17528145838114,-98.87786210564695,-93.36630322117585,-96.08227495819966,-98.77631668391308
2025-11-02T00:12:50,AP_5_149,5,149,wifi,5745.0,0.0,0.0,-106.3780487832117,-99.35215009924259,-96.0970159537544,-103.9928142400008,-103.98482431285514,-97.09226544114645,-95.81924334946821,-94.60691802188877,-99.6089739092631,-98.01769267908551,-102.02941791854462,-92.92223473854426,-101.7039526153838,-97.58185932273135,-102.97139062640048,-98.81640384996402,-103.16927658757025,-97.36597546534895,-104.69626866783625,-97.14110207797228,-104.26197817581097,-100.2831296885288,-98.11562156520942,-99.05679678327782,-96.4557384531031,-94.78769402457142,-101.08807662992855,-96.44769275113022,-99.34979175712613,-102.08775893194637,-102.6276850614096,-101.93226991295737,-100.92888633315185,-103.23182345142118,-99.39426266288237,-98.70046091053098,-96.53332605184927,-100.51805652125992,-97.65827526878216,-95.65832854549399,-98.61829575501686,-96.94514570076437,-102.03680862184527,-99.00001109210548,-98.06758825329808,-103.30523127928082,-99.39770335912314,-96.15772305639516,-102.76159989015406,-100.15830791869568,-97.1120360763562,-97.73936834026497,-99.12178428234964,-103.98422333436868,-100.0609172796215,-96.51119287368691,-97.27861557838932,-100.10861627756547,-100.80464870260342,-98.93589239949863,-92.7266069879415,-100.12932334152127,-99.5891923179469,-102.2115382195227,-99.54915671826613
2025-11-02T00:13:00,AP_5_149,5,149,wifi,5745.0,0.0,0.0,-105.32225696147299,-93.52835555095221,-91.09022187853004,-95.0856048237051,-95.17354190355834,-98.94306648528463,-100.09352456402056,-96.92420036056674,-96.69799010226659,-92.28106441549785,-96.83749608894507,-98.91473073452532,-97.70267848060612,-95.27136925924698,-95.43305265720362,-98.97918976430735,-99.40713508517254,-100.32062418926886,-101.95020219060629,-101.00001952097328,-99.91058210356537,-102.53655223088077,-103.68688770830225,-92.30354594879208,-97.77577189046843,-104.22897122384984,-95.44991723223916,-96.86453533546745,-95.03316547246425,-99.1365868909592,-100.32948533813416,-96.1098803733224,-100.89255261127732,-97.8827839315826,-105.76487777213032,-95.95449332317344,-96.32792367496778,-93.61627416413478,-94.90724745527956,-99.59096270174238,-102.6216356831004,-100.95576109128295,-97.71933485698467,-98.53406627067022,-99.5423007171146,-95.32608409105853,-97.9860979095937,-98.72570493103353,-97.36903512919756,-93.81342797107443,-95.76091039581773,-96.74096116802666,-102.13822949048894,-97.81915353042261,-100.84713837476085,-98.68397912001151,-95.5328871328565,-96.80664599426214,-99.34818345827857,-98.09311828662541,-101.33289009696772,-97.85926703402404,-103.42528269081771,-100.83663267572884,-99.566409298591
2025-11-02T00:13:10,AP_5_149,5,149,wifi,5745.0,0.0,0.0,-104.73236927363216,-96.87666218108076,-97.50166173682163,-96.64415281100271,-99.02062923537422,-91.86173839160668,-101.32338429843577,-94.37161102807222,-101.41414344965062,-94.46582281187614,-97.5662009614581,-98.47588912054381,-94.76755859536718,-95.8265553412655,-97.17095224699547,-100.87941072289257,-95.23470105015375,-98.73839442066429,-91.19804378136534,-100.90988636374915,-96.53347762933217,-100.60336021021098,-99.63402870542323,-98.10727452941069,-97.88179395910986,-93.9782200330164,-96.69832827215225,-100.24920988777113,-98.06956697860295,-97.34836395817896,-92.94856376584858,-93.9510648174221,-96.83218103270424,-97.63650560311648,-97.43881766674426,-100.03690786345877,-98.25551884198252,-94.28991386082627,-94.67971410011485,-97.16074849933001,-95.72180064721086,-101.35649826902501,-94.6749398546337,-102.81009561761257,-98.1184519417636,-97.36020086756353,-99.75978702755965,-94.07910781198598,-91.85717723524591,-102.31512573602284,-101.55901490590733,-101.00503296275906,-95.64522444546705,-97.39078312099936,-96.0827611325203,-98.50088776748724,-91.51055186981036,-103.75396742801625,-99.5682304949701,-98.67739596580559,-96.85407570042595,-93.31661606321117,-100.82911355821395,-107.10918847342786,-98.86429543575936
2025-11-02T00:13:20,AP_5_149,5,149,wifi,5745.0,0.0,0.0,-105.38031734718699,-92.39882105745983,-104.76035882620954,-95.97770338823699,-102.88590488657388,-99.22660605986407,-99.01579085397111,-95.88115506549812,-101.47980238537879,-101.91236158700303,-99.0911206129669,-97.14483878897525,-99.1464299877761,-95.37205920070839,-101.47451117740586,-99.73330768797985,-96.94819067766122,-99.70290552676636,-101.8214994556782,-104.06740198297894,-96.22014358661146,-98.90339096829206,-99.49813372692167,-100.74956072020831,-98.850528290616,-99.66520017895631,-95.71129996952568,-96.0142702873754,-99.09375607773764,-99.4664494657619,-99.54052046470095,-93.63092082199138,-97.1500161607671,-96.3765385336865,-100.36059738449065,-100.81939374609334,-98.42897649828217,-97.85727292600717,-96.04531057502275,-94.02860691461542,-93.26495887617067,-100.55655676195246,-98.45018365875268,-99.35241343649747,-97.36963035627035,-102.7042931124903,-104.73642508105034,-104.14614605465039,-97.63214528552489,-95.24542943904132,-100.13327356260882,-98.12877386957597,-95.36961479657107,-93.16262956148698,-96.91981487171495,-97.58778182749022,-93.77428283043793,-97.37619980513729,-102.17713187125601,-98.74082855920514,-99.08548064989657,-103.60967524712058,-102.78443854286292,-101.76304229692079,-94.56937243675415
2025-11-02T00:13:30,AP_5_149,5,149,wifi,5745.0,0.0,0.0,-105.2175109108986,-98.52663178592071,-98.86055750751478,-97.847505763698,-100.39775946001106,-95.63751486722101,-99.66570665913723,-100.45993763967716,-103.36526132490361,-98.89364876578807,-102.88484115713499,-96.82046874117069,-99.29707342666065,-97.65706780711677,-101.42152267492784,-98.47386359895198,-97.48099206078197,-95.09453868959736,-102.86323484238066,-102.53301840549275,-102.99479564337334,-95.19563970256762,-104.49253986690222,-102.37882184676663,-96.43790773277092,-102.84432031046633,-98.47685473324988,-102.74507479829806,-101.61414469678316,-96.05818739349378,-98.01267992262578,-98.53438094916528,-96.50023181765994,-95.11215425557299,-98.93445959843454,-102.33576394578111,-91.49627801549778,-102.104971012934,-96.97450620404986,-99.42839019449264,-96.99814655734332,-100.0767702516227,-96.24418578347581,-96.79704000273466,-95.69895903062405,-101.01032035627848,-99.22907513791857,-96.98410358263922,-98.6454032014548,-99.86321792775945,-96.41129657353714,-101.7035210622727,-99.93735110407272,-98.51622611453288,-101.42315275793665,-99.2617754620506,-92.61885545590845,-97.26266304566225,-98.81157266990378,-96.98322350595889,-97.05108300188903,-92.30432792110905,-96.76017172237573,-97.27699753234026,-97.14904846523115
2025-11-02T00:13:40,AP_5_149,5,149,wifi,5745.0,0.0,0.0,-102.96741667579907,-95.57114248494916,-97.05853483370562,-94.41857198088488,-95.9940702744255,-96.8877533450065,-97.34294834655536,-97.55698651721423,-100.49697764434899,-94.32842216096611,-96.17774968017994,-91.9569393943461,-91.92803696365617,-94.07673713055014,-97.3167850657072,-97.2740229664457,-95.84983023701739,-88.86184946356775,-96.42966525418849,-96.86586022460907,-94.94854297445458,-95.5071735152061,-97.56254606262333,-92.9000765593768,-96.36486578706999,-95.1105103200948,-91.91496019621896,-96.13600166557373,-92.58643945210738,-94.80501670228274,-98.17411658419825,-92.09702313884662,-89.9259438102144,-93.30186931106346,-96.44524479840037,-91.45031116227192,-94.73323807881597,-95.55673598551157,-97.42819018282367,-95.31226696711975,-101.89470508200858,-95.51255853460367,-90.99787157883874,-93.56412322676908,-99.11331225745796,-92.90839200604799,-94.34594158583216,-89.90000439615125,-96.08575212316491,-91.12542626872407,-93.52127216922045,-97.25677115778535,-90.54007938367155,-95.70945809947195,-93.59477425055047,-94.45056231268616,-94.3537565670056,-99.31240137091916,-93.08452576785601,-98.87288307786534,-92.8044928542244,-91.31617087017108,-92.11528149693085,-97.04513342272868,-100.1814342856919
2025-11-02T00:13:50,AP_5_149,5,149,wifi,5745.0,0.0,0.0,-103.71273661767589,-100.92300128290442,-95.31439900800353,-93.39224982876831,-90.51728003297598,-97.00544938049478,-93.75310422853047,-98.28279927044385,-101.73276087250909,-91.1457469360997,-92.67541960575639,-95.44648320661891,-98.80263502733797,-98.1870231016774,-96.25077268167266,-89.70069854626563,-95.00721189732099,-89.91381590336431,-95.98542683193874,-92.30418353594862,-96.82198734819538,-93.71361805863785,-93.79024438089954,-95.0990910776067,-104.21839766464504,-95.36987473306492,-99.72666288492073,-93.03366108542878,-91.39315264594494,-97.90419625659324,-99.66783529495345,-96.0008956339724,-99.1942150410552,-92.91886352661389,-97.24673599041336,-92.64965838570349,-96.97415953448208,-99.24442174692611,-96.39015719907921,-101.06844840415076,-97.1251250363551,-101.6040289435911,-91.95341004647472,-97.81820601042865,-101.67209790415491,-98.31389826397995,-96.43240775327511,-95.2663730694941,-93.98525787529829,-91.92049711881239,-95.09904247983172,-94.8222692125509,-96.18544695725626,-100.6208548246136,-92.71182499291719,-92.36219895587737,-100.26430028046163,-96.68382184560544,-103.90306130046825,-92.49741691322905,-94.9746243553737,-99.93187938527905,-100.7282177279094,-101.67218126967414,-95.73923940722185
2025-11-02T00:14:00,AP_5_149,5,149,wifi,5745.0,0.0,0.0,-105.5822580428066,-101.15655833741002,-100.27543678018402,-97.32432321547823,-97.15718751676734,-99.36478036959919,-96.82840297484934,-103.65085023336593,-99.8662663147072,-97.20834260847897,-94.94962834671216,-97.7621382165252,-86.77466488812166,-99.38085426301963,-97.98915744293926,-92.13729018671145,-103.64117258781538,-101.08900306711168,-99.39709471024273,-93.78046656639506,-95.82709904845927,-93.43145969093995,-100.58867411656804,-96.20096800176007,-102.91380589928124,-94.63466058568478,-99.1566167295323,-99.64669595136615,-101.4724658293049,-96.84894291318732,-100.78201149992728,-103.64063917542212,-95.59819026283537,-97.42027438339679,-98.71439303649173,-98.35952411111313,-97.23107068239845,-99.70610108309347,-100.25446812439591,-97.34904820004559,-101.28140105457888,-98.26992430429395,-94.67696189556868,-96.84788779495129,-101.82288560738691,-97.9200891882706,-99.08269794891892,-99.51381240415522,-99.81053811512825,-101.083432231585,-99.30254087997703,-101.55362340335002,-101.00316569463973,-99.75781108104178,-96.78646904383838,-97.2921889737741,-94.61470099183379,-100.86601028285034,-99.19116266626179,-97.84701960164273,-95.75210643981069,-100.451896200065,-99.54008595345263,-102.5783433049629,-96.04012005620883
2025-11-02T00:14:10,AP_5_149,5,149,wifi,5745.0,0.0,0.0,-104.46343355738708,-103.10233491763523,-97.06843240247558,-101.6588780718424,-97.44273342764933,-101.60797158695347,-100.15521749979042,-95.03348981723092,-95.1129029186089,-99.16627803421639,-100.61783459076489,-98.85922457478449,-94.60417245117027,-100.9543110071597,-101.63911122250505,-93.0732437138485,-99.02844798070463,-95.74209424235964,-99.1262221227526,-100.10231250374441,-95.17430273012283,-97.9118667192042,-90.8438309104743,-97.6052585283468,-94.65695677716911,-97.29478579622253,-97.47916256416985,-99.39027248208718,-94.28983244683677,-96.42866882070237,-96.30975539262502,-95.8910074805347,-98.42885073043826,-94.35406509499573,-95.57198715437241,-99.48707930265927,-93.68118103494585,-102.10248366792419,-92.86353045723965,-100.17993382609582,-96.2790480163902,-95.35020474540326,-90.12122314655258,-97.85322197492532,-88.72891506813629,-97.99181338199487,-102.63152704008469,-102.5181824336054,-98.8758393074061,-95.58670467278425,-93.64304176003911,-100.66862344232818,-93.58227261323115,-98.11577375159845,-100.34111124749201,-96.13626725282502,-100.19402551298923,-98.06200692584564,-101.82176887826449,-101.18022091998346,-98.80957197564912,-99.94170610966904,-95.96448475738232,-99.22118184279962,-100.99467123756307
2025-11-02T00:14:20,AP_5_149,5,149,wifi,5745.0,0.0,0.0,-104.87722899801318,-97.51485185186571,-96.43397798067775,-102.4468924571131,-99.81411147546153,-98.49126491921767,-96.48194298118958,-104.49298504542054,-96.30289507402011,-102.15141651268284,-96.09460831963939,-94.34076485288003,-98.49946694137866,-96.11804126117197,-95.32968892520026,-99.70223025945744,-94.84219485250392,-96.58624934395307,-97.77044749808488,-95.1273484535043,-98.34876789266852,-98.24109136050333,-95.65336678290296,-92.66442684419427,-101.43450933441947,-98.48467036003183,-96.21064829527788,-100.09111936245758,-94.84434147388163,-95.46806723596775,-94.32745495713644,-94.13971962220457,-97.6000494733688,-97.8080046775652,-99.32188578586812,-101.41496983929991,-97.86575737562525,-99.112468849037,-94.51486763899328,-98.48324700189009,-96.28199171778165,-99.79138400048392,-88.31554948637893,-93.86095053481324,-96.22168915702528,-99.06441834062505,-102.25754362009664,-91.3508163296437,-99.00241713638104,-101.32737076293445,-94.62418304031657,-101.14469798880208,-100.34447259541155,-98.56827923925354,-94.99490073279847,-91.16509639140013,-98.35591073970652,-91.00816891244848,-94.44014463602363,-96.46536231256795,-95.12751701220775,-98.29830271293912,-101.11503779303108,-94.48143482383571,-92.59809869682763
2025-11-02T00:14:30,AP_5_149,5,149,wifi,5745.0,0.0,0.0,-104.597163821275,-97.30616688890777,-93.53478186441598,-95.76331808461632,-96.17486471891881,-100.91746766763235,-98.85210304897319,-96.26156119721485,-103.11451385442004,-96.75789252171269,-91.20243042626261,-96.83005196433102,-104.10313997223048,-90.54573317375666,-98.68752108748822,-99.46356425598778,-94.67203056872994,-93.24084847235706,-103.68972258401678,-99.3052009639568,-92.05535704923435,-93.20983718413709,-97.76896537881836,-99.2818887311584,-97.41988250407297,-94.53745843355907,-100.23643869605667,-97.84985857933212,-97.54220240196872,-95.40133257965262,-94.67339102681008,-98.58292406939825,-100.89782428602524,-100.81341999442732,-96.76620256138547,-103.47776405311757,-101.04016755390967,-98.30351513357259,-93.00616967143176,-94.50789568301991,-94.09032632848832,-96.98721497982606,-97.39123221939322,-95.70005768550323,-95.25044004977761,-99.89049886170133,-96.1255622842713,-100.58207013958348,-100.26174907201828,-96.12939061467996,-97.05923720884053,-97.87349985872885,-97.96181823487828,-94.02842734095924,-95.47903214299892,-97.82272949803111,-95.25479317689732,-97.54654297509286,-97.54594900465585,-101.03189138931226,-95.7887652393677,-99.68172981620657,-95.74061875776674,-93.39726311336985,-95.37404901941922
2025-11-02T00:14:40,AP_5_149,5,149,wifi,5745.0,0.0,0.0,-104.11349432130494,-96.16299980683226,-93.85309855293758,-95.26587883364387,-102.32164957834468,-96.9734128509466,-100.18974014844908,-98.1294825393433,-96.98008366533757,-98.13199435173168,-99.88775133270407,-97.07306267384193,-97.48500534883398,-101.6022001211643,-94.59717710168951,-98.11912389743439,-95.89455351390376,-100.64326413932926,-99.03905436853772,-98.70472974742631,-96.90833109743728,-97.24987170196896,-97.67202304201453,-98.57008356638582,-94.52323841369922,-102.37474885742863,-99.8952787733609,-95.38299932965424,-97.69555614676653,-101.97312296727192,-99.87887616960721,-91.31752462443797,-96.56372802114575,-98.64326795002954,-98.06334806324365,-93.37021208108283,-97.56415798159829,-97.64124648641139,-101.73371535415644,-98.51640606361036,-98.80194499299681,-90.05955695895376,-97.8747751688334,-95.93235563890836,-97.07343175888091,-98.66004745089654,-91.57188273104654,-97.06672119661965,-93.3366701411428,-96.73835656222238,-95.130716486175,-96.71304242230512,-98.91258113984944,-98.25872121676947,-100.02034988213177,-93.6827847662496,-101.551544662574,-100.92395459585404,-96.70497121388819,-98.56320755825561,-98.57319312239422,-93.33385854706803,-101.76134157574366,-93.09009860778824,-96.63016695781954
2025-11-02T00:14:50,AP_5_149,5,149,wifi,5745.0,0.0,0.0,-105.4033286796172,-95.62545999955285,-93.54698706122147,-98.31075194791578,-98.53455618719653,-101.56287331171572,-98.98040936959359,-100.57907910470028,-98.61145653381661,-96.09487905376211,-102.03903721189785,-103.26950134950029,-98.18998346813774,-97.41686385419891,-97.54195146286197,-96.78229454622316,-99.80142204711423,-100.47901025839603,-96.33012369377589,-98.99077165919793,-94.58031348497188,-98.96206785734873,-104.18312853974291,-94.32769213033761,-99.65012468335176,-95.20292177568922,-92.92352134177746,-96.1243744159386,-103.88274013841213,-101.01326859622507,-94.03627443064907,-100.48226699919742,-96.55440785717657,-91.720155273695,-98.42490978916939,-97.30744076988678,-98.97863351978039,-97.30030590967506,-95.45094896281027,-99.00570158089026,-99.53397814799852,-94.1612413078089,-98.10178397215338,-97.53553341003479,-98.11168837217859,-98.5939786948342,-98.51960637370055,-94.08390421702018,-94.38189363802393,-96.11275158187209,-99.1099960484447,-94.32287680441561,-99.47952512902222,-91.95933159403731,-102.40514060940298,-103.24220316182016,-96.91837589931342,-94.83594028116971,-99.91908112863757,-94.5414523325292,-98.29727027621905,-104.44720155081771,-94.78999956492775,-102.22182557075556,-99.93415927890662
2025-11-02T00:15:00,AP_5_149,5,149,wifi,5745.0,0.0,0.0,-103.61486216513711,-99.46072467598508,-94.78211506017799,-97.03067515124418,-99.04015207541647,-90.69110433044007,-99.60825487410108,-94.77910618636363,-94.08154002460037,-98.81308732489208,-92.60531477519416,-89.00432446680935,-94.29810883432094,-92.0013518515821,-95.28280655487403,-92.62478847020212,-97.08555767671353,-99.24522890799926,-99.45444786962591,-96.55163963057768,-97.03876333636009,-92.10610230274443,-96.29188902567147,-93.26393075015224,-94.00667751715308,-91.423661700652,-94.32991042915084,-94.11601320629036,-95.7142255172267,-96.29441140788165,-94.37095077448893,-92.44669313095783,-100.45762709919094,-101.51094755046847,-99.60425249310339,-95.95016653358923,-93.7523165911303,-96.0887747334884,-98.35616506039341,-99.07548012905598,-97.73406170231114,-91.6542488749675,-93.19004946092493,-99.87176057992068,-94.20720394597598,-92.00790466396903,-96.52708791234548,-100.75470024096633,-95.46481558588863,-99.22976004271965,-96.60553345646025,-95.42409358487427,-94.3272743365059,-94.65762594384026,-96.33346029318793,-95.20161440718545,-97.86276815883093,-100.65858722321593,-95.73670228096262,-97.17138655812697,-92.59954898011546,-97.59207520791902,-92.94655678669328,-93.59396998384037,-91.15268791553255
2025-11-02T00:15:10,AP_5_149,5,149,wifi,5745.0,0.0,0.0,-102.70467429546996,-96.53131964832656,-95.60607404914782,-93.38993838424682,-95.75833303532454,-94.77637866247456,-94.35898290972567,-94.6738311890825,-92.19350662191708,-102.6893755684331,-93.17622263704214,-97.83420380381718,-93.55849683841062,-93.12007454864617,-96.66338329341956,-94.82461196613296,-100.54431470116126,-96.36639890299924,-96.26709594549247,-96.67537904245121,-91.2269036545423,-97.53639548761852,-93.32860825109384,-99.59437338738846,-91.0021453413745,-94.98823400943932,-96.48843785759719,-93.31311101449558,-97.06841361820904,-95.66183788208323,-96.69997689991472,-97.86859153221623,-93.6720463849531,-95.8433231128708,-98.3019931462785,-97.09172268552618,-96.61592351660367,-99.12637251201895,-95.24000612929805,-100.01341261799794,-92.74470166230071,-102.48905600520749,-92.02251781271501,-92.72924200858887,-92.79515654799545,-88.41625482425535,-98.91105998106983,-96.42561995201065,-93.00248478042636,-96.0112758394859,-93.00299774452527,-98.2221123559095,-95.34625025107563,-93.10689957416274,-100.78169963132102,-96.08154291457882,-95.99273855598894,-88.64043346792768,-93.61459753035497,-93.10734049222312,-95.25235846300038,-97.84403336335436,-97.52773539863541,-97.13804600218663,-95.33474742106516
2025-11-02T00:15:20,AP_5_149,5,149,wifi,5745.0,0.0,0.0,-105.12017588822323,-96.75905838102464,-94.61837242298805,-93.82618756552657,-101.38204845885046,-99.57258984599686,-93.87940433929941,-99.73840035981362,-97.10989436095649,-96.53293597616943,-95.92703524728836,-98.48004224548033,-97.99593227246335,-96.48493474004653,-98.03483404613485,-96.82115995725826,-94.1330860543404,-97.09620353639026,-95.2524023021465,-97.81957860278548,-94.52440106691364,-103.58051631269471,-94.35368394744559,-100.72381233647005,-97.2494417963819,-96.67095870492402,-95.35906583719267,-96.6738171221047,-98.73911696954971,-97.6740653509093,-99.7113443145252,-100.37351147893082,-103.99400520413859,-91.76147884314102,-98.37033160681824,-90.43438359411331,-96.18590561111552,-104.6406103109977,-93.62961830577318,-97.06037296572316,-95.09995385408185,-93.29917892461127,-92.71102398935007,-93.39007944059598,-94.49151546696375,-96.4719701185185,-100.16340434292884,-98.0417857187486,-98.65592331477309,-98.4186990831025,-99.45109295059316,-98.46178012451347,-98.80368144777219,-96.80202674630085,-97.20225332404081,-96.7012856885595,-95.63375540177432,-92.54556891531637,-101.59989319981325,-95.21791966380526,-99.16227564102644,-97.62383431172452,-94.39883708348201,-100.89443590835977,-94.13124990016551
2025-11-02T00:15:30,AP_5_149,5,149,wifi,5745.0,0.0,0.0,-103.2185215659033,-92.57672565257973,-103.56559452277354,-103.92646773744427,-97.18006288448015,-95.30497657015032,-94.98484380969067,-102.69976754791453,-92.07014933470137,-96.6198158635827,-99.13321313343268,-95.38911851143052,-98.176688089659,-99.45157025040123,-100.59444206724059,-95.2625448271731,-94.7629269752631,-95.24096095651247,-93.46607754052474,-96.39410138961814,-103.26778877338123,-95.80017128520846,-100.30402964840079,-95.14097202328693,-99.5605898138879,-98.15432266811388,-97.78076597931383,-100.99576886311061,-98.66455292989612,-96.28237398928502,-98.33262389253025,-97.27005408019834,-96.22978535431906,-99.32206669125353,-95.69298716809436,-98.61069028192104,-93.26394665489678,-94.29552969230322,-94.0710631068326,-93.87393154527145,-95.75000187325061,-92.66720303182684,-96.54615505974442,-96.48342076563685,-97.84074267712334,-94.49658582279969,-99.76710994347438,-96.46359543168899,-96.49215565375795,-95.47740647130509,-98.93070717795293,-95.84184606806777,-96.1852354712589,-96.90395234408423,-96.22754424692505,-100.55543688272763,-93.55528818768151,-92.84714151264272,-93.78278322117723,-88.78210621338226,-94.64031790518325,-92.36799607220564,-94.79436055438781,-97.09047039427041,-97.53833892914295
2025-11-02T00:15:40,AP_5_149,5,149,wifi,5745.0,0.0,0.0,-103.73042615249798,-100.74623993076864,-99.22928306285858,-99.7136618012056,-91.85638260589846,-99.56404573106308,-96.88283591430124,-96.08540408463784,-99.33329870207311,-97.48441182265117,-98.28511061423883,-99.62070644018065,-95.68465487171542,-97.59169587499845,-96.96156710237324,-94.41899231572923,-94.88319445310462,-92.89466838894323,-95.36119299244241,-100.84781124161842,-95.88574249448847,-97.61526814695044,-101.23404708010264,-98.23829816738316,-98.61579753525118,-98.08478336285079,-95.91855590227742,-90.95880030454597,-97.5606718532702,-95.05712167261032,-99.7247736284612,-98.64170325832723,-94.38457132030955,-93.86599257122445,-91.70314820840251,-93.57726022603546,-98.00276278006706,-94.66037599994652,-93.26760627590859,-95.94371990681226,-96.39661045174854,-97.24089848638194,-96.61557361462233,-103.03591581003113,-92.45429688562457,-97.67586247409282,-92.20048113271426,-104.29225100042144,-98.1536126828953,-97.46350890262637,-94.05698629589999,-93.01933209442647,-96.01837371640865,-95.21513921824908,-96.52593729930099,-96.83804435832405,-90.43985500332987,-95.66932618578407,-99.60964762486897,-92.39107298959831,-97.76386375213407,-96.67056535374935,-100.30234198025424,-90.4664437101933,-93.38401765408189
2025-11-02T00:15:50,AP_5_149,5,149,wifi,5745.0,0.0,0.0,-103.91829226280599,-95.17571192811046,-94.29866582663378,-90.352327150303,-101.35010369116208,-95.94786790143739,-97.57068751316504,-95.07741654550092,-101.92829538846046,-97.05118475592347,-96.06447438955841,-97.31926233117758,-99.6462676661933,-95.3978377293594,-93.4140874858635,-98.78264870940562,-94.11858169722447,-95.52874273884211,-97.64149348074628,-98.32240176685865,-95.20078908945774,-95.47541720400909,-99.25411227069955,-93.0726132812913,-97.47492655221146,-95.44346938594967,-101.84461294844432,-93.28543267851796,-100.23265774599126,-101.09350185329554,-95.91759977101258,-91.46621683437604,-98.45172010059638,-98.49730356892398,-97.30833005279727,-89.76054386354382,-97.94334241858732,-97.57187751380596,-98.59873124825647,-97.48419167798173,-97.70846577492011,-93.86237189360189,-96.11587956723056,-104.86489337792813,-96.70011444335151,-100.77635576898383,-100.31239181898853,-100.27165870375192,-95.66835190568744,-100.33665840639044,-86.57899638424183,-94.81376871765319,-93.89096073857435,-96.9017768547275,-94.56803244254218,-95.31585660906498,-102.57719940929823,-96.92171220529042,-98.83663069345683,-99.6620313230848,-96.68300758215119,-96.08616676919226,-93.1868664502417,-98.60973550937004,-101.08843213733662
2025-11-02T00:16:00,AP_5_149,5,149,wifi,5745.0,0.0,0.0,-105.6697967371354,-102.13984208095904,-98.72427582377404,-97.83651707149575,-102.54186039398486,-98.86389041308301,-97.38807309394062,-98.15368650246009,-101.24042311063586,-98.45092999219804,-98.73695678124575,-100.26434367584207,-102.16023747493008,-100.60364379836317,-101.72922740573564,-95.92413246669369,-105.41098195848399,-106.49971964543843,-99.4407095028351,-97.44364603324085,-96.22993073874233,-103.34800648196273,-97.29994032145493,-102.3604398115915,-99.41696504336356,-98.33188134264671,-99.45910353658812,-102.39101018214889,-96.13441040193895,-103.44949746547277,-102.9066477371443,-93.92562031832632,-100.34987025427648,-95.8386718519314,-103.29643678480366,-97.59008757012205,-98.92117344156559,-99.40308661970893,-97.65801116994686,-103.01372926599505,-93.24448695765149,-104.01015947647755,-97.51655107513808,-96.24729661482361,-96.27170676677318,-100.58620279756663,-97.20036200440623,-93.08786487447249,-92.5796655976809,-100.70270871039814,-98.60836371273476,-96.4206599713783,-98.15632691092195,-97.81244004278867,-101.64279144705264,-96.74373482243175,-98.37066012607191,-99.72767125045145,-99.73880630707067,-104.92487428136909,-96.98311826231145,-106.3149991260553,-96.4014401352039,-100.04662857521164,-102.2287828538913
2025-11-02T00:16:10,AP_5_149,5,149,wifi,5745.0,0.0,0.0,-104.2918599122158,-99.0181502949214,-99.10569498181782,-98.04310257311276,-98.00120085080268,-94.22732411809795,-99.25421350834623,-93.71777730040586,-94.5624026473203,-101.0058321657232,-95.08220862925113,-106.38445269969554,-104.62232812412346,-96.32856023175782,-94.95037269795058,-94.92662849080804,-93.99105769786803,-92.21339399291071,-95.00621703943936,-99.17094857669007,-97.87317392261303,-93.35015777819311,-98.90928199417337,-94.16170402574762,-98.63319292674157,-101.24116250493098,-96.98961922822721,-99.82693698457,-97.3424397669907,-99.90404110630834,-100.59423014399329,-99.60765828762821,-97.7286294583506,-96.40894599024833,-97.66707427470446,-100.22101564609308,-95.78807765435783,-97.11001163517446,-98.0220542379123,-96.31469779066272,-99.3235709855191,-98.6600566593661,-97.25091168419468,-97.01672711054874,-99.2993951010183,-100.66668209060748,-96.79830253740448,-92.38632431138481,-97.23708102763142,-94.78645897047505,-97.1241520685073,-105.52854805507098,-98.87199052483612,-96.92825335254254,-99.46238804826741,-98.04241312961749,-96.15385828134744,-96.9115053114534,-94.09285651793996,-99.80315135123135,-96.71254897116258,-98.20662355291051,-96.98852716637481,-93.18438972772351,-94.31138774892196
2025-11-02T00:16:20,AP_5_149,5,149,wifi,5745.0,0.0,0.0,-102.31542203851116,-94.2514193736929,-98.78416942515673,-95.91537989949619,-97.03926948715083,-96.24156251003632,-99.30545418557898,-94.67265499995617,-94.37556664432665,-92.5523859949861,-92.45574899734146,-96.32007687848005,-90.46417243327286,-98.39049004447094,-91.1523465453498,-96.79790725773546,-97.55170874992348,-93.46617781549016,-99.45568377216074,-95.36435237370198,-95.2463563781041,-90.66826943851777,-93.78052857036282,-97.83314104615921,-96.02718721724922,-100.12639851436597,-93.67113184796584,-96.64659646030682,-93.41206855794128,-96.42784725932431,-96.69558049093217,-98.37658756759456,-92.16709248056672,-89.7268322022141,-94.61176864169657,-92.94817315050452,-96.70256773750779,-95.25130524557373,-96.1785606938003,-98.70891579141623,-94.90625447847312,-89.82249892798434,-97.10906234548517,-102.54547502158199,-95.63961884928857,-89.5562777298028,-91.48163055580906,-94.39939036763347,-90.39038966950659,-95.95292762181555,-95.02902006723211,-93.74380195607544,-96.66173058623072,-92.66932557542482,-91.93030566174836,-98.9945682018638,-97.64311601067234,-97.19004466830316,-93.87142751051859,-97.38126580624379,-93.21625805966201,-90.76630414394641,-97.58671917612266,-91.20914330484527,-94.83349070226339
2025-11-02T00:16:30,AP_5_149,5,149,wifi,5745.0,0.0,0.0,-106.91848928879801,-101.49380762077278,-93.79566232007005,-103.80591295542679,-103.22191481800868,-98.86580838626836,-101.96273979855201,-99.03492011384131,-101.23144757714836,-99.34226546415944,-99.53008683216274,-100.60245712985639,-100.72839489542258,-98.59755684045705,-100.96879960424158,-98.84936620902752,-98.58308126874354,-102.70640017699577,-102.68607038973549,-100.15476233858737,-100.45362929294618,-104.49317018022431,-100.43035104015686,-103.1260943328814,-99.12625762582596,-95.24715399172315,-98.4809119143733,-99.17456076008699,-100.35103069105462,-96.74841579749334,-101.51503038113366,-104.97506734059073,-104.2968292770089,-103.61626170744039,-100.41303600161925,-93.79495154268966,-101.60243975833671,-96.84614221118373,-100.25800140747319,-102.9603412483121,-101.5804952665525,-100.96931784804627,-105.4892473193557,-98.75036330416027,-96.70326991487387,-100.22015543617641,-95.54387777774981,-101.49104158920103,-101.53284830482617,-101.34400858891784,-101.63468034947056,-98.4064566335604,-103.45461144347225,-97.70701001812817,-102.74195961502481,-99.76057249813704,-100.80606201744372,-100.43343852694272,-100.39437654578241,-95.64140822455367,-100.85380161694378,-97.8456622778567,-100.77128024245647,-101.61185234758415,-102.48082117469606
2025-11-02T00:16:40,AP_5_149,5,149,wifi,5745.0,0.0,0.0,-103.89173330123886,-94.20213838507007,-95.8878097634896,-94.57010033448422,-100.9211712340334,-93.74606324647802,-103.00779748452099,-94.11791330997758,-100.06208294892397,-95.83136540364688,-95.22546453699819,-97.53600261442973,-95.32581977598741,-99.81609986519092,-93.78092148928266,-98.12778977045113,-93.89112165336482,-95.48970683466494,-100.28203189817201,-101.24146978754604,-95.3650609345031,-101.89161420191442,-95.01079079162999,-99.01041851120098,-97.88794083110737,-99.15534806870502,-90.95003554787279,-93.37506962964731,-97.62718236934697,-96.96849882848532,-101.64857632301549,-98.87369046035988,-97.24867449451166,-93.68019457892396,-93.11990351485473,-99.75000333556046,-96.270791876568,-94.83337450789841,-100.10650875736013,-94.00858832540187,-94.82854784462815,-96.47607770466868,-94.31246514928065,-97.52288635110307,-99.21610640537158,-96.79203311801014,-97.1130656206577,-97.2506207058533,-93.484254849906,-95.77425651763264,-92.11488383370187,-96.74649792450282,-100.96901216377412,-98.3572305451287,-91.78928254447771,-97.08046368835886,-92.87306287163986,-91.71572377518422,-101.3522853718986,-99.79623860366009,-103.02174075031299,-89.80772297924014,-98.39100340300033,-96.74002745915536,-94.68513045581155
2025-11-02T00:16:50,AP_5_149,5,149,wifi,5745.0,0.0,0.0,-104.87943853246334,-101.6024663366497,-97.23231703012108,-100.00943621271762,-95.06885951376805,-95.68140552252511,-100.99060087852602,-103.67704796146914,-94.09152192645422,-97.3054672845095,-98.08292199727889,-101.43712892039048,-97.27109266997869,-100.48977586289703,-97.62656466820314,-94.49379277008643,-100.04324701643853,-99.82127933149238,-99.42768088288933,-97.40414303055981,-103.88264234074114,-102.02666336697443,-94.52768342599724,-98.55720526370969,-97.92882122707495,-94.90514559790749,-95.45808015275531,-98.0583440688946,-95.17065164866847,-95.49683234978183,-100.03064232162927,-99.77370228308553,-95.9672258640015,-98.98426040514536,-98.35112406106185,-99.6300455142988,-100.70067582410174,-96.62291929360619,-93.82332343234326,-95.0901474052615,-101.92772157861516,-90.88640418383186,-102.84818829714303,-96.86606852625378,-98.3144686896374,-94.05309824815845,-98.87663362041322,-97.38161992676243,-98.09383728058754,-99.25766923945439,-94.58392884271741,-101.07748816121766,-94.04247115095018,-94.86002655514343,-95.61047165393494,-93.97457352141856,-98.48300500054951,-95.1780560429755,-93.30205290832633,-100.19887397116469,-97.54925523212691,-98.53714206147664,-101.5940573168124,-93.60369268899632,-101.56630129295543
2025-11-02T00:17:00,AP_5_149,5,149,wifi,5745.0,0.0,0.0,-104.2032785608595,-94.3769414220367,-98.56909707994707,-95.136465888858,-98.28656944839739,-102.9532456859281,-95.72217721859299,-93.96641767593468,-92.5531430136653,-93.22513737755257,-94.13350648569661,-98.82580959845113,-95.76701980794778,-97.47211898509138,-98.298161428673,-96.95138930318205,-95.6128622717775,-94.37901276573973,-93.94942762857208,-94.81182030810335,-92.7730933118531,-97.00251149197388,-91.46352345051791,-97.39270764084091,-94.63057851723829,-98.64024605782872,-93.6557800967002,-101.5343876955392,-94.54455038487883,-100.50007916986391,-94.58001866577645,-97.53805588387203,-97.63954189815075,-100.82223001521322,-100.70943209633045,-95.62320487483787,-91.820394795095,-101.70177261521529,-100.7885611805752,-95.04189200842512,-98.83729113223363,-98.77665168998656,-96.64848920857389,-97.70394526729206,-92.79109253179153,-93.95650044867939,-100.37633296063035,-98.17302846794477,-100.02673960094032,-98.21229848669145,-95.68797688894328,-94.49747162418882,-101.64149138507507,-94.0448647511513,-97.54827573887091,-96.79459178149439,-100.61293157068731,-95.92101147477246,-95.36700969247721,-92.63688533240405,-96.09108619714978,-97.13715420251441,-92.4903597289035,-101.21389054279872,-97.0083735270873
2025-11-02T00:17:10,AP_5_149,5,149,wifi,5745.0,0.0,0.0,-102.63849934642603,-97.5158830087861,-101.12676880252981,-95.26811792880216,-96.89559420514881,-90.36448493887727,-100.87472250359545,-91.71673073985697,-94.91518329934041,-92.41525746890851,-98.87954013790511,-92.33523413128954,-95.95044398602658,-95.398154190933,-97.02303426779683,-93.12483011910814,-91.53054745027806,-92.42692576175124,-96.29899144780512,-95.28323646114184,-98.08247994980015,-97.48881383329947,-90.32215482083765,-94.50794330987416,-100.55385260856812,-93.51174968384778,-94.23375076432387,-90.30045271367987,-97.18747351534877,-96.08031420417174,-92.50365098096871,-97.42741242922895,-94.34175832669084,-91.11545287281348,-91.46443043706381,-92.91064990619516,-105.82589171245776,-91.92890743322083,-90.07598845510101,-90.88133180600457,-91.96424651466938,-96.88509389325974,-90.21001696619852,-92.64293602761744,-89.90976219202288,-99.26815754426197,-95.06460692851581,-97.11097080162739,-87.90466812622613,-95.06826201347351,-96.5711102571094,-103.94218860242412,-98.52864904661426,-91.46338944790078,-98.1317413293341,-96.11534154968494,-92.97218426142973,-92.40325865186682,-101.33462127979952,-97.18156299765268,-95.67248780670953,-92.79372596225353,-91.04926031873973,-99.13281891298014,-98.56838223045389
2025-11-02T00:17:20,AP_5_149,5,149,wifi,5745.0,0.0,0.0,-105.06295382513933,-95.92013020174576,-98.8036893730336,-103.60876943800011,-100.06985141490476,-97.32483595774454,-98.5814257484113,-97.58652781335185,-98.86859342659562,-96.1053574181375,-101.75416234409529,-98.89691280839907,-96.40254346076735,-97.33058798599929,-96.23428595997588,-95.84822911491992,-98.0133939041292,-99.46552060410816,-100.79574834783519,-98.99180641078509,-104.23443405223009,-98.85801160787172,-99.95952533108611,-96.19283942311554,-101.60338027358424,-99.45178971453205,-100.11930097070103,-97.54128082790128,-99.3981143644399,-100.9900040857198,-104.03937806710879,-100.35707892018121,-100.65451198510576,-99.4375807842661,-93.2964662633292,-96.91958117428898,-97.23968916406737,-98.5055343051037,-97.23205590445076,-97.22337175440319,-102.57926206341519,-94.99928840728526,-99.39865590563792,-102.82940933389088,-94.02252057511969,-97.40381938729408,-97.90159309065363,-98.50373629639799,-103.92290668269692,-96.09853589738549,-92.21129858844961,-95.26326950573848,-102.30301491361895,-97.88734148109545,-102.21172631100997,-96.49673426611072,-99.48333160061782,-99.51864508601281,-90.97187512755316,-98.28892751043676,-96.10247424525608,-98.14064987621045,-94.43154390443974,-94.23852959025012,-97.12842101033723
2025-11-02T00:17:30,AP_5_149,5,149,wifi,5745.0,0.0,0.0,-103.33524489924719,-92.56377941129938,-97.06482157285771,-96.09653887114453,-95.442425473593,-97.4386095822012,-94.57264464805014,-99.12034113726865,-93.90123500403345,-96.44937445403002,-99.2308902023843,-93.20498922363599,-95.74122568945239,-92.96899350996947,-93.20634146717349,-99.62812206808199,-97.82451810226387,-98.98115117304073,-97.28145396337023,-95.58362260193299,-95.59795766031766,-93.90633094736557,-89.97095841100852,-91.0018741463761,-98.60460417108418,-93.09403697107737,-95.13760195124722,-101.00857836791957,-97.44460349534091,-99.96442969176292,-98.73336251944522,-99.02164663423184,-93.50705959208317,-93.90250466993207,-92.8192868211287,-97.82166405975556,-96.77436195069961,-97.0482518950173,-93.03743238095433,-97.51430659619679,-93.54271135121846,-98.37974832874656,-95.4341459936691,-93.4703931501024,-92.16536869204012,-100.54315482051777,-97.56049866061603,-96.35177418992666,-93.94150931388938,-94.81470666404888,-101.40920250086937,-96.35450060917476,-91.2333830741532,-102.1212186711701,-94.85873251530684,-92.67855991737254,-91.77164537407069,-91.55886376942837,-97.83873765280296,-91.60648323464639,-101.61919868159836,-97.86413056476346,-94.16897249778133,-91.14665646927472,-93.5927872494705
2025-11-02T00:17:40,AP_5_149,5,149,wifi,5745.0,0.0,0.0,-104.21626881652467,-95.24504008342774,-92.6855554333361,-99.78900532147404,-94.579274886561,-97.46242992405521,-102.72203304529309,-97.70518367222854,-94.11107629629822,-101.89264024956961,-93.49648580271497,-99.15735389524953,-95.55417384431192,-94.50043329247686,-93.7528012154215,-98.13092000410819,-100.61938878697583,-105.71940215181534,-98.95953625726702,-96.77282486906736,-99.23122901927876,-92.20095526790975,-98.56536578617089,-95.46726235591449,-94.06179494604578,-96.22480185559397,-92.73982918915183,-97.28349116827522,-97.33114678100699,-99.18860818217287,-98.51193163410949,-102.66506462950751,-98.17885787518958,-99.60586739885895,-93.5978663419029,-94.9817697129071,-95.27573800633529,-100.29305433385615,-100.15372991220033,-98.98276459245464,-92.27507376770058,-99.1331294787065,-99.78126434803671,-103.51769447002997,-101.71276301243051,-100.58099987412567,-101.01484352878099,-98.36622327314127,-99.62731835013761,-97.16842538527914,-91.9959995306828,-94.0816005653918,-97.07985633269627,-97.18786713794705,-101.48969749297979,-90.7441460307074,-93.38693961628123,-101.21890659794023,-94.64410241674138,-97.68947071524518,-99.49119238180789,-100.6749658619138,-94.15723892664823,-101.62115178735942,-99.12678058082771
2025-11-02T00:17:50,AP_5_149,5,149,wifi,5745.0,0.0,0.0,-104.78149543321842,-97.02418153986336,-101.25531198668963,-94.74118159628014,-97.06930304102788,-97.45510178769578,-94.45391475698787,-95.85726404805106,-94.59397526154633,-100.98705955348086,-100.03077526837207,-101.47435401150183,-102.06489181166096,-96.50763333804947,-104.13159486939414,-92.21775818795233,-99.90722936792928,-95.09257848478549,-94.76863967767034,-99.35452327057374,-95.34095031570016,-96.79522181097131,-96.9879769105934,-98.18759572422222,-97.29261940499373,-98.52099769553112,-95.06052359008761,-95.19123968033438,-101.31681314735346,-96.71134781444735,-102.64405942809218,-95.19904476495098,-94.25007052535025,-97.86037777253043,-93.9431249991032,-91.83711677471968,-98.88764859842294,-94.29306850649776,-98.4668646693433,-102.2761250957601,-96.95126015835771,-106.03887428588783,-99.47681681639986,-98.38469596319855,-96.47116031395785,-103.58981601638499,-94.02315910749167,-98.31416690226585,-97.48830618193772,-102.18347296301164,-91.87508627031178,-97.26798799356756,-97.07685146594605,-97.85707469075412,-101.82553060080159,-101.33251220966028,-99.87016257156266,-96.99492853719626,-99.3829368970346,-93.64810136191709,-96.87056149012083,-103.34924192405767,-96.67620919476852,-98.6209638108968,-98.96030213597524
2025-11-02T00:18:00,AP_5_149,5,149,wifi,5745.0,0.0,0.0,-104.95698144102472,-94.18058358939248,-94.42865565043233,-99.89896530401502,-99.96132438772403,-95.04238263474181,-97.30905593012686,-99.83010462068641,-94.10195035438366,-97.85803096329701,-95.16365996048536,-97.45536734688726,-97.01526822041833,-92.4511153893931,-94.67188983430141,-100.23965884027483,-98.50722720173079,-101.16049685337018,-95.53474949624018,-99.34067619049205,-98.18607019819311,-96.23356219217067,-104.29584763183723,-96.56360446311265,-99.85208294714424,-100.60205496248905,-97.73289090305629,-96.83426212593358,-99.75504026666447,-99.08743673504074,-95.99478040774758,-100.16484925982776,-98.31623326369049,-98.78552496812438,-94.5831156038645,-93.3776409601318,-103.14042206173052,-99.10563356565838,-95.85150357233586,-99.43989063590118,-97.91189214350969,-94.1370151204925,-94.57697248485889,-102.47988620140134,-105.4881054828231,-98.67639581116387,-103.08505234524056,-99.46757222696903,-98.1824521068306,-95.28900362804657,-96.17825199034921,-93.69961013817586,-99.30927036212275,-94.057525939427,-102.1412196784494,-99.16976200239003,-102.27132048600326,-97.46612839481855,-100.1384333588884,-92.77700178580258,-99.65716039176591,-96.79079309249195,-93.3826767478031,-96.9783899125296,-93.66859352256596
2025-11-02T00:18:10,AP_5_149,5,149,wifi,5745.0,0.0,0.0,-105.31473043246834,-95.33131178525122,-99.789603678356,-100.56139663406069,-98.6761763213455,-96.81536422291177,-99.06384661698023,-98.92291531132456,-105.94963924363017,-94.0471954809809,-102.71992944171993,-96.3487195981647,-95.48904150663567,-95.73427909621161,-100.13829432527262,-98.85149908471023,-102.84961792536669,-101.43762476829237,-99.36052345212966,-101.65436984504562,-104.40596616519449,-100.02322954800037,-98.5577380621299,-96.25288331447781,-100.1191730914653,-101.13008343463851,-103.79601897272136,-98.84381572765031,-97.85870093475243,-96.54181168816602,-95.02216392148482,-96.48906070605756,-96.73900674916867,-94.62125934294951,-99.92579257720566,-101.18013343252409,-100.96347980985539,-98.74960578054659,-99.24698666453598,-96.9839582437991,-100.24433055491295,-100.69126613002916,-95.31291459043229,-103.14693158982003,-101.92705328450118,-94.86150042721812,-99.91965111342273,-93.31898404977547,-93.00684105077636,-100.55789009497117,-91.5361062596504,-97.29248083913895,-94.8878605216814,-95.26885268493277,-98.8392491853397,-96.13182709527663,-97.75328345132426,-100.49839302126853,-100.88822331746485,-96.87498774007524,-96.46622027905288,-96.58007298165231,-100.56502151525528,-98.5805170932746,-94.76751509461785
2025-11-02T00:18:20,AP_5_149,5,149,wifi,5745.0,0.0,0.0,-101.89719215051144,-97.40133720102027,-101.88272267168145,-92.03830345450217,-96.5252464453433,-95.29276537121025,-96.92000279304783,-90.99723448091042,-94.64038838889475,-89.26945558148334,-96.12067802946609,-94.20271696365272,-93.85079229072228,-94.53643385858457,-92.41495383469643,-94.08360162448052,-94.58210164514693,-93.51024742493246,-96.88073313097267,-100.77062155071906,-93.71010663098365,-101.7929128357963,-97.02077037060614,-92.22682317861101,-90.01028502803113,-98.39892271245286,-91.93333682165867,-97.40701721576576,-92.51613130898524,-95.17318680553613,-97.32197028674413,-95.4128715142468,-92.80913052924876,-89.67393191771794,-92.45613491628005,-91.49807626978932,-94.84906774577152,-94.78931521654259,-93.7213681817671,-93.43410575885346,-92.09588476565985,-97.60315415876741,-95.22624417540032,-94.18903084920012,-96.62223949416263,-93.15050922433517,-95.44775740341966,-91.12485164827555,-91.46573776480258,-95.19899907338986,-96.42063983307938,-97.00984714968587,-92.0335813010548,-91.78789290103558,-96.0874944010795,-96.3024362371822,-93.73700795176006,-93.93163372568648,-97.95652258435629,-91.26520924021054,-99.14297101277592,-90.9385072401411,-90.89159510935019,-98.48012104090729,-94.90457486570754
2025-11-02T00:18:30,AP_5_149,5,149,wifi,5745.0,0.0,0.0,-103.10256388144678,-94.45703486433037,-93.01428328712173,-96.1073891104837,-93.74260190868887,-97.36188276619383,-95.79884393956301,-98.9456553792984,-97.68058092852576,-97.63017088180925,-100.5108883587929,-102.64392922019208,-99.08566417701424,-100.26975355012151,-91.42247936172159,-95.47004132060768,-97.84387364463417,-95.1903910181169,-94.25114460661344,-93.7033316063336,-94.24727860625539,-94.92334829899755,-101.78938747988951,-96.86474500595189,-97.23816803593469,-93.94808354757585,-95.76244283163796,-96.97737462538471,-91.6488941137249,-99.1511471186003,-93.39089474841482,-94.59871677003834,-94.76336272501389,-93.39560824887013,-95.05952035629213,-94.37248987109285,-95.67590313679176,-99.17661471642406,-97.3400029759644,-95.72457550889871,-97.6540072152045,-96.23362209041788,-99.51405813772841,-94.0251540198376,-94.61803638895073,-92.17975206488623,-96.53500583366929,-92.50152961985277,-99.2251981215796,-97.51609285139584,-96.99987211179705,-99.40951229283147,-103.55244095401358,-95.98409032664526,-95.45265830004845,-95.44065708960262,-93.71854534133043,-96.32059876598429,-93.47385408416176,-97.26938095227706,-94.44794042417706,-97.68034158643644,-94.00970844600606,-94.44198391409923,-91.27993443159829
2025-11-02T00:18:40,AP_5_149,5,149,wifi,5745.0,0.0,0.0,-104.15156148462445,-93.85698700644889,-96.12965654219788,-92.50700810420955,-95.59087656505805,-97.90620899863214,-99.5258205009195,-93.77946687667622,-97.81976315985531,-99.62956318830717,-91.74712348804115,-94.69762846938637,-95.7934644312348,-91.38247355413483,-95.06636350654264,-102.88865236380403,-96.05037714191388,-99.17946545757367,-95.24065949062563,-96.61359605547383,-93.7010515908261,-89.9778665556757,-92.47808120772265,-95.70340425377653,-92.61254572520438,-96.86775426106973,-96.56927828303473,-96.19027475414772,-90.6080501013416,-94.18988211823684,-99.02098561547915,-95.14234343883527,-94.92124442101354,-100.24770402015807,-93.22078423461276,-97.73230063760776,-99.08457792743141,-100.03809335236382,-90.06318007650057,-93.81846506411088,-98.29088471022096,-93.55795101593053,-101.00296968170963,-94.13801144722747,-96.42428293141249,-101.52137336980222,-92.46015690052093,-96.09323886140027,-94.95227432235434,-97.18351467288123,-96.45338379253072,-93.75645613846487,-96.88866260371177,-97.14549743288079,-94.62682247998187,-94.61383921023217,-96.19033501313979,-99.73788787221768,-94.78809970064863,-90.80126141788408,-96.09589349986565,-94.66584255421404,-90.35122876702039,-96.36066567858549,-100.70683338566695
2025-11-02T00:18:50,AP_5_149,5,149,wifi,5745.0,0.0,0.0,-103.78414949380699,-94.65108270406944,-95.0723523921287,-104.22730638479487,-96.27427539824339,-96.29306639792297,-98.00158963144168,-96.96729105342563,-95.47321614570036,-94.95863412053153,-101.27248353601048,-94.60155835542315,-98.46736270222395,-99.5105703304064,-98.25831178800743,-95.0189735603882,-92.26261500434893,-100.63605728768857,-93.76770386922247,-91.9416946342732,-92.91253985456952,-95.27016980643262,-99.50826260296336,-98.19325774462264,-97.89547763887944,-100.15091513449374,-99.5377440253195,-95.03399183238325,-98.47491660135965,-100.73218623156792,-98.47398065834882,-95.27785556481238,-99.95723201822565,-102.4268157721133,-98.0359872362491,-98.49628509051756,-96.69088562997622,-100.82909564108125,-97.36544754963653,-93.3496067220103,-97.79290265199127,-97.76548786223742,-97.99645360895315,-100.96738467250808,-97.31782808808804,-95.4428394069988,-95.87296288827298,-99.11214658915478,-95.45188172222086,-99.86545393418736,-95.42193313949139,-98.40551644500071,-94.62659880811616,-95.06107719068045,-101.61813876742197,-99.34780166011397,-100.82302182710751,-99.80534353141422,-94.59867666700917,-96.74445529518395,-98.58545303298206,-96.37922259094911,-96.59406140453366,-89.36110864291089,-92.29801740014203
2025-11-02T00:19:00,AP_5_149,5,149,wifi,5745.0,0.0,0.0,-103.92281179745324,-95.34103471367419,-100.03310598174546,-97.13414825823719,-90.10339720180916,-97.00834153287965,-98.4530951127907,-90.75565489428573,-94.48832530871515,-93.23205094375092,-94.84982619324217,-99.6849624468892,-93.7331816198575,-96.63188788248686,-95.66599661015363,-101.50827834749535,-96.81631970992508,-99.61522895960015,-101.21147975546432,-99.07354463020926,-98.94214469864664,-100.00423372571774,-97.38399751742189,-94.65431985962539,-97.24131209415724,-98.66375487458666,-100.35235905654257,-96.89722980713516,-96.46631069048287,-94.34969534590914,-98.1883069318074,-98.87573045957448,-99.71109325235606,-93.60439524458279,-99.61897674639197,-96.0476361426786,-92.40735809631289,-98.54361096996593,-93.84903082670432,-95.67181627810265,-96.26138576377605,-91.39331267124602,-94.7468356092974,-98.98147232875655,-93.7658407884968,-102.38014309606685,-99.01903413570096,-95.05800360933355,-93.93969940856131,-94.05273465481686,-96.79300732607724,-97.46852375044423,-97.25304107357306,-95.53405319087308,-100.01151966246061,-101.6781087388265,-101.68766246413374,-97.04232611183836,-96.43178821875271,-102.28559912649058,-95.52887424202817,-94.93056083319445,-96.36964541671124,-96.19158636714927,-98.01768995189029
2025-11-02T00:19:10,AP_5_149,5,149,wifi,5745.0,0.0,0.0,-107.1448428113734,-108.07820471416976,-106.69130055757073,-104.27973022593488,-103.37004803672058,-95.0949289214623,-101.4500074720637,-108.4653396045736,-106.32191980215298,-99.8049605865849,-103.16630781409538,-96.75051861730955,-95.39724249661072,-106.5068330456314,-94.12598422141726,-94.83724342381703,-97.27440566717777,-96.21926983693118,-108.02874196446912,-101.83021655826204,-105.52652831056439,-98.87844474071245,-105.47692986620788,-99.14648837226838,-95.12801807659625,-97.26263597559239,-96.40037912678238,-102.61062726294888,-99.66961871247187,-94.44776304115527,-100.47122549214653,-103.55171274057194,-100.12855242726849,-100.36674473077815,-101.37508819053326,-103.1859507389271,-98.99937654669952,-103.1635939194555,-97.03281689008821,-96.82582740059584,-98.54180086479583,-97.27287836529932,-102.76209830046312,-95.98630567745572,-101.2640121661741,-101.82289855011506,-104.73603509831007,-100.915935227612,-105.21469490200235,-98.87692144642602,-97.92933455229213,-97.73614028824895,-101.79629328815166,-94.72658878318579,-99.23216746520296,-106.16207595528837,-100.52438629069833,-95.2996094333321,-100.89938438963877,-97.46851773868752,-107.05640935648518,-101.53096665445453,-99.80871356522495,-99.62025951441771,-104.12278483245964
2025-11-02T00:19:20,AP_5_149,5,149,wifi,5745.0,0.0,0.0,-103.40937515318262,-102.00611462301715,-96.55335045993353,-95.41523028957626,-97.75263369343338,-95.6686703753679,-97.6703657046179,-101.07886509420938,-97.14071898445522,-99.32321149184291,-93.96275345051788,-98.14311081994812,-102.83409838896989,-98.97441002166218,-93.58820361699289,-96.68098220670396,-101.93635645227252,-97.06491456407791,-96.89917573945178,-100.16963957362186,-97.38746565225227,-97.96591011865134,-94.93808247510442,-95.94316402878417,-100.27735334413227,-94.86136777369661,-94.22025597152637,-95.95337331708116,-96.02796175014858,-94.43511100182681,-96.6844061519216,-94.36676484931947,-92.48745892236113,-99.25921919096011,-96.86060678456576,-95.75669974855391,-96.7024212361129,-97.96113232932497,-94.22389314892142,-95.75964657987934,-90.6593126089591,-90.83945984835438,-98.26598316678259,-105.93289598258254,-93.08603356010428,-101.44729146890097,-96.46716939833536,-92.99950619829396,-92.62122694543271,-97.3644217990762,-94.68180297509292,-100.52469836155446,-93.76303483641773,-96.8700688174863,-99.00209307641941,-94.16636024020248,-97.03734570782483,-97.6279290847576,-99.24658364498754,-102.33936072293027,-100.25070469293189,-98.05875318043445,-97.37587205044565,-92.55999135899069,-99.8395036633333
2025-11-02T00:19:30,AP_5_149,5,149,wifi,5745.0,0.0,0.0,-105.2758309157638,-100.46091221882014,-98.66096782069044,-102.06807566707475,-100.2510131518309,-96.9073098500204,-95.60799901327384,-100.58065622244409,-93.1039579905478,-100.9082166630239,-101.66332089242353,-98.64205360463588,-103.39930712058252,-98.21094095646501,-98.74972831863319,-98.24199113821471,-102.40705993789055,-96.60469200979236,-103.1619071267184,-94.10150018300844,-102.18725199707026,-101.51040120409968,-100.21815572500044,-101.31837660298532,-96.21731410808563,-96.24157018762902,-99.85758300278627,-98.98115502589474,-102.18252470079737,-99.01151916150086,-93.10459360316212,-102.13064723753479,-100.43615026776322,-101.13917448063958,-98.23748561520092,-100.81722378246842,-96.96668720830053,-99.07673665768486,-99.40443247305858,-97.88152984512944,-100.40193875901576,-100.39581657076583,-96.8227244880849,-96.51877088574231,-97.19667825430378,-102.68743356618215,-101.44856174078892,-97.71558568141056,-101.66994604693645,-94.4809731721141,-99.57510130489713,-98.81757747764618,-92.88288499490346,-98.33766146801662,-97.92664911180019,-98.09778980990913,-100.46794982532461,-102.0689005902783,-101.94779793577784,-104.39385472594506,-99.1253594594826,-94.90583910272818,-99.92546121567042,-92.45770945318257,-103.70283042609263
2025-11-02T00:19:40,AP_5_149,5,149,wifi,5745.0,0.0,0.0,-104.84886284307818,-96.66706472141333,-101.21294428284209,-99.82958562324691,-104.4552655577104,-95.75524639711688,-99.97277874010199,-95.40229243974792,-99.68652324427609,-102.36790656992261,-96.32572633646282,-99.65164670906543,-97.68630924542563,-96.67131865757679,-96.00717419806107,-104.1259484473099,-98.73240433270193,-95.32287009956171,-101.24848250679273,-101.12764829628148,-100.01988381682112,-94.83608603889466,-92.32799816888831,-92.16260713286644,-96.23995518292608,-97.146096914545,-97.65881101634979,-91.15660678163194,-96.38802130782314,-96.01657687208946,-102.50758513284714,-96.20610537276062,-98.73114206229063,-98.5956027457369,-98.0152570827505,-94.99942221045269,-94.43228026818262,-104.61767452477709,-98.97012876352609,-91.808694619568,-94.40736427584042,-98.63074592600265,-101.90822474661931,-106.69188504190258,-96.696705206565,-99.1546261935488,-97.11245342113182,-95.79372836291088,-96.3165341431795,-96.45647359986303,-96.80562166074596,-97.97917227744871,-99.15500801614283,-92.83017266714405,-97.86838668233015,-97.74826955834996,-96.33355966482819,-101.23875562816912,-94.25834776963195,-100.27339019713101,-91.77428178093157,-100.71390321053737,-96.39611651561094,-101.65083312548475,-96.85757239875312
2025-11-02T00:19:50,AP_5_149,5,149,wifi,5745.0,0.0,0.0,-103.97806792155112,-98.51782712183125,-97.04552818883154,-95.41215989709671,-94.25961084783556,-103.58304174186696,-93.07699594521557,-97.72493125301331,-97.66469744808833,-93.92797452183491,-93.75834626137751,-98.13730585444964,-96.2518643831552,-97.90880973615651,-94.62823860527973,-101.12265619510491,-94.61622274256334,-101.29079512052972,-98.79401488068959,-90.79119904911609,-87.54253618147158,-99.51414844854399,-95.95876702818093,-90.18851365667197,-98.18851850815358,-92.51867302905211,-93.8275448397173,-101.04834515867233,-98.13594019316308,-96.0658962297356,-97.36173139303396,-95.6757962485211,-96.05793268320869,-96.01517322012647,-96.33659144355843,-98.36805263608001,-101.42036439422083,-95.29099916972383,-97.07560887907839,-99.34332025131509,-93.46350298911102,-96.93930418290881,-92.59830685344123,-97.9150431684087,-91.52709481963007,-96.99843933219103,-99.82024449335825,-96.88815943349714,-92.33209641921813,-99.63537942252277,-97.59266001363058,-91.85993038317427,-101.22118154189933,-97.68940220039808,-101.6239343971183,-95.42022373976212,-102.31996838197473,-96.5836687312281,-97.47360619072987,-98.90509652798414,-100.21373350116016,-101.89353847702297,-94.93666471831315,-93.88310765669178,-102.54236712442261
2025-11-02T00:20:00,AP_5_149,5,149,wifi,5745.0,0.0,0.0,-105.40477228436664,-96.45916901658389,-98.37228507403114,-99.93981009255029,-100.96610848650586,-103.56840423193933,-95.72661630129835,-102.43479977040364,-95.5068630875918,-96.56740770548096,-100.13989204041998,-101.2123282718351,-93.70902690113815,-96.71605128394519,-101.28054417973271,-93.49856140307043,-100.81271742519256,-99.48707591185212,-96.2431755085429,-102.98869459625078,-94.12340232420912,-101.79659158367183,-99.23128458593656,-96.96086341391963,-97.24963729727082,-95.8152556074529,-95.84885028305207,-97.15155355008471,-99.93636398508967,-98.3992294246046,-100.62390213479799,-99.29339939562668,-99.6479234002749,-101.2176757197673,-96.41688040091438,-98.31634854900713,-99.35535345750293,-98.51641873421788,-101.0000558956177,-100.92692637898237,-99.20900125425877,-101.15751875175914,-98.75958076288387,-97.9434072825882,-100.09800108043565,-98.39748865591717,-93.63593679379062,-98.3801317454699,-96.58525828382653,-98.26189277414598,-94.67049090532501,-99.28959885549651,-92.75632559423529,-98.22285387940956,-90.95344556673304,-91.93903438276027,-98.59004035653399,-93.52076642202631,-95.9885660775005,-92.58523774841011,-106.54264982101796,-99.6880833260595,-89.43835500515485,-99.61134177357462,-94.53855163606092
2025-11-02T00:20:10,AP_5_149,5,149,wifi,5745.0,0.0,0.0,-103.72427336672634,-97.61826406202543,-92.77469136001882,-95.633437358029,-91.3655470464078,-102.07382969557607,-99.284035662361,-92.61606807954337,-93.5724994393001,-100.36755561329318,-99.467655634677,-90.18643180318637,-97.73676673914713,-94.78841251413984,-99.59910302020214,-105.08864515924915,-96.86917102333047,-100.44714217390226,-96.13838407324334,-101.83357921626693,-99.14838624045944,-100.2737622154428,-96.49755482105373,-95.94961844212617,-95.4415884675806,-99.17245986415519,-100.32307645381097,-99.76721130560975,-90.209204598035,-92.54296202307017,-95.16340569387606,-95.7414548430334,-95.06837171860934,-96.07291715557058,-101.07269159550475,-98.30189197749326,-94.49597666156151,-97.58563455579883,-86.82341656391321,-95.23316048531939,-93.61277783753839,-101.00443565146914,-92.1329276151436,-98.52693976854673,-97.34548506976836,-96.2188308272779,-93.69416931238634,-96.59505095075788,-101.88631191998762,-94.96698652843176,-93.66301974951455,-100.0419126023891,-96.0834198305553,-92.73698195193015,-93.30644246486621,-98.33060503199313,-93.39555230508819,-93.65534059621868,-97.83823112536972,-94.43692325443263,-96.45477562703658,-96.78048130384103,-89.49074494240921,-94.25362616191892,-97.87171427621972
2025-11-02T00:20:20,AP_5_149,5,149,wifi,5745.0,0.0,0.0,-108.01023404182277,-98.16887252537212,-96.43138702380975,-101.97296210994578,-102.57395637846984,-105.67820758914075,-105.43253564564122,-99.29079730482351,-100.20306971307026,-98.90329236531451,-101.86894627151953,-105.4969510458771,-105.9914375718441,-101.4808416584217,-99.388316663689,-99.59538169110769,-100.41613716382271,-100.48739830267999,-100.42157492332825,-104.56288770489225,-103.12874009987118,-100.45405545338897,-99.50276061710268,-104.23390091927203,-97.44444885321738,-98.4957510918602,-101.2535756212867,-99.27556686530217,-102.76175247473219,-100.16059126664732,-100.88121165084593,-104.7494942635509,-97.02258010775303,-100.02345934315872,-100.08873757687171,-101.34046548846531,-96.27223574219818,-100.93798203524732,-101.40302299568415,-104.96833413861484,-99.8885533274096,-104.65375871556057,-109.60443515358108,-100.84863745456015,-103.60337412527012,-101.00893170512052,-96.36339996263342,-100.52499147406873,-102.17969982952711,-100.86848157794199,-101.69495975467478,-97.7162478819428,-101.5984751389774,-101.15649516917279,-96.34507239748014,-101.13560155655547,-101.58264013811988,-105.89261242786192,-102.7003711721244,-103.0513887117731,-101.11390101835917,-99.79098723660624,-100.5345710523282,-102.12152155461186,-100.83232903380653
2025-11-02T00:20:30,AP_5_149,5,149,wifi,5745.0,0.0,0.0,-105.04609662336108,-100.09466829263758,-95.80600022649521,-97.35890667719761,-99.30817441079589,-95.23427700275725,-100.15686646262294,-97.20915368145084,-92.80233527243365,-96.71122244381546,-99.46448040730952,-98.9092865387833,-101.05843604722125,-99.29001729980726,-96.19690809619415,-100.57617227358143,-99.95673564271405,-102.53747634868039,-102.41116612331842,-94.65168743155839,-98.16239788530558,-95.59609888312814,-95.83435425826234,-92.9271925052796,-98.04270136218531,-98.62622039063068,-97.76978194298444,-96.57846895615471,-100.31306968840157,-96.9490609611987,-99.93369070187097,-96.93922920717452,-100.59426595434951,-102.7819752188213,-100.66000347843942,-97.83507480777584,-101.50866843650076,-98.2040630731565,-99.1895338535159,-100.49756130723993,-96.13959532915324,-96.12008959549307,-97.32560347090575,-103.70781668503976,-91.46852449621271,-88.93805002920936,-98.94982692352679,-102.21413070518008,-98.60310603689017,-97.69370985300793,-99.24561441910708,-102.20812258695159,-97.21845488923913,-98.67015934490585,-94.31208426757661,-95.77388475710225,-100.0891390477839,-99.46501963798721,-99.79404983855056,-98.55399929043249,-98.55921069851564,-102.52369236550649,-96.06640775460326,-94.25895706791215,-95.42973824437738
2025-11-02T00:20:40,AP_5_149,5,149,wifi,5745.0,0.0,0.0,-103.66382350199713,-102.27563790452713,-97.32968462547652,-95.51360714496205,-95.88859534741057,-98.60837402994021,-95.82740798913441,-97.81884562426613,-96.81353215828359,-99.95627792035742,-101.30701163647117,-95.49202238674008,-96.60350158353948,-93.59021062073984,-99.701640406937,-96.29799359641159,-95.08875646368574,-93.1356939521881,-94.18100069273876,-96.14965869674009,-94.16636466754338,-96.58508202980492,-96.28580955933415,-96.16815009906003,-98.96933138440338,-99.53604055407965,-98.68936801818391,-94.94579824747743,-100.15038758307422,-99.23440276500145,-98.27899392443626,-100.08557160580574,-97.12621800475826,-94.6576390348883,-97.02930189269195,-95.11330924018279,-99.24948548081045,-100.93501662850902,-91.41565656193832,-94.2015428088627,-97.40813057308034,-89.29776780761712,-94.01426877073429,-95.84158542360834,-99.79427227701748,-94.87823890858724,-95.81179190145981,-96.71921295104957,-94.74172697843511,-94.52418266093702,-93.49905438062513,-103.16283667634097,-100.62870382103732,-97.41219656956864,-95.94490648634492,-94.96915527425143,-90.05986045576239,-99.3500035089241,-94.60956997737212,-98.2127357355433,-98.43867622657652,-95.82842504719457,-96.57203562116625,-90.0467679841821,-99.59008468498355
2025-11-02T00:20:50,AP_5_149,5,149,wifi,5745.0,0.0,0.0,-105.274822240884,-94.86815182782738,-99.73283845549261,-99.24288705496326,-98.77897643444001,-98.87089239543656,-101.24742312858636,-100.88685607209813,-98.45856158569273,-96.04291629889255,-97.5093842600833,-99.66647594503885,-95.65406464672704,-98.10952164166673,-101.86789057887634,-98.7873139300621,-99.60739190042808,-100.34794809922117,-95.29964505385702,-96.20788241025829,-99.81433067266654,-97.28608644338921,-97.08776086704584,-95.59646742300991,-95.68495412489247,-96.39345620256545,-97.38010687446257,-95.07735087516184,-96.84501480551302,-100.84465865940516,-93.49380646749147,-97.20415336620374,-97.85235107995904,-98.53309452815044,-102.08858655441568,-96.47290334360238,-103.52412167613495,-97.9129902560097,-94.88987022496681,-99.8956870977658,-100.87889206227729,-93.64554489765112,-96.50000016082761,-100.66827626044362,-96.29436639403399,-100.3114819207113,-97.70310898956004,-99.19622059942165,-102.74712295846805,-97.06346664399422,-98.77472899607287,-103.46470753395622,-98.12888763711128,-98.25575762709015,-97.07182601174402,-98.3610168464177,-96.61725734513178,-103.385317661487,-102.30384565634103,-93.63849565317182,-100.31223367490824,-99.46685338127097,-97.31012431904325,-94.56538363966217,-99.2153146175274
2025-11-02T00:21:00,AP_5_149,5,149,wifi,5745.0,0.0,0.0,-104.88910064841133,-96.64280699453411,-101.85234727874133,-100.45928483710873,-97.9344501317743,-94.84384811561249,-98.72147297513442,-93.49862369918722,-97.38720646301611,-95.13963416223305,-94.7140003952378,-98.96502822805769,-99.02056962213618,-101.74743407302554,-105.08679593578267,-95.67769844964361,-98.58677956808792,-101.93945273562343,-99.67860155872958,-96.69743908310306,-95.99853771116506,-95.41569376953623,-98.75123617692002,-99.70138217814602,-99.45760745319991,-93.73905833970274,-98.24733811755755,-100.79969634781747,-94.29792307296476,-95.2986831587643,-97.85665003878731,-97.30376672018852,-95.4479720128233,-97.61068190101945,-101.5383256749328,-94.07091187651216,-99.38326511287936,-94.3872766885919,-94.75382911443046,-98.16884852609648,-93.72410772975658,-99.41152344377487,-98.69988973454156,-96.16233716266171,-103.37415883265824,-99.03162461135867,-94.77953587899216,-104.4199069655818,-94.37412177751216,-105.09736825952842,-95.4281604928272,-94.95648019259511,-92.97930674199533,-105.63179816944537,-92.71186053601627,-104.3559615637072,-95.78209187365027,-97.04052071094293,-99.15836142358975,-96.47240954687649,-101.33362092725186,-97.73106795663925,-97.65838229883451,-97.91413155334303,-94.15690997099229
2025-11-02T00:21:10,AP_5_149,5,149,wifi,5745.0,0.0,0.0,-103.87574819985072,-96.32280809341393,-98.1902369851569,-96.21407108781855,-104.84443158736265,-90.97766860118263,-96.0295363958119,-95.33389239506647,-94.00547676692267,-93.28859587629783,-92.91068185886603,-98.78358846027957,-98.52413955661295,-96.86781793443701,-97.95454733476106,-100.83756288760682,-97.76755471569614,-95.13759241523637,-103.81393458956788,-95.45398039812046,-97.29569254888408,-97.81171973525763,-98.27346970401304,-102.275382472608,-96.55174525619358,-96.66587638130315,-96.82583382699983,-97.35116965600358,-97.54770874135701,-97.2845562841301,-100.49640430239221,-91.5371257919607,-96.37563973992894,-99.49272149059912,-99.34046635097641,-95.44240150634475,-93.28269629636375,-98.08462601569127,-97.60800832889346,-96.25049651166944,-97.8673094226406,-99.8408279107501,-94.04869611386863,-98.90003683830761,-97.56865687071783,-94.72819509998025,-103.29474714585723,-92.36896007031686,-97.79145863911859,-96.43728856879136,-96.40594574501965,-91.06891775623149,-92.816393832827,-96.77059476290434,-95.49534990297775,-96.449888633389,-97.4768213093447,-95.78492312163999,-93.45907797240909,-94.92574549258939,-99.68971627216095,-91.78382846361896,-95.39293259059116,-100.21877193461582,-101.70153708036501
2025-11-02T00:21:20,AP_5_149,5,149,wifi,5745.0,0.0,0.0,-103.5570866114567,-100.62596418521258,-99.95343652812318,-93.00318303430053,-97.46480116477744,-93.56864856492503,-93.6169114374766,-96.94034900500446,-95.0016447719574,-93.9594935278518,-92.18267072696614,-99.49345062907159,-93.57309732102135,-96.20093982025256,-95.4397626975255,-100.1139365210094,-93.79102208038964,-94.84420823776277,-93.99947398104965,-99.0544844522667,-93.75437613837808,-96.42979598747824,-91.93274055639844,-99.96349257178476,-98.88801206324668,-97.8045777498775,-92.67010095484255,-95.89953599758981,-94.12542578409382,-100.87132820836345,-93.03580507016432,-96.34635379557638,-99.69216448662183,-100.62445202562088,-91.5163955411246,-96.23629854118369,-94.96653942319439,-96.79305165158068,-92.9030484374801,-97.04756552040222,-94.38742992919315,-98.54826623948095,-95.4307718154735,-97.78537461930131,-97.56276678680936,-98.95594656469501,-96.55022689544272,-97.06780370783936,-95.71306675258502,-94.76942046665329,-100.22704282854495,-100.60796959376381,-96.26500595379079,-96.10629235872157,-98.50286958107667,-98.69533681203774,-103.23265101433745,-98.45487848305126,-95.42439967604697,-92.04451909193266,-96.59146762092179,-92.49896636512192,-96.74903806247393,-97.39257685544224,-95.4823219157682
2025-11-02T00:21:30,AP_5_149,5,149,wifi,5745.0,0.0,0.0,-105.40604608394999,-96.55724272967872,-97.59164219654501,-90.77265267759404,-97.87838915151951,-99.6965628763399,-100.47070305983344,-99.26199792711587,-91.3776662241901,-97.21730963659398,-95.278389994098,-100.60225206832523,-103.50682866197157,-101.70234784143982,-102.13872321588529,-99.87797142032832,-96.24651041360535,-96.69302253573957,-95.92212568904176,-99.05841528117065,-99.11022082757326,-98.63385243023907,-98.4520596539897,-99.61732158263665,-96.76781683607079,-98.15304130127645,-93.78871020541129,-99.47023407428001,-97.3249789186397,-99.9075992744314,-102.52287230690972,-97.26944521719182,-98.43737440820883,-95.24820258248124,-96.60931494354017,-98.34788028865646,-99.54572605286874,-95.88719715956623,-99.64109752790752,-101.92275118060849,-103.5818584535408,-99.67528529995599,-100.33672476345211,-101.37956957343728,-99.1947287992871,-94.66572614983254,-99.65380321477923,-95.26168392389621,-95.14995453665705,-103.68407972317573,-93.05608617191042,-95.6779142411503,-99.7379566402549,-101.71921759934577,-99.2767634574566,-97.82927049821139,-90.58440030589324,-95.93753035315657,-98.28100321495484,-100.33206463839815,-100.82678855678616,-100.14047693673936,-100.05265083952752,-94.2084333491505,-97.12253858284396
2025-11-02T00:21:40,AP_5_149,5,149,wifi,5745.0,0.0,0.0,-104.30165795766975,-97.04122822254999,-96.4758166527011,-100.5329236231789,-92.17524752430054,-96.04337075712027,-95.92063270864543,-102.4544576302362,-100.02747898828768,-94.86794807535452,-100.62023279204908,-96.10565202109795,-96.30251851024293,-94.67779893527263,-98.41802462590547,-93.67852982733126,-101.04963405992942,-104.09412892393243,-98.45261593667352,-94.27253857758407,-94.20776633646467,-99.28604197112621,-96.42585861178905,-98.18614453546142,-96.02632956961942,-97.43153687102539,-101.26641248826604,-97.98046802398777,-96.6421899030585,-93.34664017639781,-98.10168750686135,-94.7925860618017,-92.118184802363,-97.04011342512064,-100.95733937963911,-96.60938406106177,-96.81180268837993,-98.3991950419113,-97.56130736856274,-96.81770561196106,-100.8257600118826,-97.55621931310819,-96.0620092874481,-94.60811296261454,-104.58638299386234,-96.18743946883271,-103.48211404931465,-104.54658407889518,-98.42481668169714,-102.26470638388157,-92.4367181458299,-94.14402262678573,-98.7556368837427,-98.28878163263879,-97.0611788575012,-98.26839368522757,-98.34307905925863,-94.919587413078,-97.02454920362798,-101.1103892038862,-101.07966008082106,-103.52646135298548,-98.04418319507913,-100.89436922934468,-95.344661559001
2025-11-02T00:21:50,AP_5_149,5,149,wifi,5745.0,0.0,0.0,-106.30221531319111,-97.3974376047265,-99.88949634852521,-97.5692258826827,-103.45618860133143,-98.71177940578646,-101.61163468123493,-95.6045300146172,-100.83912884995564,-97.555163220101,-101.91989331920885,-104.10667052412005,-99.48815577971246,-99.35421912243872,-103.58779890323963,-97.84696698558993,-102.91068076361546,-94.744631133698,-101.82373431616662,-99.63479240940457,-103.03687199634949,-100.68207026524031,-99.59349372952556,-98.91140478175096,-102.64673436829273,-95.64657693242435,-100.75579658047366,-97.8217988037104,-101.27527640340311,-98.03747385829769,-101.21286180204744,-105.78174063041345,-100.54306420267854,-98.43625891435423,-99.50895258228526,-100.14416432561053,-106.3720492388341,-94.69720691609477,-104.34937466865976,-100.1932247289879,-98.13113770172106,-98.88547528574325,-100.42404737297304,-99.76849079670579,-97.50274284078765,-99.25011865584925,-97.01922368907063,-103.14845234879756,-99.29016916401883,-97.51984175338237,-99.93240266515784,-98.8840145061182,-98.73713636369455,-98.62813204897968,-103.73304310928435,-93.4640657272961,-102.14510920036633,-105.06346886581952,-100.44634715372828,-103.0809862392946,-96.52315737831302,-99.8941213958927,-101.73615763182863,-101.78580983473022,-97.4157351373383
2025-11-02T00:22:00,AP_5_149,5,149,wifi,5745.0,0.0,0.0,-104.36804446979231,-97.64307730244768,-93.88720278385975,-95.57290088702558,-98.204519829032,-95.36485759338348,-95.40240648661108,-99.3186636757068,-97.09042852741914,-92.7533836829152,-96.39730657074863,-97.62452689750086,-100.09953749851414,-94.45398198643971,-92.99187034023483,-91.88100472462409,-97.52060287427827,-98.25684729056911,-95.75648894881343,-98.42333265503402,-99.14917660783222,-94.1417342454476,-101.28842903555332,-102.69340120789563,-101.90641842428371,-99.63173425082037,-95.45443258095307,-94.88741293817709,-97.07250981597949,-96.04255269652481,-97.23672205244385,-98.38268248348058,-97.93750633201567,-96.03091685924393,-89.66814759727824,-98.12709231106459,-92.66823680724568,-95.5829445768834,-94.92924804906914,-99.11987052927428,-97.49575898175678,-94.49900426934245,-92.5564687726718,-100.51384337140861,-100.54968480839949,-98.53317477311094,-90.74537622808033,-96.14603911710005,-100.6040436520496,-95.48691856285345,-95.72691791774307,-98.95672661147997,-93.318876235036,-96.8448703097959,-98.75941598246376,-97.6193570863633,-91.74014904685795,-98.47260776890951,-97.39501342839141,-97.28105666473279,-96.54536733881348,-98.29635569833974,-102.00484137173936,-95.80734591267064,-94.86525811588652
2025-11-02T00:22:10,AP_5_149,5,149,wifi,5745.0,0.0,0.0,-101.25976590384747,-92.02424200102946,-92.43192112611601,-94.90865815257874,-96.5259650407002,-97.7490979177382,-98.03184194498282,-92.6661123041271,-93.52998050000446,-85.88841774006904,-98.42792880776058,-96.924469966018,-96.28517566675258,-92.65395238628741,-91.01851622172698,-95.9526947835179,-99.19777922987852,-95.32895189377699,-94.77346925383448,-95.81294680642884,-89.34232361198772,-99.33971755362349,-93.36991229155556,-97.78539102739464,-93.07088524459057,-95.53654020083594,-91.4272615253252,-97.262700121683,-94.17743919635285,-93.87463408086325,-92.16953054953885,-91.24854207963594,-91.07596611387942,-94.32314336968453,-93.76757631065777,-92.43447229134448,-98.44429091779732,-94.53672016888804,-95.97535059018846,-95.67416693402507,-93.84257230561774,-92.76587806214089,-93.47891304553247,-97.77004586983418,-98.35954766881679,-94.63221974419343,-93.35036225045542,-99.02759282445801,-97.0507351403031,-94.7923032560249,-98.02169039219763,-97.03150578521017,-95.19036717727523,-97.87952788587087,-91.97277505900027,-93.18567626388446,-93.00256973597696,-89.26374442696152,-96.44184344817988,-92.89835268197403,-91.59275447404515,-101.12694167770208,-88.877756744779,-97.44760787677126,-98.10366421931812
2025-11-02T00:22:20,AP_5_149,5,149,wifi,5745.0,0.0,0.0,-105.95419741865234,-99.6868193354174,-97.30126584907934,-97.93499119766935,-94.8972441855494,-94.87377475066624,-92.01019936436067,-102.68810725340087,-98.9710683879886,-98.96225077652859,-99.26543795515455,-99.63464244365174,-100.28752231600329,-97.66724017188142,-101.01420468465207,-94.63590929975771,-101.20474723060374,-97.62917094566019,-97.9344502746452,-99.80076735514092,-98.26323879684819,-102.66911419099684,-96.63896885264302,-102.26734672552374,-95.39614276789253,-95.82771732215518,-98.0023479301191,-102.48471118198088,-101.68392510886059,-100.15287029695735,-99.07873207482972,-98.20893552105241,-100.37428430281108,-103.51504347997681,-101.74205065450614,-101.2206709115453,-99.68583695264796,-100.7362817823926,-98.14702012686134,-95.88405963069124,-98.63777817897434,-99.10860196177767,-102.42756915335234,-95.03136608816705,-100.43834210507958,-103.8096830941945,-93.58223786039406,-104.90972001434194,-98.96988989089502,-100.36537049927492,-89.97263055009984,-98.14095601123701,-98.89579114682022,-101.41577285183712,-97.31485323548226,-95.76648929438365,-94.21391508448981,-94.48432718509265,-100.75419681972407,-95.95336823480825,-98.62141239386624,-95.14041348899067,-98.37675679674823,-103.69234233350048,-104.04487897556837
2025-11-02T00:22:30,AP_5_149,5,149,wifi,5745.0,0.0,0.0,-103.85315579174909,-93.71440135093324,-96.06362328719173,-98.0981069247467,-98.05615918531268,-93.04163239044475,-99.55320493563637,-100.39389222438666,-96.15032356091245,-96.70377757047545,-98.17531689383081,-98.5839248103262,-94.39045326596911,-95.90060141745967,-98.28049380804067,-98.47329528460227,-93.17982344964656,-102.49510717649223,-101.37361970123965,-95.1870627191175,-97.806265648275,-98.97346982724225,-99.72111419285169,-98.40698847548398,-95.56322418256212,-94.79705243835276,-99.56926451802993,-102.13015928789692,-96.10926982199427,-94.14560122412306,-97.75502381300336,-97.29441036554925,-94.6014314183739,-89.61668990965413,-95.1191413143936,-100.18356993622723,-96.34139839958183,-98.99081316965277,-101.11588640753777,-94.27223349667544,-94.45712524716227,-94.74190110673467,-97.21511959639385,-98.48542004983707,-95.27247762309338,-94.09201457640832,-96.37604345853778,-96.17142499152318,-95.04045448137981,-94.50211192737716,-99.64933317185486,-95.66082064203121,-97.7315355843989,-95.88040062738895,-102.53033187650823,-100.47001968810235,-97.56888558550536,-90.602905407831,-93.76241152186974,-97.5630343768194,-100.50767558197332,-99.73384801408166,-98.9143190110136,-93.36712557123509,-94.829000886131
2025-11-02T00:22:40,AP_5_149,5,149,wifi,5745.0,0.0,0.0,-106.11054864964385,-101.94302090825342,-101.11146473280768,-98.71407864306907,-103.06464824670243,-96.00161352803038,-101.20485621791079,-108.68985674928942,-93.96671816153501,-95.85247051643785,-96.4701403185838,-96.70383743620467,-95.90168610744097,-99.71848577078367,-98.2261188182679,-100.31650585383373,-99.87650129357097,-97.4969007969746,-104.21978628360182,-99.5104931214875,-98.38692109780531,-94.07621408455446,-95.6097343131819,-100.77122031421945,-96.41944450974988,-103.56431439630155,-98.91859230335128,-98.37947347882255,-100.79397056445096,-98.34006146251414,-93.30181790081396,-95.82395937714048,-100.83146421065241,-99.92507780240236,-101.86463567427928,-100.03242681470401,-102.39543208373857,-98.54632855151804,-96.01540096219767,-101.69394741782034,-102.77648528814267,-99.2853351416094,-92.76145253697435,-100.97206711088246,-102.89023153832923,-96.5371717770345,-98.20758784471599,-98.90293799372415,-100.20944846879587,-100.87173082557884,-98.50388154011607,-95.66066433522099,-100.82300338480405,-101.60256322530562,-95.64213553439797,-96.64018576248009,-95.52383767311147,-100.46860017675971,-101.13037376346134,-93.08591770251194,-99.08950739346339,-98.39012674459438,-99.0178931689695,-102.97382961552978,-104.18443315884093
2025-11-02T00:22:50,AP_5_149,5,149,wifi,5745.0,0.0,0.0,-103.4331735436801,-99.77006670371007,-90.80851797006565,-99.26777511970438,-98.0601933475165,-96.34457434963944,-93.75948574199894,-99.61663400849847,-90.98579260093874,-97.74268809281556,-96.24277923740381,-94.77244716510847,-101.49956028238911,-100.50468730993401,-99.44668592253376,-95.60924464085421,-93.2424016915628,-95.53812385937178,-93.02703524101403,-97.6972777758058,-94.5423029215769,-97.21149660315886,-97.30883558381686,-99.11230964702527,-95.87358200632963,-101.10730643275048,-97.17885564094206,-100.11828912619293,-96.08949287590764,-93.8603915477741,-92.92627248106527,-93.43349016195471,-92.84686108816999,-95.38688745578897,-93.23697229651249,-94.02708120524204,-102.86177341639934,-95.3374297446139,-94.2035032643568,-98.35321612159763,-94.80309083588033,-102.14355130508567,-92.78078407668251,-97.39719638678767,-95.32727372084436,-98.13251264564556,-99.27539851214927,-97.49572454062962,-94.83689767442687,-102.85300072878407,-98.64769383320119,-97.6855261170027,-99.12181818671063,-98.27676883104819,-89.70727235928737,-94.40636726203846,-96.09359491340894,-97.84747413636373,-102.60928877001759,-95.1055143470904,-98.88960612629012,-95.49697883079583,-96.39197248069526,-95.59970345989481,-95.36100029263095
2025-11-02T00:23:00,AP_5_149,5,149,wifi,5745.0,0.0,0.0,-105.96809407053689,-93.9876697151484,-101.53653974114665,-99.54621301080033,-95.89060352521464,-97.54961350902371,-101.72983459127228,-97.72166511442225,-99.85026894328114,-99.10638072022988,-97.41672368334298,-103.09590831257177,-99.6529431803032,-97.13982839809762,-99.1599520816878,-101.16226451011306,-105.29782343984218,-99.22058564221196,-96.70463761034351,-98.93501907740944,-104.00499364904702,-98.94797155313573,-94.6615751878288,-96.64640521313734,-98.2092870533325,-96.25883327830704,-101.61477892699291,-101.09824719317253,-93.99043351308677,-95.71905598807906,-93.83589404260441,-99.11582177455644,-102.82956856542928,-101.6956323037213,-104.06658901509925,-105.8269454099633,-97.22647962039176,-99.66662755628323,-101.1280574489246,-102.4544362460914,-95.5363975161698,-99.53971285722918,-99.54429165068576,-91.59217532491476,-97.41705474593137,-104.92850800059934,-100.77845198849757,-100.6150492246008,-100.59362099874534,-95.3120651858231,-95.66177126749903,-100.61943922943351,-100.00630705145369,-98.01597976327517,-96.0469273617587,-99.1876490688653,-94.40875470882057,-96.18595107007788,-98.98492401812146,-96.79851390495924,-99.09566950685017,-95.76413444915003,-97.32222904280599,-100.62959117917708,-93.74321856054641
2025-11-02T00:23:10,AP_5_149,5,149,wifi,5745.0,0.0,0.0,-104.78930485584615,-95.83805188317892,-102.08072195147768,-98.43916348411594,-96.72024017899102,-97.80174860823581,-101.61353247979636,-96.67496089920986,-100.82565566024725,-96.2309644516014,-94.14353781192746,-95.78067479098581,-95.81771016641493,-98.44724147534619,-97.87266451352151,-96.79421033694412,-99.95296825439874,-100.39656073458795,-95.22176586682706,-95.80397596843707,-100.92280942158963,-94.8040900891122,-98.09942061145131,-97.7651923030405,-91.84088241631623,-98.38087674958611,-99.9272990540295,-96.8513069235327,-93.58251738596384,-98.65589611153433,-100.066055194491,-100.52631094892597,-95.12352967295406,-98.80966176673665,-97.80549117281795,-100.34515948667175,-95.40059774807928,-96.58643522965714,-96.79624379046953,-94.31537676056013,-98.15635070441785,-96.60158087858854,-99.88124638818047,-89.24186464973317,-98.89723693441051,-101.55784411988054,-94.83939382076603,-98.64932309834967,-94.18835589979665,-98.61196270980862,-104.14511613420179,-96.67382898830826,-99.16048767811624,-95.73212875045404,-99.44753804867747,-103.74188363308886,-97.81889370984922,-97.49224860422997,-102.74744955514379,-100.73906957538016,-93.9636614880964,-97.51004959046803,-105.62661892240769,-98.90817202722725,-102.73099571579446
2025-11-02T00:23:20,AP_5_149,5,149,wifi,5745.0,0.0,0.0,-106.35232653935769,-98.38811000381838,-97.6019703028222,-94.80513601454486,-100.36073077136743,-101.13842601438347,-98.82084170537046,-97.5096673413045,-98.2680758113107,-98.55564438041003,-101.30166434839639,-104.76340447499521,-99.60153258774284,-98.04631750981162,-98.70111914290833,-100.34469052984308,-96.00298733950767,-97.63781082529346,-103.24619755392851,-93.73421724942004,-96.82493604118301,-101.2198285181928,-94.80872019640695,-100.6012650331662,-97.94654843174955,-104.31278674805705,-100.57349914419467,-93.75297553906861,-101.53988737972709,-95.20295404303516,-98.38443380833893,-98.81750672284164,-98.20077009383525,-96.80814940910072,-100.75222521559634,-102.21161409442387,-98.79190117510916,-95.5931423704254,-102.70663688349637,-100.97739943986943,-100.50104621792184,-104.15547907283944,-99.76666043312677,-99.88315769495527,-101.97643539256055,-94.66299931022377,-99.04610263876047,-97.2160337199395,-93.55165272519244,-103.55039053626088,-94.40774745687155,-101.23815314773695,-100.01359987622521,-94.02521325399704,-95.19768388584542,-101.80673231904214,-102.32966168675004,-101.36339962316875,-103.35335507997833,-95.27549278832362,-103.52676960181307,-96.56091274326711,-96.76140803415063,-99.51140745731742,-94.50482125648928
2025-11-02T00:23:30,AP_5_149,5,149,wifi,5745.0,0.0,0.0,-107.14225628168137,-97.34480752359939,-98.18078512922011,-104.55887562577851,-98.9800604410473,-104.77313888981132,-96.7773077811651,-102.4007690185167,-104.09634364563446,-102.20607758897239,-98.60437644776363,-97.06364417479608,-103.07323097562968,-104.42484025069662,-101.36540224852268,-98.66281042230932,-101.44715922884951,-102.49930478295406,-104.71091969633841,-96.6810491323988,-95.75714596088817,-101.22788539142864,-101.31344013649297,-92.01175729988798,-99.6842409169511,-103.25975259531216,-101.19774305814018,-100.28864949509864,-101.53091318599489,-102.93997108304453,-99.99682191308987,-101.71678167705758,-91.60060794696955,-100.8591854566877,-97.84982147882646,-105.14584697064555,-98.6226203415945,-98.28891918186164,-102.30643046253176,-103.35644760187769,-104.43991240600114,-102.25625984757133,-106.68102430002384,-99.61142085590049,-95.982380355461,-102.43116950518794,-94.86133739361253,-95.99660174216076,-96.2455562323347,-100.74092224067162,-100.63738084041451,-101.69046975251534,-96.55049856463745,-100.08679437822975,-95.31177317783806,-100.60156653246179,-101.33644867668957,-101.32440007323872,-95.6964857468089,-96.03929580505654,-96.21810265873951,-102.26060006877232,-98.87297085124251,-94.68429838090348,-96.18882171400747
2025-11-02T00:23:40,AP_5_149,5,149,wifi,5745.0,0.0,0.0,-104.96959318770172,-99.75342418598777,-96.32977484141273,-94.65495010269287,-93.38536688885777,-98.75100640279278,-100.28468071272837,-101.88762174552245,-101.72573511451264,-95.98269295950116,-99.14688922764648,-100.34253795595936,-100.13436876024228,-98.72841235231975,-99.28350591426614,-98.86858354434221,-96.2444347394653,-100.57733718049664,-98.85926992265128,-102.68812505323598,-93.6964143046681,-99.55342681907823,-98.99300566104571,-95.10361555901862,-99.02094470604221,-96.28350581985717,-98.35177525765347,-97.30817302804934,-98.8504234472464,-93.72279129525612,-93.43541608552775,-95.53628182514743,-94.60414830851406,-96.76173070716602,-96.75466857369402,-95.91933594071476,-104.76215183763952,-92.74894333056022,-97.95726616015948,-98.80356808209471,-101.79760351119788,-99.15800236537336,-100.26667538693599,-97.15915048781685,-95.05480008236253,-97.81180470065358,-98.89330331298586,-95.42943064166836,-99.51140181156377,-99.74309749647048,-98.19684207635234,-100.52934032154008,-101.21913499402561,-100.67220220115931,-102.17709139526245,-96.27928607969493,-97.84588465222707,-94.97296803279254,-97.10879747299707,-102.32903212232642,-99.29892681199965,-99.96505526238217,-97.25348936091098,-99.67384138728606,-98.17523020598793
2025-11-02T00:23:50,AP_5_149,5,149,wifi,5745.0,0.0,0.0,-102.9348282051034,-97.18753112692379,-90.96479423702061,-96.62008412505915,-92.82413276399345,-96.84719033349259,-94.15700687652999,-96.89011377136664,-90.03514569084622,-95.66179682673625,-94.30934559106247,-94.16898141408166,-95.6610188525175,-97.69861586410126,-95.27441975214157,-95.87265134799246,-94.93428457473767,-96.56596534764672,-95.57111379999154,-97.14621325892442,-94.15429283321329,-96.00094951910675,-93.00809217039327,-99.95778771254803,-94.79745370957659,-97.62946625388251,-97.35417227500221,-101.54417081067483,-97.73603050560166,-100.61720556753158,-91.97445832282705,-91.93846750397446,-98.3203154276837,-97.47145114268801,-96.18731327275665,-98.67508858849297,-92.54488654154603,-98.09085438919112,-93.3815100102856,-99.6683391921985,-95.77724959482948,-95.6813004969878,-95.96267285420036,-97.46869318009874,-92.84781810997168,-96.43864770247234,-95.90104876053107,-98.00504678584532,-98.40528811944138,-96.88063276009481,-95.5760066486209,-91.75663793495085,-96.97422503576921,-95.1289766047014,-97.40682535879425,-95.09825462570825,-94.88535011945139,-95.67398087997157,-94.34903732965073,-100.79579530860556,-99.40597021414773,-93.5011514899884,-93.84445550387738,-90.74983529572118,-97.77830840995041
2025-11-02T00:24:00,AP_5_149,5,149,wifi,5745.0,0.0,0.0,-103.58428564455626,-93.9884158438393,-93.23152693037305,-94.92607584400614,-100.28802368723616,-105.64569203722652,-100.50989861133438,-97.30589603878576,-96.03953104394654,-92.81129352761859,-96.04814529732484,-95.55645318463785,-92.47974903555038,-91.1968509428514,-99.64967936829284,-97.38618692370382,-96.97345621217804,-99.70011526036696,-97.85791290542919,-98.07596404678993,-95.75126372083785,-94.07080437200236,-95.07238880497243,-99.65774871553124,-98.08355577820137,-96.30991702126121,-93.76224100162035,-94.19711081185132,-91.59335829487743,-97.41321533700561,-94.43786864839767,-90.78568439766917,-98.39251449866907,-99.67156030166362,-94.56518404228066,-96.20617762252947,-92.80066618713713,-92.96296712922046,-95.25144056133603,-95.34535948361003,-99.05507753681722,-97.71872693448327,-91.30869291333903,-98.79592858401338,-93.880870798161,-97.4822340156933,-98.0048958018611,-99.58941368757307,-97.97667707705068,-97.21751679521185,-94.18354539328392,-98.62436650156968,-96.3444707847367,-95.55731125519813,-97.98989080278518,-99.7358865034472,-96.47676192794749,-92.50164550514661,-92.07462638788877,-94.5102494384626,-97.08955425869986,-94.65702205070782,-100.47990519111947,-98.04697898068926,-94.26351138538311
2025-11-02T00:24:10,AP_5_149,5,149,wifi,5745.0,0.0,0.0,-102.30741026139223,-94.38726473227597,-93.54592486493831,-92.14864136072694,-92.52156676419057,-97.27980412047775,-94.7595439499945,-98.2616839534184,-98.87167491465432,-96.39327238645039,-92.99886866806233,-96.67246778603811,-95.39205556739704,-93.21295109500917,-98.46141313275567,-99.0955333743263,-96.77483618771764,-99.32854166290726,-98.3651851312817,-87.59007570568865,-98.72380926463711,-94.91848334646065,-93.48817899479344,-95.09747884173603,-96.1944924285037,-96.966696662549,-99.38267561520891,-96.20981728036705,-97.88628174920883,-97.60548667571639,-100.52120299178978,-90.47507602503174,-99.29054599387086,-91.14914780221446,-94.43103249992748,-94.33115255151677,-96.84415777417678,-96.0994585422294,-96.29199135538978,-98.69558296469638,-93.95576559819486,-95.80116675063948,-95.8410610901632,-93.59519721426018,-95.98825515700308,-88.59373805062937,-95.25347585233618,-91.7729696184792,-99.11742579928938,-95.36674375923243,-94.77324253250488,-96.66333285506191,-95.24859164523038,-93.98199051407742,-96.4036814772056,-92.60901707403116,-92.68007146999803,-99.28291219603275,-97.20414757624368,-91.32613622629505,-92.32687331197974,-94.21497503183767,-93.70553560166664,-91.13595693402422,-93.30864372440911
2025-11-02T00:24:20,AP_5_149,5,149,wifi,5745.0,0.0,0.0,-104.35108548250098,-94.73690159337197,-97.95712742436253,-97.53742993479987,-101.94371748590397,-93.51719943335553,-94.96901980895568,-98.6078547909907,-99.66690173994769,-100.2246678348464,-95.29056327559104,-101.60279385809521,-95.43988223590696,-98.28420294748618,-92.7935668609527,-98.73867407792876,-96.27108415996305,-95.36898508498125,-92.43013566660903,-94.8780320396416,-99.77440574546496,-102.70291435730648,-98.22468220649802,-100.38036649462056,-96.41543304518304,-96.06454724583342,-97.70941748053316,-96.40008820834487,-93.78218718784191,-94.70502217727439,-96.91192508487116,-95.79892359831359,-96.4120385903425,-93.91123932003039,-99.69164282988135,-100.61239993038018,-95.05233105043875,-98.19841270958443,-98.8373621352522,-98.58425297519334,-94.23899649193793,-98.86605389477346,-97.27544795721299,-100.00372420192596,-99.70693368778667,-92.78626825525446,-92.63672528692256,-97.29199944526783,-101.31783925051677,-100.20036876687999,-96.23128238522933,-97.53409517718562,-99.15568134619026,-92.92738984112725,-98.72376225137941,-97.18642704711766,-102.36416887994298,-96.217842831312,-98.64469515830021,-95.64421055919007,-101.20548550900256,-95.88192698286744,-89.14059970740382,-95.98569802157039,-95.74894749174616
2025-11-02T00:24:30,AP_5_149,5,149,wifi,5745.0,0.0,0.0,-106.28785794195882,-101.99878068103757,-96.19470901960214,-102.554784470841,-104.04686770144428,-96.53312748659214,-92.04839834335259,-98.73777786566663,-101.94126003701248,-94.48074267313707,-101.77148382492916,-102.61260347208471,-100.1453870896925,-101.29325581342094,-99.01985979656175,-94.22332556607975,-98.00147356979606,-98.27218532278364,-100.23013986371163,-102.00147550453062,-100.49191443529412,-94.60936165132391,-103.9470661624185,-101.90355449193375,-96.00877774803351,-99.3664258328568,-99.28730099308319,-101.42096754053107,-100.46358489968986,-98.47608690518594,-99.09501400618736,-95.62093313817799,-103.37056270266115,-97.17316045880575,-101.66643737326736,-100.2351602497391,-92.80966399555788,-102.69090978665932,-97.84597887616287,-96.1690847956593,-100.962410334117,-97.30628552225585,-105.37763098447915,-98.74363734346576,-97.78591948229113,-102.22703921732283,-99.2431868459985,-98.20529118356829,-97.67459849201998,-104.14067428855967,-101.91379641002342,-104.26076637175937,-94.43861177470833,-93.93726372731763,-95.33000878218044,-99.34639645519292,-103.440893066179,-97.42252970857005,-99.66463449897552,-101.4634088373922,-100.63620727151253,-99.05447524286092,-100.88488283400137,-99.44854041125966,-101.53146518222088
2025-11-02T00:24:40,AP_5_149,5,149,wifi,5745.0,0.0,0.0,-104.76121903941244,-99.4046144541449,-99.8249977621095,-94.87793688437709,-92.44003263589994,-94.58589506935121,-98.39788983402212,-97.40510792494642,-96.93320261823173,-95.78245910168259,-96.2245892640546,-91.34509132887094,-96.1989082137611,-104.00091343753357,-96.55539983765775,-100.18914018695092,-92.81489371236874,-95.17739958668817,-93.5611087561402,-98.79903636296943,-94.54018084705552,-93.25081042970365,-99.16186697447051,-93.610507046074,-95.99396988247847,-95.6527616334759,-95.89442982888882,-98.29803387148955,-97.21953649262093,-95.24492298124717,-98.38211109582151,-93.56600557741936,-94.74611913191444,-92.85360215146446,-98.00366533807424,-99.24949217312007,-98.29393611719857,-99.30021658520458,-97.38603672990153,-99.84823934848644,-95.4999754757395,-94.76179110645944,-105.08072833588015,-96.062954396826,-101.37941020589244,-99.32539774807114,-98.52553818018616,-102.06332343434799,-100.25309517535042,-94.79816984736638,-100.85274912983243,-96.44944440957926,-98.00054319853295,-96.2947468152055,-99.534785189965,-98.53865706740307,-94.83661097124924,-100.87401110365711,-95.3730106456141,-100.28336649261365,-99.18238802217039,-99.1397384156913,-99.50705004632711,-100.04204800078365,-100.88551035232776
2025-11-02T00:24:50,AP_5_149,5,149,wifi,5745.0,0.0,0.0,-105.68775362082971,-102.7388875644597,-98.39622755794686,-99.81007065430306,-98.52206613683775,-95.9768246709778,-93.06201061665784,-103.21419705998414,-99.35272355200371,-97.24977073770654,-100.41533495685702,-98.795635369727,-101.2945005911571,-100.9591161555243,-94.74658123015827,-93.63408114385214,-98.93347653972097,-102.33798074028681,-96.98792207749155,-99.34330487926427,-95.15022584902412,-100.28962527321042,-100.58962176136842,-97.07205686005364,-93.66790144460131,-101.30337064071799,-100.34519030486123,-98.2448077841955,-103.91604505026889,-99.40918484942036,-94.0933479874855,-104.81227578562175,-107.25555321223746,-99.13090723559299,-94.02679721249116,-98.50855706755975,-102.11823865050592,-100.48494317356806,-104.4239742501422,-98.8705042990819,-101.77436513757836,-97.20812898313538,-101.39134182287833,-105.22490416029197,-98.53994207526279,-95.9190804697425,-97.80275593355145,-98.18914476461377,-96.63131260334194,-96.97505632835521,-98.22701102995636,-95.52646000963361,-98.70487925000901,-98.4519763642654,-103.40996591206607,-89.31263054697948,-102.93111817642799,-95.23888632802051,-99.46821045744446,-99.93381709299308,-99.50352526509856,-99.34582787696998,-95.04518406141038,-101.27415014553482,-101.45342546324471
2025-11-02T00:25:00,AP_5_149,5,149,wifi,5745.0,0.0,0.0,-106.72421126661085,-92.7005275798774,-102.35829216981678,-101.39227535263083,-99.26210276676076,-103.03074064317246,-101.87883224462436,-96.15292366147132,-96.07475485043044,-99.98937011572475,-97.92130452146989,-100.16555271601483,-96.11473855844208,-99.61252683298468,-99.59098362126677,-102.96971269494938,-97.47314523119157,-102.10193629021099,-98.52667834194962,-98.63276513795354,-100.77708674231013,-98.9713325066574,-102.0049652800091,-105.14075734835203,-101.31113249814234,-101.60543535103282,-100.68293180166607,-104.38025879898808,-97.90776609595886,-98.9810496215638,-103.1854905247301,-103.13978217870715,-96.29429377966586,-95.03141399316483,-99.14155305976057,-95.95956006881028,-107.81022196204019,-100.74937034023137,-98.55891922484483,-97.2581153226838,-101.34890968932763,-99.55205341176217,-98.47528354899163,-102.80940465549358,-100.67490352057852,-102.19024203759537,-98.57583803455208,-95.49562450919638,-101.08707049938258,-98.27431616359677,-102.45130231758066,-95.04189355461293,-100.55104849339774,-104.70870051194504,-98.5107975213311,-99.12186011303481,-98.25313620018301,-101.16749155793025,-94.39055711038635,-101.7499094260826,-96.03179955666005,-100.33434596755485,-100.87603528071243,-97.11698401076356,-97.4488355940649
2025-11-02T00:25:10,AP_5_149,5,149,wifi,5745.0,0.0,0.0,-105.80574537047637,-97.5324410514881,-100.78481042559712,-98.96808763397696,-95.3503387166355,-98.89033383920432,-101.07811362471767,-103.28934388813279,-99.60159771509888,-99.86842103460704,-97.68774076304456,-98.39357368809856,-93.76737227806667,-95.64714194053636,-100.22521272095116,-95.78972960682519,-101.44237407925216,-96.67236270620755,-104.58876700692407,-98.22402147106185,-95.71382530346638,-100.09179821693563,-94.16514602125113,-97.03582014369962,-100.35593590205944,-100.64648076119848,-98.6198548380315,-96.37496870819501,-93.88658123464303,-100.93398868097519,-101.34080471918341,-103.98538301715159,-100.13902112337908,-107.67261691156334,-94.80359612374392,-101.99144918037626,-93.97026921408249,-99.77431705254915,-98.9455465068206,-99.30725091389276,-98.19145020254716,-99.31637125930708,-94.97735392023704,-98.70420156761892,-97.70055932414448,-96.61680667621732,-103.47725183289809,-96.24706068319824,-96.4381463808609,-100.62479388006084,-100.2513567713237,-98.54636863691533,-98.86929655930638,-96.79379335826422,-95.95709573357973,-98.88181459769312,-94.35173379214777,-96.70951702316695,-100.28330664523439,-96.49363073935689,-97.29009358151677,-98.61774169041914,-102.9404324520652,-97.55882832472379,-98.24958277383412
2025-11-02T00:25:20,AP_5_149,5,149,wifi,5745.0,0.0,0.0,-104.002146433094,-99.2688929698364,-98.0355324689015,-96.25530175925881,-93.12777533074147,-96.90809273815127,-96.12645755214116,-95.24809917032098,-92.01289361192777,-98.22835898812117,-96.43520785594244,-97.09415108626851,-101.19324063409651,-98.46800900251542,-95.77410392452502,-98.88855902440619,-96.64492798881132,-92.09440967278206,-95.5628435454499,-99.27811360279524,-98.72602724396343,-96.97389193395844,-93.71890909324729,-99.31820583934191,-98.37508862745237,-94.80848949621958,-96.80434178404386,-99.96530000820847,-100.81921830692879,-95.0778264564166,-98.06801569409654,-99.30322909610454,-99.03054888856397,-100.14269751861846,-106.37127664912487,-91.52129478596878,-92.75578460815703,-96.54941144214487,-98.78362702132831,-101.83990657016503,-97.11517336081347,-97.22915730525635,-95.555628408907,-87.9254224336939,-94.36607083480015,-98.90656146131764,-99.71716362985259,-94.16425064270791,-97.4047955452143,-89.94871967315238,-95.50530778213366,-92.61401466307355,-99.20888496073275,-96.86754045377381,-98.66205591003322,-93.88129856588415,-96.08484864723464,-95.13997671097185,-98.05218538647546,-101.8710993624277,-99.66922858965344,-95.13386110581868,-91.98317310835141,-98.8347066193811,-94.8132628808764
2025-11-02T00:25:30,AP_5_149,5,149,wifi,5745.0,0.0,0.0,-103.62561205911919,-97.68094904410862,-94.63655762643491,-104.1109747826488,-98.73744995991774,-98.22871377242029,-101.37775330988603,-94.5629102326154,-100.78178543490395,-95.83736556590796,-99.68004128996658,-92.96553661875558,-93.35366115371914,-93.94249550255209,-97.73104997273863,-94.90935759614138,-97.46951754699539,-94.65156078805995,-95.61527572068795,-98.84832385350154,-99.31720733519971,-96.81478693165676,-94.48196681394596,-92.41460948733548,-95.53628969214964,-95.79812619624894,-97.29522989094556,-94.60778172917148,-92.82185431230927,-97.52408693943524,-98.62610198846531,-102.99354347537368,-94.4153352077456,-96.36079456646712,-95.52031537391147,-97.73468363737646,-91.94074666612563,-99.29329578936556,-96.87705403543846,-91.51937105664065,-98.47765061040653,-98.5052064590641,-94.00230723323781,-92.81480087659092,-90.283620783828,-95.25496053395428,-95.52010349314543,-95.45917377784303,-98.94797399933164,-98.6103393553062,-92.49676840044935,-87.43188993584347,-96.53308485502134,-95.3390247505863,-98.55218832866639,-96.6864393578596,-98.20475290111192,-95.53658381741778,-97.31742978277094,-98.65227081683763,-93.45284122822348,-93.07983240360093,-103.71569269266584,-97.27577030909671,-98.05402979769171
2025-11-02T00:25:40,AP_5_149,5,149,wifi,5745.0,0.0,0.0,-103.96603794252006,-94.73869902332407,-96.12563771561882,-96.41650604471954,-102.33753284228185,-96.61758282102984,-97.45950134183289,-97.92994921319757,-99.44433901888026,-99.76595337550164,-100.77777295457645,-98.41767901430607,-93.46517362531439,-91.5984758024173,-100.79534332792885,-95.89704583514015,-92.16955743498298,-97.45860838123714,-96.73612640918171,-100.16020322497262,-98.11614001499444,-97.15526989695691,-97.15289356257205,-94.84892139633845,-95.51666600316766,-97.56865479549242,-93.44289427958861,-94.300294628594,-99.30680640258215,-95.25574684387287,-102.17994923025125,-99.79625789784333,-99.4230183226459,-97.57425310551604,-99.08583322262123,-93.48120744216773,-94.82912588007785,-93.43702478031364,-97.06940934740598,-96.43239170183648,-97.79389651097561,-95.3352379585264,-99.74438992801893,-98.99144667553837,-95.40333331881176,-97.85850192377941,-90.87029586004856,-100.8444299584713,-98.74378387680711,-99.74645649374135,-98.94856276057834,-97.50597291907235,-93.22901698824955,-96.2468653400248,-104.67911569367138,-99.83748696953552,-98.21782170655197,-98.43588288793605,-97.13900452632669,-96.33554188264846,-96.86930847152269,-98.16413037563495,-97.75316241482867,-98.5365886276724,-93.25191114662188
2025-11-02T00:25:50,AP_5_149,5,149,wifi,5745.0,0.0,0.0,-104.40178835713986,-95.73208706758757,-99.41442325159491,-99.81477097662419,-96.74679425533907,-106.9249884715378,-97.71836633357782,-95.41621591022776,-96.57973491671588,-100.30261741937912,-95.78504611080612,-96.262433640099,-102.18135346871544,-94.98518775545485,-96.7249598260483,-98.81130729944046,-97.6773841015485,-96.55498621242783,-101.02853029601901,-97.83897001935281,-98.19461168207273,-98.91400486672059,-100.36477119542253,-97.22525400714841,-98.68599012879376,-102.981680743076,-97.9045457106815,-99.0798873729776,-99.11220042317143,-92.57121210602682,-99.44677281135759,-101.33877063425733,-93.47122779167682,-97.11359582248782,-100.72253792583356,-92.63470801598864,-97.98427248278006,-97.37040963475522,-102.31760400484981,-95.12542682462369,-97.6207952856384,-97.10587922676726,-102.49230972168462,-98.12302622041892,-100.85997387951525,-97.70825014572557,-92.30131687407992,-90.51558415678906,-96.79656926973104,-96.82637893519538,-95.32371375267925,-105.44794336302567,-99.30623053559381,-100.96042457512054,-96.51152495931046,-95.78338800250938,-101.17232683037378,-98.62319717058757,-95.5941338997239,-98.5650801075177,-97.53049932840106,-94.31402003493321,-95.82633340791132,-99.43491067999588,-94.1113682893596
2025-11-02T00:26:00,AP_5_149,5,149,wifi,5745.0,0.0,0.0,-103.64123684825157,-91.0889357550042,-90.28498862368367,-92.25713635657436,-97.12977635795426,-97.25498299902789,-92.26533403900504,-101.51830164550871,-96.85167957985125,-95.66901428829622,-94.70318117441565,-94.52534835028226,-95.02006859465004,-94.21381650953099,-98.03764826890762,-94.36208423264154,-98.27938068376827,-101.36544588380326,-98.63175437987417,-102.00887003463197,-92.99710447553134,-95.68086267473726,-93.4765156994965,-96.03633521814062,-94.70665900683346,-96.63509976136324,-95.28613091422373,-100.04686078630759,-96.63036372760219,-97.612411350453,-93.02203475040986,-95.74060889982516,-97.33671367473629,-91.05047263640049,-95.23567009499901,-96.5536820004024,-92.62726671593256,-102.00589939148551,-98.50646197807738,-96.19059846809597,-99.513549590275,-95.67332433910902,-93.56655085808751,-98.13455621591078,-100.44246711120718,-94.17708987113464,-98.51916852848642,-99.92472544515456,-96.50833672618181,-103.55668619452707,-97.17255962762536,-96.9485101065487,-95.21204022734604,-90.04157841278335,-99.67479552447836,-95.38486939968791,-98.31067660807032,-95.39837812163094,-95.0839564617553,-92.56947355486702,-100.38158632584022,-95.96778533315131,-101.16572438965652,-97.53049422939424,-99.90161579309921
2025-11-02T00:26:10,AP_5_149,5,149,wifi,5745.0,0.0,0.0,-104.42607632426106,-87.92552340607772,-96.51476617187886,-98.84604840692201,-97.10340497329639,-98.50997993769448,-97.42868221463995,-95.76346185988575,-94.64055224733255,-94.50805434817892,-93.20587514806671,-98.22571619743147,-97.9696544011238,-93.99436427561983,-99.4541109267266,-97.0049078529754,-93.45540327632814,-98.48240803253279,-98.84006887579336,-102.88345756046158,-96.11653097129977,-94.83799365406271,-97.0920639543199,-95.13306750236656,-94.95261012615961,-96.05038188899383,-101.09344531097794,-101.89722069741944,-101.78962791185639,-96.25256316119459,-101.37133737533851,-102.28381359434036,-98.2244381176859,-97.44767650094082,-98.13666030424169,-98.6979262338973,-95.78168782985843,-97.78699953214667,-98.78821801220532,-97.91508143796574,-99.12337374255003,-96.4940345475799,-97.65776588080271,-100.57705810544839,-96.65969399822548,-92.83995214216077,-99.4477581842701,-93.26807583854854,-95.74820581606862,-97.8966981890621,-95.89387906665684,-96.59490124481688,-98.53874947217552,-97.76995282693173,-99.41937754847133,-98.4551814504339,-92.62515395539698,-95.35271410448415,-96.32567597966963,-96.38441356856795,-96.66293093827746,-98.50863388568088,-89.39976996047525,-97.766414143174,-100.54074032518731
2025-11-02T00:26:20,AP_5_149,5,149,wifi,5745.0,0.0,0.0,-104.7350546213256,-99.01166334789524,-97.70803798060608,-99.67839507467535,-99.21012611068072,-95.53663691741018,-98.48341597943406,-97.26823691255856,-97.20214755171921,-95.93488762269627,-98.01215564090319,-98.76756344769692,-97.84818252997964,-92.45712478010807,-98.45927404534199,-94.62929015478464,-99.96728113247954,-98.8971474148102,-93.46544417826985,-99.72144328349964,-95.63175367266636,-98.33330232992472,-96.61895368007946,-93.27567041604937,-101.38349929588782,-96.47802076729857,-96.79007210117948,-95.34583291254438,-94.84517413814584,-93.04175809358854,-97.35852202315006,-98.75597862948953,-96.8866554626969,-94.96649643867656,-99.59261209326888,-101.94577632476755,-101.91279106038483,-97.85580877925129,-101.29665475457722,-91.99448101833588,-102.38644963416598,-100.61494520575513,-95.99415857186631,-96.17003169354882,-92.06275381023221,-93.00849933813008,-98.66986683759723,-94.69525846655311,-103.86650587839642,-95.66365115360625,-97.54325137071348,-94.6960540546226,-98.028320685595,-97.65826752565674,-97.61576068071756,-101.8692731449234,-99.49398015273188,-91.58325796733376,-97.8428909082941,-100.19082142167491,-104.1993248394924,-95.45855353077674,-94.71834585307481,-95.88962693620935,-96.31924682784212
2025-11-02T00:26:30,AP_5_149,5,149,wifi,5745.0,0.0,0.0,-106.89005905375433,-102.82778390440025,-100.3080313859657,-101.87634055702364,-98.68282548039214,-99.80988543461154,-98.87617221339424,-100.45819224186023,-100.24822714870503,-99.914072782812,-99.19111129157483,-102.85427154918868,-104.6501355087741,-97.76874454348567,-100.00095765761307,-98.71479422314503,-99.16308159214279,-103.11196378501239,-99.56689341744816,-101.06783201034834,-100.41276828383515,-99.02671834635213,-103.402997421051,-99.08728130608067,-95.56461441653694,-103.6399163187159,-97.44433392455892,-104.70117909236293,-97.97324715025407,-98.81410034007982,-100.20960192454864,-100.78244924340024,-101.17045423127561,-102.6268138442784,-95.60480491483042,-100.41852502626648,-96.5706384820958,-97.19815207083904,-99.67479012915277,-100.51016893378703,-97.48031651037196,-98.5981572877687,-100.41611211598054,-98.34331955541425,-97.89614329057804,-94.23943606967991,-101.92946266151759,-103.92225772602723,-97.71495749180315,-99.63987183348648,-96.27888722049877,-102.60324607061953,-100.24741702672453,-101.74471581720718,-95.9532724347137,-98.34081517894283,-100.8330151036209,-98.08441571729972,-98.3377592530113,-94.75283666529756,-99.21848391139616,-101.30158296697942,-100.87085017977492,-103.4300810922142,-102.09039488030452
2025-11-02T00:26:40,AP_5_149,5,149,wifi,5745.0,0.0,0.0,-104.69504563105336,-97.91416285294787,-100.110740000598,-99.36518233648003,-100.49897041656914,-94.07058885002078,-99.22075251241806,-94.1338540458337,-94.24769874033912,-96.68252315708204,-96.03495348793562,-98.57099688988271,-101.6218033238749,-100.95554088542757,-97.46276915097259,-98.9935547536085,-95.42772729053122,-100.38107058857929,-96.79220240180697,-91.92409276692253,-98.85708200467573,-99.52081919355008,-103.73376313790301,-98.59931302041012,-102.22254119181645,-101.18385048169988,-96.33333591104568,-98.45534097161278,-93.34079795181772,-98.22867792125786,-101.4641137663897,-97.66917113278852,-98.13579999991363,-96.15507792713107,-101.10385910752558,-98.14045718561381,-97.44000515476567,-98.56938183240788,-98.20798977362367,-98.87077490876719,-100.74714710538848,-94.07133461323265,-94.16807637271725,-95.54658050672478,-99.11151565862517,-97.20615100521752,-95.89574364762656,-91.35232579273911,-96.69730753387952,-94.17185629053698,-97.29435551853317,-101.13561442921552,-102.03697827310067,-97.69536006331428,-96.90806502008934,-92.85412564252145,-94.65326775688602,-94.23149551725251,-101.77092635971708,-96.55786426223877,-99.90661789252542,-97.62619489045152,-97.97844455856863,-98.03291474974579,-94.04661617467073
2025-11-02T00:26:50,AP_5_149,5,149,wifi,5745.0,0.0,0.0,-103.67985422303155,-100.38377515415942,-94.6536493021125,-100.08733344823266,-94.5788462560232,-98.90939632434949,-98.2692129767345,-101.84086369232536,-96.74532064442315,-96.05951177165872,-97.23221307825527,-99.62727501807635,-93.02913371752359,-98.54831881038808,-97.19134302910275,-96.4301860160756,-100.68661613668517,-97.12883473655185,-96.16367678732587,-99.78826549577441,-104.14420359098155,-95.49103069010341,-100.4042046149264,-90.27462816762487,-100.3418104805055,-100.37042334371274,-96.58985359523966,-97.65885222443963,-95.46333036387786,-92.92610580283137,-98.95091329881737,-98.47903678128131,-99.24276196761899,-100.74255246615229,-98.13787616530395,-92.67750620385249,-94.45105246365463,-100.05012468120815,-99.7462389293119,-98.777211206244,-97.34268397432585,-96.34344011637836,-91.4454354216516,-97.12834505160362,-93.39980546024375,-100.82676990668013,-97.44671682973967,-91.05626910517442,-94.8386538344366,-95.42981573182763,-94.89760120356856,-95.69928071213977,-96.8120833206853,-94.69523054658087,-93.51548407120696,-98.40268437874236,-92.21345598326263,-97.78666242375549,-95.03855287031973,-96.6688309925006,-99.49126071367813,-95.13442777430713,-92.09537289141063,-96.9039432019705,-95.57015723919775
2025-11-02T00:27:00,AP_5_149,5,149,wifi,5745.0,0.0,0.0,-105.39572516176797,-98.2809387652695,-98.99783328402452,-100.85298971260954,-97.04304288293189,-98.71165081037708,-93.53838926723726,-98.22362642613841,-96.04950236828108,-97.06195499942226,-101.91889893989065,-97.67176493365311,-96.7160638330136,-99.79945102741355,-95.69011667701052,-92.82556269854489,-98.87863132121866,-97.85274264383352,-99.08870366435306,-99.45141100753438,-97.32785601974165,-99.063682171921,-98.79006829591614,-100.4923333753259,-99.27325947739561,-96.98514635389684,-97.89033147982954,-100.75952214359602,-99.98707792040106,-97.82438377397763,-99.58683003117093,-97.56805115818864,-96.32209354159231,-100.9524822822704,-94.09689071201146,-103.70412450670169,-100.2399367547097,-100.3915774239002,-98.16662747305149,-96.97475635962338,-101.52997767808739,-101.39382773166567,-96.96364291393107,-101.56541120197909,-91.58014413433463,-100.93239376591377,-99.29160097001733,-104.23304727312126,-94.38785116193911,-95.69069030196782,-93.96753454897241,-101.0029665556059,-101.9447427177164,-102.88946640812014,-96.28384620786204,-91.05754405249641,-94.08865300671982,-91.94828501018512,-97.27035322345137,-99.16553493441614,-103.8094548919952,-94.58545019345277,-94.96410873960203,-95.20925920279218,-96.49609815103311
2025-11-02T00:27:10,AP_5_149,5,149,wifi,5745.0,0.0,0.0,-104.97990300450448,-98.0481471970938,-97.15770641903516,-96.89617515203345,-97.49090867445004,-102.20754587728986,-100.1043446799784,-92.23373293446514,-97.27716371332293,-100.10940008285029,-93.72336548350059,-94.87751512991399,-95.39227903685781,-96.07841995502177,-94.61874858343656,-91.72593467778894,-95.38786275733696,-95.46476117754854,-99.77099790491455,-90.69801878949741,-99.12071967018835,-93.2698151142817,-95.34658234772526,-99.59124804780957,-97.2567667096778,-99.24378607687301,-96.33933715784255,-97.2091453952988,-99.24165127853746,-96.88084000290289,-91.91471764718679,-95.52376964735541,-101.93767832684088,-101.55934185182814,-95.64144081051768,-95.89157021145459,-101.37586446726654,-101.09183775353509,-93.86454098958896,-93.4706862496213,-96.29050063986276,-96.83797740246413,-99.3654579706524,-95.31591653270591,-97.31031338378602,-94.73016241131673,-98.19524985106767,-99.39313694469385,-95.75846209048221,-94.88640013241785,-98.96141306011863,-92.57503175310961,-100.09916806719444,-102.41544667965644,-94.6508823482707,-104.37444520012174,-98.6130425037758,-96.23273091623844,-98.00622382633297,-96.48328579975264,-96.67600919035917,-97.41730454341086,-95.5307565440405,-95.0705699758211,-95.72642502966313
2025-11-02T00:27:20,AP_5_149,5,149,wifi,5745.0,0.0,0.0,-105.60044964437785,-99.46251273918313,-102.47592156374631,-93.85712972953121,-94.60373693743233,-100.07713739426532,-102.89473357157658,-91.54530043437843,-99.29860901633586,-100.11945638168385,-100.595803707653,-97.9057465718178,-94.73728554281846,-101.08869518341785,-91.86810008458887,-95.60206951136828,-99.26031065785838,-100.46471217810195,-98.4814662411612,-102.85598830872954,-99.29339720841526,-98.6544589157208,-101.16975899383144,-101.24834093166973,-98.09687784284668,-102.49540614218338,-100.18021123229869,-103.89041745262345,-101.6617214828153,-102.04419493069962,-100.6637470515407,-95.42845310965863,-98.0876859104232,-97.96795521787456,-99.47406454706349,-97.63381437156907,-102.66384028334238,-93.78029454182133,-96.69334885954689,-98.16511367063632,-103.73526565681871,-99.76735327488046,-101.23252618194846,-94.58072446027893,-94.26129912278633,-102.36410179543475,-92.63805051053596,-102.68610276593118,-98.14048653834259,-99.24058312852753,-101.1462834209175,-101.14281535798777,-101.41164362499833,-103.7796564410493,-99.79741107151091,-96.91583509703563,-98.99501144789993,-100.58074591616497,-98.87255359322093,-95.54218559540303,-98.06520137570764,-98.47565328007984,-96.01327924840709,-96.94809422661814,-93.2400288558483
2025-11-02T00:27:30,AP_5_149,5,149,wifi,5745.0,0.0,0.0,-105.4495952107922,-100.49562854585115,-102.05349620793027,-96.84906153213298,-96.3982128826536,-98.74232977488813,-96.5686949698427,-97.24983762856013,-95.989244529188,-94.3317908705939,-98.92920836323934,-100.04914685468464,-102.57201707418784,-92.53079815328837,-97.79252991664784,-95.14383563223812,-102.08556532553399,-99.41050155047802,-99.80566792267017,-100.46191308361283,-103.2298394561675,-102.30990382471411,-96.24638504043023,-100.75511829616967,-101.37881863735045,-94.2016098730469,-99.34544845081892,-99.26933481255527,-97.60921059429282,-99.391051864929,-94.42635731145548,-96.78105370014823,-92.12529755378712,-93.04270623999128,-97.31544731408201,-101.95543921087378,-96.55192602017944,-98.84467217701925,-96.83492815657313,-96.81370977166338,-102.3455217034208,-100.81738574733048,-96.13035944829467,-101.37554950108633,-100.99830077143005,-96.81964336003298,-102.38169881475885,-99.71858552838417,-100.61931265065714,-98.84647996027711,-94.0839348000165,-100.33673635855598,-95.4046122757958,-104.69446726987915,-97.7950240202523,-95.4969740789723,-103.3390267176659,-99.07488056156673,-96.62025589277125,-97.60336418246554,-97.22779959341837,-100.99377442417439,-96.97645443253766,-98.86423092524466,-103.31953465149934
2025-11-02T00:27:40,AP_5_149,5,149,wifi,5745.0,0.0,0.0,-104.67219719108319,-98.55573764362666,-96.4887137180076,-93.14399610139999,-102.42864723118824,-96.17334530713005,-91.96932705624953,-94.32758529382312,-99.19296833831248,-97.88815207793792,-100.20516956509584,-100.5913830228323,-96.65155389575486,-99.76550583404956,-100.5782185368291,-100.09614395940922,-97.09701251159427,-97.01224804017822,-98.08236612452899,-95.6999252015039,-92.34483948628399,-97.85792709545338,-94.92702799817569,-99.64002204399328,-102.59856847739681,-95.33808356508469,-97.99475365273796,-100.63825577068003,-104.8834239046138,-94.39166444319764,-97.07566183330266,-97.74446545370266,-100.0081265176875,-99.01914878865574,-97.12018072347654,-97.69299516112278,-102.85484736457866,-90.97958984406756,-99.25292604845204,-94.61814281713885,-93.09394945109217,-93.0375851299805,-94.89250043497042,-97.37921376741578,-93.24453331194204,-96.26985107869469,-95.48725649943394,-98.89958765941834,-94.58413567354722,-95.01439688222939,-92.9284182425446,-95.52161463389483,-95.47002479118146,-100.75819661137584,-94.79302578838647,-91.97026821147445,-99.26734226001703,-100.3556471238798,-100.9667066803895,-100.90580071336683,-93.37095815935429,-96.68857638867168,-96.50907477346294,-97.29288317132493,-96.46559184781219
2025-11-02T00:27:50,AP_5_149,5,149,wifi,5745.0,0.0,0.0,-103.05776657382647,-96.36031525729015,-95.16470644504584,-95.61344489854191,-98.84589017168244,-93.86652351895955,-95.94139719737798,-91.66826780005078,-95.90621741022913,-98.4071569233246,-91.33667372337253,-94.29442727065529,-97.66119491719303,-90.25091409642077,-94.85529625306978,-93.01494201295205,-94.39570830436017,-93.55453842108874,-96.57619340701382,-95.62582871808777,-99.96901436605056,-92.44077675442388,-100.28168414133131,-99.54849429271701,-90.3617027727148,-100.10769373719545,-96.60583412758128,-93.81462129790694,-99.62888620699026,-94.48848930896666,-89.68750039337004,-95.7893421042104,-91.73594463481608,-92.75601062724779,-96.9789795586477,-97.19229545662469,-93.7995488579453,-95.64693537027621,-99.81656981820437,-93.9902007291418,-101.13738671856517,-95.1651097541584,-96.37408248981059,-98.74430119392761,-93.0470039255849,-94.1614218530449,-94.21841893259902,-98.79067385836021,-94.561665602078,-99.93194123244113,-100.31113545300529,-97.3111777634636,-94.03169104699536,-98.53634353484867,-93.2759250923368,-94.59356291728675,-90.6962050279737,-95.68774822210038,-92.2058229392808,-97.57220434161144,-99.8803245342415,-92.46074705994918,-95.77737352142192,-92.30744738685061,-98.24601690986431
2025-11-02T00:28:00,AP_5_149,5,149,wifi,5745.0,0.0,0.0,-105.30430583712692,-97.84641274575407,-100.76532783525826,-98.26030653812482,-106.22388525957062,-94.85601665303703,-97.84924201716991,-99.86593624361313,-96.55552942514427,-100.90322653853872,-98.61870889163151,-95.35350187054618,-97.1805003857953,-99.03623119704842,-100.30426647196144,-99.45620240291346,-93.2367334574298,-92.6769898592842,-94.68422267858269,-94.92860294538603,-97.82560349484609,-97.92132730517622,-99.55320756950847,-92.94969834110789,-100.7390933031393,-103.63588886420594,-98.38693956701961,-95.38707425251845,-99.05792043527276,-101.51169998020076,-98.0761284542034,-97.70804215520582,-92.7281771439382,-103.31511567517026,-95.38583534621516,-98.50179843155055,-102.11493661902426,-96.29092400409425,-102.62321321925884,-101.41039154286884,-99.94074768519916,-97.03730263937312,-98.85583085987821,-100.05299338768582,-95.49219307256504,-93.40265324645242,-97.75743818917782,-98.13903947038361,-99.23493431280409,-102.50712266791086,-99.24284229464911,-94.48526864591892,-97.70072694500205,-96.41815481809607,-108.34809274394738,-98.1657217337672,-94.76490612505118,-99.63258085648211,-94.79392221358863,-100.1477884513329,-93.1456639175622,-100.0381715120775,-101.50665599477718,-98.99932910358936,-95.07409243751724
2025-11-02T00:28:10,AP_5_149,5,149,wifi,5745.0,0.0,0.0,-105.27223283617566,-98.74799091498325,-94.34429868977263,-98.00434639402054,-98.37500466376301,-101.75999642754047,-93.97127195254471,-99.43629076772542,-95.60812321945453,-98.88065288133875,-104.11776207911433,-94.0729634213717,-101.49805582585164,-96.94828592491365,-95.99811842432298,-97.32489161440125,-97.88490677390112,-100.53816068570438,-93.7528288069698,-99.04507899455129,-95.42029328358235,-99.20069818308626,-95.96294260700293,-95.30931569845868,-100.53850458895748,-99.86037172511763,-99.66826578288158,-100.37569205540406,-95.92691880581508,-96.29442228022812,-101.05166273951089,-98.14508092922537,-98.11146000737469,-98.64576217803715,-98.61303403018343,-98.67887218592553,-104.21368385495454,-99.7197796894489,-93.9790760467864,-98.62371507947753,-99.12116698696462,-94.36731338284856,-93.1426081815215,-99.26905729885948,-98.90557640160583,-98.3450551977135,-97.74615122796692,-96.50744064488995,-98.68468794594787,-95.30273736151834,-97.72858351467876,-101.96668242127889,-99.21710603886267,-97.65213336955776,-101.98883710278282,-101.44329491811587,-96.52274812228484,-100.00539050880631,-89.18790214832781,-97.69116718083218,-99.71370404579355,-96.55629128306691,-98.0936146328359,-97.48652224743186,-100.43508957347316
2025-11-02T00:28:20,AP_5_149,5,149,wifi,5745.0,0.0,0.0,-104.53736683583244,-96.16380622445247,-97.71730498776496,-97.57194569465615,-100.4580187776251,-98.82191666786981,-94.86498185324032,-100.84543274687493,-98.19698764363734,-96.34314662707142,-99.39162639638252,-100.22291934189171,-101.53107391903099,-96.4153341747943,-95.87797446344631,-96.36187928793315,-94.04624675053756,-91.51629523424523,-99.06712416351895,-91.90185944068017,-100.49864125704131,-98.22486825313744,-96.60963728422935,-94.81126201498996,-96.50271892421887,-106.49163250164281,-99.10441986520384,-98.47841468643325,-101.06759758413435,-99.87953945813236,-100.98957399519819,-96.27566622175104,-99.08473613000342,-97.55277651959118,-96.77003001546474,-98.2349806225499,-102.18390597262287,-95.71238937684602,-98.48348477810994,-100.09705689280341,-99.07741350192441,-97.90682162043464,-93.46209563926594,-102.1895878501566,-97.40033438184146,-99.19505044335652,-96.74937023446053,-98.80904983732857,-99.6138696734286,-93.44082289806356,-97.43036729603914,-99.8965159719873,-100.00978485752837,-98.11769274232302,-93.948671114358,-96.39213699195166,-94.15841026327125,-101.3528337822578,-101.37417332941703,-95.16558643478422,-93.0867403300067,-93.99809085520539,-98.19148209680202,-94.93068272672052,-102.03249487234694
2025-11-02T00:28:30,AP_5_149,5,149,wifi,5745.0,0.0,0.0,-104.68873957910459,-98.64039915656983,-98.02145222271074,-98.60333603519287,-95.83915904324944,-98.68790836860084,-98.70984391260026,-92.05602434747053,-99.33492310691896,-94.06082384497422,-94.66619437884661,-105.01695811004116,-99.64381882417086,-96.32920938742701,-99.92878121517008,-91.47262444607748,-99.66396210962303,-96.05179804099073,-97.22796109615581,-97.02790661901906,-102.55971843406749,-99.85384147936797,-98.08549743023454,-105.24964430771627,-100.72310009036188,-101.23407595276157,-97.51042454584257,-95.95520292830321,-98.31754285469663,-94.80725019526432,-96.48399562212455,-94.25758039219338,-97.71243846997298,-96.12486028656012,-95.79268761171662,-100.74468522436659,-95.70126837150184,-102.49036535216166,-101.69759257937584,-94.00736552713617,-98.26147130694392,-96.16946273690698,-98.51089603567817,-97.73474922055442,-97.59187468758329,-98.2291458930673,-94.65333835395518,-99.67461093235359,-96.28383856209491,-99.21412477661102,-98.62216626945616,-102.08737801266157,-95.66420800665281,-99.51663081772847,-94.40138398861632,-99.43595401100325,-97.12404372144599,-97.73995446809872,-100.22055749372724,-99.559779275601,-103.42823060008227,-100.14510316375298,-97.10861095728607,-95.17218514467092,-97.04860232709609
2025-11-02T00:28:40,AP_5_149,5,149,wifi,5745.0,0.0,0.0,-104.6914623047995,-97.39871451046409,-98.89236353035923,-98.04928368340109,-100.43232528544807,-102.8243347151475,-95.70876887993794,-99.32858353370015,-98.74779732184052,-96.56507422165836,-96.83486119760913,-96.08686896618167,-100.69808208384634,-97.47976988147443,-102.02643066296018,-97.94878264167392,-94.00086154594125,-95.88198281027604,-102.01914041980349,-96.57478652174136,-97.10992154953132,-98.71396684477716,-96.0147236885196,-94.43319299202564,-95.22797990499816,-99.48704339462802,-101.74647314635901,-96.93518921836908,-96.24134399515303,-97.57718951390963,-96.27033565955848,-96.40610628748583,-91.733577725852,-97.91697794527117,-94.99408096878815,-91.89831767102577,-97.25554789947397,-95.25202020624249,-102.58121350004322,-99.20667611598093,-98.72898027859586,-93.82515530076809,-101.03769771618049,-94.81243428415988,-101.33425686452415,-93.41054458953866,-98.26935644514482,-98.45425589738566,-93.77824259413318,-100.83739071455426,-98.26910661262788,-93.71860180996146,-98.34220069970607,-96.40942152147369,-99.29664943950053,-99.27430144259314,-100.38144894091249,-101.20130280189949,-97.79881451443931,-97.06566114757717,-99.06035129516822,-102.8264718017149,-97.43547095179858,-98.77252354006946,-94.57382885874061
2025-11-02T00:28:50,AP_5_149,5,149,wifi,5745.0,0.0,0.0,-105.13564291881578,-91.93853918016197,-99.879285937616,-99.53663686002483,-102.21515583625248,-94.67554121405527,-104.4824457392995,-100.0267960608236,-94.36814057589964,-95.60781938159907,-96.99817896351296,-100.5580474952545,-95.44304189938813,-97.40237593308045,-101.21287512893713,-101.50418332796299,-94.68480741205894,-93.6119277770005,-99.23016673172577,-100.43753779407376,-98.39734439706106,-97.3888436078304,-96.13646819111784,-102.27792537449035,-101.53258391223218,-95.46764295919785,-100.16264343295208,-94.97812896518967,-90.87729406243487,-97.1321715857349,-98.62073744089734,-93.80124945687488,-98.11102491470466,-95.73893156331515,-96.96528052972583,-96.51807974360374,-96.99561204691243,-96.20613223378274,-100.02313266853365,-98.44399110083526,-93.99991843854019,-96.88066610423735,-98.50831335277603,-99.14905460749918,-99.04529127386553,-96.36971560204573,-98.53488550951623,-98.72661739763971,-102.55880336949177,-100.32033921780805,-97.1886210009671,-93.97027815921354,-97.83660186813246,-100.3486530701269,-101.95579677671573,-96.82991913829525,-98.348927016533,-95.99414635219738,-93.50198624668161,-95.11205919895832,-99.94573222048336,-99.2124317026712,-94.91689140400406,-101.54715307689483,-101.4331176167645
2025-11-02T00:29:00,AP_5_149,5,149,wifi,5745.0,0.0,0.0,-103.10470395526933,-94.14203644377467,-96.43895105669482,-93.5930831125686,-96.38597655433047,-97.67825347219161,-92.73205631731206,-104.90116293614021,-96.10251528361526,-94.80400707936597,-92.77007888351964,-95.8545226253829,-96.0271406365248,-94.62355041953633,-88.012183078256,-93.18499505454783,-94.24462983997125,-98.28023547494563,-90.19856551111677,-103.21367632442254,-103.6520671458826,-100.31687410052719,-97.01122947978148,-91.63453045282286,-96.06862905005501,-98.02850711974294,-97.3705286588618,-99.84736445395768,-97.70021776253624,-92.87481886607289,-92.9966851000963,-95.81870851274623,-99.27816272159605,-93.53347337266024,-93.81694120662054,-101.13730907508204,-100.71493696335914,-97.7549114066825,-93.68551439800245,-89.70614400543853,-91.4484309506086,-93.3486996252754,-94.91747486267361,-97.26854983753836,-98.10866162784932,-94.67882168463478,-101.1608070343464,-94.85284909973913,-96.25287563928617,-96.16229456793107,-96.38372086951757,-94.66770408237159,-96.03010367473107,-100.01022238491412,-94.27869924808729,-96.9055045351971,-99.98705747953562,-96.41890520381182,-95.67697607291458,-93.0624688453132,-96.46928560535743,-94.36131006722567,-95.04188084590533,-93.48139739557683,-92.94386882660353
2025-11-02T00:29:10,AP_5_149,5,149,wifi,5745.0,0.0,0.0,-103.4961752703348,-98.44545276170236,-98.93096854897624,-97.05423803382841,-96.59697726998145,-89.67793356350306,-100.85244245652375,-96.92921886711206,-101.64134327879849,-93.30090624973465,-99.09079353789615,-98.23903194197264,-98.27502748379675,-98.76205062957534,-98.20424804152903,-100.05218446908941,-97.72699120669137,-99.08113214506615,-100.2653075252832,-103.1116500864573,-96.88009840052622,-89.93753894612928,-95.68999208081483,-98.13177355069587,-98.16709975779405,-96.82811318981405,-95.85938930601492,-95.02123389873421,-94.73235815472464,-98.66711740473262,-98.76607826134506,-102.75426418671339,-96.99535229328056,-97.64301240853749,-93.0386283252137,-97.83296057666571,-93.6567633342049,-88.15578494714832,-94.41604167221824,-97.75871543450214,-95.28534953010725,-101.02166523181278,-100.74970674925015,-93.93498804692817,-97.76483353281958,-95.68095361322905,-98.14224801769346,-101.27164502514738,-95.05226485305319,-95.18195430494764,-101.20152096216077,-93.5980222785233,-93.79572608469715,-98.76665974849635,-96.795336258544,-94.45673812052604,-96.91827483078096,-102.10557915083902,-89.71699461523939,-92.1272009360232,-98.5835809878632,-101.02814175895725,-97.36884061926816,-97.79974780264153,-96.10619306416295
2025-11-02T00:29:20,AP_5_149,5,149,wifi,5745.0,0.0,0.0,-105.52386260641012,-98.95395044680852,-98.46111027281222,-95.40626930787656,-99.74587636002747,-95.58836586449593,-96.6768237468944,-101.53965218502003,-101.05224718151786,-103.07510649990834,-100.72829698026918,-96.74043839273081,-102.11671768057423,-98.06619660540947,-97.56462664239771,-97.81094904466424,-104.84052716074139,-90.8946892736441,-95.18723123203785,-102.7064662075145,-95.30081565297593,-97.98392907404723,-103.26035174491125,-101.2165860236925,-98.14303646193504,-95.69119116154711,-102.6025213648276,-96.7291303511679,-99.38116863564959,-101.61333344402973,-100.08911471928317,-94.95601834319939,-100.90845532705285,-94.77751983256368,-102.74470056118919,-97.17637519358684,-92.06939116905934,-95.28920536582326,-98.8123485822591,-98.75882395687461,-99.70648820506834,-100.70534914442716,-100.4006682345713,-99.40316507905483,-99.48616336900024,-98.20360378839732,-99.06168422155156,-99.57416614325706,-95.77241379384806,-102.80215235843835,-94.04508847985915,-100.8258757854527,-98.42919086878237,-100.62718014459828,-98.80645546311754,-102.65811234308526,-101.84653399050535,-102.10717759111824,-100.95545631298319,-98.92975570930803,-100.26911372553921,-101.4741355968431,-98.6503513636257,-100.19838905300433,-98.93315924552213
2025-11-02T00:29:30,AP_5_149,5,149,wifi,5745.0,0.0,0.0,-103.80985762433842,-93.84253911216891,-95.7745327092912,-95.05832293806243,-97.8960950619938,-92.1457499693358,-103.46773422998605,-100.2612288510519,-94.93744922127372,-97.33493066028359,-97.19637926867645,-96.98878341861088,-98.59240767974565,-92.90282556301476,-97.63139326219111,-97.86105441717423,-94.3681704707641,-95.53773003265451,-95.69562195266242,-91.87524504805052,-99.19678825298061,-103.57343878059638,-98.48492486426883,-91.9986537213533,-100.78807251938251,-99.45100142160159,-96.39468692058422,-98.87452870923372,-100.52175772065011,-94.81956931414797,-95.87645663742346,-101.60549555286322,-90.81328872562847,-96.58530869092131,-100.57914515230871,-95.5984297460868,-99.77356315709329,-96.99176173926278,-97.61136034711605,-100.27719273488965,-98.02336610202678,-94.73167497533264,-92.00193994720392,-96.23275462036769,-97.49559897819913,-94.48847525074252,-96.89001800625144,-89.69323902124782,-97.64361255398602,-98.5377834438814,-98.67569722407637,-97.67240135336209,-97.7282038847864,-95.646922479505,-95.95622155635321,-95.46232371470064,-95.52757256381372,-94.23816956852615,-100.82524161048775,-99.63060464954334,-91.66864957628479,-95.32001248083127,-95.99052418649167,-98.23888640211064,-96.9706738348606
2025-11-02T00:29:40,AP_5_149,5,149,wifi,5745.0,0.0,0.0,-102.9367755895866,-95.59615815559636,-88.83728189411386,-97.58306130388378,-97.48846271809677,-93.91639603493701,-99.19318316802243,-90.53988477485608,-95.10409028308867,-101.87163827268206,-93.83065396161359,-93.53545115340319,-96.11656427523847,-99.40260377243851,-95.8610524592664,-95.87228213831466,-99.07767596559042,-99.0576236919822,-94.63804633944937,-98.91967005391001,-98.83931619696455,-98.79166983026175,-97.95531078826465,-93.16174112748811,-97.46813478940865,-96.95407262961591,-95.60738937443408,-92.62610399845865,-94.94765313530297,-97.50935337382036,-93.70232873597465,-93.79964941325046,-96.30778789083747,-94.7343024047109,-93.99108717029843,-100.10092900482952,-96.41425324862514,-100.45592539150974,-93.8264183262348,-89.34414151805017,-95.12114742699819,-96.13252631099353,-94.76092917346827,-95.10953485761578,-88.50166572369854,-98.3420943314693,-98.6371543566714,-98.83286293735696,-94.92254906198822,-97.21141426833917,-94.76525737647793,-96.09125074824952,-96.74642444316775,-95.62074966195092,-94.76376501681055,-93.16666405733565,-99.24118239616183,-95.22223394753368,-95.88427766622378,-95.61292734860479,-95.52343229474793,-93.48553762613234,-93.98866521325749,-99.85941146480471,-91.20485407138399
2025-11-02T00:29:50,AP_5_149,5,149,wifi,5745.0,0.0,0.0,-105.57521210146068,-96.2310315513441,-102.20975651388184,-102.17111747892591,-100.49584524091739,-96.47626091827688,-97.58757716546225,-96.40820689328447,-95.29638599742461,-101.01540710742053,-97.49651420923084,-96.49042580657063,-97.41650390456222,-95.8833162227212,-99.68010445005412,-102.58513017519323,-100.64574523068877,-99.33163455488939,-97.16366248883935,-102.44279870842126,-102.61495419303503,-95.58768085398145,-94.93355059614834,-96.68812513876945,-99.23071593570386,-99.25129483157465,-94.36785992190008,-97.60907128722974,-101.31187885222509,-98.47304091464133,-95.30967426065602,-100.8577953230895,-97.94102146747666,-102.76171311574424,-101.04906994248174,-98.98882176488604,-93.22332383785265,-98.40321895659591,-97.42870475264465,-94.13648748070432,-94.87405759044215,-106.04607380572861,-99.50399313299366,-95.9905177204645,-99.9627457730874,-100.06915525397639,-98.03111095448155,-99.03005623573776,-102.13726679281534,-95.79013083286341,-96.6468522664411,-97.62681013046742,-95.93868904863461,-90.12254088916515,-95.25720912104461,-104.30071685210481,-92.58573942024529,-103.55805534597162,-98.43583175081037,-102.78487317705071,-100.31593122544342,-101.56185730716781,-98.93785888702519,-95.81724597994801,-99.7583647957366
2025-11-02T00:30:00,AP_5_149,5,149,wifi,5745.0,0.0,0.0,-104.45837210397879,-99.70254054647496,-96.90571888912052,-97.68151730115424,-97.52947580872028,-97.80413505985906,-100.55793220133731,-99.63863822815853,-95.23422943279832,-101.02713508974433,-97.17835217080112,-96.64860830067126,-102.60135751088893,-99.29677450142346,-100.84433817985051,-95.57122525274774,-96.5477998019589,-98.30738253468088,-99.183975018575,-99.11987675526022,-100.1224362017421,-98.7948105350054,-98.41185121934268,-104.74245016562321,-96.09109023159111,-98.28787910244485,-100.51296186935079,-97.11815572613986,-98.26586805445429,-101.29177155171188,-104.80243447933724,-101.95235535938474,-95.04921937611095,-94.67703657177508,-92.87138395184036,-100.41954610603817,-94.88523328388767,-97.97789166154907,-96.39472912616708,-97.6740167314452,-101.16499816577348,-95.66603865682535,-97.10417628925289,-95.7221502350844,-95.46025913153336,-98.72321628233323,-100.54000547941165,-102.67501198274344,-96.46454345859132,-90.77964222746962,-100.77737262216415,-91.78335551725208,-95.74141330614387,-98.63425026237316,-97.5702472070695,-95.31697639554042,-100.26198994101166,-96.88906121490486,-96.6068666340596,-95.18425111544174,-95.49372781248346,-101.3408962577639,-94.34265781952351,-100.16061254783942,-90.20749069059345
2025-11-02T00:30:10,AP_5_149,5,149,wifi,5745.0,0.0,0.0,-104.80396759514446,-90.57729245751142,-94.81913607993286,-101.4108770443855,-94.3394407948627,-92.25235095748539,-102.24578565016942,-98.47900856073842,-103.28066435500564,-96.27490110957177,-97.49835775472948,-95.52966706478519,-100.80032029946703,-99.11652342318929,-96.120320862071,-100.10248877168175,-105.69204723708658,-94.56991800286947,-97.3815691220561,-97.27649445396662,-92.593452701106,-98.42815922033198,-101.82127617567907,-96.08444429241024,-92.90436304183909,-103.68042884327066,-97.25987891688419,-96.63766251361301,-94.74801637723999,-94.12687656483072,-95.7944857041166,-102.25526649631563,-97.54907774628478,-98.60486393186387,-97.73626773175974,-97.20396040335321,-95.68260297623698,-98.20241757815397,-97.26426076801962,-96.69040683312521,-95.15463003787326,-98.88414772199383,-95.74796875124949,-99.23230413452382,-94.26357137654611,-96.29627062024286,-100.8551640311102,-98.00282711370937,-94.05475088734033,-104.91815970511495,-97.13569055912342,-96.54433530015811,-101.86776710637798,-85.38242164095652,-99.05422304566416,-101.91432298273457,-105.67365894978961,-103.4560583298,-96.97613706264359,-100.97898585624658,-98.47978130878515,-98.21164057278982,-101.66026673535978,-96.94726623165629,-94.66309156277046
2025-11-02T00:30:20,AP_5_149,5,149,wifi,5745.0,0.0,0.0,-105.58604427332487,-94.39263005852169,-96.0234002389905,-97.14745176949832,-94.87484912317662,-95.47859491032906,-97.20917414867176,-94.77002895073223,-102.00298925078418,-99.91258362455187,-104.56809525925745,-101.99002527909968,-100.1319432948436,-95.52152890191242,-96.83881751537639,-98.02804735500769,-95.9663814502689,-98.14633391020318,-96.2912889465014,-100.19989054404383,-103.03856513577514,-101.1727478620849,-96.84414812405615,-98.35347091525526,-99.39051502772831,-96.99344541667813,-103.79423881879808,-95.45140058504744,-96.60336340862514,-100.40316797969541,-98.28739636784125,-94.46405821879856,-102.40941956826576,-104.58422705257645,-100.58478386471207,-103.50666043946482,-97.45577512212198,-95.92064204140694,-97.45340769531572,-99.83802453129785,-103.84442765435068,-98.97700424824615,-102.1606016973399,-102.64189318083048,-97.88868412492789,-102.08241865596423,-101.83768740617505,-101.10310808904038,-96.40920386002377,-98.48060251483557,-106.38738930214517,-98.93067877979797,-90.85220468218947,-103.1477686502341,-98.7106018034332,-95.333489550493,-101.78556011028817,-97.36720883841424,-99.11027815347171,-94.16989629324408,-100.85515959456349,-96.34245007458682,-94.79689819605873,-97.78620615082959,-104.61637441259602
2025-11-02T00:30:30,AP_5_149,5,149,wifi,5745.0,0.0,0.0,-104.70898547611993,-99.17407706966775,-101.22206547780155,-93.34205383032625,-96.23823335464054,-97.89084750688555,-97.13938733409974,-95.43336723737785,-98.98147914731247,-101.46826773853806,-99.93995035917582,-99.53801088429842,-97.99638593532183,-96.457637332869,-101.59773092953228,-100.10660900198693,-102.5096202909685,-98.7896399768216,-92.77987484495021,-98.76881018018011,-99.42976416990307,-96.680108336635,-100.04873789754124,-94.13649877232812,-94.78438005876691,-97.36850912669365,-93.29284917565303,-98.10212743566765,-95.15512139853435,-102.76488058104547,-95.60271515514016,-100.84808753371175,-96.33082382195825,-100.93274373888234,-92.86341697222474,-97.26552970339071,-95.56447536532282,-100.3341543560138,-93.91175410499821,-95.34579594321363,-99.46405136630352,-100.59992648633883,-106.25597368179147,-95.33619375061248,-93.92288959047565,-96.7714224684091,-96.90297733013469,-100.9692501340268,-97.60829132723772,-99.21405875548618,-99.56714548275754,-98.84575079929333,-103.2554108362965,-98.3859471914187,-99.94109079403245,-97.72161450724958,-97.57706138511007,-98.30730505001905,-94.63314890066033,-100.05971679942942,-94.5690624460181,-97.87924219145252,-97.33366757445145,-97.17145526509789,-98.0982538837243
2025-11-02T00:30:40,AP_5_149,5,149,wifi,5745.0,0.0,0.0,-104.45721688340534,-91.58109704981524,-96.88088578839132,-100.48192682958914,-99.88928573008543,-97.60027083112803,-92.35140110638302,-100.21609324088925,-100.17182306705791,-101.88305613148952,-94.09926159647532,-101.44307010915902,-102.28051722443352,-98.57272233531603,-96.89567925308717,-100.7325111793438,-102.344691995254,-95.08625193564652,-99.69329779778809,-98.13984556934936,-97.80798076352096,-100.448397715386,-99.58733913553851,-97.60087370133382,-97.3585617704173,-94.53904895257429,-96.28060381249546,-95.96369481796972,-92.7791935018167,-99.59511366285207,-97.88103050239286,-96.17840897276886,-97.72559053454037,-101.98009432213246,-98.13542035347764,-93.74496280630078,-95.92905415320219,-97.02710938847653,-99.35222990160996,-103.89576178963574,-97.55928641141115,-100.48224754084205,-98.38732112538352,-98.26702659292555,-102.9684465998534,-99.95277013605076,-97.05369267532467,-100.12820261012587,-97.11615183842557,-102.07647671924911,-97.12574573200895,-97.9642714641467,-97.86526410446649,-91.92835310771794,-98.8589605507732,-99.47999301833562,-94.66224357461466,-92.53571558459133,-99.63764244487075,-95.32826323984762,-92.02048701043712,-98.10523962326407,-97.0710708090176,-93.47884684407406,-95.62050224578678
2025-11-02T00:30:50,AP_5_149,5,149,wifi,5745.0,0.0,0.0,-106.24217570828262,-97.86676058797278,-95.01210310828921,-99.1773575315538,-102.98539452654178,-102.51471364632152,-98.7517384831668,-101.85114116865327,-99.0852991997299,-98.68118801839245,-96.27977430396362,-95.12476878046714,-104.19469811302127,-98.4268061535403,-101.34283219671487,-98.34299526708922,-98.09639436698974,-103.00797897131682,-95.56601960508206,-100.53428095079938,-100.99293092418156,-96.60009292072607,-100.11168611476319,-95.37937894253749,-100.21585434588371,-100.22581823647772,-102.83470492550755,-102.86178274320999,-96.20705283911555,-98.47392549379917,-99.32795599738185,-96.48962861903898,-92.33124431524404,-99.49207918394231,-101.08859300400043,-98.24422101780642,-94.06764330233426,-98.4678994897012,-101.09275485200833,-99.09924072220943,-91.69673788821196,-103.39166970661073,-96.91512930012281,-98.53697586496601,-98.27868407108403,-99.83366325313388,-99.54816675785969,-95.80454422273247,-98.45575801709897,-97.2834592722492,-103.69998273399628,-97.2915047278999,-95.06546800145189,-96.43532873835315,-99.23304803838309,-93.1545756875687,-101.76242152772622,-99.37903443809425,-96.4820751223323,-98.30275096078307,-99.54488395072443,-99.33757213237307,-100.94645048641479,-99.5141387840517,-103.32665875379878
2025-11-02T00:31:00,AP_5_149,5,149,wifi,5745.0,0.0,0.0,-106.67622354011122,-98.79937246806686,-100.48334750316634,-101.66617933646755,-101.6827204087381,-96.99268207474107,-106.39225658127711,-96.99544119396454,-90.96778386444417,-97.88593874389053,-97.78713405983838,-95.50461252790325,-101.67481353115919,-96.26888180373616,-96.07728741577272,-104.17484080529988,-101.9083665367755,-98.1552442220099,-98.66717066902338,-93.17178325383115,-102.4329813361255,-99.88234296285768,-98.24814168542905,-101.09439851463996,-99.0508115930887,-99.9860687657231,-97.78789868249036,-100.11232542743872,-96.97128942897805,-100.07626487435611,-95.44787974601371,-102.57483680454756,-101.45634240786742,-103.68474887639117,-97.96185982615094,-104.24728322277225,-100.857037182135,-98.24727912564357,-101.25804402936262,-102.47324637356152,-99.20940169645019,-101.59688782427045,-101.41539966921445,-98.22062223135786,-101.01103343832118,-94.4601915540445,-102.72478775040295,-96.44607812116782,-100.30113347530529,-98.79522005440184,-103.45502563423972,-101.41507403430238,-99.44762816276017,-100.08121835469923,-96.18859298643216,-100.56713135782633,-97.60782389627954,-100.7743735317882,-96.88853871690029,-103.95481785309326,-94.03464960607174,-98.56374574928712,-103.12319895564677,-100.54575685787856,-104.02503840963772
2025-11-02T00:31:10,AP_5_149,5,149,wifi,5745.0,0.0,0.0,-103.80320018738114,-101.08467147616176,-97.41339393194004,-97.5449605984123,-94.30457654642936,-99.03467899362363,-92.83349935995017,-99.67829517025318,-98.93829918489152,-96.23426359378831,-90.91316177292947,-104.41526573834,-100.76102366711581,-94.66805163428926,-96.51882005651674,-95.90207641129048,-97.75064470359102,-99.45396371645309,-97.76557475323129,-92.23028970076788,-93.12784795179196,-97.22700623003742,-99.72651682631735,-97.670882717835,-93.38149323965024,-102.18764460643443,-102.1568135113093,-96.74035398502775,-98.76543611577618,-94.57354100763347,-94.62870952460463,-95.44142937869943,-98.84198835167655,-88.67723932528844,-98.9790001128774,-93.5743829599092,-101.48132218841467,-100.19020485763158,-101.04382939913725,-99.77473091372421,-98.32958350361332,-91.10225133362172,-99.15168335564218,-98.06612251016136,-93.54858183763834,-101.08786539663942,-95.51211098991547,-95.00026860401198,-100.40848792294075,-98.45011442529994,-95.512560518404,-101.22626943610724,-92.1104590697395,-97.93454455180695,-99.0879286252077,-98.73177671191462,-102.51272431903067,-94.27596020836549,-102.50724252610357,-90.9777739456129,-94.10483927976084,-90.98510609641787,-96.65693988128636,-97.17889512851205,-103.36693648969351
2025-11-02T00:31:20,AP_5_149,5,149,wifi,5745.0,0.0,0.0,-103.6513388250839,-96.09449708430019,-99.74470079582679,-103.05988204975093,-96.79910121652196,-96.35752017176097,-102.19705145143391,-98.67703086780548,-93.80463529747708,-98.50478583638134,-100.08265463655005,-91.92739196472603,-95.30211567734439,-92.89871561491653,-97.6277475647492,-100.63466307951204,-98.56907526957418,-90.1224326843485,-95.89300880356176,-91.32416135221237,-98.72757974991256,-94.8907082043048,-100.3948547611336,-96.06846266295048,-91.92505861215294,-97.04740856004793,-95.2113924579378,-95.27115478383065,-92.4932204898603,-99.3084864746513,-99.37757583287095,-95.75891091303585,-97.86576571949944,-98.91472180207401,-99.12218766845497,-96.8466616865558,-98.36727542749769,-96.89073339386354,-98.10217840066284,-97.98906220390367,-98.12038542924488,-97.7792792960303,-96.53212519592016,-100.7804970669622,-97.74902859457936,-93.92521446838484,-96.83881776141207,-95.88938970188127,-93.61250531208876,-98.26158033976836,-98.33731586063762,-94.89480330176926,-88.1629505736914,-98.87139252485717,-104.20450215889574,-96.3073850950039,-95.8137115225264,-96.89364875675982,-95.93695206859103,-93.89025547197879,-94.24087243251942,-94.37593066579116,-98.33485295579078,-92.66693521598972,-98.16783928605439
2025-11-02T00:31:30,AP_5_149,5,149,wifi,5745.0,0.0,0.0,-106.0805274649149,-94.23855448366582,-95.24450374649446,-95.37963657574103,-97.63536426513362,-101.5065906334704,-102.43607920838099,-99.68900284745858,-97.25166110105833,-98.638132530848,-99.90825436573387,-103.97315747414095,-93.4009362738288,-99.35396844073027,-100.54612321032785,-102.75417032154976,-94.85806085853326,-95.65482885365006,-96.55425310312151,-97.94449027806374,-96.14466936673801,-100.73381632972962,-102.61697240545251,-100.48507975666206,-101.99416069721362,-100.1727712397647,-105.11921938334773,-98.86493859517498,-95.82443260175788,-93.65753303662963,-99.18319872229094,-99.31803108675959,-93.99524804619602,-99.9842019941344,-97.74717727932934,-102.78103359653485,-99.83596360483953,-95.64563827486224,-100.55806904249307,-100.85295773743766,-94.68573337272157,-99.74455691054051,-100.60712700602527,-101.72925781099725,-100.34200252153778,-101.71904354523795,-99.72184679432954,-96.84561220080427,-103.24341014535813,-102.89205436493437,-101.6275879960447,-100.86754428514102,-101.01884116829034,-101.90629415355131,-94.38281708801811,-96.53416605571452,-96.68647746031746,-99.17084028702673,-97.50583711412581,-98.7128666251452,-95.41562236495226,-99.20197995987212,-100.91047318601741,-105.53294805011299,-100.32319733797107
2025-11-02T00:31:40,AP_5_149,5,149,wifi,5745.0,0.0,0.0,-107.11352456994622,-96.68631294561416,-101.75477189519279,-97.59540150677533,-106.96472290466714,-101.14881851034237,-100.75133200539784,-98.70822033585478,-98.52092006696496,-98.24946402107892,-105.78361691556542,-100.6330993231314,-101.24572362048664,-102.83112690170606,-100.481784470188,-99.04137098316014,-95.98446293937327,-94.7328537211761,-96.6124279285021,-94.24547181001583,-105.94477838505213,-100.11720526046896,-102.1147653005147,-100.32421555161197,-102.76274333160143,-99.34730355847078,-97.95948993040948,-95.9123005194041,-105.17295345748138,-99.87005723555794,-100.13815440603672,-103.65955618749118,-101.06841349011872,-104.00365418734027,-100.16831170560529,-99.16503723962504,-102.9667300884041,-100.03158357048336,-101.67370764020758,-101.83223190442672,-95.75392138718512,-101.42067326273414,-97.15008885346018,-101.24103378229877,-92.79962597040338,-104.74560539688707,-99.20564979255204,-98.36526525669701,-95.26776230984942,-106.95080155637532,-94.78111432096648,-103.08837512040884,-100.63909500820476,-101.43504259895693,-103.93839422670392,-100.17034468466116,-101.47060855535042,-103.59051889879282,-103.4793188234344,-101.73948561916018,-100.56232067732947,-100.28103777990042,-97.1862427605273,-96.1325057650392,-105.48223886942364
2025-11-02T00:31:50,AP_5_149,5,149,wifi,5745.0,0.0,0.0,-104.94793584587379,-97.11984401209605,-101.65088592718537,-93.7328588747777,-94.68583537203561,-102.55833730573073,-91.61131043016867,-99.3518664085048,-97.4804715133216,-104.09577893092603,-96.57472686842195,-97.94521333734913,-93.98549579299608,-100.68087270662785,-94.98630511681118,-94.6290419808571,-99.02693494842673,-97.088161267911,-99.20732072669247,-95.9233307920174,-95.78891356113581,-104.39269466108658,-95.58961262637925,-97.6853279995181,-102.64751842177704,-96.29899693737947,-95.44703245296056,-97.53126565888186,-96.92196481063228,-98.13082204499715,-96.84182271842876,-102.62173724572185,-96.52481256699183,-97.55049173176715,-97.79268439314032,-97.72441412856355,-101.36386133452564,-96.99649074686097,-100.89762914198491,-97.36755373705934,-101.4202567147674,-98.02447620231018,-93.29349328347455,-96.80624701664405,-98.12021899319537,-100.15699642358373,-101.03576127721003,-96.73546137817992,-98.12286808588223,-96.01281402063022,-101.54601468609533,-103.14347242171887,-95.92306860473506,-93.50167366156474,-95.58550414600673,-100.80679905153545,-96.63003662895107,-98.25730085455625,-100.25326873022536,-104.22968635950552,-102.80323502618602,-99.54917100384831,-101.78757707486935,-99.81046175774294,-93.32457279111661
2025-11-02T00:32:00,AP_5_149,5,149,wifi,5745.0,0.0,0.0,-104.77883247708783,-99.88181290922256,-102.96819928506085,-93.65963544245201,-96.9027306729967,-94.48503549459548,-97.41255207186255,-97.48564209700054,-102.72875006469759,-96.31593881157043,-100.77058455037223,-93.96557826495864,-99.23257291194817,-94.5853072810279,-97.77760021379022,-99.7390881924176,-92.57822195582379,-98.77071254959321,-95.06784660304228,-99.3549934715933,-96.95716644045044,-96.05636494392238,-95.08245507399467,-102.5203640557562,-95.30465545606172,-93.09605152192978,-97.1875338709353,-99.22575221312616,-99.48886583344363,-98.69215331741898,-100.06875065935203,-93.90842484388376,-90.45370883126668,-96.81038371125462,-92.81802623354773,-95.7210330003816,-95.65585251576164,-98.44123645036778,-99.12200568186762,-101.71260859665146,-98.40594267634624,-96.6127663061003,-95.83878306535354,-94.526037336052,-98.4173050906658,-100.57529910731094,-98.26459555511735,-94.01061472440796,-98.58315916699031,-94.39500656591403,-100.70340009157687,-99.25170506313817,-94.46011783658598,-96.25522119565032,-101.38954976107786,-94.79290688201687,-99.60715134714393,-101.0554549553021,-92.5080958183809,-95.70610543680685,-93.38280885593797,-91.1789785225662,-97.59022592507465,-97.74596055487442,-96.85134658600417
2025-11-02T00:32:10,AP_5_149,5,149,wifi,5745.0,0.0,0.0,-104.82440622901399,-98.71762068909945,-98.39696018781902,-94.42338735989996,-99.49350977084968,-101.44593730346266,-97.70039309391181,-93.22715974518337,-101.29106431017972,-94.70320226492707,-101.08335816126115,-101.41845842149297,-97.82413076981626,-101.38172455150765,-99.94153876094197,-95.96908227567941,-96.87041944427469,-92.4614927637941,-98.12961207350871,-92.5470415958705,-96.5720686082841,-100.95509627432644,-98.46679367372295,-98.72055953724063,-100.77881209569078,-101.48130934587826,-93.75814798832936,-100.47172000007417,-91.7477988699431,-97.50356814803668,-104.03076428769198,-98.22902057169073,-94.62712999061314,-96.4723706038986,-102.19100694724112,-96.92103241469356,-103.2899065155484,-95.66136708013241,-100.64700197690645,-95.22241539229796,-96.8881110890016,-97.4856563887528,-95.01790898651156,-97.79512742895277,-100.51571156898419,-102.81361217407466,-96.68956949371487,-100.35696765275179,-91.88648654384784,-98.76078377572352,-100.55399468244792,-96.10059101236915,-95.70269127357558,-94.86233000365175,-97.95564574053611,-101.3597294415707,-97.04204103888569,-99.23372614243247,-102.65698501776022,-99.05345189516156,-97.95799934859988,-96.89480041362161,-96.13458612674184,-96.82085926783508,-101.07180601004632
2025-11-02T00:32:20,AP_5_149,5,149,wifi,5745.0,0.0,0.0,-101.7142818899615,-90.2911474411005,-96.3991473929813,-96.87530321949534,-93.44127002336357,-101.5486797555968,-93.27229563660688,-92.46371724541943,-95.3911323187321,-98.33930200121152,-94.1669164772285,-97.93450010569128,-93.03187525014229,-97.42384459411028,-96.70448838692316,-92.90936002260874,-101.52885930912807,-91.04089670182064,-96.93330134628934,-90.26341994953967,-94.19300075635427,-95.30862334059343,-97.19088428645641,-98.48532925012992,-95.0434898939774,-90.91533619906167,-92.0260761324956,-94.2651449754427,-93.05365791220666,-98.46976731831434,-90.61623207983875,-97.76818548635096,-94.07212680152323,-96.44170745107098,-90.40144952220083,-91.94080336048654,-94.22888652394417,-90.93934206127258,-99.45172589412473,-95.27606454067961,-86.11752722718461,-101.154003651475,-92.17380069111658,-97.40252296073993,-93.72934815356102,-96.93177580258875,-93.51960120186143,-92.99346927574597,-100.71371676434198,-91.1682201532518,-89.33500364768463,-97.53880929036966,-97.73733716855074,-99.18653165107163,-89.1424188517646,-92.80030409831768,-98.9029565627384,-97.20594111383198,-91.10023915160983,-92.41515944513762,-96.23011536652956,-95.57620436235185,-94.53806063563512,-95.69297486729494,-90.25342955529055
2025-11-02T00:32:30,AP_5_149,5,149,wifi,5745.0,0.0,0.0,-102.99726840169146,-93.9414642649919,-94.58896617209373,-97.80957616843723,-99.908166008007,-96.46980906245662,-93.68203847414972,-94.23774866995356,-93.26455245277255,-89.73148234807584,-96.87573546419999,-99.35057090953336,-94.33043526760319,-91.30176411937725,-96.20652944793358,-92.35672128833048,-96.1048592257196,-96.00601622616469,-96.87725878951723,-95.98930839057691,-102.24386391098831,-93.71256042512229,-96.92604752546136,-92.71385919655738,-89.64648944521808,-88.47351543352987,-98.13457373325333,-101.46463377595249,-97.9282585559039,-95.73198744344242,-94.99214174831378,-95.71229394091709,-91.72175570403093,-93.67340922151965,-96.62883044615816,-93.64880346798643,-94.49131320358393,-98.09087907035259,-98.276743104653,-95.71585603020351,-96.03580655766875,-96.71579205648901,-99.9087847482077,-98.51877998091291,-99.78657974371441,-96.68082901094505,-91.24409155027632,-96.36842773281484,-97.58403798314677,-96.53634994953788,-90.21926988386049,-96.01613116171335,-97.33522811245845,-95.680689612434,-100.4981999033805,-95.23823162215848,-97.09058920502159,-94.99211501017096,-101.24376859632727,-97.38679096810259,-101.78314185271384,-95.69109363117052,-95.4125331852529,-92.7255328189328,-99.36379919207113
2025-11-02T00:32:40,AP_5_149,5,149,wifi,5745.0,0.0,0.0,-104.31258118718672,-98.20665891596967,-92.82582823425416,-102.77917819243982,-93.96600833323657,-97.26353936833125,-97.10559231285758,-96.90124615568884,-99.21978713071141,-94.45147317930837,-91.54898479548221,-101.34299726555498,-91.69634777972817,-92.11087342085251,-93.41576771830404,-100.4558160193026,-101.95347602454247,-98.43184884673826,-98.28562161216688,-95.40550168985867,-95.47771075582074,-91.8241888805214,-98.00483109800643,-98.37760945168044,-97.78905268972343,-101.693806833446,-98.83432565379735,-102.23106612989386,-95.5238875685642,-100.31805103552138,-95.44006663707208,-100.3306238675633,-96.43369523394277,-98.18582467150414,-92.516840722249,-97.98615643852301,-95.37893509238509,-99.9984724033922,-100.91177433546177,-96.48572224924537,-101.54437307950644,-94.82279632435488,-102.15679003353192,-103.42246688654237,-93.09341331831895,-97.21188809910699,-95.52557367655506,-95.61488801598854,-96.99123934150032,-97.723257923397,-97.28203813154447,-96.2409126434154,-96.27469880514415,-94.59603153251204,-95.7043554095491,-93.87717553621592,-96.49267355504689,-102.6050223819477,-97.53895184264387,-96.68747623575774,-90.29964450723361,-97.8297403550947,-90.52950215197843,-93.62763874911602,-100.06990895127997
2025-11-02T00:32:50,AP_5_149,5,149,wifi,5745.0,0.0,0.0,-103.70327913054244,-95.74815725288144,-103.39064686532234,-95.64919009583645,-95.75522805853062,-100.10810915846588,-95.08077444435385,-100.62535407720395,-95.07117370882716,-100.02308154089629,-91.40064846014286,-98.79314047957172,-99.51921026122743,-95.62436923373788,-98.56501420807837,-96.01214445916008,-92.28678501370804,-96.84742393852797,-101.70880244396098,-94.49547685783395,-97.64390563650771,-90.54499815714776,-94.04029354331733,-98.63729199066175,-96.250853780449,-100.38612492741966,-95.69940460403345,-102.29716655553683,-91.8126788027178,-95.56447113501821,-96.74640900113071,-95.10750584338118,-88.62891878133549,-90.03248617013134,-98.48599536564294,-103.25599589817054,-102.33015597663592,-97.19372255711801,-95.05058165910836,-98.25523653289322,-95.41412386870907,-97.11342299834025,-95.82761999815902,-92.78943502270076,-99.77413110892363,-90.62556849053817,-95.56219137676018,-92.48315697454275,-96.06859393892276,-91.61233758776925,-95.01011826734155,-96.74698886697617,-94.64871171521577,-100.37115230817038,-99.82941006957914,-96.98751083542453,-95.81688839939561,-96.49500327628056,-99.6809600548768,-101.9163975073137,-99.08159037946922,-99.19956457627902,-90.8358529852211,-96.3885286277746,-95.89661845473825
2025-11-02T00:33:00,AP_5_149,5,149,wifi,5745.0,0.0,0.0,-104.74246768320147,-98.86193784930987,-97.61050402064205,-99.51046949983969,-106.47859018749116,-99.77887193406634,-103.17531726591541,-95.60569089103649,-95.4825859308411,-94.70565385057054,-95.2638287077721,-99.1122435970421,-98.11272501352428,-96.5605231779058,-95.45844644461963,-97.61302498217381,-98.03105359385128,-100.8781293396456,-98.2612833759388,-98.82033147176543,-100.58789864419134,-95.78513587310304,-100.96452019636337,-98.74690762300685,-95.53140458531756,-99.40403734107002,-93.38365074548136,-97.12475393832808,-99.04014524997204,-96.13109538386169,-102.01827266279543,-100.54953859298365,-98.50948025177425,-96.48145845740747,-98.02314355534908,-93.2330624935203,-98.3413896902298,-98.80222827804587,-102.12854850460981,-99.37161278526443,-93.72209969949263,-98.11773734232766,-93.81111992341172,-96.64143747180353,-99.26560282800519,-98.59267493793377,-96.47678445624857,-96.29732084473083,-100.23511780704396,-98.1786221077491,-99.07499926524238,-96.51687386930719,-94.1921889253028,-97.65989626381105,-98.79432677196273,-99.71709598031607,-100.00514711359246,-97.75483643306774,-99.57575202211606,-98.0820714246567,-101.67856719910102,-103.42817173178122,-100.84008262924168,-102.21386890366861,-98.71443025114513
2025-11-02T00:33:10,AP_5_149,5,149,wifi,5745.0,0.0,0.0,-105.52360036261376,-102.96874731952487,-96.03199629215885,-98.80517305905207,-98.96051710675653,-101.00423047035011,-96.76711473420974,-97.52078223506848,-98.96371416770319,-93.60711496668328,-101.75600503583352,-99.96602822907813,-93.95686273821107,-100.58117930416371,-96.71032319795214,-102.62708930259778,-100.27042873171241,-97.61372264293487,-97.76296723773636,-94.99017529242346,-94.92789719439378,-97.06854759063704,-98.96579166219419,-98.89848442539495,-94.0326482196642,-100.54074042182496,-98.24966627409842,-99.53562417746704,-98.0524756619727,-99.65980617939125,-97.18783626331951,-98.90632135123572,-99.21845489591199,-91.95112887291121,-100.31889318292782,-100.47324570719958,-103.12299151778791,-97.8269010592722,-96.2092931327598,-96.15386735994875,-100.98465263897965,-100.05253207632587,-96.04264483573812,-99.56336154677956,-99.73162525551544,-98.97851752138625,-95.94127604936489,-99.06825269724085,-97.08237586403222,-99.52434044512333,-98.30967673474672,-90.99911141216083,-101.56464198707307,-100.41039123108222,-97.80471218425626,-94.6886325712047,-94.00083048138139,-98.4454720041432,-101.08247489546936,-98.07143201134697,-103.46520390988962,-98.97890809863846,-104.6704795929464,-101.81473012176734,-99.2801420671305
2025-11-02T00:33:20,AP_5_149,5,149,wifi,5745.0,0.0,0.0,-103.22828417925876,-97.7317661528422,-94.02464475833196,-98.0248921403224,-100.46125817385354,-99.00325148763832,-99.0815490556342,-103.47520119053168,-99.13786253359208,-95.93143382726069,-94.84908301298577,-93.82212590939007,-93.27355228455686,-94.09537213734122,-93.48513528896008,-96.70038454157238,-94.79698416187446,-99.24204949743518,-101.7460738708218,-99.85175596229196,-97.21284864421162,-96.7354724145835,-98.57065193386968,-96.43219197746541,-99.93123644964416,-94.00072957654558,-97.5869104046646,-96.6023866230127,-96.0453212121493,-89.1951777439553,-96.60702473078629,-90.60007786195123,-99.33060591981132,-95.71614896308904,-97.6704761630586,-94.6337572276824,-99.19470663197575,-98.2691715132834,-94.05497161940876,-96.33270574692152,-93.25804530371344,-95.22596346045547,-101.32442243309322,-98.4243970456842,-91.40565294542762,-100.52916533522028,-99.52032700583781,-94.69630979300747,-93.46666423456678,-95.33675740290488,-101.14048029991812,-96.80344525631949,-98.02483774736801,-97.7438228613857,-99.19286872729516,-95.4707788297761,-91.30645627742332,-93.93997366409734,-101.44271988218708,-98.74888185329279,-96.215107391115,-92.88017343952134,-95.85439562350435,-96.47903406280099,-89.1394438396084
2025-11-02T00:33:30,AP_5_149,5,149,wifi,5745.0,0.0,0.0,-103.26358216782768,-97.25028787594059,-95.57734169864035,-97.0759395316423,-96.00374621918496,-103.22491996952951,-89.43990339460312,-95.62883482662511,-96.3176809790812,-94.10856239902539,-90.5452382534951,-87.34039083199568,-93.7990690486663,-97.97399741927696,-96.62811633186476,-94.92127438635802,-97.82488204429785,-99.11059864681394,-94.29646546925913,-102.2796969082829,-99.94392073201882,-93.80370917190007,-95.72166836804719,-98.8122121462922,-95.44878137488479,-94.31146456697806,-95.1143249571265,-95.2052798885918,-96.51373812917092,-95.34735595199975,-89.69473556298053,-97.74969287996265,-96.73840945822488,-96.06198976525553,-96.97510500156838,-93.77137073294966,-93.24846221191174,-97.48068038092629,-96.44493565307846,-99.87116217036329,-94.22822596448098,-96.91514444795472,-95.08853139249575,-93.19305264238601,-97.47844084610666,-92.25229323348486,-93.25269535341593,-98.22477408740232,-97.25714003067601,-93.7433586947521,-97.95890758133656,-95.62928983167518,-96.93929054984206,-101.79303425809795,-96.29704006907356,-96.00517074168714,-96.33885252621178,-98.59185512949588,-94.68120565775396,-93.99390725094554,-95.87754996337556,-99.35231525844645,-97.459538839261,-99.87163617287118,-92.82480733916661
2025-11-02T00:33:40,AP_5_149,5,149,wifi,5745.0,0.0,0.0,-104.35016369565152,-100.65840483393247,-95.25015348048737,-101.69074758377101,-92.92212219273496,-97.129687608467,-98.91548051257811,-97.89522703296883,-98.21094133701698,-98.81470244153718,-98.64713726054167,-95.73761184277332,-96.81191939286305,-97.22896210768477,-98.61976056948544,-95.42634802332131,-92.13777002304771,-97.25426720537506,-99.86084336830223,-88.8751796213817,-94.39305484123098,-91.6237110791909,-92.7533065321616,-100.74169486355679,-94.74046820470554,-99.16391666271313,-93.45148278716957,-99.62872903670677,-103.83808850857173,-93.23026523246185,-94.30758197708403,-96.82032392801716,-98.61249221823276,-98.32801755123182,-93.82336688798067,-97.0032924792397,-98.78897675524932,-98.2260643423734,-98.72195736108966,-95.03910702517781,-92.37928187747782,-93.89904618719152,-96.32177310845191,-94.79666588638392,-97.5717054155845,-102.02901242545235,-87.45157139713743,-92.34732893620699,-95.10413381953146,-98.21492375235601,-103.91186503120764,-94.21837138402164,-100.85711604078101,-98.29333465117773,-97.55180283256698,-97.57799028801512,-91.73517996664282,-90.65491333685773,-104.17708172638817,-98.33255832387911,-90.50756147491701,-99.53774199183616,-94.06724898448942,-97.60838925740839,-96.57252114535012
2025-11-02T00:33:50,AP_5_149,5,149,wifi,5745.0,0.0,0.0,-104.01128876063495,-101.99733901051187,-99.67616993657163,-97.90458330323632,-97.05850660445478,-98.68965239787077,-96.77687238617118,-95.536875054775,-94.63607825598102,-99.47696035599938,-101.24001216586204,-88.66108152610592,-100.63959582943016,-96.21423638433392,-93.47212440718344,-94.64781012231798,-94.94618970892573,-98.29597592770118,-98.69078526885023,-100.26339463773364,-93.2330168500034,-96.64008448046849,-95.96110354611764,-99.75144023766192,-94.63295960030668,-95.31004347811147,-101.48966164318956,-98.25198298475827,-95.53120827166127,-95.6885348965058,-94.67851134005649,-97.04271740513329,-95.99032983168563,-93.6732823193569,-92.02252238620451,-97.25529745497732,-97.736651349524,-94.22776205497874,-94.16530939542179,-93.27429020668347,-96.2432783583755,-94.45949514027458,-94.4003150832478,-95.81634813396829,-94.06892178204458,-100.89881804868882,-92.35100230035611,-97.22111344464086,-95.89787927872896,-96.97971275798159,-97.13907170020896,-93.44290813309634,-90.66856274932742,-92.79726798130086,-91.22419927911342,-95.79875672773242,-94.28927009559905,-100.3230425028562,-97.15746692960347,-92.64560080301915,-95.42104302702525,-94.6129307036043,-97.53603974978274,-96.62138162647662,-98.15406170253081
2025-11-02T00:34:00,AP_5_149,5,149,wifi,5745.0,0.0,0.0,-103.80474968891089,-95.24696265693788,-96.94747255842526,-92.87239467910909,-93.80326060083094,-97.81551052735509,-97.29536932143023,-91.69381742342684,-99.48409580574594,-100.91562712433895,-99.9264182023206,-94.26810997149468,-96.08657429322531,-95.15284109811023,-100.7021627690987,-94.2762934089455,-97.93461679591651,-95.87690687340194,-98.23064396751293,-91.68817309945644,-100.76830248875976,-92.18879134142203,-96.83593274485705,-96.05017780254552,-98.69715612444375,-97.58570864023658,-93.85586526610388,-99.28050786135961,-93.9184447385203,-96.26428744977503,-99.65441021333132,-97.83185927329482,-101.92603847103138,-99.13606148129617,-94.93859173234225,-92.0484760552222,-96.13767122937283,-92.91420234342719,-91.64490372927403,-96.11632798011568,-104.77435688773755,-97.65100329231268,-93.62057095224023,-96.57576881736777,-98.88817716896354,-98.66945943247033,-97.65169856840497,-93.27974294508864,-95.64293670505648,-96.43468192669644,-96.0219150226757,-98.06494578998205,-96.12151804473446,-100.69007249979676,-99.10966462687526,-95.81687084815519,-96.02301525276701,-98.96392190023192,-97.77570907231103,-97.69123320540922,-94.15126057898847,-91.08965908131864,-98.74663677360715,-95.46583590516184,-95.90825662639257
2025-11-02T00:34:10,AP_5_149,5,149,wifi,5745.0,0.0,0.0,-105.56297715509191,-103.53758397619652,-91.9222185502349,-100.88806809866534,-96.65237998961763,-102.66084716135815,-92.23998267737763,-98.98403516377468,-96.13569702582934,-102.63104309403214,-102.25360249111004,-100.33962553392662,-102.42899578328212,-100.56621904764214,-101.4308259284313,-97.94060548254491,-94.68157893658109,-97.31493250276569,-96.7636388615405,-98.82610882736562,-102.68262428103279,-96.77864006142988,-95.78298833259304,-98.45270672716057,-96.37445569842868,-100.89582627811527,-100.61956220022918,-94.67616602030834,-96.153693606798,-100.80036531623081,-99.48553774087543,-101.43101234793826,-95.88168830016794,-96.7760811645042,-98.57703064268271,-92.93176440575976,-94.9157622601995,-97.93153199294291,-100.33149545289709,-98.43674322665572,-97.80153956802049,-96.89127334108193,-96.4866018593929,-98.44766612629238,-101.80863014973495,-100.94051500131611,-91.98699854405776,-101.68810970638344,-100.53651931069825,-98.87893450324442,-102.03816934190674,-97.09558345043818,-100.59301180480443,-98.14700997583935,-95.59308347788807,-97.55011876324706,-99.90669188917191,-108.26146264101143,-100.49180270475658,-98.4210697365805,-95.80566804784462,-100.55515797323147,-103.21153783079966,-96.28705261386958,-107.53151195686314
2025-11-02T00:34:20,AP_5_149,5,149,wifi,5745.0,0.0,0.0,-104.49171767352891,-97.91882852621853,-97.81989759337235,-99.02282389035909,-102.78447458289556,-94.95007275047384,-90.82814071345884,-100.18008881403081,-95.76010220472945,-105.32911247993465,-102.48946521432276,-98.58649481896761,-101.63541598120509,-95.20466896403002,-93.72163505535238,-90.32631272268642,-99.04863484794882,-99.28380419265386,-98.35345353542651,-95.28534067606013,-95.7807546638789,-94.60255161796675,-96.2304950454239,-96.37427683681834,-95.99283435559082,-106.045864186822,-101.1618861824896,-98.97772961047662,-102.40409405856681,-100.16291037794907,-98.74017043603837,-98.81206913926373,-96.64515161103276,-99.3044680956605,-94.82321189382745,-102.25232286167865,-100.02758429837219,-97.12182243011847,-92.74989200201827,-103.48575476815256,-96.50803152470542,-102.58410364818869,-90.35468056704202,-92.14940210318066,-99.77082040020969,-98.85861783494413,-100.71443869194023,-96.69471898668411,-97.43691556859396,-98.58477908114878,-93.72638837006538,-100.95722404831602,-100.4332390287723,-98.40337776958171,-94.05553236408423,-97.5555439688463,-97.56378427815723,-97.55525146696331,-98.20699707502861,-99.78530147065521,-96.75836953694606,-105.61217889181421,-95.08931506990145,-96.52127919363595,-98.14922878074884
2025-11-02T00:34:30,AP_5_149,5,149,wifi,5745.0,0.0,0.0,-105.29325439588031,-95.69240550583079,-95.4892150579667,-96.81015558157314,-100.53216817561312,-93.63873608091632,-96.43234861931431,-97.56019754178502,-92.9015611487779,-96.98460654545157,-103.88158906341087,-98.14644833232718,-95.63605182686385,-95.65253916078781,-101.34665973576223,-98.9776017218004,-102.21909189763291,-99.87533423599048,-103.48374931772584,-103.31987937804381,-100.66437253593695,-101.4167954116501,-99.92138114310384,-96.88393457233475,-97.88484743780872,-99.219394218476,-100.34601804203808,-96.90827261700865,-94.1895722619591,-99.33996427205169,-104.29793944671863,-96.78039394862974,-97.19419565448176,-104.16048983110254,-95.48184540211167,-97.07144744900572,-94.50676738566672,-94.85050212180545,-97.80148237932147,-98.65133526664471,-100.26821498906865,-99.0362900759123,-97.26999279539243,-98.46482302612115,-100.34833875219684,-100.98884025551307,-97.93611719666481,-96.58300609334056,-100.11805165919671,-101.6032826693525,-96.78646358936633,-97.2018149593276,-100.83130325716893,-96.6884375590884,-94.51301550160136,-95.11090828474642,-95.24983408529351,-102.41788052647624,-91.08374219739692,-97.22536786343996,-91.95630386374062,-98.24633886233396,-96.30317220947023,-98.0217511319858,-99.71579612502026
2025-11-02T00:34:40,AP_5_149,5,149,wifi,5745.0,0.0,0.0,-104.41794287539011,-93.99232073900998,-95.67486119442987,-98.08316768547603,-98.36540919081318,-98.70089168022083,-100.86773536337188,-99.47674771824279,-95.01875470412858,-96.47744298859656,-100.32575628811182,-93.40481024211826,-94.51388722319841,-99.35292067508466,-91.62341094832699,-92.52673289874201,-103.44769443670582,-97.88968590984229,-92.88620440377757,-94.1594286512375,-96.9244497923845,-99.61686233670456,-93.77132393435345,-97.4687439846835,-96.69377965630545,-99.63817273745313,-98.6549043782657,-94.68139045991053,-95.53204373805816,-96.26035566433562,-96.52422928824319,-98.43036482849828,-97.63241265019614,-96.04986152670956,-96.2733391212119,-92.9245454803511,-92.42060353476721,-92.28223095029931,-100.9525812413192,-97.77236376292163,-97.81421123885455,-93.58637808012861,-94.64954812890721,-98.06379084599583,-96.21805647736905,-90.38937151964123,-96.20206390336078,-97.2977813610901,-97.1480777374118,-94.44727214065827,-100.77706142053808,-100.06131244987044,-99.21126600712672,-96.40574292145944,-94.80371771341889,-98.08533522886765,-101.64958075956733,-93.61252782922662,-97.98049748064945,-94.4183021482871,-98.99720069092201,-97.52887562789316,-98.19428995021939,-98.95077526004214,-97.66961591680764
2025-11-02T00:34:50,AP_5_149,5,149,wifi,5745.0,0.0,0.0,-104.81830076007358,-98.6291387799483,-103.19131890831275,-99.36456240583229,-98.48992775113224,-99.6609987284449,-93.2462825819087,-98.98674245787682,-103.06965666450921,-97.52219958568045,-102.06123970119218,-97.9674758632072,-96.39387136261875,-97.56256867770443,-98.55580724852416,-97.23095637265578,-100.03535763565827,-95.30687188782613,-102.92421139012768,-96.55155754540142,-101.0169101388725,-100.11139178517107,-99.10636491323493,-98.03738784621251,-98.02942266295248,-92.89531480131325,-96.52107933606608,-100.34627190722632,-97.10900324254149,-98.45344098912649,-96.03386160049301,-100.29560668676535,-94.57669258244417,-99.79438995444755,-100.46183794051838,-100.81438186536889,-95.42822241483024,-105.040410791052,-91.72008470416814,-95.53546762880413,-98.69185615632625,-96.01237549455145,-97.66385083255555,-95.64981200976173,-92.68290529654276,-99.74027621059057,-95.4751318011329,-93.29819462862753,-98.57542482391239,-101.16600366663718,-97.19809173822645,-102.25619501499975,-96.26036601883473,-98.96100017150766,-101.67292858104157,-93.26315137916836,-100.95372178378175,-97.08907077667287,-97.09176634165563,-97.38228273062646,-97.8470895765717,-99.34545915053289,-98.04362225494495,-98.73758425601008,-99.33534543299476
2025-11-02T00:35:00,AP_5_149,5,149,wifi,5745.0,0.0,0.0,-104.44578599526787,-93.71560536809503,-97.32887491876687,-97.17098406770613,-92.07891266563124,-95.32117651223228,-92.28041176922137,-95.88214092533715,-94.8827336684019,-98.40280225919267,-104.03736371485994,-97.31971036011582,-94.89904907117193,-95.85288719924932,-94.35055751827271,-94.51433046602384,-93.36407350495858,-100.73831996178521,-99.69662098170524,-96.59949202717013,-94.35065556945163,-97.20869784152767,-96.83555798053843,-101.02293842529343,-99.55487138536573,-97.80989566946731,-101.49956128599031,-96.00079947148517,-95.62893643917172,-96.08439667240856,-98.99083043402979,-94.73645137091079,-94.31065034375412,-99.48879974425802,-98.96763915221085,-96.74951221254975,-98.4507901052912,-97.31041510837088,-98.1750162312425,-97.69578480167063,-97.80467689940289,-104.21791123190164,-98.83117634424156,-95.9270806981932,-105.42304987430013,-99.96591646086344,-99.64990895753698,-97.38236200504639,-95.76844560535339,-94.888477786848,-100.6544125705335,-100.97135439751892,-93.90158965087967,-100.37547549611536,-97.18130420666942,-91.76455234052341,-94.91420887278295,-97.54631309591139,-95.82706460815352,-96.7532032834022,-94.82678203057225,-102.00515599080252,-98.79747564911874,-98.70601533242007,-99.30392950664496
2025-11-02T00:35:10,AP_5_149,5,149,wifi,5745.0,0.0,0.0,-104.7151026314004,-99.5024301193302,-92.72060280329153,-98.38424728491137,-96.56974943961009,-102.46715374248258,-97.57135945704084,-97.83119314894162,-90.35357747550397,-96.7481570010095,-95.55468269296686,-97.72688471080492,-102.2325174698376,-97.26060238199305,-99.82295625581469,-92.7178405744648,-97.28698692633535,-101.67129187329772,-96.62503110519293,-93.45643295209408,-98.2337714850863,-97.64127956906569,-97.76332138334274,-97.40283345723621,-97.47652360388796,-94.18310049142016,-95.90207798689174,-92.21922843485493,-94.99723676509375,-94.45438721622112,-95.98358774700995,-92.53288256699871,-96.45814530316107,-97.76484490684496,-99.7721025708339,-98.46641909757459,-104.42204283964409,-97.19231457072217,-101.00091731952051,-91.02833594531783,-96.42898371556396,-96.35755634594305,-98.4855999867047,-98.33346536964316,-97.30347396607458,-96.99959200369985,-96.27932022808422,-96.28915547025292,-98.68321970915055,-93.54418809020711,-98.95676801051903,-102.39093757704477,-101.61087209322102,-96.85988374761737,-97.45798282055353,-102.25984890678336,-93.05404173035087,-94.04528590865378,-97.0862102406952,-95.8036797715021,-89.9234117920113,-98.54599673996556,-93.14517454006034,-103.6968715792656,-98.42666714707426
2025-11-02T00:35:20,AP_5_149,5,149,wifi,5745.0,0.0,0.0,-105.11191305538485,-93.18096705123563,-102.55444642563833,-102.26464703716512,-96.67832035390876,-99.42902003657055,-97.10867717811719,-92.1416351890139,-91.99062024614274,-96.35691693009744,-103.42497780458709,-102.74848770090497,-101.6781196028238,-96.27430350079979,-93.35721547793463,-95.21806190430662,-93.8537391690752,-96.43329857884783,-97.31685163489325,-99.21294818741463,-94.91042429793308,-97.68889815546247,-98.67195890799995,-102.73015383715583,-97.83199145299997,-97.55097575994927,-96.50290327722806,-97.72648272751714,-95.36932321656752,-100.34353049926649,-96.36295700703432,-97.77398661953869,-97.56767093898131,-100.3264654278694,-96.07638469800929,-96.29871549027688,-102.91796349731418,-101.14133824880058,-101.94681250387029,-95.69973097012,-102.14585621919485,-97.42105800674656,-98.30976289216093,-97.6324961855455,-101.91870953269925,-99.9311213789479,-94.50962869327735,-100.23096684575722,-95.30413030370276,-97.24095752523529,-98.53289391735284,-99.15732377923293,-97.17365457458894,-94.1997297448819,-93.25533633742151,-92.30406145233732,-96.32006355800797,-91.1273915273251,-92.41856368689665,-96.76419135269681,-96.99340635311815,-100.70396548653147,-101.7059298200275,-97.521468788022,-97.0087609005412
2025-11-02T00:35:30,AP_5_149,5,149,wifi,5745.0,0.0,0.0,-105.86555666928174,-102.51603841801044,-100.95509119394042,-104.85761357430617,-103.86530247768768,-99.61127824811825,-102.87420926940554,-100.98647967530817,-101.64409063504978,-99.11995538140013,-95.17322781757203,-100.16224785520949,-96.58424670064291,-96.34854956776155,-101.88987618269036,-102.59648214353616,-102.14929039176494,-96.27473393328685,-102.68104410586463,-96.92999712870058,-100.81954002577153,-101.56996551191254,-100.1235977323562,-94.80447029255843,-93.69255846894875,-100.71262411366625,-100.07670677635248,-92.41410424594437,-104.32244609838945,-100.24810990260578,-100.62227271119825,-97.46704256681683,-95.48645907756384,-100.71222762898338,-97.43566500939069,-99.82368860999281,-97.53610006115915,-96.34696424754499,-97.05052108870936,-97.89203804901216,-99.34668911954671,-95.6412863938143,-96.46042802688959,-99.34924859284402,-106.39244132695234,-96.78312993921085,-102.15120221685316,-98.5439947072732,-101.73279988461549,-100.26191783168593,-97.15128934432134,-105.79857268924239,-98.97897274912881,-99.80326896773487,-100.43664486699419,-102.43860656247318,-95.4874939388123,-100.33906015253442,-96.45478284491752,-94.01233987534059,-93.89459274240812,-99.42640795622617,-99.58701544765027,-98.85081389463811,-96.61494027934505
2025-11-02T00:35:40,AP_5_149,5,149,wifi,5745.0,0.0,0.0,-104.40720363956767,-98.42575028159116,-92.46958673831422,-91.35547735835465,-100.25355715748489,-94.07291029469533,-99.11838190524836,-97.6659350185361,-100.22485399679793,-94.62475589510902,-104.18091485210485,-100.7489166369395,-93.60887587088054,-98.9646615643265,-98.64729429943418,-98.15368478850071,-102.65359722188175,-96.93093998066722,-89.3591003120056,-95.38459295893529,-97.99676234580969,-99.20006260856341,-90.58333015161988,-97.17205479226996,-93.46976065554284,-95.38510278401749,-98.79254733485146,-95.99793122922529,-98.05604635187564,-96.85204568348388,-101.56336217055632,-94.5327132668758,-96.22433724263594,-97.91198922496237,-96.70007156889105,-96.66983258350935,-89.08757611124419,-101.8323616493726,-97.27724199619375,-100.7736265439604,-99.85025503799201,-93.90444151207362,-100.17664682177569,-93.91057526227077,-102.75564676980416,-99.095053861011,-97.54416145056196,-93.96624057573419,-97.53955901479551,-93.64027528097822,-100.54309534038545,-94.43019531109631,-100.4664912137708,-97.41442042117951,-100.05170152968022,-98.26399129692534,-94.63515104503823,-96.86688122494297,-100.23397243633282,-100.09244679037157,-95.76097816171368,-100.94958216132163,-95.07489048901252,-100.48575853982148,-94.04374586202634
2025-11-02T00:35:50,AP_5_149,5,149,wifi,5745.0,0.0,0.0,-103.6416421564837,-93.73584183340299,-98.66759191737148,-99.1128655113808,-96.60221392837302,-92.05211393363068,-95.0013055263414,-95.77389153807475,-95.32102552643565,-96.37173826867586,-95.36209581502142,-99.42928099301783,-97.64353745755379,-100.67355271897682,-99.59773152748181,-95.86187458217061,-97.41708626667689,-98.29182288072722,-96.10035722667293,-98.39950702958595,-94.04700630667793,-102.30405632691463,-94.44749669405401,-97.14730258611041,-93.96386389737201,-97.98200884323943,-100.05027979926935,-99.9343757942616,-97.59894474699975,-98.02266736984456,-97.29955150036871,-98.61419360483195,-88.35435461228556,-95.63660352676892,-95.93615287548549,-94.95253055589357,-97.79829960545652,-96.27195269809005,-98.08524023896916,-96.71980659452502,-93.84792093662253,-105.25498346280898,-96.32815072696974,-101.94964582957269,-94.32687325388262,-95.96447812846803,-97.6456124306519,-93.71784288514438,-94.45507083545945,-91.46424727592279,-96.13488901433898,-95.19376328616171,-101.89962440975289,-98.19564828271842,-97.82544123599021,-99.91143087651086,-99.26065897306032,-99.72895349858234,-93.7702619422771,-100.12535593976395,-98.053813252541,-95.18922115841744,-100.3611913389037,-92.70318826621191,-95.33593319303269
2025-11-02T00:36:00,AP_5_149,5,149,wifi,5745.0,0.0,0.0,-103.91565011291229,-95.14655853095967,-96.35687407233634,-97.4965982931982,-95.53103844259248,-98.63805244819399,-94.15038443927574,-97.924933489641,-102.11864619150934,-98.88336618420354,-105.76616764621801,-100.77346450247757,-98.86079142483952,-94.31305034025253,-95.42522538086124,-96.66658611061276,-92.94914514534362,-97.93839885840492,-99.34467166541508,-102.33157003036249,-96.8507903354282,-91.65468229891412,-95.91155398617386,-98.37898311444394,-98.4840021163952,-93.90657345676556,-97.05804604175555,-97.55197990642654,-103.37168351448233,-96.714312374219,-95.33385014332902,-102.80101844846632,-96.39603880071027,-96.38925105041032,-97.49008602634743,-96.23789830499634,-96.33124684666676,-99.57234436840164,-93.84195361555919,-100.20369528041303,-92.47836310194728,-97.74552289715257,-95.82006491837362,-96.55696796348589,-100.46639726224751,-98.31464500517464,-92.21159065192306,-95.85695151754759,-96.25005575087486,-97.1779047006532,-101.08398291237674,-97.58852944284061,-97.76864492975349,-94.77623878221212,-96.46249385354406,-94.54492052471232,-97.93736556795368,-95.70990445707751,-95.75108842804978,-99.42217852256839,-98.5435750217931,-97.24385309727772,-94.51863363518227,-98.9540122892954,-98.79279483734359
2025-11-02T00:36:10,AP_5_149,5,149,wifi,5745.0,0.0,0.0,-105.08994363514326,-101.20261595695224,-98.06838582707775,-100.0368318066699,-94.62814630342399,-95.4110187706051,-97.23510151688939,-98.12415963879208,-97.26841409968533,-98.33092856125921,-100.84301657340256,-97.87792871980044,-99.77827088869958,-98.36858088620973,-101.40886750796889,-98.23432884047797,-102.944882042367,-98.29357879510484,-97.16784725862094,-95.79136917998399,-99.93800816051808,-98.75497009793857,-99.38248433436891,-96.3535421784297,-99.24018119556293,-96.5897728084235,-102.2873241271533,-94.6848853534605,-101.58293349636077,-100.95797912806489,-97.39621949463287,-95.02525243512322,-95.2791104849257,-95.74390973883992,-98.51217097537338,-98.2588152652465,-100.01295249637766,-98.18635202862508,-95.03281141254645,-94.96644645926575,-96.53419227395706,-96.38714050791569,-98.1197378484356,-89.41498607502999,-95.20144528261261,-98.89691933710824,-98.99196350565168,-98.20495099272289,-95.89916486030621,-100.06077504368106,-99.87748717763726,-99.8281331023248,-99.920506483731,-97.7022487377711,-99.33305166144365,-98.80705063483623,-98.54457615897704,-97.48926101589775,-90.71815287500858,-100.634784490874,-94.85158278772933,-100.47815190728859,-101.89551402122848,-101.06851414132701,-91.96121593408817
2025-11-02T00:36:20,AP_5_149,5,149,wifi,5745.0,0.0,0.0,-104.75283668204098,-92.19222690502178,-93.17916759326178,-100.97123964000083,-99.9292327964239,-99.69579518928033,-97.76859934552822,-98.45823577167663,-93.5613740007514,-99.03817775429854,-97.73356831004641,-98.44188634355551,-91.89218957455662,-97.34314784333439,-94.08733293548414,-95.53974105552413,-97.51309160540157,-98.80305268296601,-96.86292710656069,-96.3048837570868,-93.10355688783658,-98.22233320793629,-96.46989789267008,-99.42777544401203,-95.16152169817848,-100.7410102756532,-93.79072329631978,-96.03641593957903,-97.7299080548733,-96.82064005216355,-102.70273538712908,-100.14925102244047,-99.78013061151177,-97.86507778831563,-93.03060367796564,-95.119918408284,-96.74470482993635,-91.85236404717105,-95.50534128637338,-99.32461677364702,-100.7380576488594,-96.72767566825947,-103.82077345575446,-95.80112129651322,-92.42684078432282,-100.95721324280532,-96.12043853937656,-98.65873564720629,-96.34805069520982,-95.06954107482284,-101.05698416213546,-93.3111529735069,-95.27685905228604,-89.48169135320256,-96.74745436678303,-99.64873991102623,-100.18422648684033,-100.15675525805068,-97.26433659719116,-101.37504668196891,-97.53418389147963,-97.92077961334815,-101.11756235737842,-100.33383182358536,-98.44666350821814
2025-11-02T00:36:30,AP_5_149,5,149,wifi,5745.0,0.0,0.0,-105.03975152770094,-93.69252088662473,-97.09177843794434,-98.63877013331823,-99.42856888140523,-95.02838556344419,-101.1971468506111,-95.14575400599888,-99.62351911666512,-94.16663929538528,-100.07131125625789,-102.65251316839169,-101.43174258378153,-93.96331937019822,-95.29900635387747,-100.72784937078725,-97.82331976043986,-95.96843189002361,-95.90359124843144,-96.35703398118454,-100.86965411400718,-99.29497734695177,-92.57135516697174,-96.65093116880355,-99.60413061435784,-93.2602139715466,-94.4074043827462,-97.02171753299338,-102.51503835849587,-100.47707407072751,-96.78790125335607,-93.64548831035687,-99.8295908558957,-96.68479027888569,-100.33243008037631,-99.6634373098133,-92.91008120412293,-99.08105778525723,-96.87947984417379,-92.04318167396106,-101.05205771470774,-99.877463937995,-99.42875872116353,-97.34962146175505,-97.68486134221277,-98.13277176954217,-95.12333684486558,-98.01783235309529,-94.24748513594938,-94.25361978845062,-99.57906376927481,-100.46868296149363,-99.20142545884383,-95.22701111182818,-103.31671189366224,-100.63809642656953,-98.58084706499021,-96.93085323854272,-97.7730235984737,-97.87851832179514,-92.88671748179371,-96.97216891623087,-97.26708339971633,-91.60122046234434,-99.43459317456428
2025-11-02T00:36:40,AP_5_149,5,149,wifi,5745.0,0.0,0.0,-103.5558493978579,-93.08369753716036,-95.20531097048652,-98.17324337918079,-98.12823581656104,-102.51237715022035,-94.33234104424066,-97.2627819457921,-94.19605055364161,-93.59751803056474,-95.66386308942421,-96.95739040066594,-99.03219151802953,-98.71878868333829,-94.85386282161531,-97.40285360185933,-93.94717598028194,-98.35754975445987,-98.82074021230996,-91.71632161921536,-93.86393923612562,-97.6549618711199,-97.05365844203847,-99.79262439460899,-93.07997529916116,-90.63627011341909,-95.26734172874907,-96.38784278368429,-96.96437162394663,-96.2222876739344,-99.32155145962686,-98.27142142583205,-93.2217946988821,-98.32649076311922,-96.63393608271338,-90.59849879062264,-98.83729487127944,-97.12021588544977,-91.95397485902305,-91.25165032417114,-102.38615439392196,-96.13747975140932,-92.86898905985879,-100.68425247164497,-95.17432775244852,-102.04562124217037,-96.65946091886059,-99.76610159382602,-96.92198440930396,-100.82707601650989,-95.46892123243384,-99.17154467762012,-94.7333268593275,-96.56509770653315,-93.03387585219762,-95.56967898225744,-96.54239315492569,-95.98455093987394,-93.86266836876223,-98.90100427430608,-99.1439604369561,-94.66021906973049,-98.1660301181442,-93.83273611902453,-95.98252195915082
2025-11-02T00:36:50,AP_5_149,5,149,wifi,5745.0,0.0,0.0,-104.08431444896468,-96.3789175049635,-98.21379956843701,-98.91867835756517,-96.72457422163099,-95.75044000248145,-97.03426636452554,-97.88264761442285,-98.95799900688488,-96.33088799691157,-95.75997370153372,-91.12982155234761,-94.1774869158482,-97.29892053428178,-96.68458266636696,-97.48976158472674,-95.39262802127932,-96.59530800563738,-97.94496509883244,-96.86550980964786,-96.94008045253136,-102.02585215046892,-97.4655944629485,-97.3843838968125,-97.05648659652016,-92.84650063690665,-95.30472207510599,-94.07908134180389,-97.85165219497428,-93.49158688985885,-96.47874416581148,-94.23987254273453,-97.04209289490493,-95.72411863695186,-94.57583405644331,-96.54022808566552,-99.96705406418842,-97.82976198841044,-99.42301805105868,-102.59435199081594,-101.74591175799897,-96.9141474224665,-96.78400068619163,-106.48286419336762,-91.24802258431296,-95.91071355454467,-91.85997729746998,-97.41710754353495,-95.5761466774505,-98.68879612550037,-92.46038240127933,-100.7204814988746,-94.62973309954428,-95.71947546835739,-98.30566927814341,-92.06388069635811,-100.64385124060682,-98.26556443553086,-94.50126438523121,-99.21667538576321,-95.3314866116682,-100.09589809712213,-92.19506347445616,-91.11412094958112,-99.43066871400214
2025-11-02T00:37:00,AP_5_149,5,149,wifi,5745.0,0.0,0.0,-104.31678337191403,-104.22920941804877,-93.19343205426046,-101.56064846664977,-90.59189686478668,-102.23618587036741,-95.07821680370738,-96.02561384703124,-93.98379941807956,-99.79511483679484,-99.48952942823345,-95.29138539020973,-94.36323908879618,-94.21469237248908,-99.2212000253175,-98.13493579161064,-93.81048387714624,-104.27827617762682,-98.58482382472599,-98.36171463850405,-92.98086813988725,-97.85770453648087,-98.03759139346268,-96.53028906446634,-95.74680407606182,-99.63941469569949,-95.81946021674796,-96.24409108919866,-97.6120151477518,-95.2789567632365,-97.8302464765804,-98.68068444920986,-92.75006198968565,-92.65267962041706,-98.06839544892193,-97.36033332013166,-98.64169873889432,-95.25331377598556,-94.86726134337498,-95.58466023274195,-98.79534794469528,-96.61603007752771,-100.28921052502584,-105.4033385291187,-98.68111050141552,-103.96024599367024,-98.60814287375398,-95.46906815217356,-100.19878460427017,-98.46033700101452,-104.74403554897117,-86.81357340697686,-100.35219531979313,-98.19985328480173,-96.8376531966518,-92.11124108541802,-101.82051240497344,-95.54211155592276,-91.14181967420033,-99.47133744266692,-94.27495425369386,-98.08368510819977,-97.96763293025818,-93.63797843345971,-101.09571967205743
2025-11-02T00:37:10,AP_5_149,5,149,wifi,5745.0,0.0,0.0,-104.42341208878904,-98.5646655202665,-99.83452176835681,-94.26406668043576,-101.56727258167263,-94.99338122303519,-92.65204900590051,-101.38246325633665,-99.5405210988866,-95.84017163839768,-95.42342493215915,-96.57544656965855,-97.65211812868142,-95.04688606207242,-94.72559255304189,-96.73498399972188,-100.57325717388021,-96.98007200483428,-100.37713898020411,-98.53643919724985,-96.98567902249678,-95.5168892460776,-95.28944595233878,-97.63341423910835,-94.73712545388565,-95.25411368407924,-97.97508609498915,-95.31984259168193,-101.44841868202013,-95.31377735801011,-100.38056077755195,-97.24272270617926,-92.22644879057967,-101.32410697961306,-97.57131059614159,-100.02536268876797,-97.65179356076466,-95.25147610443463,-100.83553862478318,-104.01818995155823,-98.4438446475332,-96.4043971181249,-98.83812555700945,-98.54103233692986,-97.98733803948869,-93.56226603057648,-97.46897967523051,-101.65404705108398,-95.74619954934636,-94.06059847856427,-100.24748165196273,-99.06194990762633,-95.11361072020142,-98.95263579689524,-101.35533831756825,-93.28066458751675,-95.19105788116958,-97.71226633582543,-96.07005268571088,-99.05431964812036,-96.12267628247369,-97.44549301297346,-97.46325581608107,-100.23349695297304,-93.82617939716427
2025-11-02T00:37:20,AP_5_149,5,149,wifi,5745.0,0.0,0.0,-105.60160394477458,-90.80499650852826,-95.41664141686238,-97.90797758284833,-102.06230213912875,-101.24673660286247,-100.90434626207171,-96.27974329250976,-102.07886279607857,-100.1762305939698,-101.76808002741585,-95.6947660464338,-101.94995906788728,-96.80848229802712,-98.63065657310926,-99.89075336054786,-97.63639671450332,-92.58793698472782,-106.22149186632618,-100.51479251051711,-102.53076164873433,-101.54229550786934,-103.20127943323347,-100.1690858065674,-102.15095035105942,-95.16984461335724,-98.56573184981664,-98.83665016441023,-96.4226058443975,-95.62910718080262,-97.87350441692564,-99.9212899283668,-98.21287333627602,-101.48618094602499,-98.73127630286893,-97.35613891465286,-98.7606464454984,-94.56166058107569,-99.33881360300649,-98.04560147025393,-99.43744745908445,-97.2559422488527,-97.23212823719533,-98.03674914835821,-102.66155584886086,-95.97431340908311,-101.59832954043388,-98.67624140015293,-97.61113151467589,-98.56452546054646,-100.68275288565859,-95.47978212352416,-95.75945194526973,-100.68690424154357,-101.89355293344116,-98.37844176840963,-100.54026112234324,-101.63914045222508,-94.19520188277284,-102.27531647224922,-101.05895857169054,-98.36312908927631,-94.86738572765837,-93.15094179862021,-101.84667554436427
2025-11-02T00:37:30,AP_5_149,5,149,wifi,5745.0,0.0,0.0,-101.42889364967427,-90.78741868353035,-94.55638209733013,-89.88015494338602,-95.24578071964972,-93.25415737232692,-92.99418174955522,-98.6463802026548,-89.7042381603949,-101.19569179531315,-91.34294384336782,-93.83833795960575,-95.67948983446568,-91.33773293999238,-97.0963072464941,-90.65248187214164,-97.26555771288879,-90.16210582197408,-94.60941077524639,-92.33216812368175,-87.03282174927445,-96.59687425521733,-94.87779033129486,-98.07062281757898,-94.01780532339133,-93.1185727591959,-96.24539426977961,-92.28570786987703,-96.9335278216985,-91.09113583173124,-95.43740154883149,-95.73114933402285,-93.48082890580837,-94.82082639631,-86.1580609820722,-97.0118826920672,-98.5700995889024,-91.96327161965024,-93.92256776104108,-94.7748758928633,-92.89148452989407,-92.21334909984982,-92.9257462710411,-92.06295970388855,-91.63353070427063,-88.72948419825154,-99.63080014810765,-93.60772854322421,-94.04469288311667,-97.32480603328966,-91.80296321933216,-98.74161761546665,-94.2425414397079,-92.41102463705279,-89.55226483609933,-90.2831765360898,-92.80536349906019,-92.70546449012454,-88.07901407105356,-90.940239184019,-92.32226845649144,-96.8482665058771,-91.26098283498568,-101.01468330785399,-93.30769523008439
2025-11-02T00:37:40,AP_5_149,5,149,wifi,5745.0,0.0,0.0,-103.946802192447,-96.65932040374946,-99.83015856132766,-98.29072000963079,-98.91797595088228,-98.13256768172405,-99.7948143377329,-97.78697570199962,-91.82849375138683,-94.56562586833878,-94.24652297801609,-103.43350833986527,-96.21939785182562,-98.04894962337026,-98.59217415831219,-94.87864691416911,-94.92467057905937,-101.8792922024344,-100.36138273675233,-99.82723076743885,-98.86768320854954,-96.41261484478963,-97.21075183593868,-103.81407083744153,-97.17106897940059,-98.88568391775361,-98.27780605774102,-99.76003104784498,-94.88058949443804,-93.72374595062487,-100.09607056537486,-96.60360128159978,-100.2503348660545,-92.91609447575958,-96.356824797279,-96.3846396160963,-98.10611411172292,-96.48422820085213,-94.27643255221675,-98.0563106316609,-94.70292808370327,-98.30469959296389,-94.71300809410569,-92.26586510409474,-94.34561279071674,-99.89574967433553,-94.37151474327848,-101.94130536336827,-98.76115408082828,-96.38715638878624,-97.67236249008818,-99.85093520844508,-102.22958550890303,-91.35064267955237,-94.05011483136748,-99.44519292331046,-97.15491649957,-95.45249934308194,-100.95970987222329,-95.94876907264181,-99.30976771674631,-94.72452896598575,-97.10819166500525,-105.38573551038088,-99.51034147371065
2025-11-02T00:37:50,AP_5_149,5,149,wifi,5745.0,0.0,0.0,-103.61386149738279,-96.76951262879044,-101.12155551315065,-101.03342505992462,-101.9355681488281,-94.59110744794894,-97.43697050911913,-99.49694720455672,-95.11011510948997,-96.4672208991662,-96.61148340426418,-97.90539711615355,-93.33977014181298,-94.05115060759343,-97.91405324126113,-97.44336062442403,-91.35710340455577,-97.54408039808361,-103.20326453381061,-95.36792050462574,-102.77337886325549,-100.0231093185129,-95.48715307554937,-95.59768812308434,-92.66186517966413,-96.86476007309706,-89.33546485838376,-99.883152063282,-95.50027112382651,-100.99208757321702,-94.46241104276868,-91.89574270356388,-95.57093487810485,-98.42644627392299,-99.05512801644154,-99.91459464623007,-96.25502569889733,-98.62500936937548,-98.33252499739426,-94.35693155335848,-96.66592466703905,-97.07440662352235,-95.12270425413978,-96.5639372399574,-93.6364049933783,-98.9973352118939,-95.87537884877555,-97.25189687533926,-101.31832364714549,-95.73578360197237,-102.87189274700246,-97.4277507396725,-96.90769750425547,-94.10106745796675,-93.42044517633249,-98.2506488531809,-98.38106785400704,-100.64928365606472,-103.09791343293055,-95.29389579643686,-96.42687555508637,-99.49504766163925,-94.19135935026087,-95.73387502969028,-98.45444538763594
2025-11-02T00:38:00,AP_5_149,5,149,wifi,5745.0,0.0,0.0,-104.56604718997737,-100.91719783759878,-96.4116774236973,-97.57136480535723,-95.35067223013999,-101.52152326669582,-97.55668082804272,-95.89913063665855,-96.28628737807918,-94.44290796654374,-97.55672431828255,-97.40030904118495,-103.87922469725548,-93.28327386827196,-100.77396219868353,-92.49646458535247,-100.07489226959117,-95.04853613005751,-98.80875257565616,-93.7298606014534,-94.838019180003,-97.64602182883054,-101.36992346794665,-98.45709123953905,-97.7833469164953,-98.1645097617109,-91.23946928768413,-97.96772378892766,-93.21974571677976,-97.47293192069299,-103.34069038533511,-95.0517852403431,-101.3465258002806,-95.63681637719127,-96.91785055269644,-97.25495922707954,-95.402320669374,-99.29436709931059,-92.77013620199051,-94.51431020630743,-98.08925589672587,-99.0254043298798,-93.26147726598876,-93.58346266852055,-94.92582020830636,-100.43782131151487,-95.04614831508229,-95.32526417609064,-97.4022529079646,-101.09056746813634,-100.60050707320129,-104.3372667076796,-98.49224137993508,-101.39762515553389,-97.65416569366124,-96.02561824483608,-92.7806624778381,-93.47399736067449,-99.83985116526192,-98.41458800670829,-97.56068887986783,-97.36036660703257,-97.20510658706971,-100.49080682126348,-98.89446356899839
2025-11-02T00:38:10,AP_5_149,5,149,wifi,5745.0,0.0,0.0,-102.64746518656287,-98.49796162693302,-97.0558317373246,-98.51334575901093,-96.45723345508502,-102.1936208265074,-96.97878404073691,-97.30010226976279,-90.24069594271026,-99.74982238233035,-92.78178452403189,-95.55400301428793,-85.58209555974904,-95.01074919240216,-94.70201498296632,-97.15315013255649,-98.9445953859875,-93.09237475334953,-93.94526228623783,-95.24434074465144,-97.62689509748942,-90.39937753389077,-94.07081375878761,-98.20273334852727,-96.47620520736467,-93.14049274897184,-96.07640082672835,-95.06288052902165,-95.49615197405073,-93.64480952911182,-93.07165388324066,-92.50038822155224,-95.80242769407542,-95.00691714241367,-98.47979515981125,-91.0762810051138,-93.93209117760371,-99.0988871507245,-94.26202406607652,-92.1234138112202,-90.07713808001893,-97.67667502790547,-102.20508029353715,-94.69691962719757,-99.09846145759289,-96.48268064343111,-98.470296231557,-91.91188792432325,-93.17460885717387,-93.6622472389872,-96.90861955643189,-98.99268227357786,-91.63060431973138,-96.76843371949198,-97.77697483144664,-98.88472652623824,-95.88693313312912,-94.14561820224952,-95.15198466591902,-100.60442903680791,-97.11365880669632,-98.1097795405273,-91.44614311712452,-98.25188256965889,-92.98287759400482
2025-11-02T00:38:20,AP_5_149,5,149,wifi,5745.0,0.0,0.0,-104.72403734316669,-97.45775068775166,-98.1161440678637,-95.91147777712119,-98.22718623495939,-97.62489505444509,-97.07753807286706,-98.06214520850881,-95.5641978367204,-95.64649660118903,-95.55796054048868,-98.1871459203002,-95.23140670872449,-97.7541909363084,-100.66061960694492,-97.92868011893232,-97.90402063182701,-95.528492013046,-94.27106995018099,-93.14427442147283,-100.02150491750659,-97.13262640869814,-95.97186625651838,-98.07179679826956,-99.52757276807009,-99.93141663715892,-99.91538829770786,-101.00308658854493,-94.26836800784571,-90.60425422649118,-101.45323226086379,-97.9791667743219,-96.21485924056788,-97.91183313311902,-97.89979633967177,-99.77981739390425,-95.8555797178485,-98.34469498253706,-94.08893896299405,-94.61731725039809,-95.929081972478,-96.98690592947048,-93.12946446410362,-102.30212339377053,-95.00681785154086,-101.954469401263,-97.26230636806677,-99.29632703726872,-95.65284096024563,-96.96455853389216,-93.32735306335135,-97.04955348706798,-93.29143948447594,-100.96515575151345,-99.39411033984734,-97.04609537781482,-99.65419601578328,-99.31408491311788,-98.5780240940162,-104.1747114951322,-99.7663350212856,-96.9931003164365,-94.72825448957575,-101.05510548554375,-91.2530631054075
2025-11-02T00:38:30,AP_5_149,5,149,wifi,5745.0,0.0,0.0,-104.6931278055251,-100.91994228219399,-94.62964856314794,-98.00287469684865,-101.0403976112121,-103.49402625044254,-96.2210339871421,-97.54527888527961,-102.82542871491208,-102.8824430615128,-97.87878486469603,-101.89229606023906,-102.4575097342257,-95.94218086059723,-97.77893280739005,-97.52707551077344,-99.45846863787244,-96.77637133718095,-97.58620296473673,-92.00982926552345,-97.96615080494334,-96.38894187894448,-94.85765958942474,-99.50825259450178,-99.19392140315261,-102.20632904746269,-99.36966326184475,-91.41919095676961,-95.50770913477226,-98.98125473007771,-98.986381166666,-99.22171294644,-94.24197139431764,-92.8380596769616,-96.96582289431738,-97.02867997401434,-97.23727629141622,-99.61413534086422,-94.20293431105381,-98.08752092020391,-95.13018860232994,-97.80467454730685,-98.50553838915974,-97.23201901545507,-99.2894131565792,-97.31027252318432,-101.68672744875226,-96.98188634514572,-99.64837701184507,-95.85394402124024,-100.90663853899588,-104.68913131463914,-100.00323505057686,-92.35758691266535,-103.82940732058785,-97.82364406717268,-101.0409429949256,-91.74098040529208,-92.10699038083231,-98.02440404810547,-99.09478281573371,-96.94831420408671,-96.92429480874748,-99.80087282501101,-88.82691507054608
2025-11-02T00:38:40,AP_5_149,5,149,wifi,5745.0,0.0,0.0,-106.22327966319045,-94.77658117087952,-101.70335171058692,-102.95939357818726,-95.76861335206041,-100.90959302581217,-96.68743869056509,-94.9714715480236,-97.99074632952679,-100.67951259349815,-98.29985100135617,-98.87830059213763,-97.97820549201609,-104.43944931003307,-98.03219686503355,-99.49588318902317,-106.10614327841088,-106.76029025205017,-100.91448974343956,-102.95537299760034,-100.69113618367622,-99.35309532453168,-101.51299697136987,-102.07455949955782,-97.70872230764601,-100.66025342752619,-102.95657635928086,-106.97820748398652,-94.81704010848858,-99.70577900560666,-92.86329060627698,-101.1388926194666,-97.86453451668517,-102.03706540775714,-96.86488341452663,-103.2902073439476,-98.43323002018984,-104.86900082651677,-101.57915111077104,-98.08815100352908,-96.93814152177364,-104.55813465537454,-99.86342254022166,-101.9613531686197,-99.73959822416802,-97.03645698064844,-101.20072736291354,-98.86878981983382,-104.32123395893966,-97.16449494984201,-98.50286002864253,-101.08060782362347,-99.26817986116416,-104.03323602800069,-104.41395739627623,-100.36160295498348,-102.43755748410032,-94.35571677618529,-95.1322155130439,-99.26039418144813,-96.57138689096242,-98.55296590301232,-101.2094586153765,-100.47384238738141,-98.73318217810164
2025-11-02T00:38:50,AP_5_149,5,149,wifi,5745.0,0.0,0.0,-105.52532254831225,-96.12007341472733,-97.92173914839186,-93.15997641678143,-105.05584093157017,-97.45950981507316,-95.95409692640904,-98.99058052080929,-99.83770842138443,-100.70329387481804,-100.01065691726478,-95.60906840514566,-97.48383719829701,-96.37136425062904,-94.89881985029622,-99.03023054110356,-101.38800854687062,-101.46987088492966,-97.56595658051943,-91.55826221227986,-102.61045196054263,-96.85997154881885,-94.26804749357505,-97.22618514642869,-92.91932279538393,-96.09008972855749,-101.45307234395715,-99.83309445039723,-98.68795987120637,-100.12568487788336,-98.98318294962453,-100.88450073894832,-96.20392488965102,-96.41014403427623,-99.81943301023347,-97.94806826071456,-102.49982744434259,-100.76561967953944,-101.58967281464842,-101.37971338325859,-99.93715573724323,-98.09546082313128,-100.07192013822505,-95.33568092950175,-92.72901221808108,-98.35457589265569,-96.23972811305201,-96.27518593596778,-97.83324473578844,-98.95724018336195,-100.6156095831911,-97.39700199939067,-98.86159352042317,-95.26694597016247,-97.12052644531575,-95.20960379794555,-100.18852546420055,-97.31103128334723,-98.77535263198924,-102.13092161958517,-92.1625269437094,-95.53789631933135,-96.99487707345472,-93.87595550727131,-99.53207224098814
2025-11-02T00:39:00,AP_5_149,5,149,wifi,5745.0,0.0,0.0,-103.3370572834055,-96.60530810283592,-95.01698991917311,-85.84631000097542,-103.26072607436805,-103.46393551905501,-98.85471876093385,-91.31888841176243,-96.8977096180573,-98.31945589042004,-95.28952092183471,-96.91057701214014,-97.83404713373987,-97.17530603111524,-95.39073391004176,-94.80700241214912,-99.16657336492372,-95.77644242657838,-95.76075447225242,-94.50558206032812,-96.36925122940322,-98.49550222324986,-93.60278760055719,-95.5600271152171,-95.30319837044136,-96.54857431459456,-99.26497058484719,-95.85002877818145,-95.60782629174429,-99.36946963613612,-98.20761563327959,-104.61905875542395,-96.60312282541217,-101.47797799561643,-96.34730604132268,-92.97783326328891,-91.11030869842635,-92.79903641759628,-91.30039996099043,-99.56834722695449,-95.7101337124007,-98.87488543097706,-98.2434726761487,-99.74138414480956,-98.11451833774292,-99.15203363325523,-99.5465583209361,-93.26423429989883,-96.3906348850354,-97.09999260275315,-92.5260906780905,-94.9031473011777,-98.54223235633553,-94.68451258128226,-97.07894344335521,-98.18409214612387,-96.30953918406956,-94.81919877218449,-96.75317997163528,-101.56093984480302,-92.42859564355268,-98.76144855022844,-97.2481577166573,-96.1691198358894,-92.67902297455427
2025-11-02T00:39:10,AP_5_149,5,149,wifi,5745.0,0.0,0.0,-104.36538212659278,-94.72145802058085,-92.49197820225801,-100.3761447340359,-98.87229535460065,-100.5251676662655,-91.62116405577278,-95.80245290372832,-97.02001880082634,-99.13519466764399,-100.68011240709934,-96.82541722261178,-101.71947280126224,-96.03245647301355,-97.88221647548363,-96.42262298813735,-99.86638135552401,-93.26476641741387,-95.79577200705444,-101.311468559699,-98.86805438118533,-99.17536201163071,-95.69463376848977,-94.59896659081379,-94.47125199951971,-98.27903953982289,-99.79995208055523,-95.10841076673364,-93.58158519217551,-99.77431588829221,-94.58375507742824,-94.92235689092927,-94.04411424998902,-101.91104267627989,-93.47718315663076,-97.17559251632213,-97.58171821040669,-96.94912454760183,-95.69269076126916,-93.4230539382375,-97.26395520323518,-96.17141548241082,-95.75770108674809,-96.90906322052015,-99.38012400365902,-99.99584308377818,-93.98861573265332,-98.43370359480777,-93.79632864042321,-99.19798819929314,-98.69045054555276,-97.6120987006185,-94.63090258102247,-93.18001120588315,-100.44376853051804,-101.77306531759703,-101.52650525565252,-95.46695133222714,-96.80319909013832,-103.0528908793271,-95.52035963511175,-94.9826984467876,-96.56866421604953,-98.45397789763335,-97.3652886345896
2025-11-02T00:39:20,AP_5_149,5,149,wifi,5745.0,0.0,0.0,-103.56353474158125,-96.37208837078768,-99.99268074587229,-100.83991062408302,-97.5769182872788,-99.83558924650686,-96.39276908444958,-100.31412914327791,-95.62636580025664,-96.9247486596773,-99.99014069243597,-100.71508993690834,-98.0733959711578,-94.14196466875627,-94.48738978102314,-95.1425716186432,-99.76240916361388,-100.15516366905071,-99.05200143458379,-95.41901023308492,-95.29628642943175,-99.46950358498971,-95.25771336948284,-93.7465569995752,-96.97168901513247,-96.85252615436151,-100.02439739396482,-99.59600634609872,-95.6317617731866,-94.19587977646647,-96.15836416360575,-93.68586078706686,-92.65594076734321,-96.33809462235584,-96.16417279652478,-95.61626247559443,-96.15872299903316,-97.33538944642156,-95.07463634079822,-104.15106665707431,-94.80221165642381,-98.37647170300052,-96.76373525740986,-98.73947233055557,-97.68224202527469,-92.6666982447779,-95.16319898899125,-96.93825037903457,-100.98809268674417,-97.54166874431506,-99.58421293510126,-95.82070956979288,-97.0047688487698,-96.11690194089347,-93.83034899345316,-99.17498746083358,-96.22253327372643,-99.72326783725282,-95.87681575449146,-94.24618107381613,-93.81061718578536,-97.71355415946367,-95.01201936443104,-97.44572971568971,-95.46522162519067
2025-11-02T00:39:30,AP_5_149,5,149,wifi,5745.0,0.0,0.0,-104.61784692305167,-100.96923177338121,-95.08628535547803,-95.2920039751427,-95.54307240756953,-98.68998710831937,-100.87890128278637,-97.06814585712846,-95.81646268901098,-98.31679543002225,-99.78664872499412,-94.29798308668698,-101.47203595715219,-94.65032728452607,-99.05569635282826,-98.79724374824421,-95.83786850381469,-98.40846763103755,-99.729109467283,-88.51900406184008,-100.58206879741918,-97.93937872303718,-98.63131716882724,-97.3683621786506,-96.45028543791894,-97.20611000172616,-101.90639898967987,-92.60601820614797,-93.66722020283275,-102.42187015935127,-93.83868886540165,-96.28059970208442,-101.02976950342502,-96.57594892014262,-100.24216271112165,-98.8789850083295,-98.16925980888242,-100.39774875430179,-97.61796623741468,-98.72479171428604,-97.58579739800528,-97.30505791773624,-97.48580655792031,-95.76580236261788,-98.99645056072688,-92.72417971661632,-100.73941535528084,-101.13903113522754,-100.64022371531853,-100.38375343409909,-97.8149403667837,-92.87540221090744,-94.9828851118491,-99.79447955678421,-96.85331246770532,-105.35419404422125,-99.45245025586047,-92.30847116329362,-98.18787332648711,-98.39203286214342,-94.84343530265623,-99.52196681682373,-96.9656097181646,-100.59700087801957,-96.93719325307147
2025-11-02T00:39:40,AP_5_149,5,149,wifi,5745.0,0.0,0.0,-107.366168134626,-102.58274078526154,-103.0577952444033,-105.27977461907,-105.9692546304214,-97.2734894868622,-101.57235687642212,-101.21749103844635,-103.46041758163723,-103.07651794443565,-96.37123152642334,-104.70377690186761,-98.4433605169093,-100.10479679953163,-99.06992911728474,-101.04389883177987,-102.00388431269447,-101.93908338527513,-99.25705960930236,-105.06335641974502,-103.04173555220862,-101.17882802765781,-101.07004053085282,-99.72237410327489,-97.36759163127326,-106.29708188823331,-101.72064159274531,-98.14972598337661,-98.59283697352527,-100.79357251584932,-98.09623639594,-100.79674988084632,-102.45455531307965,-98.70817296138384,-101.36230997297581,-100.478451381076,-101.34816527742845,-98.4582021268526,-100.92645012438575,-101.07976162397078,-98.669021628998,-99.70978121395267,-97.45100081476811,-103.80991978830168,-98.97593140594263,-98.96076561088267,-100.86232308307945,-94.20897604142344,-102.08690567932439,-102.28862110495332,-99.69209903581859,-106.50978047734164,-105.13725805664686,-102.43775634326167,-100.25149339342262,-103.2236202386222,-99.3483915653274,-102.436244080711,-97.04506525189396,-103.78038600562884,-99.42262672857086,-94.38952966102026,-98.83112594120101,-102.2390136969536,-99.71453234103046
2025-11-02T00:39:50,AP_5_149,5,149,wifi,5745.0,0.0,0.0,-105.34482094426482,-96.08115774151618,-97.51320873106609,-102.36522989251745,-96.69363265640452,-102.2856764387925,-93.17609890822962,-100.41991527788348,-98.9098361606316,-91.76987142339945,-97.1082555330169,-96.09537282016899,-100.72233086045921,-95.39002571621793,-100.31323222425617,-98.45371139225227,-103.65274697420652,-99.22799604534886,-100.71233430373593,-96.02066567969084,-97.27615678265819,-98.82684766154,-101.42695961861028,-101.8054225528728,-101.36595095944814,-96.78588761370457,-97.83727397755963,-92.29920105379779,-99.61183607295135,-101.43366930243823,-99.76510250997684,-99.41143056952602,-101.9619710661076,-100.1299340905959,-100.73255502730149,-100.2677038099461,-101.67389012118858,-99.87022941060432,-94.59476620954095,-99.63860121100208,-89.4497468305845,-101.8333186714628,-94.99512669289264,-98.34653303537934,-96.65309427448865,-99.12020957669934,-101.28021221915112,-94.79799096363996,-98.07407831603882,-89.65713910596465,-96.15294326861608,-100.35216895074728,-101.3981782743127,-93.56089098698148,-92.95296698006808,-97.77608228302618,-93.89632205300485,-99.4388734998399,-104.16368864364625,-97.47060116166331,-100.61613351187036,-98.87364085430572,-97.26193750867554,-102.8793092028983,-101.2318514325245
2025-11-02T00:40:00,AP_5_149,5,149,wifi,5745.0,0.0,0.0,-105.63951140471458,-101.17967801901597,-99.00499680846268,-99.95139828483823,-102.77904950802792,-99.14537596916135,-97.02506227171851,-98.9235208311716,-100.99791390704428,-90.8455343103665,-97.5889470731914,-97.49070498522688,-95.29318602921924,-97.92801471497107,-98.54473296437227,-93.24710033200908,-101.99853527709047,-92.47478073898293,-95.90256907503607,-100.44100350643922,-96.51473318476549,-100.38572418948688,-104.32188656432648,-99.27078200935136,-102.15820430748744,-95.35195464549736,-101.99901197659469,-96.87976797712123,-103.50100078028456,-101.496557611468,-101.12166107824854,-97.4630473024386,-100.63796322013012,-102.89178210411843,-98.48169745045666,-99.60319354873643,-103.477102066318,-96.4742773293392,-97.80209292762234,-97.60978155858972,-100.41457227852565,-104.80854254687442,-93.98597446010531,-100.890523317462,-91.77406010301475,-103.91274690497704,-100.92142704155054,-102.53050621584718,-104.94902255620732,-102.9713832515567,-97.51407397628876,-95.93333775738414,-97.91830466862037,-98.65396186370458,-101.13140483140631,-95.53714322236141,-101.41077765429108,-95.61584932118639,-96.91506382041683,-105.02858686642853,-102.88941479386366,-98.7406123125623,-99.76778708693571,-95.7097444460362,-94.22618553105701
2025-11-02T00:40:10,AP_5_149,5,149,wifi,5745.0,0.0,0.0,-105.78680140051414,-100.68161362100103,-102.34778514539144,-94.99898190472047,-96.13891834622711,-99.7625254763817,-101.56553629375743,-99.51819562991446,-97.59293090695031,-98.17686467463531,-97.40498542268266,-92.22504471816777,-100.80520037565171,-98.56914164133289,-100.99621824429542,-101.91575228591446,-95.26158018325113,-95.42142886301349,-98.0530980683163,-100.438353464965,-99.94542246994546,-96.32474458193734,-97.98653474871783,-105.06720881835125,-96.90053356273614,-102.17528377027107,-98.02845810318254,-103.51644295540983,-100.31914041325315,-99.09400899129322,-100.45948653212945,-98.87166161776109,-91.47581052409808,-97.95929285784034,-98.0824115228599,-101.97966831659683,-99.56353691594131,-98.74922823142686,-98.22583136909175,-102.06220424984551,-101.1470873039756,-95.38814119614474,-99.51208335777993,-102.477174962934,-103.91567113266191,-97.51655717787871,-94.23827333171873,-99.25013663049936,-93.13650796736113,-96.8793770017186,-100.78116828396027,-100.95307566891297,-104.62536423672968,-94.9862391182051,-94.71223583785668,-95.53130757212145,-92.79179684882008,-100.45961529759465,-99.2851402966522,-100.67413667800956,-99.67394423708916,-98.19569136420169,-92.7660034568273,-98.7520126078134,-97.52245727625986
2025-11-02T00:40:20,AP_5_149,5,149,wifi,5745.0,0.0,0.0,-105.50911888721004,-100.76682407223373,-94.18530691108958,-98.98253487145152,-98.37239300942491,-101.72751407016261,-99.4283727115036,-97.59437442081905,-98.62263673010942,-95.20409445400797,-96.77525308784985,-98.85768744529253,-103.89789925985637,-100.43994885777794,-91.98340469594879,-98.63085140306771,-103.81343143739164,-98.95655220382041,-97.23838208887398,-98.93131396250703,-95.52555369344516,-96.28054142749397,-102.96035056172899,-98.91695904849061,-104.14748650223049,-97.4686423393031,-97.98714907306245,-102.9331154795653,-98.07646928120003,-95.59593085899671,-95.91097954664063,-101.08473558561636,-98.18308605436275,-97.89686542117154,-98.85048335671898,-99.28395671578699,-95.99629283013765,-100.93800930620014,-101.26651388806657,-96.69155387634956,-99.01595754423418,-98.6672228458388,-104.5633291196895,-99.22987818562194,-100.69836608489578,-99.82180072409541,-99.00337091897856,-99.64799067447953,-97.64194991114323,-96.31524765693761,-101.4784522299599,-103.79693727067806,-105.80529471857793,-97.38556684337522,-99.33839353854268,-99.4843990633912,-96.56863682861254,-99.28743834785573,-97.4071008421221,-98.08201363920482,-98.09621222298853,-97.26620239372099,-99.38400448188872,-103.15731694463273,-100.12059589684351
2025-11-02T00:40:30,AP_5_149,5,149,wifi,5745.0,0.0,0.0,-102.25098356893574,-91.64547741693868,-94.33436194306633,-94.72171443659208,-91.36024614141331,-97.84089079501354,-103.10855494156301,-91.78248203335798,-93.80381196699072,-93.39369345589091,-96.25139787486106,-95.37821631173016,-89.55223363858872,-92.53169141738923,-97.6765850914371,-93.767082965994,-90.56428366976043,-97.84705892403869,-96.04774164043523,-90.84802745631542,-93.27539649939686,-89.54982181485656,-86.25092992211324,-97.19916086937856,-95.87060374502872,-95.47597873689959,-92.26799497145807,-94.303595295623,-99.31660488892592,-97.891736048492,-94.40398818569943,-95.38638375800559,-94.82470114783092,-91.79609840830193,-98.14816909184061,-89.78019379294072,-92.50941366767256,-93.72226284440575,-90.15789316201847,-96.98961977397799,-96.81514702635448,-102.27283368647967,-96.81340939209167,-94.88742731122409,-96.95954952297814,-90.74380085080716,-95.06298828286964,-95.16328111331113,-96.05512579101149,-98.86649200628953,-89.31541179380251,-97.03488489096651,-95.47541025916097,-95.7870596377163,-96.96302702600715,-93.95906715118663,-94.36161270264736,-94.87511305277059,-97.78472255873037,-95.92267327060367,-94.03063964389321,-94.18648067146663,-97.18802540655356,-92.22854833547173,-93.91705409124846
2025-11-02T00:40:40,AP_5_149,5,149,wifi,5745.0,0.0,0.0,-103.92864131496162,-98.37891292080838,-99.44272349666498,-100.17494436759985,-95.552218714885,-92.30889148383925,-102.09951411752459,-96.8481595808726,-97.47609545650435,-100.54499436125786,-96.01278084832225,-91.44664200765618,-92.7395834576585,-97.51072548565543,-95.91688781003087,-98.56566488452435,-98.17584873199901,-98.23506189376452,-95.95830919172565,-93.99988991128302,-96.48814322236537,-94.97820030970284,-94.86241633673649,-98.61495427885365,-94.81897454986931,-96.49043576925565,-92.1730899018951,-97.45575067616903,-95.93651761253182,-99.43470361449795,-98.00913152774015,-94.53094969384944,-102.35145620923595,-98.15075601378483,-93.98581940092915,-90.06937689192176,-96.5873384989884,-96.01770334516036,-98.52511793583388,-97.66807504486334,-99.64513321789786,-99.78624298908014,-99.80383675893496,-93.20820211654717,-97.43529774187944,-96.31602863923952,-100.42501046551541,-95.71064671557889,-92.05645662217808,-96.86029695855828,-104.47981670684496,-100.49986479185416,-100.94418450835056,-97.02201917165254,-102.67634334203564,-98.50521297761955,-91.52852924368779,-103.50556480441963,-95.13240299849517,-96.21960444409022,-96.5665936690124,-97.67606587296147,-96.99738595460492,-98.3682714825035,-99.59846084642854
2025-11-02T00:40:50,AP_5_149,5,149,wifi,5745.0,0.0,0.0,-104.96745786007327,-98.25359853119963,-103.9368020910879,-100.96700470600582,-96.80199026214167,-94.04138327599786,-92.20457864969991,-91.86631142486233,-99.15470222873128,-101.53232439185463,-98.33219487704976,-95.61976210529909,-97.2788099761498,-98.57628492232966,-100.581683360112,-99.4239294416296,-95.95826659943386,-101.48477864496135,-99.50084810032266,-100.7130618110738,-103.77085722932233,-97.4281148794774,-99.03225796362631,-100.78429952579587,-95.79345580917257,-96.11369980840628,-94.31492707306751,-99.14377917423666,-95.86633899767047,-101.29280827613388,-98.02865369119483,-99.24843398713584,-93.14898723550222,-97.19366106439968,-94.53211299303734,-95.91302066815201,-100.2825385832694,-100.93307108750601,-94.2845479730238,-97.8411267786293,-105.95763515953766,-103.33452004128253,-97.29332405083447,-103.42470921246176,-97.09829148590659,-101.2306538142246,-96.04365173855341,-93.89912064685436,-103.06122664213034,-97.8733710285789,-101.42000221128293,-100.82189051602838,-101.31204665650851,-96.88921626778247,-91.46786786555816,-100.28953190264424,-96.03884303908285,-97.6446195579649,-99.37938171247154,-103.01662458081758,-94.58579705854967,-96.19888402607391,-94.52309973710145,-105.49772576725888,-98.75606062566071
2025-11-02T00:41:00,AP_5_149,5,149,wifi,5745.0,0.0,0.0,-105.48377158120914,-95.90048650511486,-99.2818826682375,-100.12438487086264,-97.8257220388278,-98.19087935808287,-97.7543079412625,-98.08345333348724,-96.40385451776984,-98.38915073205105,-94.19363788372225,-96.69622368274372,-98.76686494669053,-98.45210653709178,-95.81194374181732,-92.08512721817445,-93.84022331090027,-98.9701783129365,-102.99446248205228,-97.78886941823907,-96.33598388495201,-98.50314290603677,-99.8740577743278,-96.23305029058156,-100.64960065532227,-102.35896767670596,-95.19942007559412,-101.68482986970989,-106.13231479570567,-98.36272553155801,-96.56566056162178,-94.8718307062722,-100.73630626425863,-96.12301144584727,-97.61962229105622,-101.89712487196314,-101.51822876221463,-101.34492089733324,-103.13985592191368,-100.33568456828456,-97.20648470092836,-101.08921617426176,-95.84767619922121,-96.81724867795997,-100.31099582302964,-97.10767554031264,-100.07985411177242,-99.35480901677217,-97.3675868233123,-97.16860146676112,-100.84645127648876,-101.94344001340245,-103.18414462857297,-99.91238178665279,-97.90058826257518,-101.45094295319176,-98.54690621354499,-95.23822916876921,-99.62901308671613,-98.35939780261377,-96.66852665146034,-97.4517543760863,-98.33590360204991,-98.77596920859038,-103.04602825642203
2025-11-02T00:41:10,AP_5_149,5,149,wifi,5745.0,0.0,0.0,-104.08393062106346,-100.8936319415605,-99.0977796117185,-97.58564263381639,-97.24725737783501,-95.81334921712705,-97.00755218249657,-94.23699026706498,-96.39401918957932,-95.78816414177318,-93.11371284113824,-96.65458036112123,-94.2740019149014,-99.06957341481707,-97.91529286220083,-96.78048587608822,-97.1762292464669,-90.19009787810897,-97.50370503809631,-93.64186944765554,-107.2542011853979,-98.69303185416737,-97.2373982083777,-99.37047561353263,-97.0701340277383,-94.17263382094008,-101.22002695772294,-95.54791625943767,-92.66619385420142,-95.3783575884843,-95.46532682212835,-102.21137793774706,-94.88830522319499,-92.78588465983498,-97.02440868436777,-92.56856268570492,-94.95086337951882,-95.69206485590234,-100.05237437325704,-100.79894657397864,-96.55882641643451,-95.70206564812726,-93.77244423906393,-96.62252248051205,-99.48206344133911,-93.87520306935362,-96.89321001003741,-96.39774962038808,-96.69221363300169,-98.02488206290506,-96.04044060451106,-96.60348530188445,-87.67676550803911,-100.601356322132,-95.74294351423319,-97.9809891215995,-93.72580821621726,-96.41890721760245,-96.71200748087325,-96.10531115683885,-101.7612927851979,-96.2201906896932,-95.90619316960814,-104.651477871965,-94.74486261604574
2025-11-02T00:41:20,AP_5_149,5,149,wifi,5745.0,0.0,0.0,-102.43289251612212,-97.12326405861441,-93.09046688270406,-95.82126531426378,-95.77313793058381,-95.61481585376293,-97.5754174191915,-90.84076039048256,-95.29704599738086,-94.06051169845992,-94.8186867674383,-96.76920005620288,-97.56979489677686,-101.65830148733272,-97.04663614283095,-95.20860062925874,-92.37674403398766,-94.41924137111049,-97.29871694290503,-92.99785273143318,-98.24723033875655,-96.84619636927273,-99.1240461146648,-94.04406317453488,-95.78154881141249,-95.42294266776865,-96.31559872768908,-97.1336017111916,-98.53748947365736,-100.61836908693361,-98.29253118134656,-99.71385977760674,-95.65937606427278,-102.02768428206413,-95.65889512490381,-95.22673969702956,-97.55175053232917,-98.3626742190097,-99.77308777646445,-94.40321982114853,-101.38318949007741,-96.88526323853732,-97.1192137172349,-96.74318638752176,-91.86110088212044,-96.96952289955522,-90.00178747068858,-92.87585668930167,-90.96966317211236,-94.79554955100038,-96.35759206496891,-94.43300965190429,-95.24706309834282,-94.60425740124738,-91.12264970518075,-95.19662025687872,-92.76032000532108,-93.73732646600864,-95.98233035660807,-92.6966896572388,-93.1723329351592,-95.31437958875314,-96.39336889479634,-92.64569264080981,-91.95213780246766
2025-11-02T00:41:30,AP_5_149,5,149,wifi,5745.0,0.0,0.0,-103.69555327071818,-95.89614708292675,-95.46789222208187,-99.16899107395099,-96.68061607253253,-95.74727089067473,-96.54202409106567,-99.88685224113689,-96.36190267189055,-97.65633056365665,-99.3178076887213,-97.31848610664183,-99.00914534303735,-98.21866112147322,-96.08779350798189,-98.03985566615236,-99.42323224294599,-94.57408222853402,-98.03234958971765,-93.39383120753429,-91.83617577320878,-93.70659579620323,-91.4906162140906,-97.48632824151134,-97.30571904595921,-98.39598720470171,-97.70206837080845,-95.69125569670972,-97.61315081014723,-95.90087280961811,-99.54345688080356,-91.25970503755568,-99.43143783230283,-97.31866607528926,-100.58915823878125,-97.56153156953133,-97.54565704152785,-94.2395798950121,-95.24561032821983,-99.04074234444387,-98.86998142641063,-99.80021451579655,-93.4188543694485,-98.63935057505864,-96.23946849472796,-96.16851052639663,-97.36496283425939,-93.24094015531004,-89.76040582144572,-92.80465227253619,-98.17674462070458,-95.67211906517745,-97.17966602911059,-96.66409950619254,-96.35583009553285,-98.56179215689856,-92.73183329504168,-96.52876880350561,-92.17544549206707,-96.38248494871071,-95.51885278168902,-100.6222516653107,-100.11937090709485,-94.80034691964235,-95.19185686919317
2025-11-02T00:41:40,AP_5_149,5,149,wifi,5745.0,0.0,0.0,-104.46272868607007,-99.62250081779969,-97.41368107771007,-99.26978674869791,-96.6379411907279,-95.8336436993579,-91.99932524998265,-100.67653715528398,-95.25358342034201,-99.63472296915167,-98.84174517973373,-98.27461893723732,-93.7167595071537,-101.65830376160224,-96.80045863044583,-97.4615107311831,-100.14002581570034,-95.96208727661035,-94.43510030686714,-96.87017432710032,-100.2259019672524,-96.65024994606443,-100.59321613343089,-92.5222858176954,-99.56776579015477,-101.13310237770233,-95.11459894939387,-94.0760580906059,-97.36623500901105,-99.99753779713177,-98.20744039219652,-93.86036386238531,-96.46337125643072,-98.14652174438334,-90.9454240106602,-103.0712093728573,-99.1457338347299,-99.5106795498726,-99.76521357837726,-97.43765474468265,-88.98550168558525,-90.04884931160171,-96.42857030570636,-96.39240959383133,-93.01789890275592,-94.20345528625931,-99.04181653339529,-97.11494218759778,-99.18701105304511,-95.54983945131153,-100.88504360708409,-98.23344383408897,-93.85623198039795,-90.60944023075221,-102.60718958290639,-101.69292233020153,-98.1532807566725,-100.28766075656918,-95.2824019256169,-103.20060012761056,-95.02581912695285,-93.39090312439797,-95.08196668448397,-98.97821337611127,-101.88546913147923
2025-11-02T00:41:50,AP_5_149,5,149,wifi,5745.0,0.0,0.0,-104.45376718934692,-95.81394399139332,-100.60405417428815,-92.25825837984898,-94.72749612097357,-97.34979274210028,-97.44128130719476,-97.53440494281102,-93.79692122992861,-102.38573408679589,-98.14802156266816,-94.08900475404909,-93.52625083222534,-93.07929253394117,-96.72025177210146,-96.89067240417525,-97.49044649275756,-97.26566593806007,-93.7867436593916,-96.59913057547058,-99.41008927816121,-98.83372877942347,-92.5958472718954,-95.73855817134428,-94.99563808912126,-97.37311959403583,-96.39599076280774,-103.69116571118757,-99.78273733924236,-88.95989272056327,-94.95043461878028,-98.28689487502398,-96.53994855077299,-97.42102708277275,-98.90107319100765,-100.41127478228339,-98.60792589596,-100.63992331009678,-94.49739434045627,-100.05524038610255,-98.9739467742098,-92.92574288175688,-95.54118498729521,-99.98273419787601,-91.00293262081283,-100.99982226192988,-97.97882217595206,-95.65350260624965,-96.46673606759609,-100.0656116288342,-97.43971289618773,-96.87282660916271,-96.65324781814138,-95.38967912333713,-89.44059591783184,-97.3166336021335,-97.05075778191949,-97.99814129198109,-98.68472959351494,-97.58011104348604,-94.8641962468758,-99.75013678987625,-98.31937355423699,-101.00150204215295,-100.60519751318706
2025-11-02T00:42:00,AP_5_149,5,149,wifi,5745.0,0.0,0.0,-105.54643383858006,-96.23879137608934,-95.67692940597537,-98.19407434349077,-90.97968291343015,-102.33529330891504,-99.26099580200805,-97.5931295985324,-97.67517814656472,-95.26513945647277,-99.41293715980947,-98.69517441421739,-100.9858950167149,-94.94267333824797,-94.16965529676031,-100.99561657060913,-99.3683157862354,-96.42301252048642,-98.35921789123825,-103.8448775870438,-96.99373531861727,-98.07089717781031,-102.91981850914523,-102.18492692054807,-94.00490553832104,-95.22166388583771,-97.93351104789996,-103.97770713009784,-99.68144913565875,-101.4256769469134,-99.95010233121613,-99.92499247531283,-98.74059569469796,-100.36037547884877,-92.41377040804895,-97.6882527525085,-96.16756980327314,-98.74116917689008,-98.8695502303159,-94.69547531982501,-95.91808267409061,-99.83911802057544,-97.85169078612063,-95.54933244273397,-95.3905342243081,-94.79120296325145,-91.99610756911916,-97.62053266667043,-102.27419109378053,-90.46383455798036,-100.01363395577182,-97.13945113555086,-99.8514740928847,-100.96720939744179,-97.81977024864663,-102.50174549693784,-100.47533579987976,-99.37648344270029,-100.68305951402645,-94.84563768433074,-98.57781181400867,-93.95324273932572,-99.06110452967908,-100.91175253923335,-100.14331963756514
2025-11-02T00:42:10,AP_5_149,5,149,wifi,5745.0,0.0,0.0,-103.46646593706856,-98.53385413920589,-93.40038279999236,-89.63916786031402,-96.72111138512882,-96.90697840895311,-97.09042254613914,-98.1678506192077,-99.61882092838518,-94.27773258442153,-96.19666704251199,-95.59535763894067,-100.8205078414385,-99.32419235416488,-100.98875474329242,-96.8092925362227,-94.7271277980518,-93.13691623838221,-96.65317392776487,-96.50157780571179,-89.59677068313792,-94.0047518954022,-96.83444874787965,-91.76693095045336,-94.56436919376462,-97.99551021211471,-94.02487586138075,-97.91663940561253,-96.75421450061533,-93.50158003746174,-97.56507787382583,-96.06272375739111,-96.09476658044106,-93.63961432244137,-93.17233414152042,-96.5321316582472,-100.06769747109534,-92.42310074404921,-95.37123990001959,-99.35888583918718,-93.9361378303118,-94.56166541383952,-97.07640965193555,-96.71600913668,-96.59623691555556,-95.80992518790812,-96.94926877772187,-101.88480887617726,-94.09742360061153,-92.04418320376952,-94.61406490814923,-94.10820912099193,-98.21179919653669,-100.14234789893301,-96.19411647461015,-101.45797631629938,-97.54488685782407,-96.29164600962972,-99.96473462250057,-95.74661140787354,-92.94112248169282,-99.19694636491937,-94.84957536049889,-98.0857925167009,-93.28109505851006
2025-11-02T00:42:20,AP_5_149,5,149,wifi,5745.0,0.0,0.0,-104.67414448805297,-92.76980421472558,-97.17351450073137,-98.85980806626523,-98.59062295296373,-93.62498270696548,-97.94483129532453,-99.04037076975371,-98.25323069127354,-91.16560500816095,-96.57861586548984,-99.15590459471176,-98.09473794605798,-96.77005024228193,-101.44614555411435,-95.66274921768748,-98.29441302890052,-91.00166015402169,-100.01172609078255,-103.10581280018252,-96.57474849644557,-101.41205582308113,-100.04716657823502,-101.22975170379992,-94.63016650395436,-93.41605956166967,-98.45810771077977,-97.8078265393449,-92.2067468191425,-97.77840018687864,-97.90102032921021,-93.87805822352229,-94.71141238564583,-97.5564330265976,-96.4213955366772,-100.58120397926379,-104.14253033155589,-98.34150794657349,-96.80226994013017,-99.75629385751297,-96.26722890924185,-99.08308667247324,-98.10227633881593,-101.7444714462404,-100.03987208070482,-94.08382555640442,-103.71488583055071,-97.41375325727279,-95.46344506368352,-102.28531771278153,-92.10725555111547,-91.43256158893824,-99.02392784228213,-94.99702080993178,-91.71186906290228,-97.551986876933,-97.94292130176285,-102.0894275929716,-98.11189564740314,-97.56296128118883,-95.28267814165493,-98.77359919765347,-95.67968091840282,-94.91950361143178,-102.57486095207896
2025-11-02T00:42:30,AP_5_149,5,149,wifi,5745.0,0.0,0.0,-105.51706095299275,-95.02858727717177,-95.95297974357862,-102.85157896297534,-98.69152838774507,-104.42533531144612,-95.00887945235976,-98.48063834471034,-99.25635269280978,-95.30218559226395,-98.75927914690666,-99.11992021656658,-92.55199968234305,-101.83509099113968,-97.63481136627259,-98.42781090930508,-100.11218100047891,-95.14609879422642,-98.52368858664053,-98.25667370045342,-97.42224115525806,-97.62427608526261,-91.17311765892643,-97.99765627698018,-94.43041481369642,-95.96851416479198,-97.25988984098554,-98.75788724670105,-99.58529527095907,-98.99111034696317,-95.1198013009882,-97.8386521408308,-99.10282542286471,-97.06998482395919,-102.83120502658389,-96.73309536139392,-100.32216396017569,-96.69592243704096,-97.31806800290275,-104.20308831263087,-98.272047925468,-96.51869290209609,-99.02805054217187,-97.43023188538218,-99.80289078893519,-98.42401433055277,-92.52507243151433,-98.72308406449602,-93.57023981452329,-102.77940866140123,-98.57173960813766,-99.7684282548046,-102.88428429026088,-96.77189331594143,-101.45474799886803,-96.82010749989031,-102.86339123410241,-99.96145647390351,-96.2212409964838,-94.65846765234807,-94.75188347939545,-89.16054552762142,-97.45122936235622,-98.18187612476889,-98.07823021438571
2025-11-02T00:42:40,AP_5_149,5,149,wifi,5745.0,0.0,0.0,-103.61300194479279,-98.01977100067324,-102.32208524737925,-96.81042389065242,-97.54348521833951,-93.97760457554124,-101.17161435114403,-91.05853945721125,-93.55469393176621,-92.85097057879392,-96.29425656509805,-99.15835671421696,-92.47026898696153,-96.31593221084029,-94.83633658822254,-98.57347813071974,-93.15619786798722,-97.99747464815623,-98.4622475730295,-93.07204387566242,-98.94208474465776,-97.32401079356714,-99.7320357141066,-90.6956353592274,-93.45112317376824,-98.91641129846984,-98.76022662145706,-99.0386257287925,-96.31143567236653,-99.07644941543963,-98.39925812775155,-94.77186403289198,-94.70596913590119,-98.12716440907091,-96.21043821244089,-95.72467238538364,-93.99064894317294,-98.89148213412912,-96.57785766685397,-97.03109328934067,-93.7431062275082,-99.57394381405422,-96.53005226914047,-94.53241031525192,-101.09094140601243,-99.30977074346261,-97.884456114483,-99.21192295647433,-92.26386944858498,-99.02695649033954,-98.78279670141445,-97.72497347580556,-96.44353259576474,-88.57167047099767,-92.9418193221961,-96.12003871949234,-94.83811588667304,-91.85460738435124,-102.38062255385645,-97.11267761680445,-99.74607938837089,-97.86055405194328,-97.83169324199599,-94.85360698719815,-98.27232661483649
2025-11-02T00:42:50,AP_5_149,5,149,wifi,5745.0,0.0,0.0,-105.41670388465698,-100.45227987505332,-104.97156711294049,-97.6859671523305,-96.77284743800952,-96.74335728250576,-97.65601668590554,-95.03394911516219,-98.93096951555256,-92.20960909851527,-94.67004417216,-96.39417472904297,-96.17752001381108,-97.71773126398811,-98.43051697293456,-100.9267512197108,-101.03752016403499,-93.39719920146055,-106.33488437861568,-96.41371341635576,-98.34763400146917,-101.27598052055774,-99.3466640841281,-97.74610484819314,-96.19519494545224,-96.4158898648601,-98.3995005027994,-100.51388437813588,-94.49694036920032,-97.93782112667067,-102.28493605594336,-102.34206337272629,-101.90073572745028,-101.6621719570294,-100.25979901878551,-97.75893674631861,-96.71778645440202,-100.13053845447783,-99.46983507963358,-100.52908160108855,-101.761800561692,-100.54435983341523,-93.53457698713697,-97.47381442305294,-99.83654522386172,-94.13257422052814,-97.44039483649335,-101.02127855384671,-102.88442542831986,-98.59499729302918,-99.75546411174433,-101.51684127390084,-98.5980628563848,-102.47427976206245,-98.07439694144136,-99.60797449905779,-97.32973422854008,-101.95379330294628,-94.57858265678041,-100.3868330198584,-98.16175136698006,-96.47532260741266,-97.89110706895215,-101.51960619536487,-97.06212073679272
2025-11-02T00:43:00,AP_5_149,5,149,wifi,5745.0,0.0,0.0,-102.52959225200306,-93.98567704508349,-94.54154318711534,-93.79243395620878,-95.40292854739086,-89.18409686413641,-95.3875658462483,-98.12893098379368,-93.611689722458,-93.26743230235336,-92.75070793111824,-94.92959183961389,-98.23412945818517,-96.94849421917937,-94.05287235904461,-93.39217126878155,-91.67029155078414,-99.310068529783,-92.65341875029301,-100.12078544057678,-98.38423324370929,-92.83429740998746,-91.18051934463405,-99.4929472232872,-94.1178169467293,-93.47219860602777,-93.83358581143132,-102.46147024543934,-95.76918584442912,-91.81633816589202,-96.22769935768135,-89.77273124706478,-90.82779076534405,-93.90773114718063,-90.67176383620092,-95.12257616677604,-94.84979955953683,-94.81440711591908,-97.3617888046582,-97.46883222999335,-97.81294103753805,-95.7624241012325,-99.16473010542003,-94.44822875560713,-95.69654486958953,-96.15276350622884,-97.12946508425982,-93.5420807197351,-97.20319420830386,-93.08056537874553,-92.03256398835832,-96.32148369108732,-98.0598858513686,-95.85466692373292,-92.40272926547235,-93.75264394666442,-93.5164789055828,-93.3290096491234,-94.47276386050528,-102.44732029448554,-97.62715544839484,-92.70266687355344,-94.4173571624724,-98.98541513166299,-97.30262981524976
2025-11-02T00:43:10,AP_5_149,5,149,wifi,5745.0,0.0,0.0,-104.3907781016691,-102.23879363968945,-97.01616307141967,-101.36245681996205,-90.97021525038433,-94.04160757364784,-95.54491710303029,-94.05883796192761,-100.99683577644329,-98.34003663013436,-98.87111014921777,-92.53854708059568,-98.30537766389027,-93.75269227150106,-99.5574815572029,-102.95393112785533,-97.17156995772808,-99.62045729398321,-99.34423292820522,-99.43646150479519,-97.84084679043569,-98.44321873761245,-97.91928877106983,-99.37060139048799,-92.57458952462706,-95.70878588478871,-94.29568656462645,-98.09058503024582,-102.34115658832316,-98.7421786753721,-96.73437719279467,-98.27733772795527,-96.5776521901947,-95.3676340209195,-92.95403034105799,-93.15274445782451,-103.71310244280745,-102.84525762521857,-97.29758337596292,-97.55513910772551,-98.27585090761956,-94.59896675070635,-98.11307382568864,-102.65112199982684,-96.06598602020742,-94.99505623811964,-100.98201120139805,-95.24318614895877,-98.45287813647978,-104.84246756744604,-95.44067466092478,-99.33436718112145,-98.69441055145985,-91.87525630850952,-97.60545296325913,-103.34939542548969,-98.61737148221238,-93.80368258803453,-100.45287132627881,-98.4570132047108,-98.9006324807861,-95.606831346996,-95.86672277899712,-100.48027063489396,-95.3733355718483
2025-11-02T00:43:20,AP_5_149,5,149,wifi,5745.0,0.0,0.0,-103.71535623478228,-96.16307861584299,-101.81982847502863,-97.93270394134134,-99.21938668251755,-97.12810563549031,-98.40706379731078,-94.88589131100616,-98.88148344720095,-92.89642116609917,-101.84442639699463,-97.57629670509158,-93.06549776335983,-96.24986402911149,-97.22015205689155,-94.22133598341459,-91.56337738539217,-98.30825497581621,-95.2430933731274,-96.87032705074768,-95.57623553959257,-93.47067385727726,-92.97621395883526,-94.17584879491768,-98.00055790572705,-92.0488819607088,-100.5441894767503,-96.1885967748246,-98.22708758791981,-99.24036606286589,-107.2723494841409,-95.83912149516576,-94.78170473257657,-97.18872497443063,-103.1403817228701,-95.79440707507874,-95.44532093812865,-96.85942750127512,-95.94839535236471,-99.37505254386627,-99.01691590697875,-96.9273362097562,-100.47942003124686,-97.09403463746656,-92.53360153263931,-95.88921231301742,-103.01825038749769,-99.58974727863801,-101.031565016321,-99.90764431201974,-96.18485765867663,-99.28979560995744,-100.22814772535436,-98.05370949262723,-93.27349201209756,-98.71171893223227,-95.08141387549692,-100.91177011962976,-98.58153220309458,-94.84483470313587,-93.3151643692566,-98.65159847065651,-93.61172086807417,-97.63103898487056,-99.77675882936163
2025-11-02T00:43:30,AP_5_149,5,149,wifi,5745.0,0.0,0.0,-104.48999677222078,-97.10799778363129,-100.2011203101078,-99.37186744279596,-100.2325604080006,-98.02692792235571,-91.47191717073623,-98.43643472757522,-98.29111033608677,-94.87488165764881,-93.81216143902229,-94.35586473993908,-97.17841266751175,-95.72124123118692,-96.99332600745394,-97.12482959723017,-98.68041252588021,-96.87187078947606,-100.66348588131393,-98.32247502368445,-100.10018111421316,-92.02341461257174,-97.22190453283073,-101.9957012273288,-91.64721837582137,-97.88591524942089,-97.74336228450937,-96.50815710561533,-96.0597865953386,-99.11460921628347,-98.17781982376994,-94.7933714489271,-100.61194150759137,-90.07640101839547,-94.20144945622184,-100.55777024355268,-98.21720268600143,-94.9028778258135,-100.6268457937573,-99.01964825320749,-101.47691765591307,-98.2743716453246,-91.62514062408079,-95.53432401444437,-95.47732374685391,-97.77530734249527,-97.3964682399809,-94.53786012995725,-99.86542053284649,-99.27147856335945,-101.12689235466036,-96.31522166771614,-97.91219221751889,-96.87978744735337,-98.21578733776003,-98.32584085552998,-90.47030683687133,-95.14088636147474,-93.29657055657647,-97.23695240338749,-99.39123135455496,-95.94572173933341,-99.52210240870203,-92.33065877821758,-98.25841569136665
2025-11-02T00:43:40,AP_5_149,5,149,wifi,5745.0,0.0,0.0,-104.40941436712434,-95.75841538447573,-97.1385773189498,-101.78821599870354,-92.26412702239156,-96.54283955824855,-99.94475912506536,-93.96849438472512,-98.89222419576845,-98.65012974840842,-97.85968752890095,-96.80932446119158,-93.65773242672492,-101.78512880287403,-96.83895366826854,-98.78720276031564,-98.6047450269261,-99.18725994165312,-101.13716332174259,-95.81334750719992,-93.06264753060425,-95.81238037119837,-97.12643532933646,-97.3326375966333,-93.33188520573195,-93.16349097847227,-100.82674294217189,-99.90545746115711,-99.32444996432584,-91.16264795425326,-100.185730472523,-94.29924397354479,-96.96236006633647,-91.85330463148327,-97.78549953679541,-97.44408782216017,-95.95432629440347,-102.36931145294552,-106.23454762269576,-96.07893133992847,-95.76930624804413,-102.086109094003,-102.95110370760645,-97.48341558883502,-96.23884911869938,-102.52592605229931,-102.16578045932525,-100.10863711438398,-90.02502085609072,-95.22416770213302,-98.60664871701408,-95.67945693545445,-98.69274274129478,-96.3793551773817,-100.18742949364554,-97.2748003215812,-97.80587795941449,-97.57234450928173,-98.5363051936752,-93.83214968133578,-92.25984395771391,-99.6090173005613,-99.06607197855263,-94.10349710218908,-102.21707251674738
2025-11-02T00:43:50,AP_5_149,5,149,wifi,5745.0,0.0,0.0,-104.14659656466897,-90.90198490614847,-98.61919073431523,-98.53655463037526,-96.72986770290788,-99.4794816329523,-92.64742856913897,-96.45857383579364,-95.22361258596736,-94.605224595213,-94.00745001868742,-96.43152237983635,-94.23616589741262,-92.35724905721115,-98.61535694475413,-100.5575006122541,-95.90967751314894,-100.51687165081916,-96.19655304208877,-102.77932941569425,-92.38368686948087,-104.45216861884494,-98.41778110558478,-101.32277520704267,-93.93024885222017,-95.52274971803999,-102.1500179186253,-92.07296080874261,-94.44644430273243,-97.1439180832107,-101.0792573632085,-99.14168636852803,-98.7238603849065,-96.93959750784362,-102.57422025552239,-94.70370606399875,-95.78133035046915,-97.55769891248737,-100.2013856426837,-93.57920368426507,-102.57956933867479,-93.18358163409602,-96.23908803117033,-96.02419249304347,-96.38673442923,-98.60806704214704,-101.39153713585414,-96.18392065967626,-97.81006674123189,-97.67076494874546,-94.00045891405753,-97.88003794055068,-95.21545784072745,-97.8543905014953,-96.63206225901996,-98.4647113682673,-96.47156240642423,-98.74514618015395,-93.81050720869253,-96.43647646355804,-93.06530722103405,-98.62642819813715,-98.1691720619202,-98.195881538545,-96.19156199839804
2025-11-02T00:44:00,AP_5_149,5,149,wifi,5745.0,0.0,0.0,-104.32009998306084,-96.30336351036964,-98.72513514579578,-94.65903640118056,-97.23113935061684,-100.47885884281243,-100.86764048885433,-100.68254642757435,-97.61216144696009,-99.67429595440156,-95.64131747637818,-91.55946093014946,-96.85514292710705,-96.86104263839667,-97.60787733627575,-97.08326168064768,-101.13794475335864,-96.89305414127705,-103.39135744262086,-91.4013885924977,-99.07319575536522,-95.87434830205875,-100.68383402783779,-100.44886757713499,-96.90396909245203,-101.442981217265,-101.63814847983576,-100.41225403542919,-95.86422816105265,-92.25910756480404,-96.50841994054738,-93.11911921371876,-100.31911063696457,-97.97618152526003,-98.29559333652476,-100.50951005115859,-98.10384128463764,-94.45005594436464,-97.61487185290324,-104.9729965569579,-98.58100895597043,-97.55905318692257,-99.88687736868262,-91.50480772089816,-98.86768789004866,-94.42266400228887,-99.62553469950717,-91.36493784624095,-100.8193771321723,-98.45630004320152,-98.9802110917938,-96.90851478828888,-100.82247892911664,-100.33431937845499,-100.6514863568114,-94.14711077201363,-92.97057076160503,-94.02517217747419,-95.77087265065329,-103.66908497000254,-94.56855139076364,-97.34133759149728,-87.81798169545525,-101.86191984420526,-95.90981063998763
2025-11-02T00:44:10,AP_5_149,5,149,wifi,5745.0,0.0,0.0,-104.46443683169191,-96.81148678340094,-96.63716339873942,-93.050424570174,-93.6691815607269,-94.01120706143267,-95.30149705860158,-95.59803685011637,-93.90978081886148,-93.25743076080445,-98.6919256164343,-96.62519851830645,-95.85002156936282,-103.07255104055305,-95.2719128403316,-98.93939850399101,-101.03088126556898,-100.70461062625421,-99.23007903462144,-99.44565562915994,-93.6132677378794,-96.27421660568712,-98.98635767143674,-94.8121125872906,-94.558861311332,-99.12181687209863,-98.30376091813898,-94.66891949208281,-94.95600097948252,-95.86413097907936,-97.95678890296448,-104.46398381959514,-92.61453975882638,-100.91804507255743,-92.04625441969063,-99.81369261891723,-94.41089802857756,-98.6386878582695,-93.9098781193263,-102.05349322842541,-99.76048101576704,-93.68750251510018,-99.63979833036387,-95.12964764531641,-95.64408528853534,-95.77238307183991,-92.99328202114395,-98.55970561653275,-98.74830470524797,-100.68329531472642,-97.18139615732635,-95.6880790296114,-96.49276872266206,-95.79542330847188,-98.06080982242628,-100.92627012100026,-93.86830197648429,-93.7868095708985,-99.26112230092892,-100.37420314323938,-101.90309468325142,-99.03370444866934,-105.614670443692,-96.47847593534809,-98.3932928970014
2025-11-02T00:44:20,AP_5_149,5,149,wifi,5745.0,0.0,0.0,-104.52420872399328,-98.38485285925984,-94.73858460743126,-88.57701521508402,-97.79902881721578,-99.30961847977248,-93.47774364008501,-99.49389998189949,-97.37206581386685,-94.98742393540928,-99.60777687162619,-94.72340198575911,-100.46319698232196,-98.22429811122495,-95.5174129906786,-100.04997631609606,-96.20170645111415,-96.04535746378114,-101.00091716831535,-96.80277944399695,-95.38174697452848,-97.9567714745104,-98.41727926962967,-96.89781459016665,-97.99425188904162,-99.16813379358196,-95.21407140814765,-97.57760866655904,-97.81939744382952,-95.54461168557982,-95.0067180272375,-94.90278521138275,-95.77870244525985,-94.39910931207953,-96.49473681724604,-93.51050450635454,-99.74964710548517,-99.61835841893352,-99.58381572030503,-100.14260679381405,-100.10488795366535,-101.11862461984639,-99.06302903884455,-100.82703846988667,-95.39319261808046,-94.68888854772221,-94.09900996339586,-95.18780186637537,-96.84457282091569,-98.46465416522894,-98.39552137072656,-96.64835466524539,-101.02601716382671,-93.1309699404114,-96.93036654731131,-94.68860602804779,-93.04434574824111,-97.86595392271899,-97.14887984105205,-95.9186509548494,-100.47592631618558,-96.25768473472142,-95.89013655995699,-100.52957838158466,-95.78550668408882
2025-11-02T00:44:30,AP_5_149,5,149,wifi,5745.0,0.0,0.0,-103.86494501594208,-100.41357883262168,-95.80870361451993,-100.41003649788598,-97.384167029086,-99.91751139039204,-91.68566062458926,-100.71625332782018,-95.23346262317673,-97.0985335069938,-100.6131927362467,-97.39158718809631,-99.15319492962429,-94.88500065340602,-95.52551234535193,-93.18705483119521,-98.29655642799744,-92.08930457808981,-99.9527714437353,-100.10560784295413,-91.08454850031889,-93.95347806867134,-96.55458482427686,-99.30632440923533,-94.98174184411535,-94.30295706286428,-99.79207528763921,-95.37743864289513,-96.1129109701253,-96.93785751212178,-99.2356612591109,-92.04748243538151,-95.67121316649748,-96.32329956388106,-98.71219575290945,-91.93626719833722,-97.38954263885462,-94.69603345435252,-96.06895481896937,-95.43624702733143,-90.91993833364731,-93.37411636576833,-100.99586903063734,-96.1361811667591,-98.83938589482419,-99.34360684578711,-100.61085846970136,-101.29123215459306,-96.57565448683765,-96.73442598428703,-100.70375900278876,-96.43601880468167,-98.26640993768274,-101.60822496303678,-100.79441362499874,-95.65311659495994,-100.8338010198431,-96.70196323162887,-94.18864945934672,-99.55289513880153,-94.91063325861114,-92.43352189475338,-93.64795534986854,-100.6560044165297,-97.3560220237978
2025-11-02T00:44:40,AP_5_149,5,149,wifi,5745.0,0.0,0.0,-104.62402294651109,-97.25846963012009,-100.39085886374036,-97.82937404168436,-100.33992116212058,-93.92014783129271,-97.43200237985859,-96.94572116822329,-97.09494389200788,-98.2518876296234,-90.98256856355606,-93.34656672667319,-97.93162351192927,-92.44343526972303,-101.49094432344855,-94.68935232075859,-91.65522375492681,-96.95099512888302,-99.15606096423674,-102.68430980409656,-97.45051755295933,-101.47863691765936,-102.43407214275298,-98.83442770899788,-101.24746389706026,-99.56538671686975,-93.33770515901693,-94.87838806867325,-97.7460524906796,-98.30424495900368,-94.73816378932652,-100.31324142877239,-101.79279909804038,-98.09247723395175,-100.9214157680473,-96.7325217635533,-94.67499942385611,-91.92818556374118,-100.20112986862513,-96.88689166549595,-100.59476620555,-96.3611668987755,-97.73775012665116,-97.22412870696374,-100.63086043002097,-99.43101521587698,-98.42841601756072,-95.94964722898109,-99.81886843419035,-100.51419240011144,-97.96109145474416,-101.72172242693088,-98.19934483201554,-98.88009709517871,-98.88468712098908,-99.5700048837017,-93.24349187735504,-97.01325011690949,-94.29580915184623,-95.05236753101617,-92.75550420429308,-96.85785418037528,-90.99548063998968,-100.18688217510046,-99.2250398579804
2025-11-02T00:44:50,AP_5_149,5,149,wifi,5745.0,0.0,0.0,-104.947856367472,-97.62094264545715,-99.10181917410108,-98.62857589523324,-89.54671609248237,-99.36363239589781,-93.93006380668017,-101.36581152490201,-97.89964922089791,-96.42825383594096,-99.16637005113004,-99.72646140274308,-95.05222619036441,-100.25273656675638,-97.74074641314043,-98.1816609696811,-99.13626704640248,-95.29278491619763,-99.06764360434967,-95.88018048983432,-91.24739066804904,-96.29614766381759,-96.4112068747207,-95.6263032951719,-101.06867878348285,-98.84005945715094,-100.17757085538233,-98.03004398693585,-100.70261089570046,-101.04844559514527,-97.93867647378148,-96.11917773870829,-95.64050810999777,-101.72389006970313,-100.74204426034963,-94.87793511362038,-92.16207680119824,-97.2512759753642,-96.52726904657537,-100.9041777102639,-96.75547341001393,-90.9377928192358,-98.56963491477008,-100.43425457772645,-98.75898856930766,-108.4215143113676,-100.98786353260155,-94.60381763591926,-100.35647319623494,-98.55039401618296,-97.99626195157522,-103.40676903479675,-100.35491241317975,-101.44991279394938,-101.05717256845975,-97.51565820172507,-97.00582890320527,-94.73491818567756,-95.49121643866893,-94.15033941054791,-93.49346808235939,-99.92635655982058,-98.39438729657587,-100.76533085757904,-98.78252166660812
2025-11-02T00:45:00,AP_5_149,5,149,wifi,5745.0,0.0,0.0,-103.03271878000687,-100.7052864706989,-93.31171580964497,-94.99512660788204,-94.40844461988782,-97.34173155644028,-91.90747270208422,-90.88705299134608,-89.77666329824794,-96.58475714264421,-97.53354874450525,-94.15837989959435,-93.23082621248733,-95.56336826740726,-93.50248499988327,-98.47927721233691,-96.64486426096035,-96.761583611332,-98.02573605901743,-100.68716284387307,-91.43371808375578,-92.1018757049281,-91.64984281736619,-97.58080436932717,-103.20512374686099,-95.31953498503084,-97.69566837092663,-99.06121956166282,-94.61588045367087,-94.84086407868386,-98.30893657804107,-98.43875662047247,-92.21450776904585,-87.08527304603336,-94.5602371062218,-97.91220607458605,-88.2377083453348,-97.54817192823866,-101.05491555485229,-93.42376708551618,-92.977401039164,-95.45700451796468,-98.55065437782089,-98.73777760462029,-98.64651041645652,-94.17955610045107,-95.31222148856573,-98.64636220391512,-96.47588074299891,-94.40178252358024,-92.8072782959872,-100.58292685175236,-96.68999311307796,-99.79468842205229,-95.32687493554495,-98.83633413522645,-97.36583693990401,-98.46851064772049,-96.4627251848709,-97.53732964799532,-96.0826188010808,-98.54378357285003,-97.62282589224482,-101.21246476091089,-98.48907403904775
2025-11-02T00:45:10,AP_5_149,5,149,wifi,5745.0,0.0,0.0,-105.30520516747674,-103.37935041318089,-102.39474274098515,-103.04288825964406,-99.4080640394275,-95.68226128221838,-94.27404341564332,-98.60634332583888,-93.95248889890753,-98.19646385943852,-98.26728382992682,-94.31330685738901,-100.68192757329781,-93.12526644188942,-98.34235567626703,-96.2148048903935,-98.53073658379056,-98.75673348195006,-94.0828337704779,-100.71450292441875,-97.45251858681736,-98.30356635497702,-102.13051499482424,-100.15872847449195,-99.39234345065577,-95.14885011240023,-98.31248317652805,-97.70266277399442,-96.99405997081844,-99.51316662193291,-95.58627599921786,-97.6350417811224,-98.57083974729316,-102.60497986366155,-97.38484058160365,-100.64595953481113,-98.56328816589556,-92.72739589519982,-102.9497195227341,-96.90237895290042,-100.81713891262456,-98.8117732060979,-96.47276316796375,-101.8474644170636,-100.89553571138458,-97.67771119100614,-94.9797126569814,-97.51472563183779,-104.27662548423407,-95.38981108703129,-99.44362005265955,-99.38694293646124,-97.47326072441675,-98.04618126058399,-100.41305314642003,-103.46904727899384,-101.73607969650844,-91.23751358890911,-95.86019359234476,-102.1313172408437,-99.1450684569574,-97.88541026477398,-100.16848875608235,-99.31176616790563,-91.37678328986607
2025-11-02T00:45:20,AP_5_149,5,149,wifi,5745.0,0.0,0.0,-104.59676862544754,-97.46501718179555,-94.2563271034835,-95.07053478562841,-92.48632761275623,-100.8200349225545,-97.7458471409506,-95.39420041384484,-96.29901140823473,-96.49474256574804,-97.59635810557039,-99.91612973223513,-97.30265303696531,-95.20031308228,-103.07575259587908,-98.41666493627326,-96.51292473210819,-99.77327032986814,-98.59297486227447,-95.74049793677143,-100.00531500334061,-103.72673308228,-101.37470964663174,-88.8487783151543,-95.40932157851272,-97.95778543804592,-92.56332364265431,-95.14242666611881,-92.74185244405923,-95.11071068826429,-95.9596942454568,-98.2607718625227,-101.48971417284125,-98.48258372277222,-104.67877916068069,-99.03856361173902,-94.85026357553328,-92.92999413949617,-95.2821177174657,-92.97463666752661,-95.41687695891436,-101.0304242723629,-96.81007920829799,-98.52316960535983,-103.7157571771479,-97.25628759257704,-94.84588407781426,-96.65520422786079,-95.86108147639797,-91.92346519939399,-98.9737946171474,-96.88810201362736,-98.80066986470194,-100.18277348682375,-95.6023133631022,-94.55251506528717,-97.59108440751,-99.28879587891977,-104.30971077624146,-96.14868577933368,-96.06150792294098,-98.43518988596018,-99.60231523981386,-99.6315879773474,-98.19546540517186
2025-11-02T00:45:30,AP_5_149,5,149,wifi,5745.0,0.0,0.0,-103.91455594401667,-97.71370965251705,-98.06455978607183,-93.79061366211035,-94.5448355499649,-95.00812680093132,-91.70855818252335,-97.2383035606619,-95.44649085524593,-98.69334618320102,-101.41139447879387,-100.15004534946674,-96.33466807892528,-98.76412828069888,-100.80585019854433,-94.94016698936723,-94.06235694148535,-96.18968659481426,-88.71848584694519,-99.10756105465903,-90.1308852839443,-96.3619891554867,-96.16246634900128,-94.25276142432577,-98.34698986157859,-94.16018954673375,-100.53010284587613,-94.88164328710951,-95.37772202727145,-94.98827134370818,-99.5616029902615,-97.87444137907357,-97.30972996687024,-100.1545599335857,-98.64506939527094,-95.99964099551639,-98.61676187478896,-95.94293618619098,-97.81363341046209,-98.56242641142121,-92.86616177093424,-98.57009295586252,-89.86929089342895,-93.79345731599193,-97.50457581461626,-99.48561548154125,-96.14140009796208,-94.35934302659807,-95.76824345820471,-95.13021221599001,-97.05587982182327,-100.44800571075002,-95.40291962460198,-92.70126272842431,-98.17726770818233,-96.56826339834977,-94.85766216514826,-92.79547208311124,-98.62927520813992,-98.4456568014616,-93.34050745798403,-92.05055207098067,-103.19978318593657,-96.99452769224389,-100.03202514209023
2025-11-02T00:45:40,AP_5_149,5,149,wifi,5745.0,0.0,0.0,-106.9924751228685,-100.4134274820689,-97.45873581651458,-102.81784583671381,-102.95601554319543,-101.49120118617142,-103.8657994447637,-99.18919979366078,-99.2272474166831,-102.57020129416641,-98.29231258776326,-100.17499190138847,-103.00151577530961,-98.9836204390748,-101.65275849632526,-98.47714773976791,-97.17252591481679,-98.51242503723792,-98.0912078687385,-105.98388236017313,-104.88732380999618,-100.11259117674004,-98.09677250308943,-99.17150878185221,-102.40866050215651,-104.33057912446652,-98.19501993990201,-99.4681123452355,-97.47038282671545,-100.90159508679632,-104.0357653680753,-101.21601402693435,-100.6348753850267,-94.25295184304612,-101.64131377979245,-96.22920949781184,-103.05838799747653,-99.44231434567217,-101.3800963879038,-97.63215559747735,-96.65839213347508,-104.51052802710035,-99.48346549817865,-98.83654370304207,-102.72449273635648,-96.49957238620414,-99.2230892505252,-98.66976119140915,-102.82970236618591,-100.25009308904505,-97.6774647676507,-98.34075380473928,-93.73692206481749,-104.44032686438703,-101.87932737509917,-96.99606360349955,-97.98379483713882,-100.90077847948588,-97.90677927734627,-100.50620335714703,-98.05631442351698,-102.96254330569082,-101.75316221173641,-99.14093094435148,-101.26908308635404
2025-11-02T00:45:50,AP_5_149,5,149,wifi,5745.0,0.0,0.0,-99.99487532107929,-94.54648762754651,-95.39155887999236,-92.15537329036545,-92.01952219210337,-89.96459325986284,-91.50648320461345,-89.95424811003528,-87.78127983579138,-96.66130148819407,-89.97165578997475,-90.57350732371172,-97.48085568241305,-94.7175415741809,-94.48101867453553,-95.4288842789527,-90.49818430666636,-93.3599444145385,-97.16124991342411,-94.15001343780754,-92.66866194445883,-96.27827033488937,-93.77151371183909,-92.26644284840013,-94.38051840138519,-91.8638888728932,-91.66059064892579,-91.68258020595471,-96.9958910248539,-95.12552811562036,-98.45906336843143,-87.9994891220418,-95.8592235981588,-93.64220535828683,-94.92522278490144,-93.33193796959792,-90.45398878260704,-90.59630150641047,-92.76037141435164,-93.39320265233482,-100.71880740018793,-97.8862757605936,-94.1901083705279,-97.4748216176386,-90.04757993947966,-88.94882796505364,-91.45037125468106,-95.4594495901317,-89.1431699322191,-92.04245502258964,-93.58273934820578,-92.32573492227012,-94.64010277132644,-89.832745875161,-94.98475850711631,-88.2840597682403,-96.12509266064109,-92.00805471024881,-89.4402784922384,-88.60356836531054,-90.83084812246054,-93.03696924127341,-96.64717416500667,-92.67545658180747,-94.51602509185543
2025-11-02T00:46:00,AP_5_149,5,149,wifi,5745.0,0.0,0.0,-104.7371323958324,-93.84889917918598,-98.37947275871282,-97.09731980417523,-100.64548429769113,-95.23594165858812,-100.71876469953327,-100.02412281864245,-96.5867779739124,-100.71878773611905,-97.49626820468447,-99.78377441518244,-97.00135682051075,-98.67753711201311,-97.23043562172177,-90.66729412869532,-100.51932938858212,-96.66534123249967,-93.88551226378132,-99.99324042088041,-97.57502325425972,-98.89272898388408,-95.72174573007331,-95.59249698392682,-100.68899722998096,-96.34865388719273,-98.55800482599734,-97.2924580207087,-94.6529321339134,-99.59174730272153,-99.9647975640776,-98.97538879185218,-98.01628544536375,-95.8526364375745,-98.50220093743492,-97.52502246526474,-95.11517332450764,-99.12830977301344,-100.93269146881464,-100.1399550637731,-100.58513167135246,-95.88812642236972,-97.54405633319544,-101.53561636330156,-102.2631830126554,-95.74190215764929,-97.02382277032356,-99.46400938181806,-93.42938435867093,-99.15407730260516,-100.25955990313447,-101.08512543806532,-96.38064181142127,-101.72980267769601,-91.4682322628917,-97.4926333884557,-98.11279006450424,-96.93275889695703,-96.43953517502666,-96.18482172916441,-95.76946031206643,-102.24905548375905,-97.20442477881707,-96.80376166054214,-93.39308422066448
2025-11-02T00:46:10,AP_5_149,5,149,wifi,5745.0,0.0,0.0,-104.8088238762731,-101.80614122943004,-102.1124665052684,-95.50414330943306,-97.55379781030571,-96.32147386368128,-101.34904885725595,-95.19486455339901,-93.97854424009307,-100.08158506507344,-94.43213084581126,-98.01152978131246,-95.10377463412743,-99.4756865165876,-101.98542221090025,-97.37045583431009,-102.84691179118684,-98.17448622467126,-101.97807966451785,-96.80164983224472,-96.03398511290962,-97.80576789553405,-102.23755724374465,-102.39389901745287,-92.02306051789064,-100.48905847402747,-97.13501272679491,-96.66220829481075,-96.9263312864095,-100.02446471854698,-95.20310474811392,-97.04127351067409,-94.05722774842725,-101.04269887042975,-97.90069243493451,-105.0340185895449,-102.27530059361115,-95.19457002247863,-99.15597761358987,-99.20492747256972,-99.09705828871971,-98.1410479586601,-102.24025132010935,-95.23418700461897,-100.10429958367735,-94.8280159973191,-99.06590621749825,-96.25103214559657,-99.44916149236525,-98.82075767297331,-102.18339259228158,-102.24952137436806,-96.33301292874545,-97.79307589868175,-90.25198103145458,-102.26677396530235,-96.77044994610687,-98.09231567171625,-99.18572128162104,-97.04748978137812,-100.50581528474262,-97.42712896498021,-93.50386511750658,-102.75703797870706,-97.28108627429707
2025-11-02T00:46:20,AP_5_149,5,149,wifi,5745.0,0.0,0.0,-106.47997676369339,-99.79680005160428,-99.40064551560872,-102.97228877667766,-102.5221278637499,-100.1226235019828,-97.96508899711094,-96.2912594855557,-99.82700197845747,-98.3096885823245,-102.2055470241721,-96.70054838620938,-100.87782190673398,-96.18959071706004,-101.12862766451892,-100.64054264683155,-96.70203944248998,-99.80648354915877,-101.60903430832083,-101.24564338138381,-101.3473664441529,-103.41970301057904,-95.04544857002041,-102.8197526463564,-96.39359601359675,-103.12667956593933,-97.46324632172582,-100.49129600708531,-97.42824418727106,-95.77798457404361,-101.70405202286294,-94.04076909713578,-105.79445002739247,-100.18389229223197,-97.23550663817288,-95.97460423477688,-101.06590400600857,-100.7883320842019,-101.98753680534305,-103.45115673843385,-95.12170937445526,-98.02474670222009,-95.7453595172699,-100.50343274525503,-100.27840664436357,-96.61935780266654,-95.98672254947722,-106.50837085676598,-100.78064649493659,-95.79229471412908,-98.01561311581071,-102.8532351776283,-100.35503303580867,-94.13830418574571,-102.89504589795351,-99.56605098526315,-93.29830225783383,-95.79543123480522,-98.4851972082833,-101.78289372191546,-96.951032176153,-100.22175242243449,-98.5573444765819,-96.22779481501597,-102.62428077716957
2025-11-02T00:46:30,AP_5_149,5,149,wifi,5745.0,0.0,0.0,-106.21380066127432,-103.82030265664487,-102.52971245417828,-96.26529381145973,-105.32073419483098,-97.3059015589631,-101.6516011241586,-99.56936210444297,-100.52812224384402,-99.89041389559746,-98.86800378724132,-102.31318169356305,-99.43587314449337,-95.65276920647432,-98.13435251926872,-102.28637187865769,-99.34697735452741,-100.94110803720093,-95.11474173544282,-96.21159456137772,-94.38306587010456,-107.02472537623453,-105.44597077562092,-98.15180063008702,-104.03128411617813,-98.74052633182849,-102.16093969503589,-96.58429568671954,-97.31149117216025,-97.28599427669417,-99.2496147463238,-96.74324246303243,-98.85529304756965,-102.31944946178825,-96.34440795280413,-95.95128380180749,-105.34475313737195,-98.73612939901548,-99.91464742219216,-98.44545750482085,-102.06973580401457,-102.72364122467668,-102.10161210722568,-102.08276816493935,-101.01124185717441,-98.6241605476658,-98.11116189254192,-97.67881005336514,-96.64870497431035,-101.13260056942669,-99.20713343787504,-104.0311210597025,-97.7575627051673,-102.87517726371588,-103.50563466025463,-97.1863484088038,-96.79222668236534,-97.41961879049819,-98.95916705240705,-97.56523248569052,-98.76914443779157,-99.33365564443535,-99.40937657637986,-95.20150027828201,-100.59754333520452
2025-11-02T00:46:40,AP_5_149,5,149,wifi,5745.0,0.0,0.0,-104.23447910904773,-102.21711132084748,-96.64420408298251,-95.71653430709011,-98.89517806805966,-93.88709256069012,-93.02935119892685,-96.40402416935376,-98.54124441161247,-97.8603160104206,-98.66623120014036,-97.8274334541151,-96.23341681526877,-95.19045976309506,-98.05144059059066,-97.23222279654712,-100.96334215167997,-101.60740085509255,-96.9406281639828,-97.07670096803189,-101.81742465634906,-97.13852757237255,-92.45437726623794,-98.41506656979988,-95.20112571062151,-92.58870876920895,-98.05108245297683,-95.40727893560512,-94.85325358774823,-96.65094690578127,-96.66783071088126,-100.11775657514495,-93.94784249627506,-95.83447247294907,-99.75158256846244,-97.35524085792075,-92.2273755201835,-99.49080954255078,-96.7996680610035,-101.57109522884997,-99.83657240555102,-96.50418746844043,-96.14992314831242,-95.93687618608978,-94.48976098308724,-100.88496011323161,-98.72973889746208,-95.62933470007614,-97.39021890535821,-95.61228207590764,-96.24177394517815,-100.93719862950032,-98.78365380504556,-97.17676133151208,-95.76102301240815,-96.35167557182326,-98.72619252604945,-96.98854520054309,-97.33923245895222,-92.83976684478336,-98.31460130666792,-99.99210939406925,-95.21002111046585,-91.8366493733908,-94.60903537854497
2025-11-02T00:46:50,AP_5_149,5,149,wifi,5745.0,0.0,0.0,-104.23748491202818,-96.72236025964447,-97.83837554802324,-94.83628214161025,-93.57677669369905,-97.03607110791955,-93.96948774827635,-93.07710849086675,-92.02672629403774,-98.85230944078367,-91.89908820266041,-93.48671826080628,-98.47739639126473,-95.87009708680955,-96.31769927163369,-98.72904569932182,-97.09884298775981,-100.8214495628614,-93.7345179512218,-98.05012392790267,-97.2631322854437,-94.4984126981593,-99.75101473036527,-96.8153563431628,-95.86442409257147,-93.63317034534654,-98.95260127607965,-98.55517413945164,-95.5491471423153,-101.20729250261131,-99.37075682694504,-95.57523698799669,-100.08571603365121,-93.69690386620432,-100.5070441790939,-90.09616085995604,-98.78734376923504,-98.14521269256116,-95.19161681208261,-101.00647359378806,-100.2852799731748,-96.36207522914277,-94.84815473834497,-92.87506733188141,-94.84605974330736,-95.946600274843,-101.16605036921517,-100.10914351810825,-97.26110078615181,-96.19797110113964,-95.281627905999,-93.51260710010486,-97.86426866125039,-95.9631592914987,-99.56585135512613,-101.16239169040524,-96.864006977093,-96.39639840518323,-97.58076072045766,-96.44865983407496,-98.35575828670035,-95.2952580850736,-98.07584692258882,-94.90358280183541,-96.4685368401094
2025-11-02T00:47:00,AP_5_149,5,149,wifi,5745.0,0.0,0.0,-105.84978351972356,-101.52578535017061,-102.95118967757243,-97.90029618055328,-104.60518960922346,-96.41584187357569,-96.29596481840234,-96.22209598993419,-93.07957755703038,-97.98017475647866,-99.2556049897196,-97.94946648732538,-97.61868005276257,-97.31863377575563,-97.28669437117722,-95.06764393407364,-101.21322666049328,-98.10961929132915,-96.37458109082472,-96.70894495796611,-103.3827360494489,-100.261827864418,-97.11551664042597,-94.77068467579932,-96.04482821732608,-95.53849000628837,-99.6412788828456,-98.9314839125015,-100.32220240692068,-99.80767575414353,-97.77817876997833,-99.78929707824497,-102.06823871142926,-101.49702772014804,-100.52919314497106,-104.58195320426191,-94.29345742999479,-98.41278390929371,-98.53484721313207,-95.11638061774018,-98.61083854476364,-96.49334126650629,-103.72460267142748,-102.40927684139609,-101.87067687916942,-96.3072554400526,-100.88257648730198,-96.74157780031364,-98.6511770502363,-98.43784612063223,-96.72623023055274,-90.112072723464,-97.08455276846792,-97.18251822254784,-98.94122828742786,-99.500407534034,-101.10393320443862,-94.86995280352266,-97.34540390883036,-96.6711628768732,-101.2239070390648,-98.87203060581732,-99.89169878916806,-98.5983959033715,-100.953100478772
2025-11-02T00:47:10,AP_5_149,5,149,wifi,5745.0,0.0,0.0,-103.37286002554079,-100.54648687350084,-96.75349764776848,-95.13517845809214,-99.93902386735233,-93.80285463298134,-97.54771083272445,-97.17551358555325,-96.77044549147774,-89.66653260666585,-99.942288606942,-94.89389655117344,-96.13550904722736,-95.69260210480287,-94.97245118547283,-96.41200165207445,-104.33170539023452,-92.15822260032255,-93.37484871329833,-96.04353621081455,-98.95860361218128,-95.82294744597925,-97.01926308953398,-94.59564787723451,-97.85832391290992,-95.07362820442772,-99.23989820189827,-90.27599910473846,-92.9953847250115,-96.8611650740336,-95.79457175212683,-98.23454565087665,-94.01620390616152,-99.46322936272387,-104.99704813928659,-95.6724928788744,-97.50797908221783,-93.2902456152848,-93.8640254798498,-98.32445106141421,-93.1931111444105,-100.22055662767758,-97.2674424125344,-92.44619512797232,-94.96524372173914,-92.62595113657457,-90.68410140707671,-88.12556839446792,-92.26975517351988,-97.60069871278984,-94.70167840220337,-90.74498732141765,-97.10619607913804,-96.85218641655564,-96.37729427194887,-90.67076024097146,-98.40513575602928,-97.42708819047456,-92.57012419726426,-89.24673635328779,-94.98621914792832,-93.93681064915529,-101.36568631257208,-89.64160309183731,-96.77260559418917
2025-11-02T00:47:20,AP_5_149,5,149,wifi,5745.0,0.0,0.0,-104.28580352328892,-91.5368248652307,-93.10712411719425,-95.85064107143027,-101.67754076847484,-100.9806745053506,-94.85374025140717,-97.71446984267604,-93.81892375356111,-96.8884593931199,-98.8022295327973,-95.52569485335347,-95.53481257592195,-100.134354700221,-91.70163861120055,-98.42440350673098,-93.82758632095258,-99.57548602072359,-95.72162169421743,-100.30985884620209,-97.36097613493423,-92.74300848274257,-97.27575106881577,-99.85915144087839,-98.02832847563856,-100.5582263070614,-96.81415694805187,-96.4025081870158,-99.31203319179403,-101.2324124479172,-103.28568458975371,-100.67847658474254,-96.4141146496896,-99.51923720254715,-96.66869344823964,-96.34079515630347,-96.45535984079945,-95.48797385030642,-94.38485368769116,-98.96855724644341,-94.36017036952698,-90.2872746905875,-97.87479979059434,-95.0679340011127,-95.15052992780251,-92.73789692331175,-93.41627377877407,-97.22450779284922,-96.2731040354938,-95.15117284645463,-98.06081516608992,-103.4053039678554,-98.25453566347552,-93.9603639979128,-93.96184154881239,-99.09915829212729,-97.11585264378789,-98.3756720352699,-94.7766977741462,-94.51216207450325,-94.39331730323782,-95.49005864761214,-100.00935814403611,-94.71506183626201,-94.60269196547603
2025-11-02T00:47:30,AP_5_149,5,149,wifi,5745.0,0.0,0.0,-104.65110114235809,-97.9932367779102,-96.25098744147728,-94.5837776801528,-101.74759911038491,-95.67284853697245,-96.49869292217281,-93.2386134570538,-95.87211002918603,-101.73545310280657,-96.24499650643473,-100.35236356677545,-96.90173629735861,-94.85694324618527,-97.11528192233743,-97.69062728052022,-98.17340638109404,-100.19906957479758,-95.25456425579465,-97.87139591476536,-100.8267491032356,-96.08905053836746,-98.07041352353062,-101.35047275958524,-96.56852765890842,-98.45060086287508,-96.34488964919896,-98.20973470756259,-94.55405284894832,-95.54503927703118,-93.11551534516734,-97.90133520985928,-97.0169997290075,-98.39793613663916,-98.90572058551992,-102.39799592370623,-105.25132072621838,-97.36036256942602,-105.59572125215422,-93.30833643475685,-99.24957611776513,-98.63101301694202,-98.67391418673203,-100.07512558551544,-101.37882862189693,-97.80698606701719,-92.8262601209663,-100.13628506350324,-99.37379569920653,-94.65355981862125,-101.90812934582588,-94.57228402315803,-96.42159744403756,-97.91337182718104,-99.83869603233272,-100.4652097269217,-96.47017456335938,-98.79814600099971,-98.59485903341694,-94.14001596107784,-99.87467160900323,-95.00586492556668,-96.40038117599114,-93.14879732044682,-100.0390908561265
2025-11-02T00:47:40,AP_5_149,5,149,wifi,5745.0,0.0,0.0,-103.98820120919589,-91.94674159169165,-94.91836986633261,-98.17243303904564,-97.03194606673554,-99.60825298264564,-99.36327234258675,-96.87171550170724,-99.40531439637166,-94.19085614536273,-92.57297386138103,-101.9750185619698,-97.33449359975624,-96.11931809053961,-96.51305951906231,-99.15717129535128,-96.4878422999784,-92.34037771576332,-94.58808794955853,-96.57148205137902,-93.0988271487622,-94.39237223599288,-98.34205848172702,-98.81571454692958,-94.62632347803756,-98.24413214147415,-99.14677761152295,-100.86648920335628,-100.7001294301853,-94.84758108454636,-95.9377215969588,-95.18045040472697,-94.45610890418506,-103.66318815889687,-98.28939160896375,-98.13784143614953,-98.16098898332415,-97.32671355067242,-97.22836692491815,-101.22499641157755,-101.913977930042,-100.36238688522491,-96.62067524144867,-93.08859309332412,-100.17153402242678,-97.76747820691698,-94.84288269581728,-96.60204585531324,-99.72276629358635,-98.32598120996326,-88.60925904026865,-95.3863544292955,-91.9625659958812,-94.07875986879921,-97.44426381074081,-96.83228522110214,-97.20631562634932,-94.02620512621229,-94.3812999552954,-92.60636097884061,-94.76946576330758,-94.67298706141497,-95.38301887370446,-94.84755318274587,-92.16292331970038
2025-11-02T00:47:50,AP_5_149,5,149,wifi,5745.0,0.0,0.0,-104.88120610500856,-99.81680137429213,-98.02887415470605,-100.1648816416249,-99.98109655554097,-98.85037096317298,-100.32391627464094,-98.50186880097024,-101.82028362159144,-96.46942213376879,-100.04140125001342,-99.74151754467472,-97.86461370851708,-93.7403976340925,-93.37023244659748,-96.7721888521972,-102.65660106805626,-97.17947174970561,-93.66350031380175,-94.19509126119321,-97.50188494546849,-96.15530886706125,-89.87340639792917,-96.01534920720302,-101.84587668536842,-97.07500723185922,-96.21829707883172,-95.49510549012273,-99.22997128497126,-101.96581777958149,-98.67935440669686,-98.4244371570599,-95.16538158190318,-99.6701043088478,-102.27429234291809,-90.72499625571331,-93.90428224039142,-94.06636530658352,-101.0967547081518,-91.52905614559376,-101.3971597300801,-102.95944235969743,-99.1541276522028,-99.0108498167954,-96.40654480573299,-100.71137866624622,-95.08598429237374,-91.26500157763529,-93.47981631490741,-97.15012664116287,-99.83901277417753,-95.12029970116528,-99.71485569026228,-95.86010713453702,-101.62263554362451,-96.43013475029178,-101.73365404680978,-96.14982244325884,-97.24678013917793,-96.83018607057744,-99.96862823630147,-100.75411876114396,-94.77398536761112,-99.382984845118,-96.22310519254906
2025-11-02T00:48:00,AP_5_149,5,149,wifi,5745.0,0.0,0.0,-106.01987962613926,-93.83320692658108,-95.56536713663151,-102.30330256731426,-99.5498510883773,-98.62715515750513,-99.95241424126118,-99.23557041987661,-102.95252992826084,-99.0707197299182,-101.98418392066425,-103.86596441886437,-98.56332228247398,-100.20501422442331,-104.20653279475363,-97.72275393639742,-99.11784578775101,-102.0830433894717,-97.41934185737414,-99.36196581025804,-102.84482089707366,-94.57054173811824,-101.20321959015146,-100.32768770525585,-100.79669219706875,-94.85134204286318,-100.57608815954708,-98.70002090274735,-100.98695273794706,-99.13060644196497,-103.727300942428,-105.82239844432675,-98.8641897940164,-101.8064737002547,-99.94562075449004,-93.08872924335294,-97.52628843323066,-97.17895226370712,-98.03238235064912,-97.79454391497903,-101.60803068014383,-94.04900294709354,-95.93714580295573,-106.95090867028037,-100.46755288314267,-100.43670448132032,-102.14416658593798,-99.25491509272454,-103.64216455116994,-98.78266782167438,-94.74531655757951,-101.00095418423687,-99.23973199076666,-95.19606498442835,-102.18416162078606,-101.7353897157032,-100.34141436466905,-97.8398838540785,-97.80275562933934,-103.54328563364054,-97.40718756111188,-98.5827354898615,-98.73415511467418,-95.87820919987338,-97.44248901766788
2025-11-02T00:48:10,AP_5_149,5,149,wifi,5745.0,0.0,0.0,-103.59549291498715,-97.06232490990098,-100.1874864479461,-92.82607150120218,-97.14710468809946,-96.96982795374022,-90.13476030306568,-97.90898843919355,-92.28431980399716,-93.51558384277996,-96.15285543314104,-98.20355252000243,-93.78054405385353,-94.69604429333566,-94.20206604362684,-103.02528624624671,-96.36977346178752,-99.85319943527293,-93.36703809013086,-95.85590481365907,-97.40089361380872,-96.21384374908918,-98.69321016415626,-96.78120673533273,-98.47579511697423,-87.9428117238123,-94.85334514383105,-98.64256929731266,-96.40722357990487,-94.93667646596407,-95.2475746619483,-101.82277563722731,-97.5611900456378,-97.1346264962755,-92.95465703997105,-99.02714791034298,-92.46968452677453,-96.19910210208211,-98.88589018905027,-96.94413965857665,-94.66141940031734,-98.98700796224873,-101.13516022970708,-91.8271254170463,-96.93920694359018,-99.46476328743753,-103.7803658964098,-98.10450461173913,-98.2158374109094,-99.22459114036009,-96.43081315489424,-93.71413055270415,-96.52416757007879,-93.89563165597797,-95.14275371457673,-92.08028317533743,-95.77897901816803,-100.09039148310137,-89.8685243950533,-93.76919366736446,-92.96809877626914,-95.55686392509773,-93.681963867297,-97.5954637486658,-97.35494470408325
2025-11-02T00:48:20,AP_5_149,5,149,wifi,5745.0,0.0,0.0,-105.6396987182828,-99.31568770849988,-96.5272401546738,-99.47439821218964,-95.78645976133771,-102.18800353905621,-96.01264062848182,-100.96573406049089,-95.487965933968,-94.79084621071787,-104.13279367004614,-99.29407035018482,-100.07176867887247,-98.34084209302038,-99.36849966012042,-98.17530839716223,-96.370191510334,-103.97141395161051,-95.28409152393967,-100.34175598168973,-95.66204894626614,-95.67322131272306,-103.32882435577517,-95.33027906247875,-97.39662515734277,-97.91104001899215,-97.14280291379552,-98.11026794423077,-96.83772063901512,-99.86920706680321,-100.13235813045213,-96.67010304158764,-103.48255597771316,-105.18752863039293,-101.21342842516414,-96.46687586373244,-98.30273057216954,-97.07261237248069,-100.1449080805024,-100.36752263975202,-102.98254196437645,-98.80246624427657,-103.65382153953628,-99.42986925686684,-102.11074043557745,-103.34613184554557,-98.14324067865554,-100.36492631041385,-98.89878969931063,-93.96090322409098,-95.27862392317648,-99.29847524117775,-96.25367348103651,-101.1835052647529,-93.53003757076627,-100.12967207389563,-96.15394289480163,-93.68345897399968,-97.06219130595395,-99.04031593564997,-95.97476258727848,-102.51450006978845,-98.19962602752528,-95.8772252019387,-98.19584570131819
2025-11-02T00:48:30,AP_5_149,5,149,wifi,5745.0,0.0,0.0,-104.29642282306757,-102.2418089277165,-97.83972063464236,-96.10115972699057,-94.74569876600157,-93.1196629992352,-97.61335063890903,-102.32674222187966,-98.43094639042563,-100.60017989336507,-98.8131737765701,-99.22154990653432,-100.67593182748666,-100.78425417075564,-100.2168480773468,-97.9746836142643,-92.62923516027097,-96.02478181781407,-90.66306721319911,-95.70693169645897,-98.81395601386262,-97.78085273989774,-103.90086091604442,-95.40614373600302,-99.29697232955859,-98.18484056569426,-98.7078851446807,-96.51040544506219,-99.10549860258294,-98.69285745144991,-98.0601165142325,-96.40683553707775,-96.38285717245644,-96.60515563306683,-98.23400602943785,-98.67985827746287,-95.76147978682671,-98.4523088957391,-97.35608767139722,-93.01259683865476,-100.28168345535599,-94.41919152703302,-99.03603187133501,-94.6023482983473,-97.45394174957549,-97.22040092768648,-102.64546078136107,-94.34931635957807,-98.99399446597633,-96.9359051167007,-96.76048929574878,-94.85104421572507,-101.82494899180847,-94.10364301145523,-93.83631622017923,-100.13426369604329,-93.73023087390852,-92.97124752481061,-101.23127476162158,-95.49780951219313,-97.02118751123652,-96.89387859909394,-97.39531411296295,-93.54030258523,-96.71598271973343
2025-11-02T00:48:40,AP_5_149,5,149,wifi,5745.0,0.0,0.0,-106.28841606047486,-98.96894812110675,-102.7929773720294,-99.39190039573612,-102.58843733412068,-96.11214758485268,-99.79594106576138,-100.36159413630584,-97.4061104195818,-94.1862499701651,-101.79250369292166,-102.8227310352749,-100.9128325973212,-99.28135920414097,-96.45025497655465,-104.8448629715663,-98.45038259963783,-102.14341312762977,-99.53655139530831,-99.52582977974689,-97.51989654453908,-97.28501134994323,-104.81800122847297,-102.92820709272412,-98.22746251380896,-99.29613222669607,-98.39802267248037,-96.57120541240242,-103.40163585879347,-97.80226312486106,-94.48120477637859,-96.542213713293,-96.70071640012767,-96.27662073792807,-101.49471928673309,-97.19562882587566,-96.05077349720968,-98.25366776866296,-97.49209567927676,-100.52560953666399,-102.23589662736696,-100.19953662953328,-99.37017101887837,-96.96740590915113,-94.50353667294696,-99.7690444464003,-96.03160269388921,-98.45474563804075,-91.9898138736076,-97.76832170676813,-106.08554163578515,-101.59144643599934,-100.71789459435503,-100.16935444866601,-104.769844015086,-97.79661352304429,-101.64223631238869,-89.14869866661748,-99.12929319525213,-98.6701430097871,-97.47317991846599,-93.83227479902109,-97.10085266926666,-96.08915795518006,-96.2408742523289
2025-11-02T00:48:50,AP_5_149,5,149,wifi,5745.0,0.0,0.0,-105.5874062562479,-98.16251703632445,-96.71325043278523,-100.30127632147565,-96.94532548715364,-98.90270129190891,-100.73394227672902,-94.07210814436883,-98.0053868225715,-102.30724457647727,-98.2841652361364,-96.87189722138119,-102.55921514203672,-94.75380232502697,-96.42841175895656,-96.2929427910669,-98.94259790941643,-101.63016409746697,-99.46392845467348,-96.82182274934215,-101.34837517608601,-95.94405495778571,-97.26780740720899,-102.72128239125325,-100.87423066089418,-98.14543417780256,-92.99447132168373,-95.11105059856318,-98.86603737347949,-98.5301976288937,-96.04855755911606,-97.70885754693391,-94.46547165513545,-93.6056685763304,-97.10278952022753,-97.92886106485196,-96.9285175809937,-98.64657776831149,-100.66677169493015,-98.46712043225347,-101.66867612566918,-99.0011905094041,-92.8822648408698,-100.33152674883263,-95.00533776660023,-94.06355893874697,-97.92283248707831,-96.0287784467544,-92.64807667063214,-93.77304262346077,-97.4127267636513,-101.06865328747665,-101.96316815638242,-92.73477389193117,-103.84214007974785,-96.97790946629122,-97.38829944521001,-95.62950620474912,-98.43516524560006,-97.62571806051656,-99.96059230865657,-99.19444557737039,-103.93159053668914,-99.41834544558728,-95.92321976063084
2025-11-02T00:49:00,AP_5_149,5,149,wifi,5745.0,0.0,0.0,-104.63232569287072,-98.25412180601415,-95.2817793945334,-97.86848618038393,-100.46806182599346,-97.09816712552684,-99.46722379738475,-103.80335511238422,-100.61216103633379,-98.8871317022611,-96.8810437130445,-97.9539804965387,-95.50791265410788,-95.92394168722123,-97.28726647248797,-94.2581468692881,-101.47108464956023,-100.85800928576812,-95.33731652323017,-97.09048970934303,-101.60870211760871,-94.1285037296199,-94.52670492835765,-99.37467563222863,-95.9997917565372,-96.36212297662503,-98.31953378716088,-97.31035872904296,-99.75166893623138,-97.68183725548752,-100.55190448005703,-100.76931776243946,-105.40762171302595,-94.0144747835854,-97.20374211418904,-99.00876200469263,-96.3659435287999,-96.0578614107739,-97.32346978646854,-93.34659192039302,-93.88257442805785,-97.03229862089904,-102.7874512173127,-93.92802467018197,-97.20568843910726,-98.71361004182587,-94.34392673040968,-92.98218808597994,-96.55602907920077,-96.06119401681214,-101.77649783806307,-96.14633113780143,-97.55900488316625,-96.10134642879092,-97.43736268105513,-100.5817476876874,-88.47146825414067,-98.60381350064145,-103.13237319347087,-97.2575930727386,-100.86055816610184,-96.78621626487663,-98.41830910408063,-99.3193341683769,-94.99870408062712
2025-11-02T00:49:10,AP_5_149,5,149,wifi,5745.0,0.0,0.0,-104.70269880239962,-97.08931108910014,-96.26198336340344,-97.40664173860227,-100.21254960903643,-96.47092216881761,-104.44324217073745,-99.23556831585968,-97.43479217389941,-95.74777736057264,-102.98111741930597,-87.81681283370416,-97.57322219743345,-99.66796664672404,-103.43536758465483,-96.8567321695289,-94.91772178297482,-96.56301680754174,-99.99872274736934,-95.66086154533943,-98.9070997959439,-98.26595441695771,-98.03338621367452,-96.32996504332758,-101.14575042282746,-96.97411805353241,-96.9464841169137,-92.97792139732829,-95.01160615925342,-98.80692273417824,-96.35954795950434,-99.2728023085039,-99.03555360367854,-97.19898341337466,-99.4400399961325,-99.77230968038887,-102.56421640856804,-97.58498711047343,-98.4961885774096,-99.44959670221893,-101.92481732790824,-100.38824929705545,-92.27707947458644,-100.10282764417438,-104.18480007416419,-98.74780132810656,-98.27299953633437,-96.72447365152213,-97.30684843598053,-95.51834066388139,-101.45342389300491,-98.67358390936931,-93.89933458107033,-101.16417627340891,-99.48214939964399,-101.88221609991844,-93.8622916139253,-94.38783094232332,-99.0099899233247,-97.122066734426,-96.86927334858025,-94.85619742933932,-104.34060474739783,-96.09432765241469,-98.25375803557185
2025-11-02T00:49:20,AP_5_149,5,149,wifi,5745.0,0.0,0.0,-105.96769050094963,-105.18629358528176,-98.44627068628124,-104.61459779287907,-102.74661118949317,-97.58980082098546,-99.51980983727083,-97.6836829130251,-102.14856273036293,-93.41129293605202,-100.35791563255653,-97.16223339857217,-99.5424134443614,-101.24900980502863,-98.06944249209445,-100.33997811991696,-103.22690989007263,-98.90487822138306,-101.08713490154233,-102.02600887012379,-101.04649706000137,-102.46797804060108,-99.38488751209663,-97.53487856993306,-97.18590603525001,-98.17834986162579,-95.87746835842194,-99.09646724999917,-95.54076605812376,-96.52095282208806,-99.61267603922975,-100.07569425696153,-95.7155448067525,-97.2190698795612,-99.87127167483528,-91.48421066617436,-101.12748682353971,-100.47305427983994,-98.98304368608945,-100.61799591942294,-99.7051330568147,-100.68342714692842,-96.8205453793272,-93.96861391625238,-103.17123103242048,-93.47847056163171,-97.0376156528105,-98.7343476763092,-97.770103463932,-98.25455287478182,-96.78075401785495,-101.70550037656528,-94.47511043794711,-104.6130109594522,-100.88451113690284,-106.15606528426738,-97.28984307525556,-93.82647765817869,-94.13721873550597,-98.85510924615687,-93.6125573400046,-100.44280708651345,-99.98927486118296,-102.13874453526107,-98.72484075313614
2025-11-02T00:49:30,AP_5_149,5,149,wifi,5745.0,0.0,0.0,-105.29076240475231,-97.77827205855324,-100.4864282363097,-103.62850461315587,-101.2622015719451,-100.2870616972504,-94.22845642769354,-100.75751634847308,-97.1155504356341,-92.96050589972933,-99.55994997789458,-106.58882247398512,-100.63560553720566,-93.40476590350714,-99.51300262141103,-98.64203237447073,-99.51579318348736,-100.10352526856951,-97.2042997706674,-103.54925159133167,-101.52435791397932,-99.14211543286883,-97.26256687018531,-96.71773256661339,-97.92196629492925,-101.16635664410873,-94.14275901760814,-93.93431387353075,-99.54099580681643,-98.85632646866375,-103.35154015412964,-94.50366279903923,-94.4550356070491,-93.31159176726617,-99.84410950291075,-93.2404226920632,-95.34634744369724,-94.07687431681663,-95.08396705164628,-99.44093255074638,-97.83706342100736,-96.78529423486769,-98.67138378996465,-96.59505807646887,-100.0078669101609,-96.10137515004256,-98.09578125849059,-101.88348254686122,-102.14363463026332,-96.62543812182292,-95.54345240458173,-101.91767466329925,-99.61900233046597,-97.99870128034851,-94.4827011304278,-99.49358048084805,-95.45850228806098,-93.69323355660887,-96.12360568707399,-99.7553216469574,-94.64569498818176,-102.09217338417186,-98.38311178338026,-97.38135307468087,-100.12475514509275
2025-11-02T00:49:40,AP_5_149,5,149,wifi,5745.0,0.0,0.0,-104.26439243867678,-94.67694472653629,-97.22069522910127,-95.12708551221567,-98.48058701756707,-99.43260868348018,-102.29434789293148,-97.96684873421663,-95.76148033061273,-97.1906704569226,-100.8263481952247,-99.5254246497329,-97.29590102286944,-102.55562043760838,-91.41984453818749,-98.17667382588012,-100.97362216129827,-96.18106450787883,-91.81602823971765,-106.3670879509614,-97.29814350107844,-95.07916352927604,-96.9721771669665,-97.75867741003813,-95.8527277348488,-97.24121669777115,-97.62509233580168,-98.22662730325807,-100.01553467599298,-101.31890813526816,-96.92230261665544,-100.32891408130097,-98.59402172217239,-98.05726590065944,-98.74611350614305,-101.52004561529075,-95.7357755535552,-99.67274403489797,-92.42196572848852,-94.21258283589658,-99.16633045430535,-97.61756744592395,-93.37477297222054,-87.83842695361943,-90.56608858144293,-94.77532564425839,-95.84115037039712,-100.1505352019702,-96.79450214148724,-97.82543514598511,-92.4007409430975,-96.1464918082022,-101.43378441894015,-96.20780362831321,-102.12954319201913,-97.16378125129205,-97.39292351256353,-96.12874264949184,-99.4729011096938,-96.09113761127445,-97.46017646483887,-99.73889343087167,-95.38879115925178,-103.88724951611997,-94.22626556352347
2025-11-02T00:49:50,AP_5_149,5,149,wifi,5745.0,0.0,0.0,-104.01717491345548,-95.82103290463068,-88.94286200434269,-97.05554161066216,-94.87841351059379,-91.5197488970513,-96.02022211917001,-94.03294666257239,-93.84404519763723,-98.5482388794182,-98.34487802570955,-101.75773633546851,-95.92735241128308,-97.39306588859102,-96.05613672161859,-95.67240403352358,-96.86957709395634,-98.71015260899655,-94.68045521705866,-97.34818826147921,-95.5679375240881,-98.82474332528031,-94.98618701641234,-95.04198459869417,-98.5873545256444,-92.77907946850385,-93.50000853170528,-100.68058514971756,-104.22129585184993,-100.88674922255444,-97.43487944926726,-95.25436124107688,-102.76918281789554,-97.98434848309702,-99.41440798478342,-101.67154127595379,-101.12364904019496,-98.62020182232816,-101.14148421213775,-98.69353366305937,-95.198837724876,-98.73507761213747,-94.53393370381465,-95.83850541594173,-97.19380255886433,-98.79496863967378,-97.44111343724266,-99.72401189914659,-99.31393663872443,-101.14721697191467,-98.03229095280523,-97.50331842863137,-98.13267637632208,-98.83561798884409,-98.70067209224104,-102.99658166012519,-94.46322362034478,-97.30852454307946,-101.88865250546058,-92.54203206508365,-96.94653441738917,-93.80419615581698,-96.82916478247226,-104.72619218431981,-97.7202760013907
2025-11-02T00:50:00,AP_5_149,5,149,wifi,5745.0,0.0,0.0,-104.31405964074001,-99.12421329027376,-100.76362278583888,-99.4339644670696,-94.71967188276497,-100.10395917197292,-95.39287909333129,-99.99579448505486,-100.35454557081789,-94.71491773628152,-98.11739798510598,-103.30588972743183,-99.50119521191685,-97.15932954968582,-98.59791741982488,-92.9863780472595,-97.30979879177144,-100.2719492768391,-95.14637129944785,-95.2911709245086,-93.92858478496318,-94.2610128160596,-96.38771783981929,-91.96534397554815,-95.79057703165685,-97.44254750796948,-102.00955082508712,-94.33461541307824,-95.14918182359133,-97.90804544510566,-103.60635645454069,-94.96723134943397,-93.806497614203,-94.92979604806065,-96.09089461204627,-95.20132956101749,-99.34650409050788,-95.46257388329231,-95.14448473766174,-102.67531041283597,-99.87395338943624,-98.95861314630153,-96.69060058972678,-96.97453946467799,-96.11070322792165,-94.13896648948868,-95.56222267890529,-97.04467487605885,-96.16871430428733,-97.49255814754169,-98.23888181100457,-101.86481346745148,-100.93847211988785,-94.25381325056391,-93.45390141982577,-94.78717922941784,-101.35653999795795,-104.44333740937375,-95.83244353052508,-99.45801974912966,-98.00741132634388,-94.03044226287706,-93.03830345346111,-95.89237480584184,-94.36696668021638
2025-11-02T00:50:10,AP_5_149,5,149,wifi,5745.0,0.0,0.0,-103.64735351963576,-98.03497131938002,-98.90850585148416,-93.18346767199378,-97.24331054916804,-94.39558064425067,-98.98505037034798,-96.6767694097952,-97.15851759934212,-100.88003758158948,-99.29337989468713,-97.31099682539225,-93.93977725881474,-94.77598784897512,-95.79692414424217,-100.71743061476361,-93.55230367368614,-99.08070248295509,-96.24162692428688,-100.28234819357041,-98.01623533146181,-100.60543393007,-97.75645475358567,-94.53030992511955,-93.93847392899708,-98.07182065911648,-94.28355015651303,-98.72574263981898,-94.64320356379967,-99.2992061321894,-95.04691150530917,-96.56335003155182,-94.39043108764653,-92.60913058397452,-96.78309522746272,-98.54727895193048,-96.18913894742671,-95.96739091692608,-98.99337706674756,-95.4747571829213,-99.34432266392304,-97.5278806764128,-96.8395224240935,-90.38637365436685,-92.20924028533045,-97.12309073460169,-100.77342845077685,-100.13194746293426,-95.10838117297654,-99.62749237951537,-95.25039947176543,-104.06903590805898,-91.45289032839574,-94.13649510890595,-93.53252159561562,-96.17062605775064,-98.6534969323351,-99.65838271309558,-95.80430200271545,-97.78673008797742,-97.25009558485802,-97.51300084429033,-105.95560173597225,-98.57579032030344,-95.17712399904754
2025-11-02T00:50:20,AP_5_149,5,149,wifi,5745.0,0.0,0.0,-104.4659741195911,-98.59044529481632,-98.4507448577189,-102.22123287918349,-96.80227476182361,-95.24106248976825,-96.86253741574944,-96.74752911522698,-89.68842725016394,-94.20060392963921,-101.60705107406811,-101.9215180435942,-99.46243974065227,-100.59181105516946,-99.84709144978306,-100.07215001145038,-93.77147981798196,-97.38652376007758,-94.58510768974593,-107.13988995793179,-98.06343269033377,-98.70479078892662,-96.25121776823629,-91.19957740790252,-97.92280632363757,-98.06461593702114,-94.04281501021077,-99.03568495540183,-98.71136023891671,-94.38920768680481,-100.39635184568132,-99.00957726741828,-95.38209267389766,-98.4169281600717,-95.76454506675171,-100.93984473147157,-96.32804874202553,-101.04447687410601,-97.16491046346668,-96.36884873726223,-98.60411276480755,-97.56351395551818,-99.50509100422954,-93.17131108950164,-101.63132308655545,-101.10851245843249,-94.31893204783928,-94.94210466176224,-100.34746979904725,-95.70673125327284,-91.07191032639932,-91.26990454484559,-97.45489068031043,-96.59492834909045,-98.32422744500944,-98.05494250464562,-93.7378957100767,-99.25829107353809,-97.6435350636996,-96.28652160446455,-92.45194372534498,-93.50164453626331,-94.75635966755912,-96.08740346749212,-95.69570806633755
2025-11-02T00:50:30,AP_5_149,5,149,wifi,5745.0,0.0,0.0,-103.69608578187346,-92.92239406586728,-99.9996005500714,-96.69869695026297,-99.458060681381,-96.28284959051969,-95.8603732498535,-91.2011849155408,-94.9258581004558,-103.14765708572641,-98.82827039228617,-97.96922211848064,-91.442461757312,-98.56210708265695,-93.7699717693322,-102.89079704113735,-96.57293209470392,-100.17191934777627,-96.77592743645752,-93.105955477972,-97.38320040520941,-100.17780342751794,-95.57699512169066,-96.02453974496125,-100.76532948603038,-94.84052249988298,-93.43324422710698,-102.51211472345649,-94.24985343094828,-96.00499535570086,-100.8832924440703,-96.96283714037452,-101.01705369822767,-101.81551643622315,-91.19916456503648,-99.06875172140856,-90.48253484888257,-98.94175209689509,-97.70964324139302,-95.46297381585183,-102.97441826460401,-93.59075545009127,-98.57474756625912,-94.81665236594804,-99.61394366050285,-100.64104660046263,-97.42165119392375,-98.45281914283365,-95.26928545633686,-98.3031437597777,-93.5454218849221,-92.91484817414498,-99.12077927479234,-95.33293131329805,-99.44661074937913,-101.19858951064126,-101.03246741535538,-86.585140199987,-98.04167083935452,-92.80562873864895,-102.10516624349542,-95.85410878041732,-95.30384805875603,-93.16227684672705,-97.33280080912503
2025-11-02T00:50:40,AP_5_149,5,149,wifi,5745.0,0.0,0.0,-106.10318710268088,-98.28445883537259,-97.67792396560561,-101.47643855513256,-92.22610280196747,-100.65422223524415,-102.5451455281055,-99.4580059961243,-96.74106966365684,-99.78057006480012,-97.13228824182548,-96.38459060053438,-99.02396522800119,-95.7931897282197,-99.72683747019913,-101.18792563195386,-99.40604560944105,-102.19167733482351,-94.91966885557059,-98.16243218652787,-100.83415815102904,-98.40925762150262,-100.53898537877717,-100.4195790878073,-93.04239871735967,-93.9379659999086,-99.61581935828923,-98.72299015724171,-105.28797848609003,-97.15319176845361,-101.89323390247355,-100.33570496184079,-97.65232852645342,-107.83510540565,-98.46011516630746,-99.57142836385644,-101.92882449191805,-100.3345791535709,-104.51553321571302,-96.96767371914412,-100.31587151609011,-97.97651183802513,-101.09562243812827,-96.75571343657887,-93.99935005838928,-98.86031885368082,-100.38848432122992,-98.64472282837711,-100.71351027935353,-101.11633434997572,-97.492414550239,-98.12483802804829,-95.51678946571528,-102.300620031913,-98.56797401423387,-97.85030249952248,-98.13291804323329,-99.75140661445697,-101.27381277388126,-97.57617680817377,-95.89274193999483,-96.48583119224512,-99.02949209091786,-96.15785498810708,-103.71511041695368
2025-11-02T00:50:50,AP_5_149,5,149,wifi,5745.0,0.0,0.0,-104.61204438440777,-97.0188225902786,-93.02443616264102,-99.72169556156533,-99.78417264520112,-93.38470143166022,-93.85919624545512,-97.40286395083577,-96.40264828115916,-97.38575016466561,-102.15650213728081,-97.27653466452064,-102.39594120248913,-96.17164234949323,-96.67240502662844,-99.70818304348175,-99.08060879379013,-100.75206747772984,-97.92115974595984,-99.12347199320047,-97.63337164894637,-96.90791505126828,-98.84126445566689,-98.48629374763374,-94.78969094572844,-98.76406935284477,-100.98681922443244,-95.34051208603458,-95.83368625532562,-94.94796416105136,-100.60120503183549,-98.01467685381878,-100.33825726988213,-102.37124041849242,-100.82943577639827,-94.31726179167761,-99.75822416354607,-94.91005813488093,-100.97355338671794,-97.98181932389555,-95.8895662052093,-95.3201278481017,-96.43632947155383,-95.06282486763801,-100.3448521252683,-98.3452498019304,-101.02162486823191,-98.40470167091222,-93.09449882332996,-100.38277460868838,-99.3157029223965,-100.89783196870191,-98.53927424080844,-97.77758103028582,-97.8413732727779,-91.22168519763915,-97.79396820927036,-97.15818199436389,-100.71690103882564,-96.19620461825298,-95.85837378446726,-101.8062363673148,-100.34665761321992,-93.82458981358072,-99.95693083523388
2025-11-02T00:51:00,AP_5_149,5,149,wifi,5745.0,0.0,0.0,-105.83559225853925,-96.27890877204847,-98.12739475828222,-99.41573816900218,-96.29190793841016,-98.00993717465889,-96.3740416168723,-98.70690107912455,-95.97683541065705,-97.48457090939742,-96.62226121131411,-98.8867420135957,-99.09168420740271,-107.38159495559842,-96.23897432752413,-95.1563916893368,-101.20333338017691,-99.61661881081127,-100.1798725111324,-101.4376352063619,-97.18405124634161,-100.09153473822306,-97.95350799948875,-102.40662274590758,-97.60955781209371,-101.68808463542854,-103.74468994506677,-96.91992951812755,-94.88829138675149,-98.75906691693149,-94.99154781897451,-101.7403143144253,-94.60623906798372,-97.81887966826257,-97.83932900670996,-102.00662040638406,-100.64141300020812,-104.99819945315691,-95.27569699389599,-101.20471623345429,-99.82232004226915,-101.54576886016663,-96.81256688130954,-99.59770175064149,-96.4841649530056,-94.00263736867669,-94.8178012205796,-94.18830475215512,-98.80875114787834,-101.42157553417128,-97.4843999866991,-97.49254261207663,-96.24458477784363,-103.12405197630197,-100.40225896812244,-96.64694137632394,-92.13917615406874,-97.93916775228278,-102.38149390591438,-102.60517083433264,-95.72741387308328,-102.51455394903151,-97.23884823355596,-98.92106232314562,-99.7332193115185
2025-11-02T00:51:10,AP_5_149,5,149,wifi,5745.0,0.0,0.0,-103.53290639919865,-96.36109704439889,-89.85600071555231,-95.29826823092212,-93.0082625514717,-95.9231155727171,-102.58268551581759,-92.03036567719452,-95.93750132281947,-93.55651782778662,-97.46874741774442,-96.03705138685281,-98.41391759823097,-98.05113011284237,-96.43845552017794,-100.74074818104502,-95.02014960792897,-98.03143435643175,-95.00718183852902,-102.78958765650206,-96.51936856402804,-99.88455045703773,-100.35352820334948,-91.02729471756572,-90.22177326569047,-91.94409957671854,-94.7907995845444,-94.51802751139319,-94.25814590972587,-89.51257962747655,-98.32549031495023,-103.36146399641282,-92.92885463834072,-100.77671765264749,-94.55961794819811,-91.92405805956062,-95.57251958524537,-96.6273160379352,-101.01616922989172,-95.7188986856195,-97.54855906041233,-93.6033100361601,-101.45042930836735,-94.34596957373999,-90.33171544250771,-101.07816703822917,-94.78939319044612,-94.98650625550484,-96.1092517355421,-96.47478203454361,-95.46266073069728,-99.37235598622786,-95.99172454071918,-91.5065605846525,-95.21925421082956,-93.21555066884129,-98.05114659509402,-100.14549942140707,-98.75594923866696,-99.99726758457662,-92.78623543660855,-96.84227174903585,-93.24335081054741,-99.99939731152203,-98.0683276494336
2025-11-02T00:51:20,AP_5_149,5,149,wifi,5745.0,0.0,0.0,-106.97707885914632,-100.78055837239877,-103.17481600593105,-97.98637865288006,-98.11665654260706,-103.06568088977097,-104.61298336040873,-99.97691420735993,-101.55491471539972,-99.18370621439523,-103.51826210573263,-103.52630882896504,-99.86491619467434,-104.56528960390999,-103.20513738208516,-103.58914569716985,-100.99556732233805,-99.60219059068928,-103.28183973471323,-100.05158704203691,-102.38730901963339,-99.90671628428143,-97.31974477866373,-103.61430806141219,-102.18165329983819,-98.24264343039363,-103.78179332094304,-105.40578700698924,-102.86168482443078,-99.53534017206361,-98.77084477355334,-103.45015716529473,-100.96961654017196,-104.06309601345158,-100.38647738730646,-101.18270159453668,-100.59720505604395,-100.95252013625681,-96.08348618267071,-96.27174216252153,-100.6959547140118,-101.03051477157238,-99.29769238209687,-96.99235682319659,-103.05553289024708,-99.27407626626882,-101.80456079410843,-99.48425529541076,-99.61911280723962,-102.93055061606438,-98.90766422364614,-99.50283385591523,-95.53872965848208,-98.92576038995838,-107.76972411276455,-102.61825884522486,-104.75085899024589,-98.54756524458077,-107.45493579348467,-101.99509035768132,-97.76461946479375,-100.17091893707423,-103.58548736970633,-98.37022261284336,-101.03659481733321
2025-11-02T00:51:30,AP_5_149,5,149,wifi,5745.0,0.0,0.0,-105.74661947376433,-97.19283096386248,-97.33261142101082,-96.04538765217754,-95.75807784776511,-90.22454834592676,-100.97166307803698,-99.65851916847323,-92.93793757704198,-97.04097136873156,-98.2562655225742,-100.68000016079355,-103.46988979600246,-94.08960492594557,-91.11274033733902,-98.37156856674385,-99.83097108230801,-103.42289290408071,-100.78771697713398,-95.9120589788451,-103.32935402210917,-100.03034419163762,-101.93132650568639,-91.01378529628228,-94.6695435607016,-102.29908479557004,-94.11023191268887,-98.52542620489132,-102.55864873048316,-91.89692151717777,-93.35655240516095,-94.61702976321351,-98.38427680339628,-97.24305738861958,-99.77888542140838,-95.260179310687,-95.4985582380337,-100.14442939806382,-95.55407612010322,-96.6735293115252,-94.8260597039015,-105.21379522155199,-97.75366639798266,-95.5378192129335,-93.90702283807192,-97.10161203401732,-99.8040660883048,-97.55283795791684,-100.86565382867407,-97.16930300775165,-99.95717298426604,-97.61255226351798,-94.89848630492904,-94.51598845447764,-93.83970255985876,-99.28363735369722,-101.70544904340008,-103.34497243510936,-98.6433618243184,-94.49892327889455,-96.60558271072895,-96.92319053426398,-99.45734985338648,-99.05001095518774,-99.40268657171703
2025-11-02T00:51:40,AP_5_149,5,149,wifi,5745.0,0.0,0.0,-103.96423619630647,-98.91503475989082,-95.67107480964678,-98.70722393448335,-97.33607847444249,-92.65970097108968,-98.98692841355295,-96.01175441905879,-94.55406978784629,-104.13152174371395,-96.68054637512644,-92.81766549380781,-99.65000194802603,-97.28632412421547,-92.21066956777777,-96.31686472760452,-96.80459200319787,-97.13932049468926,-94.75982800337451,-105.65255359412501,-94.86275459730241,-96.12175266793014,-98.2912340694329,-92.73472120597789,-100.36865038401568,-99.29580775194731,-102.17116639473952,-96.43749746818348,-98.46479614329161,-98.8565515385772,-102.30841357108102,-96.26994651750354,-97.73935040822036,-102.94458295325144,-92.66630255249173,-96.2049858395516,-92.81842763006966,-98.85599285035681,-96.58803969120986,-106.05799811711361,-97.43495109893594,-98.68640605698606,-96.1925102737415,-96.43224012374195,-101.62235620271296,-98.19144344530484,-96.24958988529191,-93.25972721118639,-99.36318588236114,-93.5583021826011,-92.33780111311,-96.79580853820993,-94.78783542981228,-98.80752555463864,-95.74770933746196,-100.34345646917164,-96.70604886553544,-94.91283060168472,-97.11569011544533,-96.92202227371449,-94.50168062122411,-96.93361021321891,-99.8514033184133,-96.27641183007374,-100.82226894984866
2025-11-02T00:51:50,AP_5_149,5,149,wifi,5745.0,0.0,0.0,-102.58524702835525,-93.3680670082789,-96.28373752615957,-91.27651914828834,-88.90406059673934,-92.51418273897939,-99.92373511159788,-98.07271780620121,-95.43588974620647,-94.29032940508704,-97.57463793591239,-94.69071286950242,-96.8392566711788,-96.70876696879748,-93.96325202215812,-97.93491766166363,-95.15745160316212,-87.98293475385951,-94.10820370495595,-96.23339490948194,-95.23469685873644,-93.06185055566303,-92.9748297509489,-93.48652111316454,-95.11903692629542,-95.78363796911621,-95.55588409684172,-90.7783674712486,-100.05820010603189,-95.12753949468228,-96.5957914405216,-95.83042715628699,-91.40754914138607,-98.00047763052751,-95.76822822351608,-95.2992763859857,-99.94640527843026,-94.70554325036585,-98.86275670932308,-100.58047422058203,-97.31124323014885,-101.66480210918957,-97.05758599351454,-97.95337225863462,-98.48428218070842,-93.81211327828578,-93.14831554778655,-91.44965941394267,-96.39181072865883,-96.18830075700023,-93.65107519656925,-91.89365652647857,-101.50260831433606,-90.8767808310009,-96.71821652881982,-96.37952121751614,-98.85055708739239,-96.31007995401653,-95.70164392349812,-98.99424716791286,-98.8934641853985,-97.53257548470008,-93.39222011830529,-95.22991144865352,-99.3792659485561
2025-11-02T00:52:00,AP_5_149,5,149,wifi,5745.0,0.0,0.0,-105.33585009935217,-96.48488906976483,-99.34401660836515,-99.89172045047484,-99.42975821402968,-96.22393228713398,-96.14920764582317,-95.37663110153574,-99.66571451942231,-99.2759772264146,-100.57391492183946,-92.93993665482829,-94.38266054228592,-95.33065622082039,-103.50660882383147,-103.32702580395102,-99.74467166927505,-94.72382994854094,-98.56779679697084,-101.07875583992012,-96.08485276443689,-95.79613146663135,-93.02063447464907,-99.9532346417671,-93.85585857867733,-89.98704870800466,-101.57409265101096,-99.89709234652472,-100.63817371199835,-91.5336229272832,-95.4404221472489,-99.89300878170937,-89.61107207109674,-99.51055584212399,-97.94039738701667,-100.79334852790058,-96.120710504182,-93.73903703206433,-96.59575023661982,-94.10220263605291,-99.44746607006319,-100.86872521390907,-97.17546025948128,-101.59736328492478,-96.06769416343829,-95.78893645074967,-102.7367521517013,-97.11663760002465,-99.793362941916,-93.24867511748275,-89.44959380937537,-98.36526548047152,-98.78922111185706,-101.29368460159496,-95.69191041553754,-97.14706970921388,-94.883266309931,-97.16390350647862,-95.33513336909355,-94.04899848734587,-99.25848677986374,-99.14714348194985,-94.14866369085183,-97.87288582661458,-95.01170213771626
2025-11-02T00:52:10,AP_5_149,5,149,wifi,5745.0,0.0,0.0,-103.37952151856243,-95.4728755369624,-94.779803757153,-100.99518201650918,-99.3942024743133,-97.75144523727495,-91.85948232787219,-92.02805725115438,-100.38600335955786,-96.19400160588121,-95.17085511975122,-90.2878863204354,-94.49005162114791,-98.1565619758644,-99.32897495946943,-95.24010118921733,-103.1114381218775,-93.13172390334647,-97.0835930598844,-93.07582889105875,-94.73085066589405,-101.64089855111685,-100.47464873782555,-97.32086307691407,-89.64362649919767,-93.00818719034919,-95.59147017354161,-101.8134844685172,-91.84591233101938,-98.84816702899442,-90.73376083008134,-99.59385291046505,-97.89645145802051,-96.31558479921951,-95.09274818801302,-95.04937747071882,-96.71309518037829,-94.65348198492232,-97.73029767584558,-95.3377190161874,-97.96095846116238,-97.11266125033762,-96.1406974349257,-99.5482400578922,-100.92706172854113,-94.30234067573164,-94.5979458089875,-101.56891163801731,-99.59109886797035,-98.56941208893952,-94.71482855395183,-98.68449846406767,-92.87366032882444,-99.4803775221608,-91.58305948599526,-101.07269648827105,-104.26205537121695,-100.28611095074477,-90.4795519764201,-95.55982294176705,-98.37018513010072,-97.84389388861754,-95.28544270444357,-96.62366814107357,-95.55906494135154
2025-11-02T00:52:20,AP_5_149,5,149,wifi,5745.0,0.0,0.0,-103.42695712347827,-93.39814662496066,-96.98482552364555,-92.79735496324898,-98.17295329902382,-95.35767933369577,-91.87361901381409,-98.05394281222779,-92.90983521038291,-94.80624282932483,-101.14992770813168,-92.08416961845387,-102.23729841609642,-91.41335005559132,-93.83244567065576,-95.99148349858805,-99.437573412033,-99.06950899388661,-94.27201616716638,-96.70832200121635,-95.10208672910616,-96.08580306714246,-98.93568209605525,-96.2599265802824,-92.5465099052237,-95.96256719553655,-98.48576462824978,-97.32923210540454,-102.59213544309698,-90.14400423568087,-100.43591601983668,-92.92221959864392,-90.03853005209741,-92.69895113626131,-95.03038362994356,-98.62071710596663,-96.1870672900943,-97.1876262892705,-95.49672692471725,-94.9072642713859,-92.75655534215014,-96.16413600319297,-92.12125927466492,-97.38417839707625,-97.02183742773609,-100.127804216392,-95.32811255490685,-98.85416627602334,-95.31593038607443,-95.57557021918534,-95.56583883362524,-95.07005264403143,-98.07765938632816,-93.62712376940831,-98.87077339825146,-96.65578406041759,-97.02939222757422,-97.33176216584157,-97.16342197149937,-93.09399343593773,-96.59680412363426,-97.36036514074598,-94.18658586353526,-93.47443025615887,-95.85984745311717
2025-11-02T00:52:30,AP_5_149,5,149,wifi,5745.0,0.0,0.0,-102.51356601446162,-98.53777723479871,-93.6931140676539,-88.5957049827235,-97.5286984499665,-96.18105462388372,-98.64552786442187,-90.7353268555222,-95.40755605238698,-89.74502835794151,-96.28188120849748,-95.47087696500023,-92.75485070146398,-93.70004976049286,-95.39718361354728,-97.9518469758921,-96.72152072778832,-96.60415752954867,-89.5672716199359,-97.45345812344685,-97.90405278054894,-96.31401470338493,-91.38521689082631,-92.67168656654697,-95.80249945405687,-95.95138341115306,-93.83540663363166,-92.97368697135578,-97.13536337728699,-96.14202906439321,-100.29334953271389,-91.74399801258335,-94.28143728502039,-98.05517694633745,-97.49481252556313,-98.44329133503119,-103.85648786144488,-93.619286873184,-96.91374058705203,-97.18717636828666,-91.84579236127864,-100.30389718274213,-90.96945069497653,-94.75134049095905,-94.29370528306126,-96.52619023025004,-95.72142506512317,-92.08163181645794,-91.15043828190514,-101.87358715427334,-95.09293641986004,-94.73053170939008,-91.93015973776245,-100.97429423666038,-98.40773183008397,-92.73960584069553,-96.77105416905682,-95.57348756317586,-90.86726518139994,-93.24507197906146,-97.39765765928686,-91.75785685402168,-91.57683360581844,-96.42075138033749,-96.33532551962347
2025-11-02T00:52:40,AP_5_149,5,149,wifi,5745.0,0.0,0.0,-106.22499273288985,-95.52857597232347,-96.72584405340692,-98.29747193189802,-97.01977918900619,-101.54459945495012,-100.16324211281017,-100.42136919258766,-96.91208509153883,-93.47313225801224,-100.4533364905289,-100.3379945369176,-97.64775856597606,-99.34713257074141,-97.63662781248046,-97.91409744011456,-95.003605156812,-100.76442476856609,-98.43980107831838,-95.34541156656134,-103.26741341866051,-104.6561511191466,-103.4048706022121,-103.7139790120566,-102.71535214227148,-98.29898418573546,-99.58987346256458,-94.27809546761866,-101.65111962108789,-101.99258098146612,-104.33830973105104,-98.01733551858611,-97.61571397970586,-96.56965037206994,-96.9790895668059,-105.45602060160405,-98.77120511000062,-101.27852931950609,-102.3828735902587,-102.20793125796844,-100.15356739762971,-91.92388948815258,-99.87677171743837,-95.14435558832527,-96.2550708576348,-95.83607960852387,-101.46869891189036,-96.20160707851085,-96.93645238781667,-95.21172922872744,-99.44726367438967,-101.13806013066231,-98.39344573371874,-95.90862010163384,-94.96780110442859,-92.92282111451973,-104.14892232989361,-102.68201938690117,-96.89547161310466,-98.87025693243095,-101.58939454828383,-90.34316010652151,-103.85081109334477,-103.77521959187293,-103.71323404382773
2025-11-02T00:52:50,AP_5_149,5,149,wifi,5745.0,0.0,0.0,-105.55013208309056,-97.30221593745895,-98.77808563392139,-96.88506053687138,-96.28602308934258,-93.43920544887831,-99.67771865917982,-94.4549784473492,-98.25699376634009,-98.52456192207532,-100.12120606732523,-100.38350921785096,-100.60260045552185,-102.58858984249413,-94.05019811858614,-94.67081971642055,-96.66053078947736,-96.6833140538242,-98.88597720097285,-96.29236023320217,-101.59754207797089,-98.00042296869552,-99.01255317403958,-99.12557990823412,-99.03701233937697,-107.52985946703055,-101.11183253866136,-97.32959879526048,-99.21718240269689,-103.3820138455849,-93.48842607774016,-100.93198251933735,-99.45378096196636,-101.1635108116096,-93.62101269410391,-95.46519465702556,-99.94439430624502,-95.67132627780836,-99.10325057648976,-96.2407880066771,-91.86731838769177,-101.97371685239625,-94.85440456097392,-102.0476028067011,-107.82582972883442,-98.81609220444871,-102.47395473346616,-95.77131249538259,-100.15625570115307,-103.24369382595212,-97.65739641145629,-97.07493665875658,-102.08452744576532,-100.01038849593245,-100.81951294083115,-96.19549050337217,-98.57217438449165,-95.19004449158538,-99.03150971719216,-93.61648888169427,-97.04659366774838,-101.20815841867419,-98.45573122180235,-103.55440075436448,-96.26929386702975
2025-11-02T00:53:00,AP_5_149,5,149,wifi,5745.0,0.0,0.0,-104.08751714983165,-96.5892877940603,-99.55525542641122,-100.19135885108071,-101.44387181289642,-98.41546298437353,-94.1295091367024,-99.18643268926205,-93.18290139712975,-98.27403081329075,-101.13208849617551,-94.58366681864054,-96.9451989866015,-91.63128438631772,-94.6611392756107,-95.38606973973533,-93.41653962372757,-102.72571807633277,-94.1405061923209,-98.76274071357592,-98.70739735866889,-96.15979682137517,-96.93616549194817,-92.66357994889299,-93.39948780337724,-91.34318206676089,-95.25027189477031,-96.04371516898104,-97.3999757881576,-99.0319694884378,-101.30361273197973,-96.320429393257,-94.54873075419276,-99.4275927045138,-94.4109480080751,-97.18376418170752,-92.35517913906696,-99.11281781692844,-100.10776934867442,-90.87834006776421,-101.57611727287683,-96.14535769928715,-94.71352439730498,-99.01061483126607,-101.54680811945293,-94.32216385448736,-94.17808671167268,-95.64841093693947,-98.07475637577735,-100.16839210421206,-92.69835127145679,-97.4624952605331,-92.04325876948238,-99.17064846734445,-96.9901298236084,-95.46089330253548,-101.63818190144775,-99.10259929158715,-96.23980603107543,-97.19753105255228,-101.66160120546502,-100.94786336666927,-96.22303580797356,-102.24784413930007,-92.90820844415352
2025-11-02T00:53:10,AP_5_149,5,149,wifi,5745.0,0.0,0.0,-103.96897525098565,-99.17819060809086,-98.91512208156213,-104.09989039195244,-100.11963037193225,-93.97395234921436,-97.80239032584008,-99.47262182847777,-100.33437927900025,-101.8526314324795,-98.86094840585406,-98.4049346635192,-96.30056599791341,-101.22844386052593,-99.88521343366766,-104.50137513154863,-99.73758860684298,-94.35196383201192,-93.73413308182077,-97.10082947969428,-94.64146775489631,-98.56757547176433,-93.8816770821905,-94.91018971208034,-98.95312377529724,-93.57104502757932,-99.23134150866301,-101.75756647097116,-98.601167876556,-97.99229017603457,-99.31981391064633,-92.37066550182651,-102.74363295901239,-95.42099130859803,-96.347427277338,-98.39912115865386,-97.97800279137567,-92.83125513264433,-92.52762099645538,-98.94981546395356,-101.52175792129528,-96.96037960938297,-99.08807546661235,-97.92549869245128,-91.11426867625318,-98.40337418015639,-98.7201893981142,-94.56201109788876,-100.65175392930266,-97.6766504602113,-95.23210142976842,-95.08274087510975,-95.8581816726703,-101.12623074945249,-93.46515388834062,-95.81572963057987,-93.62801322060567,-101.06315865586033,-100.78399036870671,-97.67732926023001,-97.55657956725432,-101.60825884760916,-94.77086313084749,-94.77818886008089,-96.12015613297312
2025-11-02T00:53:20,AP_5_149,5,149,wifi,5745.0,0.0,0.0,-104.58489825697568,-95.16104806724402,-97.17962909305052,-98.95307677069664,-99.46013084313985,-97.20244698134871,-92.48536497089623,-98.77119043173343,-97.2305323113451,-94.39466685144335,-96.37464180024193,-94.85575166701108,-94.28055689103942,-95.03789604078926,-91.06772673975885,-95.35562037272662,-95.72963906315015,-98.10502254032582,-103.0023184540924,-93.13057179153408,-98.73820992520382,-100.6659625194426,-96.97977167107192,-96.17024960584202,-100.0327794813805,-93.64811798869329,-94.4005162084921,-99.1123273448443,-97.08817923880696,-95.42052465493734,-103.05800955692764,-94.95225787124726,-96.87502708401573,-96.69667144319278,-98.35988607430969,-107.44769191988622,-97.35015499931029,-106.0467381943689,-96.72134593966565,-98.78860902081794,-99.99122525097798,-94.55509064758581,-98.52631272448117,-96.57058422091207,-97.06196425649624,-102.2914140114936,-96.4130880284598,-95.61943648757538,-93.68036536215263,-94.626099008507,-100.29403449408414,-92.27950598785154,-95.80237739585873,-99.83694496692951,-100.11200907435192,-100.30111164038154,-96.51426187873803,-99.47111340719118,-101.18360476234089,-102.13708095086778,-98.78601458833448,-97.90186054571988,-103.62476869557844,-99.59034877034665,-98.43076344954078
2025-11-02T00:53:30,AP_5_149,5,149,wifi,5745.0,0.0,0.0,-105.61601860815092,-106.71069248223048,-94.861218071734,-98.56196618614291,-102.80078301974432,-92.66789548914116,-99.20385781230362,-100.5992077063451,-100.13607879679158,-95.97412833360431,-100.66207719528191,-100.19413716982481,-97.95712067141821,-100.84210113112779,-103.14918883708046,-92.59307449891662,-103.23269361598793,-102.53554679273171,-99.57091832073708,-98.93555234154209,-99.95686314845533,-98.76776106431228,-91.49156624787597,-103.88401724565608,-90.88647236999019,-96.6004359398282,-96.0007007262137,-99.69803278738829,-97.7605679813307,-100.32542676226079,-102.00709314591522,-99.38480913140704,-95.99822092350023,-100.92283007489561,-97.65214978095827,-97.8204316439301,-96.3232269253456,-98.06258451885151,-98.33504126449758,-95.45543253108055,-94.97375063259578,-97.8634794866905,-97.27714481998714,-96.79052953816634,-98.906022391874,-99.74436091051663,-99.64705179598442,-96.89165902948773,-100.45907343924937,-101.46183232286445,-97.06938951940708,-95.40118839522556,-96.69017652140062,-100.32824913369485,-100.48540310673992,-96.99155719543458,-98.34673142586736,-94.24383547238556,-94.28812929156103,-98.35601063247927,-95.51595281640529,-100.0744798674982,-97.87937893736894,-98.07965549666064,-94.7573737688232
2025-11-02T00:53:40,AP_5_149,5,149,wifi,5745.0,0.0,0.0,-103.47500152327957,-90.53606099160307,-97.07657734326068,-98.07038828356222,-101.38942970320568,-97.30305730683104,-101.71936218315375,-94.13476653550815,-99.68633541354968,-93.56113894919059,-92.26901273377479,-98.7937709402455,-98.2224010817603,-98.2838492139659,-92.07860628811127,-94.27154120162722,-101.52112992439963,-93.85141948432397,-98.62480822437637,-94.84675518911565,-102.51040156361401,-92.74263128582528,-102.21963682832569,-92.17661109866519,-98.58062197873299,-93.46451709050052,-95.69105666439113,-99.97122378431165,-92.6098867964973,-96.81619744862145,-97.95252656999227,-93.79758378552656,-101.81354895652886,-96.15898955562136,-98.25038975651805,-96.11639667470672,-96.81131682718521,-94.16273787278283,-91.12945348963349,-92.9061775606481,-94.31026147398578,-97.64914381407085,-95.47072255931981,-99.95173246111425,-100.63393919033598,-96.43178484394967,-100.32507868714659,-90.52954709744334,-93.90613211778546,-97.00851632128558,-98.88242980461864,-92.53471966778474,-97.02625548878122,-95.68393296889982,-92.39509386870462,-98.30376768128453,-99.1000456418066,-94.776604837067,-94.6370039397363,-96.30214756023324,-92.12128882115753,-92.83226815804463,-97.74445389130145,-96.50125499230911,-94.51207817006137
2025-11-02T00:53:50,AP_5_149,5,149,wifi,5745.0,0.0,0.0,-103.73669131612287,-97.26954431335346,-97.71922584303995,-99.6757324082974,-93.81242380332702,-96.08386052403908,-99.95626044577008,-100.49624963250785,-97.90841186043549,-95.99130402441686,-100.21139026434524,-97.29361576896673,-98.97768683649856,-100.42591087181796,-93.1809146889958,-91.63092829199798,-100.71672553750673,-102.97727931058219,-94.35443658154483,-97.55560655816977,-90.26863264306343,-96.6161862237499,-94.13348911059177,-97.83074893738039,-93.63256734393839,-95.9204318673493,-97.04737933588869,-91.74053565791763,-92.56712442257651,-96.74486121532661,-97.31300861820044,-93.20601709458866,-96.79946530594987,-92.20045459230026,-97.09241502844942,-96.95018407530094,-95.00618463155435,-98.67757425374265,-88.20454382808204,-98.18577661141518,-95.34824997371622,-99.1240712276416,-97.73585888442895,-94.13429841608806,-95.40910855793692,-93.4786409366565,-93.59294918976961,-96.27385244316076,-97.0532808084907,-97.56058430215192,-92.7406610957844,-92.61752645493014,-97.6566365112862,-101.27615262034952,-101.25873077194098,-93.275128299998,-100.34433571246207,-93.68042300331886,-93.9113140414098,-94.65156881676366,-97.33584670047875,-97.8453331963212,-97.38403206514693,-97.54688828139476,-96.4244565807576
2025-11-02T00:54:00,AP_5_149,5,149,wifi,5745.0,0.0,0.0,-104.71003192110487,-95.8449052267101,-97.28837711718518,-97.43701429197618,-103.3577515531535,-101.94721772519759,-100.06494119067155,-92.77252524737438,-95.99138261128218,-94.77280137150113,-90.05606597792479,-92.45884780991632,-96.29743676201595,-99.08307134848761,-103.32410183387216,-99.98182177204455,-99.92081505329767,-97.81531481546045,-96.15053579251531,-94.63314721076567,-95.01468249792093,-93.57461423244588,-96.12187593481995,-97.04797355570106,-95.66645576324375,-97.64591172124898,-97.91042389276241,-98.87922905366617,-95.32143396701171,-97.45743107975257,-96.3255337265693,-95.40563480107751,-97.02187684083742,-95.79305794163768,-94.31974457685605,-99.13637742963068,-101.10844728127643,-97.31028564244242,-96.03303901390433,-97.65886298351867,-94.66213682138799,-94.93446473912847,-98.47636152247065,-91.2865614645173,-101.83522018532835,-96.69621188370891,-99.00929287272513,-93.81823632329623,-102.40629117610845,-97.24685394993278,-98.65263590519548,-103.77543043279513,-99.37102875206286,-96.94199255460309,-97.3744006190698,-98.65647548084453,-96.8729107220772,-98.42421877533074,-95.62054282664776,-97.84181540700207,-94.67300007619758,-96.7456427963488,-98.3133442029371,-91.97089265915032,-95.81748103960521
2025-11-02T00:54:10,AP_5_149,5,149,wifi,5745.0,0.0,0.0,-105.15620571515919,-97.08053339476069,-100.62947913838732,-95.26573383366015,-97.26859070269798,-101.94499326561167,-96.13734817956765,-92.14955029240092,-101.3429415916465,-99.19375043050093,-94.81020848233752,-103.43336405763235,-101.24678982265745,-99.69322147724013,-98.63079563753159,-96.07071076807306,-96.58997892620935,-103.8394160943463,-102.10970688275378,-99.77426805808841,-100.57198730267302,-97.32955308348791,-97.0176477240207,-102.48200997413193,-99.59790852819852,-93.31639261351047,-100.78801237757627,-99.46875593248406,-97.9400728878557,-99.80778611781554,-97.04759864976921,-102.08239281298403,-98.61155164418302,-92.70558669310871,-99.62960417918583,-95.25234296196916,-98.82502415996174,-105.40455788232752,-97.41471300763452,-101.51487260986559,-97.41980877626042,-95.82969358552495,-97.84908689246191,-102.66159047205062,-92.10268189529297,-100.17828390562683,-94.97823315003585,-100.39354777489818,-95.90469881194082,-91.76178870863863,-98.09095321966981,-99.95269886434282,-99.34605897183299,-95.29779257400577,-102.31717586439545,-101.02689664256073,-94.68005917802691,-99.76619744811684,-94.44476398111988,-96.56729297129986,-98.15171190766083,-97.74108940846207,-99.35814040532689,-100.79788625142139,-97.9004523332264
2025-11-02T00:54:20,AP_5_149,5,149,wifi,5745.0,0.0,0.0,-104.6869731765382,-100.59947927120984,-96.36374364121558,-99.25479194434016,-95.87244039275195,-97.99594583913334,-94.94435856444179,-93.89096625976404,-96.38960611532903,-94.75873532172977,-93.97676074206267,-92.29469587186428,-95.3982904975269,-100.05548372758976,-93.76564460318983,-98.88280412053307,-96.31138960879052,-93.5986084780464,-91.39577081325255,-95.86665895409858,-97.46660236048884,-100.15402330074681,-100.50965204773031,-96.17796202328965,-101.6188789034473,-97.69023972567547,-99.99946346774793,-95.57831067469284,-94.2065166210214,-97.48547777767642,-98.66229422283507,-99.8042116685227,-97.52815411500917,-92.5287008942372,-98.10407212979024,-96.33792327067906,-100.89276072233856,-104.2468963879006,-103.56605030470014,-97.99178061065969,-95.76728768003075,-94.14822664561895,-98.1081468164298,-101.85786374191557,-99.26756350791733,-95.19167813886763,-103.55793804153015,-100.21681959844526,-98.63419148767309,-93.16899593539682,-96.48169322721526,-98.05236932780126,-98.20977346751816,-96.94730506822928,-95.55853283611985,-95.11502062485671,-96.20475833469207,-95.56960768535518,-98.69747042733862,-99.95677028636369,-100.21334674999459,-97.64603812426834,-97.31559558924891,-95.65633010968163,-96.91574326748436
2025-11-02T00:54:30,AP_5_149,5,149,wifi,5745.0,0.0,0.0,-104.8486135087199,-100.86710520957216,-89.26910142430047,-100.46404465195309,-96.23347761307835,-101.61825345693015,-103.55598129685491,-101.59872810143187,-101.59263236166768,-99.5448757782849,-103.56094987195644,-97.73035199797609,-93.41288854190546,-97.28646070924712,-98.95156037349159,-100.31446814665406,-96.32866292786316,-99.83633243544516,-99.22524705095248,-97.6983078139974,-93.2942007092956,-97.87742414828911,-102.673976307083,-95.49960392342638,-99.16054898121365,-95.93231477049561,-97.36927317723399,-98.71417719423727,-104.96297535210708,-95.96550361235664,-93.77537400131826,-94.1398773821784,-94.88342541735183,-97.31702163830239,-92.30380597742185,-100.23234329884937,-97.04959761398692,-96.01779376478882,-96.21103109978458,-101.98494320303502,-97.3757319122412,-91.15692875879692,-98.06592779803893,-92.49704865664012,-101.56899826700477,-99.0545789800211,-100.62084743316356,-93.83574016614362,-96.81307449732711,-97.62681210816366,-93.5440786943125,-102.76889695522242,-101.53731284185619,-96.60401872288455,-95.2795289165354,-95.55820463111158,-101.40524077393769,-100.70944044902335,-93.7215132980277,-99.09241430533334,-96.23495683928742,-94.53625401256114,-98.57463479882786,-97.6552361905148,-103.03345876098591
2025-11-02T00:54:40,AP_5_149,5,149,wifi,5745.0,0.0,0.0,-102.5834981084041,-94.12086430608109,-91.68993084622585,-94.4769658616827,-96.59376264748921,-95.64618327919221,-94.49592298272674,-90.6950532393368,-94.85181217825401,-94.62700147905117,-96.80383117889936,-97.034811752359,-90.23485559057913,-91.45940998632756,-97.2929993484495,-97.0992095469508,-100.81647714111163,-99.53888332196217,-96.64261438784602,-95.86125582242929,-95.71551148914759,-95.84723162317455,-90.90817633298163,-95.4463046248309,-101.39088449973877,-97.79377336410421,-96.30522127175979,-93.8778984743078,-96.12577883847491,-92.48774722104528,-95.99191195733502,-94.84095951124684,-98.53571422445691,-99.37456937781921,-98.04617466163859,-98.23033385040146,-97.1454602840804,-91.51909623297361,-97.05845692061736,-89.81837928472592,-96.72020839082606,-96.80924949697867,-95.66242804283077,-100.09589564921033,-92.62988532621097,-94.97152097897924,-97.15233850406908,-96.40821805888481,-95.92360818423661,-87.11822669258538,-89.76046781465341,-95.47327167110952,-97.10902729468039,-93.53590535124975,-92.56515681318925,-94.20985943413079,-92.03977797285499,-95.66322784391681,-87.79628391755598,-100.6296694160645,-94.13194838824079,-96.5731443416406,-97.30916959208257,-95.2883308636577,-94.04761036582882
2025-11-02T00:54:50,AP_5_149,5,149,wifi,5745.0,0.0,0.0,-102.78425060698278,-99.59318494745924,-101.99286108228911,-96.00959556781136,-93.23026835863642,-96.65565010603163,-94.88891283184573,-95.16400712908117,-97.25128140185458,-92.38679100777273,-90.05805937993647,-95.26676705809686,-95.64276508381029,-90.25377687502419,-99.70385984292194,-96.88662006456593,-93.24990226329246,-92.8344357805197,-97.91398108265065,-85.74499368091283,-95.92290458638753,-96.93803140755485,-100.99958115190326,-101.4227969957382,-97.95994779330263,-96.67798947614779,-93.80026622979894,-96.95033430726355,-92.70614465583041,-98.48268229074087,-98.67964913416333,-96.17570416309651,-95.76843857789257,-97.94658316740421,-98.90589565494832,-95.54114136006923,-99.04974677927098,-98.48105590032152,-97.4862582072475,-92.54050433942247,-95.55424654434489,-93.5608622311891,-97.06550037193135,-93.00640110677847,-92.43508828458683,-97.91601029699157,-103.97800504804238,-94.73415322102525,-93.59928155687996,-94.7427925937635,-94.5798637160207,-98.92720912553108,-100.01814351668831,-94.99584970601776,-101.53455848497578,-93.35235837479962,-97.49755031688773,-93.47444728761022,-94.87661146364357,-97.801091084078,-96.16428034752086,-96.06169211900875,-93.09037134088395,-98.49684764574629,-94.05434680611475
2025-11-02T00:55:00,AP_5_149,5,149,wifi,5745.0,0.0,0.0,-104.45964464490648,-95.15916497681,-95.57568731771126,-99.73872639311085,-97.21446856605104,-101.37327294009407,-97.60773843086662,-96.08231712944702,-93.97997560234342,-96.43565649597215,-100.26203985672697,-96.86223145651608,-92.27641482048828,-102.34626009600579,-96.35339159293133,-93.16000736977544,-93.75656546456395,-96.4052013611264,-97.62560176537703,-90.19184325563853,-94.95004857105556,-100.54288141928185,-98.16021735487354,-97.8834098896079,-93.23805491963908,-95.78055925771878,-103.97398392886005,-99.62194538138343,-98.04464232313607,-92.52720807050997,-100.09369796128045,-96.84825529838476,-101.22777527899954,-93.46149626506444,-101.43281892158795,-98.55015735084059,-97.04120951790746,-95.01219352109845,-97.52094942026599,-99.58080182648068,-99.35555255546596,-93.94772052203236,-100.8661508162104,-100.10854119589142,-101.54457863659238,-98.91081927338426,-96.48541658008531,-95.29121405419595,-98.662656796194,-96.52456437675914,-95.1781251218796,-98.9577555185479,-94.86461706613632,-105.69564429922025,-97.64696375614015,-97.82884219078218,-94.99351325371043,-99.0416530421084,-93.38547930002387,-101.71076056139614,-92.6651662601605,-93.32858606295908,-96.77388152755888,-94.50741264552416,-100.71034970634088
2025-11-02T00:55:10,AP_5_149,5,149,wifi,5745.0,0.0,0.0,-105.19489453705943,-97.61375013431247,-99.90283412937346,-96.58765352909681,-100.40304407976328,-94.10013637570246,-95.53042480368579,-100.20846627564806,-95.05391359030969,-97.77028259472841,-101.0188226213589,-96.7279495470633,-93.65754337338257,-99.86786511769613,-98.28654160508258,-98.8119613643636,-101.37208178446183,-102.74725217681394,-94.31652541360494,-96.94430856018879,-94.73756460970021,-99.90184411936389,-100.40994167682992,-96.33514028139867,-102.32103190052783,-97.77831959635826,-99.1872786573319,-96.22335368181639,-98.29716294899828,-100.52214985924249,-102.56065924445879,-103.54420156237227,-93.63181996430251,-93.1661948611832,-96.79870141231561,-103.91269166444992,-98.87360573032429,-100.49262217200635,-103.02292360941647,-93.70519283979657,-99.89728501796928,-97.2089849857016,-98.70882137339736,-99.66513363912182,-98.68914865820757,-103.07076630955032,-96.85385636175499,-96.28091876981013,-97.52059877892394,-97.49161004113408,-97.73185653136963,-100.335844409384,-103.79073081125101,-104.22328247931758,-93.76332490667005,-98.44351766983542,-95.72977457488594,-102.4923351766146,-92.696080963132,-95.62997362500482,-95.23523521388515,-103.05288239300197,-98.02313686281087,-98.254384809357,-97.9099366857142
2025-11-02T00:55:20,AP_5_149,5,149,wifi,5745.0,0.0,0.0,-103.73163298513721,-94.51439423373967,-95.90600965874165,-95.92540955264492,-96.26227730027102,-98.79933243148815,-97.51286533839615,-98.06703196861982,-95.73924115757433,-101.66403490235808,-100.87754164635295,-94.72058804350033,-99.62331083532325,-94.64170743598059,-96.2366323421215,-94.83562239208882,-98.20898639721288,-98.00778336616375,-95.32405806767858,-100.06546678665512,-95.51588558962267,-100.32614867076134,-100.71772293726022,-98.13909134892481,-93.91170146564976,-98.44428771808401,-91.65249306614423,-95.58165759367108,-94.56984833226771,-99.6265048084451,-100.42900456784483,-96.51019068805562,-98.62101488747957,-98.44056611804093,-99.89471250266742,-95.25949413852805,-91.68992760456693,-94.70298944347174,-95.32860026569551,-95.9011987013997,-98.42501392566253,-98.91571201265047,-100.85474508744797,-97.17953241037075,-91.64017525296518,-98.99938904313335,-94.29922456760521,-96.14541397622236,-91.19467582961674,-94.37093270500071,-99.6903710076675,-99.64025172057472,-94.0200592863029,-97.55288268172421,-94.73484002157795,-98.217834413134,-99.72821960948696,-96.39439074836088,-94.91753316387101,-101.418701567033,-95.56955430472424,-99.6861772897194,-97.23189070128096,-96.75164247689489,-94.45771237575856
2025-11-02T00:55:30,AP_5_149,5,149,wifi,5745.0,0.0,0.0,-102.03015505689237,-94.39274884765703,-97.15692507927199,-94.4595177100386,-96.06549825225125,-93.69240110081189,-97.48301403313205,-95.95955609653817,-97.14505722767423,-99.03681820386868,-92.89708850085586,-93.21802881595517,-95.99037877700323,-94.33896385787415,-95.54391262606566,-100.92990395336639,-85.89697270073748,-97.16542076016647,-92.91859774643441,-96.6483287150704,-92.97159109724052,-97.18441072269178,-98.91736994766174,-95.058311063909,-94.0451856154234,-89.31381877827626,-91.60617664610078,-94.89045204080627,-91.49719437950576,-90.33407787448951,-96.7719491173239,-95.66759125080632,-96.40278375893296,-98.08810098574766,-98.91502705500312,-97.78481460218462,-93.42117762858797,-98.4726208923776,-97.89667380436752,-87.76012651217802,-95.16167242178834,-92.73468979753257,-94.72536531738629,-93.97555356731813,-96.91281679190274,-98.78802618152201,-96.34604447225946,-98.31597340413435,-96.36270723876112,-96.21647583781623,-98.64343972023536,-92.35367256274353,-93.933694981514,-93.1335413891578,-93.04756521566645,-97.86375212507295,-90.503826815894,-93.87980966066564,-95.40563979228037,-94.84555751085242,-90.1760091181211,-93.68147379392877,-96.15804604877445,-96.11936537217345,-99.19353554648065
2025-11-02T00:55:40,AP_5_149,5,149,wifi,5745.0,0.0,0.0,-103.02503939063911,-96.28372702875795,-97.0220481006572,-90.75941901564568,-99.08020958327144,-99.21636790194825,-97.07068323595624,-98.05941597634205,-97.21448160578218,-94.82343345305858,-96.38313769796176,-92.97525325445594,-95.69591667013577,-98.5870623960797,-96.95759085224744,-98.51370808043458,-93.74966737595271,-95.81458241837214,-96.35148626574704,-98.12892113630417,-99.87156372670698,-97.09304478024896,-96.24457677902862,-95.04061250270809,-97.26849498251471,-95.73743527978772,-93.15571733908567,-91.77166339362881,-92.04870378030482,-96.73494215584252,-93.42600827553807,-95.22146040538088,-95.25124584565931,-95.51938963530728,-97.10540557925991,-96.6051783259939,-100.75032520700357,-93.85530142623547,-96.71484571874876,-97.89500148034598,-95.82835115046812,-93.39767519647684,-99.02440903107322,-95.74607794096741,-94.57532924485163,-92.21010021051858,-100.00843760591134,-96.47009549925731,-96.61540533707421,-95.46326435048158,-92.69794569006899,-92.9722485593476,-97.1722083610025,-103.09079568243904,-94.14289386118942,-95.6912720061509,-94.82797160572552,-98.50526782658196,-95.01895718955844,-98.18447669104997,-96.25107275163242,-99.48046046679751,-95.79015854375167,-97.23826652292568,-99.27298955235071
2025-11-02T00:55:50,AP_5_149,5,149,wifi,5745.0,0.0,0.0,-106.31351770815718,-101.83584457095382,-97.50245531829457,-96.30414707773348,-102.28346029019394,-91.39696983835438,-94.77217357249985,-97.78572864154891,-97.9274535813056,-92.0175534698492,-98.36915981497768,-100.5558452337024,-96.78596671706866,-102.7378259386378,-100.02176236044991,-103.86160746255125,-98.84676077551464,-99.00237507206893,-104.56596569115095,-101.21996739360794,-90.96304266833647,-96.11028433280863,-100.21838747542127,-99.39767524433003,-96.3287977172049,-98.77566628476534,-103.04670201044436,-97.97494234815585,-99.98222715239083,-98.84436009318493,-99.71515678115746,-98.78754082726888,-98.0611225619711,-99.95206820675747,-98.26982186971753,-96.62434707604602,-95.22662621296557,-97.85520912179753,-96.26911281387346,-93.51591193726016,-97.17529997052104,-99.12860802535018,-97.64854820237686,-99.8309427343485,-99.808733217161,-105.25708535250376,-97.56468916258346,-99.16701364534943,-101.97985258536481,-101.28846715989238,-98.83828100351667,-101.54886276464917,-102.70574532365123,-99.08423719559093,-102.31724367234985,-100.01904704259873,-102.2066059831131,-99.49601757854334,-98.13281690109821,-101.28020913081107,-95.01510600225788,-103.17717182721495,-102.8358786677497,-98.5512133268118,-102.76261324498078
2025-11-02T00:56:00,AP_5_149,5,149,wifi,5745.0,0.0,0.0,-105.13898751869479,-93.42064375790305,-94.06517073195472,-94.50706787371024,-97.19614233270482,-101.99572629149883,-96.49469836504865,-98.64267239024606,-101.57738442541996,-97.9233647636005,-100.79605671135099,-100.02288610119334,-101.18823304202051,-96.09380716535544,-96.56262591983617,-99.0824344094833,-99.56330465504927,-98.90477187718976,-101.9311041943839,-97.92366071339413,-96.12016381410707,-92.07058456507418,-98.10830615391546,-93.67110885193483,-98.07834306097239,-95.88572946823341,-102.035928517499,-102.8667318340943,-94.24993101724975,-96.1878402680736,-97.28439824715711,-97.81118524703716,-96.36342112001417,-96.17732213788196,-97.44909822195514,-96.27582400872414,-102.29822515235269,-97.53684814051914,-100.17481402130561,-97.37371958979679,-93.2144077557546,-100.35238272415336,-95.97804225480456,-98.93142059163671,-97.34053682548335,-96.418094882571,-99.03351640177995,-97.05046387760316,-105.84363521924989,-100.75087446944835,-99.37836438354822,-98.25829189478684,-95.91259591838957,-99.69616484400544,-103.77572739999391,-95.96706716996876,-99.20043261323876,-98.66220369768624,-95.23972911652731,-98.88005412249322,-92.1242409675351,-95.19912893556166,-94.68439248866956,-93.8425973653292,-95.90274923591981
2025-11-02T00:56:10,AP_5_149,5,149,wifi,5745.0,0.0,0.0,-104.9799636367524,-99.35928518135842,-93.60050663993061,-96.74096370643647,-100.9077587082867,-94.38565346375795,-100.97822100089543,-98.72347755803972,-99.53688031912709,-102.47495396706066,-98.19468494396466,-100.86702478864815,-93.71760311815237,-100.20284196619257,-100.22438253683816,-101.07190380631985,-98.6159924384717,-97.21236931432172,-93.37346431988313,-97.43440356479378,-99.6779667126874,-99.17188186051236,-100.27965440468695,-95.50999934253483,-96.67957100909155,-96.99595531255365,-95.07416200435642,-96.72456441798828,-97.57498517903201,-96.03203326522782,-97.16130408413117,-99.87365565192391,-95.82112717077644,-102.53589052872786,-94.85076503555291,-98.53167829814102,-99.9219611262311,-98.7783351057286,-102.85170503600085,-99.71665166718365,-101.41592414337946,-100.80810907362601,-98.22742696699181,-97.5320149235518,-99.5111163195088,-97.97753245549124,-101.41096218481839,-101.20163698282532,-102.10859638801564,-96.74145425714215,-96.9763786916518,-97.4848478067874,-96.04550176724695,-99.55631501236736,-99.86202297301303,-100.72979103253739,-101.70185015386369,-95.65066603504692,-93.44752966066689,-99.64345394278595,-101.02355841632522,-95.8417164680024,-94.3518368775154,-104.06245445952115,-99.7982656998965
2025-11-02T00:56:20,AP_5_149,5,149,wifi,5745.0,0.0,0.0,-103.89941323982035,-95.92755223701725,-96.08702302772286,-100.19542849933386,-92.5593749473351,-96.11268934670957,-95.07708361451378,-95.21761092376359,-94.4404170225851,-98.53750185792971,-98.8962721464266,-97.88819337364545,-96.52076997697617,-90.26675614730726,-97.8570866237706,-100.76956343718278,-101.42554842223561,-100.15776112755215,-97.54557844114073,-97.89345832820273,-99.44618606820991,-96.57596842274525,-96.90813261108936,-95.29282314232768,-93.55337541318107,-97.63415337612665,-95.53144111010104,-93.12967091179146,-99.47342367041381,-100.80426660375142,-100.6084454653547,-97.0968551173949,-92.09841412900226,-98.6054870014209,-95.02314490329262,-100.79014303740458,-97.46074065628316,-91.86955502439379,-99.46325508251333,-100.8700878847294,-100.42029871741418,-97.9619857938457,-99.5144306097615,-96.27140679314245,-97.45817684545155,-92.50859810563988,-96.13348915913832,-103.28011147861385,-92.54975378167607,-94.91095740163304,-98.62741698564697,-94.09933203992841,-99.51912801064995,-93.68543226018217,-96.80826387356929,-95.73787014560043,-97.69439890199632,-97.86496093208542,-98.88601828210504,-99.11868135286376,-97.07977806095275,-95.86008156943035,-98.93721534895236,-103.46293528427532,-97.24504390757843
2025-11-02T00:56:30,AP_5_149,5,149,wifi,5745.0,0.0,0.0,-105.03412235784774,-98.19252031976932,-98.32465917676953,-100.46423618387558,-96.65752589800626,-100.07085367683352,-97.10248761823912,-96.79214509092108,-100.73261491037206,-92.40089413379539,-99.19357196572726,-94.74536785994903,-92.60085033927415,-97.58154397705053,-97.34895555946967,-96.74525102888846,-98.21625155777745,-101.29154210067327,-97.51903576432626,-98.96155915723095,-92.612758189144,-91.74245023876983,-97.65649488928943,-98.20283940761696,-95.67087282054852,-100.97759674478614,-95.04702374533254,-96.0940567482303,-93.48613737811444,-97.62480141011737,-94.9593072661292,-91.96656646016565,-95.53597877337286,-97.56289038009207,-96.74661538786607,-92.62166211503539,-100.6932505990385,-96.43439836115881,-93.0060906564233,-98.49834599704894,-96.16258135092673,-101.75643924951656,-95.09974213574073,-99.33892383450774,-98.5453814632027,-96.62905821249946,-98.79175153529083,-102.32452290702845,-99.62555780851406,-96.1214390761228,-100.4547900436519,-91.05026430896531,-93.78280908166377,-97.36730335106704,-96.41375310823125,-96.02157938337258,-94.67358321590413,-97.53175953215211,-94.22382262951221,-95.89467920802595,-93.97842077342106,-100.05249720103255,-98.71800694543985,-97.8087304824766,-100.08397518280077
2025-11-02T00:56:40,AP_5_149,5,149,wifi,5745.0,0.0,0.0,-101.87645965057372,-95.41511008170798,-100.62178930725987,-96.21636173635422,-90.2340905356329,-88.8987582997415,-88.70675762999251,-95.50662675086441,-89.92280679611072,-91.59113100620611,-94.38237125091652,-96.09912830852363,-97.59431183620644,-91.20069194755247,-93.47944840982102,-95.07989904204886,-92.47218947641021,-94.71765502793022,-93.39013420919134,-95.69455816597055,-92.20538169667483,-95.98185594362504,-98.6312828314447,-98.56580356001353,-92.83178939099805,-100.42550765400826,-92.93774890844352,-88.03179062475522,-89.98917221262408,-95.94249899679366,-94.86732077802796,-95.88437150336513,-96.15461847844055,-91.51203493080693,-95.90834080700427,-95.96482369663592,-96.80165403693847,-92.822234889759,-99.43831446544552,-95.52148423998861,-93.37928828374315,-90.83965332527697,-104.21433849204068,-94.39069175994051,-98.7540504719753,-95.16481082690994,-94.54992622958468,-99.17549950994693,-90.04258344207392,-91.64748424478124,-96.27081732133925,-97.23193479751701,-89.92416734579906,-93.78296947798086,-94.74918512786608,-91.87808180642334,-94.9095577785758,-87.51938829515284,-97.91875657293528,-92.2190895433877,-96.9640960152496,-91.02454236995729,-95.29837402011466,-93.16463951035648,-96.8104013258425
2025-11-02T00:56:50,AP_5_149,5,149,wifi,5745.0,0.0,0.0,-106.16206101461488,-98.94459771851741,-99.25353952945242,-97.91431599115877,-100.54940184467782,-98.24375317423215,-100.38154095223341,-100.43294038128836,-98.54901981653752,-93.72018964626011,-100.59984690836757,-97.55240557645395,-97.69399519907914,-99.76646467976406,-94.22767029366845,-97.42849707008192,-95.49114753748044,-96.99643039574939,-97.22896243390913,-96.60299256446099,-102.1172602453282,-98.45517386243753,-95.84113819199123,-104.21819987711473,-93.68520238990048,-102.71696732150065,-97.9399555917035,-98.16012257894934,-106.01046589046285,-97.10933116182238,-103.11350681768538,-93.72514734603234,-97.99220251486166,-94.08269957311306,-100.57275591452273,-97.74162873355803,-99.3959685651752,-99.6284312417865,-104.03439780280513,-101.4196224459293,-101.28857900991648,-97.58937258803712,-100.60493679523549,-97.62653109552922,-104.76587727435638,-95.42076790298958,-99.63215885842428,-104.46099750671084,-99.82353771014563,-101.96410945384862,-97.1325618079782,-101.03820830585491,-99.08428890514527,-97.31775803394179,-95.10758142417272,-95.86037504850849,-98.41545329747511,-99.1509652704081,-101.36992200493896,-97.62410864076054,-99.95958999594063,-101.12696218385928,-97.84693751010605,-103.4292280401875,-99.02393384856056
2025-11-02T00:57:00,AP_5_149,5,149,wifi,5745.0,0.0,0.0,-105.27011898785995,-98.1636811371712,-96.38678449913169,-102.29826637447644,-96.02796347248515,-99.61605074693668,-96.82873317577125,-101.4378461536034,-101.76005556418008,-95.1596720220185,-98.59223850700734,-94.48588792966264,-98.6636220993607,-100.87365879446334,-94.59750722239556,-98.5162699023171,-98.97959883571679,-100.65998544376123,-97.24020209333955,-107.69811725734368,-97.62820315104416,-96.5743019058902,-101.10249028734853,-98.14954014736719,-104.56639764046717,-101.91891750979185,-99.44510020487591,-93.74896621440409,-99.09033957353027,-99.82669171394899,-99.58759385809827,-101.2723122257552,-98.25585345249377,-98.95063862667074,-100.09892894068909,-96.59280343529707,-103.97964773967789,-99.6625517550758,-94.46547951265794,-100.36849823882301,-99.89801196081815,-100.66299662515947,-93.93772841987025,-99.89635433226984,-94.72775271795423,-100.55569161620977,-98.03225376340185,-97.9740223941161,-98.05723841213283,-100.75784245983556,-99.47178282219447,-96.65585481083306,-101.10665451248092,-98.17577262413278,-102.60540884984493,-96.1725979484344,-99.06311651903867,-95.82432597152406,-99.11440293047804,-94.79328731888438,-101.20133698635358,-96.33701823074949,-97.02669343528883,-94.19355336630434,-94.8987206368887
2025-11-02T00:57:10,AP_5_149,5,149,wifi,5745.0,0.0,0.0,-106.39353524806494,-96.20858039247729,-99.09204739279556,-98.7442994183126,-102.04651743757094,-100.53287407457991,-97.06236878264605,-100.81892472913695,-102.61587768061597,-94.38812462694159,-97.04715354952765,-101.44767850239373,-97.96097054986329,-99.59536529825041,-99.01596429085545,-102.40216540029489,-105.2749895855252,-102.34729057150804,-102.25310007115968,-101.94672483111489,-97.55708384573678,-101.73936525796293,-98.31675050084391,-96.65163114887542,-101.4532575535053,-101.9218566082541,-102.13160224690485,-102.42413087543191,-95.58745934467963,-98.3701153990763,-98.6972072966489,-94.47427500235159,-99.08866534656833,-101.94792137769223,-94.35678080626236,-100.97076829834724,-96.38183676432239,-98.69881114268044,-101.66283080615518,-97.50166838968245,-96.54837647708709,-102.79878223047925,-102.27853215664436,-93.05653170320133,-99.8756127006866,-102.91980061198934,-105.74076035956656,-99.58211677656726,-97.37509969820533,-99.13247973883482,-103.97140290347026,-102.45087193606177,-102.09326944749634,-103.07239239667439,-99.41231872115837,-98.20117703695843,-99.08854333170203,-104.54990008277485,-101.05513849710847,-102.2180382684135,-98.54218865463697,-98.37734153999214,-105.79900069155342,-102.29829656971116,-96.60782812551031
2025-11-02T00:57:20,AP_5_149,5,149,wifi,5745.0,0.0,0.0,-103.66425986615198,-97.59711430078458,-97.9803734473987,-94.48855048669064,-94.64900118278993,-93.43045680863042,-99.16032737697809,-97.41661886381613,-90.8416016786734,-94.15961047050347,-97.4861507978366,-92.31091171717712,-95.98745285357047,-93.57407734569641,-101.7557210629411,-94.88680635485221,-97.06092915991331,-97.44332810100975,-98.91566225353387,-96.6793530855972,-98.18714109926086,-98.83315425097005,-95.87150014139124,-95.02923577599795,-98.47172095169974,-98.99438794639491,-95.27152882342577,-95.7949982856878,-97.93436806799727,-99.44150192055841,-102.20533160325769,-93.17147688458289,-95.03303558387775,-97.414771301976,-95.34710401206294,-97.62974190465138,-99.68133581985323,-92.27070704010089,-95.62015943822594,-94.33850217691993,-91.23796328013371,-100.31438177851088,-94.26841671983263,-100.09787327549923,-96.28654114635695,-100.56466789768372,-97.19732378895287,-100.63301818952843,-97.38367223872578,-97.55350206884093,-94.552094631915,-92.76440753901521,-99.5470048923773,-100.05449425138528,-97.50209269889939,-91.67227396751053,-93.66318323644559,-98.68256868355273,-102.86532876578815,-94.9559446126484,-93.56609630093071,-96.14527165617615,-95.8101960391764,-94.72470257991404,-96.32219507882229
2025-11-02T00:57:30,AP_5_149,5,149,wifi,5745.0,0.0,0.0,-105.35422815985766,-103.4735159472185,-106.9842899070253,-90.84952003766358,-98.09568172764857,-97.15258323733067,-100.55292636268982,-103.22184783809011,-95.8920033014447,-90.60387110616712,-97.02819669353721,-99.37535589869925,-99.55346634971094,-103.67336340431275,-99.07407018263822,-94.48719170573415,-99.83272391230511,-100.96074246647363,-93.78751028215795,-100.93760821201978,-94.3938564421584,-97.22689295313985,-96.19802354744125,-97.7255263979253,-97.51174808311374,-98.48778279431534,-98.5967201216891,-93.20868016724593,-95.25309817125287,-102.40536390145913,-93.5304966188416,-99.8908787810969,-98.89178341243831,-100.34002244007279,-99.286550466155,-100.81647245445124,-98.6975666821823,-98.54580392808202,-100.36388101027725,-100.16867915341862,-96.3388003175287,-99.71732004652328,-101.12127819817488,-97.44795915166794,-97.57758161785577,-97.84146860326352,-94.71541536685763,-96.53423556532276,-95.58376515362333,-101.80017008498189,-102.56738199287577,-101.65781512822228,-97.16867283370547,-98.61855284730846,-100.72852218338231,-92.59519657765296,-104.23173451750131,-104.23022589548916,-97.57192501203654,-98.59229987509846,-102.97105244424448,-97.56059647417437,-95.35516369607534,-99.15510793949244,-94.44572956271548
2025-11-02T00:57:40,AP_5_149,5,149,wifi,5745.0,0.0,0.0,-103.64539546100345,-99.00117855599734,-96.11804632160056,-100.36337219401624,-90.59873634870617,-92.05222241114923,-99.64743105532547,-97.0102352092404,-101.12279300163544,-98.57790473754915,-94.91045126219224,-101.53271109514527,-96.18768164391365,-96.48193443732714,-94.5830402546797,-94.4056405099232,-91.255905285697,-93.91820651338847,-101.32931956229248,-97.76732488079494,-97.61691100402386,-93.9431072590628,-93.52118139475843,-93.57634263312568,-98.53876250963437,-100.68293533839828,-98.18627416594873,-90.90693920288311,-96.13570943986724,-97.79114695118533,-92.43155662321278,-93.53525332468146,-99.87452266228085,-99.50044071296907,-98.99443565595014,-99.7414724022677,-96.93024880853879,-95.74432759755352,-91.91182070499231,-93.39454425025247,-99.56769344694777,-91.51355661956754,-100.13107851155807,-97.32374613561407,-95.45464662866704,-98.00532554748474,-96.551072051297,-96.95937969405847,-101.63434184721243,-97.31419261700965,-98.64254190127127,-90.74816693270475,-97.64679192862162,-97.20584402648464,-97.23608603095083,-95.40578329450578,-97.2339950498903,-96.36147361831702,-103.5290728716213,-96.18840799615114,-98.01115391860903,-96.46163493610564,-95.18366280519014,-96.25221698398116,-99.39327979850094
2025-11-02T00:57:50,AP_5_149,5,149,wifi,5745.0,0.0,0.0,-103.71582959630574,-99.88231506765321,-95.5149325578499,-99.27338093840584,-94.69603039673066,-91.50190898973503,-97.18454846452173,-99.12431369892072,-93.90995785757994,-96.71488049353833,-98.86071611299614,-92.66853599026928,-96.55552685376591,-96.55268590407404,-95.4462912346249,-94.69199454891107,-99.09005250925522,-99.0152581494514,-100.49282009611065,-98.44287066775249,-96.62109443835415,-100.3219649378507,-94.23907451843351,-98.1840068711141,-97.20649695783392,-98.63629154378867,-99.96312510953237,-95.73521772540697,-94.66108963905039,-97.93080917908732,-90.45235852258457,-98.53433046245533,-97.64381394278493,-97.8511783181515,-98.00258574201159,-95.9426588027416,-99.66353629410406,-95.86975402393439,-98.3682418760607,-94.65273167557747,-98.00263219499023,-94.73340478136242,-100.32020451914192,-96.93923934378044,-95.47034063692847,-93.83209551091855,-91.34440818252128,-104.16975954594123,-99.73311444123495,-95.56851416852643,-95.53460815095193,-103.50104555515257,-100.37538354220347,-101.2788329331075,-100.26775294104169,-94.32228773480279,-97.42573446056565,-96.56646020198939,-93.91078587984748,-98.90839673693232,-96.93354112616662,-91.49180280326811,-100.93304135867491,-91.22527222140981,-94.38152307398258
2025-11-02T00:58:00,AP_5_149,5,149,wifi,5745.0,0.0,0.0,-106.15566960845763,-100.0547293700551,-100.17764600747186,-106.95730802543515,-99.08076696813968,-102.69995486554448,-96.35835034461722,-101.41964285585955,-99.92263672640718,-99.98331298556465,-101.81479989365155,-101.02411472509515,-97.80671345063584,-96.07649826352277,-97.98724985524574,-97.98160950185765,-100.96249088799766,-95.74724106595816,-99.81652990137384,-100.16999787076638,-100.46676893196242,-97.00223627607645,-100.134102009368,-101.78441412350581,-103.81468638998896,-102.46709226386183,-96.41207989430896,-99.89138808275119,-95.47950103860573,-106.34910778614152,-96.69544832140285,-97.85136255190821,-99.37011342121372,-97.63261729852854,-97.79155359341398,-100.50682181799847,-98.21887550776975,-102.22672743791027,-101.94868456690911,-103.49506696186472,-100.53223616047755,-98.84595787720157,-98.30964218736023,-98.70844195350438,-95.77913085051212,-100.61787407561025,-105.1159467587704,-96.19767134497272,-92.69838236810119,-99.29085598299541,-100.02885104560272,-99.88129820707526,-95.73041319831356,-97.00688191642561,-96.34439844880433,-98.94858863909309,-98.55746552312495,-97.83934094197501,-98.94497350692109,-98.62248316526318,-97.35505558459383,-101.81388531847539,-100.28443080575968,-99.07979037392622,-96.80070767828747
2025-11-02T00:58:10,AP_5_149,5,149,wifi,5745.0,0.0,0.0,-106.00991980185199,-99.11809826706407,-99.51348645252982,-94.75504987680166,-93.34182480603371,-100.56946390572762,-102.61809854164605,-95.13949878490234,-104.40506494429809,-98.3413537040399,-97.07965760567065,-97.66785170233756,-98.21635447543828,-100.41947775287305,-100.73636878423585,-105.03208705364902,-99.79908555518881,-101.55388701757684,-92.68345036434526,-96.91948071670535,-104.6573743344619,-96.21257340379843,-97.06201365032028,-101.52280967568616,-100.62268444839764,-97.8129108361739,-93.30296665052215,-99.79685515118062,-95.46009291689387,-94.55030861547799,-99.25249931523526,-99.15348854134054,-102.08988470029212,-102.38014652698638,-100.7450544244843,-93.76051609682574,-100.3436867876753,-103.51118914279486,-99.00323356461578,-100.37312366980468,-101.11607660285645,-100.7341269048516,-100.32722419249903,-98.33789259416044,-99.94454248170085,-100.66163013274256,-99.51495216319205,-96.41030913307647,-100.98236789785581,-94.8808957504629,-97.76469962629851,-105.34277164262922,-99.99264013059239,-98.31660492027346,-101.03406995034109,-99.37074168806075,-100.29720825715498,-99.12832854556132,-101.33339596544042,-98.18336308695623,-101.68462846666723,-94.91577637099971,-98.360987804365,-99.65599375868491,-99.8414500061277
2025-11-02T00:58:20,AP_5_149,5,149,wifi,5745.0,0.0,0.0,-103.66648187104887,-99.78991205575173,-98.65647456306172,-98.10848950944418,-95.3396249716697,-97.7147781255483,-94.4877948711118,-95.75111210852457,-89.9592974573613,-96.96648489220658,-95.08636107527438,-97.0563586680964,-92.56638682399449,-92.1118034771822,-94.19331361909967,-97.14921728771492,-102.0770383851045,-96.62115926077438,-98.56778925338045,-95.2970380473501,-96.04893160396476,-97.75674319540074,-92.69734723952004,-97.27235649059259,-100.56866666685441,-96.8199140214108,-94.41492060235598,-99.58371260718661,-98.21299343111086,-95.33592212180255,-95.83001431251105,-103.15799516914632,-91.72300219771358,-91.4797785115005,-94.46183890162078,-96.25812306426069,-99.27480862936271,-92.22093850588195,-93.78542778990105,-94.20337113679794,-96.64366954771715,-94.94030250450763,-92.69192874214788,-97.37116557019182,-96.24834223017247,-96.54358317550476,-93.4557753648395,-94.01723057361126,-97.94485919135246,-89.88477357647996,-95.33800247157808,-96.95729731976039,-94.89224063856443,-99.19450575535188,-94.99647645751756,-97.11233670063388,-94.31640315866494,-97.76074741269939,-96.69682906970824,-97.97794500078682,-96.88857435563946,-96.25018117847965,-94.30693079288707,-97.97028868779024,-96.69785181606824
2025-11-02T00:58:30,AP_5_149,5,149,wifi,5745.0,0.0,0.0,-105.33010089330536,-96.72421089757762,-99.25663172020005,-93.79816766271159,-94.42450503039063,-97.04379842585608,-95.93660953208958,-101.99966348783626,-99.68102687045757,-97.205634583436,-99.60334332487064,-97.9703245757378,-98.302754065443,-99.07180253092879,-98.12839334679231,-95.525889649127,-93.12839874860884,-98.02530465041471,-96.04115895942128,-96.70085760733022,-100.38894299981861,-94.08540732425459,-96.38389374471474,-97.78681256693811,-100.12555495111769,-101.36604019585646,-92.77089371701688,-98.95856268936829,-96.26575168902794,-92.24766486444562,-100.79587644956123,-97.08254671775173,-99.44552375281475,-100.27749992189722,-102.92760505325337,-98.745377398229,-105.23862011659132,-94.42861732546865,-96.53692152320896,-96.37046345401033,-91.61756097440521,-96.29904126830925,-94.05693806721898,-103.72326094115898,-97.96297362296968,-102.93482296307373,-92.94748576409842,-98.20066740638383,-99.55483331727154,-98.99003055708826,-96.77368239390417,-99.66316534197338,-99.52685929418286,-99.78180837402388,-101.43531955162095,-101.83020692291717,-94.808778783527,-98.47903597110903,-103.61047154163693,-93.51442115060696,-98.41930392534003,-100.13231292466124,-102.62854579502535,-101.74775545305516,-101.5640078798385
2025-11-02T00:58:40,AP_5_149,5,149,wifi,5745.0,0.0,0.0,-104.18918674232872,-97.98478136559318,-100.97242006579246,-95.91940998011373,-97.39658400122558,-92.81576058713723,-95.90362325077221,-97.11616398312376,-93.9300286698637,-103.47796581768682,-95.64268615249583,-95.82663172028789,-98.08684215509203,-96.12449039663926,-98.24105273273693,-97.1761717790438,-96.72665831119562,-98.29777151988765,-99.15084084043713,-90.43529209522734,-95.68291281461146,-96.43278007727677,-99.58811563213044,-97.58170420746526,-96.64979665804843,-98.62116538769155,-98.64528813879824,-98.11403437541942,-93.02934539204962,-98.46703186798487,-99.06223307436257,-97.04589618881016,-97.73876573348514,-100.4528441165608,-98.2082286074154,-93.91200855943401,-92.56386489887366,-98.2912691959796,-98.50822660673776,-97.41035382716404,-94.75903054258202,-95.32947982757304,-98.85273463820056,-96.9321519078302,-95.7196709971934,-97.66917737517606,-98.21654213794957,-95.84501171065456,-97.8929805748494,-98.70039314949832,-96.23548633978837,-94.4021623969405,-96.14754552754638,-97.93691394621148,-96.15790557213896,-93.06278929468988,-99.09156412223331,-94.4428018438426,-101.90804606313948,-94.89553202130307,-95.62558144636283,-91.2387854307684,-98.92308723144279,-102.34780432560092,-98.43788774227393
2025-11-02T00:58:50,AP_5_149,5,149,wifi,5745.0,0.0,0.0,-104.61114844393205,-97.51375899186452,-102.37919631817644,-100.56679143348445,-98.64472399107109,-100.93868321476518,-98.13284702302455,-96.90172825337265,-99.00432394496845,-96.83747151473517,-95.98358422687947,-96.27999977648862,-94.1751685485402,-96.06833520710857,-99.5295615099644,-96.27667360911576,-96.17478146806324,-94.41644338616506,-94.97984553392577,-94.51791200442443,-101.26917102730843,-99.3220958681224,-92.18933129055527,-96.18732043678044,-96.23609623832512,-95.40332286164438,-94.4356567329574,-97.0788001410004,-98.71787780613074,-93.2438728229245,-96.8264781875997,-93.6207492161554,-100.60678978365242,-98.77297052866076,-97.9711159483484,-96.33895094071713,-97.10364787561628,-99.71209808222798,-97.47817291228088,-94.81247940497435,-98.66121995807615,-95.89630413140418,-97.01459597539966,-96.31470790562582,-101.21670262530192,-94.93613514058916,-93.58031110195117,-99.21932106584282,-101.75268094116224,-97.01159592182738,-103.36250013348453,-94.8597683569731,-93.5839831626371,-99.28395276813914,-98.96768976825176,-97.27314870805567,-98.72377748676443,-96.1349474961892,-96.5725860815698,-94.07772278284124,-91.24869988278601,-96.81510455913472,-99.62129377493646,-97.90847791788174,-101.51716463648259
2025-11-02T00:59:00,AP_5_149,5,149,wifi,5745.0,0.0,0.0,-103.66421414904205,-96.25720230233718,-99.31762236363,-92.96739671010167,-93.9737198151013,-95.82424605767135,-97.76228584663299,-99.76125548212225,-98.04175512354894,-97.01619135368011,-96.84256318571687,-101.811430820769,-94.55866384210648,-95.1784910020759,-98.71728957969623,-100.26509149877812,-100.57185044283443,-101.1089603441864,-98.55025455737024,-95.49691333067932,-98.14186140844642,-98.83977561620821,-100.17932242934351,-95.47213323412065,-95.78276385739277,-98.64364577336558,-97.47703317151124,-94.64132045708975,-97.10765050468721,-96.291324932639,-93.3319289879793,-96.81183935563654,-96.82215039760875,-95.93344833378569,-99.58183821338693,-99.36414607057331,-94.48109455757348,-90.96718185052517,-101.349183990673,-97.87726097151196,-98.49061213258557,-95.81763674709755,-96.33024451370237,-98.17568988152121,-102.87137278746515,-97.10507489887718,-90.13799005380842,-101.90044884642178,-99.14565002235005,-98.97682293174984,-96.18253824201298,-95.9599401667452,-93.39221605634897,-99.39996351557161,-95.28250293916393,-99.27723693017015,-104.08978253169296,-96.90005362736747,-96.81130366299837,-94.57644110958043,-98.04773936397936,-96.63139273979283,-93.5688391744407,-98.19042320337628,-96.62497750135583
2025-11-02T00:59:10,AP_5_149,5,149,wifi,5745.0,0.0,0.0,-105.00085847006633,-103.53723103087766,-101.99330934804705,-99.96652128475729,-98.98528831761737,-96.9553836229125,-101.5595489573474,-104.17278819864022,-100.61512677352148,-100.16147628690047,-97.76276919350472,-96.6876009324599,-100.10243980865198,-99.6933376519915,-99.85595529832334,-98.22515400226439,-100.71599924649752,-93.74507754132216,-100.53912707914115,-102.11832045779397,-102.08106452440443,-99.11295251372565,-102.05774987888736,-98.08406777375731,-98.99202477057689,-98.2450005221109,-94.21789691523108,-96.1456916655343,-98.24769538908227,-97.95283742816102,-96.36568381375308,-95.30872818478504,-96.10105078860882,-94.28413886924791,-98.35356927830227,-95.62913597167305,-93.89703394381658,-104.69252277697692,-99.2231246870714,-99.64345774840328,-100.46532344934113,-100.4238046836751,-94.05376301908038,-102.49582837217368,-93.79677306870943,-97.28360478970492,-96.38527623827184,-99.48599818261616,-94.61678813386821,-100.6296825428822,-95.88435566469975,-96.20648144864283,-93.56968282605939,-96.37241345347456,-98.78070583438371,-95.34658413186042,-94.27626499884663,-99.0617173024715,-98.56866800351483,-101.55993229878523,-98.20416228308241,-98.14281366874651,-97.66991996086512,-94.97073260474689,-98.05283359201951
2025-11-02T00:59:20,AP_5_149,5,149,wifi,5745.0,0.0,0.0,-103.80577808094652,-92.73485371440252,-94.74928154818676,-99.54789052322499,-99.4364819013212,-94.25765922969985,-91.97553141904126,-91.83852814719118,-97.67570311145906,-95.29840547464244,-97.56453486251935,-100.11549668716842,-97.61456309190626,-99.58914759032837,-92.67405013576978,-98.16545534266498,-94.87394323987776,-93.69195865322064,-94.99282527758005,-93.0024510064385,-100.22906782102034,-98.84367043815008,-95.52878386040378,-97.11975821598632,-96.42328874403728,-92.33702433543773,-97.23227161314817,-98.52145165289183,-98.24051526445865,-93.58475605876801,-96.53931121177523,-101.99002007596995,-96.44249409726437,-96.61582412685767,-104.49145419693541,-96.7203414938266,-95.93836030326082,-94.13799884470974,-97.10698036027576,-98.20217545053184,-92.7215589068412,-100.57625203307333,-94.65434894450452,-100.62219644954588,-96.69269175853651,-91.97511060306755,-99.93442821855703,-97.12788170501467,-99.64251785158574,-98.09569820048166,-101.09817913913338,-102.09033787840575,-96.54400166552728,-98.9378057348561,-95.83282679486388,-97.9743764879952,-96.41147714668739,-99.09151274334924,-99.12957134669632,-97.16247634231638,-99.32793052900011,-99.49575397148178,-100.88037045083382,-95.53932002692449,-96.72526240366666
2025-11-02T00:59:30,AP_5_149,5,149,wifi,5745.0,0.0,0.0,-104.26367440548772,-98.66993467127953,-99.76380849019945,-98.19806497931123,-97.05594957459832,-97.01376766955164,-98.73808817262908,-95.00832229412978,-99.6573559911805,-98.58135109798161,-93.6819730439415,-95.7069154418511,-93.69244286241286,-96.04519226872931,-100.15795016398118,-93.27731952394511,-94.94176892207862,-97.40236125198275,-98.88386153444965,-96.37963211599754,-95.09508616674705,-95.73986219208551,-95.26042144429985,-98.14476276458464,-95.73984108888233,-98.09504789597918,-95.64586396140987,-99.54196202110148,-98.8116566738958,-98.0452065808783,-94.34233718514433,-100.18272605208863,-94.20851596981777,-103.90185224469053,-97.64353540632112,-95.85786751708797,-100.456323050661,-97.31311969393929,-99.53121816395875,-101.05418905092858,-98.56186572467395,-93.05704549172641,-98.11572273304463,-97.3284770210122,-98.36222663748609,-93.49960260332807,-100.5456029592169,-99.71368871303741,-98.18379986499029,-99.9510032583845,-93.04378894813033,-101.63773984585436,-98.14805417130508,-93.53543767909132,-95.67200329501343,-100.59662523027778,-102.59366538489016,-94.59375031402766,-96.60986163210448,-96.93526915246011,-96.63483451265857,-93.81534100022887,-98.80820700546963,-93.84120224732328,-95.97376321636538
2025-11-02T00:59:40,AP_5_149,5,149,wifi,5745.0,0.0,0.0,-103.39424428601399,-97.38521270720115,-91.801952852476,-96.22659783301961,-94.30649856140238,-100.42052495704259,-99.48526830969368,-95.45836714510456,-94.55286864556601,-97.33829706503127,-100.77795107569119,-98.49901424841043,-94.35567319798861,-96.82400225259725,-94.65851481105926,-95.06141466542138,-94.12989904993779,-98.50064819964444,-97.40326601253086,-89.92489170408734,-93.75673110113587,-98.81802960821445,-97.77165529936012,-96.14918373962679,-95.0007672624445,-93.30645545366468,-95.60551452642895,-103.74890825420303,-97.97859744755485,-97.20677826515373,-98.5606143431816,-94.2617665677673,-93.70606908997483,-97.59903484705377,-94.18569345278135,-93.93844588637309,-94.46670290938795,-94.28891809813226,-95.6520429798036,-100.5697990692562,-94.96727155582259,-93.06637885826811,-97.6295860333244,-99.4187326571603,-97.24445653519261,-97.57534939743731,-97.47960161247633,-92.71626213653266,-88.35996613184875,-97.2464818977402,-103.72277802068871,-92.69555179660641,-93.7843078631602,-96.51181442457704,-98.25372227900561,-95.6526615862683,-91.00187572171534,-94.54333878345346,-100.27593820616367,-94.37256228502447,-98.33257782749055,-97.53143858365455,-99.81500898176444,-96.5203732139814,-92.71906340164627
2025-11-02T00:59:50,AP_5_149,5,149,wifi,5745.0,0.0,0.0,-104.85249578367774,-98.8707303880348,-102.06674227393954,-99.18476782984804,-95.14790127528427,-97.77805173511429,-98.48655095644074,-98.88852387358642,-97.98643571513031,-98.6239800612801,-100.62578735120127,-95.2936652857468,-99.00532799113498,-103.44587022680909,-91.30787607468318,-96.72236464873389,-96.22531531308721,-100.41655751129846,-100.78275762034806,-102.28897453405507,-100.98635162752268,-96.18650403102075,-98.86885001691093,-96.78130070700122,-99.00853762005566,-100.53018300851339,-102.51441658288553,-93.21283620405055,-100.76941803882526,-95.3774170267465,-97.76868464141182,-99.00621519740564,-96.73706829910849,-96.49850421750466,-98.30497840987087,-101.99058717290946,-101.92819174521532,-99.53362791793279,-99.4408254521455,-98.11974892232588,-96.52229301095544,-97.06392785401586,-100.27941718695699,-95.69350809180101,-91.80414957957021,-100.98673100045072,-99.06736930075986,-96.06554954408465,-97.575397458451,-91.72768730706417,-100.76317465517299,-93.42711483219095,-101.33918402131306,-98.15595195787627,-102.14711629842753,-97.0041841097018,-96.09251848514256,-97.72816521527143,-97.4824817919133,-99.27379593513061,-98.79662264995092,-97.40087672211635,-96.6782442510169,-98.83870531556255,-99.11777986444955
