timestamp,ap_id,band,channel,label,center_mhz,bw_mhz,duty,power_dbm,fft_bin_0,fft_bin_1,fft_bin_2,fft_bin_3,fft_bin_4,fft_bin_5,fft_bin_6,fft_bin_7,fft_bin_8,fft_bin_9,fft_bin_10,fft_bin_11,fft_bin_12,fft_bin_13,fft_bin_14,fft_bin_15,fft_bin_16,fft_bin_17,fft_bin_18,fft_bin_19,fft_bin_20,fft_bin_21,fft_bin_22,fft_bin_23,fft_bin_24,fft_bin_25,fft_bin_26,fft_bin_27,fft_bin_28,fft_bin_29,fft_bin_30,fft_bin_31,fft_bin_32,fft_bin_33,fft_bin_34,fft_bin_35,fft_bin_36,fft_bin_37,fft_bin_38,fft_bin_39,fft_bin_40,fft_bin_41,fft_bin_42,fft_bin_43,fft_bin_44,fft_bin_45,fft_bin_46,fft_bin_47,fft_bin_48,fft_bin_49,fft_bin_50,fft_bin_51,fft_bin_52,fft_bin_53,fft_bin_54,fft_bin_55,fft_bin_56,fft_bin_57,fft_bin_58,fft_bin_59,fft_bin_60,fft_bin_61,fft_bin_62,fft_bin_63
2025-11-02T00:00:00,AP_5_124,5,124,wifi,5620.0,0.0,0.0,-107.92360009783413,-106.7707158045879,-102.26399231625074,-100.4373246721576,-99.67660218803478,-101.34875438446562,-102.02087025497671,-98.38988751868469,-100.06798231873685,-102.8646499636885,-100.8104314077874,-99.77409302986554,-95.76888837347998,-98.5646290929594,-97.27992952997229,-102.75542228673302,-102.49614881659913,-101.6297400762731,-101.35431803774861,-103.94767497124279,-97.12579921816368,-98.27354518455775,-101.84063368173865,-98.99846815079256,-100.25490260882262,-98.76411615504,-104.95652146841101,-101.36058331742643,-101.0977156815515,-99.05267379899917,-102.80891290138052,-108.42339227008131,-104.16869925088288,-101.10674405496685,-100.73194742132414,-95.87235572995917,-99.17536077585983,-100.67900926013965,-101.02077392817844,-97.61104995132504,-102.69393145430644,-101.34445146105593,-104.19137445824903,-96.66688195174821,-99.74610328682928,-103.04616998584596,-101.26696512878905,-99.39464780821528,-101.67575683600096,-102.52701196297193,-102.88642115578712,-99.90671440011079,-101.99776293546618,-102.28487330212236,-104.93178536300034,-100.69067836825262,-101.46727041420985,-101.88854514376001,-100.32728806536797,-98.67959330962643,-98.81890368201272,-99.26541459513484,-101.6456109337413,-102.62459510565785,-104.05534702180144
2025-11-02T00:00:10,AP_5_124,5,124,wifi,5620.0,0.0,0.0,-108.12488323477173,-100.71829484516275,-99.29483050681219,-98.9496498853251,-103.24906071486345,-103.86795890330946,-104.22169108873321,-101.86608732425749,-99.02726916011865,-102.87616931043421,-99.30108831423682,-108.22864689135533,-102.28158484069748,-97.62347113193704,-101.63779710187053,-103.61231414327023,-103.09541290118452,-110.20895092397637,-104.16028914600749,-97.95315911723398,-102.87269153546042,-102.5185163207754,-108.12031979588096,-106.01739661410942,-97.55473569897248,-99.27300099278705,-105.01720032909003,-103.01660040949139,-101.21240026376807,-104.713266431242,-107.13731488531253,-101.60251439709003,-99.40705754825201,-99.34931127558187,-98.4991710781453,-105.7855550201112,-100.95117750529091,-101.9302373274591,-101.3865452912633,-101.76022813567414,-103.10622777659428,-110.17825459741854,-97.63939617305971,-100.13491273834646,-105.57775259738125,-99.70548827579347,-102.46679765577613,-102.38180018402493,-103.43012703923883,-99.51409181681494,-103.52435394932033,-104.41538729304354,-97.72964880295375,-101.66152746407191,-101.56734240474836,-99.04749087394174,-103.12764333731026,-102.52934275271238,-100.20773742560323,-105.74901604216302,-100.46158609446708,-103.39201761231583,-98.55846545740629,-99.484893254222,-99.88123816384665
2025-11-02T00:00:20,AP_5_124,5,124,wifi,5620.0,0.0,0.0,-107.82232148486648,-97.49475875766137,-99.74353212201541,-98.78143325662707,-104.90306854758605,-102.53828393767647,-107.41065840224519,-101.24978563260436,-107.3149798073963,-96.82433637934504,-96.15785708113967,-100.40039100868118,-105.36004080790028,-99.69518352312694,-95.24492380948365,-99.39511498580569,-97.26736951339372,-102.27781741995514,-103.43595162836662,-101.03490751235442,-106.60243754968867,-94.03005580092464,-100.403371345425,-98.22200262176545,-102.2068470700551,-105.45158059444134,-96.54487699282384,-104.19462232869637,-99.77580519415875,-99.49306705090812,-100.60046757382983,-103.17607419341307,-101.27121819594517,-103.67247396299362,-98.39478840718967,-99.10768070237184,-100.88652878416016,-102.52737589995156,-94.50036778552042,-104.72851344332649,-105.456160775449,-101.06833942675054,-101.5964634645792,-97.52957412060333,-98.88397212002646,-100.73374472392035,-99.32130813640806,-99.37582424011751,-94.51165132432062,-100.06223131338018,-102.86555288290496,-100.22681818538184,-108.67835972467721,-100.92026410912756,-97.54337407154851,-99.01576912825522,-99.92665335392945,-98.874604018155,-97.51255185023334,-96.54662126297191,-99.4799537839981,-101.77065578840455,-107.7628874565458,-97.8878012038433,-99.27671394405476
2025-11-02T00:00:30,AP_5_124,5,124,wifi,5620.0,0.0,0.0,-105.90817130751307,-95.78705266462738,-97.15502580521324,-100.25953384185344,-101.32079350749561,-98.95877179750322,-98.93032328138816,-95.58628542791703,-100.34731449647644,-100.09811913738605,-92.74319800669477,-94.25450459835244,-101.55651263100535,-94.50191561067199,-102.27381654721981,-100.21034745494185,-99.86890180097261,-99.14094617575701,-97.04890229592019,-98.5887513526553,-97.06398924435696,-100.11369389519382,-97.78550343569233,-98.67127079207837,-103.07316153082037,-97.45914068143988,-98.62000520205422,-101.0499000511021,-100.18269769280134,-100.10913354183579,-99.64292673078756,-93.63129694561685,-92.63740799056589,-107.0862873575474,-97.44364811704145,-96.0433172019855,-99.55640164155047,-96.12390105316766,-93.94566824137483,-103.02369727806533,-98.5068856488381,-93.03792977617391,-102.62146721050776,-99.25386833087771,-100.25336313579535,-95.75249308727406,-95.33443346592419,-98.42118923308243,-98.81154341678253,-104.06561484407699,-94.63916374407927,-99.96767025358375,-99.33514648288212,-95.99337189965439,-98.31537228106622,-95.89664545627859,-97.09794089961665,-98.29681012500586,-97.97684312210238,-102.2764895472423,-99.35511169601115,-95.65603015772204,-101.60409146468905,-101.05399954360743,-101.54704416965028
2025-11-02T00:00:40,AP_5_124,5,124,wifi,5620.0,0.0,0.0,-105.20371606976902,-101.01924590709125,-99.60530282254905,-100.5606460476427,-96.29244903803719,-95.49050171688295,-97.93877007843584,-95.03983695668798,-102.3630195703654,-97.97605294693325,-94.15985561223167,-95.27314865904185,-93.8948338292193,-99.97385306358537,-95.45214659651243,-99.48404448317397,-96.41825735814658,-94.27108560382278,-100.58591893154181,-103.7710068116125,-92.66102002414384,-96.73933441315198,-98.52495474545479,-98.68973780522033,-104.49229170057501,-97.57752246288787,-99.79541185491692,-98.04629152259714,-98.11283739786414,-108.33699251575574,-96.73382089800457,-97.63680758007322,-97.23390605241299,-98.75397525239968,-98.05694595482335,-97.68529082203986,-97.38092681810367,-96.77695746490586,-97.35542789250994,-92.65452958607214,-100.38176100623348,-99.32857988506208,-93.12484677751047,-98.6675238597649,-95.40880249442094,-97.79720145448141,-98.88715157893806,-95.24497139998265,-96.64844839758688,-102.80574558231353,-97.68323656441002,-101.1889010928903,-94.39025826600988,-92.94294594522665,-92.58179946979614,-97.13117549327495,-99.58841901483228,-97.23844103229267,-101.02288967981126,-91.16721966844214,-94.62064497732905,-97.29013701649298,-95.21256848321931,-99.6788884443531,-101.52759034337637
2025-11-02T00:00:50,AP_5_124,5,124,wifi,5620.0,0.0,0.0,-107.57740464284952,-97.6949516159549,-97.63498417594873,-98.27129977293944,-97.69624260451448,-97.65700948241326,-102.50804494218704,-99.55876430373829,-97.31706546254412,-104.71609191067955,-104.73336296617889,-104.899352039579,-105.93402501809449,-103.72982336381669,-102.15381065603044,-96.04048809204359,-101.88982739263885,-105.1265155033339,-100.07883945335985,-101.1442958700994,-102.92380041842239,-102.34309415935456,-97.37613785347551,-104.80705860004225,-105.57471310916421,-99.17689782960198,-102.4193161266578,-95.92077738415007,-101.04031425644374,-100.87852235196804,-98.21774903061699,-105.59388526154979,-99.56464660588672,-101.67425923803721,-97.49698466552306,-102.51773624774864,-100.04693829244827,-101.65429728949992,-99.33870610180115,-101.33084318072578,-99.79047348124315,-95.317688595383,-101.43536481709265,-99.36915637363809,-93.71800086192201,-99.40784108048288,-107.87993771393013,-102.57619362021781,-104.18865199558854,-97.81151530754688,-100.85886271240922,-97.38685066522501,-98.74273425923886,-98.75568319955579,-104.24732632271426,-99.06272078169081,-96.47763482316924,-104.91869423648956,-101.52883486815512,-99.51414809652672,-100.28335685811167,-96.26764331352925,-98.39188243528126,-99.35912897503158,-98.1246000050765
2025-11-02T00:01:00,AP_5_124,5,124,wifi,5620.0,0.0,0.0,-106.1276829846001,-100.1075085296717,-98.06669003113323,-100.50263005302213,-100.55352868619553,-100.90324681722007,-94.08071906265401,-100.56902914484266,-95.70237045827622,-100.42267124444336,-100.76610227023019,-97.95946672574487,-103.02388188070589,-97.133683589062,-99.53607240251544,-100.7799611758248,-101.42413556785878,-93.21367449512151,-99.23061399831799,-99.35711828702935,-96.50882851963682,-101.65262018072863,-95.72479021195102,-99.23490891049607,-103.27899239853605,-100.71916324886719,-102.41315571216724,-98.88422206869168,-101.50845626240064,-101.83878634287068,-98.2510787900965,-98.99588070159955,-95.50021249888508,-95.63313199004008,-98.94358186803497,-97.62873828468236,-103.35026614676794,-97.03956015111643,-97.89557848055789,-96.26544415064522,-100.04636414928946,-100.02022510005867,-100.0014895000228,-94.82393035485119,-98.27891432011216,-103.61556449016213,-97.19453901873148,-100.5175774937726,-95.87394062844524,-97.51143001610593,-95.40635023754483,-96.01110498556375,-96.31558210470065,-95.72425970887085,-96.68250533606377,-101.20921002268813,-102.55843779070177,-101.61844328561074,-96.93559845763151,-105.7978737567505,-99.17388110442545,-99.9252747706932,-95.45614943483146,-99.4793199307226,-100.23323526318663
2025-11-02T00:01:10,AP_5_124,5,124,wifi,5620.0,0.0,0.0,-105.15643874391465,-98.57134266177628,-97.97390897913988,-96.56534248329632,-99.2702088377826,-103.84472336442383,-98.90455821330042,-93.21903293480476,-96.44989876610599,-97.92502236387494,-95.88770010967903,-98.58962584492183,-98.06801326391286,-99.45010703925999,-96.72392180618168,-99.76484440621387,-99.10228249877423,-95.51952352377488,-98.73936298624916,-96.46067333064013,-96.21261562161664,-98.38655886188103,-99.20498275876196,-102.11570769602311,-101.44560852927073,-96.32912480527067,-96.38458862703858,-101.12600600013221,-96.96721231022885,-97.507405460725,-95.3499029394797,-91.65996658663518,-96.43196027163145,-100.22882308050276,-95.92627027355499,-101.28225580064863,-91.49226257373414,-101.83560823888236,-96.84088587455133,-98.15082968002149,-99.39747953529908,-99.58624990634348,-94.071049978935,-96.45708615555137,-98.61349853179259,-92.95983968838688,-98.51248177511555,-95.95180950945998,-102.17764451273182,-102.01737239572047,-96.02718214485239,-97.23225828266764,-91.71623806192696,-100.2724002668833,-96.12928603286872,-98.89365126146963,-95.61175329848092,-95.85002681218744,-98.23901484243991,-100.37805058280861,-99.1740810615132,-101.49478699450532,-97.06207565967759,-106.58310010405718,-99.89979772486265
2025-11-02T00:01:20,AP_5_124,5,124,wifi,5620.0,0.0,0.0,-105.2590885984964,-92.73790145263325,-98.18101394042468,-97.79254412566148,-98.38772696743231,-101.17722397086783,-96.49111061040502,-98.76663181960882,-102.56585590425041,-94.93713915629219,-99.98255094254459,-97.26730825210649,-97.1607434299163,-97.62850611667034,-101.2720924107061,-94.07054833448704,-100.4450992707142,-105.62764299826195,-95.71348507611494,-95.81171126560285,-101.8435920153896,-98.27594549501931,-95.01898879813491,-94.02328282763855,-96.42164007308718,-95.77840389342396,-96.10849391604442,-98.67059297270032,-101.52602298968598,-99.0426924222645,-94.88635017596918,-94.91467411095135,-97.64879491523904,-99.25937837340942,-93.05498565726901,-97.88705776879009,-96.34695782854169,-101.87869664506472,-98.42721433162973,-95.00047002716676,-102.36742820187237,-98.37514758755833,-97.03230126657556,-93.97359752800787,-95.33105866462934,-93.17963286315155,-95.76360740865269,-95.59022071719325,-101.12508381384505,-101.21147289274239,-93.2172529825182,-99.61951966064225,-99.8846259619531,-105.18183225087726,-95.07839849155253,-101.616161653326,-100.7199636864418,-94.97614614536715,-104.8854116750859,-94.18288950386139,-100.74681606223999,-98.69981004398258,-100.58662864703388,-102.24885693424478,-100.53572362345297
2025-11-02T00:01:30,AP_5_124,5,124,wifi,5620.0,0.0,0.0,-106.01928834099108,-95.74489275024457,-96.35163433844104,-97.67244301832247,-100.5926709819962,-97.88547622140536,-99.95359982654007,-101.22037304638894,-97.94181530188926,-101.93879374105073,-96.75166466673473,-98.17460247577081,-99.35372584779309,-99.14406213194664,-102.23879508163638,-102.05877737480805,-93.82077511658056,-99.47200493985916,-103.29121296131295,-96.26372142300865,-102.09229481262255,-97.28945633273611,-94.59673276338705,-99.6705918775425,-95.54603941663206,-96.81777583640076,-94.29943711573951,-97.2737528680839,-100.60525519380751,-105.26823844154055,-101.395462591196,-100.52596869801702,-96.04129221455266,-95.37679533412289,-102.30737134236873,-95.35052717539342,-101.33949122292397,-101.51937495861247,-103.17007723328996,-98.00601034738678,-100.77634821948949,-95.08023252562288,-101.74365946511796,-96.82266960122801,-102.65627766902347,-95.92364892527586,-98.66792788326775,-98.14039591309422,-100.09454057560392,-100.26447783450345,-97.52896870286949,-93.59376523195377,-102.16827349099168,-100.04119614488734,-100.85708870423032,-103.55455723249612,-103.5923225372869,-101.21684228407351,-100.20708409430242,-94.77101526630615,-96.05135334965938,-101.48053270870656,-96.70076987614682,-101.4173261316537,-99.28275620242074
2025-11-02T00:01:40,AP_5_124,5,124,wifi,5620.0,0.0,0.0,-105.49825732737595,-108.14782940788905,-101.42616851983013,-101.1602304010383,-101.3434561578278,-100.39595311512066,-107.04122279896586,-102.07345290651236,-96.8593445519489,-95.37186242640398,-100.68428627126364,-96.42613431395161,-106.26648137523631,-97.68790248801665,-94.9441693140777,-96.95127155830087,-98.57780420615266,-106.1494447963301,-92.82692487554762,-92.67538952935408,-96.3955583910464,-94.5026256113899,-98.49203567201471,-96.21425836101682,-95.98063495639641,-98.68852828699264,-100.97865620274209,-95.87311329797552,-92.86216243429146,-94.77243557313871,-97.47568833620424,-97.70680294661308,-97.53435843212372,-105.3532328345223,-98.81750702130383,-99.1460316455798,-102.12024528815465,-95.33535541852399,-97.6526673227373,-106.3493031496586,-97.79370376914063,-94.66897452199862,-100.28562470054771,-101.57255742518129,-102.36557189778229,-98.19883970610344,-100.67658161692432,-102.90987634217142,-93.6379415524344,-97.88670019613565,-100.07067495546026,-93.47700899250461,-97.67533893448622,-98.90262439588308,-97.84425494444498,-100.08414779870664,-98.91706933809762,-96.74600753300604,-93.4543001077802,-100.14565258737409,-96.61451257716544,-102.92296823207019,-96.98065612468217,-93.08716142613106,-98.42758618826828
2025-11-02T00:01:50,AP_5_124,5,124,wifi,5620.0,0.0,0.0,-105.36074521140573,-96.4124165940606,-97.82648901876367,-98.59313435135884,-96.60421381566461,-100.01205666869339,-95.83652340852524,-102.20485947307644,-103.59473884148373,-96.51990746381249,-101.58047253194798,-100.62743870203204,-101.47437140315493,-96.57127175532383,-100.753106491634,-94.19045253637597,-96.05642360980882,-97.56764006253512,-93.56260296417179,-101.16365911445773,-97.97045464530044,-105.22886409648505,-99.94412840007838,-102.31190222817602,-95.63087673188913,-94.5789809825907,-99.17497937741241,-91.5040467529718,-100.89474717084656,-101.92326306259386,-99.98226735156234,-97.21443489567413,-95.5218003956265,-95.98144687501689,-99.37787078373134,-94.99124081424841,-99.91815058541994,-89.63360250469742,-95.13817109101042,-104.40561669285114,-99.8220532235986,-100.62868493191651,-92.00273683431385,-101.1577827798044,-105.11511701254513,-95.30830763330167,-106.9833121716363,-99.40730426402897,-95.91823990980167,-99.49316664473832,-94.05584013775638,-97.14429145180326,-101.06095636450365,-97.66891675921323,-93.08547251070559,-97.58410243346931,-96.73794586032903,-96.92257978693738,-100.4834665046144,-103.30196269535557,-97.15785447919984,-93.95600462932046,-96.525873539505,-102.34846626605233,-97.04123827798594
2025-11-02T00:02:00,AP_5_124,5,124,wifi,5620.0,0.0,0.0,-104.63606127247978,-95.58997816485363,-103.4522014002125,-96.05797743166505,-97.25497565392818,-99.54245703771119,-92.11164769951463,-102.04169099482814,-97.73874230093028,-94.0899561075343,-97.16834359397802,-103.5216436178463,-93.31323429038618,-102.74257763136501,-101.22651272098159,-94.73582261283738,-100.52715279057242,-98.4040143403183,-100.5598196641533,-97.42031017419993,-94.0452757756054,-102.37127429538008,-96.9070780959497,-102.80065890303536,-91.33651603248416,-100.4011719616054,-95.94944310247277,-96.75744543155139,-97.23038098881742,-98.954060827131,-101.74379546699959,-93.21517708815671,-100.46632914672361,-97.99054253792397,-98.67573644000558,-94.68695318342903,-90.81306967208964,-99.68084228430183,-97.2182633478984,-94.4104250408717,-93.64264868340575,-98.10145672198536,-97.9877420886525,-93.78587287191218,-103.17340309898547,-94.90130209371804,-100.03360427316129,-97.18918475393919,-97.44868409962204,-99.45743538630441,-96.70364634509576,-98.71004285038254,-94.60059295904443,-99.9356473459068,-100.77485811650335,-97.30339325597691,-97.85412031820695,-93.10312310958074,-97.71323288068234,-97.64004588407329,-101.26322661715714,-97.05874243249286,-101.06239933851577,-98.19937484538703,-100.38706423893707
2025-11-02T00:02:10,AP_5_124,5,124,wifi,5620.0,0.0,0.0,-103.60097467234853,-98.24696361022055,-99.59963858407244,-95.14225338815712,-100.45752070052346,-94.61673264307498,-97.5381846263665,-94.43634108075774,-103.78208394145331,-97.19826943669563,-94.5034074367314,-100.00404322122593,-95.66969559589577,-95.76869705638319,-95.85187590992139,-97.68560534413223,-94.41514901836575,-95.55586012430524,-95.73085134614416,-98.33677113833157,-99.55417386007859,-95.16569365832395,-98.71842345395564,-92.27257182165721,-90.48742496276108,-98.72009950840754,-99.06850136282343,-95.2726572149869,-95.6871752558617,-96.69524281753883,-94.87205652841473,-94.48102882768184,-98.91620458835209,-99.164130998515,-102.20006332506614,-101.66881969679844,-99.45981208079446,-97.60643834002605,-94.1970404624352,-94.7582191988303,-95.19358736957534,-97.19038821282165,-89.89935484246402,-100.16642440441018,-97.35193719191828,-95.57637742291165,-99.84996200067457,-97.5023457031243,-100.92705052372973,-97.61512563590803,-92.17224914826163,-96.09589875434669,-90.8066962356682,-92.33608781563943,-101.02642326923706,-100.04999019879031,-92.29655079448784,-96.88656069458175,-101.0259355313923,-93.73557291596514,-91.97800199793794,-92.12594568942146,-95.09881299544897,-93.02800321886834,-95.03436473699621
2025-11-02T00:02:20,AP_5_124,5,124,wifi,5620.0,0.0,0.0,-105.15566189167278,-100.29413944234501,-99.6425838277285,-95.56377529524016,-98.5910066253364,-91.81604569416386,-103.39816816755477,-98.7836610910072,-99.83996197102836,-95.82997383972116,-95.18848718187131,-102.01816136680854,-102.18092635832026,-100.47674461295848,-96.5081990745865,-96.84549653627366,-103.04919498891664,-97.27430775414251,-97.68063132738644,-98.33191588336852,-96.38985391549402,-97.47387141397091,-97.9129782760633,-94.65659725084932,-93.57015242357741,-99.38563001498798,-98.34683214635115,-96.13961116086712,-98.72120686273749,-96.06716099096406,-97.7676374186743,-95.82686556050892,-96.14230980951001,-98.40772140109915,-95.46542274060387,-96.01941653067801,-91.19961476359155,-103.66485520619314,-96.15743837505232,-95.02673155281231,-91.47355601840736,-99.70025722494485,-97.82231925344877,-99.53747236142274,-92.82329718843727,-100.4646819710094,-99.62527484284064,-102.52067204917813,-106.5407210142159,-98.13523808944613,-98.46229206161244,-98.84805233719263,-96.324567235271,-95.84893144738867,-100.21590016460695,-97.96773546630395,-98.50535572803412,-98.14542552000654,-93.6726637367271,-96.91814886866182,-95.0471627435453,-98.77339955111569,-101.5671121115409,-94.93991366729378,-95.96333530487131
2025-11-02T00:02:30,AP_5_124,5,124,wifi,5620.0,0.0,0.0,-107.42658308389292,-99.13883160783593,-98.52440293120263,-105.35978682912044,-103.6703028427992,-99.77054759028584,-105.1879007701563,-98.38679674533788,-104.42991568991722,-101.31613128971401,-101.96126259424132,-98.06290108252799,-102.00916524564833,-98.3102401084937,-96.98962520797839,-100.56307983332849,-99.70946712171835,-102.53174549621514,-103.76393362081785,-104.30222989992193,-100.13761681445276,-102.161878001122,-99.17168624283497,-101.32308418051619,-101.94680457450295,-101.02362710020249,-106.82543889162802,-97.68687986593758,-101.51919153370629,-101.61960390155016,-95.66367690496844,-101.39734963903086,-98.67774611712869,-106.34593041491534,-102.34686012294854,-96.98463484397308,-97.82546620669376,-98.41893445092911,-102.86751140555373,-99.74604987713094,-101.60544678909642,-99.39761519442641,-97.78082065361043,-99.8455706773594,-97.28269383672732,-97.0997796831725,-103.98546795212434,-106.24176403705484,-97.34135774343157,-100.1865176438437,-96.19555133976999,-99.38869125447933,-95.64750790428957,-98.12973339795627,-99.24926404030734,-101.625175090322,-101.99954738522956,-105.76966620366119,-98.5424070836612,-102.9151632849344,-101.25050630364075,-100.5520776114188,-102.09117971807768,-99.89017784584247,-107.77675979597994
2025-11-02T00:02:40,AP_5_124,5,124,wifi,5620.0,0.0,0.0,-106.68159507496551,-97.65007297120516,-98.52939461289354,-101.81139300665029,-96.79646835557988,-99.52060748415418,-99.58471262608803,-101.34222863688056,-101.06840507321424,-99.06297282107916,-103.6883144729691,-100.92026278147524,-101.2899074952314,-100.30281856856776,-98.8552548518249,-103.8718434734885,-94.62583973128073,-99.78530223725198,-97.96437908996828,-96.85973115808301,-94.19090055169818,-99.1922524098116,-102.38986877665907,-103.45452409756837,-98.32209532375238,-100.7284545278977,-94.76703040188104,-101.82588390915211,-102.69467297708897,-102.87253826837264,-92.64269497768481,-94.86578841239348,-102.71522985974188,-100.67600642092805,-100.8463367783145,-104.93449075945477,-100.02274923990501,-97.66840711202738,-99.4465444871642,-100.44122679522546,-100.8546436614825,-100.91208041110018,-99.07573077399152,-95.36289535620449,-100.77463843459756,-101.95797159761443,-102.39367707640281,-94.02892186034931,-94.10706116156699,-99.7987250357155,-99.31592970603286,-100.41880243035122,-103.01528388573209,-99.74486716056252,-104.07932108618131,-102.09579364679385,-101.16214086689365,-96.46449540479155,-99.4847256470966,-102.61340442114597,-96.39756647375206,-100.05749153063279,-102.66301273580558,-97.8102840192345,-99.18745454092578
2025-11-02T00:02:50,AP_5_124,5,124,wifi,5620.0,0.0,0.0,-105.46301042272023,-100.73525455825255,-100.9550647962824,-94.93453591300963,-96.19329664219258,-92.98495439255302,-97.74188550565925,-96.86483953833769,-105.33532466315835,-96.78549364149622,-95.70076733719925,-94.18277759914227,-105.89584330618013,-103.5481096863531,-96.80148132129047,-97.90389181942832,-102.96520056984404,-97.19465990964892,-99.3732290156096,-101.12849614697429,-101.52046326733559,-100.96394999398419,-100.9416983630897,-103.46908273408333,-93.28147261277066,-93.93349358677747,-95.2127825781641,-98.9522512562855,-101.11150222367455,-103.83145694394753,-96.45018046973912,-99.63058886558757,-93.31072242320383,-98.33108343056365,-98.45743507792908,-101.35030240179557,-93.09261406003759,-105.03311591170016,-98.53521751716792,-100.84453030687699,-95.86256630760094,-98.50538083426363,-101.02764673723523,-97.81265970982902,-94.7615933105019,-97.51199327948353,-96.60714556536777,-95.41053229069186,-99.63229369870488,-93.49768106511954,-98.60594377589912,-98.73362236675598,-92.61252157636996,-99.20016282534195,-96.4448498880577,-103.71824644374297,-102.68315526392972,-95.46524287988208,-100.39945428328845,-96.34003466779917,-94.28529594988503,-101.81235270760592,-91.12873910325526,-101.32456928250495,-97.31746471679212
2025-11-02T00:03:00,AP_5_124,5,124,wifi,5620.0,0.0,0.0,-107.57826265763406,-98.5313633515972,-97.22554686953535,-101.29578373821123,-99.42853654729254,-103.38653119531448,-102.24099237081016,-99.18124372928874,-99.9922829353956,-99.40377908105664,-99.12362725222391,-93.53805928243646,-109.20538064226719,-98.63412102016787,-102.22204351041755,-103.03997101179424,-99.30192655126791,-99.80073154905085,-98.18442093066857,-100.21558870431149,-103.1108099969339,-104.2846890601233,-102.31920700790064,-98.45757471787488,-97.61800457333085,-105.82408925347787,-101.33074631266105,-101.5300299074871,-99.6757291972173,-102.62131648055211,-105.08739708790796,-101.71798236013493,-96.90657434959765,-106.96979555379664,-104.11751273868478,-100.95033761150371,-102.38967942498249,-104.04382497041854,-102.7119090426013,-99.62880152066586,-99.858106861787,-97.99627610536726,-98.68502650944461,-104.7230681824809,-98.96753645046586,-98.55825667191475,-102.08800879090815,-96.87458528353886,-102.47689081231151,-97.39492317864759,-98.79504403513191,-101.10656145854522,-103.56043748773646,-102.29739296323221,-102.58823478816058,-95.14806764276412,-97.33814594604124,-97.57417047765455,-99.60217210855009,-102.05770409925093,-98.37549481034567,-103.35615532473037,-96.01408726986652,-105.15048231338115,-103.78468094738272
2025-11-02T00:03:10,AP_5_124,5,124,wifi,5620.0,0.0,0.0,-105.41147164628133,-95.87637118501506,-101.38125422007117,-94.78292752958134,-95.44942653187059,-97.61111748987618,-94.59547756279582,-91.20943792414936,-99.02203148244398,-99.52470620578093,-100.06047264436165,-99.55170929046534,-95.85926928708022,-102.89906188798774,-102.92645610607319,-97.16731521148351,-98.91792156462846,-95.1556113362789,-102.54286070144863,-99.74964746105539,-99.06586363556936,-96.2581052158444,-98.83660318372132,-100.96572597330285,-97.19227566142327,-98.39310782568711,-99.96144278085491,-102.19690444817904,-95.6001939159737,-99.3709933958339,-98.43396967400278,-96.69577328750218,-101.33641941205984,-96.51389123341458,-96.21883054037605,-100.56149598144442,-99.75147868300158,-100.92021723469762,-99.27570680039452,-96.7376952794675,-102.34001802320613,-98.41225330288552,-97.7165113342827,-96.97382864950184,-102.12319741581318,-100.13769629178827,-98.66011778361319,-100.82540446768971,-103.19743350768042,-94.94693740721443,-99.43168248108068,-99.2328719787784,-98.32733867271465,-94.62329272946016,-95.71828487389722,-97.44497802638372,-103.8420705148189,-93.29911453014651,-98.42906350815366,-104.38701547336177,-95.73819638810006,-101.40939209698216,-100.62480781087103,-100.9086105767234,-106.01805858142922
2025-11-02T00:03:20,AP_5_124,5,124,wifi,5620.0,0.0,0.0,-105.12269078425906,-94.5015278711264,-98.47124099170043,-99.38175106755222,-100.82794243202936,-98.6297557184576,-101.31634143963102,-102.75870195201978,-99.48579110403693,-97.07230613578142,-99.14590085613438,-100.7792746789085,-88.78961765991225,-99.41413034926951,-94.28468582027917,-104.13374483675706,-106.47844498129835,-93.72603137500276,-97.2989769708679,-95.40512805922643,-96.36647425302513,-102.84999969292733,-97.33960442245696,-94.8420557702888,-103.37506917602921,-99.38401127210031,-96.30647658858705,-101.35165240791339,-95.08314675341033,-100.66576216545972,-104.55440930316914,-96.98190898503691,-94.94180759828797,-93.88191692528719,-92.80113445800711,-102.8285033277094,-98.15899318580662,-94.61719547258816,-96.1247603516126,-99.10432714208532,-93.21435263964052,-96.12107937803202,-94.4307625168416,-101.98553953275263,-99.27388776219092,-100.23133377374532,-98.29785495687996,-99.15435130659324,-94.16833310000555,-100.20994466808001,-98.83788973394317,-95.7599430588212,-101.9298920003348,-98.5689121807408,-97.55447007443368,-99.41988007985407,-99.58672998398866,-97.23092674863743,-100.74621486749264,-97.3768822838266,-99.53767555265016,-97.3826354572959,-96.0257369095724,-96.7789415798197,-98.94263032770321
2025-11-02T00:03:30,AP_5_124,5,124,wifi,5620.0,0.0,0.0,-106.50650481516556,-95.74595320268647,-102.929254390474,-100.97808881274038,-102.333113314927,-103.82029612236845,-99.1018345914261,-96.2654139076795,-97.05729808260767,-99.15039723772665,-98.82511608578987,-101.11305867054837,-99.34671490810615,-102.5599827325746,-94.50743016663579,-94.83079637435186,-101.50189390124527,-97.64809204325093,-98.5924648855214,-97.96185528209209,-101.31765910557438,-104.0747847349177,-95.98744287433476,-96.16579846262573,-100.28026400074609,-105.08267644782683,-103.09131363521706,-97.79782357311488,-99.68869967794308,-101.63263065137743,-100.21563871434755,-101.1369954861824,-94.74463027658919,-105.34500556141327,-97.36209232410651,-100.36284036167451,-98.17780998149722,-99.72302256251868,-97.56306380727771,-97.33828695583267,-103.56259648105886,-98.91138648748208,-101.87340659841777,-104.95997670596365,-96.52493027476282,-94.10382280807325,-100.04758705794032,-102.85852296310155,-96.47992022581256,-102.51785934696218,-104.64908968424821,-103.11137290846315,-93.11633359720443,-95.82275644780657,-96.91343202799645,-100.80123951250854,-103.64423167085839,-101.21129448302469,-98.9431656499361,-94.67494272935902,-99.98752600364567,-99.2126789394857,-102.8485335926338,-103.18557677408967,-104.59220355064569
2025-11-02T00:03:40,AP_5_124,5,124,wifi,5620.0,0.0,0.0,-106.50932161605655,-100.60983657706785,-99.23912964365772,-103.95409841228258,-98.6098929568051,-96.83341225276088,-97.8929406569027,-101.47956068165462,-98.65978067455958,-101.09179681751615,-98.42672724191328,-101.93057268584148,-96.0960398173024,-95.60710125082643,-99.96671405017896,-101.34631088468544,-103.95868621599615,-92.38182487654704,-98.12871701493604,-100.25140090623255,-100.88432612234435,-102.66522955672882,-96.90326069818839,-98.17030521232789,-101.0099823908967,-98.24905036809338,-97.58975442637947,-98.54812674516758,-94.03195275619731,-100.43313573053784,-103.87612632839209,-98.23442168842942,-100.27229762679255,-99.49568234073875,-97.740364626947,-102.62145553344423,-103.9325188688648,-97.03625858411706,-98.87141366641224,-94.75584819000458,-96.81799861353831,-98.74280302691729,-103.19801230687061,-93.65784018492032,-105.534983312301,-99.67437633197916,-102.71980953757878,-99.38894785387077,-98.91501633769627,-101.91734559790666,-102.7207232725441,-100.71450552321157,-99.32954170006914,-97.86035547969637,-98.09234342036108,-100.93505895077689,-101.73157389693802,-95.24362754898134,-103.92064529876426,-97.28525831197597,-101.68655721918813,-98.72479633937493,-95.50093285031309,-99.55281963526693,-97.79426136695875
2025-11-02T00:03:50,AP_5_124,5,124,wifi,5620.0,0.0,0.0,-108.27243172801653,-100.37319726228377,-97.29658256519777,-97.79862515924484,-103.5464949892621,-99.26584709551652,-99.22426314957767,-104.12114972795396,-100.88221784455395,-102.22481320636405,-101.5280236564636,-102.42595676465501,-96.95259893286381,-98.24054650487305,-98.19832900777598,-97.19290163995612,-103.23629446305148,-101.92948532790844,-99.66553785743618,-104.07274457643713,-97.6199528021196,-103.08024912775001,-107.23749417054907,-102.63344547122364,-102.55598766457875,-100.08938499562623,-108.75483914739253,-100.71853494141592,-100.66942726634234,-96.54260686327,-102.56088164674021,-100.48419453541537,-102.05602422713248,-101.30016420436584,-103.24568148878697,-94.14383133333904,-102.28051286216706,-101.3751363556702,-98.0969117582454,-103.2091317855118,-96.28853878473913,-100.1421911693482,-99.80146486856316,-100.83690585478034,-100.71409163199345,-101.85013513836327,-98.41906624737004,-105.93326077112862,-98.4048655437924,-99.8274634521912,-94.68158850581088,-98.23621700618095,-104.32370505807292,-100.16547314327958,-95.96270629445128,-101.47177587587248,-103.1253310898467,-97.98047018091982,-101.12650375632765,-102.83097346887115,-105.32512325842573,-99.4957772182192,-105.59970845709994,-98.3856994786997,-99.96249341222924
2025-11-02T00:04:00,AP_5_124,5,124,wifi,5620.0,0.0,0.0,-105.53483559515259,-96.04876462738432,-101.6767947296329,-97.11020542481504,-95.67461150077683,-94.69191486503479,-98.77439167479373,-89.83166117427747,-97.12371082224067,-99.55662572412601,-102.74607267081764,-95.69425239525482,-99.76782687793016,-102.55416248993376,-98.86384606304121,-92.69252608731995,-98.9762421720364,-100.08213515456964,-100.92093124487154,-92.00454159078842,-99.74477928680574,-98.33592561686297,-96.39941971572443,-103.27787717719795,-101.01446560869056,-99.05368120558572,-100.24515974628265,-99.40717930978882,-91.44218733508816,-93.68397620110476,-103.19394326573976,-99.26145852284677,-94.69365769073721,-99.16936481050594,-101.43866946674119,-94.97668868989743,-97.79386772737168,-101.69518466965029,-100.40864874007677,-99.33833810545542,-100.55751465587652,-101.46589016467605,-96.3656370332849,-100.46367826494097,-103.74144947179434,-95.9012960009063,-97.98001978755424,-100.16630653157532,-95.99431946374312,-98.39186059403552,-97.52910432764577,-98.5023342328363,-97.8930111376074,-98.06098101616386,-96.42176973820712,-100.99230633918121,-98.8219132991501,-97.0662116718113,-102.42006029264024,-97.68780018436452,-99.09658142625452,-96.37795675923851,-98.15748530283688,-96.28253268118029,-95.2263572354669
2025-11-02T00:04:10,AP_5_124,5,124,wifi,5620.0,0.0,0.0,-108.82904686774498,-97.66944137808974,-98.12371701843966,-103.19572844719934,-102.42600814651941,-101.41717658762194,-103.09623114753094,-103.6118341217327,-101.60610767845779,-102.85330963286894,-102.39708788430828,-96.78707548932103,-101.28309430171997,-103.7474877107087,-104.39945863967829,-101.97847898775841,-98.20937728881168,-103.1237318816155,-101.91275148308824,-100.0812507267096,-105.03346903763578,-105.09443385664446,-104.96500670577731,-100.18776492551251,-99.73711572440843,-101.6288849545171,-104.57342248512352,-101.05554252388552,-102.27809318640475,-99.84604977585538,-98.41686821363324,-102.98510274589755,-101.17021485212034,-99.86708213068287,-102.50941641265852,-103.18185959546066,-96.17256624203426,-102.92857127551528,-104.68213937639098,-99.31849091457453,-104.40233563504869,-100.04790675666648,-101.43379043248203,-98.78874486103253,-100.11378051656943,-103.84558019905724,-102.02635667018009,-100.17684028100497,-96.68903048957222,-106.10726543062914,-97.82520640131571,-99.31890393118773,-97.95899809267286,-102.51403130979008,-106.64749638536753,-99.4636646465464,-96.41695831368459,-99.62593805312797,-107.45345407962513,-102.03261841076578,-102.38586574894285,-100.79728876982516,-102.38984316235512,-102.01238108238576,-101.59323209926274
2025-11-02T00:04:20,AP_5_124,5,124,wifi,5620.0,0.0,0.0,-104.26999976573973,-93.36782876685476,-95.66018521478772,-98.61607512850586,-98.2745490242404,-99.97838978767595,-103.32387059571963,-98.64141396492118,-96.6401052073003,-99.31556417909594,-99.92334736022659,-100.24846337746688,-102.53487056556986,-98.55252055615298,-93.16162347787069,-95.84049040754157,-94.91696780035636,-95.66331491927336,-94.64527728892098,-94.60552365153447,-99.68970577950155,-93.05416845028748,-103.13792843601902,-100.801409718536,-95.58434240021417,-98.09902486121695,-98.46266768513125,-99.97261770351476,-94.82534575249532,-92.70114372393554,-100.22746887198016,-100.36179705986447,-87.82650282293146,-94.84615242493675,-99.05961185539395,-94.43248555153778,-92.96676050024735,-95.06826853625259,-94.89499872427479,-98.23328226015317,-94.54702287664472,-94.14526303648478,-98.17500472667832,-99.72672400765617,-97.56536178387763,-98.77828842135554,-96.03465419837,-104.07961661537705,-96.47787987625301,-95.75474465582825,-101.2465689655316,-92.74509235765316,-98.47545826784267,-97.4913231905971,-89.22328689067794,-96.01210879363853,-100.05708443828648,-94.0423452331908,-91.13592266471657,-93.797160250208,-94.25384892418448,-97.00267597896175,-95.02190226280348,-93.28843710750988,-97.5645940638116
2025-11-02T00:04:30,AP_5_124,5,124,wifi,5620.0,0.0,0.0,-106.63609016317785,-99.67070980913651,-96.25786813452446,-96.9949381225264,-104.74763488654327,-91.64949292539475,-99.44360987041415,-97.77912584708909,-104.53323638347936,-99.53627165361166,-101.6410842833034,-96.32534491437838,-100.96436787701438,-99.71951233627486,-106.34202353378325,-100.68492511614004,-91.87446213817812,-97.7447484507768,-100.68877548116555,-96.87944648226164,-101.38058187487476,-99.16442117546278,-97.13680290631443,-97.1082354486955,-90.68792392316887,-104.41702136773134,-99.4115436170815,-97.17511194511827,-97.08992270981979,-96.4821580521316,-102.10983233087738,-101.36828830456584,-96.46927502761142,-95.48579259091603,-103.23458480055403,-105.23418051915056,-97.86824073656798,-98.52038807786607,-100.6636599361966,-95.95428804008354,-97.45499498202852,-94.86017894455182,-100.25615613973241,-96.59425430196103,-100.35824287833847,-92.8696721696405,-95.50273006441992,-105.01465058271654,-101.19753169859226,-99.99618059808397,-101.41796275938576,-99.95618978213814,-100.27760661040651,-106.314617895098,-99.89524195865421,-98.95271875020987,-103.66187351356463,-99.75642385326687,-97.86869155986226,-100.56953593081339,-97.6515523163048,-97.92538902254108,-106.12257734847876,-101.81734000496382,-97.0505666735171
2025-11-02T00:04:40,AP_5_124,5,124,wifi,5620.0,0.0,0.0,-107.53680537465385,-104.35353955424772,-99.10255304265587,-97.57485097595051,-95.78164513598459,-101.86858750441267,-101.29934885468624,-98.92451213962902,-100.040351460258,-99.2252505020377,-97.09338651640913,-99.46993815391129,-103.21379122991206,-93.308490297449,-100.93736501665309,-99.9618561526323,-102.44520599605065,-107.20168805695221,-106.42368639113404,-100.76153902865485,-105.52165881661413,-106.04676640063069,-99.98706949828227,-100.05230148272452,-101.57729031077852,-97.70698757430654,-102.32800750406209,-99.7982094977519,-98.30048445778515,-103.2876051506051,-102.03986408013758,-101.439316738786,-100.96342018974103,-103.19084640739966,-92.4841157876168,-95.21125064757402,-99.66338765040904,-103.7718985981623,-93.6413932544548,-97.67121843824107,-97.34671278080515,-100.98444725757219,-98.80141716435838,-97.47784880627167,-105.37326973033946,-100.14835838934883,-100.15938918892674,-98.54636757415788,-98.22323058796006,-101.24952221965593,-104.02526914122205,-108.05760404468498,-99.82786965010429,-100.3909808279549,-103.28097173923472,-102.1425701705,-94.82156676854355,-104.06367079878287,-106.4382768859549,-99.83490279756569,-102.83458439058069,-97.76156547216542,-100.56434731676765,-107.3421797691838,-101.28623306864219
2025-11-02T00:04:50,AP_5_124,5,124,wifi,5620.0,0.0,0.0,-107.18944446707341,-99.3234406072591,-98.52480225418171,-98.32836445299439,-102.8550467772545,-97.72780624945406,-96.7331433027196,-101.03590000158887,-99.17576188545438,-102.33908561049235,-99.74003529601612,-98.80974186996255,-98.73504586332739,-104.757935069743,-101.52900062999598,-98.97924142463256,-99.520304466762,-98.53165722598276,-99.86481888231303,-103.43610343654122,-95.90473531857533,-98.150058224725,-103.28266151589034,-99.43972294430813,-99.12776640732417,-102.11456736945034,-102.17381699966329,-99.64827779309125,-108.5963502604535,-98.44109234499865,-100.73359526937834,-99.411824725903,-94.71472895940293,-99.57630374779401,-101.89474560646761,-104.6572689040151,-98.82255264521113,-103.38717592953198,-102.65112144594939,-97.37756612596569,-99.66052336563695,-103.12742058852946,-100.55816044654019,-99.69291826477134,-100.48239754974661,-101.86225958399724,-99.89051820454027,-98.50493087568266,-99.79985072281707,-98.81945810247764,-98.3880989255437,-103.13292928090411,-99.71204511250137,-102.96947532624593,-97.50718272783469,-97.13887721639202,-100.23934876366219,-100.5370916674992,-98.39667272232852,-99.36106739324104,-98.1708999707482,-104.9265078517466,-98.80503523687905,-102.49790377678944,-99.4903205659826
2025-11-02T00:05:00,AP_5_124,5,124,wifi,5620.0,0.0,0.0,-106.96409247656571,-94.7560284097202,-96.80165234833275,-95.48710204982838,-98.11604064407082,-90.88994753917444,-100.00524529792393,-98.8631734139561,-99.35584942863068,-101.65561049055775,-104.38177226715682,-100.82846778225829,-100.12938820536114,-97.72174162964333,-99.72075462996989,-92.13304869616135,-104.54523218254667,-99.61780880700594,-100.80432803319522,-96.35039766971879,-95.25397837372611,-101.43210834581573,-97.07663396175208,-99.43845417633274,-99.01514946523,-99.3638479157742,-98.89615599514103,-102.60229798662633,-98.86267366647536,-100.6750709533603,-98.92298765938516,-98.00842633910858,-96.68240175338582,-95.79407595050795,-100.14207126009396,-102.01829374729721,-100.58603156559845,-95.70658875181537,-99.77026807835978,-102.45536132689638,-99.57307857080318,-101.49719334244567,-101.42133399572357,-102.00527470507386,-98.38366955107816,-100.15592137677865,-96.93748599793372,-103.94277252458056,-99.93356945987871,-101.65951289465312,-94.44590467746657,-94.50375938341654,-105.17062378469136,-93.11586073921163,-101.21248986292062,-100.33947358871545,-104.57664127464814,-98.13186902404017,-105.13109406967284,-99.83634316931963,-99.11641838831751,-99.04170753370698,-95.47899028601778,-100.08232746734524,-98.95473388444049
2025-11-02T00:05:10,AP_5_124,5,124,wifi,5620.0,0.0,0.0,-105.80634897003256,-98.81814189736161,-101.2933632963599,-96.03338166940853,-101.54674417510694,-93.95051718819674,-92.74753558254638,-96.16020656001166,-96.08051605393337,-96.90441414620321,-97.45535338381433,-94.49058140455293,-94.79510635551672,-102.67457638635086,-103.63560683011958,-104.35444385925362,-95.87301330577137,-99.80854001734437,-99.64122749805722,-94.65545834141352,-96.66877521774431,-94.42777418555218,-101.31355871221524,-98.9510636555272,-96.23596437595155,-95.13163434340197,-95.76281848194411,-92.09654060648673,-98.43198927082788,-99.873083062082,-99.97299049609342,-97.95071033248323,-103.25701890857724,-95.75756761801676,-95.1929781013767,-96.79283618353527,-100.83707797933357,-96.77623466579428,-98.94930165342535,-94.44592739761428,-100.9498345146243,-95.26497288545698,-100.06178356267624,-101.73171520362558,-100.57809890089077,-97.93962648142032,-99.84694094296528,-96.51837708285416,-101.35699768736714,-102.37462094229343,-98.28731399361563,-97.71686549553475,-102.23359909695567,-101.51415286774302,-93.74945482901572,-98.37435089873496,-106.05005991064922,-94.75650581495904,-94.94356982917407,-97.42062060764522,-104.0466278789915,-97.144616574644,-96.49091417252889,-100.14230050331561,-98.35519323853062
2025-11-02T00:05:20,AP_5_124,5,124,wifi,5620.0,0.0,0.0,-105.28258791853061,-95.68743486789757,-97.6102185663348,-101.1717507656562,-96.70182868230684,-94.39504859599779,-101.43352790617793,-94.88030027372183,-97.42646510463746,-95.15626242426886,-98.51180259669839,-99.46403783994108,-96.82922444696753,-101.21055585040259,-97.75699391660724,-99.11207083978401,-100.93485626426455,-104.04288328311759,-102.00762848507414,-100.37388342118729,-96.87966832410747,-101.63799168693274,-100.03445185627125,-104.94642783035741,-99.68195669153799,-104.41067486675463,-95.5596685276112,-99.15752123831311,-96.83141357895879,-100.21799314978419,-94.49854607913414,-103.5087545816696,-95.67767644503131,-98.51038508315716,-98.45976387804082,-101.13952349928431,-98.12169947845781,-95.62219573231845,-101.89881402680669,-102.51085531207643,-94.73080886546855,-98.78352677580112,-103.74072415070019,-101.33010442996272,-101.00625669308198,-98.09404443837047,-101.90935804244232,-97.6259745915042,-96.56973193665883,-97.46151565067197,-98.24816987439247,-96.82624155450587,-99.49095954550309,-98.04766714276889,-100.50765657068965,-104.23932210104446,-99.26301180939036,-97.33853090647644,-97.01413447945643,-96.67526832538226,-103.00258392386355,-96.91029432696139,-93.87569509449018,-100.74176488678738,-100.60818914675602
2025-11-02T00:05:30,AP_5_124,5,124,wifi,5620.0,0.0,0.0,-106.07216433635257,-98.84519910852218,-97.28572104382559,-94.48298462578161,-98.25414072020365,-104.94396773340092,-97.6774270522589,-100.04271290654549,-92.42405348005046,-103.9930297260266,-96.04599896693885,-98.45670969221568,-99.58145481095737,-98.1737452508326,-100.98930980567826,-97.80815325644845,-102.62474641681418,-96.26561657012135,-93.69496639662594,-100.62989500746201,-98.37229456607052,-94.35211266131292,-98.60900828616424,-95.30947360566137,-98.75612886639725,-99.60823087521727,-97.95543740670487,-105.1849419888407,-96.6874765374755,-100.22364299535046,-95.97800931788252,-98.46050616995839,-98.03894827554826,-99.62159245515052,-89.7531268002867,-99.21036598595823,-94.9518211490663,-91.22981858119881,-101.63979387292723,-103.18884127151046,-97.61786840654422,-101.65334160513446,-98.6376176060889,-98.20181100876587,-101.04373483838853,-96.9140079433287,-99.36913898705014,-96.40111599164608,-96.8136740048755,-95.30551487757413,-94.91461387928865,-96.59389787255763,-97.89458475308248,-95.27962547363376,-103.9100329858537,-104.368397527588,-106.16694719349773,-98.05428279119496,-99.94117525175203,-101.61809367117067,-101.20258551796941,-97.90157909322751,-104.12673420712142,-99.43678790269303,-96.95528689543983
2025-11-02T00:05:40,AP_5_124,5,124,wifi,5620.0,0.0,0.0,-107.12224618007433,-94.54764321438289,-103.60170664925836,-102.50671318816123,-100.46019273172507,-100.52559034465077,-104.73269859374399,-102.2965037165763,-99.79453032243708,-96.10190503513702,-97.8975556204169,-101.14245764714319,-100.21784404297718,-98.77809503427011,-101.57725135145489,-102.21142514346319,-102.5119029895731,-97.85616607950344,-100.24975618600418,-101.69379708805896,-100.26038142191477,-104.83151509194073,-97.07856260438223,-98.62393421555393,-102.19155558038446,-96.63861803000813,-101.11466114196143,-103.38630578061031,-97.59476033066322,-99.21860922909339,-100.06398156587971,-101.96779488724339,-104.00373829672546,-104.16311464968027,-103.03070468088637,-100.96524488503411,-99.0476993599089,-103.44285688241938,-100.33287952483327,-98.07018784017525,-102.45597893623173,-101.5278924256375,-102.81959835971405,-101.97543256124014,-100.33203915590772,-94.97386962565047,-94.93848847291655,-99.86149556850032,-104.22099474897132,-100.12043993161188,-101.4349316774055,-101.39188961915619,-100.27464112201284,-97.54169575401512,-102.52668829719661,-97.1064771771562,-101.6679224132249,-99.57440781484607,-99.87240217254175,-100.34997074277996,-102.30175611114434,-100.87639563438317,-98.30580622978219,-103.67754438277052,-96.06070962702866
2025-11-02T00:05:50,AP_5_124,5,124,wifi,5620.0,0.0,0.0,-105.076413355648,-97.55985364400347,-99.04769019995322,-97.39323806913254,-100.2229205750372,-102.379255491474,-92.90227580188561,-99.72576113720844,-95.23466952985297,-99.87690623944253,-103.28407996858652,-98.94769313499367,-99.40318357555981,-95.79658033300973,-98.244235935395,-101.95510057277058,-99.03386142267524,-97.12345003034626,-99.32438884534486,-96.65525081780474,-97.35751078683975,-100.86913208961735,-101.25585159234156,-97.5510433066386,-100.38195755399211,-96.8487255795074,-98.5357490108656,-98.24145795764164,-99.33431337069469,-103.37733488575014,-101.64034977402669,-106.08201114689277,-99.28048921652655,-93.37220209569779,-99.86280338257873,-97.16257708433625,-95.89479212547144,-95.81328937577517,-97.88363507475344,-101.69771354832383,-95.66206970311504,-98.40429871892496,-92.93521831117668,-103.00347432113912,-97.68859664197508,-97.17064358405068,-100.23445104763282,-99.90346657789883,-101.13139694742055,-93.07200549707467,-98.57499604264544,-101.63671378843574,-99.68730756802518,-95.68246563197462,-95.34447021281318,-98.18220034057552,-100.44878490611637,-95.65597326992153,-98.09007515738466,-97.62572499997185,-96.33956773216558,-99.53084802655385,-99.6624240519108,-94.9670404287296,-96.4150076876663
2025-11-02T00:06:00,AP_5_124,5,124,wifi,5620.0,0.0,0.0,-107.0960780829625,-99.96449125941479,-98.967999723355,-99.42615544955119,-105.47937479014581,-100.09057988455471,-101.0084946999707,-95.05178764382708,-103.1321081775553,-100.7516147956743,-103.0372839327086,-96.18620487550126,-104.23912206461472,-99.19592481902603,-97.9272650466227,-98.5798538278978,-98.49239135539874,-97.59245409528006,-99.84747288533858,-97.05699625242539,-97.7117945822751,-101.10745865880692,-99.75974789165778,-95.90558808836413,-96.66116855899571,-96.31927636441483,-98.1171290665453,-95.2029488949751,-93.63566055805722,-104.64459449279369,-96.43284701213615,-99.58179377179346,-99.17606905366317,-99.30839674604177,-99.53268561919587,-98.51910199668534,-100.68315344977412,-100.471540006791,-102.92536935127396,-101.86768329830413,-100.78191021776635,-101.13914751458363,-104.10306628406418,-101.71339196981849,-95.50384069476462,-104.44225387352905,-99.57491557016729,-101.32822913320385,-96.63180395450016,-96.6558484099328,-99.21103508107792,-100.22989225866972,-99.93409098141365,-102.7219664539839,-93.78258069310229,-96.11384904743582,-104.04408414369132,-97.58117759754217,-99.30946122069918,-100.47084420815825,-101.42847496327836,-97.29072095513088,-98.92137400963496,-97.4539577455931,-102.24374721901718
2025-11-02T00:06:10,AP_5_124,5,124,wifi,5620.0,0.0,0.0,-106.05864169008962,-99.46657974077401,-99.60968103408075,-99.86448734551097,-102.80676196880678,-96.15061022448222,-101.9151158484526,-101.30943964248033,-98.1273010472239,-94.82757281551946,-98.24712596103507,-100.2944192112413,-100.45867928350239,-97.07237125282407,-98.3270793956732,-100.86288101249787,-101.95179602498293,-98.10151491566495,-102.8719130757767,-93.89999198706735,-97.53062135228066,-98.41082358828484,-102.79157740172239,-98.1195901914439,-98.74690073203027,-95.63042430963199,-104.19947118271077,-96.96487324068013,-102.09935376350707,-99.31362661178208,-100.05839436283564,-105.45757682160136,-101.55730113529573,-97.1369784310486,-98.16177245368873,-102.69207416380097,-98.81172505277299,-103.54486173414708,-94.6963950709803,-101.340125979352,-98.06724554066467,-102.10723355842013,-99.17039355646051,-103.79447734894342,-96.32889885464263,-99.73834265299018,-101.11885323420682,-98.10059580717297,-96.22197934882963,-99.28741197902544,-99.00305915209964,-92.0973022278268,-99.48126507461308,-93.81738901820118,-100.06411660168615,-103.26185769570854,-104.40869966963378,-101.78883187562495,-101.34478314500899,-99.35102388522819,-100.219266007408,-100.96844566815052,-99.27319736441133,-102.71526958335586,-101.89112254634416
2025-11-02T00:06:20,AP_5_124,5,124,wifi,5620.0,0.0,0.0,-106.06568196940033,-103.84168884009364,-98.3741555900551,-99.49429464908746,-96.38039869057539,-102.34533534512157,-96.6471015630694,-100.20973335190449,-96.29751425975654,-98.59974870243143,-100.13700073228813,-94.87707702556519,-96.56468354420272,-95.24973620539822,-98.21791861682063,-97.32889818286262,-95.54853454171408,-101.60653702488861,-97.75942252274005,-94.41072201759256,-98.71893932862693,-101.38339629499369,-103.64184393592332,-97.83262196180371,-99.23887153809048,-97.05770217729614,-99.261944937777,-101.195539295152,-95.29623918752135,-94.69248038424976,-95.24248809963342,-100.3884590784198,-97.18718458178067,-95.9380995332144,-98.87582727968882,-100.96890749977321,-98.8040583865867,-97.28320705647721,-95.49445117546544,-95.58175633873415,-97.387993952326,-100.45102988843304,-99.1114334775932,-103.88102289401688,-104.33514844438504,-101.85676579460704,-96.38884353446069,-103.06747402317174,-96.8244662542403,-95.75986934004654,-100.56537142019937,-102.1589165581958,-99.26903713925172,-95.32992898653599,-98.28695893221521,-102.6172460844461,-98.58124156749625,-102.79759936574887,-103.89962445298933,-94.29795900407947,-99.01088853956823,-100.65594036372894,-100.05268636259551,-101.80761591361936,-104.74617983183367
2025-11-02T00:06:30,AP_5_124,5,124,wifi,5620.0,0.0,0.0,-104.6761623031595,-101.60383961986051,-93.50624086549556,-96.72055038560218,-93.00097411813682,-94.13635473227039,-89.57679971793792,-98.89129890975367,-100.18056637848167,-97.47807950082375,-96.92323248666747,-94.28677547348461,-97.87466655359552,-98.4811681196531,-96.20376543196954,-96.93894705884617,-98.83572255564874,-95.95106232933098,-97.31875513243523,-97.57495111629193,-98.74222762221426,-104.52758657156849,-97.41622930660984,-96.16228736185637,-99.02992347997811,-101.35917443113283,-97.46065696424378,-100.03802045888176,-97.5012243347019,-102.60060839997121,-100.74196305615595,-92.35903874703538,-93.43647608994334,-98.01121363783717,-94.9407095597679,-100.50516047590006,-98.72784302993477,-97.09765788749058,-95.25379085727508,-102.44531137828915,-96.10477336078416,-94.95361302539459,-91.74725266746555,-96.58593869800175,-93.58775325239131,-97.94814687946962,-96.0156318843925,-93.71524734702734,-98.35596848763628,-97.30708059915672,-97.42901685003385,-91.42483971157492,-99.79898581998175,-101.08924458190381,-97.59719118952769,-98.85802779135867,-91.42161848846781,-98.57690401520817,-97.45599295923186,-92.07645066742718,-99.82928516532964,-99.50484011287202,-100.82521558144634,-96.71904797710195,-97.71246414575096
2025-11-02T00:06:40,AP_5_124,5,124,wifi,5620.0,0.0,0.0,-106.20668770391921,-99.09174102355672,-99.86469822979576,-103.1393926806481,-99.8414964429281,-98.73216083277772,-100.985120242368,-100.46316084979843,-95.70079161692523,-98.64194097789715,-102.43128875706554,-104.76628839343464,-91.78895429819642,-96.1900018890342,-96.85009108126032,-98.37707868778115,-106.68173949144915,-98.09730046221404,-101.50750049397594,-101.51926224869878,-99.8906337379439,-95.76588418690653,-94.96927492936332,-98.02885662193867,-96.00660962409555,-98.45589062876935,-97.2421023929382,-98.55613393135236,-98.74362827059727,-104.43021703769064,-93.83184922654107,-101.60924580203243,-97.91731438862882,-101.13996357538053,-99.48026183908199,-103.72844263631617,-100.19356620550897,-100.06157399003476,-95.6386215569656,-95.69257309005044,-99.36256566683353,-102.18080902263004,-96.98521840921774,-99.5727311372894,-93.60680181196997,-98.54835956496078,-98.34190903853165,-101.27537216698548,-100.81813188049313,-100.549448740043,-102.37540246100797,-94.326093137464,-99.74432882161163,-105.39362831192891,-103.77257617758119,-100.00643609608736,-98.01346343105365,-99.65956994985828,-97.83403238964425,-99.98846052707187,-97.06596347926858,-100.20771562112697,-99.98857388988537,-95.6049743682327,-98.15803382219036
2025-11-02T00:06:50,AP_5_124,5,124,wifi,5620.0,0.0,0.0,-106.27923168986891,-103.34760036083179,-96.18378449571227,-98.40443818325643,-91.10676582842976,-102.51736833963245,-97.69383418060767,-103.99343629635386,-97.85591911728673,-101.34942222068975,-101.71641800309345,-101.78312230352405,-107.9882001367087,-100.73270429974947,-100.30792646931955,-102.16595899124738,-101.05130923873553,-99.17816263403128,-99.12218723234211,-95.50196404819913,-97.95654493873768,-102.47507631777891,-102.34011170213878,-94.46014648505256,-96.37309928348624,-97.59529032449386,-105.7855045516517,-99.28636685632344,-98.23030960197576,-102.03953584511612,-97.32139561375882,-97.14926634671157,-97.50765017792554,-96.89259679857788,-99.27187599342373,-100.29130188565384,-100.0261366532877,-95.04203787273433,-92.8241240181394,-95.4347521408241,-100.74961249844199,-98.84956912235782,-104.17649467717463,-96.29593642001124,-99.01637146311863,-96.6839123332649,-98.10687426779585,-100.30371303747003,-100.12432011125388,-100.15082073452758,-94.80216836626876,-103.29994208333062,-106.58846032719627,-99.78035173937621,-94.29641493930765,-99.2441199025599,-97.19163198940697,-99.82500165767809,-102.02549192077127,-98.38789954428101,-103.1491274469604,-101.88512345865374,-102.12117791475237,-92.95613463271178,-94.60139199306667
2025-11-02T00:07:00,AP_5_124,5,124,wifi,5620.0,0.0,0.0,-105.85864317838731,-95.41455837879063,-98.56386149925352,-95.34284381688175,-96.88173124546141,-93.94470510595536,-97.47609755621919,-104.44762142460098,-95.28954227747113,-100.38227309898146,-98.01608432607794,-97.98995749246907,-97.37650542832178,-96.0925184887806,-99.81540325330207,-101.1015338142317,-97.85729950897083,-101.94459980683894,-98.80397659431574,-99.4553993503377,-95.80889233505913,-97.44361457470299,-103.01205448161453,-93.90395823931681,-97.33995190561734,-99.51412028247103,-93.4243157222671,-101.0600542147138,-97.19884890328426,-98.04393683372332,-94.55372583456118,-97.973290170784,-101.48740626909442,-101.86608128208343,-103.49585056044413,-100.12669877765049,-96.89452632778976,-97.90395536521537,-104.02511576061065,-100.6864575766572,-103.81098714660628,-96.78851134204899,-95.74413080155814,-97.01789688274899,-99.91876440791205,-102.37432618652832,-100.8136981168198,-96.4446960298641,-99.08374964185484,-100.30888706914622,-96.74852311832251,-96.61300618592242,-99.00426490262436,-99.46874004284835,-99.29444324747061,-97.69133136780292,-98.67068661194703,-97.90288807827986,-96.26389464943075,-102.1003300738897,-100.91213262273357,-97.82153082202163,-101.35753733100947,-96.35971650487005,-96.80898509116575
2025-11-02T00:07:10,AP_5_124,5,124,wifi,5620.0,0.0,0.0,-106.2248914158952,-100.22547383932411,-100.93115361794398,-96.35515525020314,-95.17984098185596,-94.95367776399347,-101.2613854178779,-92.60975079035718,-97.99657528880523,-97.21967309864164,-99.97031001411655,-104.78232785018773,-96.43297718142996,-98.13109601998569,-100.59339288136377,-95.92542435251286,-103.63836888419331,-96.83780085500806,-98.61463784166212,-96.75775309152974,-97.2433232022405,-96.84479247530113,-96.83873517213244,-97.87764669467977,-97.74942084454551,-101.184830160893,-94.79091239102931,-99.35035418139309,-98.69799168045982,-99.01484425345303,-95.80458035033334,-96.23267194259626,-99.17969586865688,-100.51396331148766,-100.07096124013611,-96.32117164884212,-100.93356670024184,-99.97612571091943,-93.19822629624413,-101.89786097925251,-102.06685763525188,-96.43178340647626,-94.39471781906478,-99.24150270018863,-99.85272370103323,-98.07309568256557,-103.64203062991896,-99.3074832221655,-101.4850866560025,-98.73384085015768,-98.50509942845208,-101.46068675690321,-101.33538607735584,-98.97340349195625,-99.873403628369,-102.50031873958739,-102.74996020185114,-96.8553501805214,-105.84077279269638,-100.74009048598981,-97.40948782980459,-103.61730615879542,-100.59386338628211,-99.77891869458912,-97.12960427850716
2025-11-02T00:07:20,AP_5_124,5,124,wifi,5620.0,0.0,0.0,-105.71267439154803,-98.16454489272377,-99.51967538619341,-95.51061411636204,-101.93632520783868,-102.56069255179507,-99.28242443474446,-101.30055876882369,-102.08394935060659,-96.08730198563497,-97.82627108596091,-96.49884189575393,-98.14186368854018,-100.1415371974828,-102.45068492571238,-101.49097256808412,-100.34767480886694,-97.62624326236264,-99.80504079162868,-97.74141581005776,-93.3800636491165,-94.84554648293815,-96.57084360545895,-98.82652124877778,-99.27185694784527,-100.20290747334806,-100.9029726781726,-103.30076539515036,-95.6313381768174,-104.04109419213182,-93.51808700307231,-100.03401569936806,-97.8963932546404,-100.03934274578434,-97.29793837732834,-103.50582992124237,-101.78163192020727,-96.90490380905673,-99.65615104417066,-97.71512634596499,-103.7334663278307,-103.56415971730064,-99.04650217006439,-94.32478100958096,-96.64440916339423,-96.03974508191249,-100.38006072736145,-97.07471525724293,-96.05944887024036,-106.17543693663688,-102.57553141698682,-97.99230730796509,-98.80346527947995,-101.74426263467183,-98.60162778875905,-100.08752383323521,-94.54363281111358,-94.03576668874405,-99.28254370374037,-100.1874706184631,-97.36964406539803,-98.56618961970884,-99.69862902493182,-97.72359306358169,-100.14281414726152
2025-11-02T00:07:30,AP_5_124,5,124,wifi,5620.0,0.0,0.0,-107.4694266863134,-97.11188085262613,-99.42348489879934,-101.2274316660673,-99.80494762807001,-97.08068720584454,-96.50334164340336,-98.35008458364676,-97.87381268826695,-94.2815045687728,-100.9038486871118,-105.13422571976899,-102.78778678220799,-95.12706781507643,-106.62497017586794,-98.61971459920838,-107.45943583626625,-103.06591937966196,-102.90337853948299,-102.91573762393554,-103.84508474256913,-99.53377469024784,-98.22397039167095,-103.28770707454538,-100.41498074154167,-99.42631709230398,-103.50599311088023,-95.11770477868535,-100.62243889405536,-99.3518510356081,-104.91697624022673,-102.08073313372782,-100.42052777149799,-102.02617816883901,-93.8127002798471,-101.91676409323868,-96.31478013726708,-107.56128542077462,-103.04712611514579,-100.49564482523803,-103.13734516470329,-103.37325431905691,-100.93699948657618,-101.7539330365642,-100.72251527006031,-95.21758169926659,-100.65037026702491,-103.38196391758365,-102.80509177606486,-105.82592916374492,-96.56177637761773,-99.34201457371225,-102.22489562163116,-100.26508757479223,-102.49820265729318,-99.5334194184255,-102.75831045415559,-100.1198903646528,-98.24993558856015,-99.14733562838154,-100.16626202735227,-98.60401861879444,-102.4313393980379,-102.0193490594557,-102.9005437093055
2025-11-02T00:07:40,AP_5_124,5,124,wifi,5620.0,0.0,0.0,-106.57026003875407,-97.00378479760958,-99.24266740311036,-98.066361604951,-98.87582354410702,-101.39266625197165,-97.01677969114726,-99.78533100691513,-102.14755426163323,-105.06443990778024,-98.15726782009065,-96.77474969453623,-102.40991528113521,-101.86177290003197,-102.08967911631214,-99.74082800509213,-98.2066014981453,-101.24491374669398,-93.61385017164574,-100.47669180822456,-95.36402607487216,-98.50629854751071,-97.91027092631974,-95.66079706169172,-98.85277693422344,-102.95026748289672,-104.89501886521731,-95.43770750750298,-93.50128791348739,-98.9246681235437,-95.29107270784164,-100.11002009384985,-103.66582550118149,-103.57217343852562,-98.80211478617962,-100.99792653800421,-96.58228192452916,-97.76223139835895,-100.81960563939845,-92.6083314806907,-104.98549011743664,-95.26067984667702,-102.75650805348394,-99.01485258082717,-97.22980074101454,-98.97255818258965,-93.43021261293717,-107.01992039885883,-98.70978124447835,-103.60306265308479,-97.87712467406892,-101.81232700581353,-97.3853700679381,-98.5372547328742,-99.85482761474441,-100.05989766889736,-98.22891010037627,-103.44811131978604,-97.62353008714543,-99.63044777776412,-95.31809638144009,-97.55421547575136,-100.24777304602263,-99.47821627583562,-98.91983207637107
2025-11-02T00:07:50,AP_5_124,5,124,wifi,5620.0,0.0,0.0,-107.60338106226169,-103.1562971409525,-102.17003705254064,-103.50476490931852,-109.32978367367076,-100.362237286477,-103.64914349398124,-98.7563991826118,-95.335790177789,-95.4040891836632,-102.11465023317591,-103.51197092224709,-106.46432076828937,-93.90873083020554,-103.79096880713288,-98.0629321783224,-100.2402677887411,-103.94443143204379,-100.20233487025834,-99.36752251372351,-99.41777277901787,-101.2934940797886,-102.00679648516163,-98.08399534530801,-101.68067822307555,-97.41147828768466,-97.51970114004237,-103.42956957268841,-101.887394812859,-98.73869759782593,-100.67692261636459,-99.21938553491906,-104.4849634667381,-102.85647955140169,-102.45695052412776,-95.56337757908084,-103.24337162697694,-103.05796886019803,-101.69762727569262,-100.52209679901856,-99.97212254919853,-96.57277560757936,-104.0629929169992,-100.60311218371882,-101.1238321300442,-100.13081809242013,-104.53189748804044,-101.42667430674757,-102.68811654068521,-100.20175436323613,-99.58602512373639,-102.08775533108543,-99.7300440689694,-95.40727489273971,-102.28907684118056,-101.12663890165616,-98.83605619075415,-105.32837297126814,-99.31663261271561,-98.39412759109263,-103.18127221216744,-97.40227134701999,-103.22456526729673,-97.98889144363969,-100.87634283083915
2025-11-02T00:08:00,AP_5_124,5,124,wifi,5620.0,0.0,0.0,-103.19449800507456,-99.62107253760844,-95.40530954453402,-91.4967957232549,-94.79589528138027,-93.1909830175872,-97.89228122720151,-94.23920917786373,-96.70101941660991,-92.37239412615875,-95.27481357622017,-90.71581131945146,-95.90713953051191,-98.41324773650918,-96.20632327598972,-98.24105692492738,-94.4397368415798,-97.27295492650693,-92.82182173564885,-98.83966447125403,-96.586516883817,-100.23219704126487,-96.01323029681473,-94.57714458027941,-95.50405334496729,-101.98550823495088,-94.6003823578919,-95.83138196961485,-99.11593059221336,-96.52103108342227,-89.57171327164515,-96.63565083420737,-96.19588207505319,-95.6833900452605,-92.57714841337524,-98.11388285785907,-101.55660483735882,-92.0194605683777,-96.21075471413323,-97.57588352156328,-92.75824018054814,-93.259899115901,-100.84868364065343,-95.80616982374868,-99.58805171653205,-95.3181524568245,-99.89414137448045,-90.91424720940215,-97.22902663661685,-97.66151107040886,-95.62750583873354,-95.99526300508865,-97.07919879541612,-95.92777419764563,-102.1828127860612,-97.51797706053269,-93.01689586249095,-101.58371001653093,-92.41677155296112,-100.84185899353959,-94.6260037673043,-96.09909150351329,-98.67190296124191,-96.84220883768933,-97.78929470627861
2025-11-02T00:08:10,AP_5_124,5,124,wifi,5620.0,0.0,0.0,-104.19491436763204,-99.83388697866546,-95.98063590268906,-95.79007993475383,-100.42810827453151,-98.33583954195065,-96.92680246247357,-97.69595248468505,-96.60533863515982,-89.40488641513244,-97.26124143734974,-94.5942089926784,-93.00407788314382,-98.45854538140348,-100.99147772273504,-95.21088777027794,-94.6261317542037,-98.92676871455555,-93.41011095210365,-94.92055965573296,-91.59099133741705,-97.13609881941709,-97.32109668431866,-98.42612183182041,-94.93355624787566,-100.1117192667393,-89.21356237243803,-95.61668852939904,-89.31204195220938,-93.31925835170817,-96.9127940156922,-95.20460824795754,-96.42106264087838,-99.29697649165318,-97.4611540440862,-97.39422854971686,-95.51857879358526,-101.96942577928861,-100.81205624275155,-97.12886076864156,-98.23745046808612,-99.16025653538146,-93.93049199573721,-95.59637563632708,-98.75939051651487,-99.93537767213802,-95.46306212580313,-97.9740757532858,-100.94644350152069,-100.21862085960755,-97.60971314865625,-91.567645354869,-93.59240094744229,-95.4546193855112,-95.3329622786889,-92.04138539436315,-91.76663127755948,-99.88401853634225,-95.29404328599277,-98.15230905521663,-98.63140333359199,-98.4718164649115,-97.55296538940524,-93.10831458630723,-101.26518707268212
2025-11-02T00:08:20,AP_5_124,5,124,wifi,5620.0,0.0,0.0,-104.35895527824846,-96.10780368013857,-100.7838539345376,-98.29685663442588,-102.14412854369274,-96.33799074887543,-95.5924135972152,-98.83873512831107,-97.0670242545604,-97.81779319422463,-103.00311611388146,-102.4106449820896,-102.3581312429949,-95.82132980451671,-91.58288578838717,-100.9412225813063,-98.29774787571061,-94.74349651844285,-96.0165862791368,-94.99787675061116,-98.84561685167822,-100.51569995401817,-99.39534661190456,-101.10788825049895,-92.0019890699107,-96.0844927651796,-99.33115237862862,-97.78171251877518,-95.44274578745835,-95.14954180166947,-96.93949002443023,-100.8910690167814,-99.10601253013961,-99.02609853749402,-93.79607257369781,-97.63639428635042,-97.43492703733439,-99.07127362536177,-103.30226142825896,-94.98759240723643,-94.10224910298597,-100.04518088716003,-97.94520030017107,-98.60146495017389,-97.18689385305937,-94.95442447145514,-101.42936036282573,-95.87446290918727,-99.85056986951024,-98.34253329928778,-98.73892238142113,-100.5249873862209,-98.3093898842177,-93.97741835443188,-97.95983168471703,-94.80328587666384,-95.16529370068227,-100.98319727377175,-100.92851463901036,-97.82620183231383,-97.91185993204422,-91.01064125028802,-99.18667626378021,-95.11931966228576,-96.39549364964431
2025-11-02T00:08:30,AP_5_124,5,124,wifi,5620.0,0.0,0.0,-105.97363409631596,-99.35731185559395,-96.63332247720876,-100.3401054259605,-96.41304652489431,-94.27267360978276,-96.98234274951484,-103.07042338937622,-102.518815945352,-104.95803993484361,-98.55458153312162,-96.49219426540823,-94.30205196868229,-98.9475642117373,-93.38163514580266,-96.10333340366716,-97.80721534798812,-98.3738138788794,-101.81913002972344,-100.54197019575787,-105.71292021238801,-98.42157304063142,-96.85071885017757,-93.54217324634745,-100.51200275852199,-102.07929799729602,-98.5546337416822,-94.73821798831645,-100.32548734265566,-104.41537782478667,-102.5887776780607,-92.96211617496954,-99.00276158240902,-99.17379475792481,-100.82196295145954,-94.88052093509545,-99.71553759014651,-98.02385685598907,-101.31755812876433,-95.58897933398295,-102.14978785452024,-105.71903559480317,-94.29033099480155,-103.18653737031381,-98.67508024090398,-101.77126871901746,-100.31624230639285,-97.02911770966253,-97.49276849117167,-97.9091332770206,-99.96193673866138,-98.32013688471362,-97.0351803652508,-103.48570360859351,-101.27832897002872,-92.1466222949789,-96.4716890400454,-95.07738472568738,-96.37964703536728,-95.72719817538935,-97.10642296763575,-99.16604968917738,-102.68507615182138,-98.67371969075762,-103.53168803037521
2025-11-02T00:08:40,AP_5_124,5,124,wifi,5620.0,0.0,0.0,-105.4001035096662,-98.34391791534479,-96.71764822511,-97.64131840618842,-99.63090675642376,-105.7680768548487,-105.5842297026976,-100.24062508473716,-95.89448883694894,-94.45263525452854,-99.46779788663693,-97.65758212334784,-94.24123424421134,-99.51047933681721,-101.45826018992791,-97.91720421750207,-98.91319484457883,-96.46027297936853,-99.00599373659276,-100.47947600881389,-99.08569814581574,-97.6816680647302,-98.89942212701499,-99.48429110872746,-96.4897186868804,-91.56254986271293,-94.51851692855216,-97.17551050933359,-103.63975252610842,-102.29539081268649,-105.6018498346501,-98.33085528098484,-101.38264066990278,-104.12519895561094,-97.9443516779419,-97.90292077501022,-94.2077353895435,-97.53578448693456,-97.16364449713888,-93.77688198237917,-97.83519816707722,-96.64161280204388,-94.246340395912,-100.1876687155296,-94.948243275564,-92.48959297648972,-98.62565139724273,-95.68355447063301,-98.6435110812176,-97.78303146705765,-101.15252670493484,-104.01811960097852,-97.33552927010564,-97.76878248336116,-99.07823475181583,-102.31750566237432,-97.6912484344285,-92.58396244565482,-94.0298545785053,-99.11723062371509,-95.00608275821214,-102.26559545671702,-105.00630201548806,-104.85637481954328,-100.87226958220653
2025-11-02T00:08:50,AP_5_124,5,124,wifi,5620.0,0.0,0.0,-108.21344582901159,-102.42521374126923,-100.63985229024517,-96.79674661711184,-98.64193835264307,-96.4172379139006,-103.71526678412343,-96.56498721203509,-105.1552167701982,-101.01930718830769,-97.19237710542856,-104.59493518520482,-100.91425984577398,-102.3752541615337,-108.4306860430158,-97.25819490957915,-100.48997669012337,-97.95353516713976,-99.42924177442627,-107.0875674056761,-104.84601364208882,-105.21701434483944,-101.23561095797973,-97.72581758902321,-98.93505449359738,-103.42673743526444,-98.49915061806729,-103.22131845010762,-104.96640520601532,-101.35914720624582,-97.88734445231015,-100.07375424979604,-102.73674242738785,-100.08873220240109,-105.00864098993155,-104.26392118980658,-95.42587442276147,-102.68912038537705,-97.91034211836111,-105.97220438391909,-99.68657614798549,-102.38387242841202,-102.89287315313788,-99.24968153217272,-101.30650122944213,-104.48293058220858,-101.08394309586977,-100.23044542533616,-103.56777763811716,-100.3427346065462,-100.07864006424242,-99.99751174769435,-100.33784541608875,-103.63978406265548,-107.13309594289433,-95.96754516260853,-99.2636910948946,-99.54758473864845,-101.62981797156712,-105.04310623103846,-99.4845172294414,-102.78591749897333,-99.71562170311672,-103.38294530255644,-101.82742635827857
2025-11-02T00:09:00,AP_5_124,5,124,wifi,5620.0,0.0,0.0,-105.40128107632137,-98.90349003137936,-94.77639909448503,-99.15561463406323,-102.63059962789781,-93.13757450101824,-96.32372109339939,-95.28546436856332,-100.19751961861238,-97.24079652596488,-93.46222108819464,-102.24855931428328,-99.1055614170067,-100.31391590994734,-96.69661769178789,-99.76440281484672,-99.87119254610434,-95.48682640958252,-97.4219935993458,-100.045865648981,-104.72844730956858,-96.9322096985189,-99.87220205500145,-101.84673562571875,-96.73122334958379,-98.69001983647176,-102.02109529752522,-100.15289495840165,-98.2779563109613,-101.48752766491307,-93.82570009601639,-98.49838723500275,-95.72200760693886,-99.47158377281421,-98.98550449818786,-98.7139570983128,-93.61758581996989,-99.37379131910522,-95.8108392639032,-98.63963933189234,-99.93380935073965,-99.80051839167584,-98.6162841740574,-105.24094778362964,-97.1017452956206,-93.73011876406049,-96.86623837300361,-94.51423586514535,-95.04864911652925,-95.7308750001821,-97.46658632293338,-103.76925533678606,-96.80687223267985,-99.63949366022398,-98.696958696771,-98.52461785726312,-96.89344601315514,-93.30160786606594,-99.9808678975266,-97.62747492321729,-97.29601442026645,-99.57103499367327,-99.56724648464376,-95.19016811330624,-98.87210893437211
2025-11-02T00:09:10,AP_5_124,5,124,wifi,5620.0,0.0,0.0,-105.7676342152633,-97.91495824907757,-96.40254130490717,-98.34503607076185,-97.84600849120572,-102.71674768129671,-100.30054022613396,-100.42614296049118,-98.77138279520841,-97.88332241667922,-97.87100210348902,-94.20941598602084,-101.67332491950145,-98.8982417243249,-96.65534004065383,-98.89195536421015,-101.85824230824527,-98.28148829276013,-103.41139689335171,-96.41552074947764,-97.60232786884579,-97.89676220547504,-97.23075756701891,-96.05670692683147,-94.5743192069291,-95.46247131716677,-92.96654833916244,-98.53869082230449,-103.52840770722403,-94.56470486619067,-97.50919517690721,-97.73781009228662,-98.84794287127444,-99.3281979253246,-100.58342391633039,-98.7978098019598,-99.61438768000237,-102.7719412081578,-101.04961868700181,-99.64656363701415,-96.38192817909902,-100.34541808145606,-98.09359119921263,-102.77149288838993,-95.37629692264622,-101.76391824371719,-98.56327021687046,-97.81253191295089,-97.34936154074303,-102.56947527110763,-102.62028560388691,-97.14925639968664,-99.32197470047626,-99.3710422897019,-96.07567904650547,-99.19049817316899,-99.39049139520014,-97.81074354577493,-97.60825872561614,-101.4617640284118,-97.87261429632711,-94.92873945725385,-103.54547814670786,-98.27577531142227,-97.7885911043601
2025-11-02T00:09:20,AP_5_124,5,124,wifi,5620.0,0.0,0.0,-104.82767191113858,-97.42215030581315,-94.44696980579312,-99.55505605254668,-94.01537145437341,-94.72538303051621,-100.72614934377788,-98.82099010988422,-93.28886589368709,-95.52448839263609,-98.18430324527687,-95.39245636427218,-93.57902586053964,-96.55591675945244,-95.60925841209192,-97.96614519666808,-100.04723945423429,-94.03055055873087,-95.61211225302539,-99.68476242765733,-103.01604966058575,-95.60148538851357,-101.64293254020345,-94.3126983387195,-92.380281715982,-97.90235837090886,-95.46570101257281,-98.54320754098715,-99.45327950727875,-99.3835879931293,-96.7988136733281,-95.92682328494699,-99.29307732642869,-101.66735163114912,-87.43660220383029,-95.76793755887023,-95.42993094407166,-104.12633947805658,-97.34189111344577,-101.42786164403746,-98.79857732871442,-99.0379785557118,-96.9535924528612,-97.77403090544009,-98.05250431475075,-96.6277161263947,-98.66292562785097,-99.83283066213494,-97.1762171713069,-101.08239399147135,-95.745360464231,-104.36488718048567,-93.00717420888398,-99.83580894541095,-94.70871273764949,-95.79550689832594,-97.45196647148882,-99.6394069396306,-100.6471050999807,-96.22282928387166,-94.28678860383879,-93.47670618065754,-96.61097080110366,-97.40715252613813,-99.71090702644977
2025-11-02T00:09:30,AP_5_124,5,124,wifi,5620.0,0.0,0.0,-106.51724116448173,-104.13595135243867,-92.79147836841473,-97.0944536838449,-96.73120619230482,-92.22901006899338,-100.85832248546156,-102.58752753690896,-96.65710756465668,-106.05730122191176,-100.71975150690875,-97.10156688589089,-100.51362637558593,-101.82752489064136,-94.65325662346878,-99.81003555732762,-98.60827611723732,-100.19987231429829,-94.12539315464291,-100.11511622731355,-101.36304907743116,-99.90509097373992,-98.77453183546045,-95.53985357581213,-97.64799758275596,-102.48370472823763,-92.41660520816805,-98.4530655952233,-102.47504875540437,-101.0438369751215,-103.75901199510797,-100.30911351460591,-100.8887301919342,-93.41344724990346,-100.20013496590082,-102.47422443428789,-105.12296534816716,-98.83401489878722,-101.41639320034983,-95.77863473521056,-103.34982503994281,-100.24152896927338,-99.38233752764934,-102.38794400104341,-97.77512565560374,-97.3586855181239,-97.80744358117313,-92.2983647321356,-100.25802882011482,-98.05331527028588,-97.25989580586089,-101.8907797811966,-108.39850539730898,-100.04621163216537,-104.41889040293837,-101.40804933044453,-98.28106835650769,-99.09412412826326,-100.21705969868538,-96.43735637082914,-98.10240253259614,-101.4439758215751,-102.03949828885258,-97.87582824204274,-101.038761861256
2025-11-02T00:09:40,AP_5_124,5,124,wifi,5620.0,0.0,0.0,-105.66574193596415,-95.08627881090904,-98.61140961748033,-100.26291614743226,-97.42034499240619,-96.62449883076924,-95.9484087143457,-98.00112274503226,-101.30257432501098,-101.30908026295666,-101.94222097981633,-95.29438239415089,-100.49292830050547,-96.72576461789649,-96.28467722832534,-99.62146897675466,-107.57741821113598,-90.2955381322215,-100.0328886359453,-102.58497923388234,-97.9390830862112,-101.10255555511796,-103.67798134769687,-100.79447696314357,-92.62627695734554,-94.16426617356177,-96.85840358487437,-97.20523406107945,-100.1193982175447,-99.40169377771771,-101.02731599766007,-100.37955817538828,-96.68420155759028,-100.08041054816302,-99.39562531679644,-97.32077349690023,-101.00834715332351,-99.96458516981158,-103.29280417516944,-103.06924305680901,-96.62999905327449,-101.03559790158134,-95.24859943289836,-99.38046134809152,-94.70149088730354,-101.06583173748223,-99.81748949041803,-101.30782697829679,-98.53795173198148,-93.46102956020546,-99.50831883643957,-99.34614149224772,-97.40492807689515,-101.20557294362186,-100.08937223745026,-96.67050510269274,-96.98998305156441,-92.09731371510264,-97.22050872592327,-99.55512029123953,-97.86844181249676,-95.84567396313975,-98.80756010595701,-93.36751256362861,-96.15579571456195
2025-11-02T00:09:50,AP_5_124,5,124,wifi,5620.0,0.0,0.0,-105.09250934338347,-100.92153290635541,-99.23222176518243,-102.13792131492488,-96.88396354067218,-94.08189448246974,-98.95419614647568,-97.75314099475426,-97.89595043632936,-98.5949372312711,-98.53358120564513,-103.87165798297559,-97.98784648885685,-101.45849715483922,-97.45092915244108,-100.54334646054508,-104.17616544657729,-93.82687804215773,-100.82806244151091,-100.11556550147276,-96.86878552007282,-100.8760763080626,-94.02526762318142,-101.3624729086606,-97.15416871142192,-98.36624361197768,-97.49228448523213,-100.60340623372146,-91.26128706938105,-100.25484179791655,-95.18125507623208,-98.34836335279533,-99.01098820913408,-99.8221090625418,-96.84868577698701,-98.22369172354931,-95.27085526828955,-99.06523347788709,-96.37663557293776,-96.47357850740367,-99.45957461210831,-97.82516052044697,-101.88814809915968,-101.32929800651675,-89.9167504669992,-97.7426209626663,-102.29759912727357,-94.41770229598825,-97.15326606150926,-91.42838405201496,-103.17610512637854,-99.51882233045949,-95.91663422035818,-97.06954549777728,-90.70585445807379,-98.98658480106812,-103.50452405247846,-103.7280301318592,-96.47943542827275,-98.41669518708885,-100.67791417059598,-98.6697804739316,-96.68786034927257,-99.91767901880571,-102.34167160758271
2025-11-02T00:10:00,AP_5_124,5,124,wifi,5620.0,0.0,0.0,-106.54724536140515,-108.75393729836621,-101.36268946642711,-98.56541246154646,-102.2133466843019,-97.49347924486908,-99.4735341053013,-91.30525754284399,-95.59178119527913,-101.02210618467464,-96.41627772252276,-108.33476924165326,-106.63848599000708,-96.79252529025842,-99.367585113337,-101.0996275224675,-97.63619142803238,-100.98713867386228,-102.85897748569907,-99.4613183570345,-94.46349464324341,-100.93599344940688,-106.60891014100388,-97.32567956018265,-98.19274957781792,-98.53708627497322,-99.32380729337687,-99.82444782051849,-96.61032421871718,-96.5795683091787,-95.26148252651454,-93.94993242516281,-95.42867766572024,-100.62314884423465,-106.49973487054686,-101.62765099641562,-101.341890283163,-97.44415355475753,-100.37339961590799,-97.50704771750941,-97.50045842066051,-100.07258955940864,-98.66753282299187,-103.44127097140532,-103.09129469259364,-102.49612130845362,-97.61535543484779,-104.60190720940551,-100.29346592352903,-102.12698547233505,-103.0495124882959,-98.4344475095687,-98.60553528109287,-101.38496672036662,-102.02382531812685,-98.68781711020375,-102.96892826840346,-99.87463320268965,-100.43901762976725,-101.77744382630016,-98.52653417909978,-100.45634242949549,-101.88380914359225,-99.76460421079558,-101.48704334047335
2025-11-02T00:10:10,AP_5_124,5,124,wifi,5620.0,0.0,0.0,-106.99908409414539,-104.67651075210216,-102.27639738765966,-95.76651060507464,-99.91414443142988,-102.75786936778842,-104.65777708819027,-96.73532184912001,-99.76648693728255,-101.01617612535979,-103.35465425547224,-103.58620523400242,-101.31213234248645,-98.33713200410092,-98.43123472011456,-95.25162852194138,-98.46372525957223,-105.71668138089058,-94.90002611079538,-95.75305912255536,-97.95223530764714,-104.81338616106119,-100.84979965379432,-99.61835603056693,-103.66617866176112,-100.11210688695776,-99.02927926868115,-96.66371194666843,-100.25125461930224,-99.70399671433124,-100.71205479215543,-94.93172017042271,-100.18631327065538,-97.88018805748386,-101.84763564565058,-101.61984293331948,-96.87275543333583,-104.35370788941478,-103.05610443366628,-100.78183424641381,-97.61777435356393,-98.83716703236098,-101.01117168015104,-104.82821504853335,-97.8226990467215,-103.87655222822777,-99.22396484426206,-100.68447844113754,-99.3974502135199,-102.1957634644858,-100.12597035164688,-96.91750315583839,-99.88585156156337,-101.89355531277852,-95.38343089710182,-98.1904705401385,-94.1191776411676,-101.28116291442026,-100.10598484466601,-100.28759949159131,-102.16947454377386,-101.66918459888753,-98.92469550252973,-97.73816781745833,-97.57522660641929
2025-11-02T00:10:20,AP_5_124,5,124,wifi,5620.0,0.0,0.0,-104.84483846247153,-97.73964498574024,-99.61431319396269,-100.17566564803222,-100.80324115032299,-94.95003380253728,-99.33797864778248,-88.83144487459451,-94.55526959190064,-98.54642772822494,-99.9454982901388,-94.54031035102031,-95.85868156806552,-96.25357441010318,-100.2123784395631,-100.31283440917323,-101.82525086836554,-95.5344058142257,-98.48126906513188,-99.41373406204899,-98.39075116515038,-101.11015120388667,-98.60911780576191,-92.68891564794907,-98.23379780343187,-99.17700710681383,-96.99579992704093,-97.07409259660449,-101.18070754914204,-96.80134183972578,-94.89073381299694,-98.91086846993466,-102.06613704477773,-97.40841352727591,-94.46478446893698,-99.08148185795704,-95.61248709687212,-98.15499305578055,-95.07300783742008,-96.37402644131723,-98.4339576580168,-98.16321727111782,-95.34121293816924,-96.72894377565103,-101.19826010855712,-94.4222905312629,-106.10620676722135,-99.89209484974671,-93.48935438043668,-90.56911913850645,-93.30652457949812,-97.16232770498455,-93.18267362334986,-99.51992038281206,-96.8288482366915,-98.23513016663682,-105.28845364774493,-96.63264480175525,-97.76089108251084,-95.9522882936717,-94.92466786968141,-96.41578964882508,-94.94519851089203,-98.67702450176971,-98.01538387318611
2025-11-02T00:10:30,AP_5_124,5,124,wifi,5620.0,0.0,0.0,-107.68662567179032,-92.54359477731134,-105.21495512929992,-99.00904895770607,-103.15267875130921,-98.23175583526549,-99.83533102886264,-99.51668552503223,-102.27049284791784,-96.44042139778928,-98.9596605852022,-100.3455477593507,-96.08284835213263,-106.19134291787766,-101.062260140458,-107.41453500122535,-99.41150524987553,-104.84334299468046,-101.1640604407276,-103.62679361207523,-100.42176504293997,-98.46629907412208,-95.74730154103709,-102.37402081683625,-103.42540571632377,-101.92252271735273,-99.40721857576357,-100.91836935536972,-97.33695663885496,-102.64317232887214,-107.77358351664508,-101.52591557943639,-103.95453979779681,-101.91285170882527,-102.57736158421321,-96.84706240987035,-102.001487724712,-99.86189701633356,-96.9671760380431,-99.3386390866792,-98.6139468318353,-99.76259757707905,-95.41475476622294,-102.71945084266397,-97.02303640238557,-101.95098369749745,-103.31215369726424,-104.2527148083664,-100.45810295947169,-96.3491117513756,-101.27687907333356,-93.06107765719787,-105.15920258866521,-100.1743087141167,-94.39759453223697,-104.52391633996807,-101.38162547424277,-104.2334036423731,-103.07486824593298,-99.70007118418212,-101.1301486187119,-106.8062041093286,-100.47956423709104,-101.76097958461398,-100.70507529065938
2025-11-02T00:10:40,AP_5_124,5,124,wifi,5620.0,0.0,0.0,-105.04738138617729,-99.55779575944122,-92.61915332170172,-92.44668624988739,-94.45170706584612,-99.27618943419793,-97.7052855078677,-95.30633358357746,-96.75352961861657,-93.20593765164914,-99.27723787961395,-99.46936066779165,-97.37144889900812,-92.90356017757924,-94.55708048405506,-100.34406160104716,-99.80556851668989,-99.685798720111,-97.2724645921705,-100.31565897744422,-97.85008307889868,-99.17865937726526,-92.07350980527599,-94.07937094620328,-97.47259246012015,-100.76629886355475,-96.65033601812131,-103.30376269842293,-100.09111526803648,-99.47885687416223,-101.44363043403088,-96.95506751867792,-95.5295340788364,-96.07315747026853,-96.6468604469021,-96.37908078206111,-96.5529327554045,-100.21053251042329,-95.23215163539773,-99.98179129840169,-102.61032502390515,-94.76681848255852,-95.17472100577758,-98.66712449160747,-98.54737900251642,-97.03185239028481,-99.51674542791025,-99.08881883497571,-95.15315792902773,-96.48276517699152,-94.8152467590489,-101.85968662855807,-98.14085222294929,-96.61550656235787,-97.68211777379085,-100.9948086876855,-98.51461611892822,-99.56329778211462,-99.02022278683859,-93.65346476322135,-104.491430963682,-98.95687880569525,-98.11843581061903,-96.96212097901287,-97.96016401577289
2025-11-02T00:10:50,AP_5_124,5,124,wifi,5620.0,0.0,0.0,-105.18480319296884,-100.81978386440053,-96.02012943678064,-97.47853034158649,-95.83677550848074,-96.29640853987544,-95.68613254716902,-95.56142160361783,-98.91329475960075,-100.36377025980698,-97.37486549664531,-92.32204092237644,-101.54280656101977,-97.67092948921564,-98.87640801987438,-94.86059661396826,-100.00969319526529,-94.45586591744399,-98.25512613249171,-98.94545907215165,-100.68876067001975,-95.26790816414174,-99.02569750118005,-101.17797829475893,-98.31833947496175,-98.19410380322466,-98.71241902334775,-97.12901292690945,-99.49470573749416,-96.76417743783655,-100.7799201136424,-95.0328598358618,-92.62380483292105,-99.5395891178111,-98.04063391798199,-97.29284104444399,-99.2481186733433,-99.13429604792682,-97.64508588577753,-97.61369000377853,-96.58033248453893,-95.45434519324044,-100.25952904916335,-99.52960865896819,-97.15724784779056,-95.8492948783836,-99.04488746813514,-97.21383169704848,-102.2638075183156,-101.16148373977458,-100.55711689145345,-99.06291003840334,-98.98186300428038,-95.52634276144414,-99.60600350640125,-96.80015738682462,-105.08022173902849,-98.47215358696184,-96.75362383973896,-98.83396438740584,-101.09477945863303,-101.15350125282865,-98.58610194506934,-101.02600771363267,-95.2321931716641
2025-11-02T00:11:00,AP_5_124,5,124,wifi,5620.0,0.0,0.0,-104.87490498609193,-95.67742644984365,-98.83194488611936,-92.51407068411892,-104.74960646909722,-96.655425816387,-99.347060498295,-91.73195446678073,-98.64442121332789,-97.6780272314744,-97.53311559042781,-104.56865901514817,-92.78068560461202,-101.36978062976777,-95.03761572570546,-98.48655835714577,-97.74830006491717,-98.0715994127092,-101.87247672890288,-99.20681953954052,-94.63270093876845,-101.52229567933892,-98.58613631528391,-97.91948823740819,-95.90796287058376,-100.35198047470536,-102.46609961655142,-99.30037280530027,-97.96658992576688,-105.83414941525818,-100.89069868759114,-99.69141311014079,-96.79465277141651,-99.04835177501624,-100.40280812323226,-94.2667365582644,-97.1100899151061,-103.23820938614165,-97.76718946745073,-98.68413435106923,-93.94191422598031,-98.9632402234529,-96.69506622483263,-94.23487712854156,-96.50307425930785,-91.90054314258617,-100.1811359611456,-103.69965868312252,-99.86723069243777,-96.12957054403799,-95.46598732773055,-97.73523125629404,-101.8499995300152,-92.4691044016733,-99.91597095003375,-97.63016138756164,-94.69261951123593,-97.4574295267745,-95.77084745186792,-97.86618486238419,-96.27085365673317,-104.00760122822234,-100.01786489956986,-96.69745407489799,-95.41756406148158
2025-11-02T00:11:10,AP_5_124,5,124,wifi,5620.0,0.0,0.0,-109.47854603254527,-103.68114286353675,-103.91541609034573,-110.36031990806977,-107.44466846270177,-98.69642107271987,-104.806611240396,-101.83181453846751,-103.3798150044963,-99.75845812592034,-101.95812215165179,-100.48042186032431,-98.9821587159903,-97.88765338913923,-105.5287191789802,-99.41011984893012,-104.04368187077762,-102.53303377109766,-107.73211039258553,-102.95361607190068,-103.43190815192844,-102.59174606116837,-102.84550673865147,-100.31197253362089,-106.34687533109117,-101.01524277224,-102.3661446135663,-100.15084757074008,-99.62638787056832,-105.83342822206366,-103.44372891249546,-104.9504812645136,-103.1272452251901,-98.49973146872176,-101.4490599548198,-106.30873150871298,-102.360594104412,-106.78887915310933,-98.53695392851633,-100.6076655313416,-104.7894209417949,-102.85820861901453,-103.25859351128594,-99.92886518410394,-102.28053094198455,-103.15089804184298,-102.1746771430763,-99.8358551282533,-107.49296811735019,-98.61628331053711,-96.92960844214163,-102.55485364929835,-100.57061409585593,-102.26428996533845,-100.7193956473585,-102.41533685198209,-102.97111084244621,-98.87709151721631,-106.91042651223934,-103.97981384467215,-107.22448623205014,-107.48561542528277,-98.0436475827089,-96.38068824876869,-100.04943433567257
2025-11-02T00:11:20,AP_5_124,5,124,wifi,5620.0,0.0,0.0,-106.01984985525013,-99.84739381919047,-99.67497610383931,-102.96677086609635,-96.5949245536484,-95.37160513844447,-98.64518661714119,-95.89289139468723,-102.16491987192636,-101.92791334035981,-97.38607507074974,-92.84404617672524,-99.13658563311455,-95.76352899835136,-102.99682719041007,-95.012012120402,-94.54335392870262,-100.20228839407956,-101.38124206604505,-100.36317608264454,-98.78728831799687,-96.64307197972757,-97.02842635249823,-98.6938207013797,-98.30978632196604,-97.32711198318732,-101.66674387465365,-97.6367906704282,-97.52351370164193,-100.79566208656757,-100.9500817053039,-96.0231561896647,-96.21863625434068,-94.56174012326423,-97.46783511726751,-103.12000964168874,-104.2603929376361,-94.95644843841814,-102.78894389749695,-99.87020748541474,-99.79817364008797,-101.26537820034278,-96.095628068166,-103.57237670152266,-102.83302021167295,-92.810937921028,-97.68338329342332,-100.76589771138394,-99.45328918126594,-98.18410999330298,-101.24808958536777,-102.6215069279418,-103.66250599286796,-92.54583446879738,-98.14546402265402,-101.75228209915308,-96.20372142472911,-95.34097244478897,-104.39525424892719,-103.99144791550772,-96.93216265499754,-96.88023120677342,-97.2520507382501,-98.54785841928296,-99.52014300900123
2025-11-02T00:11:30,AP_5_124,5,124,wifi,5620.0,0.0,0.0,-106.56797318680279,-94.5524149474318,-100.91984494124365,-100.13879553658714,-98.05793503137542,-101.25586787302257,-99.192936204421,-98.11684456537719,-102.41523331383239,-101.80684709738057,-100.75145196379168,-99.85753492896336,-100.57413005056935,-95.03663921522194,-102.94820919660249,-99.7514995932693,-101.68094896500678,-99.84495182546061,-101.01863459546892,-102.81027500938096,-97.59361759007535,-101.92645989433376,-95.40321663803269,-100.21829010439879,-101.85621531662132,-94.08213611199349,-102.6236773664274,-91.43249486800468,-100.58203951058532,-96.27428949002696,-98.12135875514,-95.06093077113411,-96.18890400193303,-97.68933826076895,-96.64872231921413,-100.37507807194314,-94.93983346632143,-101.94002021867746,-100.4556909753089,-102.65849481173606,-100.38983498617287,-99.1739678141879,-95.67692821255572,-103.06345349381706,-98.59760165102676,-97.00341383735952,-102.12333520678955,-101.89686904390973,-97.14099671417414,-96.66595488137293,-100.86485089300473,-101.12852373588449,-94.49541671405476,-103.15637592676303,-103.70537905492597,-95.9460745928424,-94.96047422540184,-95.49041634716696,-94.30284949414289,-104.54513279282607,-99.92334433686239,-95.77496901553461,-101.45906345562182,-102.45915939242678,-101.39325222969117
2025-11-02T00:11:40,AP_5_124,5,124,wifi,5620.0,0.0,0.0,-106.88571423937924,-94.23824058748272,-100.81576140956278,-97.27951943173244,-95.40731935134009,-98.97718185665558,-97.1171896172159,-97.87998435483847,-99.99594484189913,-101.71458616481378,-100.5562917972288,-100.57386222584178,-100.38156298567841,-101.50693465626183,-99.10997250747491,-96.76702779024085,-100.06189875928068,-99.51567889395878,-99.38261263818524,-101.46577037833212,-98.83442004401962,-103.82554719459765,-98.87632701890385,-102.43685865631383,-96.94308856710606,-97.9742906186943,-100.56709872293622,-99.89568476977803,-102.02823900603312,-102.94838619365558,-97.83542345892214,-96.76685538024988,-95.92434698478043,-100.34849244639061,-94.22191767885688,-101.43635009762038,-98.760965303056,-103.67779166771211,-97.67581195116068,-101.97329433971822,-99.92400585637019,-104.82584755092186,-96.89105163341833,-104.26101188542312,-96.9157344846896,-96.67226568666614,-100.7386397575845,-99.75258094409419,-102.28485829166772,-100.21814745995026,-101.90112904150136,-97.97354816097018,-101.25538743391925,-99.40700377941883,-101.96522352329299,-101.2885402984089,-98.61278888379412,-97.49779392546914,-101.31024928728256,-105.15743019507431,-100.16098013743894,-96.0416188820923,-97.96734871694126,-97.24461660952156,-103.4008138083131
2025-11-02T00:11:50,AP_5_124,5,124,wifi,5620.0,0.0,0.0,-105.66059263116381,-94.57695081251818,-97.17154800397928,-93.63348437965509,-100.75381598782357,-98.21698108743398,-99.20048173562607,-104.50891809782028,-100.1176579205438,-99.95645929099187,-97.61526406018653,-99.97673947521886,-101.63369395024093,-95.81379879588914,-98.94623348894014,-98.46274689081814,-100.47028302202665,-99.49042520915837,-98.5564295793419,-100.14884235170545,-98.72827864454922,-100.36884371731502,-97.80615964974561,-100.12145955764507,-98.08371185020532,-97.28318979241487,-90.5350782041998,-94.91835654427575,-98.16969317754511,-102.24760772203972,-100.6649989842727,-99.2042568412882,-100.94339461775131,-95.47178419764126,-98.05740899416679,-102.6490874308998,-95.27049143253264,-94.91645455532982,-97.59363911033856,-97.31445375269888,-97.60924012939343,-97.35533530036054,-99.39008841065174,-95.39394175180475,-95.89574668148856,-97.29206496916575,-100.20259563906569,-100.89853727671496,-97.6013523808683,-101.162062910366,-103.75072663612882,-104.47659558560107,-96.62210165870886,-99.21957007073391,-102.35506794486642,-100.31494446156971,-93.9317815513044,-105.68839062447053,-101.27031179953785,-99.40428406112457,-98.9127044420693,-99.61579660730713,-95.62284181200899,-97.16607785259716,-98.17781484997721
2025-11-02T00:12:00,AP_5_124,5,124,wifi,5620.0,0.0,0.0,-106.49201697347543,-98.06957492231918,-99.92534061766625,-98.2363336201631,-98.88388516822337,-101.58484977277176,-104.76047120006376,-97.51349156416371,-97.8753304356631,-100.96228855486393,-95.46546892052143,-98.94163825384707,-104.26597767268818,-97.72639710961364,-96.55079606394087,-96.9845656728595,-101.04496725927056,-102.3221460380904,-106.94205203865391,-100.9140924129864,-96.61604006682353,-100.00823706071053,-99.86175084048415,-103.26237569114029,-98.85509360245679,-97.330090158417,-100.27664182482769,-101.01164514612535,-101.83024644836107,-96.23985204286528,-95.42710174951581,-94.87801909728658,-100.58074049336186,-98.79071169039811,-99.80199885669454,-99.18017043491761,-99.82140812149785,-98.67962938296014,-104.77572415344926,-96.4202859797696,-100.78833421427146,-100.31845922140388,-97.70531443240914,-98.22427099822578,-94.96267658181948,-100.09365845273267,-99.77341909141154,-104.54602028536475,-101.63078329133154,-97.30960546558916,-101.19864248878177,-104.31861406105568,-95.36337207266847,-95.53924387862466,-101.11464949399046,-95.49499929791446,-100.00318262523359,-106.27212352804582,-96.42629999057051,-96.96533134502408,-98.23182392860579,-101.54767719386295,-102.63453773422589,-101.80631777455501,-97.88687752213937
2025-11-02T00:12:10,AP_5_124,5,124,wifi,5620.0,0.0,0.0,-103.81885591502218,-98.43807689939462,-98.44224048304024,-96.10165969239416,-93.82474226456901,-95.47876696600227,-96.54399123848731,-101.09056149116982,-92.07485357312238,-92.95725840496613,-101.16748297474636,-98.13754919052235,-100.22735691380704,-95.79061410559173,-98.48696918555257,-95.85802389365806,-97.62454357781417,-88.87656291924282,-99.88202760538158,-92.5733526992581,-93.65166065888158,-97.09831980131997,-93.1239295156162,-100.0039631905837,-93.3792075668993,-91.70898369323918,-99.45573752414113,-92.88897300866878,-96.71019083255561,-91.65338678992218,-96.17686299639935,-97.42669321352503,-96.07059479895187,-98.20469285114694,-94.30902246996382,-97.38457680835617,-104.80823618714456,-99.27814005786018,-96.55686247898495,-94.8683484009633,-94.73116330948416,-94.53958755062634,-93.59335933950463,-96.25422820772384,-97.74158984938833,-97.55416388765542,-97.28874133746218,-94.77353820659617,-99.3711365198551,-102.05590003701457,-95.6901491745846,-92.3966588613501,-98.92334830816517,-103.63256831014844,-98.07924026847944,-95.84113622147095,-92.30856546491754,-98.05605091450508,-97.86434541046518,-97.71710385200312,-97.6134972715852,-95.15758112930715,-93.25716802744937,-91.71008885144279,-96.123642890518
2025-11-02T00:12:20,AP_5_124,5,124,wifi,5620.0,0.0,0.0,-106.77860838941169,-98.41853275655437,-104.92122066280716,-104.33889214587983,-101.34778056491928,-94.94567969780893,-103.5895974711205,-106.12952131703021,-102.90393839077878,-101.14980360761955,-95.36140603797091,-100.1161866006328,-96.15141901624224,-98.54626800034508,-99.20813851896679,-96.88398632686398,-99.66332008217628,-96.54686559676102,-98.97664438969461,-104.66896134980513,-98.02423814796825,-102.23759985117597,-99.15404960920708,-99.4231832658945,-95.0489501377507,-97.97074690373859,-98.34019803357536,-101.94416525386987,-103.46901257402997,-96.66745027209728,-95.84081622033717,-103.30577785620645,-93.84254907123471,-99.70749104303682,-108.15053666306353,-96.89406173527048,-98.81702140737009,-99.37522734748656,-93.2404385015915,-95.8573767281686,-103.48984028945063,-97.39717385438564,-100.83512977422474,-95.639752723545,-97.04859520207542,-99.93486394788644,-101.48557074579183,-95.520578641729,-100.35457294438726,-93.76107398547092,-101.84312337302151,-100.68238102851734,-100.46978735085806,-101.59952692205036,-100.12006787440521,-93.56006519561004,-104.32985263553473,-103.20835449328153,-95.1753371020597,-98.60962058082315,-101.22958515363179,-92.94927235945008,-104.07882859486058,-99.49153076144228,-102.6266505748342
2025-11-02T00:12:30,AP_5_124,5,124,wifi,5620.0,0.0,0.0,-106.37896231519275,-101.49938549555698,-104.93591318725124,-100.83879771898015,-98.3318757588929,-95.00545974434328,-98.43769790891483,-105.100176694795,-97.89915274568648,-97.25620948023352,-97.47564211388998,-105.84645307400218,-99.77222035601423,-97.24285167092292,-101.3109580502377,-98.01594031368755,-97.05999299733239,-104.2761123511067,-94.9882903931609,-97.66805516779515,-96.36825478689951,-101.18660797711244,-99.56940614190093,-101.04367702106258,-99.27110885722787,-99.15802404301142,-100.96330727327673,-96.17774161463,-104.11077343800154,-97.43980691348213,-100.85515250150684,-97.47435129683412,-100.3399612609102,-98.85583681917818,-105.25807530845168,-95.6051862370649,-100.47001589883185,-99.26726707307952,-102.15794224227525,-98.17086397778132,-95.04151171944372,-101.2223642592821,-97.62813845513266,-104.84523256601477,-100.48008847157936,-98.09172459646047,-104.96329174609136,-103.776798406405,-99.61303009282207,-95.27785187108118,-96.85984122776786,-100.78662080001429,-97.49363936320287,-106.03589842803734,-103.71034182916961,-97.748913553338,-100.0300664882214,-100.86311310110995,-97.57149981884184,-97.3366858081449,-100.0594553965716,-105.14874001902736,-97.55712488816465,-100.12379568226565,-98.96874550643224
2025-11-02T00:12:40,AP_5_124,5,124,wifi,5620.0,0.0,0.0,-103.72483519539534,-97.1349265290405,-98.17456966612949,-101.89138100350775,-96.67136530974518,-96.68243679397935,-100.35609316344103,-96.41812146675774,-94.00124694395313,-90.8101392704874,-98.77388501587185,-96.71778643295295,-98.71770173948187,-98.03664573296294,-95.10957309429317,-98.4068286001314,-99.58281020712764,-95.21230680410055,-92.85490335627848,-94.57434232120781,-101.44672966128564,-98.14024357839051,-97.64706541655912,-92.4501756904467,-99.54151036348246,-98.66553648859629,-100.6412350289652,-98.32348529297539,-96.20641909895942,-97.93060724305712,-99.84519255886566,-96.09264560825004,-102.55170678243626,-95.45059728804137,-93.41605095810871,-98.22989426541811,-99.35218759179867,-92.30608310560248,-93.17854749242225,-97.353427235242,-94.7491564344915,-95.14707558919784,-93.91992247709172,-97.62581221512636,-99.1600537206436,-96.941980774784,-93.70052125015147,-92.74483709562003,-97.48717424761712,-96.47343395590127,-98.0209340179268,-92.93867800883486,-90.91245269935952,-94.87080653395054,-100.00795261530763,-96.26682979891716,-104.43058082208134,-100.46804073612248,-96.99652304711847,-98.11528920913982,-97.99567627684942,-95.11254555767727,-99.11499697872902,-100.52888208794177,-99.71695411401137
2025-11-02T00:12:50,AP_5_124,5,124,wifi,5620.0,0.0,0.0,-104.8165131142742,-94.68174036297187,-95.47354755140066,-100.13033323549418,-97.46308478818544,-98.83301071736848,-99.71033830251248,-100.39888816404513,-98.54243592521857,-98.29192947853197,-101.19726376520919,-98.85248147464443,-99.24588866451631,-101.37052773481206,-99.81295911789448,-97.99803249824294,-98.66568983590145,-99.41734049757648,-90.92992965868285,-93.96360437408146,-96.89274837707282,-102.53275270212988,-100.85471989126727,-100.97612336249992,-101.99022389643254,-102.73320130057526,-103.42533123202128,-93.79624986894615,-99.1612372661493,-95.38930288473907,-97.7466203410665,-100.2633987529049,-98.35620937801384,-95.21399339110738,-98.71577582843624,-94.80203515905377,-96.71685501843655,-95.15080741690137,-95.21082658687756,-99.8420446497304,-95.48982910734077,-91.90157360606965,-97.96453211817735,-102.44900781583517,-96.61224803449281,-97.32904450830735,-95.06559421074361,-95.02837240303356,-97.64718777105664,-95.95433098063411,-98.48399775864888,-102.41344221971998,-98.17059459626877,-94.34554726254149,-106.67985554977942,-98.47798684808532,-97.78163888363945,-104.721136359186,-101.74510053869164,-98.8411150074721,-103.61687868315269,-98.40441971973915,-97.97622693556163,-98.84581576760758,-100.88169789745356
2025-11-02T00:13:00,AP_5_124,5,124,wifi,5620.0,0.0,0.0,-104.92887694534753,-97.91003511244195,-96.25589886557266,-95.51274190217559,-98.00022511771058,-95.32004624172674,-96.89368427562783,-98.6574195184499,-99.06253377704579,-94.6270157259979,-97.63391479777442,-99.6388257267038,-104.87956084152687,-99.91565226488555,-100.05886889064703,-95.48910181399762,-95.3058248737243,-95.03789226007561,-98.89454278397879,-96.09945011860928,-102.30202866563528,-98.1432516420941,-95.0484380119336,-96.29690601312632,-95.03792016623872,-102.08688582458713,-95.74862564198155,-98.65355719022682,-95.44821955482959,-99.65224257542172,-94.78913133947435,-98.85224666164532,-96.26335687205528,-95.18833911412108,-93.92665972575327,-93.76068382176028,-100.07768887743848,-95.43380210807805,-98.28755424756459,-99.88526093184272,-95.04687060960842,-95.74375243828881,-97.08904666147566,-96.89550018919736,-98.15742275008337,-97.6637646491607,-97.14326524164757,-92.77501329995454,-97.0269474493114,-100.73390506319541,-97.81194213971072,-99.02931570523921,-92.98466171184927,-95.52543289616767,-101.49178025073145,-99.48905676908839,-94.23384182709616,-94.85519095804803,-91.15990973499578,-102.90217718355628,-101.41140460665369,-99.96528307564216,-93.1496839307728,-97.80357059141588,-95.9774491976666
2025-11-02T00:13:10,AP_5_124,5,124,wifi,5620.0,0.0,0.0,-105.66149966895073,-94.89951833939146,-100.71798382049687,-101.83416805057419,-100.90876780696097,-96.54915113863568,-99.2726273951399,-96.30148104371831,-97.49055869531855,-95.40047713881445,-93.4146932977333,-97.5858100425947,-96.83500772432551,-99.84849351530754,-99.34343978924487,-99.46878216607804,-101.04419100113935,-96.10104415287232,-100.16375762001574,-95.1466338512735,-99.42853889394618,-96.82739436245588,-94.56427042230577,-100.80905143777132,-93.92406326007625,-98.07148887108634,-99.55421944348944,-99.61226859196299,-97.04604917803445,-100.3434262200696,-96.71880675574984,-102.75467622892006,-96.50865393839125,-94.32956853430643,-99.98552281851735,-99.59832909820449,-90.13081055289635,-98.33344612495443,-103.44957762187622,-99.10593654839224,-104.86468520419385,-98.76873925068593,-97.06701457577688,-100.89162257704668,-99.05715263684213,-96.83384313770175,-95.73501235526906,-98.2744670863481,-101.0546563317144,-90.96727565343124,-101.24228792899054,-97.90685590135077,-102.33117803899314,-98.41932512153622,-99.28470787689267,-99.92426952454198,-100.76297450100763,-99.34730699952684,-97.81416118803436,-99.07552871153314,-96.66579386190817,-100.42680453833867,-99.90183828723845,-95.5695746520883,-96.69616464567137
2025-11-02T00:13:20,AP_5_124,5,124,wifi,5620.0,0.0,0.0,-106.84073360499488,-100.27360202805366,-102.89438685184165,-95.05219886965871,-100.0404194838491,-101.92395418439513,-100.0423234016861,-102.81753420302033,-101.72525414545672,-102.98836269527507,-98.09916609463433,-98.50744835514793,-101.40953137221634,-102.76059179687074,-97.6437298339891,-94.2328556512819,-98.59786309964545,-100.90963451198884,-102.81452207926577,-102.26360699319021,-105.13561988639273,-101.83195870066011,-100.92566191868099,-94.35760565906561,-102.04795575499318,-99.38348342909039,-96.33084163052395,-98.09063462105091,-101.697746825959,-98.57675915085524,-96.92752932305544,-98.82646900959159,-97.83501848587122,-103.66249456815392,-101.01654204678374,-100.46449240219499,-99.09032195892388,-110.12496973185416,-99.66146714348257,-103.24258850057848,-101.2959061366306,-100.2599425091877,-100.80999414110399,-94.17268510017944,-102.40526141901525,-99.78563657751046,-95.3898933242113,-106.14722158615342,-95.53905677638573,-104.94834463276634,-103.29562248918877,-98.4157121793632,-101.89439311995496,-99.53518425654691,-101.27276651915524,-96.22204669991928,-96.1553769975204,-100.31721052873804,-98.24981126454364,-99.21374301054288,-100.2530497539707,-94.36868705970025,-102.47253111786314,-98.5826586411316,-100.32096597097463
2025-11-02T00:13:30,AP_5_124,5,124,wifi,5620.0,0.0,0.0,-104.11329998288107,-95.45410097177566,-100.99851502862528,-93.13376121568425,-98.33410771732348,-94.78120695718975,-97.03659434434982,-99.44389785322569,-95.388093202237,-95.14632767187793,-98.0178073096303,-102.52326075491818,-92.96443579700123,-100.8711776433363,-101.20975767003121,-98.8620269894511,-97.45163969979178,-93.26735572898428,-97.43877956873109,-97.3819285123044,-94.6836501347752,-98.52144750778534,-97.06260999011185,-98.07472346492818,-104.25021901271313,-94.89855713307826,-96.94844975656319,-96.61211077330735,-94.50110295264992,-99.96540483523256,-99.03143514259604,-103.25305361577145,-99.55943709407522,-95.5760819733968,-95.11521967855637,-94.15548498438814,-97.14694520091686,-99.73536133249922,-95.29145362926099,-96.78197087803267,-101.87068505210266,-96.08942330841936,-99.17996853776991,-97.47678234826917,-96.30581104232594,-98.87696992530829,-94.55730777270429,-101.42610960831549,-101.83178765013037,-100.35855353075273,-96.8176978949364,-99.10992277075283,-90.85460910085605,-95.7854906697721,-91.80117046442973,-94.58778012984908,-93.66529793157383,-101.8916849556581,-94.64995284156883,-95.26715916827536,-98.48595357862719,-95.463477486055,-98.72528721127016,-99.21028477697419,-99.91133105472085
2025-11-02T00:13:40,AP_5_124,5,124,wifi,5620.0,0.0,0.0,-106.51755232025833,-104.26087286590105,-94.54210014994794,-96.97708719376834,-100.80230479860008,-101.92523474751714,-96.95549998533484,-96.0357728757675,-100.11628960442815,-102.3704987786766,-97.37676850487541,-95.30765371156622,-96.02395945062185,-101.0128220173467,-100.9768974114226,-105.03755011068704,-97.67237657246854,-98.86442640428378,-97.86831088329511,-99.94059528417232,-96.75882978466285,-96.22796632473579,-100.40792838247296,-96.27486744482586,-99.50854110546122,-99.81597900309174,-98.37899245497655,-107.42757042412788,-100.94058771042047,-97.86593902571444,-98.34207696864848,-96.79899794998568,-94.25386127762039,-98.51758763953403,-102.75368755634582,-102.6140744931284,-98.88477446364338,-103.2303576016257,-99.75178352413621,-103.52684088158361,-104.18951798119676,-103.226054739866,-104.42016890936844,-97.72298900562113,-100.83060504566934,-101.12242856776405,-100.25688754693515,-98.90389758517563,-98.15209617572864,-103.06431489618798,-96.9729300829489,-104.36584931619913,-102.72315748719572,-102.12487135564939,-102.22973183766938,-98.3397217687026,-92.87725465291295,-94.13983899071033,-98.57637618149064,-96.1978517765967,-101.44230203887055,-98.6264303364766,-98.0278625667272,-101.61960342464278,-95.37627584994598
2025-11-02T00:13:50,AP_5_124,5,124,wifi,5620.0,0.0,0.0,-106.53734988042743,-97.20569906282044,-101.08996691984767,-92.9341149549993,-101.1242711523162,-102.055025325063,-103.32539946306441,-100.15263401276695,-98.54015186374933,-95.2501473631205,-102.69100595254642,-101.75180407471957,-95.34625212865802,-96.91623180130243,-95.75368906104255,-96.24222295927792,-93.69242972435656,-99.75711267772361,-100.69206505037802,-104.90092667296469,-98.28239528060926,-98.28703900958268,-98.06796221396426,-97.4554304427719,-97.89877724723435,-100.19033687106466,-100.22324146139071,-99.74528356389953,-103.11273553706299,-94.35435389630362,-96.0378368265428,-101.72179963112264,-99.8198503385487,-97.9385516367062,-103.85885107319191,-101.3132523665412,-102.13265284312654,-97.65204384795766,-102.06255472524884,-97.93420095427986,-95.6446914921353,-100.39492280236024,-101.17568990151986,-103.73389036987155,-99.71804286796208,-98.09818865280552,-96.2453700869168,-97.90269692200494,-97.75258098177176,-96.89240913481362,-100.07847397331133,-98.37017195831106,-100.67486471185265,-99.30940958062628,-99.97404999794047,-102.62318301343912,-101.44004301777265,-94.48324104799813,-101.03929968156113,-106.74815263068126,-102.20948547439637,-97.2528126558333,-103.8210678333026,-103.67773018765365,-96.60169535999552
2025-11-02T00:14:00,AP_5_124,5,124,wifi,5620.0,0.0,0.0,-105.29180702194776,-92.09059344068946,-97.11902526002515,-99.28201025592233,-97.32791732109999,-98.68047807786185,-99.42597802865662,-101.06165442914741,-98.46654298600946,-97.97846119948633,-98.9802808565251,-99.80244151268889,-96.12634113920522,-94.31826318046146,-91.79224416819211,-99.46300069027843,-99.63257004387422,-95.81050095902457,-99.89285560521961,-93.19451525815576,-95.26237617262179,-100.86047961404424,-98.54944657219997,-104.36600828637225,-99.97677730284263,-95.69128258101728,-96.46127842994495,-98.21657287552415,-98.97134279889995,-99.65377462692564,-101.68607151795348,-98.07347896506934,-101.15430946195679,-101.97298571150831,-96.78543399651663,-100.99313246638624,-102.51367126678156,-101.01175918393007,-93.74877963568156,-100.66448254018351,-98.11160133632715,-97.55431269298643,-92.95754063687562,-98.45487109870791,-99.60113728506774,-94.08564814364274,-99.24851431092958,-96.39140100458336,-92.9528839249916,-96.51122910046408,-102.21835064088553,-104.8451746829102,-97.86472060962653,-98.3263667027482,-101.88121882950759,-96.84741979893906,-98.58763367380396,-93.64614943126045,-95.26380713103461,-100.44467824415335,-103.41962195991465,-95.29990551277767,-98.88596985094604,-96.09890847629782,-95.87824895806668
2025-11-02T00:14:10,AP_5_124,5,124,wifi,5620.0,0.0,0.0,-104.55443443614064,-95.79429739093138,-94.53681702175261,-104.88783869143766,-97.60138267605846,-97.39965813738614,-99.78038889137206,-96.12127749491417,-101.75728739013722,-100.17511176138837,-96.61717737154034,-94.96903014430698,-100.37819846335381,-95.86715482352845,-96.18984983673377,-96.13810703498783,-92.19117972171367,-95.2138597465459,-99.38559897797568,-94.04716437455762,-99.77406456532721,-97.42773693679977,-93.49134518457787,-93.25281120948237,-98.70633844061484,-99.67669810316187,-96.60499665901746,-105.0582337555792,-92.77203632517549,-93.48074574735574,-101.04916772136258,-102.22306605166749,-101.35285752633887,-95.90180175968416,-96.05741514262877,-93.04379887071853,-98.97783363448701,-96.07640261355995,-100.97124269489568,-104.19213157893205,-99.71587995753958,-99.4153538819769,-102.17271949971794,-93.35322019144269,-92.82017099918598,-98.47699260036703,-96.42609986447097,-95.77405415048594,-94.31911340918658,-94.21351159688709,-96.97279421652142,-95.45962512978208,-98.95799591215685,-99.7021639941733,-96.22208504402447,-100.68366634520305,-97.8654932359881,-94.31153984875537,-98.02753618435707,-98.74566278274925,-87.48566748927689,-104.44025738452638,-102.35988207285102,-96.45045596808279,-100.06506600074624
2025-11-02T00:14:20,AP_5_124,5,124,wifi,5620.0,0.0,0.0,-105.51596072154348,-97.98191851965086,-99.30333934371508,-97.4585006478813,-101.88169174187219,-93.32969175921187,-100.22404642450856,-100.3973992534743,-92.98297950874117,-97.23644818598848,-96.91627132217153,-101.53849801999448,-100.2322983589767,-97.82203764980683,-94.18552361202174,-99.73618085335552,-99.87891767157551,-99.6076439809443,-98.43911231713456,-98.35635996394592,-95.82839943225186,-97.33156017899444,-96.58655505794111,-94.08637223367657,-100.4173311006756,-94.64709805256807,-102.4377164130709,-99.92382383538316,-101.26653804030863,-100.26731233769115,-95.9785420593453,-101.3551700513843,-99.16128554623164,-104.60835216886825,-98.8764236094872,-101.00208382916226,-98.78016811510773,-97.6499771685197,-101.36233893654968,-93.82183178509909,-97.20517153106631,-97.04677768779405,-100.93857841705261,-96.70586266302308,-97.36205843896236,-102.00560923673684,-101.3706237857258,-98.53279742906659,-98.91829126798994,-95.15540844190024,-98.77279932171251,-96.27398522693636,-91.72393717427165,-97.89270894554086,-93.06266119019394,-100.73527406485567,-103.08275475912693,-100.24472242644055,-96.00444683202652,-98.5132964295489,-96.89393070016237,-101.19163332618915,-103.46448074241647,-100.01254116853383,-96.81320699552796
2025-11-02T00:14:30,AP_5_124,5,124,wifi,5620.0,0.0,0.0,-105.25694614278224,-91.71137113686368,-101.34018029731466,-102.57124631839888,-101.23547052823105,-101.34204230422942,-99.56099816392016,-96.3651113377107,-101.68987035687817,-103.8511437706501,-102.40362321828414,-100.91524998434197,-93.82577820261562,-105.03834569143739,-100.38244470368628,-98.62675171258563,-91.83748660031793,-97.38481072995816,-98.27475855999367,-101.62442601569234,-100.21364007706026,-91.46989108724152,-98.16742249590831,-96.5971085157551,-97.16814052880736,-95.9883229849268,-95.60250329076162,-102.59223414219147,-97.5603892558278,-96.20486856818337,-101.47005782744456,-95.23653502248112,-93.51513043007971,-95.03975343112229,-94.1273778258222,-97.90040665829274,-93.99463666529097,-99.91329865698583,-100.49420564514124,-101.40528544616127,-97.76961596742576,-92.23242829592189,-91.72239202900596,-97.42441504350816,-93.56626776339692,-99.82104930274595,-96.73385569755017,-97.57204141851797,-99.4113572580221,-103.06936226897261,-102.45868035298822,-99.86378847319406,-94.69172023315032,-96.92038372125286,-98.89471637226048,-96.02633502584418,-99.04499176375636,-98.68697281171106,-90.2165489930631,-97.50490202733607,-93.77488414152897,-97.57745985108521,-91.58661630751132,-98.3449110639519,-97.92792440183663
2025-11-02T00:14:40,AP_5_124,5,124,wifi,5620.0,0.0,0.0,-104.88425206855341,-98.91017856535899,-97.65511339370583,-100.89488520404814,-97.42126214110446,-102.98727779789813,-100.39862778280926,-99.12840440567142,-100.98161952080304,-97.09059576460074,-98.24025777008127,-98.67377012645417,-99.34084287469868,-96.02703892975023,-98.11447031055181,-93.73660559552224,-97.18510765572157,-93.27092729886522,-99.62390917287576,-99.73882059209825,-96.23854125013482,-99.28000126137498,-96.13217169924104,-100.42625953251574,-99.2982930336106,-100.22924684459497,-98.73263694956178,-94.70394945996011,-98.36671589177917,-95.66066861290395,-99.33700438677808,-96.69315643805176,-95.14359008550079,-99.18325671176869,-100.50418246358697,-101.59016698187253,-99.65673158686712,-102.8180543435297,-97.47392888106049,-91.60487166100515,-99.61063275881847,-93.39744613219887,-98.57422718052877,-98.9282449044785,-94.05669077693518,-92.65358023740262,-98.92322331474278,-94.15224643007659,-100.20846745355907,-97.99041964631044,-95.55491715035201,-96.91634780356593,-99.27378171771548,-96.92531562999666,-97.0744762421904,-100.55320772811817,-96.13646773156533,-101.52459592519615,-96.25264206728555,-100.57592696519686,-97.2349316247767,-98.54314280346516,-95.50129014136287,-97.93289943058451,-95.06848437104397
2025-11-02T00:14:50,AP_5_124,5,124,wifi,5620.0,0.0,0.0,-106.45829375340762,-98.75973748692881,-102.72358602861475,-100.83543339142058,-97.00687823160551,-103.09739582236563,-100.16103283729142,-98.26008255479788,-98.47275559828616,-96.32149715226406,-100.22528402348983,-98.66476281480635,-104.03707334128626,-101.14286585009695,-101.24468084095635,-98.2710336571546,-106.42963429719194,-96.41712545078668,-99.22017353056941,-100.24860483441775,-96.4357404909018,-99.08243048612277,-97.94302490334523,-98.33052073727772,-100.07589552335449,-100.93349275410871,-100.51830450502891,-100.23812665878745,-100.4478777971541,-97.09178768617214,-99.34484361270903,-96.34610645383323,-95.73264495107145,-97.18802436772935,-100.68526349765635,-97.18601692650105,-99.99459107147922,-96.19197568220987,-98.5972282948744,-96.81243766855287,-99.60251781569124,-96.37957297674835,-94.92633930381147,-98.17896011256217,-96.34897017000256,-100.76957560430057,-105.59185298813854,-102.16486475296482,-98.77041622339593,-103.8983926347706,-99.89720284650991,-104.2111256400434,-99.53494752189255,-98.42134846207699,-93.14708839113432,-105.50738306177843,-101.92325673389507,-102.97418671260249,-99.52734140022947,-97.21029265522509,-102.03268836725951,-96.86455516758787,-96.37809559699883,-100.42219768869128,-101.70001024897536
2025-11-02T00:15:00,AP_5_124,5,124,wifi,5620.0,0.0,0.0,-106.13454190484063,-97.03806856124716,-98.29501627731,-92.2968068382348,-101.61078422594521,-100.72807133424016,-95.06620567434969,-102.4442602447712,-103.83236756411677,-101.66396529985141,-98.30482159486414,-100.19601832965081,-95.75448172734491,-96.47448777200117,-100.35119339248538,-99.72020443038886,-102.36720030718541,-103.45678205803125,-100.04769501296731,-99.63701935498904,-98.30153895401462,-100.2045135253075,-101.45474003343827,-101.77834698533573,-99.06593034339973,-96.63173523827795,-101.1955186793252,-101.283773235775,-100.281323258301,-100.44638311139317,-96.90015808135311,-102.24048828187388,-97.57515140851291,-98.55467855783026,-98.92219677087535,-101.95286365260499,-96.37159382258479,-95.60291562608131,-99.6195410030502,-101.48573206978483,-103.8362894755365,-95.22002268555578,-104.72557664224846,-98.14529135529337,-96.95652212652755,-98.05559961212431,-102.71270980591217,-99.42144762549282,-94.56975398141319,-99.53693392436797,-105.62022316474862,-102.03125592739704,-94.5874333243338,-98.37420836769242,-100.14666261922335,-99.57046199003679,-96.14643515481019,-100.26124752682264,-103.20300204322557,-104.3458227466749,-104.84712852814405,-98.69823949626286,-95.79380318642185,-98.44733230687848,-95.72355309556066
2025-11-02T00:15:10,AP_5_124,5,124,wifi,5620.0,0.0,0.0,-105.9106717075462,-99.00679817123464,-95.99082901362505,-100.12513588965494,-101.82065457181,-95.56247425608336,-100.80912217624677,-104.45357134917384,-105.13700591560584,-95.78396719553454,-98.19322923482784,-100.41331297644223,-99.24084207256867,-98.20991821179936,-100.38204581025747,-95.49135249547389,-96.40445661833846,-98.7995895381801,-97.38672086340053,-100.95362661426823,-96.40449403847244,-96.90680268246359,-98.99109451147162,-96.03368430121975,-98.86032759480506,-96.70034613558884,-97.87675521113268,-101.42769468069403,-100.93163481108486,-101.63549957114633,-98.45938856690954,-101.95246249645851,-95.50066430158371,-99.57478498465682,-98.36606548320962,-99.36865094407717,-103.65827838396606,-98.99973578474528,-100.58846744932461,-95.59633907591724,-102.10244538896904,-97.18942626243454,-98.87146584154975,-97.95273221811479,-97.07726412321382,-108.50789764373435,-95.79946088649338,-96.82038901283401,-94.68265298835402,-97.91230611475001,-99.54291638990185,-97.5364549897108,-92.84477979902935,-94.10148444032055,-98.67654322911595,-96.6425767948846,-102.1423504884689,-96.70068291829939,-99.97486189442651,-99.91651525734603,-99.18140826844137,-99.61865569440788,-102.22056917202367,-96.0167654832111,-95.96236802274422
2025-11-02T00:15:20,AP_5_124,5,124,wifi,5620.0,0.0,0.0,-106.53990911870498,-103.10615825641182,-98.57589439847145,-98.86449737875816,-98.18490309817741,-100.85932007014426,-99.0719320456354,-102.12846928174669,-99.0461839037001,-94.49595114413508,-99.25740684435101,-97.83995006900257,-96.42996695869621,-99.06452228033537,-104.2921701973123,-102.28073586199358,-97.55916602932132,-100.8330528089168,-96.49564510857412,-96.80189129836945,-99.38725296303967,-97.67885012725867,-99.73004574181105,-99.68169644693099,-102.54045268003489,-96.76711076061923,-104.33393443824492,-101.92700551333063,-105.23557647962313,-96.3176279644139,-100.10881241158998,-97.8411384685477,-101.33662071430079,-97.3724624641354,-101.65375841216056,-100.07865579548285,-93.46804304523528,-97.2260312888924,-101.56496425884606,-95.26070395313005,-96.49817741108784,-101.07877019092604,-101.61414841243048,-105.35086419152091,-102.07956100822423,-101.75793376584085,-103.75307491597827,-100.20303760697955,-94.89641216077376,-100.60511143656001,-96.77446976367732,-97.6191829368661,-100.43348327761205,-98.2127688221159,-98.12585812242364,-101.10370479350456,-102.48363761095446,-100.19490433426789,-105.32435696945248,-99.17859573046151,-94.46510897124014,-95.53660062775026,-102.38372111174262,-97.92529133099815,-96.40513506044832
2025-11-02T00:15:30,AP_5_124,5,124,wifi,5620.0,0.0,0.0,-107.20199326647959,-101.0674097777236,-101.80568054218607,-102.76901813867248,-94.8483019907771,-101.35825908317199,-97.72948600855645,-102.8141937470241,-97.32538973555951,-101.14176895681666,-101.49297883995168,-104.38246781549998,-102.13430214106766,-97.76436994027098,-99.61689868933786,-100.67944504191816,-103.37950103193066,-106.5336081721874,-98.89858174763069,-99.31709134044122,-102.92600357768545,-105.05598259168478,-102.64922866555132,-100.76873314129823,-99.87673727227106,-101.63300860891789,-101.1626900630438,-95.35745318708582,-99.41422471917281,-98.45742824839175,-102.258320052665,-100.92950296094611,-95.59281282096204,-100.03718442446932,-104.55329691028638,-96.59523834408898,-99.28181882148455,-101.23209520960265,-100.98062859290569,-98.87917529482252,-98.01220206492002,-105.48286645929022,-99.53707768079552,-97.35808237018881,-98.38099336615979,-96.04408598697775,-98.99577416637986,-96.74655361009562,-99.47488110026465,-97.31967871486627,-103.3519180903399,-101.79459272845409,-105.44723672105002,-99.19931485479178,-93.86314587211069,-96.83072201047533,-100.7086340565249,-101.58156183921486,-100.64041785866593,-102.86264447067018,-101.66097183825495,-98.33376549740774,-96.09930162538099,-104.2535892054216,-98.65843234517561
2025-11-02T00:15:40,AP_5_124,5,124,wifi,5620.0,0.0,0.0,-104.25742177322459,-99.20689030476987,-91.90509872819005,-92.96569212523274,-103.94548465173703,-100.01114387655575,-100.0769449313843,-96.5588791102372,-96.29660834888219,-95.753252115419,-92.9948107064673,-95.94047593601098,-100.64938958963333,-96.1891545576892,-98.36110107200948,-97.38249511020904,-92.17520915472004,-99.81004663383656,-100.91481582566394,-97.72705223349418,-96.07583139260443,-97.51575428535342,-98.39126896174442,-94.38625041108982,-92.4465836046109,-90.5908442769695,-95.59608478816737,-101.30716638765881,-93.94056289182065,-97.61843961318768,-99.65829928061986,-102.06555824969159,-101.40383524756297,-98.42237873063675,-95.93622138553121,-92.95708526510218,-98.43176754114035,-95.65117560403398,-102.52458726245186,-100.85132826898052,-100.46733784444393,-103.10456051582065,-95.74018956122889,-97.99109909576833,-94.19424109513433,-93.89556033647702,-97.64540041115288,-95.31311098245222,-101.20254356338988,-99.23202625582614,-96.00155078022244,-100.87019788616408,-96.81783667223814,-101.590426670677,-95.23203440614627,-97.09488342789197,-103.3999044233235,-91.78769008966961,-94.09608236286014,-95.3624313487373,-99.81434981887239,-92.724617869518,-99.56831722600874,-98.38087905601343,-96.73456412087754
2025-11-02T00:15:50,AP_5_124,5,124,wifi,5620.0,0.0,0.0,-105.12337036869982,-97.79944758843347,-99.55519067625467,-101.62313944316101,-98.21767593212957,-89.14210049478666,-96.30928612691149,-97.32972655868598,-96.50673586545675,-98.06573986876151,-99.06685797436153,-101.14887772534374,-100.34605184615138,-102.88619811667516,-100.43072030107912,-95.14897881785966,-99.86429583909043,-93.93992153145382,-96.23276972761535,-95.32616756181838,-93.44855965791488,-99.32562431202128,-105.55877735708911,-96.443720688004,-98.51069002889506,-99.21007535571337,-102.88432670006196,-96.62942684330133,-101.99446918027097,-94.59626334551034,-91.67063114117899,-90.49185403656809,-100.46088234517663,-99.83277601130784,-96.52243007837562,-98.2142698660267,-101.02877581112047,-100.03081966692675,-99.10541801321548,-102.00395035963662,-99.84580096628613,-101.81095509084633,-106.62331359731343,-95.88941813509341,-96.02213485348005,-95.95213061447753,-92.01109500730828,-93.81753276530657,-97.54078001595953,-96.15628901549125,-99.11603605747322,-92.86902375829224,-100.01897186010436,-91.55828603586376,-104.6328842192639,-100.86516456018086,-96.78108627014032,-102.18898855674692,-94.1159547407616,-97.82889931692628,-95.15726173275719,-96.35357993308679,-97.6473190343935,-97.37544840084686,-100.87996496772304
2025-11-02T00:16:00,AP_5_124,5,124,wifi,5620.0,0.0,0.0,-105.13093143770624,-100.57310807045353,-99.851360898255,-98.70328099512382,-98.53335328036724,-103.46823348076188,-99.39438295257176,-101.31157168331515,-97.12939102001337,-93.07280283773801,-98.17453110652453,-96.14622979068207,-98.2918298347795,-94.66034601157396,-96.38293331275311,-98.98802110959643,-99.43741559822598,-97.30675963178216,-97.56529608905086,-100.06726122839306,-95.64954706732675,-92.6557546552725,-94.96716968430418,-102.00849076805707,-98.63501833947039,-101.31416221881025,-100.20341335679268,-95.65905042812855,-91.078165249016,-105.48351616065624,-96.91596649291073,-98.54596956429752,-98.40582061133779,-96.88545438081123,-103.53759465109553,-95.17201945836233,-97.0173365552046,-94.33337123774194,-89.51990859246303,-91.96470266364572,-95.82016779178747,-96.68519034111654,-97.19630243085413,-96.19414367461756,-100.79736156884266,-101.21854815144408,-97.02969718585663,-99.55617552148281,-101.36074390725916,-97.56800231479274,-96.22170992084267,-100.11407400147849,-99.0428089485651,-97.55092943323604,-94.11491531800415,-91.48193488403044,-100.50063770059704,-102.0143544961897,-103.53578438764544,-97.35553676992721,-99.15035680773735,-98.08088484975272,-97.21753566616515,-100.2825548354241,-101.150006118373
2025-11-02T00:16:10,AP_5_124,5,124,wifi,5620.0,0.0,0.0,-105.89515260330103,-95.31505470743956,-104.43724779679293,-99.36001099090493,-94.20757248029838,-99.66674151088863,-98.90793412925129,-100.37503757038736,-100.57868783447252,-99.58770581762666,-95.4214246794939,-98.85695564660656,-97.64296075812047,-98.22727773675115,-93.92040017096866,-98.39671308245778,-97.00038252609136,-97.36615511239488,-101.81470593056137,-99.74272393677582,-97.79666498200434,-98.67579221341451,-97.36737273126752,-96.84660443924732,-100.44472178901603,-94.91574560580584,-102.09475442146312,-103.1518882793784,-94.9339984389611,-97.1120657453261,-101.54995863313043,-96.76618265099938,-97.31973598773588,-101.72024796652462,-99.4971743559314,-96.30593453492234,-102.48404008422521,-98.46166609433412,-99.10247257611896,-105.73979118147454,-95.81716330699743,-96.43484603383999,-102.27426823342294,-101.21156660645215,-94.38160606483179,-96.07255530937104,-97.70897406673186,-101.67105072215651,-94.23112275768923,-95.04145149644363,-95.03949631950297,-96.52151616324116,-98.26445738838774,-100.5301267294025,-102.79351090400155,-96.139985716508,-98.9547307476732,-97.56042845743441,-95.60489969491121,-98.76936747852349,-97.49122589482607,-95.40811084415839,-102.72502263357018,-96.44523707904501,-100.22306656181145
2025-11-02T00:16:20,AP_5_124,5,124,wifi,5620.0,0.0,0.0,-106.50278880862092,-100.15356990734388,-99.43245517776177,-97.92535561719805,-101.16966414027587,-101.0204620350942,-100.14115053386892,-99.47436531163608,-100.58302863026509,-104.0404102787783,-101.20123272933982,-99.45376806319184,-100.71069879629103,-98.88053946227294,-97.71645434005329,-98.83309010127748,-95.8937092650873,-94.67684882054307,-96.9754065106521,-103.52248824191699,-99.29530062618207,-102.60569344000129,-95.23104409712289,-101.33190248882836,-98.6236862918285,-98.98040825980088,-99.05882664784157,-98.73026191528172,-99.45225749715206,-93.23886650177467,-102.81691029787855,-101.87081744503217,-106.91046749465775,-97.6414716154683,-98.8737155867391,-98.19890630140144,-102.77935454127565,-95.340830159695,-102.44550905584427,-99.14664249601586,-95.86069940469135,-100.82896069174154,-102.76109612956938,-100.82943380943072,-100.84824483280565,-98.04708444011469,-97.48569658558401,-98.99777893751045,-99.86040989209862,-99.55986026106662,-94.98730895314598,-97.1251039421063,-99.8362437927179,-97.49556280462976,-98.26321576531886,-106.56407319804109,-104.11942749999555,-95.26355262959129,-100.32385299466011,-99.34135592729048,-100.90814737095718,-97.9425717550625,-97.45599366055983,-103.98742088104862,-99.8004513883101
2025-11-02T00:16:30,AP_5_124,5,124,wifi,5620.0,0.0,0.0,-105.14228059872485,-95.99833763005957,-98.0409146582292,-91.47289170047576,-97.10130074411558,-100.19203808049122,-98.7619767653598,-95.64195751567162,-97.39814683087539,-97.90188503305562,-95.77178540466242,-97.41180803862746,-99.76651424562355,-100.29552050777565,-93.31770120866938,-97.68662600366228,-100.10803768281949,-97.66419340773963,-97.28860245866593,-94.60687951150733,-102.57275527223322,-104.54862130062533,-94.40316888986752,-97.87383257463455,-102.10408510987669,-99.60616253735253,-97.91862655524234,-94.08617436029671,-99.8629245806338,-99.11972394493304,-104.83336118126431,-99.36027475588826,-95.21484047276931,-99.39675818803516,-103.59585229587078,-100.35665669594177,-91.42665203281808,-98.42505052972741,-97.13523782895425,-96.10939333295146,-96.02967665447675,-100.29149652057234,-101.52663985276799,-98.59071177974579,-96.14716207012991,-99.96635357185366,-98.66682263577034,-95.96081150273562,-93.04805188848164,-94.74106910203207,-97.75889933337527,-95.396401262262,-106.15205691678408,-93.62909852715758,-99.79059424091474,-102.48253555620165,-96.88815265863359,-99.22012963590643,-96.1046504304238,-97.70018192369828,-99.7743328037324,-96.79123272598213,-99.01535232473493,-99.2987337577914,-97.73495781431153
2025-11-02T00:16:40,AP_5_124,5,124,wifi,5620.0,0.0,0.0,-105.83701695769298,-101.56386604778106,-99.37165306681429,-101.09348239354121,-99.33473773428854,-95.91888369320935,-99.70281410310051,-97.20162460028209,-99.54409749586468,-105.7478664585754,-97.60538355097667,-93.99967659311991,-102.90467665730297,-102.95285875569783,-106.09279067038655,-101.21828480884903,-100.62812786014516,-95.74180248561998,-99.8522086457347,-105.49568172749304,-100.02779795994455,-105.87973116424693,-101.26497319029076,-102.65086284376139,-99.46832675843645,-103.23663365783145,-99.2286618848154,-99.78994119834307,-101.2478736503599,-103.62994478112321,-99.98598169785235,-99.06097973000065,-96.39119906636768,-98.56460556058207,-99.314583268831,-101.32475175794498,-98.22613667143926,-97.31526342214035,-97.54192258205329,-97.71758022761989,-100.2717739244951,-87.77194016796203,-95.63376262680933,-96.97861882856114,-100.03390665896211,-97.0211223713911,-103.31013826098709,-95.9837012840218,-97.94980188956731,-102.18610559106854,-105.7719184290206,-93.57052913109113,-103.99598480461495,-98.22519645272114,-100.85718119333985,-96.8484593027209,-98.40586669109534,-97.25467799232182,-98.4958140436324,-98.68053910068636,-102.0705121899728,-105.06711542979505,-100.61595093764785,-99.3082154133112,-96.12816135648522
2025-11-02T00:16:50,AP_5_124,5,124,wifi,5620.0,0.0,0.0,-107.02620182669052,-100.51067055505888,-98.49500191979561,-101.05793578520709,-98.6681732945015,-97.41838446449732,-94.46795345177061,-99.92225679751907,-93.01937984732807,-97.86372595841196,-98.58032404199776,-91.97867811247286,-97.5251554098927,-99.43072962418717,-99.62413870467937,-95.99872285944119,-99.12918455969583,-102.09696282403358,-101.3829708020267,-99.76724258664488,-95.06211537787881,-100.27133301764128,-99.39143932755294,-105.18345187147906,-96.07331758818195,-101.88454432510345,-101.43103977391131,-102.20773761013822,-97.19225444128423,-95.80609073427001,-94.761618541229,-99.16925976807012,-100.12106951206587,-100.41864031466719,-103.96032255205988,-104.92322803879308,-93.5266154291591,-102.25926593550714,-101.61070944732313,-100.46938372547811,-100.60119667082752,-104.97845830569064,-98.5075378916874,-99.74138064050261,-97.47839019131975,-100.57382194241748,-104.19524199369906,-105.80472311345802,-97.37863287129599,-98.4248361912373,-96.27652942980008,-100.86181310841857,-98.29617461888066,-105.02020147934849,-96.39330790109724,-96.8554377693565,-102.12933760514893,-97.61977814974709,-100.31813726510498,-99.49091098130032,-100.45535824710367,-93.5047477745173,-99.08168088920912,-98.67751354718312,-100.85327500720912
2025-11-02T00:17:00,AP_5_124,5,124,wifi,5620.0,0.0,0.0,-106.71348752120643,-96.98375952760944,-104.74910452711978,-100.3890898814094,-104.38351063562227,-101.16508819629232,-97.80352785801847,-97.76882187474767,-98.4437695238397,-98.4215408884444,-101.2344088602245,-100.85795183900981,-99.05141125200468,-103.73463797928048,-98.05531494131759,-94.76290646807053,-101.50806588304586,-101.17467639325552,-100.33363052174215,-101.70113694340486,-97.86314728511176,-99.2040515062958,-101.75645509888977,-99.49718903879099,-104.01850765300782,-98.90961195100702,-101.40175905147804,-104.23222323728854,-101.30476575641107,-102.19305405349338,-96.98697045872913,-100.17607372791211,-104.78931719008169,-101.89514151496967,-99.86276089649691,-94.7126569220376,-97.54405002554702,-103.23878098230323,-100.9260932523494,-100.29602940637726,-102.87322139450157,-101.03435965004535,-93.49386755989259,-95.09562141340346,-97.34330373204307,-104.5908967493215,-102.9609857675822,-103.5135775888519,-96.99777285079888,-100.13422111601746,-100.26857713570053,-99.30395658842,-93.03456968027109,-99.90030219887586,-103.27584810281907,-94.24792168741313,-97.5713227711431,-95.73664309387931,-99.22629724812131,-95.75988129262383,-99.98124990955084,-101.72606639514284,-107.70616680179047,-99.67021268910774,-96.97846769161228
2025-11-02T00:17:10,AP_5_124,5,124,wifi,5620.0,0.0,0.0,-106.14924266919391,-99.08774840515429,-99.58107012392654,-94.7497092876243,-97.54174947727574,-97.8193707234503,-99.94817752073945,-99.54615755990451,-104.23760275210074,-106.8573850787687,-96.10787142677998,-97.1168586483334,-98.16784052806403,-99.35857930413843,-102.90739513588761,-94.09589231823826,-92.15445339015507,-104.27351160462445,-99.34926078852537,-98.42532731919233,-97.56627398092718,-99.91005809338706,-96.32157749523431,-96.65118502299505,-97.43614967286057,-98.0051037934474,-101.00163629903554,-96.99455777516471,-101.17360400759036,-98.98810549778891,-96.52981606154458,-98.53578302290732,-102.2790603894885,-97.7421620593135,-103.7466394199709,-100.65009376732893,-102.86578714363505,-95.04011395619483,-101.4369189047777,-98.18942765571576,-101.99586891017267,-100.99325453659674,-93.84231412004239,-90.38796925751842,-101.19618566768183,-103.39766105324206,-100.36550301837818,-98.71485396725554,-105.09867727375412,-93.64616293705993,-99.37051677967494,-97.28527891634283,-98.99184404718697,-95.00515150802012,-97.53729548023733,-100.05323058890873,-98.14404869245517,-100.3098560055551,-97.61132161637369,-97.14559766083417,-94.09247411872788,-98.77759107200441,-103.19533974327719,-96.3988155952588,-96.90257399295932
2025-11-02T00:17:20,AP_5_124,5,124,wifi,5620.0,0.0,0.0,-107.62763616321764,-101.89443800379578,-100.43292943781927,-104.16798495336121,-100.26033804822991,-98.13327803398867,-101.55765316319624,-98.48637947664925,-104.76861915890231,-97.34890828680146,-101.88587421806707,-103.60618143316044,-101.50766961582164,-102.35504556369948,-99.79762193082924,-98.71215616231915,-104.68947285803783,-103.04479282588942,-103.93549503060379,-97.86630157004555,-105.03367653319303,-103.18197580246691,-98.86626887143885,-98.65442746273632,-99.51411058106437,-99.00534259501165,-98.30807903232483,-90.6716540307799,-97.4712658200115,-97.69694324288729,-103.37608456867652,-94.864984879363,-96.78396235921548,-95.92833162999717,-98.00421269146578,-103.72119749456932,-104.40216314369972,-97.01691092826344,-95.86541131788522,-101.7288804089548,-105.74605747889228,-101.64888311101068,-96.28779328370896,-95.25478363187216,-98.42899894547946,-100.68870145415973,-98.55607459730523,-96.73099073535089,-102.41572875123035,-99.30688887132543,-98.23767892397466,-100.97624884160325,-100.82853391893674,-102.61889374534731,-101.53836421621759,-101.89609569103631,-100.54102352971367,-103.27703971010254,-100.81408146894321,-98.54756892746303,-100.04158910581181,-99.93059708986587,-98.50079063152963,-99.10052865425783,-103.19560798974659
2025-11-02T00:17:30,AP_5_124,5,124,wifi,5620.0,0.0,0.0,-103.44440838751184,-94.5300769220159,-92.89120732742616,-101.27376881051073,-96.46626038954349,-97.03111677721886,-99.66440468933573,-101.19381935819892,-94.24709229582645,-91.78314662787879,-97.38624453741983,-99.40150363119639,-100.16143857425674,-96.29000805102342,-95.63816672469585,-96.14067002710848,-95.0848231593957,-98.43663667812545,-100.89119511392427,-92.31718906148356,-94.53397381135197,-98.69953498750607,-95.3865200850048,-93.56393515561953,-97.19540856964774,-100.74901518742942,-99.77709929426575,-99.93220416826381,-103.08787404820266,-92.28130949683691,-98.00159461652851,-95.29882975414647,-96.21399121100461,-96.85741652961985,-96.72736434768045,-94.9725597375807,-98.10605140361221,-96.57962655235482,-97.99632217942202,-98.75417949587282,-94.84334160014623,-93.8850818117738,-99.2631799319506,-99.636985927572,-95.59062261741205,-93.98525302443493,-94.73687968118337,-98.7871189173023,-99.16933792626514,-97.6837331625417,-91.82149579554967,-94.31307228965241,-96.6835068133036,-91.97284461577692,-93.31152774362575,-94.65148104612014,-97.71403458192995,-94.38884152285449,-97.25057852984301,-94.03633899582707,-98.0711069747569,-98.94348108556676,-98.43772561047992,-92.38763329390633,-99.15045638393623
2025-11-02T00:17:40,AP_5_124,5,124,wifi,5620.0,0.0,0.0,-107.44655648535748,-105.25532242095015,-98.27225761895647,-103.64334856779682,-98.27666331338357,-102.0350862503989,-98.08947183699881,-100.38446338146288,-99.00736649375193,-96.24989329708627,-103.48410227111209,-97.99695733456583,-100.46513831543935,-98.22796080522266,-99.26491896199337,-100.37494067161695,-96.00198275669031,-99.9148197932069,-98.40540153644693,-100.45950053995767,-94.48590544359962,-98.4485907381883,-99.1531110810069,-100.7189204426711,-101.35502941103876,-96.53873085726062,-99.18194660237457,-100.71485671753238,-103.94693443589185,-98.94197134710559,-98.82651091853488,-100.25110074089613,-99.25935091092386,-99.97171783236246,-100.73811392094319,-103.95447591089882,-99.01796420189581,-103.45053100914224,-99.52284879577937,-106.91796199254058,-103.65153923232744,-104.6471751144198,-97.61643115612827,-99.39637022544247,-101.08257531734279,-104.025425085871,-92.09589706556494,-94.68736252222259,-97.77935634519031,-96.64302633845651,-95.07214158660153,-105.44771433280135,-104.22635037156354,-103.04603146534629,-97.552669671921,-97.0748822629226,-105.0851842117206,-98.00659801321727,-99.90704741221974,-96.53935855413184,-99.8408499778023,-100.89323880784002,-104.16920448444327,-96.14232650635621,-101.03258253491644
2025-11-02T00:17:50,AP_5_124,5,124,wifi,5620.0,0.0,0.0,-107.24301343949556,-100.17762126190051,-97.10696737557102,-97.07194021757991,-96.72997745173952,-106.05988818217216,-102.92903319294702,-104.10061159839778,-99.97114252375697,-96.39038347294182,-98.7592991216158,-99.57075038320427,-103.26095089243356,-102.39250763011694,-98.16177400100572,-103.5385604928803,-95.08444630025257,-105.50040032825011,-100.9095181178531,-99.79963745971524,-102.33975220857876,-102.10042419427452,-102.08737925821524,-100.2539519671165,-100.53312033659952,-99.11841569495333,-94.35510086430082,-94.09022254884279,-102.52437494331207,-99.92321287650294,-103.36227278288041,-104.90076463118686,-98.63492701374774,-99.20963382461211,-96.33555166628216,-98.22925922119325,-101.7005106256541,-98.2056154921004,-100.40241625806526,-104.52415470616842,-100.45970492186439,-101.09094371920524,-94.91926755811554,-100.07552977495236,-103.73564783677718,-101.54928321366909,-99.61322486338659,-93.60135250275312,-96.71982021704119,-97.36013839247393,-98.1895268433912,-101.35166815159647,-98.02982395017148,-108.92225469579485,-101.84347215619216,-102.73979379189674,-99.73272674138765,-96.88257196817167,-98.21230046422237,-100.30609803771532,-99.45436363676852,-97.01532370799082,-100.1237312934926,-98.73264806758621,-93.24095007991308
2025-11-02T00:18:00,AP_5_124,5,124,wifi,5620.0,0.0,0.0,-104.60798785068786,-93.0958466571405,-99.75627898469554,-100.33507440643005,-103.77861267357048,-99.14448336498577,-96.43539813028295,-98.26711376727205,-96.66550316758135,-96.2129847397313,-98.82989406255724,-96.3312699306273,-91.07849451289543,-92.31111305289308,-91.86468129217039,-95.63422733069362,-96.2975603031844,-95.63064270802712,-96.11742721467931,-97.85283566592996,-98.85469109622208,-99.31195432937939,-92.03557397832706,-101.95805137431861,-96.2158649978776,-97.60907240100585,-100.89966793079002,-99.1044069936608,-96.75356146098038,-96.47714596327592,-95.77253309118167,-97.4783210803571,-95.57939203640288,-97.01734354505074,-97.59886010274377,-99.08189450669799,-93.26946923674052,-99.57582509979756,-98.58272040588838,-94.33967116824746,-97.06896971608131,-101.41130173005276,-99.24089388913725,-95.80481071032384,-98.25523818154815,-96.58545929338304,-94.0051932525713,-95.44874498402197,-96.8048867179557,-93.36059402084913,-95.95413780742031,-102.69920365785137,-92.7931820747892,-97.22550527166432,-98.32951780830835,-95.11289848901511,-96.70913065416715,-100.8135409855572,-96.88895055050162,-101.41665253569792,-100.14241145570078,-96.87145897250208,-100.1244704498764,-98.17672744749481,-100.31688802659781
2025-11-02T00:18:10,AP_5_124,5,124,wifi,5620.0,0.0,0.0,-105.94604290736619,-102.71794370600517,-98.76944723147999,-95.34135746671839,-98.09145245505343,-93.84739920384648,-102.83146490996269,-97.79175557200426,-94.92745804501236,-102.56325574203075,-101.53120913178257,-98.82240720501477,-101.08700456548169,-98.36374332466528,-101.5747241732138,-101.79350058526715,-99.77789029162776,-96.43239460509065,-98.55977625068486,-99.37666249587167,-100.72308985700734,-93.52211240682077,-98.35603044631269,-97.1613128866205,-99.03730786698159,-96.22954372200756,-101.71053402688042,-100.15154394807543,-92.98144156612406,-103.31746972676514,-98.94461941605644,-99.5689713199912,-98.1844911695632,-98.5874168887131,-97.28275609745396,-99.97948283053064,-98.73744590377873,-95.24469778906567,-97.90709253923056,-97.97530404784105,-92.39546875463485,-100.09826427319537,-95.82043386658667,-104.08633529420058,-102.89261875917987,-98.34845650603803,-97.05971834576164,-99.25494014055649,-98.88763286155027,-101.03676281178458,-104.56801693388796,-97.5800340686415,-102.16882606837945,-104.7843350370714,-104.32455846631771,-96.89492518563969,-100.17101919167396,-99.96028067506258,-100.52708693642425,-101.31539663349561,-99.28222331893416,-99.04190877389038,-99.26393655069629,-100.15080269899948,-101.74222906310848
2025-11-02T00:18:20,AP_5_124,5,124,wifi,5620.0,0.0,0.0,-104.37770152511048,-95.40872707157348,-98.49929924620534,-95.56028236113153,-99.25391090329565,-98.92958500906039,-96.48542541724039,-94.30085956169512,-95.95833100354952,-96.49601437272702,-98.6092339088818,-95.91744078739092,-100.31913438363937,-92.50153160596766,-98.5182537186333,-96.58516757607376,-93.0889596425229,-101.16025526592819,-94.1060447555394,-99.61688481329676,-95.27696739115743,-98.33443287813466,-97.28798804349054,-96.68604259049309,-95.6250151352354,-99.61192810815484,-91.82047539907737,-97.00598459625836,-99.82677590723367,-101.85870105431341,-97.47518790345434,-94.33614335000914,-102.79224297806222,-98.77846126770677,-92.39303588535086,-100.27504497279592,-99.4871917525506,-97.61486363320763,-96.73248163709835,-101.84558262547387,-101.94201227788827,-92.55132250892649,-93.40129207999567,-95.99221024462358,-96.25116488606498,-94.08007690422761,-97.38361441432606,-101.73173870508562,-97.51048305607071,-94.4299244273428,-102.6383139471188,-99.10992071349241,-99.88980876961297,-98.56899289060422,-100.40401567598325,-94.75914345812642,-95.77291846361535,-93.8374611021102,-96.41061385366295,-101.37360162024267,-95.28385632959319,-93.42163792384515,-101.20482708160439,-94.79391264670062,-98.44465812584743
2025-11-02T00:18:30,AP_5_124,5,124,wifi,5620.0,0.0,0.0,-108.0038735479445,-98.12585674780115,-100.05709276858786,-97.73343655818013,-102.80292498415172,-103.00528964317527,-97.85957815378029,-100.36865364939436,-98.4043404751857,-98.79827139551931,-106.6724799797703,-100.71301505387825,-102.52181801922599,-99.87982254672215,-100.80138800573121,-106.97826133444964,-100.43214119427378,-100.64717380283287,-103.2767895547178,-100.53074977018865,-101.07790804382881,-103.34505149548843,-100.39015157733078,-100.1947473127571,-107.77854908297708,-100.93297250344325,-103.22027483386415,-103.06449346136407,-100.1012052143824,-100.6975804015794,-100.51535135426214,-102.64050570894779,-99.69818556058952,-101.87406071426923,-105.42814304210823,-98.14949135459209,-100.1702063585085,-104.52670279893937,-103.50928524871601,-99.58727736827767,-98.74560632216887,-96.40284303895282,-105.51365684319177,-101.20712894731616,-101.64091305804563,-108.05022006859282,-104.69701505133173,-101.18479548810127,-99.11841334991334,-100.73089851954528,-103.66749046851983,-101.42579992108038,-98.17187612482215,-102.97659112644354,-96.66860140358546,-102.67264102344288,-94.00263000598848,-100.4056930396885,-104.9445703752544,-106.71108156130339,-103.69184485684703,-102.13989635577042,-103.21881991975074,-105.5287454230608,-101.94644492305392
2025-11-02T00:18:40,AP_5_124,5,124,wifi,5620.0,0.0,0.0,-106.14779120634401,-101.21832394735723,-97.63624646806447,-101.28863474170983,-98.37723086566288,-104.16766338119668,-102.00225500878891,-100.98241842301732,-98.2904736340917,-103.43326427922614,-103.37035245119866,-97.06731845666327,-100.3316625218304,-92.97020650280821,-101.98735674821809,-104.8611189858854,-100.25019268461166,-98.18140777510435,-98.76421420021296,-103.17598136044481,-98.2290832690951,-95.34611102858815,-98.72101524724147,-95.83905173247025,-98.38849098263172,-99.96380646229262,-94.85518180971685,-98.81891828111071,-102.81184487009084,-97.28235150343258,-98.87940846839507,-96.66517389731864,-101.16471375827612,-101.55323994803561,-100.5161568283848,-98.53708734387179,-101.1044067502658,-100.73272490093753,-96.74946661706576,-94.51137857234548,-99.50013080100122,-98.95079355732575,-100.70696708900269,-94.29662211507787,-101.91985670636438,-100.21004061056637,-99.07149071088368,-96.28042119746111,-103.9231020937176,-96.25957866373912,-98.96891334225894,-103.99089260595412,-99.59371981857343,-101.49647174524385,-99.511871667566,-98.76621426190837,-92.94785628471718,-95.41758801709817,-98.75540282887694,-96.65067457507723,-97.9218007570925,-93.53240826584444,-98.9465857808595,-104.34853642927612,-98.72596521620595
2025-11-02T00:18:50,AP_5_124,5,124,wifi,5620.0,0.0,0.0,-105.56729210579184,-102.12232086833264,-97.19667746903922,-102.17326905839246,-99.39302546777226,-102.01483658989983,-99.18650692889199,-92.81828017698281,-99.53250856765133,-102.25852296430455,-97.83755050190615,-93.97457530952508,-100.38040524095885,-104.36676828164535,-99.64874072521279,-95.80698544147762,-103.08606933610967,-98.7422147686608,-99.42443080860113,-89.73165251517334,-95.67156327312138,-102.2405218809257,-95.71019152034891,-95.71861979449672,-98.80848060593357,-102.28793536340058,-97.46869563804714,-93.95144817306638,-100.27456566305007,-101.24989102099383,-97.38322217778148,-96.82036868810498,-95.50768247592555,-98.81319973706819,-105.5244545867747,-98.79058348128852,-99.04145094886312,-97.00229143383454,-91.20214939170268,-103.2511131129621,-100.15066556499846,-100.51002489360556,-100.38932265493463,-96.42455324235884,-100.87945465298802,-100.75174669471836,-96.09959357034771,-98.09509681200278,-99.2093295757887,-97.91087405002439,-94.26340358400583,-94.93754910936875,-94.61890000017219,-94.98724008437514,-96.72758283198013,-95.82507299150465,-103.2825308855008,-94.93647112666427,-99.90963936702549,-98.03157150792418,-94.65589799051216,-96.61680103320055,-101.13698928691659,-96.29807424277674,-99.08361516362262
2025-11-02T00:19:00,AP_5_124,5,124,wifi,5620.0,0.0,0.0,-105.57091803061053,-99.2790556782597,-101.13905119770688,-100.8811960420748,-98.54793729706758,-95.9545567417332,-99.67271824886824,-98.95210296522869,-92.48471512984575,-96.72486369323025,-105.35491520977358,-93.87847995083273,-101.48110023575138,-96.60779776818167,-96.99681561898824,-100.05189418635827,-99.28011987009852,-101.55533508139243,-96.90987330157103,-98.37705101687013,-109.8942260132512,-98.74053091088875,-100.44690863120637,-95.40975915689118,-93.83362285632072,-96.68074445936516,-98.18547105772163,-99.7974215155966,-94.73319264632369,-100.2446872348361,-99.87883329445732,-100.06248504880153,-92.51854679938421,-100.00448927465148,-98.63613752390368,-97.68441286070548,-103.78280105712115,-97.6386125820892,-100.45950835700312,-97.86032738033352,-99.28484311102159,-93.61062990192131,-97.54119267885763,-101.05630805245401,-96.32659879277331,-92.9721599443585,-97.49598535127762,-92.56303257145079,-96.07536558038167,-102.0588924498735,-98.43470238189941,-100.87485723438715,-94.60940734120078,-101.07158197873954,-96.93134446526223,-99.04518243225385,-96.13239694266429,-100.2841984465858,-97.98325688533022,-107.03928080833279,-97.3317629715813,-94.63877509976274,-98.31320607554093,-95.72432437063105,-102.68655628566648
2025-11-02T00:19:10,AP_5_124,5,124,wifi,5620.0,0.0,0.0,-107.89199151112506,-102.32243788442906,-100.41377958287156,-104.50034028789209,-103.03008481381713,-96.88286292753193,-99.29420816020911,-101.53027115358714,-102.86759549535053,-104.00719684145702,-103.19305264645341,-98.06510919661673,-94.97896195810404,-101.96713450749908,-99.97335014676038,-100.5608988077418,-96.76222353906266,-101.24341191049089,-95.52778582811494,-101.73395707715432,-101.49026404675972,-105.57780653099772,-99.39198864018347,-96.29854157261565,-100.66220412440627,-107.41528792876215,-95.39464383534656,-100.62808180992066,-99.25670301101337,-97.28321948662003,-100.37492386379388,-100.72485724522947,-97.65911522706848,-103.57052542160002,-99.08072979911395,-100.96493261271051,-97.68744358622597,-96.1772075727429,-102.48057908855547,-100.6419721173814,-101.51639641538127,-103.24809055754277,-100.27871200243135,-103.373178075326,-101.54615368908641,-103.33867008966104,-106.75526373270881,-99.08913895678825,-93.84387682748442,-100.34448006356051,-99.40126966692232,-102.00738337974431,-97.6243179299399,-99.40358265958815,-97.42897332750644,-96.61219344874563,-101.49819793611358,-98.59671464659256,-96.88571777059035,-100.8700230843347,-105.82020592393337,-99.66328525260458,-95.88817606746372,-103.9229334500781,-102.01692444656508
2025-11-02T00:19:20,AP_5_124,5,124,wifi,5620.0,0.0,0.0,-104.21286200723716,-95.32580570542835,-93.94172576147446,-93.75802342582145,-95.74322654262389,-99.75269198195492,-99.50173063590792,-93.76014278621737,-99.82664498092845,-95.72820523028125,-100.42368152687419,-96.16366008914686,-94.03015207900282,-100.95933663049725,-97.71864277905648,-93.48703614603573,-95.72198793344738,-102.03250380050281,-98.37443820885517,-96.56070356185313,-95.7292357793522,-103.82930123281514,-96.53278793779663,-100.1212633669714,-94.47895521345237,-92.39658690087857,-97.84172759766551,-96.27594408285329,-94.10357822743664,-100.94918633028097,-95.60860346930679,-99.85097374822489,-94.92495756293384,-96.9672614071043,-97.65785833670726,-94.01642537281194,-95.09196992728857,-98.17825894080624,-94.64469077419422,-98.72456781773738,-98.267803209382,-98.90119833628631,-96.30662706802843,-92.51208508943992,-99.34082689291236,-92.03350681013556,-96.97100219226174,-101.3754494019239,-95.97558659987112,-91.31897841570593,-93.30902190163967,-94.6868166505229,-100.46890317844586,-98.61435316768795,-100.63613187673957,-98.6028499113897,-101.8310105860455,-94.8178908792089,-94.83287668661119,-95.33399102565238,-98.38842547004764,-95.92768910335214,-97.15245769581887,-99.984045176814,-95.99599170975605
2025-11-02T00:19:30,AP_5_124,5,124,wifi,5620.0,0.0,0.0,-105.52845886390116,-101.70721766469033,-102.35085897636907,-97.22896636695972,-100.70229124857876,-101.46826677354655,-101.84542004295204,-100.16364553076573,-98.11517695509755,-99.61651338191862,-96.86348056093549,-99.57685499677743,-96.6166236598563,-99.49293975817297,-98.02629841399352,-99.54150122301715,-102.75548772761591,-98.19197594989649,-96.85460560210956,-99.70300074561202,-103.27613017246506,-97.293771960305,-96.46795272902247,-100.23130755173528,-98.46545125377234,-99.45473643778631,-98.32116693698121,-99.82556023307127,-95.78756544102347,-96.87764898723051,-92.97910166107967,-98.62698754986283,-93.79398864970825,-98.15817829496523,-97.79173370227859,-96.32818581638736,-100.51520230477463,-97.88991422746224,-99.44506032301535,-99.94320541075041,-100.74679772695161,-98.24389398659687,-100.31779434287995,-96.67054500737365,-97.51867993680099,-97.21416268179838,-99.77654512625597,-94.1712943817318,-100.01900865495227,-96.04327585616166,-100.94745035483966,-96.75476173982986,-101.21035353669386,-101.72464494954389,-94.96805042138438,-95.85679661402337,-99.81848522948235,-92.64863591185414,-100.81869128036625,-96.61662749054835,-102.44337674755529,-99.2542981593577,-97.87751758564559,-94.15788467523365,-99.74978450028657
2025-11-02T00:19:40,AP_5_124,5,124,wifi,5620.0,0.0,0.0,-106.0370201445679,-96.03605004177496,-100.42897616656141,-98.49094894287093,-103.46972556565518,-103.68575332139905,-101.70296271947882,-103.6050805410994,-101.4555930868334,-93.98042169082375,-99.32208258686696,-100.31586999048015,-100.4779424862023,-100.10799343288721,-100.37644711469369,-102.26453251733274,-95.85257656238525,-102.31090544166548,-95.62381114440622,-98.66819667640526,-92.43834336681982,-104.62029066310178,-99.20599450844537,-99.16292912850432,-95.23165410771635,-98.59354652708288,-99.12763626703725,-99.44632221725509,-98.51731979473062,-97.73863358711522,-97.8560596215317,-94.87236275658432,-94.19905767015112,-102.77010797060505,-98.62183063961614,-101.27923464670597,-99.8521804450728,-97.09699145025904,-102.53816656437763,-101.45434842286338,-98.62768889945961,-97.45003330264612,-98.64585388934941,-98.30138505909996,-96.43697167006921,-96.379737696866,-104.12372445911191,-101.61908839525078,-96.55349464387652,-97.84376597813588,-93.51065458155773,-97.64315236915556,-90.96103493266857,-103.35509125215681,-98.26700202540174,-99.35800211859046,-96.20156627688,-99.03691214686745,-97.88326318450353,-97.16018058081393,-100.75566484781011,-97.74262279897647,-100.9140413763739,-98.61392728964684,-94.40379580286219
2025-11-02T00:19:50,AP_5_124,5,124,wifi,5620.0,0.0,0.0,-105.95115801071464,-95.32061414102516,-100.20577907649216,-97.22332455643456,-99.31939416623776,-96.80567693828259,-99.58973311827766,-101.01201894566044,-99.4730063364023,-102.71100810440858,-97.06907404482982,-96.74633519308144,-99.48696959197383,-95.21832392667532,-98.3576713594573,-100.76674513099502,-100.67238383288696,-99.10440869295762,-99.15593256096756,-96.58562093531344,-97.6119013183382,-99.44678766151004,-96.98736139630498,-99.879170268564,-95.25640024063617,-95.69438673188064,-98.93432097391722,-99.26654660341605,-97.41204436607009,-98.21288490399816,-101.43734122076341,-97.1228599089,-97.28404183154298,-96.4416008288537,-99.98067303258124,-103.55876025665697,-92.74476655263473,-98.42092689499998,-100.9681657410536,-96.56348268751088,-100.30353079543822,-101.72219471824071,-104.59826284346755,-101.07864569484398,-101.40918598852853,-94.4630957586737,-94.03802687509666,-100.12989861592631,-99.68145042595945,-96.4527338804616,-98.36235939840023,-96.84926391963553,-100.91382168564719,-98.3333845840993,-95.52598976183913,-102.65603565587965,-94.93524088447131,-96.82778724294812,-97.13445903970221,-105.72667064881263,-98.06583222216898,-96.93582171869166,-106.32738635553979,-98.94403830938685,-98.37579914742888
2025-11-02T00:20:00,AP_5_124,5,124,wifi,5620.0,0.0,0.0,-105.94305055689674,-100.40421860653625,-105.02666387283419,-99.8043826326464,-93.46257124733259,-99.22937024295508,-97.74346977550861,-101.58909218662596,-97.61856019548962,-100.05626263692459,-99.85912713378828,-97.59283936007817,-94.2807863972102,-101.58468505691698,-94.61947266951564,-99.78916524394991,-100.87419520174447,-100.90140882444396,-96.02236348927586,-97.07907274258558,-101.04596089693571,-99.9449955514965,-98.92412609583766,-105.5327530579725,-97.39806962333344,-100.61095370707562,-100.30142769507846,-98.5164248862566,-99.30068391650991,-98.34466489670977,-102.85929588326363,-96.09870492455461,-103.65241129150111,-97.09457365661393,-98.71034002986715,-99.40551258810567,-101.2850338214264,-98.28478604372374,-97.86634593788571,-101.12284042470544,-97.70466825469371,-94.89083754533463,-98.12973130658793,-95.23435910510128,-95.62885642786621,-100.50408099369919,-97.49000381537759,-99.57889379636387,-99.06849323831851,-106.78949205943422,-99.22933022413774,-100.08187060732146,-99.16068032230204,-100.7506193392887,-100.43352837089493,-97.10697435642922,-95.81771987247147,-99.3352351332667,-100.58587884180317,-97.83996582769826,-99.96877290905742,-101.55223679275659,-99.56994734219361,-95.93118715648353,-102.32662373561189
2025-11-02T00:20:10,AP_5_124,5,124,wifi,5620.0,0.0,0.0,-108.53659449425471,-100.36506488321207,-107.33909531497879,-100.06894811936745,-103.3197476862916,-95.97940790237841,-103.63817113575529,-101.27846762854763,-100.24971845716023,-102.05644164681723,-102.92417906581255,-100.89907572488718,-102.12630178132453,-97.20546080100807,-105.50140687001176,-105.39839011288352,-95.47943347447023,-99.16088966917427,-97.54235941236792,-101.85387267206113,-100.10273871418661,-101.9246643839718,-99.18537887006097,-104.70775273130322,-106.11532041970227,-101.1813734621444,-100.30021765320056,-100.25440525339356,-99.74843515659607,-107.18509234874726,-101.26575054251428,-102.2956341643822,-102.14156921198614,-105.55114518480022,-96.25568145340837,-102.70736591603207,-96.83075975058195,-97.32786175629171,-98.58610316958563,-103.94641283301036,-102.47767238537207,-96.9042625389093,-106.56739388529101,-97.99747866992604,-94.63967730949595,-103.10224260486498,-102.88134660517677,-101.03349725640402,-101.00843862110106,-102.15326361982119,-103.66414646399303,-98.99089787768598,-96.09371362005356,-103.26714463327775,-101.73729518549943,-100.15170176697838,-99.18691919294425,-103.71103799703411,-101.84603552451297,-97.6469585024227,-101.50420501189828,-99.0760136679653,-94.52886787553832,-102.86708531140938,-95.47853439051782
2025-11-02T00:20:20,AP_5_124,5,124,wifi,5620.0,0.0,0.0,-104.70523859807541,-96.07283583282057,-98.28706140648829,-98.0761318172055,-97.01023166527185,-97.06375347654586,-97.20191487104447,-99.35868864301382,-102.04313768524243,-101.75290329571075,-97.21225603864019,-96.1672729640693,-94.99883430693262,-90.9983139356323,-98.09934835149075,-99.05077011501113,-98.39582758116785,-99.83381587141908,-103.28056967340599,-102.41001123922716,-94.9310175318122,-101.92912282489037,-99.1614001638465,-96.8732918842386,-95.84147251736043,-101.83031833718209,-100.02319825508648,-94.14839757735103,-96.8310218405068,-98.6571696881525,-103.14510638905813,-99.17695931133213,-99.79424120037575,-96.86073449356823,-95.6569005145901,-100.01826214111459,-96.50486477213298,-100.8718989415044,-99.1632718756668,-93.25149654584509,-99.23906697756328,-99.61275549280573,-95.79716206003998,-95.81290972493446,-93.53868723283207,-97.18087703151454,-95.86705497907161,-93.02411855781786,-101.214100826881,-98.09123812927655,-96.26211918180294,-102.97064665107557,-96.59042497080782,-91.14024681849395,-101.62958497237872,-100.36965873064423,-98.98891165242506,-94.51465779125225,-94.66900463650404,-93.09215169547969,-98.68155324222558,-100.92327871070614,-103.78010198986284,-98.80245461628024,-96.3171630704944
2025-11-02T00:20:30,AP_5_124,5,124,wifi,5620.0,0.0,0.0,-107.90402109876617,-99.41344016440098,-99.75114931498447,-103.1205076335924,-101.79112475069343,-98.85185651389337,-103.5765983225655,-102.22849989578685,-102.58503719877824,-98.18820129488238,-101.87312656589201,-106.27451132737153,-104.03014063290125,-99.58650909963089,-103.64523477481093,-102.85279605871803,-99.02200868665963,-104.26483311933782,-93.81190543258184,-97.98843253028373,-95.70698735412988,-105.97168954382582,-101.53680247601973,-105.75760811487801,-99.40561256161605,-99.59393757949846,-97.97979776423932,-98.50452505252356,-102.06383100604992,-98.70083563218776,-97.93058916811329,-94.43347974776292,-97.6877995278669,-96.95341289893784,-99.21444297437175,-97.83773882415893,-102.73034513601876,-103.00663759175525,-96.16755237419093,-105.46717898844604,-101.57126477174656,-104.36425318462778,-104.81908463895878,-102.99151851856018,-100.60493783494564,-100.86703698474093,-103.13772745615464,-99.101847440931,-104.8344125601169,-96.66936509528459,-102.21581964882968,-97.76467145984233,-100.67038779347509,-103.79921079464222,-96.63644172838231,-100.51800943313165,-100.48735236058036,-102.0469827561195,-100.72455313019007,-99.91683809500084,-101.27056305011979,-105.10203193355464,-106.1267225035622,-100.36284724943637,-98.77596414381979
2025-11-02T00:20:40,AP_5_124,5,124,wifi,5620.0,0.0,0.0,-104.54720683587963,-93.5885219255093,-93.54160979471838,-101.13013572627548,-97.55458955107574,-99.53407846196164,-99.39824300500067,-95.37266667633939,-97.3474668501926,-99.1233359972931,-103.41132294481888,-100.03858666771022,-92.15681960382197,-102.0746427470902,-98.62296755778421,-94.6683668462094,-94.37178818764848,-97.44307544377958,-92.35846576147472,-92.03870009680776,-96.7028039291609,-96.30681355722606,-102.9023415837139,-92.43174116321073,-99.15827571762546,-98.50109221108742,-100.06744607281865,-93.69234404285953,-93.6796329853817,-100.06857965873739,-98.34476989126175,-89.65872924605554,-92.68824874586635,-97.72093578152413,-97.83763742964739,-104.17050686113726,-99.29613471795133,-97.82797260777483,-97.89710481007046,-102.49831194723635,-104.9547420792262,-91.78253427245363,-98.60378089864406,-101.02250986411968,-99.85506082204655,-97.15177882165403,-94.17496363380448,-98.31860315277555,-99.22682960991125,-98.54412985151023,-105.27045318519723,-96.0046004970119,-95.89929116005271,-94.27959380991459,-102.27976233442244,-97.82282039271588,-96.81562131635293,-92.67255184968857,-96.15175852245292,-96.55208210200273,-95.9725243850867,-99.65989239904823,-103.73504385831572,-97.7054164971424,-97.30524081041078
2025-11-02T00:20:50,AP_5_124,5,124,wifi,5620.0,0.0,0.0,-106.03920902137739,-95.27918559513249,-98.814271867898,-98.08389553290273,-101.67977620197603,-93.3535127318427,-95.9970145544201,-97.43611958212375,-102.0696342180783,-103.07461831413345,-101.04917202101711,-101.80187593649548,-98.89725813663165,-99.06090028366106,-95.49970387339737,-97.27350536846825,-102.12336291406201,-96.63101425789212,-103.53301039600703,-101.64327976687386,-99.59172999998165,-101.81384890659196,-100.25043231177912,-98.6128630732382,-99.53068053244357,-98.83837107728137,-96.21757985313486,-100.02132100002743,-102.70238324346813,-98.15206148494288,-97.99023318595742,-94.5303435501359,-96.61111448016624,-97.80685777721288,-101.71068967642573,-99.88840925198336,-98.02795100303783,-104.13174489749555,-101.94196677693684,-96.35008658891225,-103.67778590010141,-97.37677229864947,-97.2972321818792,-101.68266883718415,-97.99619845624316,-96.28541232833417,-96.70583554101769,-97.84311705282957,-96.83454687382661,-98.57031905568152,-97.9174722112637,-100.64994295218054,-102.81347190035186,-99.62374014912979,-101.98524634077576,-98.84357593929904,-100.298669542388,-99.34396943168018,-102.12551136201941,-92.68911726112648,-96.82624021465143,-94.29615808753601,-96.88745877319057,-103.61828152844403,-98.79488791401644
2025-11-02T00:21:00,AP_5_124,5,124,wifi,5620.0,0.0,0.0,-104.98636708144431,-94.7945763429677,-98.29926254945073,-96.36871640827057,-98.57309902090286,-101.56823257302541,-96.09898186025728,-92.26901561583158,-101.40870954449525,-96.5888448247555,-95.7318085925435,-101.08672037363968,-97.96068115343463,-96.65354730642127,-94.41243186053725,-95.59234296862299,-99.38786677158481,-96.72495002230481,-96.64690633795114,-96.21634153781292,-101.30137874514028,-101.75748901078052,-94.90445929328567,-98.67737328842564,-98.50105767475321,-96.20828397121316,-99.89557537014842,-99.0504407990145,-95.14604541084461,-99.24066886560851,-100.57040402104057,-98.62713393630456,-96.80825023734562,-96.10080836917467,-95.99129614825726,-100.90659015023117,-96.81489847029569,-95.46109637986554,-98.69107994324914,-97.387894155478,-100.95000009479897,-99.3361735771889,-99.29842203128005,-97.32549796463864,-100.56775860730073,-102.5207003366773,-94.64044054368591,-97.21979802887043,-99.73491852420439,-102.17977571500602,-90.96916821581017,-101.30638596983843,-98.47120938124039,-100.1639609167083,-97.95037339431259,-98.41701628291278,-96.1024817421743,-95.54625899670532,-98.32035115484284,-96.40106603229044,-98.98784266937167,-98.60460350090727,-95.04142681917499,-102.08344317102599,-98.91519617635306
2025-11-02T00:21:10,AP_5_124,5,124,wifi,5620.0,0.0,0.0,-104.6185656461288,-95.15376832238347,-99.1039192390152,-95.45271663044336,-95.47481385587037,-93.04236732514109,-95.56833569347425,-98.73938170159789,-104.9597992571777,-102.23113143038229,-106.01827842990049,-100.6498359385739,-101.76290815339422,-94.44437818265041,-98.69622136551855,-98.56184116187606,-97.05631311097484,-97.17313123150667,-98.42931437342396,-93.46425075009886,-96.23521026253806,-97.73876280987984,-101.25419766277099,-93.3608574644638,-90.61250129800152,-99.71762084313471,-98.94169923391667,-99.34920554782295,-98.45765065985826,-93.73646875067672,-96.2286031711323,-100.61125766518553,-99.36063339392962,-96.8355165429236,-99.15080916933866,-97.28388457635184,-100.2158821980383,-97.45968437192167,-95.36463899665503,-103.10163175696137,-99.53800149144253,-102.16133534767049,-100.8777888638571,-96.8336942290507,-101.99898755221025,-100.69268038763765,-98.99105924622788,-96.05252640898043,-96.10783814257127,-99.45182558069311,-96.406317156771,-91.9908517777508,-101.19452006675866,-100.48274053375827,-96.72981798652174,-98.02770216517754,-100.62881740529846,-101.10906460695348,-100.50986354897347,-96.96949611783305,-93.05911368714193,-100.4318297707521,-100.5363601859512,-96.0970391919002,-99.10399838384234
2025-11-02T00:21:20,AP_5_124,5,124,wifi,5620.0,0.0,0.0,-105.65111506801222,-103.42011702040773,-96.26151572380455,-94.60726080266723,-97.98969686735332,-96.6243242218488,-98.65801259743368,-95.2881983945206,-103.11498290690368,-100.26074183853996,-100.12834312105089,-99.68148488661333,-99.32315734232135,-92.52158233577491,-96.6534703776245,-95.7559452769474,-99.27984828682636,-101.79163702790655,-99.87453687605229,-97.85587592416852,-103.1663841396254,-99.315950561386,-97.62017593660468,-103.50918504604664,-98.74225929050819,-95.20560632654227,-94.55555809050905,-94.07582109216574,-90.29981859889493,-94.8616055474661,-98.91035553002662,-95.27149191127955,-98.40089647732175,-98.42207436712648,-101.40529315672792,-98.26935309613694,-91.50066082431343,-95.73087568063525,-99.87493623061688,-94.85600443572356,-98.25729487075895,-99.39177931979687,-98.89641535274318,-97.46055800704113,-100.59470290782305,-101.66636439024865,-101.5594913808144,-102.66331085353414,-100.89242304617507,-96.81618013531171,-96.75096242906716,-98.86542830187535,-94.04115707808795,-97.51601181496521,-99.37215685961003,-96.1139368255888,-97.04208268972748,-99.1046007679483,-99.09942264453205,-106.89743594134502,-96.92085217979026,-98.7497278663253,-98.51431659263773,-97.50908863259919,-95.45552133529789
2025-11-02T00:21:30,AP_5_124,5,124,wifi,5620.0,0.0,0.0,-105.51170265586111,-101.01698963019864,-101.12161685408998,-94.59818125331331,-97.19273204492612,-102.33817205833064,-103.32181715009979,-101.38431049639628,-95.39461945874294,-103.30886891918252,-98.80729464247497,-102.96773027581122,-96.65856872997233,-99.46140180782717,-93.45669171362296,-100.85847256822835,-96.75268928478698,-100.35095690084037,-102.30832833628018,-101.09707588376037,-97.90826960287892,-94.91663288808007,-97.63908658163582,-99.68827312690671,-95.02695198329344,-98.0184116960059,-99.4868693162048,-94.0359519543589,-98.21712911100643,-96.81649941038307,-102.0573761780714,-97.19665254788322,-101.77778145926419,-95.98300813959455,-103.47029644092511,-101.84284556069936,-94.62987324903777,-92.53414748483624,-93.3719529217738,-97.33288139209765,-102.2910063575864,-98.95967429435457,-94.6343210712978,-98.8979118378237,-100.2498832246162,-102.63050313317046,-92.88043123324253,-101.45022056735205,-102.50859332893438,-95.16391683572246,-97.63984919325088,-100.35105400426559,-98.40159482532361,-106.16360523089,-92.28676006780636,-102.65422621406881,-96.14341333818251,-99.41617040405004,-93.8886325268686,-104.57322144891698,-98.51413606807608,-98.68759944014006,-100.19824137603167,-101.34134925438725,-95.43515597353318
2025-11-02T00:21:40,AP_5_124,5,124,wifi,5620.0,0.0,0.0,-107.55708886294808,-101.3087040662877,-102.89380747532515,-100.55611727741271,-97.32101773990841,-98.76653503358719,-96.9190885341873,-99.31530299160659,-100.99035829759492,-105.30290967561352,-97.93989888114486,-101.446783817169,-102.45148847841465,-100.3487426817187,-96.77320301700355,-96.96010758285438,-98.77677519310076,-96.86515348816278,-104.22962318790134,-95.59680133457874,-99.04008477492997,-104.9176194320885,-100.04970589032483,-106.3670000816696,-98.66262603211507,-95.65171241870095,-101.81053023453175,-98.54650658423863,-95.28926170243223,-97.81923632986141,-97.26767592750545,-99.3895763268996,-95.74342836288827,-98.33671683030357,-99.08129346362061,-100.82400700534401,-96.90342308312388,-100.46048008957641,-101.25297096613726,-104.26424713028315,-103.10591952487938,-104.20237223143342,-104.40643057357197,-96.81741480744162,-102.62577394091399,-96.83724936886661,-103.20086884700574,-92.1649814972372,-97.38739076347365,-104.90689009865781,-99.19046578266405,-102.42237453259901,-100.70703849799031,-97.77177783230695,-98.47019701631883,-98.34584639676444,-97.36496411781322,-101.74841429908615,-97.65963887207171,-98.27680046938428,-101.18761128425578,-95.55514245191429,-98.95782735180713,-99.62537772333313,-104.38631829834924
2025-11-02T00:21:50,AP_5_124,5,124,wifi,5620.0,0.0,0.0,-106.3595506557128,-106.29641611202145,-102.51957131268964,-103.7178102846405,-97.46642749832787,-100.60824303035332,-97.42778022413731,-96.47290057931617,-98.36210252482535,-96.77184405143203,-96.29281168029983,-95.64806516956807,-101.39235470308078,-96.22591148853229,-101.67798568398968,-94.20664844736685,-100.48574385910145,-96.17354822859822,-98.49190967042972,-101.69738757137405,-101.93545796865847,-92.8819105278525,-100.22360237857667,-96.97459280194302,-92.76278579253947,-96.98603202955483,-100.98762550334413,-101.71492061352909,-104.00642010042812,-92.91304055785734,-102.12486394864797,-98.62429489259911,-95.9166993805567,-95.49895905697564,-97.60947603572373,-99.43581490481841,-99.22584243736337,-99.10927846265479,-96.8271986274293,-100.02048872877481,-102.70828389564353,-104.79341860174306,-102.88600566119455,-96.26003160324166,-94.40211669265254,-100.59488594425589,-97.990772436072,-97.88735461551649,-101.4807936519876,-97.03862029559252,-103.01967212599801,-98.92841305587098,-94.61443045099777,-96.02861880970298,-96.94692214610387,-102.4140289009911,-96.59053606067164,-102.22632691721289,-102.88212934322979,-99.14287747592944,-99.94647044187464,-103.81001932044649,-99.16136103563043,-103.91739347799005,-103.3605249096358
2025-11-02T00:22:00,AP_5_124,5,124,wifi,5620.0,0.0,0.0,-104.4207188738779,-106.24632710473863,-96.69728487270787,-93.8675250305207,-95.58970122088249,-96.24788546638881,-97.18289850873869,-96.73012017202362,-99.97538005174064,-97.60892555313684,-95.52696868031009,-100.64990769268137,-98.00476425615744,-96.63252151094729,-93.88811463668671,-93.62179666990744,-97.66429658773092,-97.877200408237,-96.30905491055312,-94.70185094968264,-100.02066258925373,-96.03768119722375,-100.11657524921303,-101.33423579806794,-92.9643965395374,-99.47067155566951,-99.43679909164817,-98.86188862613102,-97.85663383949382,-94.37610336365768,-99.54824693580333,-97.37591618572223,-99.54697124135049,-98.03715434488359,-94.44092878293056,-91.29804672397309,-97.99272454398884,-100.73074542555132,-93.4739661591357,-93.00813958303961,-99.98777100546684,-94.84330769052661,-91.64176921083359,-99.28004709443088,-95.62181721726549,-99.849538193036,-103.42391844935582,-97.10747882105667,-102.11079319593341,-101.41497376821417,-103.39538710151717,-100.15950414647945,-97.63639267048579,-102.41446739328907,-96.06778353803638,-97.06388483299361,-97.38549060231672,-100.23246834904674,-105.05000024836582,-99.79057755217653,-101.9808860026978,-104.15483487863179,-95.36501330264299,-95.265090368041,-97.59650616138732
2025-11-02T00:22:10,AP_5_124,5,124,wifi,5620.0,0.0,0.0,-106.12583600745508,-95.1992096186381,-96.57530523181808,-101.95404912401948,-104.66204286466514,-104.02108846782986,-99.41154542846618,-100.02374300675005,-98.70305036184614,-97.94403788579022,-102.48991744721899,-101.10655878762381,-105.7322387220873,-97.03221956149378,-101.24975190447888,-96.67926560412482,-100.96349640865299,-103.64487973429951,-97.60269950083972,-100.92861987344233,-98.96328240980253,-97.94829182195369,-97.28414736243796,-105.40292161168679,-100.00937749707883,-96.59984326393861,-102.52545567116962,-102.40462146065838,-101.29685698119802,-96.11305920327156,-93.60497133326521,-93.43958029724334,-97.51692834730298,-98.4230700789219,-98.93578418072669,-92.43357994600883,-97.66499447220004,-97.29355003646636,-103.78455829722404,-97.48307853713752,-100.00811522666753,-99.8725759101138,-99.29223024712739,-96.27639537482959,-95.70925343255952,-105.89464768915398,-100.24710192790299,-93.0856677839449,-95.68433744021732,-99.90771909037954,-103.18519791099621,-107.96885820627948,-97.9736783709419,-100.43159935792569,-98.38942658550872,-97.07070152728778,-97.5935073075564,-97.73344676423993,-98.08259482512285,-99.25614544182561,-100.43198118051973,-94.10714583152095,-99.14535984670705,-99.02524272272686,-97.61053282920508
2025-11-02T00:22:20,AP_5_124,5,124,wifi,5620.0,0.0,0.0,-108.03429455585515,-99.47212417312329,-105.35322844554423,-101.83604954182968,-103.51951297643996,-94.83779276210461,-96.36046585822537,-102.78426736172055,-103.43882273061482,-94.08598221060349,-101.59088093048288,-101.3682642113835,-103.25517924213938,-96.73325551143176,-102.18065217685869,-99.5777792980719,-101.38464161304188,-103.94422852411772,-104.79474559595306,-100.87397435928594,-101.83771739815691,-100.88051412432763,-98.11223297440321,-98.69694799197737,-100.30577854348535,-107.87577989928825,-104.27289875725103,-103.95253827725,-103.10971918253216,-103.153833510657,-94.07743733402832,-96.41849180288504,-100.89184444586309,-101.70083302060549,-105.71360106000476,-103.098673562523,-91.73949809187961,-101.26851399177838,-106.13307795949862,-98.68570423043695,-98.10812716284306,-102.07510850502194,-104.26484079119183,-105.16859676789755,-99.53527765658855,-104.88130250829131,-101.81329494076093,-98.52822729779369,-96.72330567124457,-103.21403173548278,-104.51244050462495,-103.13257577024423,-100.89377381816674,-101.09060848149358,-100.20533955247045,-102.80814273214507,-103.8736739999989,-99.02821374749641,-101.4990115490303,-103.81950027850445,-104.16628154964782,-103.5958213421783,-101.73377957180976,-102.36015920996391,-105.47844462252581
2025-11-02T00:22:30,AP_5_124,5,124,FHSS,5610.182523320589,7.754243802174387,0.6738511200535338,-53.2965488640695,-99.34249842169424,-98.39129494758514,-95.27906194544165,-107.69626706747076,-104.54175099816678,-101.36202558508327,-95.71545627593909,-95.99172301436315,-100.50592446937145,-104.41277355110464,-100.1262676269605,-103.67241717186793,-105.26385477874145,-101.5536552745238,-101.04466699912372,-104.12664936697063,-99.577242993208,-98.02588387993399,-98.07449651924418,-100.2710571865545,-101.44252815511133,-102.09989875145867,-94.31909417794934,-100.59004568929006,-96.6513992569946,-99.36913736016811,-102.14746127224772,-99.44410241271493,-100.69610789092695,-102.35862297539099,-103.88693289308495,-103.28819387961852,-97.78481096424781,-97.47515599619153,-100.1594195856311,-102.3396310986262,-103.76366777935755,-98.89221910972228,-100.49604504076108,-99.17057193975971,-100.5202747194322,-103.0761669361196,-98.18873656263101,-101.30782460651163,-106.31538295992233,-106.28066936481885,-103.85673969073903,-100.24252077132515,-102.49788883039098,-96.60400283991999,-101.01830340037137,-99.60620819998404,-97.40924133138259,-99.48690252852717,-98.43887705051648,-95.42194428612436,-100.32834852535358,-99.39405259036296,-101.45553303610917,-103.0105001749861,-103.25873758058549,-104.68264196716221,-101.1786039273497,-97.00705101809399
2025-11-02T00:22:40,AP_5_124,5,124,Microwave,5621.491224857164,4.494570919951747,0.5090190089772636,-53.20818784476292,-97.93696851617133,-95.34520933617063,-103.58542041362503,-101.92127222160579,-100.51140854070272,-104.69035761472594,-101.46071293668153,-95.63121761308949,-100.62959273759249,-101.40038004178946,-97.91855067849578,-93.64495113468027,-100.94755292376553,-100.02347848458842,-100.83568963672762,-93.18505818021826,-101.73657159966571,-94.20322966379572,-104.91514724268599,-96.44210319383431,-95.14718251728061,-96.21272396813757,-101.0229507116385,-103.1117507914712,-94.93638370258056,-101.07488023477994,-99.58929019779102,-101.4511792005212,-101.7109826478574,-101.9056355122836,-99.42727167618128,-96.96324915785812,-92.88327040554691,-101.80460105342986,-100.5279750891903,-98.09088025630004,-102.19872443911356,-98.77841674621305,-97.61094638852032,-99.71444210640716,-98.7278297570308,-99.28411952884659,-99.5755406184711,-94.72977564341635,-92.81938510423663,-96.25155845558463,-100.98694800267286,-95.96366513465252,-101.85488972200523,-95.88795017686265,-95.85123558681671,-98.31515348731868,-101.0671459487165,-101.7573515130877,-96.02672127815845,-95.89454846727801,-101.30102504256189,-105.15366051058538,-102.36305324112817,-99.25336499122268,-102.31161078151203,-96.2099658731364,-99.9605384109032,-96.17538102769996
2025-11-02T00:22:50,AP_5_124,5,124,ZigBee,5606.637161253526,7.386498657257304,0.7349583718604797,-53.86270167088457,-101.75990707748123,-103.19656024695723,-93.724816629714,-95.6483271554075,-98.62181348340988,-103.94019412029648,-99.44599884699933,-101.52442335394197,-106.8232670788555,-98.62516574559996,-101.22230693028908,-97.11095159280057,-100.64734759308489,-100.41803768620615,-94.69913813535204,-99.0214704894372,-103.61300047181233,-102.8832046657526,-98.68818910835824,-102.83526976186796,-94.15818909891578,-103.20757980286434,-96.35081613472502,-94.84428407306174,-98.93185154306833,-95.38866313113915,-102.2391235992981,-99.5584854764508,-102.31067240421342,-96.85607628970399,-95.85713029592725,-95.02677031310444,-96.72002953169536,-103.31840598881787,-96.20043372996578,-97.49887808955239,-96.147974410561,-94.64111659607309,-95.313403575263,-96.19976749332638,-103.02203059411066,-100.86209982420802,-98.25388450657265,-93.4353586260076,-96.91447035669019,-100.72673224042853,-99.664225145927,-96.9244869284612,-100.24934055249322,-102.29858521955877,-100.76107541413631,-103.99489487881888,-100.1493775436929,-96.96162889525473,-101.56396921515125,-98.04509538741262,-100.65675721992015,-100.53957225889802,-102.01498956896476,-96.84425790479975,-99.46738908006867,-101.31027198334988,-97.85472854682696,-102.75953896782464
2025-11-02T00:23:00,AP_5_124,5,124,BLE,5617.0344548424555,16.076726371946386,0.7423505331437619,-65.30605378679249,-98.89107421416762,-95.51101810213794,-99.38178435434924,-100.77255891629666,-95.22083052417469,-97.04040914937471,-95.76454504372192,-95.0080763201456,-102.49497577675596,-100.24598219978535,-97.33292065845502,-98.33203018740353,-97.00496622488552,-101.56030797102494,-100.91375449684269,-96.74468221477531,-104.0089997702438,-94.14857554112683,-100.27345890852199,-102.76483220206589,-99.15269721746995,-100.43950064305754,-96.17100712392046,-99.35213955581295,-100.41612286336746,-102.8473279296354,-106.60555465036371,-101.17616717798597,-100.074931832231,-104.03629706051949,-97.22062869777372,-98.62725688843366,-101.8523091229609,-101.50131802229788,-100.83239362931441,-103.26635934088108,-98.66879164444934,-101.90856939931284,-100.51010693543927,-100.39802339317947,-102.0637013544497,-99.87436773843102,-98.08576820444414,-99.82783169330477,-97.75276998905957,-100.08813270924502,-97.73329132732138,-96.30298243413976,-98.89508347498771,-101.44943345210591,-107.96594621119479,-97.79759720851493,-97.88606173525787,-96.49986973952112,-95.93992887093107,-101.21448618190347,-105.09243353233296,-97.92217806555489,-98.77413388484376,-99.39285153098297,-99.49742862103832,-99.89016288059815,-98.00507678259807,-99.32794325142686
2025-11-02T00:23:10,AP_5_124,5,124,wifi,5620.0,0.0,0.0,-104.31716403676266,-102.35220464251177,-99.95604611218357,-96.37843969239127,-105.0062914245168,-95.3949831692058,-95.78988386746667,-99.10579881412852,-93.40589235782075,-95.45491885959552,-98.30687381774081,-95.83428823489703,-98.54877450038074,-95.71439774183938,-96.6867959038487,-95.26967129869136,-102.86699730495086,-95.11444469302198,-98.76274829674949,-101.00458719082711,-97.98997255030804,-94.22552228106763,-97.30536978229898,-101.58982291195248,-97.07185979579774,-94.82663691784732,-98.42075364850388,-97.30310371113163,-97.76118047142391,-94.66589336105848,-94.90650446255904,-101.5208206230617,-94.51681330210208,-94.23629069064823,-97.44346898397991,-95.9884094906721,-103.57860923080509,-96.21536905921558,-93.75025769319475,-93.84267210466639,-95.79253706903775,-97.43143594505607,-91.73752168226137,-94.66799515489518,-101.33038223092198,-95.83815866316634,-98.88948705136737,-99.13530793373005,-95.96776999792523,-98.75137235914103,-98.11077334069509,-96.57691355169622,-98.65649886468276,-97.78472240221672,-97.72893061086762,-97.94572780681469,-99.29395406534161,-101.64325009410076,-99.17776242439106,-101.49284916195394,-100.31352461006705,-97.9824254285264,-98.1121527144897,-103.30010571532303,-100.5696468056993
2025-11-02T00:23:20,AP_5_124,5,124,FHSS,5610.1145959211435,19.692073680771852,0.7677926851819419,-56.473639021862624,-102.46277341233498,-97.22038871409289,-93.60040959996331,-99.6826927965681,-105.62653449743065,-102.13520519042213,-100.6843477245165,-102.75619241902082,-98.99465442185542,-94.38225406792012,-93.84148955124455,-96.89157059706781,-96.61738960493213,-101.42218915572388,-97.88611083443553,-99.27056600913367,-98.92829968564418,-95.17024815417237,-98.51115624844982,-103.1103432897511,-102.39523516552407,-99.74083349545118,-98.32453020491214,-96.18480933047125,-96.01565192650621,-98.32346741277117,-96.90206287129956,-97.58014371523304,-100.42730305477426,-96.0406374039435,-97.87954029965306,-98.4400144705874,-96.59014470080449,-100.39585729997167,-98.35671325960644,-98.98661637893878,-106.56568245587815,-104.26397853893833,-94.94949445125384,-100.51809085966339,-92.40458167963737,-95.52770624061796,-94.71926444783757,-100.82389868490161,-96.67687422046045,-97.93311548861668,-100.49042801946919,-98.73836611307622,-100.10402435683038,-98.0315403142222,-100.53158928100673,-97.54593277219116,-100.50802351515955,-96.64283311363373,-97.64251772379221,-95.86060452842919,-100.20258580856247,-94.92699583897587,-102.43972832944459,-100.39930897484182,-102.5221675673463,-100.12605247822226,-101.76490012971279,-95.29147473446722
2025-11-02T00:23:30,AP_5_124,5,124,Microwave,5600.579659257832,14.130470597237677,0.7714108303734082,-70.73646437586608,-97.35467015487237,-100.12540404780272,-95.71375386297082,-101.00712560589207,-92.83359503707493,-99.68141505767713,-97.08231179837105,-100.68294070319058,-103.79429720971689,-98.99035958996205,-96.99767671842359,-97.12177434637982,-104.64156323983897,-98.71304009277155,-98.88573345093957,-100.41591926295966,-94.58183845149075,-100.18460529146792,-98.75562491406711,-96.9292649341055,-101.03019163263463,-92.50699765162929,-96.2954746622756,-97.22888525541907,-99.80655000386913,-99.08231862974608,-100.08468351013822,-103.7845813165273,-97.28265610928635,-96.76787720459821,-97.80008004315508,-92.62564418987554,-97.30893664109344,-98.19418495683247,-102.19986419398492,-96.20949020097358,-100.69156203705434,-98.44918451754512,-94.9469519511983,-94.09398709445802,-100.55543063092486,-102.2250181569433,-97.20234241556616,-105.85882509208041,-106.17020959271409,-99.54105134762294,-102.57040084116761,-101.65799562349243,-100.55416399110273,-97.61059273628959,-96.89420097877664,-98.85772293765511,-102.44393929734761,-103.76238370986954,-97.8559100897472,-102.51325863912481,-99.36970538339669,-99.22984870652922,-101.85990133471815,-99.01026063084534,-98.04520204239851,-100.63770661918369,-101.26936006741555,-97.81732742818917
2025-11-02T00:23:40,AP_5_124,5,124,ZigBee,5619.138301056167,6.978764321962549,0.7031912837982108,-62.57954602418104,-96.1060178275685,-93.84778677632227,-102.94850402198509,-93.77590294909407,-95.31887314941265,-99.54420969893414,-104.28181950144372,-96.36804251353581,-96.98047900128505,-100.6749690334208,-95.02262183589436,-98.69674866854696,-98.78649537714857,-98.47261531107164,-98.82406400469569,-97.09533116832495,-99.62776054858818,-101.79304357727275,-93.93942266583213,-98.31108227788586,-97.13462411994202,-92.36189972975984,-92.25640859602147,-100.24043201500218,-102.00695182061958,-96.88335265527442,-93.62821660844916,-95.65300582654703,-101.86086652839711,-93.65112511026142,-98.03756847628618,-97.1798909451896,-95.9298628245909,-96.97430029377048,-98.70913727589755,-92.40694079508579,-94.23413317188437,-97.1850905741419,-94.73162808796485,-89.05725560273757,-98.5059089705817,-100.29413808462489,-95.32024585492589,-97.18097572257365,-96.34308028905834,-92.60221391373709,-98.53973758057268,-97.48047520360345,-104.30527097960707,-98.2379222136161,-95.81341887606251,-98.02573636269112,-99.83185223371102,-97.46917484483328,-101.66079406389527,-93.50429177308345,-101.13304662285307,-99.0453883193545,-100.62365809523773,-99.33638459503233,-101.06832746473822,-92.60128837243602,-95.21974782730705,-96.33971502313364
2025-11-02T00:23:50,AP_5_124,5,124,BLE,5601.867358449402,2.858004681981894,0.35129269927995255,-55.593063170086985,-97.73003812350919,-96.28787441084775,-98.46799877934258,-95.03843951991915,-97.01130082928681,-95.53106174390301,-99.12060154013469,-98.01204006008231,-99.12588811204114,-98.28018350212227,-96.07088004087325,-96.80582771245682,-96.48429385509775,-95.46504996349243,-97.81917755733667,-94.22662093646915,-99.12811494851535,-99.75531633754272,-96.46729599338175,-93.41340521718944,-97.17912367659076,-98.61874308950487,-97.94765034112035,-97.68746804511125,-103.74699455134346,-98.74536278194829,-102.37408679976917,-93.86995897387484,-97.75233975012215,-98.16633880974145,-101.58997235628453,-98.59174687498977,-101.39966504051166,-96.78904397669449,-103.16964156715599,-99.0608950904936,-100.42019262593755,-99.57195738807675,-94.27246106898644,-97.54684829957164,-95.60124556601347,-99.28737940750403,-97.1518263882269,-98.61293276769705,-94.71971043918924,-102.95131736441874,-97.74836562162133,-98.07599610346593,-93.31641045470134,-98.47173326051933,-90.88923668732602,-94.27050743214556,-101.89752063637496,-102.35208628943487,-97.15984965589497,-102.9890180218035,-99.99587902412213,-96.47359088265341,-97.96514197562762,-94.9001220051039,-96.2876923082858,-100.6366295409943,-99.06400318092045,-97.65292175806468
2025-11-02T00:24:00,AP_5_124,5,124,wifi,5620.0,0.0,0.0,-104.49554758006522,-95.61111353981836,-101.0063567467786,-99.34345977839158,-100.45165142356102,-94.44200524536782,-95.98470752149956,-99.58275088649887,-93.88991798537833,-98.06667397486886,-100.7613631696787,-100.02668661213093,-101.44804572636568,-98.0760435442085,-94.56546792453979,-97.72999876925861,-95.22935419020094,-98.56896662174708,-100.67706324778527,-95.94339247231774,-95.17731646474131,-102.5710322536649,-101.0395222843947,-96.73425054726314,-92.6940949111366,-92.26406710179783,-102.64458270499561,-94.87711099393594,-91.73654906501942,-103.12678225658743,-98.90205637300507,-95.29972528548716,-99.14509593260661,-99.02715844858213,-96.03795634428863,-100.61651234859674,-93.7098182314418,-92.85768620625645,-97.37092701713796,-95.26448399729692,-92.57522407037439,-97.52932895256598,-98.07826045595762,-93.47428577511845,-96.81995290845815,-97.61253680760103,-94.1019593313146,-94.49300780757794,-95.28514985196101,-97.53124939038001,-101.39358564068559,-93.98660930106145,-97.28320015760326,-98.49470836043484,-103.23566378232067,-101.00946279216463,-98.24787854035206,-101.23982853531759,-98.18624803733148,-98.85394355924763,-104.04444046174146,-95.80135192625593,-95.500272983993,-99.10620214215984,-101.74456505265884
2025-11-02T00:24:10,AP_5_124,5,124,FHSS,5607.184949644044,14.10396407138473,0.5834034804329715,-65.91004367302513,-105.25053995457375,-102.80297808420377,-102.05696402082289,-100.00376714322107,-99.50387369511299,-98.6932538509974,-101.33562075322132,-106.0024609436265,-96.87497547629316,-99.63016868854956,-106.24495385569878,-106.22581193690414,-100.97912122396389,-99.7319121721275,-102.5546187908647,-106.62236971436351,-102.15681324479287,-101.63091780985597,-99.04989589295917,-97.52016533710221,-99.572542408628,-103.54705724952719,-98.16143660474133,-103.81526166401196,-96.7697282436926,-101.42745664205978,-100.6786227540452,-98.20509386732917,-97.40344164969142,-101.74584859420091,-100.35449630999918,-101.28057374717264,-94.3355398586063,-105.55151817317011,-98.69016540315508,-98.52897849374529,-98.6654900853237,-97.81047273208466,-100.9530936289102,-93.39451861125617,-100.787723357269,-100.64578101563522,-101.26248015265188,-98.5080942575315,-102.48542071709652,-95.79091368186582,-99.99089143346626,-98.23478314964638,-99.59777567416559,-104.9420013375169,-102.93116507972199,-98.23336107443656,-102.16523455500071,-99.90267836161911,-100.9967850916143,-99.81916941844892,-104.23507825558076,-100.99971828049323,-102.72285200539744,-97.06770704485092,-100.64195907868292,-103.01849045786025,-100.33143467553616,-101.18108867596261
2025-11-02T00:24:20,AP_5_124,5,124,Microwave,5607.926270219452,6.390976407557132,0.32039984273389255,-68.57083062074356,-100.712821433545,-99.01201503429739,-98.36218563403109,-98.16963390257013,-94.38398814676141,-97.68037541862549,-102.24443840188789,-100.50193309646886,-105.12360956673656,-101.11497243199373,-102.87497438622341,-102.28477981731876,-102.33199706353979,-103.04843090053093,-99.85078332880776,-94.24025211364152,-101.1327885771019,-104.03763434194782,-100.28010732873304,-98.48469984151642,-103.48490082170754,-105.38679759441888,-99.95252408109518,-98.58047746097677,-102.06108078644215,-101.80927522202487,-102.47854778623034,-101.23489371351063,-104.89631001613604,-96.60509374785806,-105.40191397789633,-106.21976308083794,-98.31823029458518,-95.8357352760803,-96.27510839590781,-97.6897833290761,-99.06485327491178,-101.722042932796,-96.94201878573493,-100.62780732521365,-98.8738635349201,-98.42477037545106,-102.60240538548615,-101.04070428630752,-93.77755446861379,-100.01312716620323,-100.30875793951964,-99.80771789044923,-103.15227202464295,-97.93848347790033,-101.69009456540068,-98.33876565300196,-97.36482485971126,-101.82200631561592,-98.9010258551996,-98.93849415783495,-96.82568361956272,-100.28201416310874,-99.37841445805076,-98.61224059216319,-102.76897064166246,-96.47440691082046,-101.00500345354531,-99.4635665870501
2025-11-02T00:24:30,AP_5_124,5,124,ZigBee,5639.918385561022,13.004040004520999,0.5600003749462281,-65.8113487782162,-97.85260885765787,-95.27505199582203,-97.55537197547147,-97.44386079812641,-96.915460507026,-96.91446175197952,-91.44818780140224,-100.45303911778934,-94.15999634693455,-98.9577129622159,-103.57865175884977,-97.07134759202242,-94.70786025699573,-95.70197286123576,-98.72372660025131,-99.36207066297584,-96.76575116069097,-94.85174468966262,-99.82390582800632,-100.13719059417613,-97.40033055158001,-99.69709161177181,-96.14563650040573,-90.03597525181394,-97.07110448971721,-96.77273302903039,-96.18928711146846,-100.35654807963103,-98.72285538169727,-94.22843185719452,-101.553308596126,-99.20480822322364,-97.94027710814136,-99.694469364407,-100.73751445641939,-95.56548788253257,-95.26105649297267,-104.33446717414685,-94.51491402602576,-97.53007183267113,-97.20752409425324,-96.81185036650146,-99.15550743573097,-101.23516703853932,-104.46197376478048,-95.73785095569008,-98.66461551064907,-96.51033434207628,-101.5955849612098,-92.30127530899847,-99.90669882768147,-96.89921794564854,-97.40222479239911,-98.6224633829011,-96.67392320876156,-95.99859844236535,-95.60975312839328,-95.1879237621927,-93.69819068406557,-95.60689182730327,-96.11121031869358,-99.29796250112018,-96.12508368897565,-95.14020285892795
2025-11-02T00:24:40,AP_5_124,5,124,BLE,5613.155752420642,4.576646669337052,0.43183820631483755,-68.87474213602988,-102.6245033143331,-98.69397767511208,-98.41325657203629,-95.5978537011072,-97.4299018031585,-99.22749562488644,-103.18145197245865,-102.68677401041437,-101.23583872469145,-98.92486060614489,-100.27628213731313,-99.7580707879098,-98.7825280378397,-100.62488062973523,-99.62530041288979,-97.93314475709568,-103.10919736607029,-100.9364540687821,-102.43717776561053,-100.27068521050346,-100.4617323655311,-97.4750761845769,-99.5005866942337,-103.69948546414152,-97.7340113171587,-100.38125852151639,-96.5947491932538,-98.27055966104737,-98.60190925116176,-93.9705005271224,-95.75967369762635,-98.39340336569424,-99.41898755993162,-103.32232426886694,-102.77872780981176,-98.32279192137622,-100.67207031187424,-99.37339616993985,-100.62207785248927,-96.87843451615906,-100.10897346134865,-100.65294746200559,-98.9192222782794,-96.89076674612554,-93.94678783731928,-99.03616556308965,-98.00323742696376,-99.25453697382957,-102.05813497594599,-99.50846957604773,-98.83910431997128,-103.48490879233961,-98.89548153637382,-99.62211681663605,-103.14822929002045,-102.05301769124151,-96.72279602397974,-100.72805860538007,-99.94551205000833,-99.16311604176595,-102.65672918568531,-103.05535929541517,-97.50812659316823,-98.88375371989979
2025-11-02T00:24:50,AP_5_124,5,124,wifi,5620.0,0.0,0.0,-104.26165884643821,-95.42454892013272,-100.7181668015093,-94.18345388992411,-98.87242642246267,-96.41795715292777,-101.63583292035922,-96.09876299873555,-95.79041647113748,-101.12633833510645,-102.15536627214598,-95.95433622448627,-94.50164750901673,-98.90893985502828,-94.84948743284194,-99.64020420892294,-96.57493057490257,-97.27632195338619,-96.11109629251311,-92.4105585194313,-97.17654790633406,-98.99655989551113,-94.01493196539793,-97.74034822326439,-91.68553832498391,-96.28415936642016,-97.52666116817358,-94.17970150804365,-97.21779916932033,-106.2768007433827,-101.14309916346257,-98.10474158880001,-91.71251453660005,-101.4347251411226,-96.89894059097436,-96.36459645044661,-90.25515245223254,-95.35845512584412,-94.961753333121,-98.16829879538467,-98.08941841428793,-95.32592106914271,-93.88404690432748,-97.33990965821987,-93.32881888987096,-100.14435793747559,-93.80385935703849,-98.4686497419711,-100.51619383525694,-97.91149000654704,-94.84613861636583,-99.57160473053624,-94.4706769822711,-94.14675629187121,-97.24600434772915,-99.36113493887913,-100.22923652663694,-98.66801220329424,-97.41532540957434,-98.01379348915994,-94.39984665648188,-99.16078946637333,-100.87462790853354,-101.16320639505368,-96.38398291106566
2025-11-02T00:25:00,AP_5_124,5,124,FHSS,5632.33648907359,6.231764803909548,0.45657650576208775,-61.32017070214614,-93.47880839053292,-96.54814363112719,-105.72675118630276,-98.42629603778896,-96.53534197779935,-96.56554478622844,-99.50383019011649,-97.86400622833654,-101.61823692272046,-99.53121139845211,-98.5063589448528,-95.09487423950355,-95.75350457227188,-94.50956617537874,-103.31559398733194,-101.60247879754434,-98.35805052361272,-96.82624738607957,-101.38878415359733,-99.41587693008991,-100.91811474819329,-101.26741871501851,-100.84068083096307,-100.31597385063021,-99.112114936426,-98.82523593917263,-92.33805921603485,-96.77624117880463,-100.78768911812243,-96.04482066843127,-96.60860169041786,-100.22254714589513,-104.93112279590741,-94.91991587898855,-94.84296002972177,-99.9986368759873,-98.86613098806242,-99.85640560099637,-98.185404226833,-94.37506250742913,-100.33762684927467,-97.4311484349499,-97.20098474634077,-96.86738616466592,-96.52396495507118,-98.95711804829608,-94.73391337245074,-99.36298445524986,-94.58714394600395,-100.2604738946356,-101.02409716144324,-98.03094010046205,-95.12045587871846,-97.89110369426301,-98.27247287695197,-99.12662360274881,-93.97811931846519,-98.2884524795175,-98.9910607479206,-99.58828371893891,-101.30016065748306,-101.03936231915732,-99.22320575715592,-97.55784368509595
2025-11-02T00:25:10,AP_5_124,5,124,Microwave,5614.786156177831,18.171432645708947,0.37879397418865146,-51.526682948840445,-99.66961481971305,-100.67951372759278,-99.33657340541606,-101.56264515386364,-98.65010938560559,-103.68245385628805,-97.23728138826084,-100.19398841493721,-98.28574985329472,-101.4040451746289,-103.75266459842496,-99.20698705786535,-99.32886625212738,-102.14982092206586,-95.29898538255227,-102.15181927668273,-99.43350372445417,-100.68474228861426,-103.73650463522605,-98.13556680871639,-100.37704062928402,-98.43035446327916,-98.1955811822005,-100.91786869287321,-99.02295758070555,-94.64406489018148,-102.40282826031657,-100.47595952626548,-100.8866946030677,-98.39423118814678,-99.80197681261706,-103.10557327577541,-103.08028873133726,-100.9045704093092,-99.33188907318208,-100.92441585419736,-100.1998494305635,-103.7610894167662,-96.78135528945997,-101.90176522746896,-101.72667389942524,-97.11845016498289,-102.43044876995616,-103.6097762611727,-99.3088769843512,-97.34556296444073,-96.96801996890753,-102.00192905137561,-99.39111508840413,-102.91714338386768,-100.00804371279021,-96.3418800888492,-104.66407536951189,-100.56977073903536,-92.54191608907584,-101.679249077561,-96.67417030280268,-98.35163014281926,-102.67866988396878,-101.05179155556495,-95.66060313386909,-101.01035585442251,-109.00592962434858,-100.33818779014194
2025-11-02T00:25:20,AP_5_124,5,124,ZigBee,5616.395988012769,17.77333982109047,0.533799296541664,-68.00011107199362,-99.95139508237591,-98.48531031353953,-99.08864622241579,-95.64534936230898,-93.28872478316853,-101.171057508852,-100.81634781151126,-97.43575970319613,-98.7166969492974,-94.9769253868635,-95.35714392037687,-95.26887193439259,-95.73825675358037,-98.328321111861,-94.86716307408473,-97.71492667125077,-94.7836277773078,-93.62924937423874,-99.08128876423561,-96.33300229994471,-97.09028867536661,-102.61327586402416,-99.44152395775657,-96.19564894900287,-95.4165389241343,-102.70386701727756,-99.24111684087595,-98.37449605152673,-97.49677658636907,-101.86340847770748,-94.08505279072429,-97.9416929907841,-100.26335520967933,-97.87815899715723,-94.23097318142545,-92.33391251000295,-102.03266198325703,-95.65803488881873,-93.38678593811264,-95.80933951422956,-97.59566907110819,-101.02299504296553,-96.11568562602274,-97.6107278465009,-99.61704782206877,-99.5417789653511,-99.18823779480891,-98.48029992267868,-95.72603807143084,-98.23835867293819,-100.40259177637734,-96.11037790166236,-93.71230593447653,-96.3624743412297,-96.69933349179479,-101.28247202225224,-90.83332651096933,-94.77947639144266,-94.41918755675424,-97.42837305607202,-97.10969065914462,-94.25881855409939,-97.59583622073495,-94.25826935466227
2025-11-02T00:25:30,AP_5_124,5,124,BLE,5635.995762649233,17.782565536673815,0.344372158295315,-69.45937956594838,-101.27995461232109,-100.58610718931575,-95.33421612921711,-96.34349670657605,-96.11887525436352,-98.10874046356003,-101.9150532244834,-96.62279195146519,-103.39420858842314,-99.42818694593421,-99.96309960419677,-101.93282481568266,-99.51228689323834,-97.16877815351506,-101.70390096569082,-93.35407499465488,-101.18809975155884,-96.15639707040724,-97.4096805768476,-100.04857240619667,-100.71039697502971,-99.68086507784938,-100.41034401643317,-98.58770395154004,-103.42321207708565,-104.88656008383253,-96.21642214546617,-96.69098580282292,-99.05825426883243,-103.85046907764736,-97.8146340108472,-99.49917767991413,-104.20241776469314,-101.68471111461989,-101.10453480966588,-102.09020283255335,-100.73797296771434,-97.65977967945312,-101.53765535389752,-102.10431858469212,-104.98174003695061,-101.02102296408565,-96.11838803482176,-99.93760641650123,-100.972158008842,-99.204903734301,-101.32546750472899,-100.0721587287664,-97.26154848005905,-93.89823100788934,-102.37420581889296,-94.79649736922502,-98.16189138334411,-104.42673796699772,-97.34653414520501,-97.69422052662705,-106.86136747804552,-95.91818590613943,-99.28499983623817,-98.52198175810729,-101.60258929683647,-98.93559283974051,-98.73884108917596,-101.30852651143879
2025-11-02T00:25:40,AP_5_124,5,124,wifi,5620.0,0.0,0.0,-104.76069577060177,-96.70210331853406,-99.24625516883918,-100.78033187060677,-96.85627953415604,-97.93183774956216,-93.23605290405622,-100.72292889451043,-104.83159976990044,-94.8258824656124,-95.30949004768063,-97.35013631630343,-97.92557145507648,-103.29826251599712,-97.87617032176267,-92.04160285583487,-100.65515593544555,-98.40092569107064,-100.00901218156501,-98.85635400671262,-95.31183329219249,-101.5452604481213,-91.6451212143283,-93.8134362112034,-100.24247644040781,-96.15912050855316,-97.89677530516546,-97.51740487260271,-104.22146534385088,-106.40581292477532,-95.11937952140154,-98.05294476469076,-101.09758893063174,-92.13604019698732,-100.59529734662605,-99.38771557443818,-97.67209657656112,-95.08700796892062,-100.94415623542014,-92.31331482786041,-99.07021031973723,-97.57030146432548,-96.09996939203015,-102.82708250931078,-101.83220953685569,-100.77420814945543,-96.93676686777589,-94.56992391848448,-96.86564608629345,-94.3545574679357,-99.02480000272747,-95.86982514849858,-98.53901883008054,-98.63635781073853,-100.43983187394694,-97.2011042332513,-102.43482865967215,-98.50637786786373,-101.4458113531146,-97.41701510282931,-95.18791377469577,-94.25379470798694,-94.76101238887638,-94.17438331509166,-96.71440968271064
2025-11-02T00:25:50,AP_5_124,5,124,FHSS,5622.538598294118,4.483762781031891,0.38630805417413216,-53.6940203388487,-103.03417873235351,-97.70606159596484,-99.74787560595924,-101.45873089572473,-96.88508104503231,-104.12929546396865,-99.97599696799928,-99.91186608872495,-101.945389160347,-101.5289944112611,-101.302335653415,-98.67937876497679,-104.59231322966032,-100.70775112289364,-99.10394567402601,-104.71720894681194,-99.3057016877968,-108.17852719735221,-94.09067453686535,-105.21843596790998,-99.02864659630703,-98.31964220280814,-102.67641364641543,-93.79798538725822,-97.31595832751502,-100.99034368886876,-98.28060429500115,-102.31754463827335,-100.22047621085756,-106.4148174617469,-99.72820954444863,-94.6241050132299,-100.84307971923165,-101.91713619309523,-97.68975131179764,-94.96561198169098,-101.32369894397328,-99.5081931485794,-104.36130175618736,-99.66838366992212,-104.46021041280692,-91.31461345861163,-97.47117503351028,-97.86474303704513,-101.5264115008518,-101.62107752430383,-102.63980639663369,-107.48590858516353,-97.98023798319365,-102.33082498610203,-98.12600245832377,-99.10793108902402,-105.20692876715106,-98.81490966930053,-96.6145708539576,-97.70485828118446,-100.37152370712333,-104.48057838090617,-104.5632954140757,-101.00678371301728,-105.44053392645901,-99.62922411561375,-100.69305678344963,-95.59900625275861
2025-11-02T00:26:00,AP_5_124,5,124,Microwave,5605.29744246857,11.83995713898345,0.5218593577292324,-53.36933296979679,-89.68479375066781,-96.90182302789248,-93.53490055148214,-94.72802351923744,-90.70600647483248,-91.69627954269465,-92.66279282171169,-96.79056968595941,-93.40014441755199,-96.34974118470515,-94.20849474297344,-96.79666155085907,-98.01805856825914,-97.34901610397465,-95.85563629571175,-99.48172645414874,-97.94950035549304,-94.59742231150044,-101.33538296069332,-90.30830907365353,-99.49189132093164,-94.91325857338175,-90.16634361877986,-101.20493234760802,-99.8256459352099,-93.59404743599809,-96.55567307907071,-96.83141793372923,-93.97654200210056,-100.41428902492635,-102.35702551681186,-97.74027618547419,-96.41421178887076,-101.39033289528923,-93.82400079921516,-96.43446641814943,-99.40753587390493,-100.48658011955159,-92.88831858478193,-99.46094313353073,-93.39287806847479,-95.92163049838311,-100.32985803238647,-97.25260423536949,-96.41142774526081,-100.71050464570942,-99.71686839852609,-98.06934183551091,-94.03835981397752,-99.04946417955203,-95.86184472392047,-95.59770867445172,-98.89152452368832,-96.73537880802196,-98.16974190688879,-99.31886753670636,-92.7765594122476,-97.92717033558269,-99.13527941825095,-93.63563605014971,-99.3233049812334,-98.77906887735305,-93.86669593515322,-97.33675613125445
2025-11-02T00:26:10,AP_5_124,5,124,ZigBee,5615.642207819556,18.672583136085674,0.662918247503451,-71.01194590215653,-101.2308228362458,-94.56349006113679,-95.80212999541148,-104.12729274324303,-103.65544642113892,-99.65979623765884,-96.57728162627396,-96.81908872099541,-99.45956222891488,-91.6517392358223,-99.87945551240031,-97.16010009706702,-100.36971593239065,-102.28244428341125,-98.76460499976642,-104.21278452489861,-98.68813497546641,-99.10758514123133,-102.57196274916208,-103.5260778067995,-97.122811919945,-101.6758695738446,-102.73490411901211,-98.6606550348849,-100.36019007889516,-100.12358532697738,-93.77461336722396,-98.73695307042779,-103.50215917157185,-101.77966426776858,-101.12923822019783,-103.21915015604488,-95.32771147008549,-93.30730401867747,-97.52493043827599,-100.14141297720649,-101.90838684128234,-97.46699473792108,-99.21091534987683,-100.18765250783203,-100.37838965755829,-94.66203780493126,-100.71609851451838,-99.53325012826501,-95.3704665672205,-105.39801501969244,-97.34462776329273,-101.7232165644428,-94.63468450458933,-97.08632067533948,-95.59616871765317,-91.40674219473928,-105.43320498719072,-102.3639571803801,-97.92686110780267,-96.39734132932973,-101.0400776735382,-98.51849423246799,-100.87351778085312,-101.37845201306064,-96.03796666149269,-100.47024932380708,-104.37417458801391,-103.82463940580277
2025-11-02T00:26:20,AP_5_124,5,124,BLE,5604.229784401125,8.852859028555295,0.20565603242516592,-57.9150847446918,-96.81121606672784,-102.47055710301862,-99.35396216680947,-100.95629675205107,-101.3287682314551,-103.48940257074396,-100.88432486304478,-97.62214383263729,-102.96965769518012,-99.8736405077379,-96.04812488299558,-98.67738295330628,-101.94428656844761,-99.62481647375505,-106.45352308158857,-103.75749973710975,-96.34679865662291,-97.47065191949551,-98.72432279443987,-93.15948112712815,-103.79856375146085,-101.28913042485549,-97.51138269666114,-104.01100292086628,-102.52610650223941,-100.68347641786107,-99.76231386265758,-97.59077495615404,-100.02329757422952,-99.41574982095713,-105.93747012232907,-104.11455131482057,-101.55367980298628,-99.37886419022347,-100.75869344162824,-100.72664494356262,-99.07844706552876,-98.7420525819344,-99.34453734318919,-105.42116658732311,-96.69109540805363,-100.85115217527795,-98.31776857559537,-101.11295232548478,-97.45394559543672,-99.76160426871859,-98.57981440581334,-102.90388291232219,-101.85493954446981,-102.5543323759598,-97.3618066642267,-97.89274472364711,-103.23531920139922,-104.71312928721376,-95.50621012182145,-98.7397959569846,-100.62548119908034,-96.49166371347415,-95.91277745352326,-96.98514003993793,-99.30195720480445,-99.37493039829845,-103.69028309158644,-98.49990994588215
2025-11-02T00:26:30,AP_5_124,5,124,wifi,5620.0,0.0,0.0,-106.7329122012072,-98.56495440483219,-99.65994647979937,-100.34551162031882,-105.84704317290183,-99.13336026577907,-91.21475790872894,-100.33194647887423,-104.51578207080493,-105.69366213052125,-96.84958231722506,-96.69365617906419,-98.9342406556471,-96.00424205488888,-102.64784902125325,-95.74725406850081,-102.56648553111195,-97.68537951130467,-97.33304406092753,-100.62747929155806,-101.84194527509189,-100.9325507375133,-101.61528844312798,-99.24329627751344,-104.21377273277278,-94.5357407506212,-102.99003911334569,-98.2930891804171,-102.62573202753886,-101.60459511602622,-98.77828211792728,-94.97942482344894,-103.78775853583728,-96.13160110696008,-102.68692194711396,-101.38231594654391,-99.80875221007605,-99.94829258385123,-96.91192639556141,-100.05137632943386,-102.15865143175739,-97.24065546531871,-101.10853211936991,-96.26897107250541,-95.50962346895976,-98.52262104001586,-101.87632689994741,-97.4079579819775,-98.44626179374241,-98.7121927085149,-99.21828938837882,-95.8095070940528,-95.75547132541654,-104.8191289529875,-97.8983323102916,-96.31407988787608,-103.82322516580173,-100.62678947404716,-98.15908330704733,-107.30587959981492,-99.94264083747666,-103.57389716023924,-104.04613302969177,-102.79878118486765,-95.39671056971946
2025-11-02T00:26:40,AP_5_124,5,124,FHSS,5606.010417217957,3.006729674192366,0.3479991887557195,-63.738843533023754,-101.41636180467674,-101.1217990735773,-104.35714523215447,-104.79392466076548,-104.29521271713334,-102.88285659894457,-100.32060298731321,-100.78441041683476,-105.57925747060132,-100.99878727144142,-96.28621771674153,-103.99529485552605,-102.86133583982162,-106.36265994972433,-99.00818743389219,-97.42997151392797,-100.96886900432135,-98.987113069754,-104.86501837072396,-105.82246497007311,-103.12524270104254,-104.4023092262404,-99.65552900503704,-105.86843855642195,-101.41636042448705,-102.80129107462497,-98.04029294991395,-103.55741774321919,-104.16775215725183,-100.40126484188166,-102.50396348046714,-106.6154606592849,-103.62643659797908,-104.10156224602123,-99.1557296943401,-97.12640722559331,-96.30739155442714,-105.8964523008205,-103.35921712834808,-96.08349597227141,-101.03312424340969,-101.15337407240416,-100.1790805921219,-102.3068146927375,-101.60221642190636,-100.96537326980203,-98.31100598722335,-101.14741215303135,-100.4222747486458,-104.56710828830863,-102.73391309752562,-99.54886794718715,-96.79321093014111,-104.29058528354628,-99.58798997701042,-106.64626169645334,-104.16220767888689,-100.90952734634197,-105.40709068034438,-106.42591186924139,-100.9099115835293,-103.32143126297704,-103.74806578828719,-97.6130024249808
2025-11-02T00:26:50,AP_5_124,5,124,Microwave,5604.556570999002,11.134447350618167,0.6171677941970395,-59.90128971429665,-96.97693480610461,-103.03867408510895,-92.05219227681224,-94.73357411717564,-90.14100408973826,-99.58551374657115,-92.84657954239184,-97.60146687963577,-98.6137032804389,-100.18128098340297,-96.01527912114469,-101.21451051879708,-100.5911026559699,-95.22378224419735,-98.78587084157516,-94.95207524183108,-92.32078712596635,-97.37758627729362,-97.8774689295497,-101.24316211301775,-100.64871787312278,-103.66459322153528,-101.61277437027006,-95.07170762665884,-100.44234792728874,-96.2037855851184,-102.23034707329128,-100.14961848863112,-94.3943717937696,-97.8758053431166,-97.85268865777408,-98.45443381148655,-99.0942231065049,-91.74838978659243,-100.27995347414674,-97.0445550578416,-97.0930321653257,-102.89768615263252,-100.15919414412215,-100.41505487526294,-102.0374384712834,-97.04323126807834,-102.87774088060101,-101.7304299995753,-99.36791100104388,-93.89009376889659,-100.25922665763886,-99.35177758799526,-94.83496978531014,-103.66673533103359,-97.2072023768223,-94.68547598594027,-99.21807368148706,-96.86400423556047,-95.90648357249772,-98.69768872011113,-96.34144463483878,-101.94181029901624,-97.52611229327344,-97.86923568059753,-97.45468027391153,-105.30705342154185,-103.55243434095846,-98.0524019090526
2025-11-02T00:27:00,AP_5_124,5,124,ZigBee,5615.800752390729,17.034170314260052,0.6896250997586133,-57.44172931925043,-94.70569297605348,-99.10843556086698,-95.3804497634203,-103.49991810768681,-95.22004571115986,-101.08461393712949,-99.48977894448109,-96.19607534458663,-97.66775483854494,-101.44808785474633,-101.18040961863626,-96.9942600588348,-98.35981577431596,-99.27118473025371,-96.17684670531145,-101.9415311067986,-100.27377529835336,-99.84065281998073,-98.0445598293155,-98.77176901096875,-102.71597177623059,-96.91533117918738,-96.10349549029658,-94.68664238301552,-95.90405589834195,-96.97179359143469,-99.03987288013045,-95.88322293038047,-96.8053026372062,-100.35601385883706,-91.33502168751093,-102.44527724482444,-95.56925034886457,-100.3100016978048,-94.9513710109545,-102.40687643216854,-104.4813655894307,-103.8767971861931,-93.64069749325648,-95.45088115312278,-101.07588397882874,-105.20186631070311,-94.83277995740156,-98.19858281820085,-96.56786631139038,-92.97423429645987,-99.8172802413568,-94.69164827367693,-99.62062581086919,-99.43733190055606,-95.94925487352045,-97.04237781231284,-100.02957468575269,-98.10359339143376,-99.89160723845879,-96.67296798901512,-98.35737351697018,-98.33817280254873,-98.68417552793346,-96.67080463188637,-94.95438795573469,-98.1821318173584,-98.78694995504783,-96.8708685739815
2025-11-02T00:27:10,AP_5_124,5,124,BLE,5607.916657701189,17.13577856095316,0.31046542622787354,-50.45440555009249,-99.91504492483686,-104.17186343854522,-105.29991339611014,-99.59135410902971,-98.80521097521046,-103.40712328487719,-102.62398023421237,-97.88608664303167,-102.2181653901629,-98.882275165293,-106.71654580251155,-100.4381488459141,-98.55258073705454,-100.9367662112257,-101.12613084743242,-103.7430324719867,-100.84429103035545,-101.5263703446569,-99.22888730464074,-103.74188119671915,-99.81857411021667,-96.473737836019,-97.69439044500419,-100.64312526739566,-102.83844461401632,-99.13474553318622,-99.73714697514939,-101.10681276658694,-95.9489657443459,-105.1185696644043,-97.09243172220866,-102.11846619846398,-97.50609007439259,-98.19218169823394,-97.79907063370523,-94.81530788309742,-101.99572157774031,-95.6882731524752,-100.70607633894068,-102.25879348184652,-100.9882063650946,-97.54155546943461,-98.58791551679921,-100.29338638230222,-99.95294541826904,-102.59170747759138,-108.27265083541374,-98.00010534875506,-104.4530797817412,-100.43384650823118,-103.43324495088038,-103.24806083966402,-103.05523550013517,-96.34015167618459,-100.83322147191299,-101.88829697874397,-98.15783045579941,-98.22895207179519,-98.94721591263682,-101.3668367080919,-96.92816354885487,-100.70179861161813,-98.30168228013211,-102.5230912458534
2025-11-02T00:27:20,AP_5_124,5,124,wifi,5620.0,0.0,0.0,-105.28481389746312,-103.59608432866152,-91.20443473334196,-100.24260049271851,-105.62010265222071,-100.29235215274407,-96.07748181154834,-94.28005855158007,-93.85217495661614,-97.48542278585191,-98.53932784205062,-101.10753186968574,-98.87064008719734,-105.82580357946054,-97.42137354425562,-96.74474719401526,-98.12833461111906,-101.84484840328086,-94.34513139240175,-98.94983506795673,-100.31333775880199,-91.38590824644511,-94.04073272556677,-96.877420369916,-99.99171055765538,-98.24543131032708,-97.94015842494855,-99.8466176406948,-90.03209541018478,-99.5913840547487,-99.36273776525923,-96.74218837254706,-95.50015472802151,-98.3056171381222,-98.69888708904303,-94.19844234760379,-95.64412060235661,-92.32760252810357,-99.77140080495211,-96.31230992704221,-99.20287812408706,-97.63032465277563,-96.62245969887924,-98.27924569308091,-99.94104362625691,-99.55930868279954,-97.89795680711929,-100.09777839212602,-98.37557486644967,-98.77020555832588,-98.31927983915585,-101.86681605386417,-97.58433873645319,-94.16114044430654,-101.84604499623083,-100.52279764489788,-100.34339634497704,-99.0222036056137,-97.13270086845007,-103.15807086108416,-102.39848045119327,-100.58949561152353,-95.91620183994823,-95.98575831636398,-97.83954505033832
2025-11-02T00:27:30,AP_5_124,5,124,FHSS,5618.794755410371,14.753349441847016,0.2740423122518031,-60.099759615592106,-98.78299797190273,-95.25461476860097,-98.77571200665801,-100.78950142541551,-99.73048380754886,-102.42701991152306,-101.94982557538196,-100.8051258050566,-103.68075509297954,-100.83844857984934,-99.4015672302949,-97.95953383171968,-98.79242030853717,-95.76100993676734,-100.65798082552664,-100.56245787354901,-99.54744057011814,-98.72626951993523,-95.25460840146745,-99.2648241182143,-101.54805710964719,-101.7090322664538,-100.78019900506989,-99.6563047383605,-102.05612513895518,-97.46181058869854,-102.32586052044546,-99.72512412656098,-100.7581692117251,-99.97179018310005,-101.1359729378738,-96.77903583045,-100.01597123422127,-97.55455926149689,-99.2121129714362,-97.77272858269983,-94.80488724150347,-101.18970311240406,-98.5361442033985,-97.8482938105683,-95.68559061678587,-98.68604889202267,-100.27591813359084,-96.7087816935645,-100.27452196796646,-94.53993873223313,-99.77032998586125,-95.62597126167506,-92.34085040758173,-93.22682019994242,-96.55406302350599,-99.09732925428408,-100.98851464332556,-99.21632551249641,-100.39210904441443,-101.18684887165854,-97.7265092083271,-98.54055926798817,-96.56089276038233,-95.50208976439313,-95.6319139689472,-100.76977004593724,-97.80891053377407,-94.86361137503206
2025-11-02T00:27:40,AP_5_124,5,124,Microwave,5631.3739374774805,8.235417740999209,0.5568906746103168,-65.05257479200773,-97.7851125712875,-98.35195309830254,-97.87426173727448,-98.48175933876786,-95.22648370139456,-99.29162017067584,-100.56021465029966,-100.69267059158675,-99.29053425237316,-100.60229441596113,-100.52800127072321,-103.1768628119415,-101.72247538562894,-101.04484983882372,-97.88335879298545,-98.08692101622022,-96.78332080492879,-99.86507542064608,-102.38880918298435,-100.20609874857703,-98.84768281532666,-96.77565473287129,-96.92154941612591,-98.1737403942636,-102.98683489522654,-101.7946247535917,-99.828807031181,-99.90517729437265,-97.41851877621504,-98.34140335810368,-101.09104853496865,-99.65535207660707,-104.03788564599478,-98.67832653002931,-100.69949410972666,-95.6295449463311,-100.82693514788193,-97.1797449927374,-98.89721631474708,-98.89012582129801,-98.90219593774383,-101.38327058826387,-99.7235361486684,-100.515229882467,-98.16161732014571,-98.5199415242072,-96.95556231192734,-102.82044058497414,-97.65596753568299,-100.23232665399281,-100.09500727494496,-95.54273132380044,-102.7149418144341,-98.18632240013017,-101.73806302137473,-99.60771311063401,-97.96325952730777,-102.16928406473204,-93.5362549940924,-99.3033616237145,-98.01408685083365,-99.81142181403042,-97.96871799714052,-101.28065540339337
2025-11-02T00:27:50,AP_5_124,5,124,ZigBee,5624.645681317489,5.7284686276842836,0.591399129503237,-67.06571107513332,-100.15741560086781,-101.65174352210545,-102.16451169953628,-101.49804474239916,-98.61565685972691,-100.20018181945112,-98.83298174977139,-101.65032697017332,-102.54076132102207,-102.9097191063265,-94.02129628700547,-99.83556792878599,-102.98623932404332,-97.56670096756622,-99.41639973571169,-100.86736560197306,-102.436990470103,-99.28553511437194,-99.50907100368181,-104.64011116616862,-102.01513055532995,-102.1406660804552,-99.43122694312373,-98.88582337518399,-98.12473353403776,-96.00850800454356,-97.74493680586878,-100.01679471807368,-99.55340098410349,-100.13956201990796,-100.9384249716162,-99.03397141352481,-102.73766181017277,-101.37533165593271,-100.59899107715626,-99.01343060500632,-99.39654721083168,-101.71575912496093,-100.14236386230579,-97.72227643074267,-99.11204295842302,-97.69278437637993,-95.87108740811858,-95.82419975798713,-103.37929471289225,-97.17020752012989,-95.80987030683036,-103.65766786108077,-99.83298820670474,-102.67767067332993,-96.30395086899384,-106.77876885693532,-98.7559099024406,-98.7709192157937,-98.31671312851591,-94.6601906206471,-99.59841209726353,-97.32916745269212,-103.74487988847018,-100.39490202185569,-92.90924388554092,-99.97152295300636,-100.27395735954634,-94.79182994206295
2025-11-02T00:28:00,AP_5_124,5,124,BLE,5613.547177027496,14.45352170666306,0.26103648796487744,-54.235452176976516,-99.81088676725874,-97.92289737220901,-99.89038831073276,-104.03297544443431,-106.15571116041868,-93.4502183383266,-99.80281745563549,-93.96948400555854,-106.61126461061882,-99.54414890974239,-99.3800699383077,-102.84702233780241,-99.15528553097519,-101.45944903374809,-98.00280706112065,-98.27812370257324,-99.04205811995034,-99.47139459961973,-100.49896969714057,-103.75407342386373,-100.80074462928087,-99.67583395838258,-96.84209076548551,-102.96307400924873,-97.42102262585647,-99.27385530191754,-102.61757742234651,-105.1349757747861,-104.88054138098511,-103.38202028573076,-105.13796624988021,-103.3905825745463,-98.52317486052489,-101.47668050381762,-104.6189463300964,-103.4060232884083,-102.4460269696273,-101.07259584261706,-100.96722967826237,-99.92965131020695,-96.9114734531,-103.58665060959594,-99.73838070108604,-97.74333114496224,-99.76299208840622,-97.90004613335114,-101.69637043705711,-100.52724554817705,-94.58186961593613,-99.2584934468564,-103.21429217885736,-104.99376096078693,-100.97547879911436,-103.98759713950187,-98.90201364151422,-104.84909568730009,-100.56948146228609,-99.20368515806841,-105.70010389235973,-99.06373755863704,-100.0586613292721,-107.62938567914286,-103.61952017987508,-102.70409944747962
2025-11-02T00:28:10,AP_5_124,5,124,wifi,5620.0,0.0,0.0,-107.13434572709913,-97.80986382214736,-95.13426954424398,-96.95187027379517,-97.35507898668058,-103.80192251556824,-96.42224616159099,-104.38371900700643,-104.96844274478784,-98.88550820682688,-103.25673095087578,-98.65233233499282,-99.9399622276441,-103.38919873767432,-98.11542240498044,-96.66452410714724,-102.77558919502357,-100.13624033596774,-100.89204462522441,-102.21222453340695,-94.37748947566797,-102.6824420998692,-98.79011017612832,-98.44807465829038,-102.94261683102172,-95.9625746688822,-98.44101001919037,-95.00388649613468,-101.14116778438677,-102.0913304990081,-103.85651450067935,-104.78246381681296,-101.74416593521238,-108.58250996382206,-96.36636353774722,-100.26076855255165,-95.74360428374463,-98.26049115917333,-103.62513885983229,-100.0724101896417,-104.61137893353452,-102.3913678623577,-94.59973212704652,-105.30661240760134,-103.11204939743855,-98.23047772721287,-100.75277274745477,-96.72666917481175,-101.02142199314808,-102.84282019050198,-93.71615915894887,-99.85022988953128,-100.32142218760855,-98.52105450006745,-96.52252596480317,-95.4058361858507,-103.61563894188825,-100.91696676980514,-98.91355131034234,-96.5204877802072,-108.53985224518351,-99.38136517879524,-101.6458271159123,-100.00445884313781,-102.46298562906067
2025-11-02T00:28:20,AP_5_124,5,124,FHSS,5614.389355510025,8.664687134482921,0.7740574219058565,-66.35660906085931,-100.55772853137537,-97.88243696408489,-94.47908782876625,-99.02041190320034,-101.87543981420023,-96.59667118333644,-102.10269788746186,-97.56195526955874,-101.2196386479722,-95.43354001902993,-96.9730897543452,-97.15293718316396,-95.57785105970625,-99.18710200694834,-101.54152853440365,-101.99827545514572,-100.03379929948849,-102.87268833473443,-99.51155155093947,-101.91515655579599,-97.7452043765651,-97.71437531497291,-100.46161353551868,-96.56254502406952,-97.10681003347275,-95.71099746297628,-94.56418363099962,-95.71100874276156,-98.87475176258747,-99.753311119259,-100.56418383934522,-99.95331767930433,-101.8018372501643,-101.44825386994916,-98.00286954444636,-95.16208350695862,-96.72556674320175,-101.68701882595289,-99.43688003903166,-101.8910082566556,-96.42281710388579,-98.38666118424646,-103.0496126274546,-100.32913551733537,-95.3746667805255,-99.22912892778422,-100.14623706303578,-97.81567220276918,-102.862124474286,-99.96770133428222,-102.1163922068954,-101.67523395511152,-101.70227861647555,-97.02814670948241,-99.66002389263626,-97.18769688927897,-100.7659779882592,-99.21709894745163,-98.43232332156248,-91.1802965649389,-104.68031750739372,-99.77239370228432,-97.23436251895389,-102.3965205371487
2025-11-02T00:28:30,AP_5_124,5,124,Microwave,5607.727146829803,4.554907740508181,0.7096307763705434,-63.914046623484545,-97.77195055980826,-97.8624939580738,-101.4859266016633,-100.10016579730163,-101.86799705430843,-95.06852257471904,-101.34720532079032,-101.11261895039291,-99.975073712518,-99.81617786580198,-97.09871986758513,-99.22489305128266,-100.32186184167685,-99.46345864753498,-98.82863066329153,-101.7497629958517,-103.57413145876885,-98.19997612319756,-95.12088281051595,-98.60020754608318,-102.74030008430194,-96.92052648193578,-98.82518581516389,-100.00769424374664,-98.67246902317797,-99.95868040459725,-94.0681594553084,-102.22722266471874,-101.42249330018886,-95.72228547802598,-99.25672360848974,-100.07886297094078,-102.93031918885725,-97.22144425328699,-100.57986372136229,-103.82122924315796,-100.41020752295329,-93.58026755703992,-100.63277310151341,-99.003768741491,-95.61117591464911,-97.12950866401712,-99.08560284073734,-98.57566992601339,-96.35075787301525,-100.67295404932158,-103.20720709982457,-100.62302597337595,-95.78048179498171,-100.43942374445847,-98.33591191850658,-98.80109948206886,-97.82869476822036,-96.420504415139,-99.6744752855828,-101.09440950693119,-101.93233596507146,-104.57114660413686,-99.27705197058374,-96.88296096244312,-101.03196498306411,-103.27279715188232,-97.94193270588848,-99.47381987358395
2025-11-02T00:28:40,AP_5_124,5,124,ZigBee,5633.184632396988,12.816668993088683,0.2803744239962691,-58.995706903579844,-96.33817072356686,-100.55760391847248,-100.08940445219925,-103.03596678460632,-99.837204338584,-101.16724040113715,-98.0048479309448,-98.87827358466721,-99.22352192303798,-104.80943398250501,-100.91113192627635,-98.09429784797375,-101.19756380865898,-103.92013214443854,-102.80571983134183,-97.91893255173956,-101.00329729703758,-99.64159815037725,-98.02831635741569,-101.56315679079542,-96.29728700538749,-97.7915013881827,-100.60753659946135,-102.41096164727152,-102.3563628753835,-99.21328326664484,-105.90132058752084,-100.7933277906546,-97.29126470659826,-96.40738920747998,-104.51208246590853,-103.5766099903966,-93.65284297129313,-101.11455881137687,-100.36950874710263,-98.76893409957562,-98.02497873801858,-99.98255967473514,-100.57452661398649,-101.3161405351016,-101.33584900160106,-99.4325684426232,-98.79188445380784,-104.29990304134,-97.58885223961344,-94.61523393361442,-103.18822289509674,-96.51320115209879,-100.12559419745203,-100.9387881615355,-104.73321547823036,-101.34298646654788,-100.18612052702187,-101.21327397293771,-101.32906436406304,-102.94425425118207,-97.69127789823558,-99.07680468316259,-98.69711969487089,-95.00016147129153,-95.93444251938945,-98.63445984952205,-98.38841703807536,-100.1683040604438
2025-11-02T00:28:50,AP_5_124,5,124,BLE,5607.9514515324845,15.197141887114235,0.7228526089144938,-59.982281357548,-103.39886705485544,-98.6049782115641,-99.39305632583033,-92.30143548985124,-96.33298297256007,-98.62229448154872,-97.12948629752078,-93.30728399563205,-98.22112719449797,-103.42420180660231,-98.3894046142005,-100.74098774254253,-97.21364426738931,-96.56136858888388,-100.9134472436208,-100.44075621618626,-94.74839237768674,-99.37242178136863,-92.74422057637769,-90.58419022803552,-104.68057762717321,-96.84017390057559,-95.24927431714286,-96.12610337076023,-99.14142813303654,-99.06735927807355,-96.25518533906767,-96.61141784850264,-92.61299123688872,-92.55449526511133,-98.30101818633536,-102.31863279646599,-99.3024036725151,-97.75540106135394,-99.26862298481524,-98.09488382340008,-94.98311219560487,-102.70147305260411,-98.73881085456499,-97.20049775232435,-101.67456937062931,-97.86586690751989,-100.39913538697407,-98.80153817946206,-95.5991493219049,-94.10462430891474,-101.70427589679434,-101.76482865897121,-90.10304581033657,-99.45595893519342,-94.76927473523992,-95.53394769175137,-100.84265912013227,-102.35162205318582,-104.33254747928787,-89.99177467849113,-96.68571514486882,-95.40357280464195,-95.74060144981551,-97.50629844270408,-101.91741255165721,-99.67406717823522,-100.86949194072152,-94.16173511698219
2025-11-02T00:29:00,AP_5_124,5,124,wifi,5620.0,0.0,0.0,-107.29967249204253,-98.91313581802964,-102.65307835990988,-98.29240110906913,-96.65056747208607,-102.0507774080782,-99.84260803541788,-96.25238932725267,-108.39590051165051,-99.38191771868358,-98.69261450167305,-101.6775899102588,-97.85442465107656,-98.74020566861563,-96.21415096918521,-103.60120232529319,-96.47936271375141,-100.85844251259319,-103.33262548691344,-101.67853486125404,-95.85376918316345,-103.05284949830424,-95.38080182288606,-104.22630238596248,-98.16377683678193,-95.9939288706748,-99.6640468836445,-101.84919140007275,-102.89189869617631,-93.60915169507602,-96.45689234214612,-100.76986383161234,-101.69903516473347,-99.12831372639317,-96.91391401051459,-103.87979664462019,-103.58827952416696,-95.0121902527348,-103.08382379122793,-102.87290785613013,-103.34115116241318,-97.52534217262438,-99.02568305035841,-94.61537332711869,-99.78962466487242,-100.61464313144624,-101.64043767989932,-97.71923459718231,-98.97190282680396,-101.7877473389437,-96.45689513659157,-103.75070365087343,-106.26366458357002,-102.44186418918409,-106.68013739069886,-97.81041896316123,-99.80532368193677,-102.54123859707133,-102.49228580918842,-101.7914613363797,-102.9535631594595,-103.92259303471351,-99.78906658203076,-100.56119201528767,-97.43819316303932
2025-11-02T00:29:10,AP_5_124,5,124,FHSS,5633.392388973706,11.112138100656153,0.38573828327788456,-71.5354693687309,-100.2765063952498,-101.0729625613206,-106.92203986236709,-99.10980736255175,-99.2348311144511,-100.06955848508098,-95.38031064893383,-101.14228443706389,-99.06903783602657,-101.48149778731668,-100.57652376636783,-101.91609190823671,-95.14011112300226,-102.0430724975868,-97.27009527337246,-99.41096339081687,-99.58915330985197,-102.89515448443096,-101.76642684564926,-98.95536821936871,-98.11327972017796,-95.38687163858143,-95.67759983892662,-104.80542765323193,-101.66152893569223,-100.36944095659481,-98.35777331074168,-101.4079618134207,-95.55301980202313,-97.65793841256513,-98.78256890611758,-100.46529360181512,-95.85762142139896,-98.9766137835158,-100.37380306706052,-94.76774199808355,-94.33578265583633,-99.88952393852654,-97.87781323290118,-98.17448992265471,-98.7730589476608,-99.25580355379435,-99.78151769771887,-95.17620072995578,-101.27756880527065,-103.46413040350288,-96.75495518755453,-102.87872751664715,-103.38975636607267,-97.79022822673329,-99.69587264707535,-96.24782153320105,-96.50449180193246,-95.52469090944335,-99.06549324748708,-101.07216793295451,-96.84701992392644,-102.77322964221732,-100.72359774242145,-97.99828257417461,-97.0899672877155,-96.51509314527998,-99.87551027531168,-94.4070759294002
2025-11-02T00:29:20,AP_5_124,5,124,Microwave,5638.9540428622795,1.3024940235400722,0.49236938134662744,-59.2036660132358,-106.98805243772603,-100.36176544568735,-102.24354154591252,-102.61052095538547,-97.83093537065639,-96.8392493331929,-97.74508556359424,-101.96782666223339,-96.12568386927107,-95.87155110494857,-101.76651094246516,-98.70434023619732,-97.02166013796776,-101.91181779998597,-98.00733814493864,-104.46741362601014,-97.91915567181478,-104.15636152231289,-101.00419140372959,-96.44777646463601,-95.1115454012826,-106.01482159559495,-100.31759627483721,-94.7692684661904,-97.03461169269104,-98.4474899413661,-102.08527525156178,-100.63534285958183,-99.72177168141188,-105.14141054279055,-102.31007580455325,-97.95848888000305,-97.30220644395602,-95.20530705326745,-100.21187118180967,-95.96013964449129,-103.55935656990395,-104.42282022520523,-99.1867663982928,-100.88164380904084,-100.09546103841409,-101.15049164809524,-98.55815824506725,-102.91096050887134,-101.04674795736085,-100.29862192516681,-103.85159904100992,-104.42605661322168,-98.59097182368308,-99.63055696349835,-102.10850709503292,-100.57922079988215,-99.40422140769363,-101.72660150057483,-93.03036721107806,-102.19583615326773,-100.5703928022529,-102.4180429409099,-98.98229707694922,-97.46178823842823,-99.31677631655211,-98.66425774512761,-105.12161241543987,-96.75214564615568
2025-11-02T00:29:30,AP_5_124,5,124,ZigBee,5623.295648294876,11.94671335183582,0.3510542285272409,-50.93200831843832,-102.0803243871454,-96.5960281120356,-92.80627038898237,-101.98141088999117,-97.17632253704502,-101.82583996427292,-98.78715042592287,-95.43910702808263,-97.80440871807099,-99.72381409572185,-104.21535067544875,-99.7194910652261,-102.06699451003794,-100.93325873534724,-106.58159838715704,-99.71559113630755,-95.92354394692501,-95.15146240631609,-97.31476500398307,-99.9148517149996,-95.51216522988373,-100.77119298298678,-106.52199477404238,-96.44843126891207,-97.73330142493143,-100.71436400153473,-99.90293745493727,-101.27898011536787,-105.03197191472306,-102.26983483275112,-104.33156317807335,-107.76363064641232,-99.24548979172151,-101.10093571230135,-105.26294890187626,-99.09948263363337,-101.9099041744869,-97.38802410533826,-96.26873351000405,-96.95902644840832,-97.55394097979566,-95.36696191737471,-101.68191595788839,-97.2100242156089,-92.00361984856004,-98.95231638466399,-97.51002595589367,-103.22038751544935,-103.558058429767,-95.17046881109837,-101.77949688745586,-104.58438627058406,-106.34554743957356,-100.0777108661508,-93.75973309356505,-95.73955365263544,-104.20209226433343,-101.3800715030919,-101.86534330440017,-94.23537912242189,-96.94248662574329,-101.56586948661472,-98.11201032278959,-103.82231328701795
2025-11-02T00:29:40,AP_5_124,5,124,BLE,5608.283689028229,1.4659863694762298,0.596348961337803,-53.70822872844087,-102.61208831269713,-102.50426316614018,-101.60032588338922,-99.11209555554045,-98.57887171530604,-103.18726183170062,-98.92996868974643,-101.66815065970981,-100.42615193187724,-103.52035990153989,-104.6383145185056,-101.1999356647546,-100.60844209557628,-102.94685017705909,-97.87002590860821,-101.91705820911368,-101.38398260863372,-94.69000169612195,-100.25997842526023,-99.5469471177388,-100.44780944317775,-95.09754296002215,-97.8156480630281,-99.80186271310625,-105.17004881467727,-100.2726645086518,-101.20202899639706,-98.8041138348284,-99.20854384443575,-96.5682313359511,-102.38870689414502,-97.58268196082417,-96.67576556069629,-97.72184960753475,-100.21504053944025,-103.16894233398183,-99.93893672101163,-99.70615155443703,-105.01896359411276,-97.30720606105962,-98.64092684739414,-99.7774678813994,-99.69095410076082,-98.2540622092081,-98.5912251134094,-98.24037628024125,-97.46305296425638,-101.62996767351876,-99.7366283106425,-97.0581927606353,-106.45637597328218,-98.5347835460088,-103.02087025902097,-99.07017074708352,-102.85115931668359,-105.00860560268822,-94.49779843074407,-103.60444778315791,-98.52549362713933,-99.48969605021168,-95.1243571796501,-102.0709794401823,-102.75092265437694,-99.89327171410763
2025-11-02T00:29:50,AP_5_124,5,124,wifi,5620.0,0.0,0.0,-105.29704916396996,-98.88499952577753,-106.6923992769559,-101.22841937061398,-99.05017709184338,-92.79326969233622,-93.82606890629343,-101.44483334613707,-94.26124922061142,-94.8767758958456,-100.79122169657319,-99.16833159304213,-98.53947959843862,-94.01303380866783,-93.28506781660359,-92.29614287296702,-98.00162841252654,-96.97975579193158,-94.17301738023508,-102.6246140241083,-98.98105239596889,-97.91671082132088,-97.47103597536795,-95.0109067322132,-95.22679888330845,-96.22293840398211,-98.86433438988212,-96.78905817461185,-99.08273769290079,-101.56516336981059,-97.53427745035196,-93.89828947918123,-95.23998289171995,-99.79880315507086,-98.92762042010827,-88.12095297025172,-97.6145186438933,-94.04059091555513,-96.98239171158373,-95.49719864211153,-100.47368445412087,-97.57627384057965,-95.88677461178169,-95.75003373890824,-100.93579221394793,-104.25593380808898,-98.93405813354285,-96.97638222554872,-96.90367143280834,-100.20961250711808,-100.13850958622564,-94.04108671721366,-98.80726683771344,-96.33124126371247,-98.32501679487861,-97.61817925370894,-103.99661150142227,-101.93788949964056,-99.81718679702948,-96.50329112528036,-97.56009473759163,-92.6828978497749,-94.19764365648862,-96.361382495565,-101.28241606008554
2025-11-02T00:30:00,AP_5_124,5,124,FHSS,5600.894450406654,8.28531234111494,0.36402323286090965,-60.913414192081774,-99.17100418319369,-95.80396070836784,-94.6576990790922,-103.74449618556767,-106.77315247218912,-99.19341500102482,-100.46533875960625,-100.91380622744404,-98.58503162492013,-101.36051259019962,-98.55398513608127,-91.26935677608121,-101.65537713916655,-97.5463337410193,-98.90867951287005,-100.24588848124233,-102.75186348827313,-100.04226690947242,-95.52837081936046,-98.28704880195615,-98.37719950723175,-101.24260675660611,-98.30418085693343,-98.7252425947752,-97.79196031241922,-104.56517261903863,-98.84504582888523,-100.75734321856834,-95.82392883897565,-106.44030183618034,-102.37806142458905,-94.21561472916548,-97.848573532731,-102.151368321864,-105.56937387295,-95.10933754217046,-96.14537984264466,-97.28926799209641,-104.02232768496668,-99.1753948842936,-95.60785691308759,-103.0041313160587,-101.33059507822914,-98.44378589643144,-98.53019178266607,-102.52214986969331,-93.27072670429222,-100.87258172674083,-99.05442629886726,-100.68058014826688,-99.51790628170158,-93.87194486897192,-99.49994262703427,-101.94634377311726,-100.52569148275978,-108.05000579675674,-98.25281597368095,-100.8719261841906,-97.77345485986328,-96.58673039429964,-98.35782610684826,-99.43601041063496,-100.35688848448017,-102.18190225157483
2025-11-02T00:30:10,AP_5_124,5,124,Microwave,5622.483135486588,7.595558374980745,0.30148957869707693,-65.99849027576252,-98.98156728750695,-101.40732643446866,-98.91562516504996,-97.65797683828934,-97.98899097482214,-98.75281466517802,-100.98467555433686,-99.92703632129394,-99.33740120611779,-96.74139399599972,-93.77892250867352,-101.29283399100852,-95.24224929789204,-107.08920464199859,-97.48098329105576,-98.05472152504163,-100.59233791553459,-100.47368381941304,-101.60810026318475,-98.79686969564402,-102.58948969029494,-98.53608508333339,-96.36306959422032,-95.21531947714982,-104.50800455286242,-95.67721021286499,-100.80292427796127,-103.92706649507338,-96.5712704231973,-96.58502169923865,-97.67800102214098,-101.8383426989453,-99.499057338527,-102.87636252500248,-100.50537499887595,-102.70058641499406,-97.67052505437287,-98.96727652679475,-97.34486447276018,-101.7597909351886,-97.48850326033303,-100.98773012371207,-100.7792234134172,-98.07111567519104,-96.13017507690091,-96.17598761382375,-97.8805078166014,-101.25138672461098,-102.38846772579437,-96.05743796365573,-95.08522694611172,-94.11110642871367,-102.87874654277648,-100.64712545472196,-98.23448285913531,-98.31951152635061,-103.58427760789581,-99.97351525738941,-96.13707867976595,-98.9289139647492,-99.80444118939829,-102.04634840983545,-100.35332634803522,-103.6718646343588
2025-11-02T00:30:20,AP_5_124,5,124,ZigBee,5601.0094305871235,8.80758020877606,0.6703878758208291,-57.63977695465226,-97.197556453758,-96.40181324601504,-100.99068836519007,-96.71631550363139,-98.48766941830829,-99.42078187740952,-100.36888741115692,-94.3850853208225,-97.32200147136844,-97.70326340724911,-100.64323228741596,-95.14794622013201,-104.27719225062017,-98.94077532854088,-99.44865116512227,-98.88328645064419,-95.3193766145319,-94.86900899847778,-98.4129579118369,-104.68333225952617,-94.51737223641418,-92.05796642342008,-98.46826705623617,-88.20935705887288,-98.68781837534367,-99.0521897787531,-99.62836479792327,-98.48656718655505,-94.51735339816776,-96.89593163944387,-101.35835579747155,-94.96969992515784,-104.1492687257673,-95.11329904495311,-99.31538197186866,-97.54929476825254,-96.4372438677702,-99.9959277638233,-94.05727505654438,-95.82670538068928,-96.83034643395602,-102.74678184068792,-97.22021839375103,-99.9087815139283,-100.40338342915787,-97.24144997583372,-100.08274292774377,-97.53613764466412,-100.14822083273233,-95.38049578210143,-100.2797607326975,-102.4083042059404,-96.38946331281312,-99.53194389944879,-99.14156217769909,-98.03233074894727,-97.58924884612222,-96.76747201436582,-96.83498982606999,-100.61689419977168,-99.25927655785813,-96.09382899196325,-91.80549631657694,-100.20032920527392
2025-11-02T00:30:30,AP_5_124,5,124,BLE,5602.265347826682,3.2578023832698335,0.7672190241987629,-69.98697937615385,-100.43329281284221,-99.01981815057191,-100.11096727246313,-102.98518204690409,-97.42461174414217,-95.82564673949419,-97.04458013580593,-101.99761326410685,-102.10219898051865,-98.56411526574051,-102.15159629636214,-96.6910619417495,-95.43617716296488,-99.40471360191277,-102.3192864560819,-97.6479946756653,-98.32657026427634,-102.50253597766033,-99.82933623410081,-102.78191403490628,-98.45448956262548,-95.8993637353513,-98.48036320683681,-101.06720987596411,-97.9586229501856,-100.40394322385649,-98.30783041624211,-98.33963089380863,-100.70650178062306,-98.64223706894055,-101.09561986489356,-98.62773134859462,-102.69451167349172,-100.2947476015439,-99.27608647459547,-98.8342372759426,-93.85176278206204,-101.08596381789707,-100.98020409346091,-99.81484649345695,-99.48221633446018,-103.15588835365864,-100.27665620936969,-98.33187432908906,-98.2229745881052,-99.85661958855057,-104.4849157579874,-99.74521694539918,-102.26415537989931,-97.48806279467928,-94.11076233386838,-99.13869401257232,-99.77278083348446,-98.01304951074466,-100.80353500735906,-98.8930431634064,-101.20092970386536,-100.83779246112869,-103.6490709944176,-97.47138109326924,-98.87909537644659,-94.33038246973992,-98.62736541311425,-104.04290523850034
2025-11-02T00:30:40,AP_5_124,5,124,wifi,5620.0,0.0,0.0,-105.53956106688199,-99.12089043749228,-95.33562134880883,-98.35224832336291,-101.61786500614762,-101.21721702961727,-95.91098932066384,-96.98230133161661,-97.31161763120723,-95.09170232736594,-98.747164831544,-95.84019500369992,-99.40537630107009,-106.40778022670976,-98.68810620214356,-99.94558341038889,-99.07018137703966,-95.14080900391694,-96.87759811268936,-97.27183433943222,-104.63641237921551,-97.72232901695777,-102.23255018889968,-99.91620543222324,-103.25975981554717,-93.57403007524734,-94.99818140514255,-98.40453597743495,-101.39904575707762,-95.01664932162657,-96.76128636429331,-93.43251264374548,-102.90396189863094,-91.57375694026902,-98.96847573445493,-95.86646660470703,-101.17377958777958,-97.89235173369306,-98.13667040439078,-92.71504110918914,-101.12749228738808,-95.16149816400035,-97.08804126165576,-103.09567279641172,-97.86004891109923,-98.9143404620671,-95.29809735774211,-94.76438705862788,-97.01204482025183,-102.24223068457266,-96.22417552543483,-100.83740168580769,-95.07437616965075,-98.97063291697474,-98.67126587396945,-102.42076079913906,-96.44374367959594,-95.9835994746984,-97.40427332513906,-101.30335582152657,-99.94234312287966,-95.40332122749722,-99.8941535825904,-98.36285258086735,-96.4320556346125
2025-11-02T00:30:50,AP_5_124,5,124,FHSS,5608.630499469811,7.795130678202233,0.5603955514218832,-71.55476154720895,-96.79618251768368,-96.66229226998058,-92.14717706796824,-99.89725737314349,-100.24547118635276,-104.08269136495981,-102.30385706350722,-94.56154784369944,-101.80229728235331,-97.45191389793534,-99.499637750445,-100.71414372960106,-103.93559739943434,-102.05552642625943,-105.39641105881593,-93.3772605645481,-101.65156620513883,-97.28648238762725,-96.41781471273397,-104.86404303265797,-99.46446867311953,-101.95095276952718,-99.48374089905697,-101.33993575673111,-99.34130853048548,-94.26043106629427,-96.8111609480097,-99.20531262899384,-99.12774686792596,-98.38489509487627,-99.93854661641251,-96.5873892214107,-96.35104275001426,-94.58169670659362,-94.30218835585278,-98.70655704487349,-95.8918938069069,-102.10004175251147,-107.66260420862854,-96.50390527530371,-98.63620557062148,-97.9596899262312,-101.49298268161978,-100.59660637007762,-104.91599997501785,-100.37331030085204,-100.39458760552144,-98.9171782165292,-99.52525949136907,-98.93633999192353,-95.79409075211699,-105.40348385988011,-99.08165888793488,-102.18874987690782,-99.74399272014546,-93.56853773883941,-97.66946079744415,-95.61187562351165,-100.06651180559938,-96.19528598325215,-99.91027290766134,-97.34131773520221,-98.64312214167083,-92.21457339591211
2025-11-02T00:31:00,AP_5_124,5,124,Microwave,5638.895051046224,1.5760360463689407,0.6843842789910703,-61.754795514358904,-102.02161732102952,-99.8447429946419,-96.66584285102299,-101.47080404983326,-99.01559055277075,-97.17080799041632,-99.63039894718653,-100.09193972694571,-98.4229006289149,-105.52531487671976,-103.40039000018024,-91.49952854022904,-100.93338471590368,-97.79841010618739,-99.43404957600039,-102.45844373244987,-105.01572997191596,-97.08690219357611,-96.12032090662893,-98.71396377720033,-100.43728214956406,-103.15631237929284,-96.44016881236738,-102.1035057284242,-103.29593592163273,-98.47016632746998,-99.72559961114598,-98.91049036072776,-96.99182044366287,-96.2341140280563,-100.28708934200588,-97.9787788681419,-104.91953047031645,-99.65131667978297,-99.62483825917255,-93.7173361295443,-101.80558909319645,-104.6645613388193,-103.5307149595125,-102.38915520849349,-102.01456360059395,-102.4859467439936,-103.54156017147281,-94.69755276193588,-105.08818167890712,-96.49780110377809,-97.50929484177125,-102.5642505728301,-103.49415732352676,-100.53044552567329,-96.29317883608243,-96.4427440455424,-96.32664474254072,-102.39057229878807,-102.31290347323117,-100.37111511959006,-105.99120601934817,-98.23035473436528,-103.22642900899307,-94.83943375562212,-99.48630503549323,-102.52977343956415,-94.05481052502844,-95.20312322169809
2025-11-02T00:31:10,AP_5_124,5,124,ZigBee,5638.201833680173,4.217340276877158,0.33024059985203225,-59.65536072383942,-101.81319831241042,-94.56245508485547,-102.37970813717804,-99.30974049748717,-96.09946053089224,-95.96943389392361,-98.04772999265658,-101.26967760941612,-96.71080417451326,-98.71700769769004,-97.23986526780936,-101.07750138708221,-97.9199867762052,-98.71314752075533,-103.67382926107982,-96.9078320033437,-102.50341462770263,-91.62642554045671,-100.04910491502616,-92.4367079431381,-97.23496457345279,-99.65586531660956,-97.4285567009836,-101.2290830237426,-95.61816294030874,-103.512568147894,-98.8624657899534,-95.68646265198913,-94.90278331291084,-98.34890980927149,-97.62068601869233,-91.66675167073012,-95.05455028588197,-98.37863021144945,-97.24791753194883,-96.58922595243727,-94.28389786685968,-94.61977501826374,-95.73198429887199,-98.14292086156719,-100.6467749182011,-93.62844069058488,-97.62325696999883,-99.35159326175834,-105.4921757165149,-98.95787766854846,-95.48214049136699,-100.32793994280998,-98.48225860896251,-102.81916675688198,-97.82699237055306,-96.54464679416415,-98.75616732962746,-97.68768387743627,-99.8232782102788,-97.13749821739212,-99.41789936233279,-97.02233998723881,-98.82473975994665,-103.35539330404154,-95.09136966497464,-96.21195402871713,-100.38208267340164,-100.47465935061025
2025-11-02T00:31:20,AP_5_124,5,124,BLE,5604.384278104562,19.20617372434359,0.3606527705631248,-62.683914013321036,-105.56710136633632,-103.65381683622533,-98.31674298661196,-97.52934514150735,-96.0826931074845,-99.59622032690879,-98.65195244275104,-98.72615503099912,-98.91777048868015,-102.89427423532665,-102.86146692355196,-95.51411771275623,-98.42461003296448,-99.72862703613609,-101.62859973045329,-100.79048793826698,-102.90261363088644,-91.97215288491975,-97.57446209070538,-101.36508334718248,-96.82887542634651,-100.08610225817324,-102.68752826505994,-99.78466239240466,-96.87623241925138,-96.94332533930286,-97.29598246861592,-101.93639766684139,-100.18635493758066,-97.21306334829434,-98.94532336497791,-101.42887890757568,-102.56547228095532,-103.84881315125804,-100.06244949654112,-97.99215069508331,-99.48034632858285,-98.60613735720534,-101.88874885897037,-97.66713599472352,-94.81679916648814,-95.33449714656233,-99.85868613231156,-101.7989995384063,-101.17786040237281,-103.65568978364895,-100.45834510542541,-98.17516471002878,-106.43339397297657,-98.11896370310767,-97.7376413567298,-98.76837281969135,-103.1620455953466,-100.26293615197149,-98.11725552093371,-100.91751378174534,-99.17450250239884,-96.63546487494153,-94.5309034055008,-96.2177691094358,-99.58065906525228,-101.27963714110713,-103.66582336192059,-102.40848393632128
2025-11-02T00:31:30,AP_5_124,5,124,wifi,5620.0,0.0,0.0,-106.79974137027465,-98.45060446157372,-99.94216386571973,-99.14252653645553,-100.11599724823522,-98.25217020808567,-101.90386181841018,-99.58749038530422,-102.90125977954118,-89.64053341711043,-105.89323676612786,-99.49314165350289,-96.88135587591621,-96.89993948739675,-98.95886092865499,-94.87398986067461,-97.41635587939682,-104.88423484009994,-94.77137188537877,-99.11854098570181,-97.87007667738833,-100.50215381391453,-105.0641847278141,-97.78731299940547,-101.72234583254097,-95.66416318460377,-101.63945757663517,-99.29856196698493,-99.68843212261173,-95.90781056415268,-91.28591898092037,-97.28123181640171,-96.4746667666203,-102.38406538097833,-97.85632880803287,-98.5413001289865,-100.30931016993834,-101.15836868573753,-93.82878068474835,-103.69518207557908,-101.28498661493248,-100.432352031731,-97.46454318877204,-103.29123379413608,-101.59865041803825,-100.52916586451198,-95.66894058373825,-94.45666060997144,-100.03522541673803,-99.37078546772666,-104.28924784480692,-94.29065887734227,-101.10816792500601,-94.8514028079643,-98.8111153686319,-100.96834907285684,-98.13603529011611,-101.14517667460558,-100.77345701130207,-101.72015091338406,-97.10026204849805,-94.24104500217835,-100.73824590272876,-99.59292183233075,-100.30148588153547
2025-11-02T00:31:40,AP_5_124,5,124,FHSS,5616.884303232143,11.315178357250648,0.20870094504057005,-59.29234498090389,-99.15760542004853,-103.83472853633803,-102.35989802588719,-96.18593898467556,-94.86228799732241,-100.19360856916614,-97.24802894570097,-97.00021788533306,-100.22662259879847,-96.8849740283178,-96.73212956088426,-98.1406359342127,-99.0161622806045,-95.78185666747059,-102.3469115349598,-98.20093035807751,-102.13438326196777,-100.67554567913986,-100.58311597819691,-100.06249094968126,-99.61771973879222,-100.81872058233287,-98.93609768456571,-99.11093967988327,-101.26585385561644,-100.08600751673922,-92.7235668096032,-103.1884795676,-100.38419752167881,-101.68350566538147,-100.07876581937883,-96.60459153757031,-97.1534261740993,-105.00919137113648,-100.7972601325014,-101.74072337235562,-98.41392112704123,-104.38537160841237,-101.6926190991058,-98.59873989180082,-102.40742572475177,-101.58675762403476,-99.72584886659413,-95.95110248796227,-95.45121421046989,-96.45758958022651,-96.53472821172204,-100.82132871503242,-94.54036575655483,-102.24599093027965,-99.31311223403654,-96.818413965324,-98.42301056809751,-94.90500085675765,-93.22141321938898,-107.90296642029416,-97.75649271924144,-98.87022394310927,-95.69256909319667,-99.1425260568614,-98.57645558911135,-94.75150909476665,-102.34948782248179,-100.235988630753
2025-11-02T00:31:50,AP_5_124,5,124,Microwave,5602.497875457694,16.658506201301137,0.5677652157038461,-58.946574536830795,-100.11231990634151,-92.93537160474101,-93.23542789228958,-98.82524920481015,-97.57368920916022,-94.91089372647983,-94.08960028734646,-96.07988049739812,-100.19724374061553,-92.5194939614139,-93.65300527010363,-97.8434414535518,-96.89164633520933,-102.99544139260013,-97.23679016807287,-95.49262691555344,-104.62614717534943,-97.15155045737644,-104.47090540492785,-98.14651541109669,-95.15108390391764,-97.26146719821094,-97.73392689666058,-98.09848615643632,-93.63439114435378,-96.68059328627078,-93.57622758540339,-95.22102321276827,-96.7713682573263,-97.12291684397613,-99.99059871049022,-93.50643313270884,-96.43050275000401,-99.86597245100643,-99.12198857013016,-94.86843695790861,-98.87403024219542,-94.69501769547126,-90.56549273631421,-99.5665580103526,-101.37611297591995,-93.8351366307851,-100.78848936056835,-95.07746952624727,-99.56105919049284,-98.81289527320375,-96.7312683416406,-97.26308402333478,-94.13061369953405,-96.39662307491785,-95.93685344242219,-105.51712373252242,-98.25777358865138,-101.82005903662912,-96.59105845542213,-95.79316145300045,-97.11110187409514,-96.69167025521025,-97.94925710776764,-99.9363434492288,-95.79865373106414,-91.11956538259741,-99.02822243427438,-99.0431980360285
2025-11-02T00:32:00,AP_5_124,5,124,ZigBee,5632.177486480486,14.242550594593997,0.23772812758526918,-60.96046400090191,-100.49201512052565,-98.69681536387469,-100.81117176969437,-106.90781458891259,-100.87140724805562,-99.54278120282501,-94.43642856481914,-102.81981513531201,-103.67148903449215,-101.83374973115332,-99.48168684939856,-98.44690403652585,-100.7202628743278,-100.122508071978,-99.51381025071184,-96.15790357028075,-99.63870065354553,-100.90093114598366,-98.0876602319913,-99.09131676917536,-99.08161237615258,-94.33365488737081,-91.39283581606958,-99.19349349457066,-97.90819700147716,-103.05154307527916,-96.38110786210072,-100.63375797896086,-102.5936527300523,-100.02883021412553,-100.62951888282763,-101.00457136693744,-103.29539427622163,-99.17223083189153,-98.84604686223737,-98.41234095306837,-97.64666503423578,-104.74703756728847,-98.0524504871216,-103.3749094779132,-102.26558436123386,-92.47754576719774,-102.05593919094433,-97.56232578643022,-96.35633025987109,-99.62697939512115,-103.16866029151427,-97.94372857574828,-96.87166559823164,-102.23365831851613,-100.88706243241275,-103.77149127139919,-94.98993992926526,-94.42282572390414,-100.0524388548326,-101.2250108527103,-102.9242679009034,-96.56519378949271,-93.61784222744356,-103.67261469563222,-93.4982683486425,-100.47647104014193,-100.86054681364868,-101.57996443374427
2025-11-02T00:32:10,AP_5_124,5,124,BLE,5609.993229241971,3.48912296787958,0.45313218362481344,-70.25278969922451,-93.72021678366362,-96.00966309851621,-101.59335405960312,-101.43083504458795,-96.77093764429614,-102.46303660978909,-99.59357225233728,-97.06596592592682,-98.42434730589412,-94.4600272758601,-93.16551169735256,-97.57917453382304,-92.60356993423267,-92.38216246466553,-100.37558454350446,-98.504390743946,-97.59914566700405,-95.34884593021923,-97.9373930435291,-92.81082900014435,-95.2927480207186,-96.43945221916432,-93.65809662985693,-100.41540973915147,-100.29505445700485,-96.91339756511994,-97.70314910220958,-97.66852982782096,-99.24030498369832,-101.67804402137938,-98.39201241778677,-93.64817174033684,-96.22382392787041,-96.68859436208402,-103.20520625416826,-95.28732522778326,-95.24788309022001,-95.42725956797298,-97.03377966401071,-97.63066423611906,-97.77455847644171,-97.2422540005851,-100.1796213204691,-98.63386299289586,-97.10301960618449,-95.89861507436605,-95.45078306902786,-98.65640850798486,-99.16397296496062,-93.4659919503776,-99.49564139182193,-96.66185403459312,-99.66684227006104,-92.24055735096847,-98.79541973047075,-94.32050434653401,-89.21556223526134,-97.52618961905911,-94.43362301940289,-93.65785573145027,-92.61636087401669,-99.2162150505907,-93.9680522559197,-96.06836002681223
2025-11-02T00:32:20,AP_5_124,5,124,wifi,5620.0,0.0,0.0,-106.42143761752362,-99.62701633106406,-96.16868221968144,-100.81536063097741,-94.31322263657862,-95.297404776443,-104.87380675010515,-97.45655339174708,-96.44428252448601,-107.36582178441434,-101.27487970299572,-98.83883280265965,-99.73401187484683,-105.56442479316404,-102.15597132108329,-104.17054893213277,-100.99906998863182,-98.91262792271583,-104.083578066097,-99.89489879451467,-101.16834209402492,-95.15318466750138,-99.02930669578609,-97.7922158188729,-98.18461140986909,-94.09129883282321,-97.58760328106554,-105.00801119793067,-92.98905880630453,-103.95367198568628,-92.25201757684745,-92.84074794311118,-99.57643979297539,-97.42258879127911,-96.88632033119218,-96.19819279695058,-97.58500572884711,-105.59492805230028,-100.38993596011473,-96.8643626234063,-97.79630046945645,-100.94909420299723,-101.88259794443077,-100.26354872309953,-97.34244130077508,-99.4115026335462,-91.1437757357289,-96.69756131236142,-93.31365752270548,-97.29729101041355,-94.08284903689015,-103.8013220327847,-100.5483397301612,-100.70331807674063,-99.63360936490584,-103.08707128137065,-99.58535067668186,-100.50995954472509,-93.73218261025147,-102.48021255115667,-97.47705239570466,-105.16003247074914,-101.30689210695965,-96.42418514679441,-103.63515173728145
2025-11-02T00:32:30,AP_5_124,5,124,FHSS,5619.924942496977,3.4808875651488336,0.3833298248135154,-54.05296521224906,-96.57703128851382,-101.24406205677106,-99.75752559603343,-97.53977047512545,-98.39486978514603,-99.31955017680518,-95.01183150398221,-99.33866999681962,-95.07693306251369,-101.16872520523422,-96.3596180598568,-99.07815572619786,-98.04745429389853,-98.41743982121612,-101.35150016485669,-100.25720783566733,-99.50888346054771,-97.85327712056745,-99.78562851853388,-97.69987010930103,-99.01263831393692,-102.2260724531433,-95.52333146791241,-95.99084215017908,-98.40514289635658,-97.29968941615161,-103.9959844195082,-97.16348475258437,-103.02052303410741,-98.07491335375948,-101.8800899228689,-99.02893896996984,-101.33108184470854,-101.0640040714781,-98.24325813645704,-100.37173012267004,-100.25547149543152,-102.39911735539387,-103.67171738735297,-99.29558494664296,-99.02090591607904,-95.65742392431189,-101.17972228414524,-98.96720562754594,-95.36820199661437,-98.69184143164593,-97.9370702089703,-96.39831152580254,-104.26080596686195,-100.53048033247941,-93.84318155232609,-98.86423687322039,-100.7178041655671,-97.55048960681226,-98.5049665799738,-95.18396665710236,-101.03851272828884,-95.62832608476016,-95.91942594143785,-102.56762710657826,-103.19835754280032,-95.5083831869238,-100.46439053712606,-98.55509285940961
2025-11-02T00:32:40,AP_5_124,5,124,Microwave,5624.72606222506,18.945356501011624,0.4375079559817377,-68.31354005042743,-93.29277315184434,-102.84363578473777,-98.42625443099813,-92.31011264312194,-97.7950314429996,-99.24143804990803,-97.41322407264676,-99.59709557747718,-100.16771961196318,-101.66255918791857,-96.52335628140838,-99.26765203611426,-97.68914089439832,-98.07577215066046,-101.16752071511311,-95.46013739035375,-100.627204195235,-100.60539046725614,-99.31289749987212,-95.5902501299621,-97.55312712934378,-99.3528723171941,-101.48425423933152,-99.96295883582404,-99.27526525378971,-98.95222579082179,-104.55067004482856,-100.38590948960933,-98.90334449554362,-103.3751854275234,-98.54284527681682,-100.12517851922456,-100.52342580765432,-100.62788581098538,-99.68071726243852,-94.16489246049572,-101.25221087766285,-101.27858027209459,-93.96561595258808,-103.628755364545,-99.86265075602591,-93.87436767305358,-95.56056826341441,-101.96510971355671,-99.21856858497497,-94.36665858990325,-99.62024270405446,-93.74096525315171,-97.42556623060354,-95.9660147202258,-99.62121674972695,-104.16319336798222,-100.01924081522446,-97.60254008322897,-102.21754223672195,-99.94370669115746,-96.39703881258175,-100.61722478872949,-99.42558397183693,-96.65259954707612,-98.0465592708565,-102.49992649959748,-100.56698288279331,-98.61622454750332
2025-11-02T00:32:50,AP_5_124,5,124,ZigBee,5636.497604973688,2.3602252573321705,0.7538882146113484,-63.9751348858128,-102.70718440611817,-96.20081065874076,-101.7544880041449,-101.05382294245983,-105.54902010913752,-98.81383730393925,-100.53039873837206,-106.82079956583523,-102.1971574787334,-95.22792027376687,-102.16257639354389,-102.17335938571908,-101.04722615839746,-98.5530756002653,-100.94494232281806,-106.0427008694134,-108.01272103936391,-103.2315691061963,-102.93989865917688,-105.48495146740072,-100.38435517782314,-104.87551925927444,-101.72977327558213,-100.28145555257016,-98.382321273986,-100.55983568108988,-101.76131739328275,-103.52286034211575,-101.22665281675638,-101.58706145522589,-106.75848891096963,-106.78358501196432,-101.3103646347418,-108.32598867154965,-100.09943572818507,-107.6414850125515,-106.47776973022137,-102.44264178439155,-100.19504732418979,-106.70969405276671,-105.81404283500065,-99.8761573395173,-106.80929669296586,-103.65324141133831,-103.79109494091428,-102.20941754560687,-106.44579257632972,-97.74520287049015,-99.7694943873691,-99.84742807859719,-103.04411734152211,-101.61711545287567,-100.94706385517753,-102.38822258715558,-102.86671529647617,-102.07619770317778,-98.81011088169105,-103.76674077307868,-102.63671921837606,-101.3643583723461,-99.10642869527206,-108.04814793984421,-99.74773592071807,-107.40873065338246
2025-11-02T00:33:00,AP_5_124,5,124,BLE,5631.599954227849,5.070139178041478,0.7278027034426691,-71.26553545734379,-97.25953375789076,-93.98189730050515,-98.0167326074062,-92.28109456183331,-99.08905819633725,-93.44848589556044,-95.84310025795702,-95.80462989154063,-92.55209097128245,-97.77044804002172,-89.70295991345733,-97.90501360197759,-93.97327737575063,-100.51454500100171,-96.5857028439844,-96.10021472252849,-96.43081378593409,-95.67815056065069,-95.7593183478676,-94.82844473366211,-97.94811793967283,-98.96061385632196,-99.41732222660877,-93.68237169264506,-97.45432363062469,-92.56535193343004,-95.33908551309585,-96.30502389047602,-97.14297097419714,-99.23306158343176,-96.41684678821304,-98.94474888404476,-98.75792316769794,-97.79593186819241,-90.81419687254147,-96.05716353153593,-95.81306566619857,-96.18945510109424,-103.07925213753157,-96.66419586519994,-93.53044127284272,-98.63171219220742,-100.49364003939841,-98.96048243231022,-91.78517729195258,-98.6192518562691,-92.9682137046214,-99.16810677752841,-91.8474868265904,-99.4943354712993,-98.2496401128469,-95.22707657198309,-98.56835952196727,-97.69292628504547,-99.02759321674031,-95.78311418769077,-94.77280963171407,-99.2387213134112,-95.10674751622588,-92.40352504155602,-102.18468158202622,-98.22687562988337,-91.72007788668829,-94.58477469935356
2025-11-02T00:33:10,AP_5_124,5,124,wifi,5620.0,0.0,0.0,-106.55155623385129,-102.71938085107998,-95.46455006703616,-101.53730208248642,-102.5411318720616,-97.46407131729879,-99.81323548650676,-101.23035156486715,-100.60139070423958,-102.37215114257206,-102.01025850574611,-99.25200666515047,-100.45841252162155,-98.87533794992679,-101.7964144544043,-100.145588069583,-106.31420232478959,-102.24189280885113,-98.91488401239889,-97.81760613470377,-97.88777962555363,-99.71764856814457,-98.11132394005591,-96.60296085139211,-96.4738535005219,-98.45984266723572,-98.49093223455105,-96.6665968288817,-97.13229404109622,-102.78919612108507,-100.04472403636684,-98.22734212814696,-97.2057399132356,-103.11093965293944,-98.53959535906412,-96.69056289269032,-97.59478235442172,-95.28521042644324,-101.13987840570235,-95.2726531471916,-99.20966316355681,-97.47966164723083,-101.25443583196301,-101.63252446742483,-101.19389867658441,-101.39504505181803,-97.5296359872385,-100.6935694959564,-104.38447497629109,-104.52631142163376,-98.16676333991325,-99.30739556750166,-102.34361899309947,-96.57472989663329,-97.99504815884973,-92.6538734509913,-93.29155261099936,-107.13038076573926,-100.93345302547526,-103.99886049434056,-101.17574710753945,-98.51873533428419,-101.82663386699407,-102.9168560834207,-102.48861901996668
2025-11-02T00:33:20,AP_5_124,5,124,FHSS,5627.63051003109,6.204966427975917,0.28555910722468797,-59.28983395828776,-97.86745042585895,-95.22727057016351,-105.31263881014097,-102.6865941268206,-101.26618155861435,-98.18896443624915,-96.17931479249724,-98.41139719751762,-101.67958989176503,-101.22773736305298,-98.44440517856103,-97.61449917946055,-99.17119502218826,-102.49660417537146,-96.38232504297413,-103.05970429323392,-100.69431788363941,-103.64875041542035,-95.86725583785064,-99.89510994417326,-91.2239132038717,-95.00654748673374,-103.37068201781786,-99.06368789291186,-99.09000210999761,-100.70970577778161,-97.74667584332332,-99.87609381006207,-106.97990316273142,-92.45551791177297,-100.17052596616105,-98.7332818854816,-99.21838111678602,-98.44320309544446,-97.40284015505297,-92.4198997859505,-101.79741712717875,-99.49634830331419,-93.78753383216596,-99.96755461884489,-97.87665238221301,-99.2340202638285,-102.07812466102098,-95.56964136683006,-101.45987951164503,-98.85224185186716,-96.65741017592765,-95.63613259001089,-97.0119669958523,-98.58121402686677,-102.85154479357739,-98.01568010310817,-97.2556659845428,-96.82933199894352,-101.71748077516828,-92.68840589208119,-99.54142053671058,-102.60416885374543,-97.69744878864987,-99.15109595075329,-102.3828474167892,-102.44999572449919,-94.65178572197837,-101.9415758938069
2025-11-02T00:33:30,AP_5_124,5,124,Microwave,5606.873918276738,4.350230302118923,0.5488783367896496,-52.19215250447238,-96.75858280198989,-102.44303398482374,-95.49528038916883,-98.8017528642105,-100.42363372838292,-96.38476635825576,-98.864442127724,-97.48744768945213,-98.24049141270632,-98.28305327825504,-96.73444359763336,-98.03662380689107,-98.33981300923774,-95.48908221786444,-98.68416519448986,-96.82357495263025,-91.25526508299058,-97.65251686385608,-93.55852820266685,-91.28468355271727,-94.93761043918329,-102.92211164019872,-92.27176420639181,-98.71736211519872,-95.82588683783543,-100.68238468967503,-99.15797753706785,-93.50202755595863,-98.24792842673287,-102.30742443144818,-93.2844830323725,-95.77235818978008,-104.75536256370258,-98.80534169096946,-96.09428503675038,-96.77713834121485,-98.96194004030284,-96.88113574352116,-96.00610849320658,-98.37746106065147,-96.0258338629168,-98.05188592174368,-95.52711200422537,-102.10260281601883,-93.08227755052448,-98.01945697177285,-96.81771119686768,-92.69801794157664,-100.59358433644348,-95.68160801227346,-102.15962722017161,-94.61094763281676,-98.01206798011931,-100.19196980495875,-94.67332578223883,-95.07247746340992,-91.211374437731,-91.30085772562728,-102.69408027511247,-96.97596036626392,-99.97912519487012,-91.99678705448169,-96.0228380607794,-91.6950334469729
2025-11-02T00:33:40,AP_5_124,5,124,ZigBee,5629.796400999245,19.14403006383591,0.28161121936261235,-63.91299647509835,-93.14152045249307,-100.61739666044036,-96.23876359068618,-100.02615511097778,-100.3355683611697,-95.27457029523052,-99.87170336171641,-96.40072047387842,-96.22308624949574,-95.34755309217206,-97.8604487844212,-102.32285343715252,-100.29954740858197,-94.46599568949493,-105.31356074592414,-96.5290109121326,-100.15113029669061,-100.94830530415287,-99.69428531347928,-101.17985547411561,-100.53593268795414,-96.16245255201592,-95.01301161977518,-96.34732901938497,-104.61257769580845,-93.23785937755756,-99.99584557622516,-100.0559088014312,-100.90001130994158,-100.99499252248793,-99.89736396700476,-97.26528442561914,-97.31383889184266,-96.46299104632286,-96.95475258968182,-96.89264361369428,-94.24920648201392,-103.00074512156581,-95.3019660470296,-99.32934388960156,-96.75134886767987,-95.25835894245783,-94.57885954654256,-103.47032901386453,-100.06020721195372,-99.79999930354997,-95.79644294305461,-92.28389378134813,-105.57187650610348,-98.24514847933536,-105.83715073966982,-98.40471224004962,-98.10964453203069,-98.45062910976435,-96.68293974007243,-101.91440432260785,-105.30182870343683,-100.81290659342854,-94.8635524916354,-100.00269653321523,-94.01025623914875,-102.51503220825464,-98.54604915779619,-97.40498378287982
2025-11-02T00:33:50,AP_5_124,5,124,BLE,5610.767283867681,2.9362995291692995,0.5875761984014918,-67.94102425344953,-92.60793803053011,-94.76330941380596,-96.70188876817173,-103.4303373618499,-97.10926875899189,-99.3297552675584,-99.95996608216456,-101.82078240293606,-91.94762206507085,-96.18946568749229,-102.78120665194493,-95.70977040242212,-93.62268056504482,-103.61611525772885,-99.84933816829785,-104.65099396256507,-97.6452307171312,-98.86868736228891,-96.89999667234461,-102.17064990702646,-100.48685303074872,-97.49065046963042,-101.47281837924118,-107.06237684464601,-95.9402476104289,-98.75189872961553,-98.64682406152605,-93.96378230866543,-99.7984888278914,-103.1916057832385,-97.45477389996967,-94.27469264939852,-105.05075845083009,-98.63020852444362,-98.00799212117244,-96.11834598479942,-95.49720617239015,-97.16481531167602,-103.62559610387505,-98.9194073538442,-99.9751935394233,-99.10659733931917,-98.57429001091263,-97.0529325837964,-99.5727471857134,-98.63459037557905,-98.06073644068464,-96.52495964543269,-100.25447732955325,-97.11829835880891,-100.60263374208324,-95.63390098410554,-97.66660022780229,-102.22549363866963,-99.3731567212688,-95.42508049489976,-106.28848931267437,-98.50602016668284,-97.91466490771754,-103.23809671393741,-86.75275124851595,-100.42455265322359,-103.284652590294,-107.04398855734904
2025-11-02T00:34:00,AP_5_124,5,124,wifi,5620.0,0.0,0.0,-106.58482023752138,-99.99502857135423,-98.48380091649241,-99.29114797184728,-95.58021281178345,-105.33982379824691,-96.23146187344818,-98.76047911436484,-102.9936581184016,-102.17162376680515,-96.17460248350346,-102.78585609607983,-96.3708618915346,-98.70444623597052,-102.37242035678604,-97.02347291446111,-98.71809658333586,-102.40582461849237,-99.88038906764555,-101.44025083101933,-101.34376060875212,-98.50281093540474,-100.0259516397716,-100.95085862899,-99.63355736195253,-103.53238236290717,-94.43281452138481,-97.58273200360509,-98.24290170630273,-100.10840815662891,-101.40527824686001,-100.77717860975154,-101.46615724525694,-99.13490957486023,-101.09376291642137,-94.86748819293929,-99.36773178651784,-94.71440283592457,-103.84944235593348,-99.31332401160562,-102.54568946431455,-100.86926502632254,-100.42139847316118,-99.1036591762523,-93.79766907148189,-102.78300746096649,-101.31831772107579,-97.0137436016131,-100.2730449551455,-97.0997330918416,-104.01968747129492,-94.96806477960313,-101.00862290512691,-97.7943553889325,-95.81680119592558,-102.16376177932966,-102.17330940922702,-103.00631295321895,-92.56615907315995,-99.67058411927424,-101.88973466075673,-93.64614526046148,-100.53452884200135,-98.91288869617368,-97.13978318906388
2025-11-02T00:34:10,AP_5_124,5,124,FHSS,5620.607347725422,17.101677365150007,0.5239618716972521,-58.660042422278316,-106.3054480865752,-98.80610194378143,-96.34886354138618,-103.82125434452895,-100.88109898477683,-99.99624754897766,-95.82091556682373,-102.22813458900107,-99.56405643777349,-96.37731451436966,-98.66553836118116,-97.48470328497596,-100.70425637667157,-98.29824874773485,-98.98421740760155,-101.6697216552335,-99.58962638424177,-95.28870291438005,-96.35549148266966,-93.55963057591181,-99.59421835252903,-100.88985941177285,-99.6612370280976,-106.47948478335323,-103.92019982766446,-95.87683459699161,-100.63907444575962,-102.11821666461785,-98.93199639562992,-102.02757365179686,-101.37010627156452,-100.64372563375319,-100.51340161972696,-94.26002932570675,-99.5708865701854,-100.24362033027779,-99.60817364563759,-97.72344342612348,-100.41939626869598,-101.55552605875474,-101.92426551378202,-96.95297076142762,-103.14003902306779,-98.24368536836901,-98.39168099756567,-97.96300506417694,-97.18548974300883,-98.57155290221333,-98.72994847257074,-98.46251879755347,-97.79685433330566,-100.77534507081121,-102.14143079994942,-92.86856472567118,-98.80208568937849,-99.7094446883307,-104.28525870288254,-97.14182676984845,-98.1103690969572,-96.7534767984283,-101.77787823666792,-100.3814662356463,-97.79293533215795,-97.59158356971923
2025-11-02T00:34:20,AP_5_124,5,124,Microwave,5615.818109738553,5.474215181811257,0.4550847675357112,-67.67683404724548,-98.36521851230803,-95.41302649855038,-102.95347184880369,-97.51148825546312,-102.78926092508628,-96.52843522471034,-100.4875079120766,-95.05093490953146,-98.23890929047094,-100.70464549840406,-96.388811448497,-96.60555173364,-98.58692842070784,-97.8583119230932,-105.85819874392818,-100.60010785251107,-100.88103112029351,-100.31040751937698,-100.91676731035663,-98.26910430447,-99.24172496152588,-99.54597173642723,-103.83307835497892,-100.55638126604615,-102.62983180927579,-95.68818306422558,-99.39898560873483,-97.38838067708954,-101.07697784269737,-103.91885612802834,-95.08715786648703,-99.29762485634036,-102.19860414820639,-100.62864770861144,-96.66590318599083,-96.64042741940818,-101.75332813566015,-97.3416936484792,-96.02696565508339,-101.83613635253626,-98.33976214554453,-105.47934833772857,-102.37922951395004,-102.928323556029,-97.94885641032332,-99.0242160407372,-98.21129263056137,-95.84869599237804,-102.3540352228719,-91.44826188451884,-103.0187599705103,-102.53945334795067,-101.77120948443415,-104.26958239371002,-97.05325580038881,-94.07668147191984,-97.23396771451222,-100.52036048565967,-97.58970603235205,-105.5535776320551,-98.80351354209165,-96.91931730212823,-100.13473370574083,-97.23946867137686
2025-11-02T00:34:30,AP_5_124,5,124,ZigBee,5634.816367649654,2.095745141894489,0.49211930459923064,-61.02718489318805,-99.35037664977328,-101.30361197400029,-97.76609707493354,-100.86836313733086,-96.30941055713816,-95.49306854011245,-94.11817117665709,-96.87351239415328,-99.43419518307056,-101.07658108936833,-94.27708390743081,-96.53531264217352,-97.68063184587791,-102.45071410347919,-99.57649341968126,-99.94857494012335,-95.92424771348307,-93.79658670610331,-100.70877889049919,-99.21634695918124,-103.46064600322983,-99.33347438892426,-102.64705179789635,-101.63232065366812,-95.60766057058491,-95.33676900493725,-98.87132068610926,-96.45156710654001,-97.89524761208568,-102.62780173860037,-99.63098900231418,-96.54779970060976,-98.25880295099803,-101.47466000153713,-96.34001914410484,-96.51301128467765,-100.22144629069585,-98.68574437935675,-94.86158740671326,-103.97380377152777,-99.10941073090282,-99.16247343405453,-102.34881932054562,-98.14890173947786,-95.26940145517446,-96.16094705029161,-98.86869119233424,-100.31172275487339,-95.04131914630686,-101.4239265864736,-97.73858924693019,-95.59351636124208,-98.57588953203428,-102.50623115528015,-97.65728623206708,-98.54881665887213,-92.51849912498443,-102.5688948508089,-98.22710235720896,-100.94152480848393,-103.8501675963494,-97.96672997085953,-96.11153498458879,-98.1351450077715
2025-11-02T00:34:40,AP_5_124,5,124,BLE,5615.548396083252,16.350933285317254,0.46191795919571815,-52.783583716279665,-100.64732424726205,-95.46656319302656,-100.23865403099673,-106.9144774154747,-104.82428388360907,-96.3789822189246,-98.23621490817263,-99.74679956416446,-103.0791645052363,-100.99048385680375,-101.57520159137316,-98.60663427333725,-106.25309336438715,-95.54551997724752,-98.97174124890132,-100.81578319510164,-98.75219919075013,-101.92792324627347,-101.07394729663064,-99.73636684763075,-101.05897594340422,-101.48784184054702,-99.63286923865097,-96.77525924083098,-98.15434045400832,-97.3380162312251,-97.59482042668047,-97.61523619865841,-100.62813397602856,-103.94171619662987,-97.58038830943579,-97.25712173469935,-99.13126167785713,-99.78160860770637,-99.17732784513318,-105.24441546575844,-102.27495348069046,-103.3850158784435,-99.44372095302249,-100.41742152774256,-101.42353105645302,-100.8595502941125,-103.61227565234202,-102.8239070962767,-102.58953771811699,-102.1341006416529,-101.12851378621531,-96.72109858536469,-98.58939644145892,-96.00315840237045,-105.07367701477015,-93.11416400220907,-100.16712097642844,-97.35893129865403,-100.44016465693643,-101.08759864176038,-98.69104606004427,-103.88562564502581,-97.43232919335439,-101.49463159808042,-99.39574692169911,-95.32649183162812,-100.11736879013505,-98.35669260797206
2025-11-02T00:34:50,AP_5_124,5,124,wifi,5620.0,0.0,0.0,-104.80302580032256,-97.34180306249176,-96.75699793458001,-94.21549816422154,-97.06404751836502,-98.46179978607155,-94.65076613141709,-97.26858291993506,-96.31445645255589,-97.43379913097677,-98.27884423605924,-97.56308685765131,-99.96601874570297,-94.16586304649176,-97.0204439317145,-95.84462400305107,-94.66197256295877,-98.24072729371683,-101.66595084042515,-100.58888984297015,-94.88677937409393,-99.23979866743267,-97.97057318838131,-98.25664251254811,-94.1615561256214,-97.4550977190308,-97.68398914302449,-102.71773083260949,-98.77967813306117,-100.52020787389958,-97.15872127380767,-97.87130687081522,-95.91420425186557,-94.09528083264428,-102.19681204386197,-99.67466047643249,-99.96356908743991,-92.43410583072333,-95.12832645237147,-101.60459337936537,-97.74983426307583,-99.42108874452249,-95.98380431924606,-103.25957334147739,-101.03894826683748,-94.26198171345817,-98.92438830222208,-99.11991988823233,-92.95893916219741,-96.00862445540285,-100.48107157539297,-100.13003743809507,-97.19629107032603,-97.99911627024912,-96.1890880426977,-96.76721282631536,-99.84339388162557,-101.3119112351876,-100.62627249483019,-97.00809706864439,-94.74070279540604,-90.4336810337673,-97.5353938841164,-97.88210861238544,-96.12145729794767
2025-11-02T00:35:00,AP_5_124,5,124,FHSS,5618.7693252645295,7.462529287594942,0.7745138400430986,-68.73840492600252,-93.85631257866852,-100.85695504406083,-101.84080106418055,-99.44954209292516,-100.08836654015765,-104.59726298979933,-94.12540783003402,-102.98106849460687,-93.71738680790709,-97.40644176946847,-104.6967037551457,-101.36505634960619,-100.72995066849765,-99.19475621698365,-99.66795913047295,-98.27668613284635,-101.86723731712839,-100.81137550688727,-100.73703686072723,-98.29966272423684,-100.03238285691934,-102.30933360317076,-100.57121625613568,-100.41939745262533,-102.83191157004559,-100.29604271374191,-98.4831163896641,-101.19458414405342,-101.26942979402867,-99.50181306408808,-98.49052432580628,-100.61988898672065,-99.60328389855393,-100.87842214662625,-98.25299053011575,-102.1464746527352,-103.2050745847893,-95.15251339849574,-102.27937715185634,-100.26304824324619,-98.08866413738879,-101.89897566293206,-98.29394101565646,-102.97313656695358,-100.41241431463406,-100.62423424808038,-103.2905567991974,-99.04569851297477,-97.10166258996915,-100.34060614451988,-100.04932181397088,-101.08453605401384,-99.04475219159464,-107.86346625089766,-100.77542867325229,-103.07586000618309,-103.0583944177611,-98.56174368949698,-101.10623745718317,-101.93174790934832,-97.5944699149308,-96.69811793098624,-102.10197580110335,-106.23909282000197
2025-11-02T00:35:10,AP_5_124,5,124,Microwave,5606.941152887999,4.808039703414353,0.5146687193634505,-60.78153823012813,-101.97688562290243,-97.94404852643561,-97.80407685852457,-96.55567369596093,-97.31958987820757,-103.73323900999567,-97.98146224634631,-97.35643418925775,-95.88225811907192,-99.93988688739684,-97.48622562086466,-94.65614801084216,-100.066950212973,-93.47110229618734,-89.60135682176065,-96.17595616439897,-101.44523151522347,-105.69234057155083,-99.0818103952892,-100.97597605775896,-97.30175030672821,-99.51284392722529,-95.26331261155836,-103.24303821479161,-102.27734656325585,-100.94994991827616,-102.14622544274799,-98.34731276575123,-97.42999059336834,-99.11390434628647,-101.02223637546251,-97.86374075570167,-96.23815747604642,-97.67248549007886,-99.10982121993534,-101.72173329156378,-91.91305536171494,-100.43557694113588,-99.40014637286386,-99.4172169509264,-100.75812069205612,-98.96760633050212,-98.40837444040584,-100.43367454171029,-91.58516642459705,-99.28067266568478,-97.07212408792194,-98.2093887934343,-98.2684347062358,-96.3998488043275,-94.06985404550312,-92.77017449027525,-98.31988396586733,-103.65012780484919,-98.05914671311375,-97.8543451837529,-97.70758325144345,-98.64193788517125,-93.15492012001603,-98.48235371504387,-103.8799468754395,-101.01473440306671,-97.57207848908222,-99.45618373251767
2025-11-02T00:35:20,AP_5_124,5,124,ZigBee,5614.115699653355,15.339554315034848,0.34811924708522735,-54.097698185796006,-104.20439271077947,-100.94976615136527,-98.89372796851922,-92.99783975445516,-102.11411259846103,-96.3617558030953,-101.67470007353113,-97.39175713904429,-98.73473998822705,-101.15236752570837,-99.72464437870853,-99.85492965779139,-103.90655282020532,-100.41845348486429,-103.40163996025903,-96.90023647942047,-102.2057997858623,-97.781306462248,-95.23749792676311,-98.51305538414091,-88.97308376557608,-94.53309084520511,-96.97563131875883,-98.67991474693648,-99.45420065149152,-98.49066511872178,-92.3741493121702,-98.31204009256534,-102.28368050414572,-92.75985127252095,-100.28011899040992,-95.24723665607034,-102.49739175395446,-100.53200456933641,-100.44606565105407,-100.30417821100463,-98.22432398555914,-102.12436925267068,-100.68331757968292,-105.27847359594489,-96.1464382292253,-99.31709221055407,-91.29098717557366,-94.6743954138084,-96.57494136892007,-102.21355522338962,-95.43230334045258,-100.7348497623386,-97.76652165014454,-94.7638157618223,-97.81979784520432,-101.442248910302,-99.49312370430393,-100.47578304210522,-97.10408556580133,-98.23173084204451,-96.47572698492263,-101.26395612408947,-95.59319447645422,-96.22083138689196,-102.0651608133568,-96.1434596864241,-95.3236052223726,-102.90881444607383
2025-11-02T00:35:30,AP_5_124,5,124,BLE,5600.41219099131,3.0681283196801727,0.26116625331371235,-68.34312808071181,-98.47310009771823,-97.5988680194346,-105.78400679398975,-102.16921571748982,-104.74827021229365,-109.69602391823433,-101.14389094051823,-103.71197881348246,-102.25917334830103,-106.71128161611036,-106.46764970785252,-113.1046958293763,-107.58898793145397,-102.90735789759489,-106.42840932581146,-100.27746174260865,-100.64628758105245,-99.95943427936211,-101.6789259258471,-103.4914986927076,-103.85124066841983,-105.6065193615353,-102.0183392676234,-103.39427432104496,-100.77538879019885,-107.30339831984146,-102.89810264559578,-102.96322937516186,-104.47572209897422,-104.45447429152838,-107.82062652696504,-105.26635961474483,-102.62765322188046,-107.04185025322124,-103.21391419069388,-102.20149979661642,-104.77907905386515,-103.9938851187581,-106.04962670982634,-100.21919443174808,-99.70470165565735,-103.04848669993918,-98.33309741834584,-102.03519387337118,-107.77442589945501,-102.88634326674111,-103.97652894611244,-100.98144721541789,-98.37831291753785,-97.51416617783767,-104.16561388968074,-107.6837194130152,-105.48002219740083,-103.40794231502421,-107.04251279466519,-100.01928736694094,-104.48930755325733,-100.75850603118766,-99.96553924945651,-106.18971329610076,-104.20589902051204,-98.90747287119517,-100.55259325312772,-96.54003784220076
2025-11-02T00:35:40,AP_5_124,5,124,wifi,5620.0,0.0,0.0,-104.45805237063186,-94.5581849952845,-104.2766906381117,-95.92285757566867,-102.24767105835261,-98.20855728778456,-99.52068355485646,-99.81931977155871,-94.34650755077271,-95.62154489308472,-106.59294855305929,-89.34326330912324,-95.8039038706595,-99.45954328119569,-104.2265211836663,-96.19863984888217,-97.53961124178153,-98.08937651946853,-98.11238817675235,-100.09687260816536,-95.80189093256845,-101.86074434723943,-100.96660544603603,-102.71812280027953,-99.16770492390539,-96.44556483912686,-97.33771432966832,-98.44684037712463,-98.79117864405751,-103.6458682932811,-94.14125386664264,-98.67464805334382,-95.40469565440789,-93.9492937360325,-92.84878639106749,-96.92247847524814,-98.24678222779856,-99.75118781967569,-95.17017030809033,-99.59226145568596,-94.54173861506835,-94.75703362618844,-96.07775118965216,-97.41983048421245,-97.13057902686099,-98.99030564074921,-99.9945919717935,-96.23218762020694,-99.33136949802353,-98.04770314733841,-97.44057822424688,-100.12088905982408,-85.88516701470012,-99.83009384513343,-97.61650563956687,-96.28046861334468,-100.31666143766704,-95.78735945186085,-96.06759762471118,-97.20949687949646,-97.47529743466569,-93.84366742915876,-102.49117290927656,-100.01778428741089,-101.78832613835881
2025-11-02T00:35:50,AP_5_124,5,124,FHSS,5601.32706853489,14.446966717045086,0.34350246985983557,-63.66971038046704,-97.63583722311112,-95.31141118805772,-107.16849572865745,-98.8080932971111,-101.06133106706729,-98.35053044681617,-99.94223724763064,-100.92698114004794,-99.45443928826901,-103.81221127267273,-99.4869361832609,-99.54295612250522,-98.27511140368125,-96.35775651613909,-101.93703398236522,-91.1258946962129,-99.8369167526686,-102.10263662967827,-102.25002178186287,-96.66421515596161,-103.40084566823305,-102.53278955854125,-103.61766582292873,-99.82394767191735,-96.67039706848713,-105.2362343547272,-106.28625825141029,-98.78252151304743,-103.61636732557484,-103.45104160959987,-101.07545698825514,-98.3918725759313,-97.58009532919866,-99.98097612894166,-98.45000047925309,-109.68934958600137,-100.42783621129732,-100.02381271973108,-104.40710150129391,-101.48300067965357,-101.39564464991042,-97.43463550349288,-98.5179498678443,-97.69454926321698,-99.80984056389164,-98.78747853649881,-102.23686721980214,-96.77315063160857,-104.4046109581127,-100.4323507538713,-99.16052849418118,-101.23451124089229,-102.54401971280558,-102.75785116170583,-100.74757726810054,-92.99499079154836,-102.48170827995118,-104.32879876907154,-100.42865427001266,-100.53268750231138,-103.1014236953909,-107.83685204264718,-97.15988786660414,-100.76879133018782
2025-11-02T00:36:00,AP_5_124,5,124,Microwave,5607.255058060755,14.093579572299866,0.33641454996189113,-54.61201055291782,-96.85725212792148,-98.49926555086178,-101.05135994109573,-101.22711298257946,-101.77188692787055,-92.79437932204007,-101.03318290311532,-96.99840546836789,-100.78809413352819,-98.15963600279417,-103.41825561211401,-100.34289044937547,-97.91275994345807,-98.78327031762339,-99.35542221175831,-100.29345875155528,-100.00813628761658,-103.72131587503897,-98.02732844567471,-95.83949186220826,-99.20126886073264,-98.44561503383257,-94.74366095173374,-103.95036414303529,-103.53872801266797,-99.20477435217923,-102.81695031324887,-94.33931212830406,-96.7954780845074,-106.63481786422608,-99.80275063126973,-100.76682738336604,-98.3848248513746,-97.27587059317575,-100.82396179944793,-97.55984382377324,-99.22582597043908,-103.18853183505777,-96.86337599958213,-103.8980518058036,-96.00764509743561,-93.1944777691696,-100.92629088225611,-97.22474206215558,-104.62914830302576,-97.4213926312257,-100.73369612628453,-101.29987824913398,-100.2400795851774,-97.39832370002192,-96.79667534675986,-97.96274097306632,-98.35665530840002,-105.2081294046099,-101.30275903941005,-104.94787062142746,-101.41729932097964,-99.47470506998513,-98.41515138152424,-99.29139248749446,-99.27246031632575,-101.73984138046697,-101.96481568230978,-96.77642865630351
2025-11-02T00:36:10,AP_5_124,5,124,ZigBee,5623.020000362556,19.748065189883718,0.5814540773800063,-52.91891650142555,-104.12329049735155,-101.6253703874992,-101.71142409853337,-101.49656172766115,-100.94724481084637,-98.9878627341014,-105.50477606134945,-102.17458217707092,-100.51678053602072,-97.50943600404871,-105.65564428224609,-98.8951246702521,-103.5536114294595,-104.92347176564215,-102.7544442482677,-104.32854416073991,-99.13186744803112,-102.40959622579331,-99.42870868357974,-102.28031033468042,-98.16112023810649,-101.63725376668263,-105.45291573774495,-101.18137068733435,-100.552671312063,-101.84819434828125,-103.84107335991044,-104.98579710616191,-106.93200849327393,-103.35893524074895,-99.81421109769708,-103.54884660972547,-104.0741320929907,-98.56693301944983,-102.57600244796055,-98.18951494419031,-103.24630486013822,-101.25109302595794,-106.29341958287426,-105.96941414357612,-100.8874581307811,-100.84467269068597,-100.03533899455725,-102.39812746645053,-101.04183237042787,-106.00226103078481,-101.6783011114322,-101.702509331824,-101.60720933541917,-100.37024375151721,-95.38375464494885,-98.10431925871652,-99.21774696037194,-106.18720970439549,-103.7902796013903,-100.92107726293325,-95.66687520656403,-100.95002264049508,-101.03536650708966,-102.74262319095892,-100.42001997685037,-103.24728822034517,-99.9514411978749,-101.4988394049752
2025-11-02T00:36:20,AP_5_124,5,124,BLE,5610.897384102549,10.050259660093632,0.7502294558477374,-70.46002339853607,-99.12467710828649,-100.5133724537244,-97.79971352606779,-99.52683702319523,-91.99740807234772,-99.14540464594288,-99.49840225895049,-100.6071449662513,-97.07678200554373,-97.64943933502245,-103.4222767909838,-103.14771328161268,-98.42821176928776,-103.86998447602325,-97.63955970834216,-94.09275738023848,-98.22516292648508,-101.9236353095676,-97.43705285835246,-97.76615624717844,-101.56173018010428,-103.12832348542993,-103.84482272621422,-100.47019741217676,-106.98991185169425,-93.43237502828596,-95.36196467472315,-107.5931209636388,-96.88270538523129,-94.83721461583602,-104.23132886607348,-105.74393336250829,-97.902019692088,-99.16223095650062,-100.6613332881103,-105.85212860551397,-97.72369356835165,-94.82094172486055,-101.71706264474889,-100.9887067428062,-99.97998441067682,-101.00595128060588,-103.10469073427983,-105.96797822657386,-100.87930721321207,-98.49953019933471,-100.7882445024706,-98.49129020417745,-100.56089789846041,-101.26853042311222,-97.16860975790878,-98.68480824292381,-94.5497246444709,-98.51780340543841,-104.63934084338744,-104.45818909680497,-95.68206382217295,-95.16908218669919,-97.61290604615924,-100.38026569653482,-101.23091367495918,-100.51730087745126,-94.1661853895803,-95.03848097895718
2025-11-02T00:36:30,AP_5_124,5,124,wifi,5620.0,0.0,0.0,-104.52881107050453,-104.18882722305995,-101.85750900926458,-96.72439446795009,-91.20717786581064,-99.74324468093928,-96.75567590721418,-98.01296203578482,-94.69192295075669,-98.09032430569025,-95.7263241471734,-93.61474598168476,-95.70899629969215,-98.64705345663195,-98.58436282104489,-96.17781541652991,-95.59117551388672,-94.57309406759947,-96.36373499150955,-102.06712999789315,-100.88759826229202,-96.61486246042999,-98.90914659034515,-99.32997581930613,-101.01348517801793,-96.39779716172764,-99.12367498039143,-100.69582204794472,-95.59043823300334,-100.03122174806437,-95.7553731385358,-97.78485604595727,-97.23972174062631,-99.00948771995061,-103.98668814817394,-99.53530439906001,-94.41591746181676,-98.31823854901434,-101.22842120088218,-96.27277080834786,-93.23186981044799,-98.87177223906157,-104.47464279946072,-96.36027901322545,-95.21203045747819,-92.64894031387993,-100.13668201027298,-96.55653706894637,-100.4770382895547,-96.96972568814954,-97.78296780554935,-99.97469255377361,-97.71817942500657,-97.24438433721424,-94.75726779554338,-92.10619181166005,-96.3689112892078,-98.77026689884526,-98.11327536295636,-100.41751212144882,-91.83724036327719,-100.88129395125675,-98.39928300048108,-93.85895368246386,-101.5954409128571
2025-11-02T00:36:40,AP_5_124,5,124,FHSS,5632.536923564626,1.5618716947625335,0.32827056043322106,-68.18242235360795,-96.43207782541894,-102.2713056303609,-98.08370640428625,-100.16764164454557,-96.06159175386334,-102.22716385873937,-98.20268412588275,-100.70838323716053,-99.95711924511288,-99.61679294661987,-101.553156602148,-102.29490913116517,-101.59791359750962,-102.24705019432366,-96.86240723255004,-101.79446262183384,-102.51817992862419,-100.11911291197222,-98.11971524072045,-96.14012623408851,-99.62701888893407,-103.55939003461442,-98.91107570033182,-97.79836118740705,-94.48017383554927,-102.58114240248945,-100.9815650662296,-96.6890875305252,-94.21452445746397,-99.65559377627436,-95.32724171764917,-97.2071376531124,-104.3238006666805,-100.2954720114984,-98.99677433962313,-97.00471784139728,-104.74703550291268,-96.94336509415099,-104.01898401441493,-102.3275267201007,-97.09463029621845,-99.95736173234859,-93.55340748932439,-100.40388974393458,-102.67769823602347,-102.46988415010817,-97.13476444650165,-97.44175873862005,-100.74335822189134,-98.62478592875985,-98.72464162360711,-100.27743619178288,-95.93922812490516,-100.75411853602922,-104.46012251119022,-94.92280990298995,-105.34492439745505,-99.78380517730791,-95.92122098442769,-100.04836514767905,-102.23754505096139,-95.48103580127767,-97.66746750137678,-97.59682215438347
2025-11-02T00:36:50,AP_5_124,5,124,Microwave,5631.8177151719865,16.477780676862494,0.690529076397191,-62.86837691432129,-100.28399755849047,-101.37980604110578,-95.1398850886858,-95.74635699143566,-95.53034789509344,-99.13767893550835,-102.75969842172746,-100.58433416031242,-100.45532213517326,-101.72475496021157,-99.26522958933867,-95.32625186069994,-99.6053283715874,-101.99671763286163,-99.8310040477552,-99.63907557338408,-100.02786651750309,-99.22610214071591,-94.35306581323654,-98.44047300288032,-100.92082392209714,-98.12268861718171,-98.61017158050646,-101.24652202601848,-104.61642742845387,-98.31559275766755,-102.65017928614283,-94.49657989934254,-95.69957305810675,-95.83835873796546,-101.7346680777722,-97.75251995864956,-96.51774753870893,-98.21036204427021,-94.24276818817152,-100.43598821846597,-102.82495683931062,-103.62981373724872,-99.34595607726344,-95.63351921039981,-102.12294705472222,-95.85958627739258,-95.53840099098117,-99.82776592162678,-100.40740799128687,-91.20921924242572,-99.04160650114984,-103.82731758778951,-97.92230080230809,-100.02012409636501,-95.2726652730858,-100.31943504866189,-98.10821814252017,-100.90329082370346,-97.0113486984479,-95.71828324194283,-98.71296719888356,-97.48490624821133,-97.67618018962982,-97.09923455691714,-97.52161852056398,-99.21596430667692,-99.73694625903337,-98.68232000534492
2025-11-02T00:37:00,AP_5_124,5,124,ZigBee,5607.404817191673,1.1461783331944375,0.2478333506075902,-71.16060477365897,-97.72701090571151,-100.85782998550924,-97.50175059934281,-99.26033504112718,-102.06166520022053,-99.1339878347489,-105.86633712766464,-99.26398667188805,-98.32387731505246,-100.82968133444606,-103.70021458848453,-107.98549749709991,-92.88526463633443,-97.56241493266214,-99.0705181279953,-96.49051250648164,-97.65922102845181,-100.60846738639694,-93.27487441744384,-100.33733897660707,-102.12980535949846,-100.25086048991028,-94.25434777805889,-99.84750456339434,-97.82712170749825,-97.19927447776556,-97.85866083507149,-99.67722323284845,-104.14882422480605,-97.46472769290492,-103.73419021858825,-97.92076913934288,-104.0836032382377,-100.7211661909199,-102.91178307488528,-102.17832058857785,-98.44307597024243,-97.56676101471284,-103.48408897238843,-95.68144048070992,-95.38319762185367,-103.93960293953394,-100.72111782550704,-101.02706388677615,-97.88715444726903,-97.44435240083905,-98.81604017062439,-95.25994525094379,-103.37449429578052,-100.98351241548097,-102.48878107557648,-104.5086757525119,-99.65138586019724,-97.46137750104553,-96.86490895514822,-96.95741790760864,-95.0612282845548,-101.30469589997651,-101.23627844488752,-98.55175887020646,-100.43562994894992,-96.51463625572441,-103.39331832853054,-104.74073829136267
2025-11-02T00:37:10,AP_5_124,5,124,BLE,5601.243760389628,5.1423763739299995,0.40631056894213047,-58.396744268261855,-102.96226079338972,-102.12652074764934,-106.77864760058841,-100.33907617941959,-101.53121457533247,-98.26157824246025,-100.05739158543611,-101.69067497691616,-97.62452383626032,-101.69894270379407,-103.56901119343642,-101.64951948983762,-100.10523389933094,-101.7227411758218,-96.38612578268511,-97.2637603053165,-102.44879968928147,-95.83662901468495,-99.15610999670632,-97.56868203529773,-103.1105837691466,-91.87275293876348,-102.48492943785668,-96.54108282575714,-103.16323887878063,-105.66940975666773,-102.36290191830196,-102.7869204671287,-104.43927528879182,-102.166378170441,-96.38326482915876,-105.03335730608237,-104.80060995326662,-99.15123849782424,-100.18249640435319,-98.06545835684446,-96.7544971940708,-99.52701401834979,-100.99058627292433,-101.13141300234396,-101.78292965245534,-98.815983713932,-97.30890353988708,-100.4794368749352,-100.92491783694778,-101.91934748501218,-97.28393079668797,-102.61307736284655,-100.32575830765137,-102.6936590529248,-97.18587897816221,-99.92383306719232,-96.87543024708737,-101.776893817431,-103.04047809626111,-100.39690806202701,-105.04030165541383,-95.10959473918017,-99.90073902809067,-99.78148477654506,-95.3685537845136,-96.92745119070229,-102.51616325079526,-100.57974689875806
2025-11-02T00:37:20,AP_5_124,5,124,wifi,5620.0,0.0,0.0,-105.9369294641477,-98.34556102705406,-97.4606147669563,-100.89523198152828,-95.28307048630558,-98.39510767015088,-99.16968673776834,-98.22687798043968,-100.63355749090312,-100.35580939069095,-95.98635728386917,-99.94679313615332,-98.97616360983896,-97.23757647298741,-101.05837170040058,-97.76877346370534,-98.27456142918739,-94.7503972127328,-105.0913933672647,-103.40619883377167,-96.2802636528332,-96.68315988682981,-95.85211527674025,-98.85835638565464,-98.05991894380567,-100.13079761582631,-99.8953009436135,-97.6595372590861,-99.79237132170658,-99.39194857035095,-102.05793476644322,-104.48129847732245,-98.91841213689408,-100.26928647106841,-105.96829591526054,-103.27966952061561,-100.01759953577911,-98.03585118817998,-100.24190177157126,-99.13429838988394,-101.01003707595552,-99.28766629540634,-98.9549810995636,-103.39840700101891,-94.69390158130848,-99.46310613730292,-97.51925510238299,-97.23324620278544,-101.87910227279869,-101.6739053499535,-102.00609411695619,-106.17839065265353,-96.88345469973811,-96.87284005475676,-96.10913297232456,-98.44536997593771,-102.9323763853483,-100.06963771112055,-100.07456242607138,-98.78026993220466,-98.86838065573667,-94.21395022385316,-96.88999673875458,-97.65477278120622,-98.55009194271582
2025-11-02T00:37:30,AP_5_124,5,124,FHSS,5609.973313400981,17.22753140666122,0.44530270814266937,-57.11752526133823,-98.06193153249839,-92.06409224367435,-107.06214679404724,-98.42943760029635,-99.47673432673287,-103.71189172383532,-95.90138219648692,-102.29455178217,-97.85100252077281,-102.10575258963276,-95.94925010240547,-92.78075791262985,-95.58146286945124,-101.08551967786764,-97.77967012022481,-96.01923773451699,-97.34134733703375,-98.53296557189708,-96.87706781731788,-94.24295678470799,-101.2811438754967,-97.89203473992418,-96.85728577796716,-99.37636975486842,-100.49659669350797,-95.7568916882759,-97.06345629458956,-98.08381055740348,-101.67418350199763,-100.47486351074205,-100.28992274425312,-100.5989872189946,-97.7138079160194,-93.80612108610701,-99.99947895371108,-98.24164707483632,-98.45263732222988,-94.2982348451758,-102.12449695622233,-102.61517246815984,-96.92943998862775,-97.93457440573671,-94.79159488852704,-94.4116415732768,-101.72015781048677,-97.97977749104025,-98.40072170307322,-95.35201384968917,-96.32808592820633,-100.53412160091904,-96.9497630279757,-97.54742651347644,-95.91476549404827,-97.09002956922372,-99.19557499739447,-95.60608203434705,-101.5739823970565,-102.41977087246414,-101.48388343982809,-95.33016960108563,-95.15127553373593,-101.54667329751108,-98.91909140560978,-100.06102343052328
2025-11-02T00:37:40,AP_5_124,5,124,Microwave,5619.979023028466,9.783226236560685,0.4673565132631389,-59.666925723762986,-93.89596335339817,-98.81699120864253,-99.50291589195245,-100.69101998525609,-98.80595446199146,-102.86543600563786,-101.10204242548801,-102.52105468304705,-98.52399201803568,-96.90875425857776,-100.79686625028043,-100.15601384863047,-100.64660076996078,-100.46321059305448,-95.33124320717388,-98.56214626727007,-95.81522663344931,-95.4077613083058,-101.19787666841677,-93.7524918078407,-97.17524328370473,-103.20302862836715,-101.09882875821086,-102.08074792742238,-98.03271486052198,-101.67223769134755,-94.57756167030253,-97.85031697819325,-95.63917745218015,-93.35515116868365,-99.24755961029645,-98.93891635772118,-96.03195834229899,-94.28875652887572,-94.84572744484088,-92.99157713526552,-100.19983650993231,-96.89264449306889,-96.94249524848561,-100.9183412130425,-95.40325727256521,-97.89966435566063,-95.3774246893384,-101.08242889577295,-96.2169425997818,-95.92605150465683,-95.50850470638967,-96.10186253745918,-98.6347379218377,-99.57929417349712,-98.17594575179089,-97.25298771156096,-100.86987802649276,-100.72975718575574,-101.25578041906442,-98.39704640185325,-97.38890401209021,-99.30590478944,-97.68796635026814,-101.84053345550268,-95.42947296416666,-97.3097515111109,-98.95969373194484,-94.69100902845494
2025-11-02T00:37:50,AP_5_124,5,124,ZigBee,5627.376669006918,13.001821287731042,0.21813319163550482,-60.04920464176416,-96.87864707264498,-93.62162439302844,-99.55233276151972,-94.32723901567584,-100.93967153666918,-96.64939782728045,-99.91191230380589,-98.67447273478649,-98.70591463730747,-104.73226278953067,-97.79315683871543,-99.68362450221336,-99.44651084471238,-98.52068028442369,-101.53932792019204,-99.82013603820738,-102.20535432148154,-94.01536219602073,-92.58043380881284,-96.85685702048104,-100.16697244359409,-101.1573025504699,-100.00978278666999,-102.34322605096307,-100.33476011672539,-99.8890843564952,-102.93978144703361,-103.40185342353458,-101.41185747232191,-94.41894877885976,-101.68734229323641,-103.30853754694131,-100.39598858316857,-104.8577533527301,-102.84680308755605,-96.33882334361569,-103.63179751895984,-95.21130476926518,-100.04324292518734,-101.53660246133192,-97.72246949007027,-98.46770039226658,-101.46231439046592,-99.89113874573965,-96.48783462091541,-99.98121944927885,-103.69075788812768,-100.25896724278664,-101.71359172780299,-102.41207770868465,-97.82692578624915,-103.12261650469982,-101.13850833556673,-99.42092639066449,-98.62869720356423,-99.01544609364922,-100.78370316521479,-104.32477365589297,-97.19972761364268,-100.34267627759534,-98.21169140676182,-103.4110382370492,-103.62268140091398,-103.38805080872734
2025-11-02T00:38:00,AP_5_124,5,124,BLE,5634.996658850988,4.875567160081451,0.6296002099270646,-54.01716437834732,-103.6837651342241,-103.80458807011344,-100.31187704759682,-97.80138649729435,-100.46132306246331,-99.3350672131692,-94.76262969411303,-101.20822767927729,-101.43102842936224,-97.56271474740836,-96.30831566629324,-93.30098696960826,-97.70552872888965,-101.8675002023874,-97.89722385548214,-102.21628562757992,-98.77874812964335,-105.94905875289048,-100.35756394228756,-103.59373492572917,-100.5855355375144,-97.91867470055477,-99.49909355266622,-97.57934563368889,-98.82877834188042,-106.05733294780887,-101.80763034460499,-102.56794554639438,-101.44063528558401,-100.42046745619525,-100.38850159890076,-100.27692485215515,-99.96431047551646,-103.03489012468606,-94.58008906992515,-100.62042936574962,-95.3193037020436,-104.96313287376098,-97.7226458559448,-107.81221329371756,-95.68764323255628,-101.98719824348619,-102.51274341577938,-105.78143329364624,-95.8749353862007,-92.25714994869685,-99.04796152454709,-96.70395217124698,-92.75059123702327,-96.84628315617405,-106.20992897289918,-101.33987187824096,-101.66580885325196,-98.9327316142958,-99.93523497637091,-102.21522414914595,-92.67132947563258,-97.28952851442143,-102.15026971365386,-101.98291828053009,-99.78972597928184,-101.80428564341223,-96.76755036764216,-100.33425740179952
2025-11-02T00:38:10,AP_5_124,5,124,wifi,5620.0,0.0,0.0,-106.69590880898646,-99.3135497062811,-102.5202679231015,-96.05162571509561,-96.68873520280695,-96.98058374044858,-103.14285691496147,-100.52699738529975,-107.81980400274198,-105.70674540037581,-102.73693220764478,-93.38299788243636,-100.66303352483102,-101.8177337657226,-100.20501426003011,-94.81620862066525,-105.36088411155646,-99.94692450818918,-100.58738835797594,-97.88754497535759,-99.40066689482363,-102.66092980129459,-105.20276613735567,-100.74095533675984,-105.5830315378239,-97.55203798583582,-101.71489457645814,-102.86804075227295,-97.46550564014257,-103.74898114260526,-99.66520375866124,-95.1277463988226,-96.96643610443714,-98.78628363199509,-103.31144727427119,-98.8788618493279,-97.43646788378967,-96.8783354451444,-104.10569952001043,-95.40984010930127,-99.71231988326065,-97.68178854039947,-98.56270202541604,-100.33765182765511,-99.38469972617762,-97.09947372642053,-97.59009373110372,-103.40546539252797,-96.16370411001651,-101.29852167123373,-102.97700716581397,-106.87399797693925,-98.51952800234022,-101.30491688489315,-99.55424305978694,-92.41813404116485,-95.26251218737156,-104.18386343923814,-101.68479871179223,-101.35785834975722,-102.79606497176613,-99.01587360834989,-99.23924196990666,-99.27123497520927,-100.77660557852411
2025-11-02T00:38:20,AP_5_124,5,124,FHSS,5624.242759448563,6.133655823693818,0.5760404484582541,-50.380327505245155,-99.62357207041369,-93.26263136750642,-96.73141138107678,-103.25941441563377,-98.19869510926476,-94.37462107857888,-97.95752093994561,-98.37895736336085,-98.321732864034,-94.68618390097306,-98.57832767551199,-98.752200605039,-101.77476858704098,-103.41136396848054,-92.0009797774071,-97.70195938417392,-93.74223038684147,-98.19635219177111,-101.73119036391621,-97.22532084111059,-92.54510611261021,-99.15753875093992,-96.9035082172073,-98.86497712557315,-95.10299591691727,-100.76837910669964,-97.62610542396206,-99.81548824066617,-95.20485123750781,-97.86432895954029,-101.70917299975008,-91.11131052227368,-93.6863499850766,-95.68660392171199,-100.17008060576944,-93.92804114858818,-95.09407406480179,-93.85375554053262,-91.89144621966528,-98.60240185593085,-95.62669002294672,-90.73288481930038,-94.65427764345782,-92.8635060273609,-90.63983597786257,-90.27340338097311,-91.9002671538911,-100.8975692894593,-95.64528681984736,-89.97051786538671,-95.13121409498247,-94.29586545329879,-99.53228549492587,-92.34369021985597,-100.12967094855328,-102.45152152016524,-101.75196595944246,-95.52840341462718,-97.50759589570643,-97.42641957770952,-96.64844904299201,-95.9908670253591,-95.88838725458672,-91.69729655271784
2025-11-02T00:38:30,AP_5_124,5,124,Microwave,5604.910570267297,17.745941771729573,0.5125193207269527,-58.069323988680466,-97.05439216803498,-97.19817395942943,-96.8167314782019,-106.86976130943309,-101.98578330510068,-99.8016267330877,-103.2279911811779,-100.98680750056016,-99.56406755864946,-99.63596626187481,-97.46904873364385,-100.12836521827158,-95.64710901643853,-103.07621998428974,-100.85148142098328,-97.94571955272956,-93.57378912462936,-104.30965189076365,-97.3319286473165,-103.40800077079977,-91.17857768965311,-92.97329922579175,-100.59471752282077,-99.68251495755521,-101.53833581455132,-97.5186161092952,-98.26081269120505,-99.40867620375987,-94.55028549267647,-101.78112117092711,-101.25713615138339,-99.2272748921928,-94.87942948669532,-98.37944109145738,-98.38768140076832,-98.3791485895744,-99.0308941976397,-100.6091985932663,-97.58226665955715,-106.43607601442528,-95.91321219251253,-97.34517631624703,-98.97312590335993,-98.77185970449827,-100.15470672984601,-102.5678884779181,-97.17137949139183,-98.69095455201524,-98.57420649783498,-96.88440637346339,-94.67338449905697,-98.2635517343705,-97.00746264118759,-96.77803590479542,-101.52874344436741,-95.02315386028215,-100.21335152924219,-103.38491110872506,-95.87151664321907,-98.98634571403676,-100.01716277322735,-99.73646616436537,-97.8310071825314,-97.61671932270902
2025-11-02T00:38:40,AP_5_124,5,124,ZigBee,5622.417221977606,2.575340499300366,0.26806512576707037,-58.25989570364764,-97.98627780211423,-98.5646004911657,-98.66291027833134,-102.89775837465204,-97.50716080099625,-98.41993004441234,-97.67326369975366,-94.65023436072664,-99.42318180000568,-102.35699523816963,-92.90664474932493,-102.9009029580194,-104.46903332876255,-98.04049888306379,-97.04710401573668,-96.74986470289022,-97.74348038401244,-101.29991493381392,-99.73244982582987,-99.85300830690922,-101.82792067176688,-96.29158180872064,-97.61828911466571,-94.49481705648336,-94.45964035786312,-100.5095625923346,-91.3209889075388,-101.59652384650853,-100.43978416783108,-101.34731465571546,-93.89172247062496,-95.29317756091757,-100.95782574083987,-96.33664154758786,-101.52388508624577,-94.32266162809783,-97.78373611654439,-92.17860668820548,-94.69074838672859,-98.06649062230935,-94.74432449488329,-101.49200343536373,-98.3096135415379,-99.24503508077296,-98.96758042655199,-101.17983560842043,-99.57598241883099,-101.65408327086573,-96.37927922642608,-101.61080001952288,-97.02521785056778,-99.59085356514599,-97.50403084324539,-97.419609986452,-93.43098988205112,-102.09161085635242,-106.24499000074641,-99.96252270240392,-101.2860928592972,-105.1129303334205,-99.37221774106982,-99.05430031435445,-97.00172056783711,-95.74239625984109
2025-11-02T00:38:50,AP_5_124,5,124,BLE,5607.513786349759,11.156301042803591,0.266254554572234,-59.926796035251975,-93.53228576479671,-98.2763866411754,-102.88135063891677,-96.91180231408278,-98.14482608003127,-103.17196340648864,-97.61114330885175,-100.38298140453074,-98.75873822023611,-96.95447158995373,-101.9264317779634,-93.25195688044816,-98.78569940591909,-98.78303285729918,-93.85840360204347,-103.70325667754456,-101.05820555217299,-96.1591829531358,-96.95349846666208,-97.71472301735116,-97.60371481057436,-100.93915686025767,-98.24169069209495,-99.55870311976771,-95.73500079172491,-95.14322496239372,-102.14998323562112,-100.24390635559648,-99.74717607897999,-96.35428669116008,-96.58708588506656,-98.92530158968634,-94.65978949733052,-101.45667790490293,-95.07847386115799,-97.6284574035,-96.91148707251722,-97.60587430623029,-99.48838640806497,-103.46302388864356,-100.29278934810158,-93.72683195821881,-92.34061899824721,-101.15855730915479,-97.5269376216664,-97.96581337308389,-101.4169967839588,-96.2159427491788,-98.07895947247538,-102.67960177184386,-98.56477919482728,-99.12280368397681,-101.59238147255118,-97.16079563289354,-95.11659538264615,-102.17283466533911,-99.04795489329894,-97.80672725836479,-101.91907383790941,-101.47271481736276,-103.03182481373281,-98.0704174417286,-94.07076284793166,-93.15538174082752
2025-11-02T00:39:00,AP_5_124,5,124,wifi,5620.0,0.0,0.0,-106.17901114756589,-97.1905840048983,-98.73909303783138,-99.80737393591676,-102.14264998602043,-100.81260475549834,-97.00589474315711,-97.9520406774766,-101.483435770409,-97.68174656691362,-99.2773781557463,-96.99130156794601,-91.5299567013151,-96.68480049552824,-96.69311052220334,-102.78817373176312,-96.1441112829662,-95.53945583501924,-96.5488337064524,-98.13283900655972,-96.9667185645494,-97.74903835834907,-101.43139060208135,-103.12150057669834,-98.70706285160344,-97.06817513053537,-103.90326098814717,-95.01906381507747,-99.8266024612796,-97.77733289576622,-94.21977849243119,-98.67875291632924,-100.85390390953589,-98.0722332633767,-102.28891023986094,-100.67560041383439,-96.77690550890439,-102.88975289203543,-102.19824335858998,-100.81035072088025,-96.52747594865507,-96.53276415644018,-100.3259778896052,-98.9739176970819,-98.52636587876788,-101.00868921044693,-98.99171597415432,-98.54793703512021,-101.04983066433256,-97.00026275013364,-100.83300895482161,-100.94791228700473,-95.97663663487585,-103.48044736979665,-95.87218310435729,-101.94164160182703,-98.23698035380417,-97.08510438290796,-103.18475857088464,-96.62300864510419,-100.52430263135999,-98.42980311825279,-97.51547443400557,-96.2170950875276,-97.05341059826773
2025-11-02T00:39:10,AP_5_124,5,124,FHSS,5619.070291962444,10.85789255438227,0.40827872241551816,-58.3002253756368,-95.53406104742665,-94.77822495055608,-93.11176661005362,-98.17991497242804,-96.06585522430554,-98.52562569392059,-101.2072564008227,-100.43665477617922,-96.34694433947006,-103.32178397732983,-98.0485612366996,-99.30356612813803,-100.70264425859314,-96.81654922081836,-101.69191806171003,-99.37966380864324,-100.22868783325086,-95.35580491164703,-99.17214182092971,-102.61906430717497,-98.06922123932318,-93.41505045494674,-104.80087988237318,-102.15741529781215,-96.88419216266921,-105.08077964195505,-98.0688065817742,-95.72924363735159,-100.28772634135875,-96.4831413864659,-93.05981817073801,-99.4041055863122,-102.37512029738981,-101.24206110786513,-97.56893255570465,-101.1959989684612,-97.91783179232507,-99.32078880127641,-94.29850610191781,-98.26724135707413,-96.15614236754075,-100.95200422014491,-98.3359360450374,-95.283412308521,-99.8698961875886,-94.9873135144076,-102.57313043664556,-97.96995207690514,-96.63983133630482,-93.22330652802559,-98.77562721988721,-94.1613048621646,-99.13567530087359,-99.48739710945857,-101.19092282115396,-100.26350525051049,-101.57837855454062,-96.57832514636549,-98.75171863383788,-97.05338997576695,-98.24281306059176,-97.45067426803082,-97.92442497503193,-102.39961164173873
2025-11-02T00:39:20,AP_5_124,5,124,Microwave,5616.924082741867,17.994055979314922,0.42143846265061585,-54.387947213622056,-101.16442910006604,-98.11189322900137,-102.42664863320799,-102.04152876519443,-99.30249093262714,-101.74661425751272,-101.9012890239373,-100.29245036937718,-103.81438733017652,-104.05143318846072,-97.85204462596523,-101.12186974485121,-104.13799731164055,-102.09039727225587,-106.98182466304802,-104.69832946896885,-96.70808758552658,-97.04152384578589,-99.18375137679232,-99.18226543688728,-103.11072879602968,-104.36244711051614,-99.02574260811564,-102.21112954229723,-102.41538439803477,-102.4734970756838,-99.55792303865819,-99.95581910983559,-105.7459838921376,-100.68633857966967,-104.8139373749284,-99.63392963210714,-106.48677830357458,-101.98363909853182,-104.11652347701192,-97.99595586766995,-102.57557215219332,-105.24282155434493,-98.57738071667912,-102.031551115023,-102.60459790068491,-100.00199575253089,-101.36309922498698,-102.33981668772947,-97.97716067672229,-99.11523004369204,-101.10132511713203,-103.63105543512357,-94.70708576730136,-103.37767333739208,-98.47076267888508,-101.26467359034473,-98.24017744957392,-102.07576621898053,-105.62163947488645,-100.3766267814365,-99.59479869802249,-103.39258619331937,-100.85910642533919,-105.55728923985458,-98.85688416238895,-100.51153980014894,-108.47516800728344,-105.54914338446868
2025-11-02T00:39:30,AP_5_124,5,124,ZigBee,5635.222790656442,8.29810675696917,0.22101728994862266,-58.66306391682754,-99.95599992517903,-98.83989229792326,-99.07279659930201,-100.62056555727295,-95.50136093808518,-101.10789546851092,-100.2234365262291,-99.52542611115388,-99.02605642357994,-99.16882035439268,-97.98863790515146,-95.38214974664952,-103.84498639152854,-102.69688491050918,-97.44315701189109,-96.18453229482253,-95.68864340670893,-95.96607736828561,-108.61080677739149,-97.85523226324572,-104.71841733418243,-95.7550340477442,-102.6325162034988,-95.78482881909015,-92.88601948661459,-94.01145630498527,-94.86117380199364,-96.05494875304065,-104.03083317949252,-92.8032024141491,-97.51040181275131,-103.59462471203962,-103.45118208709644,-101.50504567838689,-101.37152552417402,-98.59318431705817,-100.87324928404806,-101.24437914646568,-97.77869039275204,-104.25475190453069,-103.24992301793073,-95.09714260043495,-101.43643530391465,-95.90935684941928,-99.61036766090197,-99.72911919649559,-101.54214007403138,-101.33437906570369,-101.19112694884316,-97.37320725610392,-96.1567291262409,-99.28114181803407,-97.895709805272,-93.75823777025663,-98.28706289675036,-100.15050984197285,-99.31277527249547,-98.78542517020655,-97.21181318339265,-101.46481543714691,-99.33644122943704,-97.9836241707967,-103.2455389417124,-97.56864467723781
2025-11-02T00:39:40,AP_5_124,5,124,BLE,5619.2029978823,4.230965487542342,0.3036973121185379,-56.01741749428535,-100.1646069891156,-96.36170342260003,-98.64842843963932,-98.4732844321738,-97.98213241339509,-100.44797579104213,-93.81547476331025,-97.34948434526966,-96.55519014069208,-93.48586881990957,-94.0589722892808,-96.4330100254083,-92.89996922301562,-91.39763550667324,-93.4364198841042,-95.72635894486191,-98.40951393978389,-92.66568281185322,-94.8954300418183,-92.82073524224693,-97.53908200177595,-99.85441824816728,-98.9332038222815,-100.28756218676514,-94.16379094006034,-94.0512951454739,-95.28349454624428,-99.96613426514874,-92.76637333144656,-95.18271383158609,-96.07244850381808,-92.17185600433358,-98.74204269158281,-89.76204919368521,-96.57606194461057,-100.36825902014384,-98.7818524580368,-99.933181474689,-94.56084792316179,-94.10814683636356,-95.76558584083749,-96.61609954880663,-95.66853896216406,-96.85086530936697,-96.87325621359275,-94.62817332990417,-98.61311007359255,-95.23556215311169,-95.32222783173444,-96.7918083467285,-96.93880392082802,-91.26039912655835,-96.09923971749105,-102.23299267941782,-98.99560855710234,-92.5126148289289,-93.01324456158288,-96.91454373499221,-95.89658624152852,-96.98623149815624,-95.81378391357471,-95.79450775709367,-96.20799627393815,-100.74492472875357
2025-11-02T00:39:50,AP_5_124,5,124,wifi,5620.0,0.0,0.0,-108.24401037366279,-101.54472865582281,-102.1623959567866,-97.67128833072621,-98.4496366319485,-103.41143484520937,-102.91937568496017,-101.94055244687483,-105.40726572245529,-102.8818156515079,-99.57695843407642,-101.93240340058571,-101.44598167824668,-97.83923650721418,-103.29174584803494,-103.89562971515667,-97.4266865006113,-97.12695698765683,-103.54256917934175,-105.21096562244186,-101.07447053039374,-98.78472208863442,-101.58437372758037,-105.92220105285504,-103.63292744053801,-102.5965637808103,-100.07368185705056,-99.46832021891605,-98.05195941998895,-100.94131998092521,-106.85974179635177,-98.82330543660096,-102.15559461019821,-101.14909623666108,-102.1010093090653,-105.08871052703847,-100.33642368471058,-102.27685820853787,-97.91659817121892,-101.79567321755634,-103.2183699319676,-97.70689391024551,-101.25772851923524,-101.31368890801363,-96.05425429656296,-101.00471092377057,-95.19010374462673,-106.72601535759881,-106.66724297843132,-99.34740966098853,-96.57061402580807,-99.54033181403213,-98.55567111703718,-99.9488253506648,-104.7841778897821,-95.49947634199246,-102.32459317662907,-97.1892027754712,-100.51706688243075,-98.73112905266274,-98.54141484176598,-107.6394920849798,-100.11939244992475,-105.03180146387727,-97.75187799481783
2025-11-02T00:40:00,AP_5_124,5,124,FHSS,5614.900129566959,5.750213592461957,0.44050588109501876,-60.67659311250085,-93.56870304678608,-92.98885833800163,-103.1193033670757,-100.68738535966587,-94.48999520198794,-97.81528106936977,-101.3448945132806,-102.52363551331719,-97.50667661021657,-98.34736362293205,-99.49017340135075,-96.81164852517803,-98.1409615072317,-98.81490916123029,-98.23479875136809,-91.66889646716658,-93.60705335804016,-98.01249813339868,-97.33039212933534,-101.53576584364146,-96.66877912522162,-104.43532777829493,-92.68023623817787,-99.25126353419873,-96.01105374332575,-94.68010407004458,-97.44900775378524,-94.59646603068285,-97.13742499222847,-96.12496493182195,-97.21509106756666,-98.82995768273793,-92.98570894851777,-101.34308072827517,-92.64388448488631,-99.40847381763915,-95.91787635301462,-99.07252503602555,-98.67783979430867,-96.30435728333991,-96.53342241587504,-92.96775476216445,-101.64592838516423,-93.93541344767347,-95.14630656794156,-94.44683735722239,-96.65738503360855,-93.98191035010561,-96.41762076787852,-99.06766752144084,-100.4270326027618,-98.82306965501482,-94.38215315442754,-92.951722671517,-96.44777248410206,-101.50179691030056,-99.7240285390795,-96.292353324539,-93.89849855589696,-95.60322913088602,-93.07148019171564,-100.40089190641206,-98.142308241709,-98.01908342271713
2025-11-02T00:40:10,AP_5_124,5,124,Microwave,5633.403748036095,14.85206639887788,0.5502839074450985,-63.31263545418913,-101.65507997561431,-92.43245614302937,-99.60244278236918,-100.38034214599323,-99.28243857669487,-93.63688161146109,-99.70269057725693,-101.23172408009987,-97.09432806525378,-102.40165215094785,-96.78841124874162,-96.68529346008675,-101.89896740457823,-103.61212569334936,-98.43303403602218,-101.47105970610086,-98.31447599697506,-102.56615480708932,-96.28191574804653,-96.99127107416471,-101.38591992914141,-97.86858450578505,-100.26004151520287,-101.07308739628539,-99.02509138854093,-97.60490207240835,-95.05182070567466,-99.67928534290581,-96.13479148380284,-99.67918659000432,-95.21589613456653,-93.45170330188401,-95.58141842586284,-101.67908286314963,-93.26234597174734,-99.35608553530005,-93.99024982979843,-97.19665171064474,-93.65384223985288,-96.07322963296245,-102.07591565639989,-101.46480528543506,-100.72648120490916,-98.85582972087327,-91.7978247478671,-98.76889578464099,-102.1611174008183,-98.84874146020766,-101.16655087893285,-94.4661877514987,-102.27761971127183,-99.47931454888017,-98.47164586772897,-94.48178730344978,-96.83408742047914,-97.6419015370938,-95.20876323508249,-95.06120446375155,-97.91967344761109,-99.25644993069876,-96.53676105136175,-97.3798423891667,-97.70822344221966,-93.20170220135039
2025-11-02T00:40:20,AP_5_124,5,124,ZigBee,5622.990715846559,10.811698143846584,0.47952117838703534,-63.989111239868784,-97.26630128512973,-104.6445751015966,-94.72918952023403,-102.49573308544744,-96.64038327220733,-97.53311353657703,-98.44372426103165,-97.0567947949882,-98.79828497610715,-98.383115659744,-93.09815604072035,-95.5246925881071,-100.93453409564914,-100.94161491437055,-97.88510188666264,-99.55096116795536,-98.11155674450578,-97.55625492136556,-102.40932458353929,-100.01107081892637,-99.03676254684444,-94.9909167747207,-100.14165372715887,-96.5037036926105,-97.116789471395,-98.55968535229763,-100.71673834427034,-98.9541967885642,-101.3965928511737,-99.51264905289007,-97.53433743038221,-95.8520572474358,-95.41553239517745,-97.27489374949052,-100.01024825187412,-97.29944622092428,-95.3277647578444,-99.89772141246975,-94.96822128080981,-93.22964734842152,-98.56136631113255,-95.89286295416731,-95.39869507474228,-96.26587267298778,-97.32360042719958,-99.25457671237321,-98.20721948739826,-96.00347959751694,-99.68607550952332,-99.5192015367907,-99.65547544141045,-95.48637570129618,-97.57092312530179,-99.85788073240815,-94.79853233963581,-98.20088136162379,-96.36433041926423,-98.2224341110022,-95.33368276307054,-98.20879028420467,-99.55582916185864,-99.91459495822104,-99.75995519865265,-100.7051560197629
2025-11-02T00:40:30,AP_5_124,5,124,BLE,5625.576504279751,8.612546690195419,0.31707020112780315,-53.83651999880833,-96.72175269492696,-98.29372049981953,-97.28521458699245,-95.32658704929366,-97.8955472439101,-98.72659135035204,-96.86348971389198,-99.34924040311272,-97.8588902517572,-98.91336770451953,-103.36338531840762,-97.15643393318847,-98.29764659609084,-100.72016314274141,-97.8665984026394,-101.31761349783943,-102.62951370188665,-97.68356841835906,-97.24698109850809,-96.94692389092658,-96.7172368050677,-95.46754538983213,-97.3715823682156,-97.44688655934019,-98.39500719939761,-105.22254855139394,-94.13063851964873,-94.42123195355545,-99.172989003178,-97.35586266448476,-106.88477492920978,-95.10232014483476,-98.99142165212929,-99.41196907461165,-92.63729416960349,-104.05533091348092,-99.20465218208405,-100.74718960541695,-97.71015193754438,-100.72157884489106,-98.79679486009503,-100.32137731480246,-96.70879850405748,-97.89893418172197,-97.5061664051907,-102.21126719850311,-98.09547676687161,-98.55425159454883,-96.98680730948503,-96.1687125864598,-94.96163977605126,-99.43390564472264,-100.42262755648417,-102.61199107488484,-99.7940859457099,-98.95058662914704,-99.69921611937131,-95.43217973992768,-99.21454201127827,-98.7838814455708,-98.91758199086593,-95.15974348048078,-101.51662680106898,-97.77959487250706
2025-11-02T00:40:40,AP_5_124,5,124,wifi,5620.0,0.0,0.0,-106.33956848135578,-95.53785712671626,-98.40300214914873,-100.52200125725679,-95.75492928965257,-99.92248918773168,-98.4581480304059,-105.33975454944236,-98.72792496391969,-99.62765399313943,-97.83001763865691,-97.83984181270199,-98.82766582118917,-99.82754726333727,-101.79629344184308,-97.78747633961807,-99.51705337708917,-99.30106083429442,-107.53466095996183,-99.0551897668605,-97.71036217495927,-103.59732407830843,-94.81611587697932,-102.27539566215117,-100.27389907360957,-101.1222195041599,-92.47928232696022,-105.1422559852455,-95.02271613323312,-97.11542421977258,-103.86823487676311,-96.18842485800674,-101.41208447663766,-100.30523010734339,-105.41445018321554,-103.47072958049336,-98.19687299384024,-103.46532716472439,-100.99565512714832,-98.55221164551355,-96.56066803896869,-96.95471586559796,-96.25386880444239,-99.46332792813102,-99.97177990835155,-96.06615197912318,-99.83465499112025,-103.41005690858447,-98.23871370976609,-95.16812862304849,-102.17388854647749,-98.58371062365639,-93.55948921868395,-99.39304690019031,-100.4449016576018,-101.33258372364371,-99.6020567797862,-95.48488993194341,-99.42098654924388,-102.32635657210305,-92.49897500923173,-97.58595482010902,-102.47682120280277,-101.5603510355461,-104.04178927453623
2025-11-02T00:40:50,AP_5_124,5,124,FHSS,5632.392630082335,5.499331590120287,0.7010063898949002,-69.24701457095735,-99.9444905525188,-101.17722213253018,-100.51643372616135,-101.07189905999948,-90.24333870870754,-106.87119837882992,-100.09642259587422,-101.69407894449854,-99.01396533541664,-98.06642284566936,-105.4835833193327,-100.1467176733542,-98.32418623535222,-98.78429073475286,-102.83602141996633,-95.40228854591706,-102.70423308817189,-99.06301083834327,-100.31514628892985,-102.68978246775714,-100.83492009321724,-98.7819492895102,-102.75668317239362,-95.03442094821405,-99.53263436081541,-99.30863122898485,-98.55806562889718,-106.24432980216444,-101.83251822130354,-97.48186188306589,-99.81384044651246,-103.73218341105981,-97.559002305517,-99.1331053349591,-99.4953104706145,-98.56280695610629,-99.36305658342575,-94.92227974568178,-99.75613924957688,-98.08323733871774,-98.96128416057039,-103.50843090829994,-99.16779159682108,-102.59089324722913,-96.55040099237117,-98.5987203825241,-104.65390237961216,-105.22611805150432,-103.62368613869623,-105.44429716793263,-96.46989484675517,-101.2733282098592,-101.93307951361004,-102.82166613876447,-98.9664981933215,-100.21984920963635,-95.86683096048507,-98.72021456974822,-106.101517270637,-101.29718961772677,-93.72719045578927,-106.44191204594985,-105.31646524766155,-101.44640234367681
2025-11-02T00:41:00,AP_5_124,5,124,Microwave,5604.013967187757,12.152976369730519,0.36655472930699406,-67.72586765191608,-101.10761015543171,-98.91668772728708,-96.97666551148991,-96.97153597930546,-94.75122465739562,-99.27302804864026,-93.63141694229469,-100.8618748749724,-93.34346020878804,-101.78087707747903,-104.14241240996344,-97.2850306238251,-95.65531677282554,-102.4163326102726,-97.15547796627989,-91.3954255797937,-98.61723345000644,-101.1416115921038,-95.7375756759779,-99.03696110887603,-102.1436463525858,-100.66636016609235,-95.55997024099385,-98.80223096615435,-97.1379024189987,-98.08089324067187,-102.52658640159933,-94.85399869773508,-98.48390670846244,-96.6056950175943,-100.29729639096563,-96.16425592197486,-101.30505873038955,-95.8270291630464,-95.20168933290901,-100.24022287730273,-91.54349621072566,-101.65105509175366,-94.44178801104353,-99.6527239866109,-103.94300270732539,-93.60418016423351,-104.2354412604584,-99.42054884267006,-101.65012486542187,-100.01101723531323,-98.21858438244743,-98.20924573358242,-92.8637976056499,-101.4122442513634,-95.98819278524225,-102.89355505223168,-95.55632816588712,-94.632712965183,-95.0097032833811,-95.30727623706072,-99.43883653753608,-98.19205345191946,-92.62388328062022,-95.85943385725845,-95.24522748361754,-95.12034528567796,-99.22016685275001,-95.87669603267497
2025-11-02T00:41:10,AP_5_124,5,124,ZigBee,5615.8428858975085,4.8972812644119275,0.3171115325668127,-59.3735910492013,-96.8381230606037,-95.50314544234267,-98.38045509210534,-97.34061876440563,-102.03764938151286,-100.11852640448541,-93.4665188054739,-98.92217834100506,-94.02440960566756,-99.21431164929339,-104.31235993468943,-97.14576800565808,-101.93493515266242,-104.42541312623301,-99.72075193202342,-96.22816091618675,-98.03905940555867,-96.0075380085447,-99.71065098746936,-104.90389019836994,-99.63906549319252,-94.48015442066585,-102.35484563954304,-97.44543652048203,-95.40308469747063,-105.32715078224697,-94.46658782896594,-98.73434512579395,-96.36251470777006,-96.61965542577559,-99.45343120050507,-97.94078986607846,-100.75314656080467,-99.73783607456058,-101.01124019035652,-104.93577591359411,-98.87927183734747,-103.32718780190153,-101.14677278241837,-97.43339944133145,-107.04841864081972,-96.58436434743304,-104.84885812846393,-102.0046053661236,-93.06541091654935,-99.82517283545928,-98.28524315741733,-96.88868257467969,-97.48500653279986,-102.54170224155884,-100.34591804785575,-98.70544809893474,-95.32337393792403,-104.00974549621438,-101.00998398323793,-100.59690515342248,-101.85611118729565,-95.0406649902472,-99.1451873696753,-101.40987186357361,-98.90293053784787,-100.60186055221712,-99.95863005961851,-100.9555013939171
2025-11-02T00:41:20,AP_5_124,5,124,BLE,5617.693800242458,5.706945053991301,0.7976418234273841,-51.60185037134686,-101.95481840301443,-95.9772969240626,-96.84789558056927,-98.06828631141032,-97.7280335733476,-95.63550323322963,-101.37163390336461,-100.54693718033658,-99.93680348774926,-96.85542421137741,-98.47550420902229,-101.55590864417448,-100.68749958671579,-102.6730405304064,-97.68200539445236,-98.14406245281644,-96.85039582571441,-107.80309082737514,-98.08420254258486,-101.78693938120588,-101.65831034308334,-96.95188552128535,-100.09232167704421,-98.87935596947804,-106.05173660007092,-94.22940752729411,-94.43328459485379,-94.69264103020274,-94.1073759137688,-96.05414502275408,-100.99951630235932,-92.52923425827979,-103.02412758703944,-101.22054424008441,-100.01603776077211,-101.14012169647805,-95.21206558123508,-102.1819486348622,-96.79684713362194,-101.04311748111408,-97.79453771758595,-94.52111236829298,-94.24106565131164,-98.15162150904743,-96.29014526526873,-103.31081249164038,-104.27771833965406,-105.49172697100641,-104.05720500990412,-100.01518166796288,-96.88374408388044,-97.61023248871403,-103.74163991968601,-100.20057510109496,-97.99641212788693,-98.38033907339683,-98.02156267415613,-97.22626471548783,-99.88423206729414,-94.88528880089159,-100.8111811507738,-98.36986845149876,-95.23736407912054,-97.11936621500263
2025-11-02T00:41:30,AP_5_124,5,124,wifi,5620.0,0.0,0.0,-106.74976238549125,-101.36965744963817,-99.6880519894027,-101.26802433391677,-98.47928119820222,-101.83698915806507,-99.19562518615233,-106.18843079377632,-101.83183329048828,-100.79354989777946,-99.55357785227768,-104.57433932844962,-100.66672357226088,-93.37659081824722,-98.67775245937509,-100.65896762766046,-100.03131878490453,-102.06958835610729,-99.10654248989442,-101.94075793641876,-97.91712269084027,-99.54305992342827,-94.47705628253058,-101.2324471700282,-102.36779415839686,-96.84011949257928,-98.72104671532512,-97.0224395664969,-97.6193713504446,-102.27759844271485,-95.58015414172343,-102.20547411508454,-103.47018016384273,-101.96109433793052,-103.12108607935672,-105.15905187500859,-106.2638375731209,-102.42076543979856,-103.30621304888209,-100.15889021040418,-94.34898872171127,-103.61481608368243,-98.10137036493565,-96.45763772972771,-103.1516848893972,-97.47874689618811,-102.0451054751257,-105.16976343354061,-98.84605920130325,-96.24230514102274,-102.08909783158492,-99.05148079773848,-94.155138875851,-91.19741341443807,-106.23692222939816,-104.65312914219541,-99.94562446217688,-96.63628547078763,-99.7255124912035,-96.17858864196707,-92.12227660522646,-97.61361060818233,-95.3677087105022,-97.82243709252383,-100.12316253286562
2025-11-02T00:41:40,AP_5_124,5,124,FHSS,5610.637987529477,13.868510818676459,0.33763812701318285,-67.83510181076129,-97.69629873356271,-96.07073891960052,-95.96569937244107,-97.64537405958096,-101.23735689616744,-94.06267031140861,-100.22202528261023,-94.59101506758527,-96.04516986454503,-99.58556394158312,-93.58790226952948,-94.59970188517985,-98.85065045504486,-98.50793275999847,-99.69246463697532,-94.37306795923277,-97.54098923138552,-102.28833419878791,-100.97584640957623,-100.65294662690641,-95.49685296146657,-100.86672793278947,-97.41410376528857,-107.11337258753368,-97.69670893428922,-95.03380199528975,-99.44203321074511,-97.73821181699559,-93.47736274955567,-94.19658974954936,-103.1423195083406,-99.33948478521994,-97.45399379852728,-101.53556285373544,-95.96686994254361,-97.8457192435343,-95.70783155705237,-95.61058095992055,-101.30183826886636,-97.97478990709246,-99.20008276970451,-93.96313570904894,-95.84829718185205,-97.96488023667267,-105.10640733415241,-100.89915803534615,-100.27275544898222,-99.77736685562692,-100.87908827985895,-94.15878562535481,-100.72794610726424,-97.89482527521005,-94.73752893445169,-96.47611306171528,-95.90341897187402,-106.49105317122701,-94.62908983828704,-99.53247478204567,-96.71307721146366,-96.86918159722947,-101.56678798443612,-95.99696737937974,-96.72113370604822,-99.70150805192165
2025-11-02T00:41:50,AP_5_124,5,124,Microwave,5628.8089656624425,7.683043470648971,0.3518529868473018,-57.780640027616535,-94.17196458118309,-98.28350813877297,-98.02963515506423,-99.73132511714158,-98.12012158557386,-96.90865331266157,-100.59665129488998,-95.975994308222,-95.82975501018701,-94.34140506590425,-96.83461885241174,-94.08948596794586,-98.46815996469041,-98.83082669690228,-101.25882950713472,-104.40083648769647,-100.5403759951852,-98.43253297375323,-101.87822279056968,-96.94172477763816,-101.88096005744366,-102.3635036455897,-97.85976478123276,-91.39482899028715,-101.68220267822747,-95.11794644072731,-101.26123419852911,-100.66135042587356,-105.18839071891682,-91.99135699795515,-101.91115029308531,-94.07643873637662,-99.97308882367288,-98.71480593155356,-97.68876620012958,-100.80827648733649,-99.6910092174512,-100.56324896528628,-104.50059948542074,-93.48271769903309,-104.16722995027523,-102.99698061400507,-96.09647485712145,-101.83671291102034,-97.57425342076708,-104.21266731519272,-93.79797428041475,-96.81921361879522,-96.09967042896662,-97.73335567275943,-101.7098144158038,-97.47234199037918,-95.34645971292831,-99.36215516989913,-98.79010752316469,-90.69073145138762,-100.17494730202141,-96.6566898904835,-102.93187656745607,-98.19057649173048,-94.21677949621674,-98.41660009425574,-100.86768023221184,-99.87173790466024
2025-11-02T00:42:00,AP_5_124,5,124,ZigBee,5601.253368162032,17.16073480274895,0.6062375874347188,-60.005687843031545,-91.79570916690098,-98.92503155211409,-100.63843305318406,-96.91838813475907,-102.02150927484172,-100.77752097467227,-101.48035926052646,-98.00525767767917,-100.31599885737651,-93.17875256751967,-98.00567070355856,-105.48054620607022,-101.3685509380135,-98.2853322453408,-96.83901938603232,-100.75842296339631,-100.28290109921647,-101.78718530687672,-98.04767646153697,-97.37221968836809,-98.84369662272145,-94.89876757698879,-98.86660554116577,-91.42500008114519,-95.70701323127227,-94.35634896730484,-95.4198015893615,-96.8108297266919,-98.09916718542961,-96.19976485344827,-96.82043137505649,-96.60685653607686,-101.05677009218714,-96.72313022381374,-92.38685843019155,-100.99561458827817,-95.41101580123072,-98.00745978219767,-99.33628537069532,-97.12768668834035,-95.67194555289448,-99.6200013895247,-99.00396581295036,-96.96250341926167,-101.50416552887549,-94.51145254034698,-100.06401547692082,-98.54934806396619,-95.69043626297119,-96.69103025254053,-98.30581895623959,-95.39034269994485,-95.57971071006017,-99.10651416318606,-98.37459005389705,-95.17993629063685,-98.70985360390145,-101.73706958250705,-97.73920069034834,-97.94402636086335,-99.66281283377579,-95.63746290285911,-95.65469657177027,-98.41624946814194
2025-11-02T00:42:10,AP_5_124,5,124,BLE,5633.8092089300735,7.2106853012467464,0.38865938650631326,-59.39957780987878,-98.95598324975948,-97.6616777589561,-98.33503199856277,-98.709619178148,-101.81925223785004,-102.5143216950339,-100.5188835718562,-101.03247032955505,-93.5397689869568,-97.5074056993412,-99.31418014351205,-94.33657916900289,-100.76321801881346,-98.86746429481298,-97.5944290783915,-100.702216027494,-95.79625570885545,-99.69673719542327,-100.96488288159884,-98.5399768993442,-103.50682438299384,-93.63518460951032,-97.12329222826354,-98.03136218278249,-100.98441230655685,-99.57970312585242,-101.31273896479831,-96.58185327952727,-94.20583840686649,-102.7593307480003,-101.54986813272161,-98.17853356222606,-96.2945913431816,-101.65128331080837,-100.43563516410124,-102.3915764580338,-101.80991655639598,-98.02237841591476,-100.94100209621837,-99.38315310781181,-101.98520498738151,-99.07220928063941,-97.05474000726579,-101.19385245888962,-98.78927772208714,-96.98419127560177,-100.99869782295646,-103.23049426426273,-102.64899926132553,-98.28545145426021,-98.96641331855996,-97.78578661950547,-101.9544155911601,-100.49482769988738,-102.55734486613402,-98.65532382081807,-98.6278989011256,-100.45960990959738,-100.76712515081724,-103.55001055432625,-95.84660130311352,-98.76734160646454,-95.82614976341796,-100.50059357407946
2025-11-02T00:42:20,AP_5_124,5,124,wifi,5620.0,0.0,0.0,-104.79238029525577,-97.98456942485706,-101.1030066046082,-98.5001353626202,-98.24286622538965,-96.56187550420285,-99.27536369282694,-97.12559977025401,-99.14327138165366,-98.70047945054257,-99.14156490245695,-103.1429381679875,-94.52298235623626,-96.23415652993101,-94.67859142919721,-92.57309347152719,-92.84944353303115,-94.14466824798131,-99.04403698842577,-92.83787398733277,-96.2221184742856,-107.09967910900441,-96.14710055873392,-99.10603592516381,-93.84527383336237,-100.66435547847637,-97.55971539774394,-94.92688550227962,-100.38732832391044,-95.58168838253947,-96.33143297444059,-94.19513599879119,-94.87366806610223,-97.9227407217185,-102.15594665228582,-93.63427600732778,-99.17520091250012,-104.6159245249732,-97.14427157669672,-94.85364083398758,-97.35260433726386,-93.58022873209251,-96.88751250775117,-91.52940070157064,-100.22796487177128,-99.93833665717193,-96.49984407954558,-94.05675185177266,-95.26665277559951,-94.38060982626779,-90.33971709488239,-89.37651687335965,-98.86045659011943,-97.90432616506816,-97.66564749146795,-99.40687078505131,-99.35758976742845,-95.61352971823449,-97.32893916036402,-102.46533357146825,-96.17704915903614,-98.47215137450951,-92.3997135385351,-97.91241706197972,-97.39364521242382
2025-11-02T00:42:30,AP_5_124,5,124,FHSS,5636.226599104516,9.320337771977789,0.7885639050668403,-51.56329723917075,-97.53866682339762,-99.72354147212431,-96.29305325110344,-94.84676688256191,-92.88053770836414,-100.69677885803578,-101.84992148971898,-96.23735400385218,-96.23309442067992,-97.69825969940564,-95.05476071652052,-92.51314244287644,-93.90662611889316,-95.51908713530727,-100.0532485927413,-103.15111146071301,-97.24405194060398,-98.42219282627579,-97.50443856078952,-98.43570742780298,-97.51667724853944,-96.80753891929605,-97.22610041321269,-97.72345450721748,-101.29252756829415,-96.93882460684672,-96.2955102471075,-98.61357109350516,-95.99460202364553,-98.48894003959833,-100.04143730096033,-100.12809957324859,-97.00952412813653,-99.37038185349532,-96.0042083213312,-98.91668950783176,-97.18344821904124,-94.50155517230239,-98.97144156166418,-98.68946490831765,-98.0944805671034,-96.16651398708424,-101.53877027138138,-99.64215485916475,-98.40368646266003,-91.99812866402884,-102.21735267646977,-98.54608508145239,-97.66563916460566,-96.35895087584213,-99.87645433924425,-104.99596912079711,-95.06505572029674,-101.29914506248444,-98.97760207548886,-99.36367813906652,-99.67538776389274,-91.96369272798054,-102.1079851291291,-100.6626660010817,-101.82813422170899,-95.37406252289065,-94.43002140736122,-89.19793698508332
2025-11-02T00:42:40,AP_5_124,5,124,Microwave,5633.242181941781,14.465956908117343,0.41049078816934864,-67.41972860187556,-96.35508581929392,-98.6541247624178,-97.78349825207141,-101.45852225015106,-100.26673170464706,-94.59433287849401,-101.71913221517553,-98.08158307944338,-104.3363911173337,-105.73078150733588,-95.37711803487532,-99.99684081778561,-100.30671171978554,-101.07937988750854,-91.82947125937014,-101.7167716488429,-89.87699332760114,-89.41374336620767,-103.23018152803414,-95.21059447094102,-97.13679163771587,-91.48436296573847,-102.6629584893056,-97.8615606897023,-95.8055500312393,-97.37990251767029,-98.080290281105,-100.07620131508178,-102.93563937649239,-99.33250986187656,-99.2308380551122,-99.98563725103789,-104.28242839607519,-96.34095083881215,-94.81471745356313,-100.37848215737465,-98.82105433087003,-93.23909791895255,-99.35498040687844,-97.21716795177383,-94.76055520631945,-107.34873035576909,-97.5902169140692,-101.51389553272249,-96.03255151474866,-97.07552819099925,-99.55894030869753,-94.46865179260458,-99.21492979515746,-98.99263987209895,-99.93838043676398,-99.99834790814485,-97.44910149035992,-100.63951971917987,-95.53882821666492,-92.41802304525918,-101.68885669807743,-100.27901251803883,-102.27390341383573,-100.06110824128817,-100.45485370748521,-99.23206742483322,-96.8816283928468,-99.74835821225922
2025-11-02T00:42:50,AP_5_124,5,124,ZigBee,5605.7919300132035,17.451336724282502,0.22861103737931432,-54.88598617864353,-97.80058437903757,-100.63630547514819,-98.03285341757041,-96.551129522932,-98.78980070701395,-99.4384706519698,-96.11613306534127,-99.59414214338682,-91.63876583981074,-96.65677548967021,-97.28434013421868,-98.45237233230857,-100.61079200026373,-98.0311759193548,-102.36359563151049,-102.83138686578761,-101.56805273604934,-97.38494006638615,-98.92734660019252,-92.46890136127989,-93.85293664159663,-96.71244542793784,-99.74377642600538,-104.48302455941158,-99.4236922965691,-101.04730635160104,-102.02880799979718,-97.70124729078907,-97.47503273140109,-101.66133482110676,-97.45289680657969,-99.79730766232808,-93.94372434370946,-98.1508049445099,-99.12553964402673,-97.97778149114315,-97.48042599451554,-98.43148783801878,-101.99723040271616,-95.8847626443629,-101.66837219334249,-103.56994714072701,-103.49917715413122,-102.08335381313948,-98.16973926874428,-91.55356349539916,-97.50478175453418,-102.43384367415553,-96.62269225445141,-103.85048123953695,-98.03399514590262,-97.41698969690376,-97.45424116558593,-99.9381488793534,-99.54274635743312,-96.90110030357916,-97.1928639934,-92.99288906552141,-100.96044249033281,-98.71429499290066,-94.09067890956148,-99.8331627864911,-94.4250475725294,-96.96880228405635
2025-11-02T00:43:00,AP_5_124,5,124,BLE,5635.974916223614,17.041790052166498,0.38986561054616536,-66.14335728940523,-92.75599003362716,-100.38654777568183,-104.2109315841342,-94.12634438873583,-98.77592994352143,-96.44853788185362,-96.38573790502937,-97.31779634398737,-98.00482015661633,-95.78096344868449,-102.86512793585115,-96.55093707558348,-97.52106017334413,-97.73846338869373,-95.6481263718169,-99.9924247813518,-95.00200150172284,-99.53061819138291,-95.17646410794816,-95.75668861995926,-92.1853702532853,-100.17825357901735,-92.74843498516607,-99.64366832507518,-98.57231055487551,-99.96724920242849,-97.74566526679325,-95.7745787149063,-90.05432528893283,-100.50257670823392,-97.58005431962607,-99.8210325393134,-95.24575448603458,-93.30925361022435,-99.18696586706855,-94.97801163307689,-103.79630009643832,-93.32377671545996,-98.71528676056441,-95.71998076732379,-99.8734541447002,-96.10260841104942,-101.78765577425983,-95.60522630098386,-96.01635591830627,-92.9377377803212,-99.05535874581675,-93.31496826733664,-98.17171484208369,-95.00748541436589,-94.18138279601548,-96.58388941394327,-99.2275736161731,-101.02810675818316,-98.12066655131339,-95.88044246183841,-94.79231491599268,-95.76619904683525,-98.58976836344561,-95.30635615178399,-99.20141783302064,-96.68356021457207,-95.45407396654684,-93.93739378577182
2025-11-02T00:43:10,AP_5_124,5,124,wifi,5620.0,0.0,0.0,-106.18683797892555,-98.68605080819152,-99.43290478236621,-98.11589350145003,-98.57954108171151,-99.14097093592487,-93.08872795745108,-100.50333246363287,-98.21070182396585,-101.08175184833726,-93.41434512327795,-105.99743776065107,-97.11533077622357,-99.12451902524091,-98.87295061677145,-94.24974941228442,-99.43774700982334,-104.80821414286011,-97.4401841449203,-100.24131142487343,-100.08266777117102,-94.45049824747076,-101.1254442123145,-93.1739321933527,-99.2326691025401,-103.4698648321967,-98.80169369165651,-98.33131152081819,-98.96392679752925,-102.30828282191862,-95.62118298548287,-100.57695606610868,-94.10097758991905,-97.40153238671247,-98.64242864864254,-102.66028751069862,-96.90168825561067,-99.25407420393425,-99.2109900599723,-102.38576511172651,-98.1594633874632,-102.34284293874558,-102.01602017177815,-102.5659812626851,-99.45778728001618,-94.55255394245295,-98.85152207403371,-105.4454929410357,-100.31586565921513,-93.91670721783285,-96.11550510700836,-99.42322421390202,-100.80103487053844,-101.40975154310544,-94.2690803846684,-100.99885990466049,-97.52284435961231,-104.54531403898083,-100.06847805144353,-102.885400277415,-98.18455255588019,-94.15227214983592,-103.27053651770707,-95.58116622553221,-101.29217599834331
2025-11-02T00:43:20,AP_5_124,5,124,FHSS,5602.70432953437,6.140766781020385,0.35631873693226346,-58.780076599083294,-102.60754768747505,-99.2447516998383,-97.09036947329088,-96.8453811679013,-98.75681429702836,-91.01206208717485,-96.06830707994831,-92.98297428138365,-101.05699402543242,-96.81930580653685,-96.84989730300457,-97.70760609224943,-95.33743510709925,-97.60557386855685,-100.50149103745885,-101.24261650597178,-102.23123167353863,-95.3682551113351,-91.66692776594283,-98.16213109572911,-95.89706035169147,-99.28463879175229,-97.21337081922513,-94.11873760286944,-96.54782289120422,-98.24139149283528,-97.02251911566375,-96.35989295348764,-97.69729616452226,-98.77164362944217,-95.46773525735235,-96.200587798495,-94.95770780028691,-100.90238813080296,-96.64989530291818,-99.24923599379426,-98.20586744397939,-96.26615617562052,-94.95629621837617,-98.90111455080012,-93.38627496168301,-97.79312722085916,-96.35747088729036,-99.5671998402064,-97.25816546155629,-95.98800685199662,-95.16184999162698,-94.50263475485623,-101.46836538860647,-97.83422251764043,-92.86622074905341,-100.51389118988648,-95.86033357241448,-98.3734299701951,-98.29510687462079,-97.31919408499989,-95.33451445403472,-95.35844039250011,-97.46557957104791,-95.78975441272682,-93.24409688796476,-94.50756673400154,-95.4087946777033,-95.42682740223883
2025-11-02T00:43:30,AP_5_124,5,124,Microwave,5618.099502289428,10.97583704943171,0.23568170195863686,-51.65915115538699,-94.51253929874157,-92.19675666378062,-103.23412363261029,-102.24993351376658,-103.7161928343323,-99.05792701758936,-101.64148394729388,-99.61147148883624,-98.28675945550602,-90.42123145982629,-97.99346572088412,-97.40070558123362,-97.43951549645597,-104.25038505416089,-102.16696446409583,-99.12028373233005,-100.90090841755902,-96.5793876950483,-100.5713504231573,-96.85362087288865,-104.97075193965973,-99.18858015446592,-99.0052725161892,-103.72896100385312,-97.28728290660575,-97.8730898482169,-92.76533651239681,-102.12526595590698,-99.54098048608397,-97.64133005472202,-103.12185487133551,-104.35868287344432,-100.12678559293171,-99.15270384109223,-98.47291052340098,-98.03997341064591,-98.39117119007966,-96.09284029360191,-101.43617357171595,-100.93514728084811,-99.43104046658603,-97.51582490451692,-93.6853536200527,-96.70413671588395,-96.958356162675,-98.21884717903968,-103.60559806086454,-99.6759166814257,-98.64360553371355,-97.82051498055402,-97.59673957586584,-99.32348590870888,-101.21824364032811,-100.08516520874912,-97.07128949876224,-98.11063273746106,-100.72257603212483,-100.3458593191371,-98.33938871224454,-97.54866565681361,-99.70798602031334,-98.65784765841626,-99.23118992475536,-100.54040314818329
2025-11-02T00:43:40,AP_5_124,5,124,ZigBee,5635.458460378405,14.55708057099651,0.32113352481995217,-68.6690888632515,-97.19751364129854,-98.49839707280178,-96.45713924440325,-101.2277997578195,-100.20909820113921,-95.29015907014333,-96.14470479745907,-97.21887094551268,-105.63799219561116,-100.10515683236098,-99.83856239238669,-96.14166179016507,-100.6315166273067,-96.54941187666738,-94.5337513983863,-104.0359717615192,-95.61573391950638,-97.2591568308373,-98.23064382447834,-101.0964332027043,-98.1469640160395,-92.90539501604786,-97.04341936878002,-97.63553496920838,-100.49260811063394,-98.8500880302316,-95.1171762332319,-96.49137833286599,-96.87827960034392,-96.49954155654422,-99.66338926140095,-96.96433604241241,-93.39841528647796,-104.25578162588829,-97.73835231934345,-90.95791854208501,-98.52619927755019,-99.38222935948747,-95.0842277680624,-100.5725247446775,-99.69118180706829,-105.36280127602555,-97.48059099653241,-95.62743429223465,-97.70606921866832,-98.87076293544216,-97.8982436614688,-98.92485015473925,-97.95893733258414,-98.85847891651834,-101.94147947065278,-95.79227572275391,-95.63647715735566,-101.74917701160895,-94.94088158955161,-99.88082640784589,-103.69518697431025,-98.07331871282057,-97.27865453393504,-105.41315751522365,-94.83635615053623,-102.06986343551371,-97.39858750848198,-99.86614993603297
2025-11-02T00:43:50,AP_5_124,5,124,BLE,5605.6176391955205,15.625069858419703,0.24720481587023668,-52.471484557434884,-100.98755062677904,-97.46730751008403,-101.47153375346429,-99.75584959991124,-100.20718764750556,-89.89739325458106,-95.46532253239695,-99.21297814421003,-95.1707003385311,-106.31076777995116,-97.45123559449328,-101.41556465225474,-100.06057018355878,-99.02515841057327,-101.90896692994895,-98.31229902068671,-90.57657463056499,-95.84047359528606,-94.2337582047508,-103.48249824379033,-100.7028912223899,-98.69949053246604,-97.07291247371131,-100.39051701275001,-101.75509978002667,-94.47801940639076,-99.51099551052982,-96.59954192482085,-102.20854820543347,-100.50643970823265,-103.10226785159499,-97.61481229367311,-100.85261168166559,-102.35752881060827,-102.75681413993912,-97.55553740901152,-96.82878430611798,-97.106139107274,-99.55503715239838,-101.96108148024555,-92.06824732163962,-100.10270213540085,-104.03115105536875,-101.27188744270097,-102.11567513193236,-101.36295389586593,-97.95596110305779,-98.2287991507692,-100.40602420065323,-103.70163527542383,-98.68977370737962,-98.09636172839338,-97.48673287862702,-99.95634043992706,-100.83314375104527,-96.46545382569307,-100.99384470417931,-100.65532105329135,-94.35468510096759,-102.23905091190369,-99.77541002268896,-101.30451983486466,-99.4542033191251,-98.5979524694755
2025-11-02T00:44:00,AP_5_124,5,124,wifi,5620.0,0.0,0.0,-105.75412017096932,-99.89829932623985,-96.66059898102434,-99.31018480550627,-98.6010328473222,-99.56066767758217,-102.1585893385599,-101.48601682847969,-95.86851720981197,-99.55481575288246,-100.6394628047861,-99.36309154552524,-93.19467622502272,-98.95429359451661,-98.67295838943423,-93.51192083660254,-102.09616873635257,-98.0381357344776,-99.88060317562577,-95.5800547155556,-95.15737974824616,-99.06412632752576,-103.37239505834611,-98.78423529049765,-98.99159258070239,-99.74115507119518,-103.380011534719,-100.74412110703253,-101.81497579179192,-104.66031246314914,-98.63526707392083,-96.85663516402235,-99.29790239383725,-100.69455836064398,-95.09821603037761,-98.89843010189328,-95.8953781439242,-97.07226700731806,-93.77774334879908,-100.74965123666638,-98.62003252165661,-96.72383802406958,-102.40217600178278,-95.96910740705681,-95.64924294888891,-103.56332624854193,-97.12385561722682,-97.210143285742,-101.5267519996033,-95.9404461048425,-95.96520201380427,-96.69579046785839,-100.12995206746236,-103.8146581190903,-96.52167064012107,-100.54155132961284,-95.19317969260246,-102.20242553394313,-93.0192479451017,-96.14928979504751,-102.7649221588031,-102.1369098232808,-96.39317375397376,-101.48520951046294,-97.35406052012324
2025-11-02T00:44:10,AP_5_124,5,124,FHSS,5636.179375235894,15.300350407753111,0.4674057846904104,-59.68994270671653,-100.50672800536817,-105.89052698145674,-98.45420005223282,-98.2454027043021,-95.09860904493891,-97.92111787104973,-98.37897559149698,-99.50238362549906,-102.01588089574541,-106.71123205981971,-97.47809883998036,-99.385927538977,-91.52441921018989,-96.59623643102924,-103.92975022679381,-92.71273414930442,-102.29649039713541,-101.19156475610941,-98.72977511097054,-102.72380141045879,-100.01311827143313,-100.83472867579462,-103.65724765453065,-102.15156958799462,-100.34381644640365,-98.68565152138325,-98.56833004234613,-100.13786565295406,-98.36928660124934,-96.97539871698339,-103.15505237159357,-96.4733624384871,-92.8602843058905,-102.88116349564565,-99.64585034125466,-99.26632042788127,-94.50415973387663,-103.19204626911473,-102.88789806685078,-101.57282903426682,-102.0898665129592,-97.52707859552567,-98.60870727286863,-99.88821379646004,-93.73198607390269,-101.03569554081295,-99.2479784748832,-102.66700914223925,-105.07955003575817,-105.44995539741647,-97.6526613920141,-92.23675667465277,-101.81796074512752,-93.84339329739407,-98.71302594478786,-102.45025223158586,-107.30031057865399,-98.09032767173063,-98.88044236704322,-96.85974916469982,-102.43684753505546,-100.23026752472362,-96.63954024399703,-99.83309543708215
2025-11-02T00:44:20,AP_5_124,5,124,Microwave,5626.737597459046,15.773003684099319,0.35884246223405364,-52.95574448188037,-94.74089645572366,-101.3044991860826,-98.04666977033837,-100.46615416331481,-96.69817732236177,-99.51205283193597,-99.19471735118772,-93.45344619882438,-98.57196858023431,-95.47560333329854,-95.76075218731043,-98.73794811445653,-92.36253768242204,-97.134699786931,-98.89964588640882,-96.35690696822456,-97.49354993548995,-98.8338224482691,-91.95576997508978,-101.19594495554536,-97.23686906171379,-97.4126111170256,-97.49791769108197,-99.17121007659614,-98.42718863882999,-99.19134555600692,-100.5443251435112,-95.95872221976055,-98.77013363695055,-95.92652243626749,-98.59000715256532,-100.31628282773177,-100.42316463887386,-100.26340709194386,-99.72297161533439,-99.75837957772802,-95.31745399845764,-96.5319328344561,-94.93861137547418,-101.53141825750464,-91.39371903449876,-96.39869887645193,-103.0184855537864,-103.52668577653507,-100.55409493890328,-94.72975689654778,-94.0885362268237,-100.58396345163334,-91.02210369696641,-96.67063289253709,-93.80032127557669,-98.78915662649042,-93.96365881736165,-101.73337361406229,-95.18250694938797,-97.57922492872615,-101.41061569195116,-94.26981400537179,-96.85316921707785,-99.20022601328944,-96.3966741178564,-98.10364281684639,-99.39179230568648,-98.33937720194561
2025-11-02T00:44:30,AP_5_124,5,124,ZigBee,5624.492482817361,4.146248085630679,0.41934487022923506,-68.1408981827568,-95.94504812067954,-101.57850198050892,-99.17834480035597,-96.19626660592623,-102.43651146478506,-101.57273788113731,-96.02523334958391,-103.32586197084505,-100.86714738661655,-99.71829008997977,-94.51887273022129,-100.10794486564535,-96.52781899170915,-101.24614127405519,-97.60313216037574,-96.46800573075852,-97.2130020361012,-96.74643939313013,-100.86948633444254,-96.53237283531934,-101.14814437383507,-102.0863436250471,-103.8560260651338,-99.62494535734388,-92.69501502412207,-100.18098221102744,-96.26454208894252,-97.39804365344996,-93.39404755922145,-100.13323315472879,-99.27071252253879,-94.18767733683373,-99.3276900032254,-93.49585064560293,-99.10640131919706,-95.17703474751453,-97.8763132820279,-100.56632769990584,-98.64404489168793,-104.45380257419657,-95.78047029771389,-95.04799031604567,-99.30512668446289,-94.71519389864318,-96.46549777865974,-97.69269572315976,-96.2734632895543,-104.14202111355566,-99.60739981335387,-94.69492659392341,-94.37947150481993,-93.46483515826777,-99.4855769933074,-102.36677142436778,-99.01744942380202,-97.6340833838094,-99.64134038508533,-98.8167432051501,-98.93050105508664,-104.87050908475716,-93.91978949282519,-94.73118997374543,-93.80374023491804,-98.66106660382486
2025-11-02T00:44:40,AP_5_124,5,124,BLE,5616.307560114756,13.164642486561087,0.4286441176435337,-60.54986663842665,-100.61511395796879,-93.39520814278434,-101.75319367831048,-100.8260021653382,-96.6385186842547,-103.89629706143478,-97.89497981228459,-102.9095335128824,-101.84337339408032,-98.47784434676755,-93.9446160081716,-98.89464464222603,-101.18773810609454,-94.87143427809895,-97.24057332688194,-102.78520724290226,-97.97757875390229,-101.85903644489855,-101.75775947552572,-96.94635509572593,-100.95205400015266,-96.3946863451823,-98.55891995673836,-100.95511282058699,-100.98510412495719,-96.52983655516317,-103.14929270537073,-98.93972955641398,-96.63301870023272,-96.81536737756379,-96.43311901503266,-100.91301290733021,-104.29087023631061,-91.05805034817462,-105.53627105649105,-96.30951364276461,-94.78064280824096,-99.9547328448115,-99.5355012351135,-100.29899884609677,-100.12044844007946,-101.9776569679681,-100.3004892330351,-101.32761959319653,-99.50438605643862,-97.29435551748466,-101.35067254356987,-96.4680248983974,-97.31644014002438,-105.17715548150396,-104.5846475000224,-98.21922008647228,-99.9246957029746,-103.02381890234005,-95.65860162872652,-97.8439223302837,-102.92950885169329,-99.91016062891475,-101.29113062057942,-111.0475049585286,-98.1269494836914,-99.9821830792159,-95.57491057186576,-103.91230614642637
2025-11-02T00:44:50,AP_5_124,5,124,wifi,5620.0,0.0,0.0,-104.05533469885033,-95.71437277662602,-107.64778345280143,-91.96068618245319,-100.94337234226958,-92.68832520835689,-95.6709078244374,-100.8908947061806,-94.82334458064484,-96.97344803504677,-100.30657737341272,-98.56357215209101,-98.40618129228739,-100.43204405041462,-96.1337635744611,-99.43367390082648,-96.11680685051185,-96.09998193202412,-95.71912528026148,-93.75820170480608,-92.88523424005787,-95.86598253376742,-99.64530664808208,-98.71762143883785,-96.04582654047572,-101.7107426653221,-95.6257127542567,-95.84067999468753,-93.92015285107617,-98.08060863631522,-103.34502605234013,-99.39022988589768,-100.29547341893475,-94.47295818611101,-100.85603422060984,-95.0062079752731,-98.01696699244603,-98.1901029454048,-100.24756405087913,-95.95921066188188,-100.91437952895451,-104.11891469047653,-94.98652107227853,-97.48526723085229,-98.19568425570323,-92.64663829621206,-94.65004937300459,-97.2247158666306,-92.30876621249581,-95.70255891388757,-93.63528923903559,-101.41214648262672,-94.25720363272008,-97.6919087567329,-95.57548147819915,-90.61592857086112,-99.37903491063754,-99.99806274547284,-97.77167307385955,-99.58213813533571,-97.24563563500116,-97.88886816027065,-93.62016230035196,-95.24212438788449,-94.39897869844377
2025-11-02T00:45:00,AP_5_124,5,124,FHSS,5624.302285439067,11.301700844672782,0.4348179879243277,-58.494756282032334,-100.57654838579833,-103.10948601221817,-99.0371640927465,-100.23701786140451,-105.29020543583414,-100.5159422672357,-96.18338392401287,-97.80325154240563,-100.47112107083463,-99.76384983224588,-95.6732281920103,-99.16198999146441,-99.90657583623172,-99.44073745370223,-103.71217180015299,-103.95112471555038,-102.58005448511753,-100.91098913555413,-97.86798110404104,-101.04041964603155,-97.56143286448737,-98.52708608125776,-98.56125742257125,-97.81568477224138,-101.40203426444721,-96.7732138803864,-104.50156286020733,-100.91484021484013,-101.2296723289953,-103.80664136400091,-99.29547227102523,-103.86239049861487,-97.53553323480286,-99.94911700651626,-100.35225138712983,-98.55822736584051,-105.05759840699294,-98.01882695539761,-99.24673865646865,-101.64537015796171,-101.57515215317143,-100.63300506143348,-99.68264977341367,-98.09764848317495,-96.32268339882796,-101.61990416358256,-96.03300926300203,-97.24397841502285,-99.70286700985412,-103.77537515388981,-103.50778975248258,-104.34461885272151,-100.85715315444654,-98.25492922351113,-99.05661016239509,-101.83040189139062,-100.57130032026703,-101.49123031853362,-102.16386938307838,-98.16571954413017,-98.82209978277625,-106.19621639543173,-101.98658808601023,-101.80604365231476
2025-11-02T00:45:10,AP_5_124,5,124,Microwave,5615.956708950652,5.584191088739567,0.2912389367896552,-54.49012195932292,-97.45377849720181,-101.85755528590703,-102.17661527639002,-99.26344900882157,-95.57710236089245,-97.32392103696338,-101.83810971586388,-97.94393763245392,-97.74563219735957,-98.15487295570696,-96.97574590562535,-103.18022051782049,-94.86394123334833,-99.1126180135144,-98.44967469873087,-101.04419559559608,-98.58442729136705,-101.60735850918367,-95.99578508318066,-101.76120998795469,-105.61320997853757,-98.51320240262768,-101.16587092185902,-99.44500185262083,-95.73863935567502,-100.8146427758535,-100.13595549345784,-96.47840026291415,-97.69204946137131,-102.0396962851436,-97.19964266221294,-104.98262252432323,-102.8141235529907,-95.38484068416456,-99.97015656818043,-106.28577109025024,-98.66917017357767,-103.80824504799,-95.82046095887918,-97.71530564652818,-100.02010595795198,-107.59010753328587,-97.99587848300251,-99.99552989832189,-98.71736274081117,-99.88206535676261,-106.05861732827712,-99.53165732067069,-106.48951161473383,-98.31834420639636,-96.87515856366142,-99.72688051595689,-98.91079487369043,-97.96460202545913,-97.68686110398546,-98.80196893571025,-103.68949202381042,-98.07043442219229,-97.7863119088905,-97.86621529770879,-99.41557450848752,-99.15918800801421,-103.26211337060687,-98.5029569503938
2025-11-02T00:45:20,AP_5_124,5,124,ZigBee,5634.0219439919265,4.359468227187642,0.5377908999938787,-64.21720179576279,-98.46968206089791,-90.04387728438599,-100.13755189503583,-100.57442368276176,-96.02185348150685,-96.54490013420782,-97.34092679203813,-99.57003230598252,-94.81637168843318,-97.28785277904906,-93.51059299883867,-96.13776086273772,-98.14993636992085,-93.63315166731181,-102.4463449058562,-94.44000670323078,-96.56376572702273,-99.4958310416421,-98.98562854296217,-99.15802966359797,-96.84792623101839,-94.94528182700033,-96.19165297450358,-96.46914356135335,-99.16037918435927,-96.01947649787698,-98.67542551718282,-96.16980872712611,-99.41566316471094,-99.09995907264185,-101.78110167559889,-98.95778255759227,-101.24885686690595,-109.12135886178005,-95.29845276633863,-100.56092396335555,-97.19755085550165,-94.07559632375438,-96.70821810386906,-99.59431538092396,-94.22678793502627,-99.6261631293842,-98.43989923392833,-102.36890491059198,-96.41897839727832,-95.54058976919113,-98.88226411944224,-100.59394827710683,-97.52027528620457,-95.68321963294626,-103.46595986359767,-92.38472125582442,-97.6887196777602,-93.65904394285496,-99.2027901345276,-95.74130263775722,-95.48553224083496,-97.75671093262113,-98.56799267707015,-98.64109689752742,-103.57165659430295,-95.17637861539366,-99.95074053546452,-100.00633962376318
2025-11-02T00:45:30,AP_5_124,5,124,BLE,5627.63934702461,14.826045505398431,0.3826605025189886,-67.8056236303094,-98.76186816493035,-91.31740175931239,-97.95808443647485,-100.37373866172041,-100.72665041136747,-101.41939200415163,-97.43310699204977,-98.69241478696185,-99.97778790495146,-95.19000212001784,-97.72100558858187,-97.00181932186219,-98.10229107349359,-104.02965286804455,-95.63535638606868,-102.38267388380501,-95.9155410652098,-97.52736998732456,-93.69277588691239,-100.30884545519893,-100.51861168162311,-99.4585070720547,-101.98015673572655,-94.44460238282981,-98.9362424961229,-98.24026951159385,-104.36945063402712,-98.0845222054326,-94.53543752867023,-95.53916024185193,-95.11486815328472,-97.74002442527886,-103.27034734501848,-98.2327903854145,-97.38215692187777,-102.08188420430791,-98.52120497706647,-98.79784783730004,-91.74896077936368,-96.75494773235089,-95.76567639099494,-102.04298751555993,-100.92216618583858,-100.28867908720953,-98.93228352653024,-96.0251428758951,-98.48231986117142,-98.54333109097001,-97.6591586892458,-99.84422601501329,-99.21925691008245,-96.65684892538668,-95.85592329239135,-95.93366236102733,-98.38183981358732,-94.9262194444441,-100.7661589466459,-99.87806748661797,-98.96863537820539,-98.35678358591323,-93.73194562418043,-97.52407679372462,-102.96440419573034,-94.33051510384698
2025-11-02T00:45:40,AP_5_124,5,124,wifi,5620.0,0.0,0.0,-105.28599492724219,-95.27179586173017,-101.61606585903456,-100.22098176156254,-95.59050893411832,-97.96656769783951,-102.6309168600546,-98.763876250109,-98.84533091642422,-100.18092621911399,-99.85256173353417,-98.45245744605529,-104.61287507364658,-99.43411813592284,-100.80110382190793,-99.28093713568717,-98.51694433286421,-102.46068858055239,-98.36962842617596,-104.01565354468475,-98.69390676830685,-106.61056400818434,-98.38364286552815,-98.23015998845275,-100.8430264597197,-100.45359160562391,-98.78292792844522,-100.4494055953223,-105.61550483800171,-99.29976217832457,-100.52282340471386,-97.9926536518208,-102.28413470088569,-95.30280751599565,-100.16022184057346,-99.12410787541694,-102.18601678757442,-103.96365747691772,-100.2756330220905,-100.87400511371416,-97.07008398540835,-96.80284721233781,-98.34250156020137,-100.4829224888344,-100.30424680113121,-99.27957246359159,-102.01250596444079,-96.77915190924858,-90.6332096924522,-98.30120850957992,-98.58582927831276,-96.36355768601287,-94.25401342738385,-99.06248668412486,-98.38541729727335,-93.47523089604768,-99.73593948212739,-101.92604385403357,-101.64939724347936,-100.00956287477078,-101.77644216746616,-106.26405876641371,-95.13631824735329,-100.04314017107323,-103.54228389409387
2025-11-02T00:45:50,AP_5_124,5,124,FHSS,5600.026555123033,8.629307721786898,0.6588029449187645,-59.64491049280103,-100.40993109962795,-101.07507372581134,-102.1000607439498,-97.59991913440697,-100.62252607324645,-98.55535287249023,-98.17221743818132,-100.35393667312326,-96.64003670190509,-102.99462751850002,-105.1428469007837,-99.92444908866104,-99.47296347237085,-94.57521893302196,-105.75264845390471,-105.22445130241162,-103.68609457812796,-99.87708873026938,-96.25078011441047,-103.67287118740549,-95.63340268148883,-99.33085307581435,-100.19679982274201,-95.93739447336434,-105.98324339093462,-97.86718055400009,-96.4839601593815,-98.89738323241515,-101.93210867031884,-103.95544481541535,-100.32425279782828,-98.63604937181314,-96.74690037623945,-93.322039713294,-96.36696855964439,-101.0141453959523,-98.70879900339428,-100.54853312872962,-101.9523052449297,-100.47581950763488,-102.49378493208805,-101.81634455907155,-104.40109225444678,-98.02847712732756,-102.45965195873283,-99.22753654558419,-101.92734153586889,-100.2881486917558,-99.65180417838124,-101.43579847163733,-97.19632587335639,-100.3960858421207,-102.08582155130887,-100.40870615091157,-103.77518163150344,-107.98025246362279,-98.95848140412872,-101.11191933460188,-104.87373838034576,-103.47957667606896,-97.98508402691849,-96.80893619801007,-102.73647604469116,-102.647767981513
2025-11-02T00:46:00,AP_5_124,5,124,Microwave,5629.562784848784,13.941273136015234,0.7592605589333994,-59.85534253435324,-97.6776628885328,-98.48138758304103,-98.09560791183824,-96.48274972392865,-100.07371611719871,-99.84644296753928,-95.44239050274267,-95.49075091644308,-99.28923028497549,-97.91909326121387,-95.86415349452133,-100.51324420983487,-99.27922607379936,-97.19878269724006,-95.92022294475356,-98.47879653513208,-93.66687305005807,-97.37235305319714,-100.28232185289312,-102.36564439420644,-105.38905513257838,-101.39066126302093,-100.29932265754162,-94.59510848555553,-105.66654342571982,-102.19930250846222,-94.16716146301845,-93.05696022368838,-93.05116334401517,-98.51968473473946,-97.70427755762618,-98.49987904987685,-97.4792421142478,-96.40665981102494,-97.05037634128253,-97.12605245767567,-95.81549525715327,-98.00743552793989,-94.93160708095749,-96.99891902644485,-101.50816123212495,-100.28876507867011,-98.72060594017486,-91.11866229220531,-99.60166836204525,-96.71862016943561,-96.214109044435,-105.7666112807522,-91.80622977092054,-99.94466345777897,-101.23515760448228,-102.72402332865089,-99.27620546976446,-95.17169804014789,-100.38755002131771,-95.59026862993282,-102.90097858348966,-103.64056399184788,-98.49419950986501,-96.39836387342645,-94.5968172357354,-102.6965580548863,-93.52622870180039,-97.13096198676757
2025-11-02T00:46:10,AP_5_124,5,124,ZigBee,5637.666421123483,6.288938936237103,0.5471784524310774,-60.1043848263798,-103.37274108033499,-105.1386713901132,-99.54017407636172,-100.59606937518436,-97.86524972987162,-98.9702613120017,-97.56779524145897,-95.47699147198429,-98.10738562436812,-99.36907906649311,-96.73846601594884,-99.27571403597211,-103.92410071609285,-96.1694619788858,-97.51063413474978,-94.99443830029593,-104.47959985594636,-95.37747656170623,-99.40858720696565,-101.35681514468173,-100.08035147972352,-99.07540855174543,-103.30186103491513,-98.99249448104972,-98.33130133867843,-99.56481411915777,-101.01964473454927,-96.72316546059506,-95.97678167061117,-98.76021123938713,-105.63098515157144,-100.82589144230774,-96.2306061072259,-100.95653935616977,-96.26117370971961,-97.61710878602749,-100.40477788640368,-98.9877297418749,-98.94163148207852,-93.81402454698127,-101.6391214445898,-100.26508875182314,-99.92248076892808,-101.2860552333085,-97.24784322109656,-100.84040027083901,-104.15890473572944,-102.53460926803663,-100.09235969578819,-99.84474991602872,-97.32335501201308,-100.25439089829533,-100.38870391250921,-92.46949962808849,-101.50503291194997,-93.66688898261643,-99.35589034527102,-103.18078937446384,-98.37168622524622,-100.69947362808803,-102.65094974618103,-99.78615494157737,-97.63974382393307,-97.21712359205497
2025-11-02T00:46:20,AP_5_124,5,124,BLE,5630.466777703025,16.02386948411904,0.5024580717406897,-65.68713180229099,-97.89663210024301,-100.77610767203755,-96.47524346056571,-101.72462106788907,-100.32358709840526,-102.60143684379732,-97.5214539036674,-99.25893954054501,-98.90033339690117,-99.7929894568216,-100.61099244032413,-102.0148802027899,-104.09575981606613,-101.76992191047908,-103.19125050673927,-99.1367667934053,-105.50507501119665,-99.13628585403633,-98.70413042616208,-101.02914126146169,-101.84006494814223,-103.25047850559697,-97.88061055028105,-104.86058021920994,-100.36265396766984,-100.59660444636742,-100.22057711665428,-95.33849161125296,-100.44691362868774,-93.4791781998211,-96.3532474184342,-94.44705390124489,-98.2729402801329,-99.83498279410144,-97.91040038103681,-98.72445382747534,-98.0816481303799,-94.60004043431327,-98.67401098601124,-96.2377107344536,-97.21471719514116,-99.4597210857406,-96.17408038637133,-96.64972366429173,-98.79177031788566,-99.87075962392886,-96.12308336994234,-95.42952853160018,-101.52897446524139,-99.90123331472414,-98.22884998856846,-99.63168948527621,-97.25506719615856,-97.59784158933651,-98.37670472583336,-97.43751530825298,-98.33322313337761,-95.78888651969207,-95.68144077996514,-103.22408460738568,-98.147705652128,-101.03265733101601,-98.14977937273738,-94.68690692820245
2025-11-02T00:46:30,AP_5_124,5,124,wifi,5620.0,0.0,0.0,-106.08345929496872,-98.35904003388869,-100.07423566904471,-99.71784889532206,-96.25380143493562,-102.54405736281726,-109.44108167490215,-97.62418229206932,-98.3982884146983,-100.49853893108902,-96.74714813708299,-98.3440368995282,-101.58619889933325,-100.15852609589562,-101.25560674352107,-100.14441781337096,-100.89464839188803,-99.87435229811197,-100.98804940353737,-95.95108882902528,-98.46565305263155,-100.58630636662387,-94.84654382613813,-102.02731808712184,-97.41426375829319,-100.01309627429274,-106.03268923883907,-100.36276307828261,-96.81498623560243,-99.0766368961303,-96.73512318971339,-96.10193491325258,-104.15098258255625,-94.63663129707501,-98.83111562582877,-99.82330453952191,-96.25030861095249,-100.90450573649157,-92.42128400996106,-97.90542002278373,-97.83756594754006,-99.20377438699646,-100.07444023083217,-101.64498756030001,-94.98334023310724,-97.32868599369327,-100.46673678151687,-101.73644433043322,-97.91273828259439,-104.5498751206379,-97.07749923233006,-93.29241237925237,-98.83619222277875,-96.94472062669317,-93.65722098417594,-105.04242817518306,-95.68273892056459,-99.91690877894284,-102.62199453037192,-100.3189234155031,-96.41932863434931,-97.37540400446609,-100.86758653372551,-99.46057347426311,-97.5776894776431
2025-11-02T00:46:40,AP_5_124,5,124,FHSS,5627.228709451939,2.745784928101262,0.36358680646043173,-71.19055136900317,-97.68651245141913,-97.60510171773356,-96.5861446473322,-100.70207455108539,-96.27677276113809,-102.74924588081558,-100.79522307181816,-97.14434270810493,-102.37911651904676,-96.28817823447065,-99.65105540131653,-100.02206145512771,-95.16573044353694,-103.51476630277325,-91.73850058864592,-102.10986766683607,-92.28249683742757,-99.50809400317954,-100.0964257730522,-97.51235173806396,-95.54725271162066,-98.94366559947358,-103.04716208207954,-101.01241198841866,-95.61408045642631,-98.83924998007303,-104.79749300953397,-104.628367431084,-99.56402531205552,-106.32524567603399,-99.81925995260157,-102.01045186517041,-100.02696550443949,-97.76609605107086,-97.56586671274911,-100.3211075235052,-100.83183461317275,-91.20154483719972,-98.31862306291255,-100.04109410150608,-95.32715766046466,-100.19035041059678,-103.10614308928231,-98.13525062340447,-97.94738185766545,-96.30135173733939,-100.14834661603902,-98.28973763996312,-99.50560852375992,-98.74829203229129,-95.00643213349922,-103.57923717339192,-100.08644550770981,-102.3773215492298,-104.07152164010495,-98.29305188511366,-91.61859967361524,-97.94815913375984,-100.26521711377299,-94.2461626518491,-94.1473338941142,-101.24857893847991,-96.73816061619951,-94.72265348719446
2025-11-02T00:46:50,AP_5_124,5,124,Microwave,5630.2718101064465,16.5008205062893,0.43238090935918605,-51.61314164936312,-99.66559605055687,-96.50686371658931,-99.43014261860066,-99.21081124647037,-97.27415787106104,-95.19120995687271,-97.52477734781533,-96.01778685027483,-96.95764021054991,-98.9420794429983,-93.02735623363287,-97.35644857609022,-96.14843760918355,-97.94416089229107,-101.19144479317232,-100.87857853699562,-98.20179766939279,-104.0492396880757,-94.9387198687162,-94.06233241694908,-91.9402183359814,-97.02727904638805,-95.02525739440965,-97.5353656867899,-92.89057457091774,-95.71196516639162,-90.79650331243676,-98.75803959689051,-96.56016688434171,-98.56983637215663,-95.13083786528094,-92.43271049158224,-100.07445074585522,-90.70715043071611,-96.82578551232311,-96.85511962004587,-92.072983324863,-100.09547883976477,-100.22043076998749,-100.70411467994495,-99.32859053828265,-95.50434826376944,-96.69851096275829,-96.97161589685166,-97.52668852190556,-99.48635854628381,-99.90699815151763,-97.0177760360087,-92.64131196686182,-96.06831337020323,-93.99383363595945,-99.0454728468936,-95.47904928016489,-95.19799690693246,-95.25343131210627,-90.18339998511797,-91.45518144519386,-93.95249290365726,-97.99141849575311,-97.58515884793856,-98.7804953274206,-93.90794279836705,-91.74878232283001,-101.28287414553354
2025-11-02T00:47:00,AP_5_124,5,124,ZigBee,5626.101472796577,3.3705358789630786,0.5255670143097337,-61.283348628499326,-99.84740761188108,-95.02890693256504,-96.2224448992702,-99.15284054792164,-96.71416391262085,-96.4173485141823,-98.17040048119182,-95.04137208375566,-95.88939189716328,-100.48067803630238,-93.30306860638414,-96.4643943474389,-95.73501678490739,-96.75234902284147,-96.329320930463,-94.05700635190112,-91.68454861331372,-98.07136485013253,-97.5233488736409,-95.07150721623633,-99.12173650567624,-93.12225339145702,-101.16556153460823,-96.16844039149767,-95.21467003274958,-97.8392683966417,-99.33313361467636,-99.65242387941638,-96.80984633361986,-96.47677262486303,-99.45757224827265,-96.9237513895777,-107.26469359105339,-98.78093951411056,-97.03806765960616,-95.77814696232305,-100.37133594328719,-92.22032754334153,-94.7305474937698,-95.90935466749262,-96.60943136997375,-99.60208807709749,-96.11378900035527,-96.91344008369855,-94.83564021990995,-92.84049697657977,-98.71183244267034,-97.76610774423192,-93.58818939863099,-97.9937924951241,-94.23696457183519,-97.64825365322311,-92.61424903860673,-97.09828768987208,-99.30475354452356,-102.3910978078982,-96.30084946334289,-95.44296824617157,-99.06574300648619,-99.73367064615762,-93.70716465639778,-96.08890559749128,-92.37064027334237,-96.72205231087084
2025-11-02T00:47:10,AP_5_124,5,124,BLE,5639.890352598679,18.764208202424747,0.788288818647477,-60.91045795978742,-97.57585004658098,-100.1266887249522,-97.14875366947675,-95.07220785864469,-90.98516155979587,-102.75790548904241,-93.0602627785185,-97.56248033428979,-100.07641487860383,-99.22798263078084,-101.35974862055798,-99.55376034072785,-100.05791993726497,-94.35662217154308,-101.62134670353885,-95.6150238153987,-94.91264980542825,-98.46657040081863,-100.38097832076355,-97.52813048891043,-100.57913623407083,-93.5309271527166,-97.93198385198176,-96.85337475197883,-92.45864539462654,-97.84015031464352,-98.1364952132692,-96.19575893631632,-96.23087437395925,-96.91549765203004,-104.3481148698433,-97.18081608589421,-97.71698167988207,-96.24835247688841,-104.35435819834662,-98.84251809887112,-97.86676241152857,-99.16247207845593,-101.43690880360029,-96.63603033303778,-93.2402827883825,-99.61085399464274,-99.02182825340779,-95.36106080704258,-97.2169380567279,-96.79033203481407,-96.74766908202763,-101.56670620989345,-100.10110433229885,-94.88663804491924,-98.72138050557099,-102.27747689002415,-97.47896456117086,-97.70667243459785,-95.8598109848796,-96.64701020061696,-95.54014412988828,-100.80519121850634,-95.37262264380496,-96.6036823641881,-98.04709381637345,-97.31121344023659,-97.2634188741369,-99.3153063950829
2025-11-02T00:47:20,AP_5_124,5,124,wifi,5620.0,0.0,0.0,-105.96740089326906,-101.8845836932037,-91.46446558715004,-103.9995587951082,-102.04111589801929,-99.78156172230896,-105.24767711320403,-96.29993128846588,-97.29284370749282,-100.61720444381888,-103.32298981638267,-95.20915746441663,-98.2570573685593,-100.40086626893238,-95.99355934870613,-99.0265236916881,-101.85768218601447,-102.11140429690097,-96.78846808201018,-98.4164806203205,-97.15652797687528,-94.99148862793064,-98.73583322096218,-100.31234289248854,-99.82729059805676,-93.52093965727808,-95.69606775341951,-97.38974590276602,-104.398231374489,-94.62132792864114,-96.74341936895999,-102.30843327340143,-96.40390800802564,-102.42404596833593,-100.70353741089271,-99.81783926711532,-97.60344529316852,-97.25279144086127,-97.19037349755723,-99.92758929358634,-95.7816423804298,-97.28276835049742,-94.85423336456198,-101.59578681173593,-99.35903512812372,-94.31294539586223,-99.45345504119675,-101.77310587445886,-101.09210864163443,-95.19732702445556,-101.17852817645011,-93.67841764847932,-100.4528009780088,-99.6474497520162,-99.56398504147982,-98.1307443211826,-100.9730221319287,-100.21312113176513,-100.86141232107242,-102.38562773592211,-98.10943681221791,-99.2845291109585,-97.97981111148961,-93.2478202324995,-100.26658401325278
2025-11-02T00:47:30,AP_5_124,5,124,FHSS,5637.262410156011,13.754227191337176,0.4641544075598116,-53.62752513606547,-98.46148964265056,-98.66502062252265,-102.96954766340812,-100.342835867212,-93.3355343831886,-102.47327778711266,-96.36596911991695,-106.09892729888402,-100.645145953641,-91.39946095349433,-98.6451180737691,-104.40998980930095,-99.42890174747109,-101.99209392278266,-97.39571181814627,-100.3024760274779,-103.5463778106993,-101.8856422135662,-98.25581514175968,-100.12957299608496,-101.82345192132355,-103.51787775100493,-99.41189000015936,-99.94353297163886,-99.45756182292801,-95.8914615224467,-97.22526047634287,-95.69843100540692,-98.47270374504055,-103.38557676569835,-101.25636486013343,-100.5850844634928,-97.56327263243865,-101.07611607132662,-101.61695116981201,-98.51404209193522,-101.05925477275446,-96.15635776834887,-99.7119277998468,-101.031994100245,-101.2850038445115,-98.48146571816932,-95.76677581063507,-101.86008675285385,-101.76651714884973,-96.89718439622625,-93.8433616542325,-102.1276008997948,-98.44537051737724,-98.48971806636581,-98.52289464266329,-101.20586225818973,-96.7825448677615,-98.82106557284743,-95.47009121780097,-97.92374286453236,-97.80021442943433,-97.98985973814334,-97.69830966559263,-97.16608592581274,-101.87028260391075,-102.28023497253315,-100.77298347313267,-99.38726783642655
2025-11-02T00:47:40,AP_5_124,5,124,Microwave,5611.915153901718,7.408948553194834,0.4713162558669444,-70.15942387465084,-101.20832244849733,-97.29014132717471,-96.03631702691,-96.6660063381007,-101.81049013982201,-98.43946584506135,-94.16662871508134,-89.68253497190187,-102.75146896516776,-100.59105876301865,-100.06174191350708,-97.76578967787574,-94.79975416032559,-100.12593055541294,-103.23830849713413,-99.37098865784924,-94.59822840488133,-96.8524530212851,-100.9289294327199,-96.859858535748,-94.51228624615227,-93.37261372545744,-95.72999317359337,-96.23815936626026,-98.58911013078895,-95.77980499743423,-97.3637851379694,-94.24611132912989,-103.13653095857129,-101.61964398017186,-99.07967422190603,-97.05077572449375,-95.87762199660052,-97.06350862698025,-97.19147805408579,-92.5887271783787,-99.86634936504161,-96.57897140729456,-101.27536193855276,-98.01217864352847,-101.8430711576511,-95.35628683834392,-97.9431558352654,-102.23487487015312,-87.08325416438652,-98.45779950156141,-105.39968190966809,-98.24867744460968,-97.63991468960793,-93.55757588372857,-93.77146708051718,-94.92344510277454,-101.46702592083031,-97.1930089880184,-97.94546574433635,-94.8080518880418,-95.3789718040498,-93.48887718489178,-96.12198449805913,-94.90260302644262,-91.96223286890367,-92.20384292339314,-93.90449233647472,-89.2024552894389
2025-11-02T00:47:50,AP_5_124,5,124,ZigBee,5634.538608664315,18.952590965182008,0.5640592123352935,-60.34599922863688,-98.72447619336673,-97.44961942530381,-104.69647249769591,-96.30336164890215,-96.27128263004177,-101.32558411159363,-98.19952117172211,-101.14943600177551,-99.04259263254802,-105.9123133385509,-99.81066168519251,-97.84409958157502,-95.24131776287231,-102.68525660603544,-97.33751559314877,-102.35354030729553,-95.93423689050454,-106.18028876902622,-103.22982078979008,-104.23001625443494,-104.89945942532617,-93.41658413524938,-97.7979891152282,-100.50387144676166,-100.33570226716569,-98.72899442554575,-102.03637846088755,-101.66080770573384,-100.47721451392235,-104.01937609582298,-97.96267470948914,-101.50180678335575,-100.02356693850112,-97.99253020529159,-97.66026319444737,-95.7261694909499,-98.41495987674072,-100.80803254246004,-98.89209724139378,-102.28800170587388,-103.62099984462623,-101.78690620477606,-99.98104441252087,-97.58055190604723,-104.01963105838065,-96.54100308919068,-97.54938620785126,-103.37127327324473,-104.22861371666787,-101.25110805064294,-98.58119848276324,-102.94859433798855,-101.55885424476884,-108.55636953012149,-99.26717461176929,-104.08919295054444,-102.60911217161032,-104.3216771670092,-99.48054687927628,-101.43836611480283,-102.10913647623634,-91.56772238567832,-99.64785079959596,-108.3606520207977
2025-11-02T00:48:00,AP_5_124,5,124,BLE,5630.639848769708,6.473474138895272,0.35968822368254116,-66.76996098752126,-100.65518885736472,-102.94490880056489,-99.50312006333276,-98.02916336694561,-99.57846140066502,-99.65084712351589,-103.77474178646301,-102.67114494175938,-102.6995898077742,-105.56967517274329,-100.32150010765362,-98.83954593939964,-107.46901781516527,-104.10875914666013,-99.86580217942995,-100.84466613187725,-100.03928844207245,-98.32067824182454,-106.77943008738279,-93.53906552469186,-100.83388074678584,-98.04286922064412,-103.17414852224124,-97.85121889847026,-103.01766212253283,-100.30642293832123,-101.67617830730792,-100.18342139845248,-101.11038786103254,-103.88665092622614,-101.35863284287109,-100.21893388569003,-106.2220420787754,-98.96353801998201,-101.48446079872666,-100.83921236908895,-100.93265629651096,-100.93792565980844,-103.94988859948798,-99.89532975766282,-96.84014432378706,-96.39472743494335,-102.01762882836267,-96.07456213257974,-98.18106649809954,-101.09846487122817,-100.34076966720907,-98.88292782480629,-98.46392728578172,-96.16101150051739,-103.1043650231961,-102.46215889660812,-97.16156631527036,-101.3115201172985,-101.53639499244946,-101.03036934817189,-100.39205076348327,-102.45179036233996,-96.62244801725274,-101.803531790692,-101.17153042836576,-105.82853273847871,-103.7493739865918,-99.4720782075883
2025-11-02T00:48:10,AP_5_124,5,124,wifi,5620.0,0.0,0.0,-104.6919370261064,-98.5931210461284,-96.11383972175302,-99.83367158533518,-97.49020576806608,-97.84800977396576,-95.68910424035784,-100.49890416203488,-100.1311242281707,-96.07855444940301,-100.53083677940063,-102.73919356358991,-99.9901480121626,-97.80464960701944,-96.93677815597815,-99.83027767471691,-102.05051278593547,-99.64568976199563,-97.79169882205986,-94.5298901993259,-105.37836091209378,-97.81405484519144,-97.87819794874355,-96.17815098884009,-102.47861330334855,-93.90798071759563,-96.7531082330206,-99.05181830700039,-92.88268368119962,-98.54518641623345,-95.39163703349188,-96.6244512448897,-99.56946651035734,-94.77869843168938,-100.02362705359663,-96.60357380621379,-104.90161117286829,-95.37454107932163,-98.81879916450453,-96.86619057206124,-91.59799896276024,-98.66979390671638,-98.47083445569218,-99.8304418072513,-99.72030316464685,-95.63958084570793,-96.1892206835973,-94.9950161141502,-98.6970325883605,-101.89411949864237,-97.32361383044413,-97.65592334943734,-94.60410777844788,-100.81279103708474,-93.21237029626585,-94.13786630266436,-100.09221540244498,-97.27293925046268,-97.25530907847406,-99.88767605361109,-97.50922362929491,-95.75994797314499,-94.97084443285884,-98.10205276263049,-105.49732294539068
2025-11-02T00:48:20,AP_5_124,5,124,FHSS,5622.907721353372,19.459344709828983,0.32052200670332764,-67.88066218076776,-104.52354487118515,-93.11219339804052,-100.24418780225426,-100.613894444475,-98.49504502519372,-105.9114622113054,-104.9713302236132,-104.9056842697551,-97.97633036741395,-104.09619290145085,-102.1296774096842,-101.1662642853885,-102.5351143320881,-101.06422601952428,-99.05009733952423,-103.53348454089353,-97.79091649109053,-97.65943559058441,-105.22541308951119,-101.58686742426852,-97.16721603344918,-102.91998965336307,-95.05030783781405,-105.7450976763261,-98.20874339711685,-98.35675939516939,-97.9205900849844,-103.7447578958221,-98.43134648030498,-95.51165733030398,-102.76449749239403,-101.62425539662433,-103.2925355427843,-97.5927925328159,-106.95469950921122,-101.34212483831094,-100.97941254069862,-108.85580691204368,-96.63240443944473,-104.2259184783103,-93.31471342521886,-96.17271929383847,-100.5388300267077,-105.3902948538176,-96.47236640572112,-103.07797861839026,-98.38513343219915,-99.00664087763614,-101.4198155271821,-99.08437907483021,-99.51805443897898,-99.69066184505274,-102.11739313621932,-101.81186791660306,-99.64818187882246,-100.84042924714086,-103.30598974760801,-100.28787955116175,-103.83656895690312,-94.7159435837495,-98.42147537098968,-98.1520516970771,-104.44472893211945,-96.82318773369255
2025-11-02T00:48:30,AP_5_124,5,124,Microwave,5627.40198982512,4.639792378547834,0.7548193046239955,-70.05424420593167,-99.9205727506392,-99.11490256921165,-99.90896901902173,-96.01896583297598,-98.36865550484464,-92.00862298100105,-96.95193253210012,-104.49104841368336,-98.94375769707412,-100.8975871863891,-98.79371139780267,-98.91487600877775,-96.98752380356547,-100.29753782582024,-97.6900112576896,-94.8039375427675,-99.6435558339009,-97.30133431543112,-102.37683499010136,-95.9783369382215,-98.69052276413835,-96.2786745821611,-102.2291586632167,-98.88819440633452,-95.60588507946758,-101.07863693557738,-95.28630430415963,-99.35118285294463,-102.44732285134218,-94.80760712181097,-93.16851904268869,-103.95096140764399,-99.2606981421795,-101.02737793233526,-100.18798964829946,-99.74614879145751,-96.99787307177213,-91.71503465313793,-96.30729961108926,-99.70989023692175,-98.1342084911205,-98.98137260725296,-95.1478030189656,-98.19602720629258,-98.48241679732988,-102.02219797891938,-100.28512781381819,-99.35942924666762,-100.91055745274367,-101.38156716888896,-97.95084170481539,-98.12791140967745,-100.71563155555124,-96.32700997922716,-99.12052920245627,-99.44767372255203,-98.85485428567277,-100.83854872106009,-97.56979499100821,-97.04171458587784,-93.71446537773264,-97.86120148853558,-93.75363383733905,-100.84931805489921
2025-11-02T00:48:40,AP_5_124,5,124,ZigBee,5639.539764507596,18.426326076065934,0.6674011104999779,-52.67721064511966,-101.18200918519986,-99.01964650504307,-103.57685837716677,-98.5371372380638,-104.56858482422129,-96.93700284246765,-99.50034274035902,-100.97381639510449,-102.7684620935739,-96.2417095352881,-96.38728132181309,-102.48351606861567,-93.10518006772773,-99.6359719411008,-94.3792375453165,-98.92247930862032,-98.58119430022127,-99.90520302662183,-92.78041663398474,-99.07765640388014,-96.96809323283144,-102.33703614696148,-100.91534330437322,-99.18649729579874,-95.92097110930084,-98.24381919907361,-97.46626076593111,-92.87424481632058,-94.40955015077887,-97.45608984410742,-97.78215294828958,-99.35453993071559,-93.42792596688524,-103.71078376697855,-97.21126385857774,-106.29493181676543,-95.76316235005376,-95.70804745691684,-100.04549472954427,-97.2827033879868,-97.44641343218541,-96.5847749997862,-99.54628738059834,-102.1630550114522,-97.7733362318303,-100.81408029775304,-97.78912678005982,-96.38009244345155,-92.65068180543632,-98.78098690552017,-99.5028073479691,-97.94852114760133,-99.92209654662722,-96.95684161830162,-96.81437958139387,-100.72535849365902,-107.60982990065284,-99.7789893086897,-97.38620178821111,-100.79751257539418,-96.40478766957544,-100.04046754875587,-98.89365526186334,-101.5104593129855
2025-11-02T00:48:50,AP_5_124,5,124,BLE,5628.741226999139,9.307041643759936,0.2660366468270964,-50.611398451337536,-100.84441148115403,-97.83908386015196,-98.95522807337908,-103.69525717891752,-96.50675154916297,-97.03679766305157,-95.89255286611422,-98.84314257573782,-97.29275226246389,-103.60266842760237,-99.6285609301494,-101.75122948004174,-95.76354320395961,-99.32906450177859,-100.50277261079113,-95.78583211409234,-101.32429646571812,-98.52877735173762,-101.48496532134334,-98.52682360967474,-97.98319296484586,-102.26701320608822,-97.89039664763494,-100.60689125282701,-95.33583859637064,-100.87165543348839,-104.97198947392833,-100.6188019588427,-97.44206677109888,-95.42941828349541,-98.22121997308795,-100.96105339318444,-103.63167774190734,-100.72774102335823,-99.97416670136002,-94.13420629723953,-99.06214807624497,-99.15084403224395,-102.26375283198584,-102.93206512661332,-99.16020674288004,-97.87337504607433,-98.72598149503018,-101.8622261714431,-98.93391556600658,-100.11084084241475,-100.05714924102347,-101.53510383699202,-98.81024460269371,-100.88941820941254,-103.497623610465,-95.26884800578458,-98.11694757134761,-102.06831828390841,-98.56722118122838,-100.19114047642108,-100.9585098287554,-94.5192263023972,-96.10820515561177,-96.7256290003887,-100.36250650836318,-98.26181901438366,-100.81832129056578,-99.72362265953227
2025-11-02T00:49:00,AP_5_124,5,124,wifi,5620.0,0.0,0.0,-106.83104791130124,-102.59064034254632,-94.52460960580936,-100.49378092135427,-98.2098819209777,-100.37556071123666,-94.88880418638459,-95.2020063745051,-102.26936447376804,-100.30232237031771,-98.62192175430627,-99.77006882413625,-102.98461561052068,-98.67725353064505,-96.16042650924257,-96.3275921141821,-96.32174720689231,-99.9895465070112,-99.03251468001487,-101.48476748130051,-96.34391458417178,-99.35905084223349,-95.46494205183119,-98.60210952940342,-97.95369620202386,-99.99076832656846,-98.07039281844838,-101.59460673738174,-104.53240954556298,-98.56178598442749,-101.83792198197945,-95.6865844825376,-95.8239723723334,-96.8793289944789,-101.6171137060461,-100.49610941679416,-97.77616964731129,-105.94825658102117,-99.97913653485924,-106.6905031053259,-94.25649753275917,-103.78710094745138,-95.19580347428641,-104.34988738941065,-100.91317870356156,-100.0887049085172,-99.14545535541727,-102.30167519442936,-102.95034518075404,-99.44095050709811,-100.89793181270694,-99.29274419477015,-101.0624873127526,-98.08825574537568,-98.41511767183479,-94.78264335197278,-97.76089811612619,-99.3967348411208,-98.16824088687936,-99.18584998855955,-101.21906454882496,-94.45836685288513,-99.03681521371747,-100.77882399314801,-100.2889417424023
2025-11-02T00:49:10,AP_5_124,5,124,FHSS,5606.917543195317,9.873378004705119,0.31398812226480105,-60.013229137955165,-93.64380701049461,-103.54866756420157,-97.67689466426327,-105.07326650783259,-97.18115746915397,-97.93559709282046,-98.05641966856257,-91.01937995352515,-99.67913703322748,-97.99202943091545,-97.22389958100963,-101.66384066152149,-100.77588899110818,-91.94027482787428,-102.72990531595072,-98.23834241193512,-98.33286240728552,-97.93902522371233,-96.77326808797689,-95.1673151791884,-101.34648662173305,-98.13281790169445,-92.46703368447011,-98.62458107551392,-103.54587648431249,-97.82958161999892,-102.21199931107077,-98.53498740472796,-98.45090296211993,-101.221818897356,-95.40337162462421,-101.49163990566004,-99.80897478196434,-100.72073885669957,-96.35260743645217,-98.66134106034575,-98.6952121041838,-94.88339082802308,-100.23883185444603,-101.67683918273667,-100.79120820027805,-100.98760578532753,-103.42436891899106,-97.59167135651178,-96.944051928962,-100.2369443836948,-97.6881637725243,-101.88919973222082,-99.80321916774037,-98.35844170415382,-96.191153170219,-92.55776896732372,-95.31167449741933,-97.34426967895611,-100.16474740994086,-93.53260936915453,-94.31836272794706,-99.56658447548563,-97.1175403449423,-97.4187501955756,-100.84220702232133,-104.85084590267732,-104.87691506484086,-95.83011991006252
2025-11-02T00:49:20,AP_5_124,5,124,Microwave,5635.983942348603,7.871400167642752,0.6387696538357643,-69.43159154384564,-101.4379641598468,-100.16670111589482,-102.33412197827417,-100.59142021799347,-95.31329316100611,-98.18088731987129,-101.92541928154763,-100.85616761219855,-96.39731210156135,-96.71987653601896,-101.2145442036908,-90.84393712460316,-100.31258083188555,-92.65327808772584,-95.56046431156517,-99.34907655626955,-99.78948055701882,-98.66120160606964,-98.44746103895592,-101.28535875548394,-100.03477563724498,-99.77590915880077,-101.97507898552763,-96.23647675240993,-99.88507808392586,-104.40820415163205,-98.96963535013866,-98.15233474446484,-99.5729187946607,-100.80028453067217,-99.08814472410208,-103.43803216052163,-102.06676099025938,-95.23688767161394,-96.99440485749194,-96.52971599931149,-97.44184575543667,-104.2318459446039,-94.73116088545459,-102.32202644120723,-91.94990963676946,-104.36516679347885,-100.02000109593011,-96.40506626405201,-109.3322068509618,-95.32333125602987,-101.3218343153779,-98.60044175305973,-101.5200370005929,-101.77519012493566,-107.25162092519518,-103.70736687660808,-100.38963444643394,-99.22215219126075,-105.20688299386333,-105.829104310729,-102.52656861719652,-100.06016805447443,-101.67636771685866,-97.60746817634973,-96.58425967415221,-99.08436092144396,-101.20667913815313,-97.95441669450898
2025-11-02T00:49:30,AP_5_124,5,124,ZigBee,5606.3128017694,1.2713612750520806,0.6595164859173401,-51.4085001246319,-104.77458564480253,-97.73034934704718,-98.03318964970873,-97.71320134004644,-100.35404342194529,-100.62564083915706,-95.39597360176955,-99.37947556638288,-97.54142987540989,-103.4799568165181,-95.58950108563573,-98.49593281414977,-98.92665360750647,-100.90672459520756,-95.30280023232852,-103.16712605516344,-92.81028563915288,-95.71092593950671,-98.67383625442905,-97.09231417407752,-94.4937810252989,-102.14045440991264,-95.25279068261032,-99.99219994021085,-95.43949714320266,-90.85234995855159,-98.67963394332904,-99.71958468856552,-97.89738630847701,-100.8397650575078,-101.3368138075899,-97.06655021668232,-100.98049403785329,-96.24500989711235,-97.84781942821581,-94.58071230663698,-99.32827689884948,-103.26051468835337,-96.36078761832525,-101.44932537443759,-100.38410374245149,-101.53116201329681,-101.72653153354263,-91.81181154099517,-96.34366051475861,-99.4690784960997,-94.3781273560008,-96.66263474821051,-100.2966420967186,-103.21147899550846,-93.24087895362837,-96.6115873150139,-100.33181760698388,-103.03206424421276,-96.66958869518353,-97.34201263347387,-97.07014870908311,-93.76558332428958,-103.24385045896845,-103.26486102261374,-97.61583911027574,-97.21223865573093,-97.52594823694824,-95.4182248831935
2025-11-02T00:49:40,AP_5_124,5,124,BLE,5638.993921898868,19.934378695677516,0.4767274219316693,-55.51185801523732,-90.78907989690661,-104.22735039834012,-99.78039295505346,-99.20733107799705,-96.04159428758493,-94.71591426215728,-95.87555595749049,-100.95039840267381,-98.66452103029766,-102.96127137883299,-102.67852844773036,-95.45448232507766,-98.50474848928673,-99.43413942900472,-97.62351182048573,-100.58947772623058,-99.20800424812711,-97.93029495152201,-98.2295727134691,-99.68703922837078,-98.57831042479907,-103.62431951168168,-97.52123659506233,-103.60262627090194,-93.98206334748025,-95.86850342204781,-98.81495454500087,-102.07726341204744,-97.37371391200004,-98.60269051680504,-101.000560523913,-98.40766566625379,-101.6824242017541,-97.67619405282211,-98.24084771827836,-99.57460944623058,-94.40675659683303,-104.10872978265269,-102.67442618301473,-98.25748595232814,-94.88864904354608,-101.68826334316965,-96.59161898176484,-100.77235449546095,-99.49480900002011,-97.15220174177573,-104.46495795101711,-100.19778963173005,-99.86691267164188,-97.54631494904879,-102.86732540199017,-103.65078726305704,-99.98296936901743,-99.176172479778,-101.31021179038531,-98.82514144440262,-99.63202667808513,-103.11590958474933,-101.12487009388627,-101.89020394691691,-97.1157133324101,-106.09131409864662,-100.03727409741182,-103.69765940122005
2025-11-02T00:49:50,AP_5_124,5,124,wifi,5620.0,0.0,0.0,-106.31169407984628,-99.64554309841866,-103.88902766518066,-98.15440633848306,-98.12951399151348,-95.85796857178205,-97.36497213828972,-103.47107666345936,-98.86719938147814,-98.45414105007876,-96.32340983099367,-99.65773940509759,-99.65182007856095,-98.28672868807548,-101.49103864108591,-97.92872832859119,-97.41659809886369,-95.73117966434455,-104.86231321843015,-103.2590691451968,-99.90893898406918,-106.78105878780426,-100.22890372082281,-103.57042004265664,-99.60844496947891,-99.10090510649016,-96.52819599181134,-100.95048049536983,-96.2576017706139,-99.17286344736405,-94.83152288970815,-101.14355331186457,-98.65905796632704,-97.58931279421259,-103.11682895478286,-102.87474421356463,-98.59876631270411,-103.78018218115128,-100.15213430618495,-99.42752332250133,-97.2174446934896,-96.04921618945154,-108.65958739187917,-94.39444974567017,-94.63242388057056,-102.20984993980737,-98.21920342999984,-103.38464340751219,-101.69838565940375,-94.71447606948624,-101.76745715190489,-101.79122637676717,-99.9889209652175,-99.10324656685054,-98.71946215001574,-93.08639624407118,-97.44454117530103,-99.59239334785516,-97.37185052090113,-93.97479578005401,-99.78186468477759,-99.56590959605124,-101.43886207290005,-99.22465340931107,-102.33517477512336
2025-11-02T00:50:00,AP_5_124,5,124,FHSS,5614.260947476517,6.012210108861045,0.30110418362513985,-55.927456416467166,-99.46473017417013,-98.40092000173865,-100.10452913256646,-99.51684812570454,-102.3032202713645,-100.6271035082089,-103.9333591424318,-100.58842966363464,-98.53679160196658,-99.73851522638833,-101.12463840734812,-99.32309053507292,-95.11877309412614,-92.84051666670625,-101.9379945711584,-98.43712173594156,-96.24943866751862,-103.21421300061154,-97.88540290996858,-100.95257814284595,-101.62112039461724,-99.13777087170817,-98.11357639843533,-99.13334717212449,-98.27442275797206,-99.64660745075979,-98.09685811234156,-94.21542510540976,-103.91536539907835,-96.34253753705731,-99.8399208416166,-97.61190265907813,-100.61975082075536,-95.39758009573993,-105.95071969239669,-100.12072645842242,-104.31827526816095,-98.83302909929208,-102.09042944939044,-96.78972456469151,-102.7858171135692,-97.39940180491993,-99.18452413656401,-98.4404035999827,-94.56634762000708,-98.8195485295815,-95.70970939675185,-101.15877334336423,-98.6830007450906,-101.38835052313534,-100.93675067582066,-94.03724697410662,-100.93306997484692,-101.10229185221215,-101.11475071701189,-97.36406005733612,-100.53336805600324,-98.41758855115657,-96.69091954870967,-93.64080003105047,-105.28338509833847,-94.99751589751659,-101.9598418144019,-99.66794906386188
2025-11-02T00:50:10,AP_5_124,5,124,Microwave,5629.557729573347,2.6956464117675676,0.23319700543117378,-62.18313111443452,-99.29248596135017,-94.43599685771932,-99.57790070345416,-99.51807122667101,-96.30676594452305,-102.38188447916215,-95.05446302616984,-100.62176900650628,-99.90450874409707,-102.22758671852029,-102.353105770447,-92.28405326191312,-104.20984481313161,-104.02393748968029,-108.78227314386558,-98.18230239010283,-102.59488533716768,-99.84657868957856,-96.31395891007934,-102.47946735657116,-101.50378479268915,-96.88980943291106,-104.10200868359149,-99.90183103699009,-101.68737827202897,-100.81577168853472,-100.8705522490997,-101.1025706455166,-98.32584854922302,-98.96525002513519,-100.732492667202,-96.47114585854084,-99.80503361451211,-101.11461204567595,-98.2850198670028,-101.38945122617979,-100.19025279513723,-102.29971982088996,-102.19416710608954,-103.52538664885618,-99.63598117895583,-95.77264973340226,-94.91693250508307,-99.74757516521554,-100.87639758696672,-104.69790568780729,-101.8719910754064,-102.32154678172485,-98.14191882290558,-99.03322074645442,-93.36936616605745,-107.0571449656102,-100.22654368569803,-101.29787292652644,-99.98460366049773,-98.28041692558678,-101.97142875210523,-99.66622250455137,-102.76935352102743,-100.38082800716572,-96.92958944120645,-97.13283887697028,-98.98605070855206,-100.12533899053881
2025-11-02T00:50:20,AP_5_124,5,124,ZigBee,5617.24822991806,15.847515876067051,0.6009617290467869,-64.54695153875117,-97.09649805648547,-98.30128138085705,-93.5879645558198,-99.34371405175852,-101.03826998701757,-95.3247006987503,-96.23615095535264,-98.48651768947005,-96.28986126062524,-95.83097430097082,-94.44924928598743,-101.15403769320349,-92.87160159226195,-96.98978519374798,-97.4199740484652,-91.25152135737144,-92.72177189054847,-93.68391907463999,-97.1794157017778,-95.9756784971212,-98.51265172095484,-93.90131207929262,-102.85917270041841,-100.41848286990495,-96.27409778095438,-95.40576756958599,-102.23746873641709,-99.01162778280563,-95.89546128200757,-103.35550726132817,-99.48752935996936,-98.45754086091102,-92.79571581118326,-98.19169957127343,-96.18361083733265,-100.36232366094826,-100.59297411242684,-99.83030651564164,-99.06390501218492,-91.91515720027431,-99.9733861447981,-100.67068768521258,-99.75879228963392,-100.18859548182375,-93.82764045945305,-92.81057100809193,-99.71457345688528,-99.99691138305856,-99.70376500810511,-93.22326228930305,-101.43605920818099,-95.15654290671571,-95.09104197682879,-96.65147953706186,-96.89031982467877,-101.15838032535513,-97.93363728592897,-96.6774535838238,-96.39240421008928,-97.83135917203444,-98.32676936239709,-94.1167600688933,-96.07810234220933,-101.57155333122778
2025-11-02T00:50:30,AP_5_124,5,124,BLE,5626.679436459389,7.540979408139499,0.7340953714854408,-68.31622881862431,-92.95843944625112,-101.13021846271766,-98.75983309783318,-101.47406616585876,-99.38057327109736,-100.91887309612045,-102.3527804132883,-98.83516792844352,-99.45922107679627,-102.89312525318792,-96.23297029977898,-99.01613001257071,-96.62145344671877,-98.40729202583778,-96.53198025277632,-103.57729272957408,-103.33158784951738,-107.15405105439028,-104.1731167945627,-100.81139449294628,-96.92597649456803,-100.90274047042635,-98.26853272439075,-101.02527120744773,-98.46058029497463,-98.4310849639998,-97.39492127057532,-101.29195528099119,-102.66890888449079,-97.17834972104731,-97.84619243288456,-102.48141731821883,-106.06454747073623,-96.96730372499182,-101.78604347322215,-103.56569006118609,-99.42734463960815,-99.69423327968458,-100.33129493587438,-99.55815470778366,-101.28365395472595,-96.60173811358163,-103.1502621734538,-99.77247815539184,-99.97231240592772,-103.02097112524154,-105.0309520763537,-95.87811467379005,-100.94498198140337,-100.33079642021515,-104.29822002714673,-97.91500003365668,-97.12688936703442,-100.65623585222353,-94.23829830757954,-96.79844207115059,-99.79937656356556,-98.04082196622511,-102.350535701122,-99.64509197144857,-96.91852582192611,-102.50822438459039,-101.14398211321937,-99.23324767668483
2025-11-02T00:50:40,AP_5_124,5,124,wifi,5620.0,0.0,0.0,-104.04807627608723,-94.57735375360734,-96.9819077230931,-98.73082119254335,-94.78994172724254,-95.48069632593722,-100.65358273359048,-97.81408726617701,-95.79709382590153,-97.99627585970306,-94.62687129681476,-97.40984066981717,-103.53993898288526,-100.71449688403023,-98.25710947824054,-94.16063741873037,-95.25722991837237,-96.29716555497507,-105.22938658525976,-98.24843955948506,-103.18806273677951,-100.24377301541953,-97.74619049925496,-99.20217095465304,-100.03832633869592,-97.68626572226114,-92.87974344933507,-91.73200964423185,-98.87806898632846,-96.82852787809021,-99.00102384686696,-100.17511848902963,-97.36600247000901,-97.92824941977766,-100.5240594828988,-96.84527252598299,-96.3950129166522,-102.09350700540402,-97.07420056917924,-99.62711353157889,-101.03355620846446,-94.47107571780333,-100.67211761228292,-96.14894155854253,-94.53940969218051,-95.00624510752432,-93.3134578201752,-98.41544889726936,-95.07967390990717,-95.93863885191335,-91.8375278418289,-96.35429218329408,-95.83973669519247,-94.50774438807235,-93.62218485492194,-98.28962648229675,-96.78009494328485,-98.23730217835583,-98.61831906427855,-92.0293834042737,-100.16850443871442,-100.98327894205609,-97.40238755467055,-95.2671720459393,-97.40802914232147
2025-11-02T00:50:50,AP_5_124,5,124,FHSS,5627.734247304651,3.126201017302182,0.6186718276830272,-59.64526203235519,-97.02540721997066,-101.90694565688456,-97.58811563080712,-100.86066516102737,-101.9662813927765,-98.36394287715103,-98.18410349603343,-92.30985061511372,-102.69491705944272,-92.88202800458393,-95.86780214541545,-98.44409203638001,-100.42297240544971,-104.62744524982203,-101.98455184864015,-106.85327739178956,-99.738038059376,-94.95095964479894,-99.01870942252907,-100.65678238877702,-96.6633664006,-103.13650904652053,-101.10987098336778,-95.19774286359723,-99.90832066986167,-99.00387744910321,-102.03255986757846,-103.46861517416349,-101.99602805869657,-101.32345183445562,-102.35195674497355,-98.66274882148609,-100.71821145216171,-101.43419361065254,-97.14284777756251,-100.70849406922747,-101.7998610124406,-101.0890875396462,-102.46704707944417,-99.15019507499602,-101.87676020524994,-100.40481960808168,-102.59463541937532,-102.86193559623536,-97.08304737250232,-97.41736154615326,-98.50780182349658,-97.97803490661518,-99.99786694366973,-95.12091567815317,-99.86168274216858,-99.56030168029788,-101.05420994561516,-97.92941873637378,-100.52654197444667,-102.58273867798445,-100.46579132449288,-102.07541619025365,-100.94460801849067,-104.05764575414679,-98.95542058098836,-98.40146104044214,-97.39836272230693,-96.86638269860525
2025-11-02T00:51:00,AP_5_124,5,124,Microwave,5611.743138342726,17.924074054571328,0.6468720443425795,-60.42434156682328,-102.70898051622802,-101.05855063892417,-93.72863453215462,-95.52780311336872,-99.226611743498,-100.88422583350193,-98.79160113136216,-100.74290798828144,-96.24164659030951,-98.1135090650393,-98.19882605158054,-98.31770126999953,-94.0701695017037,-94.41742433493947,-101.0383330214543,-92.43262948335918,-101.99771759529415,-91.85900763015437,-99.79890185085361,-98.81367053411155,-100.67778904317645,-97.35913131817861,-99.1154905731631,-94.60616751520236,-99.34414540975764,-95.86716536574289,-95.93333026503325,-104.93182735908108,-92.73806212005883,-102.29042198586095,-101.6684214948311,-94.6819055206569,-99.69767825833996,-95.42185759287686,-99.0644287579569,-96.89188330681962,-94.12941081552685,-101.04421241115979,-96.64303735911412,-100.58411164575611,-96.30843835377502,-96.5440612473515,-97.65802311812806,-96.86007764054821,-95.50536100127209,-97.58451121374095,-103.28992482546636,-98.02130804707268,-94.6300426159815,-104.78253554753132,-98.97726334089846,-94.79244369090804,-97.34979422180282,-98.007683240305,-101.99240457456398,-99.21631550595211,-98.42608628104539,-97.8369579504554,-97.8149429933377,-97.00912963180032,-95.52421794378469,-100.90503408726418,-98.61523385299303,-96.29504076747418
2025-11-02T00:51:10,AP_5_124,5,124,ZigBee,5639.270012803132,1.4772790108761613,0.5267073955679782,-63.52038951894183,-100.04257452830663,-98.98805454405507,-105.28893682996203,-100.28564684484581,-98.80983728070984,-102.84875587598209,-97.17784897451929,-100.41140230762889,-105.02136038599036,-103.78223913404878,-101.20692413006185,-99.00908148304616,-95.90419962500661,-99.58842176346963,-97.75114308464049,-102.17957352054952,-102.90357116608205,-101.6021698590506,-102.45335522239418,-101.00616590900502,-99.57945908942199,-100.64146755415518,-100.06334452070206,-99.0431456819659,-94.46891824142303,-94.81849415375696,-106.10860387587957,-100.07309527364188,-96.28195795304859,-96.92421961648138,-103.56115531152417,-101.52892231407341,-97.2610941047609,-102.83891541026999,-98.23466665065719,-107.34568452758596,-103.18046647136467,-103.58829741015062,-109.33517089426296,-102.95018714931896,-96.0690358502965,-102.07765583841453,-100.2995764303907,-101.07217742445773,-100.18955882181189,-104.42915129454438,-100.03431546025105,-102.49792080388143,-97.72170870929996,-100.05465333127518,-100.32679857488698,-104.42700037163898,-102.73820192498151,-101.14191329928526,-97.50315755650385,-102.99334077663777,-101.46432026785718,-104.89323862737338,-99.29411239356764,-104.4749603070419,-102.79197952279665,-105.02459517576436,-103.58366310600579,-100.41809234558475
2025-11-02T00:51:20,AP_5_124,5,124,BLE,5620.473057339088,8.458548113241225,0.6649280840617986,-54.60816866419856,-102.18892237574491,-98.30841555669254,-100.15043553655005,-96.30557359641668,-97.85951692134772,-99.42331544376864,-100.15976840269742,-100.65405697269229,-101.40837304456403,-99.40826563541633,-103.15643021944805,-103.03163629060727,-95.55595883079572,-100.68691223503127,-94.94173148423755,-100.97866525345192,-102.05238580155674,-92.58820676678022,-96.16027908025613,-98.07091686228165,-95.54711773412635,-95.09614088210337,-101.33327482893137,-104.39450444365237,-101.98897121806536,-95.19551255187443,-99.22787303660803,-92.69641770592251,-104.69029770983491,-103.08790293683991,-98.47083876821576,-99.26272930593129,-102.41961398524133,-99.7406704715989,-97.66060653381935,-98.32392056969427,-99.41356992875208,-95.7787898462181,-95.50095092077002,-97.30409526295138,-99.15864597154972,-102.71042472143199,-96.2676347522555,-102.17941356303156,-100.1908843620384,-95.78586142617549,-98.38025033326126,-100.1160672320977,-97.73806104704785,-100.13610051907011,-97.99792386513596,-99.74546281336356,-102.9120774143012,-97.61206484320891,-107.2159861790344,-101.85203562300111,-100.36494080025628,-97.44463117737834,-98.43455262728064,-102.51506424572301,-97.62175697087582,-97.17897283810917,-92.60257916053686,-102.78136823600865
2025-11-02T00:51:30,AP_5_124,5,124,wifi,5620.0,0.0,0.0,-108.2336511548576,-106.89657770249964,-101.44815772827951,-97.98407212320569,-97.4163583055414,-102.83711043278993,-104.90691348953223,-97.38160354939748,-96.3031294196945,-97.40435506529144,-101.43085722551298,-102.08658859901529,-104.6707230940192,-102.95515735032008,-102.69357139713053,-100.41925074891691,-105.49827595973296,-100.89021080842969,-104.10859382771035,-96.39840584453432,-102.215339021226,-100.08695347376391,-106.07838388905398,-103.97564851704657,-98.64906287421907,-101.33917908102389,-96.44373474248827,-105.94140699891568,-99.53816335957566,-102.47358295159002,-101.02187966503689,-98.11374144108497,-104.73308861422593,-99.68571173536385,-106.67935468695171,-104.74130502371858,-100.1858303304984,-99.66910557961972,-104.38241144758142,-98.00870658570098,-99.49925755975772,-104.76994940774475,-103.44100608842597,-99.73169806132788,-101.36770216617343,-102.5226019567902,-102.09209390850484,-98.50855671508428,-100.56184094328613,-102.75580218889826,-103.97746364008117,-103.88317272588235,-99.95669467872433,-102.61888145059876,-102.46901340342959,-96.44996696199821,-97.05984862925814,-99.83991298562795,-91.42842089754399,-99.45424511443223,-105.43617888956771,-100.62145958387774,-103.50174895664013,-100.0726051226538,-98.23127521047925
2025-11-02T00:51:40,AP_5_124,5,124,FHSS,5631.821709618439,12.595519116432452,0.37695630773927463,-68.62438929138702,-95.72698532995037,-103.64565711530255,-95.94383963131374,-100.76721133128325,-101.4792791737567,-102.79926590670404,-102.18689432528137,-101.88421086312026,-94.4742176932712,-100.25055884409329,-94.12804471406018,-96.43848889163003,-104.50948464743784,-102.09326997752612,-102.04336067874834,-97.4184776514968,-91.80110661721118,-96.76619378323865,-99.65109938534417,-104.74180982136586,-100.77434958630889,-92.46678089304234,-95.24542226090472,-96.6988225966024,-97.65023452452017,-99.62031352483498,-100.9912087121245,-101.20008488654602,-99.06042872574817,-98.27525481773638,-95.6386750990855,-99.64867301926122,-92.36053973746044,-100.34131365305383,-98.9692678823845,-92.96020323398993,-98.41991699506806,-99.63253512556986,-98.30971773666981,-97.58941576910361,-99.31169973637734,-105.86534109306592,-102.28435040905254,-95.09587192805641,-103.29051684273088,-99.40736735930825,-94.58647806957772,-99.15617992873273,-101.16303857801304,-95.85729424153426,-102.75813738656026,-99.0781028032464,-102.54790401228684,-99.01891781609325,-100.32626772079281,-96.50362330303884,-97.09380618000046,-99.80062369752547,-100.74889087023975,-100.10285382944203,-98.64732072202351,-96.81063409846887,-101.43742279801643,-98.02708752589992
2025-11-02T00:51:50,AP_5_124,5,124,Microwave,5610.796147172449,8.421512088480718,0.47138521779383646,-52.74688921195167,-96.90744704068236,-99.02444960697213,-98.6254056641743,-89.40493791577737,-102.59900946315348,-97.97206311643632,-102.32731685111737,-95.659271857605,-99.31141115833609,-96.24398369922966,-101.76326710871942,-101.41778205554688,-101.82687284056132,-97.81596490539204,-98.76684142530989,-96.8383033334962,-99.84731787036722,-98.43390895942312,-99.38644629866617,-92.09401350263886,-97.41144541034724,-96.15241705097377,-98.17385029637798,-96.10235971387903,-99.62739706481855,-98.45231385932118,-98.69376054824917,-98.33229356040135,-97.92661011646449,-95.62395411103306,-93.11124519461805,-98.4974579749823,-97.56844703430188,-100.04714196506697,-99.51523410565117,-103.83015389668408,-101.04236780089911,-99.03167003538744,-100.80694055447927,-95.66627518154849,-101.30293796520975,-95.58612173972674,-96.74963085708926,-94.21063396618898,-97.80771200857848,-103.47181445978136,-100.46322009526634,-101.15378318110695,-98.00557959931888,-101.69128731477966,-97.2091254833474,-102.03961529076716,-96.95473851455442,-102.05943066691951,-92.42288292241908,-99.9397492357478,-103.01132580741013,-97.88391278478007,-97.21172242443278,-96.77183446824262,-97.87610038904185,-98.32180273971922,-103.75590072007559,-99.64334431992206
2025-11-02T00:52:00,AP_5_124,5,124,ZigBee,5604.22137603826,2.3692182817416763,0.6490652637766574,-66.65890868535172,-97.71354776751107,-100.80717557643622,-98.28684182716705,-100.07092768635583,-91.4042762091272,-100.57742546354051,-90.1424388101812,-94.56538368031033,-97.76526133707198,-95.16454237857792,-95.03221000987409,-101.13584017677461,-98.7849792350579,-99.0701327045847,-89.18940625135473,-98.64779184551355,-100.74240440947142,-102.33310389999049,-96.83146967057722,-100.44946678468426,-96.80947027045521,-99.45128945185074,-99.153518135107,-94.658985711261,-97.94804468666837,-95.94853155627914,-100.13806791257271,-97.91981118285294,-97.21458470312685,-97.25219349169942,-93.39847581895017,-97.1836926265403,-99.69387065373114,-98.0895217247869,-97.82719662179049,-96.0079161579459,-102.26629867098706,-94.29603689891181,-97.25974711891163,-95.41746736250921,-94.86170747546628,-96.95866004130863,-91.70174504820682,-99.00364227350634,-97.48567856728558,-94.64362181183017,-93.55185033793825,-95.97796028382619,-98.40088199151324,-94.5304684037822,-102.29385112822315,-95.29928854214516,-95.72846565388548,-97.43096699731895,-98.88284149690016,-93.5766363982035,-95.57698178376206,-98.13258796159383,-96.35822813917768,-95.31852750955,-97.06820886465357,-99.96033849531587,-98.77591514468078,-99.569099435002
2025-11-02T00:52:10,AP_5_124,5,124,BLE,5636.469766706412,1.9342759211753267,0.23469127925746922,-64.22360903763352,-104.8224339172068,-98.37256920930146,-97.38879434414379,-96.71498544271394,-105.93502276362901,-99.66897288102248,-101.23567846350512,-102.2148129660927,-106.59929717743317,-104.78965218092054,-95.51834437200914,-105.57612760096535,-91.32698847314111,-99.70154303577868,-97.4006587527864,-95.72327146679561,-98.25619301328959,-100.07720918503624,-100.25046355046877,-94.7647741818202,-96.05485165507704,-94.068957245506,-92.87450846963529,-97.69623130215264,-96.34631282191556,-97.15704000628244,-98.94936320535157,-92.02583430731751,-99.33277943008216,-101.1559188456421,-96.65243006470399,-97.01469267211928,-101.54690824717194,-98.60276668993089,-98.88008834098741,-102.15974077697706,-92.7994929607813,-97.65715545908611,-98.74908112044457,-97.46967554516198,-100.03810017893734,-101.33065318069525,-99.29472571462021,-96.19357425981126,-99.33859624932641,-96.16197181017212,-99.66161613900152,-99.86890261899411,-98.16520959720559,-96.85009781256161,-99.19425072191535,-99.2179882418311,-100.98768449875462,-100.97647010359726,-99.0387081152101,-101.21906542448056,-100.36996189598995,-100.62957837094231,-102.43597999638912,-101.45551899008284,-102.89498232473201,-105.96521676328472,-98.33081677101303,-93.6650385563979
2025-11-02T00:52:20,AP_5_124,5,124,wifi,5620.0,0.0,0.0,-106.80922715011272,-103.15806075120659,-97.97138267540109,-98.39909443966621,-94.4263405406777,-99.422017032419,-101.2210182941606,-92.68308151555557,-96.99282022391087,-98.52518732267144,-98.71448531432847,-102.2222718088556,-104.43226959005811,-94.78662244616152,-102.226156456837,-98.80848658316042,-105.6445096299145,-100.15837574112932,-98.88971767013702,-100.25904252370333,-100.071581294963,-98.28407019862858,-103.35970340525878,-99.5883108191805,-103.36726946539007,-99.46481358164019,-101.12952708871312,-101.03654357421468,-100.18350820603376,-100.74006919456912,-97.18405979403529,-93.9869088087327,-102.42237944357873,-99.18506006029817,-105.35286387652239,-104.48472043620767,-104.21988099208713,-94.05196467960263,-102.58813968458948,-100.93318703856482,-97.48069524184494,-100.59361375225231,-96.98012174385366,-104.1009141870661,-98.69579534658976,-99.53217079688461,-99.2327832198564,-101.85725542841722,-100.59852984144992,-104.26351331004145,-104.06347330246966,-104.40181926609034,-96.96456088222591,-98.61267705866494,-98.63755179943362,-97.67205258832601,-101.69265080120643,-102.55884750105456,-100.19631436725979,-103.79914988145916,-98.67642317826827,-96.81552026923251,-96.10291762147023,-99.94959540696257,-98.1227439499507
2025-11-02T00:52:30,AP_5_124,5,124,FHSS,5636.698096627516,1.5335379392578226,0.29982528518371243,-68.97619039465805,-100.64335366820524,-94.1594174082549,-97.96809248577863,-98.02759844721012,-100.97345831841118,-101.41072872721331,-99.90302958609033,-98.48353682609331,-96.66322920647457,-95.34381927357768,-105.88328394216317,-100.73483384382573,-93.94947502304004,-101.33289170887744,-93.90405983457393,-93.54680339468717,-95.68473494576615,-99.59979564259153,-100.9424902263914,-97.53470369007059,-98.87375933444092,-96.74930294113975,-100.15653520201016,-99.9598227205684,-95.38069563809067,-98.00612353289655,-104.183704074329,-93.89030295166889,-96.16544089976071,-93.90284951959804,-94.76866978298895,-98.10690963684921,-101.24822228169904,-98.16167749366468,-101.46599395777142,-100.2645553846867,-100.4719850182082,-98.775723297491,-101.6210464916545,-95.36331168460015,-98.47290441878191,-103.06539359864327,-99.93223673295333,-103.96558195697398,-98.95752964292247,-92.59082165550981,-98.26802327706572,-93.69139051139719,-97.40934213010561,-96.74674838721126,-98.89328503286902,-95.55711170076614,-97.04108983644876,-99.1848369077523,-99.10352409774278,-99.80403325123956,-95.82709080432079,-99.85818396760163,-98.84235602923772,-101.01564274674712,-94.34903033143154,-97.94781046826539,-89.08201297159475,-103.08739962349671
2025-11-02T00:52:40,AP_5_124,5,124,Microwave,5635.310932758985,1.9428871542292923,0.4314206937054771,-63.21592434650877,-101.11302407871908,-98.11513526951049,-96.67707554233928,-100.21172888300976,-92.18281584422067,-94.37583882852918,-98.58832886355296,-98.85193661784696,-100.21549633823096,-98.13032449707654,-94.30021568348597,-100.23101937330641,-103.58773342043426,-96.96873978454275,-94.28242293229921,-99.10385863731655,-99.18846392327599,-98.40048091406405,-98.71600429470851,-97.1654574501508,-95.23672645838765,-99.40856534272699,-100.08011367918262,-98.56932134770462,-98.09560273279587,-94.60190341211418,-94.14526905615783,-96.01331977551929,-94.7001904967035,-96.05914852226519,-103.08396238787488,-94.18682325925026,-95.39523130547371,-99.73104196687943,-96.52955956044829,-97.68911566805832,-96.512602814634,-102.00422615358745,-95.88074160349365,-96.54376873815389,-93.2735756674291,-95.37959776984522,-96.93168847859738,-97.70847614310662,-98.24831487682029,-95.84668485447116,-98.67247025284902,-90.93076389907527,-97.01257674899374,-102.32613710781875,-92.83843004872122,-93.26593208569562,-97.33309390707872,-95.7502101985258,-100.21620834249559,-96.86030223551585,-98.7399947919044,-93.20176888714673,-99.99985870478872,-103.04432601900258,-99.25412221175273,-97.14823139597615,-96.85674632909931,-97.22775449890258
2025-11-02T00:52:50,AP_5_124,5,124,ZigBee,5611.316423743785,2.052323033237949,0.3726239712986479,-63.236747974409916,-102.75841489721942,-97.41027523724314,-92.28134342134295,-98.97513793134323,-100.26355755098325,-99.43351699584635,-100.30618962285459,-102.81910653663584,-93.96901784446219,-98.4299794911865,-96.42301418100918,-99.57043295823046,-93.4384587839226,-98.58425440761862,-103.19710054744651,-102.17423304976745,-96.08697113038214,-93.14341876729958,-99.81388873657355,-104.2561530581219,-95.9592716304402,-98.76759073218176,-101.1113547927329,-96.34103090324265,-96.78137807269715,-95.2440957692502,-97.05479643437579,-97.63073449877926,-100.85833884740869,-99.53603621214054,-96.14369328868767,-100.79135774901026,-101.55703632925781,-92.7015430812187,-98.9006563531049,-92.33663447654722,-97.4998096895506,-97.41371186654337,-99.62245393860344,-101.38776210546723,-93.77771493429108,-99.9508105725399,-94.646340484179,-101.85664191315318,-98.4732304766776,-96.15340019900492,-102.3384990668946,-98.46005105118627,-95.65293700154363,-101.42399694253984,-98.32062405361069,-97.00498085962344,-95.44982159601678,-98.05341131645618,-92.01062900294883,-97.65230239694688,-96.38983289910827,-99.31788366617909,-101.76853134901694,-98.7742884474311,-105.01459831311182,-103.9544229437367,-97.25441941881762,-102.15374564019615
2025-11-02T00:53:00,AP_5_124,5,124,BLE,5638.776139224893,13.995549500216185,0.6295480459885705,-69.41693702133598,-97.98478226280673,-95.4720175163279,-99.01942517719036,-95.61770729530123,-100.25558060331848,-94.50740903750376,-98.4908320195249,-95.59164151805922,-93.75118150044571,-98.16226437986539,-100.32979595151896,-94.98037755453686,-96.31192870347942,-101.5545881169419,-95.28588621735965,-99.78842869053712,-98.94509679599742,-98.4817983939316,-100.1004448700415,-95.93007488272356,-101.93134611471098,-99.57428152154745,-94.31755455248218,-96.49396944615415,-98.65602382237563,-93.59133063629355,-96.3623989193457,-100.55436961632492,-96.08476573744339,-92.67225397428774,-100.97813462990783,-97.73846632480058,-102.47669260065344,-94.7023140330621,-95.99719135974392,-97.76357965602226,-93.19323981858415,-93.5888124619389,-101.87895416997786,-99.31232423162554,-100.53815009985577,-96.11659654565865,-102.51589306644239,-96.19455317684358,-97.64203195890386,-97.37037394810417,-98.53379992342299,-100.0402948981774,-95.15775278585231,-97.56012164250379,-98.52947858375548,-98.56029615725164,-96.17154820997514,-99.30808110921241,-94.55125431748276,-103.2257524445473,-98.36242159898515,-98.43418644201338,-92.99559566389874,-98.18467957472103,-98.29126471257416,-97.17296880536279,-96.57964482569773,-96.76411584758229
2025-11-02T00:53:10,AP_5_124,5,124,wifi,5620.0,0.0,0.0,-104.67857242409544,-96.48878239315077,-95.7558930091072,-95.20653696784848,-92.78864852436557,-91.76544283966672,-101.97183372424672,-101.20369890249735,-98.97994780522887,-99.16097604355741,-98.05264688108497,-99.90429839753854,-98.10991204177203,-98.9193009979041,-100.1502190428595,-94.07754985644885,-94.66995163238954,-94.76812927001433,-98.38859633165767,-102.29128340540325,-98.2763138153292,-101.48100300362522,-96.47864513237371,-93.64991146028797,-94.43451795210314,-99.8889218277696,-93.4793468228806,-100.90886541428323,-94.24305580739923,-92.95394052441806,-94.67555717517513,-97.68975110073326,-99.32733647275415,-98.05720712912093,-103.89742332543885,-94.50694358151104,-100.25367438239874,-101.96679682160624,-95.51619917603354,-98.35003839460981,-98.21261563882541,-103.19304191726728,-99.15953575820996,-98.51553766620893,-104.53083838108206,-96.91819364101912,-102.85677433977392,-95.59382764935361,-92.59773644585485,-99.27037070281119,-99.00501872080791,-100.61553669474465,-103.07929484161092,-93.83412347175546,-97.58568181466283,-99.02716656916425,-94.78709765678744,-101.96073961586923,-101.45579993878594,-101.20738145725038,-99.85846213387674,-97.31794855990415,-100.71334485738967,-101.38921296903906,-95.90031419720364
2025-11-02T00:53:20,AP_5_124,5,124,FHSS,5615.462303167504,13.113651954157106,0.2729281974354894,-57.457341838841685,-102.1571960794513,-100.61075744688557,-100.27943060798603,-96.3770226576077,-96.4573326740034,-101.60857236551888,-99.26694408936028,-97.91247125868924,-101.06937688858137,-94.38298990782734,-103.33890624108079,-101.68222322239005,-93.44021353651735,-102.66741003818048,-91.14741920818818,-95.20257488687285,-96.96509968952134,-98.1684099089842,-95.32616267807785,-97.69893705136448,-97.13889365840461,-104.72046614001535,-97.40846021715014,-97.751794818421,-101.01598630964976,-105.19014434446308,-99.76984772188999,-98.73215289705777,-95.00061185662685,-97.92737666418228,-93.57631004795917,-100.20901341595395,-97.20622861205891,-97.89187861308038,-100.07438569517183,-96.22846485398769,-96.94969331660978,-95.41569288778537,-99.46169833932211,-95.0611296291887,-98.13065309861291,-101.14010517780311,-99.81469603924545,-100.177164324651,-94.15375818353621,-97.32833757713978,-103.56414568605909,-97.01921913608125,-98.99594900812147,-103.03406437949913,-96.38096369157887,-100.85093121472075,-97.28161134077403,-99.97108136971657,-101.57042700158979,-96.55708551368564,-96.72685834127519,-102.29633036661627,-102.35564839691395,-99.61880828437548,-99.93364293337986,-95.84155895413362,-95.40500395443604,-96.99203633846689
2025-11-02T00:53:30,AP_5_124,5,124,Microwave,5636.215755476818,3.3882172109687803,0.4393609711122268,-64.02293022091052,-98.15894362740733,-93.67770438017806,-101.20680034741538,-100.9173139605018,-99.67673735880551,-102.19477120292821,-94.98433218667168,-95.76820925892369,-101.11900498793561,-98.5184451040038,-94.58249705991733,-101.01523636448643,-101.82355317331533,-97.66014111421028,-102.26677133646055,-98.97046565528139,-102.35172111901328,-102.94607183863391,-98.31639731559093,-97.98575008508774,-97.83462309792068,-96.88567493811051,-99.81528369822374,-98.83224107419558,-98.61041193205732,-97.38894493422559,-98.5719885874885,-96.92700616412463,-102.29089716489264,-100.56321031546935,-99.70977617500847,-98.66034604021158,-97.81168625344166,-98.53771707558026,-97.98437833716606,-99.83587458941399,-99.95704466609831,-97.78992713887448,-98.87759445217048,-105.79238272171155,-94.06519774896239,-102.00672609395016,-103.38754210409701,-98.7010593267474,-100.34673212862691,-105.16893942238178,-107.73279094733297,-97.54777002140736,-100.58510234473408,-101.04608355772456,-101.42541737765423,-100.15675952830237,-101.99195306817298,-103.26333471783275,-95.98793127896587,-96.7694506865324,-102.0600325692598,-101.77608170686783,-98.96754004384266,-99.07997107472677,-97.31895035067596,-93.74941018953137,-99.50769949116341,-101.75352918016826
2025-11-02T00:53:40,AP_5_124,5,124,ZigBee,5601.275497731473,13.050476443559482,0.29527080385834953,-62.55632158924857,-97.50245369701487,-104.76736096255094,-100.52456614146718,-97.73336506572019,-98.32276832535301,-94.09410020627834,-102.2656518088735,-103.2326354341254,-100.75751158888177,-97.80157913036966,-96.26563230715342,-101.64505349568904,-98.17599772427843,-104.0860243641151,-97.71965019324846,-96.55748609021386,-90.38151893263966,-100.10973424307907,-100.0673744308642,-98.62984868696687,-90.34594485746213,-94.62972307197455,-104.85865394042092,-106.7435169331097,-99.29925278066469,-96.70191805220414,-99.20374771785589,-98.27719142086035,-94.64243734891394,-103.00402229188012,-96.8011930146139,-100.07559772100788,-97.63786979772499,-100.07242288522717,-100.48968328623695,-99.04981861942362,-97.49069293083896,-95.35744762780271,-94.12072783382675,-97.84775793127294,-93.97297119980804,-92.78084603707322,-102.05719698271126,-96.24504983437554,-99.84043739112639,-99.35800777399214,-98.09530400202375,-98.7741449667942,-100.52541862255397,-96.06305280820641,-102.55813111100029,-97.43061136764912,-95.89319606158111,-95.0842252900601,-95.15767968601811,-98.35849424931433,-96.79040750775866,-99.80554199671236,-101.41131426515764,-102.66353349307084,-99.93570516662926,-95.28583812394496,-99.24738543923408,-96.67438655413065
2025-11-02T00:53:50,AP_5_124,5,124,BLE,5627.314394715488,5.50976946362413,0.660515972619841,-57.13137057074505,-103.17974425442804,-100.21863124430617,-101.93979783290342,-101.1058316223956,-97.29691619324862,-99.21759843436838,-105.20421226814186,-100.17283016631886,-101.78047392608774,-93.46445234582247,-102.23919925717308,-104.87585628466843,-102.79095934857911,-100.0170639284909,-104.84293369751431,-99.75709245072014,-98.5540801312854,-98.94614012118504,-102.2069360624467,-98.38674606881736,-101.61942575078587,-99.80187793424612,-99.66589126946431,-100.1310562159089,-99.08232368884312,-99.98760778507356,-103.32774112326926,-103.4937454799654,-105.85249614689403,-98.59771932321476,-98.8182787190212,-101.47737857979477,-97.3150272771575,-95.53422613280047,-105.78082936412522,-106.85209060585913,-100.91170952858869,-105.44314400415155,-104.17014843624543,-97.05162591373121,-102.94270437626957,-106.361657046723,-104.16260097465049,-101.20459027043766,-99.93133346111576,-100.2441605559756,-97.3412560997271,-101.80820958270188,-104.75969227278817,-100.032415692146,-99.07099051108095,-100.30542910528435,-107.70182346088654,-96.87098427786694,-99.49914835984538,-103.2059381524287,-97.96967102527073,-100.75422163314296,-96.96646752608535,-98.49784829991236,-99.1205940143786,-100.65362237446266,-99.98508757090791,-99.57747549179277
2025-11-02T00:54:00,AP_5_124,5,124,wifi,5620.0,0.0,0.0,-108.05786202451772,-105.44502049891047,-95.2755990677341,-102.07751433606174,-101.03782499665448,-92.34892706662175,-103.53533100435601,-104.82117053502107,-93.34112101303322,-106.69133673490776,-102.53700072382007,-100.7075925454437,-97.32774091269926,-104.5033106013501,-104.21338596920744,-105.48113633472848,-104.01912111855181,-99.51676691921259,-98.47881175231494,-97.23728011771196,-97.20692045052408,-100.30165525650351,-101.38654604323196,-102.8547507007321,-102.20713454433519,-102.78387260749938,-94.89611771203738,-100.07099085816084,-100.78968150719595,-102.43040794324679,-100.17011664138272,-99.00769322423706,-98.70199457865999,-106.68715603243895,-100.86091720670485,-102.34618431666705,-98.66735050821866,-100.32174656461623,-99.97927785919572,-103.44990343335324,-103.51741988189515,-101.12152972258025,-101.47804746248323,-100.82978998463,-103.98338611278648,-106.45488098851173,-102.95312819314739,-100.3968192935464,-109.81619350934754,-95.6343630462874,-102.65758025822004,-105.32897516664026,-102.88206589581551,-101.50345593338558,-95.86426836217478,-104.5998632162963,-100.51048938719981,-101.72199158067703,-102.22642475486778,-102.71096299183276,-98.35654820871697,-99.08624763224368,-100.39739564035824,-93.74299697059756,-100.74345270929773
2025-11-02T00:54:10,AP_5_124,5,124,FHSS,5629.179590204723,14.238194298024842,0.7263639795397907,-70.49768433750828,-97.5204732235867,-95.54705130123551,-92.67548002508438,-96.81060236452825,-92.4152236292156,-97.50297608698608,-94.4127063029418,-98.34929108066969,-98.58839056844789,-96.51882900695239,-99.8147365134604,-92.70249870677037,-96.83600489160973,-95.28895251730869,-92.23435713097543,-99.78029312334769,-94.99112965426261,-90.6282858672446,-98.84754072307587,-97.44231036773708,-99.08254102424273,-97.64408510172049,-94.23899243566369,-92.43898990702918,-102.13488167778436,-93.34802425946995,-102.91039371562535,-90.4963725103887,-95.23764408791077,-96.55782448435262,-98.58332039021009,-97.11590697500169,-96.54782151394429,-98.28787763058065,-100.3833205903642,-93.25491717987776,-99.52053091395518,-100.86004706261465,-97.9971887145196,-93.56605881860156,-97.65282633298902,-95.18085479894276,-97.60579174983195,-106.38891435253046,-95.25597748164324,-96.04165353250248,-100.3274059616986,-97.13189044594704,-92.06805336374129,-94.9809872765514,-97.85287073177143,-98.7732113247644,-93.61761526504003,-91.5767000610116,-99.28672088717825,-100.22883036808774,-100.08596818666267,-94.12482592111576,-92.19434609209448,-100.38461789714296,-94.42161150805796,-96.04551506537892,-102.13524770525271,-93.61233503358905
2025-11-02T00:54:20,AP_5_124,5,124,Microwave,5636.991257401561,4.168176586710015,0.73012377939987,-59.2922712080325,-104.91659165357089,-99.20643838762544,-96.33623137638406,-100.3003333358422,-99.4988404376305,-101.82070663249463,-100.80979685488668,-99.95591256432333,-97.3330850948875,-97.66221616854945,-103.54609263649114,-99.6908638764847,-97.20652620656553,-97.5381314988073,-100.40718856769627,-103.40326909435859,-104.08516213923797,-101.63721596506785,-98.47413452233353,-99.68889928359151,-94.38573820035133,-102.2075026917811,-97.70849884599204,-99.4152065904861,-101.13631838491254,-97.08419907664413,-100.73977741623382,-104.00069090572414,-100.02836589807633,-97.43193495001607,-101.62873097984712,-104.9943767788908,-99.96896849573113,-102.60089131601386,-100.85728587516002,-94.80986156917133,-101.32928846242127,-103.92284804999788,-102.00410726777868,-100.66978509147097,-99.92310236278387,-104.08119498765387,-101.56022022347395,-101.41412638838955,-98.49657594600018,-102.01420268641172,-104.95744594459624,-99.64456406931296,-97.21329038277658,-103.77042919587929,-96.79032034388312,-95.53591718654573,-102.62115131734959,-96.68574055354804,-100.88801724235331,-98.43165899218916,-96.752989567346,-97.22384105102198,-98.0828899510618,-99.51349112192456,-100.72873894887826,-96.54705928126292,-97.25321267968083,-98.73880669292816
2025-11-02T00:54:30,AP_5_124,5,124,ZigBee,5602.598963176895,7.243224171823143,0.31114632804226655,-67.60514187845334,-95.44485879373664,-94.72497425295875,-92.00748381788861,-104.54808985847228,-91.309937617303,-102.53447496592102,-102.52988277151667,-91.71633173592303,-94.96545538790247,-101.86447788225198,-94.56365968683431,-97.58621593213202,-99.74520523415377,-103.73565710620495,-98.89843273991194,-96.29351002593317,-96.1336056817545,-99.56900778860847,-98.91824200243329,-101.06427603637634,-100.47318186589155,-98.78266080583144,-102.8156351531465,-96.48086560027168,-98.5759409272642,-95.94233831755963,-97.85353198315487,-99.49796920470095,-100.9047227980345,-103.72869545987025,-103.52947005737151,-96.78478591960123,-96.49120628958148,-101.06998474544332,-101.59270475439622,-98.96830989568991,-104.50139599284769,-95.70662231099466,-97.35913605905235,-102.39840926063128,-101.38802535802819,-102.58092043409184,-99.8639267426001,-95.58930066359247,-99.30921527450002,-101.56030268203436,-100.28535740812045,-102.96655008266511,-99.0382073637758,-97.2900816194112,-99.31522835917063,-97.17092461666498,-99.55300067009348,-98.75154502950329,-105.15290326152375,-101.65626519922861,-103.53873878030642,-97.89436397370304,-105.296135039427,-101.8059140756989,-101.08590413533018,-94.38560209823518,-97.58109141319804,-102.13395847196911
2025-11-02T00:54:40,AP_5_124,5,124,BLE,5619.738164369648,9.501357696292514,0.30622899674990467,-63.695727146365215,-100.65223060887743,-97.8785718790994,-92.880020062142,-95.75198037250762,-93.82946909680933,-98.59427000424911,-100.39275481771801,-92.59963393008837,-93.61904912295208,-98.18424533982908,-93.68326831156031,-97.28674601260613,-98.73373961592853,-97.863089685485,-98.84295796726926,-100.54974378352298,-98.17849223731044,-96.8737524625396,-97.02759056701257,-94.48937378878611,-96.45039193646886,-100.24144989891315,-96.19497892413985,-99.73679073273283,-102.99871957365303,-98.25327440311698,-101.23069129158036,-100.27547910409851,-101.48472111294727,-96.12456626880532,-99.24689632421095,-97.31904281029728,-98.47913668400513,-95.37245143745002,-99.96697635856064,-95.67284000189872,-96.0583210864744,-99.96005194593366,-101.71034159330969,-96.87164795310548,-100.57322479916601,-103.13088265341224,-101.10478242724338,-95.80276358761023,-100.06762222722456,-97.12987603600457,-100.69971339832486,-99.38437526810421,-100.44618788443121,-97.17375793391633,-102.44279245760113,-101.65607940820746,-102.97428674395223,-96.2268401403487,-96.54534685065495,-93.9997879975999,-93.6124662062767,-97.63717812970306,-96.92899147274689,-95.21916847470902,-95.32747077481504,-96.48594796701825,-97.35388149405046,-94.90899003182355
2025-11-02T00:54:50,AP_5_124,5,124,wifi,5620.0,0.0,0.0,-108.61208192771917,-101.7262475065853,-102.10979416496518,-102.33303860489305,-100.54651591845472,-99.78948207324166,-104.72735609067024,-102.08414241217109,-103.66010306112045,-101.67297572542843,-102.23044235171045,-95.32885925978836,-105.20821381786739,-104.49793717630426,-103.40532333532154,-101.43624203494366,-102.72386786433111,-102.1091061336726,-96.21888849439787,-94.85512845972211,-98.66929662935331,-101.31827065074725,-101.42176589397438,-102.0406230855225,-100.03453993887996,-105.76080187146528,-100.2463441719387,-104.34791168801732,-103.21521232250377,-99.65707841247311,-110.1380784261957,-105.72216756734899,-106.94076511605421,-99.0514614074965,-98.99958685960947,-101.24514113030904,-94.91529329827556,-96.89881793688886,-94.63458595956452,-99.3884460675442,-104.58497305192662,-106.68590743491364,-102.59695597681808,-101.90024294403517,-102.90845584456396,-102.40429542332433,-98.06299277077441,-104.39186717563354,-96.0420488356577,-100.14060445665096,-103.42634347148787,-101.87410554171126,-102.76751068691561,-106.31445213339289,-100.53560778717056,-99.57895360029194,-103.42847958148812,-101.40818831821286,-99.77130985617102,-104.2421378539809,-99.37839039632243,-98.98129080269143,-97.62242756758494,-99.2154374439434,-98.23450359412105
2025-11-02T00:55:00,AP_5_124,5,124,FHSS,5611.067524066366,5.46212653913984,0.5887744451491866,-70.29742773488081,-102.6325943699076,-95.46280794606797,-101.38046375314919,-105.95745775452701,-97.91571850717231,-104.62850056051083,-94.3484432322588,-104.34938833224028,-102.76514362803056,-101.28221846195903,-104.04960498623734,-99.14804453219469,-95.98021085177167,-98.47787639948741,-102.9109438280847,-97.47928714556868,-100.14237980513734,-100.11532036698823,-99.74305542425716,-100.8908348668071,-100.0422855277961,-99.689232715187,-107.07881226805635,-98.51573140066368,-103.53679799227267,-102.31656926290117,-104.72514179342383,-100.31941965327415,-101.70152100607082,-104.6947820679963,-99.83154832108228,-105.5628001474938,-98.77326547609285,-101.00405037983873,-98.87143348449517,-104.44622347153637,-100.56265123578642,-104.12527930764433,-100.12590268674606,-99.58317530817317,-103.31935244682558,-103.87728421090094,-106.11958467062857,-98.09007844517164,-101.82981091592782,-99.23430932697511,-100.36955177155541,-100.44388829140527,-95.2210289063418,-102.82108016934411,-99.29752497849381,-102.50115987447823,-101.86641737666369,-99.58812762199246,-100.72200616340248,-102.47599367445278,-100.04675995856199,-100.19783890000161,-100.90401334147572,-98.85863290475952,-103.99477518781767,-103.09333267015002,-103.54311839493202,-101.85731061932985
2025-11-02T00:55:10,AP_5_124,5,124,Microwave,5603.431671551465,5.226717790196528,0.5007096733751712,-69.65657621685853,-99.4541135653619,-98.7398552902228,-100.2316340570724,-97.56233982164993,-98.90011445338483,-104.15739820895459,-99.02576104279495,-99.49485609697308,-95.02109458092906,-100.32841408407872,-100.94016096849728,-101.70920472085885,-103.04898246679113,-99.14727558573075,-103.48179511138525,-99.36055284257431,-97.50899065869845,-101.89865910890285,-97.92103201008294,-99.08658609499491,-103.6547794896551,-97.09177523452661,-97.20068780784771,-98.92328206919522,-100.671703786329,-98.85678562588289,-96.64479706361905,-93.68448818330603,-97.8252640996156,-96.90413757990878,-96.49408105299831,-105.22285897038593,-99.81721289697786,-101.74260627743224,-94.98898334392219,-95.32465665789607,-97.21769773643477,-100.33191167687345,-101.59003283005266,-94.49474113959272,-97.97595468180411,-95.90523873944355,-94.06452157725705,-96.94968561754558,-99.54716189804381,-92.96597707976844,-94.15311014541066,-96.82752467383234,-98.24688652359343,-99.16209795013137,-93.40687953051187,-98.92731317798082,-94.56054064027273,-98.1770160668366,-100.71796075749202,-101.5940097520404,-99.84508690106881,-99.04171712636456,-101.12008547039655,-100.56351827683173,-100.19899660896418,-95.29332030519578,-102.270675283717,-103.87324538151056
2025-11-02T00:55:20,AP_5_124,5,124,ZigBee,5639.965608028344,19.511742203036285,0.42984972241051833,-54.902566007903815,-100.34259059517073,-100.3639694354031,-96.06132460841772,-99.76189090956603,-100.15394749538365,-97.61482649975184,-106.60032007537845,-97.77026112659337,-101.61591399861449,-101.26692389971072,-98.32035380555264,-98.78031155786373,-102.16271333392264,-99.47765743006485,-104.59423929752344,-98.0912610422534,-102.43960470665276,-101.64000724764506,-96.66336817611315,-101.37620461673744,-101.60791966428968,-102.85229259086078,-103.86228643556532,-102.12984912106452,-97.67324808134416,-97.50672136008598,-95.38443714295065,-97.90587201663133,-102.73407097085907,-99.21052576862972,-95.02683609802104,-100.36500109524088,-105.77828034856444,-100.73679714826682,-99.54369325895034,-102.53246431767722,-98.56593630517459,-104.0351766386493,-100.65198640338579,-103.45017253223976,-97.8311260057011,-103.51174771844194,-100.14170687656258,-106.37262772362789,-94.53126571934324,-100.42914442682371,-102.26189939559006,-99.12526688059742,-95.38630696641366,-101.55369994852305,-103.49402827030059,-96.74450558613051,-96.05548683374471,-99.2520746179563,-97.91962128824434,-105.8401080695354,-105.00446393002824,-98.62959141930139,-99.10728602313992,-104.35903473687192,-102.88042095645598,-99.00029826118761,-101.60334758084817,-99.1211658200443
2025-11-02T00:55:30,AP_5_124,5,124,BLE,5623.339576990332,7.305672682619033,0.7847425605156702,-57.97117252842818,-99.08609030894715,-98.29014462392871,-100.41357313785468,-98.19861405339887,-102.68149519176525,-102.42208556159672,-97.06789200929086,-99.34755596716697,-99.17685790491329,-100.05495954616894,-103.31127480739222,-95.79321835256572,-100.01250732095532,-99.4397871606761,-98.04116489099408,-104.50342514175537,-100.50036482374134,-98.16416725242681,-100.971700182248,-98.08331201674292,-97.87580861212743,-99.57042766160002,-97.73495584956224,-101.76450988291383,-90.31703087337537,-104.45631123319527,-99.0087087082408,-98.96623328120694,-101.44113479751844,-99.80372480267478,-94.40018365401986,-97.4003375967134,-94.75634612108368,-99.45479962696443,-99.76139782545631,-102.91398347898689,-98.01540150951753,-92.35574884976346,-99.38668266528364,-100.3818909317708,-103.90663643404382,-94.28689984112424,-106.27828731307015,-90.2806474914387,-99.44616007960549,-100.82409910756044,-101.807500218731,-99.03614449128357,-102.62698639254687,-100.97241686287664,-98.86099527446697,-99.35339230128854,-97.61277219078494,-99.59456633037993,-101.48493065732559,-100.37697173217471,-99.7258178336245,-102.32040477598753,-96.34031856172867,-96.20839329690878,-103.04857569954837,-105.8540518275947,-95.14973841396764,-100.34793035520961
2025-11-02T00:55:40,AP_5_124,5,124,wifi,5620.0,0.0,0.0,-103.85121189588419,-96.48364682075567,-94.56489431911514,-97.9663266145794,-101.81648196198768,-93.39219165055634,-96.8044776002835,-92.66623399946343,-94.67622257822661,-98.48523828847495,-94.52351933447574,-92.99359059974022,-98.16676253580454,-96.8451529403176,-97.03304761025737,-96.80293976072389,-96.85472934701485,-100.82950696917183,-99.04766905422903,-96.2477554233614,-92.68495822013435,-98.4954060945,-96.41226951826071,-97.03035762725172,-95.34790984447842,-97.43307736397003,-98.47121613435021,-94.18998348061578,-95.08455064123639,-95.77262338954779,-94.62491590895513,-95.90740129842601,-102.65972407873436,-95.30762535403117,-95.31494907357437,-97.27249826574956,-92.5533951490066,-97.22543526904988,-94.1480876449268,-95.72580380889704,-97.9322801904073,-96.22835657675785,-94.49817010593364,-98.36583857493594,-92.89640767852065,-94.11542299066747,-92.70341791571785,-95.55228989074115,-96.00543454141173,-93.302120357025,-91.86661657554039,-103.87084567591494,-94.18066444871234,-95.45932520794082,-97.91404280975428,-98.42896382682184,-96.7140378763378,-97.16532501014315,-95.61881282508156,-96.2289397137664,-90.3054369307859,-101.13128971196426,-89.6831653594262,-91.24819899384603,-95.06844077699631
2025-11-02T00:55:50,AP_5_124,5,124,FHSS,5614.634557012092,11.162373730952845,0.6936696521700684,-51.184337532007255,-98.94499219697734,-95.19540530177834,-98.78109984015316,-101.73641206104917,-106.45770061467806,-102.49324694910074,-95.73045149392526,-102.2433031068011,-101.2480963385214,-99.86385220344366,-98.50111068188586,-96.93028274896763,-97.24573459832374,-99.09221486040724,-101.82999341886921,-99.61665126822989,-96.48433393682888,-95.37678240661715,-91.5713981022023,-95.361950436169,-102.05177028914045,-96.27600681658008,-100.43067102926709,-96.16357142372406,-99.93599459805608,-94.17648990689774,-102.23797962316776,-100.19340917452028,-102.88567456877242,-97.05215416513208,-97.11018469812991,-100.81658013230977,-100.59166150207481,-94.76553167876094,-98.2915253717834,-96.95477715431572,-103.46722920334864,-88.53541884506673,-99.9385056469246,-95.55436609120068,-92.79473700888049,-95.43958727632143,-97.55832780882058,-102.60936421045035,-99.53884732994008,-95.0812587988463,-98.58565673957308,-99.24545941039133,-98.62321298595923,-101.961925979618,-101.26971125080827,-95.37880298138954,-97.73621853187964,-94.44176098232874,-100.11732278391757,-96.11578399057409,-96.05667701822189,-102.56414090743533,-99.72816258814669,-97.34536185597983,-96.47620209483918,-98.25702665108179,-97.82054656866116,-101.92998286082936
2025-11-02T00:56:00,AP_5_124,5,124,Microwave,5624.855712624973,13.680245622332409,0.42650591929996307,-56.82876929258489,-100.40725562016853,-101.81383985882496,-97.15654846066565,-105.7284235823133,-96.20366774309856,-96.29299818775439,-98.8195028817086,-99.12676507782452,-101.57831546120913,-97.97817290736755,-99.25300223480107,-103.385921936196,-96.95323749020086,-102.84238629996548,-101.9193555462552,-104.92180751309287,-101.88189640620385,-94.81058878067914,-94.56463003571689,-100.74397806827133,-99.46244526130386,-95.47117812953884,-96.90401137264467,-104.41145767941934,-99.53567056704483,-96.91416601729121,-104.12846497996725,-99.28150784060765,-98.1203553397627,-99.89979221535533,-98.95171341886555,-99.2722058525489,-100.87338296000402,-98.76767128099274,-102.293017441563,-103.39501432368355,-95.82747608139569,-98.2418548918652,-102.32506025584243,-99.36980893838182,-90.88532675939909,-104.03691026442213,-97.51332385335672,-101.32983338604849,-100.92122940959742,-97.4817551650292,-95.40625280247029,-96.56491985274928,-99.31803047941007,-98.98691409836997,-91.90295428351048,-103.8339000319787,-100.1325749044379,-98.45228149442103,-97.62736428527053,-95.43269356602504,-96.80954772555741,-93.96413630372145,-101.33791225098344,-93.93796947957635,-96.39085631126791,-96.09667944855542,-104.94610000596971,-99.23493310739332
2025-11-02T00:56:10,AP_5_124,5,124,ZigBee,5606.395571364791,4.8111509363329334,0.20211885223539994,-67.10417969614953,-99.82156126439251,-102.23342347501224,-98.51279417325388,-97.27797493361703,-99.9226015858013,-99.79898384813265,-101.74069386529645,-98.97294374767124,-100.05531932192521,-101.77284668177509,-96.71100459445347,-106.26750547263717,-95.98200245155039,-100.17838401828558,-100.80092623533271,-96.99584443214518,-103.56325599205731,-92.84012652515919,-94.49010631851375,-94.31880074256284,-95.79639379762094,-100.96205893027175,-94.81093111538895,-97.03957863641132,-95.13244277668277,-107.28374351801129,-102.27761719099574,-101.17691088340894,-99.48673295543738,-98.45731780146927,-99.62690740647307,-102.9991993406003,-106.23112059999497,-100.93854462136979,-101.27947581308916,-100.16409668732274,-97.93279703172762,-95.39123932745015,-99.30530297597741,-95.33346241927157,-100.39065203659274,-96.59600662423304,-99.63395962981927,-96.68851836018325,-97.00912234777442,-97.01751190371554,-100.05927415000247,-99.52556703576458,-93.27165863028465,-101.62666615899475,-104.36093789626702,-99.88486490434936,-97.82780491554037,-100.23037599219812,-99.25585304271904,-102.9927912198186,-99.58267028036211,-104.42386655491401,-99.98098187427668,-92.32250202493456,-99.38987833441624,-95.25430775346152,-96.42464574114415,-101.55434159129129
2025-11-02T00:56:20,AP_5_124,5,124,BLE,5635.86022762349,11.404124040864012,0.490425808822819,-68.1966328372023,-93.06801555115281,-99.8234045201876,-96.32862475042356,-100.81807236282181,-96.82293081900953,-95.44123505686738,-101.27105887492269,-97.94801329747125,-97.8705236245374,-101.24660726374245,-93.82633413132496,-100.27510554933957,-99.66877395531044,-101.91222528114837,-103.40752906091792,-100.11238656200894,-97.05944897828451,-99.30498799821804,-97.19620515084183,-92.52189936894642,-95.60720166733074,-99.99093742717389,-97.19010349815485,-95.41505221130627,-99.47221797250845,-101.01736391833845,-96.29615000645252,-97.45590881768318,-97.42998814438656,-100.41700056826396,-101.65807370360493,-98.09147123767669,-104.22511546168798,-94.08257157971234,-95.32765361134369,-94.43116169599834,-102.54003833766026,-96.9812770702676,-95.48514190487046,-100.14672222331315,-92.06516565334066,-99.78102333908045,-91.74023454574939,-96.22801938108363,-98.13689073243778,-105.98804981837368,-101.46330970760053,-94.57674421937891,-96.10664019235602,-95.58244363535498,-90.77105887920763,-101.64064244597333,-95.61607919231697,-97.11046128208747,-101.81437658949628,-93.80813638478094,-100.85201314646342,-95.28643497218722,-99.42219038526893,-93.03208015602307,-99.17897878331485,-92.98938076204423,-103.27534611400984,-93.96222118789314
2025-11-02T00:56:30,AP_5_124,5,124,wifi,5620.0,0.0,0.0,-106.34194199619222,-99.55037614156014,-98.44352317332022,-98.66416135598955,-101.06717113458127,-97.26514807126092,-101.50346181732513,-101.79391237354314,-103.51032254124657,-98.86648317372419,-103.3812393690467,-99.58962955854815,-97.2500690377548,-97.61417960439717,-100.70425253227053,-100.54593492238803,-94.00380908545188,-94.42328429667921,-99.74520872388352,-100.44175387983832,-101.54546098300393,-98.60331747450871,-103.1213690855559,-97.53066038045306,-100.80597198228918,-98.21938014398785,-97.47478002425025,-102.14492779548873,-99.90413203689313,-99.89043215172546,-99.51140422547186,-103.09621345975603,-98.26320921100208,-99.66739955104279,-95.32551443590778,-92.22964193978962,-97.52677946506118,-97.90280808608718,-98.2202888573448,-95.18677006313379,-97.24050174040111,-104.49568350321307,-99.373922584689,-99.27214153629703,-101.23881512309535,-98.6530765382137,-98.1672364169077,-102.97034353119716,-99.17031247494555,-97.91835741334955,-100.88954280734373,-99.71452785702992,-99.14892923568878,-99.28658017758696,-100.5582422920164,-95.9515482095479,-99.12465990287521,-99.79159842038196,-103.17072095170587,-98.30003016505378,-101.09535908737516,-95.92083133203963,-98.01786681580617,-98.39760423069131,-91.94077346143314
2025-11-02T00:56:40,AP_5_124,5,124,FHSS,5603.432976011384,15.415399531722437,0.3978934915804285,-52.2831115976023,-95.95736021967956,-96.20050534690193,-99.94029820304709,-97.54415985675058,-99.25289328270026,-102.68195683377193,-99.72778228915325,-95.92147914142073,-100.67158778380757,-96.89295833253625,-96.29546899414453,-101.38293426612685,-100.13430248551536,-94.53427694004668,-102.66913453237622,-99.14826453723425,-100.69960923798045,-100.47758990968934,-95.55528624445748,-96.96234095578033,-97.65195151642935,-95.59889008159064,-99.67519337781535,-94.35491084441759,-100.44151772291326,-96.45550850481543,-93.12891907619391,-100.07840556708707,-91.47543639871238,-100.5694203916177,-94.52647583002975,-97.90634961883994,-103.38537954938755,-102.15810256896405,-93.60396884600989,-98.35385110484341,-100.88127267026596,-93.63069645136291,-97.3547617379667,-91.96612495488678,-100.26292047512516,-103.19168185611821,-95.97692041305872,-98.83539162408718,-93.84031899574963,-96.29606474451255,-100.46256034249342,-104.66405005889791,-92.8943353529357,-94.65141458342066,-94.70266012278059,-97.77529382101467,-94.2080828382401,-103.16458186122902,-94.04967424092135,-93.66279270030572,-97.30760015321648,-97.84933982846538,-95.14131593762427,-93.9037218251959,-98.46020841337388,-98.8475385445201,-96.55021978844559,-96.16081159501167
2025-11-02T00:56:50,AP_5_124,5,124,Microwave,5619.658127904757,1.696390700416946,0.3896557218495187,-65.22407990037728,-99.94701267937029,-100.80277915353095,-102.48181360551874,-107.81256020850283,-97.27829845973687,-100.7091385561849,-103.30624123595581,-95.32160315307104,-99.79931304900444,-105.06863126786662,-102.84916407708356,-102.74676073090167,-102.576476897458,-97.97471994372496,-109.72304419802055,-106.45575641742793,-102.41036637887937,-100.37374611534504,-102.34902342678141,-99.60019039185192,-102.16067780159902,-96.81215248621905,-98.72101508325268,-101.70788784300865,-108.24480981227238,-98.95395517618473,-104.08593041766201,-97.90088721217236,-102.86317391910355,-102.2052690590311,-98.10913543137086,-98.17726689298047,-101.05293644143926,-102.54103958887157,-96.5216692405735,-100.99420718584332,-105.22358219777055,-101.10549196007646,-103.42400494287169,-100.73809313445057,-101.29679556208849,-96.65878797677317,-103.77762259099276,-99.33954774484533,-106.4479740576219,-99.07739644805677,-105.4495746164745,-106.04266094564198,-104.57339880050804,-102.94271442380564,-100.04547238802964,-104.22216404571066,-100.44128804823528,-102.46500854346468,-99.51774463850312,-99.77479734785177,-100.97317018971779,-97.88277413325261,-98.85479774613445,-104.05475479003432,-102.58605582380652,-98.30319408185967,-103.76046327504046,-100.101379951148
2025-11-02T00:57:00,AP_5_124,5,124,ZigBee,5600.824864649479,19.365870114453553,0.4335513487208812,-62.1113501677205,-97.01125359132031,-94.06721475937259,-100.34367391355066,-97.79503522678513,-97.87723442042241,-96.53012168228157,-100.72983079301979,-96.43874009349568,-96.87966369708717,-102.66468634412936,-102.77606654235377,-101.58917119837456,-101.87054996780348,-96.1907284953551,-99.0460581313024,-102.45953862959766,-103.34585693670766,-100.43143364388868,-93.56264095222406,-96.36053054201133,-96.15962286413733,-98.30873869723702,-99.35373639579,-98.2791745540205,-97.86244739373048,-96.31635149455992,-105.53867245189987,-100.20876758737366,-95.21246786336705,-96.06394810236534,-98.74058391574867,-95.1023456484144,-94.69273507247675,-100.08412068902037,-97.8495323142354,-97.14967650102112,-92.71077844318765,-98.35741058060054,-103.8085638141751,-95.09277849810803,-103.19946364936676,-93.40808441335739,-94.93746690530611,-99.10582961381088,-95.28652539831542,-91.03629081614181,-94.16161464542527,-96.46404818748715,-100.79631072396738,-93.98823443920243,-97.58321295553304,-98.4667313650093,-103.27315982931722,-100.29324514916313,-98.02567254353417,-96.35192623057272,-100.42936723147926,-99.16831375565586,-97.04985025837034,-97.83351066240736,-97.58596955350002,-100.13646918341277,-101.84254885464007,-100.48397984402028
2025-11-02T00:57:10,AP_5_124,5,124,BLE,5628.086314715404,13.82715678628831,0.3951096843255479,-58.421581271140525,-103.07936708980769,-101.30053264333611,-100.6479687942435,-101.04989501585361,-99.07097894313222,-98.79330912754082,-98.1045540194496,-100.6535074249322,-98.10836724228612,-103.18319161094335,-95.34950930175287,-99.62438176608674,-101.2844238431629,-98.26151832760154,-94.78453643928405,-100.46865482368423,-102.10603494783834,-98.20702678277061,-100.86248776784709,-92.06097361367853,-95.95218047510754,-95.05623108527098,-91.30034352915703,-98.63054912878103,-91.66312197317957,-93.93002730517735,-97.47847455779548,-97.4074300101925,-100.30549143406482,-98.26439710524949,-98.02796073639202,-88.23843539432896,-97.39238432812942,-100.28285204568598,-97.31716492768226,-98.82119527281318,-99.90646056203525,-100.62034187893983,-97.8131017647198,-98.77485845251029,-98.10641284859008,-100.91386311926183,-94.95703330068552,-99.01176504005527,-99.76273518494835,-100.56006386923508,-101.78912800602961,-102.06992313635455,-98.48275750073881,-96.76861494156229,-95.31125716074447,-98.28253725741581,-93.41538262319376,-104.13980887167715,-98.12974748546328,-92.58517569398873,-96.65826059429075,-94.18697059733734,-101.69015305911321,-94.65895278319223,-98.40705916692218,-103.53196242377808,-100.00506855056278,-98.56607412034984
2025-11-02T00:57:20,AP_5_124,5,124,wifi,5620.0,0.0,0.0,-108.20457177727525,-106.6887106799049,-101.17732748087194,-101.82809278201167,-101.35166953797159,-98.6038818076564,-101.90217825049335,-101.40558700122844,-102.299888506002,-97.35899408732969,-101.18407740393324,-102.20405226583236,-100.43503519558804,-97.85097896545638,-103.87929311170623,-102.55684448955667,-100.70185748391897,-101.9811231400894,-105.26029131484879,-102.89274780694146,-100.09790933196808,-97.03234315021734,-98.62219356646067,-104.45147474110678,-108.33170684704285,-100.2834518201622,-95.25681864512573,-101.65935599984478,-103.97905316018763,-99.27739929650896,-97.44003825638735,-100.5683805674983,-102.3508087645596,-100.78033002155851,-103.46994811639709,-98.57643436302375,-99.66858167525695,-99.97878477082574,-102.62391010597825,-110.80423713855019,-102.11318962117528,-99.16206245886636,-97.50025388366879,-108.61799857909932,-98.16085582074984,-100.76632595464706,-101.53257928418657,-96.99896232662213,-104.0585307751439,-97.58572073541524,-94.40265659140127,-100.81082648828247,-98.89926379359763,-96.1879676185823,-105.77729879126314,-98.35321912770826,-101.23002423393433,-105.59381840426273,-98.04313961573001,-101.97087594007881,-102.15695817379995,-104.2043879397767,-94.39920370944787,-101.34367741968586,-101.0571508182219
2025-11-02T00:57:30,AP_5_124,5,124,FHSS,5621.556931503994,14.71215525247194,0.3944759142940266,-50.00509790105981,-100.25110017623857,-99.54978473751225,-103.84119700225669,-101.35423974704553,-98.02556740902936,-99.03555129502281,-95.84577168378482,-93.58539066438755,-99.9797055288049,-96.29217276446008,-100.06421117330714,-98.81694961936222,-98.75865280910396,-97.9318885281294,-104.21001751909483,-103.15119605906808,-94.53775818916013,-97.30770284953962,-101.5491330618436,-99.40330796304912,-99.44817410602305,-99.34572305944425,-98.28676451306094,-99.91797208002068,-97.88824686111384,-103.25684854050989,-95.61902969992019,-100.76634641968958,-99.80211396456117,-103.86967753139639,-92.96219672575721,-92.08135661730796,-100.3478357563155,-97.15072062473516,-100.5840677418068,-99.62218195695537,-97.62442929786859,-108.01594989612127,-95.3985475942539,-102.12747441122426,-97.50447616851639,-94.23692478810888,-100.47744412231866,-102.14385753008331,-100.15328000638985,-97.34744807788627,-100.32088136378594,-102.53078064162894,-103.09339114291586,-100.7748922296096,-96.74832460631342,-102.2162832819026,-100.30219048056678,-100.36370658138807,-100.8374252288993,-97.82265420654187,-102.44822373136955,-102.17360865169717,-101.82093351947987,-103.03901093247148,-96.24829093410665,-97.68018029556583,-103.68277717567487,-101.62087652976595
2025-11-02T00:57:40,AP_5_124,5,124,Microwave,5620.13239123573,14.385380710558415,0.2901223938539528,-69.32950887028063,-103.6684367600285,-100.76086726788964,-98.42805914851894,-101.69882880650788,-102.36405518935406,-95.96040754126288,-97.88005000899625,-95.87319525429194,-100.68846528813408,-96.09808984261484,-97.28314879060191,-98.47562722837495,-94.63021320892594,-100.88844480902677,-99.93155666220214,-95.7064777568996,-99.81407336952252,-97.6473458676341,-102.82257618595911,-102.545120660016,-98.38032251636855,-96.96375873021488,-100.6627564022933,-98.92028768373804,-101.05383466507813,-99.86749183381956,-93.9860424724153,-100.61168026807766,-94.93911872409694,-99.04111661867722,-101.29208063275699,-101.87953095070127,-98.447400990918,-98.35868120710853,-99.22295689844191,-100.51075201762526,-95.10377714546968,-98.92270608447534,-99.28597453812007,-101.99362735223886,-97.55054461277827,-100.44330538171864,-101.26922306985037,-95.94966631850947,-99.195031249248,-104.39579853147487,-97.28814711753455,-111.39507437478753,-95.37746354332084,-98.70257559113035,-103.51022791114441,-99.03546259486293,-101.8685259615037,-101.30229706514861,-95.26829980204744,-97.75446931718838,-98.52962093686165,-100.73476544136733,-99.6488879195615,-95.94705500093256,-99.28902306024744,-100.66861323211788,-98.31171723996829,-98.46529301012144
2025-11-02T00:57:50,AP_5_124,5,124,ZigBee,5600.764797403724,18.052278575194986,0.22978072708122343,-67.51497203381018,-95.36730378464874,-100.9745178149333,-97.85044687067435,-96.3031341989732,-101.05295807380563,-96.4517338855092,-98.81050820012902,-99.2395787701226,-99.0654810115432,-101.0587532003501,-98.54033894041845,-99.47591078383014,-98.85903586599476,-103.557431606207,-99.83303448669359,-99.15801970837127,-98.8923545357756,-94.52589331866221,-97.96799132483585,-101.09475843786198,-93.87109639475823,-95.45010047359067,-94.43674485193128,-98.55932631412824,-95.33765383814443,-93.23804192967894,-98.13869990353318,-97.47394319703905,-102.57558651447866,-95.64942805002933,-91.9487167046136,-96.34986174954685,-97.19532668634413,-97.67694015854494,-98.99852931135577,-97.79467728959939,-96.81625519092893,-96.41937996237233,-93.73411763904062,-94.62771986308738,-97.88080988897958,-97.38732774001937,-97.86668499444366,-88.53494248343053,-100.65311297162015,-98.0185615589482,-93.99857091589963,-94.40355336615728,-100.74018006510153,-101.22008169393824,-101.55645635099148,-100.45651146760719,-96.11168452672658,-94.71348076993674,-100.80600975928571,-96.34258627471421,-95.0901344256273,-99.05937422036044,-97.52011542853931,-101.64720477341389,-98.52880207748177,-98.98754295256214,-97.69507335540511,-101.37616050771301
2025-11-02T00:58:00,AP_5_124,5,124,BLE,5631.980882248966,6.286398898598695,0.5939262616013645,-50.86572579981883,-103.63694765115375,-104.87877557196545,-104.87095597976547,-99.22340742392367,-94.13677311408726,-94.71928955539612,-94.48275697461168,-98.54105083303982,-97.57470827606221,-98.50812233391973,-102.98667306251558,-100.91474452680445,-98.79728519441687,-95.63926485342999,-102.11855945847743,-98.4808271842939,-98.67229241626141,-103.34665321419222,-94.45017856811509,-106.84531432219447,-100.04207024634917,-98.97320717153137,-98.38822505216325,-99.99855439098474,-105.58110657799281,-95.93832650934836,-100.90948363137299,-100.06794166882233,-104.1928949305698,-101.50630505959136,-102.31135935413049,-96.89808746875624,-103.68502720052238,-99.52046463444785,-100.73089840326608,-101.37054159511639,-92.04054417008274,-102.30971672041568,-101.64324863642159,-100.40921373291171,-100.94802607608977,-97.55414743296718,-103.62892547335493,-100.57562297071405,-97.90743359958208,-101.0107678430305,-98.58389503291353,-96.69866839767562,-99.63932316924672,-97.18574719819631,-98.5644154944309,-101.07553186933808,-95.53212602809037,-99.82177918701834,-98.95482199577913,-94.7700018382184,-99.28578917675428,-104.76016235111263,-101.30748368461389,-91.04702418201616,-101.90433459906629,-102.71357173052836,-102.16977830742537,-96.2289446149536
2025-11-02T00:58:10,AP_5_124,5,124,wifi,5620.0,0.0,0.0,-106.93068125641702,-101.87242151601038,-97.08721006676846,-101.13546336425536,-105.78688780496884,-97.67685295938992,-98.18369268747362,-94.50767879071313,-99.49045431627606,-101.21414733262984,-100.00414814358679,-96.45136097370394,-106.57730031732135,-99.58012565341556,-94.78492068369039,-98.15724266582049,-99.48988089139573,-99.58842876309211,-104.64831798661815,-100.10868690524185,-97.69817844487683,-97.20317760101834,-98.27682018523436,-101.91385319601493,-101.38830623990609,-98.83432321201228,-102.29081417338736,-99.88030820947792,-103.37343887010272,-102.97618903899067,-99.76022327360549,-97.5640164156469,-100.65842840860391,-97.44483364334369,-101.38113055923007,-94.28803187071667,-99.29222362328427,-98.50002011444853,-95.12945404379352,-96.15158057438434,-94.67668660693413,-100.57434745976619,-97.10957773934219,-99.98734228641945,-101.85204917823886,-104.38628676799189,-104.04083462439576,-98.81564206938185,-100.52086870808643,-103.61682288301739,-100.01817948577171,-102.25599694961538,-101.37819432510659,-95.53653987095504,-98.90959937124961,-100.4013496261635,-104.03709043208826,-102.80843326584882,-103.62819553253698,-98.34427408830254,-101.71240029446955,-99.29411106525501,-103.54554608754901,-99.8768954485835,-97.25336395827739
2025-11-02T00:58:20,AP_5_124,5,124,FHSS,5621.146272653857,16.226884254045174,0.6718118806043607,-58.90027918336189,-98.28195291920004,-95.00115870853969,-97.29817543546676,-96.88736405484285,-98.87766652230265,-99.7673010057677,-96.4377607601137,-96.60400133677445,-102.60517734647493,-94.36759939719593,-102.13874921512122,-99.46741926684815,-95.08303034801828,-101.65718647880884,-94.08351615750053,-96.23278153526563,-99.98505940376145,-92.22142188047467,-97.83758425300567,-98.25759895101159,-96.17310799365788,-95.71078878051462,-95.39741820034712,-99.97105678266612,-100.31434537934506,-103.14906851937161,-94.58450902250759,-97.94542295098789,-95.69318995490208,-100.33437031341671,-95.87012139153398,-95.35023460289304,-98.46894580542612,-97.3353054425427,-98.66835587492108,-93.97227695914538,-97.60829218438451,-101.04322220687693,-92.09955496884272,-96.72591458739593,-94.31311131317455,-104.78662251047697,-98.64020583918595,-90.20850049750008,-101.0127383675947,-98.73695297901465,-93.48772345339194,-102.82560443181228,-97.36044133340641,-99.62871340225051,-98.51035249367067,-96.50375035894895,-93.382264421627,-93.01138966585022,-93.28581801356762,-94.78227620884094,-100.890064239214,-101.93532423650313,-91.37936716954093,-95.9822405724564,-97.32628166911228,-97.36278078774986,-97.38869872986348,-95.03636592451352
2025-11-02T00:58:30,AP_5_124,5,124,Microwave,5604.695283801087,14.20472914787472,0.6905122817644015,-64.69783344859044,-101.44267876303228,-99.20867491951162,-97.99117963119359,-99.0145440031399,-101.31224827786998,-97.80970224518269,-97.11968339798898,-94.79605521054845,-94.2967794360832,-95.20910557529555,-97.39458416563733,-99.45427129366705,-102.31230874133445,-93.62398239789776,-101.06746772657604,-104.20250287329702,-95.62000914970403,-98.83297786542866,-97.38448341158464,-96.78409149557703,-95.57846859455711,-99.88225270849348,-95.6065442057065,-97.75741274771495,-97.38952124215677,-95.48161904906947,-97.20226987858919,-100.69061411488842,-95.82141458636352,-98.99394195523944,-98.40713305762306,-102.35338246939007,-96.79948277578073,-93.62012430039962,-100.49114913998528,-100.34065814181885,-97.96480647390707,-96.47029135680383,-102.93474133082898,-94.44074914822829,-99.311499101235,-97.46648420645673,-98.03610720072618,-100.90699809662372,-90.38907603913735,-100.50253820613396,-97.13268906637741,-100.57312165442922,-95.8160235842467,-97.89949289729046,-99.03617606777034,-88.23307975527312,-93.07095721199768,-100.5123877842986,-98.6074207915014,-98.54367954143413,-95.09248497499499,-100.10273894613799,-95.45764416107858,-101.65120664323632,-95.55876025246266,-98.86394227711612,-97.25360729830734,-98.99678611960458
2025-11-02T00:58:40,AP_5_124,5,124,ZigBee,5630.697946837145,4.886241505683893,0.421267954492719,-57.28693878500704,-96.03407679985642,-102.31247884327774,-97.59878784803021,-98.29374121044536,-100.44936040500282,-94.58001321764215,-96.00672338752604,-102.82044250425982,-99.14044666585659,-102.00879328880853,-100.34723434875198,-98.98078957987768,-101.53444186729739,-98.90193279432918,-100.74049577168581,-101.94806245841926,-100.95271143224114,-94.68172831422667,-99.03776920193395,-98.43853138712839,-101.74487889688848,-98.0585933509271,-99.25260001434617,-99.33767087726149,-99.42523894484793,-95.98937909358573,-98.58566842295389,-99.06396716957865,-95.14333514875439,-101.26123650179437,-100.46894652161085,-97.59739580517328,-103.39713124206381,-98.74286753742248,-95.81802698843173,-100.71398145057069,-99.61925326924627,-97.18275952988469,-97.31102522353733,-96.68352131893676,-100.66944273493422,-99.02692450864312,-99.56986890272354,-98.94448578834881,-94.63385564042355,-100.2622658515904,-99.82670439051633,-102.23115674344348,-97.80798076225791,-101.52155104642915,-100.2859002443227,-101.41972622311779,-101.17102312371583,-101.36139725824953,-96.89840204083865,-97.78374549828469,-96.89797964506482,-101.39998730370392,-104.90405617130975,-96.04246508855773,-98.73214110533256,-102.01767026477165,-100.8516419640645,-96.44311192183619
2025-11-02T00:58:50,AP_5_124,5,124,BLE,5600.0617191111305,17.758495267052407,0.2139196506551409,-58.425906101000635,-99.60377695941739,-102.50096501212407,-101.51076272434214,-91.32078586906286,-99.63186862322976,-100.88849893267279,-98.13928789195924,-97.02212546858624,-99.62020713027364,-96.82278867132223,-96.65529674133302,-96.44293010744136,-100.57240422097267,-100.18475682120109,-97.59475099069789,-95.40793584617661,-102.93061729382424,-94.66139480672742,-105.75656441157254,-95.1747506990825,-98.8756701265924,-100.37218527920136,-93.9161692285049,-96.08205747768834,-99.67108742921705,-104.51326717929095,-98.65101450585846,-100.95293304527448,-97.68163162921573,-99.89699185074845,-98.336268688837,-100.1327381541532,-99.25668546911244,-98.2808595398817,-101.11604091051696,-104.37978106916476,-100.59207573261496,-103.0091406954976,-101.8444067589917,-98.03567492502408,-91.8012530167564,-104.85793492728078,-94.71311000164714,-101.5747269276447,-97.51918666615585,-99.58701111513618,-96.82538006696456,-101.12299934292925,-100.24035384026095,-100.16244078282428,-90.37226167994585,-99.61178304337216,-98.74794736562413,-96.47084748139969,-94.4786565156599,-92.91741480039599,-92.67881537373978,-102.74900595772877,-98.34632512556595,-104.19405308715605,-97.05145830349632,-98.13856089727142,-100.11620401280707,-93.80078976813405
2025-11-02T00:59:00,AP_5_124,5,124,wifi,5620.0,0.0,0.0,-107.73973175265576,-96.21353308427223,-103.9512443498298,-100.53991484922193,-103.19365212422687,-99.86520451921207,-97.52821131387292,-103.89168479325994,-104.72356197520082,-98.94917238014065,-100.46638010674609,-101.82703190506413,-98.32987881650845,-99.21419221644852,-99.84872942250767,-98.51646706678648,-104.05129004232269,-102.05044826780373,-102.45187690437368,-97.7444245402794,-101.57265070893533,-100.41576835504304,-99.36616834259476,-101.72053099968325,-99.66371593939499,-101.3535381631766,-98.21336940742545,-103.17239597050722,-101.19268508451451,-98.30287348001023,-99.74790087604728,-96.68312921160731,-98.93660324193577,-101.31711254803619,-98.41000349707059,-99.63186145716413,-102.32108288275896,-100.61660916954725,-96.49625115470532,-101.62848804908815,-95.6485618799945,-106.16411778761146,-97.65013039584248,-102.58521086814466,-104.75979819034765,-102.29080445444866,-101.53973036607951,-105.23062504993926,-97.94156886833251,-101.74507315854873,-104.64782883326338,-105.41164913857737,-97.91634520743399,-101.52285847443679,-102.09165703116722,-98.87173912676367,-98.46512172980479,-98.73206496995847,-97.33629011954784,-99.55528240293708,-97.23346096943278,-100.09447872734464,-96.34743035530155,-100.60195608705328,-99.40069440720785
2025-11-02T00:59:10,AP_5_124,5,124,FHSS,5615.625276540832,16.472746107295322,0.6437891712371238,-67.51212484627239,-104.13554600597973,-99.89103786785421,-95.42699142646677,-99.17469491159432,-97.95805029448562,-102.93317050544124,-96.38807085895726,-101.00240782651198,-98.18968654725438,-100.00800446872616,-95.35162903387541,-103.18871963615788,-101.30425819499015,-102.63198949423378,-101.17543695552705,-102.11548672762078,-99.18202922842,-96.97348650625739,-101.6827588708443,-104.56964626547217,-100.44125180156072,-101.51747402479089,-100.05597600026039,-101.58689568823263,-100.15758937160919,-97.24058099797521,-100.17410882784154,-94.14993358531773,-103.76139794310566,-99.15615527777933,-98.22018761665923,-96.8732935545896,-99.6554197442509,-103.60784660063437,-101.82078822824079,-101.1399949218937,-103.860469518284,-97.46618838736879,-103.6542572648379,-95.86661902160493,-103.3409682501096,-103.71709939791711,-95.1431795900942,-99.64586258273171,-98.51574552743648,-99.82828492454965,-97.85664641168911,-95.7269931733713,-103.33730838388287,-98.92094531355384,-100.64665889284713,-94.98579829098534,-97.20207734970278,-102.21327654228828,-97.04335477803284,-97.45355996007515,-98.26605508300348,-101.00548792718503,-106.68447881439103,-96.59217006980236,-96.45633546212045,-108.04094046792582,-95.32426355267694,-97.39731759715008
2025-11-02T00:59:20,AP_5_124,5,124,Microwave,5635.492559865432,19.76789181169136,0.24460306459958894,-61.26802963508888,-100.2430074776774,-101.10113338931951,-96.38447660310477,-97.0032381795257,-99.4071032202222,-103.58666817311456,-95.19373865612202,-94.91656669046043,-99.11969761208826,-100.88740506102202,-102.13137744615472,-98.67465887113214,-100.29647564828166,-100.78781334026066,-97.28005442952153,-98.72643007056988,-105.12751491335305,-98.41710970570823,-101.3641991424883,-98.58591670900287,-97.40220863633351,-101.06246145192874,-95.1546200132386,-101.9098934774411,-104.72273947124864,-100.17723779288008,-103.99330542385277,-99.65435005171413,-105.32382665105966,-98.1124924985846,-101.529274034199,-95.89084878387632,-96.60603213903589,-105.26778971759116,-94.47459157228876,-94.49969043284048,-99.21175930401203,-100.02246511256766,-99.94951120580826,-97.00184157812014,-102.30393855329825,-104.01822493681193,-100.92081223487463,-97.52817801046172,-92.74186463289364,-94.68827456178566,-101.080668182472,-96.16779051938023,-98.23369731942913,-92.8676244557483,-104.02404324076474,-103.5707336181597,-98.57852652725536,-100.97946921359232,-99.41268068092909,-107.54499859398315,-98.95867696804034,-97.21521032723864,-97.79490390384207,-98.76460560897382,-94.66057283717917,-96.50526309679964,-95.30251438113964,-101.03400950285744
2025-11-02T00:59:30,AP_5_124,5,124,ZigBee,5602.774427037831,4.354240966820751,0.5787057646755875,-59.65562699660633,-101.00082501978792,-101.81461334709005,-104.2713615809875,-97.36488714276425,-96.46910622881202,-100.54999845032984,-104.3967324836888,-101.76566929957883,-97.01072657558532,-98.74066871059527,-99.63109579440611,-98.50301922956845,-101.35850056598447,-100.63709331807347,-96.00589909129992,-97.460763152401,-105.128300700991,-96.27652997096332,-102.4505116451987,-97.16213065053795,-93.83342233771607,-98.19090532388644,-98.94950304980443,-103.42799502383987,-98.67092294644979,-96.70628839674076,-92.97449223280876,-91.73930838952882,-102.84930844774446,-100.89134366601219,-97.6082904338587,-95.33611202517353,-97.41883086895149,-101.46401071959532,-99.66444461718292,-95.54295396600763,-97.1662308596219,-103.10661468035454,-102.39641109136389,-97.13614077691413,-101.9978340003234,-101.47552421394974,-102.77857867069878,-106.45470071230547,-99.29222881108458,-100.22747034491339,-100.71617206880296,-98.12702518522613,-96.99720801053695,-98.96075992988513,-101.00783793498843,-104.08963127971388,-99.53124224193918,-96.67155799448803,-95.46817920889309,-100.77883349163415,-102.05121645676995,-96.23673305596884,-99.12782094241082,-102.88304318987318,-97.8867461986918,-102.09554276195888,-105.59975783025153,-102.03405111438404
2025-11-02T00:59:40,AP_5_124,5,124,BLE,5605.016599679357,4.378551306502279,0.30401777814530984,-63.23178334257841,-99.31793904015561,-98.54734054543019,-101.53063787014113,-106.94361491872179,-101.25999264222004,-105.79951219988054,-102.65196488164933,-95.84700330321448,-97.02392092190392,-101.75991588157127,-100.75220218189175,-102.21748388501761,-102.05282176434325,-102.92596673851743,-100.94806449551787,-105.36575534922859,-98.77995817240266,-106.99884705417568,-101.79165188420566,-99.61671677793542,-104.38849938791864,-97.5994165654156,-105.25444280959863,-100.80166534421743,-103.08998712074491,-97.22024275525597,-99.88074129909634,-104.74027968042235,-95.43140021546132,-102.4714179256118,-92.95820429347629,-97.36531108682735,-100.22480052824118,-107.31732774909031,-100.00058373570458,-101.32006899199268,-97.64720321030988,-99.48069701065711,-100.63854469939032,-99.4089513478938,-106.57966934788433,-102.96563107487468,-102.32144943488242,-102.74955508630998,-101.68146306639304,-105.23340928359225,-104.84512759407042,-99.12469547469102,-95.72923712935788,-99.99769172747932,-99.15296023566161,-97.70738871550648,-102.68298474235324,-94.39116713066194,-100.96759415862293,-99.78530780617339,-99.26520821757215,-100.93640409890318,-101.45150078902071,-99.72575747458873,-101.57398284575713,-101.9938022803166,-97.36501529964129,-101.0125900245834
2025-11-02T00:59:50,AP_5_124,5,124,wifi,5620.0,0.0,0.0,-106.7124626881289,-97.76390568347125,-98.73287904328299,-102.0223300584426,-92.61055041916993,-102.87374488211502,-101.72999441294316,-99.54754434344939,-97.26899962518391,-104.58239385662202,-100.27096685813355,-101.46525564166893,-102.36792112704967,-99.7678232386686,-97.04834689873314,-96.59541671177426,-97.160086378261,-100.42979462586962,-99.2996398509849,-97.22858760273739,-97.53386017571012,-100.23292029880228,-95.32864517055897,-99.91091565107564,-92.8281117358075,-102.59286425677288,-95.26730970107185,-93.71689899641571,-98.62307341902283,-104.62762351813356,-100.01777407230144,-105.27714693269367,-99.94978672366496,-101.13772867397105,-98.18537990970452,-103.84846155730231,-101.40602937432216,-103.5810308615674,-98.58257961178809,-95.98781429910169,-96.57944725421828,-96.82665063945196,-102.62574303302819,-96.1942570556773,-103.76777904523314,-97.48732327146783,-97.44219701600589,-95.68717549610517,-98.31133276887479,-99.13000205960647,-99.11682878245573,-102.12745838016079,-99.6406230667515,-99.09808236976829,-98.38589480976539,-96.7352347681298,-104.39106389165784,-100.95813559310862,-90.11997361004045,-105.48945048739623,-104.34404476882428,-100.75566058339618,-97.249374169698,-98.97954595772914,-99.055744246226
