timestamp,ap_id,band,channel,label,center_mhz,bw_mhz,duty,power_dbm,fft_bin_0,fft_bin_1,fft_bin_2,fft_bin_3,fft_bin_4,fft_bin_5,fft_bin_6,fft_bin_7,fft_bin_8,fft_bin_9,fft_bin_10,fft_bin_11,fft_bin_12,fft_bin_13,fft_bin_14,fft_bin_15,fft_bin_16,fft_bin_17,fft_bin_18,fft_bin_19,fft_bin_20,fft_bin_21,fft_bin_22,fft_bin_23,fft_bin_24,fft_bin_25,fft_bin_26,fft_bin_27,fft_bin_28,fft_bin_29,fft_bin_30,fft_bin_31,fft_bin_32,fft_bin_33,fft_bin_34,fft_bin_35,fft_bin_36,fft_bin_37,fft_bin_38,fft_bin_39,fft_bin_40,fft_bin_41,fft_bin_42,fft_bin_43,fft_bin_44,fft_bin_45,fft_bin_46,fft_bin_47,fft_bin_48,fft_bin_49,fft_bin_50,fft_bin_51,fft_bin_52,fft_bin_53,fft_bin_54,fft_bin_55,fft_bin_56,fft_bin_57,fft_bin_58,fft_bin_59,fft_bin_60,fft_bin_61,fft_bin_62,fft_bin_63
2025-11-02T00:00:00,AP_24_9,2.4,9,wifi,2452.0,0.0,0.0,-102.96101959618422,-94.19481272754078,-96.25627182215756,-95.22620191505081,-92.77049281082964,-97.9172433043926,-97.8462429322748,-95.41672540233313,-94.71518052538785,-98.43333909397623,-96.18530728642413,-96.24301591887057,-102.60685994299463,-96.6198015639605,-96.43297309472962,-96.44189842465327,-91.71327677245242,-99.60841449171085,-98.43488730979806,-103.79760699114222,-97.40376959470663,-97.14795025856222,-97.49095112518698,-92.63798757773293,-93.37916702917333,-95.7274494233823,-97.0728587568038,-92.88245059186363,-96.02029317569178,-98.41582971293958,-101.10976562863787,-97.28496307787127,-93.69708874466639,-89.13140352755495,-95.77618855761578,-98.25708614154513,-99.51591522103686,-94.30515490726742,-101.25486775333702,-94.30998429196956,-93.50788477739547,-94.65218123648562,-96.62000461199989,-94.26619763554378,-95.44820448279931,-98.29539112176599,-90.40978262905914,-97.01605773501576,-93.63376269483449,-103.21686244427136,-92.13160694784143,-91.55472836222047,-95.8715182348043,-94.28470649197094,-94.28547405136153,-97.88937030510638,-94.3196526798662,-98.38691100580188,-97.78729036712019,-92.58019016654733,-93.0370465240836,-98.08014610253159,-98.16174862668734,-97.89780940355723,-93.76310089678775
2025-11-02T00:00:10,AP_24_9,2.4,9,wifi,2452.0,0.0,0.0,-105.64460247806527,-92.0836749612308,-96.7455396332044,-97.82099796673212,-101.57372264862087,-95.91085007511373,-102.71768230100665,-103.34577182711242,-100.32126384671021,-92.78112974218092,-92.95091978088743,-99.9983132628169,-100.66719953265923,-103.5656885997446,-98.41051030150501,-98.1585642221009,-96.27593371547454,-95.91247993808977,-99.23686823105916,-96.97651885378652,-100.74651908160487,-97.03347487798321,-100.16629871261894,-97.26622693016445,-97.50909850220917,-98.43819160098008,-96.2609833235872,-103.35579969214733,-101.83935113272808,-99.45478149872437,-102.97439264108523,-99.86519602172939,-99.76849336329792,-94.71555111806518,-98.21700137119088,-95.55631374987364,-97.73957832163612,-100.25160429176147,-98.24345205482572,-96.45632347626875,-95.06439849873752,-99.04153266686856,-103.5871344096241,-103.79800925033098,-99.62384030841592,-105.65830698150918,-93.25928908085477,-96.85380278386607,-100.551603506557,-101.97354526009165,-95.56024519013694,-101.98551394501828,-101.69928276886843,-100.94244029814534,-98.3023402343423,-96.78221016062307,-95.06658577781828,-95.50968858122516,-98.64228135036105,-95.58303655679626,-100.65760131999434,-104.10720052145116,-100.6579956931968,-101.06338402089413,-100.5405636934628
2025-11-02T00:00:20,AP_24_9,2.4,9,wifi,2452.0,0.0,0.0,-103.9172167156202,-97.04088407220917,-98.19307233103503,-93.5056665339023,-98.19335501039579,-93.5013459670812,-99.98957841838622,-97.76310152475443,-97.70295300938172,-95.43045194872144,-95.81209343639902,-94.75054125085012,-96.11672490575098,-94.93327223578085,-99.61080850169961,-95.7508207149765,-92.09259893328316,-101.957195017783,-95.45019285071342,-94.88687738180585,-92.53365758320516,-94.73907591574957,-96.61626888914407,-95.62699712909009,-99.12233021930422,-98.08112093269344,-100.92432523472618,-92.45612817258753,-95.56674475876765,-99.66555409659404,-96.10314582763245,-93.4391735856372,-93.93883973925705,-99.70013255511941,-106.31873316325884,-95.73105846093107,-99.5778256111349,-95.05023419767869,-94.06640555061148,-93.57631738213006,-91.68299525768461,-93.20814596138828,-91.66857022926814,-92.7800356859142,-92.5185639935537,-97.03982113351351,-100.78519600931733,-89.47040595217297,-96.72835790997213,-93.2310925236975,-98.56804120869286,-94.02544938798329,-104.25210669074009,-98.14854688862306,-97.21244996579706,-95.52939041070464,-93.70114268581688,-100.19964548051115,-94.93731214885959,-93.23721578570998,-89.87948196735742,-94.7973327641076,-98.29573466006387,-100.73251068694498,-91.4296098220245
2025-11-02T00:00:30,AP_24_9,2.4,9,wifi,2452.0,0.0,0.0,-103.85635095626083,-98.21400653094287,-102.99766225590545,-94.4850809398411,-100.65711394819203,-94.14814301039357,-96.98542900714254,-96.47217481196773,-96.98345474669402,-92.69812766961192,-93.22802387645154,-96.9430251732247,-99.55336318550071,-94.08468364026471,-99.78007587050661,-101.52093482961531,-95.36130135079765,-93.20088119085115,-98.07160645964245,-95.64279789155654,-98.10337239147393,-94.69037091020337,-93.57126189702419,-97.6449465997069,-99.93916042942841,-101.22744276409544,-94.07928565888008,-100.2660504313843,-95.74027823265372,-94.52412975093328,-98.36025659191246,-97.35498350680069,-93.8592206137405,-99.2809323182651,-99.58548577136311,-97.55952461988804,-93.0226129700317,-92.02415767245002,-97.15270001758303,-98.99271584039522,-93.66400710850208,-101.86423770124225,-96.11351839381655,-96.98809173477844,-92.97486742568768,-92.6712953373457,-99.68393663010265,-96.3533168498359,-98.56816398298545,-97.73633311098105,-95.0041876325869,-97.86103332253663,-96.27457458667675,-93.98453446042154,-92.31086578487304,-95.99031052183247,-96.50305473514041,-100.17822143470637,-92.09895559392866,-95.36924775277637,-96.44767558280076,-96.60120328967075,-95.77439053559506,-94.54097948661862,-94.16969936586905
2025-11-02T00:00:40,AP_24_9,2.4,9,wifi,2452.0,0.0,0.0,-101.95364831746821,-99.89264167571069,-91.38542689029816,-89.39258174792519,-100.04149617969416,-91.7055466469569,-94.27799847225957,-95.9350614462617,-94.63509977422062,-93.62386660865646,-91.48089316046668,-91.63560472910444,-99.47443027417773,-96.89966507399225,-94.67295175474356,-90.2369921066948,-103.13612288325243,-96.78615453613959,-99.53732033822952,-99.0617809917589,-91.99644303113995,-96.54930509629708,-101.95474224153361,-95.42896546816654,-88.84606985208613,-100.37372190793961,-93.35483619105379,-90.25053688202695,-95.10191635650031,-89.16964735827185,-96.93308077435265,-90.615828202629,-91.32383665286088,-95.05124635373586,-99.41526078370566,-97.95883809224881,-101.98620958061976,-93.17119853792916,-93.53074678994206,-94.71599596160705,-95.3217898571516,-90.88087307710859,-94.0602538136394,-96.61758378908189,-94.51196354132784,-88.81113298717227,-93.08714764794341,-96.12340296056577,-95.08706564788018,-93.56351211509116,-96.21690642615677,-96.48228192183532,-94.98761422887836,-90.39637797192236,-92.58071877797661,-96.18223490185093,-92.34660953562417,-94.92792808194714,-93.91988327449984,-94.19277685311118,-101.28441924388123,-104.0959563017015,-94.27378405504294,-97.51223212097916,-99.87143608679132
2025-11-02T00:00:50,AP_24_9,2.4,9,wifi,2452.0,0.0,0.0,-104.52870573010591,-94.68784642938766,-94.38526605114485,-100.70176633389211,-98.73653476595854,-95.5277873231967,-100.94169207841396,-96.43317335381215,-98.50818168832666,-101.17897750041365,-92.19667897047584,-98.55300866405281,-95.95578358935104,-100.89222034956269,-92.87168643618955,-91.68654660211779,-102.03524285973735,-98.02238688807037,-93.5450384910846,-98.93400229265919,-96.3008089807022,-102.56974245549654,-99.89361302181507,-96.6135745270706,-99.29709133549983,-98.61031157659005,-102.07542829659407,-95.56650669176857,-101.54744051572118,-92.90662564297932,-99.57678090576732,-95.12659638633454,-95.42209252016049,-100.4839405806966,-99.25597723550382,-98.90102110304781,-98.69766515281275,-101.42171058251468,-95.92709801214885,-99.59494899890475,-97.8712278875143,-94.50964524663752,-95.81331443782359,-99.39262329049807,-94.40590903442725,-95.53208641093465,-99.64623998450735,-99.07084917879578,-94.52719335811469,-95.19267726265963,-102.03640148449843,-100.54548361489883,-95.4425682490589,-101.05182938335153,-95.11389221695836,-91.72134455066984,-96.4088369277987,-100.29767077824083,-96.99918853872367,-94.42486666492339,-97.2319744555987,-96.07719626594724,-99.92694474166264,-99.6997161485453,-94.81053483112206
2025-11-02T00:01:00,AP_24_9,2.4,9,wifi,2452.0,0.0,0.0,-103.25344584721545,-93.52388584327957,-96.68577123810137,-95.23723890185386,-97.07582068626809,-101.85811332290153,-96.62404971153279,-98.87444412570233,-92.0766386439738,-100.34597398681261,-92.57838945614012,-96.78976106897602,-95.03483947348485,-100.39319536987713,-97.17981654069851,-98.24730486077063,-89.94371841708173,-98.32148158954985,-92.79331595020659,-92.75135138341811,-92.83562610504647,-98.03507265799891,-90.83875736006823,-90.21690167183341,-95.15209718934678,-97.64964244151517,-98.83538577357444,-94.83816844940408,-96.05873897299372,-95.70530043678998,-100.29704947268732,-96.15459544899026,-92.82189995124531,-93.80789193042044,-97.49581164238313,-96.58057092319429,-100.65845054043938,-98.2492023911335,-97.27353096926662,-94.3532220957397,-98.37248976972613,-99.36140061594936,-93.98040858657403,-97.5212601375292,-98.77028010305,-93.81621016543357,-94.8770973389447,-96.87585944583452,-97.3072880348002,-95.11486129626515,-94.63714936018553,-95.62671071531338,-95.89152710410622,-98.07332059470325,-97.89355114094177,-96.76891955153111,-99.13674858033535,-99.48759142096736,-96.52264459212677,-93.28510829261057,-102.47217823239895,-97.42776136581112,-95.43589041165527,-93.03652912483926,-90.8537512090121
2025-11-02T00:01:10,AP_24_9,2.4,9,wifi,2452.0,0.0,0.0,-106.33697947196522,-99.23194708761812,-102.46638158385512,-100.78211073955545,-99.2783073592522,-98.97752395024831,-104.24024152183597,-97.23621195907198,-97.16406411512715,-101.56429232049976,-94.30313496265425,-97.96949018821913,-98.40316029186141,-97.28778577247546,-102.4359641623737,-100.39728929301448,-97.48417824775213,-101.73033380103229,-100.39430256460012,-97.53391260829927,-98.40742830942888,-99.27418817922155,-99.14926026041287,-99.86163888585396,-96.77865303315212,-93.06678901514283,-98.45896402425622,-95.49090716762728,-100.6471001468863,-101.38168459531127,-101.70155030424004,-102.09201131554076,-100.21758519291501,-96.67865266258431,-96.32817390272447,-100.86593705238926,-100.30875057780317,-99.34311306137404,-98.63469565307688,-97.57685285458027,-100.53441736496299,-99.93825038846416,-95.27292005020475,-100.17273850968391,-101.0608185139619,-99.59358172220186,-99.10253281478846,-103.95961625125582,-100.6680190141882,-98.07708578224076,-93.32348337917759,-100.92363602459582,-97.04234169858499,-98.79936086044535,-95.8569425952186,-101.19353059788898,-96.0274179430784,-95.13076215691048,-95.00314862274695,-95.05475598327828,-98.76437679817968,-97.58214210275385,-100.59571363720889,-106.0057712406293,-98.56935566637637
2025-11-02T00:01:20,AP_24_9,2.4,9,wifi,2452.0,0.0,0.0,-103.1052704274518,-96.48162267507381,-102.1941254694272,-100.64500809533808,-94.67726296750354,-97.6213561256489,-94.10961421004009,-99.75696064292883,-92.02051221715573,-98.91813236554522,-91.67571078074698,-100.75977979433347,-94.2952389787411,-98.89968376467462,-96.13186939304353,-92.8762489513935,-93.39996295637123,-98.57457026285549,-97.94297301711515,-100.82358862667432,-101.48122498823595,-98.60684682242325,-98.66945180082197,-100.6241574513447,-96.72116652407865,-96.20249592973452,-96.1451200403123,-98.50220099032998,-97.84247442162531,-97.05570507867387,-93.65412463509907,-98.1356098783088,-101.14137817430714,-97.06876434925636,-97.41385778894825,-100.95046847460955,-97.303131828322,-98.75999864871615,-96.33896917178677,-94.84585605349177,-97.7149711562253,-94.572086085477,-97.0235752001595,-96.89883577314876,-97.03269714182657,-96.68705820234317,-100.23477471530882,-101.59243450400207,-92.75143296646678,-95.47058936596817,-97.73315234574787,-92.9154935335708,-87.51206195351199,-100.60544136740606,-96.22212608775659,-94.103854530683,-100.99577707263725,-100.68506707852627,-93.24689315046267,-96.2679134002373,-98.18632429211128,-101.02735142711563,-95.1263971509439,-100.3097926884657,-99.16211102275054
2025-11-02T00:01:30,AP_24_9,2.4,9,wifi,2452.0,0.0,0.0,-105.41962620641715,-94.595775180438,-97.16680120263494,-98.488510011952,-100.30023904703717,-96.60297515438607,-96.69248789802405,-97.57067030246968,-101.73898676801745,-101.40036392696094,-98.70136169623594,-95.29398786733734,-95.69059224940868,-99.6169152792228,-103.90025612211495,-94.41386379127604,-94.69690808579784,-98.04785257384835,-99.70958194721109,-99.34121218755757,-95.62622575844759,-96.80894260375,-99.70365323759488,-91.81477719605454,-103.00957921612621,-100.22438400338133,-100.15733043131878,-98.10144653990123,-95.02250323644232,-95.93362037258332,-98.0395385098017,-102.40097966064536,-95.5541580734922,-101.82532152293508,-99.62508319333519,-98.6462662814665,-100.84203940502921,-100.90049406000176,-95.75923794693296,-94.05701028292559,-98.64155669699977,-103.75669884417967,-97.5780144418692,-100.50803005764753,-97.33787509825812,-97.53316143147377,-104.06442753549598,-99.59076319049313,-96.57055333815815,-98.6991862594165,-101.7087289727643,-96.45073112202505,-103.41603769728012,-97.71751725516864,-100.03678038919526,-97.11746141518947,-99.10401369998844,-96.96109948594464,-94.33627167166712,-96.33697829858824,-96.39136913606669,-96.6708730701434,-103.56991253847956,-98.17804723147235,-97.61047270659533
2025-11-02T00:01:40,AP_24_9,2.4,9,wifi,2452.0,0.0,0.0,-104.8488548775298,-97.58749040155803,-97.57665616284083,-94.42215703675276,-95.24360265903263,-99.06044540476404,-98.42798188322571,-99.79580073693978,-97.51968735746587,-98.51122352860214,-97.69995997439425,-93.4623088171792,-93.30745990283124,-99.72216469491059,-95.51840369314908,-95.88863263422427,-99.49666489427707,-93.61278559972311,-102.284693205476,-94.62211163175022,-98.1995728126205,-101.06288915089846,-98.40100006395454,-92.2149320278249,-90.31632186440969,-100.18485541286105,-97.9657483077261,-98.40675711273528,-97.90603819824297,-92.9739817659106,-99.02151442553222,-100.19464038299844,-99.1825736109137,-98.41081141926904,-95.53876532875938,-97.4716890966007,-95.85278490554361,-94.67300124371636,-98.6927526913321,-98.05865639178933,-96.3757445611302,-99.69762221182495,-97.71582308267547,-94.67319752343619,-97.48236047386249,-94.02277417450179,-100.58187511548275,-96.83445364766719,-96.11475444685318,-96.89886279063361,-98.7126777606902,-102.2255409732011,-94.4939620825931,-102.08154793047949,-101.85647020919133,-96.10507295487757,-98.95649364174756,-97.41786511968053,-101.69771842880641,-96.97429187576584,-95.34022328634079,-102.53248221485336,-97.0923096101519,-95.14192654677424,-101.85068049044082
2025-11-02T00:01:50,AP_24_9,2.4,9,wifi,2452.0,0.0,0.0,-103.29048745956871,-95.95721483526869,-93.8570236374988,-92.64250701032302,-97.87929052804009,-94.03930203510353,-95.57812175521924,-95.08214006672263,-92.58354273649279,-98.42226006611523,-93.9659025775395,-95.8198801653693,-92.73898208849917,-95.06026507135115,-96.74380693741395,-93.67678798743322,-97.99397253524569,-97.49166280243837,-98.54394192563714,-98.17083399175016,-104.49599616873827,-97.82256739897434,-96.51100110988328,-94.00946162024692,-99.05321827383622,-97.79189647178669,-96.81941303829133,-93.99404559323682,-95.75061622678489,-95.16703222937329,-93.64407674032098,-94.78181945966861,-98.0988690728263,-91.15926568856007,-101.9960420912407,-93.59556678079174,-94.97042051689836,-92.55782048338708,-96.9899727914463,-97.77938297011453,-99.59646908163116,-99.48093162202747,-96.791510030148,-98.81678328986735,-98.42480721201896,-99.47121141350492,-93.18873644942107,-98.45827325717383,-95.0853467093311,-96.66902063814467,-95.24943502235097,-97.07744805171409,-93.9658268273321,-94.44985866163162,-92.66231629944382,-98.27307764039597,-98.8308105789248,-97.45696984669496,-95.95011875022193,-94.70962805518256,-98.17070599999631,-95.6907538868774,-96.83848409723069,-97.08903351457462,-96.31672051365484
2025-11-02T00:02:00,AP_24_9,2.4,9,wifi,2452.0,0.0,0.0,-105.20819454614286,-96.31401800880148,-99.4617141346394,-97.6654074338499,-97.91181855647483,-101.94679647542537,-92.82654865997239,-100.85942859379628,-92.51365611875899,-96.56901755439783,-97.3901670904959,-102.67886639752899,-97.1818568061053,-98.45020721950131,-98.88997857440296,-102.11523234070037,-95.58069410285405,-95.44483667903471,-103.34239758910377,-100.0080728042953,-99.06873696251775,-97.18928586552127,-97.77848616046971,-98.42292282446698,-96.75070829102054,-92.60749402562375,-99.09381713729539,-95.11123724159604,-92.94842551836321,-93.62530784098763,-96.23346216828996,-96.24514397404351,-96.91774083997605,-93.13413014648137,-99.36914350134002,-99.3315140324125,-100.18523922477438,-90.88934922524453,-93.60489401927602,-100.01832289126192,-101.82205136367149,-98.80352998496343,-97.99570038856318,-97.44354301941601,-102.82445518037113,-100.42635178122843,-94.56221543380988,-96.37170690204536,-100.30416587095779,-95.30608089384687,-95.27563399333029,-91.53700522381267,-98.85632159787832,-100.22976320521227,-98.65482198088006,-95.42964282974043,-101.96959005501564,-98.19592803669732,-98.09172646257689,-94.22219481302655,-99.82028656002383,-98.64878634447231,-96.64013645609752,-100.05329966225293,-100.59798195248979
2025-11-02T00:02:10,AP_24_9,2.4,9,wifi,2452.0,0.0,0.0,-105.53294042316618,-99.50499190888154,-100.34573742421858,-94.36597492680986,-92.7752146075614,-95.5778982362696,-93.99313146410272,-100.42699145554455,-99.16888975658418,-101.11361771778162,-98.18903910680669,-101.20251656235983,-101.71219652739757,-106.72813160923472,-97.16131110744978,-94.99359987076903,-95.32515705250263,-96.22938433724408,-96.06737506321852,-99.4603426694047,-103.2738670285345,-101.76353722763207,-99.44854476701944,-105.04660118911245,-96.84377626995128,-97.28336423412941,-96.93521913468015,-95.7952718009599,-103.94559813227406,-100.91087654520359,-102.00930862935242,-100.2482936047812,-100.66096651184381,-105.02948199009185,-96.4606447957682,-94.49798312999596,-100.73971709415535,-100.4307225020469,-96.0092802115131,-98.75735984777515,-96.85527138474451,-101.57848961830035,-96.70535931638217,-97.35167605239862,-99.8878130842903,-98.67561467563651,-104.91320952553221,-99.36499405919015,-98.44751384949826,-99.78879297669954,-101.09652623700833,-94.38966269782532,-94.80664921612147,-98.40997184098553,-97.44654603378187,-103.97723686325793,-101.90057250334529,-99.92839054946785,-101.71270057522665,-95.51754066816304,-100.40456135482167,-102.15711249508928,-92.5278992368305,-93.00011672464586,-96.33201060863314
2025-11-02T00:02:20,AP_24_9,2.4,9,wifi,2452.0,0.0,0.0,-103.82833406463314,-97.95216881915746,-93.66442850952654,-97.27740599402603,-94.48419955365476,-98.75017774894687,-99.50804143674318,-100.77002366683966,-97.59445022023246,-98.94938714691602,-95.81893783231845,-94.794516125302,-93.73576841598639,-94.3605207541067,-93.54568935365397,-94.77586111424196,-100.20876539463829,-95.98989525664868,-99.00285384055854,-97.25495726091933,-96.97102588102153,-104.29529516806709,-99.9519207382665,-98.32961762360593,-105.21157264206619,-92.90203275936486,-96.4626786893006,-96.47990642197433,-93.76171269280465,-94.68860978881523,-94.68100252702395,-93.7519515803776,-95.92397330123377,-95.85319019116524,-95.48331604838702,-100.78716607410269,-103.16149871528238,-103.01589384574285,-94.72464800653523,-98.41763677624766,-97.6471081554048,-96.3509912449759,-92.56764735464454,-94.84567811270601,-96.22363631388622,-95.58484479499853,-90.10998422552048,-99.80296679760939,-92.65508697838501,-96.76073596833263,-97.0638566741927,-94.9495871043673,-102.35170991526081,-100.03185554201173,-95.65172620756123,-95.45366951791202,-95.11423679304029,-94.68883425457767,-90.80445122274035,-98.76086793807738,-95.65825574077823,-94.5836802060092,-95.70699163636547,-97.15381909780388,-99.16061540051192
2025-11-02T00:02:30,AP_24_9,2.4,9,wifi,2452.0,0.0,0.0,-104.85532492236152,-100.40640537490681,-100.55509068352893,-101.69429965401807,-96.44028081301248,-96.95364699395043,-99.122001433091,-95.59169087311668,-93.42222814897697,-99.97995025206289,-97.2257201113034,-97.22310036664145,-99.77905753860485,-101.7590508881566,-90.5061862241279,-96.82548352507006,-97.76353044143092,-96.87636613278181,-90.57936002683198,-98.50785754106316,-97.70954072964633,-97.67617094081913,-94.58266920153493,-97.04480998115275,-102.51116757715552,-103.15105008559995,-94.7508955957167,-97.11267217639994,-98.85359789198068,-100.23104630017622,-92.61445938086794,-97.16315854782093,-96.29150760889117,-95.40529978598532,-96.568546853454,-99.19122325752876,-98.45858274376741,-95.91587267293303,-95.19264934116374,-94.6826878353125,-100.24735998776087,-97.3073022640376,-100.2731988917785,-98.2164539898459,-98.62163224573084,-97.88030146271983,-95.08596052698577,-100.40661489863045,-91.9700294128911,-94.1080477819814,-102.69527230885413,-96.93196240503474,-101.35082565079047,-96.81737598398578,-102.16463623529725,-94.41264529820256,-94.27446169606479,-99.30222943152314,-97.37269027501358,-101.71918127781616,-99.5655532134426,-98.39147901110117,-102.61911907382115,-93.01840711155967,-97.50974340241807
2025-11-02T00:02:40,AP_24_9,2.4,9,wifi,2452.0,0.0,0.0,-101.44937894454381,-97.48437595429246,-91.07416671437191,-101.44550352669779,-98.31996776460169,-93.54481934776858,-94.59053381056614,-92.74686548854402,-97.18774038494327,-95.7438477647252,-95.0424431139459,-96.91085705059311,-97.80776821393391,-89.7693795616443,-97.60410864065477,-95.2287182631359,-97.35903244287042,-96.29539842240945,-98.80149936171821,-98.3234150813043,-95.5471233730606,-95.45713701906551,-93.65695825522951,-88.16451029716319,-93.79378864432341,-95.98058507414365,-101.55501970016385,-98.37423812162088,-89.17658691402377,-92.29605667683943,-93.51422382858104,-92.81165607073608,-97.97576422493081,-93.4200626469971,-95.17333862124049,-91.12245570230698,-94.91984327262487,-96.89409742524182,-93.54330232023062,-95.8064949230824,-92.70638271127083,-94.39819128107419,-91.52133792556562,-97.28821204009398,-89.78262145579102,-93.2716744679561,-94.37201602257358,-91.46467187168606,-92.36306998724393,-92.50506533208875,-93.09963546608617,-92.30915039663313,-95.18812089841005,-92.68386653971776,-96.06247266261667,-96.81619361347823,-95.97244732556766,-99.63128757198363,-98.15391707783755,-95.43085051480512,-99.28594201946814,-95.6339991795902,-91.95191507340938,-95.43288752436703,-95.63027050008382
2025-11-02T00:02:50,AP_24_9,2.4,9,wifi,2452.0,0.0,0.0,-104.52663431061869,-98.70765494624011,-96.12715252182194,-98.5397959181621,-96.78205136386605,-95.10795784724462,-97.90689573706413,-100.0497956149834,-104.723585778662,-93.57002012362192,-95.56537978902412,-100.41978827027741,-98.23969660930133,-91.71990162393968,-100.15735591368151,-94.43740795103119,-92.55237026008567,-98.51776347495446,-100.8247579654271,-96.83093931162071,-98.30000131804742,-96.7700058748034,-99.31050335539055,-99.2980717177894,-95.7807801120936,-103.49016896773139,-96.70969578655318,-99.3781078258218,-97.35562379778698,-102.52057986241067,-91.77784664750673,-96.97465557347104,-94.53457898085266,-100.77192116304896,-99.47415411248805,-97.30146192009192,-97.52383110133563,-96.42686052830786,-97.77116836124569,-97.81862084023139,-97.24377714445728,-97.91030596307537,-98.6049218796705,-99.2137261092823,-94.79059996892904,-100.28412642974158,-101.27435874788539,-97.54123924374058,-95.97884082934934,-87.01565964120842,-99.52466775800735,-97.20025671246037,-98.71362588708735,-97.39171128533393,-95.7026107729701,-99.91581519614785,-96.44598027847702,-99.97895252780212,-98.83381093811192,-95.05934797374921,-98.6315803919846,-97.95116282054309,-94.33752114229769,-91.0899170579,-94.37906541862938
2025-11-02T00:03:00,AP_24_9,2.4,9,wifi,2452.0,0.0,0.0,-104.4294279773246,-97.55610271367338,-95.59210612321324,-94.98837085785209,-99.90583324500415,-97.13202012362085,-96.97400500111812,-92.12467483399658,-94.75679655963594,-99.38746289785071,-101.16579094173673,-98.85784748720961,-97.275754670891,-98.24747448349305,-100.17588685531928,-100.0593948876537,-94.6831899362388,-103.10457432906814,-93.72987659344075,-97.33894927391296,-99.92695788114987,-97.35124507548952,-94.5667377110333,-96.65911634805511,-99.20222671011726,-98.82294899927881,-98.13187625280719,-96.07102073887523,-102.25611359637908,-99.05426935878576,-97.66436107290185,-97.51653904303406,-98.6313633280507,-97.1354931873812,-103.471259496742,-102.81144092192463,-93.17487552479344,-97.59078234366496,-97.96178621558612,-102.77004464743182,-103.68696788173416,-96.32429832256163,-93.55092782151415,-100.2968234127721,-96.61969907684009,-94.18858404684947,-98.41939003568564,-93.72541570632492,-98.55767143479962,-96.67870865554609,-92.17737061597285,-95.28772397778405,-97.86653876333705,-99.3221478102735,-94.1852282648736,-95.66034033184883,-95.4326584355647,-97.0002354550099,-94.89543416769816,-100.19740264996993,-99.61821716518158,-100.17445399984989,-95.60107539571028,-99.45255848092219,-99.81425707354147
2025-11-02T00:03:10,AP_24_9,2.4,9,wifi,2452.0,0.0,0.0,-101.05632382571673,-86.74296596088358,-98.23090878340165,-101.04288438262834,-90.3901840690338,-93.7989219812188,-98.68572997196415,-93.90346252167656,-95.28207316163088,-92.84173899799943,-94.79827785437682,-90.1470198992889,-93.53696113517391,-93.2036546121355,-94.61012750736684,-91.96417114127334,-94.38869301722336,-91.02355597281635,-98.21817856146163,-93.68330069400163,-95.79679471630858,-97.00523474738026,-98.02101337011638,-96.63476760948974,-92.96654562083604,-92.69164165728017,-91.63972047787648,-95.39133417075469,-90.97428996312006,-94.23716112887679,-92.04482614319357,-93.71758355940847,-96.25307952574273,-98.2777480803664,-97.6370471853497,-96.94263582674553,-95.53032981074823,-92.11790916052358,-91.07329928314297,-90.85777712002348,-103.4394107982161,-95.44831173221809,-94.84952620216968,-95.30600908376279,-99.20508251685463,-90.9780952715369,-88.59583970962431,-95.0826192503071,-87.41736619828231,-101.0148331693698,-97.36826918515483,-94.85402030491343,-92.11251549350906,-93.81071295431204,-97.33701925223694,-91.84177577302688,-92.30925266479038,-95.677901927085,-95.18446892195443,-97.43827921975922,-92.4529559075656,-97.6211149241391,-97.96620398107608,-89.18273158828569,-93.77790690927219
2025-11-02T00:03:20,AP_24_9,2.4,9,wifi,2452.0,0.0,0.0,-102.2879405567955,-93.59204890952594,-94.77579662078239,-97.1812564611501,-96.03301231060973,-97.3886421889969,-92.12049346933384,-96.58713028283971,-91.97764872945672,-99.51215340833592,-90.73763666529337,-97.54319427068974,-96.63292835363173,-94.53126338369708,-99.48969120456152,-95.3706954998156,-96.6961030027341,-91.74816980538422,-97.25367039603638,-91.10110694466024,-94.94703533811189,-97.71098581261808,-94.48876448621137,-94.8593462304732,-98.49608323657401,-96.68215474495163,-95.06720306844177,-91.60542211485966,-91.26929781372537,-96.28624731682571,-92.65953675442219,-90.24905254527248,-96.66368950142812,-97.07657626036486,-95.79842552032633,-92.48592477603677,-93.34092417652211,-95.6362560771398,-93.59106834538774,-99.62673563438784,-98.72147328580382,-93.11731270206332,-101.28075977215713,-97.50100289195598,-91.75476778612251,-94.3905502318626,-92.6111020544022,-95.53950122047806,-87.80654000958693,-89.84654240545326,-96.94803739242346,-102.86999037434438,-96.84856608392113,-87.15857905196066,-95.12147417077071,-99.37971998590365,-94.40692728460117,-96.50034727956734,-98.5603457947036,-100.70800749218839,-97.00251618028977,-95.74370898597589,-92.19865331153893,-95.370733715351,-94.7826490953957
2025-11-02T00:03:30,AP_24_9,2.4,9,wifi,2452.0,0.0,0.0,-103.70946112070848,-94.49633518881087,-96.19758756834366,-95.82938796737585,-96.25252935641426,-93.38468167243852,-97.92282004813072,-97.33485444099794,-98.13086166093193,-93.31189847132255,-92.9924891038944,-96.43505009995839,-95.87266595712282,-91.79104110681277,-94.73534980882434,-98.95307850421582,-98.65926901378096,-95.80083283556039,-92.35575254903483,-95.00457194291528,-98.24178805247756,-93.01639084973071,-98.11526532348363,-96.70145036197347,-89.2934847221394,-98.06452896593036,-96.22691784368543,-95.5821909976617,-100.22757158918357,-93.57422922558473,-96.47463786200014,-95.49230059475268,-96.69903090985082,-100.03014086950431,-94.21904878630035,-92.71239956931527,-99.89328367021581,-96.30503229639004,-93.4107191572346,-97.3949245303531,-96.8614324529959,-95.53658134441379,-97.43697449968032,-95.50268631063335,-98.40628962186894,-95.80249033730016,-97.43065931752169,-96.0796600398629,-95.10627175032472,-98.72879403994425,-98.36826008645248,-96.50245865561222,-100.25422224237465,-98.2237826101346,-99.72230771125552,-96.86580745306924,-94.68938390709253,-93.79743976232685,-92.5469434497358,-96.12419687444651,-100.12260501352678,-100.2342221489728,-95.41192171261733,-97.73989135803762,-99.24029988800459
2025-11-02T00:03:40,AP_24_9,2.4,9,wifi,2452.0,0.0,0.0,-103.08482303730804,-96.06336122680112,-89.61990185978148,-96.37904284046047,-100.30665662981988,-92.71911100503551,-97.50370568409407,-96.60621442721992,-100.2535095628082,-91.8294460585413,-92.50315842418806,-93.72367250407997,-91.70475845866784,-94.60393771022976,-98.94790342574713,-99.1166370104523,-96.1561494762357,-95.84294495873175,-96.31030502888528,-102.20287402201801,-95.16065249238437,-100.34205736234524,-93.49350392729792,-99.88944128832892,-93.10766738806201,-95.47836642063571,-98.74249097740906,-94.66975106202425,-91.87867231197922,-95.12321292214183,-99.2607031605968,-97.44686707864118,-97.25590966642176,-98.41143428993378,-101.2875370541361,-90.39931284679916,-98.30008639069224,-101.26045401579273,-99.96352394658747,-98.56097313039577,-105.80489140875598,-93.78735046363265,-94.38854462414714,-95.48651954243091,-99.86137074229323,-93.69997587606072,-97.03543480409873,-92.0088515760446,-102.53884780026489,-98.89948635287841,-99.37566090111811,-99.89368470729445,-94.5533584285181,-92.5198127816456,-93.82668346437806,-96.0662279596553,-95.30654769034764,-94.4493332375122,-98.80039095505737,-95.5095550419212,-96.53358908007881,-101.30439126781211,-89.48033394360255,-94.96643921446233,-99.15211693873891
2025-11-02T00:03:50,AP_24_9,2.4,9,wifi,2452.0,0.0,0.0,-103.44235981368824,-100.31495316639935,-98.40746879573187,-96.4297532697175,-98.52960738581946,-97.38855939741552,-103.04402961551554,-92.64050492944894,-96.2016205593803,-98.7887336709122,-92.48955612556907,-100.71434584604742,-99.37332437116154,-97.98726354641842,-98.57367109292794,-97.86540263873796,-94.63065085142233,-93.66627808358335,-93.40745539338641,-92.27900535597259,-98.61337231820454,-95.16910749945043,-98.62878160498313,-98.6965324337643,-100.96766364289783,-91.81273534100339,-92.63050339481084,-89.55434852433814,-93.98114969316684,-95.07977086455931,-97.81631860732217,-92.97183742998531,-95.12590648403115,-100.2309952917042,-96.07021851890305,-100.45328125679434,-95.33215339905722,-93.60814393698541,-97.38685313048232,-98.67131733595029,-90.55720920064718,-95.55394348529364,-94.63909847878476,-95.34662004574773,-93.41085224835237,-94.20147329441133,-97.03142326940096,-101.3536078666533,-98.0871058285947,-96.10556874829109,-93.13542892699749,-91.72112718276831,-97.11384727567545,-90.59886874173438,-94.78336672195766,-95.63609443102929,-95.50682730416466,-93.9947703479277,-96.0954795970616,-96.1439522906651,-93.47307606823631,-92.83012958592253,-96.21273523055578,-96.49879672701586,-98.75383441577644
2025-11-02T00:04:00,AP_24_9,2.4,9,wifi,2452.0,0.0,0.0,-103.13354036377855,-96.11916524590418,-94.38260829824354,-102.0934697521571,-102.18759147236406,-95.31456979711783,-101.3111825659571,-95.89085431247486,-97.61577350476414,-94.83538574575942,-93.16954652168366,-100.21419546939718,-92.13980482614248,-96.29146128596831,-94.04392235289411,-91.41977408135,-94.84444649122628,-96.78608616432408,-96.42711109719093,-95.43812576190622,-93.89211868632546,-91.6636161426551,-94.24263544035162,-102.6334426732734,-91.64676605346784,-95.4387446070643,-93.20716484480104,-94.96837401537388,-101.15177180093605,-102.11242688642929,-98.63398268227002,-95.66535359305594,-99.59429888638311,-92.81692250744308,-97.95589620665295,-94.94652917769754,-94.37592498537768,-96.3206527763325,-98.54456142508933,-97.0263027340655,-97.8300353951373,-98.41123240659562,-99.24806888726464,-93.8894081665682,-90.85540401605891,-95.76987834865544,-95.13379417392784,-96.71674254059418,-96.99730550144845,-99.08114235777761,-93.2026218052408,-95.5732665390881,-94.76380484647544,-96.7527832295461,-101.31311765216822,-98.5607600064673,-94.88114759371858,-95.3169783753445,-95.97889003694397,-94.24622846658227,-99.5391464878014,-93.41317625456621,-90.68156409211426,-92.88047115685323,-97.01130286310787
2025-11-02T00:04:10,AP_24_9,2.4,9,wifi,2452.0,0.0,0.0,-104.20608851548027,-93.97366697439583,-105.76186070569149,-95.61717891970143,-95.5787791956743,-101.54261996350523,-97.46740745978003,-97.07234968749145,-97.67419023693911,-97.65644518960107,-101.61871205700767,-98.76229100619895,-95.1810815713109,-96.6606030136233,-99.22873888701176,-97.47823315209874,-96.95148136969199,-98.22454401628711,-97.2327290554509,-97.73159595336239,-97.95047313601638,-101.17879887727274,-94.02194469617535,-95.51438050275658,-99.91355409817243,-95.62667292896892,-94.29803018643071,-97.68249426588804,-95.37371206408349,-98.38855455493352,-94.48300183520224,-98.49137174922156,-99.90163996382604,-101.23904872849619,-102.31734346428789,-89.67145408191858,-100.39226159287804,-96.53352624500292,-98.45596929318823,-96.07994035469164,-91.09756994015781,-98.07331864275527,-100.17159925636578,-98.22684524552307,-96.4905052204259,-95.70831915985198,-98.17710575468091,-94.31671712562479,-97.82969973146798,-98.1283256052347,-100.20393099096103,-92.07540949110714,-98.86387124442591,-92.56502462438125,-100.11208045723205,-99.34178961122907,-96.70776498982784,-98.74650654534464,-97.92089889041003,-102.87344358079773,-100.61491225122073,-95.80683201653194,-95.87629270441589,-100.12031658925109,-97.68784612209693
2025-11-02T00:04:20,AP_24_9,2.4,9,wifi,2452.0,0.0,0.0,-102.44008855139612,-98.72633638948447,-95.08937892761395,-95.96535705509895,-96.09487224443664,-98.90668837554226,-95.33865511246378,-99.57289519923272,-90.54615807213864,-90.66187026035945,-93.46059842727223,-91.95945990835006,-93.68749955519911,-106.28172945753445,-98.68929826617871,-88.4355629512986,-92.94236079659609,-96.76638639776692,-94.77518197939933,-97.3807723784966,-93.5649080944183,-93.40202252046525,-94.6136237495657,-93.92314523948056,-97.9932490779077,-96.79319643878516,-89.81084214796131,-93.58749918927184,-92.33642912240838,-94.64823297617755,-94.53974041628119,-90.788793537672,-99.84520831557833,-95.03682824930328,-97.64419433595415,-93.05317662428425,-90.24570895589441,-92.73419298699949,-95.95099925155874,-93.40612071013364,-97.297421244766,-98.20535759178122,-98.22760481566186,-100.4381078290029,-96.11273935406248,-92.97783625758012,-101.20908571277037,-99.81440464414142,-93.8729407725892,-96.3298112391173,-94.09967013828499,-95.98705574750394,-97.43093112204923,-92.3370446352652,-94.53962851069089,-93.70455179991416,-97.97094121092535,-98.89577758674517,-92.48909188477053,-96.04868444423897,-90.20018590112518,-93.44675847642398,-94.21096328314721,-92.9167892251552,-100.98618620545793
2025-11-02T00:04:30,AP_24_9,2.4,9,wifi,2452.0,0.0,0.0,-104.40493985856895,-92.76147469939787,-98.79200690919785,-104.51056121061387,-95.78621296105035,-99.6665597037163,-94.91551909113906,-95.90893059992878,-101.69616029216438,-97.0854944936529,-101.3911862084057,-97.33885179806809,-95.81006344473397,-96.23509233993096,-94.40272583860477,-98.15728837021815,-94.8111428643645,-94.90416884600658,-99.95019546197989,-102.39671774549691,-96.28308033999431,-95.9028138219325,-96.60111978821162,-95.62750133572388,-95.75354524133262,-101.01110833510802,-92.74819060121182,-107.94604047773223,-100.53237738569341,-92.58967601278103,-93.60388487953449,-96.5101126846248,-95.26150583675141,-101.54970482278196,-96.69536606127711,-100.56270373324853,-92.43140696147832,-96.22604434080762,-98.09310321468462,-93.60504567166141,-96.4941521657002,-97.15434415009203,-92.8868779977616,-98.49943695415847,-99.19367958348202,-102.34948472264645,-99.59509630525257,-98.7312369787221,-99.1075848925674,-101.41954358218267,-95.8071452624835,-96.91702908471215,-97.92257326355994,-102.52467015010863,-101.33955484419569,-98.55119296824698,-103.53143200257247,-98.41124136628419,-95.44181765645159,-92.74785759500786,-99.44386235653643,-100.69435464166696,-92.44877371200437,-98.6161922633184,-98.09883596170964
2025-11-02T00:04:40,AP_24_9,2.4,9,wifi,2452.0,0.0,0.0,-103.66784539796525,-98.64516963273155,-91.66798092609075,-90.39297425691056,-97.5592016947902,-98.80538412669118,-91.86939800619847,-99.23505675537561,-96.39603719332588,-94.76369309888459,-91.88086883633622,-100.18280680688875,-98.77567270125944,-97.39462989746852,-98.18406943552169,-92.10873690194634,-98.26513588544243,-99.35630421601931,-100.53095498930281,-101.0188778333209,-97.02378747337919,-95.50048521845419,-102.45393349232403,-97.17686366976513,-99.05957001043359,-97.69477228855507,-98.91482185322475,-97.10883836455497,-100.97990160550498,-95.64124636219046,-97.78688728926531,-93.5529172120801,-95.79551860684664,-99.0457815170264,-95.65639512423934,-93.51575465406239,-97.61327945961656,-95.58829519413412,-95.97695036005193,-95.67389214151885,-96.10457601275553,-100.89637963266088,-100.42626694281108,-101.59107574574702,-100.27199039605428,-96.20116905127799,-95.28909784150379,-99.61492485352719,-100.27238240328774,-95.42510072320397,-97.65136276878894,-101.12188445484082,-90.14770828943955,-95.96214921173409,-95.76384373065981,-99.21806006320595,-92.65947288039271,-95.29854493677753,-91.92541047025625,-99.28749371489486,-97.35470123600724,-103.37787246891891,-94.3089332034107,-95.46918171385366,-92.36750288683261
2025-11-02T00:04:50,AP_24_9,2.4,9,wifi,2452.0,0.0,0.0,-104.48372209892162,-98.06623091582033,-95.87250149758042,-95.52520886687216,-98.01328995523131,-89.73376736461735,-99.26378148083828,-98.34497676461746,-95.1706227652211,-99.90923452734347,-98.89269921564639,-96.05794639765269,-92.18931898196539,-99.72380795366468,-96.82967481294533,-93.87555899446775,-98.19209176617555,-102.28199692805039,-97.59859237551511,-96.21514849417112,-96.76623480745792,-100.19980174022906,-90.16057708051679,-96.62762681707007,-97.89067368083779,-97.78313791718183,-98.28451603847402,-97.14831859282539,-102.1672478196396,-97.63803606153232,-97.5654151140738,-100.13704566904794,-95.6942943917816,-93.27915447387632,-96.03287916047593,-101.71985600415034,-99.275643110383,-95.43483685499324,-97.22165895144414,-100.30569025163368,-99.11764985409694,-95.79022181374735,-94.85165410814903,-99.06731710983874,-99.75097227742572,-95.19367618963527,-94.8111747483147,-100.62801088470427,-105.83792439529061,-99.55858398108957,-97.4609059768471,-101.83041607795106,-97.27131307550238,-95.40245434939435,-91.79957995065526,-99.86821564046963,-99.53559781763693,-95.3700773778199,-96.9008117357201,-97.88524818495509,-97.98498329701397,-104.51570510367566,-103.36590776299013,-95.02507783107144,-98.80334653692464
2025-11-02T00:05:00,AP_24_9,2.4,9,wifi,2452.0,0.0,0.0,-104.3844265256403,-92.54609424122884,-100.11673618322479,-101.8375068015552,-99.48167941626822,-100.53499670851747,-96.32897898591963,-101.08879280214005,-97.08340466233378,-92.55930967768936,-95.67455436842275,-95.93358551389696,-97.61960387424654,-95.40955743808826,-93.43146772862842,-103.82943201347607,-101.15051728677453,-96.09125874262787,-93.43653279248225,-94.39119813961324,-92.12918681106615,-96.39771939087534,-97.19370158174651,-94.02905641399393,-94.91926964908562,-94.04426044822699,-103.16895806858209,-99.1059616659399,-97.41579665893131,-98.88301178516429,-93.02747532774941,-100.62490748650809,-92.72381297703788,-102.30771880827238,-99.6355901836011,-97.58723671915412,-94.36570861595536,-99.97864908528288,-101.9729501150735,-97.30655416105427,-98.04645415438478,-96.83611596945877,-99.31383020627435,-100.28981754725771,-98.7111333604309,-99.02847290512695,-99.61823971044628,-98.55812066504497,-98.300239428748,-102.4960774258298,-98.10288424162503,-102.0368356973083,-94.7031581363231,-99.61675083390399,-96.1927900342041,-97.59291022341857,-97.71729959948455,-99.8048188180348,-97.42119089485303,-95.36512895285605,-98.40157520379032,-97.383682901955,-95.56716313661029,-97.60016718980889,-100.92363317090354
2025-11-02T00:05:10,AP_24_9,2.4,9,wifi,2452.0,0.0,0.0,-104.47607956034683,-94.80681174646251,-95.6408876062911,-103.74542765257365,-101.37420624372172,-98.04442296480822,-94.76519039658199,-102.46149153421564,-96.26493473433831,-99.6841714219472,-97.59284995304778,-96.94820693135276,-97.25649346506846,-104.2844394141867,-88.23174261081712,-93.75741707690669,-96.95537481658839,-99.3598621344565,-96.93989092118898,-99.57203522202707,-97.74066742443271,-94.07245960471697,-99.10623920506596,-96.29370574903014,-94.3601712262874,-94.84415323795884,-97.04090302701104,-99.24643065416885,-92.42904328320327,-93.02122397194962,-99.09199050962621,-95.91827970990586,-100.05786886541651,-99.00415729412153,-92.33991075362857,-99.12452356121682,-97.96811621682951,-96.00043149227879,-97.19649199550555,-96.48060315243103,-95.73867999631469,-103.83159640842923,-95.88146980579462,-97.32502366447616,-105.3247730100232,-99.12071667229606,-94.9995583235972,-95.51026954440161,-96.92625515919049,-99.57888883676947,-96.10918062158697,-98.75636255703387,-98.11865697215725,-102.29371746931507,-99.96599814052153,-94.64586250140357,-94.9170707034263,-98.62976026581298,-100.98219963834275,-94.26940897685654,-98.91201322705689,-93.63496821402532,-97.18063267800298,-100.36646162624807,-95.6876778994677
2025-11-02T00:05:20,AP_24_9,2.4,9,wifi,2452.0,0.0,0.0,-107.70752624383479,-103.47399770331573,-103.68817419473216,-101.5257052269239,-105.05687834920165,-105.2889194179139,-104.93555108119142,-102.25073262300639,-105.23379442616422,-98.06013640190334,-103.85423137451636,-100.59989386010464,-99.86819628669282,-98.63443015431803,-101.04503478725499,-100.75242397135676,-104.80831070483835,-97.65970533706431,-101.10466554731279,-103.12619056862965,-93.47428286149216,-98.75437458302508,-97.80682574528338,-103.49370409343719,-98.69943951651678,-101.08920902366457,-106.33446094039833,-101.97467168998041,-102.77725804196247,-101.519221597354,-101.48643727828272,-102.31506120778091,-105.73128642199949,-99.46571215302231,-100.60923926414713,-98.35243300125252,-106.18040311605033,-97.85895547330902,-98.05964560645126,-104.18424299776203,-99.87147930022319,-98.9368262925397,-101.07704423851388,-98.05311303864954,-95.16841029700244,-99.63503616667828,-102.1615976645621,-101.0063243181608,-97.65050162862687,-101.00269336134231,-100.9107594284532,-102.47534133228929,-100.32515193663457,-95.38137037079649,-100.25978445860487,-98.03859997359186,-103.32011382721889,-94.95953067634524,-101.53303158650196,-99.47921168849463,-98.48861669152758,-102.14620379659796,-92.801680557127,-101.82920642526133,-100.49034317791978
2025-11-02T00:05:30,AP_24_9,2.4,9,wifi,2452.0,0.0,0.0,-106.14559187340599,-97.78923363124557,-96.11213519284973,-97.41174407020014,-98.28969906250103,-104.71274062688038,-101.05418339858518,-99.79947533625175,-106.58076229444535,-94.64619612522146,-100.65010343146336,-98.47294470058898,-99.77663087418638,-97.64018782984184,-102.35694512012049,-94.46535525286882,-97.94512129241889,-94.6447512953158,-100.2798772123498,-99.02079515145805,-99.81036886982966,-103.0312241370231,-95.42772870297071,-100.31977222432444,-97.79737963843439,-95.09361028360497,-99.38302138772677,-102.47881973176784,-98.18269446798328,-96.99617696958241,-98.74437461656453,-99.76221792684989,-100.05873518202998,-105.65448675788558,-97.14434634894256,-96.09071689805496,-92.96899674550298,-97.91308871178806,-101.6583120541588,-102.61514081121638,-97.99399333529814,-90.43445006020791,-95.35305414417196,-95.93051551746076,-104.30522182885461,-100.73313116273255,-98.38725515034095,-101.17445034630504,-102.46410303596043,-97.17548651588999,-103.13752432517036,-102.0047185411996,-96.73243340661952,-98.70522355280745,-99.06478399292027,-100.01384268843258,-97.16525785876425,-97.20563635667791,-96.64954034495668,-99.75484996816454,-94.10342438224801,-100.51869639640252,-101.1521311525303,-94.91838254652941,-93.44703210500678
2025-11-02T00:05:40,AP_24_9,2.4,9,wifi,2452.0,0.0,0.0,-104.160322634653,-100.05006338945705,-96.02164374766569,-100.39124455347343,-97.02496453770708,-96.63342393827817,-97.93990876110774,-99.51982117895531,-96.60752447487768,-99.40106411946172,-96.79310242773207,-97.010783580894,-91.05433908960313,-95.10510712249764,-100.18912146703475,-94.06603154218759,-99.75066298634272,-91.40555782737584,-98.4045322540601,-91.60776061957161,-96.42370323417181,-99.3783652957153,-99.75127684440076,-93.5591183410543,-96.97632007843053,-98.79546302854426,-96.2013800575992,-93.89530968849931,-94.01164486048106,-91.97720507851211,-92.32714242267232,-94.11890205025675,-97.1129176133148,-97.70076026729784,-102.9255628831822,-92.0558855293214,-100.09544434660104,-93.59197408175042,-95.73480623653401,-94.99169588213257,-93.76290725837534,-99.21980890034459,-99.33577184946462,-96.74178856818519,-96.424200382601,-95.59765189693452,-96.1584081261001,-98.6952396610218,-96.25612883438289,-95.5412987081339,-92.91746913239653,-92.61574920273483,-97.39937299187376,-94.52461429081511,-92.00146329302432,-97.94471648350041,-99.34039014457537,-97.80710215852793,-98.19954017047428,-93.39086573400387,-93.04714131483573,-91.64660711249567,-95.47929821564914,-93.79120646889771,-96.00742173707486
2025-11-02T00:05:50,AP_24_9,2.4,9,wifi,2452.0,0.0,0.0,-105.29913766844297,-101.8117997333159,-98.72644162541255,-98.22501891667766,-94.6185485907871,-103.63043209750822,-93.43834515881778,-98.53038788322581,-96.22717202035497,-98.76600374159479,-98.89515561844728,-101.12457302346338,-98.14275892780718,-97.36313831764213,-99.34037643659607,-97.31406931873143,-101.11570895484392,-101.29127567130433,-94.05888370638246,-95.96781258121536,-92.48314015877413,-92.61213263198925,-97.10055282953569,-99.79590945003388,-96.63011850545223,-95.38740869284682,-100.83245883546465,-94.66429772422224,-95.13457704618156,-102.1908878784141,-99.25553536374964,-99.05264986124058,-99.24082026411216,-94.49623017343045,-102.3973141807289,-98.93380554402925,-98.25392100621355,-96.75402121306487,-101.01099597260475,-95.7376176492267,-89.73575129780247,-97.79689015789278,-94.76321636924547,-98.48559202605192,-99.71925538518308,-93.59597838790837,-97.71840717714838,-100.04017439804754,-103.73911703919072,-96.13371614717482,-100.70973238162554,-104.01584131171016,-100.37790660928317,-99.57535932628149,-96.89490902836233,-101.33492757815846,-100.6390150441963,-101.29823305790106,-95.8900845805183,-96.89635521007493,-100.81533128044646,-94.52391337085731,-97.26208124653888,-99.07853063204034,-94.79895712442078
2025-11-02T00:06:00,AP_24_9,2.4,9,wifi,2452.0,0.0,0.0,-104.52919045213899,-96.4205285189496,-98.14396856267248,-96.65746225278261,-99.93554787302939,-96.0846373089174,-100.21503482840372,-97.8180897542855,-96.26334969499997,-95.12307663065917,-92.63820199078268,-95.04875626673636,-97.63128747578291,-96.54927717776303,-94.60315264991551,-101.75243676139254,-96.71275622788671,-93.97982770623221,-97.86428776418099,-96.67586658878773,-97.27764379255437,-96.55234258151418,-96.76948698353773,-100.44280777348465,-93.86183379090144,-97.85844297094005,-101.32160044407634,-98.00808480731041,-100.17263126869105,-91.47693204237116,-99.46526651914893,-98.11534226463802,-95.20150288777839,-102.9817055117427,-97.8443112075987,-99.8309175061124,-95.20085522829275,-96.19498654580805,-100.1970718042871,-98.5091881007128,-94.51743162893219,-93.9066494022753,-101.94738004078138,-95.86608322011531,-95.12842145129126,-101.41264026664382,-95.06599266704525,-97.05685020270798,-96.62719271567119,-96.37658787508634,-96.36539551227341,-98.23725493375898,-89.90607149365556,-100.6940037464432,-95.58305470009061,-101.40975830840081,-99.69724139242167,-95.90910076014902,-95.2839111693329,-96.53336181783158,-101.06928381940416,-97.9736711977976,-94.37608430416078,-97.36367433680658,-94.92289742473636
2025-11-02T00:06:10,AP_24_9,2.4,9,wifi,2452.0,0.0,0.0,-105.14730772126934,-97.66495852814298,-93.89603260479426,-95.15733349876876,-96.84890669920091,-98.2222994832327,-95.58147235997166,-94.5792594070568,-102.5826111816996,-97.4490952713962,-98.01714848660635,-99.41448435920526,-94.17256747942618,-91.25847528451314,-92.78796473964542,-100.95026116812981,-97.74217291524094,-97.66574101658628,-100.00767973356909,-97.23117666980326,-96.11684622307223,-88.98722671359512,-100.19599165737209,-100.59325596536183,-101.37071311969011,-90.91834602127051,-97.11636100954189,-99.78215322559305,-100.63457972103602,-97.66185049566485,-94.63378096612098,-96.16793884475547,-104.87027214601405,-96.01769081839281,-99.79782581460549,-96.03223635752765,-101.63991218172256,-94.0863055748595,-99.328359987524,-101.99620749973442,-100.69289760868298,-100.60754587783396,-105.4156382957483,-93.62721111141957,-93.989092618874,-92.81085977168605,-103.30124475897452,-99.1196508714622,-101.04525823611174,-98.92923684752783,-95.10390649957436,-98.57345640771908,-101.10908113774315,-100.29898135810626,-99.70705491481671,-98.08621789778584,-96.44277811729476,-95.03442725012606,-99.94006223485405,-99.85815322446749,-101.23193549133578,-100.15306385924771,-96.72974154112421,-97.30008289978848,-98.77333103130324
2025-11-02T00:06:20,AP_24_9,2.4,9,wifi,2452.0,0.0,0.0,-102.72415155800904,-102.56330287815354,-95.7577866912229,-96.01222702693734,-95.9267225188718,-99.24458394364204,-97.46038159882454,-91.09664764571588,-92.04961391411304,-99.31714466820489,-98.75008161449321,-100.32804884110925,-98.8087498931973,-96.10849701729165,-98.10808543705033,-93.81868035888797,-93.20057401913219,-95.80036185578429,-96.76906782283434,-94.77405041526771,-99.03283099421805,-87.30479090812504,-91.03954364923413,-95.1614406229206,-88.53768204202215,-98.59231983523505,-90.80512864945715,-103.27252136828176,-95.85899800920822,-96.37577327697542,-94.34339419326948,-97.49552622979225,-97.71829980639318,-94.45513979640644,-95.83839671612677,-98.07301125704413,-98.24981223027707,-96.45712039356907,-94.4437731106071,-92.89113715525467,-90.46275821023228,-99.88641281844266,-100.22821758746771,-94.85864889507776,-96.79972327196317,-93.33812641824048,-95.59812758431195,-95.63945669415493,-96.78026300638645,-94.41200095704437,-93.4447502155371,-101.6235741210016,-101.64186800914557,-92.11932388538226,-100.07595214985137,-98.331356159936,-90.27977335378449,-94.62507539308396,-93.57651349415502,-100.92279236767897,-92.85273057266045,-93.71683648895626,-96.09871989873456,-96.42600867077654,-95.53652303199428
2025-11-02T00:06:30,AP_24_9,2.4,9,wifi,2452.0,0.0,0.0,-105.10888171499923,-98.16249835553086,-98.21374665835943,-97.5252630264877,-96.10729274486806,-100.4935632264603,-99.69727286835001,-96.04705086803126,-99.83100614655928,-102.95849414087489,-93.08389669844016,-98.21990273283666,-97.98472452379006,-103.90803071153267,-99.64991237120263,-96.7892220933288,-99.53489865814959,-94.05798044943919,-100.8283792196906,-90.3397549352317,-93.14888626314342,-103.85178120171511,-96.39977832446294,-97.73771882676635,-96.52150797995351,-95.43370048492996,-97.64394576434796,-96.00071534172655,-95.66981848593123,-95.85310679574852,-103.90698811176138,-102.97914015606794,-98.07671967541188,-99.1549902071548,-96.24612790484379,-105.05037635009252,-102.5077140230636,-101.38586227308781,-98.48910402564798,-101.3338160011239,-103.87222606717472,-105.04280874253365,-102.04766355407781,-96.63247633661456,-99.2562355429282,-100.62114117741116,-100.56409541535594,-96.24754579048155,-102.7816477486799,-96.85137747092324,-101.51637977076757,-95.97215028297333,-95.46576296905825,-92.50905474380342,-97.51528898864545,-93.9563052146864,-98.33457337244147,-98.03274972313595,-98.05944267527633,-96.84814290099249,-98.47303749219198,-95.18321955063458,-97.81665213329455,-98.93164271927672,-99.01213448780767
2025-11-02T00:06:40,AP_24_9,2.4,9,wifi,2452.0,0.0,0.0,-104.91350481619628,-95.6230947400116,-102.76183260790789,-100.32724815741187,-98.90972907293614,-94.22992590585727,-98.63256941591226,-104.31636874080397,-102.94325806898657,-99.161218063023,-96.02382158829445,-98.16203538590804,-95.16223442054415,-100.77796924176812,-100.14066904553789,-100.2382922542402,-99.90233677163322,-91.5880469940168,-93.3150192264549,-96.51889681706248,-96.1740641386047,-96.07866807306075,-99.02361527912979,-90.96829373624351,-97.04037818168348,-99.47367821334383,-97.04036285351137,-101.55756687067668,-94.47248917251723,-100.37876631205238,-96.81393115769276,-98.69402632041594,-98.46228994797653,-95.74020242067581,-95.5542220677681,-98.44374267732972,-98.38886473985463,-93.7494341651612,-106.20639377746652,-94.27732374597873,-96.1785466584432,-92.14071206507514,-99.29159026667901,-99.67289739140651,-102.51265255163109,-95.87556414330426,-102.55192802796338,-94.89639174393956,-102.07890349833615,-95.51104847301275,-97.63062929217264,-97.88474825478329,-95.639399694597,-105.0511194983315,-96.75017686813783,-96.86991412015166,-97.04046056626436,-97.02477924335902,-102.44647911467757,-99.47491426520087,-98.93531607769076,-91.78184411042886,-99.58588568754774,-98.66260650197603,-95.73737637748835
2025-11-02T00:06:50,AP_24_9,2.4,9,wifi,2452.0,0.0,0.0,-102.11922159243613,-96.05940833192254,-98.97960974064829,-93.9326004270676,-99.2311278693443,-90.3321395782764,-100.06388871781432,-94.91361869115897,-97.18019228212569,-98.2666702851647,-94.81738273686126,-89.40602163202031,-93.87844011889439,-96.2793889476854,-101.43265619090586,-96.6375803926075,-100.03517492878365,-89.43486746113668,-94.33281596325871,-88.92226307326507,-92.37600866546394,-99.47170956088476,-98.37418455468874,-97.3080899761281,-94.38864077088674,-99.88842357408195,-93.78112260931486,-94.10161298745447,-98.66318696204262,-99.31894018165335,-94.92975867938814,-97.90872622053824,-92.88807030424886,-92.72775120005997,-93.41175057852296,-92.36663847770775,-94.52913987108488,-93.53271757480684,-97.15202415053922,-94.79624725128755,-94.87881942841972,-91.19600914757814,-93.34899737340808,-89.8752599382803,-98.31881746686327,-98.24415155941888,-92.95708974489845,-102.7491991818166,-93.56761978851118,-89.72121673127499,-94.73665886178918,-93.36564673387417,-91.32217972479569,-94.7389254155872,-99.10584637494166,-85.68981238678941,-93.28684649737251,-95.83936613404096,-92.50182060743532,-89.77225771582988,-94.78010847335982,-94.44563789126325,-94.73617650167382,-93.30360053053217,-100.82547340905275
2025-11-02T00:07:00,AP_24_9,2.4,9,wifi,2452.0,0.0,0.0,-105.15188422303692,-94.77333538048512,-98.24159538972675,-98.4852900282631,-95.5393174678248,-96.00590394912813,-92.88894597803156,-103.08272366466737,-97.6082246561219,-87.49442230761221,-92.90690771965895,-97.15581761425408,-98.8355858542695,-101.14216126570847,-100.57681460408755,-97.38835703110139,-97.36438917828447,-97.87903830006279,-91.36090890334673,-97.10294052307012,-91.11209622603697,-96.21971530892446,-102.09858900186322,-95.10350172016605,-100.71588227683807,-101.72850067154023,-93.62998157299896,-99.16647243241235,-96.33071578969384,-96.24380599500323,-102.16704063073249,-94.81142320100597,-93.35939560447575,-94.75981828873965,-101.10121275945008,-96.74402485878508,-99.277623079635,-99.51698906292607,-97.1111478513532,-97.69649068648992,-95.05459256869518,-102.00859834582921,-102.14253152284103,-102.94327656909478,-97.57071336063302,-98.7391289527525,-95.19388311371357,-102.44308156144344,-101.38794352037318,-104.86957420910016,-100.8628169175713,-101.59799977314306,-91.62843138167295,-99.66541850558606,-94.91962465263677,-98.51674087439012,-97.2908093258735,-96.74385215780376,-97.64700450352524,-100.32292124107781,-95.00944601415227,-98.78493706645862,-98.1491317237136,-97.4483879993407,-101.4452747055038
2025-11-02T00:07:10,AP_24_9,2.4,9,wifi,2452.0,0.0,0.0,-105.0232213882519,-98.56003875193636,-104.38133984730595,-90.15907882902954,-99.5666024709017,-98.30655894124875,-96.60536576300257,-99.91544069071412,-92.92370975959186,-96.99617979760237,-97.91595907558363,-96.03803686603207,-97.02064633287385,-98.74273747966593,-101.10639722504834,-98.79572716264599,-91.90669666004126,-97.03608167805797,-97.86617125173703,-95.29056796711359,-94.93012497786144,-101.21577838871389,-97.15745371176972,-96.9455230629443,-97.14480059120551,-94.57594329863416,-96.30113269410586,-94.56850623726255,-93.46848117621657,-96.24253939679946,-89.9711859926112,-99.21621824310593,-98.89348480705401,-101.9962581683786,-101.6283882163727,-92.27391731034885,-98.03205854224137,-96.69081428554125,-97.29182262380215,-100.13479240887663,-99.56022727028551,-100.20829119639313,-100.195686984918,-93.83744001188236,-98.779099916287,-98.75287620703449,-98.71605415909764,-99.4764152626455,-98.78116851539711,-98.20109741434038,-96.07590553181322,-100.62743824233866,-94.92938174713755,-96.25516424883486,-98.3343146083331,-98.01858971194228,-97.25053388102144,-95.84274949478808,-98.77107275344636,-98.2220437662946,-98.24604664063969,-97.46020745762364,-101.72711829907806,-94.77408130648752,-95.59527532643784
2025-11-02T00:07:20,AP_24_9,2.4,9,wifi,2452.0,0.0,0.0,-103.11475461568837,-98.98350092382796,-93.60187948328947,-99.76454372856638,-93.31297955494402,-97.64978466621795,-92.77316909937166,-95.31025119636408,-96.2340572048815,-94.58622231552819,-96.01794553497041,-96.56516252498477,-96.65891587263651,-95.25150465387316,-91.14423078705984,-99.78283125684105,-96.50556107855489,-100.81013968123284,-99.54900550056108,-97.60110029766491,-99.79942585495789,-95.41618780004188,-98.6210341484784,-94.60166086266497,-97.91776847920607,-91.23480963441393,-96.47858155758354,-91.99219199395326,-96.42452485069172,-96.10393064442125,-96.20922461548052,-100.79232784213488,-96.50341385226372,-94.39998882845084,-96.33559805691479,-102.28645775475358,-97.17419781005111,-99.84759321539464,-94.95735421431041,-93.63890274066165,-101.67945807219783,-93.58458756644272,-98.27450554521698,-95.61231521528956,-97.54791160260386,-93.84153303435684,-98.47928865619254,-98.68644934307973,-97.67612736806257,-98.19612198990625,-96.8196961037598,-96.9432047495405,-90.74023132556772,-96.82986853202246,-92.63354198392183,-96.55237787109871,-98.13835669571621,-94.92456898491949,-98.58917370309132,-98.40169102135258,-98.48542946473188,-96.59440335596483,-93.78752701190835,-96.97317419195903,-92.20475298334581
2025-11-02T00:07:30,AP_24_9,2.4,9,wifi,2452.0,0.0,0.0,-102.59894414595978,-93.13390973696367,-97.56165415975036,-96.42842662404784,-101.4020465976483,-96.88849397483236,-94.44585244665299,-96.97836134523115,-92.39430058013184,-90.61763127398171,-96.37263142317424,-95.54025166391656,-92.41665493065099,-98.27433446258048,-94.75312439619039,-97.96786527210686,-91.1882874586418,-94.75482203746408,-93.15230791683467,-97.98565645907075,-102.25870622337152,-95.6891470377537,-98.81041122999974,-96.05275668618171,-92.04777860647964,-89.34449647647573,-94.77618902961544,-100.19321243782656,-95.48513688004068,-95.16463942981983,-96.29315071567524,-96.30170715932768,-97.79467940070414,-96.15709184723065,-97.09874341173091,-96.64515421625816,-98.97355945218379,-96.92014861751815,-92.9234625841668,-95.3480665147098,-91.77708195256959,-94.53204832007557,-98.27617751160231,-99.02448992553622,-95.7700539320254,-99.68885706273106,-96.6551468827232,-94.26874811739351,-94.37941285416781,-92.7442643690355,-96.50668776111938,-92.46553524558922,-94.59915995793104,-92.51179110090771,-96.16767138033102,-95.18908547726203,-96.29263567370438,-97.00203911425211,-98.68656785317873,-92.4976492681063,-97.08359350684027,-90.91537287260829,-92.01285965604835,-91.44398731129054,-97.87868769412339
2025-11-02T00:07:40,AP_24_9,2.4,9,wifi,2452.0,0.0,0.0,-103.21678534100579,-97.96449814145335,-90.60276546183604,-96.66695589319522,-91.90737852142962,-97.55377131128897,-96.43935283332983,-95.5288688307695,-98.18531079608171,-96.33712867772581,-95.99871856658162,-95.45473106250229,-98.1037931509714,-92.67713552207708,-96.90399092950423,-100.14246227986177,-100.8491943215883,-94.56574474715784,-90.99663258132135,-100.00704191253044,-94.202674947631,-96.62748966983551,-98.25607157642823,-96.42672002811274,-94.80012003123234,-94.06647668953731,-97.11799044434909,-93.60635105207368,-95.92222052576881,-93.49901166875478,-100.29121076922404,-94.26172711814128,-96.6459081855144,-96.37428703617472,-95.50495067688557,-95.05098277319951,-99.22169723038836,-96.98801082827266,-99.21753836496006,-94.32475152684967,-99.28358692645762,-92.2792031891717,-95.41944442791267,-97.32207634021255,-88.10274966328305,-93.86005301170266,-94.25853002113337,-94.14131099591796,-97.43892667248883,-94.50370943461785,-92.69969365680333,-98.37266156650665,-97.74397956316079,-94.26893455003042,-88.64028065698612,-97.75473794380045,-101.66960738808595,-100.09530946834411,-95.5105061970318,-95.0100370327644,-100.62186372936854,-92.65979906628733,-98.79255085297584,-94.5783216104803,-93.24957265601181
2025-11-02T00:07:50,AP_24_9,2.4,9,wifi,2452.0,0.0,0.0,-104.79723823110379,-99.16179971560248,-90.38031580602103,-95.56709229438212,-102.74567681286307,-93.32824796196823,-97.4703478221581,-102.41771671933131,-94.14546830539227,-97.99136637914243,-95.36300766731583,-95.09260979523533,-100.47664363765028,-94.44795217635429,-99.96130899822406,-96.5964063113731,-100.96391178483414,-97.57859541710312,-99.35196634294346,-97.07681660907492,-106.58268007060046,-92.40444557800582,-95.67103253857839,-93.66672131221041,-96.39466296292974,-97.6141452543164,-98.3643639022934,-93.49937437624394,-97.65018850047062,-95.17444983455535,-97.71825729352277,-96.20497069465847,-96.60875213088066,-104.07269652243508,-92.63001247012534,-94.87966583674513,-102.3848740329519,-95.25823340606316,-95.91640882689516,-96.69124029900371,-98.26517172119543,-100.26982348659412,-96.16450569862054,-97.21701289965195,-94.7793106266181,-101.43480399178247,-96.3499094994626,-98.70617939036116,-97.27117831267887,-99.55754065323559,-105.09251692813973,-96.14551258463644,-105.2557883018489,-96.35338526048922,-101.02059080101948,-99.68154742093897,-92.77372159280915,-96.61371780709014,-97.72009330289276,-99.76021479039362,-97.96101245641898,-95.89499184493536,-101.36573737655253,-98.93090659672642,-99.39155819911393
2025-11-02T00:08:00,AP_24_9,2.4,9,wifi,2452.0,0.0,0.0,-104.31460048365555,-95.79997654584062,-98.54942165093226,-98.11948718918596,-96.29687460489104,-100.80085702554979,-97.67153570690456,-93.46448764283593,-97.33879848566013,-99.7534449382353,-100.78057228190733,-98.6808130987622,-99.53170748791447,-98.09856513124386,-97.14666521089926,-98.63796583253514,-97.67825994636081,-95.43942108656778,-94.64833706707063,-97.0360105491186,-97.41276145962232,-98.83569000635698,-101.53405782050558,-102.72759907029887,-98.24793423733537,-97.84423773344588,-101.30098870064862,-95.24257165712565,-99.9366227219014,-99.60176650272895,-96.91159509314103,-93.43913408279484,-95.42229492514673,-98.9231236865757,-103.15523602041678,-95.49899656765487,-96.49522943239636,-90.18355437616817,-97.17750370579265,-100.21057181870928,-97.21754929925564,-100.872583129453,-101.02250309999422,-97.60717814725433,-94.81926389029776,-98.53919109321255,-100.34301554866197,-97.04311421083766,-96.8833928379737,-99.95570046290993,-94.2594168948012,-98.15579901465603,-99.25354407802918,-99.9338826631657,-95.05683121849992,-100.06800602556201,-108.53467602371762,-97.60052376486763,-93.1463858564224,-97.29177589663065,-97.80760202521387,-94.93564562332372,-97.95161211191052,-97.1383871375356,-102.91698671547474
2025-11-02T00:08:10,AP_24_9,2.4,9,wifi,2452.0,0.0,0.0,-104.77619823940267,-97.62391525999381,-102.71772552535914,-100.25199353334936,-97.52699778915432,-100.60313606567365,-99.58047417855227,-99.51779580795016,-92.42531834871995,-96.53689071146101,-99.97710126184894,-96.61010871647568,-94.74494048607595,-98.44046931666325,-102.79291831781688,-98.36199804726373,-102.981140564658,-95.85994596509279,-101.81217537963944,-100.70286792462883,-97.02296868711626,-97.94028060938163,-98.4081906207877,-96.20608555348791,-99.34751076021612,-97.91138350375235,-96.67365233882717,-100.32606951297284,-100.6775135675931,-94.12366309989349,-100.52501892646187,-91.2315144529575,-98.09777595546572,-97.31229032410916,-96.59590386752355,-94.37028205848512,-100.63427723617764,-106.38055132758322,-95.48741459146984,-98.68018347715415,-98.81955586856823,-96.41323695062631,-95.57726462997991,-99.27909533765364,-95.87957087558352,-95.76280853615432,-104.35981908498674,-96.27961161537841,-96.80506947358002,-97.02491073462272,-97.12401823424706,-98.26344249812972,-97.97961904312741,-94.49192835247128,-100.7008317127424,-97.35378116864554,-95.91327670670606,-100.45105837760403,-98.40450655863759,-92.82744150809201,-97.84033362917944,-97.07622899833127,-101.19602621614476,-97.77778519679518,-97.96378897384962
2025-11-02T00:08:20,AP_24_9,2.4,9,wifi,2452.0,0.0,0.0,-103.69207205349365,-97.49580215130888,-98.82646221515654,-91.74254028849828,-95.89627479902242,-97.78089184624369,-92.3004367095881,-92.1017831633306,-97.25222758525193,-95.64797242312372,-100.16003847006827,-93.93106443429177,-98.22943128220197,-101.50708437078006,-102.0886867631225,-92.60164681064488,-96.47742451904436,-101.58039497262212,-96.89387736471647,-98.11053190315349,-94.3095696413796,-99.56740288649631,-91.67530173662408,-94.67275541575066,-95.51487712204633,-96.11685796013523,-97.0566290483244,-89.80163936214782,-97.29558133368307,-94.7493452865095,-97.04137424106865,-96.95229929952501,-89.35449786505922,-101.31159655689697,-96.21556589169427,-98.67998726100136,-95.30215698785962,-91.92873555099389,-92.88012152159996,-98.09000705205662,-94.82374123777083,-95.26870676629271,-102.58650352698348,-97.73173635830135,-94.62827094770866,-98.47565407169347,-102.72223200851295,-98.48881752967785,-92.26410100850475,-95.10145356261005,-95.9523050276771,-90.10790013416862,-98.31353225046371,-95.85529262879777,-99.27906362018997,-96.69017696012334,-95.78095564851782,-95.02637778452525,-96.87639837152447,-94.82777241541089,-98.15666678375163,-99.58524840757897,-101.51164094110315,-100.06848853669068,-97.80527934725852
2025-11-02T00:08:30,AP_24_9,2.4,9,wifi,2452.0,0.0,0.0,-102.24357501666408,-94.79900019860476,-96.65466160637624,-102.26457617408734,-88.20194113227419,-95.06625228017424,-95.07814776593602,-92.60651912141302,-91.8167307679335,-98.17082285447196,-97.07675655710091,-93.2590005223601,-87.52171625313626,-98.37687319279942,-96.40023936488805,-96.91193307438945,-96.0757548289579,-92.42926638599626,-96.48732359950039,-95.32299154852645,-94.52362960547926,-92.60520669763977,-96.59888759161015,-100.68129659270588,-98.07685408331545,-96.33824759174679,-94.37605991640044,-95.14509752570895,-96.23593851265736,-94.41318607167531,-94.22880803844558,-92.01512617609632,-93.9219613211306,-96.19404674977345,-100.20500172063042,-95.94565830602464,-97.9796966536188,-97.48593401083762,-94.68973875274106,-90.19833743258995,-97.21132762825675,-102.870633841398,-95.6334499411748,-100.74227151034279,-95.37162693487349,-91.14969877309603,-98.57221956292086,-96.28386215637049,-95.49000898271134,-93.79403557640207,-95.43258282780002,-99.20854428017589,-94.63854188260824,-92.4547568006211,-94.78058935560091,-90.17749243755412,-93.12445119011488,-93.84325949005893,-92.0861462272338,-90.48635863514193,-94.34575021433166,-100.50272763105504,-93.99301915371997,-95.45072026712774,-96.47901391528367
2025-11-02T00:08:40,AP_24_9,2.4,9,wifi,2452.0,0.0,0.0,-104.1798473386695,-93.07134834865305,-100.02789032626431,-94.2087777230137,-96.96111469108826,-102.03067977807308,-97.43912779277049,-96.6638763776383,-96.00975472161448,-96.7007294685739,-102.28212738889957,-100.66002563111506,-95.86588063124634,-97.66675021422029,-96.55619838479167,-99.52378906189671,-94.8041340697987,-96.98836042769817,-106.09401782170073,-92.31245279118555,-95.15355884664245,-93.60449837479386,-98.86015147866392,-98.19484057591771,-98.81684898880131,-93.95391470963159,-97.03700406785485,-94.59203470107397,-96.6412486237411,-95.91644849910136,-98.3633971083463,-92.42077904365719,-96.02232781183064,-101.36891460076633,-95.31546940933055,-100.83775698095313,-101.31167711268004,-96.33368839764223,-96.85029990596705,-100.24539969294122,-95.3720487156744,-91.6229217383587,-100.29560725657043,-94.33846395365471,-98.07848496171374,-94.61461976666936,-93.47684062211054,-94.58612561268124,-99.94015640189184,-92.74782137988147,-91.26229380948817,-100.34102926049205,-96.26311343683527,-97.09333991508473,-94.33536581484745,-100.50336548249456,-97.89830572174483,-97.44340733926155,-98.228546333879,-94.06423563957259,-99.34069959443535,-94.8525265486052,-103.55273795974239,-98.58114859499821,-96.48936776205808
2025-11-02T00:08:50,AP_24_9,2.4,9,wifi,2452.0,0.0,0.0,-104.7528113144211,-96.1311467525567,-94.97106323671682,-99.109733370698,-93.1529912139966,-95.46981266610845,-96.95013261926954,-98.5428285028039,-92.14242012694402,-94.15513356441693,-95.03185807528058,-97.44643847824767,-95.69765677590517,-98.77878959880485,-97.6123013597411,-94.96469414951486,-99.00938314425298,-96.46952961933866,-99.95750706776504,-103.08302746499362,-99.85215631505183,-100.34973474940539,-93.72926905668358,-101.02742491164423,-98.22566814282358,-95.8883310305914,-99.54389724134596,-95.3617544831839,-103.17014436967196,-103.58480805636917,-95.58901621539219,-96.974446028571,-98.27409613079728,-99.33169476295356,-95.967675998456,-97.63036317648898,-99.70260557806606,-99.23784483931357,-103.7068174654123,-101.05778980926024,-95.1553032429226,-94.54968378409075,-96.40445685834851,-93.48667072812498,-101.05030958072592,-95.35063839654823,-94.51256748455063,-101.52548525826982,-91.16156050724703,-95.46340721447625,-98.95412813473251,-100.8771002902552,-95.64538718301706,-98.01653648824595,-100.1549178757829,-96.02490296254413,-96.81198553068558,-100.13008259088664,-98.5735888271761,-94.69154383809733,-97.57142338698671,-99.23402386124035,-91.49641662405277,-103.68434433979571,-95.72201923143919
2025-11-02T00:09:00,AP_24_9,2.4,9,wifi,2452.0,0.0,0.0,-104.25033924040117,-98.65095294986536,-99.14386335399821,-100.56098785149292,-98.27072728367745,-99.33337723155691,-94.34951465512194,-101.35694698054516,-99.77299430314875,-97.64001530287287,-97.367697009681,-101.78585611151559,-99.3255276966443,-95.9650523265135,-98.71255206508305,-94.65731864189758,-99.47258396700319,-99.93125156488003,-102.26685531161591,-97.08894919169396,-99.26020455366194,-96.1159140218037,-99.04923507081794,-103.22965454479984,-99.86464635036121,-97.22323540755795,-97.67255565217529,-93.95933096144313,-97.35982342495952,-100.16814945308214,-96.249150339059,-101.18536024792375,-95.00816427811287,-97.28896313379028,-98.49189527600704,-96.57219436593488,-95.66799705130447,-95.16196632237885,-95.72875036891406,-96.87633978823982,-95.93977357062285,-95.28836827202223,-97.25800164245155,-90.988167293663,-98.5214534742557,-93.5149530656186,-96.53618581226364,-95.91094196508713,-102.96632850296533,-94.36213902025926,-103.31549279700057,-95.80671236159158,-97.19458628754352,-96.16807389704948,-95.58550380962926,-97.09217054390572,-101.18588609664391,-93.87386336514551,-103.76997206405534,-101.52425985093302,-97.34159907216366,-95.55548722223288,-101.44574434715183,-96.56581008417241,-102.0467144537011
2025-11-02T00:09:10,AP_24_9,2.4,9,wifi,2452.0,0.0,0.0,-102.47596144819383,-94.21499066319981,-91.24835329514339,-98.95052463370128,-94.43390019281065,-95.45928084149637,-96.17880293289382,-92.93030170289643,-96.20412214838575,-100.67114520961955,-97.44577204108175,-95.65263644307971,-94.64631506456894,-98.24579477886476,-98.45276251268699,-101.22091861916475,-95.12195962107198,-97.0577672509917,-97.74729473644597,-98.9771782076542,-96.74717568761776,-93.10779685677197,-103.75039997903785,-94.42408586525805,-95.2264577223224,-95.22620386171539,-95.41104437068991,-90.60052680730324,-94.17076804738997,-93.15473708279805,-94.45009806995368,-95.34276552102611,-93.23366685047014,-95.9692771282512,-95.12650804638335,-93.37678745261438,-95.74398194540179,-96.42769255491702,-99.79327951954842,-96.13926405861447,-95.47855942816683,-94.7216992271876,-91.6690536836997,-95.51967016318262,-97.36461070015814,-93.19711180338021,-94.76869213515216,-92.52098370104265,-94.64421257138714,-96.50080169535107,-93.07691479601097,-94.39136875533978,-98.3130677061466,-92.86644004570935,-89.88072336276196,-92.11847156538788,-88.93172116209293,-99.20339753384097,-96.38976662981668,-95.2263563258978,-98.08233756259685,-95.62634271202243,-93.03677229530416,-96.05518008386481,-92.69693521609004
2025-11-02T00:09:20,AP_24_9,2.4,9,wifi,2452.0,0.0,0.0,-105.16748046426576,-99.73690224051732,-98.55065921208576,-99.10259141040339,-99.83317157071566,-94.18889655321867,-95.17254661239508,-102.32867824586428,-99.76523230420439,-98.30263394054123,-96.75438932299126,-98.18259951607067,-94.18732461788926,-101.43778598671733,-95.2155268121788,-92.02900834907847,-97.65231029235187,-97.40455429735235,-107.12297653700806,-100.83852740140769,-103.05164556706744,-96.50275184116653,-94.06265092733396,-100.93099061837869,-103.56816018642408,-95.53393679157419,-100.53739102290352,-99.50545009773242,-97.54669562966755,-95.23842233325283,-98.9631524457083,-98.6441392363593,-99.01708880746123,-105.08984636242151,-92.81926986806279,-95.59637394910536,-102.44360244340068,-103.03066928352905,-95.63227561266145,-99.70519394514528,-101.15715519603324,-99.4504025727264,-101.79823251846763,-98.5463935322468,-99.44688580124948,-100.25665447164847,-97.89719662141349,-98.38556052983073,-96.22547357602016,-98.53765266812934,-98.31105090412376,-97.67280669260175,-100.36159851433717,-100.3133118963701,-102.49216488174784,-92.13165786607348,-106.12603806933292,-97.22561953763329,-99.51283106647723,-96.07404265254563,-96.693887853784,-90.28878343622256,-98.00735446074881,-93.98726417016658,-98.82362874111584
2025-11-02T00:09:30,AP_24_9,2.4,9,wifi,2452.0,0.0,0.0,-103.10592337493064,-89.63688959599773,-98.0883426045616,-90.42097077963486,-100.22523934261923,-97.26227529558001,-91.18557063790692,-98.55229917386433,-94.17215784356576,-97.0048600827204,-88.77859158495929,-97.20061819372043,-90.33402322933159,-95.02702348113063,-92.82029676210767,-96.8912540642004,-95.81121417781628,-100.96541338417775,-96.53644985581265,-97.71426026332854,-95.2369697439401,-94.68952283875801,-96.4493306370873,-93.58439507599019,-96.83443561664124,-93.0464555776977,-96.4376477935776,-93.23296011586051,-97.35983489037677,-102.98714073530395,-95.69195629464188,-89.07380389844728,-99.64647257191277,-97.72892602988279,-95.7303498281089,-97.21797592133447,-98.34777798911459,-96.36057948598602,-92.45350398063613,-100.73978929441226,-96.17140586594593,-94.86047621516238,-96.92061045412011,-100.83034384923573,-95.83849599212878,-90.50843234726173,-98.00292051022855,-91.9703382459512,-101.95498386908311,-92.77374696895177,-96.80794266307012,-100.07150226580701,-104.01999581082362,-93.53342834971735,-92.89544725811126,-99.31504480647472,-97.7453961385603,-99.57969590443297,-96.93120188602718,-94.27827736227022,-96.69371910372257,-96.00626204305756,-94.92963172589573,-94.011730823506,-100.00724680844134
2025-11-02T00:09:40,AP_24_9,2.4,9,wifi,2452.0,0.0,0.0,-103.78244479014128,-100.44365996466618,-101.77590322481139,-95.06679485054745,-97.25873712630168,-98.16894540401599,-93.51534822001354,-98.36376880339982,-101.16896788716656,-99.39486058528496,-102.70537383608624,-91.67740109302174,-97.98136553272887,-95.04646726336114,-93.9734023802727,-97.29652949666976,-93.7356714545225,-90.14990805452115,-93.01091486161843,-99.56140332115265,-97.64776614718511,-99.80004250231302,-94.50608181461669,-95.64471482717592,-97.09655038554334,-95.65796465836996,-99.39408539791967,-92.71218818748918,-98.9668408369975,-92.32846442642827,-95.7977628551262,-96.48476522754002,-94.29780162043718,-97.73784464923722,-94.14269724848951,-94.44762331634806,-102.03724912567047,-94.6327763268112,-99.24764684620807,-94.33411860699839,-94.3226240938071,-99.85439978839632,-99.5816014732401,-99.0785586588377,-94.1003064169162,-93.65482918007011,-97.71674831215873,-98.192852267195,-98.62975195348953,-101.71744153005,-93.4313239665631,-92.73566438540877,-95.43093630583178,-91.97070606580945,-95.62259821133573,-97.45345437532893,-101.20696603979377,-96.82008391226147,-100.64811328462102,-99.9825122613368,-96.7201695330539,-105.35348463032082,-93.6626075667718,-94.03861429147817,-99.35159248413981
2025-11-02T00:09:50,AP_24_9,2.4,9,wifi,2452.0,0.0,0.0,-102.85623918322682,-93.97717563870967,-97.381494754475,-101.40300227945231,-96.961705843074,-95.2779392277648,-94.80504350643211,-91.7438921152361,-95.26126303153809,-93.89617711634313,-92.22142037534194,-95.84492127393234,-94.69395312480725,-94.3603658666071,-92.46176543886062,-93.22211375708588,-88.81906894551487,-93.48992837920008,-99.42960861421588,-95.66847594306797,-99.3807699624485,-92.24886408863539,-95.425509027616,-96.68230624492385,-97.3464971222115,-98.59110825203753,-97.55095731121206,-100.84612849214116,-101.48890032855013,-95.80191353583847,-98.3532638024006,-96.97192537389351,-94.46653263901379,-95.70809083829838,-97.35038006443216,-93.86077631635571,-95.42167482629837,-96.49479635444999,-97.68840174528852,-94.92090690053035,-98.50574500854732,-96.33300724487621,-92.94691486674357,-96.35752923819005,-101.51736675042986,-95.1932640554257,-96.7682718049782,-91.88714080213414,-95.53224188174029,-91.33094947520445,-99.44655492185274,-89.95267657454288,-98.98045188774228,-97.92945872122579,-94.16780536502867,-94.76585937813462,-100.85005418807219,-97.87185958743676,-95.81566522469241,-92.55815615357982,-95.44585607499326,-95.96534806718428,-91.94024972321162,-95.641969268304,-98.72001331507232
2025-11-02T00:10:00,AP_24_9,2.4,9,wifi,2452.0,0.0,0.0,-103.94237438516555,-100.8419185761612,-98.62505075111739,-95.00363948647684,-100.28454036679302,-95.29126980763544,-97.99356372801122,-96.84843436286073,-99.37837306361065,-98.42621142143263,-99.80349259880937,-94.21127155251509,-97.03179499343783,-99.2586300645728,-94.94106606036071,-96.17882730557581,-98.33208706263306,-101.4407543644935,-103.25377742361174,-92.7094732796759,-95.92980910196887,-97.52066469703448,-96.06432075846706,-97.02479046549641,-95.11211698151564,-98.59785803668771,-94.02558909056036,-91.75386049918674,-94.95425767584902,-95.74029404816443,-95.55840667924873,-96.78491165475988,-92.7520180417004,-101.15559413190246,-101.60895595588336,-93.24418332668535,-95.63956860486682,-91.92174189955523,-94.74913082812036,-97.7289768824331,-98.3549398639146,-94.22594966069303,-98.43936439284668,-102.5535129880604,-100.7620762816783,-96.15466857381499,-96.80161857213463,-93.71890671887917,-94.2978729144023,-96.36018073016334,-99.9935809674669,-96.70859770734174,-95.4640205467645,-99.50343722485798,-95.87216196555453,-101.36383364377261,-93.64031211767058,-90.29824996548462,-94.86019087292924,-101.37829633015335,-98.22643131942377,-97.02555843139876,-99.47683888789399,-96.31851693135306,-91.26486784610346
2025-11-02T00:10:10,AP_24_9,2.4,9,wifi,2452.0,0.0,0.0,-104.25673104694144,-104.10920099432138,-90.51494503290876,-88.47719606941469,-96.086941949306,-92.79055759791507,-93.65570463549372,-96.05799642704295,-98.97731788656357,-92.79134104714524,-95.48917632121132,-97.22038168077944,-99.78862397834655,-97.5950603728368,-99.00976913298251,-97.16480048473308,-93.90940584350253,-95.01203668244356,-96.76835383279587,-97.1130232595973,-102.39660649828106,-97.16372281721644,-101.71107800328389,-94.38464966864566,-101.1949079968381,-98.78701605034955,-95.10769848530552,-100.87815935293351,-101.20351238675333,-97.75685096516445,-101.98611548264796,-97.44690554751162,-101.67755444774424,-99.34818413899998,-93.56598773594968,-96.57402992487702,-94.41578415567251,-99.47399730274724,-101.17767227955726,-100.68366492371378,-96.17219624681086,-95.6880764147677,-94.61872543317124,-95.16837123800207,-101.29442824117767,-97.32648767731139,-96.86032824724936,-95.52161505657234,-99.18946076772444,-98.42958560446566,-98.57649043416741,-97.22397206334544,-96.073373014977,-102.99699361863237,-93.58469293973452,-100.14261584665417,-95.72995657766143,-97.37172623916831,-99.24868272853429,-94.05750638776442,-96.60551209358363,-98.94427274191055,-97.0204017188813,-92.76407422400067,-97.39452606620848
2025-11-02T00:10:20,AP_24_9,2.4,9,wifi,2452.0,0.0,0.0,-103.43204891881162,-93.77036524632395,-94.02673950112907,-95.16270137802725,-96.34592779967286,-95.68378218660627,-91.02836366754546,-95.4643493544771,-98.49924991318402,-96.98909824598066,-93.1282000595422,-98.24276356166175,-98.76139763735922,-98.63711963801379,-94.53468336662696,-93.08367031953296,-98.3725570729222,-96.00949995917965,-94.18288204096102,-101.22212661633561,-101.00532507007365,-98.55074955430587,-97.66569619066355,-95.01042950566263,-98.5747455475945,-94.54743889739854,-98.56947361676245,-95.50091272417531,-96.55902859714487,-93.94885584441859,-97.1344405270285,-95.34741752919543,-97.49006912448071,-95.27278102312576,-95.84235229217356,-96.51202851436025,-93.79670513778503,-94.86677468828717,-95.87701270180577,-88.86629159857596,-93.92954491648892,-100.84503113940721,-97.24435171725945,-98.48246952799019,-98.49334118059362,-97.43577432258884,-97.5669324741604,-100.95339920603361,-102.0307783015608,-93.94287712305635,-96.95450769676499,-103.74886342578301,-99.99011790608209,-95.25401440419775,-98.7242927067152,-92.85339931538708,-95.24558401030731,-98.90724548203698,-95.70239802394393,-97.96255641064025,-93.91605314676615,-95.19112287590283,-99.51177145533664,-94.30780430284143,-99.31794029127752
2025-11-02T00:10:30,AP_24_9,2.4,9,wifi,2452.0,0.0,0.0,-106.22186921644328,-96.04789856272937,-97.54433593120962,-98.75807166484353,-96.9894952039364,-101.88483280696904,-100.59175878982327,-105.2515715177853,-101.56926892452529,-105.71643753165074,-94.11081520130402,-95.03317837475073,-100.05030232889287,-98.68366758222652,-97.33412741250194,-101.58708357346124,-99.97077727626372,-96.25690841942117,-99.8045321541889,-102.08386155181654,-95.7519507679632,-101.01064177108782,-97.7977009025899,-98.96939402991968,-97.42423698845725,-101.38109135556722,-102.23815003005735,-94.58184102946039,-99.22940978788134,-94.5425228198971,-97.31404179073907,-99.49836077650323,-97.26681429085153,-99.86500090786964,-94.17905451591182,-102.39826347775434,-96.09578690727884,-101.06131741858752,-95.7439483829306,-100.20892532580996,-100.57731605439271,-97.53648710205033,-98.98230154247106,-102.99709535238044,-96.81049681232912,-96.22023234279052,-99.10817474808731,-98.775488270668,-99.71923438552636,-98.61590671971446,-97.78659152834904,-101.64367028748099,-96.98122731306815,-95.8225013337793,-96.22291005703616,-94.99337510419856,-100.44234371683932,-103.30252713973417,-103.76197147887204,-104.58042285830301,-106.56741057306355,-99.6654179116332,-94.90014495319495,-99.88950462142289,-103.86165626324612
2025-11-02T00:10:40,AP_24_9,2.4,9,wifi,2452.0,0.0,0.0,-105.11756333640618,-97.38347738392659,-104.42502330726239,-88.50116514432565,-93.44717857567055,-98.95891886061794,-100.96506775937267,-99.71811116658279,-98.41706840847026,-96.8960233270043,-98.3315337654762,-93.04999390299473,-95.08748176143068,-97.26358637089874,-101.99277350003726,-97.46643631636691,-100.37317664603606,-100.04782668554301,-91.72511370262384,-100.65804711289017,-97.26637640132613,-98.82525023979258,-99.18856551303192,-100.7350079178528,-94.07294026203881,-108.53280357117228,-96.1379284319432,-99.1779969560484,-94.60620458960953,-101.0095123279607,-100.86683853119736,-101.61526871893433,-98.10799834597141,-100.22423195529282,-99.771180941405,-97.13788770154355,-99.15615316359194,-94.73248788204779,-89.87224592345964,-92.27297138715905,-96.85271738930534,-96.53967617040047,-104.00496754225398,-99.54550068683528,-97.78109557212709,-97.437559626053,-96.31866820602335,-99.95703151872281,-94.50091356793554,-102.10516164197058,-97.67911209751774,-92.1969055359348,-96.63511271789261,-98.8858230694365,-101.72634258202832,-97.95737070570956,-95.88795152358696,-103.70598517761417,-99.64375047649229,-100.27671563367777,-98.37369744948269,-99.78582848981212,-96.06581496094938,-92.21929850588572,-103.91819872006775
2025-11-02T00:10:50,AP_24_9,2.4,9,wifi,2452.0,0.0,0.0,-101.60046684768098,-96.83261606986376,-90.57215795826161,-94.01462434497145,-97.0185958072668,-95.62540430963863,-100.06032605119412,-95.32469084418739,-94.8793040118837,-89.76383777425954,-95.89510568317213,-93.44345652221755,-94.53755550178812,-95.52109920926672,-97.0328137811918,-95.45561104661243,-102.19067667366834,-95.80102039762538,-93.51605069980415,-93.98301712017617,-95.45239756978205,-102.02380705912671,-95.51715795146852,-93.57280729756174,-91.1569487517348,-94.8438780044826,-91.77553444842243,-94.90367712165961,-96.95717941954035,-91.8990509036251,-99.70838089553007,-89.79709412127896,-95.03514506836264,-88.24500923554548,-97.6062035989441,-95.17815199447058,-95.05569715679981,-94.16220736636394,-92.37426603671857,-93.89409302296359,-92.74333083501746,-91.29009133180239,-95.71679948750887,-94.62309653966153,-93.97107928542994,-93.27712604663363,-92.71178526886693,-92.05681938628123,-94.88603481156773,-94.91092136258845,-92.90822197337857,-97.92862132778075,-95.993146561167,-92.51729670608903,-98.12475302597315,-91.96978584744701,-95.81420419296765,-97.68137548239775,-95.65098243799976,-100.665143042743,-91.92695064018797,-99.30178041680767,-90.69214097237999,-94.344389422681,-95.86088633218085
2025-11-02T00:11:00,AP_24_9,2.4,9,wifi,2452.0,0.0,0.0,-105.64635622820948,-99.11912277189644,-94.45102717581325,-94.38150872807451,-99.90735658040899,-102.16145518170049,-102.91077875097587,-103.37451316054492,-98.70588490737323,-93.97958839296845,-95.12760535262457,-97.68085459010956,-96.06663003150578,-99.0776998985027,-102.90836056445865,-96.53724172924575,-99.56200342061796,-98.52649439894093,-95.58504604388588,-107.00202815155124,-102.50859624337339,-97.59886228330024,-101.96757183839907,-103.47817844153916,-102.7500484500444,-99.88891429140423,-106.1901165213229,-100.67148420610607,-96.85271201800265,-97.72946097431888,-102.22232674813371,-97.37792543500966,-101.93169819157718,-97.9336638471956,-98.99034803122666,-99.93900508219174,-100.31332014052649,-99.77323915890834,-100.55504104818863,-104.8233568652977,-93.959421535453,-96.81416123154035,-95.47078089270747,-95.91439035977079,-96.05767778830598,-99.19905680467141,-99.83337519699896,-101.36925488602938,-100.92284982042926,-104.8940815381727,-97.56414008672836,-98.92212487722844,-98.45464418836676,-103.06207003483925,-97.13484467594516,-103.98670778996305,-100.1528981728861,-96.56466860253629,-98.59111000736235,-100.36331620615677,-98.9612625153328,-103.48717923065124,-99.24061698610346,-101.61830848277393,-100.00262737011491
2025-11-02T00:11:10,AP_24_9,2.4,9,wifi,2452.0,0.0,0.0,-105.76963408135038,-97.35710025603538,-96.11810053290372,-96.47979889690188,-103.67145772306033,-100.75794815127304,-98.18754500467787,-97.29381143546996,-100.57889022874032,-97.08515628048079,-100.9279063990512,-99.09819057706842,-97.3530853738495,-101.9869089653576,-97.17001718050172,-98.83906355200149,-97.55962306875341,-99.72547351938334,-101.44523836436787,-98.78492324942904,-98.91508070701295,-100.4964605630247,-95.54310079867427,-108.85866177470129,-96.06227802922925,-95.00938369580824,-97.1874446451978,-91.32655970067192,-95.05816079407053,-98.33860949556724,-98.32963440639539,-98.83305178265374,-100.36073463485516,-96.08633864326069,-99.03648159202093,-97.02042350213726,-98.99032369760165,-92.34920844455726,-106.54292841885382,-96.81001353955774,-98.04177366179152,-101.27963969001513,-98.42487599869207,-98.00057053209979,-101.67917732080151,-99.52509566506494,-93.6371897316093,-101.44278418345988,-98.229176624203,-97.78073459114083,-101.2961134727826,-104.68257982759579,-100.51790896149934,-97.05206549123616,-96.8355326194412,-101.39006239965613,-93.87446294061571,-95.43921905315749,-99.87102462372776,-104.40193225699211,-94.93196229958154,-99.34354502883527,-98.91649412325012,-102.9680107611139,-95.39438143408452
2025-11-02T00:11:20,AP_24_9,2.4,9,wifi,2452.0,0.0,0.0,-102.72890814845658,-94.85751406837174,-96.42525040618213,-95.06864183497053,-97.0375580625799,-97.52278242471273,-93.06756923595263,-96.39261752601652,-97.94008572625151,-91.55679352685668,-88.26005903987678,-98.45072254183836,-93.74677318073988,-100.70846862610036,-91.18192136209424,-93.5011081344054,-97.9210733097104,-92.15962536688481,-97.67509052479093,-94.38837675551376,-93.1844863842072,-98.48096421172461,-93.75929247257949,-99.51788312594167,-97.98455392958937,-97.32694400922333,-90.28112355009772,-98.5349492308318,-102.10898780185674,-94.1057581272991,-95.45182348493968,-99.74373962994508,-103.91050224646902,-98.55357614064717,-98.01047817878293,-98.37811412059105,-94.38860158994308,-93.97503345147481,-96.06900967970215,-92.52131912057669,-93.46504155545996,-101.448452813408,-98.29731224055745,-95.45549037768151,-94.01196785025124,-90.74057673976709,-96.7516476934277,-101.01949783638909,-94.6322420260464,-102.41434444194006,-98.66634588938318,-95.536246664842,-94.282178202663,-89.13647925337547,-94.38373573659018,-92.65957052624759,-97.98363294210577,-94.23934391257319,-96.50977689037059,-97.56074688525027,-98.65848743481573,-100.17772858647876,-94.58550735065587,-97.6802890560999,-92.55785619932564
2025-11-02T00:11:30,AP_24_9,2.4,9,wifi,2452.0,0.0,0.0,-105.24358853298864,-98.83074766664726,-96.84483596599705,-100.80012302250995,-99.3928129737948,-101.6570389946791,-99.0175437618178,-100.70289766032136,-98.10221731714624,-102.11339604885553,-98.8337702929828,-100.16772634079534,-97.0668413398323,-95.40966673269588,-95.22228547799608,-95.55563890459702,-104.72846160090214,-98.86986874456579,-103.41547657568702,-100.2612570679962,-97.12851602190517,-100.80959602055547,-95.09935794857101,-101.84579258470029,-102.1280380724634,-102.19174083608081,-97.95586767101393,-95.42779163780048,-96.83312850172935,-103.11495361340138,-102.52361636895441,-98.17579771354272,-90.37303345872635,-95.91527434906648,-92.34654820765888,-95.55463715264723,-101.66886359053811,-93.00021946183892,-96.61843423332438,-103.91621624940646,-94.00557490427356,-102.26624917382972,-96.35983528494,-96.41353641423126,-94.90167677106619,-95.38742233542631,-89.85045822782325,-101.20491714025061,-99.14427981660717,-97.30059311509949,-97.59038907351636,-95.87745652682612,-97.14709488744359,-101.10342764111836,-98.18586217391895,-99.7802002904701,-97.62003565968762,-96.55889644994947,-99.99721808595062,-97.85838574601635,-96.32070350593304,-96.63711862814208,-88.03173196484101,-97.41718360171042,-100.83522597281298
2025-11-02T00:11:40,AP_24_9,2.4,9,wifi,2452.0,0.0,0.0,-104.46475500523593,-96.90798274695976,-102.5977888379437,-99.23425257563193,-99.30313815125777,-93.89489764955448,-95.11881114497751,-96.87358720963215,-98.31520985658867,-96.38672052409581,-90.31153237826278,-97.56118029239579,-96.49351175287742,-97.95212576787742,-103.81720461467317,-98.29349130486973,-98.03213372156644,-97.46136031767196,-100.0338364539189,-91.86205774241932,-99.01365018522631,-98.56588828000984,-95.99250835174516,-95.64612985158202,-98.80899705235322,-99.40456799833265,-101.1092761940024,-95.85371169166419,-100.52634254900302,-96.6589077501149,-98.52882201948374,-91.44388601487063,-96.51996088195372,-95.61611546887764,-91.97127061066203,-100.79317371463982,-99.5189690916599,-95.98957287686079,-96.62901483816695,-96.35470272841734,-103.3298057158582,-99.47659756351374,-91.53005382882237,-101.20226521880895,-98.23566261082433,-99.59164815289003,-100.82100255538822,-102.76112821122256,-96.60198203372809,-99.99709677614688,-102.11302919061052,-101.05126083455454,-98.71102932894698,-94.3415108317196,-97.72977687831532,-103.54888122322929,-98.39847701973456,-97.7056275129333,-92.57615756513995,-94.67970575325965,-100.04574449368744,-101.52993177429184,-98.63761887299266,-98.64414645476602,-91.5905980548239
2025-11-02T00:11:50,AP_24_9,2.4,9,wifi,2452.0,0.0,0.0,-104.14136240793597,-94.39377739910624,-104.01839706399412,-94.94362336496887,-101.12875394604794,-93.18469051243645,-95.86158912113666,-96.43254543754094,-99.00545603607563,-95.11472398037384,-99.52414042865429,-96.12993073903209,-97.6474485307444,-96.70624080752306,-96.85807819834376,-95.67137662638059,-98.1165966860544,-98.03451515319276,-101.74613949723036,-92.04031775236888,-95.02230515210897,-94.7884742682719,-96.45939000602901,-95.53662429463948,-98.55126682088633,-92.69094696848553,-98.86777578912806,-96.05769323087935,-97.79865918999808,-90.83471585166316,-95.32023578183704,-102.01829018445754,-91.36617953363802,-98.83486689172874,-93.53890902975368,-90.60281016952018,-100.96306202941679,-93.87156121199857,-91.08241614004025,-96.42772589278653,-95.34337337180992,-94.51984414877053,-96.336331431713,-102.89375425627325,-100.77223733875533,-94.69197092047489,-96.44576279644677,-98.32877263149336,-99.63205164459639,-91.90021421682613,-95.41093854265715,-92.71900477475316,-102.25630719959835,-98.56668943005118,-99.28318718191487,-97.60708566573264,-98.66453004865818,-97.85376752258212,-98.12068655936129,-95.79273862979065,-99.4465859431196,-97.20795222229714,-97.73198657928779,-101.66162416998002,-98.01912424009608
2025-11-02T00:12:00,AP_24_9,2.4,9,wifi,2452.0,0.0,0.0,-105.52103891101166,-98.19958784925271,-97.20227002634519,-96.40662051772414,-97.211982032504,-103.05378329103247,-99.34340020461359,-98.85719368737578,-96.18865921145667,-97.71406660983654,-101.40569440043042,-102.31301388925925,-95.45905583606084,-94.53610667946533,-101.50049218946475,-102.27743632082479,-98.66485464366014,-99.47612086110838,-101.26344904978706,-93.31332044523052,-100.21861695742433,-100.24007577955119,-101.14633544010965,-97.4200791579262,-102.77347957981735,-106.41275319968219,-103.45039556989512,-97.50253109218204,-100.30685420664402,-101.28946100267792,-96.53378549602871,-101.81212314411488,-95.69200546017728,-99.05362975813556,-104.29438856146776,-100.67049217931945,-96.10004915679492,-99.90533303146574,-105.0928529299983,-97.4841838561617,-100.26220734735088,-94.9270970587911,-96.2736705436209,-101.67141430136917,-94.21494639418758,-90.04974947491165,-94.38611204592814,-100.78722556305341,-103.24179060152727,-95.75458174029431,-98.97568541448503,-101.2111025862562,-99.46336494595192,-97.22671669845666,-96.19397307841763,-99.83864105148056,-100.35353692174718,-98.62346946501455,-99.99063839607636,-103.69585058303474,-97.83976315885423,-96.1734782179378,-102.13704287050106,-96.63838189243113,-100.07957808531768
2025-11-02T00:12:10,AP_24_9,2.4,9,wifi,2452.0,0.0,0.0,-104.83323075951546,-96.01480420791701,-96.33509659896383,-97.81077027964827,-101.15307392873478,-95.28256222152969,-98.47636697892712,-94.46768365002441,-97.66714391900436,-97.78886738349695,-102.7856729150134,-101.71335445539404,-98.7959413789182,-92.64834072712078,-94.3459516672361,-98.02146369753662,-101.33638026809734,-98.83646999367961,-94.99754810290216,-98.78938254362657,-97.95232479502782,-97.1281022887977,-97.4982753510234,-97.09698064663642,-98.4045683796346,-97.45675172879521,-91.88024957210524,-101.75864213667447,-99.32079464935725,-94.45527038045147,-95.6540423706898,-102.11960444560908,-96.24144730069095,-98.39921199534894,-98.03371421296072,-99.01382059517397,-100.42997655485085,-99.67333687529707,-102.43842728497077,-96.7876725756428,-102.2411659239825,-98.36824757082388,-100.13133333076496,-93.94480545567485,-103.6633758313926,-97.75073171681447,-102.58048979810374,-96.42374724346362,-97.40665083634805,-98.8622625014796,-97.79898520202929,-100.63322048628005,-92.82225050157304,-98.13660734284606,-99.71806803892953,-98.2349139209148,-97.55727176755599,-98.68991958043058,-98.01394441223451,-94.2768368780077,-94.74260610071394,-100.16883158391236,-97.92218022714593,-100.63878416315346,-97.84990910050952
2025-11-02T00:12:20,AP_24_9,2.4,9,wifi,2452.0,0.0,0.0,-103.44336052761284,-95.54930075868279,-98.54082468395644,-93.87800256868798,-97.41705405388674,-95.17130627960246,-93.51731855348338,-100.88456221727506,-95.89933920148519,-97.37009253526628,-93.01291986931568,-97.4485257400367,-92.99556882107501,-94.16743146344179,-98.82033702829735,-91.48492081884932,-97.30260230312592,-91.59716348084449,-93.6782351611557,-97.01705805852647,-91.7017010398149,-93.1787970272556,-101.83772132615901,-99.18753519284462,-97.64610981774206,-93.53952723510511,-96.57172219251431,-98.59636948315028,-101.13109556574398,-100.3396076447071,-96.85606270956976,-93.36106166988279,-96.68176950991328,-96.11048274612237,-94.99724133040253,-96.18159623669646,-99.16348036716253,-96.80359233704986,-96.39532375122513,-98.89008296846917,-100.82194681159164,-98.00075792330064,-95.88099578314613,-96.42408531288238,-97.15883412007699,-96.80104783755901,-98.27788558730865,-96.35172364820869,-96.05570396579483,-93.87857913939955,-102.57772461432141,-96.06474460107135,-94.55572205294295,-99.30429504100941,-91.47190338143325,-100.25746745128149,-93.86686840385259,-96.6164783544657,-95.31250286537731,-94.46475184099874,-94.03016456649674,-99.73329630540678,-94.30135442116944,-93.14188241922302,-92.08815590483195
2025-11-02T00:12:30,AP_24_9,2.4,9,wifi,2452.0,0.0,0.0,-103.76060941155673,-100.57231161342042,-97.20745898397881,-90.04232117022062,-95.49294183534566,-95.13905210380142,-97.88508350294236,-95.10036088170949,-99.94926371301807,-99.71738584471842,-99.09084075465536,-94.41579589677555,-98.21420304128362,-94.9805495452798,-96.05790408746113,-100.64416338345686,-95.00716553578229,-101.4435668298745,-97.68705292339531,-98.13583263445031,-98.90119432388983,-96.19753183715619,-91.78526262522001,-98.90268467578211,-94.52168574140192,-102.46376254540624,-96.46252301206285,-98.49415906833387,-97.29065608945724,-95.7468638175162,-101.28478616176115,-98.99257123681505,-98.97128859755381,-94.04696879162837,-97.19973885261773,-96.83531930617796,-100.83971305044209,-91.79760248449948,-96.9674463813485,-97.17405126389795,-98.8364807148888,-95.32309227954842,-97.95627431456369,-93.02530071496952,-91.52915819755555,-95.32201167392662,-93.68566390177224,-99.39093944707137,-94.88534438550182,-100.0786282589993,-93.28347240746926,-98.75129663281855,-98.90606271474799,-89.30855988184258,-91.21252818864947,-92.94110287584071,-95.19447698535289,-91.81787076594138,-95.24910584072889,-96.67820182361379,-97.31693260380808,-97.9083548683214,-98.57125324665783,-94.353373131855,-100.48032264190371
2025-11-02T00:12:40,AP_24_9,2.4,9,wifi,2452.0,0.0,0.0,-102.61466592884014,-97.46467745028248,-92.75164960521369,-101.10633924531645,-94.23522852881088,-92.24575340367909,-96.94287969146906,-97.25405585808679,-92.07498977311326,-97.41935209368029,-86.5237216832535,-95.11030927808618,-99.5217157573283,-94.96073125006025,-98.17879094846451,-96.50662156813833,-94.77846520100924,-98.15023085608466,-92.67480363675877,-98.04471098898416,-92.20944848348182,-91.80894729648689,-95.4095147732294,-93.15761110019429,-94.8688236090186,-96.00995630145587,-97.65355517805799,-99.5022928946727,-90.7206551570793,-97.73082997622338,-93.33131664697002,-96.2031565019493,-97.51747415084048,-96.02636467125167,-96.2345506167035,-90.00658655553288,-93.86599011084436,-97.41682133421591,-95.19975728880883,-89.04187251327392,-96.61691886182291,-93.86787851310851,-98.24713755317143,-89.92752618056514,-91.80113536065798,-95.08447446495879,-98.17141877985524,-97.32505864307262,-97.32035989245337,-94.46865551239554,-91.72966596947465,-95.99552037785928,-96.03882772384314,-98.99031489282959,-93.03523327183392,-96.69281730068057,-92.55111763300987,-92.15152727011679,-96.42995189954722,-95.85018381038236,-94.72934368631714,-97.34376838081228,-95.263442043315,-94.74470249802873,-94.067974436855
2025-11-02T00:12:50,AP_24_9,2.4,9,wifi,2452.0,0.0,0.0,-104.07659135039265,-103.00775236898005,-98.17606484908018,-98.65187953942021,-89.89321608743077,-92.46791525694317,-103.79442253233591,-97.3968153120699,-101.57344858473431,-101.18569353330017,-102.94112959314941,-93.4477876336386,-101.376172521012,-96.36741766835776,-98.06180393325846,-98.69223727604603,-98.6309018135401,-98.52350294725238,-93.47973113602329,-97.42982751788904,-90.87222803228426,-95.10620015990574,-96.73121681633877,-100.93736694599825,-96.19434731264171,-98.15710810666877,-102.06892126527873,-101.4997390728623,-97.42543539909568,-97.49013667318938,-99.22457009789468,-96.51146044575326,-96.71648640862368,-104.5182778034208,-97.51572668931733,-101.1252026860857,-96.8226277387057,-104.54496940562514,-97.63764202220827,-95.72142505107135,-96.83238807419632,-96.87193628840724,-96.30622108260096,-93.98572950991095,-99.31863907481899,-97.1815572458221,-101.46001279731603,-98.8413997696514,-96.92572579900987,-97.37503965004625,-99.33295270256536,-94.45301293411173,-98.78401534666078,-95.22550520404599,-100.96030981056676,-101.42874956706068,-101.59360674580174,-100.04870881007923,-97.1762791148187,-90.16980701789625,-103.81720680569077,-98.44777195870113,-96.02297910806064,-94.16152189791542,-96.4631735128872
2025-11-02T00:13:00,AP_24_9,2.4,9,wifi,2452.0,0.0,0.0,-104.39169362559271,-97.54924438909475,-101.28225378930877,-100.12613908306231,-95.17798491112173,-98.42601561209518,-96.69471024274314,-99.87874859421282,-97.19682935094764,-98.15323767406164,-90.01134398280793,-90.46056536644485,-96.13339552969585,-100.75305724319001,-97.4895635273237,-100.99629216747452,-100.63637450723651,-95.78245132448554,-100.04609853895424,-91.5253523345736,-99.76671137581049,-98.64786057176234,-97.30828230409563,-93.536946851705,-97.10013151417704,-99.26540432185276,-93.75401407705112,-92.51689621757363,-102.32565436536184,-93.67763124385819,-95.32620955308396,-97.62068209177303,-90.7761051956604,-98.9900733642453,-100.58311191949151,-99.85135080948984,-101.64161975216207,-98.9463288499696,-93.02063767907252,-100.25581193903632,-95.5640878402186,-93.77017779906082,-101.22555043184333,-102.76167945513983,-93.92353991961316,-94.52895645534957,-98.93255118981251,-97.91749534266287,-98.38038668206906,-96.00883785005405,-93.11033586572607,-101.10656868452102,-95.46530284632905,-101.06718468314646,-93.93587878343013,-99.53928043026457,-100.46521529106195,-96.2085390876335,-98.63508191075111,-93.7145490497469,-90.40112896610995,-97.90593954704052,-99.06591624913806,-94.4041591426213,-100.16600501166704
2025-11-02T00:13:10,AP_24_9,2.4,9,wifi,2452.0,0.0,0.0,-103.28095610384548,-103.7915570460148,-96.5553479290983,-97.2861566727909,-97.82820361160803,-95.31682405959778,-96.53756883915294,-95.58192813425502,-99.46381530874322,-95.95769324216826,-93.5841436932335,-98.06863440353412,-97.1650581510693,-103.7149547254405,-93.9180586387811,-94.8544827501404,-93.58840454585982,-93.72791368649482,-93.93657618633485,-93.83645905778356,-101.03034246735837,-100.31109145356382,-89.4087001275519,-94.27786213097656,-101.00932090557849,-96.64596462430903,-94.82486917979213,-100.93639083593439,-101.27689216494807,-99.70031457113949,-93.75641561930631,-99.76941059060958,-94.4521752546748,-94.6472137619661,-93.66700990681971,-101.15915026826215,-96.18023907551695,-96.93263832982505,-97.8240925574171,-99.17553880205386,-94.85526472962609,-100.51058824657295,-97.92334723830078,-95.28522812500586,-96.78333556282233,-99.47667926875822,-101.14550573088762,-95.00498825930995,-94.46365002565683,-96.23816560199008,-94.8768849338453,-98.50167385738837,-93.5877799234278,-95.54062565420995,-102.1352590880393,-90.62817543361372,-94.7222683338354,-92.1946209077188,-94.94566632004972,-93.85626600212728,-96.54679742397306,-93.9727601877686,-96.65736711373769,-99.6216482323029,-97.55601710901315
2025-11-02T00:13:20,AP_24_9,2.4,9,wifi,2452.0,0.0,0.0,-102.76483412469214,-97.41490020617186,-97.10232390718338,-96.00410116411764,-99.90834197200303,-105.55754960294513,-94.36354982002965,-89.02038728309506,-94.28811730299893,-94.34280822260328,-97.242542575732,-94.36018674089208,-92.21820224294987,-96.678477663292,-91.55971666316181,-93.66637430528384,-95.03441255921122,-96.88557519068793,-94.04630055088509,-94.82930279793796,-96.07294593378303,-102.21627712891181,-93.88918330019476,-89.44583606122578,-94.45528227172,-92.44216425482198,-93.47151328062228,-94.82654131756883,-94.34133253125596,-93.96341546838322,-93.55435501206527,-95.19836925066403,-98.0781449797233,-94.05591304845545,-95.57367187338848,-94.19761510628373,-95.78685252239609,-95.39397555561597,-97.18014664475638,-100.09258816202622,-93.8467706289049,-97.84870475174921,-100.27520482097442,-93.07331852074394,-97.35460028564125,-90.1910024497475,-92.20968677179854,-94.0572536569601,-95.79470174554194,-90.95294164095372,-96.01636338390863,-90.9817557365248,-91.64774334504327,-88.0591317851094,-91.71807219056555,-97.23565347327363,-94.16814527340884,-91.42523342863204,-96.44642081823254,-92.69174580249073,-92.96076546572148,-96.27804929631314,-95.24911327006049,-97.58089369843864,-97.16175283697929
2025-11-02T00:13:30,AP_24_9,2.4,9,wifi,2452.0,0.0,0.0,-103.50612213070826,-97.53492355208478,-98.43925699230338,-92.72224590661457,-92.84770871931724,-93.85512457922022,-104.01802407014323,-97.63205878167246,-94.81811015972444,-99.38359190344222,-93.65271269913039,-92.31919203128258,-93.89525379849438,-96.20671545381865,-101.02566746884693,-100.78095601045321,-93.86454262888577,-94.18348105903455,-99.4962775897727,-94.87133356518756,-95.34961473598118,-94.27360643068992,-95.50594198848945,-96.89052806309584,-90.16003889180739,-91.29570266673107,-96.92367857287135,-94.62367558841953,-92.866902420166,-98.63979028219559,-92.91407426685018,-97.77675440444803,-96.56197141108467,-101.28829084051853,-95.71404515702635,-94.66522754522093,-94.42906573651481,-93.66842292188747,-95.39458514450426,-92.70287783270278,-91.9505225087137,-93.49144875489394,-97.25446684795712,-94.43652570184328,-99.48498106591896,-92.77792619079429,-101.79624301321475,-97.53284010976894,-96.30856836712304,-95.44754352092099,-95.10931361646303,-93.50871625749785,-93.65299941505016,-98.94555867923671,-99.69337693309683,-96.76819698696652,-94.94554990240923,-90.35807582941916,-97.43969561278792,-102.08367145633594,-92.45011827600852,-92.65783505630068,-98.1874536536927,-94.30761149098996,-94.94953230742938
2025-11-02T00:13:40,AP_24_9,2.4,9,wifi,2452.0,0.0,0.0,-104.44218102323744,-102.41497550180055,-100.68550252351172,-96.90311581907622,-95.52900637045235,-96.79715504840382,-97.51942861654052,-95.3309414232977,-94.42419673663689,-96.62854797338827,-96.44591417974317,-98.19427157632778,-97.04038072973336,-99.11201520427666,-99.56682021226653,-95.6560906945644,-97.20491029449356,-93.69018755527743,-93.39166431918207,-95.38241757272364,-92.76616981393296,-94.95525381112745,-101.46546291518526,-95.6447417014923,-102.28463575625571,-95.53406313630954,-96.32797881064114,-95.04493236952838,-93.59777755378957,-94.1914582332158,-100.48940578446954,-99.99240584879253,-99.72004802364319,-98.11451217911286,-100.95057981242542,-100.33287025307209,-94.96569596624389,-99.62246713744771,-103.46105676807778,-95.38472380073907,-95.87819918167357,-99.28469692520547,-97.39494880096244,-97.99815483966802,-95.53594617958478,-95.39700274370472,-100.29723008217422,-101.36801662225321,-95.00446059708388,-101.89347069190732,-95.09919144432979,-96.45298887351646,-94.07197010095409,-92.20379390758714,-93.06089273432691,-96.15959568311608,-92.18864190848612,-98.53588047778162,-96.16793779221638,-99.24332512582606,-97.36803362200503,-99.48096666816191,-95.66660607952005,-100.76669573516122,-98.29689879153008
2025-11-02T00:13:50,AP_24_9,2.4,9,wifi,2452.0,0.0,0.0,-105.19472578287615,-97.4263056302413,-103.58800937336078,-99.51039042005158,-101.11267228479954,-99.23488221308175,-97.5531797996062,-100.35413189147177,-96.51334888306536,-91.03526377370471,-96.93798152714582,-100.8953687129555,-104.78299071914799,-96.39396374945856,-96.91539482660761,-99.12955600235354,-97.64416086414234,-100.45297080619567,-99.28841937385434,-98.97862904958421,-97.64129235018443,-101.8664520853091,-96.0262077871234,-105.27498340992364,-101.4838706610164,-95.49585006608744,-98.2994915719561,-100.42291148522476,-96.48870695320399,-103.40857014801956,-96.99844297662182,-101.41939596551912,-104.60330915290812,-98.56318358698098,-97.87142440021037,-102.3415374261716,-100.30326899571322,-96.53840228066366,-105.09702641579574,-98.39701467061394,-100.24962881432964,-100.67269542080554,-100.96758488024663,-103.90129476160256,-104.44082447222979,-100.59705646731713,-95.53083138480848,-97.05532134417874,-98.83620553290636,-101.00030926286499,-100.8356263328178,-101.9422022772511,-101.2087890513141,-99.65130752723297,-96.78102533777559,-96.49821971779332,-93.67943225301198,-103.5423344057616,-97.9797600529804,-93.50619205221972,-92.34783344939154,-92.83483501647584,-96.37741506308235,-95.82957734721214,-100.73357917850103
2025-11-02T00:14:00,AP_24_9,2.4,9,wifi,2452.0,0.0,0.0,-103.08997270122973,-100.29956657241482,-95.90277947167502,-96.4475720521803,-96.04896894165898,-92.47767287165692,-94.75519982108331,-98.1617697950084,-96.33102767982759,-95.15872485505545,-93.63538455811329,-96.96762363106666,-91.93706500728122,-95.9790641802666,-98.35605195954123,-99.97677607350086,-100.88504203100635,-97.89695350028816,-94.35682472611602,-98.31494401799903,-98.42809579731251,-98.91946817848817,-93.43470818337508,-91.64551878169799,-92.91261480196793,-99.10604358343954,-99.005599475621,-94.65520229529255,-96.55350948992272,-94.41737950584007,-97.25822361473107,-95.38442557646148,-100.3570754579441,-100.21217353815084,-96.52089163594879,-97.86564876375108,-102.72666952563051,-94.77736250889174,-99.13112352531023,-97.37132158317577,-101.93738483807132,-98.66089635863452,-97.03087974125656,-94.80051705942967,-91.82797666491795,-96.43363381205569,-93.97185570104509,-92.20101950865953,-96.80011329142698,-98.44564308773455,-95.3382449062326,-99.83249907539658,-101.97841473041117,-93.14196254712365,-97.8731397567191,-94.91148105887171,-94.18735916264325,-95.53331243015558,-95.22695115437732,-93.69878599291579,-94.74281279515692,-97.8152310728461,-97.77618928770777,-94.4795056446221,-88.83612894641797
2025-11-02T00:14:10,AP_24_9,2.4,9,wifi,2452.0,0.0,0.0,-103.94284366223725,-94.42954907835096,-99.27623085672715,-96.64337234697885,-94.42254435602577,-91.06927428301496,-92.55430210033525,-97.93869957455654,-96.74168668507724,-96.57477197534668,-98.62252997872913,-95.14003191699518,-100.9615877849753,-95.70927165168547,-95.61288121284994,-97.01992099301624,-98.73415672271942,-94.4591655332271,-94.50580649531291,-95.19056666795782,-101.04920076248837,-97.81410670122668,-95.18837679381782,-98.8883892753788,-99.01726982206041,-100.0687324289454,-98.57193040329625,-95.76440613151631,-96.26885470304346,-99.53842686490205,-101.7670154644154,-96.59699746370912,-92.26554783121563,-98.85867177619463,-97.49216957509228,-88.4746994463666,-95.1211378987841,-96.83467488971522,-95.27211187767199,-98.59040188981983,-96.34139269803762,-95.5795930085735,-95.75428520122946,-98.24348750219329,-96.60789782400929,-95.8021453013213,-95.31980537268937,-97.03628069131695,-96.65514249935316,-94.83336599451232,-98.45251620996989,-98.20180771376478,-97.96613388925064,-94.43936793127432,-94.90028971995565,-100.18826145371624,-101.36575581602763,-98.08512103947348,-95.85205652241649,-90.40415522837326,-97.9772195613792,-96.53638106404628,-101.41960819477288,-100.52856328273423,-96.98457552063279
2025-11-02T00:14:20,AP_24_9,2.4,9,wifi,2452.0,0.0,0.0,-103.6652085361413,-99.16461328360381,-100.96378454264925,-96.76056096087511,-94.05454034144033,-101.48234512805487,-95.5835817533044,-93.97669825424637,-96.79614837689927,-98.49398089591016,-97.01916244115004,-90.88319060084325,-98.84002739887873,-98.74627612818024,-96.04171651811507,-96.57747480276898,-89.23719412055567,-93.4235066667151,-90.29117252140264,-94.28257856771522,-91.43801685464986,-101.15681627940047,-96.61891012783512,-94.21069040092144,-98.69288767826377,-96.14172196969706,-99.44947415321515,-94.47930901448085,-92.03213397752823,-95.14757842494038,-100.74190536041702,-100.07486118414853,-98.79443301711679,-96.45208810926925,-94.54304503249838,-98.93509912484942,-96.07439828231061,-97.80838493709403,-93.20861068853797,-99.07457146130587,-96.83631398278102,-97.56520613510465,-101.74051902571743,-98.99716614588583,-96.1839989040829,-90.70826305095396,-90.91918632771582,-97.47261498030386,-97.46120066136515,-96.79416556453363,-98.30728562538768,-94.96255730885899,-91.95774125986188,-105.33734229806657,-100.63759860901007,-103.4175046465899,-92.49965330445959,-100.96419832832377,-94.5536113983187,-97.39856181618134,-95.17103121919808,-98.60929732320734,-93.25272652679644,-96.26414045299664,-98.6859880459929
2025-11-02T00:14:30,AP_24_9,2.4,9,wifi,2452.0,0.0,0.0,-103.99695792700136,-93.45682674158797,-103.3184046823887,-96.48076874646995,-94.03104246454217,-90.31705130281152,-95.54351561801667,-89.09951216171561,-96.62707169681778,-100.47295639491665,-101.47884859538917,-95.95802705166892,-91.12491454711915,-96.98192495045086,-97.1789067953199,-95.8478304045602,-98.30728376819596,-94.78587565693094,-94.42699297829803,-97.13297077609889,-93.7398574679162,-98.83777694105237,-102.2275560738011,-100.04124002537512,-104.048303613378,-92.32847456724363,-97.19523281408678,-98.59668714061702,-96.62864032709244,-98.38711905811338,-95.19419157915394,-98.32786215304453,-94.47728247749892,-100.78759771492558,-95.13857529699625,-99.06571647803595,-96.15113578821631,-99.62279864310784,-95.12735002845812,-100.67655471738578,-98.32530481920432,-101.92997439828244,-98.10479778843798,-92.56276544021455,-100.39952665195591,-96.29764471047622,-95.64283418827318,-93.13190586333045,-93.18966622985528,-95.07296753327806,-98.09495822560906,-100.48731433720845,-100.84520975082202,-98.70164109190553,-98.00991081229618,-97.21136845596726,-101.46959442903022,-95.3647267995639,-93.74845696474753,-96.06976739540295,-101.70075878047736,-95.59969461723963,-101.56988193645408,-98.3423980733019,-94.5598942020761
2025-11-02T00:14:40,AP_24_9,2.4,9,wifi,2452.0,0.0,0.0,-103.18729951325928,-97.64394621258919,-99.93983425036474,-96.8711687941029,-95.12867389288694,-96.07761379998315,-93.48838345258127,-97.17951862355308,-98.18327905481473,-99.23423994174593,-90.648941913967,-98.92038555632675,-97.99846977219548,-98.36632818307116,-99.09628047240989,-94.98153897493383,-93.66257061410596,-95.21785379622628,-93.48303889385413,-98.33383022777875,-96.59643024626605,-94.50471107292476,-92.15423717169891,-98.86914138053831,-102.14701358554483,-92.56021414178461,-99.34832646432427,-93.38137549698885,-98.29763448899314,-97.09775332721107,-96.62893061894597,-96.34815526618881,-95.17677081539846,-98.01619592192382,-93.74628423098919,-93.57038715544647,-95.50341198214639,-99.88467805080151,-94.46108096245955,-94.01669263315961,-93.85088787074892,-95.9458597562579,-93.55097958651189,-95.24203695772724,-98.7066467663924,-94.93996452466413,-92.92285072694555,-99.394052149868,-96.24929248121106,-95.87214672355148,-97.04952980192408,-95.2485221015524,-98.99565596436656,-96.07983791211927,-97.09300956402431,-103.23143021150423,-96.40469762259373,-92.85878933565218,-89.98021301565899,-97.74835202074786,-97.74229594588954,-94.71238051529737,-98.68743092186358,-93.4946520328928,-92.78618970626786
2025-11-02T00:14:50,AP_24_9,2.4,9,wifi,2452.0,0.0,0.0,-103.38711566799219,-95.20224365202576,-96.45120161244024,-97.91278647076582,-94.6188521909955,-98.07701100837401,-91.85809442813463,-99.59780625849173,-96.86378157663168,-94.55911412684536,-99.80236690858986,-97.20028682521203,-96.4556328169123,-97.74607032803341,-97.38836710398672,-97.14444483367204,-89.00323095547628,-94.67197728856623,-98.85418257093141,-99.30016844154093,-94.2976722727917,-94.51612478353573,-101.11204696921402,-95.58055619468568,-104.36992595269845,-99.31768487923236,-95.37843580681806,-93.66360715343689,-97.83597503114756,-98.75471257692747,-97.53119575459338,-96.39348302520776,-99.04219355296271,-94.99697619591977,-92.79616193419234,-93.24976255260648,-91.53490055797917,-98.13513667573,-93.21198831488816,-96.12391629718577,-89.5139865205455,-95.34629392256325,-95.9883628861857,-91.85367668387353,-96.02064633994596,-97.8995794039178,-91.9227383057694,-97.59893913745738,-99.46252392758683,-93.79681942955058,-97.16029073235354,-94.72536052083056,-101.98377269502333,-94.97452388994498,-99.51422808584243,-99.33569130101478,-99.72422270608091,-86.78185794839504,-94.83352859923586,-102.23544000253604,-91.0069810733609,-96.16733631614639,-92.67352108416831,-92.84870110449837,-95.75213023186227
2025-11-02T00:15:00,AP_24_9,2.4,9,wifi,2452.0,0.0,0.0,-103.00397227614836,-96.0175485413452,-96.08612933005942,-92.80473145905295,-104.02253509044698,-96.01784228466748,-99.91029493011835,-92.25989492957183,-96.21252823273421,-96.8565040206437,-93.13984753832901,-96.57945992032535,-97.99035586994792,-97.8426357239088,-94.58605069172938,-94.74306593396639,-93.94471126992754,-94.90660531344408,-96.291625927929,-94.67414739252435,-93.53552004777123,-98.23013445082434,-103.24715141317114,-97.50493456721132,-91.43957617959417,-93.21010738807256,-93.96525352969985,-95.68736402323509,-94.78893659726678,-97.502265470354,-97.71073298987226,-91.73152637850158,-97.0117523665501,-94.42849374581651,-94.2868173848091,-99.86742197781047,-95.27318668462628,-97.30768147660466,-92.56059558380753,-100.68426006804687,-100.9764960551891,-92.6189753415744,-94.24562511677982,-94.50257676182783,-92.65326115287866,-96.78932950494028,-90.63970594404978,-99.9445913700863,-97.20214439216782,-94.74400431705516,-99.42360026095936,-95.07249630322151,-92.33580203082927,-94.20871691016977,-94.38264845414871,-101.12833879436701,-97.63915231738437,-97.07068395948366,-96.04705810713828,-97.34807386877141,-97.74569704818809,-97.91212305526687,-94.81469514306941,-93.51451872416354,-93.36249534496785
2025-11-02T00:15:10,AP_24_9,2.4,9,wifi,2452.0,0.0,0.0,-104.46912373844332,-99.17789380282889,-90.88791202361843,-100.7829493797324,-93.13395681049775,-97.56658077597483,-90.80080408942291,-99.97868625295517,-95.27595471823628,-99.83339267288174,-94.46751158281803,-101.0031709837404,-93.80025353333805,-95.26265942353602,-94.85080884498706,-92.5570939517854,-99.70529018911009,-96.81655017765004,-94.359322152836,-98.49882499491481,-97.4862268538126,-97.50957812678358,-94.6259020547405,-97.21093644604362,-100.1469173887091,-96.2360733469387,-95.97423273062954,-93.39944035244989,-95.14726612271222,-102.22309123279709,-103.11520995061444,-94.83065880905475,-102.08707670619089,-98.91170859107604,-94.46788110837127,-102.92173176969506,-88.73844136724666,-89.13978696534782,-96.98973862141908,-101.04863177146763,-100.21678644732307,-100.76259915252497,-95.9630791955758,-97.16450099237008,-95.94813035359022,-99.57592711527025,-94.70662500922596,-100.2857404343067,-97.29339324949427,-98.97037303821412,-97.5978904529849,-98.83453276468344,-91.12169638693516,-98.25168912948887,-97.8957361254852,-95.31714331071821,-97.02864856680878,-93.86787861623638,-98.85359462619581,-99.89311771768296,-98.94915401674696,-99.45193085791259,-98.56020540723515,-95.8236332850699,-90.8371677129776
2025-11-02T00:15:20,AP_24_9,2.4,9,wifi,2452.0,0.0,0.0,-104.92444682649392,-98.288072395386,-97.20796190433269,-99.620623737066,-98.50226971746301,-98.59574791541345,-101.2532539731962,-98.3309462818765,-96.75105148121729,-94.81223532843215,-97.02628556972313,-99.91944239246533,-102.94444872516323,-95.45870791748521,-97.28426718004228,-95.75537753894177,-94.46113793129335,-95.00344686904343,-94.48692316413494,-95.99489324005074,-94.4666926940651,-95.87337379583683,-92.67056937280526,-100.83263765356577,-98.80551653050189,-97.71580111624348,-99.20820702134046,-100.70824534815054,-99.67763719279188,-100.65711581647375,-92.21011152501944,-98.28249214030082,-92.75294444892825,-98.22320272668847,-96.81188857826672,-94.67672515442003,-96.04306883336467,-105.85781668698127,-98.7322391812893,-102.00426651087986,-101.6701989850527,-103.17951902740842,-103.80836429314722,-102.07481284131168,-96.54801682356798,-103.33118088949506,-92.69472672691418,-99.50567285737715,-100.58541829567292,-98.27742565676435,-95.4951665622937,-99.16469707621636,-103.46122362206033,-97.53268520114459,-97.048564357498,-97.99637216598181,-97.04440153226471,-93.39109966266976,-92.26693210331776,-93.71433415214139,-97.91029060536992,-95.71096272029587,-96.43635359860701,-99.15638492716805,-97.30393798792782
2025-11-02T00:15:30,AP_24_9,2.4,9,wifi,2452.0,0.0,0.0,-102.38652010342079,-93.954037007307,-95.40823885568267,-93.03907938518047,-95.24016559465467,-96.04485947941127,-94.65126785073655,-92.08547667062,-98.40560628772965,-94.94989745891503,-98.21821980859458,-92.02319085643947,-94.73007029903697,-95.48835557136009,-95.32636934898089,-90.73470107220398,-92.16198694134602,-96.80925162424391,-96.59832621031072,-94.42501688784888,-100.91660428343312,-100.07919359247123,-94.87961797242026,-91.82066246345299,-92.12370424315952,-94.00129928182503,-97.20021155855626,-94.68060223465451,-94.1177638707836,-94.3278631401028,-93.3882118272542,-95.89304182528123,-94.92469897072036,-100.59095865857783,-96.97625302039464,-97.44974492079979,-94.34790175038854,-95.25241584287929,-96.58586476911427,-97.94360571599127,-95.0185105976075,-94.90963484287508,-92.7618572415629,-92.90302499874844,-93.37212848739497,-93.68716775300369,-94.44911249038886,-96.11944530378084,-98.78369487983684,-98.83395800741907,-99.19527142452301,-96.48843955706744,-98.19304736747478,-91.05836624779013,-90.67812111360016,-92.806082147497,-95.6230702427393,-94.41685257250418,-97.47787138671545,-97.18391296871295,-91.7529305518659,-90.08513910324704,-93.8581663267742,-92.04429258473299,-99.59453055228028
2025-11-02T00:15:40,AP_24_9,2.4,9,wifi,2452.0,0.0,0.0,-106.64334959806895,-96.53359953238072,-101.6745093399824,-99.6669931794666,-98.25787824574188,-107.12352933594309,-98.70186265526898,-103.06541798638547,-103.66442003300946,-100.6191405960319,-98.99873755649568,-96.14293999618543,-101.39648190480993,-100.46789823453777,-106.12142734470855,-98.73410507320385,-105.10175267913948,-92.59829086042146,-102.6501692167102,-104.77830359935413,-100.32974481250804,-95.76589810402434,-104.68461853600145,-95.9617045425463,-97.15427265101499,-99.2335039092097,-102.27855733536998,-102.8425136585735,-97.66163336941031,-101.67176637545992,-96.85918423596108,-107.56769394996297,-97.12461869924186,-105.4013483779177,-95.70085532482686,-95.23390135402397,-100.4068120031818,-99.15908523153037,-101.04021699740751,-100.23299352088354,-99.85781838554848,-95.92122404692768,-97.37891011571888,-103.34067951677584,-98.070620954017,-99.45774828880106,-94.69750288710213,-97.3793652631554,-100.05906897796879,-98.64854090402613,-101.48416496158401,-99.21790007252271,-102.17866669327394,-98.93722351238316,-97.56909766884,-94.71860166245781,-102.23592610013563,-98.29665667183488,-101.6529822116191,-99.79149486631482,-98.44426914584216,-99.70958750319703,-97.53174111727111,-100.48489894580942,-104.36793716219687
2025-11-02T00:15:50,AP_24_9,2.4,9,wifi,2452.0,0.0,0.0,-104.05779159572712,-99.62904235901172,-97.11609605777385,-96.28598976575122,-94.65506490153342,-98.82980409790544,-93.79353750810395,-93.65265348499568,-98.12218559399138,-96.63179235181457,-97.05247631386497,-97.25285220701592,-98.53864734607345,-94.77412378126371,-93.14157235826396,-95.402639564699,-91.99056090620189,-98.57367904390524,-95.8801171793326,-97.76970400602612,-98.7099069803703,-93.749605595808,-105.93069306596249,-95.43675039019097,-99.68763639648215,-100.21479831815854,-101.29183679457152,-98.37374535230616,-99.06454240892667,-98.72749239183868,-98.28699427772763,-96.52585009407417,-100.48069105362282,-99.21554884104141,-96.12421265352621,-97.82338277307471,-88.4287828390206,-97.07852795481908,-95.9644226039064,-94.5846642734512,-99.21969393425199,-97.76950178765178,-102.34041157832195,-99.376159487527,-94.45185646122856,-95.61754586466026,-93.30020999829793,-100.65335539200825,-97.88316813987974,-98.89273376264427,-99.13921996760845,-92.31542283088625,-96.60431574650525,-94.16078494174354,-98.86749361927895,-99.9843048400498,-97.65399920237722,-92.53927985869271,-95.69097388518917,-97.04450705359363,-98.22487266544624,-100.5720494940857,-102.32724878891803,-96.89705986868127,-96.28709266312195
2025-11-02T00:16:00,AP_24_9,2.4,9,wifi,2452.0,0.0,0.0,-103.72619641678394,-93.89570034775652,-95.48105748902303,-98.47116573263932,-102.3983868628655,-94.48391113936428,-91.74936008454362,-91.60281170574935,-93.67777715043908,-94.9380195993642,-96.22440846339386,-94.98642688527528,-99.0895197720094,-99.71713532825883,-101.87744800120291,-93.16897613021878,-94.85060161233989,-97.05841850517535,-89.76019161685096,-96.64185564653513,-93.40308071283731,-97.71392182636272,-97.55294234877624,-98.98968457537549,-89.79686716466986,-96.84569576627258,-106.58804240215758,-99.41940439786447,-98.48426842046243,-95.20389836182909,-98.52725606679101,-97.25036103871125,-99.20510040381838,-98.28401536879491,-101.10809018134754,-99.29254494591291,-103.51749889432641,-98.4178706909936,-91.4024740545569,-93.82178496214584,-92.30865958561579,-98.06981279136176,-95.16849853795384,-96.10179749353871,-94.75567411613193,-99.2418991008054,-93.17794445633709,-94.10086410812711,-95.00041533042268,-98.09649691205529,-98.83519110880405,-100.45910113810775,-92.12172096929103,-97.59256202082567,-91.82697233780961,-99.87070085968254,-96.4870416312754,-99.96168842281585,-95.9614128601416,-101.15494104285472,-100.25704512466528,-100.85932319286114,-100.5300457710743,-94.34811735197603,-99.83524451705534
2025-11-02T00:16:10,AP_24_9,2.4,9,wifi,2452.0,0.0,0.0,-103.80069198324831,-95.50803526070558,-97.97213966196182,-100.98170855630102,-88.6050116626396,-96.01932011603186,-100.01675832562542,-93.65869700823492,-95.82423291889732,-96.65246270179435,-97.25105883350841,-98.3117274727616,-97.39790042679181,-94.42053348047183,-96.62465883226663,-90.63236267793638,-99.1404598907108,-98.57837860131812,-96.432274384803,-96.2694109220556,-101.59876792338375,-100.40469394978443,-99.52374534037605,-95.37705443613072,-92.17273546986506,-99.20062083497743,-92.12717264017263,-90.1454323379194,-96.64995913343262,-101.7109379003522,-105.15820217222925,-93.15479829455998,-95.09806125637506,-97.28654377491922,-94.74386445493472,-95.64031776492327,-94.52509169944602,-94.00774139074696,-97.26819744265993,-94.36245812669908,-93.0531086334692,-99.03304820211878,-96.56591428104647,-101.53644235254623,-107.70344925034664,-97.68771753846268,-95.60460582607784,-93.24001893454071,-96.24139517939143,-94.85179651503812,-97.55274851050564,-93.9575313940381,-95.83800224122864,-98.07497185043137,-97.15172500139026,-95.51061198002925,-99.52827522585459,-95.9220946177269,-97.89369211005618,-98.22835421483083,-97.94771871775986,-98.78280640822926,-99.89031562833982,-96.54540114046878,-94.15481811143128
2025-11-02T00:16:20,AP_24_9,2.4,9,wifi,2452.0,0.0,0.0,-104.35004223498827,-99.79614564773217,-97.67845089259868,-103.11279270448094,-98.71230833598855,-95.67306252713666,-99.21284458860801,-92.79582152322988,-96.38694324290245,-94.81336359232643,-100.38091074649769,-95.5659812298211,-100.10717147650612,-100.15706646404303,-93.82989867283239,-90.41555354997624,-93.49320601577476,-98.98036160312779,-99.50068415140667,-101.82189373177266,-93.76350990617088,-92.93618353400245,-93.94954463893043,-94.43139004961847,-97.76233050125872,-99.18069505749155,-97.18864489019474,-95.71561881746995,-105.6473782019636,-95.7055490569635,-102.06290756982698,-91.54321832358268,-96.19426211971117,-95.01245516643077,-95.88866731436752,-95.42226650760031,-96.83681182118204,-97.02937919857351,-93.37990333819985,-98.35179702844823,-95.28112886537504,-101.15478795188433,-93.76410431682092,-100.64709731053233,-99.95104977655306,-94.18442243797841,-99.15714686927768,-102.82691910474124,-100.20960116987166,-95.90365461060568,-98.90290263083665,-91.411540831325,-102.700580013751,-95.61707273733647,-96.40037236505285,-95.2293038198229,-99.03177999552888,-103.15737314505417,-97.40001494164025,-101.26874787539997,-102.20117239547298,-99.13020915839924,-98.67556591761607,-96.43615593207817,-98.01835826381749
2025-11-02T00:16:30,AP_24_9,2.4,9,wifi,2452.0,0.0,0.0,-104.93949501818662,-100.00666031491443,-95.01880919571155,-96.27372119815777,-102.58150651446864,-99.64129143497921,-98.04316565366975,-94.59340541967164,-99.67332301729266,-102.94416713665599,-99.98257985675544,-98.13238546879435,-101.5292416534972,-95.58637866469726,-104.86381804251515,-98.98627340740708,-99.41404213386086,-101.58605356109089,-95.84942111279607,-99.86526575745856,-94.16831625622306,-95.738713749843,-96.56239966410396,-97.81013603167231,-94.19885725468856,-96.37492764014002,-100.00766211789991,-97.57138546736243,-98.2002590738396,-96.37119433128495,-92.6591711989505,-95.27118537329169,-103.33170415530923,-95.9800885485411,-93.74041542552607,-99.29284549196322,-92.67471543929463,-95.27974855817116,-93.58284899582617,-99.55545094099317,-99.13861555636184,-92.81876491094265,-100.00263111807372,-98.72998355692378,-96.44430212694131,-92.51111075411048,-94.8879347915055,-96.20946247256248,-94.51774260198597,-94.70990885365666,-96.18160323126949,-99.6866496296794,-96.43204577996089,-98.43996744382156,-96.11320268003935,-100.97651273197525,-91.05964940898538,-101.1646478810852,-100.63996258927634,-91.93248958498435,-92.9957562958592,-97.4575351640054,-94.49407504242498,-94.64817299375302,-98.50843360795797
2025-11-02T00:16:40,AP_24_9,2.4,9,wifi,2452.0,0.0,0.0,-101.1934068433568,-91.55825145875342,-92.98963011591863,-94.89424655311574,-92.47644112079847,-85.03301797291414,-95.84287532600217,-94.5782743793122,-89.80461123690745,-90.8894472621028,-90.49649709337646,-95.46808530227506,-98.80426724139554,-92.55349777715766,-90.2633921247034,-97.22540888223601,-92.83229091244723,-94.03359001521078,-95.04692140214792,-92.3370454571027,-90.80169403817094,-93.19985474599979,-92.42129946572942,-99.4530523244071,-91.60729754626553,-94.92302715221709,-87.599830849767,-94.87567510737408,-96.14209960333508,-92.85840722458576,-96.50071702007655,-93.61369170776656,-95.19267293708907,-90.92041876505891,-97.6413045449527,-96.6352415585331,-93.00127324290534,-96.59811302817322,-90.93617110105943,-94.09553477292563,-94.59391544602103,-95.03257810559246,-92.14897367263168,-92.50837552099934,-92.84872746595731,-97.3491231668386,-91.08912060953475,-96.98193947172898,-92.11045902661537,-95.45451377394191,-95.42126858070851,-93.84605459715873,-97.86716218395333,-91.94246472965456,-91.30748988405072,-99.58127645427254,-95.59618730989577,-95.37418468424319,-94.58651364574845,-94.18173899103797,-91.83676534624391,-94.53937335578061,-94.73365779055823,-90.48404536335248,-95.60548442758227
2025-11-02T00:16:50,AP_24_9,2.4,9,wifi,2452.0,0.0,0.0,-104.41714115555928,-93.12880193091767,-94.90345300333891,-99.58958461217381,-94.71931961001094,-105.13561066530735,-98.3775997558987,-94.63103440883673,-99.74510607810046,-102.32439621590974,-102.83789498408582,-99.70483438402317,-96.89668661357966,-100.4497252794439,-95.6814426880521,-96.6140548412895,-101.43564800441952,-99.72961313447009,-97.47146403929665,-95.91419909160147,-98.00406303168685,-102.02288449477261,-100.06934744354102,-99.28523059392246,-100.52404188882332,-95.67951547528773,-95.76287941779789,-96.65051141437085,-91.52206197061608,-99.70415230515925,-96.45481640100762,-101.87577024894736,-94.90265784998628,-100.03051634120087,-100.80752071805502,-102.0695623896649,-93.19190894281768,-101.02569698720127,-96.43712531777375,-92.2113801877257,-100.28662888012501,-97.62373101270022,-95.5667861261779,-99.33425864129717,-99.99098318366373,-91.38952146277519,-93.89027058624394,-95.21305772445457,-97.56671653344813,-97.87219174232979,-95.47527223586232,-96.03475528530971,-94.774538664509,-99.36111700490358,-90.94987223554462,-94.53473199644023,-99.92845140133255,-92.17798386578112,-99.8196369999641,-99.2690734160486,-99.85845608625462,-98.80336390363172,-96.92874296715867,-94.34556403793385,-96.16886275045233
2025-11-02T00:17:00,AP_24_9,2.4,9,wifi,2452.0,0.0,0.0,-102.59768062143515,-95.62830134861781,-96.96293052409081,-87.60889242813758,-97.4052369586074,-102.23167422253728,-95.44295293770162,-97.28690058008843,-95.66865904821155,-91.69472989175371,-101.83907454977508,-93.33807984249594,-96.8967436443524,-96.0667023185023,-91.80107438099172,-94.10808529568055,-93.80674181766041,-97.84640624017729,-94.79100682991717,-98.10764834670178,-92.95720491115893,-99.34953285834152,-91.1023966529113,-98.19018306335474,-95.69559092898838,-98.12264068155375,-102.5306496471965,-96.04394532614441,-93.11421288439851,-91.55636857159632,-95.22914137857026,-94.58513075851927,-97.45034724481597,-99.06983374431115,-95.83132882381534,-97.67225475221544,-98.58084083514521,-95.8262185732229,-93.56131590514845,-96.02257020866202,-104.23232522279855,-100.07116987509367,-92.38274537429321,-99.5444135613918,-98.36682883710564,-97.38262390363946,-95.92498663123189,-92.19181943310338,-98.61585445606501,-90.18906453993712,-93.54496090336801,-96.242304839602,-92.95779048078874,-97.58557755159192,-95.52029414210877,-97.70993664639835,-94.07078064951679,-99.95598022757828,-92.76606077539891,-99.86192176300864,-98.9757497455004,-96.79871011283895,-97.43646318353538,-95.02374855338581,-97.1700753768668
2025-11-02T00:17:10,AP_24_9,2.4,9,wifi,2452.0,0.0,0.0,-103.58646303869234,-99.17734191679507,-95.49733751458474,-94.60070786872498,-104.45834348157972,-101.88986194022986,-100.90179148125445,-102.64967633383509,-93.26491689536884,-102.03714868827716,-101.36392351726364,-103.34981056634727,-94.01671653059627,-91.4475270810417,-93.14318972618034,-94.47231981752347,-92.19460889928534,-100.48473977770179,-94.57161767681153,-94.05726047982473,-93.70018870930615,-93.27676573061183,-102.13028853941799,-91.71283315346398,-94.62917151239752,-100.10274526455771,-93.3589264868298,-95.86807789426419,-93.52549741628955,-97.00742685772897,-98.36100872555397,-95.41281234723098,-96.13535886108426,-100.01951670662558,-97.28009401211256,-97.77545243479997,-95.9834467933702,-98.72169850199396,-98.78488080391604,-103.19777190983248,-93.52765323898299,-93.17639066608459,-90.51053665194979,-93.60350892752835,-93.4653605120258,-94.88162924577276,-95.75131921410828,-94.1660983716492,-99.01702450757104,-92.94289965553999,-91.54086692271053,-97.40923848483052,-94.66528094046278,-100.36302239489095,-98.17681328957977,-95.06224189631469,-95.80938628478368,-92.69360262951704,-95.57789676040791,-97.27221386500588,-97.95852173855415,-92.16078621409407,-95.73180785413106,-96.35754466334882,-94.073999612325
2025-11-02T00:17:20,AP_24_9,2.4,9,wifi,2452.0,0.0,0.0,-103.70343022129116,-93.65713437135965,-94.33762982862949,-96.98715948404981,-93.720280975466,-96.33498188976375,-98.107743721545,-96.77783314223113,-99.50731493666056,-97.54861943245851,-98.57188952724013,-101.18243426225519,-97.7660843992934,-95.96805477357843,-98.7195384239755,-98.52122327149655,-99.025692498296,-96.02615199183862,-90.25459993869542,-97.39569878390394,-96.94288245641162,-92.08265803619449,-102.72253859876369,-95.47601097855609,-96.36619926517774,-94.86178989965322,-96.51253134918093,-93.47664362667017,-99.2382039824955,-94.855339527683,-95.89204140604926,-96.86196508084159,-95.98063062548755,-96.77299661306145,-96.97555608428137,-95.61981938394052,-94.09234410015756,-96.08869747926015,-97.16298566072295,-94.29773281912942,-101.9399122221629,-97.31711412310698,-95.5580407097357,-95.41012107681945,-98.12680365355878,-97.2333462873504,-92.81409983615337,-94.8740248968694,-96.61264568026591,-100.29636582102296,-95.66470559155687,-93.99010070641225,-97.10875436122274,-96.94554696901345,-98.65705342285828,-100.99317179783523,-97.59855266842041,-94.92517790255384,-94.80176311564763,-97.5769796832059,-101.7275244808275,-99.74741561528518,-98.86946730919792,-101.16456749670712,-96.00673401310118
2025-11-02T00:17:30,AP_24_9,2.4,9,wifi,2452.0,0.0,0.0,-105.29826568986866,-100.66283494000918,-98.27018841856669,-92.94106408924691,-99.59700647971418,-95.69645209204718,-99.99691376683745,-96.28471271108423,-93.59134741359009,-97.17728650406339,-96.21438670376595,-95.08522184955896,-97.12323443180415,-99.11149578391618,-92.9706211482822,-104.3255072858643,-99.88622041647162,-101.4996900564678,-99.67152593891272,-90.92047239720755,-95.96993868984237,-95.48545367814724,-98.20222967947878,-100.14535282638836,-93.10150357802871,-95.39800029451098,-100.76429070254457,-101.34939224331524,-98.90904890101936,-100.38717249689118,-100.68637569472972,-96.7983191444534,-99.52212814553707,-102.47259699519569,-100.10764489807218,-102.09981362864896,-99.86363148201748,-100.33724835967378,-96.15451131216152,-97.77202632893069,-104.53252945000702,-98.2019811994182,-100.69755275834476,-99.90570203736823,-96.33506109161091,-98.63915872935955,-96.10448689590949,-99.13382137718847,-95.04091967979399,-103.06965517488628,-97.21744571856476,-100.84038812061856,-97.58802156238592,-98.14936442920096,-102.50927645279737,-97.82188844025787,-99.85453714588618,-98.6002733682538,-93.8476889301735,-98.21046991729524,-104.42477614346586,-99.93388644521258,-98.62099254137843,-94.55718703498766,-99.51707593183711
2025-11-02T00:17:40,AP_24_9,2.4,9,wifi,2452.0,0.0,0.0,-105.61107090376015,-104.18612827287674,-97.11943469475449,-93.89339206236633,-99.891608725931,-92.71532006526657,-99.90495755919744,-101.39605853642065,-99.75798068735071,-98.1754561199807,-94.93822406590932,-99.79787610468173,-97.95289185256611,-100.42309015689625,-94.82275125741188,-95.28608824904137,-95.94894509861749,-99.73873625253202,-95.78549961374738,-97.01229061033004,-98.88915194354755,-98.90197519858927,-94.51174925989561,-96.791536426094,-96.92554149755225,-100.43836570334739,-100.4969528684646,-99.35005439496442,-90.33011984169335,-98.65214368620201,-101.36238466338948,-99.21089334564024,-102.00652143998309,-95.20315300156831,-95.18358894505518,-103.72494389952494,-101.17585290582078,-93.04111894687539,-101.5207517930523,-98.08598525948062,-101.09289048337337,-102.58072002659777,-98.087412110956,-106.41932157421904,-94.33573309356083,-96.82763739109107,-100.40819043570677,-96.52064654959491,-106.29525560544414,-95.20676802445506,-92.22354326634719,-97.87945331336087,-101.13144700508052,-96.84101649766694,-99.38159734649189,-98.86425575922634,-101.11847375859999,-98.26011093283483,-95.72788291490903,-95.2043775672038,-98.20122259044983,-95.38653402589715,-98.52745898939958,-100.70362399780817,-96.5163629661613
2025-11-02T00:17:50,AP_24_9,2.4,9,wifi,2452.0,0.0,0.0,-104.54121044128809,-98.55760067066633,-95.23131471109372,-100.13328153805779,-97.08116587183545,-100.3629411284395,-98.90821723146603,-98.06931537203594,-98.58687816940791,-100.1508059273832,-97.83389315022487,-98.90397738817586,-94.64133067434193,-97.43583654141297,-93.97968063199295,-101.46841788749862,-97.97272253121501,-100.43944631563288,-95.94017237685698,-98.96969969577746,-97.6162943225388,-91.6138830313638,-95.63411275006847,-96.7500827555069,-96.61997247644669,-93.02565833511893,-95.7986434290715,-100.76880074383335,-94.91228944428384,-98.65299682391426,-99.370807446076,-96.66781222445489,-91.81153169630505,-100.84649139864861,-102.35224117086567,-96.05909615596951,-99.92576700995667,-93.61031991347278,-99.27722144611838,-94.63112750306786,-94.27610762337532,-92.85859843803402,-99.81288595510856,-98.95206683751364,-99.5361867496486,-93.36986765800262,-95.7763107096942,-94.80308079948264,-97.56076559206879,-91.39202839533952,-96.1249469221905,-93.72793273027887,-99.8014278221618,-95.692849848264,-95.13044954435358,-94.6727177342919,-94.45191656484195,-96.6662070647101,-92.97374473345893,-96.89997905808367,-98.85956486218315,-96.14404251948858,-95.30499535006602,-94.5621201236419,-97.3281847911483
2025-11-02T00:18:00,AP_24_9,2.4,9,wifi,2452.0,0.0,0.0,-105.70979939034737,-96.51511904434523,-98.69136143000105,-103.24615597806705,-99.66410708853375,-96.96762409690724,-101.94517313430008,-98.9414689870424,-94.14898461113948,-100.45078618439751,-101.15206105767587,-98.65978970547786,-102.15083500865153,-97.35352045527982,-99.67190606238405,-98.27840347549785,-91.97288910579593,-99.71720352478233,-100.15426767240461,-99.33120647409339,-96.0975025434919,-105.94358368569769,-98.38419328206102,-104.66312377348827,-97.6681329003099,-101.45997902013471,-98.22105743874741,-100.9461687795266,-96.7038649314427,-101.99547505916826,-102.01236859785159,-102.075327987426,-97.14750131366968,-97.53436424724869,-98.3805017346008,-92.74428859444738,-97.07934590987385,-96.90091639542302,-99.54119402568857,-98.04100522795441,-95.85600100711196,-102.62882683525457,-98.64919077499289,-101.20285951510286,-100.06069469641736,-97.40563826902833,-98.6206343158651,-97.52348432430321,-96.66002877621233,-98.46253955563078,-97.9403031037208,-96.71820235626892,-98.38659735186745,-97.15272431567865,-98.05384764272077,-100.1649461529212,-96.24265367689672,-102.45093297069394,-102.59983749668307,-95.43186954897436,-96.50500938588772,-95.75009985682769,-94.26960790032237,-105.17269197730937,-97.77198523111919
2025-11-02T00:18:10,AP_24_9,2.4,9,wifi,2452.0,0.0,0.0,-103.83827088450407,-102.03584050166606,-95.67036595756007,-98.630037272252,-101.48130441761661,-95.71785469466245,-102.70700774020654,-96.29438954042162,-101.00922725411164,-93.30703204128598,-98.60940612653991,-91.12854934073853,-102.38314787131259,-97.48821587468352,-92.95994105410486,-96.79557154033441,-94.39520826014598,-100.24988938199479,-95.14359533976165,-98.83062926367738,-95.13873436861108,-98.66805480938876,-99.9662240032913,-100.85460108251971,-101.68751968074349,-94.75938389343965,-96.03030953405046,-98.46349511971222,-94.50702340242177,-98.34520046207595,-92.94699249971704,-92.28810207793767,-94.39421869908904,-101.76742202628006,-91.81726418226238,-101.50420685257549,-92.17590077584697,-99.6591285870029,-97.51952382612507,-96.17775710758049,-99.40601982802082,-93.74951079646105,-97.08812030840836,-95.27867570116437,-96.3532477559448,-96.28708381364375,-95.1369890857306,-104.4689296396172,-96.3648137954362,-100.89940655064058,-92.9540229298859,-95.19645220004831,-96.33394440560225,-92.36246560353563,-93.83153764350635,-96.33475768147979,-96.4605778764845,-97.12942363068444,-93.36121906073308,-98.41584889540384,-104.71057100318313,-96.97211744282936,-93.78331907970315,-97.19915852063835,-98.97765755423394
2025-11-02T00:18:20,AP_24_9,2.4,9,wifi,2452.0,0.0,0.0,-104.52568243132662,-102.42159395068035,-99.4990727568208,-95.88935423116861,-99.21235829605499,-94.45357282616826,-97.1570515006412,-98.5758986780561,-91.99794527180616,-94.32466029178939,-96.52000594673453,-98.59934254392216,-91.01073140137949,-99.60851691030719,-96.93473425164753,-95.4090296324363,-97.91396304803914,-98.7986950775189,-94.39113913704612,-100.01478175482826,-93.4300047946158,-99.39681184429095,-99.30646676327167,-98.7365814670828,-100.67394242772912,-96.75456392052023,-93.61585662591527,-98.94236665839902,-100.20825006229077,-98.28795928761737,-95.62479585705198,-98.4665968006903,-97.67482217269857,-101.03742055067134,-97.84392683957866,-102.80045197477737,-95.82491199976228,-101.55706354325562,-101.06551714491422,-92.84561689994604,-105.72214627983548,-102.57947712396117,-99.96437750785492,-101.18988877989133,-97.6867623079927,-93.88140756296765,-97.73497105738565,-95.95844829671246,-98.87319863976828,-94.91845495820321,-94.55922397971503,-97.39715957981457,-98.3377825316429,-103.75930209816991,-95.48585366669839,-100.94714365448847,-100.2317192699535,-99.87312805192126,-93.82307664066282,-98.02408901972221,-99.18935455375477,-98.89256172094152,-97.21845247370698,-98.40165643452109,-98.29120671651478
2025-11-02T00:18:30,AP_24_9,2.4,9,wifi,2452.0,0.0,0.0,-103.22943857646314,-95.56345032338305,-96.95134407021689,-94.27895635108628,-94.34382489793934,-95.76541662736349,-96.90733750667243,-95.71188735838766,-95.2476287594688,-90.3670117610712,-94.10482825661961,-97.84262050792331,-98.04715644106837,-99.4420901307661,-96.1951909170484,-98.38158122158326,-99.64412072917567,-100.81903119140571,-98.06916623909247,-100.49880150025172,-96.41607280647848,-95.77502137643019,-96.50814944985252,-99.75928100942717,-96.89201907140598,-101.93498545319167,-92.6098047138616,-103.64461091005042,-97.16491372677123,-94.4730727400961,-95.09243805233483,-105.00988719617891,-100.05552493916343,-96.3624278332584,-96.23785479786405,-101.45224551549252,-96.0995138281137,-95.84431226477281,-94.76783264081249,-99.15664655693786,-97.6374833295148,-90.1769892784059,-91.95189716962028,-99.46117646332712,-95.95333136719006,-96.39221653483243,-97.83706696713826,-103.78455190055493,-96.19203873322014,-92.77235612420338,-97.74757964178214,-96.45825116644069,-96.09844866232505,-99.13308561748315,-93.20805558261019,-95.0756231921506,-94.17209272625239,-96.94842260241106,-96.69640244589279,-99.6423295782302,-95.66841266937907,-94.2811714309977,-97.75878642062338,-98.08386417139292,-93.08456838538748
2025-11-02T00:18:40,AP_24_9,2.4,9,wifi,2452.0,0.0,0.0,-102.46125078187272,-95.76693223760954,-98.11433593041879,-96.96880263927567,-102.0288430854372,-95.64674799422869,-98.26241627087646,-94.92175781813997,-97.27250158880072,-96.39125472963227,-92.24031488135188,-103.80083184574102,-94.69300170985022,-92.15629514044525,-95.03022505884185,-91.33357160429287,-101.30229412690744,-92.52492254235752,-91.00514998210618,-90.90255286854172,-91.04989380721345,-94.57476005680785,-93.56505488638308,-97.15224358536038,-96.71812891577595,-94.44231360985735,-92.94442543402269,-100.56949358009153,-96.8698227767103,-93.0940163177457,-92.40713849355089,-96.75101493262251,-97.32991739347767,-95.58414406246344,-97.65667053319663,-96.47612714763092,-89.85217052284865,-91.8084463316575,-97.87128258379627,-96.5680718327473,-90.52404832149769,-98.20081762299128,-95.51212581038622,-95.96743166556242,-89.4377558210009,-96.3588324427859,-92.14655289613385,-99.88299469026741,-100.71444373234483,-95.23646899637345,-94.22331680448414,-95.77597921941458,-89.34578001115966,-102.55605220693835,-93.59891250511767,-91.7694898890855,-96.14234238934235,-95.73577166847258,-94.3063289826086,-99.55513022838959,-100.31552816429907,-86.73046411302059,-95.09699937858198,-93.49889240096068,-101.53322389546727
2025-11-02T00:18:50,AP_24_9,2.4,9,wifi,2452.0,0.0,0.0,-102.91614146864983,-94.17503880738668,-101.90949036458304,-93.2820214170642,-94.7129488397565,-96.39731329259133,-95.58752308129627,-89.75870898725478,-100.80837039901624,-98.39659774817888,-98.28360807415733,-96.21064764687526,-100.99885585245708,-96.97646234239834,-101.09628458223007,-93.33413508635988,-96.36550280510235,-92.61700382703016,-94.56335986881611,-96.09564875913603,-93.70655150901854,-94.3506184651961,-94.85852739550384,-95.95759918344218,-90.01611199321412,-94.76386897998222,-99.44064320513954,-94.79194211672784,-98.19954736567905,-95.92789914556452,-92.4534205313279,-97.814773101869,-96.57436509646767,-98.16638026390156,-94.85357030349792,-99.33917366487546,-97.36561109455305,-97.6240020014031,-101.67399403310505,-98.9587219260633,-95.09494988414171,-86.73169564213504,-97.38916485696713,-94.95468055683142,-95.98596602500508,-92.76563090756758,-93.14829432944519,-95.46025761453852,-98.52090434823124,-96.73723127290168,-98.15645131625558,-97.62232114179702,-99.67209934570705,-95.93353992090319,-92.27254188392084,-98.77433343641015,-92.63901228554641,-99.01825549997086,-99.93820221179378,-94.78852346196356,-98.60870804302729,-101.94250406419255,-95.04786310522249,-95.3962376558841,-89.7187063881774
2025-11-02T00:19:00,AP_24_9,2.4,9,wifi,2452.0,0.0,0.0,-102.56607900646014,-97.02155730412514,-97.83528959338982,-96.26236198895695,-92.39702457111602,-96.87848234467924,-88.23706799459546,-94.8924759828186,-91.76443059039138,-99.0025145036183,-96.78881320432647,-96.62900278535936,-94.35692071000219,-95.81643899874702,-92.25956333302406,-94.80371421708807,-97.8512904447184,-94.24926821254758,-94.64850973970441,-96.06063197402798,-95.16652681579424,-99.0532413916315,-96.893148310964,-86.12027609227269,-94.85700399433951,-96.2689003301924,-91.33668182871568,-95.64129247818032,-100.16292571391213,-91.6515941811873,-94.88992665630845,-98.96419108428418,-90.15021244787097,-95.85972312595663,-100.59245359453801,-92.90239973730365,-98.17413750868087,-98.90724971404697,-94.34303839786381,-95.41266805599722,-95.96809044470798,-93.11990567316585,-95.17257102322233,-90.57339078688014,-97.52903257466438,-91.15340934872339,-92.4809428265435,-94.08260271506687,-93.32339612254248,-92.32700436588584,-94.45766136178996,-93.77943797061273,-92.81705918562442,-97.2054965034407,-101.78841385728666,-90.18452834831497,-101.52501207612211,-90.63717121705336,-92.41015947694522,-97.48091892000119,-98.28178204649106,-92.52356938428332,-91.25834948943628,-94.86320831657015,-92.7574862805813
2025-11-02T00:19:10,AP_24_9,2.4,9,wifi,2452.0,0.0,0.0,-105.45733902733302,-97.61016936192483,-100.08453431410872,-96.53457637507086,-97.182962226932,-93.26040002426505,-99.57411177721757,-97.48321734099063,-99.95049420666402,-100.04301640995013,-96.23862891834544,-97.96825925944155,-104.88989498435505,-96.62982052617359,-94.66637882497903,-102.69301393285848,-96.132977523192,-94.84596195867667,-98.85999848528556,-93.98197124407905,-98.51525596276431,-99.65406646302166,-101.11941601341685,-103.17390065133516,-101.400562325863,-98.74172813996233,-95.39433921356182,-97.0876064757029,-95.77192041381377,-93.63285087786987,-99.22094066322235,-95.85136836145848,-101.24495966617121,-102.24722844885804,-99.59862862677727,-96.8312582439901,-97.05330681589109,-97.13749213577158,-99.42339328217872,-100.00743719775981,-100.98217073497185,-99.08811540733508,-96.93824771380669,-105.89425950285106,-99.34268855477924,-103.32754621907013,-102.73266042666263,-98.0683154704479,-102.21420683807723,-99.4844456519046,-96.79492650255784,-98.50153089914684,-98.22950029529785,-97.0455220764633,-103.84218664951632,-103.55197237347207,-99.11851491361361,-98.36646563927432,-97.01890235625311,-97.73075153091158,-94.8555383255214,-97.27642711576948,-98.11901518863223,-100.50114918067621,-94.86509371279134
2025-11-02T00:19:20,AP_24_9,2.4,9,wifi,2452.0,0.0,0.0,-99.74158545399676,-98.45648217216481,-92.84258433237575,-91.44749275966456,-86.51506749723556,-92.34908318077197,-93.17195162374283,-93.14657688707511,-94.88509683813888,-87.70664309890952,-87.92009813687723,-91.78860700005924,-98.06201195434201,-96.83424141462812,-96.18035474881387,-90.98071606938915,-95.40469548978767,-91.002633350692,-92.64547186852559,-91.90601657600824,-90.10658670527623,-90.74379271110209,-90.40353690709122,-97.0378026682999,-94.64197275027125,-92.66070047173118,-87.64781864240585,-98.29841941319607,-96.65907645384748,-92.71324811799764,-93.62278603498915,-90.04812818515714,-94.59224430408393,-89.51271931759626,-91.59517264008055,-93.45659329412324,-94.64963727375275,-95.59709199055486,-93.05936557391442,-91.64122433288195,-93.77934100946173,-92.38068198717878,-87.30417526116314,-96.92489722600232,-97.86684691166296,-92.58016508286731,-89.8882490031882,-96.29411080141473,-101.45340300155722,-86.72523435221026,-92.19979185582804,-92.92649881434363,-94.0234297560124,-93.65576756163844,-95.13315112802626,-87.9809784485051,-94.33975056671466,-94.6394638094011,-93.41116895829605,-93.152475240186,-93.88600145838025,-90.08464109376646,-93.85153327883883,-92.87769071663445,-98.06416131568099
2025-11-02T00:19:30,AP_24_9,2.4,9,wifi,2452.0,0.0,0.0,-103.38822128864447,-93.55478716233496,-95.369151105553,-93.42044276352765,-95.98881240601581,-99.48552605714276,-97.53653867966047,-100.26525523252957,-98.56917546777164,-98.8032940656736,-101.5185610702517,-92.69687712426511,-95.27322645840945,-99.14666057260006,-97.4770884416841,-95.9566887003759,-96.66839811966572,-95.48310705402301,-97.6785520421069,-93.512493945165,-96.73905741787638,-97.43083638810646,-93.4443704032066,-90.06879625460247,-89.97304821381296,-96.44744526357181,-100.3993794624854,-92.8845930176748,-101.98908169850827,-97.85549187874565,-95.11593123685056,-95.77136905170717,-93.17910368583995,-98.5544429393423,-93.95154284154745,-95.31335442922357,-93.77658810823527,-98.54152021071562,-99.24716565020384,-93.8846114478477,-94.44745227457346,-97.52888776671482,-93.76318970379816,-99.31269516951517,-94.7468573093533,-95.45697038170798,-96.11920493496177,-93.72073085541072,-91.91765709664467,-96.56481733996078,-93.23648422219586,-96.62325348667926,-93.0770860014203,-94.12020376062839,-95.2653042268884,-94.01564245547704,-89.06444464409333,-93.98762458240049,-92.53855315831997,-95.94276987482665,-93.488323302531,-93.91202276920785,-100.34298790769526,-92.85641558498334,-96.72787803665645
2025-11-02T00:19:40,AP_24_9,2.4,9,wifi,2452.0,0.0,0.0,-101.29301850605731,-95.34241300203321,-95.3753455382674,-96.47900862265998,-97.00205902269202,-95.52998011843123,-92.47887758818705,-95.12534550437725,-94.69602419503613,-93.17505234470211,-90.95634328662571,-92.54733158122245,-96.06577107686388,-96.84014040600981,-94.67466768781075,-93.4057093185475,-96.43405419918709,-96.96661680311874,-96.40075797748739,-96.05856976726712,-96.1676196992691,-98.44705521737255,-95.20306507868625,-92.58292462197457,-95.3624019095896,-94.45941007004221,-94.66549870388172,-95.52513948002327,-87.3193694821538,-90.86583718093502,-96.22720334858494,-97.48240050311557,-92.88730671285502,-91.38116171407087,-96.34146828615285,-99.16090229384294,-95.24681014754547,-94.23287706481497,-95.49776558977044,-88.31771247032535,-96.90205837254302,-92.9531901159403,-89.1969768123317,-95.64034838883627,-93.21610644860596,-88.94626872435707,-96.9940766556654,-101.68300723476469,-91.14301693834757,-92.28251143262986,-99.45763064979606,-95.09056258749888,-91.23371498595361,-90.06967133982951,-92.12324760476673,-92.96304499616559,-89.40572918387866,-96.82838716947025,-96.32683312427802,-94.71499035244089,-97.83238208727347,-95.72747357375863,-95.39350051328266,-90.86605498705187,-89.22542680090845
2025-11-02T00:19:50,AP_24_9,2.4,9,wifi,2452.0,0.0,0.0,-103.52637071472574,-97.9102941382329,-94.72608326096355,-95.87724984466303,-95.78095981568924,-104.71985273528284,-92.78612730018835,-90.1830284161597,-93.19429294152279,-89.45987396395194,-95.37998776789811,-99.54384032072713,-99.10486366566722,-93.88691132085145,-91.69361256962794,-96.8150457401635,-99.7361677524911,-101.51125564702916,-96.28805571976831,-96.60165116844826,-97.00779013699301,-95.74416319469265,-98.19649589761244,-95.67414691379534,-94.85531962573457,-95.84863944244886,-94.14124997833935,-94.64512435728312,-90.002936465651,-97.46346702093872,-92.90430831150283,-93.62208239767517,-98.78807348156676,-102.19054219101952,-97.68607914662454,-97.13216727302287,-91.80777765965104,-96.18447054210087,-98.77841475949168,-91.82116953946792,-93.43647873743618,-98.07886597118734,-100.19869483476182,-97.89939623283249,-95.77062715743018,-91.98238367153945,-101.47841238258464,-102.28019546191332,-90.41473086770714,-93.68662480794502,-95.76389780232346,-99.66621964365204,-90.54184422809989,-92.92037847719138,-100.03822602639184,-96.8834188158124,-96.19924357480707,-101.5525640249779,-99.61975550615819,-99.75028155673033,-94.26420623752779,-95.01024621187989,-96.99420827417323,-96.21820019591074,-94.09991403030102
2025-11-02T00:20:00,AP_24_9,2.4,9,wifi,2452.0,0.0,0.0,-103.77702748264817,-98.39353564770558,-97.92833072091256,-93.98261507918524,-96.06233229359019,-96.78466297943615,-94.58766466493341,-95.25118071417522,-92.73728773245598,-97.36682484877159,-93.55193793465764,-97.02060790349593,-99.1567290306064,-98.16126573955363,-100.02812584751436,-99.87239905259551,-99.15087577009872,-99.25431655209019,-100.5131632391216,-100.87940229181478,-96.55906015461072,-102.33553025158133,-99.86079393065548,-100.40313939193588,-96.49952611339327,-99.50366133131493,-91.0326977453667,-96.13017012656803,-96.30579468538201,-98.68881552752238,-99.3058627519461,-95.79138659988989,-94.92054221596979,-96.60392497106966,-98.58966607900642,-98.25878522272029,-96.50249535595736,-103.30150516091476,-94.57502885418324,-95.97259255577139,-92.23091445549899,-91.83295460774235,-97.74879310351906,-93.99687185748671,-96.20028205418528,-95.1977022354996,-93.70626909887174,-96.54806754643353,-97.2007369453421,-92.61047538268272,-92.64012277250458,-102.0738969437084,-98.37426081667078,-99.82521287994135,-101.42234412241748,-95.06887708863701,-93.91251445369463,-95.05530072762255,-91.92517491245162,-98.51748549353692,-91.57301606762299,-97.38220497875812,-92.07645812927157,-90.13568462844503,-98.84643987635856
2025-11-02T00:20:10,AP_24_9,2.4,9,wifi,2452.0,0.0,0.0,-103.6748449501337,-97.83853615554726,-97.53183329796587,-94.42463658341894,-94.23142607179614,-97.30686267127959,-95.8855286012672,-100.48072411171088,-94.7064678570977,-94.59176330250587,-94.56364199752161,-95.60433671127859,-94.65043862917558,-95.52256870229266,-95.12933224960868,-97.5083391038181,-93.04701708674597,-95.12029515720117,-95.34986914591995,-92.51193027816961,-97.32267457002185,-95.11187814801565,-96.23687956443258,-96.31388683907048,-99.93209836851699,-97.57919411070588,-93.90156805415525,-100.09393762223759,-95.51867910766444,-99.24261259100301,-101.14078201743828,-97.20186968929885,-95.67715988925663,-95.74607429156444,-95.04520132643695,-91.97432393039838,-101.22022426868968,-95.42485763848437,-95.88055793698369,-99.95541715466362,-99.60841131750416,-98.97213382041771,-92.68309677666794,-96.61081736344282,-98.40265543542118,-94.67035674754429,-94.60338776517364,-92.05846407585196,-97.5703823225307,-96.8858798444295,-96.1234070766274,-99.6269643690582,-91.6583026849184,-98.84518548760245,-94.55267381005864,-98.24212918855595,-88.46456477867113,-98.52059097652797,-93.58279462405694,-92.05877005177975,-98.92303023566546,-95.22594494378464,-95.27356888617582,-98.2782121134749,-96.33135845710717
2025-11-02T00:20:20,AP_24_9,2.4,9,wifi,2452.0,0.0,0.0,-105.753936483355,-95.16942976014643,-103.13689436673098,-98.11897446213081,-102.16353102602041,-96.91854190780693,-94.52827363441409,-97.1608088886295,-92.52935002410506,-95.11766818356037,-100.34279265714837,-94.70898355142612,-103.74440067427481,-103.0625322323425,-105.07033081055553,-98.14900989218239,-95.25428150639053,-98.33274379065709,-98.91037900408907,-102.95989187802854,-94.49408480029423,-98.90119087917314,-103.15386744336857,-94.78048847832079,-103.65618327703719,-95.45763978317335,-100.38019256670452,-105.2053512678321,-104.34084599766203,-98.77850771106026,-97.53647593999482,-99.76807283888849,-97.87791483714435,-102.5715874610101,-96.56169399133117,-101.01839280578879,-105.57830909925073,-99.06531617128528,-98.07009697569839,-98.45973505260984,-95.06737764912069,-94.89889878411455,-100.66678765269764,-102.90720217384823,-97.83629223444706,-101.04776997514918,-94.77701818286631,-98.78630814473271,-106.78765834718132,-95.24871748689453,-99.50698179177138,-96.39912271682175,-96.59737733291378,-99.8065767731593,-98.7732435367512,-95.6485472571211,-98.99784337255323,-96.48512870724993,-92.62832516393054,-98.67172632710097,-95.8386487690684,-96.92057440862504,-95.71969883205645,-91.77180225378336,-96.98662297465319
2025-11-02T00:20:30,AP_24_9,2.4,9,wifi,2452.0,0.0,0.0,-104.98993393185783,-98.21224469871478,-98.53118205247283,-92.61408556882576,-97.3926232652834,-94.90889331385472,-90.00085744501443,-93.80507781853207,-103.52153876045044,-99.99113443833753,-102.66443431752467,-98.54929912246143,-105.06666697458893,-94.54478127842215,-95.95951521516697,-96.69713517937534,-98.55968557448969,-93.61494247045619,-98.49672008915473,-100.04921396084535,-99.90917801777456,-90.06667605711482,-94.30392189442242,-94.92420009880259,-99.17065348430157,-96.5127075816511,-101.11391676943282,-99.20993709176143,-95.59840223668223,-101.15965773402658,-95.07648125914797,-98.08327167639904,-101.7155995848555,-96.48950459221163,-93.27674834513579,-99.85722695166955,-98.07460864620916,-93.51319695113122,-97.46739852592424,-96.00996650247801,-94.05683834869546,-97.06971790919334,-101.1959118702554,-102.8955620125895,-97.39470499991226,-98.69710863255224,-101.98870160182844,-100.5844147392627,-100.77404553718448,-98.4501015977323,-96.97991383206818,-102.1375111091713,-97.82699208376074,-100.43032306655878,-95.687495643424,-99.42032802743927,-98.80958270061303,-97.24541595876427,-98.26804448768156,-99.01132458249144,-96.47257340646105,-98.53612709012309,-98.63308537297448,-97.20928542359168,-95.13849000332705
2025-11-02T00:20:40,AP_24_9,2.4,9,wifi,2452.0,0.0,0.0,-104.1046333457415,-93.53025274501114,-96.11415080156151,-99.11243308953559,-93.78898747495828,-90.64437154171992,-99.96352503272307,-96.55892705693702,-94.3821433646558,-101.91683640325233,-103.22759742004266,-98.51254196211174,-102.74972427702072,-97.74385254450544,-100.00681980819434,-95.05887371631144,-103.716447842753,-95.84638761213458,-97.12253837946305,-102.5589204316891,-95.06121220590438,-97.95125438446692,-91.52586587384,-93.85161785073512,-94.6134943482268,-98.78543891833371,-98.06899508352893,-95.50858528742319,-94.05427627981669,-94.34584239684007,-97.31921345096836,-100.0491322549459,-93.65304757657648,-97.88198303570174,-102.80323337587163,-101.58210196830194,-96.7125708353173,-101.87788828186598,-93.20325563317724,-90.90021059425084,-97.9553772471842,-94.58856547117232,-90.23714961411142,-91.65440379153193,-94.76089561572003,-96.63780955433288,-94.73703777974816,-96.73988008501517,-99.72185294924967,-94.7178369048927,-102.17992811035428,-99.29985662766009,-96.59236349484658,-99.5783326282854,-102.09333143386343,-93.17608941498031,-97.36318521416243,-98.17898278768,-98.53396205063035,-95.71709627060626,-93.68122826514366,-96.74706767550028,-100.2815182189157,-95.0155999782566,-99.1255247877361
2025-11-02T00:20:50,AP_24_9,2.4,9,wifi,2452.0,0.0,0.0,-103.1440173249483,-92.425036635687,-100.02181951752414,-94.52936369927893,-92.80521015563663,-99.64820040564967,-99.7338621432861,-97.50304414662106,-97.12938105150343,-95.84913204061428,-96.76720995173778,-93.93906406985253,-98.88115327946626,-97.7321675096618,-98.5862759311779,-93.71362274434361,-93.08890034347287,-89.23193048598866,-94.25551030487773,-96.9060257964172,-94.81359901910633,-96.77279674661297,-99.26821243342566,-100.31494709595704,-97.46220630198772,-100.02675294594397,-101.51611458315458,-91.15846758390717,-97.69565576971273,-95.1379762069023,-92.88460752844051,-94.40494367813818,-95.09140282753383,-100.0523262768495,-97.84418278782788,-100.39271165462847,-98.83184818207077,-94.13645971065615,-92.98048148173929,-95.25661246483625,-97.05862922792281,-94.1892519340487,-95.95546976610623,-94.52598352747513,-97.2802989846615,-99.24935842908373,-94.66800502795492,-95.11889992235822,-101.30294434210427,-96.32133224075419,-95.80701603715588,-96.93532759910137,-98.55369997868415,-96.49280590370759,-97.53705187708765,-96.6083302674381,-97.21188989011713,-95.63700928254087,-90.93227330572576,-95.49163002144961,-95.64968537447096,-97.36970253787784,-99.26466034163306,-98.6115179984186,-100.72692240305459
2025-11-02T00:21:00,AP_24_9,2.4,9,wifi,2452.0,0.0,0.0,-103.41446487819978,-97.88766072232639,-91.74267295977441,-89.98474077387314,-94.68927872593153,-96.46886863935705,-98.22233902092113,-100.12205500868916,-99.09474663564374,-98.28145114434247,-94.83603362650298,-92.41380713381992,-94.6211298737315,-98.29499810368698,-96.39027632128108,-95.58878434472938,-93.49049881074004,-101.10120660121903,-100.05854967987591,-94.57917949540985,-94.48358043799499,-99.6999087471816,-94.36566525605642,-97.98579240158557,-97.80498687652519,-97.41066782228297,-98.22176852333178,-99.87196463449077,-94.35579374543626,-101.82878565080716,-102.49534143996217,-99.36749429465858,-100.94530206483314,-96.87817413834827,-95.37315652048545,-94.12912449317646,-97.97555122036003,-99.44512431957006,-97.97911506528058,-95.13087146399448,-92.81998171013899,-99.38442779126262,-99.77875002126939,-93.4200714406614,-98.0205886960362,-97.7529754780667,-93.33064427125785,-98.93484461614709,-93.11413394424363,-97.07480810242679,-93.63755333854557,-98.80716259592596,-94.34250058505265,-99.35656452997289,-100.34366863321465,-101.65216197355436,-98.3238547817546,-91.38661773215605,-95.96363985382075,-93.37776575332288,-91.22890439443566,-93.48797774062143,-100.39244691797796,-98.76642103505898,-97.09280442940164
2025-11-02T00:21:10,AP_24_9,2.4,9,wifi,2452.0,0.0,0.0,-103.19465043977738,-101.84680878090244,-92.17700034804699,-98.79099177866095,-94.54824543246919,-96.89768195499778,-96.6911951319801,-94.22712824298169,-97.61650567263804,-93.60635368538809,-93.99978506929448,-101.10966759315158,-95.08401963184603,-94.24981774997886,-95.73506483433168,-98.61613911610787,-91.77612574774645,-94.43420843783808,-97.06280244628613,-95.67905746789447,-92.35763872035933,-94.57894319471595,-98.35075399311425,-100.81162366135271,-98.20709678936149,-90.55470637981381,-99.21750141575411,-94.45385827403393,-98.601591491688,-102.04023814219026,-97.38471672872492,-94.53696768353069,-94.94411639091362,-96.36198954907017,-99.81040139039891,-96.77320026155053,-96.96270969583263,-94.96877861773538,-95.91002511017587,-98.70222281787865,-105.76780669547142,-92.76459731776013,-96.24730996401209,-99.773000747153,-103.01988582627922,-88.70534049051207,-96.01728670704412,-90.20961576861058,-95.25709953336526,-96.73182480742857,-96.5455101917553,-97.0074821930009,-93.48179400872657,-94.2184864107477,-95.84512510656802,-92.88252362123708,-92.89757826347119,-96.66467596564176,-95.3757159560768,-98.19508601480955,-98.55868100327504,-94.42946162631237,-90.25036667608005,-93.9213850880095,-98.2941799560161
2025-11-02T00:21:20,AP_24_9,2.4,9,wifi,2452.0,0.0,0.0,-102.64442628027354,-95.15031437849977,-92.31037060750315,-100.02749248248021,-97.06139272341734,-94.13997051373349,-93.44721978887638,-97.28615702073418,-96.73277938348319,-94.99585227286435,-98.73646283091013,-94.40993170816192,-94.74785008832869,-98.17728575861888,-96.28887416060037,-97.19603536989732,-95.47824349091003,-95.88791073950065,-94.95390506710373,-95.47677516389345,-100.17936724814238,-89.93574019844836,-99.75386870509952,-97.03314545552237,-96.33217726505168,-97.6157530278022,-93.63050217395215,-94.51099142380424,-93.73550151553341,-97.88193702180199,-98.03132244739027,-95.19196641412786,-96.15672365358971,-93.89327365445753,-100.77945485189827,-94.68413532941169,-94.91836984807448,-93.6217584583835,-93.58601670573948,-98.3859570738009,-94.73332412622337,-94.14908939187447,-91.38515073874945,-97.63582145551365,-95.27541736402085,-93.74002795999027,-95.90235397343618,-99.09006448699228,-97.91281712353644,-97.5296066345271,-98.8066401688647,-95.76805350346282,-95.54085005737883,-94.39549799566734,-99.78834420639208,-91.19432932517,-96.8041723222668,-93.56804807697911,-92.87976031640068,-93.08337557245817,-88.8888327412595,-101.00071559021222,-96.21199806079517,-93.8410004685762,-88.83278314962669
2025-11-02T00:21:30,AP_24_9,2.4,9,wifi,2452.0,0.0,0.0,-103.56221719374355,-98.13249692512079,-91.65842472133792,-92.25005296798628,-94.6945612912525,-92.5224026915877,-91.71608633586158,-98.4597481269191,-98.534787260086,-93.44168710920484,-95.01078797067666,-100.17428010463094,-97.00846172813151,-95.19865578627758,-94.92166413852736,-98.77622023449229,-92.53940210444799,-99.20736322778467,-94.09807336423964,-94.76655111905421,-93.7233935142721,-99.63231143565149,-98.74911272777494,-96.74208664770777,-95.95735575227658,-98.09318066431986,-103.97921362257323,-98.66799242120227,-99.4287494402817,-96.41172992688661,-96.32096613345831,-92.3918966906814,-98.24758822076569,-97.24052562636899,-94.90214693253898,-96.95811890632521,-94.4146736800074,-95.93578421600073,-96.13057963943983,-95.59449525831592,-99.44324811970732,-99.1858588793566,-99.71212436077047,-93.99414875553579,-94.94667367501778,-98.51508333650504,-93.38002551695246,-98.48945206156787,-95.64007582825927,-96.9331036396396,-98.48565184588125,-97.52733905769415,-100.71695268451903,-93.3095899226191,-93.62173637329522,-95.04507863290804,-95.90612325954953,-98.1869106669086,-96.98986663139978,-98.01464081160299,-99.70208666373647,-91.41846690242505,-98.8371783632551,-97.45993566434814,-93.47650472689075
2025-11-02T00:21:40,AP_24_9,2.4,9,wifi,2452.0,0.0,0.0,-104.79268595647231,-100.38235282829268,-94.25350730462307,-95.38170583766633,-102.0979972140363,-89.63453155100382,-100.20511470127103,-95.6798045235436,-101.82771811820204,-102.74524686206881,-101.98006940875058,-98.02599242122524,-98.867279139153,-102.67990172785942,-95.4882072908839,-97.62588587056172,-105.08452078366898,-93.77199490045999,-96.88196058825694,-95.68298617345991,-103.5682122430627,-96.73552881417527,-96.48769189942867,-98.889753729148,-94.37056544600192,-96.50820453675834,-99.44465489984935,-99.74113470217284,-102.26869485937749,-93.52900890641774,-101.14856799661835,-102.59513510573484,-97.42197654792864,-98.07201601597227,-94.77081804263449,-104.33580398807709,-97.7114059281294,-99.95621466229521,-94.91168114109914,-97.25066744102556,-98.96925131872348,-102.88056728989724,-95.42787901105606,-101.63192568925533,-99.58816369961086,-92.19104405969065,-98.98658323502941,-97.03361264644975,-96.77234131674278,-98.527643993066,-95.8215043919167,-93.77554247169306,-93.96389602149233,-96.29709413559237,-99.75697174319531,-95.94417319991652,-94.35845773205976,-98.23434052667858,-99.51802624405366,-92.63754473904392,-100.0637699681736,-100.53955181172215,-97.71280258347754,-98.04562636480644,-98.26243950797063
2025-11-02T00:21:50,AP_24_9,2.4,9,wifi,2452.0,0.0,0.0,-103.00971138890844,-94.86460201730677,-93.77952717168967,-101.65563613367556,-95.23548546555571,-96.7001112069182,-97.9298381236319,-100.97620581859196,-102.68645095563093,-91.83721609877875,-94.39270865559044,-90.94733973317851,-95.99362396167449,-97.43349350168018,-93.45316749350243,-98.04206924280446,-91.1213443721384,-98.0307014932849,-96.03478245597128,-96.84090549775406,-96.62500554138273,-97.87946055653015,-90.31397530208534,-98.580320569856,-91.96774808999321,-92.65714059812625,-95.89449482177447,-94.83531048006773,-100.57912613425175,-99.317712199452,-93.7711158366255,-92.39639287946201,-96.52455638940313,-93.6396632775371,-95.45407266223313,-98.20281819557471,-97.37393994862796,-102.00538671610938,-96.07404611758558,-97.64274274876476,-102.26713028199468,-98.23707448773771,-93.72218051209964,-93.88261887880249,-99.22550534417311,-101.10991358562394,-98.99946422445706,-95.9129828963025,-96.46575773946738,-96.59213386996434,-90.71922806862432,-92.23203610866658,-95.38185405496979,-91.31154600543248,-96.63002186024555,-101.40172164160914,-97.58672511209043,-94.8630475993452,-95.19909635985616,-93.56482618555596,-95.61016277733374,-97.13333716148537,-93.54384164148095,-97.07014437499029,-102.66346604276309
2025-11-02T00:22:00,AP_24_9,2.4,9,wifi,2452.0,0.0,0.0,-104.62350737918565,-96.2556893227825,-99.98725522194411,-102.85304062774149,-97.8924602956041,-95.89791309287101,-96.00181682924936,-93.84920990022977,-96.27941902365166,-90.80391945375239,-89.58878872900078,-92.35090066262345,-97.27216064391199,-94.29874528216469,-91.74573707421492,-101.47626329733922,-94.79450786138,-99.78619390846526,-100.94764494162821,-101.07048469901764,-95.73777082365396,-95.84421324293446,-95.96717558089921,-93.44313599179588,-98.76416338768803,-97.77840352603448,-97.86101315674186,-96.90987580643576,-97.74130692966872,-100.37804111295863,-99.28691870092788,-99.95562416716443,-101.86999007621749,-96.2731276305499,-98.735728626751,-101.20897214727833,-99.52572061703597,-99.76736272145276,-92.30929537260026,-96.32112370916077,-96.05583299034558,-94.35186995591661,-100.91526371247633,-90.89102134085542,-102.3452394296362,-97.97088045912031,-101.53215240856152,-101.16494027690365,-104.82955292322215,-94.22272613572241,-93.08772982047982,-96.85055384353107,-96.46173563024784,-98.38487636325273,-98.80081227375769,-98.6780105616765,-96.12275388262755,-96.98500797861453,-98.5865387867331,-92.37914170828772,-97.45763453840652,-98.65805936622132,-98.46761255582177,-99.52215585997317,-101.2410456050857
2025-11-02T00:22:10,AP_24_9,2.4,9,wifi,2452.0,0.0,0.0,-104.47495927909189,-101.2583470774442,-96.11398139508724,-98.7325289964572,-92.11007798669648,-101.07872235304046,-100.30008396664608,-105.40396412303812,-97.70891209090006,-98.40872668042742,-96.13537360637339,-94.4757081215712,-100.23678509984445,-94.49690964051587,-94.1189319759445,-95.33087677969807,-96.86885330223794,-96.77308685190845,-95.81172487200482,-96.31141195151325,-95.8409098313186,-93.81606423706593,-96.20908229883848,-97.01561712500995,-99.53392262632664,-103.34129942804216,-93.17274412645594,-94.25544857796363,-100.57802990030004,-98.46360042034429,-101.69847131229437,-94.9946028641169,-100.90352462892552,-102.08025161808938,-100.45495706643965,-96.96318821883824,-101.64107635177308,-96.58567368001226,-99.53901735403215,-96.16569187866195,-98.72345922742747,-92.65229725383776,-100.21975547766648,-99.29500121080619,-98.19946080308355,-93.96315546646073,-98.90723904995092,-98.65811353702355,-97.18056484932902,-104.3329007332752,-101.77784676818838,-95.88723141002374,-97.47403009348504,-101.38907990543609,-96.5471788302324,-93.17980260554376,-99.14878522974355,-96.13703739492449,-97.69727551090399,-103.13826565852669,-93.84221886425077,-98.86256472848977,-99.40636658697323,-101.87331028355158,-102.60515704638192
2025-11-02T00:22:20,AP_24_9,2.4,9,wifi,2452.0,0.0,0.0,-103.33353675601475,-94.21214524345093,-96.54804312409843,-93.60382939626683,-95.42702305112107,-101.16235218697271,-95.18599823709137,-100.02233446856059,-100.71752173981578,-98.34846350650184,-94.3164025210618,-92.48545256945374,-104.4261337283165,-97.70117656664384,-97.55258972833633,-93.03355779025371,-94.63363076762232,-90.1635236752988,-92.82333716588808,-96.22047807667677,-91.9229375299607,-93.44040551918224,-99.34290730038843,-95.4083382208371,-99.05544144529046,-97.56056352018506,-97.44910084631354,-95.38217826962318,-93.5084949650515,-99.51344170366227,-91.2232362174319,-96.76921621343398,-91.58841992967317,-95.82756845453021,-98.97576568189291,-97.34111358581646,-96.19939523638479,-93.33828773693148,-96.510590354572,-101.44032204727979,-98.59276919258932,-95.18604416832937,-97.36551476661873,-95.96071815760253,-96.96721747268707,-95.69122846367401,-93.46885356131331,-98.00365034634133,-98.0384188210434,-99.82384154361579,-94.17609003108825,-95.57549082692795,-93.83844867314576,-94.05397982685923,-96.47929651963035,-92.11059993938106,-95.7146595423066,-92.20189956436899,-98.89067550990495,-95.50532157205336,-94.7477172124075,-96.36148660094148,-92.85311982387073,-97.41451020355986,-93.85602994824823
2025-11-02T00:22:30,AP_24_9,2.4,9,Microwave,2445.2643775882207,5.137588182310665,0.567430635418865,-56.803665959573465,-99.1343707985664,-94.90006271302718,-98.61963690889307,-95.94029709021791,-97.38363789335817,-97.84081209628249,-97.03031256985432,-96.96544453442621,-97.53960727426036,-91.8961273100496,-94.69869135659549,-91.59761306930093,-97.36918126187558,-93.00298445535323,-93.01328663431572,-95.42535564218666,-96.03470295165987,-96.5593214614276,-94.45222191686241,-96.71082536535954,-93.25017739477033,-95.84498053802524,-94.20852387640139,-101.29929058303567,-99.252739277377,-93.60881525771558,-95.26906545269927,-93.3824076268708,-96.12759944345767,-97.19067777962154,-93.25333996429424,-91.45745925333071,-95.33959078817378,-95.44594030372669,-100.30177115418114,-91.92786948590727,-97.15222090711669,-98.8256440036016,-90.69963597431938,-94.33339518822036,-95.87057721499684,-94.40843394047204,-91.79517131264043,-90.32110950559883,-98.01956541581956,-95.04495898152486,-96.13422184854088,-96.01099152142196,-93.12376172168315,-91.4530342149998,-95.68553512443621,-92.22770602706349,-96.03244214883975,-90.88679461332133,-92.94589458468802,-93.02114967767925,-98.43384186810066,-97.76690432510937,-95.9939808776524,-94.91829080272008,-102.5762151667626,-93.696926896217,-95.59144625460954,-91.66639875205375
2025-11-02T00:22:40,AP_24_9,2.4,9,ZigBee,2463.896171141919,6.893547486446466,0.3209564979942682,-62.146922409842965,-96.9858548340022,-89.95056802938151,-96.8787570074687,-97.16611910720916,-93.822355586835,-97.95227575139185,-97.81457046366866,-96.579807572304,-91.71696463092485,-98.64588647902426,-93.86776479509162,-97.58475854853928,-96.29865248964867,-93.76068625740498,-101.38679512017602,-98.48401012925513,-96.47708288996111,-94.40596301949222,-99.52578480240965,-96.67055253701437,-98.30434178632571,-100.15600865903072,-96.55266384981995,-100.107280977605,-96.81816748435334,-94.26402104197771,-98.09463259813433,-92.82036687727853,-93.91160346530907,-99.40796502767482,-103.4032985937693,-92.39853742975521,-98.14793480001737,-93.8417611086849,-96.44649916678824,-97.88906402985663,-98.48760674985309,-93.71343522450692,-96.71737019657884,-98.26082886748833,-97.81781275221996,-99.8057400987107,-92.95092605142102,-97.04465317139787,-95.59648615611741,-97.63004835066565,-96.17311792631473,-92.64717907881794,-96.78900284419703,-100.30652098102433,-101.98036120035884,-92.04924080127705,-98.74180274576784,-94.99866973368111,-96.24711547642801,-91.39093087288788,-96.62130023640047,-98.97153306363747,-99.26774999935712,-103.18374486460527,-101.94937035493945,-97.27326880435945,-96.18042529306271,-93.09896014878673
2025-11-02T00:22:50,AP_24_9,2.4,9,BLE,2446.4435905126384,3.665588937602527,0.686841189775359,-65.99744064064325,-91.01741589852551,-96.81599210187115,-94.58776604386861,-99.10958526809847,-101.52162809953933,-95.84006455192431,-98.42064574989286,-95.03805821240816,-96.71523473994698,-97.86540744497502,-95.25010643344761,-101.94161689067388,-95.16575461069277,-95.22617469656554,-99.93726105956623,-93.731605756135,-95.11020935031536,-98.92441031890002,-94.60383205942969,-104.9609393796576,-97.61895654189182,-96.27491344536054,-95.95028264979426,-94.60080889535183,-100.39137858787406,-91.9648523700528,-97.63089298245377,-96.81296126406693,-96.17650747622179,-92.63687071920663,-91.79941331417643,-89.812605849901,-95.612160978456,-94.40328506137041,-93.78485489783596,-94.2966428707015,-94.68527834339874,-99.3483818284762,-96.6526792498405,-98.37524952774979,-94.66593705355048,-97.83006314190717,-97.93764077548087,-94.75275183701241,-98.01170352783713,-100.28687863314406,-97.12177952936919,-95.50260290829195,-98.25603810017132,-96.12613628564299,-98.42788983377388,-102.61546462524984,-94.84193154364962,-99.25163324170266,-96.33581379682192,-100.14065812815403,-101.47010530154768,-94.8150098097759,-97.91193154983553,-99.78964355812431,-91.36651055414308,-94.20883842157852,-100.4731559542487,-92.29275577982389
2025-11-02T00:23:00,AP_24_9,2.4,9,wifi,2452.0,0.0,0.0,-102.62685420775196,-94.88393869758447,-93.9434241650655,-95.07516567872901,-92.39212908537635,-97.61799714547821,-90.60529718331946,-97.7927220428107,-92.58749228945797,-97.45200860093469,-94.2211188649601,-94.14164247645711,-95.11282443058614,-95.99818446312683,-92.2533261577066,-93.07472267068478,-95.56480261725434,-98.79820221423455,-94.76275785004641,-95.19486352839564,-97.39713235282746,-91.38279006735378,-98.38590161871473,-93.4240616684989,-95.36946099951156,-95.10013982167544,-96.32958197837566,-89.52693777886059,-92.38547545757453,-90.93591932146514,-94.30569109759969,-96.89689380196295,-98.08739508396286,-93.64407086594527,-95.88249674669868,-93.66027648884258,-102.07429940473935,-95.919046888798,-94.5277201368854,-97.89901782036537,-97.22747452087849,-94.84749976920034,-97.5319926633477,-95.50419262215908,-95.66183461230818,-101.15471958712736,-95.25629474418108,-97.00082017535355,-91.79664062137861,-87.7947183845925,-98.44681428262274,-96.86076760402942,-92.05380877044334,-98.26123200665214,-89.08589034483776,-95.85355897103034,-90.61969601602416,-91.66674549638286,-101.70107899151783,-96.88573704534822,-92.20297805007931,-95.42186773185178,-95.23774558125236,-98.16192475989423,-96.9013418001793
2025-11-02T00:23:10,AP_24_9,2.4,9,FHSS,2469.277184801156,5.896537121759579,0.7173651748669201,-56.39611120393761,-96.57268604168543,-100.3875904458902,-93.34771594634044,-95.13843960974293,-97.9023944127626,-100.19389344218406,-103.72041793563945,-99.04537850023043,-97.7962553501048,-94.75330468070634,-98.22593733111663,-96.88176199437399,-104.77399317508852,-95.78890859769957,-94.13561302791754,-96.57837470122125,-98.91267022545776,-103.54980267075669,-95.43135820978509,-97.6903102844371,-95.34457407537765,-96.74780300257851,-100.32679318247912,-98.30432676101141,-97.47508096505257,-94.6604371442594,-100.87549248722428,-93.8231046084941,-100.99037568025379,-96.26081550486589,-98.18288034867882,-95.44650304019687,-99.07327548053006,-96.47262587701792,-99.04004564274996,-101.64176108731874,-92.16638986179939,-99.56763823850542,-99.88936488429378,-98.878313004095,-97.21350123914216,-97.19582372350382,-101.89888872386672,-99.56475865681145,-99.15561347393096,-99.4978105866399,-98.27475769396801,-103.35490313112629,-95.15220447585276,-98.26380360736776,-98.65177723408888,-97.63252629513194,-95.58280091779108,-97.43064580404175,-96.44727641464208,-88.83783416098909,-95.43794964148381,-98.83471881593447,-98.49070525342044,-96.55809648272675,-103.93862187119595,-102.95482796756498,-90.47167849196666,-99.53029463851342
2025-11-02T00:23:20,AP_24_9,2.4,9,Microwave,2462.655956911034,18.703613096477746,0.25283545462778906,-51.321139400950344,-101.74746812253763,-99.78732207373936,-107.78847010175622,-98.0766591466372,-103.26927104307627,-98.0815497025182,-96.58114443265002,-101.7638208474994,-103.95136234610662,-96.80185549343544,-100.72566888135005,-97.14485495779769,-95.94798773214956,-101.56618230876782,-98.63328954580646,-98.39554758214543,-100.9128135742598,-99.7573001314541,-101.04291715178695,-96.37201176430402,-95.69898008545712,-98.02688549856131,-88.76667680255404,-99.00579632135505,-102.19428088884968,-97.03277527323942,-99.0597496692497,-101.88700657525098,-99.61905605103908,-102.03055629293036,-95.86758277773075,-98.13790001259622,-98.34345566855507,-99.38742100906148,-99.25696013025495,-97.44714640147377,-95.69124535012236,-101.5757698824375,-99.293559456266,-104.75276430153272,-101.33121585617418,-103.3400952534774,-107.23953956590987,-100.38139840724396,-98.17369360592795,-98.032367591304,-100.65730746055411,-99.96864540666935,-99.42019588097314,-102.14334682429123,-97.82531607012885,-97.97904907985335,-98.50452297934633,-104.40053306174192,-96.99570944520613,-102.72057519121995,-95.11547208770075,-100.71583618304143,-97.57658971732405,-92.02809354043656,-103.75895434295434,-103.00913383902301,-96.94181968137492,-104.90634714346506
2025-11-02T00:23:30,AP_24_9,2.4,9,ZigBee,2453.546367105365,3.941898099385834,0.45522873800195807,-64.37059536293165,-98.82589649101604,-97.54602901507849,-95.58813240153913,-99.73917478071152,-97.27622840487327,-99.74904162515578,-95.79098067531297,-95.16810081361695,-96.75486491578587,-96.73951693311218,-104.72836733460564,-102.7282443007419,-96.78467605247188,-101.37849630708723,-96.924277787566,-100.16134168379148,-92.6572134627271,-100.59097463079114,-94.1307184061581,-100.18359062796566,-94.16906415468972,-95.5026548132056,-97.57408286887585,-96.44358053078511,-93.95789079023368,-98.09841977182386,-96.01555895027522,-94.79282362999477,-93.12263315700731,-100.95908107688375,-96.36990922714972,-94.7877522029372,-95.29257317342623,-94.77200396187,-95.8974506030416,-96.95557955859647,-98.06869021103587,-99.71685278101148,-92.88108199231372,-96.48997005677874,-92.4907898649723,-92.10518716859202,-98.99523801090453,-96.89979927404238,-102.58842586667838,-97.70154064894359,-93.18568462072496,-98.45174516818548,-102.70569733585303,-103.48073316930366,-93.86337711494384,-92.37460754221893,-98.54962439976359,-97.50180790401608,-99.62357258254883,-99.47471445196882,-92.46718974309715,-99.8117768791617,-96.86161554349151,-98.40533560794267,-98.73370735067938,-97.68052483572312,-100.22384281598053,-96.7066697951394
2025-11-02T00:23:40,AP_24_9,2.4,9,BLE,2438.9938672526305,9.342543212695706,0.5207521338576556,-59.29093444108354,-92.73143121029261,-96.08140804459975,-94.00992619375121,-96.20467071971584,-91.22617313839412,-95.29632476584574,-96.12866737990984,-93.79970861365409,-97.30344801963481,-97.52800938868758,-93.24739384872369,-97.0363184249717,-99.30912362387821,-97.39432739956673,-95.95048608589073,-96.04268116324656,-97.13008750073882,-95.4098922436623,-90.74219740059574,-97.17822277480994,-98.68092259798041,-94.81381589738348,-92.82107389847307,-90.90992531055754,-91.66376744682675,-97.14696969080595,-94.53219895612305,-86.69722111368719,-90.43081284154985,-94.31376031331497,-93.06229119222098,-88.5348222084014,-94.03442254896045,-94.7343292293609,-98.97543468087638,-93.15993493802115,-92.94076075460939,-99.54025108858957,-90.92261825730786,-98.18410249030768,-91.78524782406255,-99.31136995727769,-95.90982232530374,-97.57120254910177,-95.77661314060717,-97.17482505355123,-101.0399170743324,-95.28283342792895,-97.99595133312701,-96.1408281587507,-96.07724875398159,-95.40020719898038,-94.49068486474003,-97.18299609271081,-94.12615483698704,-95.14767738597513,-96.03798107236527,-90.52712182976862,-94.27695975633777,-97.7701051552051,-101.27489143608958,-94.39642913511577,-96.01285664594907,-100.44939792908063
2025-11-02T00:23:50,AP_24_9,2.4,9,wifi,2452.0,0.0,0.0,-103.10379332819241,-99.71141185371381,-94.12617290049701,-92.1145068315326,-96.39708183208846,-96.31910578525448,-96.21883075448986,-98.66736981402775,-97.97581384785211,-99.65824098047437,-91.61750492208064,-94.39554935601633,-94.81278548188754,-97.009861761053,-96.00521865046723,-94.89291387912294,-90.68315727644253,-92.6299148205118,-93.71821317924349,-97.91326269560555,-96.10669623881002,-97.71063819377382,-95.32757785180847,-99.56122502343169,-89.60439963011035,-99.44600599752658,-92.03892168006543,-98.99510752418475,-104.25470837813681,-94.8286336771157,-92.75449717741766,-93.70967304077205,-90.848356138499,-98.88972429329012,-94.05689264937719,-96.2525495752875,-94.42371820555114,-98.45714302703176,-95.06391222771168,-101.62933455066073,-94.14819256158066,-96.75554611914811,-95.52992366184253,-96.74797419179261,-91.47362996427321,-92.34733105908005,-95.57921975550131,-97.97968685075561,-98.15359362624028,-96.27155691418533,-102.07941787126573,-93.57176897944277,-96.22968361671376,-98.33595229349378,-101.0636704396686,-98.21354200302055,-96.395126282581,-97.03604291619367,-94.73369485767903,-97.47207467095984,-96.89204017963581,-89.97508206964855,-101.04211874684101,-93.5873416353052,-96.52361344990663
2025-11-02T00:24:00,AP_24_9,2.4,9,FHSS,2448.367014676898,3.406344329724364,0.6152351906463792,-67.06746625062594,-96.04628375844592,-91.02383740680824,-94.85709394021912,-93.90578463644864,-97.6885609362444,-96.70379316394009,-92.98446085484879,-97.3943277638704,-96.28412421575604,-94.52804782773855,-95.36317963857748,-91.42940123318489,-95.74832573830838,-94.57433704222082,-94.97799422412444,-96.41013905612618,-89.31567098346179,-88.13870568262644,-95.146323673282,-101.00732381297085,-95.21085850999309,-90.54994250836855,-96.13355618763072,-96.90489887562094,-99.29804225682605,-97.034666812282,-93.3202772655469,-94.10829501123507,-91.67124326135405,-94.35010515618815,-94.17589537493801,-95.06419413604236,-94.90045109104805,-91.21426076977409,-96.24646473024438,-91.01993107831447,-101.23188997910704,-94.16058831546383,-95.89021157868274,-98.9712008791631,-96.91487191310121,-92.13240108503867,-90.2368014061315,-89.06191136722863,-97.05880326119096,-93.85280425006695,-98.7960878797344,-96.99750515139804,-97.61438821743684,-94.93753411934055,-98.0553598972229,-96.83992305471827,-90.47435111517322,-93.02188015630674,-90.16552448554226,-96.04653851105317,-93.01823511362585,-96.26376615809745,-99.1492959371416,-91.40574646158963,-102.59883494230039,-98.03986414667939,-93.02781262974263,-104.29699587494403
2025-11-02T00:24:10,AP_24_9,2.4,9,Microwave,2463.6372419202335,4.1817858357498645,0.6970922206236501,-63.70711082688239,-91.72068983207147,-93.33450924839782,-96.14519766730724,-91.40651568095207,-95.89616018055474,-102.92616356472395,-87.50487914519451,-94.55137171551242,-95.00108832448231,-97.39148776432548,-98.1711427656753,-94.28929288548844,-91.32556725339684,-95.0641506461005,-100.6607702321296,-96.73755691230663,-99.5554046157393,-95.57856536385736,-96.06840007639413,-94.2391290308341,-94.85668972372844,-93.55693492531147,-99.54365397623141,-95.30178166618204,-92.91373861549945,-101.86802900989723,-89.2218536652045,-93.55486635285004,-94.55850482469825,-95.89730917854702,-97.94946806720675,-94.90096755979935,-94.61270318304774,-90.58044028563351,-96.20529802098683,-97.42404152148809,-99.93823977974628,-97.2988642283544,-100.59398029917357,-93.68413452214777,-91.0076579629123,-100.68274892781275,-90.66622874695958,-95.33236926297697,-94.12872557064362,-95.27755497247614,-99.46412939725501,-101.24728030876716,-92.4555760636631,-93.6324327632351,-93.99368728393493,-96.82471356249302,-90.9710138990858,-98.31601010352601,-97.33223366404161,-98.03215661613133,-96.39954126835755,-99.65201747200489,-95.39044295519655,-94.82924742436393,-94.94498043450099,-91.86479962759037,-94.64209948217791,-93.45591132783125
2025-11-02T00:24:20,AP_24_9,2.4,9,ZigBee,2440.2095515900955,13.016969738572472,0.29104372578060894,-71.0653343255206,-101.71298521969848,-99.12979051776114,-103.85945257219784,-102.98174621784146,-96.50999763894929,-95.97174095383298,-98.68669838140194,-93.38569100094762,-101.46771599831936,-93.40945038422922,-98.13736416998772,-98.9659786917973,-96.38750078704236,-93.82298251812742,-102.27911885665328,-99.85328884994198,-100.20185092833874,-94.33788874885478,-92.70793116267112,-99.78691191595082,-99.55793389587214,-102.75834003933517,-97.33125901121261,-93.29501301067201,-94.64104232383751,-93.97880831817379,-99.15476277856777,-99.27504722404801,-101.83462209433878,-98.59534922754864,-91.82964442335764,-100.34468421071809,-105.5438460740324,-94.0556168744915,-99.98920461977977,-101.53312730240867,-94.78613277224908,-101.1889603581368,-98.4615316219645,-98.4167570356265,-93.0461543738773,-98.13778186573673,-96.69492765040815,-103.43178542067602,-102.34941720681385,-100.17160676464111,-95.64376208082675,-98.40052214127071,-100.27124266145375,-96.33403567951825,-94.7529927691617,-95.41586808611193,-97.06828446262271,-91.38608713354164,-99.04644398387711,-96.84416989258168,-102.97939652002262,-99.06074326826797,-97.41816769124559,-95.5497681640298,-95.23792112756544,-95.87818165606808,-96.21392539186118,-92.70173338386293
2025-11-02T00:24:30,AP_24_9,2.4,9,BLE,2465.9132970278856,5.953876512903663,0.24697834727494744,-63.18935285130833,-104.3141043677172,-97.11357851657395,-97.44478986057682,-96.43297178542439,-98.96180120614143,-89.32138693751473,-95.58982850504927,-98.0556200648182,-100.6149707507305,-96.53747919243315,-98.32259062543726,-89.11576070650769,-98.7633815518591,-94.7928817811623,-99.79546469342323,-97.52376369602791,-104.17214831710399,-96.69807807025158,-96.75715288714528,-91.5832041238436,-96.23679397079383,-94.60305110297914,-98.72247775254007,-97.90828131468085,-95.5414020864888,-91.79408812290662,-98.30544809746948,-99.3701588705264,-98.3731286294773,-92.17403479489906,-100.25831366044041,-95.99475680696233,-100.63482564878156,-98.75532374679995,-95.75080362863828,-98.80541300611296,-97.63270862723475,-95.76891923515132,-95.04471901032943,-98.23881400277669,-92.88849516552689,-92.26004640642114,-94.49981435604674,-101.50068569678247,-99.90147624167705,-98.25856679310567,-94.27042364955258,-99.74954209548908,-99.18206556483376,-99.93413281083737,-100.32449650914081,-97.20971482408886,-99.41491312644101,-95.56826138956072,-100.1851563704843,-101.87434588354257,-94.82064867363327,-96.31765850534833,-99.40426906579428,-97.27668110964471,-98.85285934207728,-101.99075459624058,-96.44928874646402,-94.2195954782613
2025-11-02T00:24:40,AP_24_9,2.4,9,wifi,2452.0,0.0,0.0,-103.80461879131276,-93.89881547715066,-94.80861572745388,-92.90080492022331,-97.8537079548753,-95.47584743786355,-93.1497477982293,-98.80729638126749,-98.88045229791557,-94.1005464614786,-96.1524338665861,-99.17683231298312,-95.22094582805076,-99.38870538219447,-89.67195925268206,-94.46081418902548,-100.68124881331153,-96.8556091783867,-94.93548009980212,-95.01058250446542,-98.63963837287976,-98.99941895210246,-95.46842210926584,-101.01697085826181,-98.39589802221043,-92.89299313009248,-97.29071054538895,-95.89566730853804,-95.78708219782251,-96.57837142345011,-95.53086495103798,-97.27703777736231,-96.52814991633254,-98.01079347162407,-98.34248353973636,-98.04884025292037,-99.53014454851564,-95.86293122722563,-96.93628533417223,-95.32932801496726,-94.88373025079022,-98.90228362327774,-96.45112586553837,-101.04169644360448,-97.3577470514706,-100.26389637215325,-90.69563199015704,-90.62387421422336,-91.40814015503567,-96.27525679392826,-96.50767751288159,-98.08126894097637,-99.16670050106109,-94.55446178551844,-94.6362155582479,-96.97491193127968,-98.3529396560973,-99.05332185641969,-95.81940817135022,-96.43472125782517,-100.50604394492191,-103.3218208933258,-91.35271581022586,-101.85291637061609,-97.76608941969972
2025-11-02T00:24:50,AP_24_9,2.4,9,FHSS,2451.4969851341752,9.983684034773438,0.5947201932820129,-68.91238852182339,-100.23504184221596,-100.41390409191999,-96.8710946753799,-98.59698641013618,-98.77489284659755,-101.12662775566588,-103.37517076424656,-94.81798140026544,-96.98001337285683,-96.07428404252016,-95.39725032261393,-104.53619097778628,-95.34763410710673,-102.40099882494746,-99.4670121996321,-99.9531554261594,-96.68029027434608,-101.0409263661529,-97.10436060427142,-100.05603578307718,-99.57504219079678,-98.34951701098146,-97.25884591128843,-100.10213303976096,-98.31668255171616,-92.68051464208335,-97.32654294793261,-97.79108064607365,-98.07086097966902,-103.65142012468871,-97.3763575912032,-101.53737945588414,-96.76679015067678,-104.58017927029789,-99.40643994010998,-101.51900050656685,-104.3622030827196,-100.69251870880314,-97.14437366368486,-97.50168956735375,-98.74473946142311,-97.11592282145742,-100.44113115094119,-96.2926704829905,-101.61703507307787,-96.13031177638833,-100.83474283420107,-99.12902147936391,-102.35855540537686,-104.07375488047514,-97.52886049229056,-98.9127110447145,-96.45897417014434,-99.55425343037707,-99.27682364556509,-99.21246776939445,-97.21680116834908,-94.26838001894946,-98.3464232613388,-98.91595498353898,-95.85580571573693,-95.46429773054207,-96.73193641703082,-95.42125177638457
2025-11-02T00:25:00,AP_24_9,2.4,9,Microwave,2456.540744135613,7.6164907912583075,0.5814568107113349,-52.499963595261136,-94.81334742566317,-95.29751106578834,-99.13289455380665,-98.78281864681503,-93.56645704504602,-95.02759385922622,-95.53816126681933,-96.39371646017004,-99.20413280917084,-98.4276627278899,-97.34249258355715,-103.26541490383727,-95.48970004403739,-97.89482749349689,-94.86874063291772,-101.57605788685933,-95.91545908398756,-96.42605940097627,-99.69235535737955,-99.83317570001753,-95.30598076722272,-104.48396025174544,-96.64456024803651,-98.62070785161521,-93.3322844985725,-99.35560956567372,-95.32209198117424,-100.67901504287761,-99.34836429299273,-102.71626614649375,-97.18445239029155,-96.2845641651875,-96.02193589891898,-97.44147216491476,-92.8824844514596,-100.89991824588935,-92.17986145713394,-91.73610585311461,-96.29068907980607,-95.50903014045969,-92.19690551387544,-95.5358098858836,-100.5841258661113,-100.81975398040743,-98.91270946122663,-95.66594370831184,-91.66089975605249,-96.44362580324612,-96.14945831141469,-95.0839571765187,-93.52977736830627,-94.27923650935497,-98.25231045722768,-96.26847889704293,-94.71407196432145,-98.72770075246815,-99.89178852325155,-95.88318932875633,-103.17444512382373,-97.81630120524785,-95.4272167601248,-93.01713067383771,-97.43080701609713,-91.0081838212016
2025-11-02T00:25:10,AP_24_9,2.4,9,ZigBee,2449.503016848235,3.6162838120597485,0.729396829768677,-59.40414721401397,-98.18277034834364,-98.50910369302801,-92.76581018657191,-94.91508928559841,-101.92998415687498,-97.0672705106669,-94.84342652951985,-93.89309860247855,-97.82777975533432,-94.8769254664775,-99.64376925680928,-93.149462423644,-101.98104933241731,-90.54269160426887,-98.68428578918012,-99.46080758217626,-91.02562968823912,-95.70962961655799,-97.63415876292407,-97.65074688513127,-95.51075943094352,-99.85483355773631,-99.88187192686189,-97.45922679945846,-97.12872985227276,-97.55866912404916,-98.2079075379672,-94.62358741042398,-93.12838295049268,-96.27498726932188,-96.09176470506362,-97.69872937135563,-93.62825932245323,-99.60857532444285,-98.77321292696199,-98.31244455050829,-97.42535709998549,-97.22619192166995,-100.75857703667843,-95.32175996561422,-97.99494293019215,-91.50925153141681,-93.15739030129089,-96.02407078535573,-98.82875840237934,-100.40098456930957,-101.23883893916464,-91.61207109849501,-92.04322775536313,-96.37573456137413,-97.88326069127743,-99.26845414254637,-97.23687437328977,-94.94259088868475,-100.26658173052762,-98.36947302734691,-92.7719180653051,-98.53758096610244,-100.74208509799631,-98.89125092187254,-98.05530613406589,-97.61901252934162,-97.58434389533979,-95.75422165630359
2025-11-02T00:25:20,AP_24_9,2.4,9,BLE,2448.4670689791983,10.67812533159748,0.354861470960544,-70.34154232889618,-91.81338848053562,-95.2878134678997,-95.44002723330067,-89.49342260573331,-100.87184384175376,-92.92139042324833,-100.73902630433572,-96.16239400781703,-96.37631228086457,-94.4383966183641,-95.24847251799183,-90.7866525073014,-100.1221789830061,-93.15514628556328,-95.04274975478421,-87.50997222441956,-93.74538626827031,-101.85814770986902,-96.28846644258817,-95.58201155806651,-95.89917539281419,-95.3018413085218,-97.62569446800434,-94.49307143151242,-93.38264217270962,-96.20650428904685,-94.84458970212381,-92.71321779752634,-97.73634013738761,-95.5616074045585,-102.02258134047771,-89.76959252313144,-93.11261274340492,-99.82475133319399,-96.16421631528972,-96.71689541439054,-87.66944042680791,-95.25054745550398,-99.63309894523641,-97.27314196748216,-95.86569106622252,-88.64501238630146,-93.85606554077319,-94.50775264534953,-98.58626966527794,-98.96828954668284,-95.83356778759763,-94.60054096753555,-99.98314138453723,-99.14743382711059,-99.72754455466247,-98.31394785375323,-98.90825427115956,-94.33420015157093,-97.4992269676711,-92.96474304184028,-94.8630953992167,-89.29342636644667,-93.42289606212744,-95.23578271918494,-92.75314128115386,-93.34688472707526,-90.68128884878226,-98.57947371178224
2025-11-02T00:25:30,AP_24_9,2.4,9,wifi,2452.0,0.0,0.0,-104.96986044743228,-95.6134146790597,-100.39993026447614,-100.65456632753312,-99.2492969529745,-98.27927904872888,-97.86745708897882,-98.56919060518926,-99.73882341791108,-98.32758467430136,-100.54129135244239,-103.23520840087903,-98.7066403486442,-98.50639936541069,-99.60609449183545,-103.04718221512309,-96.40116448733372,-93.46269599248664,-100.91851263389505,-98.7836224951009,-96.68719595483296,-97.74361371422098,-98.88261448918617,-102.33746268699075,-99.20479609580381,-99.74743969185099,-90.79973530774647,-107.07702127442116,-94.31744098535867,-99.10447383821611,-92.08725390260523,-98.36721125216452,-94.07747217572877,-98.29238470723314,-100.06607200701697,-99.59148484520821,-102.51782075097778,-96.88995650102913,-94.46299491720178,-102.9755984021513,-93.77866387532428,-98.34302954471633,-100.54138345154061,-97.45178093201085,-98.06041988313588,-95.10997835740174,-96.94018859095799,-98.96926290088243,-102.70278271947424,-97.6878472807935,-101.63256509587937,-102.86748948027132,-97.26445798307115,-94.30566382693719,-95.75998095657005,-101.29413555403784,-97.81696464093481,-92.45599387982955,-93.67476253775044,-97.82989515359681,-97.6263574881604,-100.12096213723899,-100.92401020090324,-93.10865977079915,-98.08498806618657
2025-11-02T00:25:40,AP_24_9,2.4,9,FHSS,2441.0201476716584,7.744852843274574,0.7436165814069151,-52.12604997323554,-93.2484006661917,-98.79354641290219,-95.48109424443386,-97.43367510081522,-98.79843662712182,-102.38214416234183,-95.72088438251177,-98.79308240543187,-97.09884228726018,-94.80843442682468,-99.88693947856528,-96.66611683901185,-97.75148273908006,-95.85333733428325,-94.78762150404687,-96.2103573148532,-96.59594974251759,-98.14411112862663,-94.64064695285988,-94.3499442166947,-98.83253051199395,-92.4125644846505,-98.15464048102652,-96.47259522539098,-95.49418189109164,-96.33665557330367,-97.25671126850798,-97.84282910364368,-100.60325449453917,-92.41950200148317,-95.4085616573067,-96.58940075989615,-92.75124744266348,-94.51257883619147,-98.09453860802427,-95.09161410173911,-100.75302689082889,-100.30862801071139,-98.16082107863497,-98.24079427348016,-98.78873831642773,-98.42869520634235,-98.31248670235482,-101.67414170477211,-96.4342902567048,-100.0806173164515,-99.5354713085482,-96.38047177361527,-95.47274706633777,-101.80926968741628,-95.85554755698422,-99.20147607175794,-98.43952102717832,-92.6221901674668,-93.72945401694325,-94.70875142100451,-98.54832273851898,-96.19355367124815,-96.16448135614809,-95.93685944658577,-103.44728116979172,-98.32165329194059,-97.70065238657084,-93.51515798053538
2025-11-02T00:25:50,AP_24_9,2.4,9,Microwave,2445.0986283221528,2.8650009452410288,0.5253317386368912,-59.188963306616536,-97.04390601556779,-99.16007824574486,-93.47146188123149,-93.17196995685656,-103.30055500737487,-97.34973575408814,-99.92421519706248,-96.01245368320245,-98.72930387712152,-91.81577669344391,-101.53205419957976,-97.71942786427675,-101.46537721753876,-96.32814925678534,-94.40843973141152,-99.29531738090178,-97.82771767307507,-95.53898948133232,-94.11362918810228,-99.27518495184198,-92.69419435712003,-95.96374155578953,-98.1877652970465,-98.25783064690651,-96.07741819796358,-95.56907505329707,-99.27724084074842,-100.01682464777505,-95.78476782099318,-100.02548899002515,-99.03512537428756,-104.36126303423934,-98.22808929066638,-97.4925428589874,-98.50248866542805,-98.74864480577159,-104.55720109682953,-101.02500354080564,-96.02250636390907,-97.45030283404374,-98.1979919273538,-94.88934410033548,-104.31037982320996,-102.57502570607222,-100.12262271645668,-98.77601278056562,-99.57166970834884,-98.2028000641371,-95.583758301696,-94.1956501250945,-96.37045594016486,-98.90823051449688,-97.47876185706407,-100.44720829713565,-100.17278090030038,-92.0865306147534,-94.87573689975062,-98.47482256406309,-98.95721339036477,-92.21637404589656,-90.95070295687194,-95.77809935883599,-97.31765940125031,-100.07689299921087
2025-11-02T00:26:00,AP_24_9,2.4,9,ZigBee,2466.5733377249458,2.803116769258322,0.4931606461667003,-58.01145493423188,-96.60272608660637,-100.71138240017126,-93.42430235018979,-96.30979505913108,-99.38479754443262,-98.16877871501411,-101.51047419705685,-100.1592391062025,-98.21318759274182,-92.59194035196623,-100.21815989984005,-100.19776239909774,-93.92951859856157,-96.85892381187085,-99.26922997158847,-96.25400434951662,-99.86101851000903,-101.9347614940897,-97.25684701648079,-96.1046313924686,-103.71975291317105,-99.4481860545523,-98.44759004702858,-101.12906023429406,-99.16899378452639,-97.70320082368765,-97.65961057106733,-98.26536513314616,-101.72535901803826,-94.05018392496686,-103.13113385689442,-93.64655729890471,-91.15535907758547,-93.35839078274812,-100.06323249470228,-92.70798467430532,-99.15104235378863,-91.40707080664436,-99.4380955574482,-100.3449093949034,-98.26624112950117,-99.84433576496238,-99.10031551811068,-96.69725249179704,-101.93232738628657,-99.92172455170372,-94.3985198671963,-94.25212857761886,-94.5133584740757,-101.38115186382326,-94.115462707204,-93.5490243930396,-94.98133606732482,-100.296122337834,-100.03518759651881,-102.55931283850205,-96.67052447815108,-94.15122639239077,-101.55957460515192,-94.0927280683979,-97.7417599564341,-96.03916662961743,-95.38615785084856,-99.96379099041492
2025-11-02T00:26:10,AP_24_9,2.4,9,BLE,2436.1828583805336,15.82848333755533,0.6280691337457733,-54.54828242371582,-101.56028560594918,-98.19738355528422,-100.11032393602567,-99.53545702501825,-99.18518539496259,-98.44568034205756,-98.90334903108548,-94.16377153865467,-99.32758518577081,-95.46902345952579,-99.49752549004062,-96.58540308086602,-96.07784221358372,-96.13137992439367,-98.90594957279201,-97.32793564890012,-95.99348307165158,-103.05516989256154,-93.66844216153603,-100.19836386959618,-99.94198434419786,-96.49803936320738,-96.62842059207301,-92.22392015317936,-93.16222718425993,-96.31576276831164,-97.2131205258697,-96.70539706402667,-93.51144401299908,-97.25526487581315,-99.06587497094878,-100.64759326557633,-99.00736335843047,-99.89369334818389,-95.20178625196996,-98.32708977360129,-96.82303155580152,-101.71241637088609,-100.83933744297605,-102.29243158114,-96.6468945391365,-96.74441768848435,-103.0702434448944,-96.96931941608607,-98.84393462618725,-99.18189140217568,-97.94177379584222,-99.54104136694153,-99.01937808907685,-98.51050301031796,-93.97046399497222,-97.04831147828978,-101.59244892783487,-97.34930784546252,-100.15796783774083,-97.83801145053319,-100.33193796283365,-100.31092949183204,-99.55621190834448,-97.80872976581449,-94.85908822108507,-101.7185033228679,-90.33192237720253,-97.77924441119168
2025-11-02T00:26:20,AP_24_9,2.4,9,wifi,2452.0,0.0,0.0,-104.27654284504423,-93.17041332080828,-93.711831447126,-96.38977428806649,-91.50716192417212,-91.77680372539702,-95.88316605321003,-99.460920434807,-100.23834081377015,-101.86526443424214,-101.17425129884249,-99.23692295120897,-95.01601813683754,-94.61078145990068,-94.14709048725398,-97.20595920314126,-98.22820140967909,-94.621195793993,-97.14731780376701,-97.06584126886132,-100.27209308814828,-98.0456411423396,-95.6803692990121,-90.23216031395727,-98.90559648998365,-94.76781755826285,-93.20661166005155,-99.41203791428208,-100.23854533490052,-97.74502537538407,-99.84294339950915,-97.5938459468595,-96.09033798481687,-94.00573749368829,-97.87737067060887,-96.58936237481228,-93.9171626931715,-96.39190059349424,-101.12395231578587,-95.65298480540905,-96.19454984728179,-94.97617117565613,-98.81427262968674,-99.13380796687329,-96.85147712211369,-101.67788389045649,-99.30047294608137,-97.49377341989901,-97.02672890461996,-92.1123245613819,-97.17902041431977,-95.92451339382349,-96.30612811866433,-91.71198854093849,-91.89424806752352,-92.82520444251517,-96.2377253767066,-102.51027299506485,-94.7420021515244,-90.45682447761538,-99.92965956467687,-97.0976160448642,-94.44704395064818,-99.990193448145,-93.98209964002075
2025-11-02T00:26:30,AP_24_9,2.4,9,FHSS,2468.760767234548,14.940891655279007,0.559119965512872,-57.390183092500884,-98.97502685008045,-94.19126695664158,-94.39309558121485,-98.35320909471456,-100.21572275085936,-95.34349224150097,-96.31674830562805,-94.69384335015917,-92.9107376478958,-93.8852576477898,-92.95058766118677,-96.97018244657362,-100.98953773496574,-100.93921885354098,-97.61434826899435,-99.02855864689904,-102.36452767633729,-96.92419757763862,-100.49571338541583,-99.13641738298121,-97.01619543515635,-92.63009546010504,-98.23612642819187,-93.40364930381718,-98.74439983396597,-98.4277601078747,-99.59423923275054,-98.49027926955847,-92.62801232053741,-96.10554270573839,-98.38410067737232,-97.06065590214244,-94.72441827699619,-98.43801697064633,-96.67169746103028,-96.20407989515607,-91.94640489323862,-102.7227011571585,-95.34797274823667,-98.0150648950767,-100.25346398784646,-96.4789455102236,-101.52254591015516,-98.51745378405913,-98.65393671480636,-101.33157477828763,-100.06687154026305,-96.23920164214636,-98.72090767460222,-95.47011846284038,-98.2579350649826,-97.20053598655018,-100.05211021354775,-97.59482653146188,-99.95692208458621,-98.16831270608417,-99.53050563411595,-93.94211955531925,-98.08183328491161,-98.1020372208048,-94.99727073068443,-93.33124884145518,-98.17956588046673,-102.78983814178916
2025-11-02T00:26:40,AP_24_9,2.4,9,Microwave,2453.6938927555284,1.2461123645369399,0.49842909088484466,-51.818095735989516,-95.45353740141235,-93.29061871545376,-101.18184655934328,-96.56702988360638,-95.97493714873623,-92.46966536630752,-91.86529679304148,-99.9577173958602,-98.27488840364944,-95.10154206230612,-92.86537120854695,-101.7191865220734,-97.04876363908019,-96.60881642755226,-100.2476811599811,-93.20274981673833,-98.23793455185218,-96.17420642555683,-94.39213899979482,-93.79495561760257,-101.18219666109684,-94.98434129384815,-89.05970373464116,-98.22841921432813,-99.20004677065681,-95.94919633448194,-90.86467255767285,-94.5470435988141,-93.06669047172845,-99.87103928234774,-92.95299275809359,-97.70368516413298,-91.61788160497936,-95.41402496708734,-92.21617647400947,-91.7980882996067,-98.201904273439,-97.90561080239326,-99.48014195169559,-91.87603745713682,-94.82882934084361,-96.6173558848512,-92.60411576067409,-92.13370959921684,-103.19278367514731,-95.4520805581086,-92.39017269543102,-93.38629265547011,-96.717708303329,-99.59735349908216,-92.59578399092678,-95.57825827796283,-95.49040431289258,-99.94019362716085,-93.03401211623691,-93.01243322807775,-97.43349555044502,-95.40832846363338,-100.22352663607981,-102.17789695235518,-95.44017072578922,-99.16264627205214,-96.96424693728656,-93.73741833841552
2025-11-02T00:26:50,AP_24_9,2.4,9,ZigBee,2461.7326849543156,8.868790531695325,0.38762834405229346,-53.36906229964029,-99.49718640906715,-100.83054433558908,-98.70694323083822,-103.25013700422555,-95.89303878657194,-93.05216744868986,-95.66633375073555,-96.52389894343374,-99.82920667905411,-102.7425143101173,-97.69520892125615,-95.7356323721424,-100.73988238157139,-94.00557521093351,-95.15946568746509,-93.44103381529241,-95.06424520154616,-93.32446004228869,-95.7571196726215,-95.52844395244489,-96.27947848466587,-96.47734796098725,-100.4833023658464,-96.70681743533882,-97.63043835097739,-99.6147028971223,-97.49719677053959,-98.24929677109311,-99.83850086914498,-98.8940607824801,-95.63996129213685,-93.39665704921669,-98.0363082256122,-103.33188440128303,-94.7856442979492,-92.30190024749642,-95.00712587668164,-96.74644146562348,-100.12789044857841,-92.33638983693756,-100.42425222872579,-97.9990473990579,-95.31880914325575,-97.53632214977071,-100.39368174727664,-98.25782296717414,-95.1832645498814,-100.20291181804741,-99.57781981424493,-94.96289524028543,-95.69875618060563,-98.40876326418272,-95.16500367402112,-92.4367339843187,-99.56569238549851,-99.77374988319065,-101.97631903713304,-102.55405436807541,-96.64519732804656,-95.39228271148272,-100.24338226010634,-98.80092950235847,-99.20277448783122,-100.22587670092662
2025-11-02T00:27:00,AP_24_9,2.4,9,BLE,2471.8133847399617,15.947674804797638,0.40011578381649104,-70.4959182892161,-98.65002776231135,-93.79328783690467,-93.96336903145031,-94.89446590637812,-93.23353315061611,-95.33384571889569,-95.45598498879167,-98.50541209346406,-95.61561627279829,-95.09965137125903,-95.45578431171612,-91.89136925906342,-94.88740210591766,-93.58206650710352,-95.30184763016848,-92.36765083244408,-99.48443507818055,-91.55810514445226,-98.40286222879037,-97.64177201609232,-91.34834490022195,-93.8365455074231,-96.03515487007617,-96.71105481124987,-101.56656902509755,-91.26457360845559,-94.36548665016667,-96.75551363071112,-93.55630614128155,-96.25928690163855,-90.13601437873463,-95.57641684309255,-91.89059554365697,-101.5326613437288,-95.26401730955537,-100.55511300880528,-97.22903308288261,-96.2499410598969,-100.00372393465761,-93.14392108984237,-96.88995951492106,-97.81846086038807,-96.28996318284997,-97.6841131145065,-91.81314436204002,-94.67887574405187,-89.34230632932197,-96.7668027552196,-92.87727966281938,-96.55280444440226,-94.12952683189381,-95.59999135775797,-93.05355876777094,-95.3185351267718,-95.45460159280013,-96.23046940769214,-102.93357593180068,-96.52841608568241,-90.10837357003636,-98.02443637588676,-91.44814686545482,-95.29450364481251,-97.66620058664927,-98.33587710457651
2025-11-02T00:27:10,AP_24_9,2.4,9,wifi,2452.0,0.0,0.0,-103.65126155601362,-91.83193400278213,-100.0976147425135,-100.34438570578806,-98.52522490390496,-97.51659043363944,-94.43107491163187,-94.8651934793621,-93.58018728405054,-96.9080687612067,-97.70653781679935,-90.72909257310573,-99.02082872744863,-98.48912784084128,-100.69865654902704,-99.34207733653302,-98.80285745986475,-94.47211204693164,-100.42865943219608,-96.08929379715117,-95.00353439441284,-93.49821530207801,-97.52100602017558,-94.6476656292448,-95.25247687882847,-98.59459149349725,-96.03027349437953,-100.48808959350005,-93.11984008224672,-95.50295567255507,-97.93744754570658,-93.44368394717574,-94.39033111418216,-94.53213749092218,-96.68393150175218,-100.54081162009618,-99.19351165017285,-94.00548397843876,-98.60109591802515,-102.1484237321466,-95.04993108725036,-92.50042534368926,-95.4277126606165,-96.3804332052974,-99.22400714706828,-97.92780567351267,-101.84493962663598,-97.61247101430979,-97.49786951700659,-96.97255117380372,-95.34546542336346,-93.82843654382015,-98.64539154674225,-93.25667517313101,-93.98681229711059,-99.84884289720588,-95.44254177496371,-93.5978998617893,-96.32762212866785,-97.34557875514591,-94.53677542816659,-95.2426219531248,-97.8797392260919,-100.7512985831817,-97.68388470730302
2025-11-02T00:27:20,AP_24_9,2.4,9,FHSS,2444.456549987922,3.6014615464755853,0.600660440485953,-58.062619699411265,-102.26864243370848,-100.58391004667158,-99.0251938251425,-96.77777375623398,-98.74517729852904,-102.30382059321694,-96.18268553752753,-99.71984236633551,-100.38346634498465,-97.61098919001034,-98.7125297751989,-92.1583707822341,-96.56862880090218,-102.0024555242083,-92.28402973318632,-98.49998008710253,-97.5083260378616,-96.74097972777267,-104.25167370999782,-95.9793358029626,-104.12331106171857,-95.24488355041233,-95.25591890506715,-96.8523108141915,-98.97679147961891,-98.0504045366818,-91.80520351550635,-103.3213173528746,-97.44103407826776,-95.1027465694885,-91.73577956277488,-97.88704153210992,-98.65146158539564,-95.06119293995047,-97.38095688684076,-97.56333550216553,-97.57673039867474,-95.129148108305,-97.03906163930611,-98.52928527044476,-96.24265321286019,-94.36314495350754,-100.84957519941196,-97.52980081005784,-94.69054517215856,-97.43747504560523,-102.67355383076294,-95.46659174710472,-98.46317257380215,-101.87880229175894,-100.86469501220515,-98.94953282302646,-95.77155293971353,-96.95469336565932,-101.5255060059799,-94.33390483264685,-94.11351273121016,-97.16186247610524,-98.19415400991141,-100.50549378765642,-97.93299831830801,-92.00147986405747,-98.0952365569389,-99.71264829616723
2025-11-02T00:27:30,AP_24_9,2.4,9,Microwave,2466.658232266493,6.110648337021489,0.26857442560679945,-50.250601018002705,-98.15190396435374,-100.81354156860176,-100.46253043391435,-99.92496012746084,-99.39017754126027,-95.90858960925033,-102.09445227699354,-100.8904450058729,-97.19587851585305,-95.84289925793904,-96.96313666879335,-102.24940861779976,-96.98301466688179,-99.07344385434929,-99.16614558497328,-96.26722354916373,-97.42791603377681,-101.58887281122017,-98.54270366231513,-100.99281837341417,-100.69566286089031,-100.05200376614583,-96.35207194501022,-99.72763544804874,-101.24434464296064,-102.65857568713946,-97.46966429829583,-96.7883070305556,-97.76986885324844,-97.25312755572162,-99.66052061230582,-102.59463683400588,-101.61134104920906,-97.53597154436056,-98.4165279860339,-100.95436470745064,-98.7520135289452,-97.1199158338536,-97.81813741010161,-96.19808884035508,-95.82074565242706,-99.32628562942578,-99.8868011116454,-97.42400395183437,-97.91974254262182,-104.31964204685164,-97.30091603512903,-96.9903093922323,-98.12069410574607,-92.1674622210233,-95.02147468950798,-98.09036958954925,-97.15588311933419,-94.03582820634247,-98.9849655439313,-103.44194718663977,-98.36223336464188,-95.11303552636568,-100.06423704992007,-102.06073109506538,-97.45105570842465,-97.6267104733965,-97.63656221304632,-96.38738336000081
2025-11-02T00:27:40,AP_24_9,2.4,9,ZigBee,2451.4920275007826,13.764389167004609,0.37815937103931996,-59.6484043285495,-93.94213479894654,-96.253806393938,-94.02671159604807,-92.4346486308509,-101.57770419114155,-100.77115114184714,-97.46917151461254,-92.19389235714242,-97.43827041628126,-101.67624301659622,-99.18758539127795,-93.84031303685104,-95.0852124767234,-98.6517996596189,-96.64637532339349,-96.26355288915803,-97.61722929270353,-98.50164163722332,-95.49269853419237,-93.11697970299805,-91.86149283302774,-97.37411049522252,-91.17386587471557,-93.2492425228038,-97.15925652054437,-98.02709108468831,-98.02076080023701,-94.34608586890256,-93.89964646347318,-91.87702920182906,-92.63589260305875,-97.77599848230835,-86.40254969371972,-94.35585966419981,-97.83657143989976,-95.25312109552942,-95.77751957725606,-96.53822225844688,-98.74182514518371,-97.11784178260797,-96.30920100070045,-91.20810672999625,-97.8663722415314,-94.28614391143329,-96.00065513381918,-90.60460675989304,-101.37299837270324,-97.75243977825778,-93.38849988455789,-98.97875672065263,-97.5258631608972,-97.83139942309319,-95.10841150022361,-99.47614164466833,-97.95920055931491,-96.58491207783985,-94.04853020092521,-96.08917625061021,-96.71434323310048,-97.21474053960574,-96.00510587676816,-100.47513814475288,-87.59737834008419,-95.11239409360019
2025-11-02T00:27:50,AP_24_9,2.4,9,BLE,2439.6487996203573,2.616215201573489,0.45440604841095555,-62.31538342274511,-98.56708216032224,-92.16186219285625,-99.44758733230773,-95.78818604757421,-94.55024801810819,-87.69102017237529,-89.97366072979582,-87.91118984062578,-94.65636439979745,-93.5607580805969,-93.95451209767214,-95.10203480401178,-96.1138545903117,-94.8961704651098,-92.44247826119513,-95.6122964261453,-95.2516413599491,-97.0683918162968,-95.44751839730186,-96.86035152314692,-93.12885454033874,-94.74074583679592,-97.9636639447523,-98.12157127602492,-92.49729866041105,-95.91737132627183,-94.74188269354558,-93.55742076234479,-96.09677576853333,-94.03026936871797,-97.97518143697413,-100.49312749624214,-94.49971616794183,-99.18153314750776,-93.64715567211206,-98.44413321761509,-97.92115252755431,-94.9713723701429,-93.07230725438741,-92.06906848029435,-93.60968568919539,-93.60188070261798,-94.84708485239895,-101.07053020423928,-93.10915737450506,-97.93747909288223,-98.57124414757877,-102.34187175875199,-96.25642715640208,-99.22631103180309,-101.5551521081881,-92.79559153575956,-96.04793327899287,-103.6243605870614,-87.86890254163882,-96.30511635209173,-96.58273828049187,-94.16907633788861,-96.0118903808634,-92.7010558398702,-97.14207504808768,-93.36396464723796,-95.016939380737,-95.46461374930502
2025-11-02T00:28:00,AP_24_9,2.4,9,wifi,2452.0,0.0,0.0,-102.86372198736497,-99.23858372630269,-98.16420423303603,-96.06958339884899,-94.64050822615022,-95.8826511955735,-98.42599747109202,-96.32783877556327,-96.48948272131298,-95.18190265133309,-95.80906068640576,-93.66571413539627,-93.09297729556765,-95.00089408874997,-90.50785752811747,-96.81769186175728,-91.62890341277009,-96.04253599463091,-97.28760943702197,-94.46753595612273,-99.30455896971924,-94.1643828805343,-93.58140594449759,-95.47125290172947,-100.69741678699818,-96.97757759036897,-100.62989807304042,-94.56806497869479,-94.61820983923616,-94.90289305127232,-94.95964689671645,-102.72893501455468,-93.908433535859,-91.07805910137412,-92.88062728094285,-94.76656531677114,-97.92715303201726,-96.62224232353972,-90.71891120194888,-87.07227093905334,-89.14918741050784,-96.54200557011771,-97.65471192769142,-98.83710358349941,-98.64971154039414,-97.0851107295804,-95.12114478813595,-90.53225527844344,-97.67728925562227,-93.33814385385325,-95.45850761691518,-93.82973307368508,-94.87088676995128,-97.86216801281245,-92.69541947315436,-93.48745246554583,-100.51932287982586,-96.15177821599524,-96.13260093647997,-99.51625337858079,-95.194695367127,-96.12623141044212,-97.85685407281963,-96.34354860988991,-100.63405352422562
2025-11-02T00:28:10,AP_24_9,2.4,9,FHSS,2454.649978902115,5.562103221023628,0.5763853456157212,-59.39812438031194,-91.23754434995264,-97.54499848736256,-91.2189492536065,-93.05249428280125,-93.87599533810177,-96.43333734388099,-94.54517230436718,-97.74820630010717,-94.98560716036401,-96.40484730124864,-96.02338938182342,-98.70194796427215,-98.33703934144313,-92.19645489763658,-93.38887147969074,-92.6024007400753,-94.68800170242156,-100.12530842701058,-90.3290659184009,-96.82690295264709,-94.59731530037305,-94.93027574644537,-95.5367237121623,-93.80622576834878,-98.25749261250614,-95.27829433979798,-94.4450520371475,-93.78893510524155,-93.56373607287152,-101.24966822279931,-96.57287372913345,-97.40752435566947,-103.82514768289553,-103.14545678586595,-100.40922699412721,-92.16166584789865,-93.37334980257684,-92.40519274421641,-98.96804403951882,-96.49456701655596,-94.37188514452069,-94.5863908381735,-95.6550733243036,-93.73374363575239,-98.00634543509291,-93.7582123652778,-95.39428020403103,-100.08006102081407,-97.95704159366292,-94.59679492242293,-97.44235502130736,-97.60601960550815,-96.91220893182793,-103.88827581674107,-97.2247475990059,-96.94431361044897,-100.01039613469571,-100.36123010535324,-98.35062351444324,-97.64202317903981,-97.82494470197153,-95.16548671068821,-95.30005555776451,-94.81876741379206
2025-11-02T00:28:20,AP_24_9,2.4,9,Microwave,2457.8106882254096,15.357250087304704,0.44395095416651886,-65.87958748466221,-99.16663994430928,-99.27860797474384,-93.909303165413,-98.32871936721128,-93.1652009884818,-96.25548429958573,-98.87720181280636,-96.43938923206024,-96.72641044883134,-95.02551869918551,-98.1333877354113,-104.62807304709271,-97.62062195593583,-98.59710473458479,-92.69939218826701,-94.60246517237329,-97.88408331698115,-98.47034576579826,-95.8383716736927,-92.85266473941194,-97.53812805731802,-98.74632046077312,-96.65984823712613,-96.27566992905344,-92.44387272434386,-95.46185272769141,-96.02851102126112,-97.91162626696372,-93.98082029306752,-95.62761025793803,-98.01745862966412,-96.23614472509703,-97.88621824643761,-93.47588533201161,-98.72384150697066,-97.99130104136334,-97.6141125595704,-99.35050958665433,-96.61844839662265,-100.26506273542545,-94.38820803676286,-98.31760748937039,-91.3985525152208,-100.21729522788081,-95.57443384560248,-95.44033060123938,-96.7257586731345,-91.95214629759863,-92.65737543242953,-99.62117804732705,-93.40372108618043,-94.97566893248897,-98.16787051205365,-92.59492568154499,-92.99558960575717,-98.96370132120599,-99.77759680415052,-95.62802348251857,-95.38848671701768,-100.61587105636039,-87.83377240695094,-95.26394114461661,-97.16928862816998,-95.84037516529318
2025-11-02T00:28:30,AP_24_9,2.4,9,ZigBee,2444.719533348737,7.6207191669773895,0.5695714933758435,-59.84779679363781,-93.81968254150928,-95.38056228666699,-97.62134762136363,-93.45511143656688,-99.95558343570428,-95.08046672526656,-97.11796153463662,-99.77135431180442,-103.23460782577627,-94.9445950536528,-97.81825831163599,-102.26120412555179,-98.86298660862194,-101.57981049882564,-95.89053818313292,-100.80561146199537,-96.58725045060838,-94.57792971404523,-96.20348074515631,-98.84333226817807,-101.94682061175658,-94.74811817996508,-95.09271771500437,-101.75697325535099,-97.35740267859511,-97.61765896754497,-99.97094434824007,-93.6271209188039,-100.6367328135701,-97.18517626700849,-100.41449717926405,-92.99789149258082,-99.70621144426394,-99.31045854433943,-95.99145423895129,-96.61206027057992,-100.21825168085314,-98.11308745013802,-98.38395709919634,-101.8101007864659,-104.41998425748555,-102.46467932835908,-94.81522625821525,-99.83647426282435,-100.08488105397831,-97.47067598807135,-96.58977740097689,-109.87138550577535,-97.32592006105817,-98.11456203592954,-98.32599648803343,-96.51223027971399,-94.4188342697959,-99.43975945176544,-99.17812386541245,-103.83038883041388,-102.302544108376,-103.15179512563864,-99.83448320372028,-102.48204674627422,-101.38302904953322,-99.43107470194998,-98.16967424084308,-98.656258956085
2025-11-02T00:28:40,AP_24_9,2.4,9,BLE,2462.786271121109,3.569670017001716,0.4847151805068523,-51.32555860907746,-98.18713707081098,-105.03625546182194,-100.76190337250974,-99.6530772335681,-95.42692430496251,-97.00033766445398,-97.37018625236664,-96.80305227798571,-99.50921321828066,-99.3496427788994,-106.11553505878997,-103.05305787288015,-102.58602229333849,-98.95672804280302,-98.79329510120914,-103.39682657881913,-98.28662399389054,-99.56737721643218,-97.43175462751749,-93.50998565743079,-98.03749044810262,-97.77457896630705,-94.97157002760201,-96.65843713975832,-108.22043664332833,-106.16192178975601,-96.76072593971688,-104.10674871252274,-100.18967793775884,-94.44393680535424,-108.88212449727156,-110.90020947857336,-98.38159077425237,-96.92440777326281,-94.83132981943507,-99.92334472262164,-103.46198891574598,-98.18267585156897,-97.0531260280241,-98.19331277118387,-97.51311715317541,-99.12082808876087,-101.65603527532852,-99.65807727882361,-100.52528052639889,-94.14294842242906,-97.23053334681863,-94.8446537095794,-96.44187897808031,-94.02980370161663,-102.50307136515599,-104.36998149993718,-101.35475291380605,-93.4575074278415,-93.92137804761892,-105.28635334354006,-98.13595344717339,-97.88585993085526,-99.14407719410328,-105.32948347529491,-103.21658206240377,-99.03541129707841,-91.2937460346865,-99.73841360874654
2025-11-02T00:28:50,AP_24_9,2.4,9,wifi,2452.0,0.0,0.0,-103.28053312666204,-96.3642422267775,-95.44746708789296,-97.08334133025397,-97.44211192581112,-94.07539063328662,-93.92470605665208,-94.76168802731827,-90.72636150487733,-92.3997685145938,-93.78603889940614,-96.38168926003355,-94.6051368264269,-99.4687081022858,-97.48935858730914,-102.41043169461446,-93.97306776113831,-96.30539357308383,-98.06942078850535,-90.88251635643836,-98.47012483433669,-98.63644784353977,-100.58300858908855,-102.25205450232527,-94.05462323175139,-94.44235448805651,-93.61764283969784,-99.50070309872333,-97.81255948976131,-100.93138519307372,-99.32003395495185,-96.61142958088648,-94.49173101000873,-94.40375880334828,-95.42269412212123,-96.41244634439512,-95.77286097160808,-101.17784800229784,-97.50356071435613,-94.04543751090901,-94.52784615460925,-97.34156731044514,-87.36667254676179,-96.76542699272996,-91.1765269652526,-99.66641300058248,-97.54610921874897,-99.88089029151612,-93.92592064517024,-92.80451897366592,-95.24284772949095,-95.77306754042344,-95.71341337655753,-99.51737406342978,-101.19868117702298,-97.86677797178531,-98.23313464751851,-95.39486631341406,-95.0826144997481,-96.0406973359649,-103.81140815650197,-97.10325492323896,-96.40807015165778,-92.35061922056472,-94.22437181013194
2025-11-02T00:29:00,AP_24_9,2.4,9,FHSS,2444.944509242003,16.08577826202297,0.32241342661221284,-62.77300269449454,-93.61542394357583,-96.41327634145273,-97.80115424631408,-99.73182538455723,-100.60153011919394,-97.47634410322613,-95.7187036196187,-103.49790983840325,-97.26800573223579,-101.02933841601008,-94.46192467498318,-99.27946167305981,-95.23685333199991,-97.22747346114176,-93.86574560063482,-97.30949320447166,-100.506127382388,-101.90058003370713,-97.73872650949521,-91.39002071416093,-94.46965505264399,-92.97211705310879,-102.8978977297686,-101.35773787633843,-94.08950831945164,-99.38779406924955,-93.58283545530612,-96.81555796683837,-100.00585187961318,-94.59630511952295,-97.13135765352074,-97.3644441264783,-97.07605356621583,-92.31689617375784,-100.69975324414833,-98.49333273582684,-94.061847029997,-102.272150100462,-95.06250540747887,-97.3910791306332,-101.07899084883557,-96.79902780698484,-100.47028575937476,-102.3548179523435,-95.61821962297974,-95.63134082353326,-95.14615458288678,-97.57973979171013,-93.43885436418127,-98.87243145980479,-94.72351687220285,-96.55228982883493,-97.97040467026095,-96.54259128710605,-95.55634623923876,-98.74428162352677,-94.54841424532161,-95.24800351278705,-100.0718245984968,-95.88622002749088,-101.2609001257057,-99.38316550363878,-95.12145725576435,-98.51481023777423
2025-11-02T00:29:10,AP_24_9,2.4,9,Microwave,2437.6865067242275,8.86185897706578,0.75374268286976,-52.782051514983856,-96.952726299283,-95.51042224147254,-98.95151137906088,-89.66125537679446,-100.01948702912864,-100.34628962207441,-94.27431573074033,-99.09843226675973,-98.91504723348415,-101.06130692928642,-100.44871368548736,-92.36113831915746,-96.34792444265811,-97.95286187096521,-96.61549224389594,-96.90524704556222,-96.71148311755334,-100.99154970558418,-90.30925658636784,-95.75587763580104,-95.55536577489664,-97.15116324868676,-95.51285878569585,-98.6539718445465,-94.29148748823886,-90.6034949574288,-97.22847408392226,-96.30127768633452,-96.4070919506499,-92.35512975177569,-93.80429816996157,-96.32499141958567,-96.5675232315234,-94.59686832844798,-89.37216374373271,-100.29862498255996,-96.44661268144776,-96.21636591414519,-94.7931528776676,-98.2943943240459,-99.66087878840196,-97.92318914535527,-91.65925226099537,-95.6057304008402,-91.95767602603514,-97.73628753479173,-91.9825224643178,-89.00784557026603,-94.60542967186377,-96.0835112254666,-100.36045714366654,-98.98804997696453,-98.76307517096834,-95.99243068462856,-97.3319145615056,-98.10169952862893,-89.70836031553034,-98.13862581401222,-95.0925756969142,-101.36322193317253,-95.57754268491458,-83.11318840840403,-95.72707427168929,-95.63325488307866
2025-11-02T00:29:20,AP_24_9,2.4,9,ZigBee,2445.168232732581,16.75406936050903,0.5730036157203554,-66.24232024899027,-96.3633898864044,-97.67606020360293,-95.33687805268735,-96.73038747292787,-100.35318802090788,-97.35177348053115,-99.8875533342888,-97.03321433340642,-98.15911218044162,-96.97098659557024,-95.92293015636547,-99.42042095702178,-95.38423589721968,-96.53834422025304,-96.49503968572202,-95.14640070069626,-99.50075034483498,-98.01786420571216,-97.18888137006807,-97.9251959482163,-97.45081184703274,-95.40319222528458,-101.8343127191012,-96.90153733400723,-99.38322142261042,-96.10252547481163,-96.94801064828397,-96.60175416284302,-102.84144758461817,-92.11408630466286,-100.3045354850604,-93.832336062852,-98.71228216959102,-98.01644558375892,-96.88521338128702,-99.07340537390489,-95.74089730360447,-103.55833710527398,-96.89960853790267,-98.05500364908724,-95.53746363578668,-99.05688483853947,-93.52733026875835,-91.2880283593718,-96.7186363241533,-98.25865275178916,-91.89162571011673,-100.72661254775907,-92.95732125118404,-101.02052762882354,-94.09452910714555,-100.80719553448796,-92.11793392026432,-96.03291647166618,-96.89975931853893,-99.98580176061583,-94.18171196136441,-91.56168149275426,-98.30692569597285,-96.22091195600063,-90.01357763409864,-95.63425169750343,-96.13199787404504,-96.57725510871411
2025-11-02T00:29:30,AP_24_9,2.4,9,BLE,2462.046236384625,9.247344676640198,0.4619373156873353,-66.83342724113636,-95.57228059106339,-102.16741405784673,-100.26950372995613,-101.91939049378007,-97.90686538599475,-101.09192786965276,-98.90414269903451,-99.68729877996459,-92.64132803858821,-101.08179420260069,-96.95648584436896,-101.64506286635029,-98.29860312486551,-97.36197211569223,-102.60004413398353,-99.6649478341615,-98.93694754953499,-95.9263113244068,-101.26487352250017,-99.92847274506666,-97.50730725216658,-96.0758547031727,-99.5762591659354,-95.5425596135158,-95.5077532789607,-97.31180742729931,-98.27711640623859,-100.32951230105195,-97.38024597435768,-99.08364126972461,-103.19091816349888,-92.44662853929273,-98.13287216220934,-100.99966148904166,-104.38705482372798,-93.03547933447717,-96.14960119948036,-102.54433075240544,-105.98314906196244,-98.43893753619196,-101.49071258139281,-94.41539267951053,-99.78233592841661,-96.26667358308949,-98.50036394354998,-95.74746531677181,-93.6025865941175,-97.2420154280569,-97.72710650161247,-93.26800765127419,-94.53414197672113,-97.75312034600132,-96.96729725817502,-98.61213481636089,-101.74854521877926,-102.18338533693512,-103.74840245454754,-99.39306285810805,-96.15172816066575,-103.62475112053961,-101.69401679508024,-101.47189739544298,-100.27451440192371,-98.72778906014126
2025-11-02T00:29:40,AP_24_9,2.4,9,wifi,2452.0,0.0,0.0,-104.24966856897139,-99.87827658736316,-101.58383137859575,-96.3098108817304,-96.90872704811079,-100.29045405888792,-95.77948432961809,-96.69160461378986,-96.26219280448095,-99.20219110767918,-94.61687870463473,-100.84210703233168,-95.82645984995555,-97.6620755402362,-97.50561135386913,-94.7556320177782,-97.20130239717264,-95.45989058172162,-102.28033561444886,-94.75202422239742,-91.20204303704674,-97.28469267808467,-97.0626134484903,-101.20010165659542,-99.25554055206852,-99.4114193630885,-102.78525921270935,-97.0753350927546,-99.48116500189634,-98.59687216410033,-97.71768793482033,-98.36504521954285,-93.9222531439379,-99.12816216818833,-94.89735804888329,-96.13882222076253,-97.0774846429079,-94.88420752641568,-93.97110827552791,-95.26975816475586,-95.93103621554287,-92.03177238811294,-96.25201997911188,-104.52732011369173,-97.80526022742781,-97.99023251509286,-95.17103836212951,-96.14961112375751,-100.43890154810019,-94.74639914173942,-98.68806061328411,-100.3014381783921,-91.52799293876778,-100.95579333546314,-100.12386312785685,-97.41813503001575,-101.791062987759,-96.27317484486476,-95.14498067768808,-97.77681648022846,-93.36820876094612,-103.01697907019407,-96.45563988484955,-94.14412597204858,-91.5294715039962
2025-11-02T00:29:50,AP_24_9,2.4,9,FHSS,2457.9303676400277,11.338086739060637,0.5992340732982004,-66.52866105385962,-93.32209546873061,-97.91508424813928,-102.0056264813392,-94.88850794327507,-101.57205821039155,-99.51622832795529,-95.61139624586286,-106.5667456766499,-96.66836201215911,-96.87235507098552,-103.94527208022362,-98.52997064128915,-97.81732704156023,-95.48995055809449,-92.83674426848187,-98.47527282540683,-99.25663227750812,-101.09816581180023,-98.4340527737763,-98.25884193223051,-95.87105896131214,-98.7739366226579,-96.94038693746185,-94.51630594233082,-98.2647370636715,-97.87795993105605,-98.73684015092115,-97.2102109133482,-96.23105233230032,-97.35874076267537,-94.41372737640691,-102.7116917564392,-87.4219483067679,-99.76886982489418,-99.32956481637986,-101.20553596752632,-94.65061979873212,-100.13653323827933,-98.11802164629097,-94.20236036627847,-99.04908245226657,-99.78532939262718,-96.38963254662636,-103.28855615937856,-101.03177001557783,-95.7649269612716,-102.67439683661726,-100.65983527696382,-99.33572293505428,-98.36601723587344,-95.69086263697527,-98.34773235219392,-101.6542209439593,-91.60019423669146,-93.86144456431758,-98.27445701431901,-94.30486274642699,-92.60495723903112,-95.34141226797209,-99.06277168350903,-99.02011199268784,-93.93249621933903,-95.32700972898375,-105.0764561878815
2025-11-02T00:30:00,AP_24_9,2.4,9,Microwave,2446.423751574977,17.36550828341933,0.52328602715808,-57.483706484040724,-95.34086628373426,-99.06234821312589,-94.17294006095159,-98.45819494802468,-96.36094033062251,-97.41847018826904,-93.73516785504854,-97.54183008120637,-98.39721835578494,-93.22703818890002,-93.35182076263267,-96.09930135721017,-90.16162246420915,-100.12626162238558,-93.47689496509653,-96.64752152303244,-98.5067322582109,-95.0014592503525,-91.15073102369814,-98.8137807430101,-95.73735628123761,-98.21280623398165,-98.12324064465254,-100.47731511779776,-92.98405557897229,-96.55033797770083,-93.48568921286585,-95.19657487018749,-89.45813502317918,-96.54177432673553,-96.8456831821994,-97.49032466838008,-96.9041340632503,-91.04875454893501,-98.18852891016412,-97.94718734975332,-96.02955309750313,-96.68878013800949,-97.93358378777204,-97.96724316108312,-98.35294852697461,-98.21497471455237,-101.70511406871621,-98.17483936867299,-96.47949374477433,-96.61269704581291,-95.0869605299648,-90.4475300086225,-102.86553475774323,-102.13393784801904,-95.20358156520186,-97.80343079542908,-96.79902594058234,-97.86812131368448,-98.6425130832504,-95.98915072777207,-92.85481364731164,-95.5309034434806,-99.62834662517248,-100.09345920392731,-95.0769991856141,-97.53226268630893,-98.10148000500125,-94.85290775392008
2025-11-02T00:30:10,AP_24_9,2.4,9,ZigBee,2463.9409881210904,18.920157868418215,0.43182893427802704,-69.39256254065631,-102.0737731966122,-96.1800440167564,-96.17956968191992,-97.59045727106296,-88.14672527187838,-97.34556000026049,-94.17988750398679,-96.67512980459233,-96.28005619542259,-95.45654036698902,-101.0732993456067,-95.37097629220233,-101.66172839084008,-88.55866938516947,-98.37510641315613,-98.98761132381003,-98.25541183286737,-98.54267791098152,-96.9756752964522,-98.3693548950203,-100.5143540273661,-98.04268072435053,-97.91083055978366,-95.28149010631242,-94.53214371328768,-97.8934617557461,-97.78074721768337,-97.85483812732966,-97.82461112207329,-96.68686542984231,-96.37614446112022,-97.48287045192559,-96.66130119879382,-95.80416607836759,-100.36529670825857,-98.18562097015231,-97.64711794536593,-96.9994422979515,-100.90282883660424,-93.76827847207511,-95.05535916438602,-95.99741952212091,-101.17781220173715,-94.91760498752743,-97.09075634257205,-95.91084514325962,-94.53593282172767,-98.60092822517362,-90.49636616649973,-98.1183174415007,-98.23792387209961,-101.91746488535507,-94.17630340825667,-94.46519868701465,-96.57078750745123,-97.68844406819272,-97.40238232985607,-89.97546134699847,-95.96223591278151,-96.96454033373516,-96.78828111001152,-95.89900016003965,-97.50646029940103,-99.30061218468147
2025-11-02T00:30:20,AP_24_9,2.4,9,BLE,2453.649592306315,18.03754740257117,0.6909607745327286,-67.06134177825743,-99.05035937370977,-100.7336499003104,-95.87866748544812,-92.99186752306372,-104.67851732455674,-101.55189784165668,-97.05750609016329,-100.26372295347602,-96.46433001835557,-100.30104592603392,-96.09790139803853,-91.86060431437035,-98.29440229433682,-98.7549861470896,-94.18973850831199,-96.72903030368799,-101.0152993878482,-97.02252002995496,-97.13983940614547,-97.63236313515527,-100.54006733720622,-106.79722385025447,-100.42527857171967,-100.00263448019945,-98.512422824396,-102.2143677645115,-95.1800994466222,-97.53487250567471,-96.40664988984956,-101.23708294849524,-98.10874155949261,-93.95268167540091,-99.29558834239832,-97.56474754443602,-89.69605523436564,-98.09205705733893,-97.63829617675587,-99.70596972303179,-97.9518946208314,-98.13737895856974,-100.24448020784203,-97.10942956092623,-100.57089035202597,-97.11664345341688,-107.56197537658154,-102.15523085203044,-102.53970785523063,-96.13372811113437,-100.64788730699519,-97.82460314953876,-97.96070223519934,-102.94619090566619,-98.04546877898572,-102.28513133449474,-100.99841861708055,-98.41668648912679,-95.90377116444047,-97.16180658355076,-97.31985589928634,-104.07359318616477,-98.45390628988562,-100.09816801901803,-98.46608640198235,-102.266221418583
2025-11-02T00:30:30,AP_24_9,2.4,9,wifi,2452.0,0.0,0.0,-102.20703483555951,-92.83596344194859,-94.9963755119458,-92.70871322014622,-96.46715776197702,-100.13180654613035,-91.57434302006504,-97.57414631026573,-93.12163285625964,-90.84373668028324,-93.5286546993383,-93.7094795806211,-94.07813343904944,-94.67015707254885,-98.80525873647794,-97.42839649796066,-95.05545873625128,-91.37478729849285,-96.15116734205482,-96.55327730922133,-94.85241903846448,-92.78960831145203,-93.14444519870553,-92.46557952104803,-95.85959877894656,-93.633516304966,-92.91373869170697,-94.90054822570154,-98.81303034090325,-96.62352738296052,-97.35988260087029,-90.49426868952126,-91.73632826141679,-94.23402184510786,-94.62670581874833,-94.41456100622185,-95.58891361900433,-91.86250602689185,-94.22215902085367,-90.91558111516021,-94.68803204862641,-95.58942566608518,-93.67779824719857,-91.02498259176872,-94.95782133576697,-92.73980028894702,-94.48357734706113,-93.53563849615087,-95.5288209892952,-93.47544970689555,-95.56976691146225,-96.5831868153354,-95.39333682865318,-97.47370000066553,-96.5401075691946,-102.68494562049747,-97.12696711481233,-100.94515407619723,-103.51475830159201,-97.00346194059777,-95.16871680851881,-90.02530201753764,-97.2327572999877,-96.57082785633844,-96.78388341527538
2025-11-02T00:30:40,AP_24_9,2.4,9,FHSS,2447.7606553214673,17.684690916497438,0.555795819457984,-64.22707678381445,-96.2699044477086,-91.61930377793584,-100.49961299357464,-96.18014616159776,-103.12093935566209,-101.15175892085566,-96.23376364721474,-89.33758993380185,-99.34888062493515,-103.42783896140554,-96.07867615577064,-100.0931825803719,-94.51849435057538,-101.37020321344434,-93.48089262285089,-96.78090014832155,-96.42428436161698,-98.14231417492122,-100.75419331512185,-94.10419675086119,-92.71521895880629,-92.37952160374402,-98.78808037518364,-100.67688351561458,-97.36556005602169,-98.18801279784645,-97.18025387552233,-100.69825895553645,-100.8035216235194,-93.4534590013072,-94.58651346516535,-96.15953102096404,-93.74362419993159,-92.92719924825167,-96.02470614780817,-94.93624718500725,-101.48047353395768,-97.39037627874428,-95.74513997246517,-101.8256425828909,-98.07871516018247,-97.39923113451577,-100.07948734037475,-100.91131634199023,-98.28979966947021,-97.61363261693116,-96.57452012101908,-99.55412679390233,-96.93920278590673,-95.98248460779033,-101.08966020006119,-98.63149393847111,-96.79867804396993,-97.81541382712493,-94.18526233856772,-104.4508034646236,-97.8903945022756,-102.18118509642477,-94.86884363619575,-102.85226747984886,-98.63741539711633,-99.14041716958248,-95.56738488595862,-97.84822212255204
2025-11-02T00:30:50,AP_24_9,2.4,9,Microwave,2462.2022978596774,14.654246181354983,0.3328994502600072,-70.14043925628913,-95.97242595788731,-93.60226289306637,-95.8723671760448,-96.92519279338332,-97.24457150721783,-94.99384363853088,-93.9033447994142,-99.25887324974038,-92.37024596038825,-101.0651541424152,-95.84779497519928,-100.0303399310544,-92.47762770456042,-96.17188872758229,-93.76685561799239,-92.63151127241744,-94.38734060267184,-93.18311503019721,-101.078535433997,-97.6219172837403,-102.04620237353066,-97.7380638051237,-98.19272784303044,-98.82293351753259,-97.50909485648597,-100.64137186362157,-100.56834183806433,-90.2681364928879,-95.32710529453061,-97.64653578095844,-98.1861726774757,-96.90015724100748,-97.98699833041373,-92.83435082864104,-94.5402799636253,-100.46598307692913,-96.89270373597331,-95.67413847646833,-96.71255110240239,-97.17064197250507,-100.13965619844018,-97.28514902045768,-90.46544586139929,-93.81359284098369,-95.94884996877602,-98.60390995977667,-95.27014025205116,-95.63666939132966,-94.6171517996845,-93.82065182923864,-96.06882752402478,-101.60620495934428,-98.5173347467549,-93.24558177212741,-96.03937601319754,-98.78221913723362,-91.32962614570972,-95.57306292662527,-96.95250430500836,-94.61295977633947,-94.12893389136758,-91.32171250317072,-94.43771373986397,-94.35007132471321
2025-11-02T00:31:00,AP_24_9,2.4,9,ZigBee,2463.4818612515037,6.335161109627542,0.791812106362827,-66.00105384563886,-101.13226784968177,-97.93207084871113,-93.84263881271521,-94.68162508682221,-99.21797112143412,-97.9873177669394,-96.82939843765631,-96.35712123749018,-94.76577450838839,-95.71729677586204,-99.2306483626505,-97.2036357193477,-92.9708772994683,-95.63405592642302,-101.4823855221445,-98.90620052166443,-102.21486641322694,-99.09235321619842,-96.11024944755712,-95.83230623702067,-95.76414204076252,-100.87734612490439,-101.12884085071038,-99.48302305375539,-100.57896938636873,-96.67193682406483,-93.11454145947543,-98.44673520060816,-98.85151019708316,-99.21555285420976,-100.79040275174333,-94.85048587075161,-99.04543963621735,-99.24960076427595,-94.11058360713399,-97.99123646961984,-96.29893281820911,-89.23765280981863,-100.98609604906768,-95.85907098764295,-97.57513808031945,-95.43578306889056,-100.88814246351716,-101.41937924148259,-92.6394094995698,-96.48452526295547,-96.99124280020487,-96.99114360952268,-100.29672914710078,-97.20583538370086,-98.8796619709,-100.06658219260679,-95.81486768233123,-98.51789517116747,-97.0858136482541,-95.73041821862562,-97.00866048239509,-94.74344553009506,-94.3735896632459,-91.01818031947933,-101.6420042132962,-102.67075682968118,-99.65241227458617,-94.64036394264211
2025-11-02T00:31:10,AP_24_9,2.4,9,BLE,2457.2223864333064,3.1736314557482754,0.641122839154908,-50.274857146298395,-94.36843653576943,-101.14505549306239,-100.09951145727891,-101.41585016810244,-96.09320909650407,-97.42137080950013,-99.0508337195807,-96.32169682058009,-99.7219912107072,-98.40824374585839,-98.21334235557273,-97.59318094682484,-98.95386948863997,-95.90219904556687,-96.51039753026893,-96.4897131748148,-88.85851113986807,-98.0038453648454,-98.35729076210484,-97.61670290474956,-102.27729810578263,-99.08269611486587,-94.14106454639962,-96.82208326017307,-98.6429190661796,-98.57705282333687,-98.90775045977439,-97.63169255095157,-91.83963877031043,-98.64365797339391,-92.85326838988115,-97.80963004981385,-98.12468818452959,-102.3880176475818,-98.24316757499824,-98.74607173384358,-93.98752692320099,-92.51263199671531,-99.1235042900489,-93.55350068483921,-97.06957227834057,-95.36683347389437,-97.6897472447722,-102.32332394918029,-98.82799165815861,-98.63947797358757,-95.86972558945205,-103.43210166465009,-106.06162890619055,-96.31621081045728,-95.17939368105556,-98.15785564254946,-97.75925270382783,-103.23059889578956,-95.75777003921041,-99.5586058812942,-98.96343324484049,-101.54896795739717,-98.28978821528705,-94.49626590446131,-96.48970461578187,-95.88349332919744,-94.36089540637211,-96.9288361965575
2025-11-02T00:31:20,AP_24_9,2.4,9,wifi,2452.0,0.0,0.0,-105.14254348315833,-100.41885669399063,-103.04325530830863,-98.9620568682745,-100.60536480307256,-99.85357625357564,-101.56781865152321,-102.22255321092916,-101.38904790370268,-102.47206741103582,-90.7200602225472,-92.8493050367613,-100.69216934263372,-96.62804761327659,-99.41969294390734,-99.81193393845378,-98.81793618195529,-99.06528032109824,-100.64993824779314,-102.35549330999562,-102.38459027938664,-100.5074335998218,-96.31563875976269,-96.16133432285656,-98.52514123919597,-99.97995116950717,-98.49322814823915,-95.84856330664678,-99.90638953382476,-94.54900762170429,-96.33547638326029,-100.62510534257089,-97.8254288680006,-96.8520076333279,-101.69960947531678,-99.18476985757391,-101.67129139002357,-101.58506755269123,-98.47274507047138,-99.64788328724946,-99.50139951109115,-98.35729072672166,-103.85231156933736,-97.2029745039664,-101.0872755622084,-98.59141541295216,-98.33470784342636,-95.06769732460316,-96.76917339407198,-88.56490279153364,-98.65659652490959,-98.93345583679907,-102.92339668304488,-97.90799592115698,-101.29112757881019,-95.89723306522798,-100.73919022263267,-100.78510911060941,-89.13480143700016,-101.21663573957903,-96.05243160704508,-98.75956890559812,-101.40352407451446,-96.06919018908238,-94.99544562139728
2025-11-02T00:31:30,AP_24_9,2.4,9,FHSS,2464.899684516271,19.31503243829429,0.5650097607108295,-67.01811889394692,-101.57553221356949,-98.56589154178434,-96.04454020212127,-96.72730244170513,-97.92011607842018,-98.19515528672103,-95.30406542210261,-99.75670840384548,-98.02405044074717,-103.76440481738362,-96.04236344135114,-103.18656950363024,-100.5816941338751,-95.77072890724936,-104.77819099917835,-96.41176367022814,-88.77594206773904,-97.56234819259846,-92.30500164223064,-102.75046237394551,-93.6342985222194,-93.19557299214198,-99.69529708993652,-93.8656003852616,-93.53154496263986,-96.88521846123069,-94.85632861786029,-97.60826395618467,-102.16692724924086,-95.23077886937146,-97.8114892473398,-101.58341279449272,-100.99494570472854,-99.52249880418036,-104.74297785928555,-95.83892798642421,-95.70094903592886,-101.16145336743465,-99.11719855251158,-95.56276402313995,-95.03517586515164,-96.82562622192931,-98.03718113166893,-97.93632849489997,-99.1260483923035,-99.47017983987641,-96.17534597411277,-98.51679731521784,-106.77511350945063,-94.27236874872635,-94.41607955090996,-95.73754353155874,-98.45429523707476,-95.43207203495693,-100.3598965544991,-95.73944251149464,-96.66304643720761,-98.56807062132837,-98.81207487465721,-98.7944891297542,-98.87907193977301,-98.12496939020724,-105.29125463450455,-96.9021531920896
2025-11-02T00:31:40,AP_24_9,2.4,9,Microwave,2452.773312913447,13.727360490530529,0.41119675979834625,-61.35556635603572,-97.2705483150071,-92.53139655584762,-97.76591393519452,-92.73939946590139,-94.7194248214311,-95.15782017758639,-95.84444382547947,-92.02706625138964,-95.45549429347015,-93.85279067895681,-91.70826098762608,-96.35803613897504,-95.66438816583305,-93.10855959556375,-95.13045305804857,-97.31136333141885,-97.327564619765,-98.68806451915617,-100.80528653596399,-104.9114631076858,-95.19412701518885,-96.59629614339315,-97.88397181901873,-95.47305018987629,-93.92296510747171,-98.27543190054394,-96.75120599855987,-93.53262286237998,-93.08921499349047,-93.1785588359247,-91.01418160918021,-96.38808954354641,-96.91179584916081,-101.1404064574912,-94.43866919627288,-93.34900382794729,-94.86981995769783,-94.63334740164726,-93.57354867818192,-90.45411083955149,-96.6254978132019,-96.61875158134418,-94.70612288661302,-96.24615540889143,-99.82179218611181,-99.48368673236868,-97.10668286286825,-97.22700582018734,-92.73578453004532,-97.9721690623073,-94.52712696586475,-89.52061456286422,-94.03044462507921,-89.20647554507764,-95.48306440651895,-94.296232519082,-94.29685705520262,-96.40705274883938,-94.46684612271969,-99.78683013925685,-96.71264638777166,-90.38891418390216,-95.46855900777531,-95.96844834152864
2025-11-02T00:31:50,AP_24_9,2.4,9,ZigBee,2433.341127971113,9.323972109579755,0.49061479274904674,-52.34932427763448,-97.73568008594083,-96.62757568982289,-101.64725836015289,-95.51980275148887,-97.27663479591759,-104.07471856139985,-91.22857628102715,-96.11561872871674,-96.11851873072361,-94.25455223572105,-94.20686956897501,-96.60443044367761,-96.5344650268094,-98.02776438646326,-99.34918280432353,-90.09930839388154,-99.38780224301202,-98.96463845288297,-96.71791479230464,-96.5300673133346,-100.04842076789473,-98.93030554879077,-94.88189605389553,-92.50319318462854,-101.76977494349832,-98.41329387270811,-96.06699593079033,-100.32157096772319,-97.09559828070763,-97.99734442929822,-101.05455763886866,-93.30530283272242,-95.50725462541452,-91.55249343305492,-98.08367256085086,-99.35101527370996,-92.9512025118536,-96.78279457576747,-102.03999474088553,-101.15690854720592,-96.5969579209786,-95.681373583622,-92.3664144723161,-90.80469242168532,-95.9373598044878,-92.20699223369515,-96.61316467152697,-98.04017391583594,-88.96244870638776,-94.79283498198888,-92.91083993605308,-99.58056995173114,-93.92256985989629,-96.3732494028017,-104.38161112411984,-96.80502266389321,-101.48251681664631,-97.11125717162788,-94.42627541804816,-100.3761245301564,-95.71415793297719,-96.64829299641053,-94.46864126409899,-94.67537272472204
2025-11-02T00:32:00,AP_24_9,2.4,9,BLE,2455.8917018310412,17.725435972291905,0.6111536358339952,-55.03582405141615,-96.47710167556683,-100.12174284996384,-100.44725277424256,-98.44822274181594,-95.87184432165039,-102.77385250055721,-93.22533159606985,-94.36915043788892,-99.03511108091266,-96.89635824477283,-93.01813203484029,-94.21078510673065,-95.85360115174909,-95.635685267379,-94.96305232080883,-96.35843625780748,-97.24587480829202,-100.39179445631781,-101.14398104267008,-92.02931868655529,-94.51888110420303,-99.25685339518587,-96.75775577228842,-98.50425040329753,-98.91879814384967,-93.97018213897415,-96.46828225518917,-101.00794091592064,-93.17206010519782,-102.32988548512515,-94.63632080025,-98.74346530048693,-95.8877191341403,-98.61977313084257,-96.63084850747875,-91.21775698185178,-93.46295609045472,-96.0400155107345,-97.36891547424025,-96.02089868085358,-97.10889011700888,-98.00095086723933,-97.25044384871786,-98.72411909292086,-99.92736891432853,-99.78252622699856,-97.27250872752582,-93.65717298563882,-99.00558967227268,-99.10828475147949,-90.54658528824922,-98.23209650709362,-96.27347656939865,-93.67536916609085,-96.219654744616,-98.9837472364541,-93.41295535860779,-97.94490135802884,-95.7863548840402,-99.60356563384781,-96.92990872871192,-99.550818899177,-94.67422883688046,-96.94660462070408
2025-11-02T00:32:10,AP_24_9,2.4,9,wifi,2452.0,0.0,0.0,-103.80328261743142,-96.40750777696651,-95.27874378113312,-98.15675760398678,-94.10006486629013,-90.27111785107235,-94.97928486227758,-94.07462840508059,-105.92344113528793,-102.64655175238025,-98.39154689073028,-96.73531115927969,-91.98639717020042,-95.71132590125788,-97.64057566492576,-101.11419192679651,-96.43847724768975,-102.45348153251831,-99.43086014235666,-96.44126454790621,-97.81335277885726,-97.46277120900295,-97.58544395800072,-94.49344685834475,-98.59349524235002,-97.01381924848658,-93.98761668903435,-97.70890103687836,-98.87194878215831,-99.97513499074637,-95.47114711725689,-94.12078859906649,-93.25586515420864,-90.89102748263186,-93.27248253162956,-97.02466722734094,-98.91109681807514,-96.51473951116898,-92.90922040060424,-87.30978633281994,-96.88362787506757,-93.39221705949079,-93.80353849488357,-98.03323173548078,-102.59384399616347,-92.42410565763929,-100.74630219730115,-97.8234689161343,-99.4424971002242,-98.8300552390819,-96.66333079944735,-95.0581684977095,-99.39363792460453,-98.40216574417649,-93.67764005084189,-96.68609205280977,-94.89752530636109,-94.81014946426448,-101.3955373747705,-99.45489634193875,-101.35919965662379,-95.17693310069426,-99.84417716455441,-95.62897727342659,-98.71104361500643
2025-11-02T00:32:20,AP_24_9,2.4,9,FHSS,2456.786109437776,19.47235644493456,0.6334630052795107,-59.75986545104571,-101.12191672722146,-99.33452546235638,-95.94337593622225,-104.63986907199974,-98.84743308350038,-97.02993822908317,-98.35439796904059,-94.87027034424993,-97.16655008845531,-96.39966233703528,-93.50399602476176,-98.79886389931256,-100.83580645875912,-100.37879489980216,-96.99237389038933,-100.11321317677611,-98.29440839872002,-94.46184377222373,-96.56629376804757,-98.7760355008605,-93.73879618134347,-101.003223488463,-97.42200500321711,-100.95934262433674,-99.23379498711563,-95.35471508514298,-94.93678167006837,-96.36331975269056,-98.14736919914274,-93.63805873730124,-99.09402303777414,-101.16496705587375,-93.65359115868549,-99.02732241002894,-101.35352160964085,-100.47398888350938,-94.5927835812591,-93.17640010131522,-99.6085090231024,-95.64544143014697,-94.24737750700176,-95.76573250723385,-97.8499877077729,-102.06988167409631,-98.97009997875854,-97.03761198641607,-98.92928180646666,-94.63145501552002,-99.9289008156378,-95.22672561288422,-97.60980461995585,-98.16147654900035,-92.92893025069195,-95.00178602371298,-101.80126846687513,-98.03306730135135,-96.93100647229342,-94.25474561536375,-101.04010210437605,-94.38735318976642,-93.2510730961924,-94.64916040628913,-96.8866777754302,-96.73391200300378
2025-11-02T00:32:30,AP_24_9,2.4,9,Microwave,2455.413371413557,7.483063121158375,0.619580091565701,-71.77138236502824,-85.72358350391875,-98.78633268133913,-93.21425639892472,-93.58119689492722,-98.09791763938998,-91.79588161637149,-95.29521055149243,-98.60633329511202,-94.22262007117178,-94.04014704852611,-98.62860480160157,-98.05265382226865,-97.55571245542593,-92.59559861516682,-95.08713930049525,-91.317836046976,-91.81729208788272,-97.49030452949897,-97.63892794350255,-95.17588457321686,-94.1521492931063,-94.53430138271948,-92.59027924308864,-96.10110396042975,-102.17240777203199,-93.62245581802921,-93.26809884088345,-98.44291363905012,-95.47099764633485,-97.37515253543519,-95.05391275022632,-99.3074748049582,-88.36209880824727,-93.7702531575284,-91.50863178402479,-94.66679914420213,-90.15940380184767,-98.72674828136537,-95.60816910503658,-96.32819971532166,-96.06884624672048,-90.40913105630486,-88.94928367854138,-95.66209886509942,-100.99836498282818,-96.49163613381901,-99.86969558603388,-93.22460960318288,-99.12146590483488,-97.85135276156197,-94.41255120193753,-96.3374353175816,-97.26941176170577,-94.8477348621984,-97.17296843792792,-98.2344593786776,-95.4510070763017,-93.986278595151,-98.69094708324434,-94.94238895528139,-95.13398426299462,-97.41440316105376,-98.07502482785476,-89.74357712615057
2025-11-02T00:32:40,AP_24_9,2.4,9,ZigBee,2439.649061179565,7.717987637006496,0.26938930041194853,-54.228348890138236,-94.9308695337633,-96.31834905762244,-95.73505416701839,-95.78675591066904,-90.43293929746639,-94.74768921193659,-96.47659909835794,-93.19920811540308,-97.54456202371222,-91.19356222395155,-100.33567871676678,-99.24659019660027,-92.44394010962401,-94.24643632241595,-94.618180756474,-92.76463694272358,-94.6069211524951,-93.11824013218772,-92.5167216262328,-97.24778136822577,-93.51526579387833,-89.24992234851663,-98.75839018998633,-99.88202000649615,-95.54598210162668,-96.30990804241794,-95.1372566298472,-98.15889172440421,-97.28665241788065,-93.63200868242514,-92.50011303549803,-93.84433745769206,-94.29801798179791,-98.11671761519776,-99.57744257309746,-95.80328596181464,-92.5688203976317,-95.68930392083107,-95.43163896852612,-98.13858266318262,-98.5159957222942,-92.29655956203733,-97.07237874423028,-92.98521465576688,-94.40227345600306,-92.34988281904066,-93.56167062257687,-96.88056780066758,-92.44354511704003,-95.7598367742749,-91.72082599176933,-93.476356029458,-99.48787204002872,-93.99623819776234,-87.5623328421606,-94.25483088093851,-96.5656349550713,-97.31297414178583,-100.10167492092212,-98.91302358649294,-97.7417025456611,-97.38610737094295,-96.86462438489419,-93.08298155369728
2025-11-02T00:32:50,AP_24_9,2.4,9,BLE,2440.709129236962,13.713992282226146,0.724611215488449,-57.49229712895168,-95.77572712324124,-91.74473692769953,-103.09788630126812,-97.03110548550438,-95.19901624510638,-90.47076547216297,-91.97340723247906,-92.77004580954627,-98.61532099960806,-99.0984848033167,-93.36204678137541,-94.11874854883322,-97.78543962852207,-100.69970070000053,-100.31678454995605,-97.0193266336525,-102.12752501235146,-93.86204928525397,-100.42259862817765,-98.74047218161735,-97.20440286744606,-95.10693766526258,-98.96683276313394,-98.98625172135175,-93.22499942344068,-98.94080041035946,-94.9607221378121,-94.52175114562151,-98.81142227848733,-97.96191906272335,-94.5818296358345,-95.66612526436785,-97.27156358032941,-94.96225975444578,-101.58656767883593,-99.6591006736824,-91.0239836987786,-93.63506544897656,-98.36308977528768,-98.97251185310805,-97.55518388954789,-96.00765996378968,-95.392463814035,-93.18781984011608,-97.22360231770257,-92.96388315060199,-96.60228696004211,-99.4496773517929,-99.51513614624528,-98.62481568980989,-100.54617006046847,-97.8079103452214,-90.92842738955135,-93.42042463318089,-96.00854196342662,-100.8854310657877,-99.84662758666069,-91.73088627676542,-96.85169147052497,-97.15868800741497,-96.3490646937233,-98.2271351737989,-94.31585383063076,-97.86595323401735
2025-11-02T00:33:00,AP_24_9,2.4,9,wifi,2452.0,0.0,0.0,-105.87219200131156,-99.25791002916422,-96.62841839705224,-98.83194808544818,-102.48318963386647,-98.72734252439112,-101.08632113582097,-96.73347699407567,-102.30671474871114,-102.58776770549899,-96.6092790412477,-99.10956994197757,-100.59378817455254,-100.26992127136364,-102.13906787731814,-103.9934946764067,-98.93087022003898,-95.5557436744007,-102.10138079730423,-96.29720805782408,-99.7086509722513,-99.89795939392955,-99.04753498578819,-97.77962973241226,-92.68101095529909,-101.24981820439963,-97.8980042489564,-97.10963593739838,-98.598670541105,-103.52340941947008,-98.89282605069235,-99.07035622687154,-93.55663408807453,-99.9025109229885,-100.46410941939239,-103.70583475847496,-103.68836538595541,-98.36684834835857,-94.59924925558776,-96.97309769199398,-98.7279962044986,-99.54738942500745,-98.41104310378205,-97.47408838305056,-96.80037825319488,-104.99030159765962,-94.49468847448622,-96.14962755997242,-98.6390731629782,-95.98954351029928,-101.93690734660481,-97.25861941895188,-100.16362418571148,-97.67097991590651,-101.87477679556527,-98.97577263349886,-101.24873069543995,-93.90423846040234,-101.73149541275565,-97.88736880000465,-96.329107107504,-102.53380836597266,-98.41524821085439,-100.70262185005421,-95.02674648103854
2025-11-02T00:33:10,AP_24_9,2.4,9,FHSS,2445.442131254277,8.856198135358158,0.49026734301986663,-62.784173687875,-98.57836613841015,-96.63392724473017,-101.05823285854692,-99.65451504095223,-94.24461838003936,-101.6356405113671,-97.13762962049842,-98.22750800912063,-99.07497030816276,-99.3319131986353,-99.42310347295522,-96.95361377024115,-100.93396757150427,-96.40895017447454,-98.6953905627297,-98.45333125392031,-100.59077110124827,-98.24979591481173,-93.65590080246592,-100.61501258590658,-97.88517464327055,-96.98768865001236,-94.6881354184109,-98.30427825552813,-97.46885358181655,-96.84435034515097,-96.68798106186115,-102.86874566557782,-99.76205071665116,-98.2640277312298,-98.78149798430479,-105.89419167732191,-108.3971383093682,-93.87410033250902,-100.30111927327043,-101.49901063662186,-107.05697666548842,-98.4730939179945,-98.90234473109267,-97.50035104878833,-101.3424243601539,-99.67630905022801,-98.68644838021063,-96.73467348516412,-96.4519031478888,-95.58446544982878,-101.56242753516023,-99.32602450550576,-103.98944769628322,-97.29308353669568,-102.74684081395948,-99.35886418275179,-103.47343898741515,-98.90149822920331,-100.00926905808623,-102.78474803526342,-100.00771321253318,-97.85652360476752,-95.38470443087368,-101.1271944769849,-96.74163713353475,-98.36528817551435,-93.14169690728839,-103.95433852082083
2025-11-02T00:33:20,AP_24_9,2.4,9,Microwave,2439.061990922959,18.941093460933647,0.37649331301292954,-55.9647034200641,-95.29726416987768,-96.15276252021599,-95.09800565521793,-96.80759999519192,-96.0849574128759,-95.98191922706835,-94.71955558050433,-96.7408559829384,-98.34982461421541,-99.09304754555043,-100.86042326374421,-97.2659730133724,-96.69911152784276,-94.88111168204846,-93.72211948083911,-100.29246558293246,-89.97668633327976,-100.23405342095937,-94.27506455585558,-101.57164838678916,-101.404667813689,-103.51708593147937,-95.63002978394175,-94.57716964766335,-98.56577081232706,-103.7546248691985,-100.80959400222514,-94.50225547544193,-97.79086485964801,-99.73544864599836,-99.213298225649,-96.81593338097692,-93.82715374990201,-99.28609551976209,-104.04483051522644,-96.51703920722682,-91.89838658432205,-97.31136081617015,-95.2641664438072,-105.63674998850334,-96.34675079720374,-99.29099629241199,-99.9890564971149,-97.17828152526327,-100.11444717662573,-102.84912862958707,-99.396924477319,-94.37722873282954,-97.55952291531923,-94.3691383421701,-102.36959114043374,-93.96475143713938,-96.03741466172492,-97.06808849391257,-92.81334049045932,-102.095458383596,-99.49309858038525,-97.52676913972718,-98.82028326872076,-102.02481477980629,-94.97519071604376,-98.21491174261706,-97.96615297808842,-96.16879507167094
2025-11-02T00:33:30,AP_24_9,2.4,9,ZigBee,2446.9570297720084,4.652475862035895,0.4799505818588857,-71.38239436065123,-99.82019916648528,-99.37779177774658,-95.33734972306362,-100.21205185140339,-98.32998887740905,-95.72088312173496,-94.97381988222595,-95.08569297980839,-99.13565347189974,-97.40506348288444,-99.04876231126192,-97.86149474373326,-92.13049886706348,-95.02167103220677,-98.51534818284928,-97.34403529501714,-96.54459567508452,-96.49004878414263,-104.68525155597584,-98.88072402840143,-96.75126844257298,-91.21056084071807,-99.57392255236329,-98.61015604976332,-100.80394629950698,-104.91103061016759,-91.32607766923087,-96.15213283129414,-97.58277829816983,-96.15866623103388,-92.11772870256657,-95.87589361572911,-98.47456628583485,-97.7041865641234,-94.71803681631903,-99.70709914837596,-97.59225112723583,-95.56697067321751,-101.89050613578236,-95.32512034082582,-94.50731670554194,-90.52639917587406,-95.7526102702154,-94.3253688145482,-98.72660913027973,-99.40081827525185,-98.86541630975019,-92.00117803174693,-102.19648345754892,-95.6153141339788,-98.92435795627003,-97.36337645750619,-98.9326814625227,-104.49151926833991,-104.000180960357,-96.64839386682071,-95.64927430144199,-101.85455305804462,-94.75314526107012,-97.99371316824687,-94.93053395416234,-99.23953992485878,-99.04691157754704,-91.551923036559
2025-11-02T00:33:40,AP_24_9,2.4,9,BLE,2454.351558884762,14.126894846386687,0.37382504221533985,-66.28209427911845,-98.65064559041564,-102.7394641709163,-95.47514670854058,-94.65305815390921,-91.99472827720673,-97.73737314916046,-99.86931953741328,-95.27539035085304,-96.8990242807896,-101.639420412018,-98.16852255467393,-102.9101314026913,-99.61088503692652,-93.38343719018047,-93.23371240207787,-91.87470931201727,-97.70164163486567,-101.8450933263004,-96.69482584888192,-98.23307925555775,-98.43661987881045,-93.24252241597866,-100.24151666907184,-94.30045463036745,-103.78750664420092,-98.26816004640439,-98.6939203463077,-100.244891560009,-95.53980715585817,-96.56007704778496,-97.17375848250632,-95.22398064701841,-97.90750592496352,-96.80771676198297,-98.35710279736863,-99.88181745592581,-98.857318075476,-102.87972728670988,-95.65126827072586,-96.91450067531233,-92.40255652195161,-100.749846636696,-102.657184450112,-93.93439483118466,-97.21158749164941,-96.87198219464024,-98.79752737076001,-103.32960805589538,-91.60648189072779,-97.41732966862723,-94.61157928690838,-95.37798587565798,-94.67417302759743,-103.01158245634007,-97.37905284946218,-100.0573604954237,-101.04750074004998,-95.05103811669218,-97.76069317320608,-99.20919358151716,-99.13347413401063,-95.54224454328644,-94.31179961995129,-94.37247351555511
2025-11-02T00:33:50,AP_24_9,2.4,9,wifi,2452.0,0.0,0.0,-103.07156571146305,-95.63813019100913,-96.18571681440802,-96.0115063584085,-96.38049447486658,-96.9335533509133,-91.05623538213442,-96.8611250513681,-97.57077529373394,-88.3638277958154,-97.66678740841816,-95.72873810089072,-97.79438840481059,-95.21594399271288,-95.00355145360408,-95.38446891599173,-94.73155472765472,-100.82359032796505,-94.9624706637608,-102.3687038491406,-101.89959643832043,-96.13363719072478,-96.77181844577764,-91.74880938330278,-96.60133889609145,-91.87208997195637,-94.85975782804684,-89.78586111249545,-96.28005606368195,-96.27188886161096,-96.73068276235894,-94.28557136251706,-94.66950138081621,-95.72248074486996,-96.1642780091553,-97.09296197624445,-93.5169904797689,-98.9510865761547,-95.4537905624546,-97.18498232935445,-103.57584352755558,-100.06250610386577,-91.66975476529875,-88.84054161489247,-93.26805786092642,-97.33579131395909,-96.34017813974515,-94.76207454521584,-93.68359373062668,-104.17111227447938,-91.98957708720877,-93.12277468916234,-98.19659820938621,-96.95622997782316,-99.21991108219716,-97.81692105991708,-96.45260811526205,-99.98131245738489,-95.86738574617426,-90.25248270339276,-91.84248705347333,-95.4676940925819,-101.50776633942111,-100.23460811044188,-101.24055890639644
2025-11-02T00:34:00,AP_24_9,2.4,9,FHSS,2456.0869014230957,13.396489687469296,0.3560520263746221,-52.83111412581444,-96.2548308783452,-96.11422793746141,-101.90451884197061,-95.65113232359124,-97.64010199878057,-100.4666508472833,-99.40988480308144,-99.93586203247274,-96.84270919910044,-99.33969677028553,-93.03808976983274,-95.79733108839659,-97.74912004172441,-101.85438200396382,-97.28692216953883,-94.03218033454142,-99.15531491890506,-99.08016925792703,-103.62713326306026,-93.63332263080041,-96.76224680059774,-100.42320733500961,-93.69732716322902,-98.15808695868607,-97.77525166965648,-95.80379121615638,-98.76515496096945,-89.83781612537379,-100.04755127808644,-88.214446621223,-98.41825031281033,-96.25860609201187,-95.8486508078499,-101.33013044072722,-93.60835241746362,-92.80674412489411,-97.58944582685754,-94.04250345498612,-96.72748034881718,-99.90923176440072,-96.11275937145585,-93.47107443763173,-102.78108348911475,-96.24439900863962,-95.77453186170244,-95.17129927775986,-98.81009530536808,-101.0186888484986,-99.29394545337512,-99.70209092055616,-95.99835606577258,-96.64895476431795,-97.21321437253269,-99.87129632739786,-100.68050245499553,-102.62464448992635,-95.21264311584822,-94.82432506225952,-93.17729257006239,-103.15261083656472,-94.3836266268213,-90.35722855571875,-92.61121688573388,-97.98173606980627
2025-11-02T00:34:10,AP_24_9,2.4,9,Microwave,2457.4312558429842,17.530913779000052,0.4698145189310815,-53.343410937906555,-96.1608013081482,-99.38001306785542,-100.67123401781299,-98.49796188625305,-92.5405348818837,-98.63132862132947,-94.74100774294372,-99.04437733381282,-96.86810397624791,-97.32992750455745,-96.00036514324307,-92.90996645956332,-97.45556169764771,-99.50851440613508,-98.23443312516845,-96.51339997997447,-99.90954065632592,-92.04332509360461,-92.57064878553433,-96.1041498800749,-95.5356067760561,-97.28379967847043,-99.58692337866708,-98.47922012414074,-91.84304823566035,-101.29500244861968,-96.52502956516551,-96.26563458690626,-101.66302414258908,-99.23083070260553,-101.58546074719817,-99.74096687920563,-99.49809418957993,-103.75748398451078,-93.66621196285558,-97.67077725111689,-97.84093088763807,-99.5724707485052,-95.79339356810854,-98.273353188899,-98.88267861342474,-100.24530697990986,-95.86094779765769,-99.65772990572799,-94.67202510082876,-93.79911870802437,-102.1515744047383,-94.33755262448545,-94.67489422329125,-94.69823242877712,-98.09145526944488,-96.3603931233664,-98.41921390760372,-98.48016784478955,-93.9188596777093,-96.60777021020884,-102.94889136120022,-95.9840784737435,-99.6054088937481,-94.6193220738183,-100.74545746567716,-100.23163624046022,-98.37845015753813,-96.18904979908281
2025-11-02T00:34:20,AP_24_9,2.4,9,ZigBee,2440.2970670103614,19.409376854531953,0.6816216185142854,-58.1965120880523,-101.03161167361722,-96.78836616487072,-91.46576417274711,-96.09462792523516,-98.35803549319331,-97.95695910559328,-93.19918276380217,-96.02484047578031,-95.51331984077429,-94.4739496956308,-95.59026650923487,-98.75245644990659,-92.754463022894,-97.41019815955134,-93.01324880608279,-96.79166730705418,-90.07723499025535,-94.52023419882948,-94.7789418672203,-97.10281832621466,-97.98340986117701,-94.72036871448933,-95.95466701843415,-90.94874887026677,-98.68263830964763,-96.51428028431539,-98.79543761928831,-92.90274755965623,-97.9543635499775,-100.23795989068158,-98.56427707891497,-100.72730267564732,-93.37575910715103,-94.18082717180894,-96.1178469275552,-93.23114653684213,-90.19796921711551,-94.16982487343762,-97.55151569709388,-95.62255215035125,-93.49536599010467,-92.5696304474053,-96.94080293981317,-91.5999169225799,-94.81711139165007,-93.14221825869546,-96.84289205341915,-94.4077799036364,-97.12319291756326,-93.71668480739851,-93.6801024626528,-95.60315112467556,-91.65985007898996,-91.93958613488998,-93.42188707068098,-90.07446668998777,-92.1553046220047,-99.9696092786501,-90.56490216813482,-98.67181519368113,-98.05620304865522,-95.54405918606973,-92.23034055368171,-94.99074188897046
2025-11-02T00:34:30,AP_24_9,2.4,9,BLE,2433.3643504751403,7.822618195651187,0.4609699976147315,-59.529295080818294,-95.50837831183031,-96.59512618345013,-95.47560783812632,-102.04212686594268,-95.81003790107859,-92.66913566733902,-92.45139562241656,-101.0559247060849,-100.07475632933235,-94.51862260777207,-97.82347301699681,-96.49021395494054,-100.03962732622196,-96.19609975299757,-96.791685750331,-92.86313291874158,-96.1358417954137,-96.4392880874733,-101.40746401987083,-96.433643393087,-99.67505270565455,-97.9954795731189,-95.12153686161979,-97.1621003843828,-97.9402161018929,-96.64331840984507,-94.04376286303176,-98.88169020727288,-91.59196623676348,-99.09094313440929,-97.48617786132881,-101.14910684658388,-98.39244096315629,-98.54898548736699,-95.22614633895986,-98.9338827570392,-97.32781294918108,-96.91020280941468,-97.80246402143963,-92.7081710458666,-98.62704822788638,-101.8903455702006,-94.2934492427478,-95.07681658199378,-97.49540990637244,-99.59857508714562,-93.44760014194684,-98.32551102145601,-93.55725759283588,-92.30326267247439,-97.92294858594214,-97.52217798993445,-105.42623498127699,-96.82492518588805,-103.02710574421545,-93.50204043422835,-100.11825610723277,-98.06793338657688,-94.10823285144951,-98.53854339244673,-92.21144649797974,-102.65772275715378,-95.7628376886728,-95.41642649727814
2025-11-02T00:34:40,AP_24_9,2.4,9,wifi,2452.0,0.0,0.0,-103.99717081549974,-97.49831837462632,-96.61193636418552,-98.3765746998303,-89.7174312672842,-98.90035033057116,-93.63439016595987,-94.82765116015571,-93.15143339331084,-94.06636219754984,-95.05840406743512,-95.1868592400759,-103.5654872787753,-101.77456823526217,-96.52384668137589,-100.64701888595167,-94.9921209357672,-93.82204692943422,-99.06978730420904,-96.05950301893084,-91.85043552700023,-93.9431489319803,-94.24575173056407,-94.77900900905246,-99.48196181385872,-100.79471560366514,-97.27283349827626,-89.97305204033331,-94.26651143662377,-93.44789627336043,-102.26537211516893,-96.30151325922083,-97.18747906874133,-93.61505512173895,-99.4909682216539,-97.59787131174058,-91.34779449642703,-96.75376535189199,-96.00364667039277,-100.23641951934016,-92.93452089488781,-95.97308683395954,-94.36572631723325,-94.37140327005089,-96.7878065117955,-100.39561678482164,-100.69631516674417,-100.239206109332,-96.23359475789643,-96.67489872217436,-94.40784919548811,-98.57162183481309,-96.08869725530555,-95.67437801133221,-93.35294052143125,-89.9537328565181,-93.88613731962002,-95.13041875769534,-96.82267875206372,-95.1312035948764,-98.05492863826913,-101.7535505719865,-98.22562272185641,-93.16576297166569,-97.29417684559971
2025-11-02T00:34:50,AP_24_9,2.4,9,FHSS,2447.835744930611,2.020900281517239,0.7966028554990607,-69.33726612495879,-97.87711521542337,-95.67894513219063,-98.00337187713899,-94.86233587867832,-97.96731132405638,-93.33892619571398,-100.46588325424783,-99.3473888575677,-101.57579532609144,-95.85290627585121,-102.13832967247252,-98.74808363183527,-96.13832557534384,-99.14909047906289,-100.36429282326179,-97.10044814615046,-99.48793427397072,-99.30644611891472,-96.11166868105813,-98.90207988802145,-92.35123800374477,-100.61583420010322,-94.33712457086808,-98.19217992500556,-96.68626650410211,-101.34607208393999,-99.30612048400265,-97.33867461246044,-97.9722648043995,-94.07963943613242,-98.4581778075266,-95.49887034597981,-98.66541998148847,-94.77958516660055,-101.84586430279353,-91.92569605577201,-96.45479219898739,-101.01424540534704,-98.43680330757883,-101.91608485933799,-97.81434312102705,-93.18634491255243,-93.0544777246101,-104.16903569355514,-95.9563539967174,-98.91326944881003,-100.48408955998802,-97.12308927349667,-96.90657082147139,-93.18130990554324,-100.4321565543827,-91.18720183567193,-98.50565162953093,-95.6523014489871,-95.75781391346075,-93.84167489478217,-99.78213440681746,-95.67728215941304,-95.64242988824162,-95.82967855597654,-98.76702802950902,-94.80190270906735,-93.69234648766317,-96.5603515707856
2025-11-02T00:35:00,AP_24_9,2.4,9,Microwave,2452.6061255998616,17.79511630021863,0.701164476126743,-69.92257562746842,-97.54816754091556,-96.08574372983122,-94.3990509571469,-99.755588247327,-98.31917248003082,-101.9016274931222,-98.01203797228939,-95.8760440394631,-93.72031263176301,-97.18526833797503,-92.14214789218136,-98.97571628868295,-94.91848401991048,-98.75634742632452,-94.18409706126995,-100.44985628956357,-93.7120821117129,-96.86014120096918,-97.06214828505418,-95.04736267529361,-97.83623534180309,-98.25974337100338,-96.17606950989847,-96.94328840487852,-97.05107138236227,-98.56064699936702,-94.84756568714997,-95.90260603708067,-100.40376487811268,-96.10409676230866,-97.68409454097635,-95.13831364739254,-97.45926174621253,-92.51661578769327,-94.54185766305316,-100.66091011388015,-95.09490730701027,-97.18730594671719,-92.14079219371644,-99.28207396467359,-96.19315960227921,-92.40619669692984,-94.18261169193252,-96.49981326731371,-97.05956115984746,-95.09817171166928,-98.18796682645394,-100.64599881482654,-100.00535840448441,-94.10680758506805,-91.62864939051954,-97.62233854342134,-96.16524172298035,-96.75332373541566,-96.03627013194568,-99.39672171450965,-101.30753809748894,-98.88394618419134,-93.49224080388039,-96.09910787789406,-96.30713612881877,-89.95248334264363,-93.33248997643538,-97.94947643859469
2025-11-02T00:35:10,AP_24_9,2.4,9,ZigBee,2445.8030953034718,6.261805029701466,0.6603210856555126,-63.73389696826915,-98.54447642976942,-96.25756208607301,-95.29917340678836,-95.10675591848035,-97.7912696639353,-97.08678482016086,-94.17921132997826,-98.25264670006865,-97.27097596790935,-99.68189798564481,-100.75229390823468,-99.7892774567382,-91.37664150349856,-99.90682092000657,-94.75013300693382,-94.80920059303335,-90.8949987202951,-95.28750524071594,-93.4748811681621,-98.74084776763408,-94.75640236297116,-99.25695037109529,-90.07324195840266,-96.25267354597841,-97.46364195065084,-98.23160923707944,-96.1014209522514,-99.16827655403678,-95.8944545225938,-100.71091176325208,-97.4542063337534,-97.92522284359114,-100.51874099830862,-98.21841044460781,-97.10146606429359,-97.73968151667766,-103.28465608497324,-92.24873114992721,-100.65930834280374,-95.8230889129259,-95.11987473586385,-96.16043744530187,-101.52500050918587,-95.99879057096992,-94.64420990588748,-101.63942148206631,-100.95253734413453,-102.50112293892175,-97.56731064151029,-99.1683604510041,-96.66612806580653,-97.27772461267773,-98.43765287334338,-96.80923255688836,-92.07368368357348,-97.0085035412333,-99.18779957697647,-92.41709865738989,-95.58009332979408,-93.5850083984458,-100.02278039198245,-95.72437246560173,-103.14212775521993,-97.63040833167396
2025-11-02T00:35:20,AP_24_9,2.4,9,BLE,2448.55329305266,11.387021891797385,0.4265242001514303,-50.85626992869136,-98.77617577967007,-97.20087411085993,-95.12233833747231,-100.09781039229009,-101.6075331663301,-96.31676614920772,-97.27085930649599,-96.8837493363315,-95.22960240978148,-101.0298801064293,-99.6719763434681,-103.32383093791024,-92.25270901232943,-102.42771876442055,-97.87884815812082,-98.7897736226778,-97.89380411154175,-103.3010307696102,-102.58398839160918,-99.64368820119506,-95.65622543766904,-101.09357848692893,-94.4075074973865,-97.56157388546715,-101.3279564912054,-94.21866740217986,-99.64197507978773,-96.09616634047755,-96.16088532504779,-96.11339761883158,-96.72574434652378,-102.3642659477458,-97.50379785244448,-96.86688786647926,-95.2295968066198,-98.65020252663419,-101.12981962635486,-97.00200220611157,-92.14756745883498,-101.85549363025534,-99.69258528633956,-98.8150361695928,-95.34386532940202,-92.6854204500877,-96.14959920016878,-100.42729926241802,-98.71458503622966,-98.28954184099442,-96.26329990574226,-106.47827669978282,-97.74171317861065,-98.5914129368724,-97.94986525650569,-101.63463087520782,-95.72779054248595,-97.83483264549757,-99.54766939514772,-96.87320840368564,-97.68485725647032,-97.45657687125906,-95.92648871447761,-98.72540060289458,-100.69855750990494,-101.39693565863296
2025-11-02T00:35:30,AP_24_9,2.4,9,wifi,2452.0,0.0,0.0,-105.26844248742783,-97.86532944868182,-98.98112642696418,-99.77661522124845,-98.14404048183678,-96.31882129999501,-95.34763390953908,-98.51281344840521,-97.82304997406611,-99.83025858503557,-96.28334396971546,-94.56896668272482,-95.1761223048942,-99.10997610757612,-99.59768550286131,-98.22193770126049,-95.86303541746685,-96.24823007462741,-101.1783018151565,-96.05291237077097,-100.56500640070432,-97.44618561455617,-94.56909126499139,-100.44171762964424,-93.31455305555866,-94.08776090038305,-103.06775170569462,-103.61602485186873,-103.37599630964132,-101.24817804478118,-100.50550229844328,-93.90960522529191,-99.38289349790148,-96.32190089141201,-102.5360201931632,-101.92290078809924,-101.21439524903852,-97.91590790612851,-101.73869541530902,-99.06065778699298,-101.04143385176724,-97.86177211187473,-93.93734514445723,-96.31893581578595,-97.09541370521235,-95.56246034319054,-99.14521397698368,-96.7824636271494,-93.3491265810303,-100.30679481160627,-99.50418797289467,-93.36875002674451,-97.3093478660161,-98.84816483846502,-97.8317240175093,-98.48194871570068,-102.52267298029338,-95.39696802499923,-94.87471819264113,-92.00468835119615,-95.6625413506601,-96.01179816909988,-98.04426776384985,-95.82933574522612,-94.12320760491255
2025-11-02T00:35:40,AP_24_9,2.4,9,FHSS,2445.002348055649,9.847530375071825,0.43029716900316395,-57.13583740347853,-97.85971509240359,-95.75096386399093,-98.7833755409615,-100.07953386647048,-101.52771864724491,-96.96774553092925,-99.5824891065968,-95.40653824659337,-96.08451092203785,-96.16364930237116,-96.35924201493494,-95.5850172540055,-100.57169890907731,-103.24715459563184,-97.62154455037013,-95.0511064437326,-91.44806355064262,-92.13197435142581,-90.5966494725154,-97.17337684089465,-95.81003999170267,-100.69902258906623,-99.54316242517045,-97.11462169622757,-91.7033932491463,-97.13496815679653,-92.38129715299985,-92.05682029623094,-96.81897044549498,-98.24090868045843,-91.78392304129261,-101.33989220084824,-97.25055946617768,-96.55990700064969,-98.73750448735248,-96.60004874761303,-101.2149781066069,-94.22017416309961,-97.55692703807311,-101.05500894997513,-88.56153543099948,-99.32096128056152,-96.01182864651021,-96.43922591175232,-92.731462345983,-100.01838560739911,-96.89913509513329,-93.75469948869346,-98.25271295507264,-97.83443460640062,-94.58369357831184,-93.13344450309856,-95.89969879911575,-97.11072885953635,-99.30531760129091,-99.28944880999065,-100.2191866541546,-100.13990038617573,-101.80903978342195,-95.77702115351006,-99.22745376673214,-97.34272239441016,-96.77838428619718,-97.15281091469431
2025-11-02T00:35:50,AP_24_9,2.4,9,Microwave,2467.7790096863905,18.46496066770142,0.41222299520656197,-70.67590357973965,-90.81099513697973,-97.23875324515285,-95.49366228355358,-98.15174388329328,-100.45254052479704,-97.59501070276784,-97.61059119673561,-100.71677140472119,-99.49748273919137,-101.58503124758329,-104.24445265664912,-98.41129297814152,-97.50281865915507,-95.58392104381367,-95.0496441626563,-89.12873520061945,-98.65213074263507,-94.90605156038404,-100.85977293888884,-97.4475761081557,-96.39454317640846,-102.59575972490214,-99.41184431084908,-100.61576001661889,-99.05613985056237,-97.38355205739356,-98.01384690399217,-97.57019732891156,-99.76740690202891,-97.73186824317723,-94.40175591430318,-100.04961049075594,-100.83494320987458,-98.33796886512418,-97.45913208718028,-99.78210635266609,-99.70164791894378,-97.31150135699059,-97.2750982386664,-95.93537923861795,-99.01172364376534,-98.05744108360805,-93.04650790579275,-98.4701344706663,-102.83060119860528,-98.06066678869414,-99.34986402907874,-96.87010356423741,-98.97013087796715,-97.18589561998571,-99.49989530851522,-96.23860434142813,-92.45484055181525,-98.64823761425012,-95.70733606059932,-97.52357982693647,-101.14945625390479,-99.4699857895646,-97.53783370648074,-96.101287669332,-100.33659546719888,-98.24505290196697,-91.99184586520168,-97.61575572564469
2025-11-02T00:36:00,AP_24_9,2.4,9,ZigBee,2454.5655586843327,16.065395229275254,0.34147910874197396,-53.80624759111056,-97.86656976482335,-96.84257144310317,-98.56065418376706,-96.09023056931454,-87.75296935477809,-97.78764548410379,-96.83879253868193,-97.21026086368764,-99.7111676916278,-93.23030063237356,-101.89665293872484,-97.66408301301894,-97.15805590397709,-98.73917062630115,-98.059567893721,-93.5309541988699,-96.56182466857898,-99.19564441403553,-95.88844989716205,-97.14149726079683,-101.64725903985301,-93.97641115614843,-94.17935696048319,-98.78236022439782,-92.69922337211555,-98.1714579881844,-94.82523725837136,-97.97153507716428,-100.01679781016912,-97.73823115118076,-92.47484350297478,-93.67566695388025,-99.29954775880186,-98.61763953806232,-97.87508599730522,-94.45521412371338,-95.4621197427142,-96.2843046806461,-95.68599346771497,-96.85682405067502,-99.18738669665785,-100.00151000739069,-92.05331238435755,-100.34033843179114,-98.37370514073687,-94.55630313412391,-92.62078189421001,-94.67140245577309,-99.26714746161684,-94.81052818929915,-95.77965275180375,-100.73026053098226,-99.89572194105564,-101.01252721663934,-97.21046472440784,-97.76996828661878,-99.49632440099349,-92.30662356534751,-87.97664539932964,-100.58488144482605,-97.2152479361396,-93.27789153477612,-96.04455293685808,-93.8844602135633
2025-11-02T00:36:10,AP_24_9,2.4,9,BLE,2463.3392001563197,3.3031927620122716,0.6173306413808108,-53.66670787611429,-98.82830881756126,-93.42256922663745,-97.70699888157097,-102.27377321758358,-101.90079712711693,-95.45828049551392,-95.24022274906693,-97.77486656898779,-98.46774305132188,-101.2420209264689,-95.08900100579666,-96.93982131776337,-102.19577270017663,-95.82446205148558,-100.45596613487717,-99.20471392918368,-98.95954018814342,-95.38579614151637,-95.64600891368826,-96.84842723794178,-97.5161604099283,-98.96432903276704,-99.91467137800763,-102.97142501693178,-97.20122327586598,-96.23205863717843,-102.96134415282933,-99.96369505401603,-97.99329787486977,-96.14214998963281,-101.31522481956992,-99.14341967025989,-99.06168475367238,-99.46243976457635,-99.18040210159768,-98.8156798026666,-92.29935943811026,-93.79098127672864,-95.03033587018196,-93.31924524419087,-94.78236841475307,-105.59427299812414,-100.85826874164891,-95.468816820422,-94.85925524444383,-96.60233970330496,-98.41570390343549,-99.59233161198247,-98.49079575487274,-96.86339289485423,-101.49675348262289,-96.03921375717451,-103.98743709160263,-96.75117213125462,-100.81637030318412,-95.08807146554868,-100.15988434798324,-101.82881818753397,-96.16164026121805,-97.18607121378724,-104.25796070087542,-99.28413792647657,-94.48998721338762,-97.96068419250379
2025-11-02T00:36:20,AP_24_9,2.4,9,wifi,2452.0,0.0,0.0,-104.25043468873906,-98.65185780672735,-96.93448965334757,-101.89430958562724,-101.89348897714241,-102.23148856408824,-98.87655189431673,-93.51588402582058,-96.45571881193757,-95.51332500248111,-100.08113070763588,-93.79784422032537,-93.67454759164131,-92.86092277603673,-97.04963070736083,-99.746801817533,-98.01031160606374,-96.18223921209416,-95.7921355808164,-97.88745040946843,-98.89231463839447,-96.1397968614776,-94.9165667154327,-97.70517381905145,-94.33613306417446,-102.7266705296423,-96.52562631741053,-99.60123201766972,-95.74650605096936,-94.8980209264329,-97.56234345852657,-100.35017999543534,-104.55649400207022,-95.10519739317942,-93.09374246375583,-95.96712234955018,-97.08459439625946,-97.05272522485218,-94.93417625966019,-97.53075471503378,-96.72312714006284,-95.03164316056252,-97.83733038223495,-93.25852946495783,-95.97303485370317,-94.41529136003875,-95.54143526356161,-100.75434902310111,-100.5586651632786,-97.25074077911336,-95.96130963404067,-95.1097408821636,-96.66208911917508,-93.60324603414927,-94.45548394562583,-95.04428413220643,-98.82263694452449,-100.19217234155752,-97.64905356025265,-93.63649428282454,-100.38780842178069,-97.75735953316804,-96.78999982934944,-92.95663031292091,-100.01206481512752
2025-11-02T00:36:30,AP_24_9,2.4,9,FHSS,2461.948920541788,18.823428774093248,0.5261442624928475,-58.318125512431266,-101.58129479253216,-99.44187968617275,-96.48477539740024,-98.6382524095332,-97.1916865382478,-96.4911923250637,-96.51192622817514,-96.95758834755348,-97.33480985512713,-93.77920146562708,-97.0912746804036,-98.2992885608678,-98.50003818676373,-95.5036420632239,-95.57321249012787,-102.14027228779108,-94.86211934497605,-98.1174717867671,-103.5406355460583,-98.8243180052821,-96.7847083980007,-93.81396886743848,-102.69066011103145,-100.34071595232712,-98.0656193528387,-97.42175623054074,-91.2721909843896,-94.64257221424869,-98.59623456079515,-101.72902782581292,-95.19918359254164,-98.22311358719863,-102.02561909079964,-103.30631115044535,-96.97526797913028,-98.02725188233653,-96.50208530624359,-99.4494543893306,-96.43368218325452,-98.55036987850121,-93.36021592383,-102.68023993461145,-95.90405814378973,-94.90557866092935,-97.88901432838136,-92.95151310477281,-102.19781699951976,-96.30601111342375,-95.60499970645662,-102.20436871072025,-100.34149178610394,-98.43751027295835,-95.83377184361407,-102.48881725978352,-94.15627000444985,-93.63562117803015,-102.14033763740356,-100.1134384198574,-96.95206390407617,-103.83026523315559,-100.30034613503489,-96.96516857513183,-97.06323789461372,-95.39634209280882
2025-11-02T00:36:40,AP_24_9,2.4,9,Microwave,2448.0619009732795,9.262025024163398,0.6782045915585493,-71.44120127800305,-95.3496176051508,-98.07480426739934,-99.09342261990322,-99.65106731447871,-95.713885771436,-96.58790242939236,-95.04646752952233,-101.67943576992285,-94.35019244480746,-96.9989459001909,-93.36815008007729,-97.6408202804383,-101.75093269948235,-99.51497600057053,-97.57869955755068,-96.01613348159331,-92.13562526046678,-96.59843322445074,-96.83727797555541,-98.23048168164604,-96.97186557810092,-97.09414989210754,-97.1194330375913,-102.16406289634482,-93.14648379580197,-89.61961796463677,-93.67880511342275,-103.49243541386662,-97.8084410598118,-98.37730437275148,-95.61372678976096,-92.56534304458854,-93.91166314919698,-92.6469640396041,-92.20554013558005,-101.50709811346792,-99.38969450188594,-96.08085378273229,-97.17648984349012,-96.99431096113771,-90.39693628973305,-92.39215552150151,-106.0600660498238,-97.70548107160856,-95.7015333202337,-96.4385515877992,-100.21713534874982,-100.1937379302907,-95.35343854320868,-95.90217589409893,-92.13719638683746,-96.24929314742218,-97.2875338753169,-92.85752536011645,-100.15530399406609,-93.60484758360737,-91.10303069232307,-94.78709230232933,-96.02374038022273,-97.67024186374344,-98.55994408328924,-95.01948845841511,-94.26193771090342,-97.19147512153889
2025-11-02T00:36:50,AP_24_9,2.4,9,ZigBee,2470.496942135548,16.644852750698643,0.37040426211942035,-50.98586924300404,-94.46351047577548,-93.35084585429324,-93.41909565364118,-97.17133260494643,-97.8107993166525,-92.8541306902485,-93.48641460248342,-93.43473322855971,-93.33787038608466,-92.56091016968216,-94.01442150477652,-94.90474597554126,-92.92777420548566,-93.01317361318885,-89.83855788775197,-97.07917443331783,-94.47008949343373,-97.85290007110058,-99.78749735737505,-93.21941485614494,-93.37951692704034,-97.61469905440296,-89.54902084986543,-95.26351652510607,-89.62264188767777,-99.09710324741502,-101.5963782638023,-93.94258104936212,-92.75863435668133,-100.26879681714743,-96.92584840183771,-94.33857533752492,-94.07394433307178,-94.27389665328971,-98.25409676285415,-94.99303878781016,-94.84309072940692,-101.54248293624615,-94.31679376252931,-93.84198535100916,-100.09262762406472,-96.96173934570352,-87.56109226194391,-93.36686241143158,-90.56204102493427,-95.17680262743677,-95.68659431924277,-95.86204689541678,-95.17716444001066,-97.34792755054711,-97.38472319546277,-96.43074482509516,-94.86165592303817,-99.64878234221509,-98.53629839572908,-97.39651687626369,-94.561838372685,-93.32763736596631,-91.62301118378421,-99.33000305780497,-96.83715436391753,-91.93676997070784,-91.55654385408292,-95.6819640508914
2025-11-02T00:37:00,AP_24_9,2.4,9,BLE,2465.7279103493993,14.710194292538443,0.7652489600458117,-55.543807087314754,-89.96299739776425,-93.15552728514753,-96.05048876009049,-96.07115076642995,-95.91911079445332,-98.03067558221743,-95.88401815122317,-91.26771938174059,-95.64336966999959,-96.10425754817719,-99.33824031253958,-95.9032197360193,-92.46745642061953,-95.20132122091483,-94.5727386574918,-90.76095886704353,-98.67850993380279,-95.9981771991703,-93.5319564211335,-95.10602148078904,-97.25765990884449,-96.8800831624413,-87.68518058652269,-98.63945316195019,-92.05198677646923,-95.08315353767236,-93.59914194833814,-89.29679469658015,-90.62615487479577,-93.4997351688865,-93.80431763016057,-93.5214987802763,-93.4311204587048,-94.76407357451681,-88.89043578795139,-97.63314200395477,-94.39738150344823,-95.14725056101344,-87.99491877181545,-95.99247475999775,-92.32376777281144,-97.94920771438647,-93.85950581680852,-96.17963204061189,-96.72575656226041,-89.95342135198936,-96.72848681870528,-95.16029665218112,-98.65783317959426,-98.89256229648956,-97.86902457510706,-90.69825524007881,-91.78955260542403,-90.67452932163613,-94.39372197752692,-95.58522749396202,-90.71844979576615,-99.4294643689974,-96.49601036597261,-94.04040054292409,-99.82571808172015,-99.6511420891839,-90.41106417083972,-94.78956202344087
2025-11-02T00:37:10,AP_24_9,2.4,9,wifi,2452.0,0.0,0.0,-105.42430206380448,-99.83175634628257,-95.77219068691426,-103.83514990606461,-101.25474719420504,-95.42991539464296,-95.96166267228139,-99.60662689732997,-98.79094982054293,-92.11319303069531,-95.11426765696439,-95.10298114402701,-103.21832302181144,-96.10834151805632,-94.38690960738722,-98.10099934675894,-98.78902970971865,-98.12730329084161,-99.53423723804804,-99.70289403156382,-101.06567169956323,-97.35688661424304,-98.3872178848722,-94.64826454807121,-98.91497252867472,-105.5294576349062,-103.6590079602035,-95.63370841001226,-98.18318885779743,-96.70842812676375,-97.1361567933979,-102.40794358489974,-99.04324257969247,-97.20354761825432,-99.39196897069736,-102.60040910258388,-96.74710218127044,-99.79383995614644,-100.88782350915801,-96.11301992741824,-102.82202014020443,-93.29729315700945,-100.98238959583469,-102.74440122028456,-94.04388884976055,-103.78938599673245,-106.59002188360706,-95.09590213244559,-92.8676947543272,-97.74873907278484,-96.19040550369186,-96.16290692823142,-98.57854706032843,-101.32564215379632,-98.93876135930014,-103.63997984676158,-94.81332773324299,-99.62787080196853,-99.15341110692304,-100.18074370473744,-99.15121503511331,-95.93568431523904,-98.13641654025638,-100.91204521118357,-97.30870055085147
2025-11-02T00:37:20,AP_24_9,2.4,9,FHSS,2447.254222982419,10.513386320616636,0.2062850328420401,-71.43739818920378,-102.01411307328748,-98.73157393257677,-100.13386593430589,-97.21171768639084,-97.5079295001817,-102.63886476014754,-97.51418178214857,-91.17229691722443,-99.66888060431452,-101.82550075632935,-100.02393170271634,-94.57365878472056,-101.51837242578502,-97.06497264297518,-99.52983602283885,-97.42838725617821,-96.39358515827033,-101.44787475993314,-96.49852917253895,-98.66900728071894,-99.69432206580272,-94.2600231779584,-100.85589677820029,-98.58414793913515,-97.61424434916827,-94.26315731289091,-100.29657907842171,-98.94338185004342,-99.80055243484728,-91.32060701738811,-98.36394452054182,-98.80182123950355,-97.49923559232435,-94.43180436157479,-96.77064120972679,-104.2069526940662,-100.55196829735924,-97.17367710423314,-96.97887851080752,-96.60779228305476,-91.72471553519009,-94.76742812901257,-101.64345042615017,-97.77003360513113,-101.76267634221882,-97.2222817943583,-95.0509549496109,-96.57897921115081,-102.6146525738753,-101.14352168403883,-99.23827803078636,-98.82829363507585,-99.72256296049217,-92.39890894654182,-97.17014078030222,-100.28336358035064,-101.55718154703445,-98.72902516192033,-102.22520415995275,-100.02117512746788,-99.81588874800448,-98.60050446801202,-99.14043097051167,-103.2307197507599
2025-11-02T00:37:30,AP_24_9,2.4,9,Microwave,2449.6268627541144,13.401546251922213,0.4282303290516898,-71.97553573915899,-101.34209817704563,-95.47956161548801,-102.01512959159156,-95.51245058033483,-98.825179042829,-102.75439664427132,-100.48746450447904,-97.64675809566744,-96.52410945333814,-96.73873980138163,-100.4677610195138,-98.11839882462759,-99.64460163525311,-98.16104809715968,-103.38616219943435,-103.76982194729781,-96.75756080632397,-98.93353508322222,-100.05613530824417,-100.91782302996214,-98.99622199092188,-99.89054180682184,-98.27502847389198,-98.38175918343899,-104.1966751752926,-101.64135173109608,-102.7528086633295,-96.49758504659627,-104.40733032372025,-94.88321595456759,-94.75629636462841,-102.10413610426471,-97.09397852242449,-100.76819918015205,-102.17923266166267,-94.78781142422099,-96.17691158833944,-95.53967607949016,-100.88452339406578,-98.03607115061513,-103.73925787325491,-99.60568498285541,-100.18635822681895,-103.06363126606543,-101.50396056548712,-100.32664733850513,-100.82747063727939,-93.73572150736234,-100.02180895419839,-97.60590662734815,-92.49480416274557,-101.07233281993254,-99.35688108201855,-100.5653567778672,-100.5170890320149,-98.73338874545404,-97.84811322414913,-102.2278617606169,-99.8147865948501,-104.61002087552586,-92.77840578676405,-104.78466560692223,-98.79723054706187,-102.25276320599644
2025-11-02T00:37:40,AP_24_9,2.4,9,ZigBee,2464.628387172032,16.360084078876604,0.6468718731096086,-51.33237122024586,-93.72922217523416,-93.14249019932996,-95.28956285539466,-98.99502144933122,-95.56855718655784,-93.37158399929484,-101.07275877761045,-105.81376163025433,-97.10016001393225,-93.61813074753493,-91.17880463275917,-99.47450748859582,-102.924760822436,-98.54422311805521,-94.52266782778088,-99.58964384747901,-93.25410131917646,-94.01427724135097,-100.67574965708212,-98.33074435735386,-93.51635916390667,-98.20272847927164,-94.3768711749929,-101.236295455157,-99.40585591740212,-99.27378754364895,-101.84234286091962,-101.27791619650483,-96.41214376938483,-102.29372940125953,-97.44080340189298,-96.83598065983314,-95.08281467449473,-92.37811265794119,-99.87587971181648,-101.21650014798746,-98.14584720591928,-94.89403771320494,-97.85000176071813,-95.58314798223095,-92.73364915146182,-96.28409189745493,-95.78120764570392,-97.62717663240538,-98.75644740813502,-98.60435566925096,-98.71519889204906,-97.13135508985337,-100.32915278785224,-105.10179574192405,-103.75699909411527,-98.18811255545316,-99.08064012917573,-92.22173136360972,-98.81161617379448,-97.99105609092254,-96.55602585049952,-95.13872593238148,-98.4099360298288,-101.75954840511379,-93.74687737704664,-98.06068406074347,-98.12844447514918,-97.08223999045074
2025-11-02T00:37:50,AP_24_9,2.4,9,BLE,2455.9416434835557,11.636131381268207,0.34695928550346783,-58.05920685431184,-97.83740622407585,-94.80840269918815,-94.64810425903424,-98.18221895878439,-93.3728386798772,-94.2864931724636,-89.29045889118142,-93.44814668260283,-100.66840339158448,-98.72209181335884,-96.4716749129235,-89.24179458413433,-87.07946484973823,-96.19664613545775,-100.12257958095933,-97.06537611857173,-95.8515033369578,-99.58370072612975,-99.9663693713924,-89.33047755150737,-93.05006284357782,-104.14595912754314,-95.655441551311,-99.48470217322422,-89.37058322363227,-93.2828473454267,-96.57436140147294,-93.73853699189013,-102.41154256966965,-98.03091738874366,-90.92519939135431,-92.373061584592,-91.68421663668978,-96.21356416924758,-93.84455187866847,-93.93460792870077,-92.15997875197284,-93.70522569946115,-91.87004000154371,-96.70617206315903,-97.25626349059917,-94.39022977569141,-95.670743350545,-94.54711196582076,-90.15660896974883,-93.45806372216374,-95.19137984729873,-91.79142111925728,-95.16705560765541,-99.05859092049255,-98.62917356131295,-94.37539212043998,-94.1882513374204,-99.72217607046674,-97.86395205827824,-99.24225461522032,-96.4174142166385,-97.5764712006914,-91.83063842556852,-95.4244486464661,-95.83405074747569,-96.56331487406035,-99.14241071877545,-96.66173389968077
2025-11-02T00:38:00,AP_24_9,2.4,9,wifi,2452.0,0.0,0.0,-103.28589126938068,-90.39480066853619,-98.41999991989913,-96.15155066386022,-97.05831645713805,-93.92381591718922,-97.78339768398683,-100.70794511745426,-96.30077475379416,-104.14485956725815,-91.05963869079466,-95.79479970213262,-99.6729876173306,-94.97600733066126,-95.68595988888336,-94.57843988105202,-103.17400601561108,-94.59770117263162,-99.53014224236455,-96.31171725865018,-96.9424797223854,-100.32017171757468,-97.52188236167731,-94.80546570343635,-97.14723421128755,-97.41181740399954,-93.35811008804063,-93.06310143998834,-96.6461549395054,-97.13713743689495,-97.1525312614969,-90.03724684742805,-96.77804902327738,-93.46324229935584,-96.95937055090951,-94.0022811120876,-95.44807536088445,-93.90665646223435,-92.48304181066457,-93.49900001287395,-96.23253370884801,-99.04857782997917,-96.00678761806407,-97.09922473623799,-102.1719908384255,-98.10718181692572,-94.35552509900651,-100.45411435822116,-96.59109891862708,-96.32869306165743,-92.87151610441636,-101.86871174966544,-103.05567301512592,-102.03802907265532,-97.0077288435661,-91.69895086235663,-100.68034310784738,-92.50802993648723,-98.91160908300904,-98.13693645541784,-92.40709641300155,-94.07225243553147,-90.01206407007443,-94.75677352337007,-92.57763867085173
2025-11-02T00:38:10,AP_24_9,2.4,9,FHSS,2469.382811097747,6.613356117847858,0.6796294125881678,-64.00859433918599,-96.95738704098852,-98.68213194016184,-96.8867505487498,-98.3631350816048,-95.27097126859633,-100.59939818785185,-101.4177541017566,-96.94147925306562,-97.80930499550902,-102.6496336750821,-99.33612928205079,-100.81474987837407,-93.25359000536154,-100.1014530286588,-100.29948872264283,-101.14599410008671,-103.54104581590207,-100.21846131971633,-96.06262603076587,-106.22810635949864,-99.66730668444491,-103.33087953520636,-92.60561462324148,-101.34680912190717,-97.650937486774,-97.17157426954898,-100.43230466743559,-96.02665756331231,-98.61058704617093,-102.00421430606995,-94.70242633062026,-97.57774491199383,-96.35243627835811,-96.67594940807261,-97.51555104353271,-102.65440283938443,-96.75757267763629,-96.49904155988789,-102.61028867554428,-94.7493976648835,-103.54582905262649,-104.20354472096899,-102.13468601137245,-103.84776023192126,-93.03428708096322,-93.56257162936355,-96.20202573595328,-99.92801759936602,-96.83081129651868,-99.89098504544305,-99.0884832530228,-98.36524308539182,-95.06709221105098,-99.52351042595085,-98.37174700928813,-97.17885765334799,-95.29220115684453,-103.63596690344178,-94.47037631370344,-93.41099608520769,-102.19649362152549,-98.6154127126146,-96.04002368832018,-96.08210155144332
2025-11-02T00:38:20,AP_24_9,2.4,9,Microwave,2437.7906076790614,1.6971663666626187,0.30660399362082197,-52.32409287530024,-95.79778150288219,-101.97097424314858,-93.23631428540465,-100.00283914563909,-97.0452904542742,-93.25711600747505,-96.59769020603235,-100.2146797991128,-98.88953212509809,-96.7888896846965,-100.96520911446736,-93.22813825448095,-94.48024429652253,-95.22332781852667,-93.16873091024691,-92.78125577416903,-95.14318985373775,-94.79675349177042,-101.11093597619283,-91.5976912160122,-91.00549802734804,-94.48328305709563,-96.12066060812755,-91.56164664879762,-97.4159949575371,-89.4406611174354,-88.55938490236791,-92.26277146927235,-99.59851303368826,-90.87816901362385,-96.99075705955786,-97.1688801525413,-90.89055125571872,-97.0986171593618,-99.39006679678926,-98.21566071746184,-94.92127809461327,-96.1177155696834,-101.85398591787515,-96.6658051114999,-98.78228162636321,-98.46801112476138,-91.23821087855426,-93.87862414602874,-98.72889743466898,-96.78837875368659,-88.3317641434209,-96.48180776973182,-101.94811863466158,-94.46103424263988,-97.89885424986906,-99.04376750285623,-89.09118290917084,-96.41155451215435,-101.69061856407758,-97.66874452890859,-93.57684093915026,-94.20587621353887,-95.2470720793569,-92.91494362899124,-94.89647103961678,-94.63738527462986,-95.1165882556696,-94.17817577513152
2025-11-02T00:38:30,AP_24_9,2.4,9,ZigBee,2454.893493022911,3.5266341354221535,0.42950743382998513,-62.02891046579771,-98.58698002352874,-93.99102655254853,-96.75803218949657,-96.29746477137759,-93.40745115303736,-102.01754816102178,-98.51342976518026,-92.68007469955984,-98.34352200197662,-92.27992692965499,-95.56801139365679,-96.17492037966463,-96.17782406091962,-98.21557731825312,-98.91195774513713,-97.1370717732914,-100.66065980977791,-94.81562428742748,-95.26213830560538,-100.3690059672653,-97.59686515860176,-99.55630842187368,-95.2394502184273,-99.0982013259808,-97.71664670322535,-97.61755211815223,-92.82077219915924,-93.48288977247634,-96.23511910731015,-95.17988631863521,-96.41522918261812,-91.66462201503622,-95.63092634018477,-97.52242090476686,-91.85259415295002,-93.38161487529447,-95.76884357379838,-98.87962429265768,-96.70402155454565,-96.19690118940437,-104.1669230598523,-92.70180746749433,-100.91925650794764,-93.98321700375288,-100.33855935997447,-101.30582555356605,-93.1299252893279,-99.61647065205501,-101.1056009984333,-99.42907357184579,-94.33364334951693,-99.35275754530277,-98.78903837135753,-94.36465965233413,-90.21391778664093,-97.50231797963099,-87.83044569739242,-97.64888933972587,-99.47605143532138,-95.94701457566491,-102.45280425367545,-106.22015711848451,-100.14589316822135,-97.47174733144858
2025-11-02T00:38:40,AP_24_9,2.4,9,BLE,2447.2613248830125,9.260873916837049,0.34836439991401835,-52.838229946872204,-94.44245942545643,-94.89210903260457,-93.36370837122077,-92.82916509659098,-102.69346821307876,-95.6713363484429,-94.29737706102293,-92.15396158794024,-91.87679557595342,-93.85197445910494,-99.47500478625389,-97.6550811586703,-92.42247127306183,-96.70033837648613,-96.56320858605945,-93.54379811355749,-98.53338819870133,-98.08011250061855,-93.37944448040524,-96.4531347706943,-94.80104911849479,-93.67601000500358,-102.02377139217813,-94.59993013042711,-94.55397774158767,-96.03670658144918,-93.96542316840828,-94.83141231800455,-93.77296892955242,-99.291974763865,-93.15034982111261,-96.60641360702834,-94.75048073845451,-94.07010245698082,-92.48125391399083,-92.10301322911302,-95.20015335199842,-94.75090655272815,-93.91760823898053,-88.93410378131776,-97.49806261861464,-98.0840862972714,-92.48939580029655,-100.7104851657833,-96.76109320978138,-91.9039093150525,-94.88751946977601,-95.09661079054193,-94.443418764947,-88.76556597818401,-96.13837266289292,-96.3909920780073,-96.92207506020067,-92.36311478967257,-93.82235093272767,-95.98497417785609,-97.98397639113387,-96.03962371499944,-100.81311157171878,-97.01687675884665,-95.31331187236304,-99.65928011600495,-91.61832529481813,-97.12378910136805
2025-11-02T00:38:50,AP_24_9,2.4,9,wifi,2452.0,0.0,0.0,-104.26673667715487,-101.20969041675795,-95.10456783031792,-99.4785872053193,-90.8228778221211,-97.32370268011448,-97.24790355376079,-96.70703568507787,-95.44929034105397,-97.93140930704845,-94.645076591706,-101.22615963827045,-96.8753959613056,-95.94080197513709,-98.71419544581323,-91.40393621951293,-101.80389239421436,-98.43606364469304,-93.40732944128497,-98.01478619977625,-95.40216944104037,-94.69717610240109,-101.98001338975955,-96.66323581132866,-96.32226178102539,-98.49913890888158,-96.91449671126301,-104.6706832052848,-99.11556834327594,-99.03604936552586,-98.28862936498018,-92.94817870207726,-99.07744833353058,-102.56674900749216,-96.38448708153585,-99.62572767873644,-90.8903719049695,-96.69054166276233,-98.96379472091617,-94.11432965028264,-94.84645629568936,-92.37565195715094,-92.2679098078003,-99.14132462250112,-100.64668092955469,-96.17598936920311,-96.77349062763398,-94.07992265030636,-97.61188622262841,-98.05484450040356,-104.37813410604835,-100.63139092335804,-94.00187445541646,-102.08710540496664,-97.61360689139785,-92.87789707536808,-107.00639467066655,-98.50590440332428,-99.11817418590284,-96.10897002617479,-99.70078632500913,-97.0859954991809,-101.55624582146858,-100.3011591099286,-94.97029564421733
2025-11-02T00:39:00,AP_24_9,2.4,9,FHSS,2440.0138026612603,3.6866936312106184,0.3814918295716512,-65.72431896916517,-94.66683862781404,-98.34419388142575,-98.2324625716093,-98.18607767542227,-96.55232956590149,-98.74901320544869,-96.6846486664554,-101.14274071868229,-99.22751398649363,-95.37937382805738,-100.00311947572416,-95.4727118963046,-98.82444029678044,-93.24643160416053,-92.01091870307873,-95.82565512780324,-93.8805366625947,-99.35960722555127,-100.23679022769916,-97.00592824480553,-95.91383599410327,-94.94936243074179,-92.63533481475407,-99.43111593617361,-95.37603564179,-99.24842973453899,-99.67430805867377,-93.75952579456103,-99.62146505241434,-102.77966066951497,-96.52682331890017,-99.58726335640208,-94.55410315971345,-100.14842715572942,-100.11081659451366,-97.51943330282431,-96.93980308418682,-101.55453655646527,-95.10219454141206,-92.13825897517717,-92.43138965815757,-98.14909687137546,-99.19378977727457,-96.75644710260305,-98.28911990259502,-96.85613049112601,-97.5323926564897,-102.40562065376051,-98.04257416215876,-96.53645017609554,-99.28208586131375,-98.98833929561837,-98.19945545202394,-95.12931018563259,-100.7314130132103,-93.29962121013376,-99.53113828258734,-103.67318217953876,-97.22528077313203,-98.52848586997139,-95.71515395572148,-96.28489928144994,-91.84091615548402,-96.33729636111262
2025-11-02T00:39:10,AP_24_9,2.4,9,Microwave,2458.7779518270095,2.823274257872521,0.40741205350056875,-50.605615319308285,-101.66492707061568,-97.10810739050375,-105.75631168016531,-98.99102670893078,-100.0501540091415,-99.25872270204061,-97.11358083827204,-95.90684679370474,-104.34288780328104,-97.87337789522826,-97.03800642750355,-101.36555285115175,-99.79620123299883,-95.41228758667211,-98.47222730075713,-92.99099558031665,-94.13679498194276,-96.17593515206248,-99.66381856016899,-95.46218794045606,-97.22788740277234,-98.51790612908036,-103.75795228127265,-99.90200838040477,-98.419505349546,-96.0899502929489,-98.62807398419119,-98.87903975235515,-100.16610270495076,-101.90402564135715,-95.20921380974116,-100.81994172117376,-99.50282275690296,-98.8086741369023,-97.0581221675735,-98.08366895107632,-97.3483723720829,-95.91913702644135,-92.77702244537032,-100.63898101593996,-97.47461661966733,-98.44645406332526,-96.95766460230696,-97.52291186055282,-94.2561582099675,-99.14713050481697,-96.2790190017816,-104.21971829410064,-95.01308631254473,-101.6499813261083,-102.71287435559988,-99.45139667489708,-100.34374339086611,-96.202015502159,-98.13481217922244,-102.52518077463931,-96.5699881521629,-99.93004638658091,-100.53552717714139,-97.41369965124896,-98.51783147641747,-92.9620383707212,-94.4280980272612,-95.23498168842761
2025-11-02T00:39:20,AP_24_9,2.4,9,ZigBee,2440.7711939046008,14.208150486307181,0.3855902273526306,-51.29761779015134,-101.60074607762844,-100.5916684061844,-94.57573142343702,-98.01263788519152,-97.1900824049609,-103.15151006381993,-96.09283798644023,-94.26314320321153,-100.88457495404957,-97.90912350966289,-97.3649764248305,-101.17633767382672,-99.18937237120679,-99.13348345817846,-98.02272104946633,-103.96166751228257,-95.49329997454197,-96.41121099820035,-97.65491854584427,-94.990991993228,-99.69141542283302,-97.14058486917645,-89.08242936151768,-91.18731832237108,-98.76763509855557,-96.9398744611185,-100.79169067479893,-97.65379609224148,-99.67327993207745,-98.561326054673,-100.41712476580787,-99.07399868333785,-95.22338055801863,-97.87900057398922,-98.50417939489986,-96.71503463831354,-101.08128965912755,-104.1003085308465,-90.9427204585901,-98.11395934241189,-94.76906700077177,-98.2819221744237,-97.14100329736091,-100.76895335521132,-100.59278721889893,-102.00892069585746,-99.09244080232435,-102.00057174683712,-101.91881276323541,-92.50072176275236,-104.62612768970442,-99.79882938593666,-106.03326810749927,-91.33113688802727,-96.10778325400096,-96.08902784490218,-97.00157144894837,-97.69440833209002,-102.1272114989532,-97.78635230361904,-98.52268250750944,-98.69628504728895,-94.93779328422404,-101.59837201497021
2025-11-02T00:39:30,AP_24_9,2.4,9,BLE,2455.462827023541,8.891854238471943,0.6569022296496247,-53.25948150544611,-97.77121337635201,-103.72683711842151,-96.4971088494996,-100.30571159829793,-90.33313022409526,-95.73377799434138,-95.66235062472047,-97.79039426548212,-97.63825964842059,-96.608268244852,-96.30438628247727,-95.58411450686164,-95.59394974903034,-97.98801398792797,-92.84898236898454,-98.26156228929645,-101.69573185582219,-100.91566637199844,-96.1646780263948,-96.76277709933095,-101.56464318556078,-92.3588360091283,-93.3500801874312,-96.39100451947262,-95.10847405027953,-89.22820607078872,-97.85079101874298,-92.44996881883776,-103.00166585804303,-97.73146142585168,-105.45841325982789,-96.50834113042731,-96.45589448325215,-97.94199273856887,-93.51082443473429,-100.17994802646255,-91.23358604884183,-96.0775932010062,-95.98311176161232,-97.00388359306602,-90.87427456563978,-96.25517953528893,-100.98539964036561,-96.11277829878269,-94.1899467933458,-91.19931187069993,-91.67654407399208,-96.39507776515266,-98.17404121512361,-97.32655688239873,-91.98747808741597,-99.47640212074296,-100.09359992270237,-96.08820282616361,-94.1826818319818,-92.79548875602882,-98.66904112147623,-100.4263960799335,-93.51524249688667,-99.37928098340252,-95.9696735452583,-96.14582216158247,-97.53334358475328,-93.40985022743136
2025-11-02T00:39:40,AP_24_9,2.4,9,wifi,2452.0,0.0,0.0,-104.86274066968191,-100.21545759082291,-99.82881551603602,-96.97395444314478,-97.51737880534577,-92.08283764602992,-97.19078022046973,-94.79165243193485,-103.1629092109834,-98.29412052846364,-99.75180477941758,-103.79770792453613,-100.94155502512731,-96.15786248896062,-99.19793332885072,-98.75992097473504,-98.21356001455415,-94.26443615255492,-92.67152705305931,-100.28447570604173,-103.5799651354461,-99.37149861564977,-95.47474807934594,-107.08277600934836,-98.70779858881252,-103.7191491041133,-97.03811433250014,-95.45283729500028,-95.17472816122657,-94.55032520946428,-99.85887074328606,-95.09005349257602,-94.06187453360367,-102.81398420161976,-100.07287746743017,-103.58915162813165,-97.20150087917871,-92.2622956958748,-98.54066580240196,-94.65827370231995,-93.34968441382433,-97.5196599794511,-97.61466839143728,-101.64900258318464,-101.34960621595872,-97.8541595235079,-98.60026821344567,-96.97172599007294,-97.65840764607533,-100.77156948645886,-102.90621463058405,-97.86148988132173,-98.16279031511377,-97.2961646909078,-98.05031173854339,-94.14039520282304,-96.45398294801961,-99.11653337470663,-96.72935728331572,-98.71914253483392,-99.87629567165666,-95.44560708134728,-99.58815619266892,-103.33824240544372,-96.66709575636617
2025-11-02T00:39:50,AP_24_9,2.4,9,FHSS,2449.6017602600973,14.912284817358891,0.7946220388286114,-67.63267610034124,-95.18996063579894,-91.7641134944902,-96.02334393843753,-97.87778309104988,-95.5713061149008,-97.86032844821872,-100.73055580336406,-94.72332442802292,-97.43812427477405,-95.10173163737633,-100.49749931065118,-103.88352489494146,-93.1397246377773,-91.40703613115416,-98.3967122854812,-98.60345172534977,-94.13486353235702,-99.93404313266669,-95.3238558150154,-92.9522540406171,-99.11945232110548,-92.43472033932173,-92.96338590597828,-93.95278673027784,-94.31189112482252,-96.59381085197836,-96.10441771122957,-98.29340044540012,-99.38524750398534,-96.26939396326796,-93.87332426057418,-93.70055734042202,-98.4490779070231,-87.15862458868425,-98.10769262219002,-100.63531413080872,-94.52456857114916,-99.57283575611491,-98.33253892637576,-97.13552635031076,-96.34007136494537,-95.16042962244455,-95.15622861087061,-101.67981994754173,-94.27773450906429,-94.76811620300172,-95.30651607333732,-95.29009634996163,-96.45289684166549,-101.33957641522656,-94.8527128950144,-97.4319913728404,-95.80933675681995,-100.69036506438647,-97.2392191553406,-98.44670650106995,-92.94326324584783,-97.12910536696167,-100.46606517228864,-94.51567651819362,-94.06627394779854,-93.68209824074091,-97.03735397748437,-94.75743676880712
2025-11-02T00:40:00,AP_24_9,2.4,9,Microwave,2440.3947801718277,13.288766320126202,0.5252515186309796,-69.34000788210152,-102.21859880108155,-96.64493084356334,-99.72510943503136,-93.70516750389329,-93.87640671114923,-96.16401708603203,-97.27517976547206,-95.30794805349574,-94.90792367541019,-99.48544956343424,-99.18579484945509,-99.93878052260676,-101.80550314414893,-100.48947941306372,-95.25389207671631,-93.19918277705892,-96.2678070479197,-100.96771148910258,-95.73172722084544,-99.4425613266393,-99.96880705619523,-97.19620859132323,-101.28533447641772,-92.44637552827032,-100.91000447438734,-96.1837798007908,-94.3647007179008,-94.70121522817745,-92.25228995920989,-93.59906871785392,-95.18660181629151,-94.90983941682319,-102.1050945676235,-98.39074096047517,-99.34723812776035,-96.22430829949236,-99.75985960675561,-104.0862115566321,-97.6529065025306,-93.03253692006787,-98.59203510552247,-93.24690662596375,-99.6689992271599,-98.96085945909708,-98.79520479436738,-94.86378039819566,-98.49726888860802,-98.53535240986545,-93.93077409300679,-94.83227303697727,-98.69530275588689,-96.62340475458342,-102.06430353262373,-98.07891516423281,-99.11537555169352,-99.40971745006344,-95.80016345645681,-93.94090847325434,-92.12897706286292,-96.86946855705426,-95.76635630643958,-98.67572640907726,-97.70864996153026,-100.93769803138322
2025-11-02T00:40:10,AP_24_9,2.4,9,ZigBee,2456.2529195340608,9.915947669786473,0.3441140224359729,-54.13482939787199,-96.19805473951142,-99.283674355537,-97.83323787642547,-96.27902618508709,-93.6561434159798,-95.27961475523989,-101.0450322333612,-95.87663058870777,-96.53491172087327,-98.65709398649328,-101.10612403538805,-100.93814331402716,-91.47201671410747,-102.1233335223247,-101.9542712715397,-100.45898387683067,-100.16148249794944,-101.28903069585914,-95.75704235679648,-100.08718044076078,-100.00741836577538,-95.88036516176219,-102.59064788586217,-102.15244231077564,-96.2157586212939,-96.15406117028425,-97.07734001015329,-100.8377003928352,-98.75132966583665,-100.43238098534917,-99.84622695857134,-102.58410526325578,-102.19745110957618,-98.76757715346565,-100.19068559414139,-101.82608676698813,-97.9474047095537,-100.42279249144885,-96.4782443527097,-101.36604100990947,-100.87329075926134,-100.13616766861183,-91.3278209283629,-99.78663179872407,-99.07979036423917,-104.01383808690646,-99.21042045406108,-98.00025721234678,-98.51644512886529,-102.29143124433895,-100.99349140674744,-99.40587420872231,-101.12326338081458,-103.81214527873122,-99.37655747947197,-98.19828134887577,-100.48420932337463,-97.90551855652477,-101.18564204094936,-97.29211530477,-98.23305860624656,-105.00508629157974,-95.03519013710749,-102.31740649899197
2025-11-02T00:40:20,AP_24_9,2.4,9,BLE,2449.4646006487583,18.152980139035957,0.46076488272485616,-63.18924151178425,-94.95643423867607,-102.55448838135305,-94.01793815800157,-95.13243124132245,-103.50401962823621,-94.86829188048677,-97.16662684752998,-95.40661065475281,-96.3287241365306,-94.55109361789593,-102.30810086471038,-92.23992651820575,-96.53641821233985,-97.05966154946971,-95.70778217556038,-98.7030411175415,-97.65199801012768,-97.84240333563346,-96.43024428526647,-97.15694996095245,-93.69432738169925,-100.25647165062188,-99.96934728189834,-94.00063597423883,-96.16832146082191,-97.54813201175158,-97.56558127868345,-101.50351434236482,-96.21845533049944,-99.5672710874069,-95.05774481647289,-97.44726089550996,-95.21711189503084,-95.5294105649732,-97.28559902057366,-97.42704127857485,-94.03387247587841,-100.08280193340092,-99.7639706068429,-97.8711339920764,-97.3726375157529,-94.56613475518135,-89.84112821287769,-98.94664884969397,-97.20283027946971,-93.3580404504565,-93.02483696675833,-94.81046579876231,-98.38645000909791,-99.67334405569525,-96.61516100132069,-95.20084204961469,-94.5187951092048,-96.16313784781967,-97.51759546995254,-98.24291636097834,-91.96803392046394,-94.4626278694739,-100.79827161521729,-93.47487261354985,-98.88921210987256,-98.04072777146088,-93.35965007258045,-95.16218293475941
2025-11-02T00:40:30,AP_24_9,2.4,9,wifi,2452.0,0.0,0.0,-104.10042623923347,-93.73236161354552,-94.99706486956882,-99.18924212808959,-96.26930575650145,-100.80486318122212,-97.42974083030906,-98.0946330396676,-93.10182599735336,-99.89905737455672,-90.81952176543247,-94.75743764936351,-97.83285327048924,-98.8254103464909,-99.03085369875966,-95.27411654290543,-99.12200039490119,-97.86525807961021,-97.72843741201497,-98.53326735329702,-95.29281584725696,-98.08338818358905,-95.89484309829344,-95.29410855112816,-95.67773836711163,-99.15206150451147,-96.3698298192405,-99.52815188750249,-100.67934271174713,-92.06422279851765,-94.85806877077796,-93.99031158865678,-93.65610630165331,-98.3242522826058,-98.66252802144913,-98.88779646279643,-96.21322141491842,-100.60729238801034,-101.28683725113571,-94.10506981098385,-93.06637897368468,-93.49228789214635,-94.35037304155138,-98.76849116040133,-98.02455888853316,-95.98103036645662,-96.34429822387787,-96.14072624354294,-103.17442552682213,-94.88242699096426,-95.67818946951738,-99.47158961017567,-94.77919730160232,-99.89835130535062,-98.77852322548276,-94.21724592330143,-95.0917353783044,-100.21680059472536,-86.93036073680184,-96.3020166541155,-101.5717860339906,-99.06887141334457,-96.87261949644204,-95.46591324406985,-98.06736939590002
2025-11-02T00:40:40,AP_24_9,2.4,9,FHSS,2451.1849503121734,7.510715131423403,0.44190569987588574,-61.43078758483912,-100.27099164206088,-98.28702682743807,-90.92648282627198,-95.18828489259951,-94.84623175372474,-98.49298785175463,-99.95619882667168,-96.50041762617202,-98.68307807120539,-99.3934498184289,-91.64914664637541,-93.6978074030604,-92.41913289666493,-100.32374070229599,-96.04772123083677,-97.13572504024204,-99.52421068033368,-92.90676918375237,-96.09964093031051,-94.19095423617956,-94.24163114830621,-95.1542871916029,-94.8767950637172,-97.89935351706713,-99.7619804698642,-96.2747960903065,-94.41519030055214,-93.87767065524646,-99.24660891021884,-91.54122090378884,-93.46995871568073,-93.77481245583964,-97.36001712941166,-96.17516645106944,-96.64561642825775,-94.39896246766011,-99.17207617315513,-91.63341113679559,-95.1111607049375,-96.05386735715544,-97.68851350079915,-92.67451964349317,-95.18454499847594,-95.19275436914229,-97.69497291093595,-98.26353850159917,-95.8429547058616,-90.36270035597558,-98.00299700805488,-96.97102252311804,-98.35664913664267,-93.63727222192212,-93.58244535095963,-95.90484034829015,-93.4554304160602,-95.88896608645321,-97.4617846398769,-94.93095151237706,-98.8268262889471,-98.23627568725526,-94.39601531751579,-94.99650022323381,-99.27570163605198,-89.54794563661545
2025-11-02T00:40:50,AP_24_9,2.4,9,Microwave,2448.7728281848044,18.46023917534803,0.5961535635611743,-52.08689828059737,-95.37018537383703,-96.60026256847617,-94.2855751907271,-93.74053880498437,-102.21798866499554,-101.44042837677667,-98.22760648364273,-98.73955921427573,-97.84428662591634,-98.7611567705671,-97.60519585157118,-90.25762573703022,-98.26913501273424,-99.09150106982185,-98.65048197826333,-92.11543503983981,-98.94363883634277,-92.68945175199039,-101.34059430056072,-98.76772450238747,-92.87010491684322,-94.34590315644246,-99.8000812625617,-93.36361420608911,-101.50433856346802,-97.77490533344357,-104.38165891675176,-98.0940773104551,-95.1456673424296,-89.41242771749403,-94.69560103967157,-95.19912263384263,-102.58638130173014,-96.4831752604538,-96.34708451210784,-100.49043519578848,-94.06867198104068,-95.98218957811945,-96.86171866810088,-95.07937224221807,-95.44819718476181,-93.64884420766043,-100.87419573951135,-97.18968614403431,-100.2227811752589,-98.80213692503392,-90.25797853443109,-95.84975390122106,-97.66557853116902,-99.5260357487091,-99.68181948556484,-91.39904752890081,-97.54729689255169,-98.13083465787089,-99.59566414790834,-94.16287273916348,-99.45952062460981,-100.8693524881185,-96.13038226820181,-95.36318765865363,-98.54249218577614,-93.36671814281698,-92.83182459609411,-97.7349906600272
2025-11-02T00:41:00,AP_24_9,2.4,9,ZigBee,2450.7795917167987,1.181444127131646,0.4926586530166381,-59.22548237350094,-98.09286281683049,-90.30799724363794,-93.00775459120669,-94.20669938896415,-101.02720734507672,-102.61605224725034,-94.5560623051377,-99.20604519564671,-98.89256016055975,-102.73385957249255,-96.40752544428683,-99.96695510353837,-100.54468128046098,-93.8055680656545,-91.28347708783673,-92.78310968036062,-100.81934166172807,-97.15312106292224,-93.4101148240133,-94.08670296586331,-96.99671427304564,-96.44031569900814,-98.3323072374695,-95.74055196673946,-94.41305693495241,-102.85579037906177,-93.99793642312007,-94.74724787207899,-99.36623636699272,-99.1481578274467,-98.22996934821924,-96.19957470733424,-98.11091566017339,-99.59220450960326,-98.24545052269954,-98.28175618042847,-94.97031140772653,-102.12494267931078,-99.29316310455395,-97.5729341791069,-99.17361705153857,-93.54023492796641,-97.38372116605163,-98.49477597666487,-103.953959940282,-94.90797997808095,-99.90324825726013,-94.09765407158329,-100.90373569368867,-95.98541247484258,-96.85787487343387,-94.69998258512705,-92.56132235242033,-97.12929901044,-92.39177638958645,-97.45790241861128,-96.05363378418788,-92.39841504675695,-98.58082927017527,-96.93633032503263,-94.89201703417461,-98.26993556654976,-101.41657673104119,-97.468840893646
2025-11-02T00:41:10,AP_24_9,2.4,9,BLE,2462.816083641222,11.036339036594324,0.28175257341256127,-70.3891624412733,-98.78715253739394,-98.58647086056224,-93.31373190310153,-103.14383440340089,-98.46653179395739,-99.93033387345471,-99.47937351433394,-101.78105617783078,-102.33449989130435,-94.90137046214556,-104.91181068412881,-100.82359146828057,-95.85003564870736,-99.2721449949769,-99.0776384575534,-100.92468544706699,-90.60966199156681,-95.23748474283285,-99.57560512783236,-95.38408536304709,-95.87971865589068,-98.63458440456526,-94.28474372706756,-100.71564876527559,-100.68707612136588,-98.49072616800196,-99.13455778435946,-98.77861642674955,-98.43266896870254,-104.47986363457565,-99.84008552081077,-98.6302975576874,-94.13383067680441,-96.10351281063,-94.58656888445738,-100.52102523158311,-99.80512330927058,-99.81490277816177,-98.81859360678052,-103.58140195863784,-100.6949268569357,-101.39864680786368,-100.53140507452247,-95.48046331589,-102.53296495343804,-98.48859842433576,-102.11968165183168,-104.91573464915749,-100.39429391591192,-105.51972378134495,-99.66068513356622,-96.08287341410836,-102.54539879768177,-96.2577407075072,-98.05950794473227,-104.15049262627295,-101.99290031310325,-96.58834695434533,-100.06655184767699,-99.60073023522595,-100.90529922193416,-104.0807323416893,-99.22420499710043,-101.47515983099912
2025-11-02T00:41:20,AP_24_9,2.4,9,wifi,2452.0,0.0,0.0,-101.33789710382973,-95.98751706255358,-90.31276436511382,-92.76196507655182,-91.27383055427079,-93.58345857077983,-92.57727860594562,-94.44769552338063,-95.54777910234591,-92.79470024557378,-91.00143395081665,-93.1116362135147,-96.14850562233298,-96.03420738603756,-90.86039277928528,-90.50395217344791,-91.31392808953025,-88.62573487358138,-92.64570880118522,-89.58792803214816,-88.75930094710456,-93.91526854660223,-98.41586798655055,-97.92736620475434,-97.30848710930316,-87.58643090066909,-92.0926353830092,-93.55148832268412,-95.57027349119322,-93.65361508455382,-93.73774060759983,-97.0612904688923,-97.0803376879519,-94.39160580476376,-96.89054600075943,-95.9281313595372,-98.32729235813177,-95.2609192674941,-96.26041020171483,-94.27821296326803,-94.93201493145199,-92.15868099816333,-90.96097311498441,-93.78449183872874,-93.1520353032521,-90.44449387123328,-99.94025397552073,-102.26602747545665,-102.02946893703326,-92.77909356115784,-92.82524482960635,-95.81662397304383,-92.25886540555977,-96.21506614109677,-95.20886820894403,-97.4260385252968,-97.18418789640165,-99.46430289641404,-93.94817842121759,-95.48044516230206,-100.59271782903562,-98.5956077894955,-93.29237773467253,-91.60575977904273,-96.26799028644099
2025-11-02T00:41:30,AP_24_9,2.4,9,FHSS,2453.7848431414363,18.42737085861889,0.4299727282553938,-53.10491921309787,-94.61177989758383,-93.16236767571284,-95.14050634521254,-97.85786061892175,-99.10762280312811,-94.8538004800137,-101.47851566099328,-98.17793462795399,-90.61381503515813,-98.7358572047044,-98.83916984137473,-98.62955605418891,-100.56954403368022,-93.45165047992319,-95.28144108466381,-96.2481100624812,-101.61453811347054,-93.59479240791158,-92.33602982031714,-92.31035717427022,-100.64411186743729,-94.24592619386685,-94.06720935055897,-97.58057121840716,-97.02808182045693,-93.11953710156898,-99.86290690058932,-98.12308243370168,-94.61450468397645,-98.11374551135683,-92.89466600012926,-97.2825810950725,-96.04234108980094,-102.17444324566965,-98.96619098541747,-97.95963101981935,-100.0773374622732,-101.24673049355455,-94.07269781095381,-98.0390347302608,-92.52151563945036,-99.9055375839057,-92.07101026568927,-95.99987667627636,-98.35880424593236,-99.71265333304206,-91.32030205272558,-91.14453638697324,-101.51637664940179,-101.67248726601615,-92.75140368807105,-100.47484096852284,-100.77063634632682,-94.97891058008382,-100.09405998690448,-95.30057736640529,-94.86000173241803,-94.33225615989235,-89.35499497566923,-97.25757584609242,-96.3458690420444,-103.13693240388368,-97.984867188755,-95.52769488020323
2025-11-02T00:41:40,AP_24_9,2.4,9,Microwave,2437.233406984386,7.579175152823982,0.5781742026372646,-51.274864749441164,-99.9214472618946,-98.29466412452877,-101.22569374017304,-101.80077382391106,-96.07190862476588,-100.58105752695121,-101.7201955737728,-95.50785730764204,-93.95637212703376,-96.76662139461992,-101.70506017585363,-98.5063290522177,-104.24193273958495,-99.57209011305983,-100.04390802736825,-93.30372508745752,-92.98828112301806,-100.05981827280232,-98.32123538357315,-92.3011174685095,-98.60018842279295,-92.9403473212074,-96.83658493142637,-97.28572135934031,-98.7656636445243,-100.17039088563064,-97.73819530003134,-98.28400361017009,-92.73841783247046,-101.5763561152433,-100.37537475465138,-96.29770172759696,-98.4683163167383,-97.36711339670896,-98.88378138490768,-93.81675710876733,-96.53315990649617,-95.68757257760505,-97.15161211543179,-98.65359318326473,-97.7205321707396,-95.54695404234113,-97.79682067341564,-100.76810022506848,-96.6865698828976,-101.7544337234134,-94.61241828766677,-98.96114227560605,-100.02113480186027,-97.70333215141572,-94.30533114961574,-101.52984486414833,-102.73646670207826,-99.30297030501207,-96.20822506370352,-97.69314756343739,-99.95799159072551,-99.3735205787384,-95.44985444278616,-97.66619845148516,-89.43720584367186,-96.10686600807446,-99.1213920302718,-97.43482139004294
2025-11-02T00:41:50,AP_24_9,2.4,9,ZigBee,2458.016619638907,11.506422245689624,0.45798824492017354,-70.74483972138489,-95.73298610392087,-102.15708631112025,-100.03121499918517,-102.51589892469347,-102.05871093691081,-95.32060341171325,-96.18032624565858,-95.51176070673448,-99.16687101518683,-98.76169006775608,-94.93100710991136,-98.92011244579807,-92.36057396443698,-100.40275830923886,-89.82019378810763,-99.41262133517833,-99.88279010991133,-96.81868783833397,-96.63127475814802,-93.91858714255716,-92.4172945408253,-100.2676652391686,-97.27329306902675,-93.716919527876,-101.01353646838213,-98.70586193296818,-93.89392002753685,-102.28762390837561,-103.03221177416019,-95.02239407688965,-100.55845849198907,-99.92468104189062,-87.03491541744548,-101.3019729453402,-96.22931472500507,-98.1565436032121,-96.34947734648179,-99.12047439043768,-94.76988077336186,-94.62700967561992,-98.45309044949569,-100.50267411417347,-98.66696921400023,-96.41668375078493,-101.62233234403283,-96.75959778840054,-100.14327121138867,-96.61071113420398,-97.14583885511799,-99.23749632741367,-98.63788020907265,-97.07767293953006,-97.50088824201502,-97.00463799868888,-102.17738023225604,-99.42842921654513,-94.81033271582109,-95.12200151958875,-97.42632917618079,-94.1317793005649,-96.08426513990017,-98.65310031014971,-93.3916325173064,-94.63438701957772
2025-11-02T00:42:00,AP_24_9,2.4,9,BLE,2459.12792722508,18.618577619465746,0.22256220448361586,-64.99164242667784,-96.40373355283975,-97.43856102742032,-98.51196852543492,-99.10509123508798,-93.63490062457366,-91.41794306526583,-97.07737636911531,-103.15498863968213,-96.8591954270424,-92.38551815255832,-94.61016056537923,-100.0625905986511,-101.07798795180047,-96.29021695288998,-97.07412284872098,-94.1934207611316,-98.44682531890636,-100.66370960967502,-98.52337675946383,-95.42507181658227,-96.22445295224917,-95.16725563045317,-98.14252401492084,-93.05822884275565,-95.94343612387895,-92.22800442282643,-95.73983436452406,-92.04184083040542,-96.22590590608392,-93.31683502786618,-92.95697373712254,-99.05750683593422,-94.23628626490027,-95.37156062674019,-96.49709426023423,-96.02943119883582,-92.75674784984112,-94.30001275871197,-99.23260015149891,-95.77463373626937,-95.92772712289444,-98.56889592497711,-91.68529710508658,-98.9809192499815,-91.84411478409771,-101.07182170816486,-98.89314147224842,-90.70710940122015,-93.79907428234709,-100.12018618400323,-99.24181551938902,-96.67416933641742,-94.91528983130888,-97.3828269014354,-94.22683693326606,-104.20528220533595,-101.43090032935949,-92.28550372775729,-94.26868808985729,-92.23021083738851,-103.02089611214501,-98.87649911848676,-92.21353458921155,-92.11859045756802
2025-11-02T00:42:10,AP_24_9,2.4,9,wifi,2452.0,0.0,0.0,-103.01065339538178,-96.40376827899884,-99.02582728280757,-91.37843163425057,-97.42575404656804,-90.10813755682958,-95.97288970285315,-98.7778973792993,-102.55575887520683,-96.51019770872392,-92.49647296940122,-91.6160747125399,-95.6135578133268,-94.98821359709481,-94.4712293858073,-93.6815124915934,-96.39258032662721,-98.24187893843218,-98.90013462460308,-91.62918239113536,-98.31766545916362,-92.92007089128217,-99.38018194233327,-94.93539960658998,-94.39963896199777,-96.87362208166019,-87.03409106432804,-99.31677891263858,-96.65152763711227,-94.75654602976117,-95.74805041783763,-93.95262423130136,-97.69698624073958,-93.93614942162273,-101.83261341363362,-98.52492969771798,-91.99065668316403,-101.42965890632165,-100.20917680353936,-92.744479091244,-96.50456372845855,-93.7882908172827,-92.94769213626097,-92.67878725692121,-96.35768403482575,-95.7727072780922,-95.33719343188451,-99.13282831451983,-94.32964288761113,-96.9060043090563,-97.04639003695156,-97.93719200791921,-93.59344693170756,-94.58959933757586,-92.56431541910138,-92.90488968548115,-99.48896285535338,-99.90630506247074,-97.57329071796906,-94.56164617541071,-96.20561321384058,-93.49858625885614,-98.05851094133251,-95.98749173521342,-92.4611313984148
2025-11-02T00:42:20,AP_24_9,2.4,9,FHSS,2462.1877380258297,11.210563076571736,0.5216972137324565,-55.4764170020086,-98.23260728562398,-99.37951411241099,-95.19217769648107,-97.80193010726427,-99.50934952595507,-97.97560935563108,-95.73785729712968,-96.42752791559542,-100.90780243489048,-95.59704253334439,-98.97750260436513,-94.87388775040489,-103.36004711016263,-93.01244944682897,-97.15681337291686,-92.64009609815369,-94.72115832561838,-103.2957838988604,-97.79496631635138,-99.69877636882168,-101.22676125797155,-96.52981285247522,-96.63110915098176,-99.17606550569224,-95.40002954925664,-99.27962906366932,-104.09178632793171,-89.32522158495354,-95.43891800365887,-105.33554923591225,-97.62686135025496,-102.47510834540044,-98.85117643886474,-97.39847972911787,-94.20617847017233,-95.91661933594742,-101.56620278649768,-103.45453438828596,-98.45430650744284,-97.2570766526977,-92.07711340112745,-96.77752036103848,-97.16863762632761,-94.8681479320282,-97.32359594846824,-93.72845903237817,-97.72296913474948,-98.59262479184714,-99.5796819854184,-97.21569672132524,-105.44782234768768,-95.39098714343174,-97.31471010092304,-99.90792919355961,-97.37204185230034,-102.39731768363302,-99.90106885395419,-99.45454582045724,-97.17888180991532,-99.71432290048041,-89.14116473388316,-99.12646039612237,-97.76781437145648,-100.1469025270619
2025-11-02T00:42:30,AP_24_9,2.4,9,Microwave,2454.179991709162,10.529520144370904,0.27124549073220533,-54.55320833464584,-99.55321093030338,-104.6824861341159,-93.86751364050828,-97.44580925558745,-99.37329361879222,-103.66028617575301,-99.65816647627179,-94.9866931480609,-101.31756248035633,-101.70242252685767,-99.27273296099837,-102.9705132503799,-101.84017584902612,-92.71774549981045,-90.78300891960059,-98.52774442232321,-101.79323241986373,-97.8090015371745,-95.55853908637565,-99.88509436502153,-96.38154855469004,-101.35050243099391,-97.8901591194189,-101.86875910616334,-99.43736161100921,-96.12627912881767,-96.75193198142838,-99.93632060964774,-102.57052025997542,-91.3320130710925,-100.91341847063606,-99.22023615197551,-94.8277024430292,-96.66153707532692,-95.76863367106368,-98.23400705889671,-102.2886471059334,-99.2013849401239,-96.47582545167292,-97.35162733665388,-99.23549268978704,-102.14302003885278,-96.48471597556201,-96.9792483182489,-95.96552488829566,-97.29042561986212,-96.93790006360433,-97.73413073181034,-103.98034591076214,-101.62742626189433,-99.29920787391295,-100.13058927688105,-100.41570209546794,-98.52057784260161,-96.53358625353052,-100.40404352580767,-103.06860983537761,-103.27640000909581,-93.72154014283257,-93.84194702254011,-93.39018329071286,-94.5567358447739,-100.41099681769671,-96.42187214929304
2025-11-02T00:42:40,AP_24_9,2.4,9,ZigBee,2456.165315840951,18.59128923083228,0.24691574308106104,-51.2200568676724,-98.59641828916136,-96.1967149993253,-98.06939481321336,-95.76048525859274,-99.60906707218038,-99.55905545702056,-97.65037048941878,-95.2248983003445,-94.08733973702314,-100.785794687354,-97.09765317576111,-99.30888750560925,-96.82074989919295,-93.74979229944208,-92.94704446288318,-101.64676923916755,-95.56301649420881,-91.23717336898183,-93.05341007374143,-99.48006356070744,-94.93320117862775,-93.03384295417975,-99.65548404935481,-97.90577600144536,-95.63581293659433,-91.50078055222039,-98.30124637566087,-93.04797856891379,-96.89372340262865,-99.23896503207143,-99.7221044376159,-99.21817199099813,-95.0460615134153,-96.25757735614509,-103.61675902008471,-94.35295781309635,-96.33424126842571,-91.93989090522155,-99.92186589877025,-95.64655524001563,-93.87764800325193,-103.27430982677589,-93.02577621626389,-101.35181849818085,-99.67716236062132,-97.7822312502659,-91.01526104035804,-97.80179707223257,-95.27563927339132,-98.19106903323903,-97.48003629690018,-98.06971927702455,-95.33767691928574,-94.3990343847844,-98.55631709273439,-89.7703506514298,-96.86587572067455,-94.12796151978566,-98.2389831224559,-100.24379965654909,-97.32291612219741,-89.2464695863812,-94.27133309921503,-90.20826527579389
2025-11-02T00:42:50,AP_24_9,2.4,9,BLE,2460.0719563196776,5.247255037503932,0.6186233454656567,-69.82113578695247,-98.0541449602785,-93.76732028924383,-95.10704831206604,-91.44271035514336,-92.61174035218981,-93.09191004900423,-98.26830130201209,-94.61089827719694,-93.57426054381455,-100.04832457217698,-101.96133567572419,-97.02022674317321,-95.44580300909715,-98.1130821824839,-97.13005135423067,-95.24015266709463,-95.78749890064609,-98.79182975933709,-94.864098473557,-94.34512047451614,-94.4889659191988,-97.19689394625672,-98.06941066544402,-99.42187314761661,-100.63406275410406,-92.62208489710744,-95.80835376335946,-100.44307698699564,-100.89385607421973,-98.01124623138436,-95.27487300314843,-94.73449196851901,-96.99313255723446,-97.67630770750404,-94.72448314673474,-96.05665244750072,-99.42099938802403,-96.7357449930384,-97.41613064015247,-93.43019662191583,-94.4382250393273,-95.99532858903713,-91.6352906454421,-97.203910329087,-95.19300521491681,-91.6532027809356,-91.94468322493908,-95.37167456954847,-100.3941147883605,-96.46854236520373,-94.44197049355786,-91.86040691790167,-93.25562305666232,-97.94791055117656,-95.76675043877255,-94.45598808397335,-94.97031787683936,-92.78970950125571,-92.10286562002153,-95.31820743347264,-100.32440700387299,-92.68667827917419,-93.35929769290516,-92.26110528504407
2025-11-02T00:43:00,AP_24_9,2.4,9,wifi,2452.0,0.0,0.0,-104.8294197152218,-95.0657103265353,-97.08432727704071,-100.73156700315336,-100.68904697215791,-96.50749870452059,-96.11432226164911,-96.97281496820065,-95.74611138834806,-98.38086197043636,-96.64030657702388,-101.30850598550427,-103.59478764286808,-99.15353035491422,-98.3065714751144,-98.45819514951097,-96.55274193252117,-97.21347833221675,-102.6235534801959,-94.39177093785432,-96.20881432086762,-96.10115767555111,-96.4789026193984,-103.67667505514385,-95.60508371172888,-98.37539575662741,-99.75647148280844,-98.05541991378928,-96.57921015332441,-96.78651630573745,-97.0425567328779,-103.53722863524128,-100.44764947195694,-102.1390574698324,-96.22720429912644,-98.32040706331516,-95.59730331920123,-96.79720312558455,-100.16419242010105,-97.20529048897316,-102.98721647629635,-102.8528545482341,-98.59798893623596,-96.71602288197387,-92.10361939122981,-97.67608717228453,-101.97380440426232,-96.33872272373621,-90.10701623232886,-96.2824142667564,-94.79207807547166,-99.75404480147353,-97.22879547812211,-99.21058176844144,-97.47231173294654,-95.86493702443687,-90.22845644330754,-94.49517506221461,-99.51766589987704,-101.64307776260516,-97.48275328990667,-105.42726690803754,-98.62257100536767,-97.8235345306138,-102.3544253170084
2025-11-02T00:43:10,AP_24_9,2.4,9,FHSS,2448.077855070451,1.8004526155972225,0.6299089838370444,-62.16777448686584,-101.90003049754907,-96.95402806914035,-99.58788963663824,-99.268183657544,-98.02873776268385,-103.87514159552796,-95.89902991311476,-94.71515421599503,-91.97052429538203,-97.34436044570903,-96.71890335138248,-98.52590282071743,-99.13894849703601,-98.02234585005766,-94.33135540753538,-99.0400088483745,-101.8427475012425,-97.45129711804935,-94.4063365795149,-97.59168546307723,-98.95949184903422,-93.35873840121683,-99.91563196058038,-95.30885381909762,-98.25312014016802,-102.16983034220917,-99.30858674115449,-100.85895735755904,-99.22939476955635,-94.4433934876519,-103.29156061924931,-99.7324452152361,-99.15148826683475,-103.88999023623785,-100.95366369845928,-99.00834712948179,-100.43213080807088,-98.25106353406726,-102.56900550354936,-96.69736856459247,-98.74214720123472,-103.01296857964927,-105.21346662873114,-89.71224243093502,-98.4697819823504,-102.4502113362812,-103.28506104677727,-101.93542227676349,-97.54552072850588,-95.20061485133998,-92.67281398781655,-96.4871768493455,-100.16993552660402,-99.47840837511075,-103.75164300902321,-102.18411961332573,-94.72442817826239,-96.08443622857612,-98.03518524688663,-93.24529642856184,-98.60048005481589,-100.21472058740068,-102.24962925371769,-93.26473700010416
2025-11-02T00:43:20,AP_24_9,2.4,9,Microwave,2451.340131897598,13.536114526321256,0.3131021248899285,-58.737112542629205,-99.08926058989348,-99.83468856188617,-94.21528982403825,-98.76653604559097,-94.23519144602996,-94.64432573645962,-92.31794214991498,-88.8853398359864,-91.84422635139684,-91.36726433540687,-92.00161871575202,-95.49632603809725,-95.61774709727,-93.80380711475911,-103.45935282655634,-97.88682296400314,-91.07117939019031,-92.98297669042842,-96.47264003607488,-96.89057525585088,-93.75297678875052,-99.62689966148359,-98.91955238122384,-102.24531949726413,-95.93154036710662,-90.22829587809038,-93.03186592949871,-94.75605238753518,-97.97488825141716,-95.37818975733809,-98.35730374928973,-101.48305499964073,-94.52983180285219,-94.95562420939756,-99.54943498107916,-102.57175545264876,-99.21526816626557,-91.32675987185824,-90.86869218100996,-94.57197075669308,-88.59419298613811,-91.97148986446076,-92.75777841345229,-91.75778495432473,-98.40648222767392,-95.24385647694312,-92.29257075032486,-97.922060268118,-91.13410074221781,-92.00559205740223,-98.83638685924956,-98.44794654862892,-97.44836944940234,-101.38988806877579,-96.90757676034522,-94.00031497875105,-94.65969646739472,-102.84920040819082,-99.35153025182369,-95.94996575288786,-98.81840300330701,-99.91700256539484,-92.61649322010462,-93.56363365984652
2025-11-02T00:43:30,AP_24_9,2.4,9,ZigBee,2443.805986206993,2.628756930646055,0.2299916894748747,-64.2523075105149,-91.61057484156598,-92.04674282897477,-100.31738379518619,-95.75551012198906,-96.62962019750823,-95.68498985810541,-96.38082163464101,-95.36177478813536,-97.46688537021957,-101.87710634817829,-102.08144119714221,-100.319678690752,-103.44323161840822,-93.736461117636,-97.43605135805227,-101.1679826907015,-98.51722236538747,-101.57417549249578,-99.12490768550079,-98.78454161062453,-98.57629982335807,-96.87337703428483,-98.7346296500367,-103.63392753863508,-101.16689753526558,-101.90698344469416,-100.63449319462063,-98.59738450181523,-100.34107310651086,-99.33783890129465,-102.59070328035197,-101.12521715908629,-103.76824889318297,-95.02396698179149,-93.83748009168421,-95.7756548204707,-99.58238535728542,-95.72149762804622,-96.20155086441181,-105.522882819873,-95.35628388520529,-99.104854314006,-99.57590306731878,-97.38347605259699,-100.97198067175765,-96.70299474691961,-95.35682500437059,-94.97103984565246,-102.34925422706692,-98.0264119783821,-100.84173446507273,-97.55349249256552,-96.77491231693114,-98.908492621348,-101.15490365674886,-100.05017754387502,-93.65805199696291,-101.14901793652,-92.95273982244314,-99.16050205512882,-98.0195583655016,-97.73448545002856,-101.05177422336376,-94.16150984425731
2025-11-02T00:43:40,AP_24_9,2.4,9,BLE,2460.7609699526474,4.805132333206284,0.46513879582610884,-71.2194365567229,-98.50692372461116,-94.91395380566985,-101.48939274126116,-97.64215699865301,-103.55238827205672,-93.51653699065493,-99.45295280452535,-101.32355154141815,-98.56739101691845,-96.88784831873119,-95.04976803287553,-98.85193692540582,-92.8469817410291,-93.58652115916226,-99.93883762413877,-98.60007919060838,-100.34246789598383,-96.57952317409504,-98.54515351741001,-98.58485593693472,-99.71392995196169,-97.61146658781676,-90.155846330493,-106.26824068230388,-100.8891655006334,-101.87376889963456,-95.76004137852972,-102.42090036553375,-101.21684606685821,-103.54679218526041,-96.81031059027865,-103.08347056034398,-98.30341364365715,-90.85335017854962,-96.39911738613648,-99.23370263413494,-98.16456225719011,-96.44662775098071,-95.1405723329498,-95.54691608327536,-90.69923218996641,-97.13101126134848,-100.79921358881691,-95.15999477340188,-99.86593395421386,-95.89427868069343,-99.40172659970271,-95.47987182278663,-105.76678912386993,-98.70724093509591,-95.86167328640943,-105.96530967387605,-99.60136301407206,-94.40253017964712,-103.3286194781957,-96.67049218928943,-102.48449129658435,-94.61731712778129,-92.14728804831054,-99.37859191266024,-97.89879610975784,-92.28963497068666,-99.87617388525334,-98.94101606304667
2025-11-02T00:43:50,AP_24_9,2.4,9,wifi,2452.0,0.0,0.0,-105.39118266994264,-104.03963702309746,-93.33045702530357,-100.8833099227884,-94.89781874162217,-96.53080755243998,-94.7419505879985,-102.80016824667455,-97.73296988111697,-102.97771355816033,-100.89753934260446,-95.39040655410786,-97.81055360983734,-96.56770610097158,-96.67996760434139,-99.25300702998757,-97.19222535712711,-98.49281268893702,-98.03169126320326,-98.6676182868289,-97.74434816451101,-100.23103833731551,-97.91108524859177,-96.94663305632781,-100.08576447041139,-94.0225735971659,-104.21230520322312,-99.6366414515671,-95.98743888881128,-100.19490712519607,-99.54173443165227,-99.37270602791948,-99.17381890139058,-99.59611084817332,-103.90588233280724,-100.91613240916561,-97.33007680387115,-93.66209383956196,-97.68127651598014,-97.73114363070944,-97.18771790237204,-98.39622312136342,-98.79097009408238,-97.53255521479166,-98.7297447337031,-100.31067462269718,-95.57379057844686,-100.8432903658129,-97.55287512642182,-101.63780316609014,-95.07661154132244,-99.01367048387257,-98.80099143656913,-99.04828679432592,-95.98872456337094,-97.46448757290881,-94.49248361826277,-99.67078643269724,-101.3900134244527,-99.41599804323248,-96.51803884523221,-96.00183880573378,-100.59719603830544,-102.58875790243202,-99.29539226971588
2025-11-02T00:44:00,AP_24_9,2.4,9,FHSS,2445.4356442913013,3.4886494106510013,0.3515360723771325,-50.53541581311168,-101.11291230904764,-93.66235701543052,-96.52925179734282,-105.35737250766165,-94.98157482830182,-100.4132555948566,-95.72631721521311,-97.90917032511179,-95.22815466196165,-96.28976352296124,-96.63139838844639,-101.29855408704665,-97.21533076903181,-95.5819247143379,-96.97552779954205,-97.25695700812304,-99.1800326551715,-96.62902550075425,-103.28301885030693,-97.99338654484673,-97.58419286229625,-94.34780904798082,-101.47698978202948,-102.02270605466805,-96.27756308215248,-102.62879737851637,-101.30985986305518,-100.5943579641324,-102.4978139625084,-99.5031782542274,-95.9732477852753,-99.73954352676428,-96.5861592691815,-98.50174851757166,-99.49111094570928,-97.7700979255469,-98.80950592202474,-100.66303480644054,-96.67232031245464,-99.18827862626598,-98.85085344591123,-98.35464103734907,-100.10814502164239,-101.5018851714933,-97.27165871676394,-98.3318705770258,-96.71819322002263,-94.45572611418919,-102.60318880564073,-97.32543555953033,-100.73598947719367,-102.87458853657193,-99.76127653964383,-102.60401880994046,-93.8224153976816,-101.25340692270404,-98.83393515404394,-98.89418952796598,-100.9904654521873,-100.31979062504634,-94.46198995671342,-96.39098752076347,-97.83861356265157,-101.61314012790388
2025-11-02T00:44:10,AP_24_9,2.4,9,Microwave,2471.734579581775,3.8539665143596116,0.24539559327781665,-62.63518256901908,-98.06064957104819,-99.33338299321537,-97.3875355563033,-92.8301827062584,-93.77287835846576,-95.68318491683699,-99.98696727224429,-100.89571464010388,-94.93165763785491,-93.84722281985805,-100.21068072897219,-94.0094511604387,-93.91674503857587,-94.87525273663431,-92.93130015273712,-96.27753898906427,-97.35501673571241,-96.16881081536536,-95.14178358094324,-97.98808927929855,-96.32451945008316,-98.04652885061043,-98.07954945845145,-104.0750012731211,-91.88790753822728,-97.71131082319448,-94.37793665615197,-95.78262876194553,-99.39180300958007,-95.44033119591111,-94.50016043827141,-93.97880439051389,-98.61135754654615,-99.09572814700944,-102.0587103130651,-96.89002765946897,-90.80254957634502,-98.5197161803607,-99.58638662455266,-96.34495940725672,-98.90442032843795,-99.96744039778562,-96.0189026349218,-92.84077816771757,-95.43663152054445,-100.49708267728425,-94.5332904856521,-99.33164189894556,-99.53033650523821,-93.76027097371583,-98.43690647459782,-95.11050881192146,-98.27225036896186,-94.30849816687802,-91.36181539952287,-100.7783327816878,-97.22724025842592,-94.71878391929467,-91.1574922650949,-95.23635332945112,-95.65210560541871,-100.83914353591759,-93.7671807700475,-94.99401350275866
2025-11-02T00:44:20,AP_24_9,2.4,9,ZigBee,2449.419643160361,10.799847102447652,0.5305767450314888,-68.81617272533431,-96.92773128022496,-100.59262291233347,-100.60044431537621,-101.38470943653945,-94.00834499542553,-97.68261869204366,-96.49218676404344,-97.41222222804026,-95.99788675172036,-98.90763704796235,-98.89336428988484,-102.61243816689665,-96.15342578225284,-103.57249880414957,-102.47498478874437,-96.5126279733871,-102.06557868824268,-99.15146564523286,-100.73470782205645,-99.33422372994704,-100.32614656487274,-96.60583403057058,-94.35795253471483,-91.19353587542071,-96.05453664581886,-96.52812454245914,-96.95262413201479,-96.20543998017075,-101.67631387075882,-97.59416049114049,-95.12136985785402,-95.21672220184197,-99.87961893845937,-93.73183714070571,-90.31946497744894,-102.99394608809972,-99.32481872296262,-96.56086471200581,-95.76317118328318,-96.99232208933606,-91.66532170420952,-97.42478994422798,-100.57098405527015,-98.08968027043804,-100.04121868129965,-97.16941325735314,-95.88661292929513,-99.31241992474861,-95.77244491036258,-100.44421477802513,-97.1508753409411,-97.35878520529604,-97.09435742222837,-90.87419984440614,-98.09449829484127,-100.76131084769654,-98.3130794405561,-100.76034155242269,-95.02703000651367,-107.4978980605881,-97.99922317214732,-96.53569923231737,-99.23984090749266,-96.18030631393978
2025-11-02T00:44:30,AP_24_9,2.4,9,BLE,2445.543987933843,17.27385334341879,0.7955448056328609,-56.13242945676528,-96.69954582754875,-97.58233744630483,-89.27289834050993,-95.955635016193,-99.38844119281458,-99.47495138996548,-99.55039118699806,-101.57371079378359,-104.94411446304719,-103.35526742384741,-91.58657104330989,-97.31797023387819,-96.87365605064902,-96.95450840996628,-93.25429142684764,-97.42694992444358,-103.27266183481728,-95.91312631333959,-99.45399985984632,-99.43232564931543,-96.21504212029359,-97.5679441193944,-97.04118403056357,-101.22232877380466,-101.57431651008467,-100.73202414618531,-95.49651666464078,-98.6926473272991,-101.65736907281688,-92.63177510535036,-97.61340578274353,-98.47023735255868,-99.70986369679754,-102.19879707336312,-94.1909699266167,-99.33467763771522,-97.2644604369831,-95.2890640142209,-105.13787820753,-102.39376348848323,-97.98400579094297,-90.13768622019532,-96.35336453826886,-100.0018992036383,-99.45646020112451,-98.17580710973505,-100.78674402632856,-97.62246288171796,-95.26741485991157,-97.59017664403972,-99.23290308196208,-101.08199453905088,-96.68719605098255,-102.21226877771565,-104.33946509772312,-95.31599432652148,-99.64699353314734,-98.36418781662,-98.96170958556749,-97.15854578651866,-99.65311760122073,-96.03592922716034,-99.36248676719747,-97.9416647772706
2025-11-02T00:44:40,AP_24_9,2.4,9,wifi,2452.0,0.0,0.0,-104.09299158811751,-96.20741594303804,-92.5258041331107,-99.01804139843615,-101.22062287973597,-106.11558394871105,-96.23694635833104,-97.23685335378396,-98.1970105269327,-98.44172522926998,-98.51515344971008,-96.36660113025602,-95.88173372533113,-95.09860139505122,-96.37119484149652,-101.63399264392393,-94.12051569421342,-99.97955217086952,-94.50585049192502,-95.7348689690826,-95.30630506332218,-92.17596308296321,-94.83853242867178,-92.72797931484143,-99.58640365631857,-94.12606354700002,-100.60016018992083,-101.50237781287116,-96.75237270907526,-100.35209075939463,-96.60382019755956,-99.78607170626205,-97.69636036994324,-104.35644123136196,-98.35481688487369,-97.63600989082632,-95.25216243780397,-97.84238380703003,-99.5239801596431,-94.96035985208019,-92.30310001760458,-97.97463779640519,-95.3132332568449,-90.32052199025931,-90.86858139853356,-96.44662324550727,-97.69885129610363,-97.88845540387962,-97.40532669472066,-99.14418256397306,-97.11706078151613,-102.10121702583365,-97.4099488834213,-93.78213389953268,-101.1099022822936,-92.39359320439354,-91.24739448279995,-94.256069375603,-98.473432870577,-98.94378490424162,-93.70843356945205,-98.85069679060575,-98.59273989578097,-99.99110125279383,-100.4016966057973
2025-11-02T00:44:50,AP_24_9,2.4,9,FHSS,2457.2658162392845,18.416441833960754,0.6590904504583963,-65.97831735652245,-100.35645598876775,-96.07354647328476,-99.59792553662611,-97.8686941824531,-89.68939672834587,-95.84351989550895,-97.02984159082753,-94.33147280408632,-91.09559969954022,-91.03102528789869,-98.38496567837633,-92.9111060900934,-96.53998463861286,-100.28047035745944,-97.44007922423447,-92.86518237254872,-92.83733349566921,-97.62842486612062,-92.93255132728342,-98.65248465575,-97.0126066475942,-97.64211954229467,-95.4706087257076,-102.32763187370223,-91.52973217146068,-94.32432168098448,-92.75128227376575,-92.92823602252426,-92.02445085605297,-94.66238218717307,-93.68296174599669,-99.67113004092576,-94.47469627524875,-94.28875153385165,-97.50200131910647,-91.73806590878702,-97.80145515857694,-96.2782609474612,-92.25809330643706,-89.0278515450738,-91.88419155035233,-99.75233178657311,-101.91911998974244,-94.05805599394631,-97.07263032912074,-93.08505411263127,-97.93827958657015,-88.97793949955846,-97.77258573222221,-100.62808885139728,-93.00851821414139,-94.61003566409855,-93.11332626115816,-98.76127717563409,-93.02452076456088,-95.88180211151985,-96.19166369801722,-89.87859293159256,-93.19706572917474,-92.46317662219053,-97.42448371855961,-89.90387753634072,-97.47977863471755,-98.25371009967999
2025-11-02T00:45:00,AP_24_9,2.4,9,Microwave,2432.752948771438,12.414115630860508,0.3453801533603169,-71.47137480340089,-101.10194199650964,-93.60199744475509,-101.9047998474323,-94.97209355191374,-100.13807733284688,-92.87275584471033,-92.99861681171716,-96.8132148655602,-100.696255177037,-96.92483330532802,-94.88216499771744,-95.317717313051,-89.98933010832425,-100.12094253724129,-93.03857434065714,-97.59077074566491,-93.88508549395202,-93.93285293301305,-91.67228076612403,-93.68865349549795,-97.49545122066407,-98.85817979050421,-94.96683262079777,-97.81727359692525,-92.18048814101394,-95.8610122695062,-98.66194199566054,-95.35797348419534,-99.68243947583295,-95.16160582182219,-92.16813980769767,-93.99922135357731,-96.3269435285909,-90.84952764207529,-98.48649063423278,-96.92676716720678,-97.35699216670147,-96.33228930925557,-89.42198698514787,-93.23043005648793,-97.98618936972633,-100.15499500094408,-92.77686179755486,-101.87158686326782,-102.82375722371737,-90.65978143523513,-95.55623197015194,-88.57763222255407,-96.45453196928024,-89.51612005095976,-92.79900589866229,-94.63052522509817,-94.72502156799654,-92.19181263226704,-94.77386882694556,-94.84137688987165,-95.83218808723065,-100.4985706011517,-96.0488342410485,-95.80361878652869,-94.58320253465186,-97.10524238330467,-94.74873531917052,-98.78656325637645
2025-11-02T00:45:10,AP_24_9,2.4,9,ZigBee,2457.7046307826154,17.74575092229302,0.5311676767827926,-65.52262307695061,-96.88189882744317,-95.79605974765434,-92.75337121888018,-97.86222799257361,-101.9167511056546,-96.199389700601,-99.3685392347728,-99.6039586820498,-102.41556811576528,-94.73981210691943,-97.48490164484343,-101.51906581414705,-100.58126545227867,-96.37908212702365,-98.49217062403919,-98.8468531035005,-96.1547918582674,-102.41692392098605,-97.56637742594117,-97.38085063602439,-101.03347333877332,-99.48019233299593,-97.3329697716378,-101.14050469598959,-99.43586946956195,-98.74705687871963,-96.86893337755734,-97.84305419547277,-100.61041699449315,-97.61674894365385,-98.47047880609145,-95.80593653610465,-94.90483656490201,-99.1675764184635,-101.24938463953717,-98.65342332061353,-97.94237413614614,-103.03316095311952,-99.65855615699545,-95.9187611640397,-91.85141442353472,-90.20406504311022,-94.83888419423648,-97.85775544914522,-98.42040510311845,-96.61769948113175,-100.85599796888299,-98.30271699346491,-95.70113780314949,-96.37278175475585,-99.96689074739403,-96.54100302252341,-95.09755595657253,-101.72023039868782,-102.88496037044918,-100.30458814939587,-98.80914036031149,-99.48773540980008,-100.25791548927324,-99.17853568862638,-99.42616871368597,-99.67373266117716,-100.64561342815678,-98.95537113772993
2025-11-02T00:45:20,AP_24_9,2.4,9,BLE,2467.9477031216734,4.2289928740596405,0.7633574738208291,-55.66402181038357,-101.52582114959702,-98.44979776450616,-102.60404036988372,-97.98164245475026,-96.74381412944639,-100.62491699786663,-100.72005570475156,-91.94073665337821,-96.65455451277589,-98.49781370085512,-95.79655648151473,-100.02089251627469,-99.13727382892739,-96.11327910880462,-103.66893289533807,-97.90838677947481,-97.97779954740231,-104.75389924954948,-97.66141004514604,-98.81588010543065,-96.82771430989426,-97.18776120638489,-97.32608338439088,-95.33858084545093,-99.54703095154541,-103.58024126243635,-93.7973305615725,-94.54069934602926,-98.75070785179788,-97.41056599026335,-98.39908287640648,-100.45017105131419,-98.61197570401995,-97.077560885304,-107.94124608194505,-104.33233552171075,-97.5386120873077,-102.43421403286723,-99.40466313879527,-105.77858729786463,-94.14413517951107,-97.2736996948853,-100.2001515572437,-98.08069139624877,-96.32644158154231,-98.66086223430801,-98.71731921745165,-104.42747943645574,-97.03684116508323,-98.68048793830609,-92.28166513581724,-100.87978103202916,-96.45209711715958,-102.2753729587032,-99.26409642335776,-94.80181885519059,-96.96107198484599,-103.59770136715203,-101.9512124805035,-101.2272819390759,-99.74857890999783,-105.4118561736196,-94.80537690988209,-99.49112269294811
2025-11-02T00:45:30,AP_24_9,2.4,9,wifi,2452.0,0.0,0.0,-103.15021739054704,-97.81257184880509,-96.30731673487153,-96.86195821588612,-99.46801666565982,-98.23828188483942,-90.63238917642525,-96.77508905358735,-100.07038523621317,-96.30394407084046,-96.94765935571984,-93.3643852377194,-98.51614709629068,-92.58010787158712,-92.12247633326963,-98.4053779382033,-93.87837534905763,-100.46427942454476,-98.07044675685525,-96.67582266952606,-101.78148093133781,-101.35890129478697,-92.83895623677543,-99.77198444858973,-94.52495164071672,-93.88657906613986,-96.24048693127962,-98.37936365163935,-96.32613972661503,-97.0270040936384,-94.9365627204832,-95.19570188674547,-96.29930359412609,-95.2958895592048,-94.65032997591925,-100.01882754346862,-94.39795285902215,-93.70565353006711,-91.19114119249681,-95.36701665823703,-95.64907483515773,-96.20843036476022,-99.05043745238973,-102.38175356154757,-95.09603519925308,-96.13297218395971,-91.09719939127821,-94.70991552553626,-93.0347911786564,-94.04290862759333,-95.71975335099553,-99.97476061845359,-96.20797132201743,-96.32047347989973,-96.33396787926145,-101.73959131588839,-97.17375302036967,-89.70415773882526,-96.59464648571745,-95.68226394981285,-95.99044070965353,-99.41532318371857,-93.29734478081303,-93.46747857867986,-92.2175322321169
2025-11-02T00:45:40,AP_24_9,2.4,9,FHSS,2455.66047190305,7.715071773756572,0.5578693766285677,-64.58653393566706,-94.28513795187176,-95.1486027911508,-100.95968371391388,-100.3811297667551,-99.33525702447453,-98.47736807962507,-101.99544507902354,-102.90360183584025,-94.0874509739017,-104.08845000898621,-101.0335254679812,-103.18219208233958,-99.21831417478651,-102.5264490867061,-96.01152527103982,-103.8934280896284,-100.45633270850522,-101.28978650384046,-94.20263921267767,-100.29377848823049,-101.40196412353373,-101.62679311598815,-94.09883725526647,-97.49245607288006,-95.99958475076346,-103.5507092837363,-97.58952095332124,-101.15067617499116,-98.4266183807316,-103.48400782464002,-101.07799268474083,-97.53519640263941,-99.16437315300945,-101.03801432522613,-100.23707301827943,-98.43797160681096,-99.62433867549866,-95.71746927628584,-101.47092710364524,-99.36711253339057,-101.79515909848983,-101.47845066676408,-97.51906835314873,-99.16816189208353,-101.84624448438917,-97.19008662327771,-99.19648072235358,-101.50686591672057,-92.65723722266961,-100.43213926155053,-95.25329090791855,-98.15663183988164,-102.91363772384446,-100.12336687577451,-97.74417987916775,-98.44020576068107,-106.87431627743084,-94.42857997816691,-97.92866908012867,-99.22901176853391,-101.65896306868268,-98.43396557043918,-96.545186288938,-104.20545368081099
2025-11-02T00:45:50,AP_24_9,2.4,9,Microwave,2441.391313979176,5.200482044024485,0.49813323162904755,-51.1878184289823,-92.58719749942412,-92.79489277546801,-93.43599009721328,-98.69008794179868,-94.44673225464896,-96.69253647544284,-97.77512399881066,-97.44992901944023,-102.00412373420158,-93.29732727242033,-97.71150111431281,-94.61374954757153,-102.90227253942649,-96.92991582212356,-92.59108903253197,-99.25441868025115,-94.93143830891223,-97.22756013696237,-102.82996719012415,-96.59821832476442,-93.57763541118145,-98.96915275267943,-96.78479411419472,-93.98363126628543,-100.97389672563412,-97.04932615890309,-92.42831295651732,-100.71401506751577,-92.13529715365937,-99.06844759594743,-94.29581273903437,-97.21726976219108,-98.45547276562311,-97.62243406866634,-95.6549247495005,-97.87421312205836,-92.97545692464011,-92.22926387596696,-95.34782610195063,-98.20785914462381,-93.08651482127966,-101.91657496278992,-99.50188109771585,-99.37078576012043,-91.40298143011663,-95.0868673909032,-100.02381371924601,-100.52034276852888,-100.11901176103613,-98.7718486039893,-96.50056109649205,-97.064066266404,-95.24873988013626,-97.89080138387942,-100.8414456411667,-95.66118268500794,-93.2595207191768,-91.6080690463879,-95.58281161436138,-94.38662354809118,-98.85174438249715,-96.17807373613262,-96.68768022419282,-101.85764073286204
2025-11-02T00:46:00,AP_24_9,2.4,9,ZigBee,2456.69920006088,15.87343668341117,0.36284512680281666,-69.60635220536602,-96.44728888303887,-100.1584161626933,-96.56147423139724,-101.15073449374707,-94.80984371400693,-94.17817646485956,-91.47106009145215,-97.84782291518218,-101.4061260691352,-95.40099513505365,-96.52563932148283,-96.96668373395725,-99.52053554360663,-99.96660120903486,-93.44506558383112,-95.85658651318967,-96.31532182788631,-96.24659134023483,-100.2728437776205,-102.56096613428727,-96.0118211516105,-92.95315034571341,-98.49354896316808,-98.95175428005503,-95.17311997163391,-94.8081004544151,-100.58697877541567,-98.90601267337306,-101.03641289919406,-97.70702462788157,-99.20552203129328,-101.4372778627935,-93.43415395099835,-99.00860830324085,-103.96716371163642,-103.42372457926157,-96.69692823818355,-98.52770948321717,-95.5697615273733,-95.15643080814452,-96.34514112790022,-94.56547222564117,-92.98639243248026,-100.44718291135331,-95.72161153002804,-94.03716104989813,-102.08347931429938,-94.14462612762404,-102.34763086191906,-93.3675595309536,-99.12466698473561,-100.17819406289826,-97.82573573755164,-98.05176341998468,-93.71253550737023,-91.6221984991593,-97.32291474679515,-99.28029751980712,-99.1072226642964,-102.2032182065386,-99.07326764637217,-96.1745246528593,-94.52986726766567,-96.56049264711109
2025-11-02T00:46:10,AP_24_9,2.4,9,BLE,2442.255831203705,9.345625376130936,0.595610601634228,-70.16090940811598,-91.55973988580728,-94.36913366826204,-97.11739549291522,-97.90595535842158,-97.66583345267267,-95.92158339068743,-96.52328105115276,-102.63526088439737,-103.66631312932542,-95.99461395554499,-95.29777600660613,-100.54269833316769,-96.85901520177174,-98.19654464425048,-96.5573861018954,-97.28033583595773,-94.6778356918476,-98.95575777685102,-94.64749491330765,-89.88965113705328,-101.61433012566471,-96.37944299948772,-100.69742734051303,-93.28776882172772,-96.8761499975961,-104.40074266032596,-98.95276230581237,-96.1759247114037,-95.14421124909671,-99.71136690301226,-100.61398674042348,-95.04935726086153,-95.1160588009367,-96.45069514400618,-97.93716063836722,-97.71641365189643,-96.05370002842906,-95.21820278245633,-96.24439528187233,-100.19091398519424,-99.45805847476677,-99.13655423012509,-96.62256460710502,-96.87963732351388,-93.41504124496346,-97.67479739559994,-100.67500027044449,-95.05608296620161,-97.78971957114561,-99.22956388292188,-102.77520575669325,-98.87473713882828,-100.56938081353103,-96.16894715305705,-99.01847720751182,-99.26325898853523,-97.00841670712278,-100.97134852424637,-96.06373620432791,-100.61769174295085,-92.30608486020677,-93.25780931035148,-99.1087589331723,-93.57592285664064
2025-11-02T00:46:20,AP_24_9,2.4,9,wifi,2452.0,0.0,0.0,-102.73499590793207,-95.60437340901625,-91.78005629651572,-96.76459132110206,-92.12538305655596,-89.94296993773895,-95.98450752678583,-94.18967248719831,-95.91364747737741,-96.21629503901018,-97.36909919755885,-97.15809509449613,-102.6509513157136,-95.53165924112459,-101.15891676023398,-91.15248462566983,-102.68605181587931,-97.54411031923819,-94.9847356644589,-94.30161617725501,-95.64918178460209,-91.5162964669394,-94.9114145970757,-95.64918169911793,-92.85287510476896,-96.25266406733003,-98.38898752486435,-97.88399285868786,-96.56673805978153,-97.03309421261923,-95.25267466136796,-96.2711913225563,-96.84954943600336,-96.00800062734649,-95.81766677190429,-96.34656004703683,-96.99131432335736,-91.04135483593822,-88.57288278058755,-92.16970800492993,-95.63774395737595,-94.08944307178491,-98.16233014905661,-94.86962701381968,-97.96587745832339,-93.45928621353823,-94.18321887395244,-99.17538621795003,-96.21331106355454,-92.67506369162308,-102.40184695351803,-96.71357041749748,-94.13824902995023,-100.08688001171298,-99.87211918621517,-94.92032252157783,-95.79596474083945,-97.21962617716923,-96.33693248158184,-93.80207511746431,-95.51907831417061,-98.8382779563009,-99.93040645019312,-94.69610770281717,-95.59711536035397
2025-11-02T00:46:30,AP_24_9,2.4,9,FHSS,2464.7825227794897,10.44277158867599,0.6017114369519986,-58.92832175035208,-104.20277441781077,-100.0949775637098,-101.55923886155654,-96.40368548541812,-93.67664039287298,-91.79462843359819,-97.57154465443728,-94.35303221849487,-97.99616489284827,-98.57829593787294,-95.81840080891725,-94.56770844273763,-99.00850614595666,-97.88316295316078,-96.70177518628853,-97.1560832701501,-102.26479718781421,-94.55356354559184,-100.33473680260313,-92.21073826221344,-91.08197567750257,-102.43834587634798,-93.57593502169573,-97.08280377559875,-97.98803403203665,-97.5178756339553,-95.44422148534812,-97.4851380663024,-95.82545360550854,-94.83972786351131,-93.68210135301486,-94.06448925532341,-98.50253211135501,-104.92454915683132,-95.55587593519876,-96.87605260901684,-95.25803819530853,-92.82468501025319,-101.43921544250809,-95.19455929869714,-93.3995340402942,-96.76013935127835,-97.46831277527883,-95.50714173432466,-95.28422259589456,-100.07156860717072,-104.17939052266225,-92.83271863583876,-95.92779932748611,-101.05280980263775,-95.00571810302552,-96.87945776222611,-96.13677448514225,-105.1896571721842,-104.19948466001013,-97.32981793277649,-98.0541037671932,-97.99854715687803,-100.62852964256517,-96.15701651063041,-98.7252978048308,-98.40689869392324,-99.67509770608625,-101.61665502080973
2025-11-02T00:46:40,AP_24_9,2.4,9,Microwave,2441.418297994491,11.369513463862596,0.4930798673294187,-56.161506480010345,-103.1628083187612,-95.15915532465019,-97.35163726019219,-89.66246462832498,-98.48344118835064,-96.67924221547091,-97.84788212673506,-97.64157872642859,-102.31186709882205,-97.91767757578391,-97.155524530897,-103.23590419351562,-97.0883276141496,-96.51118940696439,-98.00027503816904,-98.35323267154588,-92.06822945949762,-97.33901085263749,-94.95845882769387,-95.65824909364486,-98.41811378251725,-98.8506104279161,-89.3137278314936,-94.18598310768404,-102.20446233349247,-97.22444602465234,-91.45016623031479,-100.15266892189817,-98.90046207211705,-99.98196618453443,-94.77393425072205,-96.63688769306214,-99.79965256606026,-99.48897917357887,-92.46089197179165,-103.24135080792689,-94.1299734558236,-102.130090528724,-97.84910403985779,-98.97826533876511,-96.85070587475163,-99.62751044191245,-96.20705538292923,-98.69693683285358,-99.11462072559237,-98.36209973603498,-95.58498409954487,-93.54536915964194,-98.95600003398664,-95.22916856679892,-96.23591394687256,-100.75338223209326,-97.35347354321843,-101.82303579214602,-96.309650989328,-96.2181463048499,-95.49444411198103,-95.02174339139212,-97.2372216236478,-98.41185916620135,-95.85516138439243,-97.79451768964898,-95.00205536082912,-101.18563343934312
2025-11-02T00:46:50,AP_24_9,2.4,9,ZigBee,2445.9135118274053,11.476894280714511,0.599120590964314,-63.55561599052048,-97.7567938838826,-99.50355007124284,-93.49160730596418,-98.37839999031985,-95.96485684150267,-96.14936707822442,-93.70702094347483,-91.87537912612446,-97.33438678399948,-90.1228988044223,-96.35889023096178,-98.04278102054927,-93.15233255861047,-99.82516784863975,-102.80673224620578,-98.44114886779622,-95.54102776413103,-97.94329422601908,-95.63804205677692,-95.74434297257018,-95.1856753500385,-93.15647103478811,-92.93312951006196,-95.84387122217383,-96.92998903158313,-93.89272208418765,-92.70063627321476,-93.01408334028775,-92.0240545035863,-93.15495571147594,-96.93247988174463,-89.4822781426396,-95.03750746753408,-93.7065592217489,-95.9222590303275,-95.64930498420561,-96.10852894797374,-103.80633134726975,-95.9558955809106,-95.8133933920344,-92.3133189552797,-97.52604596289932,-90.10922775051394,-95.94054362767596,-95.85355122155879,-93.4476413548938,-100.14168040378243,-95.60050736078296,-97.06427256667897,-90.39600016027441,-89.89742357774377,-92.61161641984849,-97.69584652269734,-97.49365125963145,-99.12031063983733,-96.22764201482173,-91.77627635312909,-96.97301936142692,-93.52724644098281,-99.76994222187714,-97.48021082541965,-89.49910702409694,-95.65045059666518,-98.06421775747226
2025-11-02T00:47:00,AP_24_9,2.4,9,BLE,2464.19789160059,6.286058766188366,0.2325762254954764,-67.12287718645476,-100.5584106466442,-94.85486226425677,-95.44033166269911,-100.39776943758349,-99.49731120079976,-99.47138132081382,-94.61550164180247,-92.59714003185506,-91.79159043095277,-93.78203621076194,-96.1968070164203,-97.99017812419912,-96.48226406574517,-93.4756373753338,-96.60676645847725,-96.65153032895036,-96.33187949338436,-98.11035464330611,-98.09170950884877,-95.1319358569049,-97.28100719226832,-101.02645074001302,-90.80143437672811,-94.99801998785553,-98.67568572388996,-93.52522961908532,-101.05837516222815,-100.67147348512651,-97.74918293967308,-96.44771092822788,-97.49215783408322,-103.42756188744768,-100.36781663980192,-97.44132392313328,-97.59129715811932,-95.35787858029336,-97.2176660293484,-98.4816921556914,-92.60678107126678,-96.29858387617341,-92.88415693260444,-97.61728612355972,-96.65697001395633,-99.50018030137122,-95.04039838428095,-95.59980777830386,-100.7863717509296,-94.44168582999201,-96.72471525829177,-98.39047476233891,-101.79470445945346,-95.04053547502114,-93.3827760352091,-90.72940418821472,-95.43177850960049,-100.90407315654392,-96.56457585476201,-98.6147066587441,-98.90258627509007,-102.3719268815756,-95.85104067859666,-95.02033042266417,-99.21302130069442,-104.28018580353037
2025-11-02T00:47:10,AP_24_9,2.4,9,wifi,2452.0,0.0,0.0,-103.85230585406383,-95.67843584348228,-98.15097316270979,-99.53221586782804,-97.97561863450962,-100.16459644979935,-100.8909235883728,-95.80939992501834,-89.51912256314677,-100.47412068149717,-95.97074400520495,-98.79005212828449,-98.35745687870592,-95.94468031733399,-93.43268163334545,-95.78542945233305,-96.90933331111513,-96.64088665482439,-98.30652328077241,-97.15098608544459,-97.91043466386547,-97.25518512210304,-94.92986789619056,-98.32125752504776,-91.47349888761653,-101.41009023108559,-95.34967597395422,-91.4129608061032,-92.80942464222066,-94.36021986219984,-98.03321901370406,-91.90699897784125,-93.83796963613527,-99.46159851357913,-97.13936668451633,-98.92320410328043,-97.6901299268679,-101.86745914820972,-92.1015141049646,-89.70126715363466,-95.5477619209148,-96.89771713720368,-91.93276678017259,-97.6485260818331,-101.7385830589562,-97.18923087844945,-94.95599295992038,-91.03502709705604,-101.8987833675124,-101.37557985161237,-93.59471799703789,-94.1657230375541,-99.20234382562127,-94.59139556013605,-90.92595928680002,-94.19610094173174,-95.2091200386113,-103.25903531331761,-102.79195235980109,-96.03584081089859,-94.68081845790779,-93.2124246329279,-98.59639172404209,-92.90063862989463,-96.42151405339891
2025-11-02T00:47:20,AP_24_9,2.4,9,FHSS,2460.815083450995,19.07910519030866,0.2028881003717613,-56.203707064486174,-95.93492507532775,-99.4704908881759,-91.82589416112977,-94.77403331710016,-98.76167925626774,-93.33893124739235,-93.96445883092008,-96.47920306901611,-96.11880255376056,-95.99903033263612,-95.21271860498868,-96.35206219480243,-101.28760229325782,-93.5002170176921,-91.44697662085008,-94.01685832522979,-93.51100253807249,-97.61459261361725,-99.54514131601357,-95.59690989169071,-100.86076973337995,-96.94768027490463,-95.69443942671028,-99.36752803958113,-95.1494048249541,-92.34391589877337,-98.59973978199993,-94.25236877757945,-97.48858593378147,-92.68388847559062,-94.91739418620357,-97.05408753033862,-94.39098864468002,-92.37459832655904,-93.74972177534038,-97.77338956562579,-97.37140322517189,-93.09106647883112,-94.89765964754422,-96.29358203074223,-99.12149688649718,-92.84150173475037,-95.45283090942955,-93.43222189263064,-100.69940054597717,-94.68565724351289,-96.84159169438448,-97.48945095041107,-98.37314004940673,-97.75749981624311,-93.86871893699818,-88.82971845352856,-92.26360183313841,-92.61880228210238,-91.3387302288656,-97.68276870083312,-96.02504882300576,-96.15304864109238,-98.25646849112799,-95.67745930085655,-91.80794522439908,-96.35614155911179,-91.57213636450066,-93.29973830832093
2025-11-02T00:47:30,AP_24_9,2.4,9,Microwave,2444.524630316226,5.746787215801448,0.47357605371706896,-59.57535874351315,-94.96026305515856,-103.02711247822072,-97.0318457313584,-94.27122374243429,-93.56049851603753,-98.1882310086045,-95.60424889951615,-101.18408627525285,-94.97306686381617,-99.28415604371065,-92.60630291087362,-95.01186167156973,-98.67252206212429,-99.81710826776059,-103.06141058707394,-97.46080097756483,-95.55924755092276,-99.62445552616379,-93.66571104384116,-94.78648409733553,-99.9189371623496,-102.59006706888943,-100.49726489029031,-98.95482693239461,-96.88722841511847,-106.24219423029379,-93.77563947937466,-95.14369123167546,-94.85078800468386,-100.07746923326935,-93.08012998431765,-100.09616469612892,-98.05520013142065,-103.09858362531992,-102.08628204988904,-96.0152442382666,-98.09485745783401,-98.38662629819635,-99.7898144487279,-92.90410579987793,-96.80110413697271,-95.69801856341134,-99.19685464211364,-100.79887299178873,-96.22690770423112,-102.02403142270656,-94.02260291294348,-96.92395960728327,-95.84857190737748,-98.00488303893988,-97.44553284520562,-100.12724776542902,-97.91456463307642,-96.82092184425413,-100.4087329151353,-99.58999999922426,-99.67992453833801,-95.93782454322961,-96.29607773787953,-99.70312781689294,-97.2303853215989,-97.23749120754488,-96.55296494016612,-99.92613598668055
2025-11-02T00:47:40,AP_24_9,2.4,9,ZigBee,2461.932160172065,1.2943613412586772,0.31145150127360416,-68.46798248027886,-96.54855873626504,-93.13339818588697,-94.06289943271373,-100.4859416474591,-94.69896279419909,-93.39022157597879,-98.90121984444039,-100.23274422429859,-94.33545192820782,-99.18659266751219,-99.77770593530713,-96.79808684357158,-99.01865462469615,-93.36844932316781,-96.24495650728588,-97.44297981546146,-98.21400697205259,-95.21506036165599,-91.89447660066796,-97.46512820357917,-100.1655452607355,-95.09921896713504,-102.4105953518908,-88.67520877759425,-100.49441048415557,-98.67752195191038,-97.6614832735698,-97.34689164920317,-94.9792979766671,-96.68297727589858,-94.76919834657343,-105.3622835610068,-96.54341908873,-96.38642655967614,-98.82612424786025,-92.73696265907768,-96.98596164211168,-96.21835893427819,-94.03799490756487,-92.93973369032335,-97.42232147525607,-95.47783389071338,-97.44921431087646,-92.72062635413577,-97.48081988862283,-95.88624509862574,-94.47536917490893,-98.89055223852978,-98.34922929754335,-96.17109278739102,-96.17874434224349,-96.54747999432507,-95.86547784441127,-97.48405613908885,-98.0963568265132,-98.49954013818966,-98.6695048379306,-91.97310289630825,-99.4620888821592,-98.26485352601608,-93.87138497626272,-94.30983317293988,-96.56507172923597,-97.26389131642071
2025-11-02T00:47:50,AP_24_9,2.4,9,BLE,2465.5275459547966,14.823450395061478,0.46482165174634754,-50.03780421987698,-100.43325324704954,-96.29982793205669,-95.23046975472218,-97.64575605022402,-100.10614500443967,-94.60282350221947,-96.55342051943485,-97.2950947854418,-97.58949897377502,-91.73871558654277,-97.00320712517512,-97.6303248915746,-96.8368268609187,-95.63541850128487,-93.87347780833953,-96.52652446904189,-92.00832509873447,-91.22282808210664,-88.6469126176542,-92.52807152543282,-95.41440542651397,-95.3675533631546,-95.56938669766677,-94.56623220886502,-97.90798668337499,-91.30804737741923,-95.2157551055913,-100.19916492555785,-96.96265865227102,-93.86777899686945,-93.95948295111029,-95.72578642523243,-93.11458429597776,-98.64464084940946,-98.36770251437528,-95.06914474688624,-91.57095519216823,-99.36164186688958,-99.70747547706587,-97.2188373859736,-93.21468378974801,-97.34843269485464,-97.73315878250067,-99.80833331545273,-93.254127216856,-90.85326137046107,-91.25121528099388,-96.41383705181052,-98.27157353588656,-95.30108499126024,-97.68715899249183,-99.22900820839598,-99.20292778144467,-95.02065553038796,-97.00711138002511,-97.64782464960284,-97.2140505846817,-100.90083521239343,-92.96022648169932,-91.8217850558261,-93.55701250082915,-99.90889071743257,-96.48605260201361,-90.20299523116614
2025-11-02T00:48:00,AP_24_9,2.4,9,wifi,2452.0,0.0,0.0,-102.71306759085182,-99.66838223824665,-97.71053506563126,-95.62467021851705,-100.04262896464674,-92.5203547828219,-98.07708487605568,-95.33713507135053,-97.4587840671043,-95.67936264775656,-97.36992760423911,-95.35246815154802,-93.20912160951234,-96.06638837802416,-94.92974823479454,-93.25084142760073,-90.78751330509886,-92.67202619671392,-96.51049486043247,-94.32694526221991,-96.81272559202131,-94.76217992990723,-96.4903338978639,-98.19373007153601,-93.3206040640649,-93.81585648167739,-90.61976640030477,-92.46773259036112,-96.16824098518111,-98.61099053456577,-95.57566186054218,-95.47925904544364,-95.50127969192302,-94.96980119448118,-92.62980369385403,-95.55438465805388,-94.7869758980475,-92.64318884709803,-95.2017362212001,-95.07581462561623,-95.92326987227105,-94.84428832161275,-100.80125491286162,-97.14138438911354,-93.11824093927692,-94.21916972357116,-96.88438884386876,-96.59886001451473,-92.91506588513224,-95.3429508729346,-93.20677123912873,-98.3156318360427,-91.49356576555057,-97.40993734495262,-96.71899553400056,-95.99557559292937,-97.31872935096942,-96.85322433501915,-94.798998099826,-103.76820435550229,-98.53474785417193,-97.08886814557891,-96.0642467279348,-94.72748983981516,-93.52514558717563
2025-11-02T00:48:10,AP_24_9,2.4,9,FHSS,2452.213429950525,18.3177188148738,0.7318763612798029,-54.74616135751984,-98.21510938931765,-91.91371099559657,-95.2637754298934,-100.54549787514404,-98.31209052329558,-99.94211528904141,-94.94562233625021,-102.13715935321105,-98.22702440768906,-94.50330646597725,-104.80078237670759,-99.40942897385372,-96.52978053073747,-95.02734434445146,-98.41647667808809,-94.38433865223092,-96.5871026621306,-99.91880725008158,-95.91896934719219,-97.8217486581601,-96.65818576858683,-94.40948224015442,-99.28256324706378,-97.68643582269914,-100.63926590605037,-95.85989836062629,-95.39819976252922,-99.35771063145886,-97.32808605773671,-95.9218687391055,-97.2917020986291,-102.9128215252591,-100.33040447427435,-99.77713828525991,-96.968677484126,-100.01449580207509,-97.50601167763203,-97.51554804304277,-91.86915828896824,-99.41513302724994,-98.65562829899903,-93.81373997748473,-95.45173887226608,-91.41266455128093,-96.02217874945245,-96.8830519330526,-99.8272226281068,-93.78329310215506,-102.11793609070301,-98.83855629378424,-96.52671466161529,-95.49672011269234,-92.32831272410952,-92.51079550510656,-99.840457375353,-95.92539069295238,-97.32260077689907,-87.93338432276113,-93.4745257647351,-93.1772381557528,-94.08372213174027,-96.74139875629825,-93.65221658524952,-98.58040384257569
2025-11-02T00:48:20,AP_24_9,2.4,9,Microwave,2441.8082478699,17.491973430866455,0.5652409830394514,-66.70549290173038,-91.23284728507437,-93.14501264569462,-91.92800433549893,-93.81501476380495,-99.092041941208,-91.8277210444821,-98.75018751763736,-98.22065249545346,-100.4951250410418,-92.58660150841868,-93.81723968183734,-95.902344476649,-97.3303932032718,-95.05292666358942,-98.35462974987928,-95.00113527348948,-95.60269665726149,-101.20077002838424,-98.17745886636422,-97.77304106360859,-89.4765257222485,-93.75410148707951,-94.8095697991976,-95.64025761920126,-98.18131916488042,-96.24145381627227,-93.8729312643418,-97.05809419327026,-96.37995017642217,-95.69821822041705,-94.14038790813102,-101.71785035003931,-101.35029855812746,-92.37791185489428,-96.92642355962667,-92.61530445145797,-97.01412339919675,-94.97069906017127,-98.48839702012775,-97.97721048042163,-94.60787769705183,-94.89708413616162,-100.90101136130295,-92.46531696704982,-91.08862274668172,-96.15850679422383,-94.37663248068506,-93.31776228855153,-91.29718922275474,-93.28054540848755,-92.20753525304785,-94.20814559024603,-96.09475583672874,-90.45866917610186,-100.72012787255564,-98.4450506366329,-96.73280866704431,-96.8874305318137,-99.23727094934043,-95.10228261297365,-92.47173547204925,-95.2512066966206,-96.13665986355801,-94.69006756627438
2025-11-02T00:48:30,AP_24_9,2.4,9,ZigBee,2470.142073841833,6.907073961920248,0.22010700883405213,-60.671362907152236,-94.89247077265023,-94.47460317288431,-98.32857181103981,-98.99394404750906,-96.65552979222247,-93.05059727058344,-96.38532736898419,-96.46714600020553,-97.55685157637603,-96.91335214088042,-99.42933244693853,-94.55162671606526,-95.54795349829519,-91.47560468124927,-93.36015645026953,-94.14684302872568,-93.20352118875039,-97.88523264221375,-95.34650822329812,-98.1581017645341,-97.42147739275823,-98.31808083792791,-95.45682401601745,-97.2568530864729,-96.42601545393804,-95.65366721550436,-99.08987024238093,-96.01941016700108,-97.66906663284492,-95.69469142201037,-98.01491053454086,-97.55939187913857,-94.04260207970619,-91.01097287622778,-93.27873860881716,-93.84847996594603,-93.18878094382481,-95.51785102951804,-98.1034815071801,-99.91821549037874,-99.62873068198405,-95.2035100536777,-99.14053953537594,-92.38769438096695,-96.17588311592944,-98.76247922854976,-100.04866101612797,-92.50630570299252,-94.70243135786764,-90.38854374181247,-100.00816143549332,-97.07141019440685,-95.73824592195795,-99.94872961046865,-91.13477097786509,-96.16401482716411,-97.6388097253431,-98.02289329394893,-95.14487751499148,-95.04155105224717,-96.22644727621653,-94.1138004178145,-95.8422880593807,-92.97113381934653
2025-11-02T00:48:40,AP_24_9,2.4,9,BLE,2452.4348944406124,13.095674542660374,0.3385162999382756,-71.17389804106482,-100.13292935924723,-96.9672138547686,-100.74409175039538,-97.16876836067036,-97.20942524076443,-95.97760546416934,-102.43316580426108,-95.35478375813881,-92.70696839813199,-102.23716506244965,-100.59746594754964,-93.19759545585457,-95.09058584826465,-98.65741189585283,-96.08895533759095,-95.46730182100015,-94.693033974193,-92.5997017934177,-97.99718527737427,-99.531941323184,-100.80255581306352,-105.19817489326068,-98.12274983435644,-95.06768804020884,-96.21481621279293,-95.73089343401567,-95.9644170970761,-96.61778995608512,-101.67993461271513,-97.39812862103925,-93.99989894424792,-95.61637352163245,-95.39347552732632,-99.4602795105652,-96.30486784764997,-96.76947112806019,-97.5335245748363,-94.696311118617,-104.07483963283538,-100.87059109941488,-97.48098110000448,-96.95808183534916,-97.40298065359754,-100.30322098016094,-95.5501636948462,-94.88969895079767,-102.21138936348977,-101.69753985476993,-94.53603424626415,-93.97610691171087,-97.36936938016972,-97.39308996556404,-97.29499836062065,-97.50974478743623,-92.58095797722585,-97.11573004514725,-97.06892169722815,-93.08378126191397,-102.70659687057304,-96.69624967244084,-100.05056554319289,-99.50154585452945,-92.56835743495155,-101.22954807355814
2025-11-02T00:48:50,AP_24_9,2.4,9,wifi,2452.0,0.0,0.0,-104.68929499717373,-99.10975799055542,-96.1391261698944,-99.46552993334443,-97.07517047110807,-93.85917560781236,-97.6803384527678,-94.51349645602643,-96.01789977041524,-101.84259212250625,-102.86948060127703,-99.34150688738455,-97.19242206781888,-97.46317714423647,-96.84690957129065,-99.04852276781419,-96.62893966410333,-97.68721882387544,-101.8122162519653,-99.07774167612325,-99.6459874513435,-93.03243159868408,-97.19174161103365,-94.29721745816893,-93.20669159737932,-91.51469438392255,-98.04804008657109,-96.45810821296114,-100.43204908477362,-97.76913379327296,-92.87935808019242,-97.37368683752618,-95.04531590864339,-95.22995459737763,-101.34104436257273,-94.99419313171461,-101.03189193223794,-99.81088038323483,-98.75135960062532,-99.59073091414498,-95.42508155675957,-99.35994723189708,-103.53856613137148,-92.95035362024558,-99.97841549975486,-98.86084593569969,-103.39179443964558,-94.16411366244736,-94.42560736548894,-93.63112166474465,-96.83754364872114,-95.64515122510721,-100.32382799101319,-94.80218985641426,-106.2996029782912,-100.24341036861749,-97.09916175650869,-93.5358815500869,-97.21518092109675,-99.01576343225062,-96.63480935021673,-101.33602987279751,-99.89153187655009,-96.31720299048632,-96.25455165931349
2025-11-02T00:49:00,AP_24_9,2.4,9,FHSS,2456.491286491468,6.823487425836638,0.591901298795551,-53.7821626586994,-99.37616208311182,-99.4736284869296,-97.14888732958345,-104.23221277790597,-96.15342939757657,-97.66809449664422,-89.55195954480803,-94.79276605199169,-96.31834829626867,-96.07657610080668,-96.9155947478984,-96.04565151123154,-95.29245067991218,-101.70971954241101,-95.4786335479655,-94.43523168614998,-101.2521518170685,-94.76096694969085,-96.46645301519423,-98.20152622173866,-92.21179175702818,-97.20443501491242,-93.6788042463454,-94.58988878235718,-101.54191595869591,-101.53841563200625,-94.16958706709597,-94.20799217220198,-91.49695678486165,-97.62080809952229,-89.98403171052078,-93.68997480557806,-96.51114973869623,-99.77928139078469,-98.22069383470303,-92.05469916065557,-95.42744585525453,-103.61658956594277,-97.06002019663298,-96.33382001291422,-91.7859516294235,-95.28910217743595,-99.61610028263004,-90.38921952885666,-98.39966873683203,-101.85799511540479,-99.76087964973652,-102.48225993099676,-98.06719071509202,-94.02338889977555,-95.47900103952541,-102.28217605958355,-96.61284803000076,-101.49653945813927,-97.99010134184422,-95.46658913898563,-95.69662075123595,-96.47382866826506,-94.85081064477411,-100.54679116703197,-96.70132812126944,-101.13014020018693,-95.23952470449592,-97.58709731408983
2025-11-02T00:49:10,AP_24_9,2.4,9,Microwave,2458.1981330016974,18.508083810221542,0.3454892195409983,-65.5411146528746,-95.24947540618317,-90.96591405513637,-97.77873832375195,-92.83227442272309,-96.27413791297955,-96.66243497027195,-97.89350327530272,-87.60441964202738,-97.03238828196258,-93.22950214305597,-103.10112318753882,-90.22442597116053,-95.70875193368602,-95.44831478171682,-92.10188994282707,-93.89037554216063,-90.7750287174155,-92.43604889488662,-90.78898534943261,-95.01358395101727,-100.14151979448512,-96.32406968939925,-94.63303051608861,-95.30028811236696,-91.70313024723653,-93.0891520277581,-96.25097797817327,-93.31858971306347,-98.46489965770421,-90.98982746129967,-98.19497629451065,-98.91546752492813,-97.39629626544165,-94.7611976551282,-93.6309372711965,-95.66650907301585,-97.87455342325347,-95.69831627904287,-92.20664944228977,-95.51602639688276,-93.9275050929842,-95.58419261927118,-92.81715643598132,-96.01907213477664,-88.28227908008678,-94.34526801775029,-91.83186433655648,-94.08974536557258,-95.62119475130045,-95.17687524238632,-96.43570172768524,-95.25919623366785,-93.38856454639323,-92.57793536319103,-94.36872028841577,-93.20320645277725,-92.11382890164089,-100.79821083001647,-96.74146476283835,-96.83429208290679,-95.32454381137708,-95.64919235230752,-95.0240447031658,-93.97069001789185
2025-11-02T00:49:20,AP_24_9,2.4,9,ZigBee,2455.3541716330274,4.7043556549626935,0.2824889919854729,-71.0852548367089,-98.32709987020695,-97.16732889861731,-99.27511854135047,-96.04898849750549,-96.30897310251552,-98.55917415853573,-97.25375897421173,-92.48031975024442,-95.84443675232917,-94.78961944566538,-97.56500771488625,-95.07810862220033,-90.57166403119285,-97.31038610372383,-92.35067481838684,-95.21467955017157,-97.83045408040522,-93.45113911462644,-94.09799444185597,-95.71533813276605,-100.08802755903682,-92.16238406899674,-95.90229612070955,-90.73304851806314,-96.04653802007769,-96.97859645816808,-89.29646408418371,-98.51159164080863,-93.7073670176432,-99.17394172308688,-97.57979316286712,-95.37670722357639,-95.49160178418374,-95.73688964979857,-91.82461911734214,-95.20815418246357,-98.70299415641801,-95.29306495007835,-93.80899692857474,-93.46220416433054,-94.52292147966979,-89.85337864640337,-99.93552248331949,-96.68385871348612,-95.28185306497353,-97.95498822127551,-94.56865064512165,-99.49702949251406,-95.2949350037891,-97.92333758890875,-88.00887620515074,-93.3374920737462,-91.90216038675744,-96.7427550840055,-93.20583777450925,-91.48197233546627,-90.8561123995979,-88.50120786452163,-97.85348113293679,-94.77086472070009,-100.64920209209997,-99.74636954275631,-90.68469045966835,-98.02452228427353
2025-11-02T00:49:30,AP_24_9,2.4,9,BLE,2433.753151947929,11.335796838288314,0.20365134081751168,-71.39127533363985,-95.27443862786743,-105.15770088016929,-98.07412844434779,-102.88079446685343,-98.76131304487463,-101.57037865041538,-92.40874266566632,-93.37113467262812,-101.49932132055442,-99.13961278353169,-97.34349316792697,-97.56915428086064,-105.37380244524397,-104.25577905151376,-98.8800690343427,-97.73710461178676,-102.08082428904795,-97.19578981474557,-94.93683714120984,-104.9830636851858,-99.96121612650533,-96.78999316288817,-105.7481154584705,-97.71655743067585,-98.57762239915027,-98.3369603613225,-104.26315976428411,-94.73427218277637,-99.41006815237603,-98.38466009636525,-99.06333618668523,-92.7033721360745,-93.28841173509812,-96.50661921144629,-101.3723072894196,-101.7972534594532,-98.5074217358828,-95.75254365978842,-94.85363510765777,-99.61310138710701,-105.26412153626494,-103.07367714266753,-99.5821045899451,-98.25861049517752,-93.1811450405198,-102.44085097043389,-102.51501167352619,-96.9989887936724,-99.8178096213062,-105.8259314736144,-98.40038473753067,-96.24930664325333,-101.96582543722288,-101.59350079719535,-103.44000003613226,-103.57910245361974,-95.86381402150472,-101.47789514650802,-97.66863435333644,-96.74291072394115,-103.72469711163859,-96.29818729684209,-96.95748902756107,-99.36690816966555
2025-11-02T00:49:40,AP_24_9,2.4,9,wifi,2452.0,0.0,0.0,-104.98679623535847,-99.27275763024,-96.61265007808582,-99.17800761207515,-98.47119261332666,-104.46730414087727,-96.22121404829333,-100.05915492190161,-98.06202599956964,-98.68212269063815,-100.09202354786669,-97.09941817707976,-98.87353876734757,-95.11981597889144,-102.02231900390282,-97.24677052420809,-97.55141540215028,-101.16214451960718,-102.61780994383271,-94.23281518248731,-103.38629692795543,-94.70253234473034,-98.86201313964384,-97.03957517154585,-99.72876220706053,-103.60987974486248,-98.60823097213573,-94.5795509019271,-99.96218532783273,-99.25307951044194,-99.97734090684165,-96.84505658917827,-98.83083916344108,-94.55191357772529,-100.79192432746684,-96.81066572121155,-101.56706007716573,-98.37642572659006,-101.47389078686004,-98.65521297229517,-95.42485525612611,-106.41010690916079,-101.8291554424944,-97.44076518111568,-96.13969517243196,-95.76100180701285,-99.39855545959371,-101.663215382998,-105.23662829304548,-98.79483201838062,-97.78263652112088,-94.39897543355676,-97.86853978183461,-92.95849148123021,-97.11821805272987,-98.78472798546707,-103.33689068765734,-99.52016265271008,-103.52486688854398,-96.11474303444906,-98.9177181804063,-96.7266729888713,-99.62336436086414,-96.55823202906792,-95.58125033063634
2025-11-02T00:49:50,AP_24_9,2.4,9,FHSS,2451.581804826657,19.044334128916255,0.7844060470634795,-54.584645771573186,-98.63568009518707,-98.29691817939694,-94.26791938999072,-96.36358052787925,-96.75030865563222,-98.85933880140861,-99.33955231607352,-94.16398345164727,-92.30473788783306,-98.20135838890474,-102.92407946271913,-98.46490820481236,-95.04145721854107,-93.2174584084212,-96.74988050588892,-100.17370129905662,-98.53341210624468,-97.59819386998007,-97.9918940113876,-96.44452852241132,-97.09993706319557,-93.50352651539569,-99.99915185470682,-97.55214545185497,-91.75508750390645,-99.43238776577938,-99.68679796462013,-89.7353184177424,-95.2062335066682,-94.8254109095164,-99.94709708096559,-100.98426366457821,-101.12324340147235,-104.57655645781267,-94.20973289860135,-105.58281818966,-95.91976071712264,-101.63983030279454,-93.76084328446386,-94.56177655697647,-95.88493071211917,-97.80614723190156,-98.50742149703903,-98.1110829767628,-100.8904885488631,-94.72463244245581,-91.87880479245635,-102.08405966217974,-92.27250713827341,-93.96451287829788,-93.17679660311045,-98.58963810199579,-91.9863546309796,-93.2496974666236,-92.85727914113014,-99.36911824735832,-91.19202789789178,-92.32443205984507,-98.7863998151947,-96.51899731649168,-96.05046569339817,-97.44415473719899,-95.71370715454266,-96.02005512231196
2025-11-02T00:50:00,AP_24_9,2.4,9,Microwave,2466.8992155789833,14.970605416017863,0.7880670547773807,-63.367068588916595,-94.8683624359777,-95.67234857552269,-94.44544218605888,-98.4110398362113,-92.11378118198017,-96.70338842958292,-97.20620876713161,-98.00332086474074,-97.18539585311534,-105.22626602590104,-101.6303482940233,-96.51257787711246,-100.14704706893603,-94.8104431899575,-94.0889387356772,-92.85566259746548,-93.42737063741238,-93.90951651336022,-89.23985418453869,-97.05517132668979,-94.26661247908778,-92.77264946337496,-96.00399659940727,-95.11723153852041,-99.69476455752127,-91.85721521991755,-100.40802006662972,-93.87674265406598,-96.29299803242807,-97.10469037704217,-93.65329952737174,-101.52510398802764,-98.19141993253781,-93.6380544462389,-97.87506711743119,-95.00270028321287,-100.19059176279451,-97.84422152974925,-94.86380508337078,-95.47418690931221,-97.36500491214375,-90.5861429738264,-93.65091529696957,-96.5220840842034,-99.39532294845274,-91.79865151034467,-92.91292257975621,-97.57931853221585,-95.82458153736002,-99.48234492834419,-92.36573256801418,-92.7824256399504,-100.8980086889744,-95.10546173965864,-95.16696596013205,-96.88911861448332,-95.72321426728986,-93.97524770953345,-97.56400149892787,-98.94449708392315,-100.36879619295993,-102.47723934045166,-97.02270633072034,-94.74288083898834
2025-11-02T00:50:10,AP_24_9,2.4,9,ZigBee,2470.99890024598,2.39952980832671,0.5368416586666056,-64.32697781251478,-96.25719562603705,-98.18359171439414,-91.12137703928481,-91.6270379374855,-99.41535787588295,-98.5508802415168,-102.70691813340193,-99.30847293686688,-95.10314856445348,-96.78553656938267,-104.15677145106238,-99.51346953948693,-96.57913582678198,-96.49509031946675,-98.3769533083019,-97.00714684875308,-100.82253609810932,-92.46644865642098,-96.4342658326645,-96.01236185166869,-104.14363261246396,-98.89562229672954,-100.69085143749263,-102.22069356205854,-101.98166697374506,-93.47524842927822,-100.50166813386774,-96.8868666831097,-97.24339688575985,-94.99048909169562,-100.66458689888678,-105.48884616965309,-96.4289768479591,-99.88853705322578,-99.67935503605635,-97.20506434054325,-94.76958931626247,-96.32849318627251,-96.33829539869059,-98.4341625767598,-94.53106450555903,-94.83338095886452,-98.61415260244644,-96.52818079630595,-92.01563188324906,-101.52543698902736,-98.99274825512724,-100.4941364516769,-92.66901303567262,-99.50355057197892,-95.64180458270319,-103.11663696049196,-94.09222312287982,-100.99745728254805,-96.43264688033659,-96.75817202502319,-96.38513925865048,-96.66363722411563,-96.25011068244937,-98.68719128545375,-100.3390193570178,-100.98289959761426,-97.28731989133114,-95.10925040860329
2025-11-02T00:50:20,AP_24_9,2.4,9,BLE,2456.1458169117705,1.6270255836143641,0.760626934330797,-54.51695522499726,-97.04132012105518,-102.80608859343849,-96.53814442765409,-98.3951699102811,-96.9552120742415,-99.50319991271077,-98.77847141707097,-98.38081104037063,-103.40083339746448,-97.73079541197633,-98.99008928935632,-96.38937656136959,-100.29058235930351,-100.68296622689769,-101.63338023097255,-96.98551813626723,-100.59163435270752,-100.82594955332196,-104.44073424480013,-97.77629421190781,-99.30277879171648,-92.73197168998033,-98.42964030355168,-98.17080821567235,-96.68564100615465,-96.25056150112148,-98.23483654160171,-101.39392711674549,-100.10903738097491,-101.63324709543046,-100.49899781582579,-101.82364868028351,-98.38561217351835,-101.5315038558985,-98.89454512564039,-98.27733014602985,-99.93531086343711,-98.52914438400344,-95.69849740618358,-101.0270261176108,-101.6228462372706,-102.02675718640704,-95.92257884079113,-97.22532093986148,-102.45225534130755,-95.01157977761875,-99.963365633074,-100.3835866430822,-105.07839862139652,-102.20079859957114,-97.13982283841585,-99.41215094635061,-102.37831394384813,-99.43658434444487,-97.32617746487693,-100.79162137496064,-93.56190713705863,-96.03580703170391,-95.39826991226558,-98.87127269582089,-97.24340599197058,-98.92266487432485,-101.07697242405241,-97.31627773677614
2025-11-02T00:50:30,AP_24_9,2.4,9,wifi,2452.0,0.0,0.0,-103.79516577443013,-97.42196271894127,-100.14896672409809,-94.86980648795235,-94.35015906932644,-91.5808558676982,-100.36370326337891,-93.02355983349669,-95.83269342697622,-96.28238841180895,-92.86388612558888,-99.97920688957919,-98.45006916484067,-93.33053259917581,-100.26389625886671,-101.25793902471966,-99.65683260997935,-93.5637045963356,-95.07483225321847,-99.61405028883131,-100.0947509355938,-100.60318911106502,-97.83749987496952,-91.67359405354655,-96.90450047333394,-93.15271261604684,-93.18029544815872,-101.46773346512217,-94.07416280406822,-95.7575736023053,-95.17089161431107,-98.10417855086354,-92.66991969650748,-91.64949998576934,-90.5391102926712,-97.34720413706746,-98.29599573892851,-94.92082689401761,-93.99327320691059,-96.32581526183051,-94.26493199430652,-99.24172420676017,-97.4073112553836,-97.52403060575526,-98.78818305344069,-101.44960983829633,-92.19616507817904,-92.86432269935136,-92.41228981178945,-98.34325136375043,-103.96757074128425,-96.0819819794541,-98.45811536534988,-99.82366655608607,-95.37832744809413,-95.60331107310712,-99.07138357246433,-99.20120361489573,-92.97695476346911,-87.84772004045662,-95.32268410064506,-98.67465306900931,-89.00015533975805,-98.31061892266192,-101.81736254927554
2025-11-02T00:50:40,AP_24_9,2.4,9,FHSS,2445.27818221726,17.609446414178755,0.7166912685962048,-66.49546354666464,-91.35346685010988,-95.9033303750719,-94.82609928923695,-95.81437519987679,-100.52263197531987,-100.6141839752108,-92.75446861745567,-94.13039939728705,-100.4203847428151,-94.84180235095576,-97.82666931121744,-93.86072488774562,-95.65996323028926,-91.552651565162,-97.75994922963163,-93.31076830346878,-94.09410596958355,-93.14761318249847,-90.83102396896359,-95.40057466630067,-96.9742584171195,-99.9686061054335,-95.65117019295491,-96.45490223234911,-95.39276460865042,-92.96368265791179,-95.49062420753022,-91.53097628843075,-95.53080753776462,-88.85645419786229,-91.7169051654599,-97.83056868171764,-97.43203002800449,-91.48256200772633,-94.10284389405373,-97.1982763465835,-93.26503906851538,-90.36713628305455,-96.72805071584906,-94.62447271591827,-92.03572864602302,-99.13068502181684,-97.16607156257544,-92.74313102525996,-91.28809304404773,-100.274422074776,-94.96132697575084,-98.94710460449612,-93.6280226388782,-98.6811011635585,-99.3666691906542,-96.58848495867586,-95.81459421904395,-97.45487540869375,-94.39560081725595,-94.52816613069186,-99.75419689184574,-94.4615214345206,-95.9251436839847,-96.23006813500615,-92.83964411415553,-94.41900701880921,-101.27555739491999,-94.34829541011575
2025-11-02T00:50:50,AP_24_9,2.4,9,Microwave,2440.1566168070294,3.272641252251658,0.7552928956277203,-50.42627471158198,-106.03239375293848,-100.5554960678257,-94.66192362885664,-96.15858278843852,-102.23798334518565,-92.7571114078848,-97.13967687049785,-96.08114806319806,-98.54758233266308,-99.9629462177577,-89.09679890451427,-95.25603959098262,-97.76480929827372,-96.11048581193025,-97.58232916770557,-98.57600053812016,-94.8827230495077,-94.23212636211935,-96.07473568461765,-92.55350091256196,-100.94838486483692,-97.60281520533333,-94.48639094383738,-92.58073030921568,-99.72737765492334,-98.30508222906114,-93.86936788251545,-95.8921667049382,-91.36569094500224,-95.9130486946705,-96.97274612941403,-95.20849666076978,-89.73044180866877,-97.25867835132182,-94.20070063368702,-96.74942490266675,-99.03183198963151,-96.07006408911045,-92.65821781637446,-92.21765414337175,-96.11987787867886,-94.38086973746753,-100.34662028738595,-92.85223236090191,-91.72798558990316,-97.84708162246292,-88.38857497572333,-96.61298700660002,-90.65276572536452,-95.31176003194224,-94.82613908130841,-95.74707988130992,-90.64045012778219,-99.60140807926638,-99.38896727825406,-94.79440588289852,-100.63345677483586,-92.28192419622454,-95.444363925261,-94.8878947301202,-97.63756121062546,-95.65521940631756,-97.13397911352762,-95.96890260636368
2025-11-02T00:51:00,AP_24_9,2.4,9,ZigBee,2464.8090973499334,3.386243519134706,0.39386096334449516,-53.02042527379355,-100.70494550624078,-96.55607963029202,-96.55956274108105,-102.03882947711193,-101.41083447300808,-101.9963149381598,-100.3858089873049,-96.69256335043755,-92.13560973314485,-96.84470825609021,-100.51674015973633,-98.80314546280482,-97.71875737789702,-96.67513631716912,-94.0039646138251,-96.45520384181489,-100.32979845840079,-97.0938366927323,-97.26024056013047,-97.93118494377774,-96.96628160446967,-102.7330254347637,-100.09745724218588,-104.0653950323993,-96.994960224046,-95.05659562637764,-96.45530876379576,-103.9609638481402,-100.69331263136237,-102.41556106748024,-95.84713152943817,-105.20508027334307,-95.68197418714674,-101.9214915762839,-101.57923286191499,-101.399664981827,-102.42216753616282,-100.03642334129422,-102.21729962752102,-99.60111232753923,-96.77057579952042,-97.1650238229296,-95.15861292066799,-95.5751539813104,-95.51817857664973,-97.41565954600087,-95.6401620731535,-101.79792112615118,-101.57184676277924,-100.21772639089268,-103.4149870529839,-96.90347521623326,-96.95901859039385,-101.01206387690657,-100.4253736882542,-101.83012336756508,-96.71190913801571,-103.20215352992149,-103.40197875773123,-98.21947087402204,-99.6509787546836,-94.78879890499323,-95.47442082085078,-101.51590571725217
2025-11-02T00:51:10,AP_24_9,2.4,9,BLE,2444.0670977774776,11.627261654548445,0.5121731659301387,-67.7195696998989,-97.54794498510648,-94.1084189210085,-90.59464934137519,-95.91738406263018,-94.5335440049786,-93.85937663070486,-96.48035729825563,-95.3108245183699,-103.51231166409501,-95.8487865432051,-92.595896525936,-95.3552139677519,-93.75414996159658,-97.69507695206931,-95.75619653911264,-97.42798958901358,-96.6358917141648,-96.22662413596711,-94.9502850710447,-98.28087367221045,-93.03234317382292,-98.4536360233746,-93.89278254707486,-97.12461657465238,-93.85839482077907,-93.23505922648718,-94.06729501577412,-96.20714799395928,-98.2646951554129,-97.978091127613,-96.57333617842222,-92.6762651642214,-94.34654689700963,-93.4448337747113,-94.35529054705086,-100.75308914355513,-96.28944925281243,-91.26248658448499,-94.63729407185669,-97.2624844939585,-95.80452154717968,-90.53219938713923,-99.76699414118349,-91.90803311145683,-95.61007678255757,-93.67464474957647,-98.0119980360274,-97.39291042687199,-96.21729457212513,-99.80611574919797,-96.39643760953537,-92.28148795813043,-98.27862236039478,-93.54542048240194,-95.76205373200558,-96.00650661782807,-96.03139300774693,-97.14292681564383,-96.1854956732695,-91.04688260418513,-98.05666605655156,-92.61930211317225,-86.45723505756011,-93.94723101039891
2025-11-02T00:51:20,AP_24_9,2.4,9,wifi,2452.0,0.0,0.0,-104.461823363868,-101.40148890152008,-97.12714498238762,-99.78367863435054,-96.33182532178368,-99.1247907481742,-96.10368229112683,-96.28101345831861,-96.18347913602784,-91.36791306848453,-103.96166562879854,-97.12871776532776,-96.96118911838106,-97.83335721349667,-101.13173317825432,-98.77290681481084,-102.52941334505968,-100.0452889496807,-97.4107225284852,-103.65104803111055,-94.37189171329683,-98.31927463381831,-96.15976638995198,-100.90968330027059,-98.54032488949898,-102.11019752769873,-98.06484506820834,-94.49069660423228,-94.54287846600629,-97.60291170477507,-95.9777296127882,-95.95987216018511,-94.55371360472358,-96.3434213165927,-96.31320052519749,-97.4011110488276,-96.10324563617668,-96.21597785544687,-103.47666069481045,-96.913079852231,-95.54707679795989,-99.94881992263285,-100.15236592947612,-99.02809941957136,-100.08507598667408,-101.18803663931105,-99.479823514579,-97.40807321018944,-95.55565117291175,-101.70612246576431,-98.91008219243993,-94.18372165459022,-101.1443371035185,-94.12035500359904,-97.71720320471047,-101.43494364527263,-101.93337043532298,-97.66993997466663,-96.8129764189905,-101.73406494077156,-100.41296112538757,-101.28832809764283,-97.54432772316686,-97.99366048300878,-96.10260730055342
2025-11-02T00:51:30,AP_24_9,2.4,9,FHSS,2468.8616606580194,18.1789061245399,0.7872843927496036,-67.42014779174508,-94.67303527101079,-95.9026327881761,-91.61436331053278,-95.30467414718231,-99.30381438419693,-95.03576171177782,-94.77486220029772,-94.17772242983384,-91.65864015616762,-96.66189289171068,-99.19005885146323,-95.39617489644898,-102.19277299522633,-94.01585016982494,-98.8870875766093,-97.70775119375894,-99.31516883929923,-97.54259202972726,-100.07011943806317,-96.64616470846723,-90.75319513450854,-97.44261107377056,-95.43895319209925,-98.02774785574897,-100.22498814210985,-96.85335334201226,-96.48922877987842,-98.4590419491362,-91.6027859342538,-96.58242408674187,-94.78592258163646,-94.10077986058408,-91.64738241796192,-97.4207308239075,-98.40198987741574,-99.27504473824963,-96.85414686309907,-98.41355157833962,-95.85565516993816,-93.8007889085731,-100.7682849052313,-94.70978333297967,-95.04096477038466,-98.19749996476965,-96.00914573264893,-94.00978811529987,-96.55934230630979,-92.94774482896845,-97.40941217262522,-91.75110316919519,-94.0546652830848,-92.05829055863774,-98.34105029582996,-96.34422265909869,-94.81259645998443,-98.3465398456251,-94.85931155726502,-100.02033035217137,-92.10583186819633,-98.15290859058051,-97.40021601143239,-96.92264520851379,-98.89729352499556,-96.60020145480829
2025-11-02T00:51:40,AP_24_9,2.4,9,Microwave,2465.3635955046343,16.1277178877016,0.35718741783678987,-64.0152147186167,-97.81415116170528,-88.97766313298231,-98.35017657492266,-95.9597297679069,-90.83821355672312,-93.36019749666488,-94.06819630387747,-97.53269738491366,-93.73603690536105,-96.2840036245311,-100.87916692482142,-97.89960617659428,-94.75043633680734,-98.87568435997406,-101.30560971254826,-94.38194746958956,-97.6832798600119,-100.05521184334819,-95.09269345641928,-95.98586809510331,-100.90626707018546,-96.22374162246655,-95.63293923095331,-101.71022093451984,-97.98951450499507,-99.17044615505812,-99.47232560931056,-100.09836634294062,-99.23407626327486,-95.96494111149836,-97.29392612949134,-95.30547968897147,-97.58388897825336,-91.70058946544378,-102.66464984599871,-91.80833736648746,-91.39235606720393,-95.75393890103888,-96.44363529737937,-97.29053109925367,-99.12242192512478,-95.98707602946436,-97.23129747937276,-93.9191769768958,-98.13525184808795,-94.05053202062223,-96.73080255626505,-96.24985109791646,-96.69982959350845,-100.23858680781602,-99.06056705926468,-98.03792740864166,-98.6430808373951,-98.84066936535314,-95.06175077274699,-95.84192375144613,-98.59573736410012,-94.15217827750199,-97.02859016041558,-95.52124742941956,-97.43518546405912,-94.3583875370564,-90.55885584178937,-97.47902962184826
2025-11-02T00:51:50,AP_24_9,2.4,9,ZigBee,2447.393747782465,19.69602599628691,0.42810201396539527,-64.0567943621896,-94.97412030126486,-93.95680177102369,-99.76290074934812,-103.84984490879354,-98.12716872588975,-97.40736275623735,-97.03145734604962,-99.02110950601151,-99.11171024292982,-93.15677743690557,-98.41908393125387,-96.53041811604258,-101.6433907133362,-100.0584032125002,-98.28306030159376,-100.11429024261197,-97.93999891656752,-97.54067828431228,-98.93426278901137,-96.52669888001685,-93.69101624482924,-100.06004402030104,-97.09892551923532,-100.65314829815544,-96.35399630062292,-101.40369687342027,-101.03484435271585,-95.11397245552344,-98.83213305183556,-97.09241011411312,-92.48496758452494,-97.74777982117357,-99.49563252964143,-100.53735117055903,-97.08581653186265,-101.2498424713544,-101.44948701193132,-99.23829343307374,-100.28887318507778,-95.97993046938171,-94.110864416968,-97.97911320863821,-99.99661318877008,-93.74400666427844,-102.04011604305848,-98.06619039490292,-94.58702982198508,-98.29323970565754,-95.65826453057232,-92.24501181698598,-99.46394550337367,-98.63620975913571,-96.82784995684821,-102.1291635148986,-94.59088168490469,-94.92952629554551,-97.41063616367592,-98.03991281705738,-92.69783064157512,-92.38293260287212,-95.54399792751691,-96.73147319705664,-102.72567191030173,-97.54123042708594
2025-11-02T00:52:00,AP_24_9,2.4,9,BLE,2439.889354070343,15.644698427341883,0.6899392347284173,-71.93040712186374,-93.18043972373995,-96.22119369064154,-90.70174567877254,-101.60971982273341,-103.08338453535617,-95.46233020914636,-97.15294525553632,-95.19875759399346,-95.51677191961309,-97.90108112732536,-94.5828971844352,-92.16410650314495,-100.02693294002351,-98.73878343101794,-96.48210854435513,-96.02260705907159,-96.69826032197305,-98.55422393360968,-98.25137105928471,-97.97207282130395,-93.53056672350843,-94.9587638834063,-94.69621749412606,-92.61984678024376,-97.32832308440719,-97.15919831276182,-87.35153492076277,-98.77148454440528,-98.56149464005321,-102.02021149425975,-92.92879658999885,-95.39519301389382,-95.62097419316058,-95.08780443320937,-105.6734106314434,-97.67332646080433,-94.79426408129612,-103.01668010219763,-98.13362726974603,-93.92319472020036,-99.42054535274495,-95.42290377023495,-93.36515221054898,-95.27117943168014,-99.59230186735734,-96.97884858678462,-95.1936377400015,-90.63015880576376,-95.93619975389849,-91.67455163592793,-95.44899203876861,-96.17698622465109,-99.50951798833573,-95.22591174615026,-98.66609255248844,-93.72888406495558,-94.0457822667245,-102.160960036973,-100.52869896481752,-86.94989823241383,-103.18491118519823,-95.98344238269334,-93.33800664486559,-98.37708798744228
2025-11-02T00:52:10,AP_24_9,2.4,9,wifi,2452.0,0.0,0.0,-102.92970764225127,-97.7106649239353,-97.6800638534395,-100.9964981276721,-96.03770304859607,-95.71112446534661,-95.23092421436398,-98.16416627861501,-93.10483537723132,-96.12160417010561,-94.74010317610208,-97.93847875120046,-91.13771629943315,-97.05653397222434,-97.55048691621123,-100.84056428670095,-94.13568612708131,-99.0569675631591,-91.79114717679141,-92.75414772336177,-97.83650113056053,-93.36384326627248,-94.03042535897148,-95.44886842003874,-95.18912973306868,-98.72663127750809,-95.38418675745953,-96.39406612459126,-92.13477555448974,-93.22536999036497,-95.80661987734568,-88.10007791319518,-97.33514469801048,-92.62006498627538,-99.05674384208284,-95.91756926195254,-94.77494702967545,-93.29232146959626,-97.33567899220796,-96.60253489908837,-93.57283502894704,-97.03608630906619,-97.66011577592572,-92.60418861155895,-91.58900007743381,-94.53314638661736,-93.95018126310747,-97.06194876437688,-93.20574844715281,-98.33729102403464,-92.65793004693548,-96.43892353546194,-94.93427534351027,-93.78444179595506,-92.25244722144686,-93.00094168235272,-93.84945600572752,-96.07924386130681,-93.04106583283958,-98.5708113858948,-98.61804811015733,-96.53022279909986,-98.67597012569871,-101.83575425990844,-99.72337410761138
2025-11-02T00:52:20,AP_24_9,2.4,9,FHSS,2457.6941734342195,19.70034598704833,0.7711250373750844,-56.642533783436335,-99.57174678719483,-101.36407868591107,-93.3978195116614,-94.21803045808069,-101.44786810515384,-97.06343641317571,-98.44940405355956,-94.24210911762485,-95.05804146138976,-93.88501685922526,-92.92876188380295,-97.89403033801895,-99.81495503063779,-103.46566310268656,-101.36816333409442,-97.96475411061525,-101.0707263527304,-98.75810477323046,-95.30533307487802,-90.60061969321397,-97.65114015410211,-94.9654735345126,-97.18778387059797,-98.66429777844189,-94.71082746104436,-106.3728936511989,-98.44183680394075,-98.57007270267684,-94.63157639977067,-101.91092919783578,-92.87227330610709,-97.672998376834,-96.31188572735475,-99.6745188731174,-96.73496134623765,-99.51523888404648,-98.52423963990351,-97.87222319972734,-103.65375987577318,-95.5944704443776,-100.85971403865751,-98.6987350941229,-100.1077082920426,-91.69561465733021,-95.32373241848649,-92.42217396067281,-93.89952024593516,-94.41074265622306,-97.14113646098238,-95.78110905737859,-98.14076366703374,-98.90048476726871,-89.41724682963122,-92.57502901744579,-97.84923797423782,-90.09801280316168,-93.88313255958516,-91.50293784137175,-96.27879138616571,-97.571135823737,-95.76816281747344,-93.77653662817745,-102.11922665633902,-98.53460607084764
2025-11-02T00:52:30,AP_24_9,2.4,9,Microwave,2454.5547929518166,12.65797476270287,0.5718571747493316,-61.105020339245044,-97.02207213571211,-93.56807984242694,-99.50503418396775,-97.60795982671947,-103.84540025136603,-106.8285395591589,-99.83912265181013,-101.34438551061899,-98.75133234192243,-97.00507472514037,-98.73996522361749,-99.32533862966031,-97.39317990835963,-99.44164681669005,-89.85583498054983,-97.27731924175852,-89.1849943751952,-99.14103819843365,-99.73692000629802,-100.85511988156098,-95.32995202024169,-98.36163325329582,-100.2582457290411,-95.72754147309355,-93.230570572423,-96.54229176630776,-101.59240638994191,-97.48184614072807,-101.78902908929678,-96.4230424260994,-98.60584462137784,-97.75281218830442,-95.73242733784083,-96.86884148885908,-99.63722974648161,-99.88101353529098,-102.75012545481817,-97.668251437425,-100.03548839723142,-95.72490326829511,-106.58164621031213,-97.95539241909391,-103.25463478732408,-97.17144918942283,-99.00694987960661,-97.61789082518315,-101.13614082867844,-97.2972654296697,-100.30800994305461,-97.60038299869186,-98.5925153800381,-99.25973403851297,-98.52142151730322,-97.12889600276,-97.41446161895824,-98.93189526089041,-98.82043737497668,-94.35698274737393,-95.51236111742716,-96.157701591956,-99.65897566453607,-101.0392512084003,-98.61980321594459,-96.58283610122535
2025-11-02T00:52:40,AP_24_9,2.4,9,ZigBee,2449.349911795656,4.371214407167338,0.22811468489847034,-70.51705561525924,-101.03646885710647,-96.71110326020619,-98.15612810559371,-97.49508376325139,-92.64954343627934,-102.42820708342745,-97.95663418282037,-98.76155869664814,-98.1246741518338,-95.3366818495252,-97.81531667244334,-101.3415446860338,-101.14012374519972,-100.96875967123133,-98.17711592219835,-94.23373939377865,-101.71312234889815,-98.05573353542856,-99.10974015048588,-100.46951056862348,-102.56843684573812,-102.12063871556295,-95.18535053044239,-101.64404177978543,-99.87452956595162,-96.53456491832327,-103.2027302130925,-101.58111597551844,-102.0575957990345,-101.54154806746104,-103.13849440503742,-98.9879912017484,-98.6300273564624,-99.93996134794843,-93.79202397390289,-97.30573684202449,-94.71007712543293,-101.03195393017295,-99.24744195771379,-95.22060651323724,-95.1922710404674,-93.07985551665561,-102.29838431360447,-103.86168546582121,-97.65841853933149,-99.90119892565549,-101.00204870066527,-98.42458472860137,-96.44921919577759,-97.67881134557018,-101.44754067966198,-95.82246245264362,-95.42339017234174,-99.14313533369128,-100.29220693284446,-98.78816853751933,-103.26309738728483,-102.45574754229793,-102.95626630447825,-97.63594123099138,-95.52583050728234,-99.54238027851072,-102.99040931018203,-96.87704496435538
2025-11-02T00:52:50,AP_24_9,2.4,9,BLE,2443.1444392705703,10.564947706963977,0.7958573858516422,-70.02008023298818,-100.03798435019552,-96.68413532777815,-94.1703183398479,-96.75963120837855,-89.4757824958062,-93.94926098213006,-95.37258187638389,-96.7778224396036,-90.81781227073726,-95.2888705947736,-94.79775571459872,-100.02756338152214,-92.34101328331748,-97.53364114993236,-99.99555857017288,-98.76246387885047,-99.85755844749501,-93.83795470323815,-94.36082797373696,-97.20882556996158,-96.26135142146899,-97.25492163700333,-98.9154493123106,-93.08215994508227,-93.53784272723905,-95.26932569471593,-94.79968704752852,-102.27072912174951,-94.58337172895963,-93.27713758279066,-97.21313749779178,-93.23007992363071,-90.76563828094679,-94.15768444407745,-100.26689733249765,-95.87214434491041,-90.77082229932117,-98.9498945645597,-99.2643787002323,-95.35512819420923,-91.20009315029635,-97.76796078421087,-96.37349208159698,-97.98961291133737,-94.82786446019493,-92.34846165290925,-94.49019877520091,-92.8074664385045,-92.62127608085574,-95.3761926717072,-97.78207250207024,-96.80053919062213,-98.00200675915627,-89.9214035193016,-95.07535849316359,-91.72652639428166,-97.02660527385386,-93.79204785928536,-98.13341838449493,-90.51239267256295,-94.27207912393106,-98.35963102639161,-90.10895285346453,-90.55950694558658
2025-11-02T00:53:00,AP_24_9,2.4,9,wifi,2452.0,0.0,0.0,-104.43642061625401,-101.34145471165677,-98.5260022907887,-97.73753585697126,-99.41050202930502,-97.62950427837264,-98.34282522267354,-99.27238629871722,-99.10452448825352,-95.2083047981441,-92.39032041306838,-98.55923509796065,-96.69258081491455,-94.75060787057504,-94.95393419636007,-93.65373734015262,-99.88127440980492,-93.90129746096248,-102.76885613193345,-95.2953096805102,-94.71433170660627,-96.48169602771397,-104.56916242232131,-102.05994380098828,-95.47559788649184,-100.88234275282214,-95.57096570917474,-98.48392693029497,-101.90625741738633,-101.77078578711169,-93.99297250288382,-95.43346409681142,-98.29334493214701,-97.97806904596607,-100.99415129680455,-93.9617852207251,-99.51160671075179,-97.81227107853348,-100.85943774607848,-103.2446257556318,-95.06706550252888,-101.50560474775327,-93.66296897621167,-91.27905122854034,-99.1406030841457,-93.55728829269381,-101.94329445755639,-95.76804586549724,-93.99309651122516,-96.18426792993087,-98.36854144585558,-93.62889540372235,-97.25118264570864,-97.21017686333296,-94.32519368130839,-94.84956370471897,-98.52873334851938,-93.51830498404183,-96.59961977440977,-98.88321502296144,-98.05019443486029,-99.2837676117597,-95.87298451345592,-99.31806577265446,-97.44266377182034
2025-11-02T00:53:10,AP_24_9,2.4,9,FHSS,2445.044340831518,10.348537611519392,0.27732285389252975,-53.689036557735605,-95.30265817356207,-94.3417162312116,-99.19914890853987,-95.86071552979504,-97.0749841444159,-97.39511542749972,-91.66994039814932,-95.2487939274981,-89.641709454651,-95.34159271961431,-99.29250293478665,-94.59757757445217,-97.34074554169561,-99.04719434364675,-99.57418442982939,-95.80581148236486,-95.56017717692387,-95.58192651178688,-91.03249222668157,-97.51027869609517,-93.95504322459416,-98.56335330616201,-91.7337866600148,-94.21463859485128,-95.79535427063492,-98.40420703352419,-95.59495488927382,-100.52649093960001,-90.33258123804423,-91.82972719503593,-103.19703771598239,-94.39037181449872,-93.93120991745289,-96.27257657355543,-99.07274462031184,-97.61103708793027,-97.21111768522981,-95.1385538694851,-90.69065920597308,-97.45460553389353,-91.8648176531905,-92.04806563547695,-93.49206516899581,-89.10936079724547,-96.45595303099799,-97.49163774139672,-95.5858410407427,-92.91348890953552,-94.17770713340741,-97.60481852108796,-95.72598128555747,-97.04415536531428,-100.65790358716201,-91.3689889579791,-93.94373946386337,-96.68190092308664,-97.09260489763929,-96.54631208068545,-95.415571146681,-99.22810016102754,-92.73020522953013,-91.68761596334413,-97.75871901731291,-96.69129480161298
2025-11-02T00:53:20,AP_24_9,2.4,9,Microwave,2471.0151257015173,7.884613499236684,0.5240943663496687,-71.35353971164861,-103.3195852737545,-101.16233871337005,-101.50043641478608,-99.37115859949121,-97.640694898636,-96.44517274972938,-97.07853244166925,-95.74229222672565,-98.43497734916532,-96.18809540113013,-101.86591558896308,-98.64541980651254,-103.20572326318094,-93.79071079283318,-105.51850828372785,-101.5918131279551,-95.67420208689944,-102.41492789417089,-97.17674248717549,-98.88648687463831,-94.56714965734993,-97.95620349596406,-99.24206507952204,-101.57075193564454,-98.5637392220681,-101.81478399055788,-93.8153905452548,-93.15545689218229,-105.22775120168627,-96.50280491556124,-97.71421942229252,-99.75974023193783,-97.55479472678276,-95.49206159349008,-98.02695709936225,-103.01024061845531,-102.45358869617289,-97.17520553373912,-93.2147727074665,-94.71222171102605,-100.67552025149138,-94.40744746946523,-98.64965497088075,-100.44234321755229,-100.97563196469247,-104.49378602564978,-100.82010645026284,-102.48945758016558,-98.44148429463084,-98.38148307833103,-96.48992904337213,-98.43522826471148,-100.17927031911637,-100.84048099141552,-100.52016172982289,-92.24597440968418,-96.35528091840415,-101.20401460473525,-101.14767130414066,-102.40499006629939,-101.78514029046362,-101.14163960206541,-99.76815723680642,-93.9516549717205
2025-11-02T00:53:30,AP_24_9,2.4,9,ZigBee,2462.1339110905465,12.31998857804032,0.34141394332040653,-56.98750635425429,-94.82910027320423,-101.12877857910244,-99.58574634507572,-95.70444186458973,-95.59201538706175,-91.64630852760467,-94.33015275957311,-93.12374419788216,-92.39017407745608,-95.11051188789683,-94.86137837431602,-99.88048333328507,-96.14741813710685,-96.01582568510263,-98.30004701362513,-94.89712279967533,-94.11399171141488,-96.81176696843158,-96.10765877557475,-94.67553493545326,-96.91904167882593,-102.08705972386227,-88.98369277938637,-101.24447137308334,-93.74411822369582,-98.03780535317816,-99.24584654018759,-98.24932386129328,-96.55513848864712,-103.03907376165286,-100.02534186046567,-97.22766350097518,-94.44992776036862,-98.88976724109388,-97.36959579562945,-95.23038918471637,-99.15931880135189,-92.88741779655855,-94.88224900793085,-97.43794520292415,-99.86070151307001,-100.13129633218855,-94.931114592034,-102.18059834239091,-95.8391651283209,-98.00516288814359,-92.88015404173971,-100.43182246138554,-96.25325679750613,-95.7975706587989,-90.3219321362103,-98.86592124419712,-98.73156991553708,-95.40029492170078,-95.92346133780514,-99.55951948560423,-101.2096845885458,-95.28369918258167,-99.57385066020696,-100.46703845119637,-95.58648419122237,-95.83086464140104,-91.43965325387987,-93.30795339465323
2025-11-02T00:53:40,AP_24_9,2.4,9,BLE,2457.3373516232878,12.608598725860919,0.20664103546588924,-53.64303729722904,-94.54884095622431,-94.38715217389,-93.31485040828913,-90.88479245266505,-97.28740457681764,-96.99600541598585,-98.8345191043028,-97.73909410729509,-91.52758706637597,-95.84586548022737,-92.94553506985936,-92.23866590331072,-96.05321546942982,-96.74863418453612,-98.38506573610515,-94.61934325112314,-93.07577347038533,-98.12313500495759,-95.5393717326525,-92.39235371012346,-100.10706752236636,-93.41582930669601,-103.71657743897174,-98.47714378769457,-98.36903929929784,-94.20194499150224,-97.13751572119084,-92.94559455624942,-101.9765468484265,-98.32936754811693,-101.9927196003832,-97.86879338195594,-93.50152008438491,-91.62131743093359,-97.17229441214117,-96.38201451317002,-93.26034934980994,-95.81977560535908,-93.65011563322324,-98.64288023308512,-104.15447733887109,-94.17245058094618,-96.89882074559546,-97.32579568136083,-93.53857911551788,-102.20191601803009,-100.31083620054883,-97.56660729005183,-98.59007266032839,-92.92275692143448,-96.79151853465194,-99.98372646687335,-93.91568001189557,-98.75842564671893,-95.88234071035376,-98.53427360562779,-97.19310506746515,-94.26439533797807,-97.09174307283632,-94.07931358194762,-92.14606421383816,-103.80774178191517,-98.71297146494199,-98.35947185530745
2025-11-02T00:53:50,AP_24_9,2.4,9,wifi,2452.0,0.0,0.0,-102.93508082853914,-92.8060348105721,-90.46473857402312,-90.43232264003389,-99.11850466670097,-91.61769902096825,-100.64679906021894,-98.63058338224702,-92.40865993830022,-96.64317514374025,-98.59328496410677,-96.90448534613311,-101.5205977941681,-93.35308883014763,-99.323218682839,-99.26887945080529,-97.04741066722725,-99.0820451853143,-96.31847081415371,-93.65286444022674,-95.74104745946359,-93.38189424270347,-94.72271663200227,-93.28262749497986,-97.77472969723335,-89.65798972576466,-97.5314210397949,-95.54375614733809,-93.66897753055319,-101.06258712771637,-95.22073735994162,-95.91999615506617,-103.2624223485498,-98.13764989385585,-94.25421941157455,-96.93203375236988,-95.28740719129861,-98.02485161749149,-97.34556763469973,-91.9029148318038,-96.17079322457522,-95.91992684470239,-95.186667404999,-92.27681267634459,-97.29692091133376,-92.79142865461067,-101.9832315367039,-98.9413548966555,-98.40024681350383,-91.41873115342275,-97.56467250527288,-96.80895507063713,-92.12680932611167,-93.35164477321582,-92.42896760857577,-96.95285693357346,-95.22942408298884,-93.24555964495055,-105.23087799103958,-93.83439603652415,-97.7292559038071,-94.84843689576537,-99.97083074960244,-93.95533244676929,-96.16848754551476
2025-11-02T00:54:00,AP_24_9,2.4,9,FHSS,2437.777766707014,17.569487211745393,0.26672756790069607,-68.94897514688846,-98.52938926716143,-90.11016735495284,-96.7945361538074,-92.88676037477174,-96.78928400696995,-98.09072736504666,-98.41409110927864,-96.911602944228,-93.89415057308005,-96.50793992489677,-91.73373482085937,-88.8565677547183,-96.53603421727784,-92.91445350255626,-91.61428432405017,-100.14334814711131,-94.08152813597204,-91.3295712624964,-90.68464883128067,-95.18722663686074,-96.37989356851295,-97.56715191659382,-93.03347440962732,-98.78475778772213,-95.39286622172241,-98.29858751850966,-90.98007877087147,-98.53490277418558,-99.56230785447082,-95.155238628561,-92.61603935357256,-93.17679138397989,-92.5245286722075,-95.04977686839426,-93.55906560871942,-94.97878031266599,-96.02291827451691,-99.29993628457913,-94.59794396610062,-97.50726763655693,-95.15244765376211,-94.06310008096688,-96.43177160101406,-93.38317468474422,-92.01708018351275,-91.86288454969213,-95.07783399579095,-97.33343925297127,-96.77245879321964,-93.4126874599406,-94.59532597255956,-94.3936076090973,-94.81049400322549,-97.67303868980245,-95.89563400316118,-99.56680775937386,-97.64152500506896,-93.4304396578044,-101.53779895680303,-92.90923367844215,-97.42816785478036,-92.5560442748697,-96.23125373425897,-97.06136753441908
2025-11-02T00:54:10,AP_24_9,2.4,9,Microwave,2433.4194268007655,3.1918594184813216,0.2763836020790415,-57.44985722004658,-92.63636666968978,-94.70868199146318,-95.4026961265306,-92.69073546640792,-93.98062301975732,-95.62036238618695,-101.19587274903374,-103.96248601606983,-97.58229048464817,-109.39555314192907,-104.83854670010255,-101.8316874791645,-100.43459904704333,-95.90722406174,-98.27025266632839,-95.977033625542,-95.6600638310923,-98.69150666824741,-99.23905981935569,-104.72677375376352,-94.79393616825527,-96.31695242550876,-96.38602575009658,-99.95565813741923,-97.52186334145868,-98.72635762608229,-100.40864021332214,-98.34811676695608,-97.07496514752313,-100.85922164918858,-97.1844502537028,-101.28729264072156,-103.2002250891253,-96.20037969035873,-97.9070615573696,-97.13743373201004,-99.8497033714272,-103.17371803126008,-102.36957207422506,-98.75867180323317,-94.56504978297872,-99.26634685598242,-93.17964456345645,-93.03961145612905,-99.810140561341,-95.46740117905026,-100.84763708396251,-98.74660358147788,-94.80194073316112,-102.09061898498507,-102.9060789853774,-100.64721450116433,-98.33078444608431,-96.58979762256342,-99.40905442021351,-99.30874231624121,-100.24895072611729,-101.40942682717284,-102.07536995238038,-99.09100252631514,-101.43585369860455,-95.50697025193315,-99.86084505630781,-92.38169253419112
2025-11-02T00:54:20,AP_24_9,2.4,9,ZigBee,2432.5019972032255,4.72965696505532,0.2877517486536805,-62.80570985826775,-100.58077925075077,-98.39389133840855,-97.10719990894899,-96.21794757028945,-98.59327288781124,-99.44311147163913,-98.21774433711458,-102.984118057324,-98.030668922855,-101.2735670239607,-100.82432679151802,-100.23662738310014,-93.41845201691905,-101.36768815129186,-101.11111035368212,-102.00962409564362,-101.50404497200215,-104.96505954363045,-96.21960144296735,-100.94112643808496,-95.78716793024302,-101.44227518824397,-100.47950355079041,-95.39187940163123,-97.12951303895746,-98.83090235318699,-104.50034941634644,-98.71526584236793,-96.39032962159682,-97.30153060363695,-100.2709093233393,-102.08101477420811,-99.78102036149893,-100.87713715774066,-99.2203541601856,-97.11631185012143,-96.11391919135279,-99.57140391060499,-98.38163222896812,-95.6077491568405,-102.5674985093393,-100.39902576130231,-99.50111720272973,-95.83695540823196,-98.72923398120749,-99.8030147692145,-97.43268216684191,-99.92835876815894,-93.49620990220905,-105.25493834629093,-99.44439915110212,-104.22966951911908,-99.56738257469249,-100.65930832908467,-100.82134998944109,-101.38286245437169,-101.47949828305606,-100.13675466110548,-99.63713715736964,-102.64631726679504,-98.84233550599372,-93.92769734980271,-96.97661583879425,-100.61609100862408
2025-11-02T00:54:30,AP_24_9,2.4,9,BLE,2470.333816362219,18.501081119624388,0.3948615693171943,-55.255830259473996,-98.56465271237298,-94.4420827860026,-94.7777606234895,-97.7416964504141,-101.65405656558063,-93.02818444325524,-97.10438213640333,-102.35607012295551,-96.32023595383005,-97.90827992944531,-99.92430927127273,-97.62135117670857,-93.2242050922059,-99.1835779197473,-95.91973713824558,-99.34436138763047,-94.51538628920221,-99.08278298610918,-96.73240154484691,-99.53204813977928,-97.89480350352356,-99.5628797715551,-99.89370953303518,-102.17273677285537,-98.80864639738347,-96.57851186514702,-98.4745012712683,-96.65349838224559,-99.21242095934102,-94.36287214508693,-101.0538337042574,-95.94269375757332,-99.8641897576551,-97.5193980874305,-96.66258655155772,-98.99925964002917,-99.272858670269,-96.40107854372482,-103.03308053969688,-93.20250332832498,-93.61618616421669,-99.17629719546572,-97.01104410150572,-94.96941173398133,-97.17728071393867,-95.20997630000413,-96.71738402309704,-100.43958968967476,-91.5533930659669,-95.6967651771417,-89.15225855420384,-99.86921993173793,-98.04954655600271,-99.70858901836151,-95.01617871679552,-97.19274769963587,-92.44432467775533,-98.86645445092601,-92.56516106383586,-96.71932053718615,-93.34581799285723,-98.54469699147876,-95.3854990794952,-92.86900528424071
2025-11-02T00:54:40,AP_24_9,2.4,9,wifi,2452.0,0.0,0.0,-105.27435342364532,-101.87275216127195,-101.13147412901165,-94.33692250914561,-99.76225525926753,-96.02786514662687,-99.93795021235994,-98.79380733657588,-100.18645954648579,-96.29288988403673,-104.51616870534153,-97.3801086151581,-94.12691644466484,-100.9809159177775,-100.03486816392066,-98.59226469904817,-97.9954247683248,-100.07196159704127,-99.02091388985517,-93.5480471169,-95.43527741912624,-102.3390949812129,-97.86962374291362,-95.57162679529182,-99.68267462911459,-97.04971269605335,-97.13231596683731,-101.37802148625461,-100.57351035530255,-98.48632577651544,-96.31904262182607,-97.82960691176523,-104.3471705473566,-99.11383101242616,-97.84281606442433,-99.82993206075044,-98.21280041752364,-97.58848550426885,-102.93315735107507,-96.61775797665446,-98.47927522080072,-99.19244941134964,-98.40916734845827,-94.89910888724386,-94.54002888984016,-100.81605491541654,-99.245656319334,-101.24993751981974,-100.9503141123946,-104.68982037034341,-103.43430396165346,-96.17375051920713,-99.36364428563273,-100.82073365259329,-92.03365510155675,-97.8982680192874,-96.47071974110482,-99.32991253120827,-102.29169970205763,-102.48813424069793,-101.7022972912729,-105.06969689738818,-100.3630651543165,-96.02251061541611,-96.77932232268684
2025-11-02T00:54:50,AP_24_9,2.4,9,FHSS,2434.9478694610675,15.307755704962673,0.3365618204773858,-68.0765855275488,-94.94893787213074,-98.30526931874205,-98.09168974258172,-99.32309227221195,-100.54638156169005,-98.46589756598776,-98.37968831950184,-101.47394843151595,-98.95844096952585,-97.88670517861794,-97.19535697310717,-93.97141515441773,-96.59405444295072,-98.1577593179231,-96.2374570381344,-95.15081262035235,-96.16679750496534,-96.3725235975049,-98.51753034981182,-94.17783669483713,-99.77589906422759,-96.08571777650101,-93.49348176634095,-96.82597568194127,-92.8197789507145,-96.96683748576967,-93.36581081045095,-96.47934866857194,-98.96618955724173,-96.3240628212715,-96.93281370942049,-96.94851681599684,-94.7167050373201,-98.32794262017887,-95.24835869621853,-101.68653810342784,-92.42028010684247,-95.44526810736092,-94.61061442685146,-104.1781446456082,-97.23585156683998,-99.05672051406151,-96.56672238441156,-94.81472164126454,-97.5131004135783,-98.10500422589485,-97.63961531134552,-96.71993301162998,-92.15231186602948,-96.89360065881013,-99.25782400601457,-98.5627227236084,-97.77960307633974,-98.50609546295743,-98.02130630654982,-97.93119242302072,-96.21777323532584,-95.50031597043261,-98.06926447874616,-97.89234966675237,-100.60577014454645,-92.57176077826004,-91.5192222184287,-100.90044798385304
2025-11-02T00:55:00,AP_24_9,2.4,9,Microwave,2440.7057892692806,3.0721381052138876,0.5618376353318948,-69.33487332435837,-99.1503202947832,-96.78302502748895,-95.37619458003847,-98.23545325747119,-99.22306737664012,-101.77486622039385,-96.98911734528377,-98.66456293726853,-104.48167847338584,-96.44895909748543,-101.49709730708601,-91.96394739473706,-93.55111005448148,-91.74064188813243,-104.33359808413417,-97.43626212105448,-100.49865604014671,-100.84317326674504,-99.20227212890171,-99.04320905124636,-104.98995631767198,-101.04159554312098,-100.70843230414854,-100.46979322165957,-101.01545495183923,-101.95824333406854,-102.75407896408039,-97.87687379034338,-102.59897406679988,-101.68526215457773,-99.47200924299158,-98.60563867482114,-97.5178391201824,-96.18254328403845,-97.75673063760426,-96.60235071011823,-102.20350705690011,-104.74256386591078,-99.05109939416046,-98.64684856110772,-95.70082076480742,-96.27146312769125,-101.1725738873576,-101.9476804579667,-96.64640750969421,-97.65562998608814,-100.09249667273899,-99.60432718026308,-96.924433748593,-98.43235408860859,-100.39794436086437,-99.38847648682062,-107.08819335258171,-97.33070950282993,-104.02206913052736,-102.37852699745923,-99.46715478912127,-98.80036395655895,-97.51124610912973,-99.81298182664521,-100.31970753631701,-103.18306112928514,-95.4529368625924,-98.16855139880631
2025-11-02T00:55:10,AP_24_9,2.4,9,ZigBee,2454.551770816376,2.221988427527994,0.456088940880218,-69.97556750828248,-98.70054693413553,-94.60647262746083,-93.00804090479512,-97.16111815530354,-99.02982064433932,-99.64095237089066,-91.13422551655714,-92.30560791233849,-96.44465393699878,-94.92080682039087,-96.70085461224697,-100.55820568239392,-95.86532377790557,-98.99335788528738,-95.542400249396,-97.51439937122393,-98.24689583400392,-95.45569411867554,-93.75021867666739,-95.93725842473145,-94.19539588336534,-92.7206038490403,-100.10602643075948,-97.09830666987949,-91.81936574310299,-99.06263197405724,-92.5418939654127,-92.83837985032457,-97.36488641696877,-94.83071273664756,-100.85321002034182,-91.62860365675684,-96.72023832814821,-97.82390471565209,-97.41607863984173,-95.3655635165544,-96.28825702498503,-93.52806314733749,-101.88127624743129,-99.01056959637164,-99.99054973740284,-96.05524259788618,-96.04602401588386,-98.9635653016919,-98.77894457600804,-94.9391135164003,-100.71833772895678,-90.85423119311231,-100.6899217519159,-96.54070227777098,-96.20201560329178,-98.61729115481398,-98.6214022891205,-101.48711837912276,-94.7726509432489,-94.91102361180467,-101.40326724191182,-98.0112891957077,-92.72005562462061,-92.49616516558689,-96.29159408230045,-96.18586027901071,-91.13778581925712,-100.71022038613712
2025-11-02T00:55:20,AP_24_9,2.4,9,BLE,2439.732977673385,19.42564377634932,0.41980109847261404,-56.08388008807808,-100.62871056688252,-97.62339761780461,-101.25891254445013,-99.09415166690772,-94.92709355105433,-104.59901691618222,-103.29178258001244,-98.93938824971794,-98.3718776370274,-95.25147530976392,-95.77535149843627,-103.6762016452968,-101.2762793282642,-102.2223137728387,-96.89914538172056,-96.2198281303957,-101.21339840108831,-96.27436321749553,-100.83248566516642,-98.48988832307295,-102.48132426459539,-100.73117500507944,-97.35791618665114,-99.0275577581849,-97.28369978941636,-100.90464842160524,-104.6524032817405,-98.74693740583041,-97.86578762567818,-97.9750783137922,-99.67111843161857,-93.78460439482447,-104.536283079261,-99.27377060952865,-101.30494686924114,-103.73898097473844,-97.11756081666769,-95.52600889333931,-100.37796908169737,-102.08381357605548,-100.99728117086688,-97.78511856091252,-100.1054727586668,-98.91190945992348,-99.74423012808059,-102.05388499732331,-99.70756586934544,-102.8536341946018,-102.21880312915243,-100.51315561253541,-99.32318557608309,-99.4086483147327,-101.97500323447001,-103.2605505139075,-104.62906581416205,-95.84550439768054,-100.97534144127926,-96.8436909961344,-99.9134693141961,-97.92883869480684,-100.54292976408196,-98.10402740490694,-106.97717526471808,-96.0499103324989
2025-11-02T00:55:30,AP_24_9,2.4,9,wifi,2452.0,0.0,0.0,-103.96131701002706,-100.37524788298003,-92.4298695762356,-92.63999322416703,-96.47845902555764,-95.66850441318826,-95.94881569427409,-94.45058160832336,-98.94199242631117,-103.40405118354255,-96.67170001354862,-92.21298666684133,-94.08556560875472,-97.88111848352361,-95.7979152302453,-93.44118636450708,-96.63166609197971,-99.53998453358986,-98.84667646703002,-99.0362347495192,-97.36479412444031,-102.2278222461685,-97.94716225203214,-96.97164816953699,-97.39949183400488,-102.23603949329805,-92.8571477921718,-99.16900460487427,-95.46552515658017,-94.87377411319228,-97.71876732345805,-95.83576894541238,-95.74701853357092,-103.27746148939414,-94.71088885492183,-97.47929017339442,-99.00734411474814,-102.78090670180359,-96.13291417464482,-98.85398829962716,-92.20287517805276,-95.02019993482658,-99.26949383229359,-94.89993527197696,-94.47466246403944,-90.25494595343842,-99.59906986165151,-98.22683052083102,-91.97415421859995,-98.29691154075074,-97.1360283401109,-95.99538180233529,-99.09384703151373,-98.29727426767174,-93.40682483824621,-96.69598308083188,-98.49492018109214,-103.91611917914813,-97.22760043344392,-93.1585531292337,-101.49938223454043,-97.95171519709443,-96.40934052873388,-98.50827372602559,-96.46198175784308
2025-11-02T00:55:40,AP_24_9,2.4,9,FHSS,2464.4856494459304,19.305596153959424,0.4159013348630359,-62.245038940362754,-95.6829783806695,-97.06178264292181,-95.56884453978007,-95.68696050735086,-93.45117051741461,-95.82613441928589,-97.93215043692742,-93.9955776914191,-94.63944339997742,-98.97227586442602,-98.12911205782099,-94.77200640524542,-95.44706452497432,-97.45637716673,-94.34025457982021,-103.807464685902,-97.88507532652208,-99.59330691179049,-100.44214188992326,-96.10543256546917,-95.57871223301322,-95.88122804293427,-89.6293924148112,-93.07185083804784,-97.14012911485014,-94.70394901916704,-103.30830464957111,-101.60407748562811,-95.00934615890084,-98.07661776107082,-95.96634691106809,-96.07571408028508,-90.61567096264176,-100.61527940919333,-95.56543307578534,-97.91075896594973,-99.4400240681005,-97.90460795118199,-101.44474182655308,-100.40556541545233,-95.84448697842612,-92.71093126370376,-101.3149515625927,-94.56113729335925,-97.65372290030649,-103.83334499287028,-89.39976234344496,-98.14010693199374,-96.00044720039483,-94.98193342893637,-98.48025450685536,-103.98389862002433,-98.09314024312377,-94.23986118310597,-99.80498666609274,-100.64366779455133,-97.43668518645725,-93.7130927315315,-98.85009537900082,-96.68776007340709,-93.48632178720007,-94.86695586683942,-100.30862341468809,-101.1291126352118
2025-11-02T00:55:50,AP_24_9,2.4,9,Microwave,2433.98324316551,1.8204161137461523,0.4039107392251756,-50.32197946644998,-103.86855897468104,-97.05063868142213,-100.41186495625615,-100.78396753265515,-102.43602437023078,-103.41110831557194,-104.38743278056386,-99.3297183773187,-96.05799571834348,-98.19165104569241,-102.36651114229878,-97.59159112109363,-98.40059744486801,-99.15182289538869,-101.86867684773965,-96.8625746174802,-92.50331631713154,-107.45558208456325,-102.92157799029123,-99.84766821518802,-97.840266065962,-103.36023036459575,-101.76166080747976,-95.0111562456058,-93.398320325615,-98.22060555827447,-103.19988967552963,-92.48355465038742,-97.97886705501735,-100.38281195476034,-93.33944371032561,-102.22505186417602,-101.59139718572247,-93.85821963210955,-101.11937349452714,-98.47943556308695,-102.57733408727236,-104.40102413938041,-101.6398529533204,-101.10783067181511,-100.56262429761769,-91.32656432451682,-101.97316892842436,-94.79140095819136,-100.03460960015556,-101.93399609238186,-97.58006893753351,-100.68477431597704,-100.10074598013782,-99.24656053934606,-95.40199914025874,-102.48751543926875,-98.86704427043912,-102.2838020893214,-97.38118587427748,-98.55358412803766,-95.93592473217423,-98.72059419801373,-103.98697274395306,-102.00489100058336,-100.47229696678933,-99.9008894562658,-99.68231941083143,-106.49874956845969
2025-11-02T00:56:00,AP_24_9,2.4,9,ZigBee,2445.2720785432234,19.56293118994788,0.22208419771852017,-69.06782006186974,-96.0701352771333,-102.17565590565533,-96.61832908321409,-100.0614847653994,-101.18818331491218,-96.39013374957746,-101.29975959024206,-100.51799183248035,-103.02832638037839,-101.21920505322491,-102.7987652182488,-96.98998180585484,-98.5061240664911,-96.53842953608354,-94.74844245976976,-99.01701464382526,-103.49231868691162,-94.27671822921182,-97.19081768249234,-101.46282835524315,-102.82075136108597,-102.59995139080225,-97.15318117443904,-105.38384549974323,-102.64867867269743,-93.65782623590073,-95.90020767319673,-102.49771374686267,-98.24219516721486,-96.15252331966099,-101.45560891876852,-102.2445101309961,-91.34838036796022,-92.95859302392404,-98.2600908101488,-96.99565528923496,-96.37904602883141,-100.19505220247571,-99.64564622375808,-99.47512672853004,-101.37093401572935,-97.96552687948488,-101.97897675650788,-96.54308902704734,-97.22278743919647,-96.74592184202672,-104.08865609008916,-96.2351086532863,-98.19950829483435,-105.23841823538808,-102.00855806040887,-98.825935791573,-94.23132124788921,-97.26724741826722,-104.14026973155569,-96.25991101945483,-95.8066323858214,-98.13338950873433,-95.50095852047335,-104.2674821683637,-105.9319551304183,-101.77036056581305,-96.89271229193625,-100.10912020041805
2025-11-02T00:56:10,AP_24_9,2.4,9,BLE,2461.3507063762454,6.237466285816851,0.5806207322617505,-66.81333188135484,-92.81597420349799,-102.5194602292261,-97.96990712222849,-101.77928280303315,-96.33374064659253,-99.39641983980475,-95.01797383812217,-103.52170332878053,-95.40317622595241,-100.67133922699828,-96.69846342978651,-90.25233747487333,-92.6658543628898,-96.23524310433108,-96.25125638311872,-92.41425979054813,-94.86550563278341,-95.71542109179656,-101.25249140996696,-98.4416802528064,-96.84967298132219,-100.50398000122208,-96.87007089331878,-93.63351429314079,-97.34848847127047,-91.96275003898381,-99.07042722524614,-94.34238353547421,-98.00013354412842,-93.16781159134885,-95.54048531938665,-99.53405894116075,-96.7152070548434,-93.73588761441322,-99.80289774502761,-93.08100369026744,-98.55528702964551,-91.78622150574927,-91.16812341205447,-97.01039810707152,-95.60764821699657,-98.05977816627363,-91.82533072265005,-99.72352754168317,-90.86440228482707,-97.31080430994456,-98.38229034377424,-96.90662063544109,-97.83126194389446,-98.84950983717434,-95.24505734459741,-93.87197757516672,-93.2958913133001,-94.77310549629829,-100.18715290177818,-94.45065127147622,-92.94740610613245,-96.87999386329828,-93.34734601342346,-97.96867561926192,-98.77285938777574,-91.0462037206924,-103.58441739562811,-104.56532081652927
2025-11-02T00:56:20,AP_24_9,2.4,9,wifi,2452.0,0.0,0.0,-104.14408185772581,-94.0521777014792,-97.20558538264522,-93.35339485192284,-98.00334729439247,-97.91066864423586,-98.35986753695644,-95.57542309845293,-102.26194937111953,-94.23470638654584,-93.4369864413519,-99.77109848069647,-97.69460492872405,-96.44974594347666,-96.5712623890377,-92.63482540511397,-94.23245164236884,-102.16038685616452,-94.70142252013328,-98.06661378724063,-98.56830170560042,-100.179738551351,-100.1307254867797,-95.22268789041156,-103.40660970061462,-99.27038374513869,-101.97020712807205,-95.18939482767259,-96.82697469194818,-99.63194534227517,-95.81825210582942,-95.55953584495633,-98.59978970068592,-96.28384373625043,-94.70250433750726,-95.61411265770427,-94.95105244449361,-93.72043861434024,-102.61617546155816,-96.8361641609974,-96.82659216950938,-98.18152069970354,-103.60368209518504,-95.91021298134632,-98.99024038165555,-101.86794191169706,-99.99165104777082,-101.2815852818381,-101.55976299386793,-100.68348692863472,-96.71815086676712,-95.91363160886185,-95.43183351611987,-96.00721488078341,-96.79490194521578,-104.90252946824178,-92.8864056006167,-96.83147097312805,-101.12983923016154,-103.23092568064473,-95.89078256175716,-96.55964150494522,-98.16664178358404,-94.89311593014753,-101.25303815302988
2025-11-02T00:56:30,AP_24_9,2.4,9,FHSS,2463.6523983170723,8.647163811122383,0.5413754972933591,-57.46488663912829,-99.02454336641739,-102.9487620379503,-100.02290912350702,-100.45038902365579,-104.74211643309496,-98.60159692209007,-100.48630692531638,-96.70148369433095,-98.96100838953014,-97.7065211367624,-96.11245872511347,-104.468101631425,-95.28822850292737,-105.37360320690169,-99.81121180908212,-95.22060803571418,-93.27211940575583,-97.87045039773788,-106.28641186879159,-95.02039297567082,-96.33645303502148,-97.89132758953788,-101.02321367134665,-99.12184827811403,-103.29154608141113,-101.66708318897629,-96.60106001836479,-95.35704438048973,-98.10990466527755,-92.02134511988585,-99.45225227160036,-97.32429951958048,-97.78855160122322,-101.83894063283765,-99.48641044857627,-95.18654318086126,-96.08700405726181,-98.05484524008232,-96.62600093762626,-101.55791203316802,-100.61327917691325,-96.08823501582822,-99.71657863592469,-98.61757805208816,-106.31966124416968,-92.20603070180316,-92.84748936643399,-92.41492336727421,-95.55743182868397,-92.0703078144923,-97.91749248791704,-94.06635405943767,-100.69553352269381,-94.84468391270855,-98.21622721989505,-100.84335875014617,-101.21094961533346,-101.67268787193434,-91.73583660267826,-94.11962991894832,-99.77976266696484,-98.61693949268317,-104.41165400281258,-100.37200245383318
2025-11-02T00:56:40,AP_24_9,2.4,9,Microwave,2434.5371905734405,1.1658235530182108,0.44111282468218244,-57.18194662343174,-91.32241918732916,-95.78256943348049,-96.48917639435012,-91.87407962184841,-95.38861534305414,-93.37335032101673,-93.25552472461666,-98.2464294370682,-96.9770082543097,-92.15651988142187,-96.00303212174627,-94.27275251550688,-91.53134893611757,-99.60505918098653,-96.27268509691154,-90.67327010426996,-91.06148952664611,-91.31971608196991,-95.63980077305305,-93.97743061451318,-95.84288653820724,-99.19795929641263,-95.71963858108701,-96.53383688695205,-94.64338613152144,-94.11488928775867,-90.9575610699681,-96.99079148211808,-97.31674104288537,-94.33409527482006,-94.12235711513824,-92.78362491666468,-100.67213433064592,-93.95210998803866,-94.93115600491906,-92.72352146942522,-94.22998330698371,-92.14196546895721,-101.05894786829451,-97.55646230524128,-95.63720677712344,-96.47085939221643,-99.74581950553946,-94.49648528764317,-90.66638220694263,-98.99967240417395,-96.13148368180025,-96.25487964129718,-93.13556276999995,-97.63755858859942,-95.22311227142959,-97.11920629805715,-93.176720215817,-93.16104420546347,-94.51511998217876,-98.38588558016373,-96.80966598859222,-93.54848517177425,-91.73356901117555,-98.49835186902246,-93.22499572848069,-89.67555858930889,-94.44183276594367,-95.12679848094808
2025-11-02T00:56:50,AP_24_9,2.4,9,ZigBee,2442.4915966724393,19.81997776104925,0.7219535225730476,-65.25254487454336,-91.3953900703746,-98.35409397639197,-96.65423799520362,-98.68772159679612,-97.4411543285303,-95.72970141083947,-94.72200378302168,-97.22178284857567,-93.27186244230785,-98.88888120224117,-95.34360233894023,-98.53603060859734,-93.9554425857536,-101.1161628842044,-91.5056419985072,-96.2566113688058,-101.42821924657137,-99.3750720541261,-103.56537631038438,-94.53942708878664,-93.84129753171123,-96.24984071318674,-97.4607730034798,-90.27258187879423,-103.49488151077729,-96.37807179425529,-99.73267193779219,-96.13219119310659,-100.57985827587792,-96.34367418761269,-99.98651987345806,-95.25529898888291,-96.88389096955375,-95.04789873955698,-95.0730429443978,-95.75909226907324,-99.6217577022375,-98.60009620950902,-101.17815197435635,-95.68896225502928,-95.21482975424479,-97.17119899660457,-99.8338864888786,-98.16748752097944,-102.00180689193454,-96.02338015513712,-98.66668495318272,-94.44133206404786,-94.70867176868758,-98.88803974483226,-93.90693869381042,-100.22748357626237,-98.05536732259708,-93.6618658823226,-94.03546271717536,-95.50236753790136,-98.6399431584013,-98.82089694901084,-95.46675544416982,-100.42473374471008,-93.4138171955125,-101.14959170174775,-91.8787837141193,-96.18596120035762
2025-11-02T00:57:00,AP_24_9,2.4,9,BLE,2450.01877520402,17.019775658945512,0.21475566580451608,-62.78430382916143,-91.03003956311494,-103.17519983896644,-95.98589559527099,-99.3985181009628,-101.13309776835683,-100.8790020900895,-95.69490126953816,-93.76244617862167,-93.76680552523337,-98.91264566233593,-90.28216952483444,-98.07337801845318,-93.0400243685824,-97.20819352834224,-99.06295434321973,-96.93313767245913,-98.32835925940975,-93.1630120983663,-102.34406749130666,-96.35028720779077,-97.54531001540023,-98.68964579405481,-99.16679463889601,-95.05961131718732,-97.48340104733451,-93.57265869496258,-92.49210867664272,-95.9959542845051,-102.36144880578163,-97.26368705840632,-97.73685559136372,-98.67050010091098,-94.69875855626317,-91.49919998379491,-98.86545670475334,-90.66731816288207,-97.45933150600158,-95.56332511792515,-104.56419657301372,-92.28005687755967,-97.39257653958386,-95.106875036464,-92.65511103500683,-101.00000314587385,-93.58355128478084,-99.87849933473494,-99.39342758876596,-94.12537468135254,-96.21431831045548,-94.6984547717772,-99.30332576900787,-96.87411648630894,-96.75924065000287,-96.27072926209865,-91.2589046063471,-102.45787980388883,-102.70980626007555,-93.60094342085449,-99.81774932276711,-95.32224174319866,-95.63958981360162,-96.42543938825621,-98.50496937717188,-96.66588143106938
2025-11-02T00:57:10,AP_24_9,2.4,9,wifi,2452.0,0.0,0.0,-102.4956965439832,-92.11851726461647,-94.75852050796593,-96.39491567356018,-95.5424194377435,-96.56946322347986,-96.11422016929112,-94.55199529997832,-95.62978609181266,-97.52858327936272,-92.83311233648499,-98.12438603614972,-96.57196529017153,-96.31099267176303,-95.33293021655656,-95.21149367486672,-91.04326014723986,-92.85755499575554,-102.30793952256819,-96.81486435581061,-97.11736321563448,-93.20553789711403,-91.65848077636645,-97.05704927203573,-100.99527538536415,-92.86053929397038,-89.68972576233917,-93.0294647791475,-99.2312380015984,-95.55277151609316,-93.3325023945512,-96.49137054078719,-94.98395141895658,-98.4618423378144,-96.51330616050777,-94.81204926627706,-96.68522133343018,-92.29385927875525,-97.47302900559855,-95.68593474694528,-91.10071409936337,-101.60722089164348,-96.37571859238791,-92.09240419175633,-99.46773183785095,-98.18839146277179,-88.98075130266908,-98.4475311351923,-98.76118253499467,-97.53535677228126,-94.24624086782882,-96.11658826160873,-99.20330970645477,-93.74660407206007,-95.3449637163315,-95.64087862128835,-97.78113527322397,-94.66773773240197,-96.66140328102567,-95.5077666470699,-95.99106601464713,-97.50362340411085,-91.35869087989582,-96.19842818202443,-93.88196785836521
2025-11-02T00:57:20,AP_24_9,2.4,9,FHSS,2434.2657428475204,1.5433917855687103,0.3477604539646114,-54.08096195538768,-97.53958482904122,-103.12133654322122,-93.19255607423054,-97.3461425051287,-93.41976333536768,-95.39010615267345,-93.81034744517181,-97.42610772562841,-99.44780741875346,-90.90570134247848,-104.15910025817712,-100.55942596324468,-96.7615386196966,-101.89972933972997,-98.93193971275552,-96.4448385002522,-99.4324359450124,-98.14841847387406,-94.40791995463437,-100.7188979256922,-93.74506476129673,-97.53019924817991,-95.23600882719191,-91.30321823479531,-95.93749483232507,-95.21421015391029,-97.22416081603096,-95.41424180816611,-96.09040421518301,-99.72033637700534,-99.48212432054409,-96.92931792520852,-97.36407070605756,-96.95312812030124,-95.18219620787258,-96.08801995606913,-98.78685465797994,-99.9755178229906,-97.16447054149386,-99.51416204308954,-95.48542734249605,-96.65996840565874,-94.06658681343558,-100.32541593246097,-97.95800708925562,-92.1703207946092,-99.331820590336,-99.81761899914896,-97.0843170168267,-91.29793332991059,-101.03195593116057,-93.01204959214745,-98.3324734222767,-97.96630152948553,-99.28606056424196,-98.04693984626812,-97.35954178889853,-101.45906778753255,-95.470793668722,-99.97966608090327,-99.18179642805781,-100.10137884897182,-94.13178702075629,-95.36085031862989
2025-11-02T00:57:30,AP_24_9,2.4,9,Microwave,2457.920510772283,17.98869614749563,0.47831220118857953,-65.81795373226888,-94.68297066408759,-98.12869744575951,-93.64847835056659,-96.47350605187411,-97.40127772086157,-94.16892490369437,-99.19578202433786,-97.3923248401872,-95.4956683636131,-94.44353510514446,-93.15923213471572,-95.12838411552582,-96.9153144964845,-92.49502177689224,-95.04744974435094,-101.24569142448061,-97.77515669881771,-97.45475881936314,-93.81356714769979,-93.56514318441413,-95.50335870831712,-95.93986875974315,-100.0124064511054,-93.47225385305806,-91.7924578284432,-96.17751927808364,-95.78400151947514,-97.88217380515279,-95.142988050821,-91.11920911185416,-95.1360844174792,-93.21334043267811,-96.80706808066469,-99.77695583390741,-93.82532207040288,-94.45803284040889,-93.1613374592595,-97.22198364919244,-100.30459701254189,-97.25377184774456,-94.41727879604407,-99.22595932559626,-95.24833510885834,-91.65671952419949,-97.06507909342339,-96.6933763398393,-98.01463512125773,-95.54359851923714,-95.74485039904394,-93.13792388624643,-97.7855841419743,-93.35395104978859,-89.97961709953198,-91.61366666261245,-94.46752113709229,-101.25100236891168,-94.18588311000082,-91.97086027119192,-95.52569099749068,-96.88226710072739,-95.66124886735378,-96.28539374253495,-95.50448907110889,-94.49643711522968
2025-11-02T00:57:40,AP_24_9,2.4,9,ZigBee,2471.1499247546876,19.9983078596833,0.7631713603479429,-67.98310809737629,-97.88041000665535,-92.15493673609357,-91.77718915278581,-97.72266421201846,-93.3643659532309,-92.75006473076014,-91.73599212895078,-92.6435239081108,-95.50610244323306,-96.8195363754507,-100.25328303140738,-101.2260853953503,-100.41326322448015,-98.93911871231275,-97.07589517038215,-94.75811891521914,-91.10065060177975,-95.57162892406092,-93.02480615863242,-97.9572803231504,-99.09348937384104,-93.78184708150745,-92.78324269838681,-92.89703773589642,-93.45124897312485,-90.48892676232357,-88.82365639689132,-98.1451170100714,-93.01263859438399,-94.08447885646717,-101.70057759933042,-95.75709352386752,-91.25764698087953,-92.204045778859,-99.57138164185837,-89.09687632772336,-92.05287631438516,-98.70237728906076,-95.27464952325019,-96.53809151394668,-92.78289642683661,-98.55425649268408,-97.06200099855096,-96.8980388701161,-97.65950070608066,-97.53596013312252,-97.55810154664331,-100.98557903218841,-93.52512092426988,-105.56235139216324,-92.02953334018432,-95.1188661038129,-98.60685879616192,-95.49456154118714,-90.71893612965906,-93.9716111680821,-98.83608852396993,-95.05460733769918,-94.03592208052473,-96.79802461622776,-93.0047564464588,-96.18604972944416,-94.09611091646043,-96.20209760750794
2025-11-02T00:57:50,AP_24_9,2.4,9,BLE,2439.7807277054367,17.440772947194933,0.5563660100781371,-51.08551343121948,-93.48130589906944,-93.16476469518365,-98.92833227372293,-97.7618605487811,-92.69878785871815,-97.10630297808837,-98.41479432228698,-96.24803587351091,-93.13254750878745,-94.16278362784469,-100.2713055692904,-94.2113920701945,-99.72970661407003,-98.24200990269482,-95.68591406191742,-98.07679269171771,-97.38613163321018,-102.66972047940963,-94.52964161335966,-98.44801774879744,-90.36522119118786,-94.4997806898098,-93.58914441005852,-95.3683658824981,-100.04735337548576,-92.63639540278393,-95.22582798178567,-93.91770755946887,-97.53640392550275,-94.99836434915242,-100.16566644596348,-100.11127649897233,-96.36124519234752,-96.04850098293929,-93.52431647111632,-93.40075976576169,-98.24923905143842,-92.09318528937128,-97.0249042618248,-100.39504666564312,-92.4887553850878,-96.29791881526916,-101.02957808736528,-94.70721590035723,-93.07572556157753,-94.95957231122105,-98.99996060369689,-97.56822624694551,-93.0170434098143,-97.36722599687371,-95.12494595756247,-100.51433508385253,-98.92401882696018,-95.93158644828392,-93.76268219603199,-94.77574209771518,-97.48628591279908,-94.18292144943932,-93.8772834981787,-96.37097767024109,-93.95145369579552,-95.81593732348442,-99.44102829468947,-96.70127433940317
2025-11-02T00:58:00,AP_24_9,2.4,9,wifi,2452.0,0.0,0.0,-104.47664540509211,-95.30234919211335,-97.62538466817871,-103.61399919175845,-100.47442325111341,-97.67416171990934,-97.35942051984763,-98.69591718068682,-97.5555342759292,-93.9343785049181,-94.6805397503417,-95.13126293120949,-100.29051925616149,-93.71876125899058,-97.43331396598767,-100.52513479039266,-95.20692731337648,-99.2891262496579,-97.76838284166153,-101.12954467545819,-100.71181083493138,-98.2280072432698,-97.94314708421454,-100.0361603414476,-99.99874841354722,-98.90678072392642,-99.52663909299942,-94.22209412943201,-99.675107293275,-97.06043526408207,-96.92279848210362,-103.44098929529567,-92.6120658677749,-97.98062292565021,-96.10859436029047,-97.07436802461204,-95.7058098086183,-98.74210964009782,-99.54466018122658,-94.63680800520928,-99.53619821751074,-98.23681561031948,-94.13854708349784,-97.96760213686323,-96.67144501192632,-97.02143527936408,-96.25552866579449,-97.48057583795676,-94.36127435293885,-99.10439471017015,-97.5869024365262,-99.65049995712177,-103.37891661762131,-93.98439564544034,-99.65814001175426,-95.27705030805006,-100.28670246568804,-91.61698842277718,-100.50032719522922,-96.28328855943273,-91.19373167855046,-91.63837979582496,-90.12281778150394,-98.5421585681378,-96.50714151833863
2025-11-02T00:58:10,AP_24_9,2.4,9,FHSS,2441.0139835419773,18.951709576470353,0.28530545458923656,-55.77873807520383,-102.06770907780937,-103.91071113637479,-102.96695972512616,-98.92161508323287,-102.17961390321834,-98.62407664047117,-105.30913303490806,-90.11593823827438,-95.81338359967356,-99.0543895961051,-103.82396082522477,-101.0314540383681,-101.50792164772243,-98.49249263727307,-104.12639430834463,-96.61130668568008,-97.49128049642471,-98.45023388370386,-102.93566745895289,-97.08227840721432,-96.27334786366782,-99.33475520807264,-97.988949849173,-99.41486149026038,-98.99338844019019,-104.02360113780576,-99.87266460536195,-93.1755362182808,-104.62371943839553,-96.74814908152887,-103.91567545158095,-101.69337544039648,-100.9023243812662,-99.01440127847319,-94.10248007671221,-99.33248108280794,-101.52231390542349,-94.95004926660363,-99.74018746541788,-95.21297304490088,-97.07074856509331,-95.5128530087176,-99.65084879856575,-95.08828006227047,-97.05898532740018,-96.04778454457805,-101.11434802456196,-101.4954510672051,-100.10036497182666,-97.9385695403596,-101.46267589308668,-101.01375381159923,-94.90263762823396,-100.26319805986836,-101.80703669511739,-100.38610504867164,-96.58628276004936,-98.85347086629389,-98.24197692379923,-94.31547590914256,-93.12991999306655,-95.13995956020591,-98.77363350414117,-102.31376379219
2025-11-02T00:58:20,AP_24_9,2.4,9,Microwave,2455.8481210686996,5.040254811974177,0.6659702413509037,-60.11438854277387,-87.83353904670977,-97.58953009551526,-95.44907592857145,-97.36235350312808,-100.12322707058162,-89.25394999375791,-95.69950577336515,-99.75498222016707,-94.64667334617545,-102.9978947232463,-97.5060582570493,-97.48211357050867,-97.59198304110842,-98.21577942972542,-93.70009555564039,-96.68571875196047,-91.91193800538406,-100.73945259881305,-101.4474108125164,-102.40510265153904,-93.74580249990389,-100.61194934577522,-97.02684181065776,-95.97383581202648,-99.08385921888221,-101.80380946136343,-89.87851980319554,-94.2530653625825,-100.30573522237512,-93.5803066102612,-92.35756329556138,-95.62220349004133,-95.95686602482847,-99.28356854569573,-103.12173648272764,-100.703626141795,-99.27361703532952,-99.06213599692708,-97.13322568242846,-94.90486297814122,-97.93150564774295,-101.60803341865713,-94.04081605899587,-98.51956925352151,-93.38852746212434,-97.81790031903274,-96.54781656938772,-96.1656492744098,-101.60442483930075,-100.99595794445817,-97.18740722406655,-94.16040727742663,-93.91818930103925,-94.89021320660005,-99.39283045861954,-97.98813231982433,-95.20939704668845,-99.79841593017112,-97.0097454259166,-94.45198549492603,-96.46634091232772,-94.73653319589705,-95.3844764261404,-99.14111822070205
2025-11-02T00:58:30,AP_24_9,2.4,9,ZigBee,2452.1025638675897,18.803428790090827,0.4373322860957095,-70.20716430739671,-96.5999992883863,-98.15592980665384,-94.82888360233748,-94.29286339810508,-98.24543742354425,-92.36714612540275,-98.73026570944828,-98.00703581944259,-95.30081745963844,-99.87159878571926,-101.79380407544225,-98.79418683827207,-97.44964715431671,-95.32435096875105,-101.79600770074323,-96.17840044892161,-89.81933027679563,-100.2767201601036,-91.62154308009976,-97.40457180497513,-93.77770655496263,-94.05046494762608,-100.17934686008076,-96.83605789263682,-97.35055026214077,-99.72022079421235,-101.49386655660658,-96.75218132045495,-98.31641376920415,-97.862202333569,-99.48611135233634,-99.54669583705159,-96.23444718942982,-98.02878608594716,-94.6840326878482,-96.66736337624293,-95.93775739542926,-103.35519018657142,-98.31507228323734,-96.86274522895008,-98.0896012303404,-105.07320632064432,-96.84262458114148,-101.30507040070246,-95.99653741873472,-96.69580650083486,-96.22687295010395,-102.20315198090559,-92.64674167353488,-94.77750340067495,-97.96094425254996,-97.26802192668208,-100.28112037408734,-97.59478433456104,-101.53963381785893,-98.10706204570427,-97.86212240120759,-99.76248692012116,-105.86089522848386,-95.84754077206456,-101.87643447237123,-91.29690680196856,-97.90919735547533,-92.03378989616735
2025-11-02T00:58:40,AP_24_9,2.4,9,BLE,2444.128132106501,3.195020998510804,0.7290379772837858,-66.22174227366267,-99.95660234854999,-92.53094297401455,-95.66093906478436,-93.44037500734288,-97.02972824913985,-98.86039637200243,-101.64602854507272,-102.71278816760278,-98.95512264238464,-105.53493206248027,-97.85910994256542,-92.45745498687675,-99.5058809984174,-100.93284745100813,-104.65581602067469,-99.7686328303877,-100.3810556335776,-97.87443122220529,-100.64348222352606,-98.88627259505374,-92.45371343238615,-99.42500365310414,-98.96415842431001,-97.54194456972616,-99.5250725801462,-99.95817999337152,-99.45777070418366,-99.91407062968594,-99.2425899535328,-95.55477574909936,-100.74567442337282,-97.00150022993483,-98.08028301185915,-97.29723759223735,-100.26083333861968,-101.38211656362574,-97.08662366952275,-93.54767304234161,-104.71283565713165,-96.88200862373992,-97.29244706604617,-103.45715154818829,-98.48805152432253,-102.44217757062279,-98.16102229621222,-97.88924209341397,-98.93465004494605,-96.05140164494092,-95.08178508539528,-94.76079290751179,-102.41510347543571,-94.8560432430761,-101.45483377531208,-97.18911690259769,-102.09042810267867,-97.53291905261676,-94.04176847909031,-90.56919688964976,-99.57835433321821,-91.99255699868498,-94.66545574771669,-100.07418986197888,-98.1599609942857,-95.3930934948308
2025-11-02T00:58:50,AP_24_9,2.4,9,wifi,2452.0,0.0,0.0,-103.44815014963295,-98.98000784427965,-95.7325719505533,-94.02908195957396,-97.14131610528028,-101.44419570860947,-95.25978642704025,-94.93245335308303,-100.31803857611837,-97.53044734325728,-96.14925469857488,-100.61098437798226,-98.8980608451238,-95.78262081211498,-95.35777491898389,-103.14359714466616,-94.91944329250809,-98.99498690011994,-96.40637093578032,-93.5212920742404,-98.88325083566609,-92.27650665088433,-96.4674299219871,-96.01613903508697,-95.45635455655896,-102.10120215260963,-97.56276862294568,-96.60983620660076,-96.3867532350584,-97.6336562322742,-96.15703059259403,-90.37121636835346,-99.30448067390596,-93.75471026317376,-94.42677801641878,-90.81574275909936,-101.2466702987354,-92.96395045642191,-94.41732892437254,-99.54505679982941,-99.42144312419445,-101.9669755303306,-96.71271101669439,-100.22245443555461,-94.66834301074876,-94.16950137794576,-98.71741432045005,-97.68960299798755,-99.99171762223273,-101.39595550173567,-94.16029861164806,-101.90666764312961,-100.20396673779602,-94.30559036816929,-93.76860972292543,-94.52969973158234,-96.54845767008887,-96.18618724395807,-98.84342617847615,-99.02885257731357,-101.27626814529874,-98.75088482781035,-93.95134862251689,-91.58300974434599,-92.36135261070343
2025-11-02T00:59:00,AP_24_9,2.4,9,FHSS,2436.779817476419,9.592859127289604,0.2155432470987675,-68.90896417861443,-96.03963593298607,-98.47945215302265,-94.77901478714828,-101.63279342089632,-99.94613919403005,-92.87667654118493,-95.47995710778109,-102.05893618429154,-99.36402350481582,-99.58344961005625,-98.15629042189195,-99.15972202949887,-95.05378313842527,-99.67165289455029,-101.56599647167847,-101.05800580479949,-92.12981955544043,-100.68552126709756,-95.83928778520594,-95.87984517016795,-96.10729999462272,-94.0543431025244,-96.78747351523859,-96.01643688880293,-95.96747808486242,-95.64078817296867,-102.52347472347162,-96.80319351236312,-98.41738393984075,-98.27899675478714,-97.68809047177817,-100.93663767022028,-98.35043483670542,-99.90296390436203,-101.33317867973663,-98.61744729409605,-98.84597332266077,-99.47841055680436,-100.48730686177176,-96.8223550420396,-94.90959310077317,-98.2806775370852,-95.34577905286095,-99.35748401882711,-100.14742465225994,-99.28600422614299,-99.38173749175081,-97.77766554749033,-100.66534274999663,-103.00724159300043,-97.53290877851036,-97.7245292419542,-98.75741920469005,-100.35546304285981,-99.48876247796692,-102.92270845711515,-104.34391445321788,-98.56265821972231,-96.1749605099731,-98.1667948726673,-99.08157281426442,-88.40276286642315,-100.75306493603064,-99.36017247166583
2025-11-02T00:59:10,AP_24_9,2.4,9,Microwave,2443.1652723217444,19.53192490219509,0.6847814405309631,-70.71636410641436,-91.49574341047263,-96.1742570114581,-101.09349870517764,-101.6479986841655,-98.94344757345672,-95.72525071411827,-97.4445903100734,-98.94841264027954,-101.32245853532966,-105.75220938437178,-98.32893174342448,-95.91870046527943,-97.5625598331924,-99.86010823228867,-98.93029142606153,-96.58351945649217,-94.7220815843839,-98.13934565901612,-91.2214368078049,-97.272649291628,-100.44155627862182,-97.6018664485208,-99.53829197095244,-100.01681099963103,-102.84379303084968,-101.1371203543582,-95.29298098414294,-91.81305064589505,-93.07402942638649,-100.20451253842973,-96.01357974936695,-102.73059177642465,-97.94849236362315,-98.07094472677801,-97.95652535667303,-97.20842699404571,-101.41223916699542,-98.37902351626545,-100.36905817839282,-95.87465450502545,-96.43625503075032,-98.63097873006808,-97.38366149693279,-94.69965462803526,-91.18211442028922,-95.89989572980257,-101.72504208502951,-95.1554590539717,-99.3150186291683,-100.551879367022,-96.45293037046378,-98.27200515902211,-96.72377605174067,-95.46781082456529,-94.29691937998678,-97.63836839504218,-97.46439547124771,-98.64837128373942,-90.45374479520582,-97.06991106440273,-94.4812742496209,-100.61410284234218,-98.97718338589704,-96.37764392104573
2025-11-02T00:59:20,AP_24_9,2.4,9,ZigBee,2433.0700024400953,12.88755610759968,0.48546202343495787,-65.04961865275062,-98.13432947804174,-99.85731012455189,-100.49384193718706,-98.84489198850562,-101.63156102828779,-95.03269838683573,-91.3397919850278,-96.07624258667343,-96.52088900153142,-100.66469384730954,-102.04947939301275,-98.53224141746603,-99.33360187749788,-98.07182163224122,-101.64301731537687,-99.86813792511855,-102.23057442805266,-96.68035737479161,-104.39777455834181,-102.49612061923078,-93.91111150919201,-101.06619394739643,-94.84643825917114,-100.09317935607834,-98.26585433002882,-98.61394608873543,-96.04903277042919,-103.88353109554285,-95.85994517038557,-98.31291819092051,-94.55131856869234,-99.57110887585489,-99.2462600648938,-98.33618940927505,-95.7533880416042,-98.67846184164708,-96.9340963018779,-94.77679180242727,-107.29739419959235,-98.29395059352231,-97.64660058427008,-97.15792402818472,-96.16129439997465,-100.80997427817418,-99.6871975886204,-102.25989914995998,-95.91005954475852,-95.24481740592003,-97.53387432504961,-95.13100206403941,-97.61660030687796,-103.7920954791713,-92.39997359827821,-95.692108229661,-93.9189322695089,-100.47297607434442,-97.52878065361983,-99.1669095081027,-92.6624266949699,-101.51745262014687,-102.55494539030016,-97.43323892678411,-96.73973891715376,-98.37956467867333
2025-11-02T00:59:30,AP_24_9,2.4,9,BLE,2459.2500381604145,16.38564034262331,0.44945543293680656,-70.07422945001629,-95.62467032874355,-95.75780681102734,-94.0033478515231,-100.76371203104905,-99.57797945985403,-101.64041983848304,-93.17924592545744,-93.6036781852576,-95.63907365169872,-94.24739058967745,-100.35149787551298,-99.40995155095501,-94.63022482812805,-100.91294648762695,-92.16791984227369,-100.21345644173746,-90.0440889421615,-95.97311894028446,-92.97784337678671,-98.5612688949452,-94.7332375673488,-102.73920267840882,-96.87817574085115,-98.9756176406183,-93.77159408154654,-97.26566126220987,-97.51891651074119,-94.65687646747702,-96.96324513295806,-97.81933620422065,-98.58645035118165,-96.90407571543618,-99.74723359105845,-97.72902322316932,-93.68579910452905,-98.27583222177816,-91.9396966595716,-98.65245545371977,-97.70747025410216,-95.45319364992008,-93.84159466464348,-95.223620803235,-96.69054338250822,-99.89614650546528,-96.79337706443116,-97.94715251776867,-97.24448775037725,-91.77044843272935,-95.37751014690689,-95.84809310762435,-96.42790337579973,-93.89380820015074,-94.41067221943209,-96.67737290904448,-100.58874564697147,-96.33111343761121,-96.44510722859548,-95.98915472044837,-95.7046923354957,-91.96618555644368,-98.89941251930144,-94.43303948503396,-93.2629824003084,-95.95932099134104
2025-11-02T00:59:40,AP_24_9,2.4,9,wifi,2452.0,0.0,0.0,-104.26043983422387,-98.65463308003964,-102.31543853165363,-93.63827581738556,-102.0406204200092,-90.23949060651962,-97.4608433176707,-98.10867698286742,-97.7365881185323,-101.91751093997486,-97.04016327988244,-93.96221736995864,-103.17428178511935,-97.35065326933108,-104.82171041359565,-98.8180202331513,-101.53376029920432,-99.72432826660011,-97.3049969806342,-89.70308840711854,-96.35725546138237,-90.52487818220314,-95.59783882658897,-99.3903527870233,-105.59497403447943,-96.80513770004205,-97.3557453374835,-100.37542560467043,-93.612007888052,-99.20541368410304,-97.1651904739881,-94.64668593255453,-98.43879721302439,-94.75012838291214,-92.17342393790786,-98.24165638966551,-94.85783034909035,-100.51829908721255,-98.849461787355,-92.08923832820967,-101.59703976000642,-105.11392155034089,-96.8865956502509,-92.58040217964675,-92.68729263876017,-98.71631902757677,-94.49603343650577,-99.73361780516373,-99.20294636988748,-101.00029177127338,-98.20536516102376,-96.61694939129845,-97.67406251347805,-102.95515917410926,-99.94254249158098,-93.3312486784499,-93.45665502110317,-96.6720914521311,-98.21905485667111,-95.85002134233953,-91.81532299095218,-92.83496542947452,-96.482439520021,-105.76359233666474,-95.56978671494846
2025-11-02T00:59:50,AP_24_9,2.4,9,FHSS,2444.6049022375514,14.289899670617665,0.79446744212326,-50.78659386532422,-93.03161231383291,-98.5483277025834,-99.88794107803935,-95.4353536619951,-95.85536617474484,-101.80175777779179,-101.2998108120024,-99.49020714172649,-96.5124535393591,-90.57433587274622,-90.82296339598203,-100.05492078798221,-97.62340941844553,-102.42476711631326,-97.82206136147748,-98.08953265116129,-100.64823458018206,-95.60537854501806,-97.60220040142865,-94.63974938096605,-97.56816475664355,-95.89599360550562,-97.80243704673737,-93.8464024129641,-97.13013264536613,-96.7888116945662,-96.23958544847063,-95.61394292395862,-99.45594704034305,-95.41395141705016,-96.57192941437874,-88.62309114339058,-95.80222016272039,-102.0414563452496,-91.58003131297318,-101.54313810495967,-94.47963284455741,-98.08191563021069,-96.13639707289335,-96.96053779002135,-99.19713921288404,-94.29793524591987,-97.97413560021005,-92.72023810581614,-101.47558836969444,-97.13560748705363,-95.44797373001302,-95.00696745895411,-98.37585817167498,-97.81871646297874,-96.63936635847342,-99.39602103250715,-95.3346454135683,-94.73779587438001,-96.88399742920444,-97.25698965396006,-93.51609672215594,-99.01320464405993,-98.19316389739176,-91.82041479972804,-99.36387065075898,-100.98833461796123,-92.57569924570194,-98.29602967034606
