timestamp,ap_id,band,channel,label,center_mhz,bw_mhz,duty,power_dbm,fft_bin_0,fft_bin_1,fft_bin_2,fft_bin_3,fft_bin_4,fft_bin_5,fft_bin_6,fft_bin_7,fft_bin_8,fft_bin_9,fft_bin_10,fft_bin_11,fft_bin_12,fft_bin_13,fft_bin_14,fft_bin_15,fft_bin_16,fft_bin_17,fft_bin_18,fft_bin_19,fft_bin_20,fft_bin_21,fft_bin_22,fft_bin_23,fft_bin_24,fft_bin_25,fft_bin_26,fft_bin_27,fft_bin_28,fft_bin_29,fft_bin_30,fft_bin_31,fft_bin_32,fft_bin_33,fft_bin_34,fft_bin_35,fft_bin_36,fft_bin_37,fft_bin_38,fft_bin_39,fft_bin_40,fft_bin_41,fft_bin_42,fft_bin_43,fft_bin_44,fft_bin_45,fft_bin_46,fft_bin_47,fft_bin_48,fft_bin_49,fft_bin_50,fft_bin_51,fft_bin_52,fft_bin_53,fft_bin_54,fft_bin_55,fft_bin_56,fft_bin_57,fft_bin_58,fft_bin_59,fft_bin_60,fft_bin_61,fft_bin_62,fft_bin_63
2025-11-02T00:00:00,AP_5_104,5,104,wifi,5520.0,0.0,0.0,-102.69260463917827,-99.4199801015505,-97.80817826596625,-91.9362883656525,-91.23013290541078,-99.13700452359166,-97.06743764413012,-95.92119165525011,-93.93578771374892,-100.97203542978775,-100.50160488376359,-94.22372620756106,-101.53972034593204,-97.03299685759488,-95.20632921350175,-94.44560672937892,-96.11775892580977,-96.78987479632086,-93.15889206002883,-94.836986860081,-97.63365450503265,-95.57943594913155,-94.54309757120969,-90.53789291482413,-93.33363363430354,-92.04893407131644,-97.52442682807717,-97.26515335794328,-96.39874461761724,-96.12332257909276,-98.71667951258694,-91.89480375950782,-93.04254972590189,-96.6096382230828,-93.7674726921367,-95.02390715016676,-93.53312069638415,-99.72552600975516,-96.12958785877058,-95.86672022289565,-93.82167834034331,-97.57791744272467,-103.19239681142545,-98.93770379222703,-95.875748596311,-95.50095196266828,-90.64136027130331,-93.94436531720397,-95.4480138014838,-95.78977846952259,-92.38005449266919,-97.46293599565058,-96.11345600240007,-98.96037899959317,-91.43588649309235,-94.51510782817343,-97.81517452719011,-96.0359696701332,-94.16365234955943,-96.4447613773451,-97.29601650431607,-97.65542569713126,-94.67571894145493,-96.76676747681033,-97.05387784346651
2025-11-02T00:00:10,AP_5_104,5,104,wifi,5520.0,0.0,0.0,-102.73832271385773,-94.12789982607097,-98.6663610695998,-94.80232762840087,-89.33958953000173,-91.13136497126641,-97.27646188226107,-97.87426498841177,-95.43769860190952,-96.23486390076724,-92.13911055692954,-93.51955530459232,-100.815047518443,-94.36229694758599,-96.27559559645984,-95.62699830577353,-94.99149367107574,-92.14213569802791,-92.80494382321966,-97.98755093591961,-95.91415861692674,-97.08388689242936,-100.78386062057751,-96.066434236661,-90.20405943118044,-100.87445289510697,-95.81050809483793,-95.90673715008676,-94.87511629856476,-98.62649758603952,-100.0136544862576,-99.8741156842416,-91.74552143886329,-98.6863806369433,-97.23700928881725,-89.4244249180188,-97.94108968418709,-94.71112392000495,-92.54688768398121,-92.69116215292,-99.73305178498877,-97.87838005696223,-94.83123078510177,-89.95127034170785,-98.02285468978131,-97.21916166619096,-94.47959944965471,-93.8793480318126,-93.69756070094951,-98.27739030836213,-97.33446712466095,-95.09181911445182,-91.95138877597289,-96.45377496021301,-95.80522841410918,-98.81610802527595,-90.148642218181,-95.2755338724326,-92.5050583751875,-95.64863108965493,-95.48252151812748,-100.2392493864139,-102.19060832293543,-91.98260707834984,-95.50414807107046
2025-11-02T00:00:20,AP_5_104,5,104,wifi,5520.0,0.0,0.0,-102.03054894151188,-96.24778365215806,-89.13287106661878,-94.20391884595253,-96.78715758890654,-98.04897475571308,-99.82614111880964,-97.52172964973384,-92.75296841589596,-96.31164426123777,-97.9050641859396,-97.57510029361461,-93.08210654169208,-95.27433816765677,-96.9121621841422,-95.9557140501756,-88.4128995648696,-91.37167971889495,-90.62467295250234,-100.28686077840102,-95.4838557750227,-96.96491623896453,-93.39902835401034,-91.85112830615529,-94.05127030275176,-97.64795906949026,-97.0135889555036,-93.16883634311331,-92.8703294218836,-94.60769182419966,-94.64117618334316,-94.88018133420623,-94.22325926827018,-92.88266601599645,-93.1400518198023,-94.95979263986163,-95.17769719349388,-95.29244386872115,-97.37154087411118,-97.40963338950712,-93.39868011710254,-97.16915560069558,-92.58874733777282,-95.18457707461876,-92.5717631662064,-93.11967253084747,-92.50175916719564,-96.4596462110175,-93.80385059007476,-92.81688497286679,-99.68452903971018,-89.92546859886531,-88.23268980316966,-92.18868405801844,-92.6129066551219,-93.26427314913333,-96.00084896657206,-95.36105957531744,-92.13733425543029,-97.95020052611115,-98.21269968089926,-96.22253650773938,-93.06178941682536,-97.62835741633448,-95.70679714226395
2025-11-02T00:00:30,AP_5_104,5,104,wifi,5520.0,0.0,0.0,-102.93119776101739,-88.84715644443546,-92.85454578008448,-98.14271364982977,-97.62867351109814,-96.44154614556803,-91.99536506789997,-98.93613918999453,-99.1177045866223,-93.7911385903791,-100.97460866285049,-98.66442921897061,-96.18646470574423,-96.03265839695219,-100.02505745171116,-94.86997656361545,-94.26990267721945,-97.9186657391305,-90.94892582691804,-94.9123795559742,-98.94577468053004,-91.06885612216887,-97.50117091681844,-95.39457736804957,-97.39154143061567,-94.05873846240416,-97.37578262442928,-97.1937667046485,-96.41113068707112,-97.43704852604745,-92.71575399566346,-99.70457758938915,-96.04264078988216,-95.66280255332431,-96.30510060679909,-93.02630189081731,-100.44304174352713,-94.2274460303525,-99.66605450504323,-97.45752731961763,-99.97426819854181,-96.92747128682709,-97.66583158895733,-91.0163823685953,-95.20709855276398,-94.61183970057968,-99.25370846331641,-93.71096642248865,-91.01651981988897,-93.32147025531874,-99.86723548607341,-97.32362331939163,-95.60572742773284,-97.66268728846084,-88.33222520123498,-97.37802705330303,-96.06125181318096,-97.73188172354517,-95.23614661948207,-91.7841477129509,-95.58663140268611,-96.58823752536445,-99.15292909975504,-92.30468865591526,-96.36227957525885
2025-11-02T00:00:40,AP_5_104,5,104,Radar,5518.971841620205,5.0,0.10406996230701322,-122.21611706843882,-90.9054239079322,-93.35062807888343,-95.64259786348242,-98.47476821602825,-90.96365924056485,-95.69973851084391,-96.4006176690571,-93.86449821560102,-96.87415122797786,-97.78901050113012,-97.50128078492304,-97.50928686550922,-98.91210026755483,-99.246766767934,-92.61390961734864,-93.52347566212521,-97.99839263281275,-92.86479197772643,-94.60206073500262,-96.50137998039087,-99.20749103772455,-94.50565776148662,-89.93385741405226,-95.48628443485663,-92.5340401239735,-96.16515263284893,-92.764494250823,-95.98063380827384,-102.74598261206977,-97.69520464217759,-95.13321672574175,-92.28212579539027,-95.99049802366164,-95.4405529930008,-97.29180492760398,-90.84721951558723,-91.02793049072365,-97.55873202738378,-100.0792310360233,-100.9515932998142,-93.71977347449882,-95.12433627865741,-97.87538267420578,-94.71447392824366,-99.22097368473926,-93.14522942613812,-96.67692869465758,-98.7743762643945,-96.63104315214792,-96.73442516433965,-94.43482394855188,-92.03200631645183,-92.18759722952235,-95.05110450074505,-96.09157101086552,-97.23592975693836,-100.83405873116138,-95.58763999286165,-98.08303344219335,-91.87498287517809,-96.13216144663836,-93.28874107317789,-96.97753778401541,-97.55644644810734
2025-11-02T00:00:50,AP_5_104,5,104,wifi,5520.0,0.0,0.0,-104.39352719993501,-95.95461663382254,-95.25564165629876,-97.70964629509236,-98.1184009574874,-95.69119767425455,-94.54153956867752,-93.25468669136384,-101.26596746876791,-97.99546452905264,-103.9741231645113,-101.49602979069317,-99.50588352985312,-94.7984912667246,-98.8362064346539,-98.26042159795354,-96.49343518121142,-99.40521090980499,-103.3775548888666,-99.63130661477759,-97.75569706767403,-95.9881387907936,-98.01269413013291,-96.0380265102799,-94.6194089386519,-94.03183985781088,-96.87659901534548,-100.80500730022821,-101.12857246030467,-100.8491317763047,-100.61818643914539,-97.09530975364584,-91.73119939197588,-96.75781131226726,-97.64551159171573,-94.50785531507069,-99.87921837428883,-94.26742224841011,-94.48978352154192,-97.21653596234553,-91.11228954718828,-94.04783365761456,-97.25735766501094,-97.8244860380823,-98.68926069148402,-97.78574659429485,-97.69892209310733,-98.35199801186911,-98.03543651221258,-100.97100588411568,-99.09794182560064,-102.18530432447314,-96.15022973558318,-97.15335089648619,-97.76128632966305,-94.73482652186684,-99.98415799013071,-99.52601503173685,-101.83716478376401,-94.32446985561626,-95.57692942682553,-93.40476759728206,-92.64581581387637,-98.66661918872212,-99.5269721699806
2025-11-02T00:01:00,AP_5_104,5,104,wifi,5520.0,0.0,0.0,-100.30528519621276,-97.1314920964129,-94.60690243581773,-93.48592243108169,-92.81486057056614,-89.48222450552774,-95.25550967004688,-97.18173676779205,-94.4679216403641,-95.12345882939194,-91.64565460323868,-88.73028042529424,-89.00026312626075,-90.03695716674447,-95.01394284000338,-93.79051057386748,-92.03145214686367,-95.61715862625819,-95.33768641709777,-92.1818673608768,-97.39858087779996,-90.02747126003838,-94.50985559444848,-91.68362417395579,-92.68484152964317,-89.54271593648215,-99.68983065736357,-89.52396112006657,-89.59096019745989,-92.46160358989141,-91.74136011242025,-91.51615483244203,-96.00855948670328,-93.14286369126998,-90.63523522182749,-98.66814099146889,-91.89219267257364,-93.04409057115156,-91.42323588319492,-97.12103448227074,-95.53625281570956,-97.49369744265803,-97.52593818566365,-90.81256876192772,-95.07193164489702,-95.2924009201405,-90.03342988854664,-94.3357483307875,-90.41410795677112,-96.45342629991126,-94.34407709114994,-96.02230695530332,-91.66160889584658,-93.92603966568002,-91.11191719864573,-92.84671509028593,-99.14318937706176,-94.09750433208904,-97.91156781690944,-92.26577360364772,-91.63973932390266,-91.32856079022534,-93.67385965971135,-98.20159623869557,-92.67653896170997
2025-11-02T00:01:10,AP_5_104,5,104,Radar,5529.89436228663,5.0,0.05987158770428681,-119.48337058242531,-95.61445451826778,-97.67565616265789,-99.2664630744876,-99.65610655352722,-100.16391770960288,-95.55735510675463,-97.58975651914045,-95.3108716775085,-95.62021663478937,-95.99801791995901,-93.44621118433696,-99.80803617003505,-93.43002062043735,-94.21041109520013,-95.98141481871846,-97.81201773234122,-95.26951268021931,-94.04227222110697,-99.58833647721337,-93.55857725351586,-90.17162304628474,-95.5830216931661,-91.47837488846451,-93.96322393582182,-94.59761663366804,-97.49023974402162,-96.41120864154813,-98.33054309861402,-92.55834538889589,-97.62171368863702,-90.10201824235428,-94.0730497652045,-94.20594207036508,-99.35868493911369,-93.39162861827386,-96.04906267225489,-97.08035076205603,-97.35584319779434,-99.11170192539046,-95.3584077098359,-95.88900494338458,-99.32889395386663,-93.84380223146384,-89.00263591799067,-99.66013999879421,-95.72779860086686,-90.41313626687102,-97.72020706006344,-94.06905471431229,-94.21057088528947,-93.41332403500428,-89.89017006666576,-100.75763119436434,-94.81544879589549,-96.89104403849889,-95.50740310236291,-95.25297255873869,-96.27050223759382,-98.64994816054747,-98.44561065757313,-89.0112493138117,-99.53280226308223,-91.70815526396154,-98.49319215676114
2025-11-02T00:01:20,AP_5_104,5,104,wifi,5520.0,0.0,0.0,-102.35983396887951,-98.27933936893916,-93.09221029462316,-94.51514810365924,-95.69427147568152,-95.48460775983507,-98.57934070952481,-98.39932300269648,-90.161320744469,-95.81255056774759,-99.63175858920138,-92.60426705089708,-98.43284044051099,-93.63000196062454,-90.9372783912755,-96.01113750543094,-91.88658504452049,-93.15832146428919,-90.63998274362794,-93.61429849597233,-96.94580082169594,-101.60878406942898,-97.73600821908443,-96.86651432590546,-92.38183784244109,-91.71734096201132,-98.64791697025716,-91.69107280328186,-97.6800368508124,-97.8599205865009,-99.51062286117839,-94.34655597527521,-97.11689384737792,-91.4207781535113,-98.08420509300639,-93.16321522911645,-98.9968232969119,-92.26419455316429,-95.00847351115618,-94.48094154098266,-96.43508620349235,-96.60502346239188,-93.86951433075792,-89.9343108598422,-98.50881911888011,-96.38174177277577,-97.19763433211875,-99.89510286038455,-99.93286816517534,-97.55738791196194,-96.54762972219085,-91.11156089419458,-92.39189897754781,-97.821078336595,-93.04131550403525,-97.75787175954213,-95.62330183030917,-94.38848286288513,-89.02982367308705,-94.55340490981196,-99.79384898290975,-93.12724506715892,-91.9482608937988,-92.69406510743426,-98.3425109074801
2025-11-02T00:01:30,AP_5_104,5,104,wifi,5520.0,0.0,0.0,-102.12055480012756,-96.81831741781785,-91.33399058057911,-93.50119918482814,-94.49216886930502,-95.7783075370012,-92.93610520568443,-100.77440412982534,-89.53272286465341,-95.9243930059419,-97.97719148679295,-91.68098447171717,-91.75094872099517,-95.3431040421447,-91.13805781909889,-92.11176334597586,-93.98103846653521,-100.0412158121506,-94.74133476103299,-95.09407272683673,-95.8668720119699,-96.23245409249695,-92.86583298005027,-98.85531492555052,-91.53854630896423,-95.27168652009125,-97.64687434761507,-95.99102879745432,-94.52340710298375,-90.7936911473391,-92.9899845349629,-91.57693066105466,-95.31007574081319,-95.7571799799496,-89.54985374583818,-95.53381225504387,-96.76374787061839,-97.07005188895636,-94.23595829687787,-98.37279871176793,-94.57123559760406,-94.62881360145238,-93.34707798072922,-100.36983615344437,-101.11593099777832,-96.4339353908464,-95.53888124254333,-98.4719749216558,-99.22576395626146,-93.82338065300246,-96.05623028862901,-92.69462504194317,-99.24834215958245,-95.44513837681284,-90.10312871059146,-96.01262186581995,-96.87083382304733,-92.38430773839544,-91.46478053649126,-97.02614633511317,-96.80584842493386,-92.52454607380407,-94.22046607441789,-94.15284040941071,-94.410530241709
2025-11-02T00:01:40,AP_5_104,5,104,wifi,5520.0,0.0,0.0,-103.15536596187083,-96.68058070071979,-97.29578623402317,-95.46335463722511,-101.13017879381457,-96.32943233904673,-96.78212755965117,-96.6691108600927,-92.49414911201248,-99.90598469473368,-96.27148878988415,-98.00400912203855,-96.80271694386849,-93.66000605832198,-96.54133783010026,-96.9790865929208,-103.20328967071983,-93.80174379254136,-101.02485909773785,-97.56762042103581,-98.72462992037298,-102.999177718688,-95.73846685439409,-97.42084462801624,-94.61508699787115,-94.52195081349561,-94.30994083379693,-94.63425170461598,-94.67634537499514,-93.29107004627544,-95.07903767644717,-95.51181211098154,-96.65708116178388,-95.38192494529773,-94.59586879208507,-94.68322129646154,-96.69451325914928,-89.78952669442859,-91.56142369408128,-98.61547337175068,-96.18095764354801,-91.32291878685311,-98.81508439079013,-99.8645142466363,-88.12795338717787,-97.61502932334287,-102.21577762509175,-98.62479749071852,-97.44220734419065,-93.72882580521004,-96.05704226550964,-100.38950813535415,-104.97243134950537,-94.69205557590001,-95.97781366049496,-92.54141958723052,-98.07026748479662,-96.97761267219198,-97.78785517272998,-98.00904917231748,-95.02032699877735,-97.54398956067705,-101.22528726144951,-92.23550382526034,-95.51265276000034
2025-11-02T00:01:50,AP_5_104,5,104,wifi,5520.0,0.0,0.0,-101.16006581031901,-88.100764329875,-98.78342319617074,-96.35116401378622,-93.20266293592115,-92.9782510754213,-93.86676331627763,-93.3564920437143,-96.082132472588,-95.18772088950175,-97.31747961551162,-92.97181217808877,-99.27565530408404,-98.26612071332802,-91.53439803431678,-95.94060115395561,-86.93160741818267,-95.55870286418853,-95.54193533083848,-90.21360253042467,-91.22796386543678,-94.75025341995578,-94.43944518370495,-91.14787587722616,-93.55661937448248,-95.16460153602901,-94.71446854257584,-88.24414687965468,-95.09708574967551,-95.10614607127822,-94.28354162281127,-93.97914504045995,-96.38370732518919,-89.36994830725367,-95.25659422697326,-92.65083182520509,-89.22308280977563,-95.14784966169385,-92.93904612437615,-97.81575436515453,-96.45884689741864,-93.70195476252428,-95.31349969735096,-91.85047830221448,-95.65013694306344,-94.88783018744127,-95.97544644010095,-90.76925112573062,-94.69405294268472,-96.0407513796451,-96.71419121143681,-97.37013543393587,-92.03966434800358,-94.35333533511869,-85.28602333574801,-95.75000869070031,-98.77035345078441,-94.75630470364405,-87.3313477521521,-93.06850443678162,-94.36790244965705,-95.72150274594377,-95.10585797854232,-90.541972813311,-96.65106479169009
2025-11-02T00:02:00,AP_5_104,5,104,wifi,5520.0,0.0,0.0,-100.85372856944088,-95.92196911951775,-94.38387642105921,-94.44795489480094,-98.35150926706862,-93.02140436513307,-89.86425750454906,-103.89518649525587,-93.30172185624518,-102.85916976168,-89.42234769545884,-95.62667977161905,-93.82141185416744,-96.8885946931636,-87.92513482653052,-87.60284661825204,-97.18847621643162,-97.53689017670438,-91.3393208740757,-91.26932720209169,-95.01848682114387,-97.0250803263555,-89.34820784768493,-94.66482056436269,-94.83935445736263,-93.49764525336029,-98.30123915156967,-95.75495854580056,-96.89427520516058,-99.82572048547596,-96.45616894309956,-94.04551476784388,-96.27948375903746,-94.31605121185089,-97.09651818227131,-92.0636610199803,-90.93679465368646,-91.91116694524251,-93.42138578179782,-91.43761695830865,-95.74153290365625,-96.27403409395683,-94.10704063955455,-95.52415072556047,-89.77356564785755,-87.81572101318609,-85.97834711040421,-91.09779730420674,-92.77790363861031,-99.7518643753866,-95.11454727367789,-96.078425103419,-95.8583273676804,-89.79886098545558,-89.50368334272555,-95.12346242474011,-95.69762505972348,-94.51665540961292,-99.34494716526312,-89.99013488585477,-91.37223805449123,-97.5643447737493,-97.50657448247249,-88.86560063810455,-91.31291630284143
2025-11-02T00:02:10,AP_5_104,5,104,wifi,5520.0,0.0,0.0,-100.7811238851368,-95.69086234101142,-95.1778723835076,-92.9999605887116,-97.31080653046835,-90.64077270513813,-89.08606924855746,-98.28346168557898,-92.11337631271306,-91.40172097529161,-91.16214688829798,-98.73764337711447,-94.75277458640282,-95.48649869915724,-94.51204528158662,-97.48546539225251,-88.60473748521731,-92.4722051699954,-96.83080640775798,-95.43526576996706,-89.57618925204176,-94.08220663928628,-89.9442102645695,-91.75388275846794,-97.85360357892726,-96.74942584637591,-97.30091030084142,-92.38183209231475,-88.06191742437723,-93.26173280624656,-94.10326713395989,-92.17028164752637,-94.00771021282132,-94.79269949275597,-93.20165551335187,-91.50294420413576,-95.3092636951091,-96.7783696420812,-90.93848208812209,-100.43817591996249,-97.75134585565931,-93.75379002221796,-91.1176223102388,-93.17488924339935,-95.50070850495041,-91.35920403647958,-96.13747941455672,-91.78650979831292,-95.13740584487188,-97.35809177631477,-91.64773897901124,-89.04724484325911,-94.98229351668375,-90.79999632960974,-99.73004793903573,-97.89048941339088,-96.7474225703869,-94.31451077638613,-92.39330381924096,-97.50351089925687,-96.64962354713893,-91.41692210040796,-96.409144658207,-89.7288705056678,-96.06770468800639
2025-11-02T00:02:20,AP_5_104,5,104,wifi,5520.0,0.0,0.0,-101.7695029100273,-100.67319644257046,-95.24489439836394,-93.32211611656527,-96.20057237855703,-92.37654756343731,-95.13410801856494,-99.07027114273464,-93.89852567834984,-94.62548757409986,-95.30567122299152,-94.97357828618757,-92.61325076846558,-94.8634224924713,-93.01346467551107,-90.3835008926606,-92.63678915790497,-94.79729952641944,-94.95635496117588,-95.66982087176973,-94.63321983950789,-94.45069831632185,-96.87779384930843,-96.3093539755331,-97.45622225798881,-92.59120696132453,-94.11957272576201,-94.88089514290787,-96.78868566172397,-92.99900234514205,-96.7432843779679,-96.89946270796213,-92.61287824016424,-96.00439184648681,-93.99395389938086,-96.38854580930952,-95.51641584115367,-94.92453092377548,-91.68543868327397,-93.66913041272889,-93.32588615658732,-93.33164180742561,-91.7341227233468,-89.90332687988703,-93.16336187495614,-97.51868478429589,-93.91169326365083,-90.84060976111589,-98.59369500283653,-89.78815833627625,-92.64741139625397,-93.82132888579022,-95.63413454312672,-96.36239206883702,-91.72044500757883,-98.66573703642695,-88.16630905266001,-92.02152203513747,-93.15215291842674,-93.61508930925622,-96.82005256555543,-94.14318252917623,-99.13681224367083,-97.93820462324094,-99.53127511532514
2025-11-02T00:02:30,AP_5_104,5,104,Radar,5520.487847850109,40.0,0.14291849069725723,-102.44519693147045,-94.5155875865434,-89.22289974438743,-96.70908699272749,-101.22801896141885,-93.99073122963279,-92.524823544846,-95.03603978152066,-96.2101643879927,-98.32328232701802,-98.76845202944008,-94.69916063652245,-98.73818866482216,-95.01605802325756,-98.45420069334929,-93.21061515883756,-97.24564675321786,-96.35807178812577,-94.67325516673755,-92.45993687910372,-93.72265699175014,-95.74088513274734,-95.86692445573412,-99.36321075866815,-96.7839723263566,-91.70099801445838,-95.64190636531869,-98.26956724147864,-93.73307803526846,-95.47779152600575,-101.73912800058416,-98.59787301523613,-99.62412192015715,-99.13216857115422,-97.978926596399,-94.13649930197501,-98.91862916544927,-100.0389831152099,-93.8141209135972,-96.40146741610631,-93.4701694212728,-95.6368600184859,-84.86549110774745,-96.49897681325331,-98.54634810534498,-95.28924821122739,-97.00392690693648,-95.0283046514681,-96.97900823625002,-92.41155101956538,-92.25484733401018,-97.82050641352883,-93.89322722444474,-93.35473823857453,-92.89209330991822,-100.17254761391331,-94.76796643678111,-99.15158356531832,-97.5587484379542,-95.74105469936916,-97.88431481100646,-95.98975000288223,-93.4651623337861,-95.1123582925542,-97.43174292367661
2025-11-02T00:02:40,AP_5_104,5,104,wifi,5520.0,0.0,0.0,-100.54407566080536,-98.3393817834449,-91.4971763547685,-90.19135987270666,-94.26159674138253,-92.39434955046384,-96.35234419848578,-95.20680537398147,-92.14705673246004,-92.9580959385669,-92.36959208422795,-92.08944025539522,-86.50387228560777,-102.17119364543849,-91.59993402333917,-95.18785651358886,-96.00578401496554,-92.26773955443922,-92.76654455222216,-91.15023393383987,-93.18140170748279,-96.0766230001052,-97.2505020632946,-95.28502001107195,-91.42338772104618,-90.58381757650216,-98.78990225664917,-94.29655931583235,-94.49584291065841,-92.6415422003886,-95.58712948372342,-98.05321009107926,-94.68379536330623,-89.87238735276895,-99.93560855696795,-97.08332574185609,-93.91615061467502,-95.3554924281538,-97.00963797358985,-95.67772204577261,-92.59461452383717,-92.8239198649583,-90.96208910853856,-91.65083951261592,-97.6888811856522,-91.93334945363716,-91.52406967508605,-95.05382179407945,-89.84039828671017,-95.44270381548282,-90.3607361818189,-91.76085703830321,-94.07237446171652,-96.52625049090777,-95.26320596640352,-95.55404779133188,-88.11388064593541,-90.30395894921254,-90.53998348082585,-92.5679851117214,-95.02351710242223,-91.34130781351698,-96.32196832790167,-88.97990027303783,-98.11629531655245
2025-11-02T00:02:50,AP_5_104,5,104,wifi,5520.0,0.0,0.0,-101.48115443815048,-94.97458363746696,-96.89145632957485,-91.11341682760933,-95.27643073881217,-93.10659763667036,-93.6225162205338,-105.5214757783971,-94.77557801589913,-94.30716922125505,-101.41934395885238,-98.46059129950565,-95.23461752661278,-95.9697861788273,-91.77187527031056,-89.92588495762045,-96.32553879488785,-97.14714084302375,-94.67953758396116,-91.34356268686014,-94.52271565464353,-91.3031094053803,-91.25541391370146,-92.70968351549351,-94.65317210788551,-97.72618899790051,-93.9526311491946,-96.28706811358587,-89.29025117986316,-91.18442649831962,-94.92863608240657,-94.79357609515013,-98.80518473859443,-95.92023214362172,-88.31529700984186,-93.30435524267591,-94.80294256019236,-93.22057463962882,-95.31950097627507,-94.60075469067816,-94.53330568096108,-89.26448825357969,-101.17996513326196,-96.65196167432539,-101.37433886018101,-95.83771956716146,-94.82312805161534,-92.65391535584801,-97.99282172130178,-97.09856736541633,-92.50770315833556,-93.02788089682805,-95.40453044866908,-101.55701094006456,-94.59302724093544,-93.88167500371006,-94.15478047451398,-99.43018474786173,-97.94790089353198,-91.89395619155387,-89.80204741856255,-92.01137528360815,-95.99344169007155,-95.50505105230351,-97.47248065012485
2025-11-02T00:03:00,AP_5_104,5,104,wifi,5520.0,0.0,0.0,-101.31990674998953,-93.13620758941443,-96.55873622396517,-93.8082590594036,-94.82753326446546,-92.6981208374496,-86.5203748405164,-89.73454609614947,-90.79289237648173,-98.32220222889637,-90.06203610188787,-91.99795328151227,-89.9848154578028,-99.3546128931952,-96.40437190997018,-92.1961254898697,-99.04970545338296,-89.68058203427208,-92.40507814806732,-93.77974540660217,-96.8717314035126,-96.2528705964854,-97.59948688975845,-94.97159393288273,-91.59482825009586,-95.32726636963314,-91.5638779930391,-98.35994339509446,-99.71667470804692,-90.77855163002141,-96.29439278166433,-94.78153034372824,-96.89706137318598,-93.5109995259885,-89.20360011955728,-96.63180235530587,-99.03280904951676,-97.81867694116028,-94.1721119477071,-97.85952974101298,-96.92872892309235,-100.60162573231455,-93.4606415272374,-92.061881898303,-96.96912313074111,-96.39605925031574,-93.73499002481078,-92.7033603765758,-94.10927425431079,-94.01859249697549,-95.43201690391908,-92.39114873463221,-92.93545780886957,-96.91204267059071,-95.43519606457583,-92.6029594073009,-92.65843003423181,-97.37923913406146,-94.4748901733273,-95.55275828978178,-99.96775206339653,-89.6648452206392,-95.41965942357986,-96.73312278150651,-94.46207798242592
2025-11-02T00:03:10,AP_5_104,5,104,Radar,5523.9536220295095,1.0,0.03176522591509469,-97.85110148855546,-97.20715174830701,-97.38629060469482,-94.45727539809545,-93.61360322904619,-97.2569560731007,-91.7642654021929,-98.09038306680283,-94.79838747205028,-92.94135098864932,-100.47052643239996,-95.48306775677473,-92.94263636081976,-94.00231474605572,-93.82789484226349,-97.74961736088801,-96.23826065873557,-92.13535414067444,-89.98745958209801,-98.37505173315579,-95.71764288488563,-99.96849671739805,-94.58832095930482,-94.08496854969862,-95.07627880608503,-92.66933239814426,-100.87031379860284,-95.24835748207266,-92.95594668213614,-89.28032158652938,-94.4153850507726,-93.39459563222529,-99.73445226595867,-98.50382375444141,-89.90299174064265,-94.04370633988849,-94.83961186211198,-95.76081087085721,-94.0391776625979,-99.14405934571539,-91.35481365488533,-94.32665239726666,-99.96847292703889,-94.11558856890424,-97.36056149928925,-90.6890438787458,-97.0658838583451,-95.31534747981085,-94.86371799055841,-92.70285068717634,-89.8252155465217,-94.46442951014387,-92.89650971611256,-97.20764004714643,-95.34640622242937,-93.91272395280154,-95.34001293166966,-92.30944653014289,-96.90998028745337,-95.21790331889899,-97.67864048304494,-92.37433995968539,-93.87453003187265,-91.549868114908,-96.30905559763067
2025-11-02T00:03:20,AP_5_104,5,104,wifi,5520.0,0.0,0.0,-101.18208176370705,-93.80356805426572,-96.63408290806021,-89.82685237875043,-90.32008370900236,-90.78002042898966,-89.93082263695038,-96.58244849437409,-96.77565317730996,-92.53403874406368,-94.31729785297223,-97.6337334939899,-94.47241116607717,-91.13627967155702,-100.96506311911016,-92.09124736530595,-99.21955482201604,-94.45687182354214,-94.57190910642406,-95.86743311401466,-93.95585174620692,-89.29018776836024,-95.20750476056786,-93.62974434227198,-93.98540245173137,-93.99527597105802,-95.20676762135355,-97.47854419104193,-95.38409567726289,-88.61240172850509,-91.23010637365256,-95.66890235176379,-89.23759709921686,-99.25535449913974,-93.8651540622931,-99.25625586688959,-89.59707970651459,-96.90929491415726,-91.43844702458905,-91.28352747614235,-91.07096482025369,-94.49691145962073,-101.09391491834619,-93.66816989848358,-95.2205056397988,-94.77093850895417,-96.28531633388106,-97.16481598027505,-97.91924396572117,-93.35560659994411,-95.0942746145562,-96.8850275872039,-96.95428951054669,-96.3203995611626,-99.56276682243897,-94.72159194369218,-95.23489389842271,-98.4394211910509,-93.56683048677658,-95.61281954209463,-92.7288025019907,-90.3691106481707,-95.61167655589603,-90.11414366668156,-94.84164237407802
2025-11-02T00:03:30,AP_5_104,5,104,wifi,5520.0,0.0,0.0,-101.61565049331308,-89.87683144895335,-95.80709780113855,-97.45171839710494,-88.69307771091457,-98.2137352661534,-92.34615204351796,-95.73017766331118,-95.83052197500385,-96.72860012081743,-93.56004107072427,-94.62159210655166,-98.82908781928751,-94.74071406090599,-96.81854523932839,-95.01100258329183,-93.12398835525616,-96.12599398110123,-95.53448810339505,-96.75344265424324,-93.39177419678157,-94.91990461923942,-93.41705580981589,-94.3646018904602,-89.06078450340556,-93.39090176903508,-94.3458996012316,-94.0998340925458,-89.50689402539966,-90.71697263102155,-90.48345549361325,-94.64198792886548,-92.38890494104966,-94.91751758245061,-92.57682908027789,-94.74253458555233,-94.98523713664444,-95.6797156017383,-93.88187029880964,-91.81357641102238,-91.73675905772961,-96.3932228789329,-94.76340093202987,-97.76331019624912,-95.8564880774048,-96.54549657883923,-98.45492127289643,-95.44507211049866,-89.43860935969076,-94.75484182255654,-91.73263788020056,-94.52310283450085,-95.51891110274181,-90.92405406854117,-89.78885693545631,-97.99255549187232,-90.77120668194092,-93.86019107893458,-98.12173928860157,-95.63747537148667,-94.79738631936492,-92.4311759562181,-93.1845758071217,-95.58132890177374,-92.40956484495918
2025-11-02T00:03:40,AP_5_104,5,104,wifi,5520.0,0.0,0.0,-101.12876438598117,-97.17905074675248,-92.20303462108645,-94.04568287615383,-96.10245061253057,-93.05754610702772,-100.05016909169662,-99.25755897186042,-92.41144582018869,-99.35320599379448,-86.5894096001753,-93.81058251483154,-97.77003770351956,-95.97585826336126,-93.64197578392461,-94.11579130938769,-98.3520372818046,-93.35010973047538,-99.74589250445419,-89.97181198148834,-96.28912843448164,-95.46654764921156,-91.27454747357064,-92.35261037099392,-91.24062363505985,-91.7216213594478,-93.47774946701558,-97.9135371550329,-99.20409670321129,-94.02722957582148,-94.60919329571414,-92.25641246930242,-96.55463551884118,-97.10769577847464,-94.62520599777132,-95.4601931377707,-98.7985598187558,-94.10125802916981,-87.30458446102547,-93.87178095608941,-90.76606720095369,-89.33817274443554,-93.78740375978529,-92.51659165027593,-95.65878802709304,-97.5360170589437,-96.36296206230071,-89.71140724111271,-95.29052847145503,-94.4309749006475,-96.466926048116,-93.68987209593769,-91.46249413194735,-88.5417597019188,-99.91258028243786,-94.94902722536033,-92.19888360047139,-91.68211983083873,-90.90317449290288,-95.69259024258298,-99.20288442557798,-89.90749909336144,-92.74577558158691,-93.87059954981459,-92.01927197871436
2025-11-02T00:03:50,AP_5_104,5,104,Radar,5512.94051282904,5.0,0.19000438821424628,-97.6740837480041,-93.681651319371,-97.97190332405289,-94.0166616365431,-94.00808994734683,-95.1148723890475,-93.6147483600197,-95.97677058641081,-98.45669538495089,-95.57968527333539,-96.257366190916,-92.11521701887366,-93.723041484256,-91.51832124566785,-95.67427412250152,-97.69637006954574,-91.38448360534724,-92.24727097703021,-92.38077840523246,-94.17637593843503,-95.08220773908769,-93.65759687177503,-94.1196458238869,-91.58622537545638,-91.95878845253509,-95.22729376083042,-94.09547184449741,-95.69678208578759,-97.34625448918794,-90.18776862323267,-90.04105119698066,-93.36247525843393,-93.9828117721302,-97.1308808419039,-98.30441196561556,-98.85929917530092,-92.97926264369625,-90.4781081143781,-93.18536678076723,-94.3995411330255,-98.226805600881,-97.56434415058766,-90.97932034910153,-91.09367234849887,-98.96879358396018,-91.54448167433819,-96.33231333432667,-96.96696340400288,-96.66883451567186,-92.28321772494998,-97.34174202778857,-92.9619027291396,-94.49909610009165,-94.11893355511401,-96.35144069044483,-96.08273260972538,-90.4999311452922,-93.53636970434043,-92.6034735572319,-97.0576598003239,-91.56970104569679,-95.23780348260924,-90.10481720749853,-96.20871393396156,-97.08008256949516
2025-11-02T00:04:00,AP_5_104,5,104,Radar,5529.526503999601,40.0,0.08229440702136909,-114.64129324934972,-99.4341564810785,-93.42492586849737,-98.33274887407104,-93.23070989289208,-91.67558641175599,-93.59375803258006,-98.82018326618325,-89.45513981252888,-98.60020443694134,-96.32494239451363,-90.51839846552002,-93.33155311111139,-100.67631457936044,-93.82884820110823,-93.12433539636133,-91.15718754479705,-90.76942714430417,-92.1044692288865,-93.71899763481944,-95.66073242246755,-92.12553030107306,-94.10512666048157,-90.69228498586952,-91.42935497387147,-99.18205173788832,-86.08390977673983,-93.87802672175921,-92.21354269843415,-98.96765323482443,-93.97068850495673,-96.07550113464845,-90.75976176572344,-95.39878472835944,-94.15392918761992,-100.77644038512831,-95.1193419674851,-86.30887898952318,-92.17916530212186,-95.12319233251061,-91.3138633336067,-95.81499872621983,-93.59883802680784,-91.57121975765949,-91.54265230004056,-85.12234077451393,-98.85143821907639,-93.84596046842657,-91.60952879646334,-91.52433956116485,-90.91657490347666,-96.54424918222244,-95.8027051559109,-90.90369187895648,-89.9202094422611,-97.6690016518991,-99.66859737049562,-92.30265758791305,-92.95480492921114,-95.09807678754166,-90.3887048914286,-91.88941183337359,-89.29459579589688,-94.69057299107747,-91.02867115330609
2025-11-02T00:04:10,AP_5_104,5,104,wifi,5520.0,0.0,0.0,-102.28714049594126,-96.23719591294146,-100.9868449069447,-96.618584022959,-96.17520543806624,-94.42219481477723,-98.93492998588566,-92.91296989421988,-94.46919510379914,-92.16986350971021,-94.23981226822096,-95.2756341573581,-98.7931507105053,-99.54878813370317,-96.28206426197187,-91.90536124010376,-96.1884230823066,-90.04233989586135,-97.97848539550822,-97.88739563397648,-94.16827458580975,-95.75051483107046,-95.97310238881997,-97.07692011715962,-96.71507948138084,-96.4063628169809,-90.65330236118568,-91.06854168872867,-93.06735326907211,-90.86909176155345,-98.91141503262828,-89.43981476608215,-91.63877479322704,-99.00131091306466,-90.25265995354313,-91.86993954517207,-92.9444757095485,-100.36391352217402,-94.7738755989523,-94.47975740838574,-95.11172066379748,-91.92021646845305,-95.18817903899362,-97.465907497213,-94.19127640131342,-95.89373081925199,-94.96591938579508,-99.07556906326285,-98.20578962220137,-99.63188127326006,-98.69750411820316,-90.92474389484353,-94.28147992852638,-98.56000633361077,-93.1870156140277,-91.5799533454267,-97.0949084044916,-96.8271064022144,-96.97253417051171,-94.97757610087693,-98.46110116618385,-93.36397931986102,-95.4529973199494,-93.93941850480856,-93.64265286591194
2025-11-02T00:04:20,AP_5_104,5,104,wifi,5520.0,0.0,0.0,-101.04469025172675,-91.38704729561508,-95.02021594470733,-99.3541202311452,-89.4953756819305,-91.62785075736964,-91.75509139063273,-93.02114170887165,-92.36460982116415,-98.70913089291753,-95.82462728597211,-94.24448987591263,-95.47127213658548,-97.2024262941946,-98.01281514015345,-97.29717408152507,-93.08820778707548,-90.36197325801778,-91.10274235773821,-91.77700519084858,-91.79151877108198,-95.44851926389833,-93.03594876266192,-94.66126519174874,-90.02334477123732,-88.90869151806129,-94.11406130060243,-96.14079393681158,-96.93357524990158,-90.21863730660898,-98.26473583308578,-93.13850451922724,-93.18358408441445,-95.49449087650129,-90.62879407996,-93.27215190135232,-97.63079054149664,-93.46501157908558,-97.1512649229115,-92.40122138131785,-98.36732279904835,-90.14307018768152,-91.66305573691211,-93.25989245891921,-95.28207711978709,-96.03783484688378,-97.44260782253171,-93.4172411616362,-98.63482223330253,-93.01187045633556,-96.51413702300421,-93.22330317647194,-97.66995767918662,-95.63608812936543,-100.50751706146488,-96.4119008421175,-97.28142927240455,-95.31938950915577,-94.55336228935359,-94.74669538361387,-92.67284859278493,-97.17990700880388,-96.7090037807637,-95.29873459739761,-90.1653778682994
2025-11-02T00:04:30,AP_5_104,5,104,wifi,5520.0,0.0,0.0,-101.04701344872859,-95.82748337839828,-95.39217091688018,-94.38176558020812,-91.91509186374029,-96.30443495646736,-95.8653938088393,-92.80151908871234,-93.77798608872419,-99.89264909821556,-93.74141918997148,-102.1837220890184,-98.65140864981387,-96.343539436104,-93.91441168034092,-93.88821475187738,-92.91625298468975,-90.64614580675114,-88.54844311961848,-95.95343121820443,-94.08997423625217,-91.75864305206049,-94.70501539047844,-97.37278163715753,-93.28541156242456,-90.67014772367023,-92.57962359524936,-97.09623952103914,-92.71539443039579,-94.17922668908615,-97.80750859776947,-94.62040203308851,-96.95329294873846,-92.41402856859403,-90.53351411055122,-94.92230926880896,-94.4155415070166,-94.85456132431145,-94.65752049045373,-98.24149883052529,-95.22075047019028,-91.04048590688198,-90.51033245609915,-95.06131270428574,-98.1618851682007,-87.9975229060721,-96.54064511156604,-92.57223920407523,-95.4323753782753,-90.73065056995091,-92.60209995211692,-90.7132822185812,-91.25134778012763,-92.38141347219926,-91.64331082185304,-94.78474316455151,-90.44402949526352,-91.55427645538339,-94.05124171919657,-90.75535239936069,-93.44734594133415,-88.55263738186505,-93.55629670630822,-93.91776747972689,-94.81615401855532
2025-11-02T00:04:40,AP_5_104,5,104,wifi,5520.0,0.0,0.0,-101.7114327455295,-92.11748272580068,-97.82506066189204,-92.78116367871695,-93.18571845799076,-94.44780168041765,-100.73923313246134,-93.37143891452672,-92.99678312558078,-90.80247032512663,-91.25080135841341,-97.28903769526991,-98.05281084988987,-97.76756718127679,-93.01006987552249,-92.13720426178175,-95.72242134536194,-96.62029496191734,-96.3233868237697,-97.86850151866892,-96.31472213939774,-94.25735397551986,-98.21198832787228,-94.51357318907593,-93.39301262949407,-96.79588625025124,-94.38691611159,-94.67739602032776,-93.6164919033357,-96.45722040364075,-91.97996389169288,-98.42255875026748,-90.294503891247,-88.75915402481169,-93.47496059100874,-92.4119402330472,-96.91348985146843,-90.53095670670987,-97.1328433505659,-95.15544453398387,-89.33274495609311,-93.9036272443202,-92.56425031901914,-95.15745944576472,-93.96834614029449,-92.18216072312877,-92.33964590344445,-95.12081830067974,-96.58431684177974,-97.26865132026238,-94.74015971136897,-93.08855832274047,-88.22590138754283,-91.64674047955731,-92.67776354632494,-96.03399721157653,-92.24764637950663,-96.54156355228001,-92.71030523496216,-95.27737985211975,-96.39833604559256,-92.08186040222286,-95.568849471491,-90.87259338250962,-95.42250182334364
2025-11-02T00:04:50,AP_5_104,5,104,wifi,5520.0,0.0,0.0,-102.13458899312849,-97.1439516445383,-94.6336309369778,-98.31099931626817,-99.31266473084649,-94.3223916968231,-96.55498963214738,-92.80136172791329,-94.18261381452673,-95.86516131146665,-95.09614010327667,-95.3473705522602,-93.58362583816601,-98.41499592336007,-92.51045849697233,-93.11614549761362,-95.83143119615399,-93.74202087130675,-93.36698040349218,-95.63989528610409,-93.76931690049462,-95.42906012045232,-95.99464908607565,-94.18629432833154,-91.15776073608102,-99.71657919746087,-91.78373607602161,-94.8650638114005,-95.43889066236792,-93.65415749830008,-97.89970861476226,-100.86541234406587,-103.02239221347959,-92.48805687111434,-95.05756128286805,-94.78275036479612,-91.3713343247472,-94.80360030194672,-92.18599037840237,-97.46678904504844,-94.23413831853198,-96.94861329934326,-95.15212082691089,-97.0478548377141,-92.07837346124765,-96.84475328882675,-98.88284741034994,-93.62445720962926,-95.4003874330501,-92.15286906677558,-95.22084984965888,-97.35598910865652,-91.14557410817639,-95.7201459417708,-95.36592364485736,-100.09117035961685,-94.89556496994045,-89.7144042868375,-92.69997407332332,-95.54961481920178,-97.49854147869752,-99.71326505923946,-93.24878085767398,-94.47281112230662,-96.04082382803391
2025-11-02T00:05:00,AP_5_104,5,104,wifi,5520.0,0.0,0.0,-99.0587012745307,-94.1382421977973,-92.08324276311286,-92.51550788773257,-93.94948692811796,-92.58001590484346,-89.7258700796807,-93.57741890061722,-93.34483674423056,-97.69922521261037,-95.35347797632791,-96.7675609891115,-89.11994064460882,-90.90724195840885,-91.37829190184192,-92.52129708821134,-91.15822545304074,-88.90082064573264,-89.65975915119644,-94.49071508677788,-97.46211363762627,-94.89993109761534,-94.94221506013251,-89.49129909373966,-89.42383790616148,-84.85941897091601,-95.44280523497481,-91.49625756653151,-89.34537455394859,-89.4985552589846,-96.1459936045265,-89.44105573225261,-91.19814017217774,-91.2469257331944,-88.41989573000993,-94.845786039023,-91.98543917822197,-96.4009468707217,-89.42447638363629,-93.81566406070122,-94.84627084372623,-96.38670706771433,-89.17189492616772,-91.06921417079293,-87.37496335165847,-87.32277628101714,-89.48834349239984,-95.03761035649642,-93.29597629241334,-91.78670344456575,-88.32091175897096,-84.73487616877448,-90.78613531083015,-95.19335370008794,-89.60848338084882,-89.65997882286449,-93.2766962664179,-89.96335859441427,-94.73498703514136,-95.13033062702733,-87.3130726031319,-91.70844669786732,-87.26181955951851,-92.6760040729871,-91.90697432251135
2025-11-02T00:05:10,AP_5_104,5,104,wifi,5520.0,0.0,0.0,-100.76706809595564,-93.91419818249146,-94.96962719570465,-94.7757268363118,-97.47275770479031,-93.86592393381461,-88.4443546703934,-88.73919890314802,-94.63098671235437,-91.22030137739968,-94.49375159159092,-88.66897295406261,-88.54622782348585,-90.44275989512538,-92.48495580870141,-96.03578889075199,-97.26812382935958,-97.60743823859866,-91.60745579890252,-94.72994503055813,-97.48972267176124,-87.1773035812956,-91.54125711511918,-93.28739283710225,-92.2464066720737,-92.47985910560594,-95.2906488097933,-97.988311653813,-92.84165831104862,-97.41560786842878,-95.41889757414569,-90.94604900020894,-91.73904309536879,-89.76073449451498,-88.91910758881194,-100.65007355701303,-90.36515947037184,-92.88468534438373,-90.31350387908682,-97.14175642967639,-97.62228607041745,-93.46690298670295,-96.64183735706686,-94.84662004158164,-96.26823025371509,-99.57000536562829,-89.78276871011936,-97.10835971206652,-93.85323394153778,-94.50573952798055,-97.0138463279822,-99.08685645815515,-95.23472511633987,-97.40280155703162,-93.646007353321,-96.92764033307236,-89.29103379256914,-94.32179687056204,-97.63319905346964,-95.83222653356646,-95.10918032161511,-97.56371416993812,-94.01069318688975,-93.88775548311419,-93.63878108462681
2025-11-02T00:05:20,AP_5_104,5,104,Radar,5527.717053367024,10.0,0.08106783795812758,-115.58378684245366,-92.01891397020586,-96.45595885584846,-93.79059445886611,-94.07801900320564,-88.35497146010559,-92.08066899773358,-89.0293020022066,-96.1204787767656,-92.07410639172896,-87.3463733011478,-95.39414424441689,-98.08837053632516,-96.00381906939955,-97.39211409684495,-91.62870726944548,-86.44226615169964,-93.05115000216544,-94.59244904252492,-94.09898188290391,-93.48591907601252,-86.31636383626314,-93.79066313930257,-90.44965072025819,-92.98215798140002,-93.772929512414,-92.30002924794037,-96.89740935443969,-90.97710682294627,-94.0256273234857,-93.02913578742593,-93.4872915136221,-99.54051085421672,-94.15171594862562,-95.0696307640416,-89.11292370789799,-97.1932442416262,-94.81275085974521,-97.09841999677951,-90.24734093957217,-98.30025812868563,-93.25706088309694,-91.98840111069362,-92.6409898919687,-92.55352741946965,-91.65359015935097,-93.90860894940948,-91.1181323164963,-91.77293064634601,-95.16859472287783,-93.82088395572869,-89.96672415243503,-90.72230462306662,-90.38041242848573,-92.17826513061621,-89.264084959046,-87.69679662212813,-98.7057305568646,-90.49398307620706,-93.64292983586436,-93.23720511773408,-93.36953281011267,-93.59382168326678,-92.58023806075624,-94.74428951384503
2025-11-02T00:05:30,AP_5_104,5,104,Radar,5524.836632061934,10.0,0.026873793499482244,-99.73016445354375,-89.8546454702341,-98.22219644928592,-92.2042172004682,-96.16116590219029,-96.00701914182372,-90.98781027245764,-93.96707622192228,-95.95148121605689,-91.88307892845776,-96.34909352771662,-89.08733275004667,-93.67465609390497,-94.20024962823587,-91.69420721454549,-92.08776692377049,-91.81613480301203,-95.22796286751746,-97.77323101659987,-95.25958987174606,-91.44468386296226,-94.6656954461358,-91.96365152837333,-93.64664992537922,-95.37758436068975,-91.565699508034,-93.13151867050172,-93.15325814476442,-96.84285712051192,-95.26807004052388,-94.29442255876108,-94.46551022935195,-96.92893951118161,-93.45746180823711,-94.8872855348616,-96.8337317414915,-91.95823062221447,-94.22335378006736,-101.3902443928436,-101.36845262458792,-96.43350599614334,-93.88967598347949,-93.95479191135915,-98.75032723802491,-92.3496326704067,-95.01504091643392,-96.27344453644827,-93.98228477721912,-94.68635055091902,-91.56469398693147,-94.4635951420241,-91.76151917206502,-93.33432629941132,-93.73909855224844,-97.18274019102088,-92.8097481275475,-98.42500934463632,-94.1858214896875,-87.50663638014463,-97.35199574213883,-89.08177328099895,-88.93209144982796,-93.54618978626264,-93.06778776266823,-96.10964912615972
2025-11-02T00:05:40,AP_5_104,5,104,wifi,5520.0,0.0,0.0,-102.13891839017775,-93.6277324175855,-92.34412716344863,-90.78742951759511,-94.44501601828586,-94.18624092736653,-96.61374192487578,-91.9210839479128,-97.64630979237762,-93.06431168097467,-101.02184231477976,-95.55985245650123,-91.33692267165665,-95.23905702226254,-96.75495557308525,-98.36158944321735,-95.27473327137527,-94.21902672361577,-92.06440049736078,-91.9404814135941,-91.28894408499153,-100.10355725902936,-90.59473336470677,-97.4426859415114,-99.57163155627798,-96.23339314060685,-93.90035049854676,-97.46610923514503,-91.92744165836663,-98.49141639037447,-91.73312270896187,-98.25177214283562,-93.06909684290558,-91.94492874013788,-91.57037834550046,-97.31058864727598,-97.61899397359369,-94.74274673293226,-94.10647051910323,-94.7350826501981,-97.02507394994005,-94.90016805829248,-93.29236511922177,-93.52107240386567,-94.56158122422244,-90.55368688018359,-96.78673769305075,-93.5613988743824,-97.88610239938703,-92.37203859218681,-97.11610715233975,-91.43507683869312,-91.9806127446732,-94.67317670178532,-94.35357073496958,-97.60199258406364,-91.79772699771522,-96.26868095243465,-96.29709975451435,-91.26612127281629,-89.51737573066512,-94.1896314752451,-94.60394849857535,-97.07774522563555,-96.28659075007626
2025-11-02T00:05:50,AP_5_104,5,104,wifi,5520.0,0.0,0.0,-100.50772589621614,-92.08041874484724,-102.03153409932037,-92.65963900620208,-94.33634695921369,-95.25809974500177,-98.19604489852253,-92.75580270183303,-93.07217493172294,-87.45700174791801,-92.43011285641788,-96.2992390521143,-95.47239516625272,-91.0497523999582,-88.93482108509923,-94.27482715950084,-92.7530684263108,-95.06065537212125,-92.11153323083236,-93.36464031017283,-93.74265471040447,-99.42624390451729,-92.04171700870648,-95.43796255412218,-91.33350620962506,-93.07823588409109,-88.27684056686566,-92.78566837369459,-96.27813913403921,-92.35568976244208,-91.51234155418939,-92.91302780583307,-94.35732411345802,-91.85144103121343,-91.70135623351914,-92.07136422716823,-92.18065889144121,-90.5872297379158,-89.49461136693188,-93.5946280839556,-90.68722513844583,-98.6707389273318,-93.12934096001514,-86.67039565519869,-89.0804806931331,-93.60055371721684,-88.96277754801953,-96.22948413321677,-96.17224485084321,-93.6421591982219,-98.46867023665092,-88.63266466623506,-92.09528974470491,-97.29336967117297,-88.96416778938392,-92.47207521394712,-89.33019502159317,-93.4820197183482,-95.50924677355901,-98.39484856884232,-99.60477997510192,-94.49614870203314,-93.36862267151064,-94.86054385193744,-90.77655829281682
2025-11-02T00:06:00,AP_5_104,5,104,wifi,5520.0,0.0,0.0,-100.75362622519138,-94.11980898308798,-92.5760118134108,-91.28914193767041,-95.08487905811687,-98.1174659404094,-88.31392448728613,-94.22153089119213,-88.20662154472969,-92.75815897860947,-88.9942579844302,-94.15777863926441,-96.57463489740964,-91.44536664497065,-95.46130772098766,-92.07402226957633,-89.16564574702153,-89.03426909198309,-98.38899477577232,-87.49295542349134,-94.28958919392656,-93.2003819569479,-84.02254292825617,-93.49719918136809,-94.94435577022095,-95.2093669149936,-92.44683603625869,-94.70210463561949,-93.13907288297557,-102.45046291492089,-93.54726257799388,-94.07706261457396,-90.0522351253651,-90.66155454318726,-95.384855625328,-91.64997369420101,-89.67710856183285,-97.2733849424472,-100.20516418905778,-96.87011704723746,-94.48150742621468,-89.61891846679646,-93.97373513368186,-99.14319271537165,-92.41791256625889,-97.40961656412458,-94.04522714823699,-92.08673953755553,-92.78141593732332,-94.04301281527246,-94.96584830003303,-97.12285084471625,-97.42906524563422,-89.88647746855408,-96.71088305901061,-91.04157757222293,-94.84219106013337,-90.99631434159082,-96.7618763277622,-92.34364378685393,-93.96316120337637,-94.94562504929883,-95.79215535189856,-96.52867780527288,-95.68469015261934
2025-11-02T00:06:10,AP_5_104,5,104,wifi,5520.0,0.0,0.0,-102.52780480926857,-94.3220986520988,-95.4006589955148,-95.48892912752869,-92.77609379116012,-90.3468754257812,-96.88323243090922,-97.45227125325323,-93.72196628534425,-98.19326447861948,-92.98426448841101,-92.11617450234819,-98.58749586759367,-98.36725922723441,-96.54568170372195,-89.59294649771935,-94.3979187077954,-93.05053435205271,-96.94496057455535,-102.45262760327502,-96.75845590478794,-97.13871291795084,-95.13421308829446,-100.29967204112836,-94.56211314893059,-91.80339308099295,-96.02615505970644,-94.62491906948691,-99.54283911696548,-95.61028760010379,-93.73573946545838,-94.49987795027099,-90.37229214472241,-91.67610146660496,-93.5969449920801,-94.98540556077172,-97.61794627616477,-97.98780704467225,-98.48749299875541,-97.58591829882128,-95.27389407061843,-98.72941864258607,-96.91298919069209,-96.03405284299588,-93.27759684849174,-98.44436192167325,-94.80612091557596,-100.3860392343115,-97.45624472091876,-95.79714991692504,-98.85271268192746,-100.08950175810433,-95.03630137491588,-100.52071876520452,-96.23580889100235,-99.34596944143127,-94.94929953352514,-96.49964141301703,-95.31371711562319,-93.26638770901326,-94.5860504207983,-99.26270403189866,-92.5896447028591,-95.35492850055921,-95.36175210831458
2025-11-02T00:06:20,AP_5_104,5,104,wifi,5520.0,0.0,0.0,-102.78564729756114,-95.9486234591286,-95.08629258152355,-94.59240375616291,-98.42169576338442,-95.94944313293892,-95.51283559892487,-94.05187748509843,-95.44964441641984,-97.50075651440225,-97.51621163193096,-96.87568057736578,-97.97018020709095,-95.61530329249958,-92.13042173162329,-90.93379490852178,-91.41880938724046,-94.94428903679571,-98.97133846083321,-96.14304050963356,-94.08768831310783,-102.92710862452303,-94.04653985668298,-93.89127720093444,-96.39387938133588,-95.72970878477466,-95.81907281812533,-93.482582698501,-94.61537721855377,-92.37547492946497,-99.49355009574482,-93.06522472350589,-95.19071979707294,-93.42092638460244,-92.63188343667022,-94.60224853829195,-95.5987064694863,-94.73730662072205,-94.86809273259779,-98.55036059939074,-91.63479817753337,-96.37075702144956,-97.93630881729246,-98.60818195279536,-96.72146434970664,-93.99734399334922,-92.58413558992626,-96.62126965659951,-98.99910570780519,-93.98784389032964,-98.47689176642983,-96.34840434274768,-94.8887878919805,-94.63788664319276,-92.97507027521749,-99.3630308790877,-95.55853604354702,-93.91377909430193,-91.95559959479569,-100.57823863597133,-95.83994275754421,-93.11803383424802,-91.57956110720245,-95.59159661238328,-94.60814003594189
2025-11-02T00:06:30,AP_5_104,5,104,Radar,5525.243641722085,5.0,0.17808734020465347,-112.20688616723154,-88.49692094425072,-93.55262740663392,-95.84360444601175,-92.17997368446699,-92.73047956672515,-93.57521872836924,-86.86528652740238,-92.61677309217407,-95.01498556300109,-96.51611980658883,-93.4299806961162,-90.50988772587361,-94.8242357375776,-96.42750668701785,-92.6760548880633,-92.35223156974305,-92.44944723057019,-89.12544610232436,-95.42850777265267,-95.1825891692655,-95.19236241336941,-96.92249487304186,-88.60791731252141,-90.72409875047984,-91.40279873289447,-93.68846359138116,-95.90855434974785,-97.18799983689635,-95.9011818193875,-95.31973457231133,-98.45935239367606,-94.91007928261703,-97.69714927145263,-90.87464195039493,-93.33873829717906,-96.64433416410185,-98.87004821817698,-93.34465292444423,-93.5964539046927,-93.59959357881542,-94.44482704460987,-94.91420460923432,-95.38901966918667,-96.75992049418335,-92.94401621303108,-97.32906791307698,-93.26965007155998,-98.84453325458624,-89.44414475612655,-96.8699774891773,-93.70311513049629,-93.69665794700721,-99.95961141742347,-89.75440667719728,-100.80304739902346,-94.91170446865561,-92.23182017626571,-94.38397018273689,-94.65373567736557,-98.40893063751473,-97.475351462494,-91.91222846984893,-94.67005626414348,-89.93623454886585
2025-11-02T00:06:40,AP_5_104,5,104,wifi,5520.0,0.0,0.0,-102.42001703146754,-91.81550926804081,-96.90348906508801,-97.39390326883223,-96.58980165050183,-95.80682343919189,-98.46273212947138,-101.22865420965799,-92.65743835812242,-99.30592840411315,-96.54737245564253,-94.73097763750181,-94.99644157270785,-94.35811709923384,-92.54703969419354,-86.96543274506601,-99.66799882709222,-90.68559570445548,-96.31668456831137,-91.24202044967285,-94.41527376968325,-96.73159000809977,-94.8285917152002,-91.00618780434569,-93.03239596619557,-91.3966849428444,-99.35432150503264,-96.17144511842736,-93.04846824607752,-94.83223672980462,-94.66655407396905,-94.52202785750521,-95.54161416932526,-94.60678012760914,-101.91191774818697,-93.35802687027834,-91.12368040253179,-93.99277452409726,-94.09570580590751,-99.1718313163628,-96.56870391438017,-99.75361721915893,-94.28238409892764,-91.02662983398731,-90.5676665007423,-93.54563546268925,-99.09358374725102,-100.654912430772,-92.06247119778027,-94.37407524395348,-96.17802201122144,-94.75553797322415,-92.03127755099868,-91.4539319885575,-93.3006749288009,-92.82440303342109,-89.23209491392694,-95.85443903226594,-100.08481606492313,-97.73837712736213,-90.07765816023057,-101.57556052102208,-93.57030494436252,-102.41002618142039,-98.0165097248161
2025-11-02T00:06:50,AP_5_104,5,104,wifi,5520.0,0.0,0.0,-102.18711612870368,-98.66596967083653,-100.43675018806037,-99.4154593218387,-92.46366616905651,-97.16687421848708,-90.77884730739804,-95.53767238387616,-92.40025207708044,-98.25155880281935,-99.54769355684698,-93.77288723440425,-93.30768553453284,-93.11514979557487,-91.17798934170682,-92.98879755484103,-91.79587948422622,-95.93569869900192,-93.77057912317822,-95.44829443576991,-95.55677981709188,-96.95408041031614,-91.65841835816674,-98.35002218081188,-99.06261561899457,-99.40775996410302,-97.19781275202183,-91.94202441641869,-92.59814760720234,-90.82785131834488,-98.65609204618515,-97.81551683191505,-93.23887359397585,-91.47467942130424,-94.99663154663547,-98.32933636214923,-100.11920129587273,-95.62139539914425,-99.65606085524131,-93.6747893834228,-97.11288548236159,-94.72791282852415,-87.33383831808081,-89.2319983081721,-92.22819566812447,-93.3380385630795,-97.17870300917787,-99.80641576536675,-92.68252055866486,-97.02057563462407,-93.4001834908312,-97.67467053366373,-94.79042973746498,-94.88543793554659,-98.41935225676293,-88.61466575353394,-96.4988523111684,-95.6131793667914,-92.92780042626269,-93.82610741985049,-92.94673083624838,-97.48853403243962,-97.19274852790083,-94.60591831795698,-97.55140280707862
2025-11-02T00:07:00,AP_5_104,5,104,Radar,5520.873256203413,1.0,0.03763904056830387,-94.78626438581203,-93.68285922267594,-94.50232717424521,-93.56112470160843,-96.50232262550847,-95.41047921801191,-95.8920952097605,-98.72985949868773,-95.76192014017448,-97.93711253463296,-94.70278381885738,-102.11468594165837,-93.20872388069492,-98.33472928010625,-94.71591574133693,-96.00175175754725,-96.30481242641262,-93.31457129378039,-91.42647081498316,-99.26733824745754,-88.78138252329516,-93.16763937486022,-95.55951028086295,-95.10965183165935,-94.99253198438693,-97.17040084927204,-88.61393468273724,-94.26237457813298,-92.73127596034107,-96.8994575258248,-95.80004857699439,-97.63922443618546,-90.50912563658964,-94.73070563340019,-94.04854933136482,-93.81751872272588,-95.99508096595665,-86.60018466257841,-96.89396385637392,-93.88859075369578,-92.05172000528455,-95.09090964806676,-94.76622558703113,-96.79718418321639,-94.42417348206946,-89.15118237161066,-97.84517349264746,-94.08395420618163,-96.44239352327286,-89.67332898141343,-91.83619199299955,-95.37985016606012,-96.22103011278955,-91.53935480155998,-90.5938859221825,-93.81844743093157,-94.1374414309863,-99.13774143672593,-93.6621341138141,-98.95383586037457,-101.83694092867643,-96.50691009576634,-94.65323673574673,-91.56664232887402,-100.25738326986882
2025-11-02T00:07:10,AP_5_104,5,104,Radar,5520.509375106463,5.0,0.1937114584269228,-117.72682030144495,-92.56573249588098,-96.18685257230376,-90.03697166335483,-95.39051370246145,-94.26668994121654,-94.11665007107527,-97.2656015374883,-100.26838188212584,-90.33424541892295,-95.35852144983282,-93.8722921698223,-96.93213328079956,-99.77536870760666,-98.00395025476364,-94.40927467039842,-97.0929126250092,-101.00767960080333,-91.51431677548466,-92.53874826321282,-94.73515539339192,-92.34340689447288,-97.62590151184429,-96.23956386601571,-99.08999401110299,-91.86187424155803,-90.53974467829144,-92.21717176769612,-92.78397515712896,-93.96679798132138,-95.76943087840651,-98.25251361949651,-94.7223774645838,-95.68884029884921,-100.5006354389024,-94.60344724925439,-96.68657722955268,-92.41061513596613,-92.40878415970771,-99.03097083806553,-93.34944584249406,-97.25256425338026,-99.46430867783812,-96.98227930832832,-97.44645574807625,-94.99845499653114,-95.12768868321658,-95.34889191740073,-96.44912105219086,-93.3024838832502,-93.50105190149272,-97.83571926846018,-97.25169648901719,-91.65841145600277,-92.85395477887144,-93.59907679698034,-92.75835293753765,-91.27639757121398,-90.15901367493012,-96.52466523650575,-97.20976383278796,-94.9941501017045,-94.57061961274168,-98.48664387073875,-93.72787280297503
2025-11-02T00:07:20,AP_5_104,5,104,wifi,5520.0,0.0,0.0,-103.13145320234489,-97.16644246397213,-90.61686712124583,-97.01612893702277,-97.38827403305021,-103.13764466355853,-95.96165996739471,-97.09858305195715,-92.02054203895919,-95.69882805723194,-97.61892262550637,-98.34252746427225,-93.81359436349332,-95.81880566834211,-96.7626332551962,-95.86096028922418,-93.98836777345852,-91.2497064488222,-96.48047139134296,-97.12834158173348,-97.41441145015067,-93.21729561972917,-91.47513821876439,-89.94815575967247,-98.68133106440195,-95.77780297639224,-97.0136140175383,-91.24195065776975,-93.94099820670048,-95.96022356705048,-97.00794357404537,-96.04796854303068,-94.42476747613716,-94.2037490747119,-95.3408538364009,-98.36860454231288,-96.4530449735037,-106.25149512921293,-96.96540316313526,-96.70886240564597,-98.644154018957,-95.89156938300222,-96.17227507078705,-96.4165105991377,-97.99871708321523,-98.08461639287879,-98.81572635549809,-99.76084111205049,-91.26974361868173,-97.30794801475676,-98.05192944601883,-99.83760911548143,-94.23846627040176,-96.15235805628718,-100.69305768754711,-94.81984892662287,-96.4418189079023,-96.69240267732967,-93.05219256551212,-92.81414894033509,-98.08231645195416,-99.02013529700159,-95.70270673000556,-95.75074240441273,-100.4020016568111
2025-11-02T00:07:30,AP_5_104,5,104,wifi,5520.0,0.0,0.0,-100.99191769835616,-92.02657689628641,-95.37091653481876,-95.66097461881989,-88.61968543697915,-94.77154940439627,-96.245347693372,-89.2286722522008,-94.7012988065268,-93.0565964431315,-94.42179399926972,-93.64686717695037,-90.75397330565602,-93.79733754538383,-92.66493155079695,-95.22927967460693,-90.14884239152013,-97.28413355464896,-94.9683843653521,-101.29618115813798,-96.4557607317635,-90.80012978199402,-96.45985322705519,-95.23924274281683,-93.72451566062884,-95.23874184336107,-93.82009442266481,-93.35381508623142,-91.59231733384078,-93.75929433409405,-98.22533572136612,-96.22592785920129,-91.50219205206247,-93.80075015461915,-89.70184257865087,-94.9892712479368,-96.28415494310607,-92.91996483101252,-94.14561888132218,-99.85549289412596,-95.01902620622836,-94.41624291956303,-91.60395834676913,-93.22727514093496,-91.35953985535598,-95.56291138448441,-88.97667203971615,-91.1716393276519,-98.50687597474345,-91.26333404719207,-92.28172610258599,-94.85014810831709,-88.2201414149258,-97.3676361678454,-90.44441672441195,-94.59013589408583,-98.4403576375037,-96.83902050337471,-98.65391692141695,-92.33064892560284,-92.41442425266187,-96.10199104958353,-99.14405019510338,-98.4734480801179,-92.65665203897008
2025-11-02T00:07:40,AP_5_104,5,104,wifi,5520.0,0.0,0.0,-99.7458385150854,-90.417904777146,-94.4817931291323,-93.41875904492844,-93.74092793564878,-88.22096509964172,-85.45171727625295,-94.28732840595238,-91.23666032799372,-96.0421302565923,-93.14941301521101,-90.22140694264736,-88.38831157777979,-87.32657734912056,-95.49539362104377,-85.85644775486476,-96.38714674695714,-93.5112963897671,-94.95103517369753,-93.4495261277419,-95.40716866833023,-93.68321224826903,-93.39287787559729,-94.30467991188542,-94.74131214237775,-91.28401744283886,-96.26810586179663,-94.99290576857553,-92.0528311066206,-95.3069897901496,-85.43976146111402,-91.92074787052505,-94.75394772773485,-97.38017630491872,-95.0451363942914,-85.59463648141389,-89.37128868517668,-95.35443281667263,-91.41109596969004,-93.02747485969107,-90.02841149255876,-90.1033111729749,-95.4974572666994,-94.33021220637222,-88.12557862855728,-87.42809319263583,-96.56288017977626,-91.8052502483778,-89.65255877452208,-89.25588992754517,-91.9353063943857,-94.4273737550591,-90.07797451787542,-94.47912075448207,-93.23495405501207,-93.23448002140805,-91.51400300424525,-96.04208154218104,-89.67811864969795,-94.52544946948379,-90.43103878629681,-89.0739636210063,-89.76675678002685,-94.09738266757472,-93.8751412608772
2025-11-02T00:07:50,AP_5_104,5,104,wifi,5520.0,0.0,0.0,-102.64854715979341,-95.68202203873635,-94.67073163116147,-90.30331653625063,-99.25171292321484,-93.08785168715839,-98.39815250482059,-92.69297727818586,-97.20230693319645,-97.86212698254145,-97.76429757799713,-100.95517503886107,-93.77699244393888,-91.01820592716736,-99.43637236507095,-91.99588368725631,-93.53346384952975,-95.8861756325842,-89.12086456166082,-96.68139588931886,-97.48347206556919,-93.57551087360278,-91.77474586588,-97.80621156947898,-88.67212414246379,-97.69672726398545,-93.78517965306169,-94.28850876010154,-94.147755721425,-93.64088271299103,-98.96957091587348,-99.3775502607949,-99.28949706150976,-96.69550521307266,-92.18665876812939,-100.25710365215686,-93.76971612401802,-99.34501058561037,-93.98818764231717,-97.24641823299365,-89.03943571750553,-94.51148843396291,-88.59945995487689,-95.48903270451758,-92.05278765202694,-92.03825319700012,-96.04273338301631,-91.32261125782833,-93.03063308790715,-100.01703342070284,-91.95512665980789,-96.2915383622059,-99.29696300179818,-100.33670523622047,-97.58775422237183,-94.14333918520073,-92.90152738550854,-99.44541671621649,-100.57890544407832,-98.02927899480775,-91.36254104243119,-95.16599171562473,-93.25668720447085,-95.47187051450899,-99.70509982482749
2025-11-02T00:08:00,AP_5_104,5,104,wifi,5520.0,0.0,0.0,-101.71450276802496,-92.91398623628326,-95.48081221336851,-95.49164682023557,-94.80601241760591,-97.72493770443026,-90.46166197429325,-92.80552531203509,-94.23511248217865,-96.30344606547246,-99.80552641499702,-94.79148017802501,-97.99542517912735,-98.38350679042598,-98.4272803593891,-97.95561901292119,-91.55049584741018,-96.49636076097175,-94.62215353159283,-97.33814180061785,-91.87213755791034,-96.17456862167228,-90.49730706831511,-91.62051676958008,-101.87638300177096,-95.93482464072633,-97.42815451920481,-94.99022467220284,-93.63297010073916,-92.27323425408228,-91.10642514775505,-94.23477525115284,-88.6639684581262,-100.45031404854373,-98.150632605427,-93.21770545882839,-93.62751075683934,-95.21671172308295,-91.08962078618862,-95.46883632576682,-98.9438213196014,-89.45079619272182,-92.63694278510297,-91.59868606026691,-96.51074131031596,-93.55401821766847,-89.77544277989824,-98.56178100598687,-95.41878310871029,-96.62713760165093,-93.00983938349148,-96.07762450655031,-96.18441423780793,-91.80004810128611,-93.73521529104939,-96.3590873406846,-101.04166900127217,-93.24543139022249,-96.18542374670504,-98.15995731742234,-93.04444504128737,-95.00324152817535,-98.33431698922881,-96.46611665010523,-94.59117800266489
2025-11-02T00:08:10,AP_5_104,5,104,Radar,5524.353101850396,5.0,0.1967780801232289,-120.6457599130181,-96.96644541651165,-95.49145966383203,-92.06807729868106,-91.46879718242418,-93.62854560500662,-92.86466589185024,-98.572127607346,-90.22929277122141,-94.35168699791188,-91.55041982225836,-92.9919443959116,-98.45037974007721,-95.1812340234951,-92.27299782553442,-91.3491944589264,-98.41022443123485,-89.1365739527686,-94.63041293352076,-101.06068788901771,-97.45818302083414,-95.28155034649164,-100.63426223464018,-93.6935678963773,-95.5814153254299,-92.94527948385695,-91.03197142704808,-93.77927100738984,-95.58959170499409,-95.73758800405815,-93.39336890769863,-92.60047074908296,-99.38151851791697,-100.91619555400985,-88.88835322238515,-92.78863853535469,-94.0078489146856,-90.93130857742625,-101.78840862959672,-95.01313640718953,-95.60387942003464,-92.52484184233609,-96.36018203826217,-98.15993667216314,-91.12169604617877,-95.62841502025057,-90.2702519499446,-96.8840940921431,-92.4437538745212,-93.42939757913803,-95.48715204635218,-95.85164625273039,-93.91492187939434,-95.85555350162059,-95.86828063523134,-92.18187122635146,-95.82206253932185,-90.29307188683616,-97.07152070538292,-98.09716037162784,-98.57041976282662,-91.2464529741209,-95.66974056486275,-94.45715696649184,-87.25728875189697
2025-11-02T00:08:20,AP_5_104,5,104,Radar,5511.943234836262,40.0,0.12708274182547033,-105.32621662667381,-99.28106778554665,-89.22815042845876,-91.59383753314782,-93.7734018735342,-93.94454353949395,-92.75796224779167,-94.14521749928844,-93.90542808717844,-91.02039998552782,-98.2154247862339,-94.72511994063615,-91.16318881946388,-90.8746173209633,-94.33093986520277,-104.36311348508688,-94.1880203340295,-89.84438293146167,-87.14357416540803,-94.63872356898914,-94.23707123579436,-94.67269539723712,-92.78068074006168,-94.85178138815374,-95.5786821628117,-96.61727606271164,-93.7632284372812,-97.07586521426478,-92.9894402931826,-93.54311124018383,-95.31349263447827,-93.6560825847476,-91.70682219483945,-93.73378596280833,-92.44943386438173,-90.87798008344232,-92.46078897407813,-92.7648758789142,-90.16097841855574,-93.69607985116527,-93.10968880245393,-96.77539746016721,-94.8192073070172,-95.38736862548544,-94.14065486706839,-95.46701999502645,-96.18884730382311,-90.11580206126409,-87.37791060808702,-94.97263971049104,-96.90876302885836,-95.02594492830043,-88.89678734803068,-91.65052134322542,-92.16747527369147,-94.17343832536484,-89.09942992184942,-85.12407917020336,-99.65865380006302,-91.38159924513735,-90.3798311016012,-91.27430144276524,-97.10109848606012,-96.31175124686561,-93.17362135687132
2025-11-02T00:08:30,AP_5_104,5,104,Radar,5513.725057836671,10.0,0.1710919832494186,-90.95848383870886,-95.23390518235948,-97.9223051958982,-90.23042441379062,-100.90865075997444,-98.50986113411511,-95.02553826380326,-95.99085191471757,-96.66427341815361,-95.15919715970058,-99.94448963971664,-97.69003531272854,-101.11496500116994,-95.82454331429184,-96.63588236136879,-95.05318217826743,-92.64851501619358,-95.15293300326661,-92.03736033962711,-92.45302699127566,-92.8422614844573,-97.6313927666104,-100.48711343261598,-91.81940251572917,-94.7229271045386,-95.35279267078914,-94.2323723093137,-92.90875710491711,-94.96483390995394,-95.44172777253674,-94.46580268450458,-90.62904057026299,-93.59104651004166,-91.29481329114616,-93.60635444287414,-93.59403924551688,-94.33409662572511,-96.03363129887443,-95.07820902009504,-88.48055574478721,-93.61679750857016,-95.47902099016696,-93.78348834542791,-94.7866946414503,-98.83162610885691,-97.40993244452801,-96.71268532816332,-89.8966048979812,-95.4728571746156,-100.72401207499544,-96.0406879909769,-94.46002892666519,-97.65770694398009,-96.21233863472543,-98.62133272673029,-98.70552982136434,-93.4820307371768,-93.66522135763857,-96.52711940534611,-95.76402048555396,-96.03619629297856,-96.05134153308757,-100.95091704322739,-97.23994898249414,-101.8576570005619
2025-11-02T00:08:40,AP_5_104,5,104,wifi,5520.0,0.0,0.0,-100.50189946554832,-91.4523524504077,-94.3653734232227,-88.4488625062635,-94.4796330905029,-89.03574442976775,-92.17002490383278,-90.00771646491522,-92.66000767327614,-91.85812431755613,-92.52251596859558,-89.79774601751787,-92.24385273048925,-96.33597875810845,-92.70926430026539,-93.87995167637952,-91.01301662255675,-93.30203832463803,-95.85922255904715,-89.8897288873269,-94.27122586033316,-96.59901963287084,-98.1875069147726,-92.76201877045042,-95.39791576092081,-89.525796954688,-91.70132447897421,-91.30257324328595,-92.46223193324273,-97.16891155033059,-93.2498681761807,-95.36146269351538,-93.31792443656043,-99.86861749021428,-87.05332423955483,-95.5977786351093,-93.43231681788741,-84.14548255671964,-91.53471382857465,-92.75580026180272,-89.97913839172861,-91.03282633044944,-92.18322742708119,-94.88548354240542,-96.0677345813868,-95.20721475978198,-91.96548135838222,-88.89512527655492,-92.45798785782083,-90.73562136620801,-96.75384198862128,-97.0543019039223,-96.18091752907104,-95.38010105303894,-93.89790756134568,-91.93183557546408,-93.34095639123024,-93.56801337166318,-91.36711092237722,-94.80660504108019,-94.74051902129291,-95.95826514171405,-93.49337338002955,-94.27797245850441,-91.20577131720302
2025-11-02T00:08:50,AP_5_104,5,104,wifi,5520.0,0.0,0.0,-99.24409403715684,-87.90317674579548,-84.24965512796429,-89.74012125516263,-93.10902478010597,-92.0164536428368,-95.63852286108101,-96.16554245900404,-93.71732032442222,-94.34675231822665,-93.9407786093197,-94.7833219029747,-94.54551387846149,-89.54270708721792,-94.26931163951146,-92.64335995918499,-91.55177198063785,-90.79494460023052,-97.49620774176634,-93.17870804466276,-88.2193871769031,-92.2274772961661,-88.81098562475049,-93.51145004302082,-93.85423313058129,-92.0723802517986,-87.67627237659529,-91.5304655055992,-87.98923937030985,-94.11398208757366,-89.59129875617583,-89.09531531747022,-94.43802614330437,-90.49459620069376,-95.10330542247691,-93.06991529799019,-88.70210802069731,-97.06122559559431,-95.19170951860265,-94.44656181092017,-85.672220650121,-90.75853350142862,-90.62263896692663,-88.71984970312741,-90.835083976995,-91.24860078327387,-92.53357530088611,-91.41852499847346,-92.59871516814712,-92.1313883950285,-90.26731499075879,-93.70249991950642,-92.87889272784628,-91.50932715760723,-92.24521347774649,-87.20572035300917,-90.50826892807731,-92.29104025970436,-92.83205163637864,-94.65174541797313,-91.94745981078798,-94.7027311471973,-96.50791385040016,-93.44331255197558,-87.858209138696
2025-11-02T00:09:00,AP_5_104,5,104,wifi,5520.0,0.0,0.0,-104.19907294342075,-98.51595010482417,-99.55112467625904,-98.8535676052071,-94.36195231727417,-94.10753079216164,-97.78966310151463,-96.92787673498016,-92.09505027522962,-97.2402112201133,-94.3771264812467,-93.44481794105246,-92.87484667765882,-100.98179121847026,-99.5880599673294,-95.31940270373369,-91.7338866019638,-97.71014324819171,-98.50226212408595,-97.62831082027864,-97.82251495345864,-101.52188312868064,-92.48590853864582,-94.38868832383001,-97.31071947209946,-95.59288606862198,-93.92954035461943,-97.29113778503371,-101.28529111679723,-96.58064969416833,-97.46512691340139,-98.98103407357101,-96.8103236664062,-95.57894457205906,-94.42833737534362,-98.43716295220253,-96.55487869430998,-101.25984131196975,-95.21776705932015,-100.50700410731812,-95.83418944063973,-92.64142307017046,-99.06435750710473,-94.73374209504358,-103.56235368344036,-91.50851678155932,-95.82911889933877,-98.66489123838431,-99.17342175971845,-98.02082858447268,-92.40325053516858,-95.22255534087358,-95.98489372668845,-98.78654721623796,-101.21964910149887,-94.76577240059446,-95.73127385110749,-99.79596508526419,-99.84883539347288,-98.3056953641487,-94.35369695069276,-100.81495328030269,-100.17481139279606,-102.79032617426634,-101.1717790900473
2025-11-02T00:09:10,AP_5_104,5,104,wifi,5520.0,0.0,0.0,-100.77291792341295,-92.22582007080503,-99.1227817617424,-95.83129810988815,-98.20273589472292,-88.77067240352214,-95.46399533789986,-90.2122638093047,-94.29223239035197,-87.8099318645424,-99.25919066146541,-91.47534742529294,-91.15546736866207,-96.6726864093476,-90.71076791362654,-90.95071966289349,-95.77065305823348,-95.96930071682162,-96.76238554923728,-95.0359823839631,-89.92969244703802,-92.40162108725355,-96.10387861061461,-97.03250454776521,-89.53826853820183,-92.97255143092691,-99.14469123207952,-91.77241898332976,-97.61282142379147,-97.96018941789299,-86.9020189001225,-94.7167247419978,-93.83277624361607,-95.69074249382142,-95.70954446652571,-87.56986328626563,-89.76678411044497,-93.27828384557047,-100.50051717395557,-93.77060197160542,-96.4910173241601,-97.25741033674943,-96.45906026582695,-92.45517668414966,-90.63421827116908,-97.36963190192496,-94.08465960810359,-91.31691716739604,-90.12159726806883,-97.20421189760032,-89.91280613118889,-95.81644050971369,-95.95726530234566,-92.55173014574393,-92.94864308665558,-101.40975438886457,-92.2998455124301,-97.2077961704371,-91.58676828384945,-90.40628828846175,-90.41042124661607,-96.09342674173666,-90.30606843304075,-94.37863138376882,-91.05215543594572
2025-11-02T00:09:20,AP_5_104,5,104,wifi,5520.0,0.0,0.0,-100.88174098954877,-97.22730986143478,-93.4453020432531,-87.10862633789915,-92.06039539377454,-92.80535390982268,-98.98355796714273,-93.00392820697107,-95.19982138153993,-93.55046474899873,-94.45994576870766,-93.38746304647557,-91.85148909779711,-91.75436320473318,-93.38847688846431,-89.68357966736919,-89.88658038314502,-98.37997204043829,-95.17662770592224,-98.09830516902457,-93.63578497186683,-85.73871009506979,-98.41007044705837,-92.20416427546452,-96.34779406906766,-91.42687115302394,-93.03044634662109,-92.71180084279068,-95.46560816567629,-89.63553671554773,-92.15477590296065,-93.54066307710914,-89.27796366989108,-99.38645823563611,-94.25737545821644,-100.6096503189838,-92.60662056763398,-98.0384583124389,-94.35917575848605,-96.82190892983368,-93.61688036069842,-91.66141439188053,-88.94241685879554,-95.5691361345947,-96.62052103408222,-95.11763803511118,-92.60233389352202,-94.11348467312817,-90.53207195661341,-95.83828764663059,-100.96869883440353,-94.72103089719484,-97.14965511555526,-95.10796702658372,-95.77247690197166,-90.0421777276288,-95.19660304247046,-93.05701233409201,-90.16229135580156,-92.53375440443764,-91.80906214959376,-92.9577128948375,-88.60987008398139,-95.91456616042242,-90.21815172014402
2025-11-02T00:09:30,AP_5_104,5,104,wifi,5520.0,0.0,0.0,-102.20717077289248,-98.31203976975465,-91.985940199311,-100.85670809834892,-98.11112441604965,-98.67477364334583,-94.09652628397583,-95.9881697848408,-94.89251647080198,-96.68379651286683,-94.98108791964374,-93.56950613752306,-96.10921695308875,-97.12068709362602,-94.64657166787484,-91.39493879775468,-98.14324446327213,-95.83376268616335,-96.99243666737271,-96.14785066891311,-90.56245981226662,-97.59395664408049,-98.11077136665664,-88.19113427903403,-92.5432114409254,-94.09382344934193,-96.11909064327529,-92.26926091981676,-94.52268666735499,-99.77385103031285,-92.04113427854531,-96.68204708112971,-96.33240332970153,-97.72550718550954,-97.89053537996358,-101.47403673909449,-95.46467856039992,-91.1075361110234,-93.61784396272179,-97.67736889811066,-92.8519235960914,-98.84684003739295,-90.25023006648536,-91.42350066063509,-94.97507018955847,-95.94402382139123,-96.33898018828606,-94.36510927510531,-96.38385155449339,-96.37437659577728,-90.73392398891185,-93.77438289338997,-98.92672580155008,-95.25608660720296,-90.61426897634108,-97.57961500222248,-100.1146001355675,-94.44953041810177,-94.24118161486037,-93.78970599632775,-94.84266376136326,-97.50139165663377,-94.63920718068236,-92.76746458129033,-93.514980618646
2025-11-02T00:09:40,AP_5_104,5,104,Radar,5524.569993955739,40.0,0.16431857536471237,-105.69357612651788,-96.14447555788195,-90.57979293334058,-94.06743392941291,-90.318887098374,-93.59817458601695,-88.31869402341691,-92.43881923892137,-90.40016440769953,-95.74761037481524,-92.8650055523705,-96.25891145194639,-100.65689913465991,-95.42819599185911,-92.14128026349417,-97.00177628605786,-96.34204972167768,-96.0669906805995,-90.73648858049387,-93.05585681980955,-90.98839653596153,-94.90458887643089,-90.59282570904548,-94.00129840656095,-94.73382679859837,-92.30180373660309,-90.94292600700057,-96.89971482634182,-90.27115300065965,-95.19443813463654,-94.2656562787216,-92.9592222844066,-90.2398540300883,-92.41470672673849,-93.57280546584978,-91.94813154996547,-97.09269741665832,-91.44722776015084,-92.27419130780572,-93.60370919199643,-97.65644212087338,-88.43456633009532,-99.24403076942393,-93.76632712571124,-90.02673280228392,-95.25832493354926,-90.25547968766432,-96.59456253085595,-93.66980068661209,-91.76560891995818,-86.95246532522883,-93.71734274075548,-98.09118258119874,-97.82624266313744,-94.53619339345266,-97.00204545521845,-95.37744773099294,-92.0183573686555,-93.00436965223446,-92.97628198798785,-94.06512961043124,-98.69750020876536,-98.54451195493728,-90.09832707744303,-87.33249899196562
2025-11-02T00:09:50,AP_5_104,5,104,wifi,5520.0,0.0,0.0,-100.15161271573994,-94.89241568752624,-91.65516268731123,-93.38193176748557,-93.31049284040715,-102.54606338236455,-92.61136076115248,-92.0266141766419,-93.27973652119151,-93.70487166467453,-86.95318139359124,-91.09938191681384,-95.68914959241026,-91.982740230503,-89.98614134279397,-94.23990471913696,-81.67684404274874,-89.19380383697991,-91.90087996441419,-95.05613576246095,-94.69732866383369,-91.6552526371358,-91.64453488334097,-91.82294940365634,-92.60314925808981,-89.63689476340264,-92.47822569363257,-93.89317644463128,-87.76928526435283,-91.54094444358184,-87.32456449601843,-98.6390469562933,-95.86391670178043,-100.21223244148561,-92.13991448178686,-91.7652376036526,-89.39699765795304,-94.03417219385086,-95.2648797323315,-93.7437984125088,-94.07572809273722,-98.04412156243352,-92.86634958194563,-99.47567125509681,-93.33332333258,-88.90257597398221,-95.23503302826299,-92.92379177652772,-90.53474840565526,-92.5570356086805,-89.96960967403176,-95.2694565322121,-91.24148670700401,-97.69364472822444,-93.1545897029565,-93.83074934892981,-93.76498091786453,-96.5210861488657,-95.59257161282841,-91.31808090222529,-91.48170507191313,-92.98732314242112,-94.00321511988523,-90.02329659571905,-93.43514651233345
2025-11-02T00:10:00,AP_5_104,5,104,wifi,5520.0,0.0,0.0,-103.24726529120262,-97.70654982713299,-92.74604143513834,-90.06011442942544,-95.13042799158382,-95.1757816897447,-99.24128975442889,-94.49582891538091,-93.21777999280879,-94.82464199259154,-93.27298252493333,-99.61416629151307,-98.98156409651057,-100.42155076448539,-91.5281671990068,-100.44494956047743,-98.21531651815901,-97.40825715239968,-90.61900437888318,-93.54118402427429,-96.48145696682786,-92.19290290722873,-97.87632439121963,-94.46825141020055,-97.29236148685915,-95.30952547823028,-99.75901604564825,-92.57907817302632,-95.73954195426478,-91.84260423067914,-97.55974427860347,-92.78846695182678,-92.586292099924,-97.04927723344613,-95.87387720964469,-97.42617302940165,-98.28293664631597,-99.02190678781726,-95.2926389931675,-100.62958943082708,-93.11042072786726,-96.58426266670472,-98.48892461306333,-97.5574664656965,-97.01982653914625,-97.17935162086728,-99.66524932975143,-96.06653739857924,-94.85564824608409,-92.47152624386489,-96.07267793092507,-95.60943605984052,-96.49076443690473,-101.59981420244,-98.7133412680063,-93.68154348434501,-92.10028439172139,-96.84303918009509,-95.49660966681012,-100.37204349347265,-93.50203382919267,-93.40125576133151,-96.83062630520595,-94.09546397665463,-95.00750822837543
2025-11-02T00:10:10,AP_5_104,5,104,wifi,5520.0,0.0,0.0,-100.60004432654276,-90.89596779262564,-92.95759015220453,-92.26312042279555,-92.20469809627804,-94.63597316539891,-98.0313078388184,-97.61680664674161,-91.96547865053023,-99.18434338776362,-100.02889821352974,-96.50201579563891,-95.35342452925225,-95.03572739598101,-91.46528953189137,-93.6076002711314,-92.27010882036826,-95.35746031176508,-95.0255180631761,-96.86186022001375,-90.59543624715589,-97.32425101229043,-95.7710245166044,-92.55265131150907,-97.5589172531401,-91.8651358141271,-95.7010788720599,-98.26962003606337,-97.50738325727119,-93.14665493751447,-94.98640044212722,-92.39155750820981,-90.2390817626712,-93.38282705270976,-94.84823149026964,-96.26060124636739,-87.08248371670429,-89.70636183282613,-97.2188001171003,-98.40608859365496,-94.64202913458676,-92.4596312920707,-99.48597575682535,-90.46404078271999,-93.65130010458218,-97.72172499380119,-92.21520943359782,-95.18008404646142,-94.37465171251009,-95.49819326272441,-96.40418547702043,-96.737100695843,-89.1843573368157,-96.94447503339775,-94.5177434179466,-90.93829123185431,-94.10046471138344,-93.6294958982858,-83.99262174713772,-95.80777243988787,-95.58047693937966,-94.04460133737705,-98.56296281023816,-91.58972378838,-97.73365448417591
2025-11-02T00:10:20,AP_5_104,5,104,wifi,5520.0,0.0,0.0,-102.04013683780133,-99.22902029447985,-94.14138833579058,-92.3078084355559,-94.36137151845956,-92.61229835761769,-97.64420499851751,-98.62222131398147,-97.04527406480214,-98.08330765265538,-90.20014024544035,-93.05905770252951,-91.34946577876971,-90.22462777076885,-96.0163691141607,-92.87855303897825,-95.10917722617012,-93.3666400200525,-90.79248654313372,-98.74124143248414,-92.83672255031415,-89.72614993970035,-88.99627677273081,-95.29817522432275,-97.53136104939732,-95.83248916784976,-96.82187867655807,-94.2583211423774,-96.11812272459127,-88.0529994312707,-101.74141265101471,-92.76737074011353,-91.01299342842154,-93.48604421705464,-98.18367776236275,-94.85573123568875,-92.73091246829966,-94.64436878333191,-99.05179287335831,-96.59402775838252,-94.09328853314267,-96.8044009443914,-98.34685551865496,-97.28819750666156,-92.77153358045346,-95.25664716704304,-91.8628383037251,-96.33138899347105,-93.16407766785093,-98.71160318249757,-96.82285889404886,-94.64711952835465,-92.66631406050543,-91.53439557458199,-97.69180630075378,-95.79491308821414,-96.44081490574175,-95.6175374471384,-92.9885706923217,-93.03377078638015,-98.37913312363317,-96.50366295881224,-95.13638628820742,-99.4121489099013,-96.9191952328854
2025-11-02T00:10:30,AP_5_104,5,104,wifi,5520.0,0.0,0.0,-101.4399572818851,-92.90503539366375,-96.13904619709913,-91.1264483935625,-93.2250343671879,-98.62735026559434,-95.00673788665016,-89.25205099634829,-97.70310872454841,-86.83273431801958,-94.7332609312986,-93.16915675419776,-94.58183943418936,-94.22301627920803,-93.21786251391217,-96.69878832208107,-95.9409034912373,-94.27367008214763,-94.6279321710395,-94.7411577379415,-95.30154707067491,-92.77903565140804,-95.0395019043581,-90.22423625886996,-88.09102566428258,-95.34675412308486,-93.34606867555958,-89.30810721696234,-97.02521700814827,-95.02685751425777,-94.35556498920442,-96.49425761423775,-98.82917369038685,-92.81573979430313,-97.10943906255676,-97.37870925294662,-88.50831750429136,-96.28729223523361,-91.28315771857326,-91.6135869884228,-96.18730847146014,-92.4866993081707,-92.49500954433303,-98.65212581614425,-97.15529802471565,-96.63855910939385,-93.77095278128674,-95.9798883123027,-91.07796923573757,-95.06108614217673,-91.9451017346149,-96.6075821476314,-89.47388034120803,-98.38623898684033,-100.8142987352387,-96.28738586560561,-96.2868657623559,-91.20363249176981,-89.49055942400031,-93.10925235448138,-97.48343605116595,-90.86467092010483,-93.17687773519151,-92.62704280379083,-97.9997093378154
2025-11-02T00:10:40,AP_5_104,5,104,wifi,5520.0,0.0,0.0,-102.18657856990522,-90.13700691376508,-99.01069073062017,-93.05974565970689,-91.78593731252559,-97.02769675334616,-96.41662100359379,-96.25716052777452,-93.76413651874897,-95.61990221409604,-93.93089521659289,-94.57844676465317,-97.27941136920155,-100.45503279649355,-93.20805316059351,-93.5698920320929,-96.65685015129372,-91.16003051695122,-94.63619985027687,-99.96053926911797,-93.42095870604344,-92.24535766037066,-92.6791272692893,-96.73952885570036,-98.01670763452019,-102.6366136350837,-96.6086540094162,-92.31060166325332,-95.70279865714032,-95.55631243691394,-98.95693728757009,-94.54965519888658,-93.02465175484679,-95.97120342125748,-96.70620674255514,-97.52480804479086,-91.93441363929507,-91.1216633459456,-90.57258069371638,-96.27530208979165,-94.4852732868279,-95.49656045312433,-94.8747320313474,-95.51596971792765,-94.37419097938994,-100.47028574987905,-92.1148475761994,-96.48289581070125,-96.01302081783368,-93.39987602883893,-93.91883259465557,-90.65723817824927,-95.78822004916246,-95.46798068784133,-100.24058188179454,-97.32534488776133,-93.00416706201895,-96.89320408521156,-100.01317565748548,-91.05793366909826,-91.23380547505445,-96.80921109042025,-91.18956089434425,-95.69774422166338,-101.96668512447562
2025-11-02T00:10:50,AP_5_104,5,104,wifi,5520.0,0.0,0.0,-101.40438150378347,-95.04901537377557,-94.00392318612343,-89.83811256401388,-95.9617601062164,-90.4042352121397,-95.6014181228268,-92.19855634013835,-96.05990731100125,-98.096574088998,-95.6349521258373,-92.43586007252894,-94.96300899849753,-93.59508642218795,-96.43670543422212,-100.11945272928237,-89.22014398419263,-93.7783632545068,-91.56083012854582,-89.35168679331542,-94.97839637028896,-91.36903280917858,-93.27198308076761,-88.49022075778674,-92.68321199318663,-93.53885510495412,-92.00216577351024,-97.32874698078179,-92.18662869590939,-92.7394205463107,-97.27353976472168,-94.77712685980954,-92.90212741176377,-93.1467343356689,-90.90045961641424,-99.49862224503663,-90.7877257167517,-98.53413886369506,-92.40652054216652,-94.65682708515305,-93.5476379094815,-96.03457726708356,-91.44696280536898,-94.72047237543102,-93.9647235222927,-91.43776622029193,-96.12388284001065,-97.92106666708074,-98.36021280863469,-96.06829475578427,-89.9168431629746,-95.57392782983129,-95.00296760477937,-98.27554563525126,-96.25903463245032,-89.91586983723023,-98.62073888612963,-90.69467965626909,-95.12522624712892,-95.41787174619604,-94.85482378291161,-94.12930664296557,-94.98179479414094,-99.31423927286461,-93.1146923658863
2025-11-02T00:11:00,AP_5_104,5,104,wifi,5520.0,0.0,0.0,-100.94729556812459,-94.31682170598421,-93.7168261535217,-91.85000897285033,-94.47371062337687,-98.52984902994386,-97.99770283810159,-93.81563805408271,-92.50931091006134,-98.28716302582993,-95.45890968503426,-95.04960713953,-97.2164730806824,-93.95619522866002,-91.43957594347448,-98.39907914260512,-96.43104289243144,-106.82108603148582,-93.00491602092492,-94.46902209764976,-94.33314540284414,-98.4201781230991,-93.6931210673347,-97.61581216971321,-94.14370987664901,-96.18737806201825,-95.33513892029855,-92.73657137348424,-94.6600968973548,-98.63892622526018,-88.96476035438812,-101.39657070129059,-95.00563737793486,-94.36205220617694,-98.44150830043341,-89.24118490959229,-91.65708171758222,-95.0140072806545,-98.04548617529717,-95.83798750073069,-92.05243593822074,-92.71592726977232,-93.99438788320838,-94.3134357780457,-89.86267155443142,-91.03743483694767,-94.96572037481917,-92.3594799838647,-93.24644908559542,-94.13795283648321,-94.27219123471467,-95.25944091554264,-96.526486881757,-92.61658487638287,-95.36638733736292,-89.17487644724943,-96.58087927697471,-92.8585972180416,-92.52968641085445,-94.77466144960226,-91.75663378596629,-96.66989379489931,-97.98672992804403,-91.35269764347676,-94.56074364415555
2025-11-02T00:11:10,AP_5_104,5,104,Radar,5529.732386155221,40.0,0.09942905201468333,-115.03768068839393,-96.13034425824391,-95.95826410092772,-92.53800333090467,-96.58686005623514,-93.82454760202302,-95.23363964405476,-94.79970636162358,-96.11490506566628,-96.98439003430718,-94.84703552827492,-91.86155143626578,-92.54864114200518,-97.54949230667958,-92.77269531639276,-97.71332527727448,-91.20591222006463,-90.57678306450222,-95.41099861469431,-94.07414070424393,-96.04240131664463,-95.52717461931724,-93.42922347366583,-99.56414451786955,-96.12577239676422,-96.93462456593522,-93.96007251791335,-96.60694126600848,-94.28009034785943,-88.92493416659066,-95.6115653088495,-87.36942089001384,-92.49178617549323,-96.23796729185133,-93.76184683088867,-96.71190689551113,-95.8792096034482,-94.46047565491246,-93.73712515939144,-94.25863507950076,-100.83891889769767,-92.65806075838299,-93.10807715100229,-98.39931886810133,-98.07106031374693,-93.29303593098537,-89.9409439355101,-94.58296199235006,-95.06565049594712,-95.19304500265885,-92.40254697148676,-88.78183405831366,-93.45190132832457,-91.15916470981836,-98.95849877153945,-90.94428662030225,-93.49096082695442,-89.11610650296927,-89.48889083457132,-92.89824864157293,-97.92216154009208,-94.93073251963504,-95.82336885501141,-92.66890758463215,-94.54903573637937
2025-11-02T00:11:20,AP_5_104,5,104,wifi,5520.0,0.0,0.0,-101.61506676770857,-95.58276417239655,-91.45558094411513,-98.3072558632371,-92.41829922170274,-95.69430887806661,-99.8771407667386,-102.91300914822119,-88.26797961230773,-96.068640746852,-98.01941198238748,-97.95461403124256,-97.21205488206579,-94.69804269956917,-99.63440581916153,-95.11635371196525,-95.18458680223576,-95.2350542164051,-94.41747202093272,-97.204133329037,-96.42670329223363,-96.06314468672855,-94.30044271084161,-95.6784382563335,-95.48491558469672,-93.32845738167069,-95.21224059163512,-92.28933206988799,-98.15554133866853,-91.6742561361512,-96.89233868949978,-99.24324666673199,-96.41384249320203,-94.09708383688344,-94.7154259869532,-92.4651565120184,-92.04121788298518,-98.52933940242211,-92.85582623013744,-90.49783750651464,-97.47981106646161,-93.44388172399803,-96.67696775075937,-91.35776883129549,-93.64944135590326,-94.09881753505427,-92.19152104937997,-94.61962561698259,-101.21483527876953,-93.04896262030663,-86.88610370302554,-98.46624274978123,-97.91107793915816,-91.69699081160329,-93.68416989200377,-96.69903013356911,-90.18601205423522,-94.75780934042888,-94.69773924581419,-89.31603049437636,-96.38292016391057,-96.90745035551245,-92.56656830256404,-96.17559577936623,-96.14543421593581
2025-11-02T00:11:30,AP_5_104,5,104,wifi,5520.0,0.0,0.0,-102.2154592221002,-96.23074460850663,-92.39720421183044,-100.15629194320093,-94.89450216378775,-94.529869451989,-90.04511197549257,-98.33090710628379,-91.5090650425569,-95.1947922429536,-97.52855674226333,-93.06589338366882,-93.95933395976652,-97.35139077211427,-99.72822474180897,-93.32853058316692,-95.55852157725795,-96.36755439688548,-95.9815723415859,-96.12286300870855,-96.12725818393243,-99.39437540301377,-97.79108640665285,-99.9628200687662,-93.02881477901248,-95.49911460198672,-97.67903641916322,-96.39794137140774,-93.80535703372605,-91.25728047263561,-93.18072362245593,-91.15110125627672,-93.16808980535042,-99.29165004876185,-93.33333883188611,-100.31727075746821,-92.07582728318323,-94.04385028143564,-96.26275275456351,-98.77055925595107,-92.37852921350375,-93.39891753711669,-97.5368452145577,-102.06128770446922,-96.58282657524663,-91.82680807577225,-91.2193846526301,-94.33481835769197,-96.75051414292416,-101.6940282754304,-91.07058761951609,-97.140053411381,-96.21791373922497,-95.75712899307361,-94.26060278824986,-97.15807953618078,-95.4481418655079,-98.1642034840884,-92.19667980766626,-90.73388646745487,-95.44986269259756,-92.84333437215972,-97.21775888019424,-93.0812821272762,-93.48792863539218
2025-11-02T00:11:40,AP_5_104,5,104,wifi,5520.0,0.0,0.0,-99.41833745019738,-92.52282656262581,-86.57908112080943,-94.60110775349808,-94.50333118123531,-97.300050148919,-91.1293006000385,-94.28409262709123,-92.88227325484615,-90.72780163414032,-97.76802837781666,-93.19619151837088,-96.5472552142384,-89.87901258112329,-94.85349360270894,-89.25960810220911,-95.0019295735724,-95.82532564884856,-90.37119600387487,-97.42191595954186,-96.79061116270297,-92.59132864377612,-88.86816203701504,-93.83663521783086,-86.95837840760255,-90.7132844116322,-93.01922073578808,-93.88960428022051,-93.28522746698512,-95.78250966753181,-93.00147085587155,-92.58223066888158,-90.4651211133215,-93.95650538179576,-91.37509792412254,-84.35700901707835,-89.74673680026902,-92.21420403667457,-94.77591764908634,-93.11445376225302,-93.64422414183358,-90.61586566333256,-93.51164973805753,-92.2547395069345,-97.47304361353626,-99.1204012141169,-91.22927698479886,-91.11453155572555,-87.68617002255512,-94.71068159545767,-98.20454089268223,-94.84864454483703,-92.49014931576728,-94.53394820486196,-94.09260382722773,-95.9090445869187,-92.50866754725651,-94.54600561583786,-94.55370625272911,-93.9361520766702,-92.99420332105005,-96.17354871694045,-87.5011873170413,-86.75989249637016,-91.60850038957581
2025-11-02T00:11:50,AP_5_104,5,104,Radar,5515.735120363784,1.0,0.08395247748158725,-107.02355533060222,-97.05356442859632,-93.98380645302895,-94.7060433164594,-93.92753281209123,-99.15564726135088,-94.14121116235485,-92.90774942392187,-89.8054288714141,-90.7931625461739,-93.96201103362806,-100.81198909018866,-91.96446074015108,-96.98493353034777,-95.48857870911222,-94.74418923871664,-97.406413316722,-92.27785036095116,-94.27567151980878,-98.57032367077248,-90.35619491375893,-91.8067590789465,-89.48669991353884,-99.20676401492747,-97.31861843786237,-91.51106947248023,-97.88269167911379,-84.29565598607104,-94.46457981743912,-94.22854456277574,-95.7471388395977,-92.67636108813498,-93.8717671285309,-93.33752165024288,-99.05687642721773,-98.5350789775276,-90.07501406582125,-101.10144355127085,-91.72143464920786,-96.58898250943881,-94.54677855984339,-92.98908278789374,-92.72667188045315,-96.06791765672186,-92.82254546628232,-92.25658119762858,-87.60806027013068,-90.5459703077251,-98.23533586788304,-89.13475545474957,-100.93412930026003,-96.89187944139053,-96.66628516941687,-94.71161630936186,-90.54795136414745,-89.10179937053624,-97.91216274121085,-94.36715515761422,-103.7878569487408,-90.4276313037905,-92.25129333908734,-98.09254368607034,-92.87205619167437,-93.3190968522023,-92.7644478482947
2025-11-02T00:12:00,AP_5_104,5,104,Radar,5526.332395918136,40.0,0.19311512060081565,-123.0085679247772,-97.25429383946046,-93.70139307932673,-95.9567804664868,-98.36408397536268,-94.30827932437398,-94.06651379401491,-96.93799343176728,-101.44344687705517,-91.88462191913821,-99.79136376547328,-100.12994379216819,-97.78221311158808,-96.37182582192877,-92.18754185112127,-96.35896569086808,-96.30211463444138,-93.60383625691219,-97.44163362992232,-95.98279611224883,-96.99490958706517,-103.17040513485011,-93.81874325521524,-95.86863587870018,-95.53229689544433,-93.4212890747869,-98.88559095736954,-97.95162126473302,-102.17323973790843,-98.4796232162122,-94.49626809553378,-94.03540580069335,-93.07567110652512,-96.06713132305384,-98.6555474546362,-94.21163975139797,-95.70215700016965,-100.79087117423964,-95.00960943055634,-98.10015465990689,-96.39696847040615,-95.22599716446292,-97.79715604744527,-93.47749389484127,-100.34629573045247,-100.75197377226735,-99.27873965288971,-95.73788401707338,-98.03010889288981,-89.77479522299303,-94.70567679190908,-90.72135658656671,-93.50796625198606,-92.58548405371081,-100.81187107779509,-93.57013896370582,-94.18734529041234,-97.40613970076417,-94.38366360819198,-97.64547333340714,-98.13047089911117,-98.83151717685783,-96.61128092203502,-95.26844940424567,-94.53122703758183
2025-11-02T00:12:10,AP_5_104,5,104,wifi,5520.0,0.0,0.0,-101.48818707554352,-93.65476631071174,-93.55167802808508,-95.31780268375213,-99.89517232549682,-92.70145507135439,-95.28728726060527,-98.34903544474864,-98.74880894535897,-99.25610610279841,-88.07528073609066,-92.53345482600304,-86.98283789174116,-97.8477343796981,-91.27718442897496,-91.16499829878559,-96.15474928834954,-95.34505969348851,-91.27893756759627,-93.27401801936995,-98.03138094475281,-94.87098545374735,-93.52576752133868,-93.43350597531385,-101.81101946994343,-95.85004928165525,-87.96171228767847,-98.18087354937178,-92.40716161380458,-92.307513033809,-95.97314318688089,-94.40292242941277,-96.96052962927925,-94.28166599864396,-92.85683799128958,-91.17675273617917,-97.57279088075384,-94.11440940928652,-92.80879268580253,-95.05618280865494,-91.26283479226709,-90.38284210532272,-91.7316962083404,-101.14491303090843,-93.67173414111981,-90.6130752385233,-91.7390545762443,-94.35004628858823,-87.84508619831239,-92.98312925163886,-97.62278714895974,-93.26280342179165,-91.83799074656694,-98.35465107789459,-92.43583255068141,-92.66651193205685,-100.58150088663913,-92.57434496389374,-94.04635730977918,-95.05776540289291,-95.74733572650183,-100.8586818179161,-96.55971744928763,-90.27518399899976,-95.64996142592068
2025-11-02T00:12:20,AP_5_104,5,104,wifi,5520.0,0.0,0.0,-102.6402939757351,-95.47455931715719,-99.79078361236479,-97.87071126718676,-94.79335842512366,-91.92263666761492,-92.7927299903435,-96.46897099326567,-91.71568744525409,-93.05211019248114,-97.79726255369657,-94.9499041975573,-99.85552560222699,-88.64359715820365,-95.20163808427377,-92.85346161323369,-94.00387602575168,-100.0407395409496,-96.29200824744758,-95.86422354500483,-99.41841161017125,-99.85545214684477,-95.98833591788362,-96.20810812546937,-96.76842834221678,-100.99732071656798,-94.86928594322676,-99.04935041287732,-97.04853505711917,-90.49937025588943,-93.25722610632106,-95.04612905896124,-98.33681496500483,-94.34324040349401,-90.26499285584319,-101.44223670294734,-97.45694970964897,-96.528232584966,-95.82925141185432,-97.2209591858867,-93.7809332034824,-99.1336632975385,-96.42648665002719,-99.69990500322525,-98.87367960158558,-96.70755200051912,-97.12206172571598,-91.61478176406203,-97.74492118643268,-99.79226217162152,-90.20059947351987,-99.79460917763669,-94.82688424599955,-95.36760030602099,-97.30662235573948,-89.23718198943818,-94.42860861292675,-96.34780828080132,-93.46068310343392,-92.14168608523866,-93.27660088054553,-98.80929614048968,-95.15666168383095,-92.24241828267145,-91.77084400296027
2025-11-02T00:12:30,AP_5_104,5,104,Radar,5510.3557790652685,40.0,0.1924720490631882,-115.0463307893453,-96.70854137843811,-94.34750164929969,-95.11417229610625,-94.25175062868479,-95.50756011295063,-96.69981532788722,-95.26010551418604,-92.11202564643565,-94.94731438441906,-96.03239683048061,-94.88910590289984,-98.90350832583896,-97.2627381938899,-101.03750376157106,-96.52853650641882,-96.87164298027146,-97.61069066777323,-98.02249413012366,-93.51558857600921,-96.44957787969864,-95.28207620456534,-96.03565653340391,-95.98798224333758,-94.76880538393418,-97.66321122552068,-91.15427434570624,-96.73234727839318,-93.0571456626475,-97.23272206012527,-96.94397757397346,-96.7227185832646,-100.10458609004478,-96.87549610044398,-93.11659071502874,-95.28241618833863,-98.3281130735009,-95.24384521469337,-94.24718462371071,-96.84998403691125,-95.34016510409336,-99.16342027808105,-94.9162283836337,-96.4926541131749,-99.0198695021928,-97.92405315012834,-99.07106432722682,-92.30737835391935,-100.73144057929109,-97.07995086093815,-96.48788377245525,-101.02717371759303,-91.81033321160741,-94.80027172959912,-91.28046833938838,-92.62952705936527,-93.9847980178875,-95.0575418202299,-96.47384905097525,-99.02357165968554,-96.85331687773413,-98.13992264217103,-99.7860161855141,-97.40375386490595,-95.53361426246482
2025-11-02T00:12:40,AP_5_104,5,104,wifi,5520.0,0.0,0.0,-100.8187655741557,-96.4681284504725,-92.44950435144649,-89.42319136043518,-94.83899543729008,-93.3978108323182,-99.38991040554353,-91.58256008627858,-93.83508594938891,-90.6944794356185,-92.61768066550896,-94.27512836592597,-95.06757569606421,-94.63176229634236,-92.61446556963004,-95.92361805022753,-96.29190777326927,-96.81341991466807,-94.18423908164027,-98.53624889119828,-90.9421665957864,-92.59581578359678,-97.00265879345223,-94.66207556924647,-93.90599122454597,-92.6850136131439,-99.94179476978957,-97.13193914206678,-91.79275255542197,-95.87288279684564,-90.70754294966218,-91.7971044506304,-90.21855561659972,-91.09909675648342,-97.60812033743073,-91.75014470524572,-94.2921490942015,-97.77795386364564,-98.52763686080755,-93.6189907981011,-94.89722480320361,-97.56302069972085,-86.48763096238841,-93.96753277865707,-92.3995743241237,-96.22230151656137,-91.76385839373361,-91.78836068796218,-95.95672364787298,-95.79554714276924,-92.7964414458197,-93.69644080429329,-97.25735361667634,-97.20500549248935,-92.9736865542946,-95.4792862087793,-88.80671334452083,-91.0045123535921,-96.02518363062006,-93.63988385713071,-92.39217748892945,-97.01190919087347,-95.00428501573585,-94.54422520892815,-95.28582592733002
2025-11-02T00:12:50,AP_5_104,5,104,wifi,5520.0,0.0,0.0,-99.28020634258054,-91.1058627287675,-85.72730642130729,-91.72184625338618,-90.86731903005634,-91.40648710855265,-90.69821293530977,-91.21495742595565,-87.090104180524,-92.39797970802745,-96.31550391346315,-93.5490428514964,-92.29991100983057,-91.42605191114897,-90.1361152019153,-93.02517709855499,-94.38566324077345,-91.52723906051536,-91.23946920993156,-91.89710011152879,-88.0417456167277,-89.14325295378714,-89.76276672164865,-93.39670750547302,-89.9872302214873,-93.64426080729831,-90.64778159517748,-85.70951953527556,-96.22217371011166,-95.52560234750192,-91.53227551684722,-93.1429659710696,-90.4884700010645,-97.80891427413748,-94.52353889144713,-89.0564660719609,-85.56494417248838,-86.9072805340696,-91.67923348349785,-92.66421402104405,-94.38325072586265,-97.04045334946075,-88.28734458782199,-92.29103045546273,-89.83324544292347,-94.78645190989461,-92.57460560543878,-93.59107109861941,-94.86674174136434,-94.6872848081191,-89.38759261451462,-84.81411802894104,-97.33996937046481,-91.46924897598848,-88.09616304316414,-90.77731313821485,-95.71506107579646,-90.06951725537677,-95.400573053972,-94.53948512539571,-95.39745377372402,-90.48301562164882,-95.41328544654175,-97.40921180500509,-95.77512268883127
2025-11-02T00:13:00,AP_5_104,5,104,wifi,5520.0,0.0,0.0,-102.52673266937867,-98.14240906076411,-100.10296936661145,-92.02186607443358,-95.21761317933772,-95.45178276918917,-100.87956066433074,-93.3637497524498,-97.61096041662725,-97.67033958731874,-103.20193492002254,-92.90831815040644,-92.56715109451473,-92.316640508411,-95.57882074263543,-97.32143506642876,-92.06473676409087,-102.40009440173213,-95.96244674473832,-93.91690048990718,-90.08606566318869,-93.93990698308384,-93.10515225452482,-94.03802332373134,-96.20030679211645,-91.16308651758922,-93.93095925620085,-90.72952793574116,-93.91186773475164,-93.27554550783913,-97.30177455733374,-98.28779948306328,-101.03209829766658,-97.62638849085934,-92.6873716064002,-95.44483245918681,-96.27633884123006,-91.57064873061582,-93.93719434329084,-98.34522798715804,-95.89708342629305,-95.25726104667953,-101.49125230124099,-94.98529149828987,-94.77576049757127,-94.21907522840583,-94.85701437818085,-97.07090428147876,-97.03277790840346,-92.2807644327758,-94.77925549906998,-95.15472433578343,-96.4516631691453,-97.30159482790113,-96.33602360409805,-90.80529119784816,-95.75349483984476,-97.46556763265602,-92.62795931182742,-95.95816073748686,-97.03800322181132,-96.94263752862592,-94.57547834482094,-95.56990700572965,-97.29179406747028
2025-11-02T00:13:10,AP_5_104,5,104,wifi,5520.0,0.0,0.0,-100.90520170671063,-96.70064382356878,-94.7742778723957,-95.0208858556924,-92.39380884351206,-92.57944323952623,-93.46702175852491,-93.91578135468205,-85.02428059823438,-90.63242817574992,-92.06205810345149,-91.66610642744651,-93.10791182943379,-96.08769765083281,-100.47104550156062,-93.4737356117692,-96.32104120249682,-93.35594703835991,-95.49987575774766,-96.54239977057748,-93.11084662718268,-95.07595454048014,-90.42216623480297,-98.03431915384424,-98.0541352653619,-96.71215938770861,-92.58642869687024,-93.77437452570908,-94.0086991140492,-93.2373768243467,-97.85537126381085,-94.98987442936733,-97.59159373918368,-90.55423348130253,-93.6833494354376,-96.9703128980739,-97.43849612694868,-98.31008041331802,-95.2532088695118,-92.4328153850673,-93.22788988472917,-90.16125867819378,-95.20228986849612,-93.85106174348665,-93.15456697565524,-92.06940283553128,-98.20498856256845,-92.31197883027787,-89.46566938628598,-96.65234905842105,-98.01804914176395,-90.3010890547528,-90.2370252823747,-94.8814063624406,-100.26763329111097,-93.86364256742853,-95.38850523929484,-96.85475811950465,-94.48094626530579,-93.60123492184441,-94.4430859200685,-92.4824608063983,-95.41929137344954,-92.07989582172019,-93.05577585713763
2025-11-02T00:13:20,AP_5_104,5,104,wifi,5520.0,0.0,0.0,-101.08369986690147,-93.00475757418515,-97.661867767973,-94.37060558755365,-89.51891194347402,-94.48609188642881,-100.56938112680946,-96.98041388945788,-89.53659128639464,-93.32336632975326,-95.09582058128419,-94.51961995209763,-91.09559311687103,-95.21040548888348,-98.1521600052864,-99.29498070873574,-99.79628649020489,-93.6473974583237,-90.74296114848269,-93.39649026893932,-90.6727110576215,-92.98419890983484,-97.6858834130439,-90.7719923051565,-86.99670982744902,-95.61689255967678,-92.75600823814027,-89.42533041694635,-94.60505094368844,-98.80162622091018,-94.29459985914539,-95.45120493981709,-92.96362961921422,-96.55942682894323,-97.36708741061422,-94.8951073425774,-92.68150159016473,-88.29896201505882,-94.36316689575297,-88.92593272541808,-91.86697158086116,-102.77717342177888,-95.04915067841642,-95.32360163329955,-97.80705266692004,-97.8493013153101,-96.4035551942116,-90.83491357402137,-93.66542068715073,-86.59754295309597,-90.16546429815337,-94.41523362209942,-96.05850048532908,-91.4954290120047,-99.6207925618012,-93.50462166828981,-89.73977686439389,-94.13516449691667,-95.00024739381787,-97.9678785950524,-94.73328850360164,-90.85681517318245,-91.08091806699866,-85.52369511158702,-96.3312809156152
2025-11-02T00:13:30,AP_5_104,5,104,wifi,5520.0,0.0,0.0,-101.62147535641874,-91.18618211902057,-98.08045035830092,-93.27850896887495,-96.43173872641691,-99.63306359162488,-92.27279072586701,-90.93783896456517,-93.05387473726597,-91.28335103796056,-98.52700905140533,-90.1763895599513,-98.17680643485518,-89.8147874980978,-95.4788011499137,-98.3111686309234,-94.40426940659181,-98.57728748829375,-93.23734947933927,-94.042102990127,-96.6832081574755,-96.85965025900724,-94.92636568658426,-94.15596509648915,-100.50465119439274,-95.77521164322377,-97.44914615255341,-97.89862910184014,-98.76417654502352,-96.03168665126623,-100.33534234658278,-93.74111712636679,-91.8145125473117,-97.0586939900186,-93.83122235913066,-90.43305211971033,-98.30228543430302,-96.6370263090974,-96.62942070134817,-91.18767909154974,-94.71047111051834,-91.75253648038404,-96.52829595132677,-90.99810372293942,-92.78536421653402,-94.15199904100521,-93.57454412458247,-91.37882429683172,-93.35188237373018,-91.4019843926892,-95.07341521408705,-97.75496272082154,-94.83689613065009,-93.20448392328879,-94.8842120488133,-92.37059624933867,-95.80622875079338,-93.12743274759991,-96.01374764886778,-95.08424613550989,-98.4913965159822,-88.61441037283717,-89.2338374805304,-97.36184967117185,-98.48546091688394
2025-11-02T00:13:40,AP_5_104,5,104,wifi,5520.0,0.0,0.0,-99.4958828741248,-97.04161536867133,-89.19432517255294,-93.20867779581835,-90.70908698622178,-94.45352788823402,-90.75533556205869,-99.45243994789409,-92.69301202982999,-99.33398703081214,-93.47799205184798,-95.99550020046428,-93.38904963120373,-96.59702478271522,-95.67921865551084,-89.94060920436105,-99.30451255131574,-89.11268414642717,-90.61312480783693,-91.0607719896698,-95.33108212413087,-91.21160940753458,-87.67265561483579,-92.30218421474454,-94.8410898375945,-90.26629769418132,-92.51687289494822,-93.95271141768762,-93.08519494740739,-92.65790465545716,-93.79293005704194,-97.28980284623076,-96.4060744347436,-88.62032096547199,-92.64146866941813,-97.43884397312513,-94.09959346612237,-91.83846515718696,-93.85007525888199,-94.00796611639603,-91.07605598597429,-96.33295801524368,-90.97160937538455,-89.96308270074316,-94.40748010705302,-92.05185192781545,-88.87349889650386,-92.23532092501661,-94.13833940129707,-101.74103483612508,-87.48450734508414,-94.18688752737852,-90.97781350122159,-90.82694361557549,-92.86243017638711,-89.7755472559349,-93.2571557641941,-92.07232531555016,-95.0176843286558,-91.12030249439456,-92.11725698315011,-91.55643914780678,-91.94116844433641,-95.12459175915694,-92.86173753931975
2025-11-02T00:13:50,AP_5_104,5,104,wifi,5520.0,0.0,0.0,-103.01458576724309,-93.27567546955906,-98.10842717911483,-95.83483920897986,-93.96759430904422,-95.43711241331806,-96.57241154576835,-100.31838650035087,-95.29563659952609,-92.9130928041626,-95.14911267605116,-99.80678254168069,-93.16983398360573,-98.89821295200906,-91.01662533990304,-91.65483317495861,-96.15845149009508,-92.7914846430472,-93.47359248834904,-96.53314047170191,-93.06987771463247,-93.6248543137982,-88.87407716739207,-95.5673776558219,-94.70011120809613,-97.5854173762779,-95.79989484024406,-94.40541808810742,-105.05835203114745,-98.01870109371785,-98.07604163184314,-90.86704664218162,-99.27947908035873,-90.86939991952752,-94.90435374331553,-92.2157864453116,-96.60127397798833,-99.94901495043709,-96.47646284341626,-94.56867879495115,-89.54183527988903,-93.54746000673326,-97.59927708374757,-95.6964192025384,-98.37636132986653,-99.47217751961084,-100.94147826370109,-93.77649639215271,-96.73399995346774,-96.98073854458134,-93.26443384106736,-94.10739402387489,-98.75034992973941,-96.31857472279233,-94.7307750184385,-95.18351595609535,-94.79505328481793,-91.48238255533697,-97.80205980096608,-96.07365877422002,-92.90949656245672,-96.86420840345397,-92.57747017248661,-102.01749901849914,-90.69672305788336
2025-11-02T00:14:00,AP_5_104,5,104,wifi,5520.0,0.0,0.0,-103.76076145231688,-93.48765469632815,-96.17924765650865,-95.8987837553333,-100.12744574950838,-100.55428817544785,-97.48335718292842,-97.77278410019147,-95.85080489274192,-97.84384922908345,-97.05783513088878,-101.61587284939881,-94.9070397533366,-98.63781519788299,-95.17970967220192,-93.61872066702757,-98.13414633829223,-96.54863472670138,-99.7127198494662,-99.38977025856751,-90.51343994576064,-97.56902467377694,-100.63002196562587,-95.54018491648927,-92.35719163977797,-94.69787802682058,-97.78672942964772,-99.56479769202873,-98.44107551485263,-99.21316367803159,-94.85657265977102,-96.01517306563767,-99.07292085904064,-94.8190169202379,-95.40428968565817,-94.83831695979899,-100.08414905643461,-96.63581826261827,-98.54108358792499,-95.57291409611945,-93.07513492011613,-97.57026576337532,-94.74668379375223,-95.89545194461851,-98.05517500269663,-97.84758066776179,-99.22809612586099,-99.9135014262202,-93.3798267536126,-97.11117816278916,-98.58151220740724,-97.91475478409014,-95.01542507203318,-95.54469075869376,-96.7236960653689,-97.07126222632445,-96.01019756094746,-102.4331274027752,-94.54890120540709,-97.62854496377142,-92.58291363603081,-96.15283871553795,-96.41377628473695,-98.4735015789759,-96.98338932663066
2025-11-02T00:14:10,AP_5_104,5,104,wifi,5520.0,0.0,0.0,-103.03836541869356,-96.60086452436218,-96.65662599797793,-94.23565203164434,-96.08060823166,-96.33065795645233,-93.73403813405184,-92.5174547848655,-93.22378391061734,-98.29092327514907,-98.02294623973884,-98.27362683174046,-92.21763931365123,-95.64066348292279,-98.19513707169752,-95.49276660160132,-98.00102157153896,-93.65428027852943,-99.23463789407586,-95.27947232637003,-95.90076036113062,-94.39194185226694,-99.23989842331919,-93.94457567320642,-93.98528711639347,-98.30620399423775,-91.02719849630776,-95.4059203937148,-94.46407735435297,-95.55077375801598,-94.18902110133423,-95.48522808473454,-97.2257580371047,-97.30057110480136,-99.57459248739488,-95.59911074827981,-102.65526684890705,-99.83514157410704,-95.49152881343868,-97.3476742555497,-98.8632545758653,-92.75070179381486,-95.34846299647488,-92.55749754333628,-99.96556067749187,-96.78330766359902,-98.80796976873289,-100.55955993763332,-95.16625828378442,-96.28010585197228,-97.77258538998825,-96.45601378816744,-95.96579462444274,-90.63851466237655,-96.96620314065174,-97.37053004796661,-94.57539449656578,-92.76541896708002,-98.12778995002274,-94.93892139199602,-100.46241226393514,-96.40500414456092,-96.7009005560773,-94.55450773669929,-97.1323232644431
2025-11-02T00:14:20,AP_5_104,5,104,Radar,5522.6253863314505,5.0,0.11810256163302092,-98.79408029956323,-96.97061163067849,-93.50728878724864,-95.43163165132665,-98.87709176867033,-89.99892927235497,-94.56535852137371,-94.89162309108318,-96.96249522739423,-94.43905739802658,-92.60493639712047,-93.2490272304776,-93.96274460794213,-92.77890240741866,-97.0822075231436,-97.00780616144638,-97.05422671242397,-93.79127483371408,-95.42856501368348,-94.81992980837295,-92.50765624020333,-92.44499415046833,-93.41518310798851,-95.75418205922163,-90.24233407000244,-90.65046994039213,-96.971991592445,-95.01694972732257,-96.07092040757253,-93.7431987262723,-94.37030305923113,-92.9153020413681,-98.22726741739827,-100.1617120045629,-96.05689300999401,-91.01098520434081,-90.7166646496563,-96.22024283935879,-91.81195220050509,-96.3249048678115,-99.74114519180057,-100.80549773425895,-97.91793634125987,-96.66104950754823,-97.74258899222228,-97.04901527981461,-98.24961490816247,-96.82332229364494,-93.13166263197793,-93.72230886630749,-94.7209974797012,-97.01125146674441,-92.13975667633359,-91.31579543730847,-96.66782183981866,-93.82060661128189,-91.60660995726178,-95.60948749476037,-93.860753540534,-97.119251122626,-92.77661053595719,-95.62344157358629,-95.62655616302249,-98.73236121983115,-98.0298569543269
2025-11-02T00:14:30,AP_5_104,5,104,Radar,5524.727560203924,40.0,0.10193035396664872,-118.19399383905338,-87.63434459633147,-99.31557186504563,-93.51407434673136,-93.61347859043785,-96.18764191773643,-93.68511171001273,-94.254549367478,-95.4504099120637,-98.78023093260805,-94.4563189482841,-97.7239059294569,-96.39462231114732,-95.8458416595518,-94.71433803495793,-94.66294446761252,-95.94997995874294,-99.42764791923067,-93.75093801858291,-89.36268695651124,-98.10766043507232,-95.5648915612181,-99.30287011222467,-91.72261980822815,-90.86196225780449,-91.7080917462615,-96.61246628735903,-95.25661602466896,-92.71241362466318,-90.03591354936556,-95.39304646900418,-100.10462219423633,-96.88674755711469,-96.32285197246712,-95.27804664129283,-93.5642764781377,-88.82301965069588,-92.31836965302641,-93.71209237968579,-93.25701658250694,-93.79047783077218,-90.41391296849355,-94.64699614778064,-100.0544630358337,-91.95873961655118,-98.40286800174518,-90.61204488874758,-93.69146172260815,-95.49014723412935,-96.47748076553037,-93.67232642542305,-88.93932300065241,-93.02955657092292,-90.9862151205946,-97.71318486578969,-91.29342500926653,-89.44761984820835,-93.76949196592122,-99.17846827994433,-93.97528630079626,-94.48789432728468,-91.51588483731119,-94.74567009814211,-93.33016734601009,-94.20109640643736
2025-11-02T00:14:40,AP_5_104,5,104,wifi,5520.0,0.0,0.0,-99.98375540317744,-96.94555991432928,-94.44763734180512,-92.76010135969493,-88.9276491647493,-94.70439938508639,-93.96119874938563,-99.6748359857169,-94.20174956034084,-90.0563152772219,-94.23823299248775,-98.43732710032337,-95.19813150039435,-86.26812683727067,-93.26652533418,-91.97671263340683,-90.95086813740404,-90.87115145892933,-95.13297132502493,-96.36811465722057,-93.43218658419838,-90.9886368745825,-94.80782837630625,-93.50829744022293,-90.80228630718821,-87.88952669293423,-89.58254390648466,-92.60037413782786,-90.23787606671459,-100.99353172123666,-88.47057333161017,-94.63206904536733,-97.32401036065424,-91.72962746308617,-94.06160444035902,-90.94612523487639,-92.54165672815087,-94.615807608185,-91.63270753043471,-93.85682712918752,-94.14020856224398,-92.57643261876412,-88.16583185089068,-96.81433218604111,-93.43439739147581,-91.00231130358075,-88.78315380962339,-92.00517758373698,-89.34623449042478,-90.0489070507399,-94.39034963231562,-93.88017817016166,-89.9801982688178,-91.90649528376443,-92.93974329616616,-95.69036659265186,-90.53373062294851,-91.95391164787786,-94.64621221887296,-87.59597895618832,-85.52735269413571,-92.58805528574044,-93.56828797479511,-96.71233938917841,-95.09182570003505
2025-11-02T00:14:50,AP_5_104,5,104,Radar,5523.029253581122,1.0,0.16126783913599846,-87.52722206504032,-89.46676417354607,-94.18008116331401,-96.63497211372344,-94.07121333550391,-95.49345728492203,-95.38494426220369,-94.69502542037593,-93.85779256022664,-95.58698608920582,-86.11766276911132,-99.31104790608687,-98.12299560844887,-89.02105571184339,-95.17226690319487,-90.89129833321027,-93.09846428112202,-93.05739324156556,-91.12427086205513,-93.6799614877465,-96.30729655674534,-90.88281603802211,-93.8220238889268,-93.35906121984677,-94.12571392116658,-91.2769317755352,-93.9555077631976,-89.2943527629443,-93.46847142576212,-94.39533396633236,-97.64408359272964,-94.14172955072286,-100.0017817785147,-95.24737503861707,-91.35118542778703,-93.02584876080257,-91.86474317186243,-93.11256165108152,-89.29294627837518,-94.7695175573159,-96.34163666696163,-95.60948776264256,-92.07654701441851,-92.30609504922191,-95.12935440693333,-90.30911629055005,-90.64899216774424,-88.31268196511728,-99.35860250186373,-102.09916662789713,-99.01769295531325,-95.83674399862905,-92.71747084466611,-98.19656770554082,-94.18643829780412,-91.2838019025167,-91.55696262766281,-91.75445836716015,-96.72031616055519,-94.91360331615473,-92.25112034512331,-97.61163282526603,-89.97529190047277,-92.39894647110881,-97.19986386200637
2025-11-02T00:15:00,AP_5_104,5,104,wifi,5520.0,0.0,0.0,-101.9720585872365,-92.44471612499024,-102.61572437424893,-97.08479978823264,-101.25523393185077,-95.93620981114229,-91.06759941507259,-99.11530706036243,-94.4859452841295,-94.3046824429051,-91.96700724969367,-97.00017770954179,-95.36193482313034,-95.10174790824831,-92.5593089158751,-99.78061566423294,-98.33780145206134,-92.69673130421995,-93.60635739917277,-99.03668289241459,-100.6151357291702,-100.3407361438288,-93.08796009479819,-93.91832691357364,-90.92010371458765,-97.66080615228502,-94.35558610336884,-101.42042964935646,-98.3384128224889,-92.7232638923052,-94.57995455899393,-94.17061077995851,-95.76734668738092,-95.02586268814262,-88.64004923687426,-94.32124829598398,-94.71090361903941,-99.23084313587249,-92.21464682330571,-93.98428182532228,-96.07907061212252,-98.19451864799177,-94.01261540286691,-98.49097295350532,-93.80992920966143,-95.65889456697906,-95.72195422302563,-94.99726247287705,-97.3982942121029,-97.26866163273681,-93.7785742646489,-94.58501851451022,-95.4996598214233,-97.64743618852283,-95.10911887261156,-94.6988361020469,-99.24666932579473,-87.95587926028074,-95.13346183771984,-93.77794461317932,-97.38708726623929,-92.5439425437927,-91.25152397345849,-91.51253795747895,-92.1333044289001
2025-11-02T00:15:10,AP_5_104,5,104,Radar,5521.288264080815,10.0,0.13994162819514502,-108.63905556372838,-92.66468103981684,-95.9536623469954,-90.42415920493313,-92.86758692154123,-97.59596568451104,-96.45089701661126,-99.1224775289665,-95.93489893567862,-97.16505580455437,-95.9190871287492,-95.40910384666057,-96.31041754453697,-95.26194272732687,-96.69388768779308,-96.83544348360644,-96.84039214031354,-93.84262928477713,-91.2574485799767,-90.25202559371262,-93.39473964705016,-97.66996813835087,-94.15872184959188,-94.26174922105763,-93.63986613076588,-93.10606228019455,-95.15783250362716,-92.25199718210226,-99.64705041308679,-94.24250777914833,-96.01271537023646,-100.8133734512479,-93.6993822590594,-94.02798875497723,-95.55910431517829,-98.38645949211065,-99.78925915887442,-99.74504888454943,-94.96688598234627,-95.94861778276503,-99.61824536449825,-94.69883741078372,-94.36581483010478,-90.84491664936152,-106.57074765435925,-101.91307090479992,-96.82053835190473,-94.583331240543,-98.33240832635619,-93.90753096130042,-98.6961691758483,-97.05636807699132,-96.87497613263801,-95.45410187295867,-94.88187148474408,-91.9167414023152,-98.76273482545096,-96.64246255659398,-96.8841279153522,-97.8817320582822,-97.63069105656992,-99.63463743068624,-93.84042510659668,-101.69960497424286,-91.21031466311811
2025-11-02T00:15:20,AP_5_104,5,104,wifi,5520.0,0.0,0.0,-102.37543756648518,-94.01585631104102,-91.8091606338409,-95.27025407608788,-98.9178261472258,-97.95127619573164,-96.45085881685436,-92.42778386742883,-97.96029302175519,-94.87112288259388,-94.49559739578774,-89.32311443652912,-97.83902670584418,-96.95268009295644,-100.05412503912103,-90.54240238723519,-93.59939974168086,-98.18761122772423,-97.46039298882668,-95.2518691977885,-96.73148257610937,-100.34316434587257,-96.10220829458545,-98.37760404362109,-94.92281343521158,-90.3345186422002,-82.76070267616925,-99.21688094668032,-96.39214456305002,-96.59631978776132,-95.52403811947605,-99.67967299746194,-86.66095956881807,-93.46789047850126,-99.7004754088266,-92.96831080959666,-100.83646989435621,-100.22537584365377,-95.87725420578843,-95.88632723991755,-88.5474174369755,-99.96269472779042,-101.72840469005511,-100.64298793240057,-97.31143570287419,-94.67327234258592,-94.05729281884071,-91.19674107144441,-96.96192579134197,-93.1609480197871,-93.44743204621123,-100.20158210400106,-91.43223520831458,-99.4041178935357,-95.2086454342513,-90.23002039163794,-93.81420501259764,-96.01600828151442,-93.9329743224675,-99.8201845293266,-98.21052129099735,-96.79697025242048,-96.2558209295354,-93.12515370024826,-97.00175396743454
2025-11-02T00:15:30,AP_5_104,5,104,wifi,5520.0,0.0,0.0,-100.41758558142624,-94.23784046705676,-92.42201297158262,-91.70756621801988,-93.95947764742029,-96.88334172328948,-95.32167096792422,-98.60419072762329,-95.63929522489475,-92.35777318490472,-90.51550588859622,-94.02397399337056,-89.32567094634275,-92.79199905424817,-92.1161262328594,-95.37216833438255,-98.46312315020795,-90.54691588305695,-91.71703543868993,-94.72394966009209,-92.14227393456035,-92.9914792908542,-102.00165336738164,-91.99257793982679,-89.61515647156797,-96.52297630795879,-91.20518268631471,-90.27346240823445,-87.07213976838965,-89.62118919487145,-95.27579272149448,-99.39920826629759,-97.45062668398819,-91.64592411489619,-92.87649693128952,-96.51198562519679,-92.57553195297072,-94.3681167555645,-93.98263266728082,-94.91491494779953,-91.64618728372115,-92.5651914390257,-94.36888489145731,-97.46871159895393,-96.90769880839188,-97.46266624245337,-95.12920558977706,-91.37527629848373,-87.50052895509131,-97.0921445040647,-99.25392376999174,-94.53094053667245,-93.21785277722896,-93.88775267113866,-93.34321538545706,-98.79728030638131,-89.61997068921133,-91.9014980169205,-93.55239934041923,-90.97808966312793,-92.31866327843815,-90.35062756466344,-93.22726174372545,-94.40893571227714,-97.23469358874752
2025-11-02T00:15:40,AP_5_104,5,104,wifi,5520.0,0.0,0.0,-101.57450191305367,-91.19630632832062,-100.68137964895035,-98.52033094038246,-90.417928041769,-92.90240095898388,-92.06900755683733,-89.1979850352456,-94.66972944202554,-89.33441869962303,-96.09362109989841,-95.46880475315182,-96.99950467111852,-94.13598684496606,-95.76518074238511,-95.81870607762104,-95.22188058636122,-95.95140088423092,-91.57569289911591,-92.17214614716525,-96.5235607302997,-88.32704279579829,-94.22929140952614,-96.98407893678386,-97.68943310353198,-92.44950924733874,-95.33354294856254,-90.16544127449845,-96.03279495896686,-95.39315122322245,-95.657336055516,-89.65521454151663,-95.57699956614088,-93.55042072964777,-95.3294248925039,-99.06243967326095,-95.04382507830428,-93.59689492658137,-100.13297701173634,-94.24396891265799,-92.6720483461528,-95.20707966808526,-94.608233027975,-91.30813364306623,-92.54726542840622,-97.45882423307265,-91.14514684285105,-92.44952726782199,-86.946602109578,-94.98897755556774,-95.52416118319377,-92.02947148536654,-94.29029067582185,-93.02606059176284,-98.53618450738168,-90.86381330745427,-96.24281135217693,-93.71753882457341,-92.79521208819999,-93.03317757892297,-93.99779219062624,-89.9813153118731,-96.75078133167736,-92.50956358522402,-99.43170169110779
2025-11-02T00:15:50,AP_5_104,5,104,wifi,5520.0,0.0,0.0,-99.85433247935576,-94.86619463638728,-91.16370507613938,-90.96037808364493,-94.56849580401553,-92.54887378864582,-91.91466750570123,-89.6595397252605,-91.5475821753227,-89.88485181653469,-92.08500107956138,-89.99852261078351,-92.20145031125863,-93.74985920740642,-94.10262155075871,-91.463932837045,-98.16888045437511,-95.98727885660897,-89.44304643491076,-90.0387949812729,-92.88588935990353,-97.70913985575079,-84.05098714340916,-89.01849244280265,-90.79325371680305,-94.11476199670847,-92.74973321466757,-93.95912712322064,-91.81343070375027,-90.29844905928624,-93.23308336809562,-92.04351015856739,-92.45850308362225,-93.57114255088015,-90.73811337388126,-93.73460531403161,-94.33167809548851,-92.52397717645394,-93.1629591877812,-91.28294770789961,-99.28665158464325,-94.66407834227486,-94.71479339790962,-92.82660088434251,-99.60656008746065,-95.1738779173826,-90.3302182250003,-90.17741338519356,-91.17033599819479,-98.35290892049453,-94.26075150838656,-90.797764795753,-92.479277650113,-94.14198835978438,-90.72844013298625,-96.48432511996087,-91.72061671391444,-91.62080084830754,-88.97442752366406,-90.15127536273565,-97.41387742407257,-93.84893341101414,-91.70041379690885,-96.0846707207715,-95.5564262352986
2025-11-02T00:16:00,AP_5_104,5,104,wifi,5520.0,0.0,0.0,-103.94765001587342,-95.7750602954685,-97.60677593245761,-96.00516533276691,-95.55264690491686,-98.1695562277428,-95.67093209581286,-90.41815667808099,-91.65077521807864,-91.20434345735595,-94.97388949587918,-95.63722246836996,-94.97030487321268,-95.45708937986487,-97.19249783111552,-98.19435326140764,-98.65161649456495,-91.37523614351262,-101.29771353950417,-95.55552716306316,-96.9487345661914,-100.23933009597557,-98.44406915884636,-96.09322362616594,-95.81680812846147,-95.11219525636723,-96.81798324554266,-94.91905420158844,-96.3570057102363,-96.93852226792933,-98.42155667188355,-92.60913140192608,-98.91548726498311,-97.92238257107394,-93.67933333343302,-96.40863188126687,-100.75096389523831,-98.58055605432281,-95.1444728755094,-97.59490034673371,-95.9251214585686,-93.34485541775686,-94.78840714920753,-96.14454888314125,-92.7002561860347,-95.29379997260587,-102.03886582303693,-92.13284423997476,-96.56516743684988,-97.66917997349391,-94.45256065420067,-96.04879281935271,-100.15320315074275,-96.22861271568718,-100.75631470088348,-99.48207362088634,-96.21112113768764,-99.46413261506196,-97.51638961268037,-99.65655019178337,-103.18850569680205,-102.3393318408219,-99.25446472445395,-92.88671754803609,-97.16537817575549
2025-11-02T00:16:10,AP_5_104,5,104,wifi,5520.0,0.0,0.0,-102.00829980741176,-100.04585440051528,-96.76552345358051,-90.31905493038816,-95.35995196690875,-101.79074263614679,-97.99325812795107,-92.41700911846971,-92.65755325520225,-91.93037176189327,-94.23231013737193,-92.18539986652019,-98.12533866546677,-95.8471389824077,-95.09911896111925,-93.23210642919456,-96.36650704442877,-90.96265437811861,-94.86979537691464,-95.65055376648489,-94.87570514174942,-98.46253280105091,-96.47767393222732,-97.76546091826654,-95.00429026795526,-89.95633274446453,-100.02881395312335,-93.04617033966787,-90.67612218604727,-96.1595052663228,-95.93804286988892,-93.75413926523153,-92.52591936428767,-92.26411514385633,-98.24647412001399,-94.7933361202882,-95.36726354461777,-95.65115362953497,-96.74827583700359,-93.62189184609231,-91.63370900395914,-97.76701595019561,-94.96772327847086,-92.76942665403534,-97.46867281390523,-102.4640950351134,-94.38599869135933,-90.65665428022416,-92.1169488205536,-93.9353745680116,-94.66695600670299,-94.85279511382289,-99.50275427754718,-91.61889775680537,-95.41879314143443,-90.65983641025524,-98.68304584685687,-87.99300332172963,-93.13167545343686,-97.25004833897616,-93.36197264255519,-88.01764815148866,-92.51655841481627,-93.4273427485267,-92.55467152926171
2025-11-02T00:16:20,AP_5_104,5,104,wifi,5520.0,0.0,0.0,-101.23951028082962,-94.47770584671554,-94.18445646656834,-89.14752779003236,-92.39948960158173,-98.16358339663763,-95.47657803639741,-92.3875155038107,-89.05956575658603,-100.178790303532,-89.24670514532748,-97.14267611154573,-92.51762715072347,-93.06413351624266,-95.87312391357426,-90.2235749282031,-91.39586660610628,-91.7163264592912,-97.43073172111012,-93.68555102327396,-95.87094226982451,-93.48390645764799,-93.99521008577082,-96.14448852195446,-90.90378265903395,-93.3405315030195,-94.22527038929464,-99.15360299333943,-98.7099606521794,-96.42845840298452,-94.83190684324553,-90.8006707898823,-93.61929144736172,-93.20179706508523,-92.61094533806641,-93.31616259594311,-100.24322493722963,-94.58753795920373,-93.87825609139811,-95.19680924826567,-91.33546337502709,-89.35527499005194,-94.07565027291318,-100.53694197795593,-96.98330089378022,-94.16982471776637,-91.84477204828754,-95.94649546329399,-92.25122359823574,-93.37267341891129,-92.24774078273653,-94.75595206106301,-94.80979250867233,-87.23522763945077,-95.89103755499937,-95.55700491528378,-89.66372097014596,-93.08371991237104,-93.29594361656095,-88.91986501102734,-93.39547272181734,-94.10436954607708,-91.50286508967615,-96.23931749554596,-97.80997348331886
2025-11-02T00:16:30,AP_5_104,5,104,wifi,5520.0,0.0,0.0,-101.60455994504548,-98.10645011243533,-92.96737342969476,-94.61768013772351,-93.87218586752314,-99.16976669627815,-94.61262200216738,-94.9672742088699,-95.5592200368504,-95.5223800513427,-92.15245309855037,-91.92247345508153,-93.37944056390123,-94.08230575370855,-94.47727311291533,-98.34252132994965,-92.80973677625094,-97.83932060123362,-93.68318976769905,-100.69639815597847,-93.91341003901358,-94.80835356234405,-96.12076612304806,-95.86131910925613,-99.8733713676482,-91.8676643525345,-94.20029855479113,-93.25628523678336,-87.4508380038542,-95.85416401508816,-99.4294995454108,-90.0633281166806,-91.63692553735264,-95.57454313671383,-89.62710621728137,-101.74311495791034,-88.42699241787552,-91.79791918927764,-92.67552998791727,-96.17534064953038,-92.65146774230108,-97.82545901507406,-92.6901410733387,-96.45542933531291,-90.07521349331925,-87.61895699596406,-94.54061450507173,-95.6425419457103,-93.26159819707478,-96.31802392077232,-99.00507372193951,-94.35700836942593,-94.94259440336474,-99.1485687568572,-89.82601989030809,-97.4310845566087,-92.87414863156602,-87.49802507350265,-93.69340153906553,-91.63589526488414,-99.30264496693485,-87.95936603588925,-94.67288613862755,-102.72544156338857,-94.72236753089524
2025-11-02T00:16:40,AP_5_104,5,104,Radar,5525.385899456912,1.0,0.16862432891023527,-90.81424468370727,-94.5193278325084,-92.00612373849195,-95.77251754951301,-94.22701516663612,-97.75471215992091,-93.47064672531408,-93.35121849396523,-93.96264869395218,-95.79489292248002,-99.87831819803516,-98.9966476729055,-93.38748584443475,-97.5891886267823,-91.93001973991053,-98.95837621793608,-95.71239299284588,-100.25010980809448,-93.29140782989701,-95.99399725318428,-97.61931879887877,-96.621462616811,-98.23408692060644,-99.08140959637718,-103.31469250222123,-90.78463498444665,-98.20677610851112,-96.85806696859414,-93.23262335584872,-95.82698783789957,-92.69263198102436,-95.05684378852999,-97.85142320839867,-94.5030707880565,-90.56360341789683,-99.82616326558735,-95.97529551321642,-94.75229122057536,-100.11909936081105,-104.77161109225412,-98.52298620648988,-99.51899933855671,-94.79448230711512,-98.85896572529151,-95.37447143608624,-100.07716055419728,-90.82258604729715,-96.42818598225344,-96.16082515625023,-92.84209416204169,-98.27347024296961,-95.32029023714992,-97.44548739140095,-95.24839993807757,-102.99535456075326,-97.10665893144657,-96.14726572467626,-97.51815899818783,-98.52111107944638,-94.89697492976164,-101.15125496179473,-101.94937770608499,-93.2396214589638,-91.48827409923916,-95.14371220529864
2025-11-02T00:16:50,AP_5_104,5,104,Radar,5512.958918682407,1.0,0.08309683114837708,-105.18837173319787,-94.2039904691564,-92.25094942682352,-96.32778143097671,-93.30644586931761,-93.73407125808329,-92.36145083621011,-93.27059915744087,-95.49057438726788,-91.05425835493509,-98.94958839838657,-90.22411275080518,-96.33337759607801,-91.76560559332977,-95.71587997394501,-92.15809815056996,-90.18460531853317,-93.76810302234313,-97.2164870974553,-86.24151400992439,-95.19961660320706,-91.32212875468481,-88.73586976355342,-93.13514646369269,-91.24780363017058,-98.911158063022,-94.7574339104481,-97.54777289617354,-90.34377246949076,-94.64540496520623,-96.21338981158684,-97.15036051222786,-89.74973343044395,-95.84870949428178,-89.27781805535857,-89.9057315989343,-92.1840431851523,-94.68728788337272,-93.95096901358299,-94.8149926409011,-93.28096775373928,-90.85956086445204,-99.17619027329899,-93.97951856986971,-95.9884026816544,-93.61940266368778,-92.10993729116797,-94.33353714893222,-92.91761910416808,-95.54379017295527,-89.61036419358177,-95.8580048831093,-98.70939891611962,-94.46173622628012,-88.39687776445922,-99.33794611683527,-95.51933888357188,-93.66285799515866,-96.78072532137405,-89.70911397293291,-92.38810854123582,-92.71097751198813,-92.0490608371481,-92.55084659731529,-89.90996101894983
2025-11-02T00:17:00,AP_5_104,5,104,wifi,5520.0,0.0,0.0,-103.59769073825869,-89.84460804372397,-90.83991919993123,-92.56731306562124,-94.44080222407058,-96.2502287036371,-92.09199668453054,-97.65645840042076,-97.53158371267303,-99.96491365594777,-92.00954695895936,-94.92299417100023,-95.83007495235823,-92.62964442254939,-95.55361120846167,-94.8313727508413,-95.95878384645611,-96.55351924161766,-99.27282527978383,-95.09519857633053,-94.23978762157695,-99.00344242291567,-95.52240150088826,-93.0330074273045,-94.69505624310338,-94.41550416429594,-94.9792209906814,-101.8705806160672,-91.20722412109436,-95.80606502834584,-93.49001658927004,-99.36860298692332,-94.54891331821094,-97.6256869058474,-95.09257326043864,-96.85200716076429,-92.63757364985831,-98.5543256053129,-98.47942286599428,-101.77866049086936,-93.33426544516477,-95.64814986206791,-96.15330451495389,-95.19152858983374,-93.68747753051075,-95.14796667911071,-93.97844381695293,-92.9112641175861,-97.50581679678588,-96.78566621548345,-90.07339118101537,-98.29574239116192,-89.6196941976768,-94.28999649613385,-102.503584667064,-92.69813136348601,-100.62737398744096,-95.46528530965381,-96.03660093403695,-94.01698385025433,-91.86394697612302,-95.677153484106,-93.65449430406679,-97.0772997069963,-100.5559520411222
2025-11-02T00:17:10,AP_5_104,5,104,Radar,5529.188840233017,10.0,0.05631277339182378,-91.77751597018614,-86.01002229600292,-93.94026768762838,-94.86374180235568,-95.1373939916142,-91.20874633994605,-94.93619267128909,-98.63022520871615,-94.29818577559625,-94.9712245290638,-96.32637957905432,-94.75754261216893,-89.71507031454681,-96.47549693661267,-93.17465503523297,-96.34611975040194,-92.63070589498132,-91.44345488810183,-90.33635198692706,-95.633161386321,-93.8040443838209,-95.7935448552129,-92.86896516377563,-96.5695375143404,-94.06410392517503,-95.25280773984741,-91.6128026984973,-97.82817222152721,-95.79644406290123,-90.61138537546113,-95.93251157349859,-94.36634254611928,-88.39151355933683,-91.94163875394206,-94.87709650678875,-92.92911961426665,-91.02584395943539,-92.70495486457197,-88.12125982279173,-95.96888722281058,-90.3167859178529,-95.7407690891246,-91.5145125854702,-92.17082445089314,-95.54146262304337,-89.9238709737888,-92.80171158779613,-89.15890244625992,-91.91355681088142,-91.25912388130345,-93.44252665610419,-98.93626196305516,-92.79342830396007,-96.69392655946666,-90.27779940435398,-91.75602309867938,-88.40780797990965,-97.18039490941074,-96.09756607272256,-92.3074824030451,-91.83992893837468,-91.77531138865284,-95.00393380031282,-91.67519468295309,-98.46287201699568
2025-11-02T00:17:20,AP_5_104,5,104,wifi,5520.0,0.0,0.0,-101.2239822321448,-95.63872877899405,-96.44232109519525,-93.93941735484051,-96.01331771112359,-92.36606837561729,-93.21420330504463,-92.90968605004203,-95.47206849449961,-89.86681774997544,-95.71453202319591,-91.7387992244053,-96.6429737230833,-92.4502851080735,-96.9058769049375,-97.42016831778753,-90.66357378962802,-91.55231998226701,-95.51400859772599,-88.34415928009778,-96.5142146486099,-92.312150858792,-98.13890011579893,-94.94982152760134,-93.57304095388923,-89.85340804347729,-95.44530786853021,-96.89888241068054,-92.8523597177725,-93.13129683017459,-96.50239774331133,-91.36972588118553,-92.37675015614641,-96.18121595811877,-96.23535503085989,-93.55845501991023,-93.46217785159354,-95.86021338505276,-92.79629792989434,-95.23657075346473,-91.88692823439595,-95.94248594708154,-96.93241129494777,-89.53221958938096,-97.86216190294532,-97.74371779255138,-94.34676240570083,-93.16564375483885,-97.14727144731806,-92.36995062826306,-94.25246117050021,-94.97923582299354,-91.57596311987325,-92.84231598040267,-94.42096711034011,-92.08900365129256,-95.43797508572445,-101.48008372760465,-99.17210724309618,-92.36872405533124,-90.11372801575345,-91.05067468533332,-96.46044606971732,-99.12414307204897,-93.69512187459523
2025-11-02T00:17:30,AP_5_104,5,104,wifi,5520.0,0.0,0.0,-101.8327923952694,-94.03448636629066,-94.151481327479,-91.72278313183969,-93.45920512088611,-95.38244404200883,-99.90272143570837,-91.57422625107334,-95.68029229746267,-95.73379101054945,-92.72186011867501,-95.27525768838584,-97.66412553345819,-94.80673869655993,-89.11552655598709,-97.78619918731822,-89.35928796394639,-94.02081681004555,-97.60469251203017,-93.4967748654109,-93.6640784298058,-97.23894849053343,-95.88646829342629,-90.94052926183711,-97.79129961150112,-97.39681743579833,-90.26756466612296,-92.61342558935438,-95.80559774852631,-93.88297259340094,-90.51903585840293,-98.24712086855313,-95.17553338047964,-92.27539954697882,-98.61066986726847,-98.57215867032347,-98.39004939838435,-91.95390094759965,-89.2685453748511,-95.89304247635124,-89.1590096987254,-94.29506495273266,-93.91249700548946,-98.63851237190659,-91.77115537755179,-95.11066149428868,-97.44551914208061,-98.20136250662175,-95.75187653982096,-96.53347373186222,-95.18713934520883,-96.44810702629239,-91.34084606137351,-95.16065033604522,-96.32761464884656,-90.30339838812503,-98.0151952184357,-90.4237208086019,-100.87400226805406,-91.87367736138023,-95.99507383431138,-97.04469774407023,-96.71749887763922,-95.76981962420017,-100.09735793944645
2025-11-02T00:17:40,AP_5_104,5,104,wifi,5520.0,0.0,0.0,-100.43463782263156,-101.10750530196097,-95.36297637637784,-94.87985214458692,-92.25748622524851,-88.96371545916544,-86.31960921834008,-97.32707788709219,-96.27665339387941,-90.70306381089408,-98.51056316158707,-93.9483992403277,-91.28646085466397,-96.23021204798718,-97.4230605657777,-91.95068987247348,-92.34709390934664,-91.30735285442775,-88.99593361502619,-97.7976323350386,-95.10916682062205,-101.5580298946833,-94.92166203429751,-91.63954338163654,-93.91206438464741,-89.35314173068896,-93.64496672481056,-91.05578813255052,-95.78763117680735,-95.23581070355003,-94.86252345101987,-93.42162325476977,-93.41495189731944,-93.9115320914446,-90.7247599795826,-95.69578095026777,-92.35489466304584,-91.02870024086019,-91.74482952052615,-92.3017401209471,-92.16959523792157,-92.96693666434618,-89.40306858880491,-92.401355491872,-96.03305600140595,-92.49634339862406,-98.80248115798493,-91.76919095872445,-94.86948483993055,-95.05131858144456,-97.67794502642813,-90.73694435980687,-94.1598043416129,-96.63851041488817,-95.29241360157454,-91.45214710049872,-90.45088907995304,-89.79704398449051,-93.03813303471247,-94.22699030338636,-93.16261824440625,-97.52777605328308,-94.37200506209547,-93.49788827246371,-94.39462703740631
2025-11-02T00:17:50,AP_5_104,5,104,wifi,5520.0,0.0,0.0,-100.6844137910529,-92.55243979061542,-94.35653488075539,-97.0203680078293,-86.92706830350815,-90.77494678586022,-91.36033780122943,-97.54385788144808,-97.22707808889056,-92.93214004230092,-87.62537619784071,-97.51404921680204,-92.12246275177067,-90.34116116674574,-96.96420833028505,-91.9614153467352,-101.57694144060437,-88.98163558159031,-95.93744939114382,-88.0659638134233,-93.55810140960527,-98.9730897739498,-89.93489764401058,-88.28296790000906,-95.09966278084396,-90.98928366903164,-93.87135763414176,-98.47059383610079,-91.13661322283001,-87.81193930105353,-95.0710225779033,-95.79368999597543,-95.25318328678634,-96.1269007153249,-90.24392054555267,-94.62069901594177,-93.17112756655919,-98.19388991132838,-98.36869699221286,-86.93820017652565,-95.32267973637501,-98.51338120260795,-93.01721621970374,-88.67243752979823,-97.34110595444815,-93.13946471604385,-100.73698820386183,-94.36209478553846,-95.24068871702889,-96.55817959125896,-91.83015314409738,-91.57542411948691,-93.41776962479625,-92.11293240540626,-91.80638517618108,-93.20476417140294,-91.40153896862617,-99.68607658912177,-91.14290746917037,-90.08286971662906,-94.81524459878597,-93.06694005164853,-94.44812997834639,-99.45382251147048,-94.9778545725627
2025-11-02T00:18:00,AP_5_104,5,104,wifi,5520.0,0.0,0.0,-101.07940904566023,-100.64798395197437,-95.4746209190509,-92.6494439467163,-93.4696909565302,-91.37753770723636,-96.83841277797305,-92.85137722383676,-94.79650508392974,-93.84404358760163,-93.21013767972748,-97.86214907455033,-95.45471429861173,-95.78709879776491,-96.3969397683494,-96.83678953315034,-92.82158758340952,-97.3116661060863,-94.14219512955795,-97.93301360151912,-94.52560337777008,-94.53134380968241,-99.005933026748,-97.66617471465395,-99.6044640803319,-94.16457227417564,-92.04613599405813,-94.09837219141623,-90.2703364628102,-96.97740402176787,-94.92990764458912,-99.2207114802404,-92.46126814485945,-95.19722230986558,-94.94834829695071,-93.92374906214701,-93.47850822115932,-92.6105314244029,-94.82287959989054,-97.90119930753148,-92.45922151933543,-95.32660524552665,-92.20441244013992,-94.94627690424939,-87.95484398454765,-96.8987037447244,-92.01948562651584,-96.39549242206495,-95.28688801911551,-87.90983713271717,-93.60039709426665,-89.94763949127258,-95.17280160932248,-93.50525641315355,-95.78595943791392,-91.60009035477651,-92.76021180643886,-93.66607064380722,-89.02141536101368,-97.62408507292027,-96.79634688444227,-95.5256735540409,-97.02841397643786,-94.03534974526242,-94.81328920906175
2025-11-02T00:18:10,AP_5_104,5,104,Radar,5521.3052070850745,10.0,0.11945004894434108,-114.1826117231781,-95.65755100277673,-95.60842019965676,-91.7899140668896,-94.35975602353615,-91.90875322060312,-98.01994544076311,-98.71318496998424,-94.31433883930077,-96.36894819041657,-99.87368681473257,-98.90434457180388,-96.57584035751066,-98.342637234569,-93.69973365048966,-98.01760835866013,-96.24324783229054,-92.49995069693495,-94.5650447294347,-92.49973025424741,-94.9798106184188,-96.40417091305522,-92.76368899502366,-90.31397244838104,-90.74668445657662,-93.34646504569257,-90.72317630535737,-88.63516442820143,-96.03121242841428,-98.86510461876911,-95.51830037141924,-98.2332135619996,-96.72089854586052,-96.02977081396072,-92.5312901687841,-93.67046855935578,-97.97360042729434,-98.51113325676711,-100.43891204755973,-90.33100719942675,-91.25790230707602,-93.00978603339152,-93.8674432540529,-89.70763950205539,-94.7883987816163,-94.21327762597849,-95.84696157281306,-93.92440171174901,-92.54305108489014,-96.25147090186816,-97.567231615428,-94.311933112861,-96.79560603423663,-92.88370660940254,-93.99031735760921,-94.0634704440461,-94.407673792611,-93.20191473099916,-87.42257709920088,-92.62603913283002,-91.07751981309589,-90.83687960815766,-93.11625855890081,-96.58176300151297,-99.32318613122567
2025-11-02T00:18:20,AP_5_104,5,104,Radar,5521.276969478288,1.0,0.08141826243011273,-104.62099081308929,-90.40136461320968,-94.15210465483577,-94.04560954902145,-91.09622606907156,-90.09182341364479,-91.16512101727261,-95.66552099268866,-93.04249566869947,-92.62947821064651,-91.3173753505786,-92.8029235019281,-96.47107740119588,-102.36081909873819,-91.82486721694983,-96.90300671955124,-96.70866398937002,-91.07476044425017,-86.98433393712357,-94.42260622667997,-90.05570673181381,-100.96151280524958,-94.30254615918277,-93.34709629217325,-94.9948170243031,-95.87298476959438,-96.94580342304835,-96.22791527091628,-96.21587869468851,-97.2337275656916,-93.4645923945917,-90.37614213451799,-98.6082694728599,-92.09539416019908,-99.31175639408062,-90.65867972400811,-92.42242154355627,-101.15853604184213,-93.64569391444257,-90.51835826952049,-91.95996008865369,-94.48432930004488,-96.56070995088912,-97.85040000024902,-87.07833505377025,-91.82084325754188,-94.96054260326412,-90.30626093030357,-91.8637677507851,-97.6761185314974,-89.99133046963598,-93.69696332573574,-93.09778612970628,-98.01567598916839,-92.1060335103325,-89.34031879822982,-94.12548997606176,-94.03268689873035,-95.67555021587559,-98.67240633830797,-99.50644199622549,-95.59592671430376,-96.53375759814372,-97.91570815471046,-96.07023951396013
2025-11-02T00:18:30,AP_5_104,5,104,wifi,5520.0,0.0,0.0,-103.72741766896083,-97.61522020089113,-87.9544706125191,-100.50854780709491,-100.43432648100436,-98.33062511270498,-97.57863446374915,-98.12046358817516,-98.60522377107809,-93.77650175820185,-97.02548687490814,-98.60249780948531,-98.03803122984979,-89.59317726482996,-96.50068982205795,-98.22353531855241,-98.03169359958744,-96.35189322234208,-90.65819975082809,-95.41081153069037,-95.84121580844521,-97.39315248653077,-98.60512628095604,-102.82628177125093,-96.14434740577019,-96.66178032152723,-98.41602726496232,-93.69677406338434,-98.7945740102588,-99.37890324316562,-100.49286379140536,-95.8966096130124,-92.55013522407255,-94.37004909424783,-99.5896708007893,-99.92122788148043,-100.13762752932305,-96.50487567074182,-100.36068858247096,-98.13129181587706,-95.5641264833206,-98.9036078915567,-99.6039574721064,-99.7632564844093,-95.43581253982288,-94.80647313216969,-101.94291563876581,-88.63969953826638,-95.6849183993964,-94.1301767588357,-96.7137330282537,-92.64323955868744,-92.25367462535715,-93.1326069956382,-92.59973662736971,-102.45507744875233,-98.7074804915546,-99.75752359894443,-95.59228720648683,-94.59202787010958,-101.1390449150463,-90.94812847688696,-100.21752222563552,-97.63784701200125,-100.60199785708328
2025-11-02T00:18:40,AP_5_104,5,104,wifi,5520.0,0.0,0.0,-102.51195669706294,-92.16603015930454,-94.74538764448906,-97.26050813982302,-99.70536533062464,-88.4947578314288,-98.83197558545706,-95.99679899685901,-97.68955053232693,-95.47596300993122,-95.94260589853141,-93.62807135779293,-93.07184861232395,-95.84594077046147,-93.92665564790907,-96.5134322849903,-96.1301931165259,-92.56701643479362,-99.60903278664462,-96.44078579197169,-96.43989891441957,-92.39163214953302,-98.24850685262362,-98.85047385437403,-96.14504448182586,-98.18494473629049,-97.86592363752837,-97.09556131465351,-95.33860991604423,-93.93294567826834,-97.71641830754233,-94.16861484036832,-99.55193310771311,-98.6886454390399,-90.17582901447926,-96.12899945630288,-95.87030165624007,-93.34122184596453,-103.70512191244855,-92.79827124112921,-92.64915636015522,-100.34516335887005,-95.7330042971003,-97.51729487774779,-97.47296702481302,-94.40455152308725,-100.38790412292244,-98.37225828783309,-92.59265266265798,-99.55270287113501,-92.75117521685969,-100.28502192078238,-95.75097142741858,-98.19202670458267,-98.49143119547155,-92.9633299062582,-94.77106754621929,-93.6258808106534,-96.16607288834378,-89.37091637187362,-91.9568308227512,-98.52759333993085,-99.5933268449815,-93.61722501369418,-99.95540998333702
2025-11-02T00:18:50,AP_5_104,5,104,wifi,5520.0,0.0,0.0,-101.69474011608335,-95.16111757235198,-99.26947151026764,-97.1634568642627,-93.97301057944347,-94.88179232994523,-94.32766311917109,-100.85477933760049,-91.83174506717364,-90.17319294195522,-94.2603819403528,-96.46962100815301,-95.05841736168551,-95.67725110379907,-93.99684582517764,-91.87768444882683,-97.83428871068345,-97.55701156910081,-95.81072887624313,-96.76498506827427,-93.05844732358979,-90.61254673861183,-99.24771792129198,-92.76867701752033,-97.73181668455032,-96.47063116655319,-102.27259967968419,-89.58307037973246,-99.56424175750573,-93.67887533180752,-98.65516913097689,-97.56660656544598,-93.03000124324456,-95.59053635902336,-91.5161680391321,-96.84020681110859,-95.51335619118778,-95.36599659378052,-97.43644353099891,-99.30713196082814,-92.56346202498335,-102.44398056157122,-94.3061737215172,-94.33797398181676,-97.55796816009472,-96.36952898242481,-96.11391556826194,-92.57003217234437,-94.0597876624794,-92.86893102516733,-91.9004896616966,-103.37519135634606,-89.88401121248444,-91.92451624668475,-95.85689789369245,-95.1190011518812,-95.41170706669509,-98.59408332316525,-94.02467827521416,-95.48421829775775,-94.1398821096215,-92.46295780927018,-98.76664880447521,-92.69406335082377,-97.02863431044851
2025-11-02T00:19:00,AP_5_104,5,104,Radar,5519.950601250833,10.0,0.057961232525939155,-108.33434006080799,-95.00457064807246,-96.68651307567845,-93.14191539546302,-95.82943975098706,-95.02723231052127,-92.2856227302798,-99.10938412263481,-98.65741447259765,-99.939024959944,-88.99521197891846,-93.37505428135186,-92.88726794009028,-99.3492238657607,-93.66544533704902,-94.93425386584823,-91.50811964376368,-97.88024495010916,-91.66295285377815,-93.17373173438313,-95.69668511496006,-99.1732865758517,-99.41947195525893,-93.44048517289862,-107.07329185735506,-95.82062240943208,-100.84807591386286,-95.94875454192528,-95.5947926741983,-97.67567220324976,-94.15402136228916,-90.97685067669778,-96.92200494688741,-92.29079439052937,-100.36280810986403,-97.80275296363995,-97.95079690417039,-93.97505921102204,-90.06252607911097,-99.31011322360746,-88.91140363866415,-93.11589827211405,-95.85160817279035,-96.61618592644577,-94.38385443668616,-96.27478324941765,-95.68764991105294,-94.49570642540877,-101.38488478952807,-96.7301470111497,-99.30880200762674,-96.17588660677411,-96.53691963275107,-96.19753014689411,-93.7812029314222,-99.9528962851045,-98.53484525462449,-94.10116458855971,-98.26922941183068,-95.51988623533772,-99.65148681502994,-92.86679572024572,-95.11334810734554,-94.3228451275021,-96.53021996655391
2025-11-02T00:19:10,AP_5_104,5,104,wifi,5520.0,0.0,0.0,-99.90596384050993,-87.51147884241388,-96.93288498941956,-95.18229583084617,-97.45728429868832,-96.52095136032597,-90.44059805861954,-92.10832310119274,-93.48015259590466,-92.3856549317782,-94.5480224519144,-93.15949783652154,-100.06100837444073,-94.37991814029483,-90.60068189106707,-90.00152957766483,-89.244152251423,-90.27633926698856,-96.1547807521085,-99.27710841319637,-92.56483580307842,-91.22466761059292,-96.88361724738084,-87.57695285223866,-93.09982438398018,-90.83601337301059,-95.06409040254711,-91.99379276387458,-90.73941639803672,-91.25771781151673,-92.58281287625006,-93.59434828858952,-96.43078888833253,-88.04584508950478,-98.37639207805437,-92.07537999850939,-90.84218606364371,-97.14364600374888,-90.07894646678064,-92.33947467725329,-92.54881582200653,-96.84070255617684,-88.3341206185597,-95.01683236085877,-89.1949759365194,-91.15219316514231,-90.83561162138245,-95.84850803799289,-90.28736722649326,-91.2490700264459,-95.17827889041229,-93.51146623630767,-103.1006630953122,-93.74683511040652,-97.51603535514828,-90.19012087088765,-85.7392991451722,-92.71536086004622,-93.67287139019828,-92.26108360230158,-91.20903480755553,-105.38898865843964,-90.49899766704024,-92.34189272468717,-87.9038731046115
2025-11-02T00:19:20,AP_5_104,5,104,wifi,5520.0,0.0,0.0,-100.6323553929355,-90.44865958328077,-91.20493010438678,-95.34842994540934,-92.46823593133828,-92.36955772520268,-93.85707314146107,-93.6380448998286,-99.14199800685635,-91.71440000007857,-89.19737372423762,-94.29234215131794,-95.2564782632877,-90.02616868250716,-94.82955064018674,-88.08013169129943,-91.8046533148715,-94.43866258325006,-88.85593053147775,-90.50130552962355,-89.54056141876444,-100.03399074352149,-88.20994564134682,-87.23770922285505,-94.16226626513598,-95.88726681207507,-90.04267762675649,-92.99293388945715,-91.37384764058358,-94.59427495275334,-98.70819400987963,-91.01552371758632,-88.23740240465834,-102.64379315264736,-93.41500579381909,-84.18121833651264,-100.91203178550826,-88.74996574914489,-87.14419766891247,-92.77174175776236,-93.5884791540489,-95.34576446584059,-88.04845725916775,-90.42340960920285,-93.43268673240462,-90.68240218942452,-87.57460940381061,-95.89397930828812,-92.22409483019835,-96.71139941861617,-96.3252215367835,-90.99206186753214,-95.68154474672478,-96.03477036289185,-93.51564693600439,-94.23735871206402,-89.6626438238941,-98.03838333364644,-91.33927728508152,-94.67272411914465,-97.87079584329791,-91.3460526600699,-97.62816213077502,-95.0140986632248,-93.70316959830257
2025-11-02T00:19:30,AP_5_104,5,104,Radar,5513.565838659837,1.0,0.17696730235656313,-105.87392984659495,-91.67362280842765,-95.08521484794336,-93.74690543957055,-92.08990467900092,-97.17672260454606,-97.77414781941455,-89.36248493267819,-90.60082949414796,-97.8219882948981,-94.62487182066526,-91.38259866944693,-94.38399124205797,-94.47826396336357,-96.04431160026421,-101.49989719461833,-92.46255373279405,-95.94843202747887,-90.336771156146,-95.69089093650602,-91.39806734746571,-95.65347991589657,-96.5349032015555,-98.60114106767948,-95.57555219731216,-95.63648410357685,-93.70471688403761,-93.54711984713792,-98.99349118129909,-98.8617316755949,-91.8695818717049,-89.12745722603563,-99.56992781811209,-90.16485731821487,-92.9741787411093,-97.47136379651286,-96.58562604710585,-92.96299822550618,-95.44081107862375,-93.6399753308221,-98.16647506774248,-92.19121597571113,-99.11519016207254,-94.99872340863647,-93.4451751807883,-94.5081457435104,-95.82557181547226,-92.69285408738722,-93.04601010751578,-93.10688847151147,-91.00360340381607,-94.99034369369664,-93.47667777291912,-96.38922343644242,-96.37485253660716,-91.55732752933132,-91.41884593757463,-90.7197361205901,-89.7719273459011,-95.64615674770597,-95.20857678613574,-93.58163031329028,-95.51211867320023,-96.0315909372132,-93.96358143117546
2025-11-02T00:19:40,AP_5_104,5,104,wifi,5520.0,0.0,0.0,-100.4134205169166,-94.17792492244266,-94.68614635624631,-91.21548577510963,-95.54768784803659,-96.32706986269578,-90.12707572164003,-97.6973295995541,-95.19392937219918,-93.82572001661417,-90.80068547684353,-96.6258000054758,-96.88448490016813,-96.8331646939847,-96.62199903077787,-95.23578214840725,-96.30174411266644,-92.7619371328134,-91.74050813762662,-88.50883021207498,-94.5053688356967,-97.46043771609568,-94.63900932720706,-96.05045009422024,-96.21656580560396,-94.53310722445144,-97.13753985503091,-92.17703955926021,-91.32225350685067,-94.81004346350338,-95.94901767373238,-96.07247300851569,-97.03769635559772,-96.30658273552265,-91.85565579308225,-88.75053729321311,-93.63909806743487,-99.60599915914534,-93.28283745093036,-94.26148834699029,-98.10541223969234,-93.1668448925204,-92.13710195522053,-95.22601836279172,-89.09323999169348,-94.38876329370828,-93.07464700018714,-94.59285638126826,-91.96676750742661,-93.27361805698762,-94.95760315410686,-97.00994090086908,-94.85607667259706,-91.35144466648407,-92.32836375210766,-94.91673374377923,-96.46234420270622,-94.93228345375674,-96.52410230700336,-94.78915787797473,-87.9624400422902,-92.8617206267119,-91.86029742521603,-93.12266883788945,-84.62228883943054
2025-11-02T00:19:50,AP_5_104,5,104,wifi,5520.0,0.0,0.0,-102.4707417674645,-98.24034482596814,-96.2873105282703,-95.26395333594719,-99.07053430848738,-99.33560565135875,-96.52549025735054,-91.71779507881254,-97.71620416732318,-96.370143014828,-96.90464931003989,-97.62365722442976,-96.15549453237526,-89.22926102297322,-93.24284085113237,-91.23047860432142,-97.60005323918989,-90.0057399454074,-89.60372044865682,-94.04412691555126,-95.84722255911669,-94.39090043932464,-95.46275966017224,-97.75921714695107,-94.03812790693328,-102.61380980067891,-89.28991931347207,-92.96905686560397,-96.02409986040662,-97.43796575591544,-99.03422872682516,-99.16953886344893,-99.5741552507757,-93.29373460595734,-99.19403860086796,-97.73793096379644,-96.82418635213747,-100.60338254457002,-94.18496514072024,-94.42841927797537,-91.66386279478712,-87.64487021195009,-97.51767786220944,-93.50556284219252,-93.7121103923041,-95.27636896919438,-99.64060401171304,-99.03117343078718,-94.21761426229826,-94.77437553205532,-98.6696932181622,-97.95204968377757,-96.58534588891267,-90.95894763919351,-93.43954991271808,-91.18552567329932,-94.80309807814422,-96.72577075958839,-94.6337270823025,-97.91355505598759,-98.96039142694765,-89.52271887257068,-98.4807012762274,-90.56166698949554,-93.41283137103665
2025-11-02T00:20:00,AP_5_104,5,104,wifi,5520.0,0.0,0.0,-101.02371254796726,-88.82105722483189,-101.23826234686098,-98.08374627755701,-94.90402086447351,-89.25745155532933,-89.53371829375338,-94.04791974876169,-97.95476883049487,-93.66826290635073,-97.21441245125817,-98.80585005813168,-95.09565055391404,-94.58666227851396,-97.66864464636086,-93.11923827259824,-91.56787915932422,-91.61649179863441,-93.81305246594474,-94.98452343450157,-95.6418940308489,-87.86108945733957,-94.1320409686803,-90.19339453638483,-92.91113263955835,-95.68945655163796,-92.98609769210516,-94.23810317031719,-95.90061825478122,-97.42892817247518,-96.83018915900875,-91.32680624363805,-91.01715127558177,-93.70141486502133,-95.88162637801643,-97.30566305874778,-92.43421438911251,-94.03804032015131,-92.71256721914995,-94.06226999882243,-96.61816221550984,-91.73073184202124,-94.84981988590187,-99.85737823931257,-99.82266464420908,-97.39873497012927,-93.78451605071538,-96.03988410978121,-90.14599811931022,-94.5602986797616,-93.14820347937427,-90.95123661077282,-93.0288978079174,-91.98087232990672,-88.96393956551458,-93.87034380474381,-92.9360478697532,-94.99752831549941,-96.55249545437634,-96.80073285997572,-98.22463724655245,-94.72059920673993,-90.54904629748422,-91.08255052575444,-91.79315947478145
2025-11-02T00:20:10,AP_5_104,5,104,wifi,5520.0,0.0,0.0,-102.83296769891757,-97.65506416837883,-92.79463733742473,-96.86749940972248,-95.99160829799035,-93.10604642776346,-91.79856011590712,-95.80348952692928,-100.42584270169695,-94.44244813847125,-94.00064689144305,-93.82494963679055,-96.70196594070184,-96.9189115127961,-93.63114934864004,-98.43734828783813,-89.35497003718892,-100.45451013679187,-97.06137261404436,-93.64313009799957,-94.09621127452198,-94.89002698772772,-90.2723945417402,-91.19296166970253,-98.74175155115961,-95.78781584999669,-95.28212766843792,-93.50465836426326,-97.18188385510123,-87.26101622663523,-91.52779899354883,-93.1800022697851,-99.05419789564962,-96.84245868473909,-90.58233406818188,-94.54738558041274,-98.73235177560996,-100.46042022879921,-98.59907627349483,-91.56096958280366,-98.67630713649069,-94.33535496244093,-95.67294360325673,-98.35087986331668,-93.68007434737837,-94.24769180511488,-93.89455741444507,-96.62112344593135,-99.53240108031568,-101.75023237788065,-98.35517479116166,-92.30868782674074,-97.93310312690754,-96.57265964232957,-94.61567058327076,-97.47390386346503,-91.0795183860257,-88.82508482546699,-92.9942181924708,-93.88660939357776,-93.5847518442508,-93.31914840193218,-93.14446039412782,-100.41097301979248,-92.14654251297156
2025-11-02T00:20:20,AP_5_104,5,104,wifi,5520.0,0.0,0.0,-100.10852165649669,-97.69192537067147,-91.49087725905243,-92.46792393632765,-93.34439596524301,-96.50947156019024,-89.98722248692428,-89.5042084016966,-93.94968683742539,-92.55978918948593,-96.53337379604253,-88.06799418840177,-93.89902450534986,-92.67986753469691,-92.72613229559741,-97.28199251775591,-95.53403267647143,-92.30422159710017,-93.04211007776352,-90.6488126630004,-90.8273710804072,-92.04822340454852,-89.19774987467213,-93.9110770636687,-95.08225700879196,-94.77061999232748,-96.76707093879125,-90.98921097605644,-92.55786992265648,-91.30356589396999,-94.97533581437432,-91.37125813350168,-94.40239403197884,-98.54579101343734,-89.37100102162884,-93.56824046165539,-90.90517868053678,-96.49563936260417,-91.8682879915735,-94.65012616981969,-89.99569711561999,-91.61162827331259,-88.86710596009748,-90.59328604366351,-95.1909284258991,-95.54318268398796,-86.96374717864505,-97.13484630904213,-93.04469383328099,-90.1405390625503,-95.48507600520306,-93.69227481405025,-96.5276061072134,-93.80582508181051,-88.92203895961708,-87.79433238228137,-87.91816185734851,-93.26286306693339,-98.12395411407071,-99.13282886714727,-91.34378333995912,-94.17307468154881,-89.33611712178705,-94.80247996157763,-91.58595973213997
2025-11-02T00:20:30,AP_5_104,5,104,wifi,5520.0,0.0,0.0,-100.10301135144243,-101.25082038504057,-96.44210198164502,-95.06884737143568,-89.71414003871378,-93.1128590477626,-89.38736776146371,-91.86543100719246,-91.59918342857323,-94.78047961471891,-93.02671289723189,-85.55647832236374,-91.18514345188305,-92.76038429622567,-87.82930797516633,-89.75033180750363,-92.27925683396161,-92.23346286522167,-92.02346583311623,-93.17339043302333,-98.55898376565746,-95.46993395804719,-89.51961404004642,-90.10662664341471,-96.42644371585126,-93.84078577275694,-94.02839653546653,-94.92183679064617,-91.07214694254154,-92.93508851513303,-86.42766913672537,-90.37931350430551,-94.591744263756,-93.06963921728435,-92.51681089394555,-89.99296612006235,-92.07323820476982,-93.38045116099649,-93.18203947773999,-97.76598067093225,-99.36004756131915,-90.62216630934189,-92.02064532737054,-98.67348603841235,-85.53861545352356,-92.75239150418948,-93.43326851031065,-92.30497159321331,-93.71492525965589,-93.03414565226782,-89.44460997342891,-89.79493514757334,-96.07724520846024,-93.86848991475578,-96.56440489346063,-90.71272028049195,-90.43724601015403,-97.46759373019023,-92.59078317505909,-96.12548782380517,-88.01446326528458,-90.75534543008894,-92.56718270605081,-94.66236000319289,-97.43180613649234
2025-11-02T00:20:40,AP_5_104,5,104,Radar,5528.593350769959,5.0,0.16970897106941332,-106.47233105182875,-95.79858775732968,-98.30202149012999,-89.9245348332527,-90.44550558865569,-96.64044658901867,-95.19278343825522,-92.5785888137557,-95.5977630269897,-95.05938359645805,-91.77940423154287,-93.95501270603107,-96.42764600948308,-94.80377135880023,-92.94117326437532,-95.21026149288251,-94.59424386755066,-97.18923738769541,-98.11798022307543,-94.2902477608014,-90.85737991615724,-91.06526899374838,-92.1582893110886,-93.4217555833096,-92.05584644409603,-96.12561869107594,-95.05598973054427,-89.25771225424695,-97.11513550069115,-96.4464672097154,-97.88878000684771,-97.2656311850727,-96.28803357915066,-98.67223543532923,-95.20440539036007,-95.54615364518307,-91.1673189000169,-99.63144333809404,-96.20894811085878,-97.75426537833624,-92.23859752520595,-93.1705074945747,-98.90910185194798,-92.39543798651138,-94.95089337331949,-93.89448263135431,-97.9556654767264,-98.24236701945883,-97.3088691170096,-95.87504592230178,-99.59350777126247,-95.50525870148411,-93.03824373278847,-97.5144685984453,-93.74649399484986,-94.8222319063524,-95.35006155112274,-99.36663798605251,-95.27414316945087,-93.3577198675515,-96.54483362875148,-93.76340440827484,-98.05650651926338,-93.33539761189226,-89.58366983294002
2025-11-02T00:20:50,AP_5_104,5,104,wifi,5520.0,0.0,0.0,-102.01576004708342,-91.65487710567378,-93.43646299552549,-98.75510612146262,-92.28266123780409,-93.92620956641176,-93.72838659931315,-94.01020584273958,-97.62202823939037,-92.08995335953134,-93.14785878104503,-91.97970818571244,-99.24679956189448,-94.01726846220511,-95.64661756838507,-100.84939429125824,-94.94773988785437,-99.1232715998261,-95.36784133087473,-92.57666253924882,-96.63860894392869,-95.86689984640655,-93.99728738440842,-89.36068892766957,-96.42203393750526,-96.12884734730972,-93.13415238815598,-90.64854873394083,-96.50700004557724,-89.84933062708427,-98.81557520121348,-94.82843936100917,-96.85894151842218,-92.90276811071426,-95.497614190114,-94.92200309063143,-96.73286346599912,-93.96977629486229,-94.44579576606169,-93.55713802947264,-94.71062735958854,-97.15578964171424,-92.10038326453682,-97.12534555586872,-94.85036714565312,-95.79174650262321,-93.19498961910244,-98.16338921608788,-96.75722303042338,-100.42956871008138,-90.36557875580193,-96.97227355294635,-92.28960805499358,-95.17798269948936,-100.87295686726196,-94.45627432367165,-96.69952749808716,-99.83757469717531,-93.09013664126208,-95.02928153077387,-100.11155068268872,-100.1064470249646,-89.18876525013194,-94.29159423089712,-91.22152296460811
2025-11-02T00:21:00,AP_5_104,5,104,Radar,5518.265417795751,10.0,0.1638689710045255,-104.4790549085132,-94.5994362440595,-100.0139851424659,-97.6493047125667,-94.7198320367092,-87.73252322070665,-97.19505011527382,-98.12935565785818,-95.29882997807898,-95.59922041696193,-93.01842411133207,-97.59313492543465,-95.90529949206277,-96.26245340024418,-92.21873525085273,-99.5303906561119,-99.14539405975901,-90.48515002806691,-98.90849646479623,-96.33737314283039,-95.81319615061048,-95.90973924238347,-89.68705879509002,-99.85256280663482,-94.87433618856961,-91.21028205644015,-96.73617244852998,-92.80527396598842,-92.5721130359491,-90.81294324528288,-94.0098458568326,-93.3289310331083,-96.67829429292952,-96.5393117927482,-94.54511178757252,-97.30009099648089,-96.39359572767677,-98.75099401856797,-96.17065839163791,-94.14455711257003,-96.0135535022874,-100.16206994043651,-93.81913921148254,-90.01555787368005,-98.69134594427885,-102.16931952799546,-97.5463373248489,-92.42506027785304,-94.01941256404929,-94.10516884297792,-96.0932532056032,-98.31202678785368,-96.34227583213418,-94.59863516573516,-95.08304152773636,-93.35127221413317,-96.9524839378066,-97.40342066097176,-101.26840591763869,-94.84543319771635,-93.85176376282946,-94.63559508802264,-96.19607454893394,-95.38505521145292,-100.62437600422302
2025-11-02T00:21:10,AP_5_104,5,104,wifi,5520.0,0.0,0.0,-100.98898564235697,-91.58107354829207,-91.72076081810982,-92.62313132123532,-94.55453323189819,-91.91584309246828,-93.56080492505167,-99.82619922837368,-95.23168957099482,-94.78208692292827,-92.54972941665042,-92.78997548305227,-95.30929456107276,-88.43496690848629,-99.88991249416343,-96.47040304629445,-90.76432097558218,-92.44625495821815,-98.03621486769907,-96.05674143067128,-93.28423444144349,-89.06938882156913,-94.21777809931187,-92.53918731989368,-93.49710211074016,-96.93618905719184,-91.27240763573596,-94.44797247794675,-92.24523976524915,-90.29457493817218,-93.03151383871095,-89.96279947963244,-94.78849348862477,-95.31886655432605,-91.23466151023119,-96.71340409669658,-97.85320173625189,-96.57318525588609,-98.8917438698969,-94.89938002937498,-90.62274387961182,-94.71889970940259,-93.54789503048468,-92.64530055974565,-93.54682411754942,-90.09369390359456,-96.21303896172556,-95.50708859566953,-88.99606829848717,-95.38085762384235,-99.9274687138818,-95.76215826592897,-93.3303990913561,-91.69899978757329,-93.43958296617794,-90.44445312686648,-94.7773601130543,-89.73915207764774,-91.85470672868698,-96.83200948275187,-94.09862965412792,-90.10498798059044,-93.31345940950676,-96.95257419380995,-90.56679247878918
2025-11-02T00:21:20,AP_5_104,5,104,Radar,5510.632739287447,40.0,0.03587556768857797,-100.29882672448316,-91.67418550136644,-95.16279431809286,-93.69845645208976,-95.41008354181355,-94.63525340056222,-96.160760293435,-96.32356019038181,-88.19615151371251,-93.67699316071673,-98.09966273768651,-99.23915489112821,-91.65198653942761,-91.15702414714193,-93.25536383916061,-94.5196844193742,-98.41296140696993,-98.22658992999868,-93.06020965476229,-98.63191416843473,-94.73046990633426,-94.9794354902688,-94.50303343170523,-96.32172877129115,-94.41075201708196,-95.59844961049917,-91.96131127268592,-93.71968018590373,-93.76351653727178,-97.04274309860283,-92.92569201471883,-95.34791245687786,-99.62633383844528,-94.89218506697522,-94.91330992300534,-95.27562245435344,-96.08923242540746,-94.058112745666,-87.1197808525982,-93.08212876409112,-95.70324929117844,-89.74112298843897,-89.83006176363543,-91.47268848611951,-94.03421202446924,-97.68438307944766,-92.43698362614654,-95.90195475654295,-95.83553220279622,-96.29113089708201,-100.53604750823992,-93.03119676715136,-96.38726690637067,-97.34392892151557,-94.79071793784766,-99.25571404690594,-98.29264660477585,-97.41564504977525,-96.35519098510433,-95.04671019802196,-98.80484134109403,-93.45609284119797,-93.02190340147195,-93.15749314726938,-96.55750567955748
2025-11-02T00:21:30,AP_5_104,5,104,wifi,5520.0,0.0,0.0,-100.70161453792822,-94.35624767216451,-100.70062765583285,-94.6296176079537,-93.18789950287135,-90.6310470394719,-93.93074500065603,-90.01172453531586,-91.82114915798903,-94.1388558187834,-94.77394631558604,-93.7993391002564,-92.79299257755777,-89.92381262059102,-94.248056841235,-91.7881676756733,-89.86709542395991,-93.62279453128629,-90.55324598137048,-92.64801623049071,-92.70396676170367,-96.09035128088203,-92.40380836451163,-96.38075440361959,-96.72607528177114,-98.42402873980038,-92.19906852020166,-87.50379301083892,-93.3844538084964,-87.99834019026272,-87.71459951418942,-87.28940840260154,-84.99734278128523,-89.67359326331541,-94.378974839215,-93.27149165091728,-90.11552904613961,-92.49137011739877,-95.72404132467341,-96.50584583435814,-94.04601041954642,-95.75441909804347,-90.55877851175443,-92.41457606706145,-92.48785182912148,-93.20629297576289,-95.82927209097915,-91.71246501179779,-88.82789315065678,-91.72738110207415,-93.10418640480118,-91.56921637285177,-91.4489257146868,-93.19108137085362,-96.12312701199373,-96.30777912042394,-92.27197745597199,-94.75402037374218,-88.24622016520608,-87.2322137145568,-92.06718331196133,-93.70387587895114,-92.17973046491005,-91.355962202895,-93.56739321888595
2025-11-02T00:21:40,AP_5_104,5,104,Radar,5520.2290166760195,40.0,0.15985694699389044,-108.05441996248658,-94.63081516674714,-89.27962662704519,-95.48501074958634,-100.85054031111771,-95.11718963029719,-93.7536843564474,-89.5260327476644,-93.89994233003394,-93.606145613107,-93.9907761419133,-95.07567071341909,-96.25037492228135,-93.99918139851057,-97.22294207654531,-94.8038820706897,-94.76202914564197,-95.84511380980257,-95.46933400989322,-97.52892084174792,-96.08292488874301,-92.46314435360189,-95.38482820965935,-95.0456388843186,-92.22808901716303,-93.31927707472991,-97.01943528737795,-96.23090416666359,-88.465530534372,-97.09316012970174,-90.89473913848903,-95.28966295165954,-88.06391329423556,-98.77616932035511,-94.24060464639552,-88.95480628973444,-93.27439820947085,-95.54482979316855,-94.12162536709393,-95.91286753697615,-90.69021791848255,-93.40132006650195,-91.77084577644423,-94.52174852894493,-90.69789489686855,-92.79787777331467,-91.6485968292159,-94.8028486973163,-92.25585228063414,-95.85586249829356,-99.38637167725682,-96.19745682524702,-96.2276346784642,-87.03618402916456,-92.74700895071561,-94.56645383559359,-92.9185517337522,-93.05171990990848,-93.3027182343058,-92.2250688929815,-93.2334338621138,-94.64042047152371,-97.73589451313708,-90.75368636683126,-93.4671596222741
2025-11-02T00:21:50,AP_5_104,5,104,wifi,5520.0,0.0,0.0,-101.80793464565792,-96.25754645552087,-96.1348772263527,-95.42492439369249,-94.54197919407981,-92.85361719650565,-95.78775058171642,-94.49806065364177,-94.8283188277552,-92.38168293745159,-92.82668113374416,-98.30307920891923,-93.94580703814796,-93.49922430888164,-97.395489394918,-98.89286948040561,-85.96504028751698,-98.1295277316233,-97.3922886974,-92.89726175085318,-98.78738781101264,-96.34232735650392,-94.02023124093408,-91.1700581833193,-98.67335479595911,-96.92426581202704,-95.88566221823343,-95.59879054744619,-91.94933772503612,-95.71944504553088,-95.2205471800542,-98.62933484314233,-94.98514565677323,-93.85432337344064,-96.51202368712623,-95.55864470006748,-94.9516131634591,-95.59077253105806,-97.42454505697143,-93.4166172396967,-98.79645069946544,-99.02051964583912,-90.48436331722382,-96.49888360561621,-94.5197547300917,-103.0816695540916,-93.48111747693754,-93.54284923674828,-92.76615479292485,-97.82628861931522,-94.14913038868022,-91.6369763836869,-93.57450528826855,-94.39447885271208,-92.53650417555727,-88.07901487474811,-94.89822473569775,-87.16293476285014,-95.21411827934733,-95.07488551650646,-96.10279861556158,-97.31173173563359,-94.11224910081962,-94.91657410217582,-94.37538514803023
2025-11-02T00:22:00,AP_5_104,5,104,wifi,5520.0,0.0,0.0,-100.65408373684691,-91.70068225855088,-89.96217657306124,-95.96808027949119,-90.2639575235382,-94.7482523733092,-94.53279668216646,-97.68932741706705,-93.96453030376406,-87.57542880027057,-89.59588132153085,-92.19470472031955,-96.64324289298288,-90.44356082979121,-96.59284773971565,-93.01263452937046,-93.92980065099816,-92.99132700468445,-97.72828753201904,-90.42930706677396,-86.21046009637655,-91.72922929001228,-94.70883826000448,-92.34972509935385,-95.69371913145424,-90.15326613357465,-97.06264011452926,-93.7499768501839,-96.61773720533903,-95.16022705737787,-93.79897493830636,-100.44498039730915,-94.68053316237105,-97.36332198629468,-93.569080503975,-91.95966116997457,-95.33963637669957,-93.05888024034644,-95.72037056566279,-91.0043510707409,-98.4596202597061,-86.91237230951482,-92.70557010933403,-93.40157689879788,-97.21459685910452,-92.60456571816206,-96.45709610090034,-92.90035466793613,-90.72384309445253,-91.4821113346644,-99.2018703459527,-97.23946339643008,-87.80735299600671,-90.74779569632273,-94.01625401963965,-92.90269478506224,-93.5841756412871,-93.28663146085142,-93.25646458612731,-93.01974701649003,-90.56116936622936,-93.69807507705065,-97.17174650568734,-94.54163280122259,-91.30851559423158
2025-11-02T00:22:10,AP_5_104,5,104,wifi,5520.0,0.0,0.0,-100.328078665301,-91.90738403714266,-98.3754836922043,-92.60702732363849,-95.35411884256924,-95.60701710262816,-98.37174512468079,-96.78468224708016,-91.4131024670045,-93.35519682681478,-93.88479560888227,-94.29458261612633,-97.23381696474684,-89.310755137897,-96.65214341696696,-94.97190090378649,-100.50758070416444,-91.39196335943541,-93.86703129213656,-90.27320966888729,-94.10909504968414,-92.73631072672941,-90.99622198955912,-87.95352634437546,-96.09285972040168,-90.1012914231365,-93.18066659061616,-96.15275772343139,-94.41998663844792,-95.41998856881222,-95.55257239741933,-90.19280282060063,-95.52707080946834,-94.23695388892413,-93.77459131132336,-95.98029685518199,-90.64226450438561,-92.12283533960542,-88.2122003005581,-94.12175698032277,-92.55314066952235,-90.03375674663056,-95.3143040222039,-89.39847221660148,-94.43813739065718,-96.25699695472653,-95.11041800034856,-95.67502481322276,-91.91687594037977,-92.82294796651566,-100.1205951626442,-89.7242537250625,-89.04613438988943,-92.99760061456728,-93.47012071571342,-93.49487782018011,-88.99846320132777,-94.28426546111966,-95.35217467044461,-95.06002010906211,-92.2131790246203,-93.14058071809099,-89.80143032903804,-94.37007006378342,-91.30682737138396
2025-11-02T00:22:20,AP_5_104,5,104,wifi,5520.0,0.0,0.0,-101.32205983713858,-94.37801498362191,-94.16125653430825,-98.85139534430196,-96.41468464098722,-94.00897469135865,-92.04771763590833,-92.4883304896851,-100.48844674255677,-96.8575447538717,-90.79886548193419,-91.02822518530924,-96.62916296575452,-92.51289618719659,-98.44377382407926,-91.212832581362,-97.2545077359166,-93.41731583774258,-96.63415144643746,-88.92081047679186,-98.21689957938221,-93.55100786003533,-89.96959633312197,-98.87949619312309,-89.3153469118447,-95.67878819088345,-90.17879572677634,-95.24495112071786,-96.65643603774176,-97.56009185402513,-95.45208980529053,-94.24804253715189,-93.43697454223434,-97.25398796075926,-98.70326937538195,-90.54670754692438,-91.67563863905224,-94.41253163884132,-97.64707775040516,-98.82160030152853,-94.88759584029377,-93.8783109571306,-91.7778400944632,-96.01631603510809,-92.92945847347559,-100.34028210633436,-97.19654604225015,-88.13766965568564,-90.69810080175478,-92.61777768652681,-96.21498525586503,-98.54648284449333,-100.56665717105712,-94.61929920394168,-93.23240697367935,-94.97799248231414,-85.7253804340329,-91.48461631794896,-88.44631072275001,-92.01965274225572,-94.49852099343444,-97.51590355547907,-94.64274484231892,-93.8267056891194,-92.98970903900621
2025-11-02T00:22:30,AP_5_104,5,104,wifi,5520.0,0.0,0.0,-105.00708182560273,-101.86605273900115,-99.94979039801271,-94.38820215128217,-103.34682561085468,-96.02813551499587,-100.3473316882149,-104.33632276567343,-99.90231296142863,-95.15410088713594,-95.08314668171455,-94.97063959028644,-98.22115818348148,-97.02774432997363,-97.19148563031634,-99.30925730405666,-98.95365484078924,-107.509600439814,-98.42477192644039,-99.48386897304275,-100.00461678320312,-92.01411695450854,-94.67801284812825,-99.58284973432353,-100.51243840459598,-101.74542250450394,-102.02799011720184,-98.51984640398179,-94.65978953327023,-94.15626787651462,-98.86859555886328,-97.41512901168275,-95.16559286258429,-100.77874747784158,-93.91706038322643,-103.57840678261425,-98.24661405481578,-100.57379648647483,-95.12629552121794,-98.97113726952932,-93.53206281428085,-95.08866988329879,-97.52227852703719,-93.87224755427721,-103.4233435953012,-100.7989501711967,-98.99747087866717,-92.57097770716442,-100.41727046070187,-97.61501986914936,-99.77130728276828,-100.12682175450385,-96.76125591473206,-99.44707866846115,-100.99206218362285,-93.49806051791569,-97.6315577703515,-103.9804220448043,-95.6388129642193,-101.68631500541328,-100.24450610098923,-94.60360555632442,-98.23514858468809,-92.26325834019575,-94.33745784029966
2025-11-02T00:22:40,AP_5_104,5,104,wifi,5520.0,0.0,0.0,-102.35864558520514,-99.33043531653817,-96.77892933277234,-93.2196847504849,-92.76010280238908,-92.88705650748864,-100.61397875938536,-93.61886625385631,-94.26251468207035,-93.41532149220635,-96.54089840836102,-102.95511532172995,-97.01882030117783,-96.36186116650553,-92.73027446545053,-93.20645928261688,-92.87991326941072,-91.49925020464549,-98.15050538525274,-96.1714372201473,-99.07147423595798,-93.99595447261862,-91.19860476145358,-92.28774755677216,-95.35009625203271,-93.63655892339968,-99.96127605032278,-94.7598467162792,-95.74017009022248,-93.7333048255184,-97.75104824399696,-96.62715589538472,-96.32409808431612,-93.02023909823515,-89.44030535606908,-94.46177911198377,-95.78979931012148,-98.28429102176757,-91.2696743467804,-91.9642010419455,-91.9768278301048,-90.95746339321921,-92.87295728335711,-96.24886220266953,-92.35570230329776,-98.81854252153101,-95.32364063636993,-99.25845266423853,-101.550902822401,-96.59163934529076,-93.72374115532331,-95.69994658618971,-92.95898327772481,-97.88091371609825,-92.73779064247043,-90.67820194646107,-96.26516487222854,-97.83387741972415,-96.43672354323958,-96.25318471693531,-93.26224102914003,-97.76522844336682,-98.60389672671135,-97.88149273242743,-93.4282547161826
2025-11-02T00:22:50,AP_5_104,5,104,wifi,5520.0,0.0,0.0,-101.5101036090162,-94.06617202933987,-95.04165757575765,-89.75714756997493,-100.27017403264729,-93.08373865260029,-95.21092391724144,-84.05907707438246,-92.3933964584702,-92.58590563125964,-92.5624606226525,-90.30194288344158,-95.41908274553808,-91.24401650230492,-90.77648637449653,-96.11920916855719,-96.46807403859626,-95.18085929772334,-92.55491027294903,-94.37299780138173,-90.94490713597257,-92.96712691553425,-93.76309382375557,-93.69085664439588,-94.15448415301643,-96.45864390206394,-92.67209388235528,-91.74572626018761,-93.58187923976212,-94.61571063672154,-95.72814582099166,-94.63239876435439,-93.58474100413413,-94.17570413871313,-97.78289676016236,-95.45227271303524,-91.89509813323463,-93.78794886282897,-91.05720390158503,-90.05455490164914,-95.90424254569032,-90.63439852011692,-96.6066676544579,-95.91472184823552,-94.98446936873245,-90.61290442213296,-94.59684068208047,-99.260453334132,-101.76170773026682,-95.66063792429958,-91.41097264419375,-93.835351613434,-96.04084912819172,-97.81094586419306,-104.67705238561125,-97.60383391482407,-94.65743208838269,-90.22245357395033,-93.33678982628598,-96.46746126859631,-86.3309713795363,-92.8436911284492,-99.74517690367607,-95.06203243416088,-94.62510010331165
2025-11-02T00:23:00,AP_5_104,5,104,Radar,5526.828861507465,40.0,0.1865077892052599,-85.08632903846498,-91.56220409483757,-90.38179502926205,-94.9337162222657,-89.58733085830599,-95.02225396309105,-90.30014715030838,-95.10436822652451,-91.54813347346746,-91.31163158399804,-90.59600203051991,-90.45966607587503,-92.48262732143914,-94.83628824754,-94.06551277212915,-89.36783327268951,-94.34025750117372,-88.58683226988298,-87.60757452834306,-88.56907871274333,-94.85173763353613,-90.22565064385515,-97.27551699168248,-90.34801041195794,-94.195281232414,-91.60859832198608,-89.28783877820953,-91.38266020556897,-90.66856998298103,-92.70541151283356,-89.63140110776087,-97.70265848265619,-93.30805306712743,-91.39616479830705,-85.04021318395326,-90.91329367406723,-93.22620310839164,-86.64408788912458,-88.57892714724619,-90.68408756865043,-87.1517417474874,-90.71513343873887,-95.59732881131833,-89.44821225650867,-90.92828421998871,-93.5018566531838,-95.8412361392141,-87.6350669354168,-91.40920180135586,-87.92583049399006,-85.97125503493604,-92.5362338716738,-92.24488478980311,-90.83211616698655,-91.27369255362771,-92.73162664747797,-91.05251356681184,-94.38188548417608,-95.08457722749506,-99.66558629221385,-85.60880651321709,-91.40503351768203,-99.56931725124862,-89.4624227692922,-93.66540320443593
2025-11-02T00:23:10,AP_5_104,5,104,wifi,5520.0,0.0,0.0,-100.34381043795021,-93.99546165946866,-91.46001783054763,-93.95142294213578,-90.0742445527433,-97.5016419079422,-91.40505122258135,-99.27514257167161,-90.80937782526112,-92.05097977955334,-94.48528782802364,-89.30627109045507,-97.6149196971125,-92.17776255441922,-95.52294713074356,-91.18647641425235,-97.01847550103231,-95.62496343583963,-92.25672970942006,-87.55051984962066,-96.48351766114291,-92.32965939772676,-93.63573023577419,-89.76301694235465,-93.88600989901421,-89.40147735821155,-92.81544737619444,-92.59244981957562,-92.25836050495283,-92.66164063034999,-92.50481238120437,-87.19636245833881,-93.6806344188239,-95.62661537551327,-87.91683885484011,-91.14841600320004,-95.8678044852069,-93.78744200044933,-91.44514842496625,-89.55418377238186,-94.29377135663776,-87.57419392090652,-92.58722056744392,-91.6962943187952,-94.50079374913373,-91.70351891795241,-92.6781765993861,-95.53101273226278,-95.03051546808085,-87.23400278788502,-96.24008445942655,-93.14434110279831,-89.48523388284897,-91.5937537283781,-95.94447352408197,-92.98700508355776,-88.7439044073977,-94.5443431471765,-91.24146683413146,-98.42721266707744,-90.43752278745025,-90.69770210828133,-91.29931718633019,-95.00206840408518,-95.81421637643086
2025-11-02T00:23:20,AP_5_104,5,104,wifi,5520.0,0.0,0.0,-101.88967350582577,-96.84072843074617,-96.94548393682226,-94.7524401953368,-99.68600790313779,-93.89859277560794,-97.64311769219655,-94.40460319396655,-95.4902995674002,-93.66458332441782,-99.02602633525112,-92.8329812251791,-91.57106659809146,-91.67875299288217,-89.30994476350301,-92.50700624925464,-95.75000184204782,-94.99066168229021,-96.25661684248108,-96.7673807761415,-94.97753038439454,-94.34332500980217,-96.94578133439022,-95.77429202780677,-97.04722805246621,-94.48785190438466,-94.93361852311503,-94.378026206141,-95.61719978913622,-96.046726529991,-95.2464093439212,-93.65915237425409,-98.00801783838689,-97.76268419782079,-94.9593656366512,-96.93060928490473,-93.16733361214678,-89.87454737752617,-94.751150966124,-94.08105076722978,-93.80163129964834,-93.5773657848325,-96.95702825752925,-98.59094576029672,-94.59614975787426,-96.3432884829473,-96.19444763271295,-99.81417850599588,-92.08022204072623,-94.62826083715294,-102.98696037297283,-96.64441469086486,-96.4474564635481,-90.50510701615298,-89.84234564079654,-91.91999086979858,-101.11830032761148,-95.09713762147786,-98.86730725640852,-87.37517247071602,-98.8245406036437,-93.65078139828478,-93.9512743993728,-88.22835337436149,-87.93231094296571
2025-11-02T00:23:30,AP_5_104,5,104,wifi,5520.0,0.0,0.0,-102.8435603333264,-92.9656513631986,-91.4401363572017,-96.30076106624314,-96.5977946729917,-97.39119959913542,-89.81372409565658,-89.07082747487402,-100.94946358547502,-99.888955813203,-94.04825911767726,-95.20914192775906,-88.4703786351503,-97.01968702382064,-100.57165034786452,-94.08846693858304,-92.3590408327186,-93.74790318977098,-94.1061202575534,-92.77358807713574,-97.44191275191577,-99.81229405113125,-95.58512306569402,-96.69694849064437,-98.28673470155502,-96.33167321853374,-94.759581697067,-97.98335579348192,-97.08744423191756,-96.95082504880281,-99.6263401866344,-95.7082592483747,-95.65818407093755,-90.66372722747218,-96.92614355753146,-94.8405687838784,-101.49270620038082,-101.05374406568924,-90.36329150555865,-95.6322173051274,-100.02763382623392,-99.45425115738927,-95.25817980285122,-97.54575869501247,-101.43559198065418,-95.86997357457743,-91.8884624236784,-92.9612667038489,-94.7394503473363,-88.97237575282803,-93.02160667758963,-97.66011036523052,-91.61552438621267,-99.45314137066885,-90.55148570897572,-99.38085565133868,-101.55329076607768,-97.45759496353627,-95.94821856373242,-94.38108956773915,-99.7596375145773,-96.84920173702008,-96.20476207449629,-95.17779169971584,-96.97459390977693
2025-11-02T00:23:40,AP_5_104,5,104,wifi,5520.0,0.0,0.0,-101.53199672541432,-95.0373205830656,-96.41143573222081,-95.08297521934219,-91.09378729998276,-100.24123928592235,-97.94315403088345,-93.55321176966676,-92.16416422248268,-90.81557970285024,-94.2172904381833,-99.83249179086852,-92.50120690377966,-93.28867331031252,-98.67140814706013,-95.9101338525742,-94.91676151337359,-95.87998767582792,-90.79734743427191,-92.93920296820735,-96.14156030696199,-90.08117077294408,-93.78407711434951,-98.50176184963027,-98.90814617628871,-90.41350751687527,-94.39704516258992,-93.11255280072162,-92.23196202448183,-88.43680211680946,-101.38663852913166,-89.29216866294603,-96.71619367669032,-93.7052051104241,-91.92180075056085,-91.2077385417303,-98.55456322042804,-93.30780111621108,-98.04166981664102,-97.0937858102192,-93.03810192972013,-90.8996757340371,-97.44495755309896,-100.7018942964081,-95.27435641258518,-99.45829524178261,-91.82896339977952,-100.39864597215318,-97.55590822920581,-91.93476323053207,-95.1135199501025,-90.14560618763399,-99.28129744936577,-92.34525222587624,-91.41828086777238,-94.86215662611065,-95.97550847222452,-97.4495440685806,-94.7014604785762,-92.42540673560895,-96.80843930097484,-101.0153987606123,-96.63657026194265,-95.28404189627835,-93.09913793701848
2025-11-02T00:23:50,AP_5_104,5,104,wifi,5520.0,0.0,0.0,-101.00302021565349,-88.18653857776027,-95.1071654580593,-90.68360922617265,-99.13324728807382,-93.03604630689087,-92.15838247074052,-95.11431807289875,-98.28801043535438,-90.68493077373559,-93.12423070618965,-90.56176246314114,-90.60753035258946,-95.8639911044651,-98.903418558153,-94.88412995397941,-94.27781118705772,-88.81145434768891,-90.82581622206834,-90.72746609993598,-92.45283335262212,-90.64478076789808,-91.28539226112797,-94.5430824492947,-92.56260380251146,-94.94192353437548,-95.9121843880074,-95.43278246457352,-93.04552966969987,-96.54557109410146,-95.62631199693134,-91.72317039722039,-92.61405175206302,-94.69931424074632,-95.02696964876986,-92.75439155973515,-93.59235546249468,-84.14530875030788,-92.10137373423079,-99.40393406219094,-95.00669705193101,-92.38503157332947,-94.03601454693663,-93.27798016867226,-92.75864150505242,-97.28300973742856,-92.6983797361348,-93.28368844666632,-97.5241078699287,-96.58136196336162,-93.67520923766838,-92.49828793281758,-94.54392603415008,-95.44672325124489,-94.85351800760166,-92.53100436759364,-100.04032849283323,-92.18279310972606,-93.75685844815455,-94.77690205936838,-98.07236339021094,-93.77946312691209,-94.22351494883685,-90.21221611595954,-91.99876942008703
2025-11-02T00:24:00,AP_5_104,5,104,wifi,5520.0,0.0,0.0,-103.21502323835146,-94.56514764093119,-98.08773130460287,-95.77063000675179,-99.57734545624615,-100.97268376866451,-96.86004530007341,-94.76688008055584,-96.61733970492723,-96.3702707118351,-93.39412907173242,-96.8320771375384,-92.14488907219287,-93.80844189998098,-93.59866856943357,-96.47947043517337,-102.54857612972394,-93.01070378468151,-95.57286030391857,-95.19525754708197,-93.15838898674055,-95.424540491768,-99.18024849748224,-93.64457566636499,-93.3292078788411,-96.23470438918928,-94.31066326242824,-92.98374418093657,-93.82135522264133,-91.63315441088474,-95.35735680064361,-96.66221944770518,-98.88450939258138,-95.75019497456462,-98.39645334907654,-99.19819967661023,-96.72349205233347,-89.80698464248235,-97.40915114257055,-96.15198698092672,-94.34188858349191,-101.67645285804174,-96.90861572508769,-102.37508415463078,-95.05297037374594,-96.42751500347057,-97.07452784910329,-91.8067980462884,-94.88640010785788,-94.94148213849644,-95.22875776555028,-93.6729094236594,-98.04557267961358,-97.34579644347484,-94.80891389813488,-97.08313848116629,-91.1052476540765,-95.99544763750762,-98.5731871174812,-95.0768488869064,-100.79117532668994,-95.75157446007776,-92.64614603361561,-98.98604484079127,-92.25737813344205
2025-11-02T00:24:10,AP_5_104,5,104,wifi,5520.0,0.0,0.0,-102.28648788116111,-92.023258387437,-93.48920464748993,-93.66453203259144,-95.54251992091106,-94.45503771958225,-90.00870860201091,-96.66649176375567,-98.65660026243259,-98.06443052249539,-93.09993120102067,-92.86299662735068,-96.47522396267533,-96.50040817384028,-89.38347340184269,-101.01265403615314,-97.01334209430121,-94.49679977047529,-97.3961175566188,-96.38912216418332,-90.03046406788775,-99.06152930288717,-93.42079049270069,-90.08755957487644,-93.79592971785685,-93.25119093702703,-91.64670508204242,-97.37282049226138,-93.76725533771157,-95.04177081608692,-95.77714475160741,-94.72689983819421,-96.59710584578214,-91.56573144210162,-92.48853977034793,-92.63053921055683,-91.09874771091785,-98.57524433352842,-93.35620991277001,-92.44028726005527,-92.71494187394559,-97.83839024340593,-91.50864444200208,-95.04314849079776,-101.78354357263926,-91.81089267440268,-97.52692620678462,-92.90676872627,-100.51018558177016,-95.40530244456137,-95.76673513812457,-96.28459017926639,-93.93398556514934,-92.27413012655552,-95.86718066386703,-92.78480805029463,-95.62013874884546,-95.13345890312331,-96.57830262224817,-98.0418768296454,-96.75185926217792,-98.50945269754044,-92.25762564333002,-99.86753856416149,-93.94932569506142
2025-11-02T00:24:20,AP_5_104,5,104,wifi,5520.0,0.0,0.0,-98.85857200562563,-94.38594560026182,-94.85100160028226,-92.70698077191929,-96.35687487932368,-94.09656740891212,-93.37887982679709,-89.31772998596755,-92.73945862133174,-83.2700195123765,-96.06620727064622,-94.88246052628841,-87.42490868118719,-88.33057270149033,-94.23687131179294,-88.03421971161345,-95.77000493284987,-91.32187294329209,-92.29920180071632,-93.59368523495759,-92.8511768291812,-87.41560270250055,-95.05802501117589,-92.44460104086396,-91.25970932661436,-91.69416541233511,-96.8136818939976,-94.82284972081405,-94.85192820953161,-94.32982535998573,-95.10581084232895,-94.11551273891176,-91.86478711391887,-90.90467568438554,-97.19268597085212,-91.80501918690585,-92.61625252566586,-96.57252565721143,-95.8395678703186,-89.09852807758584,-86.24391077387898,-86.76305978594162,-95.0937014284517,-89.88188164283599,-91.32504860510424,-93.97785694231692,-95.62924825281489,-98.12857995769376,-90.96283468348255,-92.32297872863747,-92.7043861534357,-90.05309878359132,-90.72718113300846,-92.60525824104145,-90.79871682784776,-89.29788700021368,-88.43828003392984,-92.692783188082,-91.48541626869421,-85.72260929427708,-91.47321951566774,-91.20445353986122,-91.2124212026188,-88.87144453053835,-91.88790819263576
2025-11-02T00:24:30,AP_5_104,5,104,wifi,5520.0,0.0,0.0,-100.7928299800704,-89.63474238673575,-95.52889356711185,-89.56349022058002,-89.2349357756001,-96.62250121039361,-97.23362807578464,-95.99664020884742,-92.0164161881734,-95.89269690981185,-98.05291138288233,-93.47646291108373,-87.60457852280472,-91.08166382639456,-92.43684516018052,-97.73648681906027,-90.94123701368183,-90.54357621955467,-91.922892104282,-90.52583533920097,-90.1038275856634,-91.21845922106407,-100.02800115862652,-97.27265270889272,-92.9568108102452,-94.91254758598753,-92.78418013812963,-96.21267920127042,-95.52084378975911,-91.5437121187956,-98.39760486488493,-89.38778058830326,-95.22461775750725,-90.84912709681562,-98.67984904014142,-95.00329431853976,-95.06403529943576,-92.97430374937618,-98.8644067372206,-94.80584490347422,-97.2917182114349,-91.47350535344344,-89.78943180878584,-95.87398932365264,-98.32824721685374,-98.74296578276463,-97.86531056351716,-90.19393734849533,-94.40297973074696,-100.017225839376,-96.75756155110211,-89.22725213596709,-93.55229805741831,-90.76360052047033,-99.8445443542613,-101.65084360147873,-99.97583873492378,-99.37678484981603,-96.6579364610595,-96.76546960541233,-91.2984927730532,-89.54012281125898,-90.02150612224823,-93.22682444780236,-99.7478462329171
2025-11-02T00:24:40,AP_5_104,5,104,wifi,5520.0,0.0,0.0,-101.50190839408444,-96.02417332092482,-93.15392467734611,-97.43134397893743,-93.82078919310622,-95.87036822348044,-92.8312975523866,-96.99685517334322,-97.54946303371884,-95.67935580192776,-95.75109033900546,-93.51068247432094,-94.85407177284308,-96.12941407902164,-98.40891518246204,-94.19904784206902,-90.44826814652033,-90.82840219841408,-95.55321235339385,-97.09506602033254,-96.57474567740717,-96.132942454059,-95.42100513797175,-92.92957989465484,-92.39957068891906,-93.41216499608032,-95.95935799100512,-99.79045880935001,-95.71665863695748,-95.30249761582647,-96.96654071574562,-89.99003910510275,-92.50052705730002,-98.24886583507335,-91.54189561537036,-92.02005569944166,-88.6207743949605,-93.75638292634635,-99.21643637001839,-93.87126691952963,-95.7678032064113,-93.99582230907464,-96.23023075828786,-96.71289916074232,-86.33718373977186,-96.63048986043651,-94.92571652084905,-95.46641477603505,-92.04305204419651,-99.61520465175569,-96.86812151617339,-92.92634512084729,-95.71096884732886,-98.56366142322295,-91.10245412337046,-90.95516129324179,-93.04197619820808,-96.0348692496829,-93.11970857071614,-102.8108495146228,-93.40518802039797,-91.3994046647366,-89.57708725330247,-94.11425485170413,-92.948843616505
2025-11-02T00:24:50,AP_5_104,5,104,Radar,5526.099639602687,5.0,0.11995529929469016,-112.52908329046542,-93.5856451269268,-92.83169604290798,-96.65257557953825,-95.59757985342054,-93.57962634820272,-95.90392485476758,-92.68346673798622,-93.67339535296493,-93.51541164979315,-96.76305582254608,-95.54584989050358,-95.23210018123613,-95.17499029343466,-92.72493296396863,-93.7172497157482,-93.25554957285367,-102.39016576907731,-88.63389955069238,-95.43774833495777,-96.97590359193399,-91.61423466469627,-99.47545946105502,-90.61599129726483,-98.38014774140801,-89.90761268955505,-99.62199104166965,-95.64842859021319,-92.61135178007504,-96.37815018833714,-92.87125652965494,-98.69300467271187,-92.56727354323297,-91.26221808746753,-93.95075094553845,-90.39152095143523,-87.33884379335197,-88.81971438241764,-88.25530703669143,-92.93550700745499,-91.50839691601453,-93.5032571403453,-100.76110046937228,-96.82031197035377,-93.63895092273326,-96.10744076569978,-94.4193353903989,-89.99516103560991,-95.72366434654712,-91.52747349252515,-92.01744740188029,-89.49107827177453,-96.43719406581316,-89.8838118606848,-90.65607142658077,-94.77249313139113,-86.81810498331902,-90.2281395136181,-90.60622007128995,-92.72187928466754,-97.37363774864248,-92.76311641765307,-91.42684732775906,-95.86820617478715,-90.27432423622656
2025-11-02T00:25:00,AP_5_104,5,104,wifi,5520.0,0.0,0.0,-100.684789514001,-96.06960057754638,-92.50671313475503,-95.19022273335155,-98.69227596992435,-91.54354175585149,-93.76045183355873,-96.33293398185177,-96.28015258114883,-90.38560136422805,-92.56182559360283,-96.74090948650068,-93.94499223715891,-93.99304731529304,-95.40078890917133,-94.86300371429842,-89.64013371117689,-97.62465492698563,-89.20502103621938,-96.74231509436446,-95.64242107040968,-96.18702744377512,-93.79125474425149,-88.95274256183247,-98.46855908591311,-97.1903642125718,-91.71348411631365,-97.8218830434866,-90.67386848477621,-95.52199515473006,-88.29549288233812,-89.47617092860338,-90.55723871873062,-90.60956753292241,-88.75497571595652,-96.6154230149305,-91.99292609394072,-94.82952068162501,-89.75185761780847,-98.24522699911729,-93.53058253084417,-95.94093733466971,-97.12150377401694,-90.7218023627074,-95.69050546533401,-95.81267116717436,-97.26671529900688,-95.57152574299008,-97.3541602679185,-87.17285659648363,-93.95877878434301,-93.93195584450753,-93.9412072117854,-85.80117891557752,-92.41052240020052,-95.50144630411815,-93.64198475181756,-88.56241596660674,-93.51047602454176,-93.15281719084241,-94.67787405041851,-93.26556920999046,-97.58587383399994,-96.2016990924916,-92.69757638553634
2025-11-02T00:25:10,AP_5_104,5,104,wifi,5520.0,0.0,0.0,-100.68785153439347,-97.26282990054125,-91.36461768775774,-100.2835902446967,-96.92611386669256,-99.7870562299528,-96.6160521764324,-97.06455186461221,-94.53458833311365,-94.02167707986655,-93.94574871191053,-96.0506816585963,-97.599564901643,-91.53078944739872,-92.02829435445337,-95.8898557247749,-94.37412375955635,-89.59040170616632,-100.17946754685705,-96.39620566155006,-95.36192704747056,-92.59801357048472,-93.23055838771032,-96.66257125450025,-88.84944033340228,-93.46422965432143,-94.29012517868571,-102.2612281494792,-93.09569720056804,-94.65285181067273,-92.30166533664755,-93.58024410162501,-94.90713728193779,-90.44045878134754,-96.29923571851975,-92.8568362440567,-90.55125091111493,-91.76827264729711,-95.23297688515568,-93.5525295972848,-96.30138738541724,-94.90224780271133,-92.40325068217693,-90.9635560399006,-94.20347245096995,-87.50469559978937,-84.76983315057629,-93.74550202294591,-92.88736003470507,-94.84121418556855,-92.58845482242972,-93.60218966979411,-96.02034800123182,-96.27105816934927,-94.30394586727094,-90.83266527588204,-87.63536882669501,-95.6446468132968,-87.30176604459191,-91.7919588538505,-96.79754559936663,-90.8518898160837,-95.95776690257364,-93.50914989698431,-90.42710654554418
2025-11-02T00:25:20,AP_5_104,5,104,wifi,5520.0,0.0,0.0,-103.52183708999114,-96.0399777158821,-97.47047035680835,-100.94312239146925,-95.5734247100141,-99.89018369156376,-99.33734163638887,-93.14032701114091,-97.20109305248415,-98.05541240676294,-100.25799782882554,-93.17983464426453,-102.21657653117859,-92.83295392538685,-94.66032934421172,-97.63170172705642,-100.07103535130089,-100.85366623009264,-100.04098113505307,-97.94043822498391,-95.84491077279684,-97.40146659770548,-96.67232170378024,-96.4025452024321,-101.66318010744118,-95.959502144527,-97.87419175724091,-98.51972698811355,-96.12608354881877,-93.6569130285402,-94.9798576995311,-94.24708815751717,-95.39359110338614,-100.64211153849735,-95.684340976865,-92.68067653455356,-101.92872905123932,-93.00279438049344,-93.70392862990674,-98.81152092957996,-91.57317326247949,-100.49611778218357,-89.04009784554839,-93.01911080501037,-99.97103804444404,-94.99550889576848,-96.30233452878728,-96.42106542125283,-92.36753765690128,-97.37464457279333,-97.75564123815765,-96.24222287101807,-100.56345362765717,-97.55977678443982,-97.17418543254726,-94.15373528617785,-94.20613593946389,-95.77427458160919,-100.68568850139204,-92.00558359739084,-99.64990251257896,-96.47899932187926,-92.84013695059241,-91.54450343936863,-98.08998810094181
2025-11-02T00:25:30,AP_5_104,5,104,wifi,5520.0,0.0,0.0,-100.96800387810005,-96.38872246097506,-95.03721261097819,-93.1988331392769,-96.76366918466111,-92.46922430426184,-97.59344719613878,-92.72936453910349,-98.51482849347687,-94.27082195281305,-86.53736848265852,-93.81839698789713,-95.91236023582476,-92.85741055878606,-93.59536899009012,-90.87561193161372,-99.93846369858498,-95.33023472297985,-95.63586480122851,-95.85442810815259,-93.90158512756679,-92.81382659483775,-95.97336201518617,-97.64658867501896,-95.72011000304042,-93.43199676354685,-94.69737777948608,-89.06107704026473,-92.18026107232889,-91.76771566927538,-93.90301573984834,-95.56272939810499,-93.84784784919222,-98.08487754344125,-97.30549837618852,-94.5761581741681,-98.92679321172875,-99.11325216020855,-91.06868610317595,-90.57818382642498,-97.84638776279667,-91.57441745232914,-95.3431218027821,-97.17589927464576,-94.2680339903409,-97.56527000089189,-91.14514358155414,-88.95168413250762,-95.63564038102666,-92.97940720759877,-95.49818065145661,-92.17435051199695,-97.31908443779356,-89.0195366564725,-94.31728574195562,-90.34900917569942,-94.83546041573369,-95.23611108289387,-95.13401288528672,-96.83743853128213,-88.84179155709684,-88.74110111617847,-92.45020798459274,-93.74425398361123,-95.55544585240212
2025-11-02T00:25:40,AP_5_104,5,104,wifi,5520.0,0.0,0.0,-102.47004977060936,-100.22573519428177,-96.71286811367713,-98.3968795464165,-97.62980082545174,-94.35922211680904,-96.9233988483886,-103.74485604845158,-103.99371372907538,-97.68390449232808,-95.80089191988233,-100.19855072696065,-91.42765661051023,-91.82383913798752,-98.50360200902534,-97.95832041216887,-93.50659334942578,-91.2590146916891,-95.30162793800966,-94.52222299057216,-93.74803707558493,-93.0331971604733,-94.13742124745843,-93.24151096209437,-95.39560913132973,-89.4201764575702,-97.70642557037115,-95.69543912493657,-89.45507590228611,-99.48649991152394,-99.05859017202648,-93.64299123284806,-96.54844184202508,-95.0209419881462,-96.60291770234026,-98.15903633350752,-94.11077558182285,-92.50716438120568,-96.24534490867725,-99.76135045210549,-95.05760778376475,-96.17605912477858,-102.831596827621,-96.28321460558399,-99.42966477467206,-92.39402921114097,-99.9836600386569,-92.79538760486015,-93.23286090802438,-92.61088597627956,-100.77565893255728,-95.68968874559197,-96.9219603450553,-94.80017899508627,-95.09744037197902,-93.4715454582575,-97.47661723868187,-96.29861670770221,-96.38182551616381,-95.39622119399033,-93.63120381825796,-100.62356722033212,-88.15387769493655,-98.58912997166362,-99.31315872015776
2025-11-02T00:25:50,AP_5_104,5,104,wifi,5520.0,0.0,0.0,-102.151826573995,-97.74941775460597,-98.81787940501468,-97.20140958637784,-92.64338000959583,-90.81823765035621,-92.5834681869609,-100.45234711655333,-99.78374499267235,-92.11423370778206,-94.12951066581648,-100.10523482714774,-95.25398897093388,-93.24380335127495,-96.09974729750753,-96.64259419239313,-95.75395537941816,-94.29329099044325,-92.32955532321098,-93.97748546765851,-95.68796348033068,-96.15019567809408,-94.30618289209885,-93.19607411770656,-98.04763375047395,-95.68204133177618,-99.51227979017558,-99.17063421214418,-97.22841652107581,-95.6596768835622,-94.7266663167477,-100.58742416290431,-97.13276291104444,-91.72634124661128,-93.60592966104575,-98.05136028947176,-95.86165140841028,-99.0307659347868,-94.5220805257473,-94.31147097825993,-97.98754480720532,-95.30794788286464,-100.20819007311687,-98.21205846068369,-90.68527012351694,-99.06470099322817,-96.12940354980562,-90.95472383373831,-93.8071005041416,-94.92134391980723,-93.21845751180719,-92.69191306568047,-95.46614421235462,-99.16078053739464,-94.38620984294646,-97.6163093235205,-89.7989102665942,-96.52963409715056,-98.98479813523126,-92.0894085705974,-91.25811907216283,-96.54590909038498,-95.47607978816019,-97.69147278746573,-88.0055719585014
2025-11-02T00:26:00,AP_5_104,5,104,wifi,5520.0,0.0,0.0,-99.14105544197183,-89.52409704276553,-92.71830980580425,-89.4618594152474,-90.99163520197801,-94.85873008624017,-88.45531873206146,-91.67753759017617,-90.2584060663692,-91.72194011551666,-96.18245316242448,-91.55477830139498,-91.06141000328081,-96.06304793737094,-90.97980670611587,-94.77515043305445,-92.06989353421976,-94.99154980759091,-91.33499716806901,-93.91507825980258,-91.6723669004953,-93.53570704078619,-94.4732298885943,-91.86357541736844,-96.74356264959476,-95.29180624013772,-94.12261752934377,-88.51268684683015,-91.86323134212086,-90.04925683568402,-91.4576577194885,-91.64766301967288,-90.07548492096076,-97.91955122376314,-90.25173016462298,-94.66634267528437,-96.73966917747973,-90.11841390368839,-92.00704102645203,-89.36305024309311,-90.49536710410263,-94.46143526242334,-92.1814493850159,-92.36091733048458,-91.36456322531957,-88.07100063065836,-91.31433391698292,-92.1478106549402,-89.83382502716242,-92.60659290903469,-93.05197644163567,-92.66086308094407,-93.40264022007855,-92.99446103111359,-95.45358628000864,-94.53889471792586,-92.59726855431154,-92.58902722321464,-89.60676215329408,-92.06604665840693,-89.91027512000494,-96.30640312157142,-96.32408038077048,-98.9667030374184,-91.01684425736214
2025-11-02T00:26:10,AP_5_104,5,104,wifi,5520.0,0.0,0.0,-100.95704414105795,-89.60178184380787,-93.52028375217174,-99.5515840078681,-92.50688814975183,-93.72620738043021,-93.65763519625852,-91.62192434058242,-95.02434780940824,-96.61112012409623,-88.32034836426462,-95.43625757488907,-96.30872757259695,-91.63165626726234,-90.31875973045898,-95.81399918363795,-93.84383004215353,-95.93388239342336,-99.14057583991703,-96.75945008209125,-87.42786121155446,-94.95409476815715,-102.48526045719734,-92.15966830560939,-99.48728116549505,-93.0939692824122,-99.91120767513225,-96.77857322751234,-92.44635402408541,-91.3137411162467,-92.42184948291782,-90.3955908601602,-95.2101155343597,-92.09167456837179,-90.48635060862973,-96.06767621687662,-97.56756824494542,-98.62989233297378,-97.38599103143409,-90.85692351037162,-93.68672982549113,-96.64335082463025,-97.23131153180597,-97.30855602373494,-96.98905923032542,-92.91977482132556,-90.55282136078333,-92.6382115228188,-94.8217942969904,-94.61238765621603,-92.76056156004786,-95.40475439780509,-102.74074317407452,-94.95146689027638,-92.77121507822511,-95.92496738181744,-95.00094222851459,-95.69513493655647,-92.20078747928252,-91.45482448057709,-97.97883225347067,-92.74637043018863,-92.01808423943183,-90.70020264303264,-94.90494519995428
2025-11-02T00:26:20,AP_5_104,5,104,BLE,5547.66389134551,37.898994817021176,0.6099511519413705,-126.41706158774893,-94.36257045378291,-93.58540195859139,-94.84292119208096,-94.00374882160929,-97.66960627887617,-98.86040049070573,-91.20903566114312,-95.4664474993646,-98.71897356418545,-98.82387520500981,-100.0408596100863,-100.10661135508334,-97.23943352579676,-97.14254392750051,-91.5750775201623,-91.35237554783626,-97.07213274122473,-88.97885171704843,-93.83279428951678,-96.99297088970475,-94.48021345530215,-96.47271799222989,-94.68206177683622,-96.18605729916773,-98.92260951565302,-93.02663594045438,-96.66026643122458,-95.43459865252775,-99.13856752601131,-93.85149449360806,-95.95775034051529,-99.68025242640746,-92.4945440249756,-102.1832024743548,-94.51365414764912,-92.46199938269885,-89.80688222994691,-98.69544757610852,-98.89440975698598,-92.31499942570493,-97.09798730633844,-93.60735878988531,-91.29911813537322,-88.9037022170723,-95.70671811979743,-93.82054680621758,-94.04409400327894,-92.97643485594327,-96.54186712989949,-96.18846891928513,-97.1018195904086,-93.68290834005361,-97.70944693199631,-94.13202238424945,-97.5979528180123,-96.81031381063717,-95.14165735596609,-92.70307131662291,-91.82778706013383,-96.83812922706667,-99.72232095216111,-98.64434018465316,-93.70557669162675,-95.69686242000667
2025-11-02T00:26:30,AP_5_104,5,104,BLE,5493.9848996051915,30.276737523757436,0.4799008552761485,-119.63145899806557,-95.31501957911816,-96.14103124893565,-92.29496952554413,-93.20299014985895,-92.41011007591307,-99.61932171930836,-102.32299412847594,-93.12693716738237,-98.11106733659574,-94.78293497857736,-96.12611627054012,-97.55316497341393,-93.28647937922973,-95.62189314498063,-96.36886719788222,-101.67872403701142,-95.09518006968463,-93.35140342640226,-90.87148738629574,-93.81834947525009,-92.45638210480374,-94.70654438523822,-96.19816696873484,-97.25876856452682,-93.68231907805588,-92.37389049629103,-94.5154264511395,-90.4951918011722,-96.16260232445296,-94.39900638321824,-95.63522827445905,-92.74547529590923,-96.16247977782145,-89.70447702375674,-94.73641339584992,-97.6619573818396,-91.4678889898336,-95.8697363430153,-91.31126912903508,-94.89278566012665,-92.24302410806139,-95.59079099723273,-93.51510955371599,-98.07017434221352,-93.92890210259992,-98.49238959099182,-94.10990079158177,-98.42550654887783,-92.47437606209824,-96.13242876893119,-96.83126528480086,-94.6939068045331,-98.90940065930293,-91.60291224090044,-99.78929138358765,-90.63870628017474,-94.23057191820917,-91.04218642738812,-94.04509204637833,-98.57388509278543,-91.53515802084817,-93.51358511196457,-89.72918881089852,-96.72986567499952
2025-11-02T00:26:40,AP_5_104,5,104,Radar,5511.926069940202,1.0,0.11644704471152509,-95.14161113568419,-95.13065992194457,-97.67019857427066,-96.61261954778726,-98.94836346784106,-94.08229954880476,-93.46277742362768,-93.9129510513845,-92.27015817498093,-95.43623085989789,-96.31411518270444,-96.22989774461637,-89.18113551040133,-95.74405044871189,-97.0532840857726,-93.6251769432153,-97.94729409884319,-99.76738567285452,-99.07185175124779,-95.17373406910856,-94.20008827780526,-95.43528329609988,-96.18077746096326,-92.35708871418493,-100.33834035824418,-101.58867093062727,-97.07640595838025,-94.40936346352458,-97.69025595343005,-92.98078605075756,-101.6714283089317,-96.37307518367817,-96.24664845444639,-96.34874720927837,-95.37325849976529,-100.52786912499187,-100.82875360818178,-96.65384860898533,-102.707588704458,-97.46538052386175,-95.78760424553462,-97.71539178938245,-94.58672737389956,-93.91371780315276,-100.1587016262035,-91.93198942228001,-92.68500834907314,-93.3018313174241,-93.85233817144201,-95.95355047991993,-97.89506061304674,-95.64795342827995,-98.98673246239726,-94.95903791430611,-94.30849113837702,-97.31868326532377,-98.30274083076358,-97.52222926779476,-97.60771015026286,-100.69973236935412,-97.79755156966145,-90.77474976692578,-93.91619032645895,-100.54314730423415,-96.58912249432463
2025-11-02T00:26:50,AP_5_104,5,104,Radar,5527.9950637492975,40.0,0.03142667507318051,-101.44919661671992,-98.14887941695449,-101.26643417196208,-97.35557752219546,-96.55385356597942,-99.87965985606405,-90.07679957468405,-91.36747283327618,-96.49232349728057,-94.98434747841894,-97.40599153195282,-102.51587964448596,-93.06048143234221,-95.39580464682045,-94.83515874270789,-93.63741557821633,-99.84401095702478,-96.04760239255339,-93.6317585027943,-91.74361211225094,-95.21934943198583,-97.02997907036688,-99.01804827452892,-92.2164085827838,-98.75927259119473,-98.02623961727433,-97.04628771473078,-97.74040465769983,-96.25322321469633,-98.36958889397468,-91.12968541469199,-97.93874225222842,-99.95521009184996,-98.03527251164545,-100.0247723262833,-98.12484321096862,-98.25768679585359,-101.65072555449441,-98.71367558588716,-94.1472661058108,-98.40464785232425,-96.71007016531601,-94.47644635018115,-99.25000957668871,-92.39554844397887,-95.72587936172839,-93.44431828075658,-98.9024602094343,-94.67689336346665,-92.02630055801887,-95.65136377687989,-95.05553935176795,-95.77843584226602,-99.96331880680351,-95.38007957309223,-97.42202258247967,-99.64019985376986,-95.52029736783012,-97.15335060164048,-98.07956655417941,-102.22190399135008,-95.37019699584218,-93.81036381498515,-100.20664112834974,-94.72780614723499
2025-11-02T00:27:00,AP_5_104,5,104,BLE,5517.701980176617,22.814494551160035,0.6179923266167605,-129.73909107649803,-93.66748490421945,-92.56686956733098,-97.02037336818363,-96.88545150214532,-96.77288264947353,-95.04368162112031,-96.16945892367264,-97.4499874418955,-97.97150254020296,-96.48397975459557,-90.06892014112992,-93.96018303012632,-100.66394573607124,-99.6270938633005,-98.90426492969165,-89.23784773478911,-100.42306710119401,-94.77138323370471,-95.08301999249687,-92.72930939234034,-98.69153034136099,-95.16169133328235,-96.51588022781964,-94.28161506989369,-96.08087435328103,-93.6535631986943,-97.04656133542383,-95.20165353825074,-97.94376467287586,-96.63216676784813,-96.78053805889596,-96.5625344549306,-98.09423293367091,-94.08331446424947,-91.86274842525886,-95.02503795126316,-97.38015801540918,-93.1335267538013,-93.51503859182753,-98.19995765126485,-96.41548420612509,-97.38657539837048,-94.18320377500773,-95.2592271207784,-99.4585394834268,-95.94678177699737,-95.71310671206223,-102.28657774202439,-96.40534667132718,-97.24972886279392,-91.73681147065544,-94.25375673614302,-103.86284590195405,-95.03096021543693,-95.51183054830523,-93.51313659741767,-92.94863154933454,-101.32132606609952,-94.553128818883,-97.76104620702404,-92.65788103771823,-95.79975941856961,-94.20610261312198,-100.50368688626146
2025-11-02T00:27:10,AP_5_104,5,104,BLE,5504.379154147737,33.16734519305776,0.16593295269218827,-102.6395845872595,-91.2810139856086,-96.04655320956832,-97.44671579682425,-95.16071808021725,-99.19053841122577,-98.52577636659778,-94.83827573358566,-93.43680146551108,-93.2261643286001,-98.54083521628341,-95.54921187570916,-94.89792398466176,-95.74022763301764,-94.16765433084896,-95.26514896969563,-99.39213444685117,-92.54474147606658,-94.68978572681837,-94.3879570614988,-89.89749563080571,-92.73137139715439,-95.42247754227829,-91.857549971775,-86.8277308885357,-94.6325365568614,-97.80505386932283,-92.29915816921998,-98.03041353565646,-98.5183124322756,-92.85770854983585,-93.4354408848559,-93.50822489607833,-98.88660054629823,-100.24743559112657,-98.21711665913092,-95.05165653174559,-96.446261605988,-98.28078197677571,-95.97143635504047,-98.23711066300324,-95.560774216862,-96.89504048972368,-94.77130058384498,-93.81969881588566,-96.41163876864144,-94.12083246936548,-91.56420221357536,-90.34221969433284,-102.80315558515254,-99.01830576781228,-93.69262524037507,-94.43662521203908,-95.12621010595072,-100.41020230224461,-100.63313951356952,-96.43122963865791,-100.12991393991835,-95.73502332500627,-97.88882224488657,-91.90671032285223,-99.18793198085831,-98.53262565533399,-99.78326832603116,-93.00882989909452
2025-11-02T00:27:20,AP_5_104,5,104,BLE,5508.126396029769,12.41319644017222,0.6264732909033491,-105.51768890608354,-97.29461567304979,-96.09952324757847,-99.02104763005414,-90.177215726618,-91.59206111087236,-88.75448980105764,-91.03894776821694,-102.12358351078066,-93.52285768565962,-93.47018317686862,-95.64973036955885,-92.37057967038157,-96.15399649940456,-97.23676280007572,-98.56037100974312,-92.54685655675395,-92.9262426267873,-95.22415271172137,-99.76471162803365,-93.73398871194757,-98.14104408104814,-97.93495569314764,-97.12589171030642,-99.12006723409495,-100.70903373966927,-100.0472629626706,-100.68079093030478,-101.5894018522028,-101.16533073146527,-100.05506485750585,-94.83603140603655,-97.49206728234473,-95.40148165628139,-94.60504489748985,-102.43779894672376,-93.64661261621761,-95.46326253227845,-99.97886196921954,-94.45151862837686,-97.68190560117647,-94.23775068493669,-102.53244193696473,-92.93045431242119,-100.64272343780593,-94.53215193863734,-98.00501483557431,-92.25823820454849,-93.6705181586529,-94.54214438577253,-90.48489624180233,-91.02323138111763,-96.0845285711325,-98.17237249903113,-88.31504121125175,-87.05978785947023,-93.46812331124933,-95.20995859840657,-95.21164895094884,-93.15019369982384,-95.17158254346663,-96.0983839885607,-97.52609123431493,-94.89243807930568,-93.35197517172213
2025-11-02T00:27:30,AP_5_104,5,104,BLE,5497.243967307784,31.961554939400852,0.2812643829714352,-111.69708538927244,-96.56585557900122,-91.43059257528904,-99.01586795214106,-95.279623394525,-89.68233054739477,-90.16330266746793,-90.59758812818522,-95.76490174010834,-93.466402261851,-92.38149020255965,-93.24675790422862,-94.65777145792563,-92.03275393312896,-94.91357035222657,-93.8374337295725,-93.68474339423537,-100.7430273138764,-96.3693816581804,-99.31434001613265,-94.83345714410709,-96.96327581590295,-94.91039150600227,-92.01509211245002,-90.19333784010675,-98.65283019289805,-94.0621667930104,-95.53025314302974,-96.18709032901279,-91.58845709726306,-100.11817415576307,-89.47230817772153,-97.91322276271302,-95.52553894209419,-92.3514651152059,-93.05613643950653,-98.33026290879701,-102.12222863095039,-93.08503343374251,-90.3774144494247,-96.98574950861766,-92.81977860934494,-94.39743707210272,-94.79640861970724,-92.80747702864805,-95.64611399679946,-98.64499704595161,-98.19686643293632,-96.12815223802238,-96.97625810251583,-91.07331743547442,-94.04658964961024,-94.5440534598927,-94.08359338015913,-95.2922297313201,-102.10956126508358,-90.13584412758824,-94.0268738351128,-96.36546543679586,-94.6986695372036,-94.9752025997444,-91.75289848768018,-86.89302402338932,-94.06148114939053,-94.4650810830983
2025-11-02T00:27:40,AP_5_104,5,104,BLE,5491.960221684565,7.829675529629382,0.6055532389203682,-109.48786859994394,-89.17081359848366,-94.82572639175902,-86.8921342562852,-90.30889824702345,-101.68327283125657,-94.89214974082992,-89.85034572005954,-90.00760823388234,-97.11058324409846,-92.73045270971456,-93.7402500298751,-93.16300883297332,-96.51415730316226,-88.07173450051576,-96.04684237604879,-90.04705396084479,-97.59078569445902,-89.79395639916602,-97.52120448248023,-97.05794435301304,-97.5623166843485,-95.63891349127347,-93.82667552885063,-91.15009865518267,-90.8635436170209,-90.43606681069083,-97.25453232790862,-97.58393628301415,-94.09040889168205,-94.58933399116705,-94.022972106051,-93.3977461052497,-95.98856427964309,-97.25785366456802,-89.35580331768142,-87.13669382030366,-92.55496996343783,-88.88741155140296,-89.6605800284049,-99.16670673794337,-92.18081456823725,-94.71242548530431,-92.47545206422448,-91.95906357895564,-95.18916475475004,-96.0586247374853,-95.53440633746631,-92.72948054911049,-85.79520717084155,-95.20373262318586,-94.79003116812638,-92.30246499497923,-92.98227321813164,-92.31175344728963,-93.54099977323214,-91.06474650610804,-91.35942101489607,-89.93877912511661,-94.83712335318803,-95.11394666479401,-93.45488218345749,-93.6488887989462,-90.54947028058774,-95.1163960304291
2025-11-02T00:27:50,AP_5_104,5,104,BLE,5495.501335527221,18.933684544386583,0.11334050852864848,-109.03766933829667,-94.80770758414137,-95.37521576824406,-93.63621057584837,-98.34222249359973,-91.98856384187131,-96.11594868273777,-93.93861823481129,-93.84748284812144,-95.07265943551133,-104.11721854813989,-89.4976620839029,-90.65936280284242,-95.45920488874008,-101.95144852198813,-94.58634570298844,-95.06656522802635,-95.56258872485097,-91.72113219608686,-95.00779672758438,-93.84230007911536,-99.70333256633363,-97.0223212950686,-99.56385660364529,-93.66311430693573,-94.61004303409194,-99.38535776913483,-97.09253395781123,-96.89306431540541,-92.96782646048575,-93.2093753183678,-99.8795787774982,-97.6970750332747,-95.44166491472079,-93.12311386919227,-93.74671281807825,-95.68157351592609,-97.6184558275444,-97.07939943027468,-98.04046618358682,-99.23458186729914,-91.88938745903798,-91.14361768208303,-97.63619046507145,-94.40554960885517,-96.49307144443279,-94.27397307945098,-93.85199535048011,-95.4234179231462,-98.71556168635011,-92.14389708359462,-90.42637649143396,-93.76664811618078,-97.74335629378247,-92.59224532671628,-95.97219946047662,-95.20544033159757,-95.74019583691715,-95.39551640944764,-97.1015522939326,-96.26545181277126,-94.26793274344469,-98.53411965936705,-88.87117861448928,-95.32608313198337
2025-11-02T00:28:00,AP_5_104,5,104,BLE,5508.012926512106,15.298519006541884,0.3938041818834019,-123.2594035039455,-91.65595137464614,-95.53284804105407,-93.49940395437403,-92.02227321489868,-97.48425445354964,-93.89555682319767,-98.19346188297084,-95.537773036666,-91.08124957239515,-90.81074732857729,-98.09728439504428,-94.57059334106458,-94.20893744229573,-90.65958916649086,-94.28890956861797,-96.01899749502928,-93.89006139387403,-96.1243331285516,-96.86652391183196,-95.04125168689524,-93.44529038091083,-93.53985760821556,-95.83579773393076,-93.39712714163927,-97.07983963655958,-91.05310005429719,-93.47984437603841,-95.60994159457144,-98.40000323734255,-90.72772910452221,-95.5237166713994,-91.065984812431,-93.30265293873849,-90.80512794460925,-96.03102319967105,-97.66796458376729,-93.1452781493794,-92.46009848666425,-95.70017832040394,-99.4741910428898,-93.66418816677204,-91.7436445523909,-94.39154958943617,-93.51099641381919,-92.46019351392631,-93.67549274182025,-96.5655582609032,-97.60793563546805,-88.77163605118149,-97.33543397976995,-91.88953103656236,-92.35602212414679,-95.17902761818705,-94.63456143348871,-94.20401336500407,-95.8433195807963,-95.91678863736553,-97.46575763064307,-98.48466489026838,-95.90767158276245,-92.79364447615363,-90.41298189924537,-97.1844335984897,-91.00509928806895
2025-11-02T00:28:10,AP_5_104,5,104,BLE,5547.484474708479,36.49116000437539,0.5591276035404639,-128.22276102644196,-95.80017893075538,-94.61294193802236,-90.54333079155303,-88.43003740200996,-88.44019356081074,-99.2819835080776,-95.57882086612733,-97.00649326381202,-95.8518624290776,-95.79752032484214,-93.87494957744451,-97.39549125018408,-102.81144834659618,-97.45450522761081,-96.93345659448416,-91.01335256129876,-93.8088290445966,-96.69190883099994,-97.5497852538042,-94.32420950258853,-93.20044011074049,-97.18142539460348,-95.07533836613759,-94.40244423696716,-87.7241065175385,-98.60056481604883,-94.273616804873,-97.47897112979658,-94.72752967440299,-96.9201051183774,-96.52452822525159,-95.06445658050585,-95.15510983041756,-95.42240848832667,-92.10583772542607,-93.4097604632617,-95.23105618308445,-98.36464187350893,-95.37210643677052,-98.17591535126782,-95.99425058464514,-96.87595164227788,-92.32535190475348,-92.80028247785387,-96.28652665901247,-97.80283349626481,-95.11452596444548,-93.78279421479625,-92.0624718594877,-98.94003657825441,-93.58110546176468,-94.65526250362437,-94.22458626164767,-91.15357275688767,-98.89246255326445,-98.59858999398662,-94.10501082594841,-91.67332953917308,-94.89601883174893,-100.81648333820407,-91.5342077972095,-93.82309573688855,-99.05679596501106,-95.79398881920459
2025-11-02T00:28:20,AP_5_104,5,104,BLE,5532.188508101569,13.189829201719633,0.11736782881789685,-128.47414355809622,-94.78749319681442,-92.69264205304889,-92.46336904047806,-97.36472863475994,-92.36758218416651,-93.13477562036978,-89.35133260333822,-87.91541519706445,-92.43855002785008,-90.29614335425346,-93.92745144746584,-92.90816057811311,-95.29433383079815,-96.42226058461404,-91.47685904155111,-92.78449249286086,-95.23445611859286,-95.20628653550803,-95.97149186206464,-97.07098310062716,-92.7484650355702,-92.32496561257561,-96.95758176773259,-91.72443155968945,-96.8616265339963,-87.61227723652809,-93.32567260711008,-95.47890332612704,-92.9388448335399,-94.58641324130555,-93.82953045386301,-89.38386535378903,-91.68484383794836,-90.23274927420425,-94.9847209188516,-89.74442005051104,-88.85487364434539,-97.47343567940571,-92.27212935318387,-91.55806514608864,-95.2752573406991,-91.25899243933972,-92.23840816408777,-92.6909809806168,-96.6869409955161,-93.01919580227934,-98.60795833242715,-94.59232821319414,-99.97077944582165,-96.65106734345994,-93.97569592684869,-94.6173553651504,-97.61300784067308,-92.6425531593518,-91.59432487031115,-92.95958572793258,-92.493484720557,-89.84738516857286,-98.6125204005794,-94.8142609947519,-99.69934882451707,-101.4999638884309,-88.56990211733586,-92.19686035202018
2025-11-02T00:28:30,AP_5_104,5,104,Radar,5516.704386237298,1.0,0.18217643490216975,-108.95896660095752,-93.4110245140995,-96.7166311999213,-93.77413221796203,-92.56241279073139,-92.23894982832597,-88.83666123992911,-94.47668246645387,-89.39538470539534,-97.2432253482452,-99.71946216290287,-96.38492903682938,-95.82340065768778,-97.66909645012001,-93.9332418950894,-90.95255346211164,-94.18330085539019,-92.14660771096577,-95.17005352462944,-90.23984699784174,-93.54287192446368,-92.33746655823667,-96.30404680403771,-92.38002930020674,-95.85438441301882,-93.70978043027053,-91.55687597547809,-95.30956974251882,-90.96064131986078,-92.08144394290298,-95.18216576129011,-103.29290307537849,-98.07963801116144,-93.21125518450997,-93.70812722514763,-99.36021064235202,-87.08663931915986,-93.442805186707,-96.80156535605344,-93.29477612961377,-90.16782900089031,-97.44280066286962,-100.46133163205386,-96.03928222463483,-93.47514299919482,-96.16417052336436,-94.61652895925621,-93.87382152186072,-94.01046748276194,-91.26064273285547,-92.9943402117854,-94.47237202014,-98.20693292638187,-97.78792658695238,-96.01847263301947,-96.66982342120454,-97.85261775532086,-95.56329728231728,-94.08841946633014,-97.88479257902253,-96.25007707567678,-91.28534687418286,-91.49412562262906,-97.83329701074624,-93.9801682117308
2025-11-02T00:28:40,AP_5_104,5,104,BLE,5491.315862326115,6.925905593846032,0.6309317529260983,-112.86671941958504,-92.55609236135555,-98.37593207599261,-95.3884838978147,-95.85840335062635,-96.52753003062357,-98.15110514054238,-91.76292490205402,-93.3046736993969,-96.04609655815632,-96.57454798517831,-91.78663246180474,-95.63615473528155,-92.37487453541164,-94.27796979339287,-96.2813051751765,-91.94073885798448,-97.12597713566933,-97.1932889652943,-98.71683363894644,-93.01824694380026,-95.97691335219747,-94.06255396971059,-90.44315229414264,-95.94296008410433,-96.08099064842409,-96.87221219394158,-96.24599570784088,-95.94889512889235,-92.97395817603633,-99.82562528797322,-90.06113947751892,-101.45195735275111,-96.53166153091908,-95.89933761933224,-95.7883461965707,-100.1941010548382,-95.95500371031628,-89.30635711876712,-94.16272825882204,-95.21081233423642,-90.64501639530268,-95.73734967204807,-96.56945022899883,-88.13399561180957,-90.58043077875521,-96.42911924880124,-97.09446850067633,-96.8197126588607,-91.1263921247558,-92.66435026480043,-93.16034961980067,-96.7652216375962,-90.59793961321705,-92.3101213412998,-99.99245162973027,-97.43674768480747,-97.71812148684499,-94.87198869431259,-90.96267202506971,-93.56241792782532,-103.17416972418958,-98.57816001354647,-99.80707188329869,-98.59771089528932
2025-11-02T00:28:50,AP_5_104,5,104,Radar,5513.017291319203,10.0,0.12770234194875782,-108.0067047685897,-96.9570918654742,-90.67845246763449,-90.62450155879058,-97.53896525020042,-91.11339778378934,-88.40781311874713,-90.99141214825768,-93.56093234586936,-88.87246271475007,-91.42072597680158,-91.57709604394556,-97.48033101052026,-96.94052127013245,-99.03741373502794,-90.42132676921294,-90.81194875329807,-92.0371083102359,-92.03962871095801,-96.501768375687,-94.40278087390782,-89.19547277568886,-92.0835812980636,-93.91438359610534,-91.76032346639475,-100.53160746754673,-97.60130382280043,-89.0186272319102,-97.49708066408441,-97.01314381255413,-95.71707125871512,-93.11901004827341,-100.72541222474635,-93.84453405343906,-92.15883881120195,-96.99460610181082,-94.79558780059939,-96.93938540367836,-92.74840482052943,-96.32152435614135,-100.60065664046523,-90.7157889619733,-93.55033433817779,-95.53844091925394,-86.56231705708593,-98.00475228224184,-93.45430582943315,-96.22570278963883,-96.40009289121102,-90.82991452182794,-98.08151096003648,-93.16484719928134,-95.03555761293875,-89.5390182546916,-93.48513582464567,-96.66408841278566,-97.64029639145289,-94.77040008127862,-94.00978226767548,-92.73326487497168,-95.99530483434492,-89.54657576721556,-93.37681177474715,-93.97880682026505,-95.88145919429056
2025-11-02T00:29:00,AP_5_104,5,104,BLE,5524.5123677429365,1.1937499324864222,0.15563655006969013,-105.36488205402239,-92.06910098555106,-91.27019058994368,-90.29212791264074,-93.05747066433851,-93.99095595615937,-93.85521292973178,-95.38106424274932,-93.31138092240055,-97.28260732179413,-91.49745969446538,-94.88808118636383,-98.53840642444638,-86.16366661404386,-92.40624272091587,-89.37181914343734,-95.84218404965237,-94.38345181357548,-94.97265840473814,-93.29774903048886,-88.11874094942188,-94.58375844956204,-94.28308750963618,-91.41770442706624,-96.35190820072866,-99.36251369927469,-95.92598840133708,-93.13843963497065,-94.8317393990911,-96.73596225246827,-92.70813015104831,-91.5440853374678,-96.10226922247111,-100.36461685872723,-95.73487224132468,-91.70530246383083,-98.3377127298701,-94.76251871521966,-90.70957003719388,-96.04691684736052,-90.992900779607,-98.47280782929336,-89.3597803589488,-94.20343925098425,-98.10873020610659,-92.92900537102375,-95.32540905701136,-90.0785813596329,-91.81038763520985,-93.03085656249083,-89.83943316348952,-93.06890653773115,-93.66015464201207,-94.62144922962587,-94.52024301303258,-95.56100836182272,-96.27045801543275,-93.3003443001778,-94.06884611636238,-90.3099198501974,-97.64392651878947,-100.60211993090424,-97.4679886863353,-98.83994401567327,-89.79035763679286
2025-11-02T00:29:10,AP_5_104,5,104,BLE,5541.033182962949,4.127132129371532,0.21315735106000283,-129.85711633630314,-93.19198260955461,-91.32350399776688,-97.43468595452575,-94.01213448516643,-93.48349164206631,-92.598195828164,-92.75180408681177,-93.98841033536883,-92.58811049108174,-94.36975763566224,-95.52194116664225,-94.77841954065904,-98.19133369406688,-92.41763387735583,-89.12010232842731,-95.44200820620348,-95.43560522875256,-93.86841772685877,-95.51307245601755,-93.86498109092639,-94.86999892693336,-97.02295635240114,-100.9588378903819,-99.4906106508871,-93.50043853512973,-97.1696810482326,-92.12949316506823,-97.16729415130523,-95.77775247637794,-99.72359517505484,-95.11458357530354,-94.8077671073531,-94.88803388126038,-99.29165879270046,-92.02856422655861,-94.49309015686401,-92.7536961981042,-94.49060186348021,-91.49223501613284,-92.225693610918,-99.39113383479445,-97.37181300855978,-98.26431026265308,-99.50017278972756,-95.81563361269491,-95.39590909604763,-94.27753963069138,-92.7059209651038,-92.10842431974717,-92.84609520372123,-97.58558711229642,-93.33297368798033,-94.54415218978357,-94.02675688339721,-93.02342202941111,-93.3273177260432,-100.10834952114072,-85.32306412024701,-94.4561738609228,-93.99676313117408,-95.61350345019854,-94.31301542314075,-95.87592296130573,-98.08222179570997
2025-11-02T00:29:20,AP_5_104,5,104,BLE,5503.828758829471,1.9112329803277728,0.4760497204470171,-124.883730126743,-98.49920904747937,-93.03615236505807,-95.09352949086595,-96.73185015077644,-91.75326203221714,-90.00742712039535,-99.47685387897961,-98.14797766309464,-96.61800827629051,-94.69732104117797,-94.96661680034572,-92.1626840664851,-92.54798104412293,-94.53548195083751,-93.03483021698304,-94.066441769564,-95.59238321229665,-94.21419241438569,-97.5011752340498,-97.25201069428091,-97.40930335247279,-88.81188051098516,-96.05611680586924,-94.6044397335366,-90.99108589338485,-94.72405794629292,-95.17949088998508,-90.88295286403323,-95.75109895142359,-93.50545529456531,-100.0239320508343,-99.24207254659098,-95.90367698545988,-95.61590288884047,-94.97948042301535,-93.58897329930761,-96.73035303551566,-92.64611138962746,-94.40299915866748,-93.25660018226145,-95.11584555908622,-101.66200525295302,-91.65687183950624,-92.83031551797826,-96.5670775742108,-98.85633238071995,-90.39710401601756,-94.35837980613206,-93.35474271510094,-95.1439277075892,-101.6243410756754,-96.50299270309392,-93.43528711280912,-99.58513774541842,-93.73210603773353,-94.63447696488439,-96.44157643399227,-92.52397363360545,-98.93211708894334,-95.50568827769246,-91.43108772624223,-93.86268618498613,-89.70371625559602,-96.46484958908157
2025-11-02T00:29:30,AP_5_104,5,104,Radar,5528.835745218392,10.0,0.029246343004853324,-89.89563721793758,-88.88848857284518,-98.89916445425413,-101.5266049566009,-92.78906807852115,-89.24084426653653,-93.75310382223041,-91.33492035903663,-94.69713488881158,-95.65226463064728,-98.04595628577727,-93.80326228686302,-94.3692480203185,-97.17653526231834,-93.70466848606965,-96.23961636189242,-95.67825648159955,-89.88934433297007,-90.52328277253356,-89.72856846267327,-92.10594652662998,-95.90078964165465,-92.36771577981206,-93.25683462680044,-104.03190140169195,-95.51662384446043,-93.38428903551116,-97.55059130132545,-93.75933579570895,-97.93459978954336,-94.40240721031728,-96.50694608561953,-95.61447580979386,-94.02928895387802,-94.65404750747427,-90.80304127515873,-92.46076275933159,-89.1309997080383,-95.70126919174184,-98.8443356197894,-96.31272757069047,-99.39912401087594,-96.3909116047061,-93.06441215617309,-92.09446032127853,-91.76414161889716,-94.22348244648275,-87.58886081715546,-97.1771431220394,-88.91080959428591,-97.06399196767296,-92.50695506524694,-92.62633940039082,-94.18170783355835,-93.66509372008825,-91.13467974370808,-90.96483501419027,-93.55108601523244,-88.26931326929308,-93.98516908545005,-89.04307166911377,-93.81502551149076,-95.393217307237,-95.33017335894891,-98.35847143180342
2025-11-02T00:29:40,AP_5_104,5,104,BLE,5509.014510112191,4.792546028282981,0.7600138648918306,-121.74095680531453,-90.75838162115672,-96.13811702888555,-94.52122629989182,-93.19963480852813,-89.90135033484701,-88.60469159185229,-96.94417280863689,-91.88223529318269,-94.63917914367897,-88.22161183441217,-94.3198978954986,-92.46408604919992,-90.06965350452617,-87.66276114660273,-89.21294185149142,-93.57430315676024,-92.89473406699031,-96.89332152917805,-100.11495482040078,-94.37081535003813,-92.6282208473827,-93.35350249054213,-92.20687160154536,-90.7781392778927,-94.7614552748976,-89.53095633824633,-94.42865855282027,-95.62209123400105,-91.3633108377555,-93.71663396118089,-101.33290753124851,-96.46429184758578,-95.78064073378262,-94.17699302907404,-92.49047777778243,-95.49886421772807,-93.66218223436292,-97.14000451209813,-96.01991073456793,-96.5066661997653,-96.26501592113883,-96.03986372223517,-95.87668250753494,-95.17108279236369,-93.98520856105938,-93.9645042843709,-89.6225664736754,-100.16986711853332,-95.75194205876,-94.6715042537691,-100.35158021145503,-90.03919316499295,-92.81543807951321,-88.61219600710359,-89.44443776183523,-92.94936509585638,-94.28192489440843,-94.63088390551563,-93.98656713818202,-100.48760247415466,-98.65972684118016,-98.61893213696051,-92.84443571514053,-95.35900765131457
2025-11-02T00:29:50,AP_5_104,5,104,BLE,5506.923872848837,31.6123803510201,0.7313399633894555,-125.19138910074302,-97.54465695700958,-91.56964733801907,-91.65812651863303,-95.09543366217598,-92.7001482455433,-96.51046418158673,-93.2263848888464,-91.92290802829297,-87.33286397820316,-96.86290224887455,-97.33524548797438,-96.07921360831904,-90.46420348912461,-90.15557764517104,-91.1136878264808,-89.86534543422526,-90.50909479178577,-101.83121589047673,-92.91152813377879,-91.69669864262815,-95.61195418727627,-97.618074422549,-94.06629034112025,-96.81975461491129,-90.43251551259614,-92.48603121940127,-98.51783720036678,-93.68814043000606,-97.51736273819296,-92.33344096892388,-89.19699603201204,-89.62391864289872,-93.63736806452687,-96.59550954431525,-92.27468936587371,-92.6564329882618,-93.15267832630266,-92.13164338072106,-93.16991105733436,-86.086181996117,-96.09552947397812,-91.35928377566748,-89.10564954395062,-95.18859165251354,-94.59747252804412,-94.24254872007477,-93.0030920234302,-97.14103569903122,-92.39152960941227,-91.61082480003388,-96.01930220245512,-94.57284069947421,-90.40771184764475,-96.08021263120436,-90.83118036626489,-91.51396337355705,-98.69960111800881,-98.80324262305972,-94.17810862095322,-94.83811713988173,-93.95963926577804,-94.73780871334945,-93.17219627878332,-90.43155620416937
2025-11-02T00:30:00,AP_5_104,5,104,BLE,5493.067735049192,24.280545958285632,0.19190340341482492,-107.3196906512217,-94.33803049339471,-95.44779313605748,-102.85224639936833,-95.28622080758771,-92.42286793256508,-92.03272332117083,-91.27402729598587,-102.6206190713038,-93.83004983642437,-97.50169100532142,-91.35839127708704,-96.35622787718547,-94.43725667847919,-93.07017918647837,-96.14851637464416,-96.1607550921651,-92.12191569266125,-96.06407927756857,-97.22561078217831,-93.61356116967048,-99.24775577524584,-100.45417149323903,-95.41846159364066,-97.92578165462264,-94.96984088176298,-92.05791721823448,-98.16267787616512,-98.9097196782723,-93.13566594634263,-93.11107324614579,-99.93841053512628,-91.12710345441371,-97.66216518720208,-99.40008157661505,-96.95594329924646,-98.15737609974416,-91.61111677762489,-99.6962814183379,-89.09181530049585,-90.10184187141375,-95.99974111302085,-92.25328316362675,-91.21934293347402,-94.49469262786266,-95.7983339467916,-89.93055923641745,-92.75195275678372,-94.99723641335522,-96.53353314472766,-93.31373412205876,-93.30148295041016,-88.99709477311346,-97.41941867862742,-95.30638034285286,-93.29862321985219,-96.14850380770105,-93.43212772977792,-97.01315937068611,-95.09194643856345,-97.13997825240459,-93.06712796961403,-91.95536115214418,-93.81158490932056,-101.18728540189832
2025-11-02T00:30:10,AP_5_104,5,104,BLE,5495.938546695957,14.106639363010485,0.3339619550154032,-124.06498788124989,-100.69599245853561,-98.00820935070284,-94.9536297798997,-91.78615511302105,-91.96416078230477,-95.19317441705232,-87.32247238931254,-95.00511388435322,-98.21792234754119,-103.09810366340153,-100.00898075791717,-100.74616132410762,-90.34658730006137,-94.97932102256287,-102.59729521355317,-98.89853491862584,-94.59142491189077,-101.09185337076228,-92.61690596564404,-100.86231863331265,-100.92765457954978,-93.14218892390699,-96.19060804766502,-96.79444851904913,-95.65529874638278,-96.22122767934005,-97.1839447363866,-93.58813665985629,-90.69250403997339,-103.24238802081285,-93.76509578159916,-97.80080608764139,-99.21639068945746,-95.70801711427724,-97.46442122815778,-94.14669815973538,-94.78370015270526,-91.73382297130934,-93.10724123236271,-94.32675783575138,-96.69455144924258,-95.0354005209583,-92.4006213564029,-94.8568138706418,-90.21521016364557,-91.58563206659926,-97.57154084989178,-92.11250979296979,-95.20299594872154,-97.37735559855577,-97.48462759304655,-93.82180803403189,-92.47124620380828,-89.78196435703097,-95.88875327392161,-91.70190831107666,-90.8771151556975,-87.9289937508376,-95.74169008865651,-100.7508934930502,-95.11188686564361,-93.7090782060076,-95.8419184241923,-98.44293857817432
2025-11-02T00:30:20,AP_5_104,5,104,BLE,5502.014790536777,25.031888118863847,0.09317115808612438,-132.56579364540903,-100.34180357257374,-99.42504091637353,-94.01225542832307,-96.09030843223637,-93.19905752569127,-92.43245644253322,-101.5482534353698,-91.9714005713539,-96.11627010275376,-98.54593311900574,-99.60427779741941,-97.0508348159494,-95.49234429567908,-93.62222031501301,-91.86419654778702,-98.91347063518938,-92.47338405966752,-96.94937502041707,-91.85116664289365,-95.4546174346395,-95.62392954117057,-99.07783991212027,-97.64218987315019,-94.48154758167155,-96.21605439127327,-97.39579863236526,-94.68175052465979,-101.86052401665039,-95.16978162315439,-97.27129553987184,-99.23319546604071,-95.66039353134369,-96.13738867544997,-96.15229438326672,-96.66828230642965,-95.74162599377384,-99.38624390458124,-96.08327095733699,-93.59013931013192,-98.95233647718814,-93.92370549735622,-93.0163255523108,-102.33921537404468,-100.50396386650411,-99.71323420830991,-101.52816955386804,-93.94629850971229,-90.79188781845453,-87.54070549335158,-96.29340339337867,-97.7194338030709,-99.7264177043299,-99.64208669602412,-98.48472253461743,-97.15382964509942,-95.1940691521593,-91.23012502755621,-93.68009156992166,-93.98754816012003,-92.81434814356491,-93.10613756127798,-99.09243402451563,-93.31283042474445,-98.35299798163047
2025-11-02T00:30:30,AP_5_104,5,104,BLE,5524.843515892411,30.181154694398167,0.791312904674164,-103.61368231391704,-96.44660292776531,-94.36650765677358,-90.06558418691186,-91.13237275520147,-88.33651184844362,-94.37109962506084,-95.66674068430466,-94.43811830062941,-101.25636605588504,-98.69708110019627,-90.65371586952342,-95.41595571829143,-96.89509793714966,-93.70887766816173,-96.80445492432867,-96.14698754409633,-95.420606906285,-95.29028289225877,-89.03691059823856,-94.3477678427172,-95.0205016028096,-94.3850549181694,-92.50032469865529,-95.19627754122779,-96.33240733128655,-96.70114678631383,-91.72985203395943,-97.9169202955996,-93.02056664090082,-93.16856227009748,-92.73988633670875,-91.96237101554064,-93.34843417474514,-93.50682974510255,-93.23940007008528,-92.57373560583747,-95.55222634334302,-96.91831207248123,-87.64544599820297,-93.5789669619103,-94.48632596086252,-99.06213997541434,-91.91870804238026,-92.88725036948901,-91.53035807096009,-96.55475950919973,-95.15834750817811,-92.56981660468976,-92.36846484225104,-96.30861880170745,-92.38270280504504,-98.51768609594043,-94.38945397778893,-93.15623510996336,-90.43981719309144,-94.64294172481584,-97.96778627479596,-98.18831219146547,-92.28516492211983,-95.55943186104359,-93.1061118651429,-95.27999092504591,-97.00357685271626,-94.68724752730007
2025-11-02T00:30:40,AP_5_104,5,104,Radar,5515.434694865352,10.0,0.03304034794638294,-119.6037898446092,-94.10043580533474,-93.58974105505762,-90.78816906929691,-90.58903565330245,-87.98224556565332,-96.98845232149677,-98.09271024562419,-92.58815274093047,-89.24366088857384,-92.92745948907641,-90.81182635970451,-99.49371939438389,-87.98996400050626,-93.3217574310873,-88.50620532588108,-91.71892700686438,-95.80743880911858,-92.15909348926,-91.21849927470824,-97.59553917367164,-96.32900870718252,-88.35346530468972,-95.79009168691304,-94.03063142144606,-93.40366805816808,-96.63766794854223,-91.73278882067207,-93.25718725263738,-94.34652364456657,-92.94671719299188,-90.96623426505951,-92.64984662929804,-94.40749309054311,-87.9164000674894,-92.80437141313806,-90.75064316629343,-91.71131477102897,-93.75613032614613,-95.55195548086054,-92.91995174636325,-96.07545646838793,-94.6375871545843,-88.69277881068038,-93.82714127917944,-93.10066554321152,-89.3372629445982,-100.3731645378086,-90.76785364609503,-92.167691616939,-93.99136695155835,-86.09210434582877,-98.06165317147283,-94.10939964473691,-94.52301309961966,-94.23243588760485,-92.15368993020853,-93.05373966474316,-91.2486914274874,-91.58969218409068,-92.6565179611799,-94.73014576013054,-92.92748866565223,-95.58556820139233,-95.97162529225771
2025-11-02T00:30:50,AP_5_104,5,104,Radar,5517.9805370269305,40.0,0.0584830482647401,-95.87829503352934,-92.353603389869,-97.61885581472251,-93.32924283375593,-89.92977842595391,-93.93131512348295,-93.98325935686943,-91.49351449038542,-93.30443243362497,-92.90591400046908,-95.40897023702401,-95.32539277145291,-93.91307018603496,-94.81951942371633,-95.75230523871116,-95.3613063120247,-98.42260465295821,-93.84977621908114,-98.62673593088898,-91.43682397617249,-95.4182316312629,-92.0248895514008,-92.22730124408248,-92.96699422084484,-92.72110650642809,-89.46666560273938,-92.4856015768344,-93.27020617108904,-98.54360886996226,-96.25009202368126,-97.09723205341257,-96.69581364095505,-91.74130229244281,-91.49266539354959,-92.45152418362794,-92.80787706783217,-93.08190325540758,-94.46076934901758,-91.42909035107436,-91.8750063324427,-95.69684658902064,-92.51402345407335,-90.00466581389146,-97.00047122623808,-96.51627531040562,-91.8781694107018,-96.58336190050926,-93.47192874128214,-94.544608182302,-92.40129643483262,-93.89335088729129,-90.65407229504214,-95.24633021637025,-93.23734633218766,-88.90527849571617,-99.07480352167642,-95.21137905093394,-90.11545169366491,-97.46602336059902,-92.63735153037725,-95.45626654260425,-96.06893261122805,-91.78496941402895,-93.48485345802754,-93.30071333017386
2025-11-02T00:31:00,AP_5_104,5,104,BLE,5527.697123890181,13.148150413118167,0.20714394540488756,-118.19216547703722,-92.69987767373334,-94.99541674950133,-92.34063210065818,-92.32918338943233,-94.50446179778211,-89.05507219285822,-95.1295769392891,-91.7787304103527,-96.45636072667216,-87.51879280679276,-91.40761599477693,-95.15660313868061,-95.05937251807921,-95.93643406459884,-92.3643050341772,-87.08818374278064,-94.2488297710302,-93.11004936656772,-92.32115495749797,-91.34876990477194,-93.14438963997843,-91.67798352775338,-92.22868710740411,-92.66512383413149,-90.4590265323172,-90.27658875897811,-94.07641400740901,-88.58472188968722,-90.17482776630096,-93.10106858878237,-89.14838188421555,-92.86513612130926,-89.94937875011618,-95.26781859441954,-88.42181577969426,-90.81864952428774,-86.182095399155,-86.58541956043783,-91.4473303833427,-88.82759421686919,-88.17163828569274,-87.03232854273874,-93.11815773455287,-90.22588378834541,-93.89301990180338,-92.28024812479138,-90.44169743076718,-94.66051567211004,-90.72266843361045,-94.17496728514567,-90.56575101549699,-94.16999285483153,-91.88650510209594,-92.80764751598117,-90.66557117063184,-89.50927123889508,-94.76223097986873,-92.84530745650251,-99.00072781909267,-90.64140143679685,-89.29497594999772,-95.92531646919343,-91.96105391855814,-89.61702459697331
2025-11-02T00:31:10,AP_5_104,5,104,BLE,5521.451360912469,20.17647868738668,0.17016109233614884,-107.28915603064624,-96.49131724403009,-91.71133525536357,-93.00005930216145,-93.73694325564564,-91.43514025247484,-98.93115207480159,-95.6569902843232,-94.32482422377238,-95.95271493085242,-97.1697027032603,-95.34212815176065,-98.08667332869781,-92.17062101856263,-96.85400786971643,-91.63342951844459,-89.07593518961437,-95.27552093837413,-96.91284137304719,-91.75837013464083,-102.8652492249241,-97.18323610965922,-95.24574298966432,-90.10056791304409,-102.41633151341229,-89.55427693752058,-92.30225079130821,-88.33469979392459,-95.290733360308,-94.45716720423641,-98.30157084695763,-93.8785492363433,-94.83698632779412,-92.24258585544905,-96.49031911812283,-96.25417228752575,-93.92917426636244,-97.03200932855553,-102.22702511749246,-96.25638548404515,-92.8973606212944,-93.22865344800434,-95.44958931710171,-94.35677630813852,-89.49610941850862,-92.1484641245441,-93.11073634712405,-94.87300411233129,-93.49232290846642,-95.63346539098569,-94.33823297422232,-96.8257478304195,-95.60321408136961,-91.38735814062191,-101.91306720019983,-95.26209882321928,-90.7058729240893,-100.30080429040744,-93.17144862652967,-90.2090857787316,-97.57344058880932,-91.69701781652968,-90.9865043712586,-95.17888019428914,-96.55513525293588
2025-11-02T00:31:20,AP_5_104,5,104,BLE,5506.322367278539,14.213617078061466,0.18651958350146242,-104.93127123749694,-95.65552475625076,-91.67107935158784,-96.17162735971196,-86.98791894701934,-93.16735053459509,-94.37831893926752,-95.14628622569612,-93.01609794086808,-96.08295354265346,-92.80913151121048,-97.62558875186876,-94.36888332237008,-94.83989983220782,-97.43341798692529,-95.13308743322449,-94.01614305291027,-94.65435850529434,-100.19933307358991,-89.16340813854389,-97.57398533142042,-92.73776590154257,-92.03455172448052,-93.07511443391854,-98.43967749780256,-92.91346755958659,-91.55888689450416,-98.55409847068299,-97.8672143327512,-99.41579992753843,-94.48198763012697,-96.08303743962078,-93.58080505442321,-94.1924016012944,-95.35232986196006,-93.72390954550504,-88.98836067219015,-93.92318052984997,-96.10247656559315,-89.33177564600656,-92.49477031841076,-90.49968538706247,-96.93745738059913,-92.63904945421841,-100.05680474383661,-94.54508532029064,-95.91342375670261,-94.09575048784038,-93.81602254166164,-90.10568034666261,-94.99977430961764,-93.92955678165376,-99.76844413674444,-98.32267663685369,-95.95551679385818,-94.12271882207767,-95.75086999996087,-97.83724546651892,-89.4841786534885,-93.30918112132466,-92.92526151524757,-97.93209932907918,-93.95579151473433,-98.14477429034633,-94.84284247889964
2025-11-02T00:31:30,AP_5_104,5,104,BLE,5512.856538184781,15.353932944841869,0.3529631775787538,-121.48699018101036,-96.00287531420872,-92.69732973253099,-96.16354551712273,-97.31382261289248,-96.36486127326903,-95.15725196666052,-95.73806849709806,-92.82232711826946,-103.22179346809652,-92.43101259632215,-97.44787573727984,-94.2000464233435,-90.72296125552913,-95.85769438964341,-97.69509354322383,-89.68847622215007,-96.7166629990103,-93.09100301236913,-96.95510077048,-96.15295298212891,-103.61251841007541,-96.85593923466938,-95.52376608998529,-94.93424986662868,-96.60839072718437,-92.91734880753727,-95.43265269644452,-99.14593782347606,-93.66248362928944,-90.51603296577474,-95.80621322663232,-92.20140963523593,-95.21337980117838,-93.32815526320613,-88.78906283332718,-98.0849539544981,-92.85070884123718,-93.9858316521426,-94.09569374925931,-96.85585717045859,-96.64425379734718,-95.37617035877933,-97.28704113726768,-94.69827096573006,-91.69757773187544,-95.93722464793534,-97.6278654832912,-98.01308148715259,-92.54071036754885,-98.16456534767215,-98.6500823211615,-96.34149177194459,-95.34421162968604,-95.18343857053534,-97.56004167389332,-95.02700932326759,-100.36783708117196,-97.49884702808271,-94.0406343220615,-100.08011891224848,-100.70630050979044,-92.32967549366194,-96.19458835915896,-97.52767749413464
2025-11-02T00:31:40,AP_5_104,5,104,BLE,5518.764459298026,38.83194579070792,0.7305970927885532,-111.84074333391351,-93.90452453706494,-95.68324189364037,-91.27914067192049,-102.24512367860103,-92.39075791806422,-93.75826273594349,-91.52784181792998,-96.79669440262886,-97.64770058279615,-88.3557196134476,-88.85876252756589,-93.50156934284277,-97.92570700652252,-95.2228623471961,-98.28504027527457,-88.3837972759346,-93.59167298356056,-99.80001619647045,-93.5559765068646,-91.53023798668632,-91.71537217125987,-96.47803463840405,-94.44445455528977,-96.732935808739,-93.30423635167946,-95.97493892931536,-94.41856757848956,-93.04022042984876,-95.75703127528526,-95.83988419433201,-94.58466689881,-93.40980225301044,-95.52784017045954,-92.03193255776323,-92.5705820121466,-91.542328490273,-98.91532970869221,-95.13748604978402,-98.24868517903518,-91.48319185645423,-92.2856813670356,-91.69550065247812,-96.09867147898181,-96.88887186385152,-90.51202661293759,-91.64728681589283,-98.09583777279032,-89.25685016840244,-96.37749342794818,-92.79267606886113,-95.41093325926057,-93.11766443667291,-92.3335213181668,-86.02517901449603,-90.55996576473224,-91.11659040355664,-102.2625933590797,-90.29474502495384,-91.13376758564482,-93.57550695111526,-93.21934451946979,-89.35285575742297,-99.43833989905205,-96.94939300855586
2025-11-02T00:31:50,AP_5_104,5,104,Radar,5513.0534899108225,40.0,0.06261949339510663,-107.53500938848677,-99.08760931714184,-93.1945464236972,-93.33192355334396,-96.4547200655689,-93.07334989413165,-98.57366172349913,-97.30083908685079,-92.87962395858324,-93.89364173904939,-94.53084739424875,-96.58672454274826,-95.11169315848329,-101.4299630585077,-101.02316404033724,-95.40322403162371,-99.57556600171101,-101.04406589301948,-94.45449542627378,-93.945722050842,-89.82650022723166,-91.41795032155319,-100.13891402929924,-88.96320588855718,-87.8744437628867,-96.25209034638252,-93.17424994803869,-90.98185619833251,-90.29229059874737,-93.5128490790411,-93.76086812854683,-93.57115539640576,-94.12846770045574,-99.63813631231008,-95.70200900646905,-96.18729108985396,-94.11429805567026,-96.08290071792631,-92.63590697813491,-96.01518488935844,-94.5933317817333,-96.90652435522335,-93.0556169313414,-92.81054914772677,-94.94166718631438,-93.99792418325814,-90.88122032618966,-95.61831960826188,-96.1783157947799,-93.26417685928861,-97.68982056055697,-88.46249631883386,-95.72628023150212,-91.87746552109421,-96.2290975420838,-94.75688025555024,-98.73238932254081,-97.29761557305928,-101.2125704704635,-98.18784642493138,-96.75347781852899,-93.23609579101057,-92.71664979831947,-97.59959688787472,-98.5038408115768
2025-11-02T00:32:00,AP_5_104,5,104,BLE,5512.1457644248185,24.858013673642645,0.36383593343008264,-124.94116126583353,-94.75971033045947,-94.93397954779249,-96.55523206705979,-91.53486183191734,-101.87633007583779,-92.16977196228012,-94.4642352080287,-98.53115093101319,-100.76138619827165,-90.09429412088014,-95.9766072395269,-96.85872950342532,-102.60261556745927,-97.95048528321631,-93.59957206831623,-96.6856753479652,-96.09207123226344,-96.12447259410571,-99.04698673385835,-92.51253204383333,-99.94894661794766,-96.03784775751132,-99.43189932099109,-96.80837558576836,-89.36283761549939,-96.02768698338848,-95.02064655670871,-94.08898638685159,-97.17905289278474,-97.32572593644545,-97.39602585083121,-99.3194272307756,-91.84327690069603,-94.82278125365416,-94.22859785411592,-100.11094290068147,-92.83599552965856,-94.69778785205524,-102.32922564899725,-94.68000110374605,-97.31297497560392,-93.96456296142588,-94.3979120782111,-95.12463072418558,-96.03159128209742,-95.59969324381352,-94.63268484054277,-96.00925266882358,-97.14348719766375,-99.35225560967764,-93.4358574128157,-94.48348646264692,-99.47515366127169,-92.09268031437165,-96.93309714897273,-97.115108521973,-98.93255623499945,-91.67030402005976,-98.43766170486144,-97.24982742039407,-96.55089919251814,-96.8893044992842,-93.78827656531718,-99.30483164839697
2025-11-02T00:32:10,AP_5_104,5,104,BLE,5516.766926372989,10.54705781453378,0.5403212686114012,-113.71092032250098,-92.41887082375746,-92.39157159352109,-96.98971638217488,-96.85784884389143,-91.76926954770204,-97.90362650710989,-98.14402200680128,-95.94751882760555,-99.17251073768347,-95.52487363972301,-93.45811392803617,-93.61956844276791,-97.22488900609927,-93.919594900581,-95.76431006281152,-100.51046881156914,-96.94221073427325,-96.87528373508339,-98.22512147063159,-96.68704916005154,-95.82339128769043,-98.82966389272859,-97.56863649991325,-94.15410995023102,-95.13683113603004,-96.9538452953624,-94.17092789434791,-92.39878007115904,-93.36259280106631,-90.64251732555893,-93.42280338945218,-96.00530445574275,-103.22086589440929,-87.04834259664428,-95.60054633149629,-98.67312709686506,-92.80778643228736,-93.38644449406694,-95.86762134138782,-90.99345394414044,-91.50171582913734,-92.16229369212387,-97.55567756066216,-98.28423146987804,-94.5867247952535,-93.87874837246687,-95.34810750977311,-99.84154540927868,-93.49631959733742,-97.85407057149637,-92.1538761551959,-92.04755700485589,-90.16623347745501,-92.1867138528803,-96.92747827563527,-88.88068405141685,-95.48705505678734,-96.36107916615332,-95.50221916349483,-95.35610769826206,-94.71686496687754,-92.12581193766842,-92.81012558151467,-96.69039715463119
2025-11-02T00:32:20,AP_5_104,5,104,BLE,5533.0051327330775,16.75589722778544,0.32181258419471487,-113.7986704651857,-97.20823383601305,-95.13827052811612,-89.26643402620957,-102.53524089510248,-95.72863207615099,-96.42068073497165,-94.47679873020229,-95.58138942848458,-101.08704002001521,-88.96893949565332,-93.7557378610267,-95.96243079383002,-93.03153156022582,-98.58011387682923,-93.32779451760447,-93.77875412068228,-100.70537249017784,-98.06252583317396,-99.46750724288395,-100.03752740486266,-92.93743461142853,-99.38432444166347,-95.62736207013351,-94.30713444854877,-91.74340868813117,-94.7966181433536,-100.76610822511238,-103.20836428458685,-93.67261012338108,-91.59336022003305,-93.88899431295778,-90.28869606015887,-100.1763778615612,-97.62765155282865,-92.17041009280221,-100.27159455661578,-95.73331053602396,-92.16520424601177,-94.46069357401447,-94.1717142405292,-101.95578068971155,-100.79864583904022,-97.68352311298966,-93.28360936670256,-94.52683964738317,-92.98561578980475,-95.30375970118409,-92.30406497933178,-93.95736297095239,-93.48691215091635,-92.00206509948795,-93.4729566804645,-92.79551268950318,-100.51991316825121,-93.00551923059224,-93.72320414979106,-95.35908879719612,-97.4127222269064,-94.86530718314928,-96.66977608374278,-100.26208596593064,-90.25187779813609,-102.1286832384443,-98.80773447148431
2025-11-02T00:32:30,AP_5_104,5,104,BLE,5520.755011870153,32.45197502517206,0.3767230096117495,-109.7677348799063,-90.3038742329614,-94.99944608506463,-98.53774222419027,-95.35664032400823,-97.22837854159089,-90.9884270474198,-97.90682059629493,-96.2160827813075,-97.13010703653583,-96.9245899117559,-96.43027834570016,-96.52522374175692,-97.39610068811534,-90.71707323253614,-93.16143241260598,-97.37498793621657,-94.95303801483831,-93.1452454867407,-96.97399377176487,-95.41075865163955,-102.0947613948875,-96.3029941096278,-94.26513888773421,-92.13209404198065,-94.02016754858442,-91.98881064063436,-101.4967790384411,-91.68872513277095,-93.45775331475053,-95.48723061606873,-95.8679004612228,-97.35916221126853,-95.04614012072483,-95.69480610144096,-95.5399954034966,-103.52263763370365,-95.5139765492386,-93.86726876166213,-94.16203193257353,-97.03370617240395,-89.78110879042906,-92.82118682090648,-96.37405448289185,-94.37828088101888,-99.09353732883348,-97.87469699178224,-97.57895210889411,-88.84568248878355,-91.96870094872801,-91.40513155647092,-96.251252329171,-92.30396609906632,-96.86557294314511,-99.92794283029914,-93.63206530080737,-99.06284399943281,-94.2259566682816,-98.47154471157077,-94.10342999766732,-95.27427435255,-97.56060438330941,-95.89231455136913,-94.48385394044885,-95.62631817327353
2025-11-02T00:32:40,AP_5_104,5,104,Radar,5523.145608374459,10.0,0.06384962023065903,-105.51940479394912,-93.15134137487536,-94.88069525742127,-96.50827844430766,-93.57112393952843,-96.86992933946541,-92.63390582055966,-93.36177233770847,-92.57266320039757,-96.32708848883524,-91.99497614541067,-92.08825938662254,-94.89895827990948,-89.67020879170087,-88.55206159938103,-96.06060853497154,-92.6649730465345,-95.28840067919636,-92.69245324370522,-95.1213287823941,-93.57479777441944,-89.82949262465473,-94.10460113987776,-94.25604313778209,-91.99946870223839,-95.48287639254976,-94.29074763381395,-95.92890819306274,-93.86550955550064,-94.73998070237265,-89.57764116773556,-100.25266330025478,-92.71594453938192,-93.15976669101572,-94.37314405210347,-99.65972101319666,-89.68319891890404,-95.73606690898681,-95.64937067298814,-96.89898455507043,-88.73942354672452,-91.0209577589104,-88.45040326207548,-94.33600412184454,-91.1794227642371,-92.91244224858757,-92.0523516920154,-98.3858580857761,-93.12722486396146,-92.93303460801492,-98.25295547129734,-95.57222743635093,-92.93625423689815,-99.63681930493014,-96.83819268287237,-95.38727932035965,-96.68838055082377,-92.4456654501631,-88.55047572190186,-96.05946303121026,-94.43705155566991,-91.38937777246527,-94.29981882381931,-95.98948117823697,-94.56499018986223
2025-11-02T00:32:50,AP_5_104,5,104,Radar,5522.0691964091375,5.0,0.11964932490668062,-95.61765938470711,-100.6867833050081,-98.01898892739602,-97.32398900407345,-91.76851103915487,-97.39533993970689,-96.47065856390932,-86.91911909929162,-92.68828528936346,-94.32566176615744,-93.72113216678285,-95.17535116091919,-97.0554092054367,-91.7530284631702,-96.95879413075778,-93.58244291817256,-93.75088922761383,-94.01925621797228,-87.53026364701185,-98.26998800466815,-92.023650288017,-86.10076048060539,-87.97228117434872,-91.97754073674665,-94.92402748519017,-95.69105191595726,-97.68301526289338,-93.17611035939225,-86.80156913895703,-95.86463406044952,-92.79160395211672,-94.1070754460454,-93.16709931672422,-87.26428043484246,-90.08122558335593,-93.91580307305097,-98.17507128830457,-94.48942874036909,-95.86430772118149,-92.0437351537283,-93.62492418918528,-96.89003144066866,-91.35077360020794,-95.63869709482009,-93.39283134018993,-96.21763206755288,-92.39032461682025,-93.30222128193793,-95.11789542251366,-87.79568268730137,-93.7944891535682,-94.42669638478672,-90.75716665835311,-97.1935392552636,-94.86698198753726,-96.7073076414633,-98.39404790719504,-89.36138791051928,-86.16292523057659,-92.92986210990291,-90.04635247465156,-96.04030524173454,-95.52386073131518,-90.91338375083957,-92.23028319570943
2025-11-02T00:33:00,AP_5_104,5,104,Radar,5511.794244232958,1.0,0.13459724841665735,-119.0825709405649,-94.76884392577637,-95.88127680784034,-92.84035038278911,-95.3453132629619,-91.73914251742907,-91.11107471737706,-96.63376073536426,-100.26172256597827,-96.40290045064731,-93.75746502664482,-91.01351167761534,-93.60158764921282,-94.58571703189487,-92.7393352841663,-95.44915961684374,-97.22728827289451,-96.41230517646409,-98.75175234426494,-91.37150673961227,-99.77924926532636,-99.15020221471468,-93.16908345812199,-102.00785564583047,-97.60898611235581,-91.47898288855708,-96.89115646016634,-94.75532162646701,-97.07790247052439,-93.88499479750674,-94.99557692528568,-94.81015048493637,-90.41124117823706,-96.20999678110283,-91.98295896878793,-96.4069969294402,-94.8835739315991,-98.6672892667285,-94.38867291251823,-97.0221826856097,-92.44110328231783,-96.48289558407463,-93.88475142072852,-96.44542575382837,-90.25552376266984,-90.70220888040899,-95.07094380863663,-92.72519471373994,-92.36139681084465,-93.17417254467352,-92.48171110137098,-92.3886634080493,-102.25053794993032,-92.75461625209971,-93.0635169017453,-90.86567515089905,-93.0970206738513,-93.97937074684604,-100.19209420267725,-96.84461482033754,-98.52432205951683,-93.51136471149562,-91.70885817951275,-93.14282171502839,-92.90964629375829
2025-11-02T00:33:10,AP_5_104,5,104,BLE,5531.574833159636,8.472409047717093,0.16255123233234103,-122.18202808877362,-98.80523138032277,-97.85448805957823,-93.2427241397857,-98.32245006312449,-94.31583004932857,-93.84391347980169,-96.42521513399132,-93.93447735512743,-100.17631703231243,-99.24748840745129,-94.76668347404141,-88.7256846372364,-99.18318188526074,-96.7753947432571,-96.87968352606224,-93.3166454674404,-96.9767922615771,-96.63410249358884,-95.19048163215668,-98.371995584264,-95.39953698111988,-95.78645150095066,-92.33242094993317,-100.41397644729687,-95.8067679272972,-97.83628734637819,-93.11962864123647,-94.7120656864546,-96.92967901322501,-93.32773143640811,-96.22465916134398,-103.93024090602314,-98.42775980282879,-96.32126630128843,-96.74528662115135,-101.74839639937781,-94.47285558345992,-100.6578792325608,-102.47161224889608,-95.3857010290895,-94.65303441525472,-95.94211007731114,-96.58028953217051,-98.28884096326354,-98.16728490514426,-99.45078161809124,-96.68006949043713,-99.59480488565384,-103.2065869566819,-93.00839109926414,-96.05090448561126,-100.14428236188729,-98.29471585540648,-95.12223618368199,-99.48823266763777,-95.85264653788802,-95.53347839385447,-97.61508648053987,-98.16874341258806,-99.07985499102872,-99.13196428438543,-95.77468340223975,-97.7598458399456,-92.91790764915372
2025-11-02T00:33:20,AP_5_104,5,104,Radar,5510.529407777447,1.0,0.0898267343311429,-119.58187693762949,-95.09051130973417,-92.01334908319978,-91.0995280089583,-98.96993870993425,-95.56734108820052,-89.03988717453639,-96.46382682968033,-92.85956974855239,-92.43425952687747,-97.22631069143819,-100.9734393915196,-98.37903651636516,-95.32703172196602,-98.20135394774813,-100.2756653332969,-94.75792978667579,-92.32372695770505,-97.04648477324864,-92.16397019042302,-97.30787069186755,-94.60693039391006,-90.91470832256091,-91.45113951406938,-93.41324195512223,-92.93271157814489,-94.22847426161547,-95.12028508023627,-95.75951524382633,-95.36090425255517,-94.79624231465857,-92.07244087498157,-96.76205000107716,-94.13931103918765,-96.71287711059917,-94.92734669731284,-98.12927887421782,-95.34032452667246,-92.469624737405,-91.03171712549361,-87.3067682858939,-92.7315662969451,-95.1125464251636,-97.78055014400005,-88.1360262303196,-90.82918484648593,-90.69790727013708,-93.43285864619924,-89.66078614765621,-98.87194341739314,-90.80536888751804,-101.63392473819327,-86.89630196060389,-95.43608428442674,-95.17045303037693,-91.29786889651933,-93.90830517067732,-96.13639921548027,-99.04270890156806,-102.14918030340036,-89.52595294369144,-95.09368335604373,-98.77678471643803,-94.7533826760652,-95.16015188723279
2025-11-02T00:33:30,AP_5_104,5,104,Radar,5525.059512004668,10.0,0.08243820346273224,-103.8215848079899,-90.73036490678136,-99.56409726606596,-94.91107030209,-93.4602220505035,-96.15968543378034,-89.96596847537413,-92.52904985562833,-94.85634941762848,-96.43923261281095,-94.23466297134378,-92.21538077689385,-100.1923882082177,-92.59918498291901,-96.17414487458325,-92.09919120651628,-102.25409234952511,-96.87963857016932,-92.86321068668869,-95.65437047059274,-90.42919234973766,-95.83252069403201,-92.13676786098897,-91.17855805744703,-97.53344348235831,-90.43681107322898,-86.30123381729577,-94.66797426279493,-99.03335390820939,-96.41307575360901,-94.35792274085102,-95.75776364280455,-97.95261201131507,-93.72672005262565,-99.58022768791888,-91.74629060848137,-97.23421740909737,-90.9798738033317,-98.05887257180768,-99.1029231129218,-99.75971805618327,-97.57630493829512,-95.9385141175868,-98.30816088478342,-91.4516527623598,-97.80511719344791,-103.00584409538851,-95.63663200562864,-95.08457199908634,-92.92664388012203,-93.67655733247037,-91.2245525591351,-90.68126499583816,-98.48995355906415,-96.9579208278139,-100.63804352848884,-96.9291740436891,-95.75364347925178,-99.82940800058716,-98.45688040367308,-97.10739084240574,-93.8651694911502,-97.63635056745505,-97.75293435789541,-100.53783139950227
2025-11-02T00:33:40,AP_5_104,5,104,BLE,5534.614208211458,32.5110704198983,0.35329633162728286,-107.87251429580071,-90.414237532541,-97.08468626674697,-91.17291928057337,-97.33741776173504,-95.04325248089528,-97.38502887850534,-91.29856073439564,-100.70192108240221,-94.38596113298127,-94.73884626437099,-94.93139385742603,-93.37252787632458,-94.43334931463444,-95.80093128871496,-95.81539166082229,-88.70584253416845,-96.43963183710687,-92.47298737885865,-95.0646127938974,-98.28518646585047,-98.81310376966363,-96.15516560617269,-95.4028540073073,-90.94285134998711,-95.95866871959082,-90.4281111632198,-103.14553108620942,-93.12587955465779,-96.24488230205876,-92.75497454451767,-96.74825902093463,-92.4834133218444,-100.02854992844321,-101.46251033834854,-94.62687378035479,-98.71559368513559,-100.25111362989219,-92.8008871459375,-93.39710524825284,-95.594967386308,-94.34956197313781,-99.65069286032148,-99.29274089105255,-98.02161769376364,-101.95865657679461,-99.57183850869785,-89.95453346708476,-90.94072607780687,-98.88533272604765,-91.83034522032403,-100.18059683330448,-94.64458591162057,-102.63351896256299,-95.93399705380577,-89.6204913014511,-99.22535220320233,-96.8900105142678,-97.57163343951055,-99.11398400614868,-99.97741573558687,-96.31800611531911,-96.34090298289333,-92.70959676036674,-99.5075325293474
2025-11-02T00:33:50,AP_5_104,5,104,Radar,5526.476814412258,5.0,0.06992975090005692,-117.07706100081357,-101.49187833218197,-94.65293792128095,-100.67653414385595,-97.84969598653974,-95.99751274014051,-90.86881943399936,-97.22764514894114,-101.70216704293514,-103.42465326500837,-101.30449922276809,-100.745165979343,-101.10216195315253,-92.49245433896787,-96.33429456436048,-93.24109397782,-97.58183909436906,-99.11166766661735,-97.82206603991197,-97.18575948713222,-92.991481714814,-103.4623372100591,-95.12610397662216,-97.6061083363475,-98.92958518260534,-94.74000872437527,-95.7609807735686,-100.78535360773549,-100.89412149469241,-96.73408934216822,-96.31907657224856,-95.44646799680518,-93.98941706678681,-92.46485335671824,-99.85170831664949,-94.34493305062703,-93.21385521949676,-101.12501364484942,-92.4391251058591,-92.08303732869659,-97.90870023485051,-100.50353397217489,-96.89482352680159,-93.91460883461478,-93.90868423171241,-92.60507478861788,-97.22047428735709,-104.59412021320358,-94.29967596223166,-99.68805725377742,-91.54085510975028,-94.5123453487568,-101.26494913608641,-93.30379520801509,-95.59877816539867,-96.27870407819505,-96.36084721261969,-96.9872383315085,-98.25448849528013,-91.94508926555517,-93.7676803256301,-95.81814160484863,-92.48354375529517,-97.35418545301529,-96.0337256071745
2025-11-02T00:34:00,AP_5_104,5,104,Radar,5526.956384751448,1.0,0.04959346626877622,-120.01915070276578,-93.55096447782478,-94.75646344759865,-95.1789725513107,-91.96745150341758,-90.79025177664074,-91.31606469757703,-93.17286030840934,-96.5706169340978,-90.78123070447663,-89.88658142203424,-94.52635966775236,-93.57817689343834,-93.33490519457948,-93.35831015342642,-90.08029730394388,-99.304180348964,-97.57527656067356,-95.1184948612578,-91.596498546456,-94.85554937687006,-90.57907984451546,-89.91314840800322,-93.08575918003588,-87.13555200353973,-90.06687334455454,-89.26655082351755,-93.28848821561833,-91.26260307929915,-92.576668793577,-94.57719019400878,-93.11672181311046,-100.5582392197251,-88.62650799001892,-96.13734900362373,-94.92035359659234,-94.766779602698,-90.81396278294886,-92.14573060060401,-94.8437546809017,-95.33689932241629,-93.80158190665401,-92.28885319615927,-94.40353789394626,-86.66636753376153,-95.83333362901652,-94.00412152839247,-94.62905966849404,-92.22178050744232,-94.13511633937041,-92.99151763481824,-93.7116130813539,-91.77140450642864,-96.14799504956002,-90.42249250858434,-95.35065306660674,-93.9571445793023,-91.20731868926227,-92.18682060693892,-93.60487317430902,-96.72483186592476,-92.24920833322054,-89.91304154105934,-95.33131817450995,-95.08564212936714
2025-11-02T00:34:10,AP_5_104,5,104,BLE,5527.966234684535,5.286870418132355,0.2516669896111432,-115.87879665337026,-96.61373320216856,-95.59801126906936,-92.82611541075558,-94.31248986536441,-90.38303390960465,-100.91683828976745,-94.4402846574284,-90.826505008763,-94.58663564961424,-95.74326912337439,-94.62458642209394,-86.92545658937833,-92.77435150106585,-95.04542037464036,-98.95681338652666,-95.41519486094539,-96.48405066830836,-92.25445213753865,-98.18363060306416,-94.73229945711532,-99.79637230449273,-92.79473281029355,-96.02714920968016,-94.15844473775721,-94.35634177306392,-96.3571060732622,-94.5829620726217,-96.42734860870073,-90.11168677368654,-93.80090878293274,-93.83464276440493,-96.9489139999246,-90.39403968598458,-93.89376130589503,-91.3432651457017,-91.13180759311638,-92.87582940446585,-95.02992053274983,-90.86879173192061,-94.76361465010699,-92.44195050169978,-92.58593683061609,-92.5877508981452,-95.99816120291388,-95.17089014444966,-93.08625133036772,-93.51261745303472,-86.53434041210727,-90.73742107645221,-95.16344700006294,-93.68538355903809,-93.57105808965977,-91.6339851412105,-95.26277328656289,-96.26405621100776,-94.20084888462927,-98.62819987058278,-91.47516615995909,-93.10511586146066,-93.18210389747517,-90.3660690345983,-92.21240608898799,-96.10834896089874,-96.03315068347769
2025-11-02T00:34:20,AP_5_104,5,104,BLE,5514.540733503907,33.50966940703383,0.4487527667509695,-127.50112820699793,-93.925341322889,-93.57568568560815,-95.22798298970254,-100.60352928323913,-93.77690013088251,-100.46986828441227,-96.44753952758765,-96.71244845702502,-92.8490349127993,-101.2429231409435,-95.02373555218418,-98.76755019096018,-91.41708190102163,-97.02535002608053,-92.72201521883414,-93.06655761047098,-96.20435401129369,-94.0117892473675,-93.7196780186811,-88.94439169544012,-90.63691740076968,-94.40007292472791,-98.40170855019117,-96.18979665211046,-90.58636505454844,-92.11104279347575,-93.10673554249632,-97.49271291316829,-92.56192844955248,-94.9842597923376,-91.55642227419605,-97.69772302284336,-90.30724443070648,-90.9889184666841,-87.3977506042557,-89.53741639589855,-98.50045420257037,-88.72859763355478,-88.78286937521014,-93.38393386254349,-96.72942649078648,-93.61467500147374,-92.64557032015118,-94.47383197525626,-96.66078600918566,-92.89912833891587,-94.36106730592618,-90.80938362239445,-91.3394428489359,-96.1394068169706,-96.6926230103179,-86.84520849103394,-93.6672584106739,-93.53274166217003,-96.60219367823017,-96.91120220076222,-95.24371348466465,-95.29010323162795,-92.79787017736741,-93.27671247663096,-95.7493053265342,-97.51717103025406,-95.99020770581947,-98.01979307848846
2025-11-02T00:34:30,AP_5_104,5,104,BLE,5538.770288792982,6.895156498817118,0.13084832866866386,-107.73262305779473,-96.2493584116417,-94.15027192271742,-95.85748306513518,-97.86375853349193,-91.97185383340027,-95.82133197301368,-93.44721126981813,-94.31028619090776,-92.83178578050527,-91.26650351443165,-93.44405679505999,-94.63428767231052,-98.7737511043723,-92.98695707428759,-102.61873398791654,-96.61852308319207,-98.96511723121723,-94.07239358038765,-96.41018823039214,-91.43072839711485,-95.24067136609304,-96.06434361650874,-92.67515533462486,-94.85157337160068,-100.39643344036173,-96.53707970643777,-93.26349782737482,-93.87786675071268,-95.71199764445427,-97.25448749127229,-91.96094772143461,-94.64313138128774,-100.41252112524774,-96.43415548267566,-100.35303818782315,-94.77298400405863,-89.56712377114778,-95.75577463747202,-93.43743950458861,-92.96905925200943,-96.76483338335854,-97.48714429532421,-94.11792067862609,-93.02548271821766,-96.62396502463366,-92.76834981340187,-100.06068273855885,-100.2905212598311,-100.61011066113934,-94.55563896205739,-93.61919269944902,-94.71835952539362,-93.63282091612743,-92.52926320117666,-95.37821284234539,-96.01344930583454,-97.62414117075313,-97.64209443286026,-98.89024546417582,-96.10936526841178,-91.72844063370468,-95.56429426941477,-91.04435023005395,-95.42497541113883
2025-11-02T00:34:40,AP_5_104,5,104,Radar,5514.620839233709,40.0,0.09745503787718006,-96.9876400055319,-91.49468184555467,-98.50144011878207,-96.59536323875743,-96.09863296214094,-92.70574357432103,-92.9385427682275,-95.27675847284729,-91.01124638049147,-97.80813478806388,-91.42993074431894,-93.97991428666094,-93.26294395567817,-93.95733118939124,-95.83984329122592,-99.81448077180451,-96.64424623126253,-90.07828884137976,-88.69207588140816,-97.51001419231574,-93.87839450482736,-94.31727025624484,-97.76845366711974,-92.56739963233974,-94.43041635563632,-99.03105865500481,-94.91623607798823,-95.47426056713776,-97.94383835571213,-93.51225251605449,-91.4680522658071,-98.52429154850006,-95.39941177645989,-94.15818414152574,-98.27053072107036,-97.8241717005237,-99.38328169689376,-94.42187432488954,-90.42221973109261,-89.50683862398847,-93.36434002771878,-99.36234070824287,-93.92287615629998,-91.51672846952557,-92.97945840470452,-95.3576436103332,-95.83691166217835,-94.03992974550269,-97.51256415831821,-99.02156553999795,-91.84904769130125,-95.51134064736407,-93.4588376466754,-95.73532149315946,-95.58618443340221,-93.0423023275511,-96.4546717101762,-98.1300964506531,-96.47484523646747,-94.23079352859054,-89.14082121663337,-98.39587339012158,-95.52033762779881,-97.37700973094934,-95.82541877554041
2025-11-02T00:34:50,AP_5_104,5,104,BLE,5509.480630022805,26.591086030919055,0.4417702584144381,-126.28537023442816,-92.34509682254581,-91.4704309974473,-97.02437665678326,-94.99894567016,-94.07967491562931,-93.49411234496974,-93.31685363293012,-102.90581935778717,-98.87100463032434,-95.19900585879888,-95.0744042604765,-92.77528470110364,-94.78383369562785,-95.70333146439933,-92.56514138746898,-90.44907962769265,-92.39091263351257,-89.48612878321312,-94.45077980231488,-98.61697008850982,-88.38278378353156,-91.99423421471525,-89.29669782018209,-94.92769509025256,-100.33378316904484,-93.73673971255153,-96.25593029981887,-97.24723648955653,-92.80886213378889,-96.97709202893806,-85.4419952281687,-91.43258351242142,-97.15265341667448,-97.16534360907542,-95.00314046799448,-91.17123159308,-91.2663321868245,-99.36816715699788,-94.34395631716819,-96.43572387438195,-92.40775200625245,-95.3083195722368,-97.87530351978015,-89.61914425635122,-94.24953508215944,-92.34240536395298,-90.42337820432637,-99.94204795905227,-90.84032347164491,-89.54123313622975,-98.00087420101357,-96.30268958246992,-94.5306354777403,-98.67056276282239,-92.87735955667223,-95.83086658968527,-95.94922751815466,-97.06348225559607,-96.93539123445714,-94.94609447558705,-91.74312018492104,-90.08889955724128,-93.56212958877556,-93.56561907967843
2025-11-02T00:35:00,AP_5_104,5,104,BLE,5509.062117291084,17.053007188325207,0.5446745310437074,-118.63038884262275,-88.66549526640034,-89.36111101491525,-89.66202117655017,-91.88291628142507,-97.61984151968295,-94.39324421178453,-87.03698530131659,-95.72271982439827,-91.77299126667816,-88.18495739833122,-91.46703273923723,-93.63724674297823,-89.3340751866204,-93.01403580809482,-96.21718233902735,-90.73298552633223,-91.58523213388344,-90.36467495876634,-95.57190331233882,-96.0993671105991,-93.17838117381606,-93.55405548785522,-96.43551771038409,-89.40473571739484,-99.1065687393454,-90.4094534533895,-94.69443628744501,-91.01751044355699,-98.3164702305467,-98.12918612196847,-95.02225578528305,-89.99288622242037,-92.15658295716759,-97.30036123246855,-98.7977073739839,-97.79375192363476,-96.66192317757661,-92.80475891110466,-95.55234687876607,-90.71778860748209,-96.43050249333824,-96.52449798674841,-98.5356328556813,-93.17892469179306,-95.07253713537821,-85.66624463004234,-90.68612480729358,-92.9753757536813,-99.70592165680713,-91.2651620513918,-93.29342907811261,-97.15699067280121,-92.6887185767,-91.07933571111327,-90.2402553680848,-91.2212968231291,-90.31871475271986,-95.8252552712556,-94.08648621060729,-92.37752103432702,-94.03196644936567,-89.85178783698467,-98.10619932727506,-95.85591192907656
2025-11-02T00:35:10,AP_5_104,5,104,Radar,5516.747186758504,10.0,0.04535433449996294,-112.07173575768527,-90.83754294685632,-99.16039941200346,-97.13710896724211,-95.46644831532002,-101.50355427390596,-97.65888765884688,-93.5342231740667,-90.36573774254575,-92.88181156131864,-98.91364121034292,-96.22664989007801,-93.31764822701612,-101.51907087869559,-93.90038934348907,-89.70483712132503,-92.09208641446827,-87.46618779964983,-93.92580562595143,-97.29378696047047,-93.64250663763033,-89.00906529304272,-91.49048140676933,-91.19765759271067,-91.99517907063294,-98.27743247546806,-88.92368387436754,-88.34818576155305,-93.81509280146813,-92.77807125293543,-92.8547236224212,-96.26371393426763,-98.69392979777663,-92.162440324107,-96.34616213403197,-94.21446688004552,-91.9637058296561,-92.13921987907084,-90.78265760192699,-98.17720195154394,-90.73776062179387,-94.26214555146723,-95.88481282851897,-96.9568529681641,-98.24832981019934,-96.341998164452,-94.0065876897144,-91.4351129567725,-94.95664879244868,-98.8181091858412,-93.87066699460527,-92.87270760953297,-102.88553031039332,-96.94354454386692,-95.8715170972879,-95.49588068097334,-95.16508410628421,-91.35711024865722,-90.38696112435822,-94.0074075743426,-98.55097822930539,-92.52493982841426,-95.9671984838623,-91.94276475420548,-95.6795925058667
2025-11-02T00:35:20,AP_5_104,5,104,BLE,5534.560448456268,33.1330843089077,0.25847225082120884,-113.29819729724923,-91.46782946042843,-93.5318019968108,-94.25115210483432,-91.77215753390504,-93.73287485680896,-93.46718093470034,-93.39732625891597,-94.56092019922784,-92.36703070805727,-96.4306534297414,-93.7500989467231,-94.08530686049431,-89.01564597634083,-88.98796067493491,-91.8407338011288,-96.12491660594145,-95.8444102271383,-89.51563584130375,-91.18991554353094,-91.6220528826789,-96.78580914463204,-95.57324932426445,-92.36956816451838,-91.62447972677714,-90.40174647390691,-95.98219459404743,-94.06296154402891,-92.26018418488249,-91.50321588657967,-92.6157178160173,-93.39547790619535,-90.78453715437429,-90.91959666940755,-91.43043323831013,-92.78879440970819,-96.0454591559519,-89.74860136532776,-89.37735398454689,-94.4036656886406,-90.78900068086071,-97.45740859033151,-92.85214701431045,-90.7328137234443,-96.28005885832536,-94.10279226870053,-94.5623351846657,-90.63839645734207,-101.40932309002658,-91.74961357726899,-93.62456535794716,-96.20588999604718,-90.97118125296885,-94.35800455871386,-94.96233347307185,-88.24901270174693,-94.64437997236502,-91.03677483938334,-90.99476899364409,-96.72529104699056,-94.41085594558812,-93.34943103140974,-93.19382516394083,-92.49436464945076,-86.20904581633408
2025-11-02T00:35:30,AP_5_104,5,104,BLE,5498.749817389702,5.508180842406859,0.2714648859147512,-107.96159662902835,-101.58743982296717,-90.84363956580302,-89.11095105917987,-96.10062721350691,-96.30736665337548,-91.83877846038273,-97.6379580606924,-93.02777074304112,-90.65616896864282,-96.8233672491312,-90.13863526734744,-90.667300834004,-91.65670165830355,-92.01580605284823,-94.29772578000407,-93.80833263925528,-95.99731537342583,-97.08916243201105,-93.97330889129367,-91.57723918859989,-91.40447226844773,-96.1529928350488,-84.86253951670996,-95.81160755021573,-98.33922905883443,-92.22848349917487,-97.27675068414062,-96.03645385440147,-94.83944127833647,-94.04398629297108,-92.86434455047026,-92.86014353889632,-99.38373487556744,-91.98164943709,-92.47203113102744,-93.01043100136303,-92.99401127798734,-94.1568117696912,-99.04349134325227,-92.55662782304012,-95.13590630086611,-93.51325168484566,-98.39427999241218,-94.94313408336632,-96.15062142909566,-90.64717817387354,-94.83302029498738,-98.16998010031435,-92.21959144621933,-91.77018887582425,-91.38601316876662,-94.74126890551008,-92.46135169683284,-92.13431269973087,-92.20021382800651,-98.87246558621574,-95.6770629781819,-100.74502154452215,-88.02323540385073,-97.07398367056459,-94.71389104362149,-94.41321117723814,-93.05142351765933,-94.47990436598658
2025-11-02T00:35:40,AP_5_104,5,104,BLE,5505.007185263673,18.34192294049478,0.2587564730305307,-109.20408715577805,-98.03343909705981,-98.60779508670659,-94.44280478593893,-98.81927285103666,-93.71219258107752,-97.49765151468348,-91.94864287271987,-93.4432452397329,-96.60118685255355,-92.08414964502322,-96.73243720042846,-92.15668767164846,-93.59600586116642,-93.28952454032752,-93.03623464608,-98.00624064964852,-93.91704009133595,-97.28963492540707,-98.49145203785054,-92.42568793127003,-84.03370393471134,-92.51195984700857,-96.71362072994172,-91.3401003724091,-99.53753279191221,-97.63510536299395,-97.95383557694758,-102.45702993378644,-93.77763087627018,-89.31290039640562,-98.44165226843766,-94.73939051748188,-100.208733665637,-101.53877370483391,-95.20472884947596,-93.41453140214088,-92.3089363456843,-98.08741945750496,-95.83402966138375,-94.3029444045496,-92.47018483265965,-91.47981408909341,-89.24652361905636,-92.47015739069431,-96.01430925503611,-95.46065247369344,-92.41115435956605,-99.45697978375688,-89.58379782479189,-101.418323690278,-94.90344379248296,-95.38923867617974,-97.07935383680606,-94.39074074936133,-91.86919737881159,-96.03697092051412,-93.47835474846016,-97.4753410798315,-98.96215922237734,-93.97695239146394,-97.38647038586294,-98.88522217962566,-95.44034843186748,-96.80791406237422
2025-11-02T00:35:50,AP_5_104,5,104,BLE,5529.9428772748115,16.253821739727393,0.6361936148297583,-130.00874108371323,-95.72064324353049,-98.93102778690962,-94.1569088137069,-96.82001637969005,-89.43985297042589,-89.18503620534602,-89.2851565008871,-89.32660492716258,-94.48073234948426,-93.08241555550308,-87.85524071804103,-94.89579002399466,-96.06103250329681,-89.07522203462942,-93.60072681573789,-95.28942575224178,-91.80335461628981,-92.16114067534713,-92.79640748321097,-94.14313402411389,-89.6296623526935,-90.4072292991728,-94.063856293681,-92.40116532116197,-92.11548442192856,-94.6213354085615,-94.04578946741486,-94.711121973818,-94.37124555868041,-94.5559228682665,-94.39582085810129,-99.20321957444689,-95.30307790297792,-102.86160952395146,-92.46832947314172,-94.74177825391887,-92.72183260674912,-95.47175084659693,-95.61964391207914,-90.92472950520175,-96.2827590216631,-90.68946239425355,-90.68845394204365,-94.57193107781887,-100.62713521653085,-96.03943164523206,-96.13512828817169,-95.36942894020403,-95.01712206585626,-89.08385948827782,-97.727098532612,-92.19455861854382,-89.2467118084967,-95.522093823923,-91.78080767146669,-93.487451539702,-94.83011978379784,-93.11174524319834,-95.58356484131266,-96.58811879941484,-89.33536798722393,-89.31525505876822,-91.82247977773171,-93.84376981964664
2025-11-02T00:36:00,AP_5_104,5,104,BLE,5523.780151228545,32.03378020587439,0.7689322660154504,-108.21752172766469,-97.82351151644092,-92.66974378223223,-94.73231670794077,-97.45374029084938,-97.57520945555349,-99.20651172373138,-91.27262343298882,-98.91525037769622,-94.3669526589626,-95.8472797905408,-93.7034995967099,-98.49362550821614,-98.5903494236456,-96.42641973187472,-93.65613828489525,-97.80608988369107,-96.34411499070312,-94.23102917573432,-95.53581164556809,-95.81706912570559,-91.58082219821036,-96.90004309689304,-98.6694938361869,-98.78489159621188,-96.16857295346263,-98.54551899334457,-93.68428035060336,-98.26423151892224,-99.8985051244386,-95.60409396125985,-95.03004150860106,-97.41610324217433,-92.64229973542498,-98.95640536542385,-92.53837046870667,-94.41685472315883,-97.40702643441632,-96.6632301587684,-100.92237735576474,-95.5073936148496,-95.9465185263957,-97.4388825548872,-94.33682643573955,-95.57855248386855,-94.48962723915052,-101.65397244090002,-92.13423490956899,-94.98842689493833,-93.40974159591336,-97.24580574616564,-97.56589050169869,-95.35906885331437,-95.82798815705357,-96.8960136200217,-94.71087138851327,-96.82747751430446,-97.91200328002319,-95.08808099184411,-98.14410889576422,-91.06498096787874,-93.17734890802868,-96.36592044863326,-102.08891094267793,-94.0836132442264
2025-11-02T00:36:10,AP_5_104,5,104,BLE,5520.113924623793,16.847827603801584,0.26773513518205805,-112.30765827962347,-98.38976058919124,-94.94822288683886,-98.44793049400597,-93.34893258238952,-93.20824429616675,-98.95661313837226,-93.59647875346988,-91.47819170012633,-92.04539786943869,-99.70548014960565,-95.65715732201858,-97.30863017290132,-92.38984707524331,-95.83457141924903,-89.99633991758066,-97.26266925276312,-95.94254060636047,-94.00349867272504,-99.4397310447547,-92.7248900535773,-91.43430355590056,-94.8343201338498,-93.38157461363438,-96.19650868006806,-96.74997856956794,-101.17792466393568,-90.7654605385927,-92.60470180090688,-93.71980034946776,-94.38345385810241,-94.96708300243857,-89.26478644725931,-96.87806832595471,-94.91340543682055,-90.1117559765095,-96.7851542816165,-98.76151640401412,-96.86660884454979,-92.56815990917886,-91.5902806605056,-89.37600612730388,-100.07698165731071,-97.41912194001759,-96.77433101234013,-87.90267153870327,-93.017128853265,-92.07969638595723,-89.81249717836188,-93.03292702268216,-98.67558633909245,-93.5193458324358,-90.62324500177994,-93.52574269807586,-99.19555146556475,-89.77421301279068,-94.42861969227438,-90.7758648005974,-94.2091944078533,-93.91126999797214,-85.67282671833321,-94.452505621457,-91.21108105288793,-92.91178857132027,-99.63664885652636
2025-11-02T00:36:20,AP_5_104,5,104,BLE,5506.708992583893,24.556759608637062,0.7243158801141247,-112.92997041666695,-95.88547765638337,-91.24531597666231,-90.12251054093048,-86.11856989290662,-97.56634571681012,-93.69134654013958,-91.4117475515348,-98.80940159798656,-95.46240430345144,-97.50006078857062,-94.12791493149352,-93.92420781751106,-99.2071725987943,-90.93309784533497,-104.09486863198701,-100.32634626738547,-99.7488089386693,-95.32136201897782,-93.39023626620111,-93.87355781491131,-95.43582277785953,-90.61930452155819,-96.53444146502929,-95.21340251016508,-92.30016996548525,-92.29989661420697,-97.9170479973482,-90.57335030221769,-95.73768300966188,-92.12943215558339,-96.5706426690077,-93.95534962698399,-96.88215961071401,-94.93924060475995,-100.01705695994106,-89.65295356451274,-94.8750920180345,-99.89620378903255,-90.8817607196522,-97.87759186217058,-94.39101551669656,-93.56606851438863,-98.00866548443257,-93.89276306100696,-94.22575671346023,-100.27329048281602,-89.77313601627212,-95.26264915977342,-98.11906944789557,-97.1312658712027,-94.75090217337691,-94.23857317821667,-92.16501676314186,-92.3056426069442,-93.41353364548779,-98.39295166215177,-98.19681227137424,-93.92702064897388,-95.47850287932052,-91.18284048672537,-95.53071973063244,-95.06516630255479,-95.06034590738267,-95.84301631683314
2025-11-02T00:36:30,AP_5_104,5,104,BLE,5549.326458486308,28.16456007661992,0.11388647424087066,-129.28045790222544,-93.00309065401903,-99.4439123823254,-94.92526606578333,-92.9437386927341,-99.00088886278249,-96.5325094493072,-93.3024003373463,-92.7232160692424,-96.86097803531199,-93.97877937333544,-92.74054571270236,-93.49594614388275,-93.04579880666162,-94.40466116818644,-94.60652869772954,-91.82156078444217,-99.61388485823838,-96.61720823535909,-92.05442571865672,-94.99585900557842,-92.90077953400153,-89.4553089839354,-93.75298112288127,-96.8155060781626,-97.28816908199757,-97.83500546787482,-94.73849937271478,-93.6726402443222,-95.5079302804497,-98.48492546567796,-94.6648377040209,-96.17976503922621,-96.9032087323834,-94.9996935840683,-96.12490318114988,-98.21038094146438,-89.44218858656461,-95.51749956222504,-90.77466132099657,-92.87555083372958,-96.19517736473797,-90.49368719399526,-96.43150839205425,-99.41377374260186,-90.18639419853183,-94.83336272877092,-93.44467963420716,-100.59176182408571,-91.55723137247772,-90.7472626332068,-93.69529266902471,-98.70180640889342,-90.39408712142598,-92.8549685221036,-97.36004880193461,-95.21023476174877,-88.51749502719406,-89.64587061911512,-95.65613975530992,-92.74905215524845,-91.6554236360541,-98.67086415009388,-98.31915939310335,-100.91389704728108
2025-11-02T00:36:40,AP_5_104,5,104,BLE,5544.396974819255,14.939397361969888,0.18643667478273462,-116.2451432526037,-90.77936219930947,-93.69511837555582,-91.09735353674996,-95.21989950175877,-95.35903062615047,-94.12995284124182,-93.53455060336555,-92.22303966178804,-89.07232067946649,-95.27903334686934,-90.60579566378026,-91.61970200881754,-93.54486015756272,-96.2467516309508,-87.33755451337302,-89.75500613841017,-93.31350144876896,-92.56173109683769,-95.95579420787563,-95.63298748883112,-93.56320182472636,-93.96357318640058,-95.15127350849005,-97.28797385008271,-98.29718384994621,-92.30378245707921,-96.19732454298567,-90.42259826717246,-92.93472182839783,-96.59394457592117,-93.04931410617355,-92.99827289473397,-88.36559797045639,-94.65716359815984,-92.3622503939957,-92.87143679191445,-96.15476283916823,-91.24326392536405,-92.8383420946841,-96.824390248146,-97.6910849700279,-93.29306845304299,-95.27801286298536,-93.55470308443289,-89.38914599578644,-91.43825412040934,-99.17864132964118,-95.30155639071289,-94.86064166365423,-93.64758089185595,-94.33492211064426,-93.86412278694426,-98.45737609197884,-96.98235733619508,-95.16199567294171,-94.04485841811137,-96.03871662022301,-89.52696548057298,-96.54639067177906,-91.0171708293998,-94.95434959118484,-97.27783501487075,-92.20056798127801,-89.29037208654766
2025-11-02T00:36:50,AP_5_104,5,104,Radar,5525.298903629592,5.0,0.045114025510650635,-90.82375555853119,-97.52093290619159,-95.56721770979064,-92.18364749155714,-99.69567528670493,-96.57216734979494,-96.66996720809777,-96.58163103456556,-90.12639319183738,-97.67065017707804,-95.07270615797479,-99.1130565394697,-92.27735763897365,-92.54289564777339,-93.58764529672416,-96.27872604395613,-97.13039719492575,-99.76181789193753,-95.63959119497297,-97.3158310430145,-93.02327979076573,-92.45359405621775,-91.69320017546268,-101.14272541774913,-93.10264341517069,-95.80985872712547,-95.34716644877228,-100.69543988751799,-93.18674800501647,-92.35174222789162,-100.55217006138578,-91.17886535977529,-93.31951126784024,-97.34750423247856,-97.04810904629174,-96.65128218454014,-94.26036665704112,-98.61860423914975,-96.7860469231476,-96.26746752230316,-102.4573265186459,-98.59316089639681,-95.31977521256891,-91.38479765848045,-96.45748456072647,-95.99187936188143,-100.08805690438278,-93.88268201345734,-96.62719372547782,-97.09074020348608,-96.97053558219535,-95.53030896740964,-96.02677900098674,-96.53196685396544,-99.43299273811076,-88.25058138403008,-94.42650487207219,-101.35462844922257,-92.05860671302186,-97.07760510573164,-92.912260220884,-94.25356414301035,-91.87426282502054,-91.55693971710275,-94.77776902081789
2025-11-02T00:37:00,AP_5_104,5,104,BLE,5514.781002951104,22.449422050986456,0.7156115950567417,-103.52142459733841,-95.08906608159512,-90.54173733112776,-88.5754863833111,-96.76372647673426,-94.26041782382207,-97.71739137951857,-93.2382962952702,-92.61468779180795,-99.18105221777245,-88.36350683317737,-94.12240980712451,-94.85097345162444,-86.44116055639974,-93.28610609732688,-96.41434263264958,-96.63758900761272,-84.94686016611335,-89.16599875887727,-96.31292486139316,-93.69466882689605,-91.3691002904798,-91.16677964697674,-90.5150824742928,-93.86782442586652,-94.73335416015378,-95.64685961651935,-95.28665474382389,-92.40591165754883,-95.24716989826295,-93.3305722350342,-87.83438311594892,-91.8101446031302,-97.06482326288265,-92.43744535718731,-97.27800054269949,-91.04345601622143,-92.62039426616839,-94.95535628476027,-96.56474069901351,-91.1085168385895,-94.07303000522424,-93.75302010153709,-97.73434459850385,-98.6534406283697,-95.21939515104043,-90.84594010272305,-97.05359557620535,-92.1973238088789,-93.53871783027321,-98.6893410730797,-88.74808259336265,-99.31872879764788,-86.11228661940598,-92.0141533142946,-90.83552626939546,-96.10663831509675,-95.35134300783183,-98.0370902844744,-92.30877782672538,-97.73360816111239,-99.67837146053081,-93.93483627807882,-90.02797368817984,-93.55925715468939
2025-11-02T00:37:10,AP_5_104,5,104,BLE,5499.14498271929,8.74768042176595,0.1987935386197036,-119.35930565147784,-90.37873954978421,-95.00286116748616,-89.95884215737318,-94.8201805565758,-91.86471041373544,-97.13235916137401,-99.38724965765543,-97.20928339298437,-95.81054796077429,-95.54282618529746,-95.16763581368404,-93.2324790159868,-97.62939711271744,-92.75526110375593,-95.38325558774346,-95.46561191326522,-91.04551590505265,-94.09581468315857,-96.1463214777479,-98.71148352599803,-87.96094038911656,-98.38468476189315,-98.65233672827098,-93.51166819202786,-95.15341778902965,-94.67290290004624,-95.34712415447436,-94.38323011880911,-96.79934780042356,-94.37825598841562,-92.26498484470977,-92.6261988023741,-100.24466004659001,-92.75260042967273,-99.18872414786232,-98.40687800157757,-88.50970569080249,-93.01975416697667,-94.28246281097664,-95.21697275441743,-91.63997407772908,-96.56748244286433,-91.28422239612226,-96.1794641811337,-90.13957782309872,-93.95601907155579,-89.35218762367904,-97.28936657054632,-95.21464360132944,-98.25502561321989,-92.85001668354936,-95.26916237293534,-94.77296154095637,-100.82758633034932,-90.37222215568738,-96.04344777926394,-93.16300929460361,-99.04794565861245,-92.05866644686924,-92.41637834342396,-94.30320560792788,-91.54723764257533,-93.09986298637516,-96.2006447660762
2025-11-02T00:37:20,AP_5_104,5,104,BLE,5514.704068873655,11.560993836045153,0.13668691472694677,-121.22864868894153,-100.00028402153825,-99.17752954922808,-96.70808135032091,-92.99441142293244,-96.82175393177673,-96.16319845364036,-102.74150581041356,-96.65716329642824,-95.36382899956651,-96.3366599215681,-98.34662968552267,-92.92390970619643,-89.69381771634771,-97.54375283540753,-96.57541677051678,-92.95663468212773,-97.05686159989163,-98.45075535488647,-95.03255798915559,-95.04199517438659,-99.15158271941807,-99.56488302233167,-95.00844361846791,-95.374335009794,-99.96131255485335,-93.53309062007723,-96.98346211252405,-95.75536695039624,-100.65700367063438,-95.70410073929592,-91.85866781771882,-90.86339931726975,-101.27521064441194,-94.83447737728126,-96.53416096743825,-100.422313965603,-101.669770846288,-92.56181282500047,-93.23951435641943,-95.91774175752332,-93.52103610660666,-92.29255612089177,-97.76245397479673,-95.21944362241612,-98.48979129083597,-92.74051547958942,-98.84077401274075,-93.76807399854309,-96.54940303410154,-99.00063986099411,-93.82501747582016,-96.70981998153104,-96.80213646048986,-90.89452253944276,-98.07671836466461,-94.1253702888498,-93.7057035961725,-95.69614511438334,-95.47538091635273,-100.27332818481726,-96.49174661509147,-92.40078479894558,-96.56618630917332,-94.67902726639156
2025-11-02T00:37:30,AP_5_104,5,104,BLE,5507.25021170206,2.955745005565805,0.6380027085026064,-121.03190640185473,-89.84339325380851,-94.89716032240662,-94.9777479586756,-96.95626035860963,-86.93767539681834,-86.76713091873368,-95.52680919509143,-93.50987544219898,-92.70272586702586,-92.66080943951391,-91.78172437556364,-92.68195636169477,-93.92919728107348,-97.57173135720085,-94.95461699730934,-91.8908872534248,-89.15161162718266,-91.85574065395292,-94.3944160405178,-93.90256338365309,-89.83599727205751,-90.2256307888025,-93.44992280287836,-96.4784995312969,-87.41404860436492,-92.43349215347992,-92.28634002352807,-91.82350275160806,-93.67181587235892,-97.61143114413505,-94.78331775947134,-92.31658872146333,-95.57156930132125,-96.85445076559705,-91.46565978435862,-87.29977901418329,-86.22569147517245,-87.9017420102687,-99.10763077226441,-95.92712353254235,-94.65226193545779,-92.44088216403195,-92.38949751058239,-91.697216504897,-97.28788158740967,-89.69264932873989,-98.4496925235376,-92.76365007606509,-93.41230019784972,-91.08631465423319,-91.67777575342629,-92.46229003274351,-92.62400955030509,-93.85468146915589,-94.89014130434929,-95.33470113898265,-89.43575794417332,-90.15388308788886,-94.46982351823462,-97.35333102969719,-96.120995345743,-88.92223622652618,-94.9461256062202,-93.42134829445403
2025-11-02T00:37:40,AP_5_104,5,104,BLE,5545.490008270672,15.80866459769766,0.5413776881536815,-115.14701481810165,-93.08986978774514,-93.18217520960391,-93.25437732556553,-87.87766275092083,-92.949038574811,-93.4603735933479,-95.59028600433513,-89.6777471052355,-94.95552334875912,-95.58439833606501,-93.61234070759772,-97.58212047915562,-93.2393257330757,-95.92435170908838,-91.45791725666457,-86.04926846106807,-89.2084200320115,-96.30549073258568,-91.60980168067896,-93.83812881281753,-96.61546664609298,-94.41475906635294,-92.4235477670144,-95.97729111369887,-91.19542568782548,-99.39580590571038,-92.24865676266873,-94.25560776066419,-91.41281695996375,-96.74878032898741,-96.75410915810012,-90.07815868802388,-95.8218314447127,-89.01278188954461,-88.87175105299697,-91.83476865741754,-92.25428689229321,-92.8939160702911,-91.21286133835622,-97.05331937877378,-93.20952170167752,-88.53064827306632,-91.08581385548418,-91.07908464538033,-92.176120639593,-92.00740233504499,-95.52445592266461,-93.20737575710379,-94.19590828087902,-94.63103238722488,-93.66337878231606,-92.8983378931651,-90.91664082526148,-89.19296775501563,-98.03364336329406,-93.01366302676439,-86.47472988500215,-90.63001534297211,-91.67815245692815,-95.02423400112757,-94.03694384957836,-95.21619185397307,-94.75551514103853,-92.7440495971675
2025-11-02T00:37:50,AP_5_104,5,104,BLE,5500.610685266506,31.088492418960556,0.6260484207087483,-111.23644550859512,-100.8220653397879,-93.30663144248402,-91.59541892222167,-92.14529413809599,-94.5939638914227,-99.00091062063842,-93.31038804460873,-96.20701127196465,-90.74800122725941,-92.20364530658242,-97.84527934646125,-93.45944163817222,-95.16803772497944,-90.25136693954127,-98.56566235811138,-96.65184471751286,-88.6191279017528,-87.81391701881452,-91.5348879881026,-91.55839986549144,-90.30766456146677,-96.48347251675182,-95.75636416231579,-94.05554542695558,-91.89503991536388,-96.47569999759055,-101.03184831321825,-96.1527452443969,-94.69878016640557,-100.4130086453884,-95.10949665900856,-91.59302911466501,-96.94337429854721,-97.8602892484429,-89.29316614186739,-97.09702201630473,-95.1303415698993,-95.55124283049737,-98.56059192504526,-90.00278146513718,-98.58604120723828,-92.76399956127275,-92.0052519597603,-84.61815089399666,-95.92168917498506,-90.0487190426308,-97.47714274441725,-96.0154851080472,-88.99333682989767,-97.676336261885,-95.21063567189279,-94.62336390152872,-92.65933281858109,-93.49510027049637,-93.85452134100437,-92.76446839022557,-90.16420940378451,-93.75623935444995,-97.48101143314003,-97.1884616046529,-96.59342935627161,-90.60930177806436,-90.11287962155782,-89.4394845746037
2025-11-02T00:38:00,AP_5_104,5,104,Radar,5519.229628617926,5.0,0.1465951684031603,-104.34557327103705,-96.83399909390016,-90.65348530204258,-92.63615679323367,-93.80149476740647,-84.82018288348463,-93.32978413803578,-95.3984736446082,-93.73682379050024,-93.35758033377705,-96.38506665089277,-87.5043681865837,-97.76045293719827,-94.89153390606855,-89.97032279230993,-92.52896458214961,-93.31408821118114,-90.83152130445345,-90.94349517304678,-92.54707992137621,-95.90161906727229,-95.03532369521291,-90.24037342533767,-93.5972077330389,-87.72670810218712,-91.20582015368018,-93.61845803879417,-88.46827253618443,-91.19936521094998,-91.29091104049762,-94.47933008037094,-94.6105952628045,-91.2652270175922,-89.63807450813526,-100.52254295070136,-97.8383753227245,-93.50895273693793,-92.55003587893174,-92.34199230988997,-87.1090488412053,-91.2994228133237,-95.13358100337094,-98.12193446286724,-92.65030687284407,-93.24282022351262,-90.56843587266481,-92.4852115471415,-90.9083212441014,-87.03558378221541,-95.65882653845178,-92.3879214901799,-93.40215157705516,-95.74082266446878,-96.60815385137845,-88.31991802316863,-98.08181789381196,-89.35083323387633,-87.76949074582753,-95.81811220078765,-90.86018885875016,-92.26903319147095,-92.30709189879383,-91.58436594317087,-93.754273465979,-87.51146614704739
2025-11-02T00:38:10,AP_5_104,5,104,BLE,5549.973799052657,9.500080549554761,0.17679453614187657,-128.2374427845112,-93.8747123891287,-97.86127939290014,-98.28622785119045,-100.13299559604887,-97.89344075511332,-95.03152278247616,-102.48830079618364,-86.07431693404557,-94.94441426924024,-97.11053326792387,-101.08050328518692,-96.71297089142307,-97.56536463725544,-95.87455380827554,-97.57510370384348,-94.91833664393154,-95.68859515841247,-101.63475371700704,-93.30602946683818,-93.50725251981764,-95.26994748908668,-94.84834889970885,-103.05680955601508,-93.50316062203774,-94.01751200267498,-96.19515298192708,-97.82266123685201,-93.89168160537635,-98.91215847015637,-97.34615829848659,-95.73310500390889,-97.95156588561797,-102.19045309283959,-97.82261505960486,-98.00178562987091,-91.32670002830072,-96.8755125451875,-100.72141023510387,-92.79935988560301,-94.98110628893956,-99.24940277965287,-103.82297201805729,-91.68121922481521,-97.32682417749685,-95.60849040019492,-94.15505618790635,-96.39549903477416,-100.21894994801352,-97.51104455772791,-99.48451024998613,-95.75365561409225,-95.84260976388903,-101.51686590033329,-94.01645567191058,-93.98635494636775,-96.06361756940845,-96.40808011959176,-100.50664582348573,-99.51599855430923,-94.94667139464768,-91.12990523546921,-97.630443905601,-99.73718665294467,-96.14683219372431
2025-11-02T00:38:20,AP_5_104,5,104,BLE,5507.527173032926,32.34294894062873,0.6724978902778953,-110.03951045790978,-90.04119683084171,-94.96625984147327,-92.14855810889405,-93.04796183898114,-91.48645967423519,-98.10579701299764,-92.74647349029382,-93.7009134275702,-88.18251306969854,-92.30746417129913,-91.83907600642324,-90.72630691443001,-90.95932847070448,-93.40257798952963,-95.27930107600038,-91.18074597489091,-94.8073188434087,-97.26619107045292,-89.55308524875042,-86.28037027727508,-95.63511005150373,-91.46923110188796,-93.0896240581055,-95.21618176579071,-89.99371351347061,-97.7575750658962,-88.46354235173882,-99.05312501922934,-96.8840819331718,-92.15481773748513,-91.04848525690859,-92.73078960146816,-96.55537021908503,-92.77155251687627,-99.04116227259283,-91.17543461467474,-89.97324276932585,-94.76882819490315,-91.25965025346848,-92.79248508674212,-91.06259966290425,-88.52641501219739,-90.79818887805388,-86.27578689139949,-95.8021954395017,-93.77771898077043,-87.98574608223447,-88.97774860104886,-92.93261654709661,-91.81613585884598,-96.46679580408731,-89.30984280864966,-94.11453798918012,-91.34359685508863,-89.67172152702415,-94.39399501159745,-91.41144425185888,-94.609730934993,-96.2709831175792,-98.74449924337266,-91.69906353625404,-94.17407208191942,-88.24211541586726,-88.77399877846459
2025-11-02T00:38:30,AP_5_104,5,104,Radar,5510.714783716918,10.0,0.1607294583641577,-93.10091017366315,-93.71770264407962,-94.93618148452374,-92.7645648665472,-96.42857429809865,-103.75362416826893,-95.38768504246448,-95.95491877385993,-99.58409923616541,-94.84224790634075,-90.85315426875746,-91.94277703751686,-98.3436873234638,-96.54409722390307,-97.92011192748421,-102.28103995255482,-95.27024117366929,-96.67579434819858,-96.6497810122355,-92.43431640167273,-99.11610865025942,-100.09131131664985,-97.13187106308595,-96.74821244754993,-102.1284096818733,-96.50436027209281,-97.00530113824537,-97.42039127000322,-97.55931035940652,-96.63106663533652,-92.44609323261228,-95.35377503651289,-99.96268385766349,-92.613609462462,-96.76943486803683,-96.88925748140235,-99.66205208841714,-95.39389671023622,-102.63082706242788,-95.12836133948771,-99.19196247139331,-93.84060133392475,-93.42088079969993,-101.51138567825839,-102.21666686688194,-95.33283169770823,-98.01824136278945,-102.38509287730523,-99.89605094957571,-95.95264737430263,-93.8132595642845,-98.50700880070016,-100.13194354843274,-100.88685008982453,-96.96631938940232,-97.30708700506075,-95.65061200979146,-92.24147654866965,-100.68421265972643,-94.39087990946827,-97.2626351094182,-96.20371491299653,-97.48798202689208,-101.37275225294232,-91.51321600408507
2025-11-02T00:38:40,AP_5_104,5,104,Radar,5511.870301531169,10.0,0.02014684400920894,-97.14232917439156,-92.91181312010481,-92.11554820115245,-93.02097007712783,-88.55554552260486,-92.26611362690791,-99.19996800512922,-89.74954456660643,-96.5254675800028,-101.16623505210791,-96.57044221942327,-96.42578331425896,-90.81182949630116,-96.40724807507918,-97.64744366541893,-94.58923519605376,-89.90458315150329,-96.91022806567995,-102.97561325119153,-96.81496942379648,-92.1295952794193,-93.73970711865556,-90.95405426393621,-96.50344563985757,-92.91062469327117,-92.36121166597482,-95.36639347324336,-93.71733254373495,-92.56627109232817,-94.46056612869145,-93.9222060780685,-97.1370330822253,-95.09759437469276,-91.38039261856298,-94.7177168452982,-96.1514323978897,-93.85323122319092,-93.17522977624905,-97.71440476543629,-91.50899329493545,-95.17987720363298,-91.1612243573698,-92.03640813858398,-92.72170729853052,-92.70820834056221,-94.90608462731309,-96.33743765234728,-93.81196136173669,-90.58993095661636,-95.72703761834597,-95.17909381811099,-94.76290543213427,-94.71212701819398,-94.95014221716019,-100.81717557781727,-93.15625867418083,-97.35537471869318,-93.3003819702209,-93.26571563870235,-94.84544024220297,-91.20551332655509,-98.23301294744562,-92.99201713407797,-97.20442214116267,-95.71798012396272
2025-11-02T00:38:50,AP_5_104,5,104,BLE,5506.0426106961095,2.7093833868554977,0.7513856724594962,-106.52096466896714,-96.52819062170464,-93.08069410871337,-98.14572612029842,-95.01080311299678,-94.80549040549029,-99.43695095718266,-95.76029814789976,-96.09576969831902,-97.48492567201993,-99.4054346167847,-94.35399491255833,-96.45634763644588,-91.99318609669555,-99.4167952344877,-91.08147588223792,-94.34493190081739,-99.11213201333503,-96.8968021190726,-99.64632810417021,-92.76088134632397,-100.7152806386103,-96.1783411072983,-92.14714497907882,-103.82952706343389,-101.60690086556384,-93.55528461093812,-101.09218000834784,-94.94892878615707,-94.24504184887297,-97.98285302098061,-93.78159763172368,-94.23290468670552,-97.7320477548656,-90.87067666444308,-91.52168846799398,-96.45205499322721,-100.46733360576224,-95.68817986260304,-97.28526717913238,-100.82966269230178,-91.47633191085627,-98.73600070961707,-97.09652681722577,-98.65508893135552,-96.03277902588788,-97.48352481331338,-95.75082355199709,-98.93897868976255,-96.40712487987744,-101.82222597228177,-95.33006138779474,-97.34797752767986,-94.31067950504584,-102.69158391220724,-96.08277960196067,-95.87053233060361,-97.37655636808366,-99.53447034304743,-99.84707126877004,-89.81505143002373,-97.16230779894116,-97.97860007419011,-91.81642272858113,-94.53803466704007
2025-11-02T00:39:00,AP_5_104,5,104,Radar,5513.6648794659495,10.0,0.03754161461944561,-90.44945334748172,-91.83676325899741,-93.44832506327049,-92.60701306315089,-97.7297497357113,-94.58703021116345,-91.05196552354366,-101.05673110140319,-87.89685927147568,-91.84023346737048,-96.22850263803649,-97.16620762022342,-96.35874374699304,-96.55188432973905,-94.76586576792643,-91.1939747708821,-92.9988161033318,-98.4714081321305,-91.89939861128117,-97.90942792689752,-95.10932183220805,-96.59124401662181,-93.90812024502434,-90.70667718311432,-93.41136473359143,-92.9259205551048,-94.67980526777855,-93.98494242979717,-93.4607987502659,-89.3825974647375,-94.62916028415133,-96.48890620173123,-95.61200778565325,-91.94469649646044,-99.6933097120964,-96.39717351272898,-95.20601693636269,-94.03543037682495,-91.52417544179177,-96.39554343553381,-98.21537777761297,-95.46899415069956,-93.00355452291765,-97.66418763631131,-96.96653824030277,-99.48709067607058,-95.67001128361214,-92.73347069601583,-93.65087347749201,-94.24733583133018,-93.27884221503034,-93.45670070403334,-97.77343926092104,-96.2697295810571,-94.94095530873828,-94.85736346466115,-98.52142560784354,-95.32463023638861,-94.88287792759861,-88.29227014154132,-89.45626506451906,-96.99540008248903,-91.41051211986297,-93.5753527118417,-98.61036595314071
2025-11-02T00:39:10,AP_5_104,5,104,BLE,5529.488725883896,2.9904965761377085,0.07213994838640052,-127.3961640000301,-95.19680655687962,-93.9239815384413,-94.24289884341029,-97.36405637598087,-92.21374973179324,-90.58889911347102,-93.78274998949352,-94.18330668715892,-90.49435003587398,-87.3618359323878,-89.84536121990742,-92.17944232838747,-93.64022279828093,-93.72938336719896,-96.92315483580035,-94.01656261762788,-92.28951792230816,-98.07179051782967,-94.7403169527007,-87.91492062989654,-94.89764244171269,-90.79067872112087,-91.1331509006446,-94.7831579807605,-97.73306108549161,-94.32719857431802,-93.90361781967255,-95.7735997191797,-93.9248283821984,-91.2604019362643,-97.06402676504412,-98.09670579510464,-94.57109475838625,-89.80427573674841,-93.98492933083016,-91.16093804626064,-91.05654662162439,-95.05242354547251,-95.66668383554321,-95.18585596173152,-91.16032664998615,-91.53383850451854,-92.39781709932787,-99.32503987268205,-95.3480301270885,-94.39658911715293,-91.38454397030381,-96.66816807697913,-93.7517426443867,-90.64133227501425,-91.52888079664835,-90.10042796871174,-92.85929981231172,-94.28012089915104,-98.45206003267839,-97.11736745240131,-97.58836523482846,-94.72875792059759,-95.8965305369696,-91.74346212518485,-93.63720371106112,-95.64029443399575,-90.64008185198271,-92.65687589610386
2025-11-02T00:39:20,AP_5_104,5,104,Radar,5524.590928311506,40.0,0.06005071712664678,-115.94834718017792,-93.88412780385266,-98.54086489894078,-98.2109163093701,-98.0608949801547,-92.91857659481732,-88.61726275174527,-86.30665934540653,-92.263973544978,-96.58154125299907,-92.88932793112109,-94.32864889516823,-91.48795079462083,-89.99791998138298,-91.18433443536914,-91.17004838382611,-89.78044947993767,-91.03134156769774,-96.15580115274246,-98.60825187368116,-86.20032145568706,-96.1898594047489,-96.97597422951608,-94.80649125596608,-96.95792978832323,-96.95698514228773,-94.14173651665982,-95.72960752516616,-93.52050776605701,-93.58007331253093,-92.30703258549681,-88.77282968528912,-90.22938168891024,-95.13808873115227,-93.32885859806795,-85.28598287843093,-94.15573979320145,-94.9575200851094,-92.48402979928468,-94.16617155031827,-92.1923480512906,-91.70611065349681,-88.62964989812158,-90.64412478514909,-91.5532090445817,-93.92161812245081,-99.06822264192235,-94.3105385006175,-90.27912054586434,-97.03987320799192,-95.6213465910371,-86.3513162605561,-92.6917342707256,-93.61859059536468,-91.13877207218286,-89.2016635271508,-94.1618447341293,-90.84069032106504,-94.95387522395356,-87.39580497772661,-93.32871879139826,-93.93315687363595,-96.91624314538464,-94.69190485895855,-98.91051983218779
2025-11-02T00:39:30,AP_5_104,5,104,Radar,5528.59424332569,10.0,0.15424817110230665,-100.86151032163792,-84.44531625123794,-92.03007579335551,-93.28641580681833,-86.7702908268868,-96.43578218926467,-89.29522103108108,-89.72513318984954,-89.8213372949338,-88.61020384436827,-95.01190788221349,-87.55130042306426,-91.38272305081419,-96.93951181334498,-95.24516990295587,-92.72041018255403,-92.36663588952895,-88.0628895476767,-91.14102424210807,-95.18697033807143,-89.60339124140512,-88.185062896017,-94.00411431476566,-90.01995854837863,-88.31749622750247,-90.47749279549208,-90.39255173099826,-92.65289119490113,-94.82878349179568,-93.41132397998413,-86.57998467088358,-84.14627906493756,-93.03341525426171,-92.63042001104881,-94.75786982438058,-92.22805074147723,-92.19929297629574,-87.64539665668279,-96.80898220419662,-91.46382785351346,-88.49513182477929,-91.1715377611427,-93.28513677151449,-93.06015759014456,-90.21974256838068,-95.39753739025254,-93.65093137072779,-92.7806858164119,-89.91372434978739,-92.99526825703857,-93.0878089723277,-91.26437641078257,-94.57756808388392,-95.75181402223014,-89.75533501408924,-90.15290813609356,-90.37533155339696,-95.3217633372279,-93.26626105816028,-87.11239965486429,-94.19297519473359,-92.48828156976538,-86.38016197304611,-93.31003851213177,-89.86730384431411
2025-11-02T00:39:40,AP_5_104,5,104,BLE,5501.4437778486645,23.68234009531094,0.5321859393248858,-103.68447402289027,-96.60321369978189,-94.69448490448987,-94.44820219643302,-94.95512654007177,-99.24798818405975,-94.62812795287493,-94.86575693788141,-93.31784423605056,-94.92941647685288,-93.25635325381435,-92.25549986536357,-89.12033441927437,-96.98168896172838,-98.71371814437859,-88.02892545105908,-93.10522514446235,-95.35897223806421,-92.69574916575532,-94.21575016917808,-95.80684114046224,-100.57653066730104,-93.97645358754252,-91.4540658373416,-90.05422656729894,-89.96433559317617,-92.08541505365424,-94.29418354248247,-94.52863371290712,-94.19924506655714,-92.46961597249384,-91.84675250677938,-98.18142798750726,-93.09573446744206,-94.94939381097437,-98.52422264021659,-96.629882367831,-92.29842798823321,-96.51554554338227,-92.3703687762997,-94.5042276516774,-92.28291783265598,-96.64781840358515,-96.44220546613879,-93.06725375048626,-91.82876527075733,-92.03489223379032,-103.00321924905151,-92.48477035391946,-90.17574846296759,-95.3556060736917,-95.03969549280636,-92.53765014542363,-93.61539294431115,-100.09997177034265,-96.38183725643908,-94.68167710212501,-92.89343507766101,-97.98333203616434,-88.45913888440299,-95.5453435471298,-95.26204678808305,-99.51540811683687,-98.38227972766256,-92.0095401227962
2025-11-02T00:39:50,AP_5_104,5,104,BLE,5532.43876721922,35.49547086607393,0.11716707666719474,-121.55439477776913,-92.57872155187961,-96.06635702552548,-92.13682133385504,-92.08018836452001,-94.63761774800489,-97.29551602644884,-95.0254068519676,-91.50329646320833,-94.9450259418073,-94.21912027264598,-94.37301852916534,-92.47808686892276,-89.71549185005144,-99.74265401280516,-93.49045487739568,-90.47955130976318,-95.32909174135798,-97.57894774978806,-94.88651397664313,-98.64851449520943,-95.39255122082767,-93.13213953197547,-97.46068070094368,-93.9579686292829,-95.68809321743049,-97.80229000177117,-93.20168958147963,-87.93809448108144,-94.9669531903611,-92.45322921915866,-94.6519631699258,-97.43452131557089,-96.62874999218641,-93.12188713646633,-95.68003973610203,-100.65463303144382,-95.79305538102828,-94.10147206380579,-97.457503666523,-97.2383041714688,-93.38558898479147,-96.18294617698159,-95.03097404899171,-96.10179660964006,-92.9869008359086,-91.08969580125479,-99.9458528242655,-97.46692505664991,-94.06792910148451,-95.3522677672562,-103.81388363855987,-94.9498659265166,-91.62869744451073,-95.11709362190639,-98.38109264483231,-96.7887387370896,-99.57365176857292,-94.42209464130138,-98.78206707676259,-93.69273550023827,-97.61655507828674,-98.27593238030978,-97.9904409696128,-95.6680260305446
2025-11-02T00:40:00,AP_5_104,5,104,Radar,5510.987091365149,10.0,0.07735278382927724,-101.62252607140911,-96.7406132988923,-101.06900579653042,-97.41018024282913,-93.29868047828816,-89.98952820754378,-97.24048044055077,-98.14533941327653,-99.27674418622725,-91.87625426341242,-92.76598168309381,-92.18415441971297,-88.0163349953925,-94.40426371574002,-96.6132256152315,-96.30804325909298,-95.85685939891236,-95.96472300100902,-89.63119906130996,-90.60131991346664,-93.76710088737188,-95.3417691492871,-96.3929345386846,-92.33663065666227,-97.6517006208813,-87.1456773227202,-93.74462184900597,-99.6217672206329,-100.00119071215413,-97.25550051761577,-97.34025768780107,-101.2527668548047,-96.26838858734676,-99.76444225363163,-97.95652640212622,-96.62368468789093,-96.32381705913268,-93.72872841034125,-98.38324124163984,-99.8362125719622,-96.99489933329325,-97.7425454910047,-95.9420442792985,-95.04487509733596,-91.77612638154497,-97.12351149889702,-96.71179027735812,-97.20697663524038,-94.46331229760106,-96.47027036771551,-96.95335242173687,-96.0155201767616,-94.33859169943811,-96.01205338536093,-97.67525446203388,-92.96335589965987,-96.89509266191439,-94.99033372426887,-97.94376688538767,-96.49904076880775,-92.90923308523514,-98.79145205815932,-97.80988645332529,-99.19781477478176,-95.5584873074799
2025-11-02T00:40:10,AP_5_104,5,104,BLE,5531.442339249037,12.54642453251783,0.13011192361466722,-110.29619151683002,-91.2953418097107,-94.74305377081345,-96.04614266200662,-93.19746000927664,-95.05240960282211,-93.82407283256609,-88.93406712113276,-91.51647834350395,-93.92129526768477,-94.23248301998647,-90.50288174381359,-93.6742791037526,-94.79426520350292,-94.62420031969951,-91.69338095716154,-97.71218186627299,-93.47870601486485,-94.65047304270465,-95.34627225137353,-90.57709827657258,-95.4841834055894,-95.03847773049833,-89.79506780872276,-96.04398828448663,-96.73851428908046,-87.27628554757422,-91.94063163589351,-94.47828691639548,-96.81855255603044,-86.89523285172162,-91.12529569066662,-98.92017057994263,-92.94019828058983,-94.63160518991741,-87.89673922545563,-96.41590021011318,-95.05430119666596,-91.2035354970478,-95.3705356478687,-97.11376186301575,-94.02942835307519,-93.84685290831065,-92.11457952176349,-91.1430802050963,-93.40544647471518,-90.84213876567122,-93.89992751131301,-95.4740606938128,-90.05641719044833,-88.57632567847891,-88.6371510749064,-91.7239648238788,-89.58325749895775,-91.55359425850274,-92.60947651518208,-88.9428046628615,-98.77674114400833,-95.2205888629482,-92.66470818393692,-94.15830143818835,-94.65516047427704,-91.18584557910049,-92.26923454525088,-93.02040430818629
2025-11-02T00:40:20,AP_5_104,5,104,BLE,5501.3416305175515,16.47863219164646,0.6716350310467561,-121.16708010693574,-96.00890970254596,-99.50585112074837,-95.5430213134449,-98.15256444623954,-95.04472197467798,-96.97894515820848,-96.46145978004908,-97.92284946345946,-97.57670162270232,-90.92466557431808,-97.13373816390458,-94.94640184238938,-98.61713281079408,-92.90643962955636,-93.30012441735552,-98.03687489423847,-101.12066270910441,-97.52745766334897,-92.7532914271707,-91.71789416783939,-95.57142536005865,-90.84663923586479,-91.6288764081896,-96.25945078288224,-93.34711892938394,-96.9810630094007,-98.62080543160177,-95.72637049213017,-91.84887392493445,-92.90322549115675,-95.26478295756431,-95.57146104812372,-94.7430025799226,-93.66241166486485,-98.00367447930081,-97.16999100355822,-97.00537949246544,-97.55534509670983,-98.64617242870325,-95.23859561997389,-95.94727847627979,-98.40257499968475,-95.30309021637908,-99.77112524071447,-97.04123228468181,-90.02464989686275,-97.16687323754158,-94.12904007020025,-95.66999958787427,-94.03916898191252,-89.88958703488981,-97.36070599536146,-97.21436764008062,-91.85683249664682,-100.98264798943016,-99.28260475402368,-97.60348477728779,-97.71538935368403,-92.43476797768398,-101.3119488312917,-95.21704742376494,-104.16560169801232,-99.22091900036857,-93.44983381390603
2025-11-02T00:40:30,AP_5_104,5,104,BLE,5501.999601685138,27.7651109606275,0.24449803175058693,-123.91874592446086,-88.3869667394807,-93.86516084165928,-88.61561951728092,-93.37109630682791,-91.30033647268253,-91.25198900956589,-95.01512376745261,-89.7725971770902,-92.9052781699135,-93.57892607065921,-95.3030738043374,-92.86194362365364,-100.0772335826635,-94.94783141047277,-94.90774313332653,-94.70413329463103,-95.04479445469644,-93.93605962294913,-90.43261305967202,-89.70219062800048,-93.17151647754332,-95.96538659755137,-90.8167964815034,-91.06487142382109,-94.69727653039162,-97.79989499669031,-94.40033372980831,-92.01969931466535,-92.69588602253855,-91.11649630880297,-93.88451119158809,-93.40547203849415,-94.87969593552073,-93.75828102219529,-88.29046924400514,-96.58065983936608,-90.6305292372835,-98.67040408920789,-95.80833657296122,-89.1820082765689,-90.87766515086751,-90.78106558261595,-100.1839995889176,-93.7002128013658,-95.46176105929868,-94.53945177236459,-94.59598542222535,-91.00622034246328,-94.89847495550264,-96.09143603678507,-94.61625457251112,-96.36320992719712,-92.77760392678591,-99.29455659876079,-93.53550883058206,-88.5751464669571,-90.36988308552606,-96.30216709702387,-93.8251286042402,-94.88555236355073,-99.00507744389809,-95.88414106691725,-93.42899856814034,-93.57591830693619
2025-11-02T00:40:40,AP_5_104,5,104,BLE,5523.135434714126,15.658742731111914,0.23844825913271972,-122.19136827161236,-89.28671878342678,-101.27074744718168,-93.7177932526021,-97.41328116357049,-95.47808972450643,-96.97718843506674,-94.96327710445729,-96.16779587046774,-91.8414677805611,-93.77916235350574,-93.52988187971795,-99.14189119684626,-92.63777412416009,-93.13328105251996,-93.07596863353012,-96.24522537496257,-99.72347816453151,-97.64076379579231,-93.04634513679966,-95.3531606642622,-93.76430659702076,-95.86448486324912,-90.9960145071405,-95.60474187076312,-94.60523736805155,-93.59649585716309,-101.39002433353042,-98.48653124432569,-94.05479712883053,-93.81545429966721,-94.35688361632755,-99.16013010187194,-93.39329458814183,-92.28466028254742,-96.136849650806,-98.50855355149845,-93.84161359596303,-91.81238658258503,-94.27865685594351,-97.42785592965761,-93.58160391513492,-95.99212089920653,-92.1044057596723,-96.30587681631475,-94.88795950748641,-98.32994308500992,-94.44965825060362,-100.62572230515045,-92.12981871657713,-99.0437146259322,-94.07438165652935,-91.78409801492583,-96.26046929165945,-96.7090970783236,-89.07505107221301,-99.50510954531495,-92.20314824583185,-97.2380946922104,-91.99535648445045,-94.48722996544579,-92.56180197668039,-101.21178143265257,-93.66373030564698,-96.6819483590694
2025-11-02T00:40:50,AP_5_104,5,104,BLE,5548.761277997958,7.040745850232441,0.40161646435649195,-130.81715114637626,-93.52287094014883,-94.86891100629812,-89.13538790262868,-94.67439387558605,-92.44163647967396,-94.34850110927606,-96.7182469854135,-93.53448640998526,-93.43575702505771,-95.90890906407073,-92.01839239867691,-90.5792706408991,-94.0992763796934,-86.01515966519,-93.75846473687686,-93.63058511592604,-95.54859631366504,-98.95003059980539,-95.26399018318071,-89.76384580885981,-97.11111270532925,-96.0104850690505,-92.42002046516522,-91.48786778377648,-95.61835591403415,-96.58129378887065,-93.29224108999777,-92.76029495652337,-94.78553275999045,-99.25816492987117,-93.99871969001285,-97.30781202121673,-92.4477691412721,-93.12249119465591,-94.8216583966131,-95.7608925313505,-91.8049844223264,-95.73271880219097,-94.02236390447582,-101.10482196304892,-97.07500185789749,-91.5833609873967,-95.87321485115989,-91.76607796806303,-90.88802257693783,-91.58082948270264,-96.37664822778736,-94.45763781359854,-96.63479937276882,-97.05280406420518,-98.26151551698467,-95.9101402323074,-97.70769787583427,-97.64587822909206,-97.753193980849,-96.90204274478677,-95.08764782294134,-101.33996285949792,-87.96132636022394,-94.61197318886231,-92.78940557494093,-96.95351133791273,-96.26657541601777,-99.17689733743816
2025-11-02T00:41:00,AP_5_104,5,104,BLE,5502.847978814272,23.066476446160888,0.3253790568556522,-102.24675747553246,-94.44171648811479,-94.49943588839949,-90.79812321467767,-92.8018026074897,-85.30732280701469,-95.26465347599225,-94.43520569794204,-94.27691886637493,-95.4165998615851,-94.49749625592798,-89.8031510500961,-96.19790188342607,-93.66832444772834,-89.93633333655205,-95.36751756178727,-98.88450939794846,-90.33303501672502,-86.88406738097017,-91.00508154567747,-87.96150307711756,-89.33512400819025,-95.42684086699462,-95.61769752009474,-99.53626480802856,-92.30145010119419,-94.99153896278735,-94.90229750017045,-92.29125074745392,-92.51500017225352,-89.82694634059104,-95.22325543968905,-91.9262337533079,-89.82564306831932,-95.58502386848285,-93.29980985525071,-94.06199491132158,-90.96397685971141,-91.38819249965182,-86.84998014723844,-92.51621969549169,-97.4012294758029,-93.06239329518995,-96.33803226830167,-96.87391455988643,-90.68245392919475,-100.6378515727852,-95.76775692369131,-93.37176639348404,-92.05798192567863,-88.70783220559302,-89.94670647745315,-88.7649650686237,-92.98295724932834,-93.59567528960373,-102.49557307327049,-94.36403382773238,-92.78004122944046,-91.35165904096107,-93.41581426220262,-92.65169763339686,-92.67993589460653,-94.92103708641032,-91.01884448010617,-98.88276180989162
2025-11-02T00:41:10,AP_5_104,5,104,BLE,5520.982295296519,11.891346829051724,0.36741723091836226,-109.39634097949582,-89.11537652561042,-96.43589878227428,-86.56935088181596,-91.82293440195339,-97.35615785072457,-91.72011756160668,-87.98955618857497,-92.71145650238766,-91.8216578988044,-89.91750541411102,-85.16802716324895,-90.17825586169626,-97.54784909545177,-89.95357055560493,-93.49180466117745,-97.65995758935144,-88.71469552098421,-93.4857595497256,-94.03425395963674,-99.25190895025224,-90.76127670426537,-91.68125507930833,-92.22902724951538,-94.62514426106445,-94.33175311774441,-92.64537894556915,-95.59169097949678,-93.92388371519512,-92.88123733819343,-93.74134944797167,-93.26855728441568,-94.78776582638027,-90.40613039120737,-94.77450837748123,-93.12210368244219,-92.0022566384532,-93.93756326216878,-90.5286755152929,-87.6630584746496,-93.16837630492897,-91.94071437062773,-93.66194234860606,-91.50447492694585,-95.49496003307495,-95.85940778221003,-98.65616473350627,-99.20616691967506,-96.81611876736244,-87.62594145079707,-90.37200492731745,-91.91323812054665,-93.20141090851594,-91.84096605845872,-93.02255681669966,-87.56392080970701,-93.35592541097311,-98.83534707321394,-95.14966107668236,-91.284266654638,-94.0657642080413,-95.42509276363431,-90.85661700090792,-90.87581279318701,-92.42905101900342
2025-11-02T00:41:20,AP_5_104,5,104,Radar,5518.737071367577,10.0,0.05705817734266233,-90.00353456612106,-93.91516629017332,-92.63805444539736,-93.01542902617112,-90.29670260049099,-91.18915521372028,-95.58447799023165,-95.71798141571297,-94.93818450828026,-92.97142865966448,-93.06023346306291,-95.36631752690334,-96.5117188773792,-94.68512906389681,-91.83493034478204,-91.36352433476203,-98.20028029219041,-94.61137372539615,-95.60446626508784,-89.28744883884487,-98.24367775855414,-93.64758751287744,-99.44715289389947,-91.21548682631348,-93.15423335883587,-93.28419648389469,-94.08165105118677,-94.02773110068244,-94.51758839457707,-100.10978837660493,-98.79277662018818,-95.13215527628898,-89.99271076796822,-96.39101868145109,-89.98594768102863,-94.05116846693943,-96.75346421627206,-98.32672442614836,-97.76964281471393,-96.20511735798635,-93.11321932325002,-90.90721831383783,-92.366149331996,-95.75073958588058,-92.11594810228479,-92.49178931191643,-92.23394669359801,-93.86668879958468,-96.72250546047842,-97.10425185743635,-95.19262729743872,-94.88340908017408,-93.6792201834078,-92.72432005495708,-91.08329672215578,-96.75539617666502,-90.88687434783765,-95.28207927046743,-97.29589084328417,-90.80119713495428,-89.33769340679689,-92.09011373949305,-99.0156512769193,-96.95431117089387,-99.87789367514281
2025-11-02T00:41:30,AP_5_104,5,104,BLE,5517.911717541738,1.602600278639446,0.3087726960830926,-128.31320061346872,-93.82675778506899,-93.59269484492232,-91.83689743315249,-96.00743269486635,-93.96342744352079,-97.88124929552808,-92.36912060449974,-92.1593732695278,-97.11377678285773,-95.34167427269993,-94.186857310267,-92.1697736214469,-92.66653641065925,-88.97421674011423,-92.5929806026168,-92.5354639115333,-86.18202414905066,-88.0700811628025,-95.91683190459003,-92.53771172656093,-91.87718331234082,-94.49119185827251,-94.22757891095488,-99.52085690485178,-88.30059951614702,-93.11117998776659,-88.95416449014246,-94.15373681081226,-95.47721556025178,-93.01101666529263,-96.20436008188216,-93.81235866704321,-93.85947947627491,-95.33902723330371,-88.60994983292676,-88.57298210036943,-94.01791332566825,-95.66737287001136,-94.04678815258568,-95.17072568810676,-94.13048431943352,-91.22201710159759,-94.90583334226226,-93.34049894318328,-92.94457882451061,-93.22297051161429,-91.28069526042486,-97.2914377733395,-100.39419969795185,-88.54887326974206,-92.94451201718577,-90.9297698930924,-93.32601014964355,-92.74358592277174,-99.62187221157316,-91.01846889520965,-91.4456680467736,-94.12717264726722,-90.97838215692816,-96.63962502690256,-92.39091865978766,-93.42629020233971,-97.64642182796138,-92.907261608282
2025-11-02T00:41:40,AP_5_104,5,104,BLE,5493.6530789027665,2.4349316640398277,0.5605383022238478,-119.41806166168868,-90.74593582247228,-89.72697875207092,-93.8429086558241,-89.4176068658768,-95.8900799855543,-93.93605717655687,-90.28517681284364,-95.51995062378548,-89.42901233920935,-92.79188950605524,-93.16289555986643,-88.30656454827566,-96.65560040751197,-84.87933469338464,-95.25070177157478,-85.42333094216629,-92.64892810791825,-93.23725987779092,-90.65318584280267,-88.68808681635937,-92.08449970421229,-96.18799618681825,-94.15324609315738,-88.75491456116501,-91.98008408481175,-97.93832711427268,-97.76920153582272,-92.70485941679424,-99.4660797807727,-92.96009405734029,-95.15128596990913,-93.1677996091782,-90.90693015580958,-90.70670081748783,-93.46194162824392,-93.97266871791146,-84.34237894193843,-91.45945716765127,-93.18192820624479,-88.46799176520338,-93.3311845153355,-96.24697719402103,-91.27608472814319,-91.08821596240416,-89.4421858420781,-93.28918072077774,-91.43057174470184,-92.64644262849863,-91.88912613703,-88.14726623823793,-96.72007127813063,-93.22727961244853,-95.51815565396852,-97.21235574484366,-91.43388598985237,-84.75943377835395,-91.08899323849856,-93.4060512185117,-87.38699675658782,-87.28816799885291,-94.38941304321862,-89.87899472093822,-87.86348759193318,-96.44417145960573
2025-11-02T00:41:50,AP_5_104,5,104,BLE,5511.114644191035,22.150046292230577,0.637739724131757,-108.20335111567408,-89.35629767892404,-89.75650872231328,-92.42346011942355,-93.16958362623552,-94.22695528852776,-92.41154373850624,-88.73871442882636,-95.68643566775894,-95.98550916911393,-99.81749797000964,-92.89462622897801,-89.80826417674618,-90.46152632315088,-90.73360285493268,-97.46985223147504,-96.83277041431766,-96.76871309855667,-92.4093338400898,-97.83748792272786,-95.59745976116226,-93.50208445206601,-90.63476458713677,-95.49984687830059,-94.7841942565779,-94.51701064229773,-93.36373179538556,-99.15389983046065,-92.52076850834058,-96.37943808305192,-101.03719151223035,-98.02796459560238,-92.64597843241911,-92.68448584144231,-94.95834659440919,-94.5183208856004,-90.41636128462106,-97.58411618078753,-95.4528695278537,-95.28834120079351,-94.38733333958257,-101.3091435271127,-96.75938739983489,-91.15624562268461,-93.97394894288804,-96.80929039305651,-95.67727268501183,-92.97958342135642,-96.17212202247713,-90.58114709702338,-95.47527123502232,-97.60801241528017,-93.69412170539275,-91.91493580964567,-92.44965834649227,-92.17101865924529,-92.31786075174466,-93.4275119822667,-91.85778458256354,-96.22605857308004,-96.50393003956448,-93.98691108317252,-95.81058298446325,-97.72828926817405,-87.47356799690283
2025-11-02T00:42:00,AP_5_104,5,104,BLE,5490.6571370256615,13.62678289852425,0.7216523505579997,-107.4395500971189,-91.68619010633599,-93.26289106618623,-98.28588573883904,-93.62587377224641,-93.50837969504725,-96.02801455202088,-95.61649566002126,-95.22968398914497,-95.45777158321243,-94.07546311527624,-97.46268506575584,-94.12439074249981,-93.18574902069818,-92.04582321683634,-89.97950084003195,-92.65534901566167,-97.0124395942266,-95.19076813804344,-93.13677182079206,-94.28926833171205,-93.88304198322572,-92.93682002733475,-93.17831273037743,-91.34239536564299,-87.92663444505709,-94.60010596422809,-95.68828259628437,-87.4605163267615,-85.61598287417577,-89.62720789679838,-92.42409893034934,-93.10424823897556,-93.26906046373546,-89.66942571909759,-89.32910273346536,-101.0819090211664,-91.59991763299936,-98.01054122272126,-91.98926897682675,-97.81610167528001,-96.2461157627889,-93.16352618939733,-97.99659521997759,-94.94742752682265,-94.2034424368941,-94.97027003903935,-96.80607113232483,-91.51333390087775,-91.98836061506002,-95.56329038179271,-95.1815934642127,-87.713309623366,-95.11182607594557,-91.05985891488906,-85.9532521182046,-96.68843194483077,-85.01397801953081,-91.79701058617427,-95.63061564964977,-92.98854259172319,-91.68518974227246,-98.2306934338633,-95.5944101040903,-100.61892536630072
2025-11-02T00:42:10,AP_5_104,5,104,BLE,5530.237371129255,32.41696531191447,0.5060700450128984,-110.67157873657337,-95.16179084069616,-91.09904301900914,-88.78329238093717,-89.92760460252605,-91.67504087872872,-90.54849605054427,-97.09032279107534,-88.61469148648106,-93.0637940117586,-92.17707651933553,-93.0153928848641,-94.77944877225968,-93.06831491210389,-98.11442885812873,-91.5024186678834,-96.06430851572341,-94.00056639266661,-98.57462587681908,-87.05100650199498,-92.89558267189388,-97.42763382355609,-92.41240345858897,-95.37925140532039,-93.65601906932625,-93.66248310441614,-89.61837339467571,-90.39509695486738,-92.25989223217543,-91.65711887701292,-95.99859013925021,-93.66219408686803,-87.43361372643191,-96.9155375644728,-90.33262438940137,-96.644447241635,-89.85396554273782,-96.02956265425946,-94.65476569428057,-95.56366699278428,-87.09793728555499,-93.67923430062078,-93.54066153492066,-93.1089443533465,-89.26699538698544,-89.75249297381843,-89.93948346604735,-97.39002562086115,-93.97384351390849,-92.52548147820578,-94.58238457290285,-90.60142338008211,-93.48473248686017,-92.76176318956468,-95.1991560216969,-93.13016601280671,-96.89791775399712,-100.604829800788,-90.42237303122097,-97.00257511434394,-89.907018049228,-90.50282625676951,-96.68427289912998,-91.66341946069824,-94.04967632991995
2025-11-02T00:42:20,AP_5_104,5,104,Radar,5513.194796859258,1.0,0.12200930486878385,-98.82393312216165,-96.50610051939351,-89.90984541377678,-89.14398211205062,-96.69592253344847,-93.98202025435117,-93.68840750836584,-90.61190379747651,-95.4465697867443,-94.00525742676741,-94.74060913778989,-95.74766322160559,-99.67591392533286,-97.35009765894661,-97.78875725912094,-92.60234345375122,-96.12896342192072,-90.67683358694191,-93.58303153574897,-97.50737563515439,-94.89703629559182,-98.69086506273861,-92.65566345778498,-91.43150965855185,-95.48581764729825,-92.18544389237412,-96.30165859384161,-95.35116302778854,-92.96627242572883,-94.72739181650628,-90.62322316395705,-100.50835834119836,-96.47107326714304,-94.61053817706251,-95.06065384075379,-93.97983136349166,-93.92553460581374,-90.87152957528565,-91.19850250086621,-94.8935351685343,-97.87415102207837,-98.25190468364251,-89.7773467503672,-99.79594685223103,-96.99565015382696,-98.12221930650581,-87.38860264807617,-95.17637278613824,-91.17931663268686,-99.14438648173861,-95.7857398438336,-98.85649382981681,-96.56087531942363,-98.35208479277937,-99.46175885365085,-99.40539486205637,-94.44184282563208,-96.5026775394568,-101.22706749292509,-91.05514014917847,-95.26380752832661,-92.74184308115558,-89.87433193293126,-96.02805410414442,-93.85356118441354
2025-11-02T00:42:30,AP_5_104,5,104,BLE,5533.926591206547,11.400313685636936,0.4351343134008026,-122.64885275866969,-94.49629853300088,-95.69432184117646,-96.46534899776759,-93.46640238737099,-90.14581862638296,-95.71647022929417,-98.4168872864505,-93.35056099285005,-100.66193737760581,-86.92655080330925,-98.74575250987057,-96.92886397762538,-95.9128252992848,-95.59823367491818,-93.2306400023821,-94.93431930161358,-93.02054037228844,-103.61362558672181,-94.79476111444501,-94.63776858539114,-97.07746627357525,-90.9883046847927,-95.23730366782668,-94.46970095999319,-92.28933693327987,-91.19107571603836,-95.67366350097107,-93.72917591642839,-95.70055633659146,-90.97196837985078,-95.73216191433784,-94.13758712434074,-92.72671120062394,-97.14189426424478,-96.60057132325835,-94.42243481310602,-94.4300863679585,-94.79882202004008,-94.11681987012628,-95.73539816480385,-96.3476988522282,-96.75088216390466,-96.92084686364561,-90.22444492202325,-97.7134309078742,-96.51619555173109,-92.12272700197772,-92.56117519865488,-94.81641375495097,-95.51523334213572,-95.70334095198,-97.36831989092526,-97.29537393699525,-88.92877575127261,-99.69482449158234,-90.96915810228423,-99.19800491494487,-99.9874982559464,-92.9786905600244,-98.97472435665334,-92.5646687206538,-90.29406025142197,-90.60527882187367,-95.36483794978255
2025-11-02T00:42:40,AP_5_104,5,104,BLE,5541.852539729397,13.657378482491191,0.48631342546094497,-105.65572710585212,-94.36986760596639,-93.40120526053876,-92.88516982168144,-95.17136151601375,-93.27025816292738,-97.15342095744255,-96.52951698050322,-98.04008646406615,-97.07929154500053,-95.04854498449275,-95.27118058491365,-93.43806086875475,-96.77278341682029,-92.5231629921469,-92.01035927809396,-95.66362073487772,-98.80693707547611,-91.61417018558613,-92.89981591216586,-99.5517387869295,-91.66896325876303,-95.72716080197982,-97.70963460820931,-101.06404782893567,-92.26640358076394,-92.86986147439944,-92.92705204993504,-97.60278040425611,-92.24530332007367,-99.70935093026571,-93.18306039591675,-93.29563282961993,-93.5172684663601,-93.82151621918845,-94.41902763343198,-92.33458381471638,-97.43271096488748,-99.88257987666397,-96.6316000469125,-94.84503448388617,-89.71855628772309,-93.20106867170358,-98.93834887316504,-92.5289760009245,-97.48125373646785,-89.85913214946245,-95.06723310294865,-96.53152933620387,-93.85700257143628,-96.10042579620442,-95.5494458165223,-91.01886866354222,-96.08958439682678,-96.50390306448553,-93.0194787714315,-98.67106353868793,-91.88639659597996,-96.1199033331673,-95.72970322843577,-97.76079680684943,-92.19983447602635,-98.51768561014933,-97.47686350406869,-97.50758225051817
2025-11-02T00:42:50,AP_5_104,5,104,BLE,5513.910783481667,5.634112527234521,0.3129720218939862,-106.78392544350302,-93.84920742972699,-97.46582064230583,-94.39765781283248,-91.28596504335387,-93.03942325447512,-91.33736768884371,-95.30174646208376,-91.93439309294465,-96.3442280745864,-93.45903826225269,-98.75981688376059,-93.35684049522443,-94.63020439171413,-96.50986999984934,-94.29831222953463,-93.38589094623465,-95.20073059299554,-94.48346864275935,-89.51892767765796,-91.94493383570182,-90.40366790690626,-93.36641867062175,-87.95564214464345,-92.14678941792444,-97.04832848355065,-90.33424319284337,-94.28541088984814,-94.11686407374827,-97.16802021845444,-90.95420249391137,-92.56566719921814,-98.35532041389374,-96.36073882258492,-89.6536249258986,-90.57422114114347,-88.47880267712529,-95.21196945866171,-88.06125036961743,-94.05131149197376,-87.98589542548265,-90.6413977554719,-90.83269686634095,-90.90011316552528,-88.01101335737378,-90.13685171765616,-90.3347199122146,-92.40783542394831,-92.49056490867518,-91.6677939117696,-93.78629470684425,-92.31936842292605,-87.97452124363338,-94.62339331571879,-95.04199039519493,-89.2193657842539,-91.23069189692087,-93.28045800794105,-90.23506453389516,-92.54755861894051,-89.01667373093036,-90.39410616484115,-89.35187640894887,-96.01129184214717,-93.16818559434655
2025-11-02T00:43:00,AP_5_104,5,104,BLE,5530.601220133391,23.192875377540325,0.6334206991403917,-130.64812110519244,-92.21396000278342,-95.57622918929812,-98.36357316604305,-91.9585916649896,-99.06652854230383,-96.93433540788537,-92.771940020441,-96.13849808379545,-101.68250464611775,-95.88193548344167,-98.2205763708908,-94.3187380191395,-101.7324211118192,-91.1059533584458,-97.67244325892112,-92.01182547604316,-91.72619491848909,-91.56272162705463,-96.4364701348217,-95.27255325664218,-94.02353369888549,-101.03147712751621,-100.55168691049417,-97.96775550513277,-99.81956081471053,-92.22720410021238,-92.52321290569847,-93.65835505813553,-91.10224202469216,-94.23269317829147,-97.49735422530377,-102.61167274623496,-97.46517095669189,-92.67432162083189,-93.83197855970639,-96.3497033349425,-94.61704988882425,-92.5572898795463,-93.78540718234437,-96.6576991652323,-98.89060078778382,-98.68567641823773,-91.46564442262331,-98.69282429838667,-102.28088982126904,-97.28011355060417,-95.12311258141553,-97.50619220887253,-98.13970083740384,-98.00824968985023,-97.47891557854885,-92.66707032431185,-94.34594950123375,-93.29952955610872,-98.95167526138262,-90.56406251960871,-98.37015928792522,-91.95076489260055,-95.74904636602582,-96.22973123984215,-95.52004382215826,-97.29761045934562,-98.60511654445817,-95.66536098907484
2025-11-02T00:43:10,AP_5_104,5,104,Radar,5528.696686725826,5.0,0.08061644715128487,-91.39175517723788,-95.09923004152898,-94.0935074040413,-92.56450644735405,-91.64118322689775,-95.54687885753874,-91.81885286672289,-90.53591794465169,-94.70765436221494,-93.43185479027971,-91.33102151009646,-97.49233814120115,-94.20014371776584,-94.3285488464676,-91.66851162097433,-98.62329731942584,-95.7314079754096,-94.14836672983812,-91.4567152541376,-94.64319316406622,-92.48747853115174,-90.16198684873308,-95.08289887295042,-93.93064322957258,-95.35645130743902,-97.29778293130431,-91.20921780591672,-95.42829924455611,-95.89182869576476,-90.98819761564347,-90.98670278865227,-100.32808344805619,-91.17080886276686,-94.04849751650752,-98.55008907277747,-94.95471507570007,-91.69745887476886,-97.18052637204232,-91.42892051743455,-93.59357467974226,-95.12507008086645,-93.52661177335365,-96.53162394616062,-94.3138194022796,-90.92679981467822,-90.12224490775026,-98.93024231842206,-86.13912074069816,-92.48422987659957,-99.66610784541965,-87.27958444948385,-94.56261074308908,-98.4448289082146,-93.6949085591743,-93.48247569135216,-96.45402472482287,-97.79172284802173,-96.23507621926865,-91.37401773565699,-96.807260262901,-93.10620223322097,-95.37821549807471,-96.32589796613989,-95.4581802072116,-91.28140161192756
2025-11-02T00:43:20,AP_5_104,5,104,BLE,5544.084238677024,37.70676752276149,0.501397513875454,-116.8480466631325,-92.08755361951773,-98.76827893896922,-91.08408867260272,-90.54240881561462,-88.72572602526779,-96.75351932115215,-90.7615245444751,-95.63958519588041,-93.44418685906388,-95.7046387377093,-93.74412239571387,-89.17832078384046,-90.06273134195823,-88.40065189310127,-96.86522633747539,-92.41315983762277,-91.04475625053806,-86.8248888106002,-97.36775856729346,-87.84867685096884,-97.50454183986531,-97.36536288615557,-91.81797038978617,-95.90097293766586,-88.75410860046755,-94.32363399302791,-95.31227251557756,-91.76155762399091,-93.2295598753609,-91.78920247659353,-96.49553703720485,-92.03670526325487,-96.03694635278121,-94.2200917065394,-96.95050010994315,-89.74273418959574,-94.26747736795565,-95.35761759451778,-94.13674101763739,-91.36803458076984,-90.66602411957456,-89.91134811485408,-93.70686929441887,-94.6057998422785,-96.83114391673774,-95.16615408117288,-97.46423003253662,-94.69813971164126,-94.25718720252782,-92.22254722161787,-91.85214879486774,-95.00612742403173,-97.08082635591606,-95.04858664495718,-97.26706465815191,-91.43200833855174,-87.90480953013805,-100.46670461408243,-100.15912929829732,-93.08434292742756,-93.03657280990045,-97.2811765517328,-90.21695751411664,-91.32874988872508
2025-11-02T00:43:30,AP_5_104,5,104,Radar,5521.886963333855,10.0,0.04546764839289237,-95.43664660042826,-101.81972982444951,-95.19715069037655,-95.76183762750716,-95.50869464592895,-93.42114198280241,-93.56166385065193,-88.30818702206284,-94.51293343974056,-93.50218165566092,-92.7760599538631,-92.06694152345429,-94.80133029823523,-92.97752695797259,-96.52629495986703,-88.74441015157667,-93.01671479802613,-96.88959968558042,-95.4333159311092,-93.77599292267787,-92.58745932190601,-92.30928216124786,-97.6097177737054,-92.15853928151395,-91.37448541974159,-91.43375666631574,-91.87963604687054,-90.55861196128728,-94.79369470918384,-92.77100942114099,-93.33343202131115,-94.97382440936576,-91.08582341476692,-93.13307284612205,-91.38793520046507,-93.07385564026097,-94.69047405491006,-90.65826239515101,-94.16386078085188,-88.58394220162475,-96.34782252191717,-91.25243954859002,-97.77540561126688,-92.94138978902234,-94.73267500202628,-91.31066594301765,-92.69924339181067,-89.9072842254076,-91.19697792486228,-93.68153990452896,-95.24705385335434,-100.18143068656279,-95.6448868258133,-91.94952208634562,-95.14171583026291,-95.98944334906773,-95.90993959386259,-95.09562079854553,-97.98252442478542,-92.32743282174202,-94.07073645963597,-96.79780104450579,-93.03521044072953,-91.85203158204209,-90.83988757943487
2025-11-02T00:43:40,AP_5_104,5,104,BLE,5524.031552647049,9.790129581418949,0.7007675503782884,-122.07177448932022,-94.46596936560731,-95.7429647296222,-98.88666613057384,-96.56970508620937,-92.29553835305542,-93.989336520895,-93.95816908050124,-91.62726463642906,-96.2357020586467,-97.65031014152231,-95.87095425642204,-98.41717790878606,-92.32902414273546,-98.84398620636124,-98.28987246684504,-98.22463142844157,-92.24500840323164,-98.48712933141388,-96.51022534160361,-89.24616646654906,-95.90587769397175,-92.60598789633308,-98.5047060409079,-102.71631744203955,-95.63049639696462,-92.90192835438985,-96.38811283574654,-97.37094528310382,-92.12461518920593,-94.8738339820436,-98.37829530516684,-101.08536800462845,-98.07657810246731,-96.67409387228109,-91.97792057490412,-99.27266391628436,-93.6145923711944,-87.35514228096142,-95.75609880235575,-93.26604618458886,-90.23817950732949,-94.24102912494841,-97.41461151045299,-94.98149842490916,-89.75941065920232,-97.02782746518474,-97.89077774206767,-98.62197859759328,-95.80844287979842,-95.56016310636761,-94.77714866779148,-95.3327873157027,-92.47097855161246,-98.24471213045963,-92.39956636153732,-98.04246504730989,-97.32629921633007,-99.53938850652203,-99.38528070618605,-94.95562013954448,-89.91147374993608,-100.4778969476179,-96.10001203060693,-98.74572568266917
2025-11-02T00:43:50,AP_5_104,5,104,BLE,5495.538867013694,23.678693719470214,0.08724812764104344,-107.91662949981915,-98.40360575834242,-95.5874181145764,-101.5556556009517,-97.88144295836632,-93.8205598646741,-98.20653373695319,-93.87622428135113,-94.36525697757051,-95.71515320187669,-97.56127183259471,-89.38319497938171,-97.53900550031624,-96.08608293048896,-99.34012630606982,-93.74234794117761,-95.62918506520633,-91.56525773226647,-98.11703126871096,-97.47834084446748,-91.66999357580778,-91.87956071579653,-95.66182218182128,-91.21855837122075,-101.12394977241078,-91.28788606001649,-96.84077743636428,-88.17947854138826,-91.3350102280241,-97.45146253441634,-97.50040339645716,-93.58259283129657,-97.55600602863225,-93.66986716300882,-95.42075903496251,-92.72914492664695,-94.69494955692637,-91.21787719382941,-93.45055775885305,-94.67757131042804,-94.90958511590975,-92.47187621950496,-96.90706720883799,-89.98993293815607,-99.76400707340387,-93.97936491036887,-95.74011954372824,-94.97413311418296,-92.5628783395447,-93.73709285628362,-96.81292118742292,-91.48789595798573,-95.02201942287422,-99.73961062103105,-96.98423192576338,-90.90957665504033,-96.4524868866584,-93.22799083053816,-95.99070132779269,-93.67325628688596,-93.04399805695489,-93.93418352861696,-98.04713397999362,-94.25482664715882,-96.00746581738665
2025-11-02T00:44:00,AP_5_104,5,104,BLE,5509.8736279463,28.74765387733236,0.1682801722356867,-110.822717973395,-94.95194979460895,-92.04321301484475,-95.48431153606366,-89.36301419273296,-94.83441825730897,-87.7966077206143,-88.24375247185917,-100.2526875591466,-92.35903597087807,-93.03018238330775,-97.12214771240725,-95.52577067524416,-97.6263419424424,-94.02732198517224,-85.28958172499324,-94.16028737804433,-92.19485826978176,-94.46617612483705,-100.39782274916334,-94.01026920080761,-93.0978309342751,-86.05504107682137,-97.02549737432578,-95.27876943942269,-97.27854681307552,-93.33896736816686,-93.65562013126282,-101.74396524208336,-92.91249582280824,-97.0465513647836,-93.92576290450151,-96.0948606046095,-92.19349243649303,-96.64082952186547,-98.05382576452068,-92.5969956515058,-95.51844474429195,-88.94910653153318,-100.43291750271723,-89.11556356869607,-90.63972680112813,-101.70922482421888,-91.45789554513806,-94.34840480893905,-94.47683983273501,-94.34615732670818,-93.35299985166816,-88.81955404331214,-92.80702879323175,-96.62845785464746,-97.3241087911157,-94.52324221889951,-90.45919706666969,-93.56923170239554,-88.9881460082678,-95.70655959873272,-93.24303180833002,-94.00069401007663,-89.02699302971179,-96.92442194668355,-97.36333427065226,-98.92483946638531,-89.87957098773161,-96.73012804334083
2025-11-02T00:44:10,AP_5_104,5,104,BLE,5492.453351129573,35.48885743713635,0.5756385485953455,-111.92167918301914,-98.10408514265256,-92.75788744423987,-88.59118997254915,-96.08807581213789,-97.67299511212194,-94.01117908610286,-93.03165214949938,-100.36859779231428,-94.88199935463656,-100.1541920386796,-97.6177611520627,-87.54335706685036,-88.87042154049414,-95.5505556067163,-90.1004469013129,-85.80911804102271,-91.64208069876665,-95.43410771128528,-93.07471395969823,-92.2446626101922,-92.744699307731,-92.8638989808394,-91.30598424803075,-97.01926530099468,-97.93136644490889,-95.36806064173953,-96.86924389009675,-93.59544310042692,-90.59033258423156,-93.84540132266397,-95.04397486249272,-95.34971409987368,-93.97360522503409,-90.28256327626971,-95.92578854137014,-91.68890775714749,-90.0207200968861,-89.84958982211464,-100.13492605405378,-92.28242217987516,-92.79799742958637,-92.75767241071979,-97.42786438348534,-90.04971903814679,-96.10910881399492,-93.02322707925299,-90.95472813863248,-96.69380104942721,-95.5624626501573,-96.81167287073767,-89.97757172807015,-92.52966955243586,-95.20871221546012,-90.53477777293577,-94.96453020614187,-95.44268339201531,-95.8827574707383,-88.22336935974836,-90.24232548263804,-98.67293675200497,-90.46337054310935,-94.16129035487214,-92.77181761862535,-95.75945561519495
2025-11-02T00:44:20,AP_5_104,5,104,BLE,5531.160064308842,39.134163306451605,0.30618022269896833,-106.53871573893903,-92.58080932828078,-92.28259637631169,-85.36029813519164,-92.3941381329521,-97.56551849243577,-96.86939945989438,-94.10708768573313,-94.2117331123428,-96.36605056361697,-93.24830718852348,-97.2601976352771,-94.87160970290155,-91.5862832979916,-94.85632822591336,-92.98516550534221,-99.28617334256454,-94.73868160285754,-98.2854933027029,-91.8031185728843,-94.76873342957938,-99.41245623864772,-92.87085138765475,-95.96022071527095,-95.4804777134882,-91.7757793408014,-94.86117850430962,-96.94967024256196,-92.95160167429904,-95.23716500274614,-86.51075594831217,-91.72581064470445,-95.91552013130128,-96.84331772675442,-95.92747567836712,-94.17269306103802,-89.08712831333519,-93.10538565633831,-94.51230349655062,-93.10001064381274,-99.38621611754556,-89.98184880969634,-90.21774817308003,-90.82954191077636,-91.51326796854894,-96.67837603517513,-89.80375962526324,-97.45492630105673,-87.71751289755933,-93.26393564760227,-97.22846266858393,-95.2143933207732,-98.54556847406295,-99.80841467725784,-94.5503617184021,-90.54517065126394,-92.90087665954142,-93.96992664014412,-90.96143664150121,-100.87654853199912,-96.27466302387546,-94.22142398249504,-90.49926401777469,-91.67014750139136,-91.31835151062761
2025-11-02T00:44:30,AP_5_104,5,104,BLE,5522.229393881446,11.463082547238507,0.6220434482790909,-120.08464526312213,-90.76386918232346,-91.86285219148873,-91.57170681362089,-95.55761459109264,-92.57927989608338,-94.16076387510354,-92.63111041668061,-90.55359826944883,-93.40091594423933,-90.86756260750973,-92.13035385145612,-88.6681572237978,-92.91513695815625,-90.01502360198955,-93.01737586962393,-93.3786365630318,-95.6141245472307,-90.34511222441431,-92.17520254849009,-90.02779240287543,-90.84995780858515,-93.57146016902293,-98.16950282814294,-93.50997465715446,-87.42848870561087,-89.42993251657582,-92.46811369917933,-95.47156353673111,-93.08098581650545,-93.94216615154177,-94.16111698643675,-91.71725219773226,-93.3853630448472,-88.42911882456737,-92.71010630795483,-92.05494537135472,-92.21071839878334,-95.61160357027924,-96.10931932190428,-94.79605491959406,-89.75989747449974,-92.73650418806875,-96.49721176256823,-90.7833811261951,-86.75836366600012,-93.36936415150002,-91.89036647086745,-94.46442498413938,-88.16109885155672,-93.0263186808227,-87.59330329562832,-84.90082394011479,-95.58110678132991,-92.06643942468119,-93.44362631972527,-92.78069056846564,-90.1414918998908,-96.89050513405401,-89.6108322202007,-94.55792926539871,-92.63654923019037,-88.27514592971824,-88.61596282803197,-94.43054984307634
2025-11-02T00:44:40,AP_5_104,5,104,BLE,5496.881373785275,20.094325903062703,0.2353642205227895,-106.43285185234097,-87.89514234597584,-93.76309456148125,-96.50512693233875,-89.48204641109577,-94.50600519026682,-94.45539510246782,-90.44843626319528,-97.66254295998574,-92.37252617160694,-92.03917613744376,-92.62855846078766,-97.21083902013402,-94.66580879969437,-97.13704616905729,-90.65225413715848,-93.42355870332676,-95.36428520467408,-91.24816105721366,-94.54087980942268,-90.21662804483958,-92.19895452936548,-93.19363542704471,-94.54915303412139,-100.17133460452936,-93.68035712688616,-90.83153917878373,-96.65881898683303,-92.5463337212115,-93.74030244777424,-93.91862567477506,-99.06180382923677,-84.89228100614334,-93.36024877288233,-86.73120686169355,-93.63224860736474,-92.11033689769826,-88.68870572335672,-89.54437037467434,-92.34160139065902,-91.56906863464242,-92.71337657086733,-93.75675108073834,-91.04415013081287,-98.3850536382723,-95.16274343972405,-92.28471734239075,-93.90270557659116,-95.78394991106545,-89.5733520014997,-90.9425616813555,-91.9814081861707,-90.60994288129065,-95.82928659783082,-92.67161016176746,-93.45148584303287,-95.76897200229527,-93.9870154098459,-90.40772747756766,-93.48687993874532,-94.12501764729282,-93.81973747304207,-87.48351668898178,-91.44945964685864,-91.18451890361047
2025-11-02T00:44:50,AP_5_104,5,104,Radar,5526.13341805488,1.0,0.1785094753061254,-115.06479466614056,-86.05640538382713,-92.57048334006745,-91.10821854280317,-93.00620308699416,-94.73745360990948,-92.16918272613438,-90.32222032159369,-91.5417523731153,-92.2219868925714,-93.14747980574732,-92.48902087070653,-92.3256885279132,-93.9819520620497,-92.40026465157314,-91.10485089432558,-92.62839720626233,-90.64622310520157,-90.08637455166343,-90.96915887622967,-91.89467913837228,-90.75424730199512,-91.39677575397621,-94.9201596448291,-92.1945364667075,-90.67704317574199,-92.61604764697506,-89.75115681257823,-93.20342257077223,-94.02094014213145,-93.80026219971954,-94.58041107839357,-87.20453762285419,-93.59345814994788,-92.75876403811904,-92.42507893362023,-92.09919206306644,-91.12903699867225,-92.93492206689287,-93.23955446398705,-90.14012638763766,-96.62828766399925,-94.13180252324013,-95.92631232145682,-98.16709848837138,-94.23367979793687,-94.83689479464716,-91.47801901357187,-90.9054667553996,-88.08872705407533,-90.44221489233126,-95.96995619513368,-87.45606903877058,-94.03491509313552,-97.27549987522426,-96.42805474422985,-89.18905699554509,-94.86853822553736,-93.41700916079554,-93.93330426941579,-91.08169200671418,-89.32487862677904,-92.10775091787005,-94.46059826446093,-90.62974316045936
2025-11-02T00:45:00,AP_5_104,5,104,Radar,5522.8171570618615,40.0,0.05349228310104816,-96.06169527962585,-97.57477367200775,-96.7222413323358,-94.67842533428576,-91.56142178958318,-96.36303377849451,-93.44331718610121,-93.35443353585867,-91.98751956004065,-92.75035442481106,-94.81547522151236,-95.4428026164984,-96.09367228282635,-97.79676958382716,-98.9217293467808,-101.21108966879508,-89.7330931492872,-94.64917434620502,-98.34696614067315,-95.31790018271927,-93.60952034715177,-94.74589339244118,-99.10361465114538,-99.74493915100861,-95.93653904960317,-90.6082266741699,-98.13411845691195,-98.65556770074264,-94.97823510846426,-94.6053471317897,-92.06634603195575,-95.0535338597692,-100.50931536409014,-94.33376818924356,-87.84671342405163,-98.1217972389283,-95.33019194909807,-89.70384392567169,-92.38300308729231,-101.38119808380657,-94.7121518888774,-100.36402901021798,-95.6321695608436,-94.5544855779948,-96.15355603219545,-99.39213564685416,-90.84378749806547,-92.63616739897753,-93.1659197385318,-96.30716015307732,-97.80117632976209,-94.95530907588586,-93.41180525475244,-98.41947387318918,-94.90404695374626,-92.73937591688504,-92.61432096634127,-93.74537155017723,-97.73062508215878,-100.83756723555193,-94.79197915682735,-95.83162226041206,-92.25334665591554,-93.74507882877039,-95.51156190568959
2025-11-02T00:45:10,AP_5_104,5,104,Radar,5516.377443991469,5.0,0.02343238577964827,-116.83236997726561,-93.58354532284467,-87.4946177942945,-93.61023442782061,-95.98047281597354,-94.94592699163849,-94.87425006472445,-88.62954419518597,-94.39111349904522,-89.20445612930386,-94.46586587519823,-93.9686974420676,-95.84790239682474,-94.84982691215119,-92.90559126859522,-94.98181419098225,-94.52520380507838,-95.37069502567688,-90.02799633894608,-98.03224631712762,-95.3897471185211,-97.78411136412767,-96.82557801373994,-88.7278986292753,-92.56675195466913,-97.8137963087736,-96.15393620201631,-94.88548551894453,-89.85863860386162,-92.87664216230117,-93.49346129035014,-95.43358264367568,-93.20997221122957,-94.31530602572555,-91.3650944564165,-96.99658025466006,-95.1570693360703,-97.9693660711745,-96.14046530180325,-92.51652748369654,-96.06142048408674,-93.35122911528234,-93.58477169298637,-94.6909142161147,-95.61274839928427,-91.56424030576362,-94.7792530425728,-97.66979450870099,-93.45629042600409,-94.72334703696293,-98.72647319588692,-102.0802213190902,-97.09010407874533,-89.0887559593325,-93.42192087855804,-94.31649924933915,-96.94844685007897,-90.13008626001412,-90.92143839089485,-93.94546130154153,-89.5863292295951,-94.35449520671993,-93.11657146243958,-98.38346432791673,-97.95328141729595
2025-11-02T00:45:20,AP_5_104,5,104,BLE,5545.746602852752,19.66525095804115,0.6484570889384569,-128.16531013961077,-96.5340497065083,-94.55170790220039,-96.03046760941045,-94.86539110224652,-89.77600903208207,-92.19327807494295,-97.56287793428214,-96.62655776618702,-95.10609679592756,-99.95095388167655,-94.89646704843658,-96.30163803002517,-92.85901060846928,-97.38160206924103,-97.8658529357474,-95.23278795593556,-97.01950045477903,-94.44102737746195,-93.87218280369282,-94.42145980607164,-93.0694258582727,-91.44425078523332,-93.65791195182135,-99.09416194215352,-91.97892140572282,-96.54685585897732,-99.77916050618948,-95.98748195635683,-94.93744567571441,-97.11216504497237,-99.35515752470103,-94.44177545444975,-103.11315105314765,-95.524068479468,-95.7010662730527,-97.93268974003585,-92.79779820152469,-91.47957695628712,-96.19586095419878,-92.35355438583922,-96.93183357239256,-94.64216023943982,-86.90337046592374,-95.95170581856229,-94.73891653485788,-94.68195078217785,-102.51706446099496,-94.75120094775205,-94.82792845162152,-92.48358233476456,-89.0130400236949,-90.51569003767437,-92.4598979296955,-93.81618211207052,-94.2946047470992,-93.29761169144288,-94.97720506876232,-91.5693067684501,-96.27552090828836,-95.24068722351954,-92.06871102318034,-91.76765163886608,-97.89038306989409,-93.2613557365373
2025-11-02T00:45:30,AP_5_104,5,104,BLE,5509.705968389772,36.246148032647845,0.11433106353822901,-114.23956622256387,-95.40152149390404,-96.1770952866541,-94.96001489107132,-93.25236217538185,-90.80653041251307,-92.41572838824506,-94.50543447091736,-93.53660103478057,-98.5195945209756,-97.36731896817503,-99.82385133299364,-87.7985664754099,-93.57038025372313,-90.14086658745387,-91.69773189115077,-98.44975443689638,-94.13924915552397,-94.85401978228853,-102.05003745242055,-89.28836934211584,-96.8067237480131,-89.74819380854241,-97.79651150591211,-93.37089060782483,-95.240948384734,-96.75004276475455,-95.4941576569098,-92.04690074329888,-97.80734599237131,-93.66778098554927,-98.6870874672994,-97.3263195738288,-98.4788563171515,-104.1656032936028,-95.86129985473283,-90.63237626911575,-96.25490692065817,-88.60369362432623,-95.45354269018723,-96.22636487331653,-94.6259264572547,-93.42251661644713,-89.78807692637241,-97.10186185243836,-97.28905787404683,-95.43822690698043,-94.69555861213513,-96.23840850451474,-92.1751897902478,-93.98649128601369,-98.0613701674848,-95.92597763121886,-92.79652137964531,-98.16071445163504,-97.50634588627715,-93.5128615220234,-96.29737485450912,-91.35829118925749,-97.42886966100278,-93.30524014249674,-95.39793198391669,-93.04749973208783,-92.47184521289421,-90.97985476529749
2025-11-02T00:45:40,AP_5_104,5,104,BLE,5517.066110877018,16.241582304593486,0.463843089639139,-119.95933223841308,-93.11394551941017,-92.83595091367133,-89.01699205644137,-94.57070751345334,-96.54444775337876,-92.23114558780324,-95.59609503837757,-88.53959717063921,-92.77744356399884,-92.55728700293272,-96.03549424027321,-97.8822560874511,-92.01310682343751,-99.77174715614578,-97.76187586115638,-99.0388441623395,-92.95027756149578,-100.081141021678,-101.80267227006541,-96.16294978396367,-94.92172434226254,-91.89107793007005,-103.55115837946609,-91.27292392574913,-93.33918168132163,-93.79647856392302,-93.93971223673192,-95.52057139477017,-98.96473100319668,-91.95071859910347,-93.37807671400658,-98.18951948737079,-91.23917652481497,-96.73570556999645,-97.2291736011009,-90.77407200771326,-95.66614889512769,-94.54451009572057,-99.57869763065369,-98.0478883894292,-94.64739653341815,-96.85732413689323,-90.95250425541857,-95.53711760502122,-98.17551199232706,-94.67228193369527,-101.8290954699746,-90.22768342385965,-95.92463457455347,-94.23766620021811,-97.43268375983654,-94.24907438668139,-92.27976505464108,-92.9116412126438,-95.10963053890205,-97.47968229409199,-95.76173377436885,-99.57187494773925,-94.04225968314597,-97.9572071031916,-91.80028312666796,-100.26510146191134,-95.27955748417727,-93.4450367667349
2025-11-02T00:45:50,AP_5_104,5,104,BLE,5514.519306282575,20.275415283563504,0.4175933422303311,-122.58070805639471,-91.60563849980899,-99.61361281140017,-96.3450805467234,-91.82914127532185,-95.05322192304278,-99.06920872680233,-88.60383789085382,-93.95740388728434,-88.53681395225898,-99.84686365900247,-90.86929297837236,-98.6884496231332,-94.85885099922793,-89.09012870484688,-90.48796882432428,-90.46474053782207,-92.43765826167753,-87.89729334783311,-92.88801085433816,-91.96316165067229,-95.58219138978819,-95.14250963694941,-93.84329402355732,-96.46123137152156,-90.10214136169793,-92.72700474766114,-96.4613214671247,-92.14159817911481,-89.26045357134302,-92.41728040798617,-94.13502779068058,-93.70667726724426,-94.88495017525085,-101.77627727229304,-93.55117345081189,-92.0321322895257,-87.25630003622501,-95.76671943757145,-91.15224855090409,-90.60040419557119,-90.74666360888897,-94.8418929050836,-96.11169795413538,-93.12811698991648,-95.34631157478994,-91.26991513232208,-94.64164751695026,-90.16131216785057,-101.15268418151794,-87.57605416527909,-92.52900922160812,-93.38685357561144,-97.07475777123925,-91.41568465929937,-92.31989946846025,-99.71574639612356,-94.00749005862788,-91.00972628864358,-90.10023488493715,-90.84167833002122,-88.81664417920256,-92.43048334885935,-94.20458955365925,-90.26197858135455
2025-11-02T00:46:00,AP_5_104,5,104,BLE,5503.368590620649,8.730646544282372,0.6534341730546958,-106.67453363810837,-96.9395898464599,-99.52026703154488,-98.04332475175885,-93.52918044359956,-93.74658355558931,-94.53236427319169,-95.39579437238585,-91.10822700098359,-95.27743685510708,-96.69129995535515,-101.20852488378733,-96.44597825606961,-95.1426777200307,-96.7459349575935,-96.97393199482796,-98.68248778757606,-91.33830750531261,-90.80688591210097,-97.08672797812818,-97.01177392414984,-93.05921516993071,-101.34672338562054,-94.9880264767326,-95.58144318628581,-94.17276821453493,-100.82185172432497,-96.099699470402,-96.06756055541202,-92.17282862267224,-92.934910798687,-97.84390331591304,-103.99225651054996,-101.06161761224237,-91.56796624221379,-99.26799469328508,-94.24373830047826,-97.4765687966385,-94.27569655932415,-93.91322751914792,-98.10274270660634,-93.87122000151258,-100.1510880342135,-98.60214133546243,-97.29253051304079,-94.1093591244277,-95.23412143159128,-93.93168905602954,-96.37931566636948,-99.9594121215729,-99.11927033981178,-94.85127453356336,-99.26376357345372,-95.80783507356223,-91.59524324300784,-95.98878849754385,-97.75512372358888,-94.62835567478918,-93.17088625537576,-95.6051353454812,-90.5675189093767,-99.76365825572505,-96.32270630967268,-97.15178517447582,-95.27533288468516
2025-11-02T00:46:10,AP_5_104,5,104,BLE,5494.3192166255285,6.950947381176069,0.7737595878047214,-128.23371615486946,-96.88916595231287,-96.91963624658912,-93.70565812821677,-98.84181229615172,-91.21352758479796,-95.3211759866206,-98.43278095148992,-94.41449183267218,-92.23876053227227,-93.47286317781615,-87.67853674223787,-91.78656087060483,-90.41337846304152,-101.37964342557902,-88.88096042649728,-92.40805773567531,-95.94443752520785,-92.36731800715042,-93.70147582859865,-92.46455781277831,-96.37133450651984,-94.54841782577655,-91.70140857198373,-96.66801868580495,-91.83608610488751,-88.52792710037578,-95.22866287948511,-93.17671663737718,-93.8545084339756,-91.6865571758951,-96.04527956778426,-92.48248296717831,-92.61092127896346,-94.32928138597511,-93.67876124387627,-91.62443349399166,-93.26579786114061,-96.28335593655078,-92.5244718830858,-95.88749337408942,-93.17011367431698,-85.82651264929387,-89.76692859779098,-94.03996070073487,-92.0391889410272,-93.80565695430903,-92.27278190994697,-92.72551860546803,-93.42169646938564,-93.4647921138743,-96.30674144011397,-91.23423185709407,-93.04469360096043,-93.84160287340353,-95.59771001344046,-92.68457778156159,-95.18656163192483,-94.32927256152814,-90.3689248776751,-90.29078025976283,-90.42510101275431,-93.86358182134988,-90.90708152842512,-90.97728016112305
2025-11-02T00:46:20,AP_5_104,5,104,BLE,5505.499172222284,38.2983558552058,0.0737530609304569,-111.28809015772474,-97.1860736175414,-92.11980827238992,-98.14997656083906,-97.16774653459035,-90.36017831838682,-89.82858859350912,-93.57087487796444,-97.06967955001402,-92.55366875845091,-98.51060345432086,-94.45455530942559,-90.31735419325335,-93.093364179069,-92.90951520351203,-95.77057513600893,-94.83771030692601,-95.16871979045656,-95.20815396807386,-88.87015327154958,-86.14458811489428,-95.9228892479752,-92.2377984810645,-90.50023016438858,-91.47386146913607,-83.61741524975402,-96.64726217862002,-90.61300509432773,-89.09870773123654,-97.41819394626027,-94.25496898932349,-93.49115701745839,-97.61686683078605,-93.86748205048187,-89.96570024629803,-91.71102708069557,-99.02296440497429,-89.4212729851126,-89.15263744808604,-90.93962900512827,-90.49660389736297,-96.83375782577147,-95.07687670063375,-94.82222567912868,-90.09211279615987,-91.23630986385324,-98.72761140591089,-98.69641996149153,-93.28078954879533,-89.68725884938276,-99.72798843264172,-93.5094371523583,-97.89408966902138,-94.42416499645182,-94.90177131186854,-93.60058459166356,-90.1312912560948,-96.02870232454141,-92.6944222310963,-87.9975812438614,-93.12644380063111,-91.3358971148966,-91.11273339486077,-94.88373253697424,-95.19123375076292
2025-11-02T00:46:30,AP_5_104,5,104,BLE,5536.333352128275,34.16519834698857,0.5469866793356832,-127.48140399656178,-94.5443678715375,-91.5160652415938,-95.78113311418996,-94.923379990697,-90.96888216165105,-95.12461476139678,-94.34921097911092,-92.33360855708929,-90.8092467469632,-88.36757828232987,-93.37325092478162,-94.07825609534062,-95.6745905529265,-98.1951982250314,-97.17024990422128,-93.66456851566,-95.00826958827066,-89.61733554045948,-92.5981464570875,-97.93959706690154,-99.08353822687057,-96.7290439234259,-95.33908635992636,-90.7907070971201,-92.7421577232729,-87.88478866692786,-89.1036089612501,-98.25343121851773,-94.79030321377358,-94.113472900966,-90.49494281983375,-94.01204349087573,-96.13290890664307,-94.01649315002815,-88.4534356162253,-97.43664285037893,-95.3367437999602,-94.40355029069019,-95.55522808931116,-96.69132426999622,-94.79371778503956,-94.20817432570979,-93.83290887126948,-93.42199258425194,-97.05145832176844,-94.76561384997267,-93.57597609315971,-90.33698967064785,-93.59195646238571,-94.36716657980635,-94.10352318536245,-93.56323997963226,-95.22373053224844,-92.29182163945772,-92.98251474715205,-95.06035807878979,-89.7314078967172,-95.73469488110796,-94.83683524211807,-96.70576770063411,-96.2724449699356,-91.28738544646258,-94.69669263509357,-93.31856836792284
2025-11-02T00:46:40,AP_5_104,5,104,BLE,5502.600958672683,18.136993059032438,0.6058415725611911,-110.06077737088714,-91.03088303510556,-91.31186866748723,-90.41918892141685,-95.00427996168045,-93.80224278786538,-92.73341859305175,-95.18020470684229,-89.1287288060356,-87.25112287838644,-93.25200520415707,-91.73461826641729,-91.67360982588143,-91.20841402954743,-92.28374822249278,-95.8609399880476,-95.02323156094208,-92.60750038970201,-95.2568296669273,-90.91947904553165,-93.89517481211163,-97.1073633495694,-95.03691026428544,-87.80531119479336,-94.48743888810259,-91.56765302913172,-95.75734222314571,-94.24594714138408,-91.7155446664529,-92.48836332007532,-90.72990507567002,-91.83491321584108,-92.00432835269456,-87.94128452175468,-94.18788629121042,-91.06783322762072,-93.34580502417066,-96.33916968275646,-93.5534899659587,-90.82511121468843,-94.04091059227572,-91.74432565883755,-92.68517265716476,-86.62352323009776,-97.80183133193357,-100.36532423304683,-89.3154776301062,-96.68819650527188,-99.7105845119221,-92.09441652948476,-99.09496263716444,-95.09908917694042,-95.2606652932464,-93.61043044641333,-95.83406488602026,-94.14658070711917,-94.86551723254904,-92.30691694361698,-91.82868307689962,-93.66447113414327,-90.75618057498016,-92.50368962299865,-94.69934688002122,-93.83844238340085,-92.98321643612401
2025-11-02T00:46:50,AP_5_104,5,104,BLE,5542.060890547376,4.5825979812116815,0.28596789294408936,-104.22751773222687,-92.25489950991049,-90.32182257649362,-93.0854743505267,-88.85719830086352,-91.43417277368852,-95.48104368590812,-101.30017036401152,-94.7488919045839,-91.81428473990339,-92.25217411711283,-89.87342463722739,-86.46602644777599,-94.30158373738958,-91.51343933445621,-89.09177330123741,-87.62675476396117,-93.84568942049935,-94.08569349512231,-89.91168915619251,-89.75269166363503,-88.38412381566478,-91.79172091597691,-89.91580015542687,-90.33148977294434,-92.30215839467232,-95.82409471791435,-92.8458096868026,-90.42449788015759,-97.75658014429939,-94.03284240303554,-94.62065298582314,-94.39434579647848,-92.52136888953459,-95.73278718400358,-93.95088537440124,-93.84671940780488,-93.2294586773121,-92.15521891825485,-89.31433111007061,-91.96457483377507,-89.68340830794155,-94.32228958943898,-85.31738340774123,-93.9054653791675,-93.13010187366956,-96.9245149279512,-96.73717630913006,-98.81303641862671,-94.30734504790196,-94.01542464595289,-96.99403708428,-93.32145617799299,-89.0367242672967,-86.40614936325872,-95.25822886007902,-94.7585424404367,-90.16147437443955,-91.1503721216668,-96.3150912003213,-92.86158623253814,-95.84889250833015,-91.26591241652521,-94.34356641754617,-95.01279843618804
2025-11-02T00:47:00,AP_5_104,5,104,BLE,5523.425792411771,7.271501757115646,0.09097718408981724,-128.3265137305425,-92.73278383555314,-95.89874584529518,-95.1913863848214,-89.15067109326903,-96.71216308269736,-94.80524921587818,-89.61358949284902,-92.56834911293687,-89.6828995682776,-94.68918692293022,-88.59078872724359,-93.4990811413461,-92.32624721968646,-89.85087256553436,-96.75603269730789,-89.54883222076857,-94.03762535989628,-90.53847041833552,-92.1787675236967,-93.22605202440259,-96.40598416353744,-94.4083693293092,-95.58521516335996,-94.26429637906361,-94.47693170111665,-95.50496876958752,-95.4220104431846,-94.58903799151345,-92.31288890580934,-98.11782895974635,-100.89862547328924,-91.5782927275637,-92.28361042070537,-97.19977532831247,-95.90754521836573,-96.38447409661332,-95.53856848885268,-93.4151505379432,-93.5201086587783,-92.14858936286082,-90.64241012648064,-90.26709408176745,-94.36281783660337,-91.4721349273565,-96.08709756264231,-100.3223622823217,-91.99529472915319,-94.5920742653908,-95.40625204726362,-97.64583880180423,-100.16732186549527,-99.08055671660313,-92.78411906036438,-97.94757119227832,-95.65355699307845,-94.80879950350847,-90.96374067096582,-97.3623702851994,-97.50992970244522,-95.56454895803226,-97.48666207413483,-94.21632801108709,-94.45120863059348,-93.99133022797034
2025-11-02T00:47:10,AP_5_104,5,104,BLE,5502.188079921026,18.796900733783428,0.7990296890946611,-105.06974625104829,-94.15002488848646,-97.57192766142082,-91.7572762074201,-97.08704902548081,-95.23222020626176,-94.05951672524536,-99.93416827091954,-95.49817595847196,-94.9516829572374,-96.91353122144147,-91.88253969757037,-93.84980943002991,-91.97560336681005,-97.07387681807695,-92.48950682126028,-92.55537610653575,-91.03975426191965,-95.74063970357372,-100.0027107435096,-96.24368497215833,-95.04796281737767,-96.16733742602185,-89.97651655717917,-96.73906854769481,-96.14187916174471,-92.69525249753919,-101.92876287286136,-94.91635203736304,-97.96456949761902,-94.58798333541567,-91.82515985902228,-97.59749792728257,-98.81773275172141,-93.16118250329846,-96.98003268666143,-100.76791782226962,-94.1816972603033,-94.6409278694538,-95.6628591765321,-93.82151301787593,-95.46570940901601,-89.96573106954312,-93.97492523834633,-88.84254850936028,-91.48835766356954,-88.87366863455864,-95.23514985460211,-96.59812322326003,-98.20489435024261,-96.12363888438658,-91.5444075226069,-93.25488314677386,-94.894966461235,-90.76267983968032,-89.41637986673257,-97.0076206533921,-99.14519010289504,-95.34783846865274,-92.97539897830997,-92.31035127906856,-95.85777153849217,-100.58996183552215,-94.60887695594701,-92.73347869682753
2025-11-02T00:47:20,AP_5_104,5,104,BLE,5513.4821655319265,21.827528947927348,0.7408722742221274,-107.0777868990873,-96.25584419846773,-95.98052255316016,-96.91672668379779,-95.63234573727718,-98.34659485492236,-92.85308956716534,-90.7728953924861,-91.01914085452985,-95.97471011262245,-100.69312656151747,-93.65203756942014,-97.44412913801759,-94.05269824822479,-98.52428138085796,-96.95953815703051,-93.61246450266253,-92.21582923512005,-91.17289497383076,-98.60775697706806,-97.8257862526124,-99.57844086429942,-97.17273751462676,-98.85794036448036,-98.75544010245333,-87.41813560938222,-98.1933720300286,-92.62444909265287,-97.21005697405651,-93.68858004229634,-96.09269793415176,-101.11210598098873,-93.416588883987,-96.7567538326038,-98.16850765459841,-95.80532970997353,-96.56320361965801,-92.25306881240039,-99.30112169957783,-98.41224550911514,-96.8968082268687,-97.46645570952725,-99.94398115945818,-92.92347164634799,-96.73848332940952,-97.69129996339001,-96.5452769438597,-99.74419361682564,-93.66605412885927,-95.51684055200128,-99.3826103383493,-91.25418980139152,-97.83252337382379,-98.7375061752544,-97.60066005504443,-96.78422783866144,-94.37491627631914,-92.26530150173602,-94.111321008549,-96.27723465634952,-97.90249142915941,-93.27942149606345,-97.56555219771857,-92.24209133534795,-94.72065970710142
2025-11-02T00:47:30,AP_5_104,5,104,BLE,5538.454037561771,1.231166703520321,0.06890954493913275,-127.07843347195094,-86.62917533900428,-97.55849444671637,-94.25676916682234,-89.83723819496635,-90.42674746169263,-88.86122593254866,-98.1697246191361,-92.00798740524806,-95.47843519301145,-97.20665106660829,-91.29707669787919,-99.03155755568663,-93.7154512341207,-89.03450946027318,-89.91276344592163,-91.53556559563313,-92.49374792265951,-93.36399121409126,-91.7951904661212,-95.78674368526374,-92.08976958442236,-94.15270001212005,-84.2974024183379,-90.76912405362773,-96.83648546799596,-90.97798227018615,-93.24105630017209,-91.2278067269362,-95.14018557211335,-90.76430532799935,-92.86462745927207,-97.13560957303363,-87.45907245745921,-95.41332583920824,-94.50006977038878,-91.44700407921917,-95.70741257810013,-89.94248959945094,-95.42254311128208,-96.01945461940358,-93.22492033225569,-90.47559488065194,-95.20026278745964,-94.1599421773059,-87.31734255550535,-96.72707793248935,-92.64944421621674,-84.66095928993258,-92.2342465569536,-90.31490112262408,-93.97062603472367,-89.79111227377497,-93.98505117782764,-91.6993638448411,-98.36089117870804,-101.01147530670613,-95.25323866855486,-94.72822900226022,-97.7908919031543,-92.56297846958219,-95.41258708206587,-89.73641441707906,-95.42016123766679,-92.53516690585704
2025-11-02T00:47:40,AP_5_104,5,104,BLE,5498.665595225138,1.6544598161368955,0.16566162647866806,-125.33304272146428,-92.23667933716011,-96.15485888213968,-98.87944717891958,-88.59286696162755,-91.47881630642897,-97.26772416416246,-91.25481952704912,-91.68281495143994,-90.98159259879391,-95.50186050477707,-97.00982670744945,-90.88672059845163,-92.64283765299206,-88.61646327534771,-92.98958377091691,-90.86120966721428,-94.92203336624611,-90.63196886018058,-94.17967840645248,-96.29400579156963,-94.98856964889457,-96.0440872012132,-98.45641124658363,-95.39079339550678,-98.35861124083127,-96.17986372763889,-92.39620612609309,-89.91544083753078,-96.55224127261596,-93.63532848501193,-91.98677537983448,-86.41024889889026,-92.25036524256625,-93.98363759409136,-88.45940590133867,-89.05957792959886,-96.75046348367525,-98.24482864628654,-92.99615171491888,-92.48338730051583,-92.48718956628653,-96.25241407191821,-94.52127271406857,-93.15071531219651,-90.90324041687386,-89.78820454193018,-91.30433438695849,-91.00114292855338,-90.52316001120548,-93.46917943007938,-98.2581346805647,-91.42960866304527,-90.81384343605013,-88.40207282045266,-92.47610329053032,-95.68684031022197,-95.66512685641507,-90.2638798299149,-91.4801369482434,-89.35417195538545,-97.29936342726344,-97.46127833436651,-96.72341349255186,-92.40371928282644
2025-11-02T00:47:50,AP_5_104,5,104,Radar,5522.38147636054,5.0,0.14711157746361558,-106.32186686864137,-93.31748922254323,-94.61214366231614,-91.63378921121168,-95.85160183482202,-96.14556194045691,-96.89140456852724,-91.35005465767128,-92.8763700946299,-87.70712969445667,-97.05569573903172,-96.64056995915871,-95.19691350363345,-93.41904402706483,-90.75515991038591,-92.25241982336097,-96.12971514298427,-96.88904615917798,-93.84017265640297,-91.86551444351903,-94.25841481007565,-96.01614207578334,-93.30300659328485,-90.34786836232057,-89.4141474020782,-97.64617427907159,-92.71943753308518,-92.14142664302825,-91.35157220821031,-91.39279743167297,-96.61349625302108,-90.92555015769584,-90.16207423442383,-92.33826811704729,-92.04204385099564,-92.02636835761237,-86.86993811559284,-89.96158269262841,-92.6765982540817,-93.9172019060226,-90.03407687978738,-94.75355591965327,-97.88577265633495,-100.82752209754788,-87.78711545813593,-91.03571962385816,-92.54806818283787,-94.0877214763282,-97.93783505731543,-90.96422362260556,-92.54572861197725,-89.00815616005269,-95.49063700819241,-96.40856483429415,-93.81568949733007,-96.7326987705639,-92.38386232316942,-90.39206358104266,-98.60261624388437,-90.43822924962345,-95.01497068675124,-93.02376364530356,-97.07708509930477,-87.53760231893045,-95.76818501435432
2025-11-02T00:48:00,AP_5_104,5,104,BLE,5534.162238382765,26.628707004498054,0.27520770621698265,-113.53482781895069,-95.78479559520937,-90.33100334265167,-99.99947278375801,-95.79218468527273,-92.32204024760452,-91.40318217635665,-91.81707576581805,-96.13745232620532,-96.09470474071694,-95.17419274525257,-91.18632874484716,-93.12817692221077,-96.16052088548723,-88.95991975338964,-96.99162231462309,-92.31596989500876,-91.85920872306626,-93.19314001865149,-92.65213449300562,-95.8380386182637,-94.32002230969103,-92.5745317497763,-95.52241880435255,-96.42191353202875,-92.12521057882778,-92.28458304396659,-89.82093851217557,-92.72776262815702,-94.88356031984678,-95.51594484745193,-93.96071621996322,-96.3361618520544,-99.64606231739667,-91.88457763873771,-95.05868013620407,-93.42726713500234,-92.3066465639715,-92.54318268012769,-92.11803905201323,-92.73068873651258,-95.93446412186914,-94.40823428694007,-89.15111902139317,-93.90902237825355,-91.86989674790165,-96.24875777764058,-94.86228137082034,-92.16756766895897,-97.19822364758893,-95.5284294782917,-95.33756457731873,-93.37449492649363,-93.68274662002791,-90.88851874187988,-92.44393495121477,-98.40865340776496,-91.4179043995822,-96.75387549289678,-91.1989839062077,-101.1669580170298,-95.4381367252695,-95.57727342034482,-95.14073275829197,-95.73057017716339
2025-11-02T00:48:10,AP_5_104,5,104,Radar,5511.662737167336,40.0,0.11374379758139862,-94.33123582966947,-94.46206981264815,-99.39419613375021,-95.63417141259058,-93.12746629176816,-94.7408832693283,-97.5546621624125,-94.74044213517644,-93.47403549071328,-95.97889085145782,-98.82302039280881,-95.15166574179183,-90.23744073751357,-95.6421812057062,-93.08505595980387,-95.58556564168654,-96.1463060077443,-93.66054202194542,-90.93521898484536,-94.58894096082959,-93.47516117041965,-97.70432247022053,-94.17400061654416,-93.26809546089282,-94.64647146149709,-97.48284511008437,-97.76949250487793,-97.04937970819466,-93.5595349820571,-94.93082156817239,-102.11871532190428,-93.06581415564837,-91.24164768233872,-93.01099505329724,-91.92022172729367,-96.20518117199546,-93.84075303864572,-89.29503818368985,-95.26026656792914,-93.35738521481161,-95.71043432297645,-99.89148062936165,-98.25714032420125,-96.30621400380188,-99.18262580331921,-94.33249533203724,-91.283152567214,-91.09294863327574,-94.74891211998279,-91.3901167665162,-96.88934914500021,-97.7906736023821,-95.3131053514033,-97.47139105208886,-100.31511576225162,-94.1385260904054,-90.67299782725696,-99.47748076089525,-94.73344227154222,-97.62448537104183,-90.68915126106452,-96.90481150912072,-96.74352618817365,-95.26336666513257,-89.72275724531086
2025-11-02T00:48:20,AP_5_104,5,104,BLE,5532.325608470623,13.146945289365469,0.24259865457153845,-104.13769773305185,-99.29278537593468,-97.70354683801757,-94.86396728010995,-103.87287110418015,-95.19404664741019,-95.1569200107779,-91.70895333542863,-99.45990038475695,-92.7761986367745,-95.32324374875769,-98.44618742187133,-97.91976952728207,-97.62069947811858,-90.61446771963043,-92.5838722488409,-97.17779327188777,-99.7212300745782,-98.61132305721962,-98.92337400018124,-96.77484707170457,-102.61048859069366,-100.75605808758414,-96.68257166444165,-92.85485955801128,-99.01585618120181,-95.11765581020774,-98.61737133470803,-100.75154551021832,-103.20957594894723,-93.88849674745632,-97.41108106623534,-97.95375564741794,-93.86084715646209,-95.76018971649138,-99.17120180636563,-97.305388084331,-97.90732314334818,-97.78161932288967,-92.51892392471417,-96.30096282143506,-96.44018166327514,-93.3295435195165,-100.60434529054312,-94.98374116536932,-95.81548946835035,-95.1794634823876,-94.88278943473384,-94.9854274608606,-93.74229572064709,-101.33231113565607,-95.45764114209625,-99.43592163109048,-99.47384555771636,-89.5556222670005,-94.27597099240157,-95.71463078270439,-95.89207806576599,-96.63072132913581,-96.09186339682088,-94.57104311683884,-89.62569666624154,-94.75136618434003,-97.21931176572686,-96.02693136081301
2025-11-02T00:48:30,AP_5_104,5,104,BLE,5494.5906242294595,4.165903071922326,0.11834600766218971,-101.39362862224243,-94.89415417847486,-96.1139231449685,-92.1985171415884,-89.7351508463098,-94.26510229375103,-97.0531696120593,-96.34539617275405,-96.8108537467613,-91.97285750483613,-98.74451716984099,-90.95019082244845,-92.76567033110538,-93.24763212532594,-98.4460223207029,-90.3258638955047,-96.37135093423555,-89.50429727925737,-88.41164970313201,-91.91299865351638,-90.88070331099011,-95.37389591397417,-97.48150401283894,-89.50269910450808,-93.48152719621609,-91.41562831983265,-92.45826264448779,-92.24679460055485,-92.9699282397065,-94.64950540472442,-85.1450402018092,-92.08195100980636,-91.69733307666289,-92.4439443721048,-91.94392765510553,-98.81929710691801,-83.64864526943276,-94.87767649525749,-97.81968496830751,-95.05470649314161,-87.8297058821616,-102.84156382690038,-87.61274382190123,-92.07717608861698,-90.54117742746253,-89.43039572480463,-95.23511047915771,-91.87856991385415,-93.72888495461008,-89.62176026482928,-93.00328619287605,-94.03251786607069,-89.7663180374429,-87.01826147235526,-94.73218535687951,-93.59663245350488,-101.71441332901443,-89.2009616488136,-89.78371340245741,-94.30852730382252,-92.19228298155434,-93.12251823671983,-93.42279909942874,-86.98180942483064,-97.19411879177224
2025-11-02T00:48:40,AP_5_104,5,104,BLE,5526.724939549954,18.379402435489126,0.24223086439887426,-110.3465707575707,-90.49505793439246,-87.10706750248599,-90.66886357376929,-95.40026843167799,-93.83891096033807,-95.15479872782959,-95.35748192005988,-94.35094303553687,-95.60203256255173,-93.9762715535825,-93.01307216088851,-92.43467093898953,-97.76911182737794,-92.4197812340736,-93.07706463620512,-96.69916907344924,-90.20209061271548,-86.69780891238084,-98.30243054733265,-90.8147239309706,-97.85343319527905,-95.02572355645766,-95.08527873181876,-98.2999156793564,-96.7845390381455,-89.90801101614332,-92.44846057453513,-94.60827929714556,-91.74865322074089,-91.51145753314425,-93.60454539096094,-94.74352838395365,-95.97078977875728,-92.4139195120918,-98.42715625134895,-91.04504995537295,-98.5582512868846,-87.52602693656256,-97.67521411749684,-88.60855971523782,-95.99668870611944,-88.27786103380252,-91.69033397694311,-92.42072205808405,-94.35581944551318,-88.61739314298356,-98.25289845621091,-89.85681152805616,-92.78208628557825,-96.2110867844375,-89.93513996007825,-92.92564857891738,-92.8398679547998,-93.93737352767803,-96.08245850391343,-90.64198287826147,-89.52557727419027,-93.07412397616197,-93.03482116905441,-91.19802775816363,-92.49701971997624,-94.28437481109577,-92.86281361080539,-96.88703267954581
2025-11-02T00:48:50,AP_5_104,5,104,BLE,5492.908199717572,26.345775086959378,0.7820690997490118,-118.12904827201154,-94.4617330047521,-95.00569388385661,-91.3753568569238,-90.59357241066226,-98.40672560754133,-97.67730926108243,-90.71898492897004,-93.8241124739312,-95.88091459803786,-95.55432776280483,-92.33438404462864,-95.28970768477116,-94.61599192867595,-98.00514199634947,-91.36785155251445,-92.6706636810417,-90.36559794138552,-93.16566916783266,-97.97010095589575,-92.9567902567554,-96.46893002828138,-86.46495869206261,-95.57437341830597,-93.89669917767382,-91.95207641315602,-94.76887592522283,-94.66188826018778,-96.95165770641889,-94.62901763571051,-94.88799580136595,-96.3330724854426,-88.32885555658241,-90.7207495679107,-94.49039554558287,-87.67698203877396,-88.48237530135626,-92.2639120043283,-94.70022268053974,-95.76186474917935,-89.25623694679607,-90.6485517959775,-93.1955830558452,-91.81725823704399,-89.56328909226171,-90.95622930165901,-92.26663479126564,-91.03242325017408,-94.09293163957167,-96.27037299394713,-94.83394096543296,-100.17031446287875,-92.49446003527689,-89.23609761046701,-92.80401383465039,-91.703775557045,-96.02350341075002,-91.0509828170715,-91.55098087200454,-86.78615948959306,-88.60788537718379,-95.16159119727256,-93.43205393807091,-89.99931978539574,-89.12265104922596
2025-11-02T00:49:00,AP_5_104,5,104,BLE,5547.584095697635,38.772357822603254,0.42250017617953267,-129.01286193970068,-97.4991335474889,-100.71934054386112,-93.82835380687875,-99.34779457995883,-101.2483112082696,-98.14787854412145,-91.47541271201456,-93.22451393202772,-100.93156133212827,-92.42020864421465,-93.8574896808558,-97.88302774049072,-96.51422856417368,-96.39264402058312,-95.51559679649694,-98.21631622467277,-100.17308376977968,-94.23005728405639,-95.34986860339714,-95.02192591351195,-97.15378926379971,-93.76627264201524,-102.34044127097914,-101.5530614790899,-99.42870062913903,-92.84538099272812,-96.83410492154525,-102.34607003327902,-90.79261052787629,-91.11392759410371,-95.23338737308079,-97.78923805181107,-90.6136643511472,-99.48735027000762,-96.73388404356193,-98.18908405752053,-96.57656269685306,-100.37423249554429,-100.18303020079139,-95.53155980797987,-94.66434469619978,-91.87843930724308,-101.5258844685051,-96.54399893908035,-97.27283827136932,-100.61639887536593,-98.37983746695565,-93.54807103565858,-98.43834815912855,-96.85096084050022,-97.69300390692554,-94.49479619751006,-97.95315565720972,-100.2978564226726,-95.75119910195241,-93.41031178030462,-94.808332195131,-97.55329830609463,-97.19182072921235,-94.58035137459571,-95.02239337519345,-97.00245413822186,-91.81173038673978,-95.00142303764277
2025-11-02T00:49:10,AP_5_104,5,104,BLE,5530.179578037136,9.934023605623171,0.16542307111050425,-115.44426482638738,-92.97071327287811,-96.75213237151101,-91.28480182533224,-93.31698335784002,-90.96809160583052,-89.76302344736801,-92.6327102674407,-88.04439172557768,-91.20643839780635,-95.00812008638734,-92.62211168400083,-86.2524989242538,-93.70040372664144,-90.89200064193932,-86.16492187814683,-92.20537217352965,-92.38661579800805,-88.68868544235299,-95.57188934227244,-96.73456840103621,-91.8678392823606,-92.56803897501432,-93.4175008788006,-92.92254219540723,-88.46937352082088,-90.85424772571034,-91.43580056279862,-94.36495955754602,-95.77001245592909,-90.64932110880142,-91.49719170151548,-92.64463398162258,-91.21078776119535,-92.5467410150653,-91.2661243525499,-93.25755398026371,-90.25301376029371,-87.56949754696649,-92.70384356314507,-96.13148959395824,-91.89887741872413,-89.41984224960541,-91.29145120673931,-91.1682460476306,-97.39085135622256,-92.55731913507101,-96.04623063714438,-94.3920134945988,-89.40510395127261,-91.64954512340316,-95.80217048589682,-93.44943274448872,-89.92518046023105,-92.86769623590195,-90.44704531666893,-94.24233718204098,-90.92228193153787,-96.13525700409528,-96.76185701584046,-93.03625415777768,-93.79872575091866,-92.83939815545024,-92.5895612735231,-95.76102894682181
2025-11-02T00:49:20,AP_5_104,5,104,BLE,5530.401834541753,29.976190562846273,0.06993152639065638,-120.17339501303576,-99.1418036619535,-95.54353439803461,-94.65569862886211,-92.15243125056568,-97.28743599452177,-91.84470957716957,-95.65480228866342,-96.28789857589994,-93.00146003610195,-86.80894314162349,-88.2243702822422,-93.12816630660141,-93.26280881213357,-96.72464104222497,-93.67002057943394,-93.21367048431046,-89.41846224169959,-96.36205431668796,-94.1595311428395,-95.71135875213139,-91.18518091243531,-93.3417988542513,-94.65089468721,-96.75936010080663,-95.04556344432982,-93.52313465030099,-91.8234857941281,-92.71289035494037,-95.6874543077814,-91.83441965147055,-94.8039165634306,-88.95599141125582,-94.82255769021839,-93.51049942677967,-90.27544239273239,-92.928200200004,-94.59681685812357,-89.49753997198364,-92.88210881742715,-86.47135030614422,-96.762968646489,-88.58127395955427,-93.41901021616323,-89.00202858925925,-93.39377340914649,-93.57497359706763,-84.08476831423818,-93.07571996679478,-88.4532240140254,-99.17148779555994,-96.95464091272822,-94.3802829391203,-92.70356217904344,-92.17236347864247,-93.70323468815228,-94.65337360042318,-96.26776026055342,-93.12795418024737,-91.37349524230704,-92.7725078976058,-93.491084678079,-99.51359970545931,-96.9216675432767,-95.38758620605928
2025-11-02T00:49:30,AP_5_104,5,104,BLE,5509.836774108295,29.96621894281752,0.1223023831221046,-106.85249969278428,-97.40494478701902,-93.7436505619965,-94.95815764543721,-98.93420559410332,-96.59530281308594,-95.18495719876009,-90.79731406180977,-95.13279530005471,-95.4595154407011,-95.22386412498152,-98.02540757530075,-99.06454391909251,-98.46614126223561,-99.37182228671972,-100.76391723944292,-104.21964540928374,-97.09116231006193,-95.62601254872995,-93.14757607220864,-91.01266826666857,-98.7567760727473,-88.3691365742332,-97.55111159972193,-100.8805788255182,-95.6973421035314,-95.00118758718742,-96.88214668621384,-96.94120129627078,-92.42488353577399,-95.7644688670691,-99.0344911357427,-95.36689995709447,-98.67484532932748,-96.52684751356111,-97.46912521861054,-100.35185124382325,-95.42127395208348,-97.87218309015918,-95.9225620232059,-98.54929988738425,-102.03668805637402,-97.67576591411537,-97.31789768328167,-93.6767400381769,-93.84037413353154,-94.47363100190206,-94.87585212058232,-92.08028848805546,-95.0804977486174,-94.65473939314884,-92.28675216990396,-101.18247584246735,-99.53962723426079,-99.50864748118342,-99.42248668051627,-94.61347313196259,-97.67139676268,-94.4948369941246,-95.48802734466906,-92.76422808828825,-97.40618067770282,-104.12055275534533,-98.34581730923738,-95.61557606057207
2025-11-02T00:49:40,AP_5_104,5,104,BLE,5519.994481890665,36.014611957255035,0.2061885005521769,-112.06077615316599,-94.09712109671318,-88.33069262738115,-89.6289466061539,-95.30686381427961,-94.02749323197004,-96.15756009620856,-95.68965201149959,-92.45444536839041,-96.05391848696613,-93.33111283154197,-95.562227704929,-98.42796159476391,-91.78762131372058,-97.35997143388134,-94.54498887151344,-92.86948707375196,-91.95942203470962,-94.2686568618465,-94.51779026247381,-89.77767708312537,-97.05592435169724,-88.5577377500833,-95.54555329562855,-96.37201981007698,-90.39233309626566,-94.2980270242634,-93.50214990719473,-91.20776851637412,-95.4560627653279,-97.85847687710078,-99.35007832148636,-95.12820530205937,-90.08497021014513,-92.23335523814426,-96.20310229260008,-93.61186923523897,-94.82323214633406,-95.13691620783221,-86.91969971260039,-95.9438048798439,-96.77969683676167,-92.57926632999016,-89.95563314501834,-90.35456089581123,-96.73487349923774,-93.74148401081621,-92.97532338466209,-93.70010056610025,-95.90573735373619,-98.03422298612472,-91.30115954731315,-99.44994414088724,-94.3703120356076,-92.85301103338442,-91.97396573915059,-92.90909528798464,-92.31782064402957,-98.0395345821981,-96.15302306260148,-94.6254363461091,-97.36975718541757,-93.69125398492116,-93.2525726734798,-94.7708147300849
2025-11-02T00:49:50,AP_5_104,5,104,BLE,5537.9628078786845,38.40694131452424,0.283052466991926,-108.9770338927743,-97.13998743868905,-94.97514485380782,-99.73000484218481,-93.4146723340274,-92.97290735404668,-91.46043889373185,-96.31625795735857,-96.77541630751234,-91.92998544024229,-95.46613380835322,-96.66620929205789,-93.68006618206496,-96.17685199495848,-92.24758118773343,-90.5806964495755,-96.69129505118937,-88.43149326665105,-95.23797676102305,-99.14150777876611,-89.97294415552389,-93.34072025095486,-93.968156158084,-96.61505150700414,-97.07318471062645,-94.93373713690944,-92.69935338186058,-93.30332639885276,-90.99373750884892,-94.66659399315168,-93.45622395796724,-89.66018237213693,-102.03903161441569,-95.95763003007946,-97.22836432094593,-92.75495437551807,-91.03137659745852,-94.70840412494513,-96.62148498901054,-88.72095438971613,-95.23367718828936,-94.51761782640256,-93.91817956975133,-99.77302069062237,-101.6214626916316,-93.99474595627026,-94.9580767192336,-95.71141440812266,-89.32663677031249,-91.29717012263815,-92.23514678787055,-100.0557776220356,-95.29730485717639,-99.85772962171339,-94.29795961633356,-96.59624395209656,-97.10425725202803,-95.21425905336184,-96.51749835702874,-94.57309234691354,-91.39812791356516,-93.840937343274,-94.2821136312659,-94.17242023839965,-90.61026271114382
2025-11-02T00:50:00,AP_5_104,5,104,BLE,5490.267945209449,1.3944394223424532,0.20517926335304232,-129.4838553815883,-104.64719836743946,-96.13457996322117,-98.11251271775387,-101.05777112653757,-99.61035245870028,-93.0970306608501,-102.86207606496012,-97.38476961891868,-97.5302404688015,-96.15046176268991,-97.57987882709513,-97.86412749290133,-102.51404747046851,-101.22622213312266,-96.32402969074668,-97.73490577988179,-101.0405285295304,-99.00556468592393,-98.92211723973612,-90.73711554728133,-99.50526911176136,-100.87748115328522,-98.17679023770009,-99.02751754249275,-98.46229258136947,-96.22951967121591,-99.10570145096762,-97.96504006998876,-101.18336525134195,-98.26078391006571,-98.80748655154972,-105.11934642503711,-101.22962697059818,-93.37772417913179,-97.57193706129098,-98.07420538423112,-101.42210128363693,-97.03449879590357,-95.92803800609727,-98.94911795343592,-94.40060715376192,-98.50734682525992,-99.91420341507082,-99.89178830030703,-98.49180403347438,-101.70845945121359,-98.01259935880854,-99.64637039427424,-94.81044778586177,-103.84069788035454,-97.88898415124078,-99.82212883918173,-94.93928362281557,-99.56849627539792,-103.0130250173397,-95.47676377135308,-93.62775366748909,-97.70977766639152,-102.66751423181654,-94.93800674369184,-97.35043238036207,-95.8760859261207,-96.90533258237988,-100.39545309030221
2025-11-02T00:50:10,AP_5_104,5,104,BLE,5516.164809001305,10.209758362641296,0.6808179057451781,-111.95811276684465,-92.37296922861536,-88.28623336323119,-97.10900403260067,-90.42640200437125,-91.92790796997477,-92.93587489953497,-89.0648980528747,-94.84429266465291,-90.91963617227212,-95.04287211687756,-93.08054998374189,-98.23067898307193,-92.19871966341474,-92.92941898286736,-93.22775253561413,-97.24108437550228,-86.97931728975394,-92.15513438252371,-95.10820687931728,-93.48988327220964,-98.99866537504045,-88.13957982404482,-93.35553445185752,-95.79036486062931,-93.17914085125871,-92.80749554432747,-89.42878328630185,-97.0191735327014,-93.9419616664033,-95.89311669286597,-92.94157101018797,-92.62906964911922,-86.60176132871878,-95.43915630265117,-96.66710039488613,-96.0966872015111,-91.98255813219589,-88.33879554524859,-91.9953117872577,-89.30270334356479,-90.64427729650116,-92.4080547473413,-89.84782269869491,-92.08681408671349,-92.91614774488184,-94.12667299800239,-96.19275690608085,-97.21883310536482,-94.0284655736343,-95.1963426900169,-90.60100926777996,-97.89145148692226,-96.64662994716254,-91.79682580761629,-91.107532629948,-92.43593775137049,-87.57545465483142,-89.04144566742848,-97.99768471736652,-92.68414290283499,-97.23500628677712,-89.07789009844134,-95.35665844476698,-92.61086396232847
2025-11-02T00:50:20,AP_5_104,5,104,BLE,5510.16166224869,17.94263448645477,0.3931914855343891,-119.43380398209436,-94.17032988287438,-92.88480566267883,-93.61093077701013,-97.73591618110513,-97.19210322825492,-84.38340859482255,-99.46071924382917,-93.98679686994076,-92.26722442793393,-87.74337364770776,-89.50355465879817,-98.03109585544601,-93.71257139874058,-92.65293895739956,-88.38917221046997,-93.79148055904788,-89.08899534278699,-90.72409390230534,-98.74924095628198,-102.14745081875546,-97.12769410768931,-90.46236780346896,-92.49803995952456,-90.53620951364391,-97.65663806730633,-93.50289772160463,-95.47042422100711,-97.03643090650279,-95.00793327584445,-93.57367885396162,-90.52502889869709,-94.3349613812784,-92.86522507040746,-97.53739332322387,-98.73305217229125,-92.66583657383819,-96.0140776051497,-97.32864843268554,-95.55319745729582,-98.61544896624177,-91.07144566390531,-96.78353431853665,-88.96104651987152,-94.1510450806089,-95.21733414053976,-99.37754777019356,-97.09840841634792,-98.27391661928382,-92.54509123946482,-96.57991946153163,-93.73600846826261,-94.18241244680867,-94.82609725839625,-93.98670417389054,-95.67113623775145,-93.28617474343156,-93.32575666971077,-93.49951071085272,-97.75336329287862,-87.67717585596849,-100.20284931634006,-99.27362566272978,-91.17712297712102,-96.95295984370634
2025-11-02T00:50:30,AP_5_104,5,104,Radar,5519.549819742641,1.0,0.035283696305093606,-86.79720794692562,-89.74511615318909,-88.0132823324073,-90.34184436561064,-95.46001041679528,-91.23189230233389,-95.82627717106699,-91.17121914101303,-92.77474141288762,-90.98983215717018,-93.93737893260811,-94.02523474188484,-92.25366391293947,-91.54545698567296,-91.04114381317511,-92.81966890476095,-87.38582318150529,-89.93991459268524,-94.99102186445135,-94.02208878472273,-91.67023770651626,-95.93737145504682,-91.64036557407584,-95.49881272564822,-89.36146385952544,-91.39512402167769,-96.00156603621325,-89.24410022336188,-91.84068130602736,-98.73974152709707,-92.36826448449234,-94.88100123170533,-91.23836918845772,-88.13358507720085,-88.08993766384984,-98.15842339680502,-88.28331680573521,-93.575096398642,-95.62444837378648,-91.70718368355215,-87.49438950785874,-90.72629402287683,-94.99192510285224,-90.2737733634016,-90.7620053639279,-93.39792731973192,-94.56114605907051,-94.39710891177555,-95.00044892364991,-93.37221728029483,-96.35566344461334,-93.7770767266334,-88.16438193168513,-89.60946494670229,-98.74363032077463,-95.54313704631616,-92.87043606037825,-89.74028051421024,-95.10541783071744,-92.31187640045061,-89.77480112803097,-90.37638373989127,-89.15551679566654,-90.03598524107197,-95.45410850520152
2025-11-02T00:50:40,AP_5_104,5,104,BLE,5546.605055695017,3.416154232379933,0.24088217007170343,-106.17140766278341,-96.0813887923556,-90.16604112976236,-95.79208114761533,-93.32513911375386,-97.79700068746989,-94.47503716530886,-94.0991081029044,-95.83855536397336,-97.56380001951821,-94.54804832171426,-94.39100412053085,-97.84463233100955,-95.57602986509596,-93.27321086322259,-92.90648803519463,-98.44552684753718,-96.42767657017464,-95.28828686713832,-96.20349018370138,-92.08321387355193,-89.9927277556074,-95.19906446142048,-94.91652536582464,-94.99697818914066,-95.83332407743832,-94.63241916926013,-91.84562965661233,-93.95518145043465,-90.76694713207976,-93.14772296522453,-98.70763265579996,-96.13694385664206,-98.25565640440607,-92.55419121808711,-91.36223985277086,-89.96479215431046,-99.6057341847525,-91.85298770103543,-97.21491634381118,-97.49122348874714,-97.24168292660862,-96.49252652546988,-96.31687141422623,-93.32958046461064,-92.29034124154181,-95.65212150188437,-94.38381825466213,-94.61689682990367,-95.9111876883561,-92.9169427716466,-92.00151927529842,-91.78707936776715,-93.21329444962636,-98.61411242031312,-94.8960199213635,-92.76441173824013,-96.56527153307984,-94.0340115428271,-95.45071553786471,-96.36966627287006,-98.34196303226915,-89.42712320229269,-97.79210639727305,-90.92183619699553
2025-11-02T00:50:50,AP_5_104,5,104,BLE,5511.460214583821,15.288185596867294,0.6156080606673247,-132.17792479893396,-93.71092358825702,-96.02917507868631,-100.01891808913827,-94.05199145838345,-98.88524657228461,-94.98771064334575,-96.3188257642785,-101.20698504744432,-93.24114211713143,-93.72506615178278,-90.16684346595186,-96.43347806259563,-97.49200055200856,-94.80317013544708,-99.52054483906826,-99.01021041427123,-96.89046743617983,-102.48009512025716,-98.20813860201075,-93.54833304101491,-94.72994758121257,-91.67262306568642,-99.46841010747463,-99.48473487899103,-99.61057267170526,-93.93801344522993,-95.82770344277557,-97.52776646127711,-90.33786842596182,-94.75992106699586,-94.89134790724155,-100.07313916578518,-96.58944479885928,-95.58393116485946,-97.40411675421585,-90.94563037249081,-95.44384124050978,-95.53211606007265,-88.94487908306944,-96.98015786449899,-93.86506497066038,-99.8405002652927,-93.25222802875926,-98.90681808389951,-93.93455885341625,-92.88897678103342,-97.71880086522651,-96.25876549053757,-93.86679670917385,-94.90823022446908,-98.75527232829954,-93.51580406985124,-91.6957961656667,-101.15318439244243,-97.54454789827575,-97.75794652416822,-94.04097272375108,-95.95865860416204,-93.17364110224027,-94.35172773264736,-96.79529108455752,-91.80583909995875,-94.43617042264995,-90.07955417601354
2025-11-02T00:51:00,AP_5_104,5,104,BLE,5523.900458713043,24.76651134723311,0.4554201310106479,-106.62760388115126,-93.15123713443568,-92.9564533559489,-91.9169279771961,-92.67400218778161,-95.54486686956955,-88.82825839537968,-96.5150151089024,-95.02294239193112,-90.11998534583887,-93.70235690028731,-85.82953161383446,-89.25665482354064,-88.85529035539096,-92.66161832253285,-91.55071675155467,-97.05991836123567,-93.62009358175965,-91.2766297896519,-92.23703845200886,-93.79574972645634,-93.82299561456675,-88.99168715161552,-96.08782752412627,-90.83958198849646,-95.22830362397782,-95.02881218685039,-94.10563518789762,-93.65197330216586,-95.11535294123162,-93.89273524275639,-95.18613414732481,-94.57094300388937,-100.58070565369358,-94.71956316706908,-88.1914064007904,-89.79763714510705,-92.97603716492912,-95.01856941331395,-94.39973986810392,-94.0634380118956,-98.10076431194322,-94.8863904855655,-91.3872972985489,-92.0855253550183,-95.51113173316818,-97.18066590745735,-90.7907127534384,-96.034300146804,-95.07113729172093,-94.06922400109505,-93.61231712309055,-91.95050112188405,-89.20983168755701,-96.11167942860861,-88.49381829077615,-94.00392107799289,-96.69152140059745,-92.55048688923209,-98.49440367137109,-96.47008276704003,-93.892913991486,-95.77426309963143,-90.8197146497248,-90.63083349028854
2025-11-02T00:51:10,AP_5_104,5,104,BLE,5539.742898575251,17.218439825735796,0.7284981521309619,-108.58471769733336,-91.49632632005193,-94.657816356926,-92.23643402324828,-89.31116728816805,-91.25811495394342,-93.28860298032839,-90.25493554098497,-98.14026468655028,-95.2464020084602,-94.65473151622808,-95.12043951005151,-89.81786519587861,-95.2891207871703,-93.9176600342864,-95.6869619303065,-96.08153781702039,-93.95915353902053,-94.88354782284586,-100.64275786168575,-92.67561073013141,-90.49195805964831,-94.45929806992281,-94.11815992587847,-94.35739528195927,-100.33619048600623,-89.88719631764187,-96.38016847572392,-96.01409484726045,-97.26033046956897,-91.42684666702858,-97.8753304338392,-94.4085886307559,-88.75369332336057,-91.08215128627302,-93.81477895586185,-95.97252311016523,-90.28379297235726,-85.66775860642035,-93.88966435767091,-97.88114819459199,-92.73056053636307,-87.9956675852123,-89.30530899876797,-97.87957971740079,-91.39231428631052,-91.48204901193961,-87.49644627129267,-93.20713823691521,-92.07956606853463,-90.94387261664257,-98.29893741349679,-94.93666041368579,-89.53119542349818,-96.15161623702267,-94.49507215076628,-94.03351029918213,-93.24238980579132,-91.31518457594245,-91.58928254150706,-92.0012104210437,-95.30029460391063,-93.58709049859259,-96.32754514741201,-92.34356273852121
2025-11-02T00:51:20,AP_5_104,5,104,BLE,5501.892608927586,29.556505674966292,0.14173170659172435,-117.27286924896775,-96.91934849289763,-90.47975691999783,-97.42673172993291,-85.54622696124999,-91.14045441049899,-93.38334349186661,-94.89169039777731,-90.46805336223036,-89.37782489901505,-93.12054826176907,-94.63762762581312,-92.96259691967222,-90.13779728706108,-94.16486522636201,-103.77481652980738,-94.97018399386747,-96.75547161287348,-97.01666180891891,-89.35014091334511,-90.468421128348,-91.49649386412545,-91.84269545711824,-97.17337265586656,-94.2109109284832,-94.750466941007,-93.55005227050064,-96.90187424329763,-95.28788115630257,-97.16907947753764,-96.92602700999655,-96.87831352415301,-92.54468507649413,-95.28543593678582,-101.25346755599155,-96.6323908578503,-94.02005945864485,-94.60293469193086,-95.46930685018138,-96.58145705223023,-91.33588717596436,-96.7667317026963,-99.46911393759781,-92.71302087901223,-90.67014308953911,-97.24754863687753,-92.40994982285231,-94.83656863398006,-95.57165750020498,-94.77453402578448,-94.02671274685754,-90.66669353124433,-90.29069565831293,-92.1825305852236,-96.37164208862565,-93.66049177776976,-90.13707143452288,-93.69220621149816,-93.96315297624632,-91.97647590364127,-95.18685587487496,-94.98142547989454,-87.3554095200976,-93.94421632826459,-91.61924108843985
2025-11-02T00:51:30,AP_5_104,5,104,BLE,5524.503630985104,28.51668968502678,0.5294592199822964,-112.4560670883365,-100.71400460860329,-98.94771192463169,-96.41899971057781,-99.48859648080982,-97.99349326756514,-97.43548584547234,-93.50207562238043,-92.20748460701904,-94.27813221071655,-100.60478442196296,-97.57306036876179,-100.92896836452871,-100.46160111805385,-100.34757882242398,-96.25148928615155,-94.07427835022514,-98.72515712342006,-98.44710027127944,-96.17786223465458,-94.33190759506111,-93.01112092869334,-100.64925122280663,-96.13593666013816,-97.62365698319134,-93.19399853999829,-97.06409163417604,-96.94618080121998,-98.47109435530919,-96.9243205964242,-95.81988893916967,-90.64609361009614,-95.38902406562444,-98.23845539771392,-94.10948532833089,-99.76531700349337,-100.70010839220858,-103.1948251666052,-96.16696691593428,-101.67132278671436,-92.13077664352636,-98.60644366823715,-95.94848408626491,-97.37088122297497,-95.34117882529675,-104.47893457777137,-92.43839899603499,-98.79023939526702,-97.2305198965874,-96.55665170944073,-93.97586404687654,-96.74227550564935,-91.36546023615354,-101.38419222968312,-98.85264154850837,-100.13414395822022,-93.7534067674152,-94.6994525924293,-88.65489875545005,-93.6018528185409,-91.78074280080087,-96.76816385824687,-96.79299679340336,-92.00303383033543,-98.80453440774889
2025-11-02T00:51:40,AP_5_104,5,104,BLE,5547.032692042452,13.396654618486535,0.6346092230474082,-127.92574370766675,-94.50114017756307,-93.63181657524264,-95.3182897727373,-94.68906516385817,-93.16836491971127,-91.51256057313593,-90.396942238601,-98.672007203325,-96.69404786300096,-94.25830706231284,-95.46852654263704,-90.68677630129878,-92.34818023957136,-93.23401383405567,-96.81315963484015,-95.75135014679073,-95.98923100233623,-88.98574868778134,-92.23448939458927,-95.28940492325417,-92.96012133322972,-90.75536504167458,-92.55795530760977,-94.17722069415812,-84.85922153398653,-95.76331301174143,-93.5809102109726,-91.9631457976413,-95.57310611911967,-86.40581608029966,-94.32094964662377,-92.95436872681597,-89.27764915845236,-95.94824404114159,-93.08525767798996,-97.69929288624175,-88.89942115956731,-93.11743130194611,-90.4080220277055,-94.01865401901998,-93.90906863498036,-94.57318116586242,-89.24863283193025,-89.07366721702844,-91.96815990742707,-90.9330072149186,-92.75945266305392,-89.24612872308816,-93.21707818862073,-89.7928341549736,-93.67926701841343,-93.0528233097722,-93.42936269984347,-95.80081790425794,-91.9798362044219,-90.55150298383501,-90.65215583259346,-90.22559023964229,-96.83632582484702,-91.67114597287639,-91.05350356052658,-93.61779958442999,-89.68705401966281,-90.18652204514355
2025-11-02T00:51:50,AP_5_104,5,104,Radar,5520.200818721959,10.0,0.17578236664929572,-87.49314740904973,-89.16603508362742,-98.07581600208312,-93.52097052173934,-93.95053741364342,-94.93976292858993,-92.93863165369054,-93.13843312188912,-92.8170054863956,-92.18627505873273,-91.48966895919817,-88.18534611838122,-91.09533038583227,-88.80168811300481,-94.57483810288768,-90.03665574204989,-94.57486869272255,-93.24641207160523,-99.97446258819444,-94.57607164566369,-96.51059070580015,-96.86158157572072,-94.56242173682243,-93.42803719836338,-93.26765936198414,-93.11563915709554,-92.9966435933655,-89.87715037411849,-92.27709122193114,-97.39317721191466,-95.38122499831648,-87.97807526605025,-97.2152092950845,-91.73565959767298,-93.1430323111521,-94.9886423546967,-90.72674874946505,-97.54219240422104,-87.03979276899545,-89.51944427897033,-91.1274750053863,-91.6612977121504,-90.55995408469013,-92.16771601936317,-94.34459916952316,-93.94858690660092,-94.80723551882917,-95.21008222995063,-92.83487510801048,-91.88251802698234,-93.34671619629567,-95.03368363212026,-88.44290930990692,-93.99244515050403,-88.05498380071806,-96.3360014599782,-94.85786862416676,-91.61125392688385,-91.59616064219153,-95.05365928523483,-94.76293966914967,-92.90634819589373,-94.166575307268,-88.70434746760999,-93.60174803150024
2025-11-02T00:52:00,AP_5_104,5,104,BLE,5549.981724123371,36.27916541006948,0.5030669226456725,-109.40788026361737,-96.0755674942871,-94.32345017827113,-96.18463640704411,-93.07160009858951,-93.82782221404992,-97.3403775580042,-95.17645739519176,-94.61336027925478,-99.60379065684847,-95.59573201935969,-92.78589878857716,-98.28633082015331,-91.81653280102135,-95.00039247958885,-95.34542886095835,-97.84522332999124,-96.38337975414467,-92.03758294626155,-95.51146401054693,-98.48073292572813,-96.07780723370416,-97.2467236466657,-96.89688400917458,-95.43320717460098,-89.8613990926679,-92.93315142329206,-91.960804562709,-90.1462562056965,-95.89654685166951,-93.02945965054228,-90.30918780994584,-94.9806972518161,-99.07436091709698,-93.67491913882476,-94.78849706669307,-90.68281319103428,-87.5302307673982,-92.811582915405,-92.9942131561109,-94.64403751504933,-97.68074644055649,-89.80333380067502,-94.72688074286673,-90.49858061004203,-97.35816731088023,-91.59771180123099,-91.65865218662285,-91.8307604136758,-94.19641862901798,-92.90529127710681,-89.94103506050573,-97.18031899563701,-97.62820492948747,-93.05556081959185,-93.81687712109826,-97.42003911686486,-95.75548939643521,-97.41280618133209,-97.47324627564213,-96.01091258282736,-94.971547118818,-97.2475104977296,-97.5292510258067,-94.76552313287452
2025-11-02T00:52:10,AP_5_104,5,104,BLE,5540.807634675297,16.27867219921398,0.5000010970008616,-103.77458085118896,-94.36856540777538,-90.26405517653023,-94.55538477487595,-95.81649425683433,-91.66855743587419,-95.99990689315703,-95.07454901328005,-98.78601381570542,-98.94492943448694,-93.99229603142197,-100.87117896236299,-94.4703996094416,-94.60417396216253,-94.8945622909543,-97.24755573927646,-89.1779379284728,-92.78859887393578,-95.06630477322018,-96.00506088760628,-95.34369937623528,-97.67298543685119,-94.94061649485339,-95.23718476841569,-92.02685243344368,-95.10279181884776,-91.54447277800045,-94.64492184944167,-93.020214598786,-92.59246738072962,-96.12555406845047,-98.25939579832834,-97.95095108568268,-91.03419188752645,-95.29617297005018,-99.1437219240724,-101.54448800452666,-89.46934111713551,-97.39716325000607,-96.54109341594413,-93.7930248693318,-95.11149939272482,-93.33888008432284,-91.17560162075793,-91.79053703580126,-100.68449799715304,-95.22363635582595,-94.57297579580832,-94.09206784453741,-96.31242000049248,-93.88993206080312,-97.85493043558304,-91.81053332358486,-93.83461511077397,-95.07403471062109,-93.10725823548823,-98.15282114647178,-86.02734779458625,-91.85776449778083,-96.54020612277085,-98.99263422867273,-96.5907151407325,-91.84065959208019,-95.26649261300626,-94.36802214124195
2025-11-02T00:52:20,AP_5_104,5,104,Radar,5513.843196435895,1.0,0.07005107764854826,-104.66081838925513,-94.84022923676079,-91.84110714442781,-93.03300404330808,-97.11387167324487,-93.03601705032445,-97.12988724792982,-93.59238098325837,-93.76877825726453,-94.73811856234826,-91.17880348081411,-100.68190604607862,-97.70593224125744,-95.63850595685801,-89.69349822778004,-93.14934545546326,-93.54458819929867,-93.27020352480592,-90.97143085096599,-92.27934838638662,-96.20394043071639,-94.22819999947201,-98.46956021793858,-91.57783236992128,-92.81231890979063,-96.96630243988946,-92.230282443832,-90.00896021549659,-95.13602385471148,-95.04665589864956,-87.73968614886549,-87.26766165282135,-92.864182235755,-90.79294954428974,-94.41305173005269,-92.56984985563305,-94.48097123944517,-90.73308111970263,-89.25889923852652,-95.59647701038944,-87.35531425881877,-97.15114807766213,-93.83568613512598,-95.08054788122061,-90.1602631733593,-95.5964662527621,-94.3583073687879,-90.90873260170015,-93.58004194377652,-93.32235094781105,-96.38772719915534,-93.96594084118279,-90.68326549625898,-93.59589237734622,-96.89520072519208,-92.08194358121106,-91.42944039011816,-96.02855293502188,-93.32705012495441,-95.43788021200082,-91.86408701682417,-95.78454635778647,-94.44485606917719,-93.01116643433328,-91.27078833007145
2025-11-02T00:52:30,AP_5_104,5,104,BLE,5502.315249360287,24.511600177753955,0.4699232812495378,-111.92520476135277,-92.43124052270257,-92.63862910202671,-96.55861917320932,-89.32635872545546,-102.12468118140664,-96.13837393642629,-94.85738883334791,-100.18619801938254,-93.90841283589114,-95.3246982344439,-95.34933607260085,-95.77169034211515,-96.42898380386386,-90.6358324062138,-95.20182569849626,-87.80075352875403,-93.64190817474729,-94.95436966814675,-95.25362947206342,-94.21546635603309,-93.17169496444485,-97.74110634024947,-90.48654483122307,-94.31068597548756,-89.54931695926469,-96.79411775567908,-92.45592194494294,-97.04453277123977,-95.87251407596193,-97.41615159746863,-90.61131621725464,-97.76779704419216,-89.68913166535958,-99.39801026337159,-97.22685353556375,-93.40031997358744,-91.54672660698566,-96.77283602283411,-98.05676579255126,-90.49650772118709,-86.92887446043083,-90.80602580495669,-101.54345675705133,-96.65454351610707,-95.96844998202207,-93.45317854873447,-99.52797363443905,-96.31622096333138,-99.89298879560504,-87.96066485555501,-101.00581872462288,-86.24939303127462,-97.41678605247944,-99.65188425044217,-90.58996805859036,-91.71911501578619,-87.00997045623009,-88.06194482708928,-94.5556113304227,-91.35677445758289,-96.74936891435198,-93.04682111111298,-92.18311735827925,-87.54491939473533
2025-11-02T00:52:40,AP_5_104,5,104,BLE,5540.603068763046,1.7651158535715261,0.6518325804997747,-128.3532563949003,-92.50206552793536,-97.27018064253191,-96.01616187389669,-93.71080560373395,-100.3274532068084,-97.25301591948346,-96.5732890750691,-89.88141095377901,-94.28340054793952,-92.0391127785487,-97.67347027449257,-95.13673157392304,-90.6890867336295,-92.671545665336,-89.2444524208947,-99.15806334687468,-92.22592253355275,-90.74336642194211,-99.28712849999098,-96.7310568668576,-98.19146938539231,-92.31114668651162,-92.21336234921142,-91.92983155209889,-93.27778331873063,-94.78436923569343,-95.70849723770779,-97.09864167428172,-96.63981721500086,-90.8918134581263,-98.91171152036753,-93.11140382626996,-95.58700638164346,-100.27828701773102,-93.89256919736225,-96.33847383547295,-92.96993762052553,-92.99488458747423,-93.81817836912352,-102.89454348505498,-91.32567718657205,-93.79752348236508,-91.45542133787696,-85.1503798132047,-93.07194201803385,-97.35584585126384,-98.05944899565732,-93.72465629127159,-94.2862447301464,-95.68053437747979,-94.30872426141237,-89.99461906142989,-98.70193884429489,-94.81796653791427,-94.99741395610845,-92.41629954823097,-93.85087794261655,-91.93434903597046,-93.38848892244003,-95.15788802490482,-94.18661087199217,-92.46996540659117,-93.31199215469913,-88.75717605139309
2025-11-02T00:52:50,AP_5_104,5,104,Radar,5513.845126064938,1.0,0.1096385368978796,-99.39728195798162,-95.1912745270175,-92.31581447553063,-90.50426268807372,-91.7101342789995,-99.91517316788924,-97.05893954413548,-91.11696557170289,-93.0195824653947,-96.84422186520231,-93.30479260652207,-95.5192608863531,-95.43042494577537,-96.35010296335825,-95.6899825339656,-93.56505893732798,-93.54806446670963,-94.41472926904969,-96.51981120710784,-95.37239540459208,-96.57546550489648,-92.95614044758761,-96.41789687568543,-91.6261172927818,-99.05104967095527,-92.52231777223666,-94.78202664616268,-93.7746000210162,-92.44568341817444,-99.44522475254087,-94.04318859505278,-86.31961441863177,-97.68929597070347,-96.82594733326032,-92.96517542273394,-100.17177309644806,-97.23675751206608,-94.23943924060515,-93.690528872566,-102.20998648914828,-98.1843449436343,-94.559033691541,-92.32431981817105,-90.41039534683365,-94.6414298128993,-93.34975085074906,-94.54395218780287,-100.23473157793958,-95.72341804075927,-93.80428871118274,-95.4023953633768,-99.2903638112928,-89.43903629851691,-96.31916415183477,-98.95139579877446,-94.26985305113136,-93.67596348001702,-94.03640527827248,-92.73612897770651,-92.05859022201636,-96.95183560728063,-95.48080153172805,-88.28682652305682,-92.94923006994536,-95.8788179783219
2025-11-02T00:53:00,AP_5_104,5,104,BLE,5514.800883791401,2.0681708998110517,0.5121052670067322,-120.94051497459844,-98.13494927819578,-92.92725869966628,-96.21000862707449,-99.08899956809798,-92.70080234530394,-97.24627276994534,-100.03156194625615,-97.47707421770349,-96.2363744565287,-93.74449288571525,-95.9474532177574,-96.66979894003859,-97.40471906183775,-97.73096188844039,-96.21741082211516,-97.64909536777303,-93.36361752440064,-95.32631481808747,-99.10468629693091,-97.43282692043928,-93.12689686835579,-95.62105995367526,-89.5204231773101,-90.55127774395893,-94.37293412771997,-99.59989097549152,-102.24426841809236,-93.9490102876899,-92.87202916942148,-92.97118788786663,-92.81475495435357,-94.93342757460057,-95.15183533794861,-95.02025941077923,-90.6445046639816,-98.60125702428168,-93.7398230671531,-96.18240233050051,-88.90114305398949,-98.06225084374798,-97.88766760930328,-95.8833833655142,-92.12739931803686,-98.7208587583144,-96.72487916388486,-92.00478143992116,-96.59739288706716,-98.65393998025922,-94.82301688559792,-94.77676253452323,-95.8333162358609,-92.3954055613548,-93.2626138377538,-95.24414552112383,-99.07715009585078,-92.03571343947839,-90.7859783193343,-98.07423382261815,-98.27549934505862,-96.14511630385768,-91.24618463689715,-97.30322166372414,-93.64962269226523,-92.48631866086352
2025-11-02T00:53:10,AP_5_104,5,104,BLE,5533.595168610929,5.258056609081052,0.4076858597290909,-105.1209639371321,-98.3225168920441,-94.27247341365592,-94.49243691360984,-97.11210435790147,-96.71658161185763,-99.91136378516556,-89.54292612184977,-93.01470384805081,-93.60195051500861,-103.33930213400347,-97.46478567028159,-93.07332108741336,-90.90802883255108,-93.30961226799575,-99.82249370486217,-95.46751830338592,-91.22895880700798,-101.23611468263141,-91.65399156244726,-94.82128404810467,-95.60566473626366,-91.62782996801418,-94.309383588385,-98.92931089889944,-96.37524129848458,-89.48697565951204,-99.45863091480274,-95.14646314347256,-93.63910784460377,-93.44465785783332,-96.59575227885757,-101.1354384744416,-94.36054755386228,-90.93882118828185,-98.39185761308137,-102.80644348211118,-91.51410463302994,-96.55482633872779,-99.23081499379242,-94.50908052520964,-97.1805419149854,-94.17860013367908,-97.69700603088025,-98.1491011247571,-94.49174028605427,-96.36585021059942,-93.57947211488703,-95.61736256893856,-99.04438487385261,-104.33000880189174,-96.99527122833338,-94.69432782538674,-97.7273470879237,-95.73597262286904,-94.76509392849168,-94.9744058474622,-97.15778297094273,-99.61097024431213,-93.06416351446023,-96.03680783349913,-98.23368984800648,-94.96205495875131,-103.47268279297326,-94.48544661059579
2025-11-02T00:53:20,AP_5_104,5,104,BLE,5501.752007763841,22.301659260730855,0.15495601196191156,-124.2737669796938,-94.80973006924442,-92.73142261052442,-95.24836329713357,-88.82117392740025,-94.91517679782216,-93.68276840491771,-92.86984254696567,-90.38761412941244,-98.56672085257276,-87.68796620718531,-95.60631272962154,-92.93897440565974,-92.35956071391524,-93.42566934242257,-94.86407381549584,-97.35289837233596,-92.25863253504727,-96.18493273884474,-94.6512528109681,-95.37809044664246,-93.9376172589672,-93.53909494306468,-94.13691855857041,-92.06150727334655,-92.41716106588547,-90.12116455288,-93.9980030959771,-96.24371559865672,-96.82431800214614,-92.95559230321598,-94.19984893946824,-97.61478738266642,-93.25476162837188,-93.53579362571443,-95.85304026756829,-95.33656056578744,-92.1820280940039,-98.49387428662213,-92.62079167378238,-93.93028010886304,-92.56962378731289,-95.27797511860622,-93.73732006998677,-95.16289883178136,-92.41858901480008,-95.32424090027322,-91.15937615917719,-97.10010284126602,-92.32737772498207,-88.70127169325816,-93.07331420258636,-92.27812115684574,-91.84885057396525,-93.74676255403023,-90.7572968467196,-92.63357952233969,-91.52357684285292,-85.49970448871477,-96.65855223843404,-91.79463587515491,-98.49880087114684,-92.32519488146474,-93.14260813812041,-95.05801700197838
2025-11-02T00:53:30,AP_5_104,5,104,BLE,5500.985808017054,27.787247454875803,0.11896047602030023,-115.05848565716204,-87.99333914376842,-97.13937345048387,-95.4171117530076,-98.6283019987174,-98.0321540894276,-99.04637936762526,-97.18517662726182,-99.46667046592124,-92.39969952075973,-97.53368655056983,-102.87804841021712,-98.6618548270322,-94.07031924660416,-91.77281253307797,-95.78212637303997,-94.19001736121155,-92.20181288498884,-93.96898696936144,-87.75887881115028,-95.27729369876252,-100.32295369476117,-97.51489318257904,-93.78398002267305,-96.69803387154676,-100.3036253579743,-95.15484850103735,-95.78592952383396,-93.28539228990061,-102.98786209018431,-94.76593652161645,-96.5484163630842,-95.10048320995696,-96.16918491777325,-94.83930062430424,-97.07323736488281,-94.62338549710528,-98.42993731181542,-90.48886315124219,-101.44768490391232,-93.57348051454294,-99.92894044806593,-95.76263094067964,-93.99274897695058,-95.62099863766466,-99.3167565474734,-97.77313036155094,-95.14382327695718,-91.53099971040676,-101.64859688906776,-91.51397948954424,-93.11255047665747,-97.407027218421,-93.01555446768964,-96.98692488229062,-98.67772644240378,-95.54941979744876,-97.79429078621374,-94.43591735613651,-98.81583523020677,-99.12209029748942,-93.18225372258019,-101.56621982879938,-91.29208095207235,-95.3271742800853
2025-11-02T00:53:40,AP_5_104,5,104,BLE,5500.069642880146,28.08977916715478,0.5894367081838192,-126.44402257403105,-97.26979933284223,-97.1947709064745,-95.63810419924069,-94.60313322274921,-89.88974052333145,-89.38485858592331,-90.06791735517182,-96.6758647559991,-96.67930919632525,-93.23466002431616,-92.09419281385618,-93.97025291689233,-89.60225885797773,-91.73120857087216,-92.29439457714832,-96.80109670870239,-98.21541113009255,-93.32354079512481,-97.02007346812154,-94.75745643264791,-93.43854367221032,-93.53448384913496,-93.81633178749244,-91.82301966592742,-94.93646501106063,-97.22748470894253,-90.69517715853269,-91.40491180591955,-92.7166877232291,-95.88827821876235,-97.22160226945374,-97.16892422024236,-92.98945825014437,-92.31272575831646,-95.62499835982126,-93.66655551274589,-95.1658506283883,-89.58074000741735,-94.74842956143804,-97.9227443112741,-92.59984056625808,-97.49419709700992,-91.03688055429285,-91.2585088422301,-92.58069695783423,-93.55222195488854,-88.68851443610046,-95.01578221784361,-95.96346157607567,-100.40813880561831,-90.96517261930924,-90.67553714330838,-92.86345207974445,-99.07349919334366,-100.3778314953238,-96.90106772201028,-91.7784405231899,-96.33728097900496,-91.60916785051704,-93.76551819480949,-95.71500647406809,-96.95589345992107,-90.66511769943942,-97.18672493062584
2025-11-02T00:53:50,AP_5_104,5,104,BLE,5494.034723516121,3.7175097277964317,0.745185515623138,-126.61541773704414,-96.60302279155576,-98.53758057438041,-97.62169025424532,-93.48216474274955,-95.78479557739163,-101.06214179079049,-92.3472489135461,-93.2143679045284,-94.10640095904978,-97.80347713582813,-99.66771834629452,-100.36543391801462,-96.9309841825368,-98.30048425763037,-99.02936561679152,-93.51685433014616,-93.96818752796499,-94.4140011808134,-97.4775773155244,-98.97186008639991,-100.74028351409925,-92.04571630626512,-96.81845723907779,-93.46046659122587,-98.79485236288397,-89.22398968264504,-94.75178543890217,-95.13790291482685,-100.8725213019992,-100.18447079339171,-94.98243437656092,-94.84830793779393,-95.19745871878378,-95.02530502943539,-95.38801338208087,-94.64297108168964,-103.27982347350941,-99.25158097393027,-101.93668623427621,-100.69052044654755,-95.32911741265015,-93.8357833178235,-100.30319315028869,-99.23711701035195,-101.48942914728129,-97.27201050671287,-96.02787041212974,-100.39892959159619,-92.70294843514894,-92.86054895807675,-98.37664631537868,-97.76110870048052,-98.87518048768064,-102.53566464706714,-95.76254477553171,-100.2334466818954,-95.78109824773045,-98.5323177973154,-97.4651560304832,-98.19374086519753,-98.27639219368913,-103.50909859358902,-101.12143975958587,-97.63355531154303
2025-11-02T00:54:00,AP_5_104,5,104,BLE,5534.201572393547,36.36221259742645,0.10953375379769924,-110.22076621124916,-91.69062862274019,-97.10868880245333,-95.4967416893817,-97.21461873208585,-93.48343664500179,-93.65886716937031,-91.51578527091742,-96.76444420896809,-94.18257700652062,-96.95983408257408,-94.85172254657343,-93.93046465777657,-89.07386022153746,-93.13564094735098,-96.60451609178688,-97.99479485276147,-96.64185845480247,-88.02973226944707,-91.90400946635091,-92.39426962421452,-90.51802363208328,-93.27119333573692,-98.1285839353373,-95.21073529969551,-99.21076594657984,-93.72562878306829,-96.30536790475422,-93.82852939704222,-98.01907403517228,-94.43308789976093,-96.34901648697816,-96.9246714892503,-96.95979753789375,-93.33684639690239,-89.66870145150573,-93.91595256559084,-95.50605623718295,-94.14707270222983,-97.63437664597366,-88.08281450764909,-90.16262396974325,-97.27765662658594,-90.09817376655397,-91.85907217456473,-86.8957156394815,-92.69107995331004,-95.00773467759977,-93.45526850209242,-96.33610860545232,-95.22203943700279,-94.32615412667542,-95.29540905385825,-96.70806029503844,-92.09233637238232,-90.72659376238366,-97.29029726121084,-89.25095213510399,-93.48275118885496,-98.74134650644451,-93.19885083603121,-93.72052070413078,-92.11686061709521,-95.39935561426648,-96.66369659302526
2025-11-02T00:54:10,AP_5_104,5,104,Radar,5523.481768568595,1.0,0.07336850246822656,-94.77352038928535,-91.69128841125355,-93.6619940482608,-95.48595229506694,-93.82642619491241,-94.1693884311139,-93.93670654758874,-98.28454112020012,-90.57152449894102,-94.74200425180722,-93.34011653801203,-93.50949734793731,-92.92940701234508,-88.7720066876917,-94.19331775896163,-93.83242212149231,-93.71849210710879,-92.60601190691038,-96.0827257250491,-94.37902088542592,-97.09737537790735,-92.3947971854295,-90.87858887567378,-93.23899521679414,-95.89354128712239,-94.0030405550721,-92.64826288935886,-99.31814032925378,-94.94220720087985,-93.32324957896996,-91.06421055970635,-90.67026218338484,-90.90941490534031,-95.69805568423568,-94.74555727282109,-90.94251343373614,-95.99137560702106,-87.82995253449943,-89.76649618216287,-91.36138442710833,-95.7943532125176,-93.12765283567072,-90.70506926075741,-94.14847506981675,-94.81319522004549,-95.40432358916497,-92.35846479634728,-90.67108468849096,-95.28327263773359,-89.57531852091998,-94.90344611814454,-95.5523144463744,-88.75814283251276,-93.60245106264895,-96.58749603432769,-94.81664776527207,-88.63488959444608,-96.51036733200395,-100.15439803530711,-93.404837505934,-90.53704576800779,-96.09363119305414,-89.58694284322164,-96.38327162683659,-97.4727489360562
2025-11-02T00:54:20,AP_5_104,5,104,BLE,5548.578066040706,4.195307552399692,0.32600698919081245,-110.97611099966679,-100.0030362829798,-94.16299424010991,-98.45490737980592,-96.65376186130413,-91.54962513954929,-91.88968064099925,-98.2771929684378,-95.30565747616073,-98.95448111245135,-97.47347851646617,-95.1952463261443,-92.83587438651715,-97.42883289244524,-96.1643662660544,-91.95124697509398,-94.93621947766837,-89.19076461963033,-100.39440394241079,-94.40832569246457,-98.0956233530884,-98.78926292841135,-99.654965991921,-94.45431038324082,-92.00888936830476,-98.38660540605527,-99.80929906763393,-95.53713028751483,-92.24854400179252,-98.55732649103462,-98.76796608810608,-94.47310423416307,-93.67903293684172,-99.97839305210753,-94.4926366338228,-96.72197613360412,-90.03020656379394,-97.41930036494412,-96.78197696622279,-96.15840789359483,-92.91789901257975,-95.12895134895341,-94.54565172462108,-95.25239379111828,-98.58950783158029,-92.84357690849066,-92.47085983661667,-100.4269416450923,-98.3508317488443,-94.90132286798548,-94.69446318238559,-95.27926354834976,-94.09607964057965,-94.76953315887388,-97.96826961847783,-97.55014562047418,-97.42771056743922,-96.31489982709297,-92.3687104266218,-97.45571174452955,-93.99976545323443,-98.15476947204534,-97.02757903641451,-94.865897693605,-96.62038961440146
2025-11-02T00:54:30,AP_5_104,5,104,Radar,5523.2352629880015,1.0,0.1706938518570433,-104.3504088645075,-93.03894794004383,-91.54670881585794,-94.45024136321604,-89.29885078617566,-95.310646135639,-95.90123137297364,-93.87357994657842,-90.98918969694408,-97.54623153696477,-95.09469316540104,-95.12690791936832,-94.29312581607164,-99.6256492922159,-90.70300659664919,-96.24215999520679,-93.07960247400567,-96.23327880454195,-95.2195619738424,-94.23303906890463,-97.22246505638809,-91.40522982333965,-97.5278605285954,-94.3769496156242,-91.15596402706116,-91.63323122684692,-92.53570294303437,-97.08973730996638,-92.32965123803817,-92.39262046700937,-93.55518415566809,-89.72602359863652,-93.27346392900608,-94.705250291952,-93.04290059583575,-94.28982832409615,-102.57271186473105,-99.36549613222469,-92.92544404787779,-94.05656273652933,-91.1989907500635,-91.81404835103552,-97.45087677870657,-96.21121352888268,-97.9451244930894,-96.67068743691058,-93.49572489087406,-92.31148062351077,-90.89317262463899,-94.26902530369473,-92.01144692286206,-92.66960005977229,-92.52199650790628,-92.46316743483712,-98.19573547822137,-91.56511992500921,-92.099042446461,-96.35227900955428,-95.68862479707887,-101.36223292406802,-97.80698910554818,-92.495593219188,-98.39195716184021,-90.49188969558745,-97.41767951655599
2025-11-02T00:54:40,AP_5_104,5,104,BLE,5539.778615562707,25.067638137339525,0.1985431975452906,-106.90636409541608,-92.39197612755223,-98.32990455448605,-101.66621453601333,-97.73210341229438,-94.73975796577831,-100.70543555753416,-101.65780273698768,-95.85877828006302,-97.49604578296221,-101.63361502373054,-98.06554326713665,-97.6656705554703,-99.89777699050819,-94.03252240019889,-95.76607365854996,-95.17046258592296,-97.34862917352136,-96.32486119981974,-97.6747100318411,-98.7040495840546,-97.70792405693045,-97.10406654084768,-97.61133311244781,-97.75237773386951,-104.08585269287337,-95.24594767659626,-96.7585126456883,-91.14621129060433,-98.82045557020398,-99.77986845529412,-101.27929261071868,-95.70429912354093,-98.06485229844193,-97.44694899387378,-94.34651608176829,-91.78862477978676,-95.91774465830274,-96.43824879231589,-96.32803556463989,-95.28195301299647,-96.57407353083846,-95.9932933928573,-99.44401658666386,-93.861384662925,-99.79116511967071,-99.29211666556375,-99.86387336393433,-97.65175482175586,-97.6861604252104,-97.97913639766905,-93.04448867092187,-95.08067347233545,-94.15696741957353,-99.32601142009138,-98.68364730393972,-101.2455548241757,-97.52374836720419,-93.70080479104854,-96.68408111310053,-97.4221865201495,-98.73542002207608,-94.8203595134402,-97.81613471578373,-99.8450437964548
2025-11-02T00:54:50,AP_5_104,5,104,BLE,5537.155477595585,15.405739470353227,0.4698084105321538,-114.96339257522422,-95.67460087910798,-96.28092137580794,-94.67710485214184,-97.74950083182783,-99.56444988288163,-94.10912916886755,-95.8913495538632,-99.22597586523607,-97.59527063918384,-101.85586853696543,-95.31892679258078,-99.55071086458601,-99.08870493480333,-100.40561537723944,-94.52347832541537,-92.94921484278413,-92.98154175298578,-95.81312333770131,-99.8925610918186,-95.08173354046413,-92.76816097578443,-95.12507298887019,-92.40740780640523,-97.89082436021383,-95.12796508964249,-90.18033810413814,-94.05325153822804,-97.54533301312473,-98.27873355468869,-95.96257590726714,-94.12306616091047,-101.80247774581625,-102.87750419331961,-94.91974481643504,-95.03135690514647,-99.36368656044287,-94.94234719715801,-96.95495143144109,-92.90901376700981,-96.53102338911829,-94.89757327310417,-96.62240673480154,-96.42975238797125,-99.94873330854765,-98.22416784367081,-100.83942136343771,-96.17420127287964,-93.78839260361228,-96.72222210782355,-93.84297446770196,-101.75345973280994,-99.94586870431831,-98.38184799222488,-97.91395854824914,-97.28064801236826,-99.09504141809387,-95.16079718943801,-93.81184683498711,-96.15407846912643,-94.43775725836295,-100.71830284924621,-101.10216520450494,-103.9464460646125,-95.76358376030743
2025-11-02T00:55:00,AP_5_104,5,104,BLE,5495.812682559429,33.05476119341125,0.45072808499403033,-129.68078166072613,-87.68755624870992,-95.67154249219456,-100.69180281575932,-102.52066007502512,-94.60931440164471,-90.61815950683997,-90.19037657345596,-97.32578710497968,-97.42936044340676,-92.57060605534669,-98.22615243682023,-93.83292790335186,-95.9544047672161,-91.72430476718729,-88.97323617654669,-92.59369756103787,-96.28218335684143,-96.10908704461033,-91.93592005671546,-93.9333188350985,-93.41405516457371,-91.15414650344232,-93.95299435420844,-92.93389864230768,-95.98907852290162,-89.55345872558951,-92.92565632323132,-93.92427268149345,-92.61043312173159,-96.09887725003333,-92.09430052784413,-98.75012319049938,-95.87027739726373,-93.08126943707104,-91.43911903562035,-88.81361799070356,-94.13436732529658,-94.10669878876048,-99.7319127330649,-97.56818017615007,-95.05274614739744,-98.10739738914798,-96.92863731499833,-89.64582291620364,-94.17400098583438,-91.97350193666514,-95.87262525333823,-93.04682482839074,-93.02577771834446,-92.70609652408478,-94.77672225394947,-97.9679134950937,-95.24796978061512,-97.83119968164712,-97.65228140763391,-93.28956285591279,-96.067689884973,-94.8864064465989,-94.54031413144213,-92.9107743311883,-97.75705726434329,-94.88031162216548,-97.77624630535864,-101.81040154949397
2025-11-02T00:55:10,AP_5_104,5,104,BLE,5524.813053916397,11.435468546663568,0.05054751676667181,-125.08512673886179,-97.39345200902038,-97.03402156725723,-96.05761072771242,-90.61321138864926,-93.33684667536095,-88.14040217565933,-99.20125079598424,-96.7616870525244,-96.09826178689383,-93.94757890974297,-93.96917387748678,-93.6466492968436,-92.60159087980539,-95.26194196939034,-92.91860512242151,-92.76390732263934,-91.83629083232222,-96.87946018615526,-89.85787303080689,-88.97815891791271,-93.96963351055376,-90.78628957844246,-99.66931185344154,-98.45882893063745,-93.50590704294557,-99.36471486615649,-94.09038945719871,-98.24531350318142,-91.26320807407151,-95.9998178198393,-97.4746298700744,-98.71714606213195,-96.16355142270868,-98.49546723696102,-91.87784989321676,-95.8054236673187,-85.81925922709691,-90.34073176658579,-91.437280103122,-90.86723409355884,-97.03371309246754,-92.87965010654365,-94.95914690530914,-98.07446813802507,-94.42938160285851,-92.68894575368519,-94.02592058320785,-97.57620110942143,-96.18449372032381,-95.20405457122325,-95.01795871737883,-91.61775228869914,-93.89782801046898,-93.42620366539981,-92.50981194965713,-97.2487453032291,-92.13945133140028,-91.22978377768824,-96.87010750554613,-95.78238931149941,-89.1664805256995,-92.44017028143296,-96.36898981868914,-92.54852781369252
2025-11-02T00:55:20,AP_5_104,5,104,BLE,5528.58878841421,35.01465068607618,0.12010585811561388,-130.85654209189354,-97.93596155800732,-93.6551361754313,-97.63060723559467,-98.41855384485473,-93.34395425235152,-96.02053806717895,-92.64389267333024,-97.2448861661952,-98.21950679764672,-100.0691849478023,-97.42098673949722,-95.05228620384251,-94.23116336229927,-98.6580038889531,-95.3371396561922,-102.32405562081252,-96.43714658079422,-99.68709083864937,-97.1177990509473,-100.3996188996928,-96.43601917242201,-92.43283770784775,-94.46214145442683,-98.26491341077902,-93.19689611606397,-100.2388758240536,-93.78802168205448,-96.8296130389673,-97.66937052005444,-101.85001297472103,-100.12571273399107,-91.34599534654421,-94.56416660495893,-96.98159530930893,-100.32566298958534,-95.43389336615164,-103.38307055641661,-98.71264059833118,-98.27930387804304,-88.27598048912938,-95.37553066995993,-102.35757418518777,-91.73409594710532,-96.9035792242135,-97.22325688150767,-99.05763392161066,-95.449084353211,-97.0896311670408,-98.15622168012992,-94.35330618455801,-95.86155413633561,-95.92375627737245,-95.2164072446858,-102.41863144435305,-97.4890567948406,-94.92291358549653,-95.00991012437241,-92.18755481073399,-99.90862754050097,-98.81869272309257,-101.23196336204956,-93.44571210259177,-95.91776567956568,-98.67819037186413
2025-11-02T00:55:30,AP_5_104,5,104,Radar,5515.810765757804,40.0,0.178097645758921,-116.6777598274825,-97.30593200474365,-96.0118197990706,-90.57035440640745,-93.54650169179756,-97.76628084054187,-98.59328027807122,-97.30964831411936,-91.96624478237997,-97.13352552486073,-96.66655299805612,-96.36829222826344,-91.30404577690102,-97.5173740584948,-95.67368457145892,-95.6800283808534,-94.30263958079337,-96.27775321861573,-93.5566157430554,-91.63111621149189,-94.00809391127795,-100.74897196274338,-93.80450137038723,-95.41484860390682,-92.17295860054936,-95.9706024751703,-92.4924342472174,-96.6092039457527,-91.28569061592053,-93.9180457643501,-95.47683745886478,-102.02859956809156,-96.90039431218861,-92.24689198683744,-102.81521090679027,-93.61118371721258,-94.48234980432359,-96.18983492099353,-93.14104089187776,-92.98104526616437,-91.81736227248828,-96.70071324346384,-97.5863187959769,-94.33053485343946,-95.45407374014962,-97.08905613730052,-94.62689634455754,-95.62009683722657,-100.68791436350898,-97.57443027114921,-98.88214317544647,-95.27311970796488,-93.10574033108448,-92.00848293920622,-94.56672313662031,-93.96385295192788,-93.90559141969918,-95.33805055513989,-99.47694388107705,-92.5737120292938,-96.3644106105402,-89.06606177035121,-94.85989806891122,-97.83207699507163,-90.30070950175406
2025-11-02T00:55:40,AP_5_104,5,104,BLE,5495.532362513972,8.800704986174033,0.1633914159282126,-111.93446562413645,-90.12989986256201,-98.03704385643061,-92.27933336572505,-91.15240594174168,-93.96907055214238,-90.26118903298472,-96.50313350201263,-99.51385044060747,-98.02022366513145,-99.65266579432884,-93.28667620587103,-94.0312097959077,-95.00483018590992,-95.42101751317911,-92.25258226819575,-90.43208905425838,-99.3924015109727,-96.8736030470911,-96.66080628595735,-90.91139077133326,-89.31553492554727,-95.37649069920957,-96.74929768948192,-98.40965187511775,-90.06396403133063,-94.81358340563636,-92.10845638639434,-100.27654584107565,-100.16378861557641,-96.10053992632213,-92.17598175222771,-89.7079385060385,-93.23985225981941,-93.09099942373528,-92.27090033760886,-89.73484133069336,-95.23535432084188,-98.93673478562249,-91.26706153968045,-93.4168203914378,-96.08675108703835,-91.19224868403053,-93.341254264255,-93.15777901980125,-90.46957656807561,-99.3433960168918,-92.37404603409323,-92.8931013595404,-90.42995837472652,-98.03900316174449,-95.08103079113587,-92.6169215771954,-95.71755266878117,-100.64404896115182,-91.65723388704174,-96.4824330729837,-89.16706472735015,-99.33223959034636,-98.8518402728506,-95.42819106699204,-93.24195697871735,-93.8515043801661,-93.11443095657785,-99.15360754153515
2025-11-02T00:55:50,AP_5_104,5,104,BLE,5515.019017355077,13.031842144846587,0.6825875974302906,-125.85506302514243,-91.95906119944158,-94.5033348814415,-96.20080396642356,-100.26979565202896,-92.81826629862492,-94.45773393716482,-93.03093961092739,-98.31494199206657,-94.94947891608822,-98.4146613080988,-94.12203221492028,-98.34515499227678,-93.12957634631015,-95.06878182453077,-98.84542226482229,-100.52533600847411,-98.6804053411914,-95.72696341663098,-97.92529007168665,-95.61244737182591,-91.81625071715949,-94.82345940284785,-93.2701982298665,-92.85415705853862,-101.85386294237739,-97.27640595985102,-100.06660771764193,-94.98718639745233,-92.08616065762497,-100.66354989070419,-96.64452868039857,-94.7899665434269,-94.68089312236172,-93.63019122380338,-99.96449963933314,-96.81474093394543,-94.53156241766273,-95.10380351897885,-97.67862439854669,-91.11865585913961,-89.38413006326326,-92.19217910842606,-92.9062655957789,-92.14693212791869,-95.24894413654754,-93.06725163438999,-101.17453280434705,-93.18011621231979,-91.11779612820321,-92.77086002831972,-89.97799890848383,-98.6634964039682,-96.54948137130937,-93.94753694385473,-96.15885263965407,-99.23245130738839,-96.16993473672574,-92.01756280606857,-91.04597538069584,-96.49873751457001,-94.85005705492961,-97.70675630585094,-96.18487696184945,-96.155931171126
2025-11-02T00:56:00,AP_5_104,5,104,Radar,5514.6164757157485,40.0,0.1539892224716063,-89.6246677932355,-94.51264295787362,-91.05723115639172,-97.96871153784319,-95.38078405910329,-99.67387676472113,-93.35863973007183,-97.07648361897239,-98.13420324228696,-95.86129554978682,-98.63267887053394,-94.17962173968188,-99.194605781246,-97.41129643486254,-95.70400741894882,-100.3010150469358,-99.51804116513996,-89.9124798741822,-93.72106216751853,-91.63627183161896,-96.15915142386058,-96.13565524813063,-94.61983320344522,-99.50462573888909,-92.44641396677827,-93.32219218401086,-91.7494906900734,-94.63281917280716,-88.83271811945792,-94.9386970531014,-96.27006340322012,-93.24261771736356,-95.2437945560025,-93.01827952261861,-91.47100487563524,-99.29685720381818,-92.78659712489788,-91.44018365691723,-92.30692468950768,-95.70513036804418,-91.83810596826063,-99.2878233658725,-95.69024834713375,-97.16390492187881,-98.37035267493297,-96.25063755822404,-95.87184202365452,-91.254314150683,-100.065325343104,-95.69345588801875,-92.65065249823071,-96.5364621157498,-97.56133969726456,-96.2468418388842,-97.07610051207004,-92.75113505606505,-99.75156627044632,-91.94847607412194,-89.19973706628227,-95.73089244633746,-90.09992125846355,-96.31128587251422,-96.50158512380561,-94.98448344109921,-95.77932285172226
2025-11-02T00:56:10,AP_5_104,5,104,BLE,5490.911574833226,34.43348032614051,0.7412399518889492,-107.59142602843565,-93.93715359011698,-94.56515772084894,-96.22042402262548,-93.55084994611474,-93.16785499929374,-92.96719325825808,-89.03536783946255,-95.47392792927289,-95.39327766807214,-91.85367126832935,-96.82358111702341,-90.69286089944633,-87.28980350402237,-92.30110817592035,-90.41187503918482,-93.62880633863242,-89.07161673882415,-89.61565739944426,-94.89581655921788,-90.49656657810993,-91.32137022061144,-88.8431724361273,-98.05315803354445,-94.08413611026171,-93.08627179868546,-90.44472743318317,-95.43032404179174,-90.34629982420618,-93.97608757961113,-90.02465628906859,-90.11873955774942,-90.75280944308129,-91.88323254025275,-90.91518677892905,-94.50768811338641,-97.71942897094483,-85.98409245991532,-87.20049585772462,-89.93376020803792,-89.30035534464986,-91.21595302926625,-88.89798235738013,-95.49026424497168,-94.54293666139044,-88.40220215937516,-95.33061183368561,-90.88802871254174,-92.55915956355466,-92.49897505442057,-92.4562040607337,-93.21337348703324,-96.18841107749735,-96.01827075137042,-92.23906290695147,-92.89771759167415,-99.12668096429245,-91.9174489279199,-91.89157442084446,-94.22867323586942,-91.35688171386575,-87.17882949816742,-91.53249419184539,-90.30362714949719,-94.13114311372873
2025-11-02T00:56:20,AP_5_104,5,104,BLE,5514.029340172905,31.08384863965141,0.4458654708746818,-127.36833197264403,-92.84555215167649,-95.64899394042659,-90.17696476716138,-90.41894533959245,-94.72860713063899,-99.54692945693968,-98.79863438850147,-95.18951154440839,-92.00818312836977,-96.9597371357369,-89.96272807184168,-89.13660968438063,-93.05305980804087,-94.6221168441823,-96.72277784170565,-98.31539935338785,-97.47052440636318,-101.08143288397709,-97.7469694455116,-90.76028714317542,-99.15124760647129,-90.93889619045345,-90.14737131382684,-94.13799818616994,-95.6661757786056,-87.42008091918812,-94.91445529363968,-90.52545827040079,-92.94672438589981,-92.02512927297312,-97.01379607470697,-92.04683195007561,-90.50572946294025,-91.41622058087466,-94.93655045371615,-91.64789328785677,-95.81939011504457,-91.87589990942605,-97.53050505188182,-98.8183171190608,-93.94887209953741,-93.42477733215587,-91.16652427834025,-100.67093603667404,-93.70346917528731,-89.67971323215578,-97.79503924105896,-93.2333632855075,-90.66855946982099,-92.01856549656995,-91.21362656947976,-93.30196802527065,-94.28403163168446,-95.0224210131607,-91.21575851275705,-91.27679160726562,-96.0604687373686,-97.25737137346813,-99.811239144556,-88.59030675787747,-91.98325195628733,-92.83463778962738,-96.89658481715307,-94.41761932805353
2025-11-02T00:56:30,AP_5_104,5,104,BLE,5546.34100030444,1.065790210831852,0.5170009814394355,-109.93508773586228,-94.35180264209993,-98.76546031934262,-92.21661257714817,-93.42101217252643,-98.07231214772894,-92.94270650920751,-95.43668667299055,-93.80440573447085,-90.9321523123844,-92.61436957999965,-93.93822591151658,-92.60241984335295,-96.9864566760571,-93.32533594324835,-93.69548307056786,-95.10936066049084,-93.43866630399611,-93.94093082247296,-93.65685127621637,-96.01305166946032,-94.49471695198217,-94.36943799311082,-86.80870408856946,-96.92869037817269,-96.85524520755126,-95.33269764639444,-94.8372942719236,-93.69659892291999,-92.72813884507407,-91.33189710481564,-92.7973429279039,-95.31824084308103,-94.0347835944729,-93.04953129157502,-96.53739689635763,-93.84885949771939,-95.8672970768802,-96.22984332351743,-99.89645874400262,-93.9303124243348,-91.76909854676019,-95.00652017826418,-87.98450921033225,-94.01442532200736,-93.84540297913063,-95.18555517050771,-92.632386916709,-90.83874487047703,-91.37792074577754,-94.28681384809263,-93.36915834761078,-94.99627453134475,-88.78261504313448,-93.55407721546256,-96.09080764609729,-96.73630418427145,-90.56320524531844,-83.03847085037296,-87.30031437055935,-93.79637826251509,-95.79052783534519,-95.03391133443961,-94.18410839272416,-85.17958091001394
2025-11-02T00:56:40,AP_5_104,5,104,BLE,5492.3206038040535,18.167677452998543,0.5652536706076399,-105.90330088641744,-98.30373820585417,-97.30997550973386,-94.88291971584964,-99.47936895025623,-92.36897282196422,-93.49890234617001,-99.54455319157755,-90.38229755549312,-98.29556618890722,-92.78826366330968,-97.403303361792,-92.24174134327619,-91.77691238849951,-96.23616006601952,-93.41265566356734,-93.14641122391916,-94.08957808335076,-91.51552055341841,-96.03283703906298,-95.32409929188594,-94.53225943468057,-94.24875418243191,-95.5697880122657,-100.61958617846933,-93.34907925863295,-95.80786586735185,-94.52086403597772,-100.14648657890898,-89.47639274959839,-92.55660186389107,-97.24607756917064,-97.20939959373497,-92.4124472803292,-99.80325624437135,-90.65143837142077,-96.80041535762042,-97.41934969410106,-95.88720148190565,-91.37539930538034,-95.3714945483452,-101.08657717433674,-96.95663310786972,-96.094997418317,-92.7385923585178,-92.95449398711364,-93.66602788803165,-92.89900823728657,-99.1500929607959,-95.03479875670207,-94.26558297272867,-91.59520877368392,-89.44278497337244,-92.08034079455138,-95.27388074571043,-91.81035212733185,-98.32934834116426,-92.3275198701596,-94.34195848541096,-91.21011096163267,-92.54882941863146,-97.35689639585794,-93.4053951431218,-96.50903045022639,-93.5276300532464
2025-11-02T00:56:50,AP_5_104,5,104,BLE,5514.927855878751,32.87813436517169,0.7310245976669689,-105.24020274333421,-96.95638808046175,-92.71861144247724,-92.38204668602211,-90.99396424101936,-94.17291058956476,-93.87577673020645,-92.19719456029802,-91.64916010981685,-95.51920728732911,-93.92713581839587,-92.326339395432,-97.17964048399874,-98.8375728018219,-92.37599202059428,-92.36858288451751,-91.06855628912318,-96.19208918284816,-95.87289821988941,-96.20439644750267,-91.47772654846781,-87.1292014181549,-89.98471090293145,-90.57740477025321,-87.80301047025438,-98.62118486609893,-92.90346662491832,-101.2012154838029,-89.33380968907846,-93.91723995000734,-89.78779060035905,-95.67068082565716,-92.9701312277543,-94.33150985095997,-98.7430985135221,-90.70345860058661,-99.08788075412492,-89.07901086138449,-93.07406729605277,-91.63091176124617,-89.36895981717312,-92.6215036056616,-97.05290379263263,-97.10221192800209,-93.4380173926438,-97.03633759759764,-87.32057768825617,-90.7372091375866,-95.99982692257197,-99.86026798119875,-90.28467467650304,-92.87224821833823,-92.33738547864901,-97.78275548876913,-91.74582360445305,-96.91173315500995,-94.52512353550307,-93.87848146014916,-94.67851952657198,-90.88994209386162,-94.4059014380988,-98.50169224373062,-96.91256788463228,-94.92814306948085,-87.77432512288874
2025-11-02T00:57:00,AP_5_104,5,104,BLE,5522.0630759578235,14.888084590555394,0.7238272079785488,-102.17439275413922,-92.28808305856347,-89.40234167942212,-97.50582800409866,-88.34065126286733,-102.18461779441346,-92.81654878141153,-92.83015952539299,-97.96776726010526,-97.06288939674643,-89.33865225148175,-96.86163558371828,-92.43932923286091,-98.94294788709053,-96.45528904874867,-95.565003711726,-94.1420588645077,-89.39360553363665,-98.52940144518675,-92.57994658112749,-91.06549006626587,-99.26831955198313,-92.72127938966099,-95.50046001545708,-90.84517625224068,-94.48124431872293,-93.28418985899313,-92.91566178303584,-97.39189470338395,-94.97670836850743,-94.41478088280242,-92.23107910731605,-100.92214738480877,-98.86196817531007,-95.41484360759401,-97.03970124553545,-88.91632664553516,-93.79135385406191,-95.09389978082106,-95.24281250282174,-88.92388823773419,-95.6324441756928,-90.70015533178878,-98.30741227959875,-97.897937007625,-98.88511027102705,-90.00006129712366,-95.8377685082122,-92.65309298668194,-91.95981852097026,-92.00600152703723,-90.66338717299278,-92.80011846543941,-89.85763364532258,-93.49278657997273,-94.72419659981375,-92.8891360056389,-88.44979054636077,-92.3146997820944,-86.84762866449259,-93.67550706018729,-91.05634437874993,-89.25855436088015,-89.77562074288473,-98.3321304514733
2025-11-02T00:57:10,AP_5_104,5,104,BLE,5526.300800911176,34.5418158667967,0.6666614287594037,-123.99976342598352,-98.61234490863481,-94.79021163991678,-91.6102423910614,-94.92680275453259,-100.83118602970536,-99.76817487326652,-93.38215462559135,-96.9996712323535,-93.49652473099864,-87.3394793075772,-95.40028408561213,-100.52719285202815,-94.86889340022442,-98.87637832690115,-96.21867784206756,-99.77700286861577,-93.55748474978257,-94.66282329224032,-90.63497471465595,-91.24844387212454,-93.15957812039811,-95.27895197597167,-94.96177247607704,-96.58474009829776,-93.9262141225145,-93.2571732809585,-92.83159262721418,-96.16233094496718,-96.04435348473959,-95.9783157077486,-100.00040671612426,-91.40737108024626,-92.86991295787784,-95.31907694189424,-97.92388873716563,-96.43966449595399,-97.09107712458929,-95.93968657726654,-94.5083797361505,-95.85431556791306,-88.89593549059883,-95.92942608059887,-95.04872696186841,-97.59950952976821,-95.91180147801374,-93.76725631114209,-92.92527333218452,-98.72911632747733,-92.30718485900142,-96.72967618733631,-92.78733272355885,-95.46897397488272,-92.12182902499927,-94.3547824661575,-96.97853160398276,-96.21149287295069,-96.7177709635476,-98.96017937818081,-95.81402941978035,-91.9065043707852,-97.16468617336068,-94.28695537384334,-96.19059576293103,-96.5229205389656
2025-11-02T00:57:20,AP_5_104,5,104,Radar,5521.278604986973,5.0,0.048321457247257525,-106.441252028297,-103.65954163582778,-91.75861929237708,-99.15719351091879,-100.15326350229198,-95.69301606423602,-93.0031716680193,-93.2659261934361,-100.25091213972618,-98.10742397476336,-98.28581842860497,-96.7248110157592,-93.91596183850815,-98.06380669432863,-94.14478801017987,-91.13434103532381,-96.75156282434787,-92.96306086529279,-100.93965970016521,-102.2681290592044,-92.30656905611855,-95.31488785941949,-93.6277718140165,-90.97961862455743,-95.99969060780562,-99.14604456146759,-93.38388151161573,-93.64651295047378,-92.54409736756737,-100.46785995225233,-100.93499494256403,-99.13283192137816,-92.52240806763201,-95.95904378768743,-90.51370273633876,-100.89871280759607,-100.69894850311233,-88.64838430246715,-101.82457596776783,-98.2439579273393,-96.05738350949346,-90.2227978688001,-96.93143797190544,-99.56970629906156,-95.1235089957827,-94.92324788244538,-93.9005641284854,-96.40325933880241,-95.40761491144919,-95.31310969913586,-96.03122370279857,-96.54936253192173,-93.30626996173282,-94.16926618681966,-94.47404287058723,-101.4692337558649,-92.07106129580035,-92.78432134181377,-94.82946478639035,-93.92817853208167,-93.70929634741343,-95.1106105193333,-99.45699957337018,-93.96543164119923,-93.33860990825933
2025-11-02T00:57:30,AP_5_104,5,104,BLE,5543.994556139301,32.909028274718175,0.39923041724700015,-115.4162455120052,-89.64202586499275,-86.39699683542494,-97.78048599715852,-94.89716543995972,-91.53613338741849,-90.5067945323457,-84.28368578197176,-92.53659583728906,-91.2557765661804,-93.08225729207929,-99.23411843296961,-95.97070635126356,-94.3582195128388,-90.58772975766766,-93.07711003091758,-84.44415946465033,-93.85526474050107,-92.04156150266333,-94.57912770694266,-95.21957756646364,-86.86786277931566,-94.24492401567858,-95.38410882540225,-92.22219685734753,-94.40925983980523,-91.7140985634805,-95.98428900177346,-89.06534273930542,-91.74715928171723,-98.6366653438023,-87.93559769591207,-92.49807867985172,-92.13354376833244,-91.61393726271669,-90.20889689704742,-94.70513670060964,-92.95748884287048,-95.3463322179671,-91.96614880059273,-95.56690743401346,-100.86489070862979,-92.60926788380978,-89.75764834185321,-97.17138338280562,-95.03607786030194,-88.80695838183776,-85.4035583935297,-95.25142292261069,-96.16218916186793,-93.2628610021085,-93.70433575580914,-92.60783371070622,-88.01683852219274,-93.29000669753731,-90.61910067139081,-89.25134459815123,-91.21846988164341,-87.05922748908972,-91.37369128790323,-99.21977088223032,-87.88666255981232,-92.50024136488469,-95.67748804624442,-91.91106269302773
2025-11-02T00:57:40,AP_5_104,5,104,BLE,5548.210242275149,10.288535348991225,0.6186615605743717,-113.0873166413003,-96.86624230130379,-88.61444447593418,-93.62950204811237,-93.61366272131463,-91.99101211789917,-91.47813680081401,-89.2938339664742,-100.11867798185939,-93.74572136746669,-96.60722478010052,-91.14117676191267,-97.04127339834933,-91.58421697675777,-89.29375889260281,-94.6128919031809,-96.49325943754015,-91.70208263802107,-94.41350256812208,-95.11183175639152,-90.23963160349933,-96.04041116135528,-94.39119913816798,-94.78732407239367,-92.0364659424444,-92.13127633102418,-88.95482695010006,-96.28169749306677,-93.2620338479561,-96.74607573481858,-97.89217269107883,-86.11509323765598,-91.1797914680196,-94.20845541987603,-87.66987451673539,-92.40777810339247,-92.1880740988204,-95.64824576160632,-92.65417227118083,-92.80077300386606,-88.50775721581803,-90.70256789648343,-91.5618656193646,-96.19695576377188,-86.73906232001838,-94.69469290929761,-95.70668088076404,-90.29720451821828,-95.76973942487332,-90.87204355313895,-97.96811332670924,-94.11296716310717,-93.80962187931964,-97.28606909182386,-97.5252390074695,-94.86763675998913,-93.20757600559452,-97.8695150751192,-89.56759898968804,-96.1833693466852,-92.7204782575225,-98.98444359309228,-92.5638507370994,-95.61696890270663,-89.86859022847483
2025-11-02T00:57:50,AP_5_104,5,104,BLE,5501.626637642052,10.973949292199508,0.7108643594031108,-101.98304861375142,-87.30017040019223,-99.8225045333107,-94.71128203813417,-93.3520233576174,-89.46190120130782,-92.94404348046884,-95.97107472767578,-99.84719315094999,-85.44280470344295,-95.1124279087557,-95.35881073424562,-96.2660265238282,-89.2360131721023,-89.22511250316649,-96.12778356509256,-94.02941621938055,-97.00526216610491,-95.37251463317075,-89.50362645154904,-88.31949688370086,-89.14738049709688,-93.72767251700608,-96.93510107866027,-93.12887164648365,-93.36656344705332,-94.81640228379435,-93.47945665501504,-95.88446516216872,-92.81617101520852,-91.60104775781609,-90.61941075000986,-97.53772834731426,-96.71749710446026,-93.90532355440871,-96.9335911768584,-93.5021104524274,-97.3925263597653,-96.32444268484787,-89.62414245100835,-93.5006923989398,-97.0548316765522,-96.44306589574367,-98.31918118794788,-92.8322194984478,-97.19168090255594,-97.19039838429264,-94.17809973876841,-93.57928680883057,-94.99552513112357,-95.31597745305116,-92.36374219913064,-91.08422410343209,-93.53478763977103,-96.3034382469746,-90.53338316461287,-93.55736368929101,-91.74643293548885,-97.2780820596744,-90.19502003882847,-94.38312850761992,-91.57835768035032,-91.58634389619478,-93.49902057338838,-92.88470949846533
2025-11-02T00:58:00,AP_5_104,5,104,BLE,5516.6591821685915,4.116966995120215,0.7484527787933097,-102.36703026041202,-99.44855571436086,-91.90076039904234,-91.3650633909558,-96.16023065268504,-95.79284828934223,-93.18640819756038,-91.16633282955206,-93.85065155293688,-95.06671106102814,-97.64433956870785,-95.10647913983364,-102.69523873697904,-92.77924571243909,-95.04860431745702,-96.9498803444822,-98.80417094499234,-98.94570276297011,-95.65793295204462,-99.59131473400979,-91.7261643785342,-96.30614602993225,-89.44200653168883,-97.18475002980031,-96.56845874987691,-93.41691029451252,-99.68542423028255,-91.6283887836953,-99.96300101507092,-92.55836869139009,-96.92311233322941,-95.50299145860136,-90.48015140357573,-96.62022109316403,-91.27388560224054,-101.76273959890676,-94.2385288243774,-92.44112977946774,-105.98923298029734,-91.41619701715614,-95.20868258974633,-99.64963643839845,-101.73383030817374,-93.8801385065419,-96.282521733579,-95.57408822716083,-100.15229753773058,-93.5659585717509,-96.71959594620412,-93.87701949838579,-100.6036846721444,-95.53276051105554,-96.28286548455785,-99.65012847791633,-101.3092443380304,-93.19428591599396,-96.12058890128283,-94.16246501543512,-98.42187899631865,-92.14429484654733,-97.27047108717699,-95.33324479482759,-96.6581960282497,-94.46759655531845,-93.4518327626357
2025-11-02T00:58:10,AP_5_104,5,104,Radar,5525.283996617669,5.0,0.10657224517718568,-87.49934125453663,-97.79189860995693,-94.41864162725801,-96.35942284111457,-97.33119310386347,-96.0414856813038,-94.01061197603605,-93.7373446811349,-96.22264826544834,-93.4724685711808,-95.45050633616738,-95.2516415353493,-96.59790650473892,-97.51360916027153,-92.9615873336719,-98.49157843579893,-97.81810548478735,-89.70270081339517,-95.20457265004411,-94.8820972542537,-98.67868524283323,-89.23877626471457,-99.03372750337162,-96.01117612381717,-96.29832193426473,-94.9015364593277,-94.5453515490377,-95.27305143571422,-89.10035367060638,-94.23446021559364,-93.7733373640408,-94.95649508333511,-96.5052770679177,-96.60654872195803,-100.75755108042824,-96.79094984301565,-91.80568465030038,-98.41725910615598,-96.04319612586268,-95.59949587857999,-93.55440017600881,-96.26994292351756,-96.54426494391966,-95.7480916699235,-95.63856899039959,-94.38057285110625,-99.28041636466848,-93.1692276447399,-91.05066432046327,-96.40177311933316,-91.38712866319491,-93.1226991309605,-92.77032229905484,-93.81286308784625,-93.33049361415631,-99.38281060228428,-96.94784177461625,-101.29209143266444,-96.62898982698059,-93.45350643080845,-93.26603391567602,-100.17916415471635,-93.38475724097671,-90.02320231251221,-95.5231092160343
2025-11-02T00:58:20,AP_5_104,5,104,Radar,5519.469484211958,40.0,0.14851185030080966,-90.0940693846928,-91.95176704621092,-95.66341724922285,-97.24749592932929,-90.41683962007683,-93.18859206940166,-94.04407813076513,-95.12698053337337,-97.03399679450351,-99.71090273082542,-93.11245549702453,-92.48436959979283,-93.15154792351458,-95.3528377923206,-96.78592372438894,-93.56096187263971,-94.71340820250457,-90.18668288573262,-93.42963355645534,-98.50790504240538,-92.10803431168816,-92.13525006555743,-89.4190644722459,-98.55294249624201,-90.93712658138956,-92.86237701211618,-93.1346262313024,-90.84687022339125,-94.03663367934278,-92.46509681468672,-93.85564425221808,-93.73975223912608,-93.20570463933048,-99.7011604576395,-100.70731684418732,-91.89630128502424,-92.96130357749675,-94.95780068841331,-98.0239281717413,-95.37068458084883,-97.75760454256987,-92.66256822923037,-97.80037021032932,-92.42631515770385,-98.67748702400971,-97.89775529046366,-94.86117352934893,-91.22492612648136,-93.33959530672372,-95.37124879531098,-95.20426987562001,-99.21599958386189,-95.4628535617575,-93.79955501951238,-94.53711049980183,-96.18270563799761,-93.98455472961052,-87.75657428153767,-95.72425257347317,-92.20527136219762,-93.56766583924875,-97.11417906223983,-99.88614139197075,-97.50165519693314,-93.17686680377243
2025-11-02T00:58:30,AP_5_104,5,104,Radar,5528.087660292957,10.0,0.1548627945961208,-99.82974579364213,-95.04696086431385,-87.76345148428646,-96.23780258406458,-95.36492673380684,-99.48704979033322,-96.72495764005876,-95.6244730618136,-97.01874174493426,-95.84290284877831,-96.5468917020851,-90.66896976495394,-93.40664782599336,-92.98883912775327,-95.77229835499533,-93.4947343974757,-95.29162773409186,-95.05166118074267,-96.92036518330951,-91.67870625762129,-99.45022269771148,-93.97753825409464,-100.80347658154705,-93.75962442342262,-93.07754721784983,-98.21405624231664,-94.56715807255075,-99.85756654760549,-92.870531962351,-95.08906190548201,-101.0125790853281,-96.7147372583458,-94.70610263466371,-94.73929619890474,-97.34760823129218,-97.86539984736476,-96.8142715618271,-96.51300233383331,-101.5912801520163,-98.32480481104763,-97.36350673147679,-100.47176184875534,-92.56502152628686,-91.51654259184983,-98.35550351230648,-90.83947912863597,-98.08350151097666,-91.6529245217517,-95.91437974869983,-91.61708813304034,-91.69443846361361,-101.33668556362029,-99.44639401256593,-96.14932558928172,-96.1928086676526,-101.2611209413991,-92.52813660017726,-99.6257716686074,-99.41566433872802,-95.13790829748652,-96.77348729105637,-97.63453714025138,-100.7679324249362,-94.02874264325172,-96.71890827726524
2025-11-02T00:58:40,AP_5_104,5,104,BLE,5504.112173555181,8.541604299955072,0.21949440106514173,-116.6771279322601,-103.69463941555188,-97.1180070223,-97.09487258959582,-88.86816484553486,-94.79041791060563,-97.56904189559941,-93.8782028162175,-93.66167345112652,-99.63992277872293,-99.17051145386682,-102.63664234465583,-100.77271359340865,-98.73346451304563,-96.90708236565827,-95.82293312811429,-96.4433414046182,-96.89056892147784,-95.72604426404871,-93.64218062611162,-95.31595568180677,-95.67623515469336,-95.57920231451834,-95.18233904871427,-97.75622588190485,-93.63101017677607,-92.26135627975775,-97.985363114218,-92.18180755471886,-99.22454545142216,-92.98543456070267,-95.23774013783594,-99.18001366763079,-99.59184016592685,-96.88365377868456,-100.26938691924862,-99.11661837452647,-94.12768571994368,-98.89378577831882,-97.41573686112872,-99.03689894239677,-97.39578327553335,-94.40036341933954,-95.8806915072939,-95.42244444155129,-98.0276759008409,-96.72912684350656,-99.19362440602099,-96.09486785443403,-97.0506277456042,-96.4339230034236,-100.36465627489939,-97.98707360522081,-97.55727606448377,-102.97548028475535,-98.37272612067808,-92.79154719946641,-95.7239828146505,-93.85517179650031,-92.61556279775172,-94.68447267670328,-95.08081557716957,-98.50657007565049,-102.58521414879758,-96.05241092107477
2025-11-02T00:58:50,AP_5_104,5,104,Radar,5521.93460275581,40.0,0.0945573055637832,-96.94713472079283,-93.9874843715278,-96.86834362467614,-94.41634356749192,-96.55905331195657,-94.65694307418576,-98.10923006326368,-96.71896255510912,-94.95875447968311,-93.01207305693637,-88.82575577911452,-90.47130806301156,-96.10904939685399,-93.02932367748315,-97.86489836627301,-97.92238437386943,-98.74016557454794,-94.67464444708597,-99.64533542773698,-91.84506677600037,-92.7395535124104,-97.31503529385026,-97.26431197067525,-96.35768255845888,-96.58794157204316,-91.349683306702,-96.24074066950239,-97.09796232196204,-96.1075941647011,-92.32858877989824,-96.28303361362445,-93.01992064703472,-100.57036620502662,-96.21560613073193,-91.35391422375136,-98.24152203036877,-101.85316361676415,-92.8685493775428,-98.85236656150252,-95.55076463448309,-96.94655989576363,-96.64172831244791,-96.18217578860617,-100.38751966267152,-94.79826764161531,-96.2069063712907,-94.63536448792377,-95.82726231644708,-93.54667878322334,-92.53719699813558,-93.45374380163182,-98.16471127815862,-96.04646856793515,-94.6973588434913,-93.55491997368723,-90.81229231700001,-94.78704105882139,-95.22034770680474,-96.15089975843414,-97.39864970029986,-94.47293935795217,-97.83145944042914,-95.46160982991518,-89.75106347063826,-97.99352194812906
2025-11-02T00:59:00,AP_5_104,5,104,BLE,5505.1178376384705,17.74758698492344,0.5874820693716516,-129.4039935314363,-92.64907090638994,-95.46436246956605,-92.78981455856143,-94.6100512247931,-97.83509709983488,-88.62182046591762,-99.29452356456288,-98.34047572364193,-88.65179106490649,-96.03605416678445,-98.30300568646891,-97.19062860515531,-99.42659630524226,-102.87663210938503,-88.35875088732934,-93.69147214029722,-97.88696783948927,-95.26622924889395,-95.00912798788315,-87.48004619150906,-90.81308220443854,-99.75368537293559,-92.91300314778516,-95.01874153567982,-94.6140508414292,-93.1097181088698,-99.52541358685748,-95.5809072596686,-94.16098996928012,-94.28205883183594,-92.44070905864262,-90.39342573699763,-93.92856488710648,-91.02390371324495,-97.44211648663246,-94.88985792005802,-94.97486601861077,-94.90014887088874,-89.2912464221371,-100.62488348934659,-95.05441039672287,-95.65848192714375,-95.2379877289233,-93.6201108488674,-96.5222731111351,-98.65956840580378,-93.00164509652572,-91.51029750359493,-92.98070087007116,-94.67806404434931,-90.73311389719625,-87.33655272559555,-94.03878374115172,-93.32363594125941,-98.20940871207846,-92.68935254140956,-89.81702446440865,-92.14820477048613,-91.43070458778766,-87.88523173256587,-92.40696932731771,-94.55292655282597,-97.73723248319811,-98.08455409713234
2025-11-02T00:59:10,AP_5_104,5,104,BLE,5515.083660202982,12.107866370361734,0.30593174128311557,-114.20460628620879,-97.73724850089087,-91.36516348922598,-93.35384925847453,-96.72571724900423,-99.05727908565792,-97.61715744427595,-97.38596233753773,-99.34664326856998,-91.63397072620596,-94.48789998599968,-92.77353549460598,-98.6058986157895,-92.9991021596868,-97.06238430013849,-98.89028630565062,-102.03554631979478,-97.78650128730114,-97.76947671620121,-95.23841145350286,-96.10721970048044,-96.29521937836465,-91.57246295197373,-94.98200405175234,-99.29638978484645,-89.00577598935152,-100.43288681122257,-99.99596782567721,-98.36250864169894,-100.45402022550894,-99.34655223313958,-103.15463528465494,-94.39959683899968,-93.66340224639562,-96.54288506343083,-95.14904276035605,-92.20845493826536,-99.77125858288798,-91.08864136186895,-91.8662937313654,-95.44751735198186,-97.45118633135587,-97.74086231951657,-95.18135062691073,-102.94648442079988,-99.05107738180871,-99.4197203922994,-93.86070338822351,-101.27165832323864,-96.87062914701835,-99.26705343609909,-98.87057146125395,-102.3245615562918,-98.1331663344831,-99.0972764401411,-95.12316897864777,-98.14280088434509,-99.01420680166162,-101.74207629000344,-98.32749992342983,-100.04101020662286,-97.25335426417953,-92.34161614018072,-98.61035372213459,-97.54687776058837
2025-11-02T00:59:20,AP_5_104,5,104,BLE,5491.979203795481,2.963591937670423,0.6954898374059472,-131.95348668176578,-92.10902304922116,-96.87735709519248,-94.01138260382017,-95.52182498210065,-92.45482940981576,-92.1004638206492,-96.18027537224232,-92.48101612186046,-97.63457605069611,-95.08451779607019,-92.64388111377669,-96.79966295371169,-96.68217843427799,-93.70039053533407,-92.7249054671728,-97.38074806994136,-99.4473561945958,-91.62946140903533,-94.04485885995169,-91.26631256734792,-94.46028064301464,-97.43685152984266,-97.35681280987494,-97.03117552550391,-94.0430444927856,-97.78678697350519,-92.33979296964837,-94.64380397046885,-97.04767554965589,-96.20479256267107,-90.38932325055609,-89.98993581513949,-91.3411677126094,-97.5372467514989,-92.00732924977325,-92.94578653501263,-98.40552662842049,-92.33799338149089,-91.26802759746934,-91.65376676964298,-89.96292415636921,-90.28206455110285,-96.48798304314711,-96.4795465729007,-95.22583580429992,-99.27557201647505,-95.04880342735567,-90.52768625337546,-98.80213831045957,-96.09661739356231,-97.08124101987144,-98.69127145084218,-98.15930513976623,-98.89784126611049,-93.7917307425189,-91.05059236393673,-89.96069314576427,-100.86018841170001,-95.00561273982943,-91.02554251831445,-94.44808276339602,-97.41335156039115,-96.18350126297274,-101.63405378233217
2025-11-02T00:59:30,AP_5_104,5,104,BLE,5541.450702665435,23.911188898316098,0.5368479622535659,-108.92964095945423,-98.78473443287193,-93.04251710779357,-95.33989500714168,-92.68436223948937,-97.55456243153158,-96.77735491508645,-90.30813370507656,-90.90606848840883,-91.11517121585891,-96.01039030656305,-97.67821879043552,-90.52220503887214,-89.9027299750938,-98.28176010674888,-94.67213082075402,-87.23177173162588,-90.71850575003155,-95.29447485680257,-93.10018296457095,-92.11981446768955,-93.29958505116902,-92.87208200485867,-92.69653094990251,-91.30159349755114,-94.21518746377212,-90.50104219363114,-100.02311203125988,-96.83502673039159,-91.89747279284612,-93.89125747628432,-88.95255619514087,-93.11477383558108,-96.39663626077818,-99.63244396321988,-92.18984748646874,-97.82444377226246,-91.12563724293747,-95.0329851484006,-92.51102535611886,-88.02624821078768,-97.00872330034775,-91.26935213151768,-95.5306006845479,-93.87649203905772,-90.3674642894239,-95.70790445360717,-89.68182505446525,-93.26311281535983,-85.57406351066246,-88.18759705316589,-93.82249776386617,-96.65723170852007,-92.26262726464248,-95.729008731544,-95.66446538757972,-91.93806032313424,-96.54897541593924,-93.3930262984313,-85.89530875157617,-88.16652540961306,-87.92264815969571,-97.94011607815382,-97.38841821955316,-96.93913274756564
2025-11-02T00:59:40,AP_5_104,5,104,BLE,5519.6568563446135,25.2018308678245,0.4654710307335704,-105.09192766011203,-98.00911620747414,-93.05645065119317,-96.82895948066434,-97.5023303600749,-98.37573957391692,-97.37862631264133,-101.37126576506296,-94.95516350047274,-92.34559014280208,-98.44435746202153,-90.57913386755955,-96.79093985541326,-99.51397314769946,-93.32516018937545,-95.56726008376843,-97.70816286765971,-90.68767216205599,-94.55204449624694,-99.10530021823247,-91.37171060292589,-90.48505240374607,-96.54443822339117,-90.94047198078142,-92.2534010284607,-94.01296310787481,-92.03996131289833,-92.24540170545221,-94.3336710854211,-92.32274970262003,-94.73162630175561,-91.85311454096947,-87.02135911307124,-96.51439461643497,-99.52410781945754,-97.77209945852809,-92.44611372652705,-93.897675764391,-88.49343968331456,-94.67576338058018,-93.27188806989426,-98.37003651775267,-98.67663659842334,-90.01869171046482,-94.75567002341006,-93.83019678425285,-93.26007731666692,-94.20423276689328,-93.32434385979349,-96.77008092033309,-95.04230447434487,-90.49426234895051,-95.6424206144582,-92.65463875867444,-92.41220158071854,-92.51011143972497,-99.34858802320326,-91.94296568841602,-100.22416023902198,-92.91619643026812,-94.274948537007,-95.09667226996963,-97.76774705507196,-98.20642621220347,-95.28124494731058
2025-11-02T00:59:50,AP_5_104,5,104,Radar,5512.154698284556,40.0,0.14349373383368838,-91.66749071410219,-92.10804569279793,-91.96662202092091,-93.79736778251163,-87.72571119343671,-93.84439676544393,-90.11952864909742,-91.37250106311325,-94.49534520615002,-98.05628882044644,-88.07865279966134,-94.11915629142312,-91.98069947564136,-98.55588836246376,-97.0592404246812,-90.98936700268989,-98.11307499064011,-89.76343513734578,-98.96113300333639,-96.54129766268606,-98.20093277607478,-95.3300374118352,-94.32370933756783,-99.6574366957955,-97.8935688415276,-93.08961139144158,-95.9576313902718,-92.1251536813358,-93.67463337987014,-94.15304060948748,-90.67740912678781,-95.0762568876661,-91.97693745638848,-91.54200358543211,-95.27619504866345,-95.88812990575099,-94.72781076691763,-95.80071015300845,-92.42833514674213,-95.77926980541497,-96.1203452014047,-96.77501259664004,-90.69151355636059,-96.39294483318004,-96.83507924177084,-95.70456325384218,-94.17079885004762,-91.84825043920266,-96.50343989397315,-95.9776583100775,-87.28839806024803,-94.20567602198221,-93.15617249706877,-93.23006611843698,-94.0896656677534,-96.54033319264848,-95.23992133277916,-89.3855463710731,-94.8795989479835,-95.83955347942211,-97.36458299286826,-88.24140821227844,-91.1747853133524,-98.76681914946658,-98.06285874848118
